ISO-10303-21;
HEADER;
/* Generated by software containing ST-Developer
 * from STEP Tools, Inc. (www.steptools.com) 
 */

FILE_DESCRIPTION(
/* description */ (''),
/* implementation_level */ '2;1');

FILE_NAME(
/* name */ 'drilled_008.step',
/* time_stamp */ '2024-11-25T12:11:36+03:00',
/* author */ (''),
/* organization */ (''),
/* preprocessor_version */ 'ST-DEVELOPER v20',
/* originating_system */ 'Autodesk Translation Framework v13.14.0.145',

/* authorisation */ '');

FILE_SCHEMA (('AUTOMOTIVE_DESIGN { 1 0 10303 214 3 1 1 }'));
ENDSEC;

DATA;
#10=MECHANICAL_DESIGN_GEOMETRIC_PRESENTATION_REPRESENTATION('',(#13),#2367);
#11=SHAPE_REPRESENTATION_RELATIONSHIP('SRR','None',#2374,#12);
#12=ADVANCED_BREP_SHAPE_REPRESENTATION('',(#14),#2366);
#13=STYLED_ITEM('',(#2383),#14);
#14=MANIFOLD_SOLID_BREP('Body1',#1387);
#15=FACE_BOUND('',#153,.T.);
#16=FACE_BOUND('',#177,.T.);
#17=CYLINDRICAL_SURFACE('',#1416,11.0000001639128);
#18=CYLINDRICAL_SURFACE('',#1418,11.0000001639128);
#19=CYLINDRICAL_SURFACE('',#1420,11.0000001639128);
#20=CYLINDRICAL_SURFACE('',#1422,11.0000001639128);
#21=CYLINDRICAL_SURFACE('',#1424,11.0000001639128);
#22=CYLINDRICAL_SURFACE('',#1426,11.0000001639128);
#23=CYLINDRICAL_SURFACE('',#1441,10.);
#24=CYLINDRICAL_SURFACE('',#1444,10.);
#25=CYLINDRICAL_SURFACE('',#1447,10.);
#26=CYLINDRICAL_SURFACE('',#1450,14.4749373263453);
#27=CYLINDRICAL_SURFACE('',#1453,14.4749373263453);
#28=CYLINDRICAL_SURFACE('',#1456,14.4749373263453);
#29=CYLINDRICAL_SURFACE('',#1459,14.4749373263453);
#30=CYLINDRICAL_SURFACE('',#1462,14.4749373263453);
#31=CYLINDRICAL_SURFACE('',#1465,14.4749373263453);
#32=CYLINDRICAL_SURFACE('',#1480,1.00000001490116);
#33=CYLINDRICAL_SURFACE('',#1483,2.00000002980232);
#34=CYLINDRICAL_SURFACE('',#1495,1.00000001490116);
#35=CYLINDRICAL_SURFACE('',#1497,7.5);
#36=CYLINDRICAL_SURFACE('',#1500,7.5);
#37=CYLINDRICAL_SURFACE('',#1503,14.5094386738918);
#38=CYLINDRICAL_SURFACE('',#1505,14.5094386738918);
#39=CYLINDRICAL_SURFACE('',#1507,14.5094386738918);
#40=CYLINDRICAL_SURFACE('',#1510,14.5094386738918);
#41=CYLINDRICAL_SURFACE('',#1513,14.5094386738918);
#42=CYLINDRICAL_SURFACE('',#1516,14.5094386738918);
#43=CYLINDRICAL_SURFACE('',#1527,7.5);
#44=CYLINDRICAL_SURFACE('',#1528,2.00000002980232);
#45=CYLINDRICAL_SURFACE('',#1530,1.00000001490116);
#46=CYLINDRICAL_SURFACE('',#1532,2.00000002980232);
#47=CYLINDRICAL_SURFACE('',#1533,10.);
#48=CYLINDRICAL_SURFACE('',#1534,10.);
#49=CYLINDRICAL_SURFACE('',#1535,10.);
#50=CYLINDRICAL_SURFACE('',#1537,7.5);
#51=FACE_OUTER_BOUND('',#121,.T.);
#52=FACE_OUTER_BOUND('',#122,.T.);
#53=FACE_OUTER_BOUND('',#123,.T.);
#54=FACE_OUTER_BOUND('',#124,.T.);
#55=FACE_OUTER_BOUND('',#125,.T.);
#56=FACE_OUTER_BOUND('',#126,.T.);
#57=FACE_OUTER_BOUND('',#127,.T.);
#58=FACE_OUTER_BOUND('',#128,.T.);
#59=FACE_OUTER_BOUND('',#129,.T.);
#60=FACE_OUTER_BOUND('',#130,.T.);
#61=FACE_OUTER_BOUND('',#131,.T.);
#62=FACE_OUTER_BOUND('',#132,.T.);
#63=FACE_OUTER_BOUND('',#133,.T.);
#64=FACE_OUTER_BOUND('',#134,.T.);
#65=FACE_OUTER_BOUND('',#135,.T.);
#66=FACE_OUTER_BOUND('',#136,.T.);
#67=FACE_OUTER_BOUND('',#137,.T.);
#68=FACE_OUTER_BOUND('',#138,.T.);
#69=FACE_OUTER_BOUND('',#139,.T.);
#70=FACE_OUTER_BOUND('',#140,.T.);
#71=FACE_OUTER_BOUND('',#141,.T.);
#72=FACE_OUTER_BOUND('',#142,.T.);
#73=FACE_OUTER_BOUND('',#143,.T.);
#74=FACE_OUTER_BOUND('',#144,.T.);
#75=FACE_OUTER_BOUND('',#145,.T.);
#76=FACE_OUTER_BOUND('',#146,.T.);
#77=FACE_OUTER_BOUND('',#147,.T.);
#78=FACE_OUTER_BOUND('',#148,.T.);
#79=FACE_OUTER_BOUND('',#149,.T.);
#80=FACE_OUTER_BOUND('',#150,.T.);
#81=FACE_OUTER_BOUND('',#151,.T.);
#82=FACE_OUTER_BOUND('',#152,.T.);
#83=FACE_OUTER_BOUND('',#154,.T.);
#84=FACE_OUTER_BOUND('',#155,.T.);
#85=FACE_OUTER_BOUND('',#156,.T.);
#86=FACE_OUTER_BOUND('',#157,.T.);
#87=FACE_OUTER_BOUND('',#158,.T.);
#88=FACE_OUTER_BOUND('',#159,.T.);
#89=FACE_OUTER_BOUND('',#160,.T.);
#90=FACE_OUTER_BOUND('',#161,.T.);
#91=FACE_OUTER_BOUND('',#162,.T.);
#92=FACE_OUTER_BOUND('',#163,.T.);
#93=FACE_OUTER_BOUND('',#164,.T.);
#94=FACE_OUTER_BOUND('',#165,.T.);
#95=FACE_OUTER_BOUND('',#166,.T.);
#96=FACE_OUTER_BOUND('',#167,.T.);
#97=FACE_OUTER_BOUND('',#168,.T.);
#98=FACE_OUTER_BOUND('',#169,.T.);
#99=FACE_OUTER_BOUND('',#170,.T.);
#100=FACE_OUTER_BOUND('',#171,.T.);
#101=FACE_OUTER_BOUND('',#172,.T.);
#102=FACE_OUTER_BOUND('',#173,.T.);
#103=FACE_OUTER_BOUND('',#174,.T.);
#104=FACE_OUTER_BOUND('',#175,.T.);
#105=FACE_OUTER_BOUND('',#176,.T.);
#106=FACE_OUTER_BOUND('',#178,.T.);
#107=FACE_OUTER_BOUND('',#179,.T.);
#108=FACE_OUTER_BOUND('',#180,.T.);
#109=FACE_OUTER_BOUND('',#181,.T.);
#110=FACE_OUTER_BOUND('',#182,.T.);
#111=FACE_OUTER_BOUND('',#183,.T.);
#112=FACE_OUTER_BOUND('',#184,.T.);
#113=FACE_OUTER_BOUND('',#185,.T.);
#114=FACE_OUTER_BOUND('',#186,.T.);
#115=FACE_OUTER_BOUND('',#187,.T.);
#116=FACE_OUTER_BOUND('',#188,.T.);
#117=FACE_OUTER_BOUND('',#189,.T.);
#118=FACE_OUTER_BOUND('',#190,.T.);
#119=FACE_OUTER_BOUND('',#191,.T.);
#120=FACE_OUTER_BOUND('',#192,.T.);
#121=EDGE_LOOP('',(#873,#874,#875,#876));
#122=EDGE_LOOP('',(#877,#878,#879,#880));
#123=EDGE_LOOP('',(#881,#882,#883,#884));
#124=EDGE_LOOP('',(#885,#886,#887,#888));
#125=EDGE_LOOP('',(#889,#890,#891,#892));
#126=EDGE_LOOP('',(#893,#894,#895,#896));
#127=EDGE_LOOP('',(#897,#898,#899,#900));
#128=EDGE_LOOP('',(#901,#902,#903,#904));
#129=EDGE_LOOP('',(#905,#906,#907,#908));
#130=EDGE_LOOP('',(#909,#910,#911,#912));
#131=EDGE_LOOP('',(#913,#914,#915,#916));
#132=EDGE_LOOP('',(#917,#918,#919,#920));
#133=EDGE_LOOP('',(#921,#922,#923,#924,#925,#926,#927,#928,#929,#930));
#134=EDGE_LOOP('',(#931,#932,#933,#934));
#135=EDGE_LOOP('',(#935,#936,#937,#938,#939,#940,#941,#942,#943,#944));
#136=EDGE_LOOP('',(#945,#946,#947,#948));
#137=EDGE_LOOP('',(#949,#950,#951,#952,#953,#954,#955,#956,#957,#958));
#138=EDGE_LOOP('',(#959,#960,#961,#962));
#139=EDGE_LOOP('',(#963,#964,#965,#966,#967,#968,#969,#970,#971,#972));
#140=EDGE_LOOP('',(#973,#974,#975,#976));
#141=EDGE_LOOP('',(#977,#978,#979,#980,#981,#982,#983,#984,#985,#986));
#142=EDGE_LOOP('',(#987,#988,#989,#990));
#143=EDGE_LOOP('',(#991,#992,#993,#994,#995,#996,#997,#998,#999,#1000));
#144=EDGE_LOOP('',(#1001,#1002,#1003,#1004));
#145=EDGE_LOOP('',(#1005,#1006,#1007,#1008,#1009,#1010,#1011,#1012,#1013,
#1014));
#146=EDGE_LOOP('',(#1015,#1016,#1017,#1018));
#147=EDGE_LOOP('',(#1019,#1020,#1021,#1022));
#148=EDGE_LOOP('',(#1023,#1024,#1025,#1026));
#149=EDGE_LOOP('',(#1027,#1028,#1029,#1030));
#150=EDGE_LOOP('',(#1031,#1032,#1033,#1034));
#151=EDGE_LOOP('',(#1035,#1036,#1037,#1038));
#152=EDGE_LOOP('',(#1039,#1040,#1041,#1042,#1043,#1044,#1045,#1046));
#153=EDGE_LOOP('',(#1047,#1048,#1049,#1050,#1051,#1052,#1053,#1054,#1055,
#1056,#1057,#1058,#1059,#1060,#1061,#1062,#1063,#1064,#1065,#1066,#1067,
#1068,#1069,#1070));
#154=EDGE_LOOP('',(#1071,#1072,#1073,#1074,#1075,#1076,#1077,#1078,#1079,
#1080));
#155=EDGE_LOOP('',(#1081,#1082,#1083,#1084));
#156=EDGE_LOOP('',(#1085,#1086,#1087,#1088,#1089,#1090,#1091,#1092,#1093,
#1094));
#157=EDGE_LOOP('',(#1095,#1096,#1097,#1098));
#158=EDGE_LOOP('',(#1099,#1100,#1101,#1102));
#159=EDGE_LOOP('',(#1103,#1104,#1105,#1106));
#160=EDGE_LOOP('',(#1107,#1108,#1109,#1110));
#161=EDGE_LOOP('',(#1111,#1112,#1113,#1114));
#162=EDGE_LOOP('',(#1115,#1116,#1117,#1118));
#163=EDGE_LOOP('',(#1119,#1120,#1121,#1122));
#164=EDGE_LOOP('',(#1123,#1124,#1125,#1126,#1127,#1128,#1129,#1130,#1131,
#1132));
#165=EDGE_LOOP('',(#1133,#1134,#1135,#1136));
#166=EDGE_LOOP('',(#1137,#1138,#1139,#1140));
#167=EDGE_LOOP('',(#1141,#1142,#1143,#1144));
#168=EDGE_LOOP('',(#1145,#1146,#1147,#1148));
#169=EDGE_LOOP('',(#1149,#1150,#1151,#1152));
#170=EDGE_LOOP('',(#1153,#1154,#1155,#1156));
#171=EDGE_LOOP('',(#1157,#1158,#1159,#1160));
#172=EDGE_LOOP('',(#1161,#1162,#1163,#1164));
#173=EDGE_LOOP('',(#1165,#1166,#1167,#1168));
#174=EDGE_LOOP('',(#1169,#1170,#1171,#1172));
#175=EDGE_LOOP('',(#1173,#1174,#1175,#1176));
#176=EDGE_LOOP('',(#1177,#1178,#1179,#1180,#1181,#1182,#1183,#1184));
#177=EDGE_LOOP('',(#1185,#1186,#1187,#1188,#1189,#1190,#1191,#1192,#1193,
#1194,#1195,#1196,#1197,#1198,#1199,#1200,#1201,#1202,#1203,#1204,#1205,
#1206,#1207,#1208));
#178=EDGE_LOOP('',(#1209,#1210,#1211,#1212));
#179=EDGE_LOOP('',(#1213,#1214,#1215,#1216));
#180=EDGE_LOOP('',(#1217,#1218,#1219,#1220));
#181=EDGE_LOOP('',(#1221,#1222,#1223,#1224));
#182=EDGE_LOOP('',(#1225,#1226,#1227,#1228));
#183=EDGE_LOOP('',(#1229,#1230,#1231,#1232,#1233,#1234,#1235,#1236,#1237,
#1238));
#184=EDGE_LOOP('',(#1239,#1240,#1241,#1242));
#185=EDGE_LOOP('',(#1243,#1244,#1245,#1246,#1247,#1248,#1249,#1250,#1251,
#1252));
#186=EDGE_LOOP('',(#1253,#1254,#1255,#1256));
#187=EDGE_LOOP('',(#1257,#1258,#1259,#1260));
#188=EDGE_LOOP('',(#1261,#1262,#1263,#1264));
#189=EDGE_LOOP('',(#1265,#1266,#1267,#1268));
#190=EDGE_LOOP('',(#1269,#1270,#1271,#1272));
#191=EDGE_LOOP('',(#1273,#1274,#1275,#1276));
#192=EDGE_LOOP('',(#1277,#1278,#1279,#1280));
#193=CIRCLE('',#1402,11.0000001639128);
#194=CIRCLE('',#1403,10.);
#195=CIRCLE('',#1405,11.0000001639128);
#196=CIRCLE('',#1406,10.);
#197=CIRCLE('',#1408,11.0000001639128);
#198=CIRCLE('',#1409,10.);
#199=CIRCLE('',#1411,10.);
#200=CIRCLE('',#1412,11.0000001639128);
#201=CIRCLE('',#1414,10.);
#202=CIRCLE('',#1415,11.0000001639128);
#203=CIRCLE('',#1417,11.0000001639128);
#204=CIRCLE('',#1419,11.0000001639128);
#205=CIRCLE('',#1421,11.0000001639128);
#206=CIRCLE('',#1423,11.0000001639128);
#207=CIRCLE('',#1425,11.0000001639128);
#208=CIRCLE('',#1427,11.0000001639128);
#209=CIRCLE('',#1428,11.0000001639128);
#210=CIRCLE('',#1430,10.);
#211=CIRCLE('',#1433,14.5094386738918);
#212=CIRCLE('',#1436,14.5094386738918);
#213=CIRCLE('',#1439,14.5094386738918);
#214=CIRCLE('',#1442,10.);
#215=CIRCLE('',#1445,10.);
#216=CIRCLE('',#1448,10.);
#217=CIRCLE('',#1451,14.4749373263453);
#218=CIRCLE('',#1452,14.4749373263453);
#219=CIRCLE('',#1454,14.4749373263453);
#220=CIRCLE('',#1455,14.4749373263453);
#221=CIRCLE('',#1457,14.4749373263453);
#222=CIRCLE('',#1458,14.4749373263453);
#223=CIRCLE('',#1460,14.4749373263453);
#224=CIRCLE('',#1461,14.4749373263453);
#225=CIRCLE('',#1463,14.4749373263453);
#226=CIRCLE('',#1464,14.4749373263453);
#227=CIRCLE('',#1466,14.4749373263453);
#228=CIRCLE('',#1467,14.4749373263453);
#229=CIRCLE('',#1469,7.5);
#230=CIRCLE('',#1470,7.5);
#231=CIRCLE('',#1471,7.5);
#232=CIRCLE('',#1472,7.5);
#233=CIRCLE('',#1473,1.00000001490116);
#234=CIRCLE('',#1474,2.00000002980232);
#235=CIRCLE('',#1475,1.00000001490116);
#236=CIRCLE('',#1476,2.00000002980232);
#237=CIRCLE('',#1477,1.00000001490116);
#238=CIRCLE('',#1478,2.00000002980232);
#239=CIRCLE('',#1481,1.00000001490116);
#240=CIRCLE('',#1484,2.00000002980232);
#241=CIRCLE('',#1486,10.);
#242=CIRCLE('',#1488,10.);
#243=CIRCLE('',#1493,10.);
#244=CIRCLE('',#1496,1.00000001490116);
#245=CIRCLE('',#1498,7.5);
#246=CIRCLE('',#1501,7.5);
#247=CIRCLE('',#1504,14.5094386738918);
#248=CIRCLE('',#1506,14.5094386738918);
#249=CIRCLE('',#1508,14.5094386738918);
#250=CIRCLE('',#1509,14.5094386738918);
#251=CIRCLE('',#1511,14.5094386738918);
#252=CIRCLE('',#1512,14.5094386738918);
#253=CIRCLE('',#1514,14.5094386738918);
#254=CIRCLE('',#1515,14.5094386738918);
#255=CIRCLE('',#1517,14.5094386738918);
#256=CIRCLE('',#1519,7.5);
#257=CIRCLE('',#1520,7.5);
#258=CIRCLE('',#1521,2.00000002980232);
#259=CIRCLE('',#1522,1.00000001490116);
#260=CIRCLE('',#1523,2.00000002980232);
#261=LINE('',#1957,#397);
#262=LINE('',#1961,#398);
#263=LINE('',#1966,#399);
#264=LINE('',#1970,#400);
#265=LINE('',#1975,#401);
#266=LINE('',#1979,#402);
#267=LINE('',#1984,#403);
#268=LINE('',#1988,#404);
#269=LINE('',#1993,#405);
#270=LINE('',#1997,#406);
#271=LINE('',#2001,#407);
#272=LINE('',#2004,#408);
#273=LINE('',#2007,#409);
#274=LINE('',#2010,#410);
#275=LINE('',#2013,#411);
#276=LINE('',#2015,#412);
#277=LINE('',#2019,#413);
#278=LINE('',#2021,#414);
#279=LINE('',#2025,#415);
#280=LINE('',#2028,#416);
#281=LINE('',#2032,#417);
#282=LINE('',#2036,#418);
#283=LINE('',#2040,#419);
#284=LINE('',#2043,#420);
#285=LINE('',#2046,#421);
#286=LINE('',#2048,#422);
#287=LINE('',#2050,#423);
#288=LINE('',#2052,#424);
#289=LINE('',#2054,#425);
#290=LINE('',#2056,#426);
#291=LINE('',#2058,#427);
#292=LINE('',#2059,#428);
#293=LINE('',#2062,#429);
#294=LINE('',#2066,#430);
#295=LINE('',#2068,#431);
#296=LINE('',#2070,#432);
#297=LINE('',#2072,#433);
#298=LINE('',#2074,#434);
#299=LINE('',#2076,#435);
#300=LINE('',#2078,#436);
#301=LINE('',#2079,#437);
#302=LINE('',#2082,#438);
#303=LINE('',#2086,#439);
#304=LINE('',#2088,#440);
#305=LINE('',#2090,#441);
#306=LINE('',#2092,#442);
#307=LINE('',#2094,#443);
#308=LINE('',#2096,#444);
#309=LINE('',#2098,#445);
#310=LINE('',#2099,#446);
#311=LINE('',#2102,#447);
#312=LINE('',#2106,#448);
#313=LINE('',#2108,#449);
#314=LINE('',#2110,#450);
#315=LINE('',#2112,#451);
#316=LINE('',#2114,#452);
#317=LINE('',#2116,#453);
#318=LINE('',#2118,#454);
#319=LINE('',#2119,#455);
#320=LINE('',#2122,#456);
#321=LINE('',#2126,#457);
#322=LINE('',#2128,#458);
#323=LINE('',#2130,#459);
#324=LINE('',#2132,#460);
#325=LINE('',#2134,#461);
#326=LINE('',#2136,#462);
#327=LINE('',#2137,#463);
#328=LINE('',#2140,#464);
#329=LINE('',#2143,#465);
#330=LINE('',#2146,#466);
#331=LINE('',#2148,#467);
#332=LINE('',#2150,#468);
#333=LINE('',#2152,#469);
#334=LINE('',#2154,#470);
#335=LINE('',#2156,#471);
#336=LINE('',#2157,#472);
#337=LINE('',#2160,#473);
#338=LINE('',#2163,#474);
#339=LINE('',#2166,#475);
#340=LINE('',#2168,#476);
#341=LINE('',#2170,#477);
#342=LINE('',#2172,#478);
#343=LINE('',#2174,#479);
#344=LINE('',#2176,#480);
#345=LINE('',#2177,#481);
#346=LINE('',#2183,#482);
#347=LINE('',#2189,#483);
#348=LINE('',#2195,#484);
#349=LINE('',#2201,#485);
#350=LINE('',#2207,#486);
#351=LINE('',#2214,#487);
#352=LINE('',#2218,#488);
#353=LINE('',#2222,#489);
#354=LINE('',#2226,#490);
#355=LINE('',#2230,#491);
#356=LINE('',#2233,#492);
#357=LINE('',#2236,#493);
#358=LINE('',#2239,#494);
#359=LINE('',#2242,#495);
#360=LINE('',#2246,#496);
#361=LINE('',#2247,#497);
#362=LINE('',#2249,#498);
#363=LINE('',#2251,#499);
#364=LINE('',#2252,#500);
#365=LINE('',#2257,#501);
#366=LINE('',#2258,#502);
#367=LINE('',#2260,#503);
#368=LINE('',#2262,#504);
#369=LINE('',#2263,#505);
#370=LINE('',#2270,#506);
#371=LINE('',#2274,#507);
#372=LINE('',#2276,#508);
#373=LINE('',#2280,#509);
#374=LINE('',#2282,#510);
#375=LINE('',#2284,#511);
#376=LINE('',#2285,#512);
#377=LINE('',#2290,#513);
#378=LINE('',#2293,#514);
#379=LINE('',#2296,#515);
#380=LINE('',#2297,#516);
#381=LINE('',#2300,#517);
#382=LINE('',#2304,#518);
#383=LINE('',#2305,#519);
#384=LINE('',#2317,#520);
#385=LINE('',#2323,#521);
#386=LINE('',#2331,#522);
#387=LINE('',#2334,#523);
#388=LINE('',#2337,#524);
#389=LINE('',#2340,#525);
#390=LINE('',#2343,#526);
#391=LINE('',#2345,#527);
#392=LINE('',#2348,#528);
#393=LINE('',#2350,#529);
#394=LINE('',#2353,#530);
#395=LINE('',#2360,#531);
#396=LINE('',#2362,#532);
#397=VECTOR('',#1543,10.);
#398=VECTOR('',#1546,10.);
#399=VECTOR('',#1551,10.);
#400=VECTOR('',#1554,10.);
#401=VECTOR('',#1559,10.);
#402=VECTOR('',#1562,10.);
#403=VECTOR('',#1567,10.);
#404=VECTOR('',#1570,10.);
#405=VECTOR('',#1575,10.);
#406=VECTOR('',#1578,10.);
#407=VECTOR('',#1583,10.);
#408=VECTOR('',#1586,10.);
#409=VECTOR('',#1589,10.);
#410=VECTOR('',#1592,10.);
#411=VECTOR('',#1595,10.);
#412=VECTOR('',#1596,10.);
#413=VECTOR('',#1601,10.);
#414=VECTOR('',#1602,10.);
#415=VECTOR('',#1607,10.);
#416=VECTOR('',#1610,10.);
#417=VECTOR('',#1613,10.);
#418=VECTOR('',#1616,10.);
#419=VECTOR('',#1621,10.);
#420=VECTOR('',#1624,10.);
#421=VECTOR('',#1627,10.);
#422=VECTOR('',#1628,10.);
#423=VECTOR('',#1629,10.);
#424=VECTOR('',#1630,10.);
#425=VECTOR('',#1631,10.);
#426=VECTOR('',#1632,10.);
#427=VECTOR('',#1633,10.);
#428=VECTOR('',#1634,10.);
#429=VECTOR('',#1637,10.);
#430=VECTOR('',#1642,10.);
#431=VECTOR('',#1643,10.);
#432=VECTOR('',#1644,10.);
#433=VECTOR('',#1645,10.);
#434=VECTOR('',#1646,10.);
#435=VECTOR('',#1647,10.);
#436=VECTOR('',#1648,10.);
#437=VECTOR('',#1649,10.);
#438=VECTOR('',#1652,10.);
#439=VECTOR('',#1657,10.);
#440=VECTOR('',#1658,10.);
#441=VECTOR('',#1659,10.);
#442=VECTOR('',#1660,10.);
#443=VECTOR('',#1661,10.);
#444=VECTOR('',#1662,10.);
#445=VECTOR('',#1663,10.);
#446=VECTOR('',#1664,10.);
#447=VECTOR('',#1667,10.);
#448=VECTOR('',#1672,10.);
#449=VECTOR('',#1673,10.);
#450=VECTOR('',#1674,10.);
#451=VECTOR('',#1675,10.);
#452=VECTOR('',#1676,10.);
#453=VECTOR('',#1677,10.);
#454=VECTOR('',#1678,10.);
#455=VECTOR('',#1679,10.);
#456=VECTOR('',#1682,10.);
#457=VECTOR('',#1687,10.);
#458=VECTOR('',#1688,10.);
#459=VECTOR('',#1689,10.);
#460=VECTOR('',#1690,10.);
#461=VECTOR('',#1691,10.);
#462=VECTOR('',#1692,10.);
#463=VECTOR('',#1693,10.);
#464=VECTOR('',#1696,10.);
#465=VECTOR('',#1699,10.);
#466=VECTOR('',#1702,10.);
#467=VECTOR('',#1703,10.);
#468=VECTOR('',#1704,10.);
#469=VECTOR('',#1705,10.);
#470=VECTOR('',#1706,10.);
#471=VECTOR('',#1707,10.);
#472=VECTOR('',#1708,10.);
#473=VECTOR('',#1711,10.);
#474=VECTOR('',#1714,10.);
#475=VECTOR('',#1717,10.);
#476=VECTOR('',#1718,10.);
#477=VECTOR('',#1719,10.);
#478=VECTOR('',#1720,10.);
#479=VECTOR('',#1721,10.);
#480=VECTOR('',#1722,10.);
#481=VECTOR('',#1723,10.);
#482=VECTOR('',#1730,10.);
#483=VECTOR('',#1737,10.);
#484=VECTOR('',#1744,10.);
#485=VECTOR('',#1751,10.);
#486=VECTOR('',#1758,10.);
#487=VECTOR('',#1767,10.);
#488=VECTOR('',#1770,10.);
#489=VECTOR('',#1773,10.);
#490=VECTOR('',#1776,10.);
#491=VECTOR('',#1781,10.);
#492=VECTOR('',#1784,10.);
#493=VECTOR('',#1787,10.);
#494=VECTOR('',#1790,10.);
#495=VECTOR('',#1793,10.);
#496=VECTOR('',#1798,10.);
#497=VECTOR('',#1799,10.);
#498=VECTOR('',#1800,10.);
#499=VECTOR('',#1801,10.);
#500=VECTOR('',#1802,10.);
#501=VECTOR('',#1809,10.);
#502=VECTOR('',#1810,10.);
#503=VECTOR('',#1811,10.);
#504=VECTOR('',#1812,10.);
#505=VECTOR('',#1813,10.);
#506=VECTOR('',#1824,10.);
#507=VECTOR('',#1831,10.);
#508=VECTOR('',#1834,10.);
#509=VECTOR('',#1841,10.);
#510=VECTOR('',#1842,10.);
#511=VECTOR('',#1843,10.);
#512=VECTOR('',#1844,10.);
#513=VECTOR('',#1851,10.);
#514=VECTOR('',#1854,10.);
#515=VECTOR('',#1857,10.);
#516=VECTOR('',#1858,10.);
#517=VECTOR('',#1861,10.);
#518=VECTOR('',#1866,10.);
#519=VECTOR('',#1867,10.);
#520=VECTOR('',#1886,10.);
#521=VECTOR('',#1893,10.);
#522=VECTOR('',#1904,10.);
#523=VECTOR('',#1907,10.);
#524=VECTOR('',#1910,10.);
#525=VECTOR('',#1913,10.);
#526=VECTOR('',#1918,10.);
#527=VECTOR('',#1921,10.);
#528=VECTOR('',#1926,10.);
#529=VECTOR('',#1929,10.);
#530=VECTOR('',#1934,10.);
#531=VECTOR('',#1947,10.);
#532=VECTOR('',#1950,10.);
#533=VERTEX_POINT('',#1955);
#534=VERTEX_POINT('',#1956);
#535=VERTEX_POINT('',#1958);
#536=VERTEX_POINT('',#1960);
#537=VERTEX_POINT('',#1964);
#538=VERTEX_POINT('',#1965);
#539=VERTEX_POINT('',#1967);
#540=VERTEX_POINT('',#1969);
#541=VERTEX_POINT('',#1973);
#542=VERTEX_POINT('',#1974);
#543=VERTEX_POINT('',#1976);
#544=VERTEX_POINT('',#1978);
#545=VERTEX_POINT('',#1982);
#546=VERTEX_POINT('',#1983);
#547=VERTEX_POINT('',#1985);
#548=VERTEX_POINT('',#1987);
#549=VERTEX_POINT('',#1991);
#550=VERTEX_POINT('',#1992);
#551=VERTEX_POINT('',#1994);
#552=VERTEX_POINT('',#1996);
#553=VERTEX_POINT('',#2000);
#554=VERTEX_POINT('',#2002);
#555=VERTEX_POINT('',#2006);
#556=VERTEX_POINT('',#2008);
#557=VERTEX_POINT('',#2012);
#558=VERTEX_POINT('',#2014);
#559=VERTEX_POINT('',#2018);
#560=VERTEX_POINT('',#2020);
#561=VERTEX_POINT('',#2024);
#562=VERTEX_POINT('',#2026);
#563=VERTEX_POINT('',#2030);
#564=VERTEX_POINT('',#2031);
#565=VERTEX_POINT('',#2033);
#566=VERTEX_POINT('',#2035);
#567=VERTEX_POINT('',#2039);
#568=VERTEX_POINT('',#2041);
#569=VERTEX_POINT('',#2045);
#570=VERTEX_POINT('',#2047);
#571=VERTEX_POINT('',#2049);
#572=VERTEX_POINT('',#2051);
#573=VERTEX_POINT('',#2053);
#574=VERTEX_POINT('',#2055);
#575=VERTEX_POINT('',#2057);
#576=VERTEX_POINT('',#2061);
#577=VERTEX_POINT('',#2065);
#578=VERTEX_POINT('',#2067);
#579=VERTEX_POINT('',#2069);
#580=VERTEX_POINT('',#2071);
#581=VERTEX_POINT('',#2073);
#582=VERTEX_POINT('',#2075);
#583=VERTEX_POINT('',#2077);
#584=VERTEX_POINT('',#2081);
#585=VERTEX_POINT('',#2085);
#586=VERTEX_POINT('',#2087);
#587=VERTEX_POINT('',#2089);
#588=VERTEX_POINT('',#2091);
#589=VERTEX_POINT('',#2093);
#590=VERTEX_POINT('',#2095);
#591=VERTEX_POINT('',#2097);
#592=VERTEX_POINT('',#2101);
#593=VERTEX_POINT('',#2105);
#594=VERTEX_POINT('',#2107);
#595=VERTEX_POINT('',#2109);
#596=VERTEX_POINT('',#2111);
#597=VERTEX_POINT('',#2113);
#598=VERTEX_POINT('',#2115);
#599=VERTEX_POINT('',#2117);
#600=VERTEX_POINT('',#2121);
#601=VERTEX_POINT('',#2125);
#602=VERTEX_POINT('',#2127);
#603=VERTEX_POINT('',#2129);
#604=VERTEX_POINT('',#2131);
#605=VERTEX_POINT('',#2133);
#606=VERTEX_POINT('',#2135);
#607=VERTEX_POINT('',#2139);
#608=VERTEX_POINT('',#2141);
#609=VERTEX_POINT('',#2145);
#610=VERTEX_POINT('',#2147);
#611=VERTEX_POINT('',#2149);
#612=VERTEX_POINT('',#2151);
#613=VERTEX_POINT('',#2153);
#614=VERTEX_POINT('',#2155);
#615=VERTEX_POINT('',#2159);
#616=VERTEX_POINT('',#2161);
#617=VERTEX_POINT('',#2165);
#618=VERTEX_POINT('',#2167);
#619=VERTEX_POINT('',#2169);
#620=VERTEX_POINT('',#2171);
#621=VERTEX_POINT('',#2173);
#622=VERTEX_POINT('',#2175);
#623=VERTEX_POINT('',#2179);
#624=VERTEX_POINT('',#2181);
#625=VERTEX_POINT('',#2185);
#626=VERTEX_POINT('',#2187);
#627=VERTEX_POINT('',#2191);
#628=VERTEX_POINT('',#2193);
#629=VERTEX_POINT('',#2197);
#630=VERTEX_POINT('',#2199);
#631=VERTEX_POINT('',#2203);
#632=VERTEX_POINT('',#2205);
#633=VERTEX_POINT('',#2212);
#634=VERTEX_POINT('',#2213);
#635=VERTEX_POINT('',#2215);
#636=VERTEX_POINT('',#2217);
#637=VERTEX_POINT('',#2219);
#638=VERTEX_POINT('',#2221);
#639=VERTEX_POINT('',#2223);
#640=VERTEX_POINT('',#2225);
#641=VERTEX_POINT('',#2228);
#642=VERTEX_POINT('',#2231);
#643=VERTEX_POINT('',#2234);
#644=VERTEX_POINT('',#2237);
#645=VERTEX_POINT('',#2240);
#646=VERTEX_POINT('',#2245);
#647=VERTEX_POINT('',#2248);
#648=VERTEX_POINT('',#2250);
#649=VERTEX_POINT('',#2256);
#650=VERTEX_POINT('',#2259);
#651=VERTEX_POINT('',#2261);
#652=VERTEX_POINT('',#2269);
#653=VERTEX_POINT('',#2281);
#654=VERTEX_POINT('',#2283);
#655=VERTEX_POINT('',#2289);
#656=VERTEX_POINT('',#2291);
#657=VERTEX_POINT('',#2295);
#658=VERTEX_POINT('',#2299);
#659=VERTEX_POINT('',#2303);
#660=VERTEX_POINT('',#2314);
#661=VERTEX_POINT('',#2316);
#662=VERTEX_POINT('',#2320);
#663=VERTEX_POINT('',#2322);
#664=VERTEX_POINT('',#2328);
#665=VERTEX_POINT('',#2330);
#666=VERTEX_POINT('',#2332);
#667=VERTEX_POINT('',#2336);
#668=VERTEX_POINT('',#2339);
#669=EDGE_CURVE('',#533,#534,#261,.T.);
#670=EDGE_CURVE('',#535,#533,#193,.T.);
#671=EDGE_CURVE('',#536,#535,#262,.T.);
#672=EDGE_CURVE('',#534,#536,#194,.T.);
#673=EDGE_CURVE('',#537,#538,#263,.T.);
#674=EDGE_CURVE('',#539,#537,#195,.T.);
#675=EDGE_CURVE('',#540,#539,#264,.T.);
#676=EDGE_CURVE('',#538,#540,#196,.T.);
#677=EDGE_CURVE('',#541,#542,#265,.T.);
#678=EDGE_CURVE('',#543,#541,#197,.T.);
#679=EDGE_CURVE('',#544,#543,#266,.T.);
#680=EDGE_CURVE('',#542,#544,#198,.T.);
#681=EDGE_CURVE('',#545,#546,#267,.T.);
#682=EDGE_CURVE('',#547,#545,#199,.T.);
#683=EDGE_CURVE('',#548,#547,#268,.T.);
#684=EDGE_CURVE('',#546,#548,#200,.T.);
#685=EDGE_CURVE('',#549,#550,#269,.T.);
#686=EDGE_CURVE('',#551,#549,#201,.T.);
#687=EDGE_CURVE('',#552,#551,#270,.T.);
#688=EDGE_CURVE('',#550,#552,#202,.T.);
#689=EDGE_CURVE('',#553,#533,#271,.T.);
#690=EDGE_CURVE('',#554,#553,#203,.T.);
#691=EDGE_CURVE('',#535,#554,#272,.T.);
#692=EDGE_CURVE('',#555,#541,#273,.T.);
#693=EDGE_CURVE('',#556,#555,#204,.T.);
#694=EDGE_CURVE('',#543,#556,#274,.T.);
#695=EDGE_CURVE('',#546,#557,#275,.T.);
#696=EDGE_CURVE('',#558,#548,#276,.T.);
#697=EDGE_CURVE('',#557,#558,#205,.T.);
#698=EDGE_CURVE('',#550,#559,#277,.T.);
#699=EDGE_CURVE('',#560,#552,#278,.T.);
#700=EDGE_CURVE('',#559,#560,#206,.T.);
#701=EDGE_CURVE('',#561,#537,#279,.T.);
#702=EDGE_CURVE('',#562,#561,#207,.T.);
#703=EDGE_CURVE('',#539,#562,#280,.T.);
#704=EDGE_CURVE('',#563,#564,#281,.T.);
#705=EDGE_CURVE('',#563,#565,#208,.T.);
#706=EDGE_CURVE('',#566,#565,#282,.T.);
#707=EDGE_CURVE('',#564,#566,#209,.T.);
#708=EDGE_CURVE('',#567,#563,#283,.T.);
#709=EDGE_CURVE('',#568,#567,#210,.T.);
#710=EDGE_CURVE('',#565,#568,#284,.T.);
#711=EDGE_CURVE('',#569,#564,#285,.T.);
#712=EDGE_CURVE('',#569,#570,#286,.T.);
#713=EDGE_CURVE('',#570,#571,#287,.T.);
#714=EDGE_CURVE('',#571,#572,#288,.T.);
#715=EDGE_CURVE('',#572,#573,#289,.T.);
#716=EDGE_CURVE('',#573,#574,#290,.T.);
#717=EDGE_CURVE('',#575,#574,#291,.T.);
#718=EDGE_CURVE('',#567,#575,#292,.T.);
#719=EDGE_CURVE('',#566,#576,#293,.T.);
#720=EDGE_CURVE('',#576,#569,#211,.T.);
#721=EDGE_CURVE('',#577,#559,#294,.T.);
#722=EDGE_CURVE('',#577,#578,#295,.T.);
#723=EDGE_CURVE('',#578,#579,#296,.T.);
#724=EDGE_CURVE('',#579,#580,#297,.T.);
#725=EDGE_CURVE('',#580,#581,#298,.T.);
#726=EDGE_CURVE('',#581,#582,#299,.T.);
#727=EDGE_CURVE('',#583,#582,#300,.T.);
#728=EDGE_CURVE('',#549,#583,#301,.T.);
#729=EDGE_CURVE('',#560,#584,#302,.T.);
#730=EDGE_CURVE('',#584,#577,#212,.T.);
#731=EDGE_CURVE('',#585,#557,#303,.T.);
#732=EDGE_CURVE('',#585,#586,#304,.T.);
#733=EDGE_CURVE('',#586,#587,#305,.T.);
#734=EDGE_CURVE('',#587,#588,#306,.T.);
#735=EDGE_CURVE('',#588,#589,#307,.T.);
#736=EDGE_CURVE('',#589,#590,#308,.T.);
#737=EDGE_CURVE('',#591,#590,#309,.T.);
#738=EDGE_CURVE('',#545,#591,#310,.T.);
#739=EDGE_CURVE('',#558,#592,#311,.T.);
#740=EDGE_CURVE('',#592,#585,#213,.T.);
#741=EDGE_CURVE('',#593,#542,#312,.T.);
#742=EDGE_CURVE('',#594,#593,#313,.T.);
#743=EDGE_CURVE('',#594,#595,#314,.T.);
#744=EDGE_CURVE('',#595,#596,#315,.T.);
#745=EDGE_CURVE('',#597,#596,#316,.T.);
#746=EDGE_CURVE('',#597,#598,#317,.T.);
#747=EDGE_CURVE('',#598,#599,#318,.T.);
#748=EDGE_CURVE('',#555,#599,#319,.T.);
#749=EDGE_CURVE('',#544,#600,#320,.T.);
#750=EDGE_CURVE('',#593,#600,#214,.T.);
#751=EDGE_CURVE('',#601,#556,#321,.T.);
#752=EDGE_CURVE('',#601,#602,#322,.T.);
#753=EDGE_CURVE('',#602,#603,#323,.T.);
#754=EDGE_CURVE('',#603,#604,#324,.T.);
#755=EDGE_CURVE('',#604,#605,#325,.T.);
#756=EDGE_CURVE('',#605,#606,#326,.T.);
#757=EDGE_CURVE('',#600,#606,#327,.T.);
#758=EDGE_CURVE('',#540,#607,#328,.T.);
#759=EDGE_CURVE('',#608,#607,#215,.T.);
#760=EDGE_CURVE('',#608,#538,#329,.T.);
#761=EDGE_CURVE('',#609,#562,#330,.T.);
#762=EDGE_CURVE('',#609,#610,#331,.T.);
#763=EDGE_CURVE('',#610,#611,#332,.T.);
#764=EDGE_CURVE('',#611,#612,#333,.T.);
#765=EDGE_CURVE('',#612,#613,#334,.T.);
#766=EDGE_CURVE('',#613,#614,#335,.T.);
#767=EDGE_CURVE('',#607,#614,#336,.T.);
#768=EDGE_CURVE('',#536,#615,#337,.T.);
#769=EDGE_CURVE('',#616,#615,#216,.T.);
#770=EDGE_CURVE('',#616,#534,#338,.T.);
#771=EDGE_CURVE('',#617,#554,#339,.T.);
#772=EDGE_CURVE('',#617,#618,#340,.T.);
#773=EDGE_CURVE('',#618,#619,#341,.T.);
#774=EDGE_CURVE('',#619,#620,#342,.T.);
#775=EDGE_CURVE('',#620,#621,#343,.T.);
#776=EDGE_CURVE('',#621,#622,#344,.T.);
#777=EDGE_CURVE('',#615,#622,#345,.T.);
#778=EDGE_CURVE('',#590,#623,#217,.T.);
#779=EDGE_CURVE('',#589,#624,#218,.T.);
#780=EDGE_CURVE('',#623,#624,#346,.T.);
#781=EDGE_CURVE('',#582,#625,#219,.T.);
#782=EDGE_CURVE('',#581,#626,#220,.T.);
#783=EDGE_CURVE('',#625,#626,#347,.T.);
#784=EDGE_CURVE('',#574,#627,#221,.T.);
#785=EDGE_CURVE('',#573,#628,#222,.T.);
#786=EDGE_CURVE('',#627,#628,#348,.T.);
#787=EDGE_CURVE('',#614,#629,#223,.T.);
#788=EDGE_CURVE('',#613,#630,#224,.T.);
#789=EDGE_CURVE('',#629,#630,#349,.T.);
#790=EDGE_CURVE('',#622,#631,#225,.T.);
#791=EDGE_CURVE('',#621,#632,#226,.T.);
#792=EDGE_CURVE('',#631,#632,#350,.T.);
#793=EDGE_CURVE('',#606,#594,#227,.T.);
#794=EDGE_CURVE('',#605,#595,#228,.T.);
#795=EDGE_CURVE('',#633,#634,#351,.T.);
#796=EDGE_CURVE('',#635,#633,#229,.T.);
#797=EDGE_CURVE('',#636,#635,#352,.T.);
#798=EDGE_CURVE('',#637,#636,#230,.T.);
#799=EDGE_CURVE('',#638,#637,#353,.T.);
#800=EDGE_CURVE('',#639,#638,#231,.T.);
#801=EDGE_CURVE('',#640,#639,#354,.T.);
#802=EDGE_CURVE('',#634,#640,#232,.T.);
#803=EDGE_CURVE('',#641,#604,#233,.T.);
#804=EDGE_CURVE('',#624,#641,#355,.T.);
#805=EDGE_CURVE('',#642,#588,#234,.T.);
#806=EDGE_CURVE('',#626,#642,#356,.T.);
#807=EDGE_CURVE('',#643,#580,#235,.T.);
#808=EDGE_CURVE('',#628,#643,#357,.T.);
#809=EDGE_CURVE('',#644,#572,#236,.T.);
#810=EDGE_CURVE('',#630,#644,#358,.T.);
#811=EDGE_CURVE('',#645,#612,#237,.T.);
#812=EDGE_CURVE('',#632,#645,#359,.T.);
#813=EDGE_CURVE('',#596,#620,#238,.T.);
#814=EDGE_CURVE('',#646,#568,#360,.T.);
#815=EDGE_CURVE('',#627,#646,#361,.T.);
#816=EDGE_CURVE('',#647,#643,#362,.T.);
#817=EDGE_CURVE('',#647,#648,#363,.T.);
#818=EDGE_CURVE('',#648,#576,#364,.T.);
#819=EDGE_CURVE('',#579,#647,#239,.T.);
#820=EDGE_CURVE('',#649,#551,#365,.T.);
#821=EDGE_CURVE('',#625,#649,#366,.T.);
#822=EDGE_CURVE('',#650,#642,#367,.T.);
#823=EDGE_CURVE('',#650,#651,#368,.T.);
#824=EDGE_CURVE('',#651,#584,#369,.T.);
#825=EDGE_CURVE('',#587,#650,#240,.T.);
#826=EDGE_CURVE('',#649,#583,#241,.T.);
#827=EDGE_CURVE('',#623,#652,#370,.T.);
#828=EDGE_CURVE('',#652,#591,#242,.T.);
#829=EDGE_CURVE('',#631,#616,#371,.T.);
#830=EDGE_CURVE('',#629,#608,#372,.T.);
#831=EDGE_CURVE('',#646,#575,#243,.T.);
#832=EDGE_CURVE('',#652,#547,#373,.T.);
#833=EDGE_CURVE('',#653,#641,#374,.T.);
#834=EDGE_CURVE('',#653,#654,#375,.T.);
#835=EDGE_CURVE('',#654,#592,#376,.T.);
#836=EDGE_CURVE('',#603,#653,#244,.T.);
#837=EDGE_CURVE('',#636,#655,#377,.T.);
#838=EDGE_CURVE('',#655,#656,#245,.T.);
#839=EDGE_CURVE('',#656,#637,#378,.T.);
#840=EDGE_CURVE('',#657,#635,#379,.T.);
#841=EDGE_CURVE('',#657,#655,#380,.T.);
#842=EDGE_CURVE('',#633,#658,#381,.T.);
#843=EDGE_CURVE('',#658,#657,#246,.T.);
#844=EDGE_CURVE('',#659,#634,#382,.T.);
#845=EDGE_CURVE('',#659,#658,#383,.T.);
#846=EDGE_CURVE('',#651,#578,#247,.T.);
#847=EDGE_CURVE('',#654,#586,#248,.T.);
#848=EDGE_CURVE('',#599,#601,#249,.T.);
#849=EDGE_CURVE('',#598,#602,#250,.T.);
#850=EDGE_CURVE('',#660,#617,#251,.T.);
#851=EDGE_CURVE('',#661,#660,#384,.T.);
#852=EDGE_CURVE('',#661,#618,#252,.T.);
#853=EDGE_CURVE('',#662,#609,#253,.T.);
#854=EDGE_CURVE('',#663,#662,#385,.T.);
#855=EDGE_CURVE('',#663,#610,#254,.T.);
#856=EDGE_CURVE('',#648,#570,#255,.T.);
#857=EDGE_CURVE('',#664,#659,#256,.T.);
#858=EDGE_CURVE('',#665,#664,#386,.T.);
#859=EDGE_CURVE('',#666,#665,#257,.T.);
#860=EDGE_CURVE('',#656,#666,#387,.T.);
#861=EDGE_CURVE('',#619,#597,#258,.T.);
#862=EDGE_CURVE('',#667,#661,#388,.T.);
#863=EDGE_CURVE('',#611,#667,#259,.T.);
#864=EDGE_CURVE('',#668,#663,#389,.T.);
#865=EDGE_CURVE('',#571,#668,#260,.T.);
#866=EDGE_CURVE('',#561,#662,#390,.T.);
#867=EDGE_CURVE('',#553,#660,#391,.T.);
#868=EDGE_CURVE('',#640,#664,#392,.T.);
#869=EDGE_CURVE('',#668,#644,#393,.T.);
#870=EDGE_CURVE('',#667,#645,#394,.T.);
#871=EDGE_CURVE('',#665,#639,#395,.T.);
#872=EDGE_CURVE('',#638,#666,#396,.T.);
#873=ORIENTED_EDGE('',*,*,#669,.F.);
#874=ORIENTED_EDGE('',*,*,#670,.F.);
#875=ORIENTED_EDGE('',*,*,#671,.F.);
#876=ORIENTED_EDGE('',*,*,#672,.F.);
#877=ORIENTED_EDGE('',*,*,#673,.F.);
#878=ORIENTED_EDGE('',*,*,#674,.F.);
#879=ORIENTED_EDGE('',*,*,#675,.F.);
#880=ORIENTED_EDGE('',*,*,#676,.F.);
#881=ORIENTED_EDGE('',*,*,#677,.F.);
#882=ORIENTED_EDGE('',*,*,#678,.F.);
#883=ORIENTED_EDGE('',*,*,#679,.F.);
#884=ORIENTED_EDGE('',*,*,#680,.F.);
#885=ORIENTED_EDGE('',*,*,#681,.F.);
#886=ORIENTED_EDGE('',*,*,#682,.F.);
#887=ORIENTED_EDGE('',*,*,#683,.F.);
#888=ORIENTED_EDGE('',*,*,#684,.F.);
#889=ORIENTED_EDGE('',*,*,#685,.F.);
#890=ORIENTED_EDGE('',*,*,#686,.F.);
#891=ORIENTED_EDGE('',*,*,#687,.F.);
#892=ORIENTED_EDGE('',*,*,#688,.F.);
#893=ORIENTED_EDGE('',*,*,#689,.F.);
#894=ORIENTED_EDGE('',*,*,#690,.F.);
#895=ORIENTED_EDGE('',*,*,#691,.F.);
#896=ORIENTED_EDGE('',*,*,#670,.T.);
#897=ORIENTED_EDGE('',*,*,#692,.F.);
#898=ORIENTED_EDGE('',*,*,#693,.F.);
#899=ORIENTED_EDGE('',*,*,#694,.F.);
#900=ORIENTED_EDGE('',*,*,#678,.T.);
#901=ORIENTED_EDGE('',*,*,#695,.F.);
#902=ORIENTED_EDGE('',*,*,#684,.T.);
#903=ORIENTED_EDGE('',*,*,#696,.F.);
#904=ORIENTED_EDGE('',*,*,#697,.F.);
#905=ORIENTED_EDGE('',*,*,#698,.F.);
#906=ORIENTED_EDGE('',*,*,#688,.T.);
#907=ORIENTED_EDGE('',*,*,#699,.F.);
#908=ORIENTED_EDGE('',*,*,#700,.F.);
#909=ORIENTED_EDGE('',*,*,#701,.F.);
#910=ORIENTED_EDGE('',*,*,#702,.F.);
#911=ORIENTED_EDGE('',*,*,#703,.F.);
#912=ORIENTED_EDGE('',*,*,#674,.T.);
#913=ORIENTED_EDGE('',*,*,#704,.F.);
#914=ORIENTED_EDGE('',*,*,#705,.T.);
#915=ORIENTED_EDGE('',*,*,#706,.F.);
#916=ORIENTED_EDGE('',*,*,#707,.F.);
#917=ORIENTED_EDGE('',*,*,#708,.F.);
#918=ORIENTED_EDGE('',*,*,#709,.F.);
#919=ORIENTED_EDGE('',*,*,#710,.F.);
#920=ORIENTED_EDGE('',*,*,#705,.F.);
#921=ORIENTED_EDGE('',*,*,#708,.T.);
#922=ORIENTED_EDGE('',*,*,#704,.T.);
#923=ORIENTED_EDGE('',*,*,#711,.F.);
#924=ORIENTED_EDGE('',*,*,#712,.T.);
#925=ORIENTED_EDGE('',*,*,#713,.T.);
#926=ORIENTED_EDGE('',*,*,#714,.T.);
#927=ORIENTED_EDGE('',*,*,#715,.T.);
#928=ORIENTED_EDGE('',*,*,#716,.T.);
#929=ORIENTED_EDGE('',*,*,#717,.F.);
#930=ORIENTED_EDGE('',*,*,#718,.F.);
#931=ORIENTED_EDGE('',*,*,#707,.T.);
#932=ORIENTED_EDGE('',*,*,#719,.T.);
#933=ORIENTED_EDGE('',*,*,#720,.T.);
#934=ORIENTED_EDGE('',*,*,#711,.T.);
#935=ORIENTED_EDGE('',*,*,#685,.T.);
#936=ORIENTED_EDGE('',*,*,#698,.T.);
#937=ORIENTED_EDGE('',*,*,#721,.F.);
#938=ORIENTED_EDGE('',*,*,#722,.T.);
#939=ORIENTED_EDGE('',*,*,#723,.T.);
#940=ORIENTED_EDGE('',*,*,#724,.T.);
#941=ORIENTED_EDGE('',*,*,#725,.T.);
#942=ORIENTED_EDGE('',*,*,#726,.T.);
#943=ORIENTED_EDGE('',*,*,#727,.F.);
#944=ORIENTED_EDGE('',*,*,#728,.F.);
#945=ORIENTED_EDGE('',*,*,#700,.T.);
#946=ORIENTED_EDGE('',*,*,#729,.T.);
#947=ORIENTED_EDGE('',*,*,#730,.T.);
#948=ORIENTED_EDGE('',*,*,#721,.T.);
#949=ORIENTED_EDGE('',*,*,#681,.T.);
#950=ORIENTED_EDGE('',*,*,#695,.T.);
#951=ORIENTED_EDGE('',*,*,#731,.F.);
#952=ORIENTED_EDGE('',*,*,#732,.T.);
#953=ORIENTED_EDGE('',*,*,#733,.T.);
#954=ORIENTED_EDGE('',*,*,#734,.T.);
#955=ORIENTED_EDGE('',*,*,#735,.T.);
#956=ORIENTED_EDGE('',*,*,#736,.T.);
#957=ORIENTED_EDGE('',*,*,#737,.F.);
#958=ORIENTED_EDGE('',*,*,#738,.F.);
#959=ORIENTED_EDGE('',*,*,#697,.T.);
#960=ORIENTED_EDGE('',*,*,#739,.T.);
#961=ORIENTED_EDGE('',*,*,#740,.T.);
#962=ORIENTED_EDGE('',*,*,#731,.T.);
#963=ORIENTED_EDGE('',*,*,#692,.T.);
#964=ORIENTED_EDGE('',*,*,#677,.T.);
#965=ORIENTED_EDGE('',*,*,#741,.F.);
#966=ORIENTED_EDGE('',*,*,#742,.F.);
#967=ORIENTED_EDGE('',*,*,#743,.T.);
#968=ORIENTED_EDGE('',*,*,#744,.T.);
#969=ORIENTED_EDGE('',*,*,#745,.F.);
#970=ORIENTED_EDGE('',*,*,#746,.T.);
#971=ORIENTED_EDGE('',*,*,#747,.T.);
#972=ORIENTED_EDGE('',*,*,#748,.F.);
#973=ORIENTED_EDGE('',*,*,#680,.T.);
#974=ORIENTED_EDGE('',*,*,#749,.T.);
#975=ORIENTED_EDGE('',*,*,#750,.F.);
#976=ORIENTED_EDGE('',*,*,#741,.T.);
#977=ORIENTED_EDGE('',*,*,#679,.T.);
#978=ORIENTED_EDGE('',*,*,#694,.T.);
#979=ORIENTED_EDGE('',*,*,#751,.F.);
#980=ORIENTED_EDGE('',*,*,#752,.T.);
#981=ORIENTED_EDGE('',*,*,#753,.T.);
#982=ORIENTED_EDGE('',*,*,#754,.T.);
#983=ORIENTED_EDGE('',*,*,#755,.T.);
#984=ORIENTED_EDGE('',*,*,#756,.T.);
#985=ORIENTED_EDGE('',*,*,#757,.F.);
#986=ORIENTED_EDGE('',*,*,#749,.F.);
#987=ORIENTED_EDGE('',*,*,#676,.T.);
#988=ORIENTED_EDGE('',*,*,#758,.T.);
#989=ORIENTED_EDGE('',*,*,#759,.F.);
#990=ORIENTED_EDGE('',*,*,#760,.T.);
#991=ORIENTED_EDGE('',*,*,#675,.T.);
#992=ORIENTED_EDGE('',*,*,#703,.T.);
#993=ORIENTED_EDGE('',*,*,#761,.F.);
#994=ORIENTED_EDGE('',*,*,#762,.T.);
#995=ORIENTED_EDGE('',*,*,#763,.T.);
#996=ORIENTED_EDGE('',*,*,#764,.T.);
#997=ORIENTED_EDGE('',*,*,#765,.T.);
#998=ORIENTED_EDGE('',*,*,#766,.T.);
#999=ORIENTED_EDGE('',*,*,#767,.F.);
#1000=ORIENTED_EDGE('',*,*,#758,.F.);
#1001=ORIENTED_EDGE('',*,*,#672,.T.);
#1002=ORIENTED_EDGE('',*,*,#768,.T.);
#1003=ORIENTED_EDGE('',*,*,#769,.F.);
#1004=ORIENTED_EDGE('',*,*,#770,.T.);
#1005=ORIENTED_EDGE('',*,*,#671,.T.);
#1006=ORIENTED_EDGE('',*,*,#691,.T.);
#1007=ORIENTED_EDGE('',*,*,#771,.F.);
#1008=ORIENTED_EDGE('',*,*,#772,.T.);
#1009=ORIENTED_EDGE('',*,*,#773,.T.);
#1010=ORIENTED_EDGE('',*,*,#774,.T.);
#1011=ORIENTED_EDGE('',*,*,#775,.T.);
#1012=ORIENTED_EDGE('',*,*,#776,.T.);
#1013=ORIENTED_EDGE('',*,*,#777,.F.);
#1014=ORIENTED_EDGE('',*,*,#768,.F.);
#1015=ORIENTED_EDGE('',*,*,#778,.F.);
#1016=ORIENTED_EDGE('',*,*,#736,.F.);
#1017=ORIENTED_EDGE('',*,*,#779,.T.);
#1018=ORIENTED_EDGE('',*,*,#780,.F.);
#1019=ORIENTED_EDGE('',*,*,#781,.F.);
#1020=ORIENTED_EDGE('',*,*,#726,.F.);
#1021=ORIENTED_EDGE('',*,*,#782,.T.);
#1022=ORIENTED_EDGE('',*,*,#783,.F.);
#1023=ORIENTED_EDGE('',*,*,#784,.F.);
#1024=ORIENTED_EDGE('',*,*,#716,.F.);
#1025=ORIENTED_EDGE('',*,*,#785,.T.);
#1026=ORIENTED_EDGE('',*,*,#786,.F.);
#1027=ORIENTED_EDGE('',*,*,#787,.F.);
#1028=ORIENTED_EDGE('',*,*,#766,.F.);
#1029=ORIENTED_EDGE('',*,*,#788,.T.);
#1030=ORIENTED_EDGE('',*,*,#789,.F.);
#1031=ORIENTED_EDGE('',*,*,#790,.F.);
#1032=ORIENTED_EDGE('',*,*,#776,.F.);
#1033=ORIENTED_EDGE('',*,*,#791,.T.);
#1034=ORIENTED_EDGE('',*,*,#792,.F.);
#1035=ORIENTED_EDGE('',*,*,#793,.F.);
#1036=ORIENTED_EDGE('',*,*,#756,.F.);
#1037=ORIENTED_EDGE('',*,*,#794,.T.);
#1038=ORIENTED_EDGE('',*,*,#743,.F.);
#1039=ORIENTED_EDGE('',*,*,#795,.F.);
#1040=ORIENTED_EDGE('',*,*,#796,.F.);
#1041=ORIENTED_EDGE('',*,*,#797,.F.);
#1042=ORIENTED_EDGE('',*,*,#798,.F.);
#1043=ORIENTED_EDGE('',*,*,#799,.F.);
#1044=ORIENTED_EDGE('',*,*,#800,.F.);
#1045=ORIENTED_EDGE('',*,*,#801,.F.);
#1046=ORIENTED_EDGE('',*,*,#802,.F.);
#1047=ORIENTED_EDGE('',*,*,#803,.F.);
#1048=ORIENTED_EDGE('',*,*,#804,.F.);
#1049=ORIENTED_EDGE('',*,*,#779,.F.);
#1050=ORIENTED_EDGE('',*,*,#735,.F.);
#1051=ORIENTED_EDGE('',*,*,#805,.F.);
#1052=ORIENTED_EDGE('',*,*,#806,.F.);
#1053=ORIENTED_EDGE('',*,*,#782,.F.);
#1054=ORIENTED_EDGE('',*,*,#725,.F.);
#1055=ORIENTED_EDGE('',*,*,#807,.F.);
#1056=ORIENTED_EDGE('',*,*,#808,.F.);
#1057=ORIENTED_EDGE('',*,*,#785,.F.);
#1058=ORIENTED_EDGE('',*,*,#715,.F.);
#1059=ORIENTED_EDGE('',*,*,#809,.F.);
#1060=ORIENTED_EDGE('',*,*,#810,.F.);
#1061=ORIENTED_EDGE('',*,*,#788,.F.);
#1062=ORIENTED_EDGE('',*,*,#765,.F.);
#1063=ORIENTED_EDGE('',*,*,#811,.F.);
#1064=ORIENTED_EDGE('',*,*,#812,.F.);
#1065=ORIENTED_EDGE('',*,*,#791,.F.);
#1066=ORIENTED_EDGE('',*,*,#775,.F.);
#1067=ORIENTED_EDGE('',*,*,#813,.F.);
#1068=ORIENTED_EDGE('',*,*,#744,.F.);
#1069=ORIENTED_EDGE('',*,*,#794,.F.);
#1070=ORIENTED_EDGE('',*,*,#755,.F.);
#1071=ORIENTED_EDGE('',*,*,#710,.T.);
#1072=ORIENTED_EDGE('',*,*,#814,.F.);
#1073=ORIENTED_EDGE('',*,*,#815,.F.);
#1074=ORIENTED_EDGE('',*,*,#786,.T.);
#1075=ORIENTED_EDGE('',*,*,#808,.T.);
#1076=ORIENTED_EDGE('',*,*,#816,.F.);
#1077=ORIENTED_EDGE('',*,*,#817,.T.);
#1078=ORIENTED_EDGE('',*,*,#818,.T.);
#1079=ORIENTED_EDGE('',*,*,#719,.F.);
#1080=ORIENTED_EDGE('',*,*,#706,.T.);
#1081=ORIENTED_EDGE('',*,*,#807,.T.);
#1082=ORIENTED_EDGE('',*,*,#724,.F.);
#1083=ORIENTED_EDGE('',*,*,#819,.T.);
#1084=ORIENTED_EDGE('',*,*,#816,.T.);
#1085=ORIENTED_EDGE('',*,*,#687,.T.);
#1086=ORIENTED_EDGE('',*,*,#820,.F.);
#1087=ORIENTED_EDGE('',*,*,#821,.F.);
#1088=ORIENTED_EDGE('',*,*,#783,.T.);
#1089=ORIENTED_EDGE('',*,*,#806,.T.);
#1090=ORIENTED_EDGE('',*,*,#822,.F.);
#1091=ORIENTED_EDGE('',*,*,#823,.T.);
#1092=ORIENTED_EDGE('',*,*,#824,.T.);
#1093=ORIENTED_EDGE('',*,*,#729,.F.);
#1094=ORIENTED_EDGE('',*,*,#699,.T.);
#1095=ORIENTED_EDGE('',*,*,#805,.T.);
#1096=ORIENTED_EDGE('',*,*,#734,.F.);
#1097=ORIENTED_EDGE('',*,*,#825,.T.);
#1098=ORIENTED_EDGE('',*,*,#822,.T.);
#1099=ORIENTED_EDGE('',*,*,#781,.T.);
#1100=ORIENTED_EDGE('',*,*,#821,.T.);
#1101=ORIENTED_EDGE('',*,*,#826,.T.);
#1102=ORIENTED_EDGE('',*,*,#727,.T.);
#1103=ORIENTED_EDGE('',*,*,#778,.T.);
#1104=ORIENTED_EDGE('',*,*,#827,.T.);
#1105=ORIENTED_EDGE('',*,*,#828,.T.);
#1106=ORIENTED_EDGE('',*,*,#737,.T.);
#1107=ORIENTED_EDGE('',*,*,#793,.T.);
#1108=ORIENTED_EDGE('',*,*,#742,.T.);
#1109=ORIENTED_EDGE('',*,*,#750,.T.);
#1110=ORIENTED_EDGE('',*,*,#757,.T.);
#1111=ORIENTED_EDGE('',*,*,#790,.T.);
#1112=ORIENTED_EDGE('',*,*,#829,.T.);
#1113=ORIENTED_EDGE('',*,*,#769,.T.);
#1114=ORIENTED_EDGE('',*,*,#777,.T.);
#1115=ORIENTED_EDGE('',*,*,#787,.T.);
#1116=ORIENTED_EDGE('',*,*,#830,.T.);
#1117=ORIENTED_EDGE('',*,*,#759,.T.);
#1118=ORIENTED_EDGE('',*,*,#767,.T.);
#1119=ORIENTED_EDGE('',*,*,#784,.T.);
#1120=ORIENTED_EDGE('',*,*,#815,.T.);
#1121=ORIENTED_EDGE('',*,*,#831,.T.);
#1122=ORIENTED_EDGE('',*,*,#717,.T.);
#1123=ORIENTED_EDGE('',*,*,#683,.T.);
#1124=ORIENTED_EDGE('',*,*,#832,.F.);
#1125=ORIENTED_EDGE('',*,*,#827,.F.);
#1126=ORIENTED_EDGE('',*,*,#780,.T.);
#1127=ORIENTED_EDGE('',*,*,#804,.T.);
#1128=ORIENTED_EDGE('',*,*,#833,.F.);
#1129=ORIENTED_EDGE('',*,*,#834,.T.);
#1130=ORIENTED_EDGE('',*,*,#835,.T.);
#1131=ORIENTED_EDGE('',*,*,#739,.F.);
#1132=ORIENTED_EDGE('',*,*,#696,.T.);
#1133=ORIENTED_EDGE('',*,*,#803,.T.);
#1134=ORIENTED_EDGE('',*,*,#754,.F.);
#1135=ORIENTED_EDGE('',*,*,#836,.T.);
#1136=ORIENTED_EDGE('',*,*,#833,.T.);
#1137=ORIENTED_EDGE('',*,*,#798,.T.);
#1138=ORIENTED_EDGE('',*,*,#837,.T.);
#1139=ORIENTED_EDGE('',*,*,#838,.T.);
#1140=ORIENTED_EDGE('',*,*,#839,.T.);
#1141=ORIENTED_EDGE('',*,*,#797,.T.);
#1142=ORIENTED_EDGE('',*,*,#840,.F.);
#1143=ORIENTED_EDGE('',*,*,#841,.T.);
#1144=ORIENTED_EDGE('',*,*,#837,.F.);
#1145=ORIENTED_EDGE('',*,*,#796,.T.);
#1146=ORIENTED_EDGE('',*,*,#842,.T.);
#1147=ORIENTED_EDGE('',*,*,#843,.T.);
#1148=ORIENTED_EDGE('',*,*,#840,.T.);
#1149=ORIENTED_EDGE('',*,*,#795,.T.);
#1150=ORIENTED_EDGE('',*,*,#844,.F.);
#1151=ORIENTED_EDGE('',*,*,#845,.T.);
#1152=ORIENTED_EDGE('',*,*,#842,.F.);
#1153=ORIENTED_EDGE('',*,*,#730,.F.);
#1154=ORIENTED_EDGE('',*,*,#824,.F.);
#1155=ORIENTED_EDGE('',*,*,#846,.T.);
#1156=ORIENTED_EDGE('',*,*,#722,.F.);
#1157=ORIENTED_EDGE('',*,*,#740,.F.);
#1158=ORIENTED_EDGE('',*,*,#835,.F.);
#1159=ORIENTED_EDGE('',*,*,#847,.T.);
#1160=ORIENTED_EDGE('',*,*,#732,.F.);
#1161=ORIENTED_EDGE('',*,*,#848,.F.);
#1162=ORIENTED_EDGE('',*,*,#747,.F.);
#1163=ORIENTED_EDGE('',*,*,#849,.T.);
#1164=ORIENTED_EDGE('',*,*,#752,.F.);
#1165=ORIENTED_EDGE('',*,*,#850,.F.);
#1166=ORIENTED_EDGE('',*,*,#851,.F.);
#1167=ORIENTED_EDGE('',*,*,#852,.T.);
#1168=ORIENTED_EDGE('',*,*,#772,.F.);
#1169=ORIENTED_EDGE('',*,*,#853,.F.);
#1170=ORIENTED_EDGE('',*,*,#854,.F.);
#1171=ORIENTED_EDGE('',*,*,#855,.T.);
#1172=ORIENTED_EDGE('',*,*,#762,.F.);
#1173=ORIENTED_EDGE('',*,*,#720,.F.);
#1174=ORIENTED_EDGE('',*,*,#818,.F.);
#1175=ORIENTED_EDGE('',*,*,#856,.T.);
#1176=ORIENTED_EDGE('',*,*,#712,.F.);
#1177=ORIENTED_EDGE('',*,*,#841,.F.);
#1178=ORIENTED_EDGE('',*,*,#843,.F.);
#1179=ORIENTED_EDGE('',*,*,#845,.F.);
#1180=ORIENTED_EDGE('',*,*,#857,.F.);
#1181=ORIENTED_EDGE('',*,*,#858,.F.);
#1182=ORIENTED_EDGE('',*,*,#859,.F.);
#1183=ORIENTED_EDGE('',*,*,#860,.F.);
#1184=ORIENTED_EDGE('',*,*,#838,.F.);
#1185=ORIENTED_EDGE('',*,*,#819,.F.);
#1186=ORIENTED_EDGE('',*,*,#723,.F.);
#1187=ORIENTED_EDGE('',*,*,#846,.F.);
#1188=ORIENTED_EDGE('',*,*,#823,.F.);
#1189=ORIENTED_EDGE('',*,*,#825,.F.);
#1190=ORIENTED_EDGE('',*,*,#733,.F.);
#1191=ORIENTED_EDGE('',*,*,#847,.F.);
#1192=ORIENTED_EDGE('',*,*,#834,.F.);
#1193=ORIENTED_EDGE('',*,*,#836,.F.);
#1194=ORIENTED_EDGE('',*,*,#753,.F.);
#1195=ORIENTED_EDGE('',*,*,#849,.F.);
#1196=ORIENTED_EDGE('',*,*,#746,.F.);
#1197=ORIENTED_EDGE('',*,*,#861,.F.);
#1198=ORIENTED_EDGE('',*,*,#773,.F.);
#1199=ORIENTED_EDGE('',*,*,#852,.F.);
#1200=ORIENTED_EDGE('',*,*,#862,.F.);
#1201=ORIENTED_EDGE('',*,*,#863,.F.);
#1202=ORIENTED_EDGE('',*,*,#763,.F.);
#1203=ORIENTED_EDGE('',*,*,#855,.F.);
#1204=ORIENTED_EDGE('',*,*,#864,.F.);
#1205=ORIENTED_EDGE('',*,*,#865,.F.);
#1206=ORIENTED_EDGE('',*,*,#713,.F.);
#1207=ORIENTED_EDGE('',*,*,#856,.F.);
#1208=ORIENTED_EDGE('',*,*,#817,.F.);
#1209=ORIENTED_EDGE('',*,*,#702,.T.);
#1210=ORIENTED_EDGE('',*,*,#866,.T.);
#1211=ORIENTED_EDGE('',*,*,#853,.T.);
#1212=ORIENTED_EDGE('',*,*,#761,.T.);
#1213=ORIENTED_EDGE('',*,*,#690,.T.);
#1214=ORIENTED_EDGE('',*,*,#867,.T.);
#1215=ORIENTED_EDGE('',*,*,#850,.T.);
#1216=ORIENTED_EDGE('',*,*,#771,.T.);
#1217=ORIENTED_EDGE('',*,*,#693,.T.);
#1218=ORIENTED_EDGE('',*,*,#748,.T.);
#1219=ORIENTED_EDGE('',*,*,#848,.T.);
#1220=ORIENTED_EDGE('',*,*,#751,.T.);
#1221=ORIENTED_EDGE('',*,*,#802,.T.);
#1222=ORIENTED_EDGE('',*,*,#868,.T.);
#1223=ORIENTED_EDGE('',*,*,#857,.T.);
#1224=ORIENTED_EDGE('',*,*,#844,.T.);
#1225=ORIENTED_EDGE('',*,*,#809,.T.);
#1226=ORIENTED_EDGE('',*,*,#714,.F.);
#1227=ORIENTED_EDGE('',*,*,#865,.T.);
#1228=ORIENTED_EDGE('',*,*,#869,.T.);
#1229=ORIENTED_EDGE('',*,*,#673,.T.);
#1230=ORIENTED_EDGE('',*,*,#760,.F.);
#1231=ORIENTED_EDGE('',*,*,#830,.F.);
#1232=ORIENTED_EDGE('',*,*,#789,.T.);
#1233=ORIENTED_EDGE('',*,*,#810,.T.);
#1234=ORIENTED_EDGE('',*,*,#869,.F.);
#1235=ORIENTED_EDGE('',*,*,#864,.T.);
#1236=ORIENTED_EDGE('',*,*,#854,.T.);
#1237=ORIENTED_EDGE('',*,*,#866,.F.);
#1238=ORIENTED_EDGE('',*,*,#701,.T.);
#1239=ORIENTED_EDGE('',*,*,#811,.T.);
#1240=ORIENTED_EDGE('',*,*,#764,.F.);
#1241=ORIENTED_EDGE('',*,*,#863,.T.);
#1242=ORIENTED_EDGE('',*,*,#870,.T.);
#1243=ORIENTED_EDGE('',*,*,#669,.T.);
#1244=ORIENTED_EDGE('',*,*,#770,.F.);
#1245=ORIENTED_EDGE('',*,*,#829,.F.);
#1246=ORIENTED_EDGE('',*,*,#792,.T.);
#1247=ORIENTED_EDGE('',*,*,#812,.T.);
#1248=ORIENTED_EDGE('',*,*,#870,.F.);
#1249=ORIENTED_EDGE('',*,*,#862,.T.);
#1250=ORIENTED_EDGE('',*,*,#851,.T.);
#1251=ORIENTED_EDGE('',*,*,#867,.F.);
#1252=ORIENTED_EDGE('',*,*,#689,.T.);
#1253=ORIENTED_EDGE('',*,*,#813,.T.);
#1254=ORIENTED_EDGE('',*,*,#774,.F.);
#1255=ORIENTED_EDGE('',*,*,#861,.T.);
#1256=ORIENTED_EDGE('',*,*,#745,.T.);
#1257=ORIENTED_EDGE('',*,*,#686,.T.);
#1258=ORIENTED_EDGE('',*,*,#728,.T.);
#1259=ORIENTED_EDGE('',*,*,#826,.F.);
#1260=ORIENTED_EDGE('',*,*,#820,.T.);
#1261=ORIENTED_EDGE('',*,*,#682,.T.);
#1262=ORIENTED_EDGE('',*,*,#738,.T.);
#1263=ORIENTED_EDGE('',*,*,#828,.F.);
#1264=ORIENTED_EDGE('',*,*,#832,.T.);
#1265=ORIENTED_EDGE('',*,*,#709,.T.);
#1266=ORIENTED_EDGE('',*,*,#718,.T.);
#1267=ORIENTED_EDGE('',*,*,#831,.F.);
#1268=ORIENTED_EDGE('',*,*,#814,.T.);
#1269=ORIENTED_EDGE('',*,*,#801,.T.);
#1270=ORIENTED_EDGE('',*,*,#871,.F.);
#1271=ORIENTED_EDGE('',*,*,#858,.T.);
#1272=ORIENTED_EDGE('',*,*,#868,.F.);
#1273=ORIENTED_EDGE('',*,*,#800,.T.);
#1274=ORIENTED_EDGE('',*,*,#872,.T.);
#1275=ORIENTED_EDGE('',*,*,#859,.T.);
#1276=ORIENTED_EDGE('',*,*,#871,.T.);
#1277=ORIENTED_EDGE('',*,*,#799,.T.);
#1278=ORIENTED_EDGE('',*,*,#839,.F.);
#1279=ORIENTED_EDGE('',*,*,#860,.T.);
#1280=ORIENTED_EDGE('',*,*,#872,.F.);
#1281=PLANE('',#1401);
#1282=PLANE('',#1404);
#1283=PLANE('',#1407);
#1284=PLANE('',#1410);
#1285=PLANE('',#1413);
#1286=PLANE('',#1429);
#1287=PLANE('',#1431);
#1288=PLANE('',#1432);
#1289=PLANE('',#1434);
#1290=PLANE('',#1435);
#1291=PLANE('',#1437);
#1292=PLANE('',#1438);
#1293=PLANE('',#1440);
#1294=PLANE('',#1443);
#1295=PLANE('',#1446);
#1296=PLANE('',#1449);
#1297=PLANE('',#1468);
#1298=PLANE('',#1479);
#1299=PLANE('',#1482);
#1300=PLANE('',#1485);
#1301=PLANE('',#1487);
#1302=PLANE('',#1489);
#1303=PLANE('',#1490);
#1304=PLANE('',#1491);
#1305=PLANE('',#1492);
#1306=PLANE('',#1494);
#1307=PLANE('',#1499);
#1308=PLANE('',#1502);
#1309=PLANE('',#1518);
#1310=PLANE('',#1524);
#1311=PLANE('',#1525);
#1312=PLANE('',#1526);
#1313=PLANE('',#1529);
#1314=PLANE('',#1531);
#1315=PLANE('',#1536);
#1316=PLANE('',#1538);
#1317=ADVANCED_FACE('',(#51),#1281,.T.);
#1318=ADVANCED_FACE('',(#52),#1282,.T.);
#1319=ADVANCED_FACE('',(#53),#1283,.T.);
#1320=ADVANCED_FACE('',(#54),#1284,.T.);
#1321=ADVANCED_FACE('',(#55),#1285,.T.);
#1322=ADVANCED_FACE('',(#56),#17,.F.);
#1323=ADVANCED_FACE('',(#57),#18,.F.);
#1324=ADVANCED_FACE('',(#58),#19,.F.);
#1325=ADVANCED_FACE('',(#59),#20,.F.);
#1326=ADVANCED_FACE('',(#60),#21,.F.);
#1327=ADVANCED_FACE('',(#61),#22,.F.);
#1328=ADVANCED_FACE('',(#62),#1286,.T.);
#1329=ADVANCED_FACE('',(#63),#1287,.F.);
#1330=ADVANCED_FACE('',(#64),#1288,.T.);
#1331=ADVANCED_FACE('',(#65),#1289,.F.);
#1332=ADVANCED_FACE('',(#66),#1290,.T.);
#1333=ADVANCED_FACE('',(#67),#1291,.F.);
#1334=ADVANCED_FACE('',(#68),#1292,.T.);
#1335=ADVANCED_FACE('',(#69),#1293,.F.);
#1336=ADVANCED_FACE('',(#70),#23,.F.);
#1337=ADVANCED_FACE('',(#71),#1294,.F.);
#1338=ADVANCED_FACE('',(#72),#24,.F.);
#1339=ADVANCED_FACE('',(#73),#1295,.F.);
#1340=ADVANCED_FACE('',(#74),#25,.F.);
#1341=ADVANCED_FACE('',(#75),#1296,.F.);
#1342=ADVANCED_FACE('',(#76),#26,.T.);
#1343=ADVANCED_FACE('',(#77),#27,.T.);
#1344=ADVANCED_FACE('',(#78),#28,.T.);
#1345=ADVANCED_FACE('',(#79),#29,.T.);
#1346=ADVANCED_FACE('',(#80),#30,.T.);
#1347=ADVANCED_FACE('',(#81),#31,.T.);
#1348=ADVANCED_FACE('',(#82,#15),#1297,.T.);
#1349=ADVANCED_FACE('',(#83),#1298,.F.);
#1350=ADVANCED_FACE('',(#84),#32,.F.);
#1351=ADVANCED_FACE('',(#85),#1299,.F.);
#1352=ADVANCED_FACE('',(#86),#33,.F.);
#1353=ADVANCED_FACE('',(#87),#1300,.F.);
#1354=ADVANCED_FACE('',(#88),#1301,.F.);
#1355=ADVANCED_FACE('',(#89),#1302,.F.);
#1356=ADVANCED_FACE('',(#90),#1303,.F.);
#1357=ADVANCED_FACE('',(#91),#1304,.F.);
#1358=ADVANCED_FACE('',(#92),#1305,.F.);
#1359=ADVANCED_FACE('',(#93),#1306,.F.);
#1360=ADVANCED_FACE('',(#94),#34,.F.);
#1361=ADVANCED_FACE('',(#95),#35,.T.);
#1362=ADVANCED_FACE('',(#96),#1307,.T.);
#1363=ADVANCED_FACE('',(#97),#36,.T.);
#1364=ADVANCED_FACE('',(#98),#1308,.T.);
#1365=ADVANCED_FACE('',(#99),#37,.T.);
#1366=ADVANCED_FACE('',(#100),#38,.T.);
#1367=ADVANCED_FACE('',(#101),#39,.T.);
#1368=ADVANCED_FACE('',(#102),#40,.T.);
#1369=ADVANCED_FACE('',(#103),#41,.T.);
#1370=ADVANCED_FACE('',(#104),#42,.T.);
#1371=ADVANCED_FACE('',(#105,#16),#1309,.T.);
#1372=ADVANCED_FACE('',(#106),#1310,.T.);
#1373=ADVANCED_FACE('',(#107),#1311,.T.);
#1374=ADVANCED_FACE('',(#108),#1312,.T.);
#1375=ADVANCED_FACE('',(#109),#43,.T.);
#1376=ADVANCED_FACE('',(#110),#44,.F.);
#1377=ADVANCED_FACE('',(#111),#1313,.F.);
#1378=ADVANCED_FACE('',(#112),#45,.F.);
#1379=ADVANCED_FACE('',(#113),#1314,.F.);
#1380=ADVANCED_FACE('',(#114),#46,.F.);
#1381=ADVANCED_FACE('',(#115),#47,.F.);
#1382=ADVANCED_FACE('',(#116),#48,.F.);
#1383=ADVANCED_FACE('',(#117),#49,.F.);
#1384=ADVANCED_FACE('',(#118),#1315,.T.);
#1385=ADVANCED_FACE('',(#119),#50,.T.);
#1386=ADVANCED_FACE('',(#120),#1316,.T.);
#1387=CLOSED_SHELL('',(#1317,#1318,#1319,#1320,#1321,#1322,#1323,#1324,
#1325,#1326,#1327,#1328,#1329,#1330,#1331,#1332,#1333,#1334,#1335,#1336,
#1337,#1338,#1339,#1340,#1341,#1342,#1343,#1344,#1345,#1346,#1347,#1348,
#1349,#1350,#1351,#1352,#1353,#1354,#1355,#1356,#1357,#1358,#1359,#1360,
#1361,#1362,#1363,#1364,#1365,#1366,#1367,#1368,#1369,#1370,#1371,#1372,
#1373,#1374,#1375,#1376,#1377,#1378,#1379,#1380,#1381,#1382,#1383,#1384,
#1385,#1386));
#1388=DERIVED_UNIT_ELEMENT(#1390,1.);
#1389=DERIVED_UNIT_ELEMENT(#2369,-3.);
#1390=(
MASS_UNIT()
NAMED_UNIT(*)
SI_UNIT(.KILO.,.GRAM.)
);
#1391=DERIVED_UNIT((#1388,#1389));
#1392=MEASURE_REPRESENTATION_ITEM('density measure',
POSITIVE_RATIO_MEASURE(7850.),#1391);
#1393=PROPERTY_DEFINITION_REPRESENTATION(#1398,#1395);
#1394=PROPERTY_DEFINITION_REPRESENTATION(#1399,#1396);
#1395=REPRESENTATION('material name',(#1397),#2366);
#1396=REPRESENTATION('density',(#1392),#2366);
#1397=DESCRIPTIVE_REPRESENTATION_ITEM('Steel','Steel');
#1398=PROPERTY_DEFINITION('material property','material name',#2376);
#1399=PROPERTY_DEFINITION('material property','density of part',#2376);
#1400=AXIS2_PLACEMENT_3D('',#1953,#1539,#1540);
#1401=AXIS2_PLACEMENT_3D('',#1954,#1541,#1542);
#1402=AXIS2_PLACEMENT_3D('',#1959,#1544,#1545);
#1403=AXIS2_PLACEMENT_3D('',#1962,#1547,#1548);
#1404=AXIS2_PLACEMENT_3D('',#1963,#1549,#1550);
#1405=AXIS2_PLACEMENT_3D('',#1968,#1552,#1553);
#1406=AXIS2_PLACEMENT_3D('',#1971,#1555,#1556);
#1407=AXIS2_PLACEMENT_3D('',#1972,#1557,#1558);
#1408=AXIS2_PLACEMENT_3D('',#1977,#1560,#1561);
#1409=AXIS2_PLACEMENT_3D('',#1980,#1563,#1564);
#1410=AXIS2_PLACEMENT_3D('',#1981,#1565,#1566);
#1411=AXIS2_PLACEMENT_3D('',#1986,#1568,#1569);
#1412=AXIS2_PLACEMENT_3D('',#1989,#1571,#1572);
#1413=AXIS2_PLACEMENT_3D('',#1990,#1573,#1574);
#1414=AXIS2_PLACEMENT_3D('',#1995,#1576,#1577);
#1415=AXIS2_PLACEMENT_3D('',#1998,#1579,#1580);
#1416=AXIS2_PLACEMENT_3D('',#1999,#1581,#1582);
#1417=AXIS2_PLACEMENT_3D('',#2003,#1584,#1585);
#1418=AXIS2_PLACEMENT_3D('',#2005,#1587,#1588);
#1419=AXIS2_PLACEMENT_3D('',#2009,#1590,#1591);
#1420=AXIS2_PLACEMENT_3D('',#2011,#1593,#1594);
#1421=AXIS2_PLACEMENT_3D('',#2016,#1597,#1598);
#1422=AXIS2_PLACEMENT_3D('',#2017,#1599,#1600);
#1423=AXIS2_PLACEMENT_3D('',#2022,#1603,#1604);
#1424=AXIS2_PLACEMENT_3D('',#2023,#1605,#1606);
#1425=AXIS2_PLACEMENT_3D('',#2027,#1608,#1609);
#1426=AXIS2_PLACEMENT_3D('',#2029,#1611,#1612);
#1427=AXIS2_PLACEMENT_3D('',#2034,#1614,#1615);
#1428=AXIS2_PLACEMENT_3D('',#2037,#1617,#1618);
#1429=AXIS2_PLACEMENT_3D('',#2038,#1619,#1620);
#1430=AXIS2_PLACEMENT_3D('',#2042,#1622,#1623);
#1431=AXIS2_PLACEMENT_3D('',#2044,#1625,#1626);
#1432=AXIS2_PLACEMENT_3D('',#2060,#1635,#1636);
#1433=AXIS2_PLACEMENT_3D('',#2063,#1638,#1639);
#1434=AXIS2_PLACEMENT_3D('',#2064,#1640,#1641);
#1435=AXIS2_PLACEMENT_3D('',#2080,#1650,#1651);
#1436=AXIS2_PLACEMENT_3D('',#2083,#1653,#1654);
#1437=AXIS2_PLACEMENT_3D('',#2084,#1655,#1656);
#1438=AXIS2_PLACEMENT_3D('',#2100,#1665,#1666);
#1439=AXIS2_PLACEMENT_3D('',#2103,#1668,#1669);
#1440=AXIS2_PLACEMENT_3D('',#2104,#1670,#1671);
#1441=AXIS2_PLACEMENT_3D('',#2120,#1680,#1681);
#1442=AXIS2_PLACEMENT_3D('',#2123,#1683,#1684);
#1443=AXIS2_PLACEMENT_3D('',#2124,#1685,#1686);
#1444=AXIS2_PLACEMENT_3D('',#2138,#1694,#1695);
#1445=AXIS2_PLACEMENT_3D('',#2142,#1697,#1698);
#1446=AXIS2_PLACEMENT_3D('',#2144,#1700,#1701);
#1447=AXIS2_PLACEMENT_3D('',#2158,#1709,#1710);
#1448=AXIS2_PLACEMENT_3D('',#2162,#1712,#1713);
#1449=AXIS2_PLACEMENT_3D('',#2164,#1715,#1716);
#1450=AXIS2_PLACEMENT_3D('',#2178,#1724,#1725);
#1451=AXIS2_PLACEMENT_3D('',#2180,#1726,#1727);
#1452=AXIS2_PLACEMENT_3D('',#2182,#1728,#1729);
#1453=AXIS2_PLACEMENT_3D('',#2184,#1731,#1732);
#1454=AXIS2_PLACEMENT_3D('',#2186,#1733,#1734);
#1455=AXIS2_PLACEMENT_3D('',#2188,#1735,#1736);
#1456=AXIS2_PLACEMENT_3D('',#2190,#1738,#1739);
#1457=AXIS2_PLACEMENT_3D('',#2192,#1740,#1741);
#1458=AXIS2_PLACEMENT_3D('',#2194,#1742,#1743);
#1459=AXIS2_PLACEMENT_3D('',#2196,#1745,#1746);
#1460=AXIS2_PLACEMENT_3D('',#2198,#1747,#1748);
#1461=AXIS2_PLACEMENT_3D('',#2200,#1749,#1750);
#1462=AXIS2_PLACEMENT_3D('',#2202,#1752,#1753);
#1463=AXIS2_PLACEMENT_3D('',#2204,#1754,#1755);
#1464=AXIS2_PLACEMENT_3D('',#2206,#1756,#1757);
#1465=AXIS2_PLACEMENT_3D('',#2208,#1759,#1760);
#1466=AXIS2_PLACEMENT_3D('',#2209,#1761,#1762);
#1467=AXIS2_PLACEMENT_3D('',#2210,#1763,#1764);
#1468=AXIS2_PLACEMENT_3D('',#2211,#1765,#1766);
#1469=AXIS2_PLACEMENT_3D('',#2216,#1768,#1769);
#1470=AXIS2_PLACEMENT_3D('',#2220,#1771,#1772);
#1471=AXIS2_PLACEMENT_3D('',#2224,#1774,#1775);
#1472=AXIS2_PLACEMENT_3D('',#2227,#1777,#1778);
#1473=AXIS2_PLACEMENT_3D('',#2229,#1779,#1780);
#1474=AXIS2_PLACEMENT_3D('',#2232,#1782,#1783);
#1475=AXIS2_PLACEMENT_3D('',#2235,#1785,#1786);
#1476=AXIS2_PLACEMENT_3D('',#2238,#1788,#1789);
#1477=AXIS2_PLACEMENT_3D('',#2241,#1791,#1792);
#1478=AXIS2_PLACEMENT_3D('',#2243,#1794,#1795);
#1479=AXIS2_PLACEMENT_3D('',#2244,#1796,#1797);
#1480=AXIS2_PLACEMENT_3D('',#2253,#1803,#1804);
#1481=AXIS2_PLACEMENT_3D('',#2254,#1805,#1806);
#1482=AXIS2_PLACEMENT_3D('',#2255,#1807,#1808);
#1483=AXIS2_PLACEMENT_3D('',#2264,#1814,#1815);
#1484=AXIS2_PLACEMENT_3D('',#2265,#1816,#1817);
#1485=AXIS2_PLACEMENT_3D('',#2266,#1818,#1819);
#1486=AXIS2_PLACEMENT_3D('',#2267,#1820,#1821);
#1487=AXIS2_PLACEMENT_3D('',#2268,#1822,#1823);
#1488=AXIS2_PLACEMENT_3D('',#2271,#1825,#1826);
#1489=AXIS2_PLACEMENT_3D('',#2272,#1827,#1828);
#1490=AXIS2_PLACEMENT_3D('',#2273,#1829,#1830);
#1491=AXIS2_PLACEMENT_3D('',#2275,#1832,#1833);
#1492=AXIS2_PLACEMENT_3D('',#2277,#1835,#1836);
#1493=AXIS2_PLACEMENT_3D('',#2278,#1837,#1838);
#1494=AXIS2_PLACEMENT_3D('',#2279,#1839,#1840);
#1495=AXIS2_PLACEMENT_3D('',#2286,#1845,#1846);
#1496=AXIS2_PLACEMENT_3D('',#2287,#1847,#1848);
#1497=AXIS2_PLACEMENT_3D('',#2288,#1849,#1850);
#1498=AXIS2_PLACEMENT_3D('',#2292,#1852,#1853);
#1499=AXIS2_PLACEMENT_3D('',#2294,#1855,#1856);
#1500=AXIS2_PLACEMENT_3D('',#2298,#1859,#1860);
#1501=AXIS2_PLACEMENT_3D('',#2301,#1862,#1863);
#1502=AXIS2_PLACEMENT_3D('',#2302,#1864,#1865);
#1503=AXIS2_PLACEMENT_3D('',#2306,#1868,#1869);
#1504=AXIS2_PLACEMENT_3D('',#2307,#1870,#1871);
#1505=AXIS2_PLACEMENT_3D('',#2308,#1872,#1873);
#1506=AXIS2_PLACEMENT_3D('',#2309,#1874,#1875);
#1507=AXIS2_PLACEMENT_3D('',#2310,#1876,#1877);
#1508=AXIS2_PLACEMENT_3D('',#2311,#1878,#1879);
#1509=AXIS2_PLACEMENT_3D('',#2312,#1880,#1881);
#1510=AXIS2_PLACEMENT_3D('',#2313,#1882,#1883);
#1511=AXIS2_PLACEMENT_3D('',#2315,#1884,#1885);
#1512=AXIS2_PLACEMENT_3D('',#2318,#1887,#1888);
#1513=AXIS2_PLACEMENT_3D('',#2319,#1889,#1890);
#1514=AXIS2_PLACEMENT_3D('',#2321,#1891,#1892);
#1515=AXIS2_PLACEMENT_3D('',#2324,#1894,#1895);
#1516=AXIS2_PLACEMENT_3D('',#2325,#1896,#1897);
#1517=AXIS2_PLACEMENT_3D('',#2326,#1898,#1899);
#1518=AXIS2_PLACEMENT_3D('',#2327,#1900,#1901);
#1519=AXIS2_PLACEMENT_3D('',#2329,#1902,#1903);
#1520=AXIS2_PLACEMENT_3D('',#2333,#1905,#1906);
#1521=AXIS2_PLACEMENT_3D('',#2335,#1908,#1909);
#1522=AXIS2_PLACEMENT_3D('',#2338,#1911,#1912);
#1523=AXIS2_PLACEMENT_3D('',#2341,#1914,#1915);
#1524=AXIS2_PLACEMENT_3D('',#2342,#1916,#1917);
#1525=AXIS2_PLACEMENT_3D('',#2344,#1919,#1920);
#1526=AXIS2_PLACEMENT_3D('',#2346,#1922,#1923);
#1527=AXIS2_PLACEMENT_3D('',#2347,#1924,#1925);
#1528=AXIS2_PLACEMENT_3D('',#2349,#1927,#1928);
#1529=AXIS2_PLACEMENT_3D('',#2351,#1930,#1931);
#1530=AXIS2_PLACEMENT_3D('',#2352,#1932,#1933);
#1531=AXIS2_PLACEMENT_3D('',#2354,#1935,#1936);
#1532=AXIS2_PLACEMENT_3D('',#2355,#1937,#1938);
#1533=AXIS2_PLACEMENT_3D('',#2356,#1939,#1940);
#1534=AXIS2_PLACEMENT_3D('',#2357,#1941,#1942);
#1535=AXIS2_PLACEMENT_3D('',#2358,#1943,#1944);
#1536=AXIS2_PLACEMENT_3D('',#2359,#1945,#1946);
#1537=AXIS2_PLACEMENT_3D('',#2361,#1948,#1949);
#1538=AXIS2_PLACEMENT_3D('',#2363,#1951,#1952);
#1539=DIRECTION('axis',(0.,0.,1.));
#1540=DIRECTION('refdir',(1.,0.,0.));
#1541=DIRECTION('center_axis',(0.,1.,0.));
#1542=DIRECTION('ref_axis',(-1.,0.,0.));
#1543=DIRECTION('',(0.,0.,-1.));
#1544=DIRECTION('center_axis',(0.,-1.,0.));
#1545=DIRECTION('ref_axis',(-1.,0.,0.));
#1546=DIRECTION('',(0.866025403784438,0.,0.5));
#1547=DIRECTION('center_axis',(0.,1.,0.));
#1548=DIRECTION('ref_axis',(-1.,0.,0.));
#1549=DIRECTION('center_axis',(0.,1.,0.));
#1550=DIRECTION('ref_axis',(-1.,0.,0.));
#1551=DIRECTION('',(0.866025403784439,0.,-0.5));
#1552=DIRECTION('center_axis',(0.,-1.,0.));
#1553=DIRECTION('ref_axis',(-1.,0.,0.));
#1554=DIRECTION('',(0.,0.,1.));
#1555=DIRECTION('center_axis',(0.,1.,0.));
#1556=DIRECTION('ref_axis',(-1.,0.,0.));
#1557=DIRECTION('center_axis',(0.,1.,0.));
#1558=DIRECTION('ref_axis',(-1.,0.,0.));
#1559=DIRECTION('',(-0.866025403784438,0.,-0.5));
#1560=DIRECTION('center_axis',(0.,-1.,0.));
#1561=DIRECTION('ref_axis',(-1.,0.,0.));
#1562=DIRECTION('',(0.866025403784439,0.,-0.5));
#1563=DIRECTION('center_axis',(0.,1.,0.));
#1564=DIRECTION('ref_axis',(-1.,0.,0.));
#1565=DIRECTION('center_axis',(0.,1.,0.));
#1566=DIRECTION('ref_axis',(-1.,0.,0.));
#1567=DIRECTION('',(0.,0.,-1.));
#1568=DIRECTION('center_axis',(0.,1.,0.));
#1569=DIRECTION('ref_axis',(-1.,0.,0.));
#1570=DIRECTION('',(-0.866025403784439,0.,0.5));
#1571=DIRECTION('center_axis',(0.,-1.,0.));
#1572=DIRECTION('ref_axis',(-1.,0.,0.));
#1573=DIRECTION('center_axis',(0.,1.,0.));
#1574=DIRECTION('ref_axis',(-1.,0.,0.));
#1575=DIRECTION('',(-0.866025403784438,0.,-0.5));
#1576=DIRECTION('center_axis',(0.,1.,0.));
#1577=DIRECTION('ref_axis',(-1.,0.,0.));
#1578=DIRECTION('',(0.,0.,1.));
#1579=DIRECTION('center_axis',(0.,-1.,0.));
#1580=DIRECTION('ref_axis',(-1.,0.,0.));
#1581=DIRECTION('center_axis',(0.,-1.,0.));
#1582=DIRECTION('ref_axis',(-1.,0.,0.));
#1583=DIRECTION('',(0.,-1.,0.));
#1584=DIRECTION('center_axis',(0.,-1.,0.));
#1585=DIRECTION('ref_axis',(-1.,0.,0.));
#1586=DIRECTION('',(0.,1.,0.));
#1587=DIRECTION('center_axis',(0.,-1.,0.));
#1588=DIRECTION('ref_axis',(0.998946771695543,0.,-0.0458840638899135));
#1589=DIRECTION('',(0.,-1.,0.));
#1590=DIRECTION('center_axis',(0.,-1.,0.));
#1591=DIRECTION('ref_axis',(-1.,0.,0.));
#1592=DIRECTION('',(0.,1.,0.));
#1593=DIRECTION('center_axis',(0.,-1.,0.));
#1594=DIRECTION('ref_axis',(-1.,0.,0.));
#1595=DIRECTION('',(0.,1.,0.));
#1596=DIRECTION('',(0.,-1.,0.));
#1597=DIRECTION('center_axis',(0.,-1.,0.));
#1598=DIRECTION('ref_axis',(-1.,0.,0.));
#1599=DIRECTION('center_axis',(0.,-1.,0.));
#1600=DIRECTION('ref_axis',(-1.,0.,0.));
#1601=DIRECTION('',(0.,1.,0.));
#1602=DIRECTION('',(0.,-1.,0.));
#1603=DIRECTION('center_axis',(0.,-1.,0.));
#1604=DIRECTION('ref_axis',(-1.,0.,0.));
#1605=DIRECTION('center_axis',(0.,-1.,0.));
#1606=DIRECTION('ref_axis',(-1.,0.,0.));
#1607=DIRECTION('',(0.,-1.,0.));
#1608=DIRECTION('center_axis',(0.,-1.,0.));
#1609=DIRECTION('ref_axis',(-1.,0.,0.));
#1610=DIRECTION('',(0.,1.,0.));
#1611=DIRECTION('center_axis',(0.,-1.,0.));
#1612=DIRECTION('ref_axis',(-1.,0.,0.));
#1613=DIRECTION('',(0.,1.,0.));
#1614=DIRECTION('center_axis',(0.,-1.,0.));
#1615=DIRECTION('ref_axis',(-1.,0.,0.));
#1616=DIRECTION('',(0.,-1.,0.));
#1617=DIRECTION('center_axis',(0.,-1.,0.));
#1618=DIRECTION('ref_axis',(-1.,0.,0.));
#1619=DIRECTION('center_axis',(0.,1.,0.));
#1620=DIRECTION('ref_axis',(-1.,0.,0.));
#1621=DIRECTION('',(-0.866025403784439,0.,0.5));
#1622=DIRECTION('center_axis',(0.,1.,0.));
#1623=DIRECTION('ref_axis',(-1.,0.,0.));
#1624=DIRECTION('',(0.866025403784438,0.,0.5));
#1625=DIRECTION('center_axis',(-0.5,0.,-0.866025403784439));
#1626=DIRECTION('ref_axis',(0.866025403784439,0.,-0.5));
#1627=DIRECTION('',(0.866025403784439,0.,-0.5));
#1628=DIRECTION('',(0.,-1.,0.));
#1629=DIRECTION('',(-0.866025403784439,0.,0.5));
#1630=DIRECTION('',(0.,-1.,0.));
#1631=DIRECTION('',(0.866025403784439,0.,-0.5));
#1632=DIRECTION('',(0.,-1.,0.));
#1633=DIRECTION('',(-0.866025403784439,0.,0.5));
#1634=DIRECTION('',(0.,-1.,0.));
#1635=DIRECTION('center_axis',(0.,1.,0.));
#1636=DIRECTION('ref_axis',(0.,0.,1.));
#1637=DIRECTION('',(-0.866025403784438,0.,-0.5));
#1638=DIRECTION('center_axis',(0.,1.,0.));
#1639=DIRECTION('ref_axis',(-1.,0.,0.));
#1640=DIRECTION('center_axis',(0.5,0.,-0.866025403784439));
#1641=DIRECTION('ref_axis',(0.866025403784438,0.,0.5));
#1642=DIRECTION('',(0.866025403784438,0.,0.5));
#1643=DIRECTION('',(0.,-1.,0.));
#1644=DIRECTION('',(-0.866025403784438,0.,-0.5));
#1645=DIRECTION('',(0.,-1.,0.));
#1646=DIRECTION('',(0.866025403784438,0.,0.5));
#1647=DIRECTION('',(0.,-1.,0.));
#1648=DIRECTION('',(-0.866025403784438,0.,-0.5));
#1649=DIRECTION('',(0.,-1.,0.));
#1650=DIRECTION('center_axis',(0.,1.,0.));
#1651=DIRECTION('ref_axis',(0.,0.,1.));
#1652=DIRECTION('',(0.,0.,-1.));
#1653=DIRECTION('center_axis',(0.,1.,0.));
#1654=DIRECTION('ref_axis',(-1.,0.,0.));
#1655=DIRECTION('center_axis',(1.,0.,0.));
#1656=DIRECTION('ref_axis',(0.,0.,1.));
#1657=DIRECTION('',(0.,0.,1.));
#1658=DIRECTION('',(0.,-1.,0.));
#1659=DIRECTION('',(0.,0.,-1.));
#1660=DIRECTION('',(0.,-1.,0.));
#1661=DIRECTION('',(0.,0.,1.));
#1662=DIRECTION('',(0.,-1.,0.));
#1663=DIRECTION('',(0.,0.,-1.));
#1664=DIRECTION('',(0.,-1.,0.));
#1665=DIRECTION('center_axis',(0.,1.,0.));
#1666=DIRECTION('ref_axis',(0.,0.,1.));
#1667=DIRECTION('',(0.866025403784439,0.,-0.5));
#1668=DIRECTION('center_axis',(0.,1.,0.));
#1669=DIRECTION('ref_axis',(-1.,0.,0.));
#1670=DIRECTION('center_axis',(0.5,0.,-0.866025403784439));
#1671=DIRECTION('ref_axis',(0.866025403784439,0.,0.5));
#1672=DIRECTION('',(0.,1.,0.));
#1673=DIRECTION('',(-0.866025403784439,0.,-0.5));
#1674=DIRECTION('',(0.,1.,0.));
#1675=DIRECTION('',(0.866025403784439,0.,0.5));
#1676=DIRECTION('',(0.,-1.,0.));
#1677=DIRECTION('',(-0.866025403784439,0.,-0.5));
#1678=DIRECTION('',(0.,1.,0.));
#1679=DIRECTION('',(0.866025403784439,0.,0.5));
#1680=DIRECTION('center_axis',(0.,-1.,0.));
#1681=DIRECTION('ref_axis',(0.998720333326687,0.,-0.0505736670593638));
#1682=DIRECTION('',(0.,-1.,0.));
#1683=DIRECTION('center_axis',(0.,1.,0.));
#1684=DIRECTION('ref_axis',(-1.,0.,0.));
#1685=DIRECTION('center_axis',(0.5,0.,0.866025403784439));
#1686=DIRECTION('ref_axis',(-0.866025403784439,0.,0.5));
#1687=DIRECTION('',(-0.866025403784439,0.,0.5));
#1688=DIRECTION('',(0.,-1.,0.));
#1689=DIRECTION('',(0.866025403784439,0.,-0.5));
#1690=DIRECTION('',(0.,-1.,0.));
#1691=DIRECTION('',(-0.866025403784439,0.,0.5));
#1692=DIRECTION('',(0.,-1.,0.));
#1693=DIRECTION('',(0.866025403784439,0.,-0.5));
#1694=DIRECTION('center_axis',(0.,-1.,0.));
#1695=DIRECTION('ref_axis',(-1.,0.,0.));
#1696=DIRECTION('',(0.,-1.,0.));
#1697=DIRECTION('center_axis',(0.,1.,0.));
#1698=DIRECTION('ref_axis',(-1.,0.,0.));
#1699=DIRECTION('',(0.,1.,0.));
#1700=DIRECTION('center_axis',(-1.,0.,0.));
#1701=DIRECTION('ref_axis',(0.,0.,-1.));
#1702=DIRECTION('',(0.,0.,-1.));
#1703=DIRECTION('',(0.,-1.,0.));
#1704=DIRECTION('',(0.,0.,1.));
#1705=DIRECTION('',(0.,-1.,0.));
#1706=DIRECTION('',(0.,0.,-1.));
#1707=DIRECTION('',(0.,-1.,0.));
#1708=DIRECTION('',(0.,0.,1.));
#1709=DIRECTION('center_axis',(0.,-1.,0.));
#1710=DIRECTION('ref_axis',(-1.,0.,0.));
#1711=DIRECTION('',(0.,-1.,0.));
#1712=DIRECTION('center_axis',(0.,1.,0.));
#1713=DIRECTION('ref_axis',(-1.,0.,0.));
#1714=DIRECTION('',(0.,1.,0.));
#1715=DIRECTION('center_axis',(-0.5,0.,0.866025403784438));
#1716=DIRECTION('ref_axis',(-0.866025403784438,0.,-0.5));
#1717=DIRECTION('',(-0.866025403784438,0.,-0.5));
#1718=DIRECTION('',(0.,-1.,0.));
#1719=DIRECTION('',(0.866025403784438,0.,0.5));
#1720=DIRECTION('',(0.,-1.,0.));
#1721=DIRECTION('',(-0.866025403784438,0.,-0.5));
#1722=DIRECTION('',(0.,-1.,0.));
#1723=DIRECTION('',(0.866025403784438,0.,0.5));
#1724=DIRECTION('center_axis',(0.,1.,0.));
#1725=DIRECTION('ref_axis',(1.,0.,0.));
#1726=DIRECTION('center_axis',(0.,-1.,0.));
#1727=DIRECTION('ref_axis',(1.,0.,0.));
#1728=DIRECTION('center_axis',(0.,-1.,0.));
#1729=DIRECTION('ref_axis',(1.,0.,0.));
#1730=DIRECTION('',(0.,1.,0.));
#1731=DIRECTION('center_axis',(0.,1.,0.));
#1732=DIRECTION('ref_axis',(1.,0.,0.));
#1733=DIRECTION('center_axis',(0.,-1.,0.));
#1734=DIRECTION('ref_axis',(1.,0.,0.));
#1735=DIRECTION('center_axis',(0.,-1.,0.));
#1736=DIRECTION('ref_axis',(1.,0.,0.));
#1737=DIRECTION('',(0.,1.,0.));
#1738=DIRECTION('center_axis',(0.,1.,0.));
#1739=DIRECTION('ref_axis',(-0.999396743093328,0.,-0.0347296687926602));
#1740=DIRECTION('center_axis',(0.,-1.,0.));
#1741=DIRECTION('ref_axis',(1.,0.,0.));
#1742=DIRECTION('center_axis',(0.,-1.,0.));
#1743=DIRECTION('ref_axis',(1.,0.,0.));
#1744=DIRECTION('',(0.,1.,0.));
#1745=DIRECTION('center_axis',(0.,1.,0.));
#1746=DIRECTION('ref_axis',(1.,0.,0.));
#1747=DIRECTION('center_axis',(0.,-1.,0.));
#1748=DIRECTION('ref_axis',(1.,0.,0.));
#1749=DIRECTION('center_axis',(0.,-1.,0.));
#1750=DIRECTION('ref_axis',(1.,0.,0.));
#1751=DIRECTION('',(0.,1.,0.));
#1752=DIRECTION('center_axis',(0.,1.,0.));
#1753=DIRECTION('ref_axis',(1.,0.,0.));
#1754=DIRECTION('center_axis',(0.,-1.,0.));
#1755=DIRECTION('ref_axis',(1.,0.,0.));
#1756=DIRECTION('center_axis',(0.,-1.,0.));
#1757=DIRECTION('ref_axis',(1.,0.,0.));
#1758=DIRECTION('',(0.,1.,0.));
#1759=DIRECTION('center_axis',(0.,1.,0.));
#1760=DIRECTION('ref_axis',(1.,0.,0.));
#1761=DIRECTION('center_axis',(0.,-1.,0.));
#1762=DIRECTION('ref_axis',(1.,0.,0.));
#1763=DIRECTION('center_axis',(0.,-1.,0.));
#1764=DIRECTION('ref_axis',(1.,0.,0.));
#1765=DIRECTION('center_axis',(0.,-1.,0.));
#1766=DIRECTION('ref_axis',(1.,0.,0.));
#1767=DIRECTION('',(-1.,0.,0.));
#1768=DIRECTION('center_axis',(0.,1.,0.));
#1769=DIRECTION('ref_axis',(0.707106781186547,0.,-0.707106781186547));
#1770=DIRECTION('',(0.,0.,-1.));
#1771=DIRECTION('center_axis',(0.,1.,0.));
#1772=DIRECTION('ref_axis',(0.707106781186547,0.,0.707106781186547));
#1773=DIRECTION('',(1.,0.,0.));
#1774=DIRECTION('center_axis',(0.,1.,0.));
#1775=DIRECTION('ref_axis',(-0.707106781186547,0.,0.707106781186547));
#1776=DIRECTION('',(0.,0.,1.));
#1777=DIRECTION('center_axis',(0.,1.,0.));
#1778=DIRECTION('ref_axis',(-0.707106781186547,0.,-0.707106781186547));
#1779=DIRECTION('center_axis',(0.,-1.,0.));
#1780=DIRECTION('ref_axis',(0.5,0.,0.866025403784439));
#1781=DIRECTION('',(0.866025403784439,0.,-0.5));
#1782=DIRECTION('center_axis',(0.,-1.,0.));
#1783=DIRECTION('ref_axis',(1.,0.,0.));
#1784=DIRECTION('',(0.,0.,-1.));
#1785=DIRECTION('center_axis',(0.,-1.,0.));
#1786=DIRECTION('ref_axis',(0.5,0.,-0.866025403784438));
#1787=DIRECTION('',(-0.866025403784438,0.,-0.5));
#1788=DIRECTION('center_axis',(0.,-1.,0.));
#1789=DIRECTION('ref_axis',(-0.5,0.,-0.866025403784439));
#1790=DIRECTION('',(-0.866025403784439,0.,0.5));
#1791=DIRECTION('center_axis',(0.,-1.,0.));
#1792=DIRECTION('ref_axis',(-1.,0.,0.));
#1793=DIRECTION('',(0.,0.,1.));
#1794=DIRECTION('center_axis',(0.,-1.,0.));
#1795=DIRECTION('ref_axis',(-0.5,0.,0.866025403784439));
#1796=DIRECTION('center_axis',(-0.5,0.,0.866025403784439));
#1797=DIRECTION('ref_axis',(-0.866025403784438,0.,-0.5));
#1798=DIRECTION('',(0.,1.,0.));
#1799=DIRECTION('',(0.866025403784438,0.,0.5));
#1800=DIRECTION('',(0.,-1.,0.));
#1801=DIRECTION('',(0.866025403784438,0.,0.5));
#1802=DIRECTION('',(0.,1.,0.));
#1803=DIRECTION('center_axis',(0.,-1.,0.));
#1804=DIRECTION('ref_axis',(0.5,0.,-0.866025403784438));
#1805=DIRECTION('center_axis',(0.,1.,0.));
#1806=DIRECTION('ref_axis',(0.5,0.,-0.866025403784438));
#1807=DIRECTION('center_axis',(-1.,0.,0.));
#1808=DIRECTION('ref_axis',(0.,0.,-1.));
#1809=DIRECTION('',(0.,1.,0.));
#1810=DIRECTION('',(0.,0.,1.));
#1811=DIRECTION('',(0.,-1.,0.));
#1812=DIRECTION('',(0.,0.,1.));
#1813=DIRECTION('',(0.,1.,0.));
#1814=DIRECTION('center_axis',(0.,-1.,0.));
#1815=DIRECTION('ref_axis',(1.,0.,0.));
#1816=DIRECTION('center_axis',(0.,1.,0.));
#1817=DIRECTION('ref_axis',(1.,0.,0.));
#1818=DIRECTION('center_axis',(0.,1.,0.));
#1819=DIRECTION('ref_axis',(1.,0.,0.));
#1820=DIRECTION('center_axis',(0.,1.,0.));
#1821=DIRECTION('ref_axis',(-1.,0.,0.));
#1822=DIRECTION('center_axis',(0.,1.,0.));
#1823=DIRECTION('ref_axis',(1.,0.,0.));
#1824=DIRECTION('',(-0.866025403784439,0.,0.5));
#1825=DIRECTION('center_axis',(0.,1.,0.));
#1826=DIRECTION('ref_axis',(-1.,0.,0.));
#1827=DIRECTION('center_axis',(0.,1.,0.));
#1828=DIRECTION('ref_axis',(1.,0.,0.));
#1829=DIRECTION('center_axis',(0.,1.,0.));
#1830=DIRECTION('ref_axis',(1.,0.,0.));
#1831=DIRECTION('',(0.,0.,-1.));
#1832=DIRECTION('center_axis',(0.,1.,0.));
#1833=DIRECTION('ref_axis',(1.,0.,0.));
#1834=DIRECTION('',(0.866025403784439,0.,-0.5));
#1835=DIRECTION('center_axis',(0.,1.,0.));
#1836=DIRECTION('ref_axis',(1.,0.,0.));
#1837=DIRECTION('center_axis',(0.,1.,0.));
#1838=DIRECTION('ref_axis',(-1.,0.,0.));
#1839=DIRECTION('center_axis',(-0.5,0.,-0.866025403784439));
#1840=DIRECTION('ref_axis',(0.866025403784439,0.,-0.5));
#1841=DIRECTION('',(0.,1.,0.));
#1842=DIRECTION('',(0.,-1.,0.));
#1843=DIRECTION('',(-0.866025403784439,0.,0.5));
#1844=DIRECTION('',(0.,1.,0.));
#1845=DIRECTION('center_axis',(0.,-1.,0.));
#1846=DIRECTION('ref_axis',(0.5,0.,0.866025403784439));
#1847=DIRECTION('center_axis',(0.,1.,0.));
#1848=DIRECTION('ref_axis',(0.5,0.,0.866025403784439));
#1849=DIRECTION('center_axis',(0.,1.,0.));
#1850=DIRECTION('ref_axis',(0.707106781186547,0.,0.707106781186547));
#1851=DIRECTION('',(0.,1.,0.));
#1852=DIRECTION('center_axis',(0.,-1.,0.));
#1853=DIRECTION('ref_axis',(0.707106781186547,0.,0.707106781186547));
#1854=DIRECTION('',(0.,-1.,0.));
#1855=DIRECTION('center_axis',(1.,0.,0.));
#1856=DIRECTION('ref_axis',(0.,0.,-1.));
#1857=DIRECTION('',(0.,-1.,0.));
#1858=DIRECTION('',(0.,0.,1.));
#1859=DIRECTION('center_axis',(0.,1.,0.));
#1860=DIRECTION('ref_axis',(0.707106781186547,0.,-0.707106781186547));
#1861=DIRECTION('',(0.,1.,0.));
#1862=DIRECTION('center_axis',(0.,-1.,0.));
#1863=DIRECTION('ref_axis',(0.707106781186547,0.,-0.707106781186547));
#1864=DIRECTION('center_axis',(0.,0.,-1.));
#1865=DIRECTION('ref_axis',(-1.,0.,0.));
#1866=DIRECTION('',(0.,-1.,0.));
#1867=DIRECTION('',(1.,0.,0.));
#1868=DIRECTION('center_axis',(0.,-1.,0.));
#1869=DIRECTION('ref_axis',(-1.,0.,0.));
#1870=DIRECTION('center_axis',(0.,1.,0.));
#1871=DIRECTION('ref_axis',(-1.,0.,0.));
#1872=DIRECTION('center_axis',(0.,-1.,0.));
#1873=DIRECTION('ref_axis',(-1.,0.,0.));
#1874=DIRECTION('center_axis',(0.,1.,0.));
#1875=DIRECTION('ref_axis',(-1.,0.,0.));
#1876=DIRECTION('center_axis',(0.,-1.,0.));
#1877=DIRECTION('ref_axis',(0.999399640499557,0.,-0.034646191267672));
#1878=DIRECTION('center_axis',(0.,1.,0.));
#1879=DIRECTION('ref_axis',(-1.,0.,0.));
#1880=DIRECTION('center_axis',(0.,1.,0.));
#1881=DIRECTION('ref_axis',(-1.,0.,0.));
#1882=DIRECTION('center_axis',(0.,-1.,0.));
#1883=DIRECTION('ref_axis',(-1.,0.,0.));
#1884=DIRECTION('center_axis',(0.,1.,0.));
#1885=DIRECTION('ref_axis',(-1.,0.,0.));
#1886=DIRECTION('',(0.,1.,0.));
#1887=DIRECTION('center_axis',(0.,1.,0.));
#1888=DIRECTION('ref_axis',(-1.,0.,0.));
#1889=DIRECTION('center_axis',(0.,-1.,0.));
#1890=DIRECTION('ref_axis',(-1.,0.,0.));
#1891=DIRECTION('center_axis',(0.,1.,0.));
#1892=DIRECTION('ref_axis',(-1.,0.,0.));
#1893=DIRECTION('',(0.,1.,0.));
#1894=DIRECTION('center_axis',(0.,1.,0.));
#1895=DIRECTION('ref_axis',(-1.,0.,0.));
#1896=DIRECTION('center_axis',(0.,-1.,0.));
#1897=DIRECTION('ref_axis',(-1.,0.,0.));
#1898=DIRECTION('center_axis',(0.,1.,0.));
#1899=DIRECTION('ref_axis',(-1.,0.,0.));
#1900=DIRECTION('center_axis',(0.,1.,0.));
#1901=DIRECTION('ref_axis',(-1.,0.,0.));
#1902=DIRECTION('center_axis',(0.,-1.,0.));
#1903=DIRECTION('ref_axis',(-0.707106781186547,0.,-0.707106781186547));
#1904=DIRECTION('',(0.,0.,-1.));
#1905=DIRECTION('center_axis',(0.,-1.,0.));
#1906=DIRECTION('ref_axis',(-0.707106781186547,0.,0.707106781186547));
#1907=DIRECTION('',(-1.,0.,0.));
#1908=DIRECTION('center_axis',(0.,1.,0.));
#1909=DIRECTION('ref_axis',(-0.5,0.,0.866025403784439));
#1910=DIRECTION('',(0.,0.,-1.));
#1911=DIRECTION('center_axis',(0.,1.,0.));
#1912=DIRECTION('ref_axis',(-1.,0.,0.));
#1913=DIRECTION('',(0.866025403784439,0.,-0.5));
#1914=DIRECTION('center_axis',(0.,1.,0.));
#1915=DIRECTION('ref_axis',(-0.5,0.,-0.866025403784439));
#1916=DIRECTION('center_axis',(0.,1.,0.));
#1917=DIRECTION('ref_axis',(0.,0.,1.));
#1918=DIRECTION('',(-0.866025403784439,0.,0.5));
#1919=DIRECTION('center_axis',(0.,1.,0.));
#1920=DIRECTION('ref_axis',(0.,0.,1.));
#1921=DIRECTION('',(0.,0.,1.));
#1922=DIRECTION('center_axis',(0.,1.,0.));
#1923=DIRECTION('ref_axis',(0.,0.,1.));
#1924=DIRECTION('center_axis',(0.,1.,0.));
#1925=DIRECTION('ref_axis',(-0.707106781186547,0.,-0.707106781186547));
#1926=DIRECTION('',(0.,1.,0.));
#1927=DIRECTION('center_axis',(0.,-1.,0.));
#1928=DIRECTION('ref_axis',(-0.5,0.,-0.866025403784439));
#1929=DIRECTION('',(0.,-1.,0.));
#1930=DIRECTION('center_axis',(0.5,0.,0.866025403784439));
#1931=DIRECTION('ref_axis',(-0.866025403784439,0.,0.5));
#1932=DIRECTION('center_axis',(0.,-1.,0.));
#1933=DIRECTION('ref_axis',(-1.,0.,0.));
#1934=DIRECTION('',(0.,-1.,0.));
#1935=DIRECTION('center_axis',(1.,0.,0.));
#1936=DIRECTION('ref_axis',(0.,0.,1.));
#1937=DIRECTION('center_axis',(0.,-1.,0.));
#1938=DIRECTION('ref_axis',(-0.5,0.,0.866025403784439));
#1939=DIRECTION('center_axis',(0.,-1.,0.));
#1940=DIRECTION('ref_axis',(-1.,0.,0.));
#1941=DIRECTION('center_axis',(0.,-1.,0.));
#1942=DIRECTION('ref_axis',(-1.,0.,0.));
#1943=DIRECTION('center_axis',(0.,-1.,0.));
#1944=DIRECTION('ref_axis',(-1.,0.,0.));
#1945=DIRECTION('center_axis',(-1.,0.,0.));
#1946=DIRECTION('ref_axis',(0.,0.,1.));
#1947=DIRECTION('',(0.,-1.,0.));
#1948=DIRECTION('center_axis',(0.,1.,0.));
#1949=DIRECTION('ref_axis',(-0.707106781186547,0.,0.707106781186547));
#1950=DIRECTION('',(0.,1.,0.));
#1951=DIRECTION('center_axis',(0.,0.,1.));
#1952=DIRECTION('ref_axis',(1.,0.,0.));
#1953=CARTESIAN_POINT('',(0.,0.,0.));
#1954=CARTESIAN_POINT('Origin',(-1.55431223447522E-14,30.,0.));
#1955=CARTESIAN_POINT('',(1.00000001490116,30.,10.9544513133374));
#1956=CARTESIAN_POINT('',(1.00000001490116,30.,9.94987436956858));
#1957=CARTESIAN_POINT('',(1.00000001490116,30.,4.97493718478429));
#1958=CARTESIAN_POINT('',(8.367497122283,30.,7.14037782716478));
#1959=CARTESIAN_POINT('Origin',(-1.55431223447522E-14,30.,-1.11022302462516E-15));
#1960=CARTESIAN_POINT('',(7.48528135406905,30.,6.63103031590312));
#1961=CARTESIAN_POINT('',(5.495190610268,30.,5.4820508892578));
#1962=CARTESIAN_POINT('Origin',(0.,30.,0.));
#1963=CARTESIAN_POINT('Origin',(-1.55431223447522E-14,30.,0.));
#1964=CARTESIAN_POINT('',(-8.36749712228303,30.,7.14037782716478));
#1965=CARTESIAN_POINT('',(-7.48528135406906,30.,6.63103031590311));
#1966=CARTESIAN_POINT('',(-3.24264066958395,30.,4.18154057464078));
#1967=CARTESIAN_POINT('',(-1.00000001490116,30.,10.9544513133374));
#1968=CARTESIAN_POINT('Origin',(-1.55431223447522E-14,30.,-1.11022302462516E-15));
#1969=CARTESIAN_POINT('',(-1.00000001490116,30.,9.94987436956858));
#1970=CARTESIAN_POINT('',(-1.00000001490116,30.,9.50000014156103));
#1971=CARTESIAN_POINT('Origin',(0.,30.,0.));
#1972=CARTESIAN_POINT('Origin',(-1.55431223447522E-14,30.,0.));
#1973=CARTESIAN_POINT('',(10.3674971520853,30.,3.67627616040788));
#1974=CARTESIAN_POINT('',(9.48528138387138,30.,3.16692864914623));
#1975=CARTESIAN_POINT('',(5.24264069938626,30.,0.717438907883887));
#1976=CARTESIAN_POINT('',(9.98683312932054,30.,-4.61120023997945));
#1977=CARTESIAN_POINT('Origin',(-1.55431223447522E-14,30.,-1.11022302462516E-15));
#1978=CARTESIAN_POINT('',(9.11684397596064,30.,-4.10891176809506));
#1979=CARTESIAN_POINT('',(8.72724146599819,30.,-3.88397465409129));
#1980=CARTESIAN_POINT('Origin',(0.,30.,0.));
#1981=CARTESIAN_POINT('Origin',(-1.55431223447522E-14,30.,0.));
#1982=CARTESIAN_POINT('',(2.00000002980232,30.,-9.79795896504934));
#1983=CARTESIAN_POINT('',(2.00000002980232,30.,-10.8166539875727));
#1984=CARTESIAN_POINT('',(2.00000002980232,30.,-7.50000011175871));
#1985=CARTESIAN_POINT('',(8.11684396105948,30.,-5.84096260147351));
#1986=CARTESIAN_POINT('Origin',(0.,30.,0.));
#1987=CARTESIAN_POINT('',(8.98683311441938,30.,-6.3432510733579));
#1988=CARTESIAN_POINT('',(3.80842197680445,30.,-3.35349400908136));
#1989=CARTESIAN_POINT('Origin',(-1.55431223447522E-14,30.,-1.11022302462516E-15));
#1990=CARTESIAN_POINT('Origin',(-1.55431223447522E-14,30.,0.));
#1991=CARTESIAN_POINT('',(-8.11684396105948,30.,-5.84096260147351));
#1992=CARTESIAN_POINT('',(-8.98683311441939,30.,-6.34325107335791));
#1993=CARTESIAN_POINT('',(-7.72724145109704,30.,-5.61602548746974));
#1994=CARTESIAN_POINT('',(-2.00000002980232,30.,-9.79795896504934));
#1995=CARTESIAN_POINT('Origin',(0.,30.,0.));
#1996=CARTESIAN_POINT('',(-2.00000002980232,30.,-10.8166539875727));
#1997=CARTESIAN_POINT('',(-2.00000002980232,30.,-4.89897948252467));
#1998=CARTESIAN_POINT('Origin',(-1.55431223447522E-14,30.,-1.11022302462516E-15));
#1999=CARTESIAN_POINT('Origin',(-1.55431223447522E-14,35.,-1.11022302462516E-15));
#2000=CARTESIAN_POINT('',(1.00000001490116,35.,10.9544513133374));
#2001=CARTESIAN_POINT('',(1.00000001490116,35.,10.9544513133374));
#2002=CARTESIAN_POINT('',(8.36749712228301,35.,7.14037782716478));
#2003=CARTESIAN_POINT('Origin',(-1.55431223447522E-14,35.,-1.11022302462516E-15));
#2004=CARTESIAN_POINT('',(8.367497122283,35.,7.14037782716478));
#2005=CARTESIAN_POINT('Origin',(-1.55431223447522E-14,35.,-1.11022302462516E-15));
#2006=CARTESIAN_POINT('',(10.3674971520853,35.,3.67627616040788));
#2007=CARTESIAN_POINT('',(10.3674971520853,35.,3.67627616040788));
#2008=CARTESIAN_POINT('',(9.98683312932054,35.,-4.61120023997945));
#2009=CARTESIAN_POINT('Origin',(-1.55431223447522E-14,35.,-1.11022302462516E-15));
#2010=CARTESIAN_POINT('',(9.98683312932054,35.,-4.61120023997945));
#2011=CARTESIAN_POINT('Origin',(-1.55431223447522E-14,35.,-1.11022302462516E-15));
#2012=CARTESIAN_POINT('',(2.00000002980232,35.,-10.8166539875727));
#2013=CARTESIAN_POINT('',(2.00000002980232,35.,-10.8166539875727));
#2014=CARTESIAN_POINT('',(8.98683311441938,35.,-6.3432510733579));
#2015=CARTESIAN_POINT('',(8.98683311441938,35.,-6.3432510733579));
#2016=CARTESIAN_POINT('Origin',(-1.55431223447522E-14,35.,-1.11022302462516E-15));
#2017=CARTESIAN_POINT('Origin',(-1.55431223447522E-14,35.,-1.11022302462516E-15));
#2018=CARTESIAN_POINT('',(-8.98683311441939,35.,-6.34325107335791));
#2019=CARTESIAN_POINT('',(-8.98683311441939,35.,-6.34325107335791));
#2020=CARTESIAN_POINT('',(-2.00000002980232,35.,-10.8166539875727));
#2021=CARTESIAN_POINT('',(-2.00000002980232,35.,-10.8166539875727));
#2022=CARTESIAN_POINT('Origin',(-1.55431223447522E-14,35.,-1.11022302462516E-15));
#2023=CARTESIAN_POINT('Origin',(-1.55431223447522E-14,35.,-1.11022302462516E-15));
#2024=CARTESIAN_POINT('',(-8.36749712228303,35.,7.14037782716478));
#2025=CARTESIAN_POINT('',(-8.36749712228303,35.,7.14037782716478));
#2026=CARTESIAN_POINT('',(-1.00000001490116,35.,10.9544513133374));
#2027=CARTESIAN_POINT('Origin',(-1.55431223447522E-14,35.,-1.11022302462516E-15));
#2028=CARTESIAN_POINT('',(-1.00000001490116,35.,10.9544513133374));
#2029=CARTESIAN_POINT('Origin',(-1.55431223447522E-14,35.,-1.11022302462516E-15));
#2030=CARTESIAN_POINT('',(-10.3674971520854,30.,3.67627616040789));
#2031=CARTESIAN_POINT('',(-10.3674971520854,35.,3.67627616040789));
#2032=CARTESIAN_POINT('',(-10.3674971520854,35.,3.67627616040789));
#2033=CARTESIAN_POINT('',(-9.98683312932056,30.,-4.61120023997947));
#2034=CARTESIAN_POINT('Origin',(-1.55431223447522E-14,30.,-1.11022302462516E-15));
#2035=CARTESIAN_POINT('',(-9.98683312932056,35.,-4.61120023997947));
#2036=CARTESIAN_POINT('',(-9.98683312932056,35.,-4.61120023997947));
#2037=CARTESIAN_POINT('Origin',(-1.55431223447522E-14,35.,-1.11022302462516E-15));
#2038=CARTESIAN_POINT('Origin',(-1.55431223447522E-14,30.,0.));
#2039=CARTESIAN_POINT('',(-9.48528138387138,30.,3.16692864914622));
#2040=CARTESIAN_POINT('',(-7.49519064007034,30.,2.01794922250091));
#2041=CARTESIAN_POINT('',(-9.11684397596064,30.,-4.10891176809507));
#2042=CARTESIAN_POINT('Origin',(0.,30.,0.));
#2043=CARTESIAN_POINT('',(-4.80842199170562,30.,-1.62144317570293));
#2044=CARTESIAN_POINT('Origin',(-13.9903812652395,35.,5.76794927838026));
#2045=CARTESIAN_POINT('',(-13.4455959381249,35.,5.4534173231201));
#2046=CARTESIAN_POINT('',(-7.49519064007033,35.,2.01794922250091));
#2047=CARTESIAN_POINT('',(-13.4455959381249,30.,5.4534173231201));
#2048=CARTESIAN_POINT('',(-13.4455959381249,35.,5.4534173231201));
#2049=CARTESIAN_POINT('',(-13.9903812652395,30.,5.76794927838026));
#2050=CARTESIAN_POINT('',(-7.49519064007033,30.,2.01794922250091));
#2051=CARTESIAN_POINT('',(-13.9903812652395,6.,5.76794927838026));
#2052=CARTESIAN_POINT('',(-13.9903812652395,35.,5.76794927838026));
#2053=CARTESIAN_POINT('',(-13.4154282339282,6.,5.43599999098126));
#2054=CARTESIAN_POINT('',(-7.49519064007033,6.,2.01794922250091));
#2055=CARTESIAN_POINT('',(-13.4154282339282,0.,5.43599999098126));
#2056=CARTESIAN_POINT('',(-13.4154282339282,0.,5.43599999098126));
#2057=CARTESIAN_POINT('',(-9.48528138387138,0.,3.16692864914622));
#2058=CARTESIAN_POINT('',(-7.49519064007033,0.,2.01794922250091));
#2059=CARTESIAN_POINT('',(-9.48528138387138,35.,3.16692864914622));
#2060=CARTESIAN_POINT('Origin',(0.,35.,0.));
#2061=CARTESIAN_POINT('',(-13.0356634502532,35.,-6.37144324648345));
#2062=CARTESIAN_POINT('',(-4.80842199170561,35.,-1.62144317570292));
#2063=CARTESIAN_POINT('Origin',(-1.55431223447522E-14,35.,-1.11022302462516E-15));
#2064=CARTESIAN_POINT('Origin',(-15.9544829096446,35.,-10.3660255582503));
#2065=CARTESIAN_POINT('',(-12.0356634353521,35.,-8.10349407986189));
#2066=CARTESIAN_POINT('',(-7.72724145109703,35.,-5.61602548746974));
#2067=CARTESIAN_POINT('',(-12.0356634353521,30.,-8.10349407986189));
#2068=CARTESIAN_POINT('',(-12.0356634353521,35.,-8.10349407986189));
#2069=CARTESIAN_POINT('',(-15.9544829096446,30.,-10.3660255582503));
#2070=CARTESIAN_POINT('',(-7.72724145109703,30.,-5.61602548746974));
#2071=CARTESIAN_POINT('',(-15.9544829096446,6.,-10.3660255582503));
#2072=CARTESIAN_POINT('',(-15.9544829096446,35.,-10.3660255582503));
#2073=CARTESIAN_POINT('',(-12.005713004164,6.,-8.08620219035311));
#2074=CARTESIAN_POINT('',(-7.72724145109703,6.,-5.61602548746974));
#2075=CARTESIAN_POINT('',(-12.005713004164,0.,-8.08620219035311));
#2076=CARTESIAN_POINT('',(-12.005713004164,0.,-8.08620219035312));
#2077=CARTESIAN_POINT('',(-8.11684396105948,0.,-5.84096260147351));
#2078=CARTESIAN_POINT('',(-7.72724145109703,0.,-5.61602548746974));
#2079=CARTESIAN_POINT('',(-8.11684396105948,35.,-5.84096260147351));
#2080=CARTESIAN_POINT('Origin',(0.,35.,0.));
#2081=CARTESIAN_POINT('',(-2.00000002980232,35.,-14.3709363129971));
#2082=CARTESIAN_POINT('',(-2.00000002980232,35.,-4.89897948252467));
#2083=CARTESIAN_POINT('Origin',(-1.55431223447522E-14,35.,-1.11022302462516E-15));
#2084=CARTESIAN_POINT('Origin',(2.00000002980232,35.,-15.0000002235174));
#2085=CARTESIAN_POINT('',(2.00000002980232,35.,-14.3709363129971));
#2086=CARTESIAN_POINT('',(2.00000002980232,35.,-7.50000011175871));
#2087=CARTESIAN_POINT('',(2.00000002980232,30.,-14.3709363129971));
#2088=CARTESIAN_POINT('',(2.00000002980232,35.,-14.3709363129971));
#2089=CARTESIAN_POINT('',(2.00000002980232,30.,-15.0000002235174));
#2090=CARTESIAN_POINT('',(2.00000002980232,30.,-7.50000011175871));
#2091=CARTESIAN_POINT('',(2.00000002980232,6.,-15.0000002235174));
#2092=CARTESIAN_POINT('',(2.00000002980232,35.,-15.0000002235174));
#2093=CARTESIAN_POINT('',(2.00000002980232,6.,-14.3361016487194));
#2094=CARTESIAN_POINT('',(2.00000002980232,6.,-7.50000011175871));
#2095=CARTESIAN_POINT('',(2.00000002980232,0.,-14.3361016487194));
#2096=CARTESIAN_POINT('',(2.00000002980232,0.,-14.3361016487194));
#2097=CARTESIAN_POINT('',(2.00000002980232,0.,-9.79795896504934));
#2098=CARTESIAN_POINT('',(2.00000002980232,0.,-7.50000011175871));
#2099=CARTESIAN_POINT('',(2.00000002980232,35.,-9.79795896504934));
#2100=CARTESIAN_POINT('Origin',(0.,35.,0.));
#2101=CARTESIAN_POINT('',(12.0356634353521,35.,-8.10349407986187));
#2102=CARTESIAN_POINT('',(3.80842197680445,35.,-3.35349400908137));
#2103=CARTESIAN_POINT('Origin',(-1.55431223447522E-14,35.,-1.11022302462516E-15));
#2104=CARTESIAN_POINT('Origin',(9.48528138387137,35.,3.16692864914623));
#2105=CARTESIAN_POINT('',(9.48528138387138,0.,3.16692864914623));
#2106=CARTESIAN_POINT('',(9.48528138387138,35.,3.16692864914623));
#2107=CARTESIAN_POINT('',(13.4154282339281,0.,5.43599999098126));
#2108=CARTESIAN_POINT('',(5.24264069938627,-4.44089209850063E-15,0.717438907883891));
#2109=CARTESIAN_POINT('',(13.4154282339281,6.,5.43599999098126));
#2110=CARTESIAN_POINT('',(13.4154282339281,0.,5.43599999098126));
#2111=CARTESIAN_POINT('',(13.9903812652395,6.,5.76794927838027));
#2112=CARTESIAN_POINT('',(5.24264069938627,6.,0.717438907883891));
#2113=CARTESIAN_POINT('',(13.9903812652395,30.,5.76794927838027));
#2114=CARTESIAN_POINT('',(13.9903812652395,35.,5.76794927838027));
#2115=CARTESIAN_POINT('',(13.4455959381249,30.,5.45341732312009));
#2116=CARTESIAN_POINT('',(5.24264069938627,30.,0.717438907883891));
#2117=CARTESIAN_POINT('',(13.4455959381249,35.,5.45341732312009));
#2118=CARTESIAN_POINT('',(13.4455959381249,35.,5.45341732312009));
#2119=CARTESIAN_POINT('',(5.24264069938627,35.,0.717438907883891));
#2120=CARTESIAN_POINT('Origin',(0.,35.,0.));
#2121=CARTESIAN_POINT('',(9.11684397596064,0.,-4.10891176809506));
#2122=CARTESIAN_POINT('',(9.11684397596064,35.,-4.10891176809506));
#2123=CARTESIAN_POINT('Origin',(0.,0.,0.));
#2124=CARTESIAN_POINT('Origin',(16.9544829245458,35.,-8.6339747248718));
#2125=CARTESIAN_POINT('',(13.0356634502532,35.,-6.37144324648342));
#2126=CARTESIAN_POINT('',(8.7272414659982,35.,-3.88397465409129));
#2127=CARTESIAN_POINT('',(13.0356634502532,30.,-6.37144324648342));
#2128=CARTESIAN_POINT('',(13.0356634502532,35.,-6.37144324648343));
#2129=CARTESIAN_POINT('',(16.9544829245458,30.,-8.6339747248718));
#2130=CARTESIAN_POINT('',(8.7272414659982,30.,-3.88397465409129));
#2131=CARTESIAN_POINT('',(16.9544829062957,6.,-8.63397471433509));
#2132=CARTESIAN_POINT('',(16.9544829245458,35.,-8.6339747248718));
#2133=CARTESIAN_POINT('',(13.0057130190652,6.,-6.35415135697465));
#2134=CARTESIAN_POINT('',(8.7272414659982,6.,-3.88397465409129));
#2135=CARTESIAN_POINT('',(13.0057130190652,0.,-6.35415135697465));
#2136=CARTESIAN_POINT('',(13.0057130190652,0.,-6.35415135697466));
#2137=CARTESIAN_POINT('',(8.7272414659982,0.,-3.88397465409129));
#2138=CARTESIAN_POINT('Origin',(0.,35.,0.));
#2139=CARTESIAN_POINT('',(-1.00000001490116,0.,9.94987436956858));
#2140=CARTESIAN_POINT('',(-1.00000001490116,35.,9.94987436956858));
#2141=CARTESIAN_POINT('',(-7.48528135406906,0.,6.63103031590311));
#2142=CARTESIAN_POINT('Origin',(0.,0.,0.));
#2143=CARTESIAN_POINT('',(-7.48528135406906,35.,6.63103031590311));
#2144=CARTESIAN_POINT('Origin',(-1.00000001490116,35.,19.0000002831221));
#2145=CARTESIAN_POINT('',(-1.00000001490116,35.,14.4749373263453));
#2146=CARTESIAN_POINT('',(-1.00000001490116,35.,9.50000014156103));
#2147=CARTESIAN_POINT('',(-1.00000001490116,30.,14.4749373263453));
#2148=CARTESIAN_POINT('',(-1.00000001490116,35.,14.4749373263453));
#2149=CARTESIAN_POINT('',(-1.00000001490116,30.,19.0000002831221));
#2150=CARTESIAN_POINT('',(-1.00000001490116,30.,9.50000014156103));
#2151=CARTESIAN_POINT('',(-1.00000001490116,6.,19.0000002831221));
#2152=CARTESIAN_POINT('',(-1.00000001490116,35.,19.0000002831221));
#2153=CARTESIAN_POINT('',(-1.00000001490117,6.,14.4403535473278));
#2154=CARTESIAN_POINT('',(-1.00000001490116,6.,9.50000014156103));
#2155=CARTESIAN_POINT('',(-1.00000001490116,0.,14.4403535473278));
#2156=CARTESIAN_POINT('',(-1.00000001490116,0.,14.4403535473278));
#2157=CARTESIAN_POINT('',(-1.00000001490116,0.,9.50000014156103));
#2158=CARTESIAN_POINT('Origin',(0.,35.,0.));
#2159=CARTESIAN_POINT('',(7.48528135406905,0.,6.63103031590312));
#2160=CARTESIAN_POINT('',(7.48528135406905,35.,6.63103031590312));
#2161=CARTESIAN_POINT('',(1.00000001490116,0.,9.94987436956858));
#2162=CARTESIAN_POINT('Origin',(0.,0.,0.));
#2163=CARTESIAN_POINT('',(1.00000001490116,35.,9.94987436956858));
#2164=CARTESIAN_POINT('Origin',(11.9903812354372,35.,9.23205094513716));
#2165=CARTESIAN_POINT('',(11.4455959083226,35.,8.91751898987698));
#2166=CARTESIAN_POINT('',(5.49519061026801,35.,5.4820508892578));
#2167=CARTESIAN_POINT('',(11.4455959083226,30.,8.91751898987698));
#2168=CARTESIAN_POINT('',(11.4455959083226,35.,8.91751898987698));
#2169=CARTESIAN_POINT('',(11.9903812354372,30.,9.23205094513716));
#2170=CARTESIAN_POINT('',(5.49519061026801,30.,5.4820508892578));
#2171=CARTESIAN_POINT('',(11.9903812719374,6.,9.23205096621058));
#2172=CARTESIAN_POINT('',(11.9903812354372,35.,9.23205094513716));
#2173=CARTESIAN_POINT('',(11.4154282041258,6.,8.90010165773815));
#2174=CARTESIAN_POINT('',(5.49519061026801,6.,5.4820508892578));
#2175=CARTESIAN_POINT('',(11.4154282041258,0.,8.90010165773815));
#2176=CARTESIAN_POINT('',(11.4154282041258,0.,8.90010165773815));
#2177=CARTESIAN_POINT('',(5.49519061026801,0.,5.4820508892578));
#2178=CARTESIAN_POINT('Origin',(-9.99200722162641E-15,0.,1.66533453693773E-14));
#2179=CARTESIAN_POINT('',(12.005713004164,0.,-8.0862021903531));
#2180=CARTESIAN_POINT('Origin',(-9.99200722162641E-15,0.,1.66533453693773E-14));
#2181=CARTESIAN_POINT('',(12.005713004164,6.,-8.0862021903531));
#2182=CARTESIAN_POINT('Origin',(-9.99200722162641E-15,6.,1.66533453693773E-14));
#2183=CARTESIAN_POINT('',(12.005713004164,0.,-8.0862021903531));
#2184=CARTESIAN_POINT('Origin',(-9.99200722162641E-15,0.,1.66533453693773E-14));
#2185=CARTESIAN_POINT('',(-2.00000002980232,0.,-14.3361016487194));
#2186=CARTESIAN_POINT('Origin',(-9.99200722162641E-15,0.,1.66533453693773E-14));
#2187=CARTESIAN_POINT('',(-2.00000002980232,6.,-14.3361016487194));
#2188=CARTESIAN_POINT('Origin',(-9.99200722162641E-15,6.,1.66533453693773E-14));
#2189=CARTESIAN_POINT('',(-2.00000002980232,0.,-14.3361016487194));
#2190=CARTESIAN_POINT('Origin',(-9.99200722162641E-15,0.,1.66533453693773E-14));
#2191=CARTESIAN_POINT('',(-13.0057130190652,0.,-6.35415135697467));
#2192=CARTESIAN_POINT('Origin',(-9.99200722162641E-15,0.,1.66533453693773E-14));
#2193=CARTESIAN_POINT('',(-13.0057130190652,6.,-6.35415135697467));
#2194=CARTESIAN_POINT('Origin',(-9.99200722162641E-15,6.,1.66533453693773E-14));
#2195=CARTESIAN_POINT('',(-13.0057130190652,0.,-6.35415135697468));
#2196=CARTESIAN_POINT('Origin',(-9.99200722162641E-15,0.,1.66533453693773E-14));
#2197=CARTESIAN_POINT('',(-11.4154282041258,0.,8.90010165773815));
#2198=CARTESIAN_POINT('Origin',(-9.99200722162641E-15,0.,1.66533453693773E-14));
#2199=CARTESIAN_POINT('',(-11.4154282041258,6.,8.90010165773815));
#2200=CARTESIAN_POINT('Origin',(-9.99200722162641E-15,6.,1.66533453693773E-14));
#2201=CARTESIAN_POINT('',(-11.4154282041258,0.,8.90010165773815));
#2202=CARTESIAN_POINT('Origin',(-9.99200722162641E-15,0.,1.66533453693773E-14));
#2203=CARTESIAN_POINT('',(1.00000001490116,0.,14.4403535473278));
#2204=CARTESIAN_POINT('Origin',(-9.99200722162641E-15,0.,1.66533453693773E-14));
#2205=CARTESIAN_POINT('',(1.00000001490116,6.,14.4403535473278));
#2206=CARTESIAN_POINT('Origin',(-9.99200722162641E-15,6.,1.66533453693773E-14));
#2207=CARTESIAN_POINT('',(1.00000001490116,0.,14.4403535473278));
#2208=CARTESIAN_POINT('Origin',(-9.99200722162641E-15,0.,1.66533453693773E-14));
#2209=CARTESIAN_POINT('Origin',(-9.99200722162641E-15,0.,1.66533453693773E-14));
#2210=CARTESIAN_POINT('Origin',(-9.99200722162641E-15,6.,1.66533453693773E-14));
#2211=CARTESIAN_POINT('Origin',(0.,6.,0.));
#2212=CARTESIAN_POINT('',(17.5,6.,-25.));
#2213=CARTESIAN_POINT('',(-17.5,6.,-25.));
#2214=CARTESIAN_POINT('',(12.5,6.,-25.));
#2215=CARTESIAN_POINT('',(25.,6.,-17.5));
#2216=CARTESIAN_POINT('Origin',(17.5,6.,-17.5));
#2217=CARTESIAN_POINT('',(25.,6.,17.5));
#2218=CARTESIAN_POINT('',(25.,6.,12.5));
#2219=CARTESIAN_POINT('',(17.5,6.,25.));
#2220=CARTESIAN_POINT('Origin',(17.5,6.,17.5));
#2221=CARTESIAN_POINT('',(-17.5,6.,25.));
#2222=CARTESIAN_POINT('',(-12.5,6.,25.));
#2223=CARTESIAN_POINT('',(-25.,6.,17.5));
#2224=CARTESIAN_POINT('Origin',(-17.5,6.,17.5));
#2225=CARTESIAN_POINT('',(-25.,6.,-17.5));
#2226=CARTESIAN_POINT('',(-25.,6.,-12.5));
#2227=CARTESIAN_POINT('Origin',(-17.5,6.,-17.5));
#2228=CARTESIAN_POINT('',(15.9544829096447,6.,-10.3660255582503));
#2229=CARTESIAN_POINT('Origin',(16.4544829170952,6.,-9.50000014156103));
#2230=CARTESIAN_POINT('',(3.80842197680445,6.,-3.35349400908137));
#2231=CARTESIAN_POINT('',(-2.00000002980232,6.,-15.0000002235174));
#2232=CARTESIAN_POINT('Origin',(0.,6.,-15.0000002235174));
#2233=CARTESIAN_POINT('',(-2.00000002980232,6.,-4.89897948252467));
#2234=CARTESIAN_POINT('',(-16.9544829245458,6.,-8.63397472487181));
#2235=CARTESIAN_POINT('Origin',(-16.4544829170952,6.,-9.50000014156103));
#2236=CARTESIAN_POINT('',(-4.80842199170561,6.,-1.62144317570292));
#2237=CARTESIAN_POINT('',(-11.9903812354372,6.,9.23205094513715));
#2238=CARTESIAN_POINT('Origin',(-12.9903812503383,6.,7.50000011175871));
#2239=CARTESIAN_POINT('',(-3.24264066958395,6.,4.18154057464078));
#2240=CARTESIAN_POINT('',(1.00000001490116,6.,19.0000002831221));
#2241=CARTESIAN_POINT('Origin',(0.,6.,19.0000002831221));
#2242=CARTESIAN_POINT('',(1.00000001490116,6.,4.97493718478429));
#2243=CARTESIAN_POINT('Origin',(12.9903812503383,6.,7.50000011175871));
#2244=CARTESIAN_POINT('Origin',(-9.11684397596064,35.,-4.10891176809507));
#2245=CARTESIAN_POINT('',(-9.11684397596064,0.,-4.10891176809507));
#2246=CARTESIAN_POINT('',(-9.11684397596064,35.,-4.10891176809507));
#2247=CARTESIAN_POINT('',(-4.80842199170561,0.,-1.62144317570292));
#2248=CARTESIAN_POINT('',(-16.9544829245458,30.,-8.63397472487181));
#2249=CARTESIAN_POINT('',(-16.9544829245458,35.,-8.63397472487181));
#2250=CARTESIAN_POINT('',(-13.0356634502532,30.,-6.37144324648345));
#2251=CARTESIAN_POINT('',(-4.80842199170561,30.,-1.62144317570292));
#2252=CARTESIAN_POINT('',(-13.0356634502532,35.,-6.37144324648345));
#2253=CARTESIAN_POINT('Origin',(-16.4544829170952,35.,-9.50000014156103));
#2254=CARTESIAN_POINT('Origin',(-16.4544829170952,30.,-9.50000014156103));
#2255=CARTESIAN_POINT('Origin',(-2.00000002980232,35.,-9.79795896504934));
#2256=CARTESIAN_POINT('',(-2.00000002980232,0.,-9.79795896504934));
#2257=CARTESIAN_POINT('',(-2.00000002980232,35.,-9.79795896504934));
#2258=CARTESIAN_POINT('',(-2.00000002980232,0.,-4.89897948252467));
#2259=CARTESIAN_POINT('',(-2.00000002980232,30.,-15.0000002235174));
#2260=CARTESIAN_POINT('',(-2.00000002980232,35.,-15.0000002235174));
#2261=CARTESIAN_POINT('',(-2.00000002980232,30.,-14.3709363129971));
#2262=CARTESIAN_POINT('',(-2.00000002980232,30.,-4.89897948252467));
#2263=CARTESIAN_POINT('',(-2.00000002980232,35.,-14.3709363129971));
#2264=CARTESIAN_POINT('Origin',(0.,35.,-15.0000002235174));
#2265=CARTESIAN_POINT('Origin',(0.,30.,-15.0000002235174));
#2266=CARTESIAN_POINT('Origin',(0.,0.,0.));
#2267=CARTESIAN_POINT('Origin',(0.,0.,0.));
#2268=CARTESIAN_POINT('Origin',(0.,0.,0.));
#2269=CARTESIAN_POINT('',(8.11684396105948,0.,-5.84096260147351));
#2270=CARTESIAN_POINT('',(3.80842197680445,0.,-3.35349400908137));
#2271=CARTESIAN_POINT('Origin',(0.,0.,0.));
#2272=CARTESIAN_POINT('Origin',(0.,0.,0.));
#2273=CARTESIAN_POINT('Origin',(0.,0.,0.));
#2274=CARTESIAN_POINT('',(1.00000001490116,0.,4.97493718478429));
#2275=CARTESIAN_POINT('Origin',(0.,0.,0.));
#2276=CARTESIAN_POINT('',(-3.24264066958395,0.,4.18154057464078));
#2277=CARTESIAN_POINT('Origin',(0.,0.,0.));
#2278=CARTESIAN_POINT('Origin',(0.,0.,0.));
#2279=CARTESIAN_POINT('Origin',(8.11684396105948,35.,-5.84096260147351));
#2280=CARTESIAN_POINT('',(8.11684396105948,35.,-5.84096260147351));
#2281=CARTESIAN_POINT('',(15.9544828913945,30.,-10.3660255477135));
#2282=CARTESIAN_POINT('',(15.9544829096447,35.,-10.3660255582503));
#2283=CARTESIAN_POINT('',(12.0356634353521,30.,-8.10349407986187));
#2284=CARTESIAN_POINT('',(3.80842197680445,30.,-3.35349400908137));
#2285=CARTESIAN_POINT('',(12.0356634353521,35.,-8.10349407986187));
#2286=CARTESIAN_POINT('Origin',(16.4544829170952,35.,-9.50000014156103));
#2287=CARTESIAN_POINT('Origin',(16.4544829170952,30.,-9.50000014156103));
#2288=CARTESIAN_POINT('Origin',(17.5,0.,17.5));
#2289=CARTESIAN_POINT('',(25.,30.,17.5));
#2290=CARTESIAN_POINT('',(25.,0.,17.5));
#2291=CARTESIAN_POINT('',(17.5,30.,25.));
#2292=CARTESIAN_POINT('Origin',(17.5,30.,17.5));
#2293=CARTESIAN_POINT('',(17.5,0.,25.));
#2294=CARTESIAN_POINT('Origin',(25.,0.,25.));
#2295=CARTESIAN_POINT('',(25.,30.,-17.5));
#2296=CARTESIAN_POINT('',(25.,0.,-17.5));
#2297=CARTESIAN_POINT('',(25.,30.,12.5));
#2298=CARTESIAN_POINT('Origin',(17.5,0.,-17.5));
#2299=CARTESIAN_POINT('',(17.5,30.,-25.));
#2300=CARTESIAN_POINT('',(17.5,0.,-25.));
#2301=CARTESIAN_POINT('Origin',(17.5,30.,-17.5));
#2302=CARTESIAN_POINT('Origin',(25.,0.,-25.));
#2303=CARTESIAN_POINT('',(-17.5,30.,-25.));
#2304=CARTESIAN_POINT('',(-17.5,0.,-25.));
#2305=CARTESIAN_POINT('',(12.5,30.,-25.));
#2306=CARTESIAN_POINT('Origin',(-1.55431223447522E-14,35.,-1.11022302462516E-15));
#2307=CARTESIAN_POINT('Origin',(-1.55431223447522E-14,30.,-1.11022302462516E-15));
#2308=CARTESIAN_POINT('Origin',(-1.55431223447522E-14,35.,-1.11022302462516E-15));
#2309=CARTESIAN_POINT('Origin',(-1.55431223447522E-14,30.,-1.11022302462516E-15));
#2310=CARTESIAN_POINT('Origin',(-1.55431223447522E-14,35.,-1.11022302462516E-15));
#2311=CARTESIAN_POINT('Origin',(-1.55431223447522E-14,35.,-1.11022302462516E-15));
#2312=CARTESIAN_POINT('Origin',(-1.55431223447522E-14,30.,-1.11022302462516E-15));
#2313=CARTESIAN_POINT('Origin',(-1.55431223447522E-14,35.,-1.11022302462516E-15));
#2314=CARTESIAN_POINT('',(1.00000001490116,35.,14.4749373263453));
#2315=CARTESIAN_POINT('Origin',(-1.55431223447522E-14,35.,-1.11022302462516E-15));
#2316=CARTESIAN_POINT('',(1.00000001490116,30.,14.4749373263453));
#2317=CARTESIAN_POINT('',(1.00000001490116,35.,14.4749373263453));
#2318=CARTESIAN_POINT('Origin',(-1.55431223447522E-14,30.,-1.11022302462516E-15));
#2319=CARTESIAN_POINT('Origin',(-1.55431223447522E-14,35.,-1.11022302462516E-15));
#2320=CARTESIAN_POINT('',(-11.4455959083226,35.,8.91751898987699));
#2321=CARTESIAN_POINT('Origin',(-1.55431223447522E-14,35.,-1.11022302462516E-15));
#2322=CARTESIAN_POINT('',(-11.4455959083226,30.,8.91751898987699));
#2323=CARTESIAN_POINT('',(-11.4455959083226,35.,8.91751898987699));
#2324=CARTESIAN_POINT('Origin',(-1.55431223447522E-14,30.,-1.11022302462516E-15));
#2325=CARTESIAN_POINT('Origin',(-1.55431223447522E-14,35.,-1.11022302462516E-15));
#2326=CARTESIAN_POINT('Origin',(-1.55431223447522E-14,30.,-1.11022302462516E-15));
#2327=CARTESIAN_POINT('Origin',(0.,30.,0.));
#2328=CARTESIAN_POINT('',(-25.,30.,-17.5));
#2329=CARTESIAN_POINT('Origin',(-17.5,30.,-17.5));
#2330=CARTESIAN_POINT('',(-25.,30.,17.5));
#2331=CARTESIAN_POINT('',(-25.,30.,-12.5));
#2332=CARTESIAN_POINT('',(-17.5,30.,25.));
#2333=CARTESIAN_POINT('Origin',(-17.5,30.,17.5));
#2334=CARTESIAN_POINT('',(-12.5,30.,25.));
#2335=CARTESIAN_POINT('Origin',(12.9903812503383,30.,7.50000011175871));
#2336=CARTESIAN_POINT('',(1.00000001490116,30.,19.0000002831221));
#2337=CARTESIAN_POINT('',(1.00000001490116,30.,4.97493718478429));
#2338=CARTESIAN_POINT('Origin',(0.,30.,19.0000002831221));
#2339=CARTESIAN_POINT('',(-11.9903812354372,30.,9.23205094513715));
#2340=CARTESIAN_POINT('',(-3.24264066958395,30.,4.18154057464078));
#2341=CARTESIAN_POINT('Origin',(-12.9903812503383,30.,7.50000011175871));
#2342=CARTESIAN_POINT('Origin',(0.,35.,0.));
#2343=CARTESIAN_POINT('',(-3.24264066958395,35.,4.18154057464078));
#2344=CARTESIAN_POINT('Origin',(0.,35.,0.));
#2345=CARTESIAN_POINT('',(1.00000001490116,35.,4.97493718478429));
#2346=CARTESIAN_POINT('Origin',(0.,35.,0.));
#2347=CARTESIAN_POINT('Origin',(-17.5,0.,-17.5));
#2348=CARTESIAN_POINT('',(-25.,0.,-17.5));
#2349=CARTESIAN_POINT('Origin',(-12.9903812503383,35.,7.50000011175871));
#2350=CARTESIAN_POINT('',(-11.9903812354372,35.,9.23205094513715));
#2351=CARTESIAN_POINT('Origin',(-7.48528135406906,35.,6.63103031590311));
#2352=CARTESIAN_POINT('Origin',(0.,35.,19.0000002831221));
#2353=CARTESIAN_POINT('',(1.00000001490116,35.,19.0000002831221));
#2354=CARTESIAN_POINT('Origin',(1.00000001490116,35.,9.94987436956858));
#2355=CARTESIAN_POINT('Origin',(12.9903812503383,35.,7.50000011175871));
#2356=CARTESIAN_POINT('Origin',(0.,35.,0.));
#2357=CARTESIAN_POINT('Origin',(0.,35.,0.));
#2358=CARTESIAN_POINT('Origin',(0.,35.,0.));
#2359=CARTESIAN_POINT('Origin',(-25.,0.,-25.));
#2360=CARTESIAN_POINT('',(-25.,0.,17.5));
#2361=CARTESIAN_POINT('Origin',(-17.5,0.,17.5));
#2362=CARTESIAN_POINT('',(-17.5,0.,25.));
#2363=CARTESIAN_POINT('Origin',(-25.,0.,25.));
#2364=UNCERTAINTY_MEASURE_WITH_UNIT(LENGTH_MEASURE(0.01),#2368,
'DISTANCE_ACCURACY_VALUE',
'Maximum model space distance between geometric entities at asserted c
onnectivities');
#2365=UNCERTAINTY_MEASURE_WITH_UNIT(LENGTH_MEASURE(0.01),#2368,
'DISTANCE_ACCURACY_VALUE',
'Maximum model space distance between geometric entities at asserted c
onnectivities');
#2366=(
GEOMETRIC_REPRESENTATION_CONTEXT(3)
GLOBAL_UNCERTAINTY_ASSIGNED_CONTEXT((#2364))
GLOBAL_UNIT_ASSIGNED_CONTEXT((#2368,#2370,#2371))
REPRESENTATION_CONTEXT('','3D')
);
#2367=(
GEOMETRIC_REPRESENTATION_CONTEXT(3)
GLOBAL_UNCERTAINTY_ASSIGNED_CONTEXT((#2365))
GLOBAL_UNIT_ASSIGNED_CONTEXT((#2368,#2370,#2371))
REPRESENTATION_CONTEXT('','3D')
);
#2368=(
LENGTH_UNIT()
NAMED_UNIT(*)
SI_UNIT(.MILLI.,.METRE.)
);
#2369=(
LENGTH_UNIT()
NAMED_UNIT(*)
SI_UNIT($,.METRE.)
);
#2370=(
NAMED_UNIT(*)
PLANE_ANGLE_UNIT()
SI_UNIT($,.RADIAN.)
);
#2371=(
NAMED_UNIT(*)
SI_UNIT($,.STERADIAN.)
SOLID_ANGLE_UNIT()
);
#2372=SHAPE_DEFINITION_REPRESENTATION(#2373,#2374);
#2373=PRODUCT_DEFINITION_SHAPE('',$,#2376);
#2374=SHAPE_REPRESENTATION('',(#1400),#2366);
#2375=PRODUCT_DEFINITION_CONTEXT('part definition',#2380,'design');
#2376=PRODUCT_DEFINITION('(Unsaved)','(Unsaved)',#2377,#2375);
#2377=PRODUCT_DEFINITION_FORMATION('',$,#2382);
#2378=PRODUCT_RELATED_PRODUCT_CATEGORY('(Unsaved)','(Unsaved)',(#2382));
#2379=APPLICATION_PROTOCOL_DEFINITION('international standard',
'automotive_design',2009,#2380);
#2380=APPLICATION_CONTEXT(
'Core Data for Automotive Mechanical Design Process');
#2381=PRODUCT_CONTEXT('part definition',#2380,'mechanical');
#2382=PRODUCT('(Unsaved)','(Unsaved)',$,(#2381));
#2383=PRESENTATION_STYLE_ASSIGNMENT((#2384));
#2384=SURFACE_STYLE_USAGE(.BOTH.,#2385);
#2385=SURFACE_SIDE_STYLE('',(#2386));
#2386=SURFACE_STYLE_FILL_AREA(#2387);
#2387=FILL_AREA_STYLE('Steel - Satin',(#2388));
#2388=FILL_AREA_STYLE_COLOUR('Steel - Satin',#2389);
#2389=COLOUR_RGB('Steel - Satin',0.627450980392157,0.627450980392157,0.627450980392157);
ENDSEC;
END-ISO-10303-21;
