ISO-10303-21;
HEADER;
/* Generated by software containing ST-Developer
 * from STEP Tools, Inc. (www.steptools.com) 
 */

FILE_DESCRIPTION(
/* description */ (''),
/* implementation_level */ '2;1');

FILE_NAME(
/* name */ 'ex-milling_04.step',
/* time_stamp */ '2024-11-11T09:42:06+03:00',
/* author */ (''),
/* organization */ (''),
/* preprocessor_version */ 'ST-DEVELOPER v20',
/* originating_system */ 'Autodesk Translation Framework v13.14.0.145',

/* authorisation */ '');

FILE_SCHEMA (('AUTOMOTIVE_DESIGN { 1 0 10303 214 3 1 1 }'));
ENDSEC;

DATA;
#10=MECHANICAL_DESIGN_GEOMETRIC_PRESENTATION_REPRESENTATION('',(#13),#2781);
#11=SHAPE_REPRESENTATION_RELATIONSHIP('SRR','None',#2788,#12);
#12=ADVANCED_BREP_SHAPE_REPRESENTATION('',(#14),#2780);
#13=STYLED_ITEM('',(#2798),#14);
#14=MANIFOLD_SOLID_BREP('Body1',#1684);
#15=FACE_BOUND('',#193,.T.);
#16=FACE_BOUND('',#195,.T.);
#17=FACE_BOUND('',#212,.T.);
#18=FACE_BOUND('',#228,.T.);
#19=FACE_BOUND('',#251,.T.);
#20=FACE_BOUND('',#257,.T.);
#21=FACE_BOUND('',#264,.T.);
#22=FACE_BOUND('',#279,.T.);
#23=CYLINDRICAL_SURFACE('',#1706,2.5);
#24=CYLINDRICAL_SURFACE('',#1716,9.00000013411045);
#25=CYLINDRICAL_SURFACE('',#1730,3.);
#26=CYLINDRICAL_SURFACE('',#1737,5.);
#27=CYLINDRICAL_SURFACE('',#1739,2.7);
#28=CYLINDRICAL_SURFACE('',#1741,7.00000003793025);
#29=CYLINDRICAL_SURFACE('',#1745,6.00000008940697);
#30=CYLINDRICAL_SURFACE('',#1762,11.);
#31=CYLINDRICAL_SURFACE('',#1764,8.);
#32=CYLINDRICAL_SURFACE('',#1789,5.00000007450581);
#33=CYLINDRICAL_SURFACE('',#1795,5.);
#34=CYLINDRICAL_SURFACE('',#1799,3.);
#35=CYLINDRICAL_SURFACE('',#1802,5.);
#36=CYLINDRICAL_SURFACE('',#1809,15.0000002235174);
#37=CYLINDRICAL_SURFACE('',#1813,15.0000002235174);
#38=CYLINDRICAL_SURFACE('',#1816,5.);
#39=CYLINDRICAL_SURFACE('',#1820,5.);
#40=CYLINDRICAL_SURFACE('',#1824,1.5);
#41=CYLINDRICAL_SURFACE('',#1827,1.5);
#42=CIRCLE('',#1705,2.5);
#43=CIRCLE('',#1707,2.5);
#44=CIRCLE('',#1710,8.);
#45=CIRCLE('',#1713,15.0000002235174);
#46=CIRCLE('',#1717,9.00000013411045);
#47=CIRCLE('',#1718,9.00000013411045);
#48=CIRCLE('',#1719,9.00000013411045);
#49=CIRCLE('',#1720,9.00000013411045);
#50=CIRCLE('',#1729,3.);
#51=CIRCLE('',#1731,3.);
#52=CIRCLE('',#1733,2.7);
#53=CIRCLE('',#1735,5.);
#54=CIRCLE('',#1736,2.7);
#55=CIRCLE('',#1738,5.);
#56=CIRCLE('',#1742,7.00000003793025);
#57=CIRCLE('',#1743,7.00000003793025);
#58=CIRCLE('',#1746,6.00000008940697);
#59=CIRCLE('',#1747,6.00000008940697);
#60=CIRCLE('',#1751,5.00000007450581);
#61=CIRCLE('',#1752,5.);
#62=CIRCLE('',#1753,3.);
#63=CIRCLE('',#1760,11.);
#64=CIRCLE('',#1761,8.);
#65=CIRCLE('',#1763,11.);
#66=CIRCLE('',#1771,6.00000007450581);
#67=CIRCLE('',#1772,5.00000007450581);
#68=CIRCLE('',#1776,5.);
#69=CIRCLE('',#1777,6.);
#70=CIRCLE('',#1781,1.5);
#71=CIRCLE('',#1782,2.5);
#72=CIRCLE('',#1785,1.5);
#73=CIRCLE('',#1786,2.5);
#74=CIRCLE('',#1796,5.);
#75=CIRCLE('',#1800,3.);
#76=CIRCLE('',#1803,5.);
#77=CIRCLE('',#1807,15.0000002235174);
#78=CIRCLE('',#1808,15.0000002235174);
#79=CIRCLE('',#1810,15.0000002235174);
#80=CIRCLE('',#1817,5.);
#81=CIRCLE('',#1818,5.);
#82=CIRCLE('',#1821,5.);
#83=CIRCLE('',#1822,5.);
#84=CIRCLE('',#1825,1.5);
#85=CIRCLE('',#1828,1.5);
#86=CONICAL_SURFACE('',#1704,1.25,1.02974425867665);
#87=CONICAL_SURFACE('',#1728,1.5,1.02974425867665);
#88=CONICAL_SURFACE('',#1732,1.35,1.02974425867665);
#89=CONICAL_SURFACE('',#1770,5.50000007450581,0.785398163397448);
#90=CONICAL_SURFACE('',#1775,5.5,0.785398163397448);
#91=CONICAL_SURFACE('',#1780,2.,0.785398163397448);
#92=CONICAL_SURFACE('',#1784,2.,0.785398163397448);
#93=FACE_OUTER_BOUND('',#184,.T.);
#94=FACE_OUTER_BOUND('',#185,.T.);
#95=FACE_OUTER_BOUND('',#186,.T.);
#96=FACE_OUTER_BOUND('',#187,.T.);
#97=FACE_OUTER_BOUND('',#188,.T.);
#98=FACE_OUTER_BOUND('',#189,.T.);
#99=FACE_OUTER_BOUND('',#190,.T.);
#100=FACE_OUTER_BOUND('',#191,.T.);
#101=FACE_OUTER_BOUND('',#192,.T.);
#102=FACE_OUTER_BOUND('',#194,.T.);
#103=FACE_OUTER_BOUND('',#196,.T.);
#104=FACE_OUTER_BOUND('',#197,.T.);
#105=FACE_OUTER_BOUND('',#198,.T.);
#106=FACE_OUTER_BOUND('',#199,.T.);
#107=FACE_OUTER_BOUND('',#200,.T.);
#108=FACE_OUTER_BOUND('',#201,.T.);
#109=FACE_OUTER_BOUND('',#202,.T.);
#110=FACE_OUTER_BOUND('',#203,.T.);
#111=FACE_OUTER_BOUND('',#204,.T.);
#112=FACE_OUTER_BOUND('',#205,.T.);
#113=FACE_OUTER_BOUND('',#206,.T.);
#114=FACE_OUTER_BOUND('',#207,.T.);
#115=FACE_OUTER_BOUND('',#208,.T.);
#116=FACE_OUTER_BOUND('',#209,.T.);
#117=FACE_OUTER_BOUND('',#210,.T.);
#118=FACE_OUTER_BOUND('',#211,.T.);
#119=FACE_OUTER_BOUND('',#213,.T.);
#120=FACE_OUTER_BOUND('',#214,.T.);
#121=FACE_OUTER_BOUND('',#215,.T.);
#122=FACE_OUTER_BOUND('',#216,.T.);
#123=FACE_OUTER_BOUND('',#217,.T.);
#124=FACE_OUTER_BOUND('',#218,.T.);
#125=FACE_OUTER_BOUND('',#219,.T.);
#126=FACE_OUTER_BOUND('',#220,.T.);
#127=FACE_OUTER_BOUND('',#221,.T.);
#128=FACE_OUTER_BOUND('',#222,.T.);
#129=FACE_OUTER_BOUND('',#223,.T.);
#130=FACE_OUTER_BOUND('',#224,.T.);
#131=FACE_OUTER_BOUND('',#225,.T.);
#132=FACE_OUTER_BOUND('',#226,.T.);
#133=FACE_OUTER_BOUND('',#227,.T.);
#134=FACE_OUTER_BOUND('',#229,.T.);
#135=FACE_OUTER_BOUND('',#230,.T.);
#136=FACE_OUTER_BOUND('',#231,.T.);
#137=FACE_OUTER_BOUND('',#232,.T.);
#138=FACE_OUTER_BOUND('',#233,.T.);
#139=FACE_OUTER_BOUND('',#234,.T.);
#140=FACE_OUTER_BOUND('',#235,.T.);
#141=FACE_OUTER_BOUND('',#236,.T.);
#142=FACE_OUTER_BOUND('',#237,.T.);
#143=FACE_OUTER_BOUND('',#238,.T.);
#144=FACE_OUTER_BOUND('',#239,.T.);
#145=FACE_OUTER_BOUND('',#240,.T.);
#146=FACE_OUTER_BOUND('',#241,.T.);
#147=FACE_OUTER_BOUND('',#242,.T.);
#148=FACE_OUTER_BOUND('',#243,.T.);
#149=FACE_OUTER_BOUND('',#244,.T.);
#150=FACE_OUTER_BOUND('',#245,.T.);
#151=FACE_OUTER_BOUND('',#246,.T.);
#152=FACE_OUTER_BOUND('',#247,.T.);
#153=FACE_OUTER_BOUND('',#248,.T.);
#154=FACE_OUTER_BOUND('',#249,.T.);
#155=FACE_OUTER_BOUND('',#250,.T.);
#156=FACE_OUTER_BOUND('',#252,.T.);
#157=FACE_OUTER_BOUND('',#253,.T.);
#158=FACE_OUTER_BOUND('',#254,.T.);
#159=FACE_OUTER_BOUND('',#255,.T.);
#160=FACE_OUTER_BOUND('',#256,.T.);
#161=FACE_OUTER_BOUND('',#258,.T.);
#162=FACE_OUTER_BOUND('',#259,.T.);
#163=FACE_OUTER_BOUND('',#260,.T.);
#164=FACE_OUTER_BOUND('',#261,.T.);
#165=FACE_OUTER_BOUND('',#262,.T.);
#166=FACE_OUTER_BOUND('',#263,.T.);
#167=FACE_OUTER_BOUND('',#265,.T.);
#168=FACE_OUTER_BOUND('',#266,.T.);
#169=FACE_OUTER_BOUND('',#267,.T.);
#170=FACE_OUTER_BOUND('',#268,.T.);
#171=FACE_OUTER_BOUND('',#269,.T.);
#172=FACE_OUTER_BOUND('',#270,.T.);
#173=FACE_OUTER_BOUND('',#271,.T.);
#174=FACE_OUTER_BOUND('',#272,.T.);
#175=FACE_OUTER_BOUND('',#273,.T.);
#176=FACE_OUTER_BOUND('',#274,.T.);
#177=FACE_OUTER_BOUND('',#275,.T.);
#178=FACE_OUTER_BOUND('',#276,.T.);
#179=FACE_OUTER_BOUND('',#277,.T.);
#180=FACE_OUTER_BOUND('',#278,.T.);
#181=FACE_OUTER_BOUND('',#280,.T.);
#182=FACE_OUTER_BOUND('',#281,.T.);
#183=FACE_OUTER_BOUND('',#282,.T.);
#184=EDGE_LOOP('',(#1056,#1057,#1058,#1059));
#185=EDGE_LOOP('',(#1060,#1061,#1062,#1063,#1064));
#186=EDGE_LOOP('',(#1065,#1066,#1067,#1068,#1069,#1070,#1071,#1072,#1073,
#1074,#1075,#1076,#1077,#1078,#1079,#1080,#1081,#1082,#1083,#1084));
#187=EDGE_LOOP('',(#1085,#1086,#1087,#1088,#1089));
#188=EDGE_LOOP('',(#1090,#1091,#1092,#1093,#1094));
#189=EDGE_LOOP('',(#1095,#1096,#1097,#1098,#1099));
#190=EDGE_LOOP('',(#1100,#1101,#1102));
#191=EDGE_LOOP('',(#1103,#1104,#1105,#1106));
#192=EDGE_LOOP('',(#1107,#1108,#1109,#1110,#1111,#1112));
#193=EDGE_LOOP('',(#1113));
#194=EDGE_LOOP('',(#1114,#1115,#1116,#1117,#1118));
#195=EDGE_LOOP('',(#1119));
#196=EDGE_LOOP('',(#1120,#1121,#1122,#1123));
#197=EDGE_LOOP('',(#1124,#1125,#1126,#1127,#1128,#1129,#1130));
#198=EDGE_LOOP('',(#1131,#1132,#1133,#1134));
#199=EDGE_LOOP('',(#1135,#1136,#1137,#1138));
#200=EDGE_LOOP('',(#1139,#1140,#1141,#1142,#1143,#1144,#1145,#1146));
#201=EDGE_LOOP('',(#1147,#1148,#1149,#1150));
#202=EDGE_LOOP('',(#1151,#1152,#1153,#1154));
#203=EDGE_LOOP('',(#1155,#1156,#1157,#1158));
#204=EDGE_LOOP('',(#1159,#1160,#1161,#1162));
#205=EDGE_LOOP('',(#1163,#1164,#1165,#1166,#1167));
#206=EDGE_LOOP('',(#1168,#1169,#1170,#1171));
#207=EDGE_LOOP('',(#1172,#1173,#1174,#1175));
#208=EDGE_LOOP('',(#1176,#1177,#1178));
#209=EDGE_LOOP('',(#1179,#1180,#1181,#1182));
#210=EDGE_LOOP('',(#1183,#1184,#1185));
#211=EDGE_LOOP('',(#1186));
#212=EDGE_LOOP('',(#1187));
#213=EDGE_LOOP('',(#1188,#1189,#1190,#1191));
#214=EDGE_LOOP('',(#1192,#1193,#1194,#1195));
#215=EDGE_LOOP('',(#1196,#1197,#1198,#1199));
#216=EDGE_LOOP('',(#1200,#1201,#1202,#1203));
#217=EDGE_LOOP('',(#1204,#1205,#1206,#1207));
#218=EDGE_LOOP('',(#1208,#1209,#1210,#1211));
#219=EDGE_LOOP('',(#1212,#1213,#1214,#1215));
#220=EDGE_LOOP('',(#1216,#1217,#1218,#1219,#1220,#1221));
#221=EDGE_LOOP('',(#1222,#1223,#1224,#1225,#1226,#1227,#1228,#1229,#1230,
#1231,#1232,#1233,#1234,#1235,#1236,#1237,#1238));
#222=EDGE_LOOP('',(#1239,#1240,#1241,#1242));
#223=EDGE_LOOP('',(#1243,#1244,#1245,#1246));
#224=EDGE_LOOP('',(#1247,#1248,#1249,#1250));
#225=EDGE_LOOP('',(#1251,#1252,#1253,#1254));
#226=EDGE_LOOP('',(#1255,#1256,#1257,#1258,#1259,#1260));
#227=EDGE_LOOP('',(#1261));
#228=EDGE_LOOP('',(#1262));
#229=EDGE_LOOP('',(#1263,#1264,#1265,#1266));
#230=EDGE_LOOP('',(#1267,#1268,#1269,#1270));
#231=EDGE_LOOP('',(#1271,#1272,#1273,#1274));
#232=EDGE_LOOP('',(#1275,#1276,#1277,#1278));
#233=EDGE_LOOP('',(#1279,#1280,#1281,#1282));
#234=EDGE_LOOP('',(#1283,#1284,#1285,#1286));
#235=EDGE_LOOP('',(#1287,#1288,#1289,#1290));
#236=EDGE_LOOP('',(#1291,#1292,#1293,#1294));
#237=EDGE_LOOP('',(#1295,#1296,#1297,#1298));
#238=EDGE_LOOP('',(#1299,#1300,#1301,#1302));
#239=EDGE_LOOP('',(#1303,#1304,#1305,#1306));
#240=EDGE_LOOP('',(#1307,#1308,#1309,#1310));
#241=EDGE_LOOP('',(#1311,#1312,#1313,#1314));
#242=EDGE_LOOP('',(#1315,#1316,#1317,#1318));
#243=EDGE_LOOP('',(#1319,#1320,#1321,#1322));
#244=EDGE_LOOP('',(#1323,#1324,#1325,#1326));
#245=EDGE_LOOP('',(#1327,#1328,#1329,#1330));
#246=EDGE_LOOP('',(#1331,#1332,#1333,#1334,#1335,#1336,#1337,#1338));
#247=EDGE_LOOP('',(#1339,#1340,#1341,#1342));
#248=EDGE_LOOP('',(#1343,#1344,#1345,#1346,#1347,#1348));
#249=EDGE_LOOP('',(#1349,#1350,#1351,#1352));
#250=EDGE_LOOP('',(#1353,#1354,#1355,#1356,#1357,#1358,#1359,#1360,#1361,
#1362,#1363,#1364,#1365,#1366,#1367,#1368,#1369,#1370,#1371,#1372));
#251=EDGE_LOOP('',(#1373));
#252=EDGE_LOOP('',(#1374,#1375,#1376,#1377));
#253=EDGE_LOOP('',(#1378,#1379,#1380,#1381));
#254=EDGE_LOOP('',(#1382,#1383,#1384,#1385));
#255=EDGE_LOOP('',(#1386,#1387,#1388,#1389));
#256=EDGE_LOOP('',(#1390,#1391,#1392,#1393,#1394,#1395,#1396,#1397,#1398,
#1399,#1400,#1401,#1402,#1403,#1404,#1405,#1406));
#257=EDGE_LOOP('',(#1407));
#258=EDGE_LOOP('',(#1408,#1409,#1410,#1411));
#259=EDGE_LOOP('',(#1412,#1413,#1414,#1415,#1416,#1417,#1418,#1419));
#260=EDGE_LOOP('',(#1420,#1421,#1422,#1423));
#261=EDGE_LOOP('',(#1424,#1425,#1426,#1427));
#262=EDGE_LOOP('',(#1428,#1429,#1430,#1431,#1432,#1433));
#263=EDGE_LOOP('',(#1434,#1435,#1436,#1437,#1438,#1439,#1440,#1441,#1442,
#1443,#1444));
#264=EDGE_LOOP('',(#1445));
#265=EDGE_LOOP('',(#1446,#1447,#1448,#1449));
#266=EDGE_LOOP('',(#1450));
#267=EDGE_LOOP('',(#1451,#1452,#1453,#1454));
#268=EDGE_LOOP('',(#1455,#1456,#1457,#1458));
#269=EDGE_LOOP('',(#1459,#1460,#1461,#1462));
#270=EDGE_LOOP('',(#1463,#1464,#1465,#1466));
#271=EDGE_LOOP('',(#1467,#1468,#1469,#1470));
#272=EDGE_LOOP('',(#1471,#1472,#1473,#1474));
#273=EDGE_LOOP('',(#1475,#1476,#1477,#1478));
#274=EDGE_LOOP('',(#1479,#1480,#1481,#1482,#1483,#1484));
#275=EDGE_LOOP('',(#1485,#1486,#1487,#1488));
#276=EDGE_LOOP('',(#1489,#1490,#1491,#1492));
#277=EDGE_LOOP('',(#1493,#1494,#1495,#1496));
#278=EDGE_LOOP('',(#1497,#1498,#1499,#1500));
#279=EDGE_LOOP('',(#1501));
#280=EDGE_LOOP('',(#1502,#1503,#1504,#1505));
#281=EDGE_LOOP('',(#1506,#1507,#1508,#1509));
#282=EDGE_LOOP('',(#1510,#1511,#1512,#1513,#1514,#1515,#1516,#1517,#1518,
#1519,#1520,#1521,#1522,#1523,#1524,#1525,#1526,#1527));
#283=LINE('',#2301,#475);
#284=LINE('',#2303,#476);
#285=LINE('',#2305,#477);
#286=LINE('',#2306,#478);
#287=LINE('',#2309,#479);
#288=LINE('',#2311,#480);
#289=LINE('',#2313,#481);
#290=LINE('',#2314,#482);
#291=LINE('',#2317,#483);
#292=LINE('',#2319,#484);
#293=LINE('',#2321,#485);
#294=LINE('',#2323,#486);
#295=LINE('',#2325,#487);
#296=LINE('',#2327,#488);
#297=LINE('',#2329,#489);
#298=LINE('',#2331,#490);
#299=LINE('',#2333,#491);
#300=LINE('',#2335,#492);
#301=LINE('',#2337,#493);
#302=LINE('',#2339,#494);
#303=LINE('',#2341,#495);
#304=LINE('',#2343,#496);
#305=LINE('',#2345,#497);
#306=LINE('',#2347,#498);
#307=LINE('',#2349,#499);
#308=LINE('',#2350,#500);
#309=LINE('',#2354,#501);
#310=LINE('',#2356,#502);
#311=LINE('',#2357,#503);
#312=LINE('',#2358,#504);
#313=LINE('',#2361,#505);
#314=LINE('',#2363,#506);
#315=LINE('',#2365,#507);
#316=LINE('',#2366,#508);
#317=LINE('',#2369,#509);
#318=LINE('',#2370,#510);
#319=LINE('',#2375,#511);
#320=LINE('',#2379,#512);
#321=LINE('',#2383,#513);
#322=LINE('',#2385,#514);
#323=LINE('',#2386,#515);
#324=LINE('',#2388,#516);
#325=LINE('',#2389,#517);
#326=LINE('',#2392,#518);
#327=LINE('',#2394,#519);
#328=LINE('',#2395,#520);
#329=LINE('',#2400,#521);
#330=LINE('',#2401,#522);
#331=LINE('',#2404,#523);
#332=LINE('',#2408,#524);
#333=LINE('',#2410,#525);
#334=LINE('',#2411,#526);
#335=LINE('',#2414,#527);
#336=LINE('',#2415,#528);
#337=LINE('',#2417,#529);
#338=LINE('',#2423,#530);
#339=LINE('',#2427,#531);
#340=LINE('',#2431,#532);
#341=LINE('',#2434,#533);
#342=LINE('',#2437,#534);
#343=LINE('',#2439,#535);
#344=LINE('',#2440,#536);
#345=LINE('',#2443,#537);
#346=LINE('',#2445,#538);
#347=LINE('',#2446,#539);
#348=LINE('',#2448,#540);
#349=LINE('',#2449,#541);
#350=LINE('',#2453,#542);
#351=LINE('',#2455,#543);
#352=LINE('',#2456,#544);
#353=LINE('',#2458,#545);
#354=LINE('',#2459,#546);
#355=LINE('',#2465,#547);
#356=LINE('',#2469,#548);
#357=LINE('',#2473,#549);
#358=LINE('',#2483,#550);
#359=LINE('',#2485,#551);
#360=LINE('',#2488,#552);
#361=LINE('',#2490,#553);
#362=LINE('',#2491,#554);
#363=LINE('',#2496,#555);
#364=LINE('',#2500,#556);
#365=LINE('',#2502,#557);
#366=LINE('',#2503,#558);
#367=LINE('',#2508,#559);
#368=LINE('',#2511,#560);
#369=LINE('',#2512,#561);
#370=LINE('',#2516,#562);
#371=LINE('',#2520,#563);
#372=LINE('',#2523,#564);
#373=LINE('',#2525,#565);
#374=LINE('',#2528,#566);
#375=LINE('',#2531,#567);
#376=LINE('',#2533,#568);
#377=LINE('',#2534,#569);
#378=LINE('',#2537,#570);
#379=LINE('',#2539,#571);
#380=LINE('',#2540,#572);
#381=LINE('',#2542,#573);
#382=LINE('',#2544,#574);
#383=LINE('',#2547,#575);
#384=LINE('',#2549,#576);
#385=LINE('',#2551,#577);
#386=LINE('',#2552,#578);
#387=LINE('',#2561,#579);
#388=LINE('',#2563,#580);
#389=LINE('',#2567,#581);
#390=LINE('',#2568,#582);
#391=LINE('',#2570,#583);
#392=LINE('',#2571,#584);
#393=LINE('',#2573,#585);
#394=LINE('',#2577,#586);
#395=LINE('',#2579,#587);
#396=LINE('',#2581,#588);
#397=LINE('',#2582,#589);
#398=LINE('',#2585,#590);
#399=LINE('',#2587,#591);
#400=LINE('',#2588,#592);
#401=LINE('',#2591,#593);
#402=LINE('',#2593,#594);
#403=LINE('',#2594,#595);
#404=LINE('',#2600,#596);
#405=LINE('',#2602,#597);
#406=LINE('',#2603,#598);
#407=LINE('',#2607,#599);
#408=LINE('',#2609,#600);
#409=LINE('',#2611,#601);
#410=LINE('',#2612,#602);
#411=LINE('',#2617,#603);
#412=LINE('',#2620,#604);
#413=LINE('',#2621,#605);
#414=LINE('',#2624,#606);
#415=LINE('',#2626,#607);
#416=LINE('',#2627,#608);
#417=LINE('',#2632,#609);
#418=LINE('',#2637,#610);
#419=LINE('',#2638,#611);
#420=LINE('',#2639,#612);
#421=LINE('',#2644,#613);
#422=LINE('',#2647,#614);
#423=LINE('',#2648,#615);
#424=LINE('',#2650,#616);
#425=LINE('',#2652,#617);
#426=LINE('',#2655,#618);
#427=LINE('',#2657,#619);
#428=LINE('',#2658,#620);
#429=LINE('',#2661,#621);
#430=LINE('',#2662,#622);
#431=LINE('',#2665,#623);
#432=LINE('',#2666,#624);
#433=LINE('',#2668,#625);
#434=LINE('',#2670,#626);
#435=LINE('',#2672,#627);
#436=LINE('',#2674,#628);
#437=LINE('',#2676,#629);
#438=LINE('',#2677,#630);
#439=LINE('',#2680,#631);
#440=LINE('',#2681,#632);
#441=LINE('',#2684,#633);
#442=LINE('',#2685,#634);
#443=LINE('',#2688,#635);
#444=LINE('',#2692,#636);
#445=LINE('',#2693,#637);
#446=LINE('',#2697,#638);
#447=LINE('',#2700,#639);
#448=LINE('',#2702,#640);
#449=LINE('',#2706,#641);
#450=LINE('',#2708,#642);
#451=LINE('',#2711,#643);
#452=LINE('',#2712,#644);
#453=LINE('',#2715,#645);
#454=LINE('',#2721,#646);
#455=LINE('',#2725,#647);
#456=LINE('',#2729,#648);
#457=LINE('',#2731,#649);
#458=LINE('',#2732,#650);
#459=LINE('',#2735,#651);
#460=LINE('',#2737,#652);
#461=LINE('',#2738,#653);
#462=LINE('',#2743,#654);
#463=LINE('',#2747,#655);
#464=LINE('',#2749,#656);
#465=LINE('',#2750,#657);
#466=LINE('',#2757,#658);
#467=LINE('',#2760,#659);
#468=LINE('',#2763,#660);
#469=LINE('',#2764,#661);
#470=LINE('',#2767,#662);
#471=LINE('',#2771,#663);
#472=LINE('',#2772,#664);
#473=LINE('',#2774,#665);
#474=LINE('',#2776,#666);
#475=VECTOR('',#1837,10.);
#476=VECTOR('',#1838,10.);
#477=VECTOR('',#1839,10.);
#478=VECTOR('',#1840,10.);
#479=VECTOR('',#1843,10.);
#480=VECTOR('',#1844,10.);
#481=VECTOR('',#1845,10.);
#482=VECTOR('',#1846,10.);
#483=VECTOR('',#1849,10.);
#484=VECTOR('',#1850,10.);
#485=VECTOR('',#1851,10.);
#486=VECTOR('',#1852,10.);
#487=VECTOR('',#1853,10.);
#488=VECTOR('',#1854,10.);
#489=VECTOR('',#1855,10.);
#490=VECTOR('',#1856,10.);
#491=VECTOR('',#1857,10.);
#492=VECTOR('',#1858,10.);
#493=VECTOR('',#1859,10.);
#494=VECTOR('',#1860,10.);
#495=VECTOR('',#1861,10.);
#496=VECTOR('',#1862,10.);
#497=VECTOR('',#1863,10.);
#498=VECTOR('',#1864,10.);
#499=VECTOR('',#1865,10.);
#500=VECTOR('',#1866,10.);
#501=VECTOR('',#1869,10.);
#502=VECTOR('',#1870,10.);
#503=VECTOR('',#1871,10.);
#504=VECTOR('',#1872,10.);
#505=VECTOR('',#1875,10.);
#506=VECTOR('',#1876,10.);
#507=VECTOR('',#1877,9.99999999999999);
#508=VECTOR('',#1878,10.);
#509=VECTOR('',#1881,10.);
#510=VECTOR('',#1882,10.);
#511=VECTOR('',#1887,1.25);
#512=VECTOR('',#1892,2.5);
#513=VECTOR('',#1895,10.);
#514=VECTOR('',#1896,10.);
#515=VECTOR('',#1897,10.);
#516=VECTOR('',#1898,10.);
#517=VECTOR('',#1899,10.);
#518=VECTOR('',#1902,10.);
#519=VECTOR('',#1903,10.);
#520=VECTOR('',#1904,10.);
#521=VECTOR('',#1909,10.);
#522=VECTOR('',#1910,10.);
#523=VECTOR('',#1913,10.);
#524=VECTOR('',#1916,10.);
#525=VECTOR('',#1917,10.);
#526=VECTOR('',#1918,10.);
#527=VECTOR('',#1921,10.);
#528=VECTOR('',#1922,10.);
#529=VECTOR('',#1925,10.);
#530=VECTOR('',#1930,10.);
#531=VECTOR('',#1933,10.);
#532=VECTOR('',#1936,10.);
#533=VECTOR('',#1939,10.);
#534=VECTOR('',#1942,10.);
#535=VECTOR('',#1943,10.);
#536=VECTOR('',#1944,10.);
#537=VECTOR('',#1947,10.);
#538=VECTOR('',#1948,10.);
#539=VECTOR('',#1949,10.);
#540=VECTOR('',#1952,10.);
#541=VECTOR('',#1953,10.);
#542=VECTOR('',#1958,10.);
#543=VECTOR('',#1959,10.);
#544=VECTOR('',#1960,10.);
#545=VECTOR('',#1963,10.);
#546=VECTOR('',#1964,10.);
#547=VECTOR('',#1971,1.5);
#548=VECTOR('',#1976,3.);
#549=VECTOR('',#1979,1.35);
#550=VECTOR('',#1992,5.);
#551=VECTOR('',#1995,2.7);
#552=VECTOR('',#1998,10.);
#553=VECTOR('',#1999,10.);
#554=VECTOR('',#2000,10.);
#555=VECTOR('',#2005,10.);
#556=VECTOR('',#2010,10.);
#557=VECTOR('',#2011,10.);
#558=VECTOR('',#2012,10.);
#559=VECTOR('',#2017,10.);
#560=VECTOR('',#2022,10.);
#561=VECTOR('',#2023,10.);
#562=VECTOR('',#2028,10.);
#563=VECTOR('',#2031,10.);
#564=VECTOR('',#2034,10.);
#565=VECTOR('',#2035,10.);
#566=VECTOR('',#2038,10.);
#567=VECTOR('',#2041,10.);
#568=VECTOR('',#2042,10.);
#569=VECTOR('',#2043,10.);
#570=VECTOR('',#2046,10.);
#571=VECTOR('',#2047,10.);
#572=VECTOR('',#2048,10.);
#573=VECTOR('',#2051,10.);
#574=VECTOR('',#2054,10.);
#575=VECTOR('',#2057,10.);
#576=VECTOR('',#2058,10.);
#577=VECTOR('',#2059,10.);
#578=VECTOR('',#2060,10.);
#579=VECTOR('',#2071,11.);
#580=VECTOR('',#2074,8.);
#581=VECTOR('',#2077,10.);
#582=VECTOR('',#2078,10.);
#583=VECTOR('',#2079,10.);
#584=VECTOR('',#2080,10.);
#585=VECTOR('',#2083,10.);
#586=VECTOR('',#2086,10.);
#587=VECTOR('',#2087,10.);
#588=VECTOR('',#2088,10.);
#589=VECTOR('',#2089,10.);
#590=VECTOR('',#2092,10.);
#591=VECTOR('',#2093,10.);
#592=VECTOR('',#2094,10.);
#593=VECTOR('',#2097,10.);
#594=VECTOR('',#2098,10.);
#595=VECTOR('',#2099,10.);
#596=VECTOR('',#2108,10.);
#597=VECTOR('',#2109,10.);
#598=VECTOR('',#2110,10.);
#599=VECTOR('',#2113,10.);
#600=VECTOR('',#2114,10.);
#601=VECTOR('',#2115,10.);
#602=VECTOR('',#2116,10.);
#603=VECTOR('',#2121,10.);
#604=VECTOR('',#2126,10.);
#605=VECTOR('',#2127,10.);
#606=VECTOR('',#2130,10.);
#607=VECTOR('',#2131,10.);
#608=VECTOR('',#2132,10.);
#609=VECTOR('',#2137,9.99999999999999);
#610=VECTOR('',#2142,10.);
#611=VECTOR('',#2143,10.);
#612=VECTOR('',#2144,10.);
#613=VECTOR('',#2149,9.99999999999999);
#614=VECTOR('',#2154,10.);
#615=VECTOR('',#2155,10.);
#616=VECTOR('',#2158,10.);
#617=VECTOR('',#2161,10.);
#618=VECTOR('',#2164,10.);
#619=VECTOR('',#2165,10.);
#620=VECTOR('',#2166,10.);
#621=VECTOR('',#2169,10.);
#622=VECTOR('',#2170,10.);
#623=VECTOR('',#2173,10.);
#624=VECTOR('',#2174,10.);
#625=VECTOR('',#2175,10.);
#626=VECTOR('',#2176,10.);
#627=VECTOR('',#2177,10.);
#628=VECTOR('',#2178,10.);
#629=VECTOR('',#2179,10.);
#630=VECTOR('',#2180,10.);
#631=VECTOR('',#2183,10.);
#632=VECTOR('',#2184,10.);
#633=VECTOR('',#2187,10.);
#634=VECTOR('',#2188,10.);
#635=VECTOR('',#2191,10.);
#636=VECTOR('',#2196,10.);
#637=VECTOR('',#2197,10.);
#638=VECTOR('',#2202,10.);
#639=VECTOR('',#2205,10.);
#640=VECTOR('',#2208,10.);
#641=VECTOR('',#2213,10.);
#642=VECTOR('',#2216,10.);
#643=VECTOR('',#2219,10.);
#644=VECTOR('',#2220,10.);
#645=VECTOR('',#2223,10.);
#646=VECTOR('',#2230,15.0000002235174);
#647=VECTOR('',#2237,10.);
#648=VECTOR('',#2242,10.);
#649=VECTOR('',#2243,10.);
#650=VECTOR('',#2244,10.);
#651=VECTOR('',#2247,10.);
#652=VECTOR('',#2248,10.);
#653=VECTOR('',#2249,10.);
#654=VECTOR('',#2254,10.);
#655=VECTOR('',#2259,10.);
#656=VECTOR('',#2260,10.);
#657=VECTOR('',#2261,10.);
#658=VECTOR('',#2272,10.);
#659=VECTOR('',#2275,10.);
#660=VECTOR('',#2278,10.);
#661=VECTOR('',#2279,10.);
#662=VECTOR('',#2282,10.);
#663=VECTOR('',#2287,10.);
#664=VECTOR('',#2288,10.);
#665=VECTOR('',#2291,10.);
#666=VECTOR('',#2294,10.);
#667=VERTEX_POINT('',#2299);
#668=VERTEX_POINT('',#2300);
#669=VERTEX_POINT('',#2302);
#670=VERTEX_POINT('',#2304);
#671=VERTEX_POINT('',#2308);
#672=VERTEX_POINT('',#2310);
#673=VERTEX_POINT('',#2312);
#674=VERTEX_POINT('',#2316);
#675=VERTEX_POINT('',#2318);
#676=VERTEX_POINT('',#2320);
#677=VERTEX_POINT('',#2322);
#678=VERTEX_POINT('',#2324);
#679=VERTEX_POINT('',#2326);
#680=VERTEX_POINT('',#2328);
#681=VERTEX_POINT('',#2330);
#682=VERTEX_POINT('',#2332);
#683=VERTEX_POINT('',#2334);
#684=VERTEX_POINT('',#2336);
#685=VERTEX_POINT('',#2338);
#686=VERTEX_POINT('',#2340);
#687=VERTEX_POINT('',#2342);
#688=VERTEX_POINT('',#2344);
#689=VERTEX_POINT('',#2346);
#690=VERTEX_POINT('',#2348);
#691=VERTEX_POINT('',#2352);
#692=VERTEX_POINT('',#2353);
#693=VERTEX_POINT('',#2355);
#694=VERTEX_POINT('',#2360);
#695=VERTEX_POINT('',#2362);
#696=VERTEX_POINT('',#2364);
#697=VERTEX_POINT('',#2368);
#698=VERTEX_POINT('',#2372);
#699=VERTEX_POINT('',#2374);
#700=VERTEX_POINT('',#2377);
#701=VERTEX_POINT('',#2381);
#702=VERTEX_POINT('',#2382);
#703=VERTEX_POINT('',#2384);
#704=VERTEX_POINT('',#2387);
#705=VERTEX_POINT('',#2391);
#706=VERTEX_POINT('',#2393);
#707=VERTEX_POINT('',#2396);
#708=VERTEX_POINT('',#2399);
#709=VERTEX_POINT('',#2403);
#710=VERTEX_POINT('',#2405);
#711=VERTEX_POINT('',#2407);
#712=VERTEX_POINT('',#2409);
#713=VERTEX_POINT('',#2413);
#714=VERTEX_POINT('',#2419);
#715=VERTEX_POINT('',#2420);
#716=VERTEX_POINT('',#2422);
#717=VERTEX_POINT('',#2424);
#718=VERTEX_POINT('',#2426);
#719=VERTEX_POINT('',#2428);
#720=VERTEX_POINT('',#2430);
#721=VERTEX_POINT('',#2432);
#722=VERTEX_POINT('',#2436);
#723=VERTEX_POINT('',#2438);
#724=VERTEX_POINT('',#2442);
#725=VERTEX_POINT('',#2444);
#726=VERTEX_POINT('',#2452);
#727=VERTEX_POINT('',#2454);
#728=VERTEX_POINT('',#2462);
#729=VERTEX_POINT('',#2464);
#730=VERTEX_POINT('',#2467);
#731=VERTEX_POINT('',#2471);
#732=VERTEX_POINT('',#2472);
#733=VERTEX_POINT('',#2476);
#734=VERTEX_POINT('',#2478);
#735=VERTEX_POINT('',#2481);
#736=VERTEX_POINT('',#2487);
#737=VERTEX_POINT('',#2489);
#738=VERTEX_POINT('',#2493);
#739=VERTEX_POINT('',#2495);
#740=VERTEX_POINT('',#2499);
#741=VERTEX_POINT('',#2501);
#742=VERTEX_POINT('',#2505);
#743=VERTEX_POINT('',#2507);
#744=VERTEX_POINT('',#2515);
#745=VERTEX_POINT('',#2517);
#746=VERTEX_POINT('',#2519);
#747=VERTEX_POINT('',#2521);
#748=VERTEX_POINT('',#2524);
#749=VERTEX_POINT('',#2526);
#750=VERTEX_POINT('',#2530);
#751=VERTEX_POINT('',#2532);
#752=VERTEX_POINT('',#2536);
#753=VERTEX_POINT('',#2538);
#754=VERTEX_POINT('',#2546);
#755=VERTEX_POINT('',#2548);
#756=VERTEX_POINT('',#2550);
#757=VERTEX_POINT('',#2554);
#758=VERTEX_POINT('',#2556);
#759=VERTEX_POINT('',#2559);
#760=VERTEX_POINT('',#2565);
#761=VERTEX_POINT('',#2566);
#762=VERTEX_POINT('',#2569);
#763=VERTEX_POINT('',#2575);
#764=VERTEX_POINT('',#2576);
#765=VERTEX_POINT('',#2578);
#766=VERTEX_POINT('',#2580);
#767=VERTEX_POINT('',#2584);
#768=VERTEX_POINT('',#2586);
#769=VERTEX_POINT('',#2590);
#770=VERTEX_POINT('',#2592);
#771=VERTEX_POINT('',#2599);
#772=VERTEX_POINT('',#2601);
#773=VERTEX_POINT('',#2605);
#774=VERTEX_POINT('',#2606);
#775=VERTEX_POINT('',#2608);
#776=VERTEX_POINT('',#2610);
#777=VERTEX_POINT('',#2614);
#778=VERTEX_POINT('',#2616);
#779=VERTEX_POINT('',#2623);
#780=VERTEX_POINT('',#2625);
#781=VERTEX_POINT('',#2629);
#782=VERTEX_POINT('',#2631);
#783=VERTEX_POINT('',#2635);
#784=VERTEX_POINT('',#2636);
#785=VERTEX_POINT('',#2641);
#786=VERTEX_POINT('',#2643);
#787=VERTEX_POINT('',#2654);
#788=VERTEX_POINT('',#2656);
#789=VERTEX_POINT('',#2660);
#790=VERTEX_POINT('',#2664);
#791=VERTEX_POINT('',#2667);
#792=VERTEX_POINT('',#2669);
#793=VERTEX_POINT('',#2671);
#794=VERTEX_POINT('',#2673);
#795=VERTEX_POINT('',#2675);
#796=VERTEX_POINT('',#2679);
#797=VERTEX_POINT('',#2683);
#798=VERTEX_POINT('',#2687);
#799=VERTEX_POINT('',#2691);
#800=VERTEX_POINT('',#2696);
#801=VERTEX_POINT('',#2698);
#802=VERTEX_POINT('',#2704);
#803=VERTEX_POINT('',#2710);
#804=VERTEX_POINT('',#2714);
#805=VERTEX_POINT('',#2717);
#806=VERTEX_POINT('',#2720);
#807=VERTEX_POINT('',#2728);
#808=VERTEX_POINT('',#2730);
#809=VERTEX_POINT('',#2734);
#810=VERTEX_POINT('',#2736);
#811=VERTEX_POINT('',#2740);
#812=VERTEX_POINT('',#2742);
#813=VERTEX_POINT('',#2746);
#814=VERTEX_POINT('',#2748);
#815=VERTEX_POINT('',#2756);
#816=VERTEX_POINT('',#2758);
#817=VERTEX_POINT('',#2762);
#818=VERTEX_POINT('',#2766);
#819=VERTEX_POINT('',#2770);
#820=EDGE_CURVE('',#667,#668,#283,.T.);
#821=EDGE_CURVE('',#668,#669,#284,.T.);
#822=EDGE_CURVE('',#669,#670,#285,.F.);
#823=EDGE_CURVE('',#670,#667,#286,.T.);
#824=EDGE_CURVE('',#667,#671,#287,.T.);
#825=EDGE_CURVE('',#671,#672,#288,.T.);
#826=EDGE_CURVE('',#673,#672,#289,.T.);
#827=EDGE_CURVE('',#668,#673,#290,.T.);
#828=EDGE_CURVE('',#670,#674,#291,.T.);
#829=EDGE_CURVE('',#674,#675,#292,.T.);
#830=EDGE_CURVE('',#675,#676,#293,.T.);
#831=EDGE_CURVE('',#676,#677,#294,.T.);
#832=EDGE_CURVE('',#677,#678,#295,.T.);
#833=EDGE_CURVE('',#678,#679,#296,.T.);
#834=EDGE_CURVE('',#680,#679,#297,.T.);
#835=EDGE_CURVE('',#681,#680,#298,.T.);
#836=EDGE_CURVE('',#682,#681,#299,.T.);
#837=EDGE_CURVE('',#682,#683,#300,.T.);
#838=EDGE_CURVE('',#683,#684,#301,.T.);
#839=EDGE_CURVE('',#684,#685,#302,.T.);
#840=EDGE_CURVE('',#685,#686,#303,.T.);
#841=EDGE_CURVE('',#686,#687,#304,.T.);
#842=EDGE_CURVE('',#688,#687,#305,.T.);
#843=EDGE_CURVE('',#689,#688,#306,.T.);
#844=EDGE_CURVE('',#690,#689,#307,.T.);
#845=EDGE_CURVE('',#671,#690,#308,.T.);
#846=EDGE_CURVE('',#691,#692,#309,.T.);
#847=EDGE_CURVE('',#692,#693,#310,.T.);
#848=EDGE_CURVE('',#693,#689,#311,.T.);
#849=EDGE_CURVE('',#688,#691,#312,.T.);
#850=EDGE_CURVE('',#694,#691,#313,.T.);
#851=EDGE_CURVE('',#694,#695,#314,.T.);
#852=EDGE_CURVE('',#696,#695,#315,.T.);
#853=EDGE_CURVE('',#696,#692,#316,.T.);
#854=EDGE_CURVE('',#697,#687,#317,.T.);
#855=EDGE_CURVE('',#697,#694,#318,.T.);
#856=EDGE_CURVE('',#698,#698,#42,.T.);
#857=EDGE_CURVE('',#698,#699,#319,.T.);
#858=EDGE_CURVE('',#700,#700,#43,.T.);
#859=EDGE_CURVE('',#700,#698,#320,.T.);
#860=EDGE_CURVE('',#701,#702,#321,.T.);
#861=EDGE_CURVE('',#702,#703,#322,.T.);
#862=EDGE_CURVE('',#703,#681,#323,.T.);
#863=EDGE_CURVE('',#680,#704,#324,.T.);
#864=EDGE_CURVE('',#704,#701,#325,.T.);
#865=EDGE_CURVE('',#703,#705,#326,.T.);
#866=EDGE_CURVE('',#705,#706,#327,.T.);
#867=EDGE_CURVE('',#706,#682,#328,.T.);
#868=EDGE_CURVE('',#707,#707,#44,.T.);
#869=EDGE_CURVE('',#702,#708,#329,.T.);
#870=EDGE_CURVE('',#705,#708,#330,.T.);
#871=EDGE_CURVE('',#679,#709,#331,.T.);
#872=EDGE_CURVE('',#709,#710,#45,.T.);
#873=EDGE_CURVE('',#710,#711,#332,.T.);
#874=EDGE_CURVE('',#711,#712,#333,.T.);
#875=EDGE_CURVE('',#712,#704,#334,.T.);
#876=EDGE_CURVE('',#713,#701,#335,.T.);
#877=EDGE_CURVE('',#708,#713,#336,.T.);
#878=EDGE_CURVE('',#713,#712,#337,.T.);
#879=EDGE_CURVE('',#714,#715,#46,.T.);
#880=EDGE_CURVE('',#714,#716,#338,.T.);
#881=EDGE_CURVE('',#716,#717,#47,.T.);
#882=EDGE_CURVE('',#718,#717,#339,.T.);
#883=EDGE_CURVE('',#719,#718,#48,.T.);
#884=EDGE_CURVE('',#719,#720,#340,.T.);
#885=EDGE_CURVE('',#721,#720,#49,.F.);
#886=EDGE_CURVE('',#715,#721,#341,.T.);
#887=EDGE_CURVE('',#722,#720,#342,.F.);
#888=EDGE_CURVE('',#722,#723,#343,.F.);
#889=EDGE_CURVE('',#723,#721,#344,.F.);
#890=EDGE_CURVE('',#724,#722,#345,.T.);
#891=EDGE_CURVE('',#724,#725,#346,.T.);
#892=EDGE_CURVE('',#725,#723,#347,.T.);
#893=EDGE_CURVE('',#715,#725,#348,.T.);
#894=EDGE_CURVE('',#714,#724,#349,.T.);
#895=EDGE_CURVE('',#726,#693,#350,.T.);
#896=EDGE_CURVE('',#726,#727,#351,.T.);
#897=EDGE_CURVE('',#727,#690,#352,.T.);
#898=EDGE_CURVE('',#673,#726,#353,.T.);
#899=EDGE_CURVE('',#672,#727,#354,.T.);
#900=EDGE_CURVE('',#728,#728,#50,.T.);
#901=EDGE_CURVE('',#728,#729,#355,.T.);
#902=EDGE_CURVE('',#730,#730,#51,.T.);
#903=EDGE_CURVE('',#730,#728,#356,.T.);
#904=EDGE_CURVE('',#731,#732,#357,.T.);
#905=EDGE_CURVE('',#732,#732,#52,.T.);
#906=EDGE_CURVE('',#733,#733,#53,.T.);
#907=EDGE_CURVE('',#734,#734,#54,.T.);
#908=EDGE_CURVE('',#735,#735,#55,.T.);
#909=EDGE_CURVE('',#735,#733,#358,.T.);
#910=EDGE_CURVE('',#734,#732,#359,.T.);
#911=EDGE_CURVE('',#736,#674,#360,.T.);
#912=EDGE_CURVE('',#736,#737,#361,.T.);
#913=EDGE_CURVE('',#737,#675,#362,.T.);
#914=EDGE_CURVE('',#738,#736,#56,.T.);
#915=EDGE_CURVE('',#738,#739,#363,.T.);
#916=EDGE_CURVE('',#739,#737,#57,.T.);
#917=EDGE_CURVE('',#740,#738,#364,.T.);
#918=EDGE_CURVE('',#740,#741,#365,.T.);
#919=EDGE_CURVE('',#741,#739,#366,.T.);
#920=EDGE_CURVE('',#742,#740,#58,.T.);
#921=EDGE_CURVE('',#742,#743,#367,.T.);
#922=EDGE_CURVE('',#743,#741,#59,.T.);
#923=EDGE_CURVE('',#677,#742,#368,.T.);
#924=EDGE_CURVE('',#676,#743,#369,.T.);
#925=EDGE_CURVE('',#744,#669,#370,.T.);
#926=EDGE_CURVE('',#745,#744,#60,.T.);
#927=EDGE_CURVE('',#746,#745,#371,.T.);
#928=EDGE_CURVE('',#746,#747,#61,.T.);
#929=EDGE_CURVE('',#717,#747,#372,.T.);
#930=EDGE_CURVE('',#748,#716,#373,.T.);
#931=EDGE_CURVE('',#748,#749,#62,.T.);
#932=EDGE_CURVE('',#678,#749,#374,.T.);
#933=EDGE_CURVE('',#686,#750,#375,.T.);
#934=EDGE_CURVE('',#685,#751,#376,.T.);
#935=EDGE_CURVE('',#750,#751,#377,.T.);
#936=EDGE_CURVE('',#752,#683,#378,.T.);
#937=EDGE_CURVE('',#753,#752,#379,.T.);
#938=EDGE_CURVE('',#753,#684,#380,.T.);
#939=EDGE_CURVE('',#751,#753,#381,.T.);
#940=EDGE_CURVE('',#706,#752,#382,.T.);
#941=EDGE_CURVE('',#750,#754,#383,.T.);
#942=EDGE_CURVE('',#754,#755,#384,.T.);
#943=EDGE_CURVE('',#755,#756,#385,.T.);
#944=EDGE_CURVE('',#687,#756,#386,.T.);
#945=EDGE_CURVE('',#757,#757,#63,.T.);
#946=EDGE_CURVE('',#758,#758,#64,.T.);
#947=EDGE_CURVE('',#759,#759,#65,.T.);
#948=EDGE_CURVE('',#759,#757,#387,.T.);
#949=EDGE_CURVE('',#758,#707,#388,.T.);
#950=EDGE_CURVE('',#760,#761,#389,.T.);
#951=EDGE_CURVE('',#761,#756,#390,.T.);
#952=EDGE_CURVE('',#756,#762,#391,.T.);
#953=EDGE_CURVE('',#760,#762,#392,.T.);
#954=EDGE_CURVE('',#761,#697,#393,.T.);
#955=EDGE_CURVE('',#763,#764,#394,.T.);
#956=EDGE_CURVE('',#764,#765,#395,.T.);
#957=EDGE_CURVE('',#765,#766,#396,.T.);
#958=EDGE_CURVE('',#766,#763,#397,.T.);
#959=EDGE_CURVE('',#766,#767,#398,.T.);
#960=EDGE_CURVE('',#767,#768,#399,.T.);
#961=EDGE_CURVE('',#768,#763,#400,.T.);
#962=EDGE_CURVE('',#769,#768,#401,.T.);
#963=EDGE_CURVE('',#767,#770,#402,.T.);
#964=EDGE_CURVE('',#770,#769,#403,.T.);
#965=EDGE_CURVE('',#695,#765,#66,.T.);
#966=EDGE_CURVE('',#764,#696,#67,.T.);
#967=EDGE_CURVE('',#771,#769,#404,.T.);
#968=EDGE_CURVE('',#770,#772,#405,.T.);
#969=EDGE_CURVE('',#772,#771,#406,.T.);
#970=EDGE_CURVE('',#773,#774,#407,.T.);
#971=EDGE_CURVE('',#774,#775,#408,.T.);
#972=EDGE_CURVE('',#775,#776,#409,.T.);
#973=EDGE_CURVE('',#776,#773,#410,.T.);
#974=EDGE_CURVE('',#774,#777,#68,.T.);
#975=EDGE_CURVE('',#777,#778,#411,.T.);
#976=EDGE_CURVE('',#778,#775,#69,.T.);
#977=EDGE_CURVE('',#772,#778,#412,.T.);
#978=EDGE_CURVE('',#777,#771,#413,.T.);
#979=EDGE_CURVE('',#762,#779,#414,.T.);
#980=EDGE_CURVE('',#779,#780,#415,.T.);
#981=EDGE_CURVE('',#780,#760,#416,.T.);
#982=EDGE_CURVE('',#779,#781,#70,.T.);
#983=EDGE_CURVE('',#781,#782,#417,.T.);
#984=EDGE_CURVE('',#782,#780,#71,.T.);
#985=EDGE_CURVE('',#783,#784,#418,.T.);
#986=EDGE_CURVE('',#784,#782,#419,.T.);
#987=EDGE_CURVE('',#781,#783,#420,.T.);
#988=EDGE_CURVE('',#783,#785,#72,.T.);
#989=EDGE_CURVE('',#785,#786,#421,.T.);
#990=EDGE_CURVE('',#786,#784,#73,.T.);
#991=EDGE_CURVE('',#776,#786,#422,.T.);
#992=EDGE_CURVE('',#785,#773,#423,.T.);
#993=EDGE_CURVE('',#696,#744,#424,.T.);
#994=EDGE_CURVE('',#764,#745,#425,.T.);
#995=EDGE_CURVE('',#787,#763,#426,.T.);
#996=EDGE_CURVE('',#788,#787,#427,.T.);
#997=EDGE_CURVE('',#746,#788,#428,.T.);
#998=EDGE_CURVE('',#789,#768,#429,.T.);
#999=EDGE_CURVE('',#789,#787,#430,.T.);
#1000=EDGE_CURVE('',#711,#790,#431,.T.);
#1001=EDGE_CURVE('',#790,#789,#432,.T.);
#1002=EDGE_CURVE('',#769,#791,#433,.T.);
#1003=EDGE_CURVE('',#791,#792,#434,.T.);
#1004=EDGE_CURVE('',#792,#793,#435,.T.);
#1005=EDGE_CURVE('',#793,#794,#436,.T.);
#1006=EDGE_CURVE('',#794,#795,#437,.T.);
#1007=EDGE_CURVE('',#795,#754,#438,.T.);
#1008=EDGE_CURVE('',#771,#796,#439,.T.);
#1009=EDGE_CURVE('',#796,#791,#440,.T.);
#1010=EDGE_CURVE('',#797,#777,#441,.T.);
#1011=EDGE_CURVE('',#797,#796,#442,.T.);
#1012=EDGE_CURVE('',#774,#798,#443,.T.);
#1013=EDGE_CURVE('',#797,#798,#74,.T.);
#1014=EDGE_CURVE('',#773,#799,#444,.T.);
#1015=EDGE_CURVE('',#799,#798,#445,.T.);
#1016=EDGE_CURVE('',#748,#800,#446,.T.);
#1017=EDGE_CURVE('',#800,#801,#75,.T.);
#1018=EDGE_CURVE('',#801,#749,#447,.T.);
#1019=EDGE_CURVE('',#800,#719,#448,.T.);
#1020=EDGE_CURVE('',#788,#802,#76,.T.);
#1021=EDGE_CURVE('',#802,#747,#449,.T.);
#1022=EDGE_CURVE('',#718,#802,#450,.T.);
#1023=EDGE_CURVE('',#803,#801,#451,.T.);
#1024=EDGE_CURVE('',#709,#803,#452,.T.);
#1025=EDGE_CURVE('',#804,#790,#453,.T.);
#1026=EDGE_CURVE('',#803,#804,#77,.T.);
#1027=EDGE_CURVE('',#805,#805,#78,.T.);
#1028=EDGE_CURVE('',#805,#806,#454,.T.);
#1029=EDGE_CURVE('',#806,#806,#79,.T.);
#1030=EDGE_CURVE('',#710,#804,#455,.T.);
#1031=EDGE_CURVE('',#795,#807,#456,.T.);
#1032=EDGE_CURVE('',#794,#808,#457,.T.);
#1033=EDGE_CURVE('',#807,#808,#458,.T.);
#1034=EDGE_CURVE('',#809,#792,#459,.T.);
#1035=EDGE_CURVE('',#809,#810,#460,.T.);
#1036=EDGE_CURVE('',#810,#793,#461,.T.);
#1037=EDGE_CURVE('',#811,#809,#80,.T.);
#1038=EDGE_CURVE('',#811,#812,#462,.T.);
#1039=EDGE_CURVE('',#812,#810,#81,.T.);
#1040=EDGE_CURVE('',#813,#811,#463,.T.);
#1041=EDGE_CURVE('',#813,#814,#464,.T.);
#1042=EDGE_CURVE('',#814,#812,#465,.T.);
#1043=EDGE_CURVE('',#807,#813,#82,.T.);
#1044=EDGE_CURVE('',#808,#814,#83,.T.);
#1045=EDGE_CURVE('',#783,#815,#466,.T.);
#1046=EDGE_CURVE('',#816,#815,#84,.T.);
#1047=EDGE_CURVE('',#816,#785,#467,.T.);
#1048=EDGE_CURVE('',#817,#781,#468,.T.);
#1049=EDGE_CURVE('',#817,#815,#469,.T.);
#1050=EDGE_CURVE('',#779,#818,#470,.T.);
#1051=EDGE_CURVE('',#817,#818,#85,.T.);
#1052=EDGE_CURVE('',#762,#819,#471,.T.);
#1053=EDGE_CURVE('',#819,#818,#472,.T.);
#1054=EDGE_CURVE('',#816,#799,#473,.T.);
#1055=EDGE_CURVE('',#755,#819,#474,.T.);
#1056=ORIENTED_EDGE('',*,*,#820,.T.);
#1057=ORIENTED_EDGE('',*,*,#821,.T.);
#1058=ORIENTED_EDGE('',*,*,#822,.T.);
#1059=ORIENTED_EDGE('',*,*,#823,.T.);
#1060=ORIENTED_EDGE('',*,*,#820,.F.);
#1061=ORIENTED_EDGE('',*,*,#824,.T.);
#1062=ORIENTED_EDGE('',*,*,#825,.T.);
#1063=ORIENTED_EDGE('',*,*,#826,.F.);
#1064=ORIENTED_EDGE('',*,*,#827,.F.);
#1065=ORIENTED_EDGE('',*,*,#823,.F.);
#1066=ORIENTED_EDGE('',*,*,#828,.T.);
#1067=ORIENTED_EDGE('',*,*,#829,.T.);
#1068=ORIENTED_EDGE('',*,*,#830,.T.);
#1069=ORIENTED_EDGE('',*,*,#831,.T.);
#1070=ORIENTED_EDGE('',*,*,#832,.T.);
#1071=ORIENTED_EDGE('',*,*,#833,.T.);
#1072=ORIENTED_EDGE('',*,*,#834,.F.);
#1073=ORIENTED_EDGE('',*,*,#835,.F.);
#1074=ORIENTED_EDGE('',*,*,#836,.F.);
#1075=ORIENTED_EDGE('',*,*,#837,.T.);
#1076=ORIENTED_EDGE('',*,*,#838,.T.);
#1077=ORIENTED_EDGE('',*,*,#839,.T.);
#1078=ORIENTED_EDGE('',*,*,#840,.T.);
#1079=ORIENTED_EDGE('',*,*,#841,.T.);
#1080=ORIENTED_EDGE('',*,*,#842,.F.);
#1081=ORIENTED_EDGE('',*,*,#843,.F.);
#1082=ORIENTED_EDGE('',*,*,#844,.F.);
#1083=ORIENTED_EDGE('',*,*,#845,.F.);
#1084=ORIENTED_EDGE('',*,*,#824,.F.);
#1085=ORIENTED_EDGE('',*,*,#846,.T.);
#1086=ORIENTED_EDGE('',*,*,#847,.T.);
#1087=ORIENTED_EDGE('',*,*,#848,.T.);
#1088=ORIENTED_EDGE('',*,*,#843,.T.);
#1089=ORIENTED_EDGE('',*,*,#849,.T.);
#1090=ORIENTED_EDGE('',*,*,#846,.F.);
#1091=ORIENTED_EDGE('',*,*,#850,.F.);
#1092=ORIENTED_EDGE('',*,*,#851,.T.);
#1093=ORIENTED_EDGE('',*,*,#852,.F.);
#1094=ORIENTED_EDGE('',*,*,#853,.T.);
#1095=ORIENTED_EDGE('',*,*,#849,.F.);
#1096=ORIENTED_EDGE('',*,*,#842,.T.);
#1097=ORIENTED_EDGE('',*,*,#854,.F.);
#1098=ORIENTED_EDGE('',*,*,#855,.T.);
#1099=ORIENTED_EDGE('',*,*,#850,.T.);
#1100=ORIENTED_EDGE('',*,*,#856,.F.);
#1101=ORIENTED_EDGE('',*,*,#857,.T.);
#1102=ORIENTED_EDGE('',*,*,#857,.F.);
#1103=ORIENTED_EDGE('',*,*,#858,.F.);
#1104=ORIENTED_EDGE('',*,*,#859,.T.);
#1105=ORIENTED_EDGE('',*,*,#856,.T.);
#1106=ORIENTED_EDGE('',*,*,#859,.F.);
#1107=ORIENTED_EDGE('',*,*,#860,.T.);
#1108=ORIENTED_EDGE('',*,*,#861,.T.);
#1109=ORIENTED_EDGE('',*,*,#862,.T.);
#1110=ORIENTED_EDGE('',*,*,#835,.T.);
#1111=ORIENTED_EDGE('',*,*,#863,.T.);
#1112=ORIENTED_EDGE('',*,*,#864,.T.);
#1113=ORIENTED_EDGE('',*,*,#858,.T.);
#1114=ORIENTED_EDGE('',*,*,#862,.F.);
#1115=ORIENTED_EDGE('',*,*,#865,.T.);
#1116=ORIENTED_EDGE('',*,*,#866,.T.);
#1117=ORIENTED_EDGE('',*,*,#867,.T.);
#1118=ORIENTED_EDGE('',*,*,#836,.T.);
#1119=ORIENTED_EDGE('',*,*,#868,.T.);
#1120=ORIENTED_EDGE('',*,*,#861,.F.);
#1121=ORIENTED_EDGE('',*,*,#869,.T.);
#1122=ORIENTED_EDGE('',*,*,#870,.F.);
#1123=ORIENTED_EDGE('',*,*,#865,.F.);
#1124=ORIENTED_EDGE('',*,*,#863,.F.);
#1125=ORIENTED_EDGE('',*,*,#834,.T.);
#1126=ORIENTED_EDGE('',*,*,#871,.T.);
#1127=ORIENTED_EDGE('',*,*,#872,.T.);
#1128=ORIENTED_EDGE('',*,*,#873,.T.);
#1129=ORIENTED_EDGE('',*,*,#874,.T.);
#1130=ORIENTED_EDGE('',*,*,#875,.T.);
#1131=ORIENTED_EDGE('',*,*,#860,.F.);
#1132=ORIENTED_EDGE('',*,*,#876,.F.);
#1133=ORIENTED_EDGE('',*,*,#877,.F.);
#1134=ORIENTED_EDGE('',*,*,#869,.F.);
#1135=ORIENTED_EDGE('',*,*,#864,.F.);
#1136=ORIENTED_EDGE('',*,*,#875,.F.);
#1137=ORIENTED_EDGE('',*,*,#878,.F.);
#1138=ORIENTED_EDGE('',*,*,#876,.T.);
#1139=ORIENTED_EDGE('',*,*,#879,.F.);
#1140=ORIENTED_EDGE('',*,*,#880,.T.);
#1141=ORIENTED_EDGE('',*,*,#881,.T.);
#1142=ORIENTED_EDGE('',*,*,#882,.F.);
#1143=ORIENTED_EDGE('',*,*,#883,.F.);
#1144=ORIENTED_EDGE('',*,*,#884,.T.);
#1145=ORIENTED_EDGE('',*,*,#885,.F.);
#1146=ORIENTED_EDGE('',*,*,#886,.F.);
#1147=ORIENTED_EDGE('',*,*,#885,.T.);
#1148=ORIENTED_EDGE('',*,*,#887,.F.);
#1149=ORIENTED_EDGE('',*,*,#888,.T.);
#1150=ORIENTED_EDGE('',*,*,#889,.T.);
#1151=ORIENTED_EDGE('',*,*,#890,.F.);
#1152=ORIENTED_EDGE('',*,*,#891,.T.);
#1153=ORIENTED_EDGE('',*,*,#892,.T.);
#1154=ORIENTED_EDGE('',*,*,#888,.F.);
#1155=ORIENTED_EDGE('',*,*,#879,.T.);
#1156=ORIENTED_EDGE('',*,*,#893,.T.);
#1157=ORIENTED_EDGE('',*,*,#891,.F.);
#1158=ORIENTED_EDGE('',*,*,#894,.F.);
#1159=ORIENTED_EDGE('',*,*,#886,.T.);
#1160=ORIENTED_EDGE('',*,*,#889,.F.);
#1161=ORIENTED_EDGE('',*,*,#892,.F.);
#1162=ORIENTED_EDGE('',*,*,#893,.F.);
#1163=ORIENTED_EDGE('',*,*,#848,.F.);
#1164=ORIENTED_EDGE('',*,*,#895,.F.);
#1165=ORIENTED_EDGE('',*,*,#896,.T.);
#1166=ORIENTED_EDGE('',*,*,#897,.T.);
#1167=ORIENTED_EDGE('',*,*,#844,.T.);
#1168=ORIENTED_EDGE('',*,*,#898,.F.);
#1169=ORIENTED_EDGE('',*,*,#826,.T.);
#1170=ORIENTED_EDGE('',*,*,#899,.T.);
#1171=ORIENTED_EDGE('',*,*,#896,.F.);
#1172=ORIENTED_EDGE('',*,*,#845,.T.);
#1173=ORIENTED_EDGE('',*,*,#897,.F.);
#1174=ORIENTED_EDGE('',*,*,#899,.F.);
#1175=ORIENTED_EDGE('',*,*,#825,.F.);
#1176=ORIENTED_EDGE('',*,*,#900,.F.);
#1177=ORIENTED_EDGE('',*,*,#901,.T.);
#1178=ORIENTED_EDGE('',*,*,#901,.F.);
#1179=ORIENTED_EDGE('',*,*,#902,.F.);
#1180=ORIENTED_EDGE('',*,*,#903,.T.);
#1181=ORIENTED_EDGE('',*,*,#900,.T.);
#1182=ORIENTED_EDGE('',*,*,#903,.F.);
#1183=ORIENTED_EDGE('',*,*,#904,.T.);
#1184=ORIENTED_EDGE('',*,*,#905,.F.);
#1185=ORIENTED_EDGE('',*,*,#904,.F.);
#1186=ORIENTED_EDGE('',*,*,#906,.F.);
#1187=ORIENTED_EDGE('',*,*,#907,.T.);
#1188=ORIENTED_EDGE('',*,*,#908,.F.);
#1189=ORIENTED_EDGE('',*,*,#909,.T.);
#1190=ORIENTED_EDGE('',*,*,#906,.T.);
#1191=ORIENTED_EDGE('',*,*,#909,.F.);
#1192=ORIENTED_EDGE('',*,*,#907,.F.);
#1193=ORIENTED_EDGE('',*,*,#910,.T.);
#1194=ORIENTED_EDGE('',*,*,#905,.T.);
#1195=ORIENTED_EDGE('',*,*,#910,.F.);
#1196=ORIENTED_EDGE('',*,*,#911,.F.);
#1197=ORIENTED_EDGE('',*,*,#912,.T.);
#1198=ORIENTED_EDGE('',*,*,#913,.T.);
#1199=ORIENTED_EDGE('',*,*,#829,.F.);
#1200=ORIENTED_EDGE('',*,*,#914,.F.);
#1201=ORIENTED_EDGE('',*,*,#915,.T.);
#1202=ORIENTED_EDGE('',*,*,#916,.T.);
#1203=ORIENTED_EDGE('',*,*,#912,.F.);
#1204=ORIENTED_EDGE('',*,*,#917,.F.);
#1205=ORIENTED_EDGE('',*,*,#918,.T.);
#1206=ORIENTED_EDGE('',*,*,#919,.T.);
#1207=ORIENTED_EDGE('',*,*,#915,.F.);
#1208=ORIENTED_EDGE('',*,*,#920,.F.);
#1209=ORIENTED_EDGE('',*,*,#921,.T.);
#1210=ORIENTED_EDGE('',*,*,#922,.T.);
#1211=ORIENTED_EDGE('',*,*,#918,.F.);
#1212=ORIENTED_EDGE('',*,*,#923,.F.);
#1213=ORIENTED_EDGE('',*,*,#831,.F.);
#1214=ORIENTED_EDGE('',*,*,#924,.T.);
#1215=ORIENTED_EDGE('',*,*,#921,.F.);
#1216=ORIENTED_EDGE('',*,*,#924,.F.);
#1217=ORIENTED_EDGE('',*,*,#830,.F.);
#1218=ORIENTED_EDGE('',*,*,#913,.F.);
#1219=ORIENTED_EDGE('',*,*,#916,.F.);
#1220=ORIENTED_EDGE('',*,*,#919,.F.);
#1221=ORIENTED_EDGE('',*,*,#922,.F.);
#1222=ORIENTED_EDGE('',*,*,#923,.T.);
#1223=ORIENTED_EDGE('',*,*,#920,.T.);
#1224=ORIENTED_EDGE('',*,*,#917,.T.);
#1225=ORIENTED_EDGE('',*,*,#914,.T.);
#1226=ORIENTED_EDGE('',*,*,#911,.T.);
#1227=ORIENTED_EDGE('',*,*,#828,.F.);
#1228=ORIENTED_EDGE('',*,*,#822,.F.);
#1229=ORIENTED_EDGE('',*,*,#925,.F.);
#1230=ORIENTED_EDGE('',*,*,#926,.F.);
#1231=ORIENTED_EDGE('',*,*,#927,.F.);
#1232=ORIENTED_EDGE('',*,*,#928,.T.);
#1233=ORIENTED_EDGE('',*,*,#929,.F.);
#1234=ORIENTED_EDGE('',*,*,#881,.F.);
#1235=ORIENTED_EDGE('',*,*,#930,.F.);
#1236=ORIENTED_EDGE('',*,*,#931,.T.);
#1237=ORIENTED_EDGE('',*,*,#932,.F.);
#1238=ORIENTED_EDGE('',*,*,#832,.F.);
#1239=ORIENTED_EDGE('',*,*,#933,.F.);
#1240=ORIENTED_EDGE('',*,*,#840,.F.);
#1241=ORIENTED_EDGE('',*,*,#934,.T.);
#1242=ORIENTED_EDGE('',*,*,#935,.F.);
#1243=ORIENTED_EDGE('',*,*,#936,.F.);
#1244=ORIENTED_EDGE('',*,*,#937,.F.);
#1245=ORIENTED_EDGE('',*,*,#938,.T.);
#1246=ORIENTED_EDGE('',*,*,#838,.F.);
#1247=ORIENTED_EDGE('',*,*,#938,.F.);
#1248=ORIENTED_EDGE('',*,*,#939,.F.);
#1249=ORIENTED_EDGE('',*,*,#934,.F.);
#1250=ORIENTED_EDGE('',*,*,#839,.F.);
#1251=ORIENTED_EDGE('',*,*,#936,.T.);
#1252=ORIENTED_EDGE('',*,*,#837,.F.);
#1253=ORIENTED_EDGE('',*,*,#867,.F.);
#1254=ORIENTED_EDGE('',*,*,#940,.T.);
#1255=ORIENTED_EDGE('',*,*,#933,.T.);
#1256=ORIENTED_EDGE('',*,*,#941,.T.);
#1257=ORIENTED_EDGE('',*,*,#942,.T.);
#1258=ORIENTED_EDGE('',*,*,#943,.T.);
#1259=ORIENTED_EDGE('',*,*,#944,.F.);
#1260=ORIENTED_EDGE('',*,*,#841,.F.);
#1261=ORIENTED_EDGE('',*,*,#945,.F.);
#1262=ORIENTED_EDGE('',*,*,#946,.T.);
#1263=ORIENTED_EDGE('',*,*,#947,.F.);
#1264=ORIENTED_EDGE('',*,*,#948,.T.);
#1265=ORIENTED_EDGE('',*,*,#945,.T.);
#1266=ORIENTED_EDGE('',*,*,#948,.F.);
#1267=ORIENTED_EDGE('',*,*,#946,.F.);
#1268=ORIENTED_EDGE('',*,*,#949,.T.);
#1269=ORIENTED_EDGE('',*,*,#868,.F.);
#1270=ORIENTED_EDGE('',*,*,#949,.F.);
#1271=ORIENTED_EDGE('',*,*,#950,.T.);
#1272=ORIENTED_EDGE('',*,*,#951,.T.);
#1273=ORIENTED_EDGE('',*,*,#952,.T.);
#1274=ORIENTED_EDGE('',*,*,#953,.F.);
#1275=ORIENTED_EDGE('',*,*,#954,.T.);
#1276=ORIENTED_EDGE('',*,*,#854,.T.);
#1277=ORIENTED_EDGE('',*,*,#944,.T.);
#1278=ORIENTED_EDGE('',*,*,#951,.F.);
#1279=ORIENTED_EDGE('',*,*,#955,.T.);
#1280=ORIENTED_EDGE('',*,*,#956,.T.);
#1281=ORIENTED_EDGE('',*,*,#957,.T.);
#1282=ORIENTED_EDGE('',*,*,#958,.T.);
#1283=ORIENTED_EDGE('',*,*,#959,.T.);
#1284=ORIENTED_EDGE('',*,*,#960,.T.);
#1285=ORIENTED_EDGE('',*,*,#961,.T.);
#1286=ORIENTED_EDGE('',*,*,#958,.F.);
#1287=ORIENTED_EDGE('',*,*,#962,.T.);
#1288=ORIENTED_EDGE('',*,*,#960,.F.);
#1289=ORIENTED_EDGE('',*,*,#963,.T.);
#1290=ORIENTED_EDGE('',*,*,#964,.T.);
#1291=ORIENTED_EDGE('',*,*,#852,.T.);
#1292=ORIENTED_EDGE('',*,*,#965,.T.);
#1293=ORIENTED_EDGE('',*,*,#956,.F.);
#1294=ORIENTED_EDGE('',*,*,#966,.T.);
#1295=ORIENTED_EDGE('',*,*,#967,.T.);
#1296=ORIENTED_EDGE('',*,*,#964,.F.);
#1297=ORIENTED_EDGE('',*,*,#968,.T.);
#1298=ORIENTED_EDGE('',*,*,#969,.T.);
#1299=ORIENTED_EDGE('',*,*,#970,.T.);
#1300=ORIENTED_EDGE('',*,*,#971,.T.);
#1301=ORIENTED_EDGE('',*,*,#972,.T.);
#1302=ORIENTED_EDGE('',*,*,#973,.T.);
#1303=ORIENTED_EDGE('',*,*,#971,.F.);
#1304=ORIENTED_EDGE('',*,*,#974,.T.);
#1305=ORIENTED_EDGE('',*,*,#975,.T.);
#1306=ORIENTED_EDGE('',*,*,#976,.T.);
#1307=ORIENTED_EDGE('',*,*,#977,.T.);
#1308=ORIENTED_EDGE('',*,*,#975,.F.);
#1309=ORIENTED_EDGE('',*,*,#978,.T.);
#1310=ORIENTED_EDGE('',*,*,#969,.F.);
#1311=ORIENTED_EDGE('',*,*,#979,.T.);
#1312=ORIENTED_EDGE('',*,*,#980,.T.);
#1313=ORIENTED_EDGE('',*,*,#981,.T.);
#1314=ORIENTED_EDGE('',*,*,#953,.T.);
#1315=ORIENTED_EDGE('',*,*,#980,.F.);
#1316=ORIENTED_EDGE('',*,*,#982,.T.);
#1317=ORIENTED_EDGE('',*,*,#983,.T.);
#1318=ORIENTED_EDGE('',*,*,#984,.T.);
#1319=ORIENTED_EDGE('',*,*,#985,.T.);
#1320=ORIENTED_EDGE('',*,*,#986,.T.);
#1321=ORIENTED_EDGE('',*,*,#983,.F.);
#1322=ORIENTED_EDGE('',*,*,#987,.T.);
#1323=ORIENTED_EDGE('',*,*,#985,.F.);
#1324=ORIENTED_EDGE('',*,*,#988,.T.);
#1325=ORIENTED_EDGE('',*,*,#989,.T.);
#1326=ORIENTED_EDGE('',*,*,#990,.T.);
#1327=ORIENTED_EDGE('',*,*,#991,.T.);
#1328=ORIENTED_EDGE('',*,*,#989,.F.);
#1329=ORIENTED_EDGE('',*,*,#992,.T.);
#1330=ORIENTED_EDGE('',*,*,#973,.F.);
#1331=ORIENTED_EDGE('',*,*,#821,.F.);
#1332=ORIENTED_EDGE('',*,*,#827,.T.);
#1333=ORIENTED_EDGE('',*,*,#898,.T.);
#1334=ORIENTED_EDGE('',*,*,#895,.T.);
#1335=ORIENTED_EDGE('',*,*,#847,.F.);
#1336=ORIENTED_EDGE('',*,*,#853,.F.);
#1337=ORIENTED_EDGE('',*,*,#993,.T.);
#1338=ORIENTED_EDGE('',*,*,#925,.T.);
#1339=ORIENTED_EDGE('',*,*,#966,.F.);
#1340=ORIENTED_EDGE('',*,*,#994,.T.);
#1341=ORIENTED_EDGE('',*,*,#926,.T.);
#1342=ORIENTED_EDGE('',*,*,#993,.F.);
#1343=ORIENTED_EDGE('',*,*,#955,.F.);
#1344=ORIENTED_EDGE('',*,*,#995,.F.);
#1345=ORIENTED_EDGE('',*,*,#996,.F.);
#1346=ORIENTED_EDGE('',*,*,#997,.F.);
#1347=ORIENTED_EDGE('',*,*,#927,.T.);
#1348=ORIENTED_EDGE('',*,*,#994,.F.);
#1349=ORIENTED_EDGE('',*,*,#961,.F.);
#1350=ORIENTED_EDGE('',*,*,#998,.F.);
#1351=ORIENTED_EDGE('',*,*,#999,.T.);
#1352=ORIENTED_EDGE('',*,*,#995,.T.);
#1353=ORIENTED_EDGE('',*,*,#878,.T.);
#1354=ORIENTED_EDGE('',*,*,#874,.F.);
#1355=ORIENTED_EDGE('',*,*,#1000,.T.);
#1356=ORIENTED_EDGE('',*,*,#1001,.T.);
#1357=ORIENTED_EDGE('',*,*,#998,.T.);
#1358=ORIENTED_EDGE('',*,*,#962,.F.);
#1359=ORIENTED_EDGE('',*,*,#1002,.T.);
#1360=ORIENTED_EDGE('',*,*,#1003,.T.);
#1361=ORIENTED_EDGE('',*,*,#1004,.T.);
#1362=ORIENTED_EDGE('',*,*,#1005,.T.);
#1363=ORIENTED_EDGE('',*,*,#1006,.T.);
#1364=ORIENTED_EDGE('',*,*,#1007,.T.);
#1365=ORIENTED_EDGE('',*,*,#941,.F.);
#1366=ORIENTED_EDGE('',*,*,#935,.T.);
#1367=ORIENTED_EDGE('',*,*,#939,.T.);
#1368=ORIENTED_EDGE('',*,*,#937,.T.);
#1369=ORIENTED_EDGE('',*,*,#940,.F.);
#1370=ORIENTED_EDGE('',*,*,#866,.F.);
#1371=ORIENTED_EDGE('',*,*,#870,.T.);
#1372=ORIENTED_EDGE('',*,*,#877,.T.);
#1373=ORIENTED_EDGE('',*,*,#908,.T.);
#1374=ORIENTED_EDGE('',*,*,#967,.F.);
#1375=ORIENTED_EDGE('',*,*,#1008,.T.);
#1376=ORIENTED_EDGE('',*,*,#1009,.T.);
#1377=ORIENTED_EDGE('',*,*,#1002,.F.);
#1378=ORIENTED_EDGE('',*,*,#978,.F.);
#1379=ORIENTED_EDGE('',*,*,#1010,.F.);
#1380=ORIENTED_EDGE('',*,*,#1011,.T.);
#1381=ORIENTED_EDGE('',*,*,#1008,.F.);
#1382=ORIENTED_EDGE('',*,*,#974,.F.);
#1383=ORIENTED_EDGE('',*,*,#1012,.T.);
#1384=ORIENTED_EDGE('',*,*,#1013,.F.);
#1385=ORIENTED_EDGE('',*,*,#1010,.T.);
#1386=ORIENTED_EDGE('',*,*,#970,.F.);
#1387=ORIENTED_EDGE('',*,*,#1014,.T.);
#1388=ORIENTED_EDGE('',*,*,#1015,.T.);
#1389=ORIENTED_EDGE('',*,*,#1012,.F.);
#1390=ORIENTED_EDGE('',*,*,#972,.F.);
#1391=ORIENTED_EDGE('',*,*,#976,.F.);
#1392=ORIENTED_EDGE('',*,*,#977,.F.);
#1393=ORIENTED_EDGE('',*,*,#968,.F.);
#1394=ORIENTED_EDGE('',*,*,#963,.F.);
#1395=ORIENTED_EDGE('',*,*,#959,.F.);
#1396=ORIENTED_EDGE('',*,*,#957,.F.);
#1397=ORIENTED_EDGE('',*,*,#965,.F.);
#1398=ORIENTED_EDGE('',*,*,#851,.F.);
#1399=ORIENTED_EDGE('',*,*,#855,.F.);
#1400=ORIENTED_EDGE('',*,*,#954,.F.);
#1401=ORIENTED_EDGE('',*,*,#950,.F.);
#1402=ORIENTED_EDGE('',*,*,#981,.F.);
#1403=ORIENTED_EDGE('',*,*,#984,.F.);
#1404=ORIENTED_EDGE('',*,*,#986,.F.);
#1405=ORIENTED_EDGE('',*,*,#990,.F.);
#1406=ORIENTED_EDGE('',*,*,#991,.F.);
#1407=ORIENTED_EDGE('',*,*,#947,.T.);
#1408=ORIENTED_EDGE('',*,*,#931,.F.);
#1409=ORIENTED_EDGE('',*,*,#1016,.T.);
#1410=ORIENTED_EDGE('',*,*,#1017,.T.);
#1411=ORIENTED_EDGE('',*,*,#1018,.T.);
#1412=ORIENTED_EDGE('',*,*,#887,.T.);
#1413=ORIENTED_EDGE('',*,*,#884,.F.);
#1414=ORIENTED_EDGE('',*,*,#1019,.F.);
#1415=ORIENTED_EDGE('',*,*,#1016,.F.);
#1416=ORIENTED_EDGE('',*,*,#930,.T.);
#1417=ORIENTED_EDGE('',*,*,#880,.F.);
#1418=ORIENTED_EDGE('',*,*,#894,.T.);
#1419=ORIENTED_EDGE('',*,*,#890,.T.);
#1420=ORIENTED_EDGE('',*,*,#928,.F.);
#1421=ORIENTED_EDGE('',*,*,#997,.T.);
#1422=ORIENTED_EDGE('',*,*,#1020,.T.);
#1423=ORIENTED_EDGE('',*,*,#1021,.T.);
#1424=ORIENTED_EDGE('',*,*,#1021,.F.);
#1425=ORIENTED_EDGE('',*,*,#1022,.F.);
#1426=ORIENTED_EDGE('',*,*,#882,.T.);
#1427=ORIENTED_EDGE('',*,*,#929,.T.);
#1428=ORIENTED_EDGE('',*,*,#1018,.F.);
#1429=ORIENTED_EDGE('',*,*,#1023,.F.);
#1430=ORIENTED_EDGE('',*,*,#1024,.F.);
#1431=ORIENTED_EDGE('',*,*,#871,.F.);
#1432=ORIENTED_EDGE('',*,*,#833,.F.);
#1433=ORIENTED_EDGE('',*,*,#932,.T.);
#1434=ORIENTED_EDGE('',*,*,#1023,.T.);
#1435=ORIENTED_EDGE('',*,*,#1017,.F.);
#1436=ORIENTED_EDGE('',*,*,#1019,.T.);
#1437=ORIENTED_EDGE('',*,*,#883,.T.);
#1438=ORIENTED_EDGE('',*,*,#1022,.T.);
#1439=ORIENTED_EDGE('',*,*,#1020,.F.);
#1440=ORIENTED_EDGE('',*,*,#996,.T.);
#1441=ORIENTED_EDGE('',*,*,#999,.F.);
#1442=ORIENTED_EDGE('',*,*,#1001,.F.);
#1443=ORIENTED_EDGE('',*,*,#1025,.F.);
#1444=ORIENTED_EDGE('',*,*,#1026,.F.);
#1445=ORIENTED_EDGE('',*,*,#1027,.T.);
#1446=ORIENTED_EDGE('',*,*,#1027,.F.);
#1447=ORIENTED_EDGE('',*,*,#1028,.T.);
#1448=ORIENTED_EDGE('',*,*,#1029,.T.);
#1449=ORIENTED_EDGE('',*,*,#1028,.F.);
#1450=ORIENTED_EDGE('',*,*,#1029,.F.);
#1451=ORIENTED_EDGE('',*,*,#873,.F.);
#1452=ORIENTED_EDGE('',*,*,#1030,.T.);
#1453=ORIENTED_EDGE('',*,*,#1025,.T.);
#1454=ORIENTED_EDGE('',*,*,#1000,.F.);
#1455=ORIENTED_EDGE('',*,*,#872,.F.);
#1456=ORIENTED_EDGE('',*,*,#1024,.T.);
#1457=ORIENTED_EDGE('',*,*,#1026,.T.);
#1458=ORIENTED_EDGE('',*,*,#1030,.F.);
#1459=ORIENTED_EDGE('',*,*,#1031,.F.);
#1460=ORIENTED_EDGE('',*,*,#1006,.F.);
#1461=ORIENTED_EDGE('',*,*,#1032,.T.);
#1462=ORIENTED_EDGE('',*,*,#1033,.F.);
#1463=ORIENTED_EDGE('',*,*,#1034,.F.);
#1464=ORIENTED_EDGE('',*,*,#1035,.T.);
#1465=ORIENTED_EDGE('',*,*,#1036,.T.);
#1466=ORIENTED_EDGE('',*,*,#1004,.F.);
#1467=ORIENTED_EDGE('',*,*,#1037,.F.);
#1468=ORIENTED_EDGE('',*,*,#1038,.T.);
#1469=ORIENTED_EDGE('',*,*,#1039,.T.);
#1470=ORIENTED_EDGE('',*,*,#1035,.F.);
#1471=ORIENTED_EDGE('',*,*,#1040,.F.);
#1472=ORIENTED_EDGE('',*,*,#1041,.T.);
#1473=ORIENTED_EDGE('',*,*,#1042,.T.);
#1474=ORIENTED_EDGE('',*,*,#1038,.F.);
#1475=ORIENTED_EDGE('',*,*,#1043,.F.);
#1476=ORIENTED_EDGE('',*,*,#1033,.T.);
#1477=ORIENTED_EDGE('',*,*,#1044,.T.);
#1478=ORIENTED_EDGE('',*,*,#1041,.F.);
#1479=ORIENTED_EDGE('',*,*,#1044,.F.);
#1480=ORIENTED_EDGE('',*,*,#1032,.F.);
#1481=ORIENTED_EDGE('',*,*,#1005,.F.);
#1482=ORIENTED_EDGE('',*,*,#1036,.F.);
#1483=ORIENTED_EDGE('',*,*,#1039,.F.);
#1484=ORIENTED_EDGE('',*,*,#1042,.F.);
#1485=ORIENTED_EDGE('',*,*,#988,.F.);
#1486=ORIENTED_EDGE('',*,*,#1045,.T.);
#1487=ORIENTED_EDGE('',*,*,#1046,.F.);
#1488=ORIENTED_EDGE('',*,*,#1047,.T.);
#1489=ORIENTED_EDGE('',*,*,#987,.F.);
#1490=ORIENTED_EDGE('',*,*,#1048,.F.);
#1491=ORIENTED_EDGE('',*,*,#1049,.T.);
#1492=ORIENTED_EDGE('',*,*,#1045,.F.);
#1493=ORIENTED_EDGE('',*,*,#982,.F.);
#1494=ORIENTED_EDGE('',*,*,#1050,.T.);
#1495=ORIENTED_EDGE('',*,*,#1051,.F.);
#1496=ORIENTED_EDGE('',*,*,#1048,.T.);
#1497=ORIENTED_EDGE('',*,*,#979,.F.);
#1498=ORIENTED_EDGE('',*,*,#1052,.T.);
#1499=ORIENTED_EDGE('',*,*,#1053,.T.);
#1500=ORIENTED_EDGE('',*,*,#1050,.F.);
#1501=ORIENTED_EDGE('',*,*,#902,.T.);
#1502=ORIENTED_EDGE('',*,*,#992,.F.);
#1503=ORIENTED_EDGE('',*,*,#1047,.F.);
#1504=ORIENTED_EDGE('',*,*,#1054,.T.);
#1505=ORIENTED_EDGE('',*,*,#1014,.F.);
#1506=ORIENTED_EDGE('',*,*,#952,.F.);
#1507=ORIENTED_EDGE('',*,*,#943,.F.);
#1508=ORIENTED_EDGE('',*,*,#1055,.T.);
#1509=ORIENTED_EDGE('',*,*,#1052,.F.);
#1510=ORIENTED_EDGE('',*,*,#1034,.T.);
#1511=ORIENTED_EDGE('',*,*,#1003,.F.);
#1512=ORIENTED_EDGE('',*,*,#1009,.F.);
#1513=ORIENTED_EDGE('',*,*,#1011,.F.);
#1514=ORIENTED_EDGE('',*,*,#1013,.T.);
#1515=ORIENTED_EDGE('',*,*,#1015,.F.);
#1516=ORIENTED_EDGE('',*,*,#1054,.F.);
#1517=ORIENTED_EDGE('',*,*,#1046,.T.);
#1518=ORIENTED_EDGE('',*,*,#1049,.F.);
#1519=ORIENTED_EDGE('',*,*,#1051,.T.);
#1520=ORIENTED_EDGE('',*,*,#1053,.F.);
#1521=ORIENTED_EDGE('',*,*,#1055,.F.);
#1522=ORIENTED_EDGE('',*,*,#942,.F.);
#1523=ORIENTED_EDGE('',*,*,#1007,.F.);
#1524=ORIENTED_EDGE('',*,*,#1031,.T.);
#1525=ORIENTED_EDGE('',*,*,#1043,.T.);
#1526=ORIENTED_EDGE('',*,*,#1040,.T.);
#1527=ORIENTED_EDGE('',*,*,#1037,.T.);
#1528=PLANE('',#1698);
#1529=PLANE('',#1699);
#1530=PLANE('',#1700);
#1531=PLANE('',#1701);
#1532=PLANE('',#1702);
#1533=PLANE('',#1703);
#1534=PLANE('',#1708);
#1535=PLANE('',#1709);
#1536=PLANE('',#1711);
#1537=PLANE('',#1712);
#1538=PLANE('',#1714);
#1539=PLANE('',#1715);
#1540=PLANE('',#1721);
#1541=PLANE('',#1722);
#1542=PLANE('',#1723);
#1543=PLANE('',#1724);
#1544=PLANE('',#1725);
#1545=PLANE('',#1726);
#1546=PLANE('',#1727);
#1547=PLANE('',#1734);
#1548=PLANE('',#1740);
#1549=PLANE('',#1744);
#1550=PLANE('',#1748);
#1551=PLANE('',#1749);
#1552=PLANE('',#1750);
#1553=PLANE('',#1754);
#1554=PLANE('',#1755);
#1555=PLANE('',#1756);
#1556=PLANE('',#1757);
#1557=PLANE('',#1758);
#1558=PLANE('',#1759);
#1559=PLANE('',#1765);
#1560=PLANE('',#1766);
#1561=PLANE('',#1767);
#1562=PLANE('',#1768);
#1563=PLANE('',#1769);
#1564=PLANE('',#1773);
#1565=PLANE('',#1774);
#1566=PLANE('',#1778);
#1567=PLANE('',#1779);
#1568=PLANE('',#1783);
#1569=PLANE('',#1787);
#1570=PLANE('',#1788);
#1571=PLANE('',#1790);
#1572=PLANE('',#1791);
#1573=PLANE('',#1792);
#1574=PLANE('',#1793);
#1575=PLANE('',#1794);
#1576=PLANE('',#1797);
#1577=PLANE('',#1798);
#1578=PLANE('',#1801);
#1579=PLANE('',#1804);
#1580=PLANE('',#1805);
#1581=PLANE('',#1806);
#1582=PLANE('',#1811);
#1583=PLANE('',#1812);
#1584=PLANE('',#1814);
#1585=PLANE('',#1815);
#1586=PLANE('',#1819);
#1587=PLANE('',#1823);
#1588=PLANE('',#1826);
#1589=PLANE('',#1829);
#1590=PLANE('',#1830);
#1591=PLANE('',#1831);
#1592=PLANE('',#1832);
#1593=ADVANCED_FACE('',(#93),#1528,.T.);
#1594=ADVANCED_FACE('',(#94),#1529,.F.);
#1595=ADVANCED_FACE('',(#95),#1530,.T.);
#1596=ADVANCED_FACE('',(#96),#1531,.T.);
#1597=ADVANCED_FACE('',(#97),#1532,.T.);
#1598=ADVANCED_FACE('',(#98),#1533,.T.);
#1599=ADVANCED_FACE('',(#99),#86,.F.);
#1600=ADVANCED_FACE('',(#100),#23,.F.);
#1601=ADVANCED_FACE('',(#101,#15),#1534,.T.);
#1602=ADVANCED_FACE('',(#102,#16),#1535,.F.);
#1603=ADVANCED_FACE('',(#103),#1536,.T.);
#1604=ADVANCED_FACE('',(#104),#1537,.T.);
#1605=ADVANCED_FACE('',(#105),#1538,.T.);
#1606=ADVANCED_FACE('',(#106),#1539,.F.);
#1607=ADVANCED_FACE('',(#107),#24,.T.);
#1608=ADVANCED_FACE('',(#108),#1540,.F.);
#1609=ADVANCED_FACE('',(#109),#1541,.F.);
#1610=ADVANCED_FACE('',(#110),#1542,.F.);
#1611=ADVANCED_FACE('',(#111),#1543,.F.);
#1612=ADVANCED_FACE('',(#112),#1544,.F.);
#1613=ADVANCED_FACE('',(#113),#1545,.F.);
#1614=ADVANCED_FACE('',(#114),#1546,.F.);
#1615=ADVANCED_FACE('',(#115),#87,.F.);
#1616=ADVANCED_FACE('',(#116),#25,.F.);
#1617=ADVANCED_FACE('',(#117),#88,.F.);
#1618=ADVANCED_FACE('',(#118,#17),#1547,.F.);
#1619=ADVANCED_FACE('',(#119),#26,.F.);
#1620=ADVANCED_FACE('',(#120),#27,.F.);
#1621=ADVANCED_FACE('',(#121),#1548,.F.);
#1622=ADVANCED_FACE('',(#122),#28,.F.);
#1623=ADVANCED_FACE('',(#123),#1549,.F.);
#1624=ADVANCED_FACE('',(#124),#29,.F.);
#1625=ADVANCED_FACE('',(#125),#1550,.F.);
#1626=ADVANCED_FACE('',(#126),#1551,.T.);
#1627=ADVANCED_FACE('',(#127),#1552,.T.);
#1628=ADVANCED_FACE('',(#128),#1553,.F.);
#1629=ADVANCED_FACE('',(#129),#1554,.F.);
#1630=ADVANCED_FACE('',(#130),#1555,.F.);
#1631=ADVANCED_FACE('',(#131),#1556,.T.);
#1632=ADVANCED_FACE('',(#132),#1557,.T.);
#1633=ADVANCED_FACE('',(#133,#18),#1558,.F.);
#1634=ADVANCED_FACE('',(#134),#30,.F.);
#1635=ADVANCED_FACE('',(#135),#31,.F.);
#1636=ADVANCED_FACE('',(#136),#1559,.T.);
#1637=ADVANCED_FACE('',(#137),#1560,.T.);
#1638=ADVANCED_FACE('',(#138),#1561,.T.);
#1639=ADVANCED_FACE('',(#139),#1562,.T.);
#1640=ADVANCED_FACE('',(#140),#1563,.T.);
#1641=ADVANCED_FACE('',(#141),#89,.F.);
#1642=ADVANCED_FACE('',(#142),#1564,.T.);
#1643=ADVANCED_FACE('',(#143),#1565,.T.);
#1644=ADVANCED_FACE('',(#144),#90,.F.);
#1645=ADVANCED_FACE('',(#145),#1566,.T.);
#1646=ADVANCED_FACE('',(#146),#1567,.T.);
#1647=ADVANCED_FACE('',(#147),#91,.F.);
#1648=ADVANCED_FACE('',(#148),#1568,.T.);
#1649=ADVANCED_FACE('',(#149),#92,.F.);
#1650=ADVANCED_FACE('',(#150),#1569,.T.);
#1651=ADVANCED_FACE('',(#151),#1570,.F.);
#1652=ADVANCED_FACE('',(#152),#32,.F.);
#1653=ADVANCED_FACE('',(#153),#1571,.F.);
#1654=ADVANCED_FACE('',(#154),#1572,.F.);
#1655=ADVANCED_FACE('',(#155,#19),#1573,.T.);
#1656=ADVANCED_FACE('',(#156),#1574,.F.);
#1657=ADVANCED_FACE('',(#157),#1575,.F.);
#1658=ADVANCED_FACE('',(#158),#33,.F.);
#1659=ADVANCED_FACE('',(#159),#1576,.F.);
#1660=ADVANCED_FACE('',(#160,#20),#1577,.T.);
#1661=ADVANCED_FACE('',(#161),#34,.F.);
#1662=ADVANCED_FACE('',(#162),#1578,.F.);
#1663=ADVANCED_FACE('',(#163),#35,.F.);
#1664=ADVANCED_FACE('',(#164),#1579,.F.);
#1665=ADVANCED_FACE('',(#165),#1580,.F.);
#1666=ADVANCED_FACE('',(#166,#21),#1581,.T.);
#1667=ADVANCED_FACE('',(#167),#36,.F.);
#1668=ADVANCED_FACE('',(#168),#1582,.T.);
#1669=ADVANCED_FACE('',(#169),#1583,.F.);
#1670=ADVANCED_FACE('',(#170),#37,.F.);
#1671=ADVANCED_FACE('',(#171),#1584,.F.);
#1672=ADVANCED_FACE('',(#172),#1585,.F.);
#1673=ADVANCED_FACE('',(#173),#38,.F.);
#1674=ADVANCED_FACE('',(#174),#1586,.F.);
#1675=ADVANCED_FACE('',(#175),#39,.F.);
#1676=ADVANCED_FACE('',(#176),#1587,.T.);
#1677=ADVANCED_FACE('',(#177),#40,.F.);
#1678=ADVANCED_FACE('',(#178),#1588,.F.);
#1679=ADVANCED_FACE('',(#179),#41,.F.);
#1680=ADVANCED_FACE('',(#180,#22),#1589,.F.);
#1681=ADVANCED_FACE('',(#181),#1590,.F.);
#1682=ADVANCED_FACE('',(#182),#1591,.F.);
#1683=ADVANCED_FACE('',(#183),#1592,.F.);
#1684=CLOSED_SHELL('',(#1593,#1594,#1595,#1596,#1597,#1598,#1599,#1600,
#1601,#1602,#1603,#1604,#1605,#1606,#1607,#1608,#1609,#1610,#1611,#1612,
#1613,#1614,#1615,#1616,#1617,#1618,#1619,#1620,#1621,#1622,#1623,#1624,
#1625,#1626,#1627,#1628,#1629,#1630,#1631,#1632,#1633,#1634,#1635,#1636,
#1637,#1638,#1639,#1640,#1641,#1642,#1643,#1644,#1645,#1646,#1647,#1648,
#1649,#1650,#1651,#1652,#1653,#1654,#1655,#1656,#1657,#1658,#1659,#1660,
#1661,#1662,#1663,#1664,#1665,#1666,#1667,#1668,#1669,#1670,#1671,#1672,
#1673,#1674,#1675,#1676,#1677,#1678,#1679,#1680,#1681,#1682,#1683));
#1685=DERIVED_UNIT_ELEMENT(#1687,1.);
#1686=DERIVED_UNIT_ELEMENT(#2783,-3.);
#1687=(
MASS_UNIT()
NAMED_UNIT(*)
SI_UNIT(.KILO.,.GRAM.)
);
#1688=DERIVED_UNIT((#1685,#1686));
#1689=MEASURE_REPRESENTATION_ITEM('density measure',
POSITIVE_RATIO_MEASURE(7850.),#1688);
#1690=PROPERTY_DEFINITION_REPRESENTATION(#1695,#1692);
#1691=PROPERTY_DEFINITION_REPRESENTATION(#1696,#1693);
#1692=REPRESENTATION('material name',(#1694),#2780);
#1693=REPRESENTATION('density',(#1689),#2780);
#1694=DESCRIPTIVE_REPRESENTATION_ITEM('Steel','Steel');
#1695=PROPERTY_DEFINITION('material property','material name',#2790);
#1696=PROPERTY_DEFINITION('material property','density of part',#2790);
#1697=AXIS2_PLACEMENT_3D('',#2297,#1833,#1834);
#1698=AXIS2_PLACEMENT_3D('',#2298,#1835,#1836);
#1699=AXIS2_PLACEMENT_3D('',#2307,#1841,#1842);
#1700=AXIS2_PLACEMENT_3D('',#2315,#1847,#1848);
#1701=AXIS2_PLACEMENT_3D('',#2351,#1867,#1868);
#1702=AXIS2_PLACEMENT_3D('',#2359,#1873,#1874);
#1703=AXIS2_PLACEMENT_3D('',#2367,#1879,#1880);
#1704=AXIS2_PLACEMENT_3D('',#2371,#1883,#1884);
#1705=AXIS2_PLACEMENT_3D('',#2373,#1885,#1886);
#1706=AXIS2_PLACEMENT_3D('',#2376,#1888,#1889);
#1707=AXIS2_PLACEMENT_3D('',#2378,#1890,#1891);
#1708=AXIS2_PLACEMENT_3D('',#2380,#1893,#1894);
#1709=AXIS2_PLACEMENT_3D('',#2390,#1900,#1901);
#1710=AXIS2_PLACEMENT_3D('',#2397,#1905,#1906);
#1711=AXIS2_PLACEMENT_3D('',#2398,#1907,#1908);
#1712=AXIS2_PLACEMENT_3D('',#2402,#1911,#1912);
#1713=AXIS2_PLACEMENT_3D('',#2406,#1914,#1915);
#1714=AXIS2_PLACEMENT_3D('',#2412,#1919,#1920);
#1715=AXIS2_PLACEMENT_3D('',#2416,#1923,#1924);
#1716=AXIS2_PLACEMENT_3D('',#2418,#1926,#1927);
#1717=AXIS2_PLACEMENT_3D('',#2421,#1928,#1929);
#1718=AXIS2_PLACEMENT_3D('',#2425,#1931,#1932);
#1719=AXIS2_PLACEMENT_3D('',#2429,#1934,#1935);
#1720=AXIS2_PLACEMENT_3D('',#2433,#1937,#1938);
#1721=AXIS2_PLACEMENT_3D('',#2435,#1940,#1941);
#1722=AXIS2_PLACEMENT_3D('',#2441,#1945,#1946);
#1723=AXIS2_PLACEMENT_3D('',#2447,#1950,#1951);
#1724=AXIS2_PLACEMENT_3D('',#2450,#1954,#1955);
#1725=AXIS2_PLACEMENT_3D('',#2451,#1956,#1957);
#1726=AXIS2_PLACEMENT_3D('',#2457,#1961,#1962);
#1727=AXIS2_PLACEMENT_3D('',#2460,#1965,#1966);
#1728=AXIS2_PLACEMENT_3D('',#2461,#1967,#1968);
#1729=AXIS2_PLACEMENT_3D('',#2463,#1969,#1970);
#1730=AXIS2_PLACEMENT_3D('',#2466,#1972,#1973);
#1731=AXIS2_PLACEMENT_3D('',#2468,#1974,#1975);
#1732=AXIS2_PLACEMENT_3D('',#2470,#1977,#1978);
#1733=AXIS2_PLACEMENT_3D('',#2474,#1980,#1981);
#1734=AXIS2_PLACEMENT_3D('',#2475,#1982,#1983);
#1735=AXIS2_PLACEMENT_3D('',#2477,#1984,#1985);
#1736=AXIS2_PLACEMENT_3D('',#2479,#1986,#1987);
#1737=AXIS2_PLACEMENT_3D('',#2480,#1988,#1989);
#1738=AXIS2_PLACEMENT_3D('',#2482,#1990,#1991);
#1739=AXIS2_PLACEMENT_3D('',#2484,#1993,#1994);
#1740=AXIS2_PLACEMENT_3D('',#2486,#1996,#1997);
#1741=AXIS2_PLACEMENT_3D('',#2492,#2001,#2002);
#1742=AXIS2_PLACEMENT_3D('',#2494,#2003,#2004);
#1743=AXIS2_PLACEMENT_3D('',#2497,#2006,#2007);
#1744=AXIS2_PLACEMENT_3D('',#2498,#2008,#2009);
#1745=AXIS2_PLACEMENT_3D('',#2504,#2013,#2014);
#1746=AXIS2_PLACEMENT_3D('',#2506,#2015,#2016);
#1747=AXIS2_PLACEMENT_3D('',#2509,#2018,#2019);
#1748=AXIS2_PLACEMENT_3D('',#2510,#2020,#2021);
#1749=AXIS2_PLACEMENT_3D('',#2513,#2024,#2025);
#1750=AXIS2_PLACEMENT_3D('',#2514,#2026,#2027);
#1751=AXIS2_PLACEMENT_3D('',#2518,#2029,#2030);
#1752=AXIS2_PLACEMENT_3D('',#2522,#2032,#2033);
#1753=AXIS2_PLACEMENT_3D('',#2527,#2036,#2037);
#1754=AXIS2_PLACEMENT_3D('',#2529,#2039,#2040);
#1755=AXIS2_PLACEMENT_3D('',#2535,#2044,#2045);
#1756=AXIS2_PLACEMENT_3D('',#2541,#2049,#2050);
#1757=AXIS2_PLACEMENT_3D('',#2543,#2052,#2053);
#1758=AXIS2_PLACEMENT_3D('',#2545,#2055,#2056);
#1759=AXIS2_PLACEMENT_3D('',#2553,#2061,#2062);
#1760=AXIS2_PLACEMENT_3D('',#2555,#2063,#2064);
#1761=AXIS2_PLACEMENT_3D('',#2557,#2065,#2066);
#1762=AXIS2_PLACEMENT_3D('',#2558,#2067,#2068);
#1763=AXIS2_PLACEMENT_3D('',#2560,#2069,#2070);
#1764=AXIS2_PLACEMENT_3D('',#2562,#2072,#2073);
#1765=AXIS2_PLACEMENT_3D('',#2564,#2075,#2076);
#1766=AXIS2_PLACEMENT_3D('',#2572,#2081,#2082);
#1767=AXIS2_PLACEMENT_3D('',#2574,#2084,#2085);
#1768=AXIS2_PLACEMENT_3D('',#2583,#2090,#2091);
#1769=AXIS2_PLACEMENT_3D('',#2589,#2095,#2096);
#1770=AXIS2_PLACEMENT_3D('',#2595,#2100,#2101);
#1771=AXIS2_PLACEMENT_3D('',#2596,#2102,#2103);
#1772=AXIS2_PLACEMENT_3D('',#2597,#2104,#2105);
#1773=AXIS2_PLACEMENT_3D('',#2598,#2106,#2107);
#1774=AXIS2_PLACEMENT_3D('',#2604,#2111,#2112);
#1775=AXIS2_PLACEMENT_3D('',#2613,#2117,#2118);
#1776=AXIS2_PLACEMENT_3D('',#2615,#2119,#2120);
#1777=AXIS2_PLACEMENT_3D('',#2618,#2122,#2123);
#1778=AXIS2_PLACEMENT_3D('',#2619,#2124,#2125);
#1779=AXIS2_PLACEMENT_3D('',#2622,#2128,#2129);
#1780=AXIS2_PLACEMENT_3D('',#2628,#2133,#2134);
#1781=AXIS2_PLACEMENT_3D('',#2630,#2135,#2136);
#1782=AXIS2_PLACEMENT_3D('',#2633,#2138,#2139);
#1783=AXIS2_PLACEMENT_3D('',#2634,#2140,#2141);
#1784=AXIS2_PLACEMENT_3D('',#2640,#2145,#2146);
#1785=AXIS2_PLACEMENT_3D('',#2642,#2147,#2148);
#1786=AXIS2_PLACEMENT_3D('',#2645,#2150,#2151);
#1787=AXIS2_PLACEMENT_3D('',#2646,#2152,#2153);
#1788=AXIS2_PLACEMENT_3D('',#2649,#2156,#2157);
#1789=AXIS2_PLACEMENT_3D('',#2651,#2159,#2160);
#1790=AXIS2_PLACEMENT_3D('',#2653,#2162,#2163);
#1791=AXIS2_PLACEMENT_3D('',#2659,#2167,#2168);
#1792=AXIS2_PLACEMENT_3D('',#2663,#2171,#2172);
#1793=AXIS2_PLACEMENT_3D('',#2678,#2181,#2182);
#1794=AXIS2_PLACEMENT_3D('',#2682,#2185,#2186);
#1795=AXIS2_PLACEMENT_3D('',#2686,#2189,#2190);
#1796=AXIS2_PLACEMENT_3D('',#2689,#2192,#2193);
#1797=AXIS2_PLACEMENT_3D('',#2690,#2194,#2195);
#1798=AXIS2_PLACEMENT_3D('',#2694,#2198,#2199);
#1799=AXIS2_PLACEMENT_3D('',#2695,#2200,#2201);
#1800=AXIS2_PLACEMENT_3D('',#2699,#2203,#2204);
#1801=AXIS2_PLACEMENT_3D('',#2701,#2206,#2207);
#1802=AXIS2_PLACEMENT_3D('',#2703,#2209,#2210);
#1803=AXIS2_PLACEMENT_3D('',#2705,#2211,#2212);
#1804=AXIS2_PLACEMENT_3D('',#2707,#2214,#2215);
#1805=AXIS2_PLACEMENT_3D('',#2709,#2217,#2218);
#1806=AXIS2_PLACEMENT_3D('',#2713,#2221,#2222);
#1807=AXIS2_PLACEMENT_3D('',#2716,#2224,#2225);
#1808=AXIS2_PLACEMENT_3D('',#2718,#2226,#2227);
#1809=AXIS2_PLACEMENT_3D('',#2719,#2228,#2229);
#1810=AXIS2_PLACEMENT_3D('',#2722,#2231,#2232);
#1811=AXIS2_PLACEMENT_3D('',#2723,#2233,#2234);
#1812=AXIS2_PLACEMENT_3D('',#2724,#2235,#2236);
#1813=AXIS2_PLACEMENT_3D('',#2726,#2238,#2239);
#1814=AXIS2_PLACEMENT_3D('',#2727,#2240,#2241);
#1815=AXIS2_PLACEMENT_3D('',#2733,#2245,#2246);
#1816=AXIS2_PLACEMENT_3D('',#2739,#2250,#2251);
#1817=AXIS2_PLACEMENT_3D('',#2741,#2252,#2253);
#1818=AXIS2_PLACEMENT_3D('',#2744,#2255,#2256);
#1819=AXIS2_PLACEMENT_3D('',#2745,#2257,#2258);
#1820=AXIS2_PLACEMENT_3D('',#2751,#2262,#2263);
#1821=AXIS2_PLACEMENT_3D('',#2752,#2264,#2265);
#1822=AXIS2_PLACEMENT_3D('',#2753,#2266,#2267);
#1823=AXIS2_PLACEMENT_3D('',#2754,#2268,#2269);
#1824=AXIS2_PLACEMENT_3D('',#2755,#2270,#2271);
#1825=AXIS2_PLACEMENT_3D('',#2759,#2273,#2274);
#1826=AXIS2_PLACEMENT_3D('',#2761,#2276,#2277);
#1827=AXIS2_PLACEMENT_3D('',#2765,#2280,#2281);
#1828=AXIS2_PLACEMENT_3D('',#2768,#2283,#2284);
#1829=AXIS2_PLACEMENT_3D('',#2769,#2285,#2286);
#1830=AXIS2_PLACEMENT_3D('',#2773,#2289,#2290);
#1831=AXIS2_PLACEMENT_3D('',#2775,#2292,#2293);
#1832=AXIS2_PLACEMENT_3D('',#2777,#2295,#2296);
#1833=DIRECTION('axis',(0.,0.,1.));
#1834=DIRECTION('refdir',(1.,0.,0.));
#1835=DIRECTION('center_axis',(0.707106781186548,0.,-0.707106781186548));
#1836=DIRECTION('ref_axis',(-0.707106781186548,0.,-0.707106781186548));
#1837=DIRECTION('',(0.707106781186548,0.,0.707106781186548));
#1838=DIRECTION('',(0.,-1.,0.));
#1839=DIRECTION('',(0.707106781186548,0.,0.707106781186548));
#1840=DIRECTION('',(0.,1.,0.));
#1841=DIRECTION('center_axis',(0.,-1.,0.));
#1842=DIRECTION('ref_axis',(0.,0.,1.));
#1843=DIRECTION('',(-1.,0.,0.));
#1844=DIRECTION('',(0.,0.,1.));
#1845=DIRECTION('',(-1.,0.,0.));
#1846=DIRECTION('',(0.,0.,1.));
#1847=DIRECTION('center_axis',(0.,0.,-1.));
#1848=DIRECTION('ref_axis',(-1.,0.,0.));
#1849=DIRECTION('',(1.,0.,0.));
#1850=DIRECTION('',(0.,-1.,0.));
#1851=DIRECTION('',(1.,0.,0.));
#1852=DIRECTION('',(0.,1.,0.));
#1853=DIRECTION('',(1.,0.,0.));
#1854=DIRECTION('',(0.,1.,0.));
#1855=DIRECTION('',(-1.,0.,0.));
#1856=DIRECTION('',(0.,1.,0.));
#1857=DIRECTION('',(1.,0.,0.));
#1858=DIRECTION('',(0.,1.,0.));
#1859=DIRECTION('',(1.,0.,0.));
#1860=DIRECTION('',(0.,1.,0.));
#1861=DIRECTION('',(-1.,0.,0.));
#1862=DIRECTION('',(0.,1.,0.));
#1863=DIRECTION('',(-1.,0.,0.));
#1864=DIRECTION('',(0.,1.,0.));
#1865=DIRECTION('',(1.,0.,0.));
#1866=DIRECTION('',(0.,1.,0.));
#1867=DIRECTION('center_axis',(0.707106781186548,0.,-0.707106781186548));
#1868=DIRECTION('ref_axis',(-0.707106781186548,0.,-0.707106781186548));
#1869=DIRECTION('',(0.577350269189627,-0.577350269189624,0.577350269189627));
#1870=DIRECTION('',(0.,-1.,0.));
#1871=DIRECTION('',(-0.707106781186548,0.,-0.707106781186548));
#1872=DIRECTION('',(0.577350269189626,0.577350269189626,0.577350269189626));
#1873=DIRECTION('center_axis',(0.707106781186546,0.707106781186549,0.));
#1874=DIRECTION('ref_axis',(0.,0.,-1.));
#1875=DIRECTION('',(0.577350269189626,-0.577350269189624,-0.577350269189627));
#1876=DIRECTION('',(0.,0.,1.));
#1877=DIRECTION('',(-0.707106781186547,0.707106781186547,0.));
#1878=DIRECTION('',(0.,0.,-1.));
#1879=DIRECTION('center_axis',(0.,0.707106781186548,-0.707106781186548));
#1880=DIRECTION('ref_axis',(-1.,0.,0.));
#1881=DIRECTION('',(-0.577350269189624,-0.577350269189627,-0.577350269189627));
#1882=DIRECTION('',(1.,0.,0.));
#1883=DIRECTION('center_axis',(0.707106781186548,0.,-0.707106781186548));
#1884=DIRECTION('ref_axis',(-0.707106781186548,0.,-0.707106781186548));
#1885=DIRECTION('center_axis',(-0.707106781186548,0.,0.707106781186548));
#1886=DIRECTION('ref_axis',(-0.707106781186548,0.,-0.707106781186548));
#1887=DIRECTION('',(-0.970295726275996,-1.04972719113862E-16,-0.241921895599668));
#1888=DIRECTION('center_axis',(-0.707106781186548,0.,0.707106781186548));
#1889=DIRECTION('ref_axis',(-0.707106781186548,0.,-0.707106781186548));
#1890=DIRECTION('center_axis',(-0.707106781186548,0.,0.707106781186548));
#1891=DIRECTION('ref_axis',(-0.707106781186548,0.,-0.707106781186548));
#1892=DIRECTION('',(-0.707106781186548,0.,0.707106781186548));
#1893=DIRECTION('center_axis',(0.707106781186548,0.,-0.707106781186548));
#1894=DIRECTION('ref_axis',(-0.707106781186548,0.,-0.707106781186548));
#1895=DIRECTION('',(0.707106781186548,0.,0.707106781186548));
#1896=DIRECTION('',(0.,-1.,0.));
#1897=DIRECTION('',(-0.707106781186548,0.,-0.707106781186548));
#1898=DIRECTION('',(0.707106781186548,0.,0.707106781186548));
#1899=DIRECTION('',(0.,-1.,0.));
#1900=DIRECTION('center_axis',(0.,1.,0.));
#1901=DIRECTION('ref_axis',(1.,0.,0.));
#1902=DIRECTION('',(0.,0.,1.));
#1903=DIRECTION('',(-1.,0.,0.));
#1904=DIRECTION('',(0.,0.,-1.));
#1905=DIRECTION('center_axis',(0.,1.,0.));
#1906=DIRECTION('ref_axis',(0.,0.,1.));
#1907=DIRECTION('center_axis',(1.,0.,0.));
#1908=DIRECTION('ref_axis',(0.,0.,-1.));
#1909=DIRECTION('',(0.,0.,1.));
#1910=DIRECTION('',(0.,1.,0.));
#1911=DIRECTION('center_axis',(0.,1.,0.));
#1912=DIRECTION('ref_axis',(0.,0.,1.));
#1913=DIRECTION('',(0.,0.,1.));
#1914=DIRECTION('center_axis',(0.,-1.,0.));
#1915=DIRECTION('ref_axis',(1.,0.,0.));
#1916=DIRECTION('',(0.,0.,1.));
#1917=DIRECTION('',(1.,0.,0.));
#1918=DIRECTION('',(0.,0.,-1.));
#1919=DIRECTION('center_axis',(0.,1.,0.));
#1920=DIRECTION('ref_axis',(-1.,0.,0.));
#1921=DIRECTION('',(0.,0.,-1.));
#1922=DIRECTION('',(-1.,0.,0.));
#1923=DIRECTION('center_axis',(-1.,0.,0.));
#1924=DIRECTION('ref_axis',(0.,0.,-1.));
#1925=DIRECTION('',(0.,1.,0.));
#1926=DIRECTION('center_axis',(0.,-1.,0.));
#1927=DIRECTION('ref_axis',(0.,0.,-1.));
#1928=DIRECTION('center_axis',(0.,1.,0.));
#1929=DIRECTION('ref_axis',(0.,0.,-1.));
#1930=DIRECTION('',(0.,-1.,0.));
#1931=DIRECTION('center_axis',(0.,1.,0.));
#1932=DIRECTION('ref_axis',(0.,0.,-1.));
#1933=DIRECTION('',(0.,-1.,0.));
#1934=DIRECTION('center_axis',(0.,1.,0.));
#1935=DIRECTION('ref_axis',(0.,0.,-1.));
#1936=DIRECTION('',(0.,-1.,0.));
#1937=DIRECTION('center_axis',(0.,1.,0.));
#1938=DIRECTION('ref_axis',(0.,0.,-1.));
#1939=DIRECTION('',(0.,1.,0.));
#1940=DIRECTION('center_axis',(0.,1.,0.));
#1941=DIRECTION('ref_axis',(-1.,0.,0.));
#1942=DIRECTION('',(1.,0.,0.));
#1943=DIRECTION('',(0.,0.,-1.));
#1944=DIRECTION('',(1.,0.,0.));
#1945=DIRECTION('center_axis',(1.,0.,0.));
#1946=DIRECTION('ref_axis',(0.,1.,0.));
#1947=DIRECTION('',(0.,1.,0.));
#1948=DIRECTION('',(0.,0.,1.));
#1949=DIRECTION('',(0.,1.,0.));
#1950=DIRECTION('center_axis',(0.,-1.,0.));
#1951=DIRECTION('ref_axis',(1.,0.,0.));
#1952=DIRECTION('',(1.,0.,0.));
#1953=DIRECTION('',(1.,0.,0.));
#1954=DIRECTION('center_axis',(0.,0.,1.));
#1955=DIRECTION('ref_axis',(1.,0.,0.));
#1956=DIRECTION('center_axis',(0.,1.,0.));
#1957=DIRECTION('ref_axis',(0.,0.,-1.));
#1958=DIRECTION('',(0.,0.,-1.));
#1959=DIRECTION('',(-1.,0.,0.));
#1960=DIRECTION('',(0.,0.,-1.));
#1961=DIRECTION('center_axis',(0.,0.,1.));
#1962=DIRECTION('ref_axis',(0.,1.,0.));
#1963=DIRECTION('',(0.,1.,0.));
#1964=DIRECTION('',(0.,1.,0.));
#1965=DIRECTION('center_axis',(-1.,0.,0.));
#1966=DIRECTION('ref_axis',(0.,0.,1.));
#1967=DIRECTION('center_axis',(1.,0.,0.));
#1968=DIRECTION('ref_axis',(0.,1.,0.));
#1969=DIRECTION('center_axis',(-1.,0.,0.));
#1970=DIRECTION('ref_axis',(0.,1.,0.));
#1971=DIRECTION('',(-0.515038074910054,0.857167300702112,-1.04972719113862E-16));
#1972=DIRECTION('center_axis',(-1.,0.,0.));
#1973=DIRECTION('ref_axis',(0.,1.,0.));
#1974=DIRECTION('center_axis',(-1.,0.,0.));
#1975=DIRECTION('ref_axis',(0.,1.,0.));
#1976=DIRECTION('',(-1.,0.,0.));
#1977=DIRECTION('center_axis',(0.,0.,1.));
#1978=DIRECTION('ref_axis',(1.,0.,0.));
#1979=DIRECTION('',(-0.85716730070211,-1.04972719113862E-16,0.515038074910058));
#1980=DIRECTION('center_axis',(0.,0.,-1.));
#1981=DIRECTION('ref_axis',(1.,0.,0.));
#1982=DIRECTION('center_axis',(0.,0.,-1.));
#1983=DIRECTION('ref_axis',(1.,0.,0.));
#1984=DIRECTION('center_axis',(0.,0.,-1.));
#1985=DIRECTION('ref_axis',(1.,0.,0.));
#1986=DIRECTION('center_axis',(0.,0.,-1.));
#1987=DIRECTION('ref_axis',(1.,0.,0.));
#1988=DIRECTION('center_axis',(0.,0.,-1.));
#1989=DIRECTION('ref_axis',(1.,0.,0.));
#1990=DIRECTION('center_axis',(0.,0.,-1.));
#1991=DIRECTION('ref_axis',(1.,0.,0.));
#1992=DIRECTION('',(0.,0.,-1.));
#1993=DIRECTION('center_axis',(0.,0.,-1.));
#1994=DIRECTION('ref_axis',(1.,0.,0.));
#1995=DIRECTION('',(0.,0.,-1.));
#1996=DIRECTION('center_axis',(-1.,0.,-9.48255397986663E-9));
#1997=DIRECTION('ref_axis',(9.48255397986663E-9,0.,-1.));
#1998=DIRECTION('',(9.48255397986663E-9,0.,-1.));
#1999=DIRECTION('',(0.,-1.,0.));
#2000=DIRECTION('',(9.48255397986663E-9,0.,-1.));
#2001=DIRECTION('center_axis',(0.,-1.,0.));
#2002=DIRECTION('ref_axis',(-1.,0.,-9.48255373842259E-9));
#2003=DIRECTION('center_axis',(0.,-1.,0.));
#2004=DIRECTION('ref_axis',(-1.,0.,-9.48255373842259E-9));
#2005=DIRECTION('',(0.,-1.,0.));
#2006=DIRECTION('center_axis',(0.,-1.,0.));
#2007=DIRECTION('ref_axis',(-1.,0.,-9.48255373842259E-9));
#2008=DIRECTION('center_axis',(0.,0.,1.));
#2009=DIRECTION('ref_axis',(-1.,0.,0.));
#2010=DIRECTION('',(-1.,0.,0.));
#2011=DIRECTION('',(0.,-1.,0.));
#2012=DIRECTION('',(-1.,0.,0.));
#2013=DIRECTION('center_axis',(0.,-1.,0.));
#2014=DIRECTION('ref_axis',(0.,0.,1.));
#2015=DIRECTION('center_axis',(0.,-1.,0.));
#2016=DIRECTION('ref_axis',(0.,0.,1.));
#2017=DIRECTION('',(0.,-1.,0.));
#2018=DIRECTION('center_axis',(0.,-1.,0.));
#2019=DIRECTION('ref_axis',(0.,0.,1.));
#2020=DIRECTION('center_axis',(1.,0.,0.));
#2021=DIRECTION('ref_axis',(0.,0.,1.));
#2022=DIRECTION('',(0.,0.,1.));
#2023=DIRECTION('',(0.,0.,1.));
#2024=DIRECTION('center_axis',(0.,1.,0.));
#2025=DIRECTION('ref_axis',(-1.,0.,0.));
#2026=DIRECTION('center_axis',(0.,1.,0.));
#2027=DIRECTION('ref_axis',(-1.,0.,0.));
#2028=DIRECTION('',(0.,0.,-1.));
#2029=DIRECTION('center_axis',(0.,-1.,0.));
#2030=DIRECTION('ref_axis',(-1.,0.,0.));
#2031=DIRECTION('',(-1.,0.,0.));
#2032=DIRECTION('center_axis',(0.,1.,0.));
#2033=DIRECTION('ref_axis',(0.707106781186548,0.,0.707106781186548));
#2034=DIRECTION('',(0.,0.,1.));
#2035=DIRECTION('',(-1.,0.,0.));
#2036=DIRECTION('center_axis',(0.,1.,0.));
#2037=DIRECTION('ref_axis',(0.707106781186547,0.,0.707106781186548));
#2038=DIRECTION('',(0.,0.,1.));
#2039=DIRECTION('center_axis',(0.,1.,0.));
#2040=DIRECTION('ref_axis',(0.,0.,1.));
#2041=DIRECTION('',(0.,0.,1.));
#2042=DIRECTION('',(0.,0.,1.));
#2043=DIRECTION('',(1.,0.,0.));
#2044=DIRECTION('center_axis',(0.,-1.,0.));
#2045=DIRECTION('ref_axis',(0.,0.,-1.));
#2046=DIRECTION('',(0.,0.,-1.));
#2047=DIRECTION('',(-1.,0.,0.));
#2048=DIRECTION('',(0.,0.,-1.));
#2049=DIRECTION('center_axis',(1.,0.,0.));
#2050=DIRECTION('ref_axis',(0.,0.,-1.));
#2051=DIRECTION('',(0.,-1.,0.));
#2052=DIRECTION('center_axis',(-1.,0.,0.));
#2053=DIRECTION('ref_axis',(0.,0.,1.));
#2054=DIRECTION('',(0.,1.,0.));
#2055=DIRECTION('center_axis',(-1.,0.,0.));
#2056=DIRECTION('ref_axis',(0.,0.,1.));
#2057=DIRECTION('',(0.,1.,0.));
#2058=DIRECTION('',(0.,0.,-1.));
#2059=DIRECTION('',(0.,1.,0.));
#2060=DIRECTION('',(0.,0.,1.));
#2061=DIRECTION('center_axis',(0.,-1.,0.));
#2062=DIRECTION('ref_axis',(0.,0.,1.));
#2063=DIRECTION('center_axis',(0.,-1.,0.));
#2064=DIRECTION('ref_axis',(0.,0.,1.));
#2065=DIRECTION('center_axis',(0.,-1.,0.));
#2066=DIRECTION('ref_axis',(0.,0.,1.));
#2067=DIRECTION('center_axis',(0.,-1.,0.));
#2068=DIRECTION('ref_axis',(0.,0.,1.));
#2069=DIRECTION('center_axis',(0.,-1.,0.));
#2070=DIRECTION('ref_axis',(0.,0.,1.));
#2071=DIRECTION('',(0.,-1.,0.));
#2072=DIRECTION('center_axis',(0.,-1.,0.));
#2073=DIRECTION('ref_axis',(0.,0.,1.));
#2074=DIRECTION('',(0.,-1.,0.));
#2075=DIRECTION('center_axis',(0.,0.707106781186549,0.707106781186546));
#2076=DIRECTION('ref_axis',(1.,0.,0.));
#2077=DIRECTION('',(-1.,0.,0.));
#2078=DIRECTION('',(-0.577350269189625,-0.577350269189625,0.577350269189628));
#2079=DIRECTION('',(1.,0.,0.));
#2080=DIRECTION('',(0.577350269189627,-0.577350269189624,0.577350269189626));
#2081=DIRECTION('center_axis',(-0.707106781186549,0.707106781186546,0.));
#2082=DIRECTION('ref_axis',(0.,0.,1.));
#2083=DIRECTION('',(0.,0.,-1.));
#2084=DIRECTION('center_axis',(0.,0.707106781186549,-0.707106781186546));
#2085=DIRECTION('ref_axis',(-1.,0.,0.));
#2086=DIRECTION('',(-1.,0.,0.));
#2087=DIRECTION('',(0.,0.707106781186546,0.707106781186549));
#2088=DIRECTION('',(1.,0.,0.));
#2089=DIRECTION('',(0.577350269189627,-0.577350269189624,-0.577350269189627));
#2090=DIRECTION('center_axis',(0.707106781186546,0.707106781186549,0.));
#2091=DIRECTION('ref_axis',(0.,0.,-1.));
#2092=DIRECTION('',(0.,0.,1.));
#2093=DIRECTION('',(0.577350269189627,-0.577350269189624,0.577350269189627));
#2094=DIRECTION('',(0.,0.,-1.));
#2095=DIRECTION('center_axis',(0.,0.707106781186548,0.707106781186548));
#2096=DIRECTION('ref_axis',(1.,0.,0.));
#2097=DIRECTION('',(1.,0.,0.));
#2098=DIRECTION('',(-1.,0.,0.));
#2099=DIRECTION('',(-0.209350510053241,-0.691437764350648,0.691437764350651));
#2100=DIRECTION('center_axis',(0.,1.,0.));
#2101=DIRECTION('ref_axis',(-1.,0.,0.));
#2102=DIRECTION('center_axis',(0.,1.,0.));
#2103=DIRECTION('ref_axis',(-1.,0.,0.));
#2104=DIRECTION('center_axis',(0.,-1.,0.));
#2105=DIRECTION('ref_axis',(-1.,0.,0.));
#2106=DIRECTION('center_axis',(-0.392232270276369,0.707106781186546,0.588348405414553));
#2107=DIRECTION('ref_axis',(0.832050294337844,3.33066907387547E-16,0.554700196225229));
#2108=DIRECTION('',(0.832050294337844,0.,0.554700196225229));
#2109=DIRECTION('',(-0.832050294337844,0.,-0.554700196225229));
#2110=DIRECTION('',(-0.661335502539432,-0.661335502539429,0.353936019870595));
#2111=DIRECTION('center_axis',(-0.223606797749979,0.707106781186549,0.670820393249936));
#2112=DIRECTION('ref_axis',(0.948683298050514,2.22044604925031E-16,0.316227766016838));
#2113=DIRECTION('',(0.948683298050514,0.,0.316227766016838));
#2114=DIRECTION('',(0.22360679774998,0.707106781186546,-0.670820393249938));
#2115=DIRECTION('',(-0.948683298050514,0.,-0.316227766016838));
#2116=DIRECTION('',(-0.630004060271711,-0.630004060271708,0.454081235113631));
#2117=DIRECTION('center_axis',(0.,1.,0.));
#2118=DIRECTION('ref_axis',(0.811242185175561,0.,-0.584710284663765));
#2119=DIRECTION('center_axis',(0.,-1.,0.));
#2120=DIRECTION('ref_axis',(0.811242185175561,0.,-0.584710284663765));
#2121=DIRECTION('',(0.707106781186547,0.707106781186548,0.));
#2122=DIRECTION('center_axis',(0.,1.,0.));
#2123=DIRECTION('ref_axis',(0.811242185175561,0.,-0.584710284663765));
#2124=DIRECTION('center_axis',(-0.707106781186546,0.707106781186549,0.));
#2125=DIRECTION('ref_axis',(0.,0.,1.));
#2126=DIRECTION('',(0.,0.,-1.));
#2127=DIRECTION('',(0.,0.,1.));
#2128=DIRECTION('center_axis',(0.707106781186546,0.707106781186549,0.));
#2129=DIRECTION('ref_axis',(0.,0.,-1.));
#2130=DIRECTION('',(0.,0.,-1.));
#2131=DIRECTION('',(-0.707106781186549,0.707106781186546,0.));
#2132=DIRECTION('',(0.,0.,1.));
#2133=DIRECTION('center_axis',(0.,1.,0.));
#2134=DIRECTION('ref_axis',(-0.707106781186548,0.,-0.707106781186548));
#2135=DIRECTION('center_axis',(0.,-1.,0.));
#2136=DIRECTION('ref_axis',(-0.707106781186547,0.,-0.707106781186547));
#2137=DIRECTION('',(0.,0.707106781186547,-0.707106781186547));
#2138=DIRECTION('center_axis',(0.,1.,0.));
#2139=DIRECTION('ref_axis',(-0.707106781186548,0.,-0.707106781186548));
#2140=DIRECTION('center_axis',(0.,0.707106781186549,0.707106781186546));
#2141=DIRECTION('ref_axis',(1.,0.,0.));
#2142=DIRECTION('',(0.,0.707106781186546,-0.707106781186549));
#2143=DIRECTION('',(-1.,0.,0.));
#2144=DIRECTION('',(1.,0.,0.));
#2145=DIRECTION('center_axis',(0.,1.,0.));
#2146=DIRECTION('ref_axis',(0.707106781186548,0.,-0.707106781186548));
#2147=DIRECTION('center_axis',(0.,-1.,0.));
#2148=DIRECTION('ref_axis',(0.707106781186547,0.,-0.707106781186547));
#2149=DIRECTION('',(0.707106781186547,0.707106781186547,0.));
#2150=DIRECTION('center_axis',(0.,1.,0.));
#2151=DIRECTION('ref_axis',(0.707106781186548,0.,-0.707106781186548));
#2152=DIRECTION('center_axis',(-0.707106781186546,0.707106781186549,0.));
#2153=DIRECTION('ref_axis',(0.,0.,1.));
#2154=DIRECTION('',(0.,0.,-1.));
#2155=DIRECTION('',(0.,0.,1.));
#2156=DIRECTION('center_axis',(-1.,0.,0.));
#2157=DIRECTION('ref_axis',(0.,0.,-1.));
#2158=DIRECTION('',(0.,-1.,0.));
#2159=DIRECTION('center_axis',(0.,-1.,0.));
#2160=DIRECTION('ref_axis',(-1.,0.,0.));
#2161=DIRECTION('',(0.,-1.,0.));
#2162=DIRECTION('center_axis',(0.,0.,1.));
#2163=DIRECTION('ref_axis',(-1.,0.,0.));
#2164=DIRECTION('',(0.,1.,0.));
#2165=DIRECTION('',(-1.,0.,0.));
#2166=DIRECTION('',(0.,1.,0.));
#2167=DIRECTION('center_axis',(-1.,0.,0.));
#2168=DIRECTION('ref_axis',(0.,0.,-1.));
#2169=DIRECTION('',(0.,1.,0.));
#2170=DIRECTION('',(0.,0.,-1.));
#2171=DIRECTION('center_axis',(0.,0.,1.));
#2172=DIRECTION('ref_axis',(1.,0.,0.));
#2173=DIRECTION('',(0.,-1.,0.));
#2174=DIRECTION('',(-1.,0.,0.));
#2175=DIRECTION('',(0.,-1.,0.));
#2176=DIRECTION('',(-1.,0.,0.));
#2177=DIRECTION('',(0.,-1.,0.));
#2178=DIRECTION('',(-1.,0.,0.));
#2179=DIRECTION('',(0.,1.,0.));
#2180=DIRECTION('',(-1.,0.,0.));
#2181=DIRECTION('center_axis',(0.554700196225229,0.,-0.832050294337844));
#2182=DIRECTION('ref_axis',(0.832050294337844,0.,0.554700196225229));
#2183=DIRECTION('',(0.,-1.,0.));
#2184=DIRECTION('',(0.832050294337844,0.,0.554700196225229));
#2185=DIRECTION('center_axis',(1.,0.,0.));
#2186=DIRECTION('ref_axis',(0.,0.,1.));
#2187=DIRECTION('',(0.,1.,0.));
#2188=DIRECTION('',(0.,0.,1.));
#2189=DIRECTION('center_axis',(0.,-1.,0.));
#2190=DIRECTION('ref_axis',(0.811242185175561,0.,-0.584710284663765));
#2191=DIRECTION('',(0.,-1.,0.));
#2192=DIRECTION('center_axis',(0.,1.,0.));
#2193=DIRECTION('ref_axis',(0.811242185175561,0.,-0.584710284663765));
#2194=DIRECTION('center_axis',(0.316227766016838,0.,-0.948683298050514));
#2195=DIRECTION('ref_axis',(0.948683298050514,0.,0.316227766016838));
#2196=DIRECTION('',(0.,-1.,0.));
#2197=DIRECTION('',(0.948683298050514,0.,0.316227766016838));
#2198=DIRECTION('center_axis',(0.,1.,0.));
#2199=DIRECTION('ref_axis',(0.,0.,1.));
#2200=DIRECTION('center_axis',(0.,-1.,0.));
#2201=DIRECTION('ref_axis',(0.707106781186547,0.,0.707106781186548));
#2202=DIRECTION('',(0.,1.,0.));
#2203=DIRECTION('center_axis',(0.,1.,0.));
#2204=DIRECTION('ref_axis',(0.707106781186547,0.,0.707106781186548));
#2205=DIRECTION('',(0.,-1.,0.));
#2206=DIRECTION('center_axis',(0.,0.,1.));
#2207=DIRECTION('ref_axis',(-1.,0.,0.));
#2208=DIRECTION('',(-1.,0.,0.));
#2209=DIRECTION('center_axis',(0.,-1.,0.));
#2210=DIRECTION('ref_axis',(0.707106781186548,0.,0.707106781186548));
#2211=DIRECTION('center_axis',(0.,1.,0.));
#2212=DIRECTION('ref_axis',(0.707106781186548,0.,0.707106781186548));
#2213=DIRECTION('',(0.,-1.,0.));
#2214=DIRECTION('center_axis',(1.,0.,0.));
#2215=DIRECTION('ref_axis',(0.,0.,1.));
#2216=DIRECTION('',(0.,0.,1.));
#2217=DIRECTION('center_axis',(1.,0.,0.));
#2218=DIRECTION('ref_axis',(0.,0.,1.));
#2219=DIRECTION('',(0.,0.,1.));
#2220=DIRECTION('',(0.,-1.,0.));
#2221=DIRECTION('center_axis',(0.,1.,0.));
#2222=DIRECTION('ref_axis',(-1.,0.,0.));
#2223=DIRECTION('',(0.,0.,1.));
#2224=DIRECTION('center_axis',(0.,-1.,0.));
#2225=DIRECTION('ref_axis',(1.,0.,0.));
#2226=DIRECTION('center_axis',(0.,-1.,0.));
#2227=DIRECTION('ref_axis',(-1.,0.,0.));
#2228=DIRECTION('center_axis',(0.,-1.,0.));
#2229=DIRECTION('ref_axis',(-1.,0.,0.));
#2230=DIRECTION('',(0.,-1.,0.));
#2231=DIRECTION('center_axis',(0.,-1.,0.));
#2232=DIRECTION('ref_axis',(-1.,0.,0.));
#2233=DIRECTION('center_axis',(0.,1.,0.));
#2234=DIRECTION('ref_axis',(-1.,0.,0.));
#2235=DIRECTION('center_axis',(1.,0.,0.));
#2236=DIRECTION('ref_axis',(0.,0.,1.));
#2237=DIRECTION('',(0.,-1.,0.));
#2238=DIRECTION('center_axis',(0.,-1.,0.));
#2239=DIRECTION('ref_axis',(1.,0.,0.));
#2240=DIRECTION('center_axis',(-1.,0.,0.));
#2241=DIRECTION('ref_axis',(0.,0.,-1.));
#2242=DIRECTION('',(0.,0.,-1.));
#2243=DIRECTION('',(0.,0.,-1.));
#2244=DIRECTION('',(0.,-1.,0.));
#2245=DIRECTION('center_axis',(1.,0.,0.));
#2246=DIRECTION('ref_axis',(0.,0.,1.));
#2247=DIRECTION('',(0.,0.,1.));
#2248=DIRECTION('',(0.,-1.,0.));
#2249=DIRECTION('',(0.,0.,1.));
#2250=DIRECTION('center_axis',(0.,-1.,0.));
#2251=DIRECTION('ref_axis',(1.,0.,0.));
#2252=DIRECTION('center_axis',(0.,-1.,0.));
#2253=DIRECTION('ref_axis',(1.,0.,0.));
#2254=DIRECTION('',(0.,-1.,0.));
#2255=DIRECTION('center_axis',(0.,-1.,0.));
#2256=DIRECTION('ref_axis',(1.,0.,0.));
#2257=DIRECTION('center_axis',(0.,0.,-1.));
#2258=DIRECTION('ref_axis',(1.,0.,0.));
#2259=DIRECTION('',(1.,0.,0.));
#2260=DIRECTION('',(0.,-1.,0.));
#2261=DIRECTION('',(1.,0.,0.));
#2262=DIRECTION('center_axis',(0.,-1.,0.));
#2263=DIRECTION('ref_axis',(0.,0.,-1.));
#2264=DIRECTION('center_axis',(0.,-1.,0.));
#2265=DIRECTION('ref_axis',(0.,0.,-1.));
#2266=DIRECTION('center_axis',(0.,-1.,0.));
#2267=DIRECTION('ref_axis',(0.,0.,-1.));
#2268=DIRECTION('center_axis',(0.,1.,0.));
#2269=DIRECTION('ref_axis',(-1.,0.,0.));
#2270=DIRECTION('center_axis',(0.,-1.,0.));
#2271=DIRECTION('ref_axis',(0.707106781186547,0.,-0.707106781186547));
#2272=DIRECTION('',(0.,-1.,0.));
#2273=DIRECTION('center_axis',(0.,1.,0.));
#2274=DIRECTION('ref_axis',(0.707106781186547,0.,-0.707106781186547));
#2275=DIRECTION('',(0.,1.,0.));
#2276=DIRECTION('center_axis',(0.,0.,-1.));
#2277=DIRECTION('ref_axis',(1.,0.,0.));
#2278=DIRECTION('',(0.,1.,0.));
#2279=DIRECTION('',(1.,0.,0.));
#2280=DIRECTION('center_axis',(0.,-1.,0.));
#2281=DIRECTION('ref_axis',(-0.707106781186547,0.,-0.707106781186547));
#2282=DIRECTION('',(0.,-1.,0.));
#2283=DIRECTION('center_axis',(0.,1.,0.));
#2284=DIRECTION('ref_axis',(-0.707106781186547,0.,-0.707106781186547));
#2285=DIRECTION('center_axis',(-1.,0.,0.));
#2286=DIRECTION('ref_axis',(0.,0.,-1.));
#2287=DIRECTION('',(0.,-1.,0.));
#2288=DIRECTION('',(0.,0.,-1.));
#2289=DIRECTION('center_axis',(1.,0.,0.));
#2290=DIRECTION('ref_axis',(0.,0.,1.));
#2291=DIRECTION('',(0.,0.,1.));
#2292=DIRECTION('center_axis',(0.,0.,-1.));
#2293=DIRECTION('ref_axis',(1.,0.,0.));
#2294=DIRECTION('',(1.,0.,0.));
#2295=DIRECTION('center_axis',(0.,-1.,0.));
#2296=DIRECTION('ref_axis',(0.,0.,-1.));
#2297=CARTESIAN_POINT('',(0.,0.,0.));
#2298=CARTESIAN_POINT('Origin',(-0.5,12.5,-34.5));
#2299=CARTESIAN_POINT('',(-1.,13.0000001937151,-35.));
#2300=CARTESIAN_POINT('',(0.,13.0000001937151,-34.));
#2301=CARTESIAN_POINT('',(0.999999891966581,13.0000001937151,-33.0000001080334));
#2302=CARTESIAN_POINT('',(0.,9.,-34.));
#2303=CARTESIAN_POINT('',(0.,12.5,-34.));
#2304=CARTESIAN_POINT('',(-1.,9.,-35.));
#2305=CARTESIAN_POINT('',(10.7500000372529,9.,-23.2499999627471));
#2306=CARTESIAN_POINT('',(-1.,12.5,-35.));
#2307=CARTESIAN_POINT('Origin',(0.,13.0000001937151,-29.0000004321337));
#2308=CARTESIAN_POINT('',(-3.,13.0000001937151,-35.));
#2309=CARTESIAN_POINT('',(37.5,13.0000001937151,-35.));
#2310=CARTESIAN_POINT('',(-3.,13.0000001937151,-14.0000002086163));
#2311=CARTESIAN_POINT('',(-3.,13.0000001937151,-29.0000004321337));
#2312=CARTESIAN_POINT('',(0.,13.0000001937151,-14.0000002086163));
#2313=CARTESIAN_POINT('',(0.,13.0000001937151,-14.0000002086163));
#2314=CARTESIAN_POINT('',(0.,13.0000001937151,-17.0000002533197));
#2315=CARTESIAN_POINT('Origin',(75.,0.,-35.));
#2316=CARTESIAN_POINT('',(4.00000014494762,9.,-35.0000000005522));
#2317=CARTESIAN_POINT('',(51.250000204891,9.,-35.));
#2318=CARTESIAN_POINT('',(4.00000014494763,6.,-35.0000000005522));
#2319=CARTESIAN_POINT('',(4.00000014494762,4.5,-35.));
#2320=CARTESIAN_POINT('',(46.0000006854534,6.,-35.0000000005955));
#2321=CARTESIAN_POINT('',(50.0000002004883,6.,-35.));
#2322=CARTESIAN_POINT('',(46.0000006854534,9.,-35.0000000005955));
#2323=CARTESIAN_POINT('',(46.0000006854534,4.5,-35.));
#2324=CARTESIAN_POINT('',(55.0000008195639,9.,-35.));
#2325=CARTESIAN_POINT('',(51.250000204891,9.,-35.));
#2326=CARTESIAN_POINT('',(55.0000008195639,25.,-35.));
#2327=CARTESIAN_POINT('',(55.0000008195639,12.5,-35.));
#2328=CARTESIAN_POINT('',(65.,25.,-35.));
#2329=CARTESIAN_POINT('',(-50.,25.,-35.));
#2330=CARTESIAN_POINT('',(65.,0.,-35.));
#2331=CARTESIAN_POINT('',(65.,0.,-35.));
#2332=CARTESIAN_POINT('',(-50.,0.,-35.));
#2333=CARTESIAN_POINT('',(-50.,0.,-35.));
#2334=CARTESIAN_POINT('',(-50.,6.00000008940697,-35.0000000005955));
#2335=CARTESIAN_POINT('',(-50.,0.,-35.));
#2336=CARTESIAN_POINT('',(-47.,6.00000008940697,-35.0000000005955));
#2337=CARTESIAN_POINT('',(12.5,6.00000008940697,-35.));
#2338=CARTESIAN_POINT('',(-47.,10.0000001490116,-35.0000000005955));
#2339=CARTESIAN_POINT('',(-47.,4.00000005960464,-35.));
#2340=CARTESIAN_POINT('',(-50.,10.0000001490116,-35.0000000005955));
#2341=CARTESIAN_POINT('',(12.5,10.0000001490116,-35.));
#2342=CARTESIAN_POINT('',(-50.,24.,-35.));
#2343=CARTESIAN_POINT('',(-50.,0.,-35.));
#2344=CARTESIAN_POINT('',(-0.999999999999996,24.,-35.));
#2345=CARTESIAN_POINT('',(43.75,24.,-35.));
#2346=CARTESIAN_POINT('',(-1.,18.0000002682209,-35.));
#2347=CARTESIAN_POINT('',(-1.,12.5,-35.));
#2348=CARTESIAN_POINT('',(-3.,18.0000002682209,-35.));
#2349=CARTESIAN_POINT('',(37.5,18.0000002682209,-35.));
#2350=CARTESIAN_POINT('',(-3.,8.25,-35.));
#2351=CARTESIAN_POINT('Origin',(-0.5,12.5,-34.5));
#2352=CARTESIAN_POINT('',(-0.500000000000002,24.5,-34.5));
#2353=CARTESIAN_POINT('',(0.,24.,-34.));
#2354=CARTESIAN_POINT('',(6.83333332712453,17.1666666728755,-27.1666666728755));
#2355=CARTESIAN_POINT('',(0.,18.0000002682209,-34.));
#2356=CARTESIAN_POINT('',(0.,12.5,-34.));
#2357=CARTESIAN_POINT('',(4.74999994784594,18.0000002682209,-29.2500000521541));
#2358=CARTESIAN_POINT('',(4.875,29.875,-29.125));
#2359=CARTESIAN_POINT('Origin',(-0.5,24.5,-2.5000000372529));
#2360=CARTESIAN_POINT('',(-1.,25.,-34.));
#2361=CARTESIAN_POINT('',(-1.,25.,-34.));
#2362=CARTESIAN_POINT('',(-1.,25.,-5.00000007450581));
#2363=CARTESIAN_POINT('',(-1.,25.,-2.5000000372529));
#2364=CARTESIAN_POINT('',(0.,24.,-5.00000007450581));
#2365=CARTESIAN_POINT('',(0.,24.,-5.00000007450581));
#2366=CARTESIAN_POINT('',(0.,24.,-2.5000000372529));
#2367=CARTESIAN_POINT('Origin',(43.75,24.5,-34.5));
#2368=CARTESIAN_POINT('',(-49.,25.,-34.));
#2369=CARTESIAN_POINT('',(-49.,25.,-34.));
#2370=CARTESIAN_POINT('',(43.75,25.,-34.));
#2371=CARTESIAN_POINT('Origin',(66.5462713166554,10.0317171265865,-25.3204793258203));
#2372=CARTESIAN_POINT('',(68.8451290424497,10.0317171265865,-24.0838031456818));
#2373=CARTESIAN_POINT('Origin',(67.0773620894834,10.0317171265865,-25.8515700986482));
#2374=CARTESIAN_POINT('',(66.0151805438275,10.0317171265865,-24.7893885529923));
#2375=CARTESIAN_POINT('',(67.4301547931386,10.0317171265865,-24.4365958493371));
#2376=CARTESIAN_POINT('Origin',(68.8451290424497,10.0317171265865,-27.6193370516146));
#2377=CARTESIAN_POINT('',(72.380662948384,10.0317171265865,-27.619337051616));
#2378=CARTESIAN_POINT('Origin',(70.6128959954176,10.0317171265865,-29.3871040045824));
#2379=CARTESIAN_POINT('',(70.6128959954161,10.0317171265865,-25.8515700986482));
#2380=CARTESIAN_POINT('Origin',(70.,0.,-30.));
#2381=CARTESIAN_POINT('',(71.778174593052,23.,-28.221825406948));
#2382=CARTESIAN_POINT('',(75.,23.,-25.));
#2383=CARTESIAN_POINT('',(78.7500000420078,23.,-21.2499999579922));
#2384=CARTESIAN_POINT('',(75.,0.,-25.));
#2385=CARTESIAN_POINT('',(75.,0.,-25.));
#2386=CARTESIAN_POINT('',(63.125,0.,-36.875));
#2387=CARTESIAN_POINT('',(71.778174593052,25.,-28.221825406948));
#2388=CARTESIAN_POINT('',(63.125,25.,-36.875));
#2389=CARTESIAN_POINT('',(71.778174593052,12.5,-28.221825406948));
#2390=CARTESIAN_POINT('Origin',(12.5,0.,0.));
#2391=CARTESIAN_POINT('',(75.,0.,35.));
#2392=CARTESIAN_POINT('',(75.,0.,-35.));
#2393=CARTESIAN_POINT('',(-50.,0.,35.));
#2394=CARTESIAN_POINT('',(75.,0.,35.));
#2395=CARTESIAN_POINT('',(-50.,0.,35.));
#2396=CARTESIAN_POINT('',(-33.9999389648438,0.,-23.0938820838928));
#2397=CARTESIAN_POINT('Origin',(-33.9999389648438,0.,-15.0938820838928));
#2398=CARTESIAN_POINT('Origin',(75.,0.,35.));
#2399=CARTESIAN_POINT('',(75.,23.,35.));
#2400=CARTESIAN_POINT('',(75.,23.,18.3054564357527));
#2401=CARTESIAN_POINT('',(75.,0.,35.));
#2402=CARTESIAN_POINT('Origin',(12.5,25.,0.));
#2403=CARTESIAN_POINT('',(55.0000008195639,25.,-25.000000372529));
#2404=CARTESIAN_POINT('',(55.0000008195639,25.,-17.5));
#2405=CARTESIAN_POINT('',(70.0000010430813,25.,-10.0000001490116));
#2406=CARTESIAN_POINT('Origin',(55.0000008195639,25.,-10.0000001490116));
#2407=CARTESIAN_POINT('',(70.0000010430813,25.,35.0000000005955));
#2408=CARTESIAN_POINT('',(70.0000010430813,25.,-5.00000007450581));
#2409=CARTESIAN_POINT('',(71.778174593052,25.,35.0000000005756));
#2410=CARTESIAN_POINT('',(75.,25.,35.));
#2411=CARTESIAN_POINT('',(71.778174593052,25.,17.5000001680313));
#2412=CARTESIAN_POINT('Origin',(73.389087296526,23.,1.61091287150531));
#2413=CARTESIAN_POINT('',(71.778174593052,23.,35.0000000005756));
#2414=CARTESIAN_POINT('',(71.778174593052,23.,40.0000005960464));
#2415=CARTESIAN_POINT('',(11.694543648263,23.,35.));
#2416=CARTESIAN_POINT('Origin',(71.778174593052,25.,35.0000003360626));
#2417=CARTESIAN_POINT('',(71.778174593052,12.5,35.));
#2418=CARTESIAN_POINT('Origin',(34.0000005066395,25.,-11.0000001639128));
#2419=CARTESIAN_POINT('',(34.0000005066395,10.0000001490116,-20.0000002980232));
#2420=CARTESIAN_POINT('',(26.5166856614065,10.0000001490116,-16.0000002980232));
#2421=CARTESIAN_POINT('Origin',(34.0000005066395,10.0000001490116,-11.0000001639128));
#2422=CARTESIAN_POINT('',(34.0000005066395,9.,-20.0000002980232));
#2423=CARTESIAN_POINT('',(34.0000005066395,25.,-20.0000002980232));
#2424=CARTESIAN_POINT('',(25.000000372529,9.,-11.0000001639128));
#2425=CARTESIAN_POINT('Origin',(34.0000005066395,9.,-11.0000001639128));
#2426=CARTESIAN_POINT('',(25.000000372529,15.,-11.0000001639128));
#2427=CARTESIAN_POINT('',(25.000000372529,25.,-11.0000001639128));
#2428=CARTESIAN_POINT('',(34.0000005066395,15.,-20.0000002980232));
#2429=CARTESIAN_POINT('Origin',(34.0000005066395,15.,-11.0000001639128));
#2430=CARTESIAN_POINT('',(34.0000005066395,13.5000001788139,-20.0000002980232));
#2431=CARTESIAN_POINT('',(34.0000005066395,25.,-20.0000002980232));
#2432=CARTESIAN_POINT('',(26.5166856614065,13.5000001788139,-16.0000002980232));
#2433=CARTESIAN_POINT('Origin',(34.0000005066395,13.5000001788139,-11.0000001639128));
#2434=CARTESIAN_POINT('',(26.5166856614065,25.,-16.0000002980232));
#2435=CARTESIAN_POINT('Origin',(49.0000007301569,13.5000001788139,-20.0000002980232));
#2436=CARTESIAN_POINT('',(49.0000007301569,13.5000001788139,-20.0000002980232));
#2437=CARTESIAN_POINT('',(52.0000007748604,13.5000001788139,-20.0000002980232));
#2438=CARTESIAN_POINT('',(49.0000007301569,13.5000001788139,-16.0000002980232));
#2439=CARTESIAN_POINT('',(49.0000007301569,13.5000001788139,-20.0000002980232));
#2440=CARTESIAN_POINT('',(46.0000006966293,13.5000001788139,-16.0000002980232));
#2441=CARTESIAN_POINT('Origin',(49.0000007301569,10.0000001490116,-20.0000002980232));
#2442=CARTESIAN_POINT('',(49.0000007301569,10.0000001490116,-20.0000002980232));
#2443=CARTESIAN_POINT('',(49.0000007301569,17.5000000745058,-20.0000002980232));
#2444=CARTESIAN_POINT('',(49.0000007301569,10.0000001490116,-16.0000002980232));
#2445=CARTESIAN_POINT('',(49.0000007301569,10.0000001490116,-20.0000002980232));
#2446=CARTESIAN_POINT('',(49.0000007301569,10.0000001490116,-16.0000002980232));
#2447=CARTESIAN_POINT('Origin',(36.0000005364418,10.0000001490116,-20.0000002980232));
#2448=CARTESIAN_POINT('',(36.0000005364418,10.0000001490116,-16.0000002980232));
#2449=CARTESIAN_POINT('',(45.5000006780028,10.0000001490116,-20.0000002980232));
#2450=CARTESIAN_POINT('Origin',(43.0000006631017,12.,-16.0000002980232));
#2451=CARTESIAN_POINT('Origin',(0.,18.0000002682209,-14.0000002086163));
#2452=CARTESIAN_POINT('',(0.,18.0000002682209,-14.0000002086163));
#2453=CARTESIAN_POINT('',(0.,18.0000002682209,-9.50000014156103));
#2454=CARTESIAN_POINT('',(-3.,18.0000002682209,-14.0000002086163));
#2455=CARTESIAN_POINT('',(0.,18.0000002682209,-14.0000002086163));
#2456=CARTESIAN_POINT('',(-3.,18.0000002682209,-14.0000002086163));
#2457=CARTESIAN_POINT('Origin',(0.,13.0000001937151,-14.0000002086163));
#2458=CARTESIAN_POINT('',(0.,19.0000000968575,-14.0000002086163));
#2459=CARTESIAN_POINT('',(-3.,13.0000001937151,-14.0000002086163));
#2460=CARTESIAN_POINT('Origin',(-3.,16.5,-20.0000000375507));
#2461=CARTESIAN_POINT('Origin',(-23.9012909285413,19.6255780859994,0.664466619491577));
#2462=CARTESIAN_POINT('',(-23.,16.6255780859994,0.664466619491577));
#2463=CARTESIAN_POINT('Origin',(-23.,19.6255780859994,0.664466619491577));
#2464=CARTESIAN_POINT('',(-24.8025818570827,19.6255780859994,0.664466619491577));
#2465=CARTESIAN_POINT('',(-23.9012909285413,18.1255780859994,0.664466619491577));
#2466=CARTESIAN_POINT('Origin',(-19.,19.6255780859994,0.664466619491577));
#2467=CARTESIAN_POINT('',(-15.,16.6255780859994,0.664466619491578));
#2468=CARTESIAN_POINT('Origin',(-15.,19.6255780859994,0.664466619491577));
#2469=CARTESIAN_POINT('',(-19.,16.6255780859994,0.664466619491578));
#2470=CARTESIAN_POINT('Origin',(41.4485484366775,7.3510060827256,28.1888381643133));
#2471=CARTESIAN_POINT('',(41.4485484366775,7.3510060827256,27.3776763286261));
#2472=CARTESIAN_POINT('',(38.7485484366775,7.3510060827256,29.0000000000005));
#2473=CARTESIAN_POINT('',(40.0985484366775,7.3510060827256,28.1888381643133));
#2474=CARTESIAN_POINT('Origin',(41.4485484366775,7.3510060827256,29.0000000000005));
#2475=CARTESIAN_POINT('Origin',(41.4485484366775,7.3510060827256,33.0000000000005));
#2476=CARTESIAN_POINT('',(36.4485484366775,7.3510060827256,33.0000000000005));
#2477=CARTESIAN_POINT('Origin',(41.4485484366775,7.3510060827256,33.0000000000005));
#2478=CARTESIAN_POINT('',(38.7485484366775,7.3510060827256,33.0000000000005));
#2479=CARTESIAN_POINT('Origin',(41.4485484366775,7.3510060827256,33.0000000000005));
#2480=CARTESIAN_POINT('Origin',(41.4485484366775,7.3510060827256,34.0000000000005));
#2481=CARTESIAN_POINT('',(36.4485484366775,7.3510060827256,35.));
#2482=CARTESIAN_POINT('Origin',(41.4485484366775,7.3510060827256,35.));
#2483=CARTESIAN_POINT('',(36.4485484366775,7.3510060827256,34.0000000000005));
#2484=CARTESIAN_POINT('Origin',(41.4485484366775,7.3510060827256,32.0000000000005));
#2485=CARTESIAN_POINT('',(38.7485484366775,7.3510060827256,32.0000000000005));
#2486=CARTESIAN_POINT('Origin',(4.00000011649997,9.,-32.0000004768372));
#2487=CARTESIAN_POINT('',(4.00000011649997,9.,-32.0000004768372));
#2488=CARTESIAN_POINT('',(4.00000004775145,9.,-24.7500004802238));
#2489=CARTESIAN_POINT('',(4.00000011649997,6.,-32.0000004768372));
#2490=CARTESIAN_POINT('',(4.00000011649997,9.,-32.0000004768372));
#2491=CARTESIAN_POINT('',(4.00000014494763,6.,-35.0000004836104));
#2492=CARTESIAN_POINT('Origin',(11.0000001544302,9.,-32.0000004104593));
#2493=CARTESIAN_POINT('',(11.0000001639128,9.,-25.000000372529));
#2494=CARTESIAN_POINT('Origin',(11.0000001544302,9.,-32.0000004104593));
#2495=CARTESIAN_POINT('',(11.0000001639128,6.,-25.000000372529));
#2496=CARTESIAN_POINT('',(11.0000001639128,9.,-25.000000372529));
#2497=CARTESIAN_POINT('Origin',(11.0000001544302,6.,-32.0000004104593));
#2498=CARTESIAN_POINT('Origin',(40.0000005960464,9.,-25.000000372529));
#2499=CARTESIAN_POINT('',(40.0000005960464,9.,-25.000000372529));
#2500=CARTESIAN_POINT('',(33.7500005029142,9.,-25.000000372529));
#2501=CARTESIAN_POINT('',(40.0000005960464,6.,-25.000000372529));
#2502=CARTESIAN_POINT('',(40.0000005960464,9.,-25.000000372529));
#2503=CARTESIAN_POINT('',(11.0000001639128,6.,-25.000000372529));
#2504=CARTESIAN_POINT('Origin',(40.0000005960464,9.,-31.000000461936));
#2505=CARTESIAN_POINT('',(46.0000006854534,9.,-31.000000461936));
#2506=CARTESIAN_POINT('Origin',(40.0000005960464,9.,-31.000000461936));
#2507=CARTESIAN_POINT('',(46.0000006854534,6.,-31.000000461936));
#2508=CARTESIAN_POINT('',(46.0000006854534,9.,-31.000000461936));
#2509=CARTESIAN_POINT('Origin',(40.0000005960464,6.,-31.000000461936));
#2510=CARTESIAN_POINT('Origin',(46.0000006854534,9.,-35.0000005215406));
#2511=CARTESIAN_POINT('',(46.0000006854534,9.,-26.2500003911555));
#2512=CARTESIAN_POINT('',(46.0000006854534,6.,-31.000000461936));
#2513=CARTESIAN_POINT('Origin',(25.0000004009767,6.,-30.0000004470348));
#2514=CARTESIAN_POINT('Origin',(27.5000004097819,9.,-17.5000002607703));
#2515=CARTESIAN_POINT('',(0.,9.,-5.00000007450581));
#2516=CARTESIAN_POINT('',(0.,9.,-35.0000005215406));
#2517=CARTESIAN_POINT('',(5.00000007450581,9.,0.));
#2518=CARTESIAN_POINT('Origin',(5.00000007450581,9.,-5.00000007450581));
#2519=CARTESIAN_POINT('',(20.000000372529,9.,0.));
#2520=CARTESIAN_POINT('',(5.00000007450581,9.,0.));
#2521=CARTESIAN_POINT('',(25.000000372529,9.,-5.));
#2522=CARTESIAN_POINT('Origin',(20.000000372529,9.,-5.));
#2523=CARTESIAN_POINT('',(25.000000372529,9.,0.));
#2524=CARTESIAN_POINT('',(52.0000008195639,9.,-20.0000002980232));
#2525=CARTESIAN_POINT('',(34.0000005066395,9.,-20.0000002980232));
#2526=CARTESIAN_POINT('',(55.0000008195639,9.,-23.0000002980232));
#2527=CARTESIAN_POINT('Origin',(52.0000008195639,9.,-23.0000002980232));
#2528=CARTESIAN_POINT('',(55.0000008195639,9.,-20.0000002980232));
#2529=CARTESIAN_POINT('Origin',(-50.,10.0000001490116,-35.0000005215406));
#2530=CARTESIAN_POINT('',(-50.,10.0000001490116,35.0000000005955));
#2531=CARTESIAN_POINT('',(-50.,10.0000001490116,-35.0000002607703));
#2532=CARTESIAN_POINT('',(-47.,10.0000001490116,35.0000000005955));
#2533=CARTESIAN_POINT('',(-47.,10.0000001490116,-35.0000005215406));
#2534=CARTESIAN_POINT('',(-50.,10.0000001490116,35.));
#2535=CARTESIAN_POINT('Origin',(-50.,6.00000008940697,35.0000005215406));
#2536=CARTESIAN_POINT('',(-50.,6.00000008940697,35.0000000005955));
#2537=CARTESIAN_POINT('',(-50.,6.00000008940697,2.60770320892334E-7));
#2538=CARTESIAN_POINT('',(-47.,6.00000008940697,35.0000000005955));
#2539=CARTESIAN_POINT('',(-50.,6.00000008940697,35.));
#2540=CARTESIAN_POINT('',(-47.,6.00000008940697,35.0000005215406));
#2541=CARTESIAN_POINT('Origin',(-47.,8.00000011920929,0.));
#2542=CARTESIAN_POINT('',(-47.,4.00000005960464,35.));
#2543=CARTESIAN_POINT('Origin',(-50.,0.,-35.));
#2544=CARTESIAN_POINT('',(-50.,0.,35.));
#2545=CARTESIAN_POINT('Origin',(-50.,0.,-35.));
#2546=CARTESIAN_POINT('',(-50.,15.,35.));
#2547=CARTESIAN_POINT('',(-50.,0.,35.));
#2548=CARTESIAN_POINT('',(-50.,15.,10.));
#2549=CARTESIAN_POINT('',(-50.,15.,-12.5));
#2550=CARTESIAN_POINT('',(-50.,24.,10.));
#2551=CARTESIAN_POINT('',(-50.,12.5,10.));
#2552=CARTESIAN_POINT('',(-50.,24.,-17.5));
#2553=CARTESIAN_POINT('Origin',(-33.9999389648438,13.,-15.0938820838928));
#2554=CARTESIAN_POINT('',(-33.9999389648438,13.,-26.0938820838928));
#2555=CARTESIAN_POINT('Origin',(-33.9999389648438,13.,-15.0938820838928));
#2556=CARTESIAN_POINT('',(-33.9999389648438,13.,-23.0938820838928));
#2557=CARTESIAN_POINT('Origin',(-33.9999389648438,13.,-15.0938820838928));
#2558=CARTESIAN_POINT('Origin',(-33.9999389648438,19.,-15.0938820838928));
#2559=CARTESIAN_POINT('',(-33.9999389648438,25.,-26.0938820838928));
#2560=CARTESIAN_POINT('Origin',(-33.9999389648438,25.,-15.0938820838928));
#2561=CARTESIAN_POINT('',(-33.9999389648438,19.,-26.0938820838928));
#2562=CARTESIAN_POINT('Origin',(-33.9999389648438,12.5,-15.0938820838928));
#2563=CARTESIAN_POINT('',(-33.9999389648438,12.5,-23.0938820838928));
#2564=CARTESIAN_POINT('Origin',(-18.75,24.5,9.5));
#2565=CARTESIAN_POINT('',(-16.,25.,9.));
#2566=CARTESIAN_POINT('',(-49.,25.,9.));
#2567=CARTESIAN_POINT('',(-18.75,25.,9.));
#2568=CARTESIAN_POINT('',(-49.,25.,9.));
#2569=CARTESIAN_POINT('',(-15.,24.,10.));
#2570=CARTESIAN_POINT('',(-18.75,24.,10.));
#2571=CARTESIAN_POINT('',(-16.,25.,9.));
#2572=CARTESIAN_POINT('Origin',(-49.5,24.5,-17.5));
#2573=CARTESIAN_POINT('',(-49.,25.,-17.5));
#2574=CARTESIAN_POINT('Origin',(18.7500001862645,24.5,0.5));
#2575=CARTESIAN_POINT('',(18.0000002682209,24.,0.));
#2576=CARTESIAN_POINT('',(5.00000007450581,24.,0.));
#2577=CARTESIAN_POINT('',(18.7500001862645,24.,0.));
#2578=CARTESIAN_POINT('',(5.00000007450581,25.,1.));
#2579=CARTESIAN_POINT('',(5.00000007450581,24.,0.));
#2580=CARTESIAN_POINT('',(17.0000002682209,25.,1.));
#2581=CARTESIAN_POINT('',(18.7500001862645,25.,1.));
#2582=CARTESIAN_POINT('',(17.0000002682209,25.,1.));
#2583=CARTESIAN_POINT('Origin',(17.5000002682209,24.5,17.5000002607703));
#2584=CARTESIAN_POINT('',(17.0000002682209,25.,34.));
#2585=CARTESIAN_POINT('',(17.0000002682209,25.,17.5000002607703));
#2586=CARTESIAN_POINT('',(18.0000002682209,24.,35.));
#2587=CARTESIAN_POINT('',(17.0000002682209,25.,34.));
#2588=CARTESIAN_POINT('',(18.0000002682209,24.,17.5000002607703));
#2589=CARTESIAN_POINT('Origin',(-18.75,24.5,34.5));
#2590=CARTESIAN_POINT('',(12.5,24.,35.));
#2591=CARTESIAN_POINT('',(-18.75,24.,35.));
#2592=CARTESIAN_POINT('',(12.802775637732,25.,34.));
#2593=CARTESIAN_POINT('',(-18.75,25.,34.));
#2594=CARTESIAN_POINT('',(12.802775637732,25.,34.));
#2595=CARTESIAN_POINT('Origin',(5.00000007450581,24.5,-5.00000007450581));
#2596=CARTESIAN_POINT('Origin',(5.00000007450581,25.,-5.00000007450581));
#2597=CARTESIAN_POINT('Origin',(5.00000007450581,24.,-5.00000007450581));
#2598=CARTESIAN_POINT('Origin',(0.950427021189537,24.5,26.6993594682157));
#2599=CARTESIAN_POINT('',(5.,24.,30.));
#2600=CARTESIAN_POINT('',(0.673076923076924,24.,27.1153846153846));
#2601=CARTESIAN_POINT('',(6.,25.,29.464816241512));
#2602=CARTESIAN_POINT('',(1.22777711930215,25.,26.2833343210468));
#2603=CARTESIAN_POINT('',(6.,25.,29.464816241512));
#2604=CARTESIAN_POINT('Origin',(-1.96688611699158,24.5,17.1506583509747));
#2605=CARTESIAN_POINT('',(-10.,24.,15.));
#2606=CARTESIAN_POINT('',(1.58113883008419,24.,18.8603796100281));
#2607=CARTESIAN_POINT('',(-2.125,24.,17.625));
#2608=CARTESIAN_POINT('',(1.89736659610103,25.,17.9116963119776));
#2609=CARTESIAN_POINT('',(1.58113883008419,24.,18.8603796100281));
#2610=CARTESIAN_POINT('',(-9.,25.,14.2792407799439));
#2611=CARTESIAN_POINT('',(-1.80877223398316,25.,16.6763167019495));
#2612=CARTESIAN_POINT('',(-9.,25.,14.2792407799439));
#2613=CARTESIAN_POINT('Origin',(0.,24.5,23.6037961002806));
#2614=CARTESIAN_POINT('',(5.,24.,23.6037961002806));
#2615=CARTESIAN_POINT('Origin',(0.,24.,23.6037961002806));
#2616=CARTESIAN_POINT('',(6.,25.,23.6037961002806));
#2617=CARTESIAN_POINT('',(5.,24.,23.6037961002806));
#2618=CARTESIAN_POINT('Origin',(0.,25.,23.6037961002806));
#2619=CARTESIAN_POINT('Origin',(5.5,24.5,10.));
#2620=CARTESIAN_POINT('',(6.,25.,10.));
#2621=CARTESIAN_POINT('',(5.,24.,10.));
#2622=CARTESIAN_POINT('Origin',(-15.5,24.5,5.));
#2623=CARTESIAN_POINT('',(-15.,24.,-13.5));
#2624=CARTESIAN_POINT('',(-15.,24.,5.));
#2625=CARTESIAN_POINT('',(-16.,25.,-13.5));
#2626=CARTESIAN_POINT('',(-15.,24.,-13.5));
#2627=CARTESIAN_POINT('',(-16.,25.,5.));
#2628=CARTESIAN_POINT('Origin',(-13.5,24.5,-13.5));
#2629=CARTESIAN_POINT('',(-13.5,24.,-15.));
#2630=CARTESIAN_POINT('Origin',(-13.5,24.,-13.5));
#2631=CARTESIAN_POINT('',(-13.5,25.,-16.));
#2632=CARTESIAN_POINT('',(-13.5,24.,-15.));
#2633=CARTESIAN_POINT('Origin',(-13.5,25.,-13.5));
#2634=CARTESIAN_POINT('Origin',(-1.25,24.5,-15.5));
#2635=CARTESIAN_POINT('',(-11.5,24.,-15.));
#2636=CARTESIAN_POINT('',(-11.5,25.,-16.));
#2637=CARTESIAN_POINT('',(-11.5,24.,-15.));
#2638=CARTESIAN_POINT('',(-1.25,25.,-16.));
#2639=CARTESIAN_POINT('',(-1.25,24.,-15.));
#2640=CARTESIAN_POINT('Origin',(-11.5,24.5,-13.5));
#2641=CARTESIAN_POINT('',(-10.,24.,-13.5));
#2642=CARTESIAN_POINT('Origin',(-11.5,24.,-13.5));
#2643=CARTESIAN_POINT('',(-9.,25.,-13.5));
#2644=CARTESIAN_POINT('',(-10.,24.,-13.5));
#2645=CARTESIAN_POINT('Origin',(-11.5,25.,-13.5));
#2646=CARTESIAN_POINT('Origin',(-9.5,24.5,-7.5));
#2647=CARTESIAN_POINT('',(-9.,25.,-7.5));
#2648=CARTESIAN_POINT('',(-10.,24.,-7.5));
#2649=CARTESIAN_POINT('Origin',(0.,25.,-5.00000007450581));
#2650=CARTESIAN_POINT('',(0.,25.,-5.00000007450581));
#2651=CARTESIAN_POINT('Origin',(5.00000007450581,25.,-5.00000007450581));
#2652=CARTESIAN_POINT('',(5.00000007450581,25.,0.));
#2653=CARTESIAN_POINT('Origin',(25.000000372529,25.,0.));
#2654=CARTESIAN_POINT('',(18.0000002682209,15.,0.));
#2655=CARTESIAN_POINT('',(18.0000002682209,25.,0.));
#2656=CARTESIAN_POINT('',(20.000000372529,15.,0.));
#2657=CARTESIAN_POINT('',(34.5000005140901,15.,0.));
#2658=CARTESIAN_POINT('',(20.000000372529,25.,0.));
#2659=CARTESIAN_POINT('Origin',(18.0000002682209,25.,35.0000005215406));
#2660=CARTESIAN_POINT('',(18.0000002682209,15.,35.0000000005955));
#2661=CARTESIAN_POINT('',(18.0000002682209,12.5,35.));
#2662=CARTESIAN_POINT('',(18.0000002682209,15.,35.0000005215406));
#2663=CARTESIAN_POINT('Origin',(-50.,0.,35.));
#2664=CARTESIAN_POINT('',(70.0000010430813,15.,35.0000000005955));
#2665=CARTESIAN_POINT('',(70.0000010430813,12.5,35.));
#2666=CARTESIAN_POINT('',(-2.99999967217445,15.,35.));
#2667=CARTESIAN_POINT('',(12.5,15.,35.));
#2668=CARTESIAN_POINT('',(12.5,12.5,35.));
#2669=CARTESIAN_POINT('',(-10.,15.,35.));
#2670=CARTESIAN_POINT('',(-34.375,15.,35.));
#2671=CARTESIAN_POINT('',(-10.,11.,35.));
#2672=CARTESIAN_POINT('',(-10.,7.5,35.));
#2673=CARTESIAN_POINT('',(-40.,11.,35.));
#2674=CARTESIAN_POINT('',(-37.5,11.,35.));
#2675=CARTESIAN_POINT('',(-40.,15.,35.));
#2676=CARTESIAN_POINT('',(-40.,7.5,35.));
#2677=CARTESIAN_POINT('',(-34.375,15.,35.));
#2678=CARTESIAN_POINT('Origin',(5.,25.,30.));
#2679=CARTESIAN_POINT('',(5.,15.,30.));
#2680=CARTESIAN_POINT('',(5.,25.,30.));
#2681=CARTESIAN_POINT('',(5.,15.,30.));
#2682=CARTESIAN_POINT('Origin',(5.,25.,20.));
#2683=CARTESIAN_POINT('',(5.,15.,23.6037961002806));
#2684=CARTESIAN_POINT('',(5.,25.,23.6037961002806));
#2685=CARTESIAN_POINT('',(5.,15.,20.));
#2686=CARTESIAN_POINT('Origin',(0.,25.,23.6037961002806));
#2687=CARTESIAN_POINT('',(1.58113883008419,15.,18.8603796100281));
#2688=CARTESIAN_POINT('',(1.58113883008419,25.,18.8603796100281));
#2689=CARTESIAN_POINT('Origin',(0.,15.,23.6037961002806));
#2690=CARTESIAN_POINT('Origin',(-10.,25.,15.));
#2691=CARTESIAN_POINT('',(-10.,15.,15.));
#2692=CARTESIAN_POINT('',(-10.,25.,15.));
#2693=CARTESIAN_POINT('',(-10.,15.,15.));
#2694=CARTESIAN_POINT('Origin',(12.5,25.,0.));
#2695=CARTESIAN_POINT('Origin',(52.0000008195639,25.,-23.0000002980232));
#2696=CARTESIAN_POINT('',(52.0000008195639,15.,-20.0000002980232));
#2697=CARTESIAN_POINT('',(52.0000008195639,25.,-20.0000002980232));
#2698=CARTESIAN_POINT('',(55.0000008195639,15.,-23.0000002980232));
#2699=CARTESIAN_POINT('Origin',(52.0000008195639,15.,-23.0000002980232));
#2700=CARTESIAN_POINT('',(55.0000008195639,25.,-23.0000002980232));
#2701=CARTESIAN_POINT('Origin',(55.0000008195639,25.,-20.0000002980232));
#2702=CARTESIAN_POINT('',(49.5000007376075,15.,-20.0000002980232));
#2703=CARTESIAN_POINT('Origin',(20.000000372529,25.,-5.));
#2704=CARTESIAN_POINT('',(25.000000372529,15.,-5.));
#2705=CARTESIAN_POINT('Origin',(20.000000372529,15.,-5.));
#2706=CARTESIAN_POINT('',(25.000000372529,25.,-5.));
#2707=CARTESIAN_POINT('Origin',(25.000000372529,25.,-11.0000001639128));
#2708=CARTESIAN_POINT('',(25.000000372529,15.,-3.00000004470348));
#2709=CARTESIAN_POINT('Origin',(55.0000008195639,25.,-35.));
#2710=CARTESIAN_POINT('',(55.0000008195639,15.,-25.000000372529));
#2711=CARTESIAN_POINT('',(55.0000008195639,15.,-14.9999999627471));
#2712=CARTESIAN_POINT('',(55.0000008195639,25.,-25.000000372529));
#2713=CARTESIAN_POINT('Origin',(44.0000006556511,15.,5.00000007450581));
#2714=CARTESIAN_POINT('',(70.0000010430813,15.,-10.0000001490116));
#2715=CARTESIAN_POINT('',(70.0000010430813,15.,-10.0000001490116));
#2716=CARTESIAN_POINT('Origin',(55.0000008195639,15.,-10.0000001490116));
#2717=CARTESIAN_POINT('',(59.0000008791685,15.,10.0000001490116));
#2718=CARTESIAN_POINT('Origin',(44.0000006556511,15.,10.0000001490116));
#2719=CARTESIAN_POINT('Origin',(44.0000006556511,15.,10.0000001490116));
#2720=CARTESIAN_POINT('',(59.0000008791685,8.,10.0000001490116));
#2721=CARTESIAN_POINT('',(59.0000008791685,15.,10.0000001490116));
#2722=CARTESIAN_POINT('Origin',(44.0000006556511,8.,10.0000001490116));
#2723=CARTESIAN_POINT('Origin',(44.0000006556511,8.,10.0000001490116));
#2724=CARTESIAN_POINT('Origin',(70.0000010430813,25.,-10.0000001490116));
#2725=CARTESIAN_POINT('',(70.0000010430813,25.,-10.0000001490116));
#2726=CARTESIAN_POINT('Origin',(55.0000008195639,25.,-10.0000001490116));
#2727=CARTESIAN_POINT('Origin',(-40.,15.,35.));
#2728=CARTESIAN_POINT('',(-40.,15.,25.));
#2729=CARTESIAN_POINT('',(-40.,15.,22.5));
#2730=CARTESIAN_POINT('',(-40.,11.,25.));
#2731=CARTESIAN_POINT('',(-40.,11.,35.));
#2732=CARTESIAN_POINT('',(-40.,15.,25.));
#2733=CARTESIAN_POINT('Origin',(-10.,15.,25.));
#2734=CARTESIAN_POINT('',(-10.,15.,25.));
#2735=CARTESIAN_POINT('',(-10.,15.,17.5));
#2736=CARTESIAN_POINT('',(-10.,11.,25.));
#2737=CARTESIAN_POINT('',(-10.,15.,25.));
#2738=CARTESIAN_POINT('',(-10.,11.,25.));
#2739=CARTESIAN_POINT('Origin',(-15.,15.,25.));
#2740=CARTESIAN_POINT('',(-15.,15.,20.));
#2741=CARTESIAN_POINT('Origin',(-15.,15.,25.));
#2742=CARTESIAN_POINT('',(-15.,11.,20.));
#2743=CARTESIAN_POINT('',(-15.,15.,20.));
#2744=CARTESIAN_POINT('Origin',(-15.,11.,25.));
#2745=CARTESIAN_POINT('Origin',(-35.,15.,20.));
#2746=CARTESIAN_POINT('',(-35.,15.,20.));
#2747=CARTESIAN_POINT('',(-26.875,15.,20.));
#2748=CARTESIAN_POINT('',(-35.,11.,20.));
#2749=CARTESIAN_POINT('',(-35.,15.,20.));
#2750=CARTESIAN_POINT('',(-35.,11.,20.));
#2751=CARTESIAN_POINT('Origin',(-35.,15.,25.));
#2752=CARTESIAN_POINT('Origin',(-35.,15.,25.));
#2753=CARTESIAN_POINT('Origin',(-35.,11.,25.));
#2754=CARTESIAN_POINT('Origin',(-25.,11.,27.5));
#2755=CARTESIAN_POINT('Origin',(-11.5,25.,-13.5));
#2756=CARTESIAN_POINT('',(-11.5,15.,-15.));
#2757=CARTESIAN_POINT('',(-11.5,25.,-15.));
#2758=CARTESIAN_POINT('',(-10.,15.,-13.5));
#2759=CARTESIAN_POINT('Origin',(-11.5,15.,-13.5));
#2760=CARTESIAN_POINT('',(-10.,25.,-13.5));
#2761=CARTESIAN_POINT('Origin',(-15.,25.,-15.));
#2762=CARTESIAN_POINT('',(-13.5,15.,-15.));
#2763=CARTESIAN_POINT('',(-13.5,25.,-15.));
#2764=CARTESIAN_POINT('',(-15.,15.,-15.));
#2765=CARTESIAN_POINT('Origin',(-13.5,25.,-13.5));
#2766=CARTESIAN_POINT('',(-15.,15.,-13.5));
#2767=CARTESIAN_POINT('',(-15.,25.,-13.5));
#2768=CARTESIAN_POINT('Origin',(-13.5,15.,-13.5));
#2769=CARTESIAN_POINT('Origin',(-15.,25.,10.));
#2770=CARTESIAN_POINT('',(-15.,15.,10.));
#2771=CARTESIAN_POINT('',(-15.,25.,10.));
#2772=CARTESIAN_POINT('',(-15.,15.,10.));
#2773=CARTESIAN_POINT('Origin',(-10.,25.,-15.));
#2774=CARTESIAN_POINT('',(-10.,15.,-15.));
#2775=CARTESIAN_POINT('Origin',(-50.,25.,10.));
#2776=CARTESIAN_POINT('',(-50.,15.,10.));
#2777=CARTESIAN_POINT('Origin',(-18.75,15.,10.));
#2778=UNCERTAINTY_MEASURE_WITH_UNIT(LENGTH_MEASURE(0.01),#2782,
'DISTANCE_ACCURACY_VALUE',
'Maximum model space distance between geometric entities at asserted c
onnectivities');
#2779=UNCERTAINTY_MEASURE_WITH_UNIT(LENGTH_MEASURE(0.01),#2782,
'DISTANCE_ACCURACY_VALUE',
'Maximum model space distance between geometric entities at asserted c
onnectivities');
#2780=(
GEOMETRIC_REPRESENTATION_CONTEXT(3)
GLOBAL_UNCERTAINTY_ASSIGNED_CONTEXT((#2778))
GLOBAL_UNIT_ASSIGNED_CONTEXT((#2782,#2784,#2785))
REPRESENTATION_CONTEXT('','3D')
);
#2781=(
GEOMETRIC_REPRESENTATION_CONTEXT(3)
GLOBAL_UNCERTAINTY_ASSIGNED_CONTEXT((#2779))
GLOBAL_UNIT_ASSIGNED_CONTEXT((#2782,#2784,#2785))
REPRESENTATION_CONTEXT('','3D')
);
#2782=(
LENGTH_UNIT()
NAMED_UNIT(*)
SI_UNIT(.MILLI.,.METRE.)
);
#2783=(
LENGTH_UNIT()
NAMED_UNIT(*)
SI_UNIT($,.METRE.)
);
#2784=(
NAMED_UNIT(*)
PLANE_ANGLE_UNIT()
SI_UNIT($,.RADIAN.)
);
#2785=(
NAMED_UNIT(*)
SI_UNIT($,.STERADIAN.)
SOLID_ANGLE_UNIT()
);
#2786=SHAPE_DEFINITION_REPRESENTATION(#2787,#2788);
#2787=PRODUCT_DEFINITION_SHAPE('',$,#2790);
#2788=SHAPE_REPRESENTATION('',(#1697),#2780);
#2789=PRODUCT_DEFINITION_CONTEXT('part definition',#2794,'design');
#2790=PRODUCT_DEFINITION('(Unsaved)','(Unsaved)',#2791,#2789);
#2791=PRODUCT_DEFINITION_FORMATION('',$,#2796);
#2792=PRODUCT_RELATED_PRODUCT_CATEGORY('(Unsaved)','(Unsaved)',(#2796));
#2793=APPLICATION_PROTOCOL_DEFINITION('international standard',
'automotive_design',2009,#2794);
#2794=APPLICATION_CONTEXT(
'Core Data for Automotive Mechanical Design Process');
#2795=PRODUCT_CONTEXT('part definition',#2794,'mechanical');
#2796=PRODUCT('(Unsaved)','(Unsaved)',$,(#2795));
#2797=PRESENTATION_STYLE_ASSIGNMENT((#2799));
#2798=PRESENTATION_STYLE_ASSIGNMENT((#2800));
#2799=SURFACE_STYLE_USAGE(.BOTH.,#2801);
#2800=SURFACE_STYLE_USAGE(.BOTH.,#2802);
#2801=SURFACE_SIDE_STYLE('',(#2803));
#2802=SURFACE_SIDE_STYLE('',(#2804));
#2803=SURFACE_STYLE_FILL_AREA(#2805);
#2804=SURFACE_STYLE_FILL_AREA(#2806);
#2805=FILL_AREA_STYLE('Steel - Satin',(#2807));
#2806=FILL_AREA_STYLE('Opaque(160,160,160)',(#2808));
#2807=FILL_AREA_STYLE_COLOUR('Steel - Satin',#2809);
#2808=FILL_AREA_STYLE_COLOUR('Opaque(160,160,160)',#2810);
#2809=COLOUR_RGB('Steel - Satin',0.627450980392157,0.627450980392157,0.627450980392157);
#2810=COLOUR_RGB('Opaque(160,160,160)',0.627450980392157,0.627450980392157,
0.627450980392157);
ENDSEC;
END-ISO-10303-21;
