ISO-10303-21;
HEADER;
/* Generated by software containing ST-Developer
 * from STEP Tools, Inc. (www.steptools.com) 
 */

FILE_DESCRIPTION(
/* description */ (''),
/* implementation_level */ '2;1');

FILE_NAME(
/* name */ 'ex-milling_02.step',
/* time_stamp */ '2024-10-31T15:21:20+03:00',
/* author */ (''),
/* organization */ (''),
/* preprocessor_version */ 'ST-DEVELOPER v20',
/* originating_system */ 'Autodesk Translation Framework v13.14.0.145',

/* authorisation */ '');

FILE_SCHEMA (('AUTOMOTIVE_DESIGN { 1 0 10303 214 3 1 1 }'));
ENDSEC;

DATA;
#10=MECHANICAL_DESIGN_GEOMETRIC_PRESENTATION_REPRESENTATION('',(#13),#1927);
#11=SHAPE_REPRESENTATION_RELATIONSHIP('SRR','None',#1934,#12);
#12=ADVANCED_BREP_SHAPE_REPRESENTATION('',(#14),#1926);
#13=STYLED_ITEM('',(#1943),#14);
#14=MANIFOLD_SOLID_BREP('Body1',#964);
#15=CONICAL_SURFACE('',#1048,4.025682769217,0.78539816339745);
#16=CONICAL_SURFACE('',#1054,4.025682769217,0.785398163397448);
#17=CONICAL_SURFACE('',#1057,9.,0.785398163397448);
#18=CONICAL_SURFACE('',#1060,9.,0.785398163397448);
#19=CONICAL_SURFACE('',#1063,9.,0.785398163397448);
#20=TOROIDAL_SURFACE('',#1040,12.5,2.5);
#21=TOROIDAL_SURFACE('',#1045,12.5,2.5);
#22=B_SPLINE_CURVE_WITH_KNOTS('',3,(#1496,#1497,#1498,#1499,#1500,#1501,
#1502,#1503,#1504,#1505),.UNSPECIFIED.,.F.,.F.,(4,1,1,1,1,1,1,4),(-1.5707963267949,
-1.12199737628207,-0.673198425769242,-0.224399475256414,0.224399475256413,
0.673198425769241,1.12199737628207,1.5707963267949),.UNSPECIFIED.);
#23=B_SPLINE_CURVE_WITH_KNOTS('',3,(#1508,#1509,#1510,#1511,#1512,#1513,
#1514,#1515,#1516,#1517),.UNSPECIFIED.,.F.,.F.,(4,1,1,1,1,1,1,4),(-1.5707963267949,
-1.12199737628207,-0.673198425769241,-0.224399475256413,0.224399475256414,
0.673198425769242,1.12199737628207,1.5707963267949),.UNSPECIFIED.);
#24=B_SPLINE_CURVE_WITH_KNOTS('',3,(#1534,#1535,#1536,#1537),
 .UNSPECIFIED.,.F.,.F.,(4,4),(-5.52374240951568,-5.50610971144483),
 .UNSPECIFIED.);
#25=B_SPLINE_CURVE_WITH_KNOTS('',3,(#1538,#1539,#1540,#1541),
 .UNSPECIFIED.,.F.,.F.,(4,4),(5.50610971144483,5.52374240951568),
 .UNSPECIFIED.);
#26=B_SPLINE_CURVE_WITH_KNOTS('',3,(#1567,#1568,#1569,#1570),
 .UNSPECIFIED.,.F.,.F.,(4,4),(0.00610971144483122,0.0237424095156777),
 .UNSPECIFIED.);
#27=B_SPLINE_CURVE_WITH_KNOTS('',3,(#1571,#1572,#1573,#1574),
 .UNSPECIFIED.,.F.,.F.,(4,4),(-0.0237424095156777,-0.00610971144483122),
 .UNSPECIFIED.);
#28=B_SPLINE_CURVE_WITH_KNOTS('',3,(#1619,#1620,#1621,#1622,#1623,#1624,
#1625,#1626,#1627,#1628),.UNSPECIFIED.,.F.,.F.,(4,1,1,1,1,1,1,4),(-1.55343319654648,
-1.10959514039034,-0.665757084234204,-0.221919028078068,0.221919028078068,
0.665757084234204,1.10959514039034,1.55343319654648),.UNSPECIFIED.);
#29=B_SPLINE_CURVE_WITH_KNOTS('',3,(#1631,#1632,#1633,#1634,#1635,#1636,
#1637,#1638,#1639,#1640),.UNSPECIFIED.,.F.,.F.,(4,1,1,1,1,1,1,4),(-1.55343319654648,
-1.10959514039034,-0.665757084234204,-0.221919028078068,0.221919028078068,
0.665757084234204,1.10959514039034,1.55343319654648),.UNSPECIFIED.);
#30=B_SPLINE_CURVE_WITH_KNOTS('',3,(#1657,#1658,#1659,#1660),
 .UNSPECIFIED.,.F.,.F.,(4,4),(1.55343319654648,1.5707963267949),
 .UNSPECIFIED.);
#31=B_SPLINE_CURVE_WITH_KNOTS('',3,(#1661,#1662,#1663,#1664),
 .UNSPECIFIED.,.F.,.F.,(4,4),(-1.5707963267949,-1.55343319654648),
 .UNSPECIFIED.);
#32=B_SPLINE_CURVE_WITH_KNOTS('',3,(#1681,#1682,#1683,#1684),
 .UNSPECIFIED.,.F.,.F.,(4,4),(-1.5707963267949,-1.55343319654648),
 .UNSPECIFIED.);
#33=B_SPLINE_CURVE_WITH_KNOTS('',3,(#1685,#1686,#1687,#1688),
 .UNSPECIFIED.,.F.,.F.,(4,4),(1.55343319654648,1.5707963267949),
 .UNSPECIFIED.);
#34=B_SPLINE_SURFACE_WITH_KNOTS('',3,3,((#1452,#1453,#1454,#1455,#1456,
#1457,#1458,#1459,#1460,#1461),(#1462,#1463,#1464,#1465,#1466,#1467,#1468,
#1469,#1470,#1471),(#1472,#1473,#1474,#1475,#1476,#1477,#1478,#1479,#1480,
#1481),(#1482,#1483,#1484,#1485,#1486,#1487,#1488,#1489,#1490,#1491)),
 .UNSPECIFIED.,.F.,.F.,.F.,(4,4),(4,1,1,1,1,1,1,4),(0.,1.),(-1.5707963267949,
-1.12199737628207,-0.673198425769241,-0.224399475256413,0.224399475256414,
0.673198425769242,1.12199737628207,1.5707963267949),.UNSPECIFIED.);
#35=B_SPLINE_SURFACE_WITH_KNOTS('',3,3,((#1518,#1519,#1520,#1521),(#1522,
#1523,#1524,#1525),(#1526,#1527,#1528,#1529),(#1530,#1531,#1532,#1533)),
 .UNSPECIFIED.,.F.,.F.,.F.,(4,4),(4,4),(0.,1.),(5.50610971144483,5.52374240951568),
 .UNSPECIFIED.);
#36=B_SPLINE_SURFACE_WITH_KNOTS('',3,3,((#1551,#1552,#1553,#1554),(#1555,
#1556,#1557,#1558),(#1559,#1560,#1561,#1562),(#1563,#1564,#1565,#1566)),
 .UNSPECIFIED.,.F.,.F.,.F.,(4,4),(4,4),(0.,1.),(-0.0237424095156777,-0.00610971144483122),
 .UNSPECIFIED.);
#37=B_SPLINE_SURFACE_WITH_KNOTS('',3,3,((#1575,#1576,#1577,#1578,#1579,
#1580,#1581,#1582,#1583,#1584),(#1585,#1586,#1587,#1588,#1589,#1590,#1591,
#1592,#1593,#1594),(#1595,#1596,#1597,#1598,#1599,#1600,#1601,#1602,#1603,
#1604),(#1605,#1606,#1607,#1608,#1609,#1610,#1611,#1612,#1613,#1614)),
 .UNSPECIFIED.,.F.,.F.,.F.,(4,4),(4,1,1,1,1,1,1,4),(0.,1.),(-1.55343319654648,
-1.10959514039034,-0.665757084234204,-0.221919028078068,0.221919028078068,
0.665757084234204,1.10959514039034,1.55343319654648),.UNSPECIFIED.);
#38=B_SPLINE_SURFACE_WITH_KNOTS('',3,3,((#1641,#1642,#1643,#1644),(#1645,
#1646,#1647,#1648),(#1649,#1650,#1651,#1652),(#1653,#1654,#1655,#1656)),
 .UNSPECIFIED.,.F.,.F.,.F.,(4,4),(4,4),(0.,1.),(-1.5707963267949,-1.55343319491398),
 .UNSPECIFIED.);
#39=B_SPLINE_SURFACE_WITH_KNOTS('',3,3,((#1665,#1666,#1667,#1668),(#1669,
#1670,#1671,#1672),(#1673,#1674,#1675,#1676),(#1677,#1678,#1679,#1680)),
 .UNSPECIFIED.,.F.,.F.,.F.,(4,4),(4,4),(0.,1.),(1.55343319491398,1.5707963267949),
 .UNSPECIFIED.);
#40=B_SPLINE_SURFACE_WITH_KNOTS('',3,3,((#1715,#1716,#1717,#1718,#1719,
#1720,#1721,#1722,#1723),(#1724,#1725,#1726,#1727,#1728,#1729,#1730,#1731,
#1732),(#1733,#1734,#1735,#1736,#1737,#1738,#1739,#1740,#1741),(#1742,#1743,
#1744,#1745,#1746,#1747,#1748,#1749,#1750),(#1751,#1752,#1753,#1754,#1755,
#1756,#1757,#1758,#1759),(#1760,#1761,#1762,#1763,#1764,#1765,#1766,#1767,
#1768)),.UNSPECIFIED.,.F.,.F.,.F.,(4,1,1,4),(4,1,1,1,1,1,4),(0.,0.285714285714286,
0.571428571428571,1.),(-1.5707963267949,-1.12199737628207,-0.673198425769242,
-0.224399475256414,0.673198425769241,1.12199737628207,1.5707963267949),
 .UNSPECIFIED.);
#41=B_SPLINE_SURFACE_WITH_KNOTS('',3,3,((#1778,#1779,#1780,#1781,#1782,
#1783,#1784,#1785,#1786),(#1787,#1788,#1789,#1790,#1791,#1792,#1793,#1794,
#1795),(#1796,#1797,#1798,#1799,#1800,#1801,#1802,#1803,#1804),(#1805,#1806,
#1807,#1808,#1809,#1810,#1811,#1812,#1813),(#1814,#1815,#1816,#1817,#1818,
#1819,#1820,#1821,#1822)),.UNSPECIFIED.,.F.,.F.,.F.,(4,1,4),(4,1,1,1,1,
1,4),(0.,0.571428571428571,1.),(-1.5707963267949,-1.12199737628207,-0.224399475256413,
0.224399475256414,0.673198425769242,1.12199737628207,1.5707963267949),
 .UNSPECIFIED.);
#42=FACE_BOUND('',#321,.T.);
#43=FACE_BOUND('',#334,.T.);
#44=FACE_BOUND('',#335,.T.);
#45=FACE_BOUND('',#356,.T.);
#46=FACE_BOUND('',#359,.T.);
#47=PLANE('',#997);
#48=PLANE('',#998);
#49=PLANE('',#999);
#50=PLANE('',#1000);
#51=PLANE('',#1002);
#52=PLANE('',#1003);
#53=PLANE('',#1009);
#54=PLANE('',#1010);
#55=PLANE('',#1011);
#56=PLANE('',#1012);
#57=PLANE('',#1015);
#58=PLANE('',#1021);
#59=PLANE('',#1030);
#60=PLANE('',#1033);
#61=PLANE('',#1036);
#62=PLANE('',#1047);
#63=PLANE('',#1053);
#64=PLANE('',#1056);
#65=PLANE('',#1059);
#66=PLANE('',#1062);
#67=PLANE('',#1067);
#68=PLANE('',#1072);
#69=PLANE('',#1075);
#70=LINE('',#1363,#147);
#71=LINE('',#1365,#148);
#72=LINE('',#1371,#149);
#73=LINE('',#1372,#150);
#74=LINE('',#1384,#151);
#75=LINE('',#1386,#152);
#76=LINE('',#1389,#153);
#77=LINE('',#1390,#154);
#78=LINE('',#1395,#155);
#79=LINE('',#1396,#156);
#80=LINE('',#1398,#157);
#81=LINE('',#1401,#158);
#82=LINE('',#1402,#159);
#83=LINE('',#1405,#160);
#84=LINE('',#1406,#161);
#85=LINE('',#1409,#162);
#86=LINE('',#1412,#163);
#87=LINE('',#1415,#164);
#88=LINE('',#1417,#165);
#89=LINE('',#1418,#166);
#90=LINE('',#1421,#167);
#91=LINE('',#1425,#168);
#92=LINE('',#1429,#169);
#93=LINE('',#1433,#170);
#94=LINE('',#1437,#171);
#95=LINE('',#1441,#172);
#96=LINE('',#1442,#173);
#97=LINE('',#1446,#174);
#98=LINE('',#1448,#175);
#99=LINE('',#1450,#176);
#100=LINE('',#1451,#177);
#101=LINE('',#1494,#178);
#102=LINE('',#1507,#179);
#103=LINE('',#1545,#180);
#104=LINE('',#1547,#181);
#105=LINE('',#1549,#182);
#106=LINE('',#1550,#183);
#107=LINE('',#1617,#184);
#108=LINE('',#1630,#185);
#109=LINE('',#1691,#186);
#110=LINE('',#1693,#187);
#111=LINE('',#1694,#188);
#112=LINE('',#1697,#189);
#113=LINE('',#1704,#190);
#114=LINE('',#1707,#191);
#115=LINE('',#1712,#192);
#116=LINE('',#1777,#193);
#117=LINE('',#1827,#194);
#118=LINE('',#1830,#195);
#119=LINE('',#1832,#196);
#120=LINE('',#1833,#197);
#121=LINE('',#1836,#198);
#122=LINE('',#1840,#199);
#123=LINE('',#1841,#200);
#124=LINE('',#1848,#201);
#125=LINE('',#1857,#202);
#126=LINE('',#1863,#203);
#127=LINE('',#1868,#204);
#128=LINE('',#1871,#205);
#129=LINE('',#1873,#206);
#130=LINE('',#1874,#207);
#131=LINE('',#1878,#208);
#132=LINE('',#1882,#209);
#133=LINE('',#1884,#210);
#134=LINE('',#1886,#211);
#135=LINE('',#1887,#212);
#136=LINE('',#1891,#213);
#137=LINE('',#1894,#214);
#138=LINE('',#1895,#215);
#139=LINE('',#1898,#216);
#140=LINE('',#1900,#217);
#141=LINE('',#1905,#218);
#142=LINE('',#1909,#219);
#143=LINE('',#1910,#220);
#144=LINE('',#1916,#221);
#145=LINE('',#1920,#222);
#146=LINE('',#1922,#223);
#147=VECTOR('',#1090,10.);
#148=VECTOR('',#1091,10.);
#149=VECTOR('',#1098,10.);
#150=VECTOR('',#1099,10.);
#151=VECTOR('',#1112,10.);
#152=VECTOR('',#1113,10.);
#153=VECTOR('',#1118,10.);
#154=VECTOR('',#1119,10.);
#155=VECTOR('',#1124,10.);
#156=VECTOR('',#1125,10.);
#157=VECTOR('',#1128,10.);
#158=VECTOR('',#1131,10.);
#159=VECTOR('',#1132,10.);
#160=VECTOR('',#1135,10.);
#161=VECTOR('',#1136,10.);
#162=VECTOR('',#1139,10.);
#163=VECTOR('',#1142,10.);
#164=VECTOR('',#1145,10.);
#165=VECTOR('',#1146,10.);
#166=VECTOR('',#1147,10.);
#167=VECTOR('',#1150,10.);
#168=VECTOR('',#1153,10.);
#169=VECTOR('',#1156,10.);
#170=VECTOR('',#1159,10.);
#171=VECTOR('',#1162,10.);
#172=VECTOR('',#1167,10.);
#173=VECTOR('',#1168,10.);
#174=VECTOR('',#1171,10.);
#175=VECTOR('',#1172,10.);
#176=VECTOR('',#1173,10.);
#177=VECTOR('',#1174,10.);
#178=VECTOR('',#1175,10.);
#179=VECTOR('',#1176,10.);
#180=VECTOR('',#1179,10.);
#181=VECTOR('',#1180,10.);
#182=VECTOR('',#1181,10.);
#183=VECTOR('',#1182,10.);
#184=VECTOR('',#1183,10.);
#185=VECTOR('',#1184,10.);
#186=VECTOR('',#1187,10.);
#187=VECTOR('',#1188,10.);
#188=VECTOR('',#1189,10.);
#189=VECTOR('',#1192,10.);
#190=VECTOR('',#1199,10.);
#191=VECTOR('',#1202,10.);
#192=VECTOR('',#1207,3.9630240067924);
#193=VECTOR('',#1222,10.);
#194=VECTOR('',#1229,10.);
#195=VECTOR('',#1232,10.);
#196=VECTOR('',#1233,10.);
#197=VECTOR('',#1234,10.);
#198=VECTOR('',#1237,10.);
#199=VECTOR('',#1242,10.);
#200=VECTOR('',#1243,10.);
#201=VECTOR('',#1254,10.);
#202=VECTOR('',#1271,10.);
#203=VECTOR('',#1278,4.025682769217);
#204=VECTOR('',#1285,3.525682769217);
#205=VECTOR('',#1288,10.);
#206=VECTOR('',#1289,10.);
#207=VECTOR('',#1290,10.);
#208=VECTOR('',#1295,4.025682769217);
#209=VECTOR('',#1298,10.);
#210=VECTOR('',#1299,10.);
#211=VECTOR('',#1300,10.);
#212=VECTOR('',#1301,10.);
#213=VECTOR('',#1306,10.);
#214=VECTOR('',#1309,10.);
#215=VECTOR('',#1310,10.);
#216=VECTOR('',#1315,10.);
#217=VECTOR('',#1318,10.);
#218=VECTOR('',#1325,10.);
#219=VECTOR('',#1330,10.);
#220=VECTOR('',#1331,10.);
#221=VECTOR('',#1340,10.);
#222=VECTOR('',#1345,10.);
#223=VECTOR('',#1348,10.);
#224=ELLIPSE('',#983,1.41421356237309,1.);
#225=ELLIPSE('',#993,1.41421356237309,1.);
#226=ELLIPSE('',#1016,6.09255967131447,6.);
#227=ELLIPSE('',#1017,6.09255967131447,6.);
#228=ELLIPSE('',#1023,5.11070282334313,5.);
#229=ELLIPSE('',#1028,5.11070282334313,5.);
#230=CYLINDRICAL_SURFACE('',#982,1.);
#231=CYLINDRICAL_SURFACE('',#985,1.);
#232=CYLINDRICAL_SURFACE('',#991,1.);
#233=CYLINDRICAL_SURFACE('',#994,1.);
#234=CYLINDRICAL_SURFACE('',#995,1.);
#235=CYLINDRICAL_SURFACE('',#1013,9.99999999999999);
#236=CYLINDRICAL_SURFACE('',#1019,3.9630240067924);
#237=CYLINDRICAL_SURFACE('',#1025,1.);
#238=CYLINDRICAL_SURFACE('',#1029,1.);
#239=CYLINDRICAL_SURFACE('',#1031,5.);
#240=CYLINDRICAL_SURFACE('',#1034,5.);
#241=CYLINDRICAL_SURFACE('',#1037,2.5);
#242=CYLINDRICAL_SURFACE('',#1043,2.5);
#243=CYLINDRICAL_SURFACE('',#1046,9.99999999999999);
#244=CYLINDRICAL_SURFACE('',#1051,3.525682769217);
#245=CYLINDRICAL_SURFACE('',#1065,10.);
#246=CYLINDRICAL_SURFACE('',#1068,10.);
#247=CYLINDRICAL_SURFACE('',#1070,10.);
#248=CYLINDRICAL_SURFACE('',#1074,10.);
#249=FACE_OUTER_BOUND('',#308,.T.);
#250=FACE_OUTER_BOUND('',#309,.T.);
#251=FACE_OUTER_BOUND('',#310,.T.);
#252=FACE_OUTER_BOUND('',#311,.T.);
#253=FACE_OUTER_BOUND('',#312,.T.);
#254=FACE_OUTER_BOUND('',#313,.T.);
#255=FACE_OUTER_BOUND('',#314,.T.);
#256=FACE_OUTER_BOUND('',#315,.T.);
#257=FACE_OUTER_BOUND('',#316,.T.);
#258=FACE_OUTER_BOUND('',#317,.T.);
#259=FACE_OUTER_BOUND('',#318,.T.);
#260=FACE_OUTER_BOUND('',#319,.T.);
#261=FACE_OUTER_BOUND('',#320,.T.);
#262=FACE_OUTER_BOUND('',#322,.T.);
#263=FACE_OUTER_BOUND('',#323,.T.);
#264=FACE_OUTER_BOUND('',#324,.T.);
#265=FACE_OUTER_BOUND('',#325,.T.);
#266=FACE_OUTER_BOUND('',#326,.T.);
#267=FACE_OUTER_BOUND('',#327,.T.);
#268=FACE_OUTER_BOUND('',#328,.T.);
#269=FACE_OUTER_BOUND('',#329,.T.);
#270=FACE_OUTER_BOUND('',#330,.T.);
#271=FACE_OUTER_BOUND('',#331,.T.);
#272=FACE_OUTER_BOUND('',#332,.T.);
#273=FACE_OUTER_BOUND('',#333,.T.);
#274=FACE_OUTER_BOUND('',#336,.T.);
#275=FACE_OUTER_BOUND('',#337,.T.);
#276=FACE_OUTER_BOUND('',#338,.T.);
#277=FACE_OUTER_BOUND('',#339,.T.);
#278=FACE_OUTER_BOUND('',#340,.T.);
#279=FACE_OUTER_BOUND('',#341,.T.);
#280=FACE_OUTER_BOUND('',#342,.T.);
#281=FACE_OUTER_BOUND('',#343,.T.);
#282=FACE_OUTER_BOUND('',#344,.T.);
#283=FACE_OUTER_BOUND('',#345,.T.);
#284=FACE_OUTER_BOUND('',#346,.T.);
#285=FACE_OUTER_BOUND('',#347,.T.);
#286=FACE_OUTER_BOUND('',#348,.T.);
#287=FACE_OUTER_BOUND('',#349,.T.);
#288=FACE_OUTER_BOUND('',#350,.T.);
#289=FACE_OUTER_BOUND('',#351,.T.);
#290=FACE_OUTER_BOUND('',#352,.T.);
#291=FACE_OUTER_BOUND('',#353,.T.);
#292=FACE_OUTER_BOUND('',#354,.T.);
#293=FACE_OUTER_BOUND('',#355,.T.);
#294=FACE_OUTER_BOUND('',#357,.T.);
#295=FACE_OUTER_BOUND('',#358,.T.);
#296=FACE_OUTER_BOUND('',#360,.T.);
#297=FACE_OUTER_BOUND('',#361,.T.);
#298=FACE_OUTER_BOUND('',#362,.T.);
#299=FACE_OUTER_BOUND('',#363,.T.);
#300=FACE_OUTER_BOUND('',#364,.T.);
#301=FACE_OUTER_BOUND('',#365,.T.);
#302=FACE_OUTER_BOUND('',#366,.T.);
#303=FACE_OUTER_BOUND('',#367,.T.);
#304=FACE_OUTER_BOUND('',#368,.T.);
#305=FACE_OUTER_BOUND('',#369,.T.);
#306=FACE_OUTER_BOUND('',#370,.T.);
#307=FACE_OUTER_BOUND('',#371,.T.);
#308=EDGE_LOOP('',(#631,#632,#633));
#309=EDGE_LOOP('',(#634,#635,#636,#637,#638));
#310=EDGE_LOOP('',(#639,#640,#641,#642));
#311=EDGE_LOOP('',(#643,#644,#645));
#312=EDGE_LOOP('',(#646,#647,#648,#649,#650));
#313=EDGE_LOOP('',(#651,#652,#653,#654));
#314=EDGE_LOOP('',(#655,#656,#657,#658));
#315=EDGE_LOOP('',(#659,#660,#661,#662));
#316=EDGE_LOOP('',(#663,#664,#665,#666));
#317=EDGE_LOOP('',(#667,#668,#669,#670));
#318=EDGE_LOOP('',(#671,#672,#673,#674,#675,#676));
#319=EDGE_LOOP('',(#677,#678,#679,#680,#681));
#320=EDGE_LOOP('',(#682,#683,#684,#685,#686,#687,#688,#689,#690,#691));
#321=EDGE_LOOP('',(#692,#693,#694,#695));
#322=EDGE_LOOP('',(#696,#697,#698,#699,#700));
#323=EDGE_LOOP('',(#701,#702,#703,#704));
#324=EDGE_LOOP('',(#705,#706,#707,#708));
#325=EDGE_LOOP('',(#709,#710,#711,#712));
#326=EDGE_LOOP('',(#713,#714,#715,#716));
#327=EDGE_LOOP('',(#717,#718,#719,#720));
#328=EDGE_LOOP('',(#721,#722,#723,#724));
#329=EDGE_LOOP('',(#725,#726,#727,#728));
#330=EDGE_LOOP('',(#729,#730,#731,#732));
#331=EDGE_LOOP('',(#733,#734,#735,#736,#737));
#332=EDGE_LOOP('',(#738,#739,#740,#741));
#333=EDGE_LOOP('',(#742,#743,#744,#745,#746,#747,#748,#749));
#334=EDGE_LOOP('',(#750,#751,#752,#753));
#335=EDGE_LOOP('',(#754));
#336=EDGE_LOOP('',(#755,#756,#757,#758));
#337=EDGE_LOOP('',(#759));
#338=EDGE_LOOP('',(#760,#761,#762,#763));
#339=EDGE_LOOP('',(#764,#765,#766,#767));
#340=EDGE_LOOP('',(#768,#769,#770,#771));
#341=EDGE_LOOP('',(#772,#773,#774,#775));
#342=EDGE_LOOP('',(#776,#777,#778,#779));
#343=EDGE_LOOP('',(#780,#781,#782,#783));
#344=EDGE_LOOP('',(#784,#785,#786,#787));
#345=EDGE_LOOP('',(#788,#789,#790,#791));
#346=EDGE_LOOP('',(#792,#793,#794,#795));
#347=EDGE_LOOP('',(#796,#797,#798,#799));
#348=EDGE_LOOP('',(#800,#801,#802,#803));
#349=EDGE_LOOP('',(#804,#805,#806,#807));
#350=EDGE_LOOP('',(#808,#809,#810,#811));
#351=EDGE_LOOP('',(#812,#813,#814,#815,#816,#817));
#352=EDGE_LOOP('',(#818,#819,#820,#821,#822));
#353=EDGE_LOOP('',(#823,#824,#825,#826));
#354=EDGE_LOOP('',(#827,#828,#829,#830));
#355=EDGE_LOOP('',(#831,#832,#833,#834,#835,#836,#837));
#356=EDGE_LOOP('',(#838));
#357=EDGE_LOOP('',(#839,#840,#841,#842));
#358=EDGE_LOOP('',(#843,#844,#845,#846));
#359=EDGE_LOOP('',(#847));
#360=EDGE_LOOP('',(#848,#849,#850,#851));
#361=EDGE_LOOP('',(#852,#853,#854,#855));
#362=EDGE_LOOP('',(#856,#857,#858,#859));
#363=EDGE_LOOP('',(#860,#861,#862,#863));
#364=EDGE_LOOP('',(#864,#865,#866,#867));
#365=EDGE_LOOP('',(#868,#869,#870,#871));
#366=EDGE_LOOP('',(#872,#873,#874,#875));
#367=EDGE_LOOP('',(#876,#877,#878,#879));
#368=EDGE_LOOP('',(#880,#881,#882,#883));
#369=EDGE_LOOP('',(#884,#885,#886,#887,#888,#889,#890,#891));
#370=EDGE_LOOP('',(#892,#893,#894,#895));
#371=EDGE_LOOP('',(#896,#897,#898,#899,#900,#901,#902));
#372=CIRCLE('',#979,1.);
#373=CIRCLE('',#980,1.);
#374=CIRCLE('',#981,1.);
#375=CIRCLE('',#984,1.);
#376=CIRCLE('',#986,1.);
#377=CIRCLE('',#988,1.00000000000001);
#378=CIRCLE('',#989,0.999999999999997);
#379=CIRCLE('',#990,1.);
#380=CIRCLE('',#992,1.);
#381=CIRCLE('',#996,1.);
#382=CIRCLE('',#1001,10.);
#383=CIRCLE('',#1004,8.);
#384=CIRCLE('',#1005,8.);
#385=CIRCLE('',#1006,8.);
#386=CIRCLE('',#1007,12.5);
#387=CIRCLE('',#1008,12.5);
#388=CIRCLE('',#1014,9.99999999999999);
#389=CIRCLE('',#1018,3.9630240067924);
#390=CIRCLE('',#1020,3.9630240067924);
#391=CIRCLE('',#1022,1.00000000000001);
#392=CIRCLE('',#1024,1.);
#393=CIRCLE('',#1026,1.);
#394=CIRCLE('',#1027,1.);
#395=CIRCLE('',#1032,5.);
#396=CIRCLE('',#1035,5.);
#397=CIRCLE('',#1038,2.5);
#398=CIRCLE('',#1039,2.5);
#399=CIRCLE('',#1041,2.5);
#400=CIRCLE('',#1042,9.99999999999999);
#401=CIRCLE('',#1044,2.5);
#402=CIRCLE('',#1049,4.525682769217);
#403=CIRCLE('',#1050,3.525682769217);
#404=CIRCLE('',#1052,3.525682769217);
#405=CIRCLE('',#1055,4.525682769217);
#406=CIRCLE('',#1058,10.);
#407=CIRCLE('',#1061,10.);
#408=CIRCLE('',#1064,10.);
#409=CIRCLE('',#1066,10.);
#410=CIRCLE('',#1069,10.);
#411=CIRCLE('',#1071,10.);
#412=CIRCLE('',#1073,10.);
#413=VERTEX_POINT('',#1353);
#414=VERTEX_POINT('',#1354);
#415=VERTEX_POINT('',#1356);
#416=VERTEX_POINT('',#1360);
#417=VERTEX_POINT('',#1361);
#418=VERTEX_POINT('',#1364);
#419=VERTEX_POINT('',#1368);
#420=VERTEX_POINT('',#1369);
#421=VERTEX_POINT('',#1374);
#422=VERTEX_POINT('',#1375);
#423=VERTEX_POINT('',#1377);
#424=VERTEX_POINT('',#1381);
#425=VERTEX_POINT('',#1382);
#426=VERTEX_POINT('',#1385);
#427=VERTEX_POINT('',#1392);
#428=VERTEX_POINT('',#1393);
#429=VERTEX_POINT('',#1400);
#430=VERTEX_POINT('',#1404);
#431=VERTEX_POINT('',#1408);
#432=VERTEX_POINT('',#1410);
#433=VERTEX_POINT('',#1414);
#434=VERTEX_POINT('',#1416);
#435=VERTEX_POINT('',#1420);
#436=VERTEX_POINT('',#1422);
#437=VERTEX_POINT('',#1424);
#438=VERTEX_POINT('',#1426);
#439=VERTEX_POINT('',#1428);
#440=VERTEX_POINT('',#1431);
#441=VERTEX_POINT('',#1432);
#442=VERTEX_POINT('',#1434);
#443=VERTEX_POINT('',#1436);
#444=VERTEX_POINT('',#1440);
#445=VERTEX_POINT('',#1444);
#446=VERTEX_POINT('',#1445);
#447=VERTEX_POINT('',#1447);
#448=VERTEX_POINT('',#1449);
#449=VERTEX_POINT('',#1492);
#450=VERTEX_POINT('',#1493);
#451=VERTEX_POINT('',#1495);
#452=VERTEX_POINT('',#1506);
#453=VERTEX_POINT('',#1543);
#454=VERTEX_POINT('',#1544);
#455=VERTEX_POINT('',#1546);
#456=VERTEX_POINT('',#1548);
#457=VERTEX_POINT('',#1615);
#458=VERTEX_POINT('',#1616);
#459=VERTEX_POINT('',#1618);
#460=VERTEX_POINT('',#1629);
#461=VERTEX_POINT('',#1690);
#462=VERTEX_POINT('',#1692);
#463=VERTEX_POINT('',#1696);
#464=VERTEX_POINT('',#1700);
#465=VERTEX_POINT('',#1701);
#466=VERTEX_POINT('',#1703);
#467=VERTEX_POINT('',#1705);
#468=VERTEX_POINT('',#1708);
#469=VERTEX_POINT('',#1711);
#470=VERTEX_POINT('',#1769);
#471=VERTEX_POINT('',#1771);
#472=VERTEX_POINT('',#1775);
#473=VERTEX_POINT('',#1823);
#474=VERTEX_POINT('',#1829);
#475=VERTEX_POINT('',#1831);
#476=VERTEX_POINT('',#1835);
#477=VERTEX_POINT('',#1839);
#478=VERTEX_POINT('',#1847);
#479=VERTEX_POINT('',#1860);
#480=VERTEX_POINT('',#1862);
#481=VERTEX_POINT('',#1866);
#482=VERTEX_POINT('',#1870);
#483=VERTEX_POINT('',#1872);
#484=VERTEX_POINT('',#1876);
#485=VERTEX_POINT('',#1880);
#486=VERTEX_POINT('',#1881);
#487=VERTEX_POINT('',#1883);
#488=VERTEX_POINT('',#1885);
#489=VERTEX_POINT('',#1889);
#490=VERTEX_POINT('',#1893);
#491=VERTEX_POINT('',#1904);
#492=VERTEX_POINT('',#1908);
#493=VERTEX_POINT('',#1914);
#494=VERTEX_POINT('',#1918);
#495=EDGE_CURVE('',#413,#414,#372,.F.);
#496=EDGE_CURVE('',#415,#413,#373,.F.);
#497=EDGE_CURVE('',#414,#415,#374,.F.);
#498=EDGE_CURVE('',#416,#417,#224,.F.);
#499=EDGE_CURVE('',#416,#415,#70,.T.);
#500=EDGE_CURVE('',#413,#418,#71,.T.);
#501=EDGE_CURVE('',#418,#417,#375,.T.);
#502=EDGE_CURVE('',#419,#420,#376,.T.);
#503=EDGE_CURVE('',#420,#414,#72,.T.);
#504=EDGE_CURVE('',#415,#419,#73,.T.);
#505=EDGE_CURVE('',#421,#422,#377,.F.);
#506=EDGE_CURVE('',#423,#421,#378,.F.);
#507=EDGE_CURVE('',#422,#423,#379,.F.);
#508=EDGE_CURVE('',#424,#425,#380,.F.);
#509=EDGE_CURVE('',#424,#423,#74,.T.);
#510=EDGE_CURVE('',#421,#426,#75,.T.);
#511=EDGE_CURVE('',#426,#425,#225,.T.);
#512=EDGE_CURVE('',#423,#413,#76,.T.);
#513=EDGE_CURVE('',#414,#422,#77,.T.);
#514=EDGE_CURVE('',#427,#428,#381,.T.);
#515=EDGE_CURVE('',#428,#421,#78,.T.);
#516=EDGE_CURVE('',#422,#427,#79,.T.);
#517=EDGE_CURVE('',#418,#424,#80,.T.);
#518=EDGE_CURVE('',#429,#428,#81,.T.);
#519=EDGE_CURVE('',#426,#429,#82,.T.);
#520=EDGE_CURVE('',#430,#416,#83,.T.);
#521=EDGE_CURVE('',#419,#430,#84,.T.);
#522=EDGE_CURVE('',#431,#420,#85,.T.);
#523=EDGE_CURVE('',#432,#431,#382,.T.);
#524=EDGE_CURVE('',#427,#432,#86,.T.);
#525=EDGE_CURVE('',#417,#433,#87,.T.);
#526=EDGE_CURVE('',#434,#433,#88,.T.);
#527=EDGE_CURVE('',#434,#430,#89,.T.);
#528=EDGE_CURVE('',#425,#435,#90,.T.);
#529=EDGE_CURVE('',#436,#435,#383,.T.);
#530=EDGE_CURVE('',#437,#436,#91,.T.);
#531=EDGE_CURVE('',#438,#437,#384,.T.);
#532=EDGE_CURVE('',#439,#438,#92,.T.);
#533=EDGE_CURVE('',#433,#439,#385,.T.);
#534=EDGE_CURVE('',#440,#441,#93,.T.);
#535=EDGE_CURVE('',#442,#440,#386,.T.);
#536=EDGE_CURVE('',#443,#442,#94,.T.);
#537=EDGE_CURVE('',#441,#443,#387,.T.);
#538=EDGE_CURVE('',#429,#444,#95,.T.);
#539=EDGE_CURVE('',#444,#435,#96,.T.);
#540=EDGE_CURVE('',#445,#446,#97,.T.);
#541=EDGE_CURVE('',#446,#447,#98,.T.);
#542=EDGE_CURVE('',#447,#448,#99,.T.);
#543=EDGE_CURVE('',#448,#445,#100,.T.);
#544=EDGE_CURVE('',#449,#450,#101,.T.);
#545=EDGE_CURVE('',#450,#451,#22,.T.);
#546=EDGE_CURVE('',#451,#452,#102,.T.);
#547=EDGE_CURVE('',#452,#449,#23,.T.);
#548=EDGE_CURVE('',#451,#446,#24,.T.);
#549=EDGE_CURVE('',#445,#452,#25,.T.);
#550=EDGE_CURVE('',#453,#454,#103,.T.);
#551=EDGE_CURVE('',#454,#455,#104,.T.);
#552=EDGE_CURVE('',#455,#456,#105,.T.);
#553=EDGE_CURVE('',#456,#453,#106,.T.);
#554=EDGE_CURVE('',#453,#450,#26,.T.);
#555=EDGE_CURVE('',#449,#454,#27,.T.);
#556=EDGE_CURVE('',#457,#458,#107,.T.);
#557=EDGE_CURVE('',#458,#459,#28,.T.);
#558=EDGE_CURVE('',#459,#460,#108,.T.);
#559=EDGE_CURVE('',#460,#457,#29,.T.);
#560=EDGE_CURVE('',#457,#456,#30,.T.);
#561=EDGE_CURVE('',#455,#458,#31,.T.);
#562=EDGE_CURVE('',#447,#460,#32,.T.);
#563=EDGE_CURVE('',#459,#448,#33,.T.);
#564=EDGE_CURVE('',#461,#459,#109,.T.);
#565=EDGE_CURVE('',#462,#461,#110,.T.);
#566=EDGE_CURVE('',#462,#445,#111,.T.);
#567=EDGE_CURVE('',#463,#458,#112,.T.);
#568=EDGE_CURVE('',#461,#463,#388,.T.);
#569=EDGE_CURVE('',#464,#465,#226,.T.);
#570=EDGE_CURVE('',#466,#464,#113,.T.);
#571=EDGE_CURVE('',#467,#466,#227,.T.);
#572=EDGE_CURVE('',#465,#467,#114,.T.);
#573=EDGE_CURVE('',#468,#468,#389,.T.);
#574=EDGE_CURVE('',#468,#469,#115,.T.);
#575=EDGE_CURVE('',#469,#469,#390,.T.);
#576=EDGE_CURVE('',#465,#470,#391,.T.);
#577=EDGE_CURVE('',#470,#471,#228,.T.);
#578=EDGE_CURVE('',#471,#464,#392,.T.);
#579=EDGE_CURVE('',#472,#466,#393,.T.);
#580=EDGE_CURVE('',#471,#472,#116,.T.);
#581=EDGE_CURVE('',#473,#467,#394,.T.);
#582=EDGE_CURVE('',#472,#473,#229,.T.);
#583=EDGE_CURVE('',#473,#470,#117,.T.);
#584=EDGE_CURVE('',#471,#474,#118,.T.);
#585=EDGE_CURVE('',#474,#475,#119,.T.);
#586=EDGE_CURVE('',#472,#475,#120,.T.);
#587=EDGE_CURVE('',#470,#476,#121,.T.);
#588=EDGE_CURVE('',#476,#474,#395,.T.);
#589=EDGE_CURVE('',#473,#477,#122,.T.);
#590=EDGE_CURVE('',#477,#476,#123,.T.);
#591=EDGE_CURVE('',#475,#477,#396,.T.);
#592=EDGE_CURVE('',#441,#463,#397,.T.);
#593=EDGE_CURVE('',#463,#478,#124,.T.);
#594=EDGE_CURVE('',#478,#440,#398,.T.);
#595=EDGE_CURVE('',#462,#442,#399,.T.);
#596=EDGE_CURVE('',#478,#462,#400,.T.);
#597=EDGE_CURVE('',#461,#443,#401,.T.);
#598=EDGE_CURVE('',#478,#454,#125,.T.);
#599=EDGE_CURVE('',#479,#479,#402,.T.);
#600=EDGE_CURVE('',#479,#480,#126,.T.);
#601=EDGE_CURVE('',#480,#480,#403,.T.);
#602=EDGE_CURVE('',#481,#481,#404,.T.);
#603=EDGE_CURVE('',#481,#480,#127,.T.);
#604=EDGE_CURVE('',#482,#432,#128,.T.);
#605=EDGE_CURVE('',#483,#482,#129,.T.);
#606=EDGE_CURVE('',#444,#483,#130,.T.);
#607=EDGE_CURVE('',#484,#484,#405,.T.);
#608=EDGE_CURVE('',#484,#481,#131,.T.);
#609=EDGE_CURVE('',#485,#486,#132,.T.);
#610=EDGE_CURVE('',#487,#485,#133,.T.);
#611=EDGE_CURVE('',#488,#487,#134,.T.);
#612=EDGE_CURVE('',#486,#488,#135,.T.);
#613=EDGE_CURVE('',#444,#489,#406,.T.);
#614=EDGE_CURVE('',#489,#436,#136,.T.);
#615=EDGE_CURVE('',#490,#437,#137,.T.);
#616=EDGE_CURVE('',#489,#490,#138,.T.);
#617=EDGE_CURVE('',#490,#485,#407,.T.);
#618=EDGE_CURVE('',#485,#438,#139,.T.);
#619=EDGE_CURVE('',#486,#439,#140,.T.);
#620=EDGE_CURVE('',#486,#434,#408,.T.);
#621=EDGE_CURVE('',#490,#491,#141,.T.);
#622=EDGE_CURVE('',#491,#487,#409,.T.);
#623=EDGE_CURVE('',#492,#489,#142,.T.);
#624=EDGE_CURVE('',#491,#492,#143,.T.);
#625=EDGE_CURVE('',#483,#492,#410,.T.);
#626=EDGE_CURVE('',#488,#493,#411,.T.);
#627=EDGE_CURVE('',#493,#434,#144,.T.);
#628=EDGE_CURVE('',#494,#482,#412,.T.);
#629=EDGE_CURVE('',#494,#493,#145,.T.);
#630=EDGE_CURVE('',#431,#494,#146,.T.);
#631=ORIENTED_EDGE('',*,*,#495,.F.);
#632=ORIENTED_EDGE('',*,*,#496,.F.);
#633=ORIENTED_EDGE('',*,*,#497,.F.);
#634=ORIENTED_EDGE('',*,*,#498,.F.);
#635=ORIENTED_EDGE('',*,*,#499,.T.);
#636=ORIENTED_EDGE('',*,*,#496,.T.);
#637=ORIENTED_EDGE('',*,*,#500,.T.);
#638=ORIENTED_EDGE('',*,*,#501,.T.);
#639=ORIENTED_EDGE('',*,*,#502,.T.);
#640=ORIENTED_EDGE('',*,*,#503,.T.);
#641=ORIENTED_EDGE('',*,*,#497,.T.);
#642=ORIENTED_EDGE('',*,*,#504,.T.);
#643=ORIENTED_EDGE('',*,*,#505,.F.);
#644=ORIENTED_EDGE('',*,*,#506,.F.);
#645=ORIENTED_EDGE('',*,*,#507,.F.);
#646=ORIENTED_EDGE('',*,*,#508,.F.);
#647=ORIENTED_EDGE('',*,*,#509,.T.);
#648=ORIENTED_EDGE('',*,*,#506,.T.);
#649=ORIENTED_EDGE('',*,*,#510,.T.);
#650=ORIENTED_EDGE('',*,*,#511,.T.);
#651=ORIENTED_EDGE('',*,*,#507,.T.);
#652=ORIENTED_EDGE('',*,*,#512,.T.);
#653=ORIENTED_EDGE('',*,*,#495,.T.);
#654=ORIENTED_EDGE('',*,*,#513,.T.);
#655=ORIENTED_EDGE('',*,*,#514,.T.);
#656=ORIENTED_EDGE('',*,*,#515,.T.);
#657=ORIENTED_EDGE('',*,*,#505,.T.);
#658=ORIENTED_EDGE('',*,*,#516,.T.);
#659=ORIENTED_EDGE('',*,*,#500,.F.);
#660=ORIENTED_EDGE('',*,*,#512,.F.);
#661=ORIENTED_EDGE('',*,*,#509,.F.);
#662=ORIENTED_EDGE('',*,*,#517,.F.);
#663=ORIENTED_EDGE('',*,*,#510,.F.);
#664=ORIENTED_EDGE('',*,*,#515,.F.);
#665=ORIENTED_EDGE('',*,*,#518,.F.);
#666=ORIENTED_EDGE('',*,*,#519,.F.);
#667=ORIENTED_EDGE('',*,*,#499,.F.);
#668=ORIENTED_EDGE('',*,*,#520,.F.);
#669=ORIENTED_EDGE('',*,*,#521,.F.);
#670=ORIENTED_EDGE('',*,*,#504,.F.);
#671=ORIENTED_EDGE('',*,*,#503,.F.);
#672=ORIENTED_EDGE('',*,*,#522,.F.);
#673=ORIENTED_EDGE('',*,*,#523,.F.);
#674=ORIENTED_EDGE('',*,*,#524,.F.);
#675=ORIENTED_EDGE('',*,*,#516,.F.);
#676=ORIENTED_EDGE('',*,*,#513,.F.);
#677=ORIENTED_EDGE('',*,*,#520,.T.);
#678=ORIENTED_EDGE('',*,*,#498,.T.);
#679=ORIENTED_EDGE('',*,*,#525,.T.);
#680=ORIENTED_EDGE('',*,*,#526,.F.);
#681=ORIENTED_EDGE('',*,*,#527,.T.);
#682=ORIENTED_EDGE('',*,*,#517,.T.);
#683=ORIENTED_EDGE('',*,*,#508,.T.);
#684=ORIENTED_EDGE('',*,*,#528,.T.);
#685=ORIENTED_EDGE('',*,*,#529,.F.);
#686=ORIENTED_EDGE('',*,*,#530,.F.);
#687=ORIENTED_EDGE('',*,*,#531,.F.);
#688=ORIENTED_EDGE('',*,*,#532,.F.);
#689=ORIENTED_EDGE('',*,*,#533,.F.);
#690=ORIENTED_EDGE('',*,*,#525,.F.);
#691=ORIENTED_EDGE('',*,*,#501,.F.);
#692=ORIENTED_EDGE('',*,*,#534,.F.);
#693=ORIENTED_EDGE('',*,*,#535,.F.);
#694=ORIENTED_EDGE('',*,*,#536,.F.);
#695=ORIENTED_EDGE('',*,*,#537,.F.);
#696=ORIENTED_EDGE('',*,*,#519,.T.);
#697=ORIENTED_EDGE('',*,*,#538,.T.);
#698=ORIENTED_EDGE('',*,*,#539,.T.);
#699=ORIENTED_EDGE('',*,*,#528,.F.);
#700=ORIENTED_EDGE('',*,*,#511,.F.);
#701=ORIENTED_EDGE('',*,*,#540,.T.);
#702=ORIENTED_EDGE('',*,*,#541,.T.);
#703=ORIENTED_EDGE('',*,*,#542,.T.);
#704=ORIENTED_EDGE('',*,*,#543,.T.);
#705=ORIENTED_EDGE('',*,*,#544,.T.);
#706=ORIENTED_EDGE('',*,*,#545,.T.);
#707=ORIENTED_EDGE('',*,*,#546,.T.);
#708=ORIENTED_EDGE('',*,*,#547,.T.);
#709=ORIENTED_EDGE('',*,*,#546,.F.);
#710=ORIENTED_EDGE('',*,*,#548,.T.);
#711=ORIENTED_EDGE('',*,*,#540,.F.);
#712=ORIENTED_EDGE('',*,*,#549,.T.);
#713=ORIENTED_EDGE('',*,*,#550,.T.);
#714=ORIENTED_EDGE('',*,*,#551,.T.);
#715=ORIENTED_EDGE('',*,*,#552,.T.);
#716=ORIENTED_EDGE('',*,*,#553,.T.);
#717=ORIENTED_EDGE('',*,*,#550,.F.);
#718=ORIENTED_EDGE('',*,*,#554,.T.);
#719=ORIENTED_EDGE('',*,*,#544,.F.);
#720=ORIENTED_EDGE('',*,*,#555,.T.);
#721=ORIENTED_EDGE('',*,*,#556,.T.);
#722=ORIENTED_EDGE('',*,*,#557,.T.);
#723=ORIENTED_EDGE('',*,*,#558,.T.);
#724=ORIENTED_EDGE('',*,*,#559,.T.);
#725=ORIENTED_EDGE('',*,*,#556,.F.);
#726=ORIENTED_EDGE('',*,*,#560,.T.);
#727=ORIENTED_EDGE('',*,*,#552,.F.);
#728=ORIENTED_EDGE('',*,*,#561,.T.);
#729=ORIENTED_EDGE('',*,*,#542,.F.);
#730=ORIENTED_EDGE('',*,*,#562,.T.);
#731=ORIENTED_EDGE('',*,*,#558,.F.);
#732=ORIENTED_EDGE('',*,*,#563,.T.);
#733=ORIENTED_EDGE('',*,*,#543,.F.);
#734=ORIENTED_EDGE('',*,*,#563,.F.);
#735=ORIENTED_EDGE('',*,*,#564,.F.);
#736=ORIENTED_EDGE('',*,*,#565,.F.);
#737=ORIENTED_EDGE('',*,*,#566,.T.);
#738=ORIENTED_EDGE('',*,*,#557,.F.);
#739=ORIENTED_EDGE('',*,*,#567,.F.);
#740=ORIENTED_EDGE('',*,*,#568,.F.);
#741=ORIENTED_EDGE('',*,*,#564,.T.);
#742=ORIENTED_EDGE('',*,*,#559,.F.);
#743=ORIENTED_EDGE('',*,*,#562,.F.);
#744=ORIENTED_EDGE('',*,*,#541,.F.);
#745=ORIENTED_EDGE('',*,*,#548,.F.);
#746=ORIENTED_EDGE('',*,*,#545,.F.);
#747=ORIENTED_EDGE('',*,*,#554,.F.);
#748=ORIENTED_EDGE('',*,*,#553,.F.);
#749=ORIENTED_EDGE('',*,*,#560,.F.);
#750=ORIENTED_EDGE('',*,*,#569,.F.);
#751=ORIENTED_EDGE('',*,*,#570,.F.);
#752=ORIENTED_EDGE('',*,*,#571,.F.);
#753=ORIENTED_EDGE('',*,*,#572,.F.);
#754=ORIENTED_EDGE('',*,*,#573,.T.);
#755=ORIENTED_EDGE('',*,*,#573,.F.);
#756=ORIENTED_EDGE('',*,*,#574,.T.);
#757=ORIENTED_EDGE('',*,*,#575,.T.);
#758=ORIENTED_EDGE('',*,*,#574,.F.);
#759=ORIENTED_EDGE('',*,*,#575,.F.);
#760=ORIENTED_EDGE('',*,*,#576,.T.);
#761=ORIENTED_EDGE('',*,*,#577,.T.);
#762=ORIENTED_EDGE('',*,*,#578,.T.);
#763=ORIENTED_EDGE('',*,*,#569,.T.);
#764=ORIENTED_EDGE('',*,*,#579,.T.);
#765=ORIENTED_EDGE('',*,*,#570,.T.);
#766=ORIENTED_EDGE('',*,*,#578,.F.);
#767=ORIENTED_EDGE('',*,*,#580,.T.);
#768=ORIENTED_EDGE('',*,*,#581,.T.);
#769=ORIENTED_EDGE('',*,*,#571,.T.);
#770=ORIENTED_EDGE('',*,*,#579,.F.);
#771=ORIENTED_EDGE('',*,*,#582,.T.);
#772=ORIENTED_EDGE('',*,*,#576,.F.);
#773=ORIENTED_EDGE('',*,*,#572,.T.);
#774=ORIENTED_EDGE('',*,*,#581,.F.);
#775=ORIENTED_EDGE('',*,*,#583,.T.);
#776=ORIENTED_EDGE('',*,*,#580,.F.);
#777=ORIENTED_EDGE('',*,*,#584,.T.);
#778=ORIENTED_EDGE('',*,*,#585,.T.);
#779=ORIENTED_EDGE('',*,*,#586,.F.);
#780=ORIENTED_EDGE('',*,*,#577,.F.);
#781=ORIENTED_EDGE('',*,*,#587,.T.);
#782=ORIENTED_EDGE('',*,*,#588,.T.);
#783=ORIENTED_EDGE('',*,*,#584,.F.);
#784=ORIENTED_EDGE('',*,*,#583,.F.);
#785=ORIENTED_EDGE('',*,*,#589,.T.);
#786=ORIENTED_EDGE('',*,*,#590,.T.);
#787=ORIENTED_EDGE('',*,*,#587,.F.);
#788=ORIENTED_EDGE('',*,*,#582,.F.);
#789=ORIENTED_EDGE('',*,*,#586,.T.);
#790=ORIENTED_EDGE('',*,*,#591,.T.);
#791=ORIENTED_EDGE('',*,*,#589,.F.);
#792=ORIENTED_EDGE('',*,*,#591,.F.);
#793=ORIENTED_EDGE('',*,*,#585,.F.);
#794=ORIENTED_EDGE('',*,*,#588,.F.);
#795=ORIENTED_EDGE('',*,*,#590,.F.);
#796=ORIENTED_EDGE('',*,*,#592,.T.);
#797=ORIENTED_EDGE('',*,*,#593,.T.);
#798=ORIENTED_EDGE('',*,*,#594,.T.);
#799=ORIENTED_EDGE('',*,*,#534,.T.);
#800=ORIENTED_EDGE('',*,*,#595,.T.);
#801=ORIENTED_EDGE('',*,*,#535,.T.);
#802=ORIENTED_EDGE('',*,*,#594,.F.);
#803=ORIENTED_EDGE('',*,*,#596,.T.);
#804=ORIENTED_EDGE('',*,*,#597,.T.);
#805=ORIENTED_EDGE('',*,*,#536,.T.);
#806=ORIENTED_EDGE('',*,*,#595,.F.);
#807=ORIENTED_EDGE('',*,*,#565,.T.);
#808=ORIENTED_EDGE('',*,*,#592,.F.);
#809=ORIENTED_EDGE('',*,*,#537,.T.);
#810=ORIENTED_EDGE('',*,*,#597,.F.);
#811=ORIENTED_EDGE('',*,*,#568,.T.);
#812=ORIENTED_EDGE('',*,*,#549,.F.);
#813=ORIENTED_EDGE('',*,*,#566,.F.);
#814=ORIENTED_EDGE('',*,*,#596,.F.);
#815=ORIENTED_EDGE('',*,*,#598,.T.);
#816=ORIENTED_EDGE('',*,*,#555,.F.);
#817=ORIENTED_EDGE('',*,*,#547,.F.);
#818=ORIENTED_EDGE('',*,*,#551,.F.);
#819=ORIENTED_EDGE('',*,*,#598,.F.);
#820=ORIENTED_EDGE('',*,*,#593,.F.);
#821=ORIENTED_EDGE('',*,*,#567,.T.);
#822=ORIENTED_EDGE('',*,*,#561,.F.);
#823=ORIENTED_EDGE('',*,*,#599,.T.);
#824=ORIENTED_EDGE('',*,*,#600,.T.);
#825=ORIENTED_EDGE('',*,*,#601,.T.);
#826=ORIENTED_EDGE('',*,*,#600,.F.);
#827=ORIENTED_EDGE('',*,*,#602,.F.);
#828=ORIENTED_EDGE('',*,*,#603,.T.);
#829=ORIENTED_EDGE('',*,*,#601,.F.);
#830=ORIENTED_EDGE('',*,*,#603,.F.);
#831=ORIENTED_EDGE('',*,*,#524,.T.);
#832=ORIENTED_EDGE('',*,*,#604,.F.);
#833=ORIENTED_EDGE('',*,*,#605,.F.);
#834=ORIENTED_EDGE('',*,*,#606,.F.);
#835=ORIENTED_EDGE('',*,*,#538,.F.);
#836=ORIENTED_EDGE('',*,*,#518,.T.);
#837=ORIENTED_EDGE('',*,*,#514,.F.);
#838=ORIENTED_EDGE('',*,*,#599,.F.);
#839=ORIENTED_EDGE('',*,*,#607,.T.);
#840=ORIENTED_EDGE('',*,*,#608,.T.);
#841=ORIENTED_EDGE('',*,*,#602,.T.);
#842=ORIENTED_EDGE('',*,*,#608,.F.);
#843=ORIENTED_EDGE('',*,*,#609,.F.);
#844=ORIENTED_EDGE('',*,*,#610,.F.);
#845=ORIENTED_EDGE('',*,*,#611,.F.);
#846=ORIENTED_EDGE('',*,*,#612,.F.);
#847=ORIENTED_EDGE('',*,*,#607,.F.);
#848=ORIENTED_EDGE('',*,*,#539,.F.);
#849=ORIENTED_EDGE('',*,*,#613,.T.);
#850=ORIENTED_EDGE('',*,*,#614,.T.);
#851=ORIENTED_EDGE('',*,*,#529,.T.);
#852=ORIENTED_EDGE('',*,*,#615,.T.);
#853=ORIENTED_EDGE('',*,*,#530,.T.);
#854=ORIENTED_EDGE('',*,*,#614,.F.);
#855=ORIENTED_EDGE('',*,*,#616,.T.);
#856=ORIENTED_EDGE('',*,*,#615,.F.);
#857=ORIENTED_EDGE('',*,*,#617,.T.);
#858=ORIENTED_EDGE('',*,*,#618,.T.);
#859=ORIENTED_EDGE('',*,*,#531,.T.);
#860=ORIENTED_EDGE('',*,*,#619,.T.);
#861=ORIENTED_EDGE('',*,*,#532,.T.);
#862=ORIENTED_EDGE('',*,*,#618,.F.);
#863=ORIENTED_EDGE('',*,*,#609,.T.);
#864=ORIENTED_EDGE('',*,*,#619,.F.);
#865=ORIENTED_EDGE('',*,*,#620,.T.);
#866=ORIENTED_EDGE('',*,*,#526,.T.);
#867=ORIENTED_EDGE('',*,*,#533,.T.);
#868=ORIENTED_EDGE('',*,*,#617,.F.);
#869=ORIENTED_EDGE('',*,*,#621,.T.);
#870=ORIENTED_EDGE('',*,*,#622,.T.);
#871=ORIENTED_EDGE('',*,*,#610,.T.);
#872=ORIENTED_EDGE('',*,*,#616,.F.);
#873=ORIENTED_EDGE('',*,*,#623,.F.);
#874=ORIENTED_EDGE('',*,*,#624,.F.);
#875=ORIENTED_EDGE('',*,*,#621,.F.);
#876=ORIENTED_EDGE('',*,*,#613,.F.);
#877=ORIENTED_EDGE('',*,*,#606,.T.);
#878=ORIENTED_EDGE('',*,*,#625,.T.);
#879=ORIENTED_EDGE('',*,*,#623,.T.);
#880=ORIENTED_EDGE('',*,*,#620,.F.);
#881=ORIENTED_EDGE('',*,*,#612,.T.);
#882=ORIENTED_EDGE('',*,*,#626,.T.);
#883=ORIENTED_EDGE('',*,*,#627,.T.);
#884=ORIENTED_EDGE('',*,*,#626,.F.);
#885=ORIENTED_EDGE('',*,*,#611,.T.);
#886=ORIENTED_EDGE('',*,*,#622,.F.);
#887=ORIENTED_EDGE('',*,*,#624,.T.);
#888=ORIENTED_EDGE('',*,*,#625,.F.);
#889=ORIENTED_EDGE('',*,*,#605,.T.);
#890=ORIENTED_EDGE('',*,*,#628,.F.);
#891=ORIENTED_EDGE('',*,*,#629,.T.);
#892=ORIENTED_EDGE('',*,*,#523,.T.);
#893=ORIENTED_EDGE('',*,*,#630,.T.);
#894=ORIENTED_EDGE('',*,*,#628,.T.);
#895=ORIENTED_EDGE('',*,*,#604,.T.);
#896=ORIENTED_EDGE('',*,*,#521,.T.);
#897=ORIENTED_EDGE('',*,*,#527,.F.);
#898=ORIENTED_EDGE('',*,*,#627,.F.);
#899=ORIENTED_EDGE('',*,*,#629,.F.);
#900=ORIENTED_EDGE('',*,*,#630,.F.);
#901=ORIENTED_EDGE('',*,*,#522,.T.);
#902=ORIENTED_EDGE('',*,*,#502,.F.);
#903=SPHERICAL_SURFACE('',#978,1.);
#904=SPHERICAL_SURFACE('',#987,0.999999999999997);
#905=ADVANCED_FACE('',(#249),#903,.F.);
#906=ADVANCED_FACE('',(#250),#230,.F.);
#907=ADVANCED_FACE('',(#251),#231,.F.);
#908=ADVANCED_FACE('',(#252),#904,.F.);
#909=ADVANCED_FACE('',(#253),#232,.F.);
#910=ADVANCED_FACE('',(#254),#233,.F.);
#911=ADVANCED_FACE('',(#255),#234,.F.);
#912=ADVANCED_FACE('',(#256),#47,.F.);
#913=ADVANCED_FACE('',(#257),#48,.F.);
#914=ADVANCED_FACE('',(#258),#49,.F.);
#915=ADVANCED_FACE('',(#259),#50,.F.);
#916=ADVANCED_FACE('',(#260),#51,.T.);
#917=ADVANCED_FACE('',(#261,#42),#52,.T.);
#918=ADVANCED_FACE('',(#262),#53,.T.);
#919=ADVANCED_FACE('',(#263),#54,.T.);
#920=ADVANCED_FACE('',(#264),#34,.T.);
#921=ADVANCED_FACE('',(#265),#35,.T.);
#922=ADVANCED_FACE('',(#266),#55,.T.);
#923=ADVANCED_FACE('',(#267),#36,.T.);
#924=ADVANCED_FACE('',(#268),#37,.T.);
#925=ADVANCED_FACE('',(#269),#38,.T.);
#926=ADVANCED_FACE('',(#270),#39,.T.);
#927=ADVANCED_FACE('',(#271),#56,.T.);
#928=ADVANCED_FACE('',(#272),#235,.T.);
#929=ADVANCED_FACE('',(#273,#43,#44),#57,.T.);
#930=ADVANCED_FACE('',(#274),#236,.F.);
#931=ADVANCED_FACE('',(#275),#58,.T.);
#932=ADVANCED_FACE('',(#276),#40,.F.);
#933=ADVANCED_FACE('',(#277),#237,.T.);
#934=ADVANCED_FACE('',(#278),#41,.F.);
#935=ADVANCED_FACE('',(#279),#238,.T.);
#936=ADVANCED_FACE('',(#280),#59,.F.);
#937=ADVANCED_FACE('',(#281),#239,.F.);
#938=ADVANCED_FACE('',(#282),#60,.F.);
#939=ADVANCED_FACE('',(#283),#240,.F.);
#940=ADVANCED_FACE('',(#284),#61,.T.);
#941=ADVANCED_FACE('',(#285),#241,.F.);
#942=ADVANCED_FACE('',(#286),#20,.F.);
#943=ADVANCED_FACE('',(#287),#242,.F.);
#944=ADVANCED_FACE('',(#288),#21,.F.);
#945=ADVANCED_FACE('',(#289),#243,.T.);
#946=ADVANCED_FACE('',(#290),#62,.T.);
#947=ADVANCED_FACE('',(#291),#15,.F.);
#948=ADVANCED_FACE('',(#292),#244,.F.);
#949=ADVANCED_FACE('',(#293,#45),#63,.T.);
#950=ADVANCED_FACE('',(#294),#16,.F.);
#951=ADVANCED_FACE('',(#295,#46),#64,.T.);
#952=ADVANCED_FACE('',(#296),#17,.T.);
#953=ADVANCED_FACE('',(#297),#65,.T.);
#954=ADVANCED_FACE('',(#298),#18,.T.);
#955=ADVANCED_FACE('',(#299),#66,.T.);
#956=ADVANCED_FACE('',(#300),#19,.T.);
#957=ADVANCED_FACE('',(#301),#245,.T.);
#958=ADVANCED_FACE('',(#302),#67,.T.);
#959=ADVANCED_FACE('',(#303),#246,.T.);
#960=ADVANCED_FACE('',(#304),#247,.T.);
#961=ADVANCED_FACE('',(#305),#68,.F.);
#962=ADVANCED_FACE('',(#306),#248,.T.);
#963=ADVANCED_FACE('',(#307),#69,.T.);
#964=CLOSED_SHELL('',(#905,#906,#907,#908,#909,#910,#911,#912,#913,#914,
#915,#916,#917,#918,#919,#920,#921,#922,#923,#924,#925,#926,#927,#928,#929,
#930,#931,#932,#933,#934,#935,#936,#937,#938,#939,#940,#941,#942,#943,#944,
#945,#946,#947,#948,#949,#950,#951,#952,#953,#954,#955,#956,#957,#958,#959,
#960,#961,#962,#963));
#965=DERIVED_UNIT_ELEMENT(#967,1.);
#966=DERIVED_UNIT_ELEMENT(#1929,-3.);
#967=(
MASS_UNIT()
NAMED_UNIT(*)
SI_UNIT(.KILO.,.GRAM.)
);
#968=DERIVED_UNIT((#965,#966));
#969=MEASURE_REPRESENTATION_ITEM('density measure',
POSITIVE_RATIO_MEASURE(7850.),#968);
#970=PROPERTY_DEFINITION_REPRESENTATION(#975,#972);
#971=PROPERTY_DEFINITION_REPRESENTATION(#976,#973);
#972=REPRESENTATION('material name',(#974),#1926);
#973=REPRESENTATION('density',(#969),#1926);
#974=DESCRIPTIVE_REPRESENTATION_ITEM('Steel','Steel');
#975=PROPERTY_DEFINITION('material property','material name',#1936);
#976=PROPERTY_DEFINITION('material property','density of part',#1936);
#977=AXIS2_PLACEMENT_3D('',#1351,#1076,#1077);
#978=AXIS2_PLACEMENT_3D('',#1352,#1078,#1079);
#979=AXIS2_PLACEMENT_3D('',#1355,#1080,#1081);
#980=AXIS2_PLACEMENT_3D('',#1357,#1082,#1083);
#981=AXIS2_PLACEMENT_3D('',#1358,#1084,#1085);
#982=AXIS2_PLACEMENT_3D('',#1359,#1086,#1087);
#983=AXIS2_PLACEMENT_3D('',#1362,#1088,#1089);
#984=AXIS2_PLACEMENT_3D('',#1366,#1092,#1093);
#985=AXIS2_PLACEMENT_3D('',#1367,#1094,#1095);
#986=AXIS2_PLACEMENT_3D('',#1370,#1096,#1097);
#987=AXIS2_PLACEMENT_3D('',#1373,#1100,#1101);
#988=AXIS2_PLACEMENT_3D('',#1376,#1102,#1103);
#989=AXIS2_PLACEMENT_3D('',#1378,#1104,#1105);
#990=AXIS2_PLACEMENT_3D('',#1379,#1106,#1107);
#991=AXIS2_PLACEMENT_3D('',#1380,#1108,#1109);
#992=AXIS2_PLACEMENT_3D('',#1383,#1110,#1111);
#993=AXIS2_PLACEMENT_3D('',#1387,#1114,#1115);
#994=AXIS2_PLACEMENT_3D('',#1388,#1116,#1117);
#995=AXIS2_PLACEMENT_3D('',#1391,#1120,#1121);
#996=AXIS2_PLACEMENT_3D('',#1394,#1122,#1123);
#997=AXIS2_PLACEMENT_3D('',#1397,#1126,#1127);
#998=AXIS2_PLACEMENT_3D('',#1399,#1129,#1130);
#999=AXIS2_PLACEMENT_3D('',#1403,#1133,#1134);
#1000=AXIS2_PLACEMENT_3D('',#1407,#1137,#1138);
#1001=AXIS2_PLACEMENT_3D('',#1411,#1140,#1141);
#1002=AXIS2_PLACEMENT_3D('',#1413,#1143,#1144);
#1003=AXIS2_PLACEMENT_3D('',#1419,#1148,#1149);
#1004=AXIS2_PLACEMENT_3D('',#1423,#1151,#1152);
#1005=AXIS2_PLACEMENT_3D('',#1427,#1154,#1155);
#1006=AXIS2_PLACEMENT_3D('',#1430,#1157,#1158);
#1007=AXIS2_PLACEMENT_3D('',#1435,#1160,#1161);
#1008=AXIS2_PLACEMENT_3D('',#1438,#1163,#1164);
#1009=AXIS2_PLACEMENT_3D('',#1439,#1165,#1166);
#1010=AXIS2_PLACEMENT_3D('',#1443,#1169,#1170);
#1011=AXIS2_PLACEMENT_3D('',#1542,#1177,#1178);
#1012=AXIS2_PLACEMENT_3D('',#1689,#1185,#1186);
#1013=AXIS2_PLACEMENT_3D('',#1695,#1190,#1191);
#1014=AXIS2_PLACEMENT_3D('',#1698,#1193,#1194);
#1015=AXIS2_PLACEMENT_3D('',#1699,#1195,#1196);
#1016=AXIS2_PLACEMENT_3D('',#1702,#1197,#1198);
#1017=AXIS2_PLACEMENT_3D('',#1706,#1200,#1201);
#1018=AXIS2_PLACEMENT_3D('',#1709,#1203,#1204);
#1019=AXIS2_PLACEMENT_3D('',#1710,#1205,#1206);
#1020=AXIS2_PLACEMENT_3D('',#1713,#1208,#1209);
#1021=AXIS2_PLACEMENT_3D('',#1714,#1210,#1211);
#1022=AXIS2_PLACEMENT_3D('',#1770,#1212,#1213);
#1023=AXIS2_PLACEMENT_3D('',#1772,#1214,#1215);
#1024=AXIS2_PLACEMENT_3D('',#1773,#1216,#1217);
#1025=AXIS2_PLACEMENT_3D('',#1774,#1218,#1219);
#1026=AXIS2_PLACEMENT_3D('',#1776,#1220,#1221);
#1027=AXIS2_PLACEMENT_3D('',#1824,#1223,#1224);
#1028=AXIS2_PLACEMENT_3D('',#1825,#1225,#1226);
#1029=AXIS2_PLACEMENT_3D('',#1826,#1227,#1228);
#1030=AXIS2_PLACEMENT_3D('',#1828,#1230,#1231);
#1031=AXIS2_PLACEMENT_3D('',#1834,#1235,#1236);
#1032=AXIS2_PLACEMENT_3D('',#1837,#1238,#1239);
#1033=AXIS2_PLACEMENT_3D('',#1838,#1240,#1241);
#1034=AXIS2_PLACEMENT_3D('',#1842,#1244,#1245);
#1035=AXIS2_PLACEMENT_3D('',#1843,#1246,#1247);
#1036=AXIS2_PLACEMENT_3D('',#1844,#1248,#1249);
#1037=AXIS2_PLACEMENT_3D('',#1845,#1250,#1251);
#1038=AXIS2_PLACEMENT_3D('',#1846,#1252,#1253);
#1039=AXIS2_PLACEMENT_3D('',#1849,#1255,#1256);
#1040=AXIS2_PLACEMENT_3D('',#1850,#1257,#1258);
#1041=AXIS2_PLACEMENT_3D('',#1851,#1259,#1260);
#1042=AXIS2_PLACEMENT_3D('',#1852,#1261,#1262);
#1043=AXIS2_PLACEMENT_3D('',#1853,#1263,#1264);
#1044=AXIS2_PLACEMENT_3D('',#1854,#1265,#1266);
#1045=AXIS2_PLACEMENT_3D('',#1855,#1267,#1268);
#1046=AXIS2_PLACEMENT_3D('',#1856,#1269,#1270);
#1047=AXIS2_PLACEMENT_3D('',#1858,#1272,#1273);
#1048=AXIS2_PLACEMENT_3D('',#1859,#1274,#1275);
#1049=AXIS2_PLACEMENT_3D('',#1861,#1276,#1277);
#1050=AXIS2_PLACEMENT_3D('',#1864,#1279,#1280);
#1051=AXIS2_PLACEMENT_3D('',#1865,#1281,#1282);
#1052=AXIS2_PLACEMENT_3D('',#1867,#1283,#1284);
#1053=AXIS2_PLACEMENT_3D('',#1869,#1286,#1287);
#1054=AXIS2_PLACEMENT_3D('',#1875,#1291,#1292);
#1055=AXIS2_PLACEMENT_3D('',#1877,#1293,#1294);
#1056=AXIS2_PLACEMENT_3D('',#1879,#1296,#1297);
#1057=AXIS2_PLACEMENT_3D('',#1888,#1302,#1303);
#1058=AXIS2_PLACEMENT_3D('',#1890,#1304,#1305);
#1059=AXIS2_PLACEMENT_3D('',#1892,#1307,#1308);
#1060=AXIS2_PLACEMENT_3D('',#1896,#1311,#1312);
#1061=AXIS2_PLACEMENT_3D('',#1897,#1313,#1314);
#1062=AXIS2_PLACEMENT_3D('',#1899,#1316,#1317);
#1063=AXIS2_PLACEMENT_3D('',#1901,#1319,#1320);
#1064=AXIS2_PLACEMENT_3D('',#1902,#1321,#1322);
#1065=AXIS2_PLACEMENT_3D('',#1903,#1323,#1324);
#1066=AXIS2_PLACEMENT_3D('',#1906,#1326,#1327);
#1067=AXIS2_PLACEMENT_3D('',#1907,#1328,#1329);
#1068=AXIS2_PLACEMENT_3D('',#1911,#1332,#1333);
#1069=AXIS2_PLACEMENT_3D('',#1912,#1334,#1335);
#1070=AXIS2_PLACEMENT_3D('',#1913,#1336,#1337);
#1071=AXIS2_PLACEMENT_3D('',#1915,#1338,#1339);
#1072=AXIS2_PLACEMENT_3D('',#1917,#1341,#1342);
#1073=AXIS2_PLACEMENT_3D('',#1919,#1343,#1344);
#1074=AXIS2_PLACEMENT_3D('',#1921,#1346,#1347);
#1075=AXIS2_PLACEMENT_3D('',#1923,#1349,#1350);
#1076=DIRECTION('axis',(0.,0.,1.));
#1077=DIRECTION('refdir',(1.,0.,0.));
#1078=DIRECTION('center_axis',(-0.190210086142713,-0.878098000512281,0.43904900025614));
#1079=DIRECTION('ref_axis',(0.349069569787303,-0.478480826675776,-0.80573353781022));
#1080=DIRECTION('center_axis',(0.683941117156181,-8.0994901356092E-16,0.729537215132412));
#1081=DIRECTION('ref_axis',(0.729537215132412,0.,-0.683941117156181));
#1082=DIRECTION('center_axis',(0.,1.,0.));
#1083=DIRECTION('ref_axis',(0.,0.,-1.));
#1084=DIRECTION('center_axis',(-1.,0.,0.));
#1085=DIRECTION('ref_axis',(0.,-1.,0.));
#1086=DIRECTION('center_axis',(0.,-1.,0.));
#1087=DIRECTION('ref_axis',(0.397529170529543,0.,-0.917589537090574));
#1088=DIRECTION('center_axis',(-0.707106781186547,0.707106781186548,0.));
#1089=DIRECTION('ref_axis',(0.707106781186548,0.707106781186547,0.));
#1090=DIRECTION('',(0.,-1.,0.));
#1091=DIRECTION('',(0.,1.,0.));
#1092=DIRECTION('center_axis',(0.,1.,0.));
#1093=DIRECTION('ref_axis',(0.397529170529543,0.,-0.917589537090574));
#1094=DIRECTION('center_axis',(1.,0.,-2.22044585734443E-16));
#1095=DIRECTION('ref_axis',(0.,-0.707106781186548,-0.707106781186547));
#1096=DIRECTION('center_axis',(-1.,0.,0.));
#1097=DIRECTION('ref_axis',(0.,-0.707106781186548,-0.707106781186547));
#1098=DIRECTION('',(1.,0.,-2.22044585734443E-16));
#1099=DIRECTION('',(-1.,0.,2.22044585734443E-16));
#1100=DIRECTION('center_axis',(0.,0.,1.));
#1101=DIRECTION('ref_axis',(1.,0.,0.));
#1102=DIRECTION('center_axis',(0.,4.44089209850063E-15,1.));
#1103=DIRECTION('ref_axis',(1.,0.,0.));
#1104=DIRECTION('center_axis',(0.,1.,0.));
#1105=DIRECTION('ref_axis',(0.729537215132414,0.,-0.683941117156179));
#1106=DIRECTION('center_axis',(-0.683941117156179,0.,-0.729537215132414));
#1107=DIRECTION('ref_axis',(0.,-1.,0.));
#1108=DIRECTION('center_axis',(0.,-1.,0.));
#1109=DIRECTION('ref_axis',(0.929929356223476,0.,-0.36773821182166));
#1110=DIRECTION('center_axis',(0.,1.,0.));
#1111=DIRECTION('ref_axis',(0.929929356223476,0.,-0.36773821182166));
#1112=DIRECTION('',(0.,-1.,0.));
#1113=DIRECTION('',(0.,1.,0.));
#1114=DIRECTION('center_axis',(0.,0.707106781186548,0.707106781186547));
#1115=DIRECTION('ref_axis',(0.,0.707106781186547,-0.707106781186548));
#1116=DIRECTION('center_axis',(0.68394111715618,0.,0.729537215132413));
#1117=DIRECTION('ref_axis',(0.515860711948073,-0.707106781186551,-0.483619401873439));
#1118=DIRECTION('',(-0.68394111715618,0.,-0.729537215132413));
#1119=DIRECTION('',(0.68394111715618,0.,0.729537215132413));
#1120=DIRECTION('center_axis',(0.,0.,1.));
#1121=DIRECTION('ref_axis',(0.707106781186549,-0.707106781186546,0.));
#1122=DIRECTION('center_axis',(0.,0.,1.));
#1123=DIRECTION('ref_axis',(0.707106781186549,-0.707106781186546,0.));
#1124=DIRECTION('',(0.,0.,-1.));
#1125=DIRECTION('',(0.,0.,1.));
#1126=DIRECTION('center_axis',(0.729537215132413,0.,-0.68394111715618));
#1127=DIRECTION('ref_axis',(0.68394111715618,0.,0.729537215132413));
#1128=DIRECTION('',(0.68394111715618,0.,0.729537215132413));
#1129=DIRECTION('center_axis',(1.,0.,0.));
#1130=DIRECTION('ref_axis',(0.,0.,1.));
#1131=DIRECTION('',(0.,-1.,0.));
#1132=DIRECTION('',(0.,-0.707106781186547,0.707106781186548));
#1133=DIRECTION('center_axis',(-2.22044585734443E-16,0.,-1.));
#1134=DIRECTION('ref_axis',(1.,0.,-2.22044585734443E-16));
#1135=DIRECTION('',(0.707106781186548,0.707106781186547,-1.57009232298582E-16));
#1136=DIRECTION('',(0.,1.,0.));
#1137=DIRECTION('center_axis',(0.,-1.,0.));
#1138=DIRECTION('ref_axis',(0.,0.,-1.));
#1139=DIRECTION('',(0.,0.,-1.));
#1140=DIRECTION('center_axis',(0.,-1.,0.));
#1141=DIRECTION('ref_axis',(-0.707106781186547,0.,0.707106781186547));
#1142=DIRECTION('',(-1.,0.,0.));
#1143=DIRECTION('center_axis',(-0.707106781186547,0.707106781186548,0.));
#1144=DIRECTION('ref_axis',(0.,0.,1.));
#1145=DIRECTION('',(0.,0.,-1.));
#1146=DIRECTION('',(0.707106781186546,0.707106781186549,0.));
#1147=DIRECTION('',(0.,0.,1.));
#1148=DIRECTION('center_axis',(0.,1.,0.));
#1149=DIRECTION('ref_axis',(0.,0.,1.));
#1150=DIRECTION('',(1.,0.,0.));
#1151=DIRECTION('center_axis',(0.,-1.,0.));
#1152=DIRECTION('ref_axis',(0.707106781186548,0.,0.707106781186548));
#1153=DIRECTION('',(0.,0.,1.));
#1154=DIRECTION('center_axis',(0.,-1.,0.));
#1155=DIRECTION('ref_axis',(0.707106781186548,0.,-0.707106781186548));
#1156=DIRECTION('',(1.,0.,0.));
#1157=DIRECTION('center_axis',(0.,-1.,0.));
#1158=DIRECTION('ref_axis',(-0.707106781186548,0.,-0.707106781186548));
#1159=DIRECTION('',(1.,0.,-1.00929365875014E-16));
#1160=DIRECTION('center_axis',(0.,1.,0.));
#1161=DIRECTION('ref_axis',(-1.,0.,-6.12323399573677E-17));
#1162=DIRECTION('',(-1.,0.,1.00929365875014E-16));
#1163=DIRECTION('center_axis',(0.,1.,0.));
#1164=DIRECTION('ref_axis',(1.,0.,6.12323399573676E-17));
#1165=DIRECTION('center_axis',(0.,0.707106781186548,0.707106781186547));
#1166=DIRECTION('ref_axis',(1.,0.,0.));
#1167=DIRECTION('',(1.,0.,0.));
#1168=DIRECTION('',(0.,0.707106781186547,-0.707106781186548));
#1169=DIRECTION('center_axis',(0.122787803968973,0.69636424032002,-0.707106781186547));
#1170=DIRECTION('ref_axis',(-0.985255774317392,0.,-0.171087869746036));
#1171=DIRECTION('',(0.122787803968971,0.696364240320018,0.707106781186548));
#1172=DIRECTION('',(0.984807753012208,-0.17364817766693,-9.93960220203198E-17));
#1173=DIRECTION('',(-0.122787803968974,-0.696364240320018,-0.707106781186548));
#1174=DIRECTION('',(-0.984807753012208,0.17364817766693,9.93960220203198E-17));
#1175=DIRECTION('',(0.122880338502897,0.696889029739954,-0.706573494151542));
#1176=DIRECTION('',(-0.122880338502897,-0.696889029739954,-0.706573494151542));
#1177=DIRECTION('center_axis',(0.122787803968973,0.696364240320019,0.707106781186548));
#1178=DIRECTION('ref_axis',(0.985255774317392,0.,-0.171087869746035));
#1179=DIRECTION('',(-0.122787803968974,-0.696364240320019,0.707106781186547));
#1180=DIRECTION('',(0.984807753012208,-0.17364817766693,-9.93960220203198E-17));
#1181=DIRECTION('',(0.122787803968974,0.696364240320019,-0.707106781186547));
#1182=DIRECTION('',(-0.984807753012208,0.17364817766693,9.93960220203198E-17));
#1183=DIRECTION('',(-0.11077941278049,-0.697940208152999,0.707536138686468));
#1184=DIRECTION('',(0.110779412780493,0.697940208152998,0.70753613868647));
#1185=DIRECTION('center_axis',(-1.00929365875014E-16,0.,-1.));
#1186=DIRECTION('ref_axis',(-1.,0.,1.00929365875014E-16));
#1187=DIRECTION('',(0.,1.,0.));
#1188=DIRECTION('',(1.,0.,-1.00929365875014E-16));
#1189=DIRECTION('',(0.,1.,0.));
#1190=DIRECTION('center_axis',(0.,1.,0.));
#1191=DIRECTION('ref_axis',(0.,0.,1.));
#1192=DIRECTION('',(0.,1.,0.));
#1193=DIRECTION('center_axis',(0.,-1.,0.));
#1194=DIRECTION('ref_axis',(1.,0.,6.12323399573676E-17));
#1195=DIRECTION('center_axis',(0.17364817766693,0.984807753012208,0.));
#1196=DIRECTION('ref_axis',(-0.984807753012208,0.17364817766693,0.));
#1197=DIRECTION('center_axis',(0.17364817766693,0.984807753012208,0.));
#1198=DIRECTION('ref_axis',(0.984807753012208,-0.17364817766693,0.));
#1199=DIRECTION('',(0.984807753012208,-0.17364817766693,0.));
#1200=DIRECTION('center_axis',(0.17364817766693,0.984807753012208,0.));
#1201=DIRECTION('ref_axis',(-0.984807753012208,0.17364817766693,0.));
#1202=DIRECTION('',(-0.984807753012208,0.17364817766693,0.));
#1203=DIRECTION('center_axis',(-0.17364817766693,-0.984807753012208,0.));
#1204=DIRECTION('ref_axis',(0.,0.,-1.));
#1205=DIRECTION('center_axis',(-0.17364817766693,-0.984807753012208,0.));
#1206=DIRECTION('ref_axis',(0.,0.,-1.));
#1207=DIRECTION('',(-0.17364817766693,-0.984807753012208,0.));
#1208=DIRECTION('center_axis',(-0.17364817766693,-0.984807753012208,0.));
#1209=DIRECTION('ref_axis',(0.,0.,-1.));
#1210=DIRECTION('center_axis',(0.17364817766693,0.984807753012208,0.));
#1211=DIRECTION('ref_axis',(0.,0.,-1.));
#1212=DIRECTION('center_axis',(0.984807753012208,-0.173648177666929,0.));
#1213=DIRECTION('ref_axis',(0.173648177666929,0.984807753012208,0.));
#1214=DIRECTION('center_axis',(-0.207009078950658,-0.978339021623895,0.));
#1215=DIRECTION('ref_axis',(0.978339021623895,-0.207009078950658,0.));
#1216=DIRECTION('center_axis',(0.984807753012208,-0.173648177666929,0.));
#1217=DIRECTION('ref_axis',(0.,0.,-1.));
#1218=DIRECTION('center_axis',(-0.984807753012208,0.17364817766693,0.));
#1219=DIRECTION('ref_axis',(0.122787803968974,0.69636424032002,-0.707106781186547));
#1220=DIRECTION('center_axis',(0.984807753012208,-0.173648177666929,2.18671248444704E-15));
#1221=DIRECTION('ref_axis',(2.22044604925031E-15,0.,-1.));
#1222=DIRECTION('',(-0.984807753012208,0.17364817766693,0.));
#1223=DIRECTION('center_axis',(-0.984807753012208,0.173648177666929,0.));
#1224=DIRECTION('ref_axis',(0.,0.,1.));
#1225=DIRECTION('center_axis',(-0.207009078950658,-0.978339021623895,0.));
#1226=DIRECTION('ref_axis',(-0.978339021623895,0.207009078950658,0.));
#1227=DIRECTION('center_axis',(0.984807753012208,-0.17364817766693,0.));
#1228=DIRECTION('ref_axis',(0.122787803968974,0.69636424032002,0.707106781186547));
#1229=DIRECTION('',(0.984807753012208,-0.17364817766693,0.));
#1230=DIRECTION('center_axis',(0.,0.,1.));
#1231=DIRECTION('ref_axis',(-1.,0.,0.));
#1232=DIRECTION('',(0.,-1.,0.));
#1233=DIRECTION('',(-1.,0.,0.));
#1234=DIRECTION('',(0.,-1.,0.));
#1235=DIRECTION('center_axis',(0.,-1.,0.));
#1236=DIRECTION('ref_axis',(0.,0.,1.));
#1237=DIRECTION('',(0.,-1.,0.));
#1238=DIRECTION('center_axis',(0.,-1.,0.));
#1239=DIRECTION('ref_axis',(0.,0.,1.));
#1240=DIRECTION('center_axis',(0.,0.,-1.));
#1241=DIRECTION('ref_axis',(1.,0.,0.));
#1242=DIRECTION('',(0.,-1.,0.));
#1243=DIRECTION('',(1.,0.,0.));
#1244=DIRECTION('center_axis',(0.,-1.,0.));
#1245=DIRECTION('ref_axis',(0.,0.,-1.));
#1246=DIRECTION('center_axis',(0.,-1.,0.));
#1247=DIRECTION('ref_axis',(0.,0.,-1.));
#1248=DIRECTION('center_axis',(0.,1.,0.));
#1249=DIRECTION('ref_axis',(1.,0.,0.));
#1250=DIRECTION('center_axis',(-1.,0.,1.00929365875014E-16));
#1251=DIRECTION('ref_axis',(0.,-0.707106781186547,-0.707106781186547));
#1252=DIRECTION('center_axis',(1.,0.,-1.77635683940025E-15));
#1253=DIRECTION('ref_axis',(0.,-1.,0.));
#1254=DIRECTION('',(-1.,0.,1.00929365875014E-16));
#1255=DIRECTION('center_axis',(-1.,0.,0.));
#1256=DIRECTION('ref_axis',(0.,0.,-1.));
#1257=DIRECTION('center_axis',(0.,-1.,0.));
#1258=DIRECTION('ref_axis',(0.,0.,-1.));
#1259=DIRECTION('center_axis',(1.,0.,0.));
#1260=DIRECTION('ref_axis',(0.,0.,1.));
#1261=DIRECTION('center_axis',(0.,-1.,0.));
#1262=DIRECTION('ref_axis',(-1.,0.,-6.12323399573677E-17));
#1263=DIRECTION('center_axis',(1.,0.,-1.00929365875014E-16));
#1264=DIRECTION('ref_axis',(0.,-0.707106781186547,0.707106781186547));
#1265=DIRECTION('center_axis',(1.,0.,0.));
#1266=DIRECTION('ref_axis',(0.,0.,1.));
#1267=DIRECTION('center_axis',(0.,-1.,0.));
#1268=DIRECTION('ref_axis',(0.,0.,-1.));
#1269=DIRECTION('center_axis',(0.,1.,0.));
#1270=DIRECTION('ref_axis',(0.,0.,-1.));
#1271=DIRECTION('',(0.,1.,0.));
#1272=DIRECTION('center_axis',(1.00929365875014E-16,0.,1.));
#1273=DIRECTION('ref_axis',(1.,0.,-1.00929365875014E-16));
#1274=DIRECTION('center_axis',(0.,0.,1.));
#1275=DIRECTION('ref_axis',(-1.,0.,0.));
#1276=DIRECTION('center_axis',(0.,0.,1.));
#1277=DIRECTION('ref_axis',(-1.,0.,0.));
#1278=DIRECTION('',(-0.707106781186549,-8.65956056235495E-17,-0.707106781186546));
#1279=DIRECTION('center_axis',(0.,0.,-1.));
#1280=DIRECTION('ref_axis',(-1.,0.,0.));
#1281=DIRECTION('center_axis',(0.,0.,1.));
#1282=DIRECTION('ref_axis',(-1.,0.,0.));
#1283=DIRECTION('center_axis',(0.,0.,1.));
#1284=DIRECTION('ref_axis',(-1.,0.,0.));
#1285=DIRECTION('',(0.,0.,1.));
#1286=DIRECTION('center_axis',(0.,0.,1.));
#1287=DIRECTION('ref_axis',(1.,0.,0.));
#1288=DIRECTION('',(0.,1.,0.));
#1289=DIRECTION('',(-1.,0.,0.));
#1290=DIRECTION('',(0.,-1.,0.));
#1291=DIRECTION('center_axis',(0.,0.,-1.));
#1292=DIRECTION('ref_axis',(-1.,0.,0.));
#1293=DIRECTION('center_axis',(0.,0.,-1.));
#1294=DIRECTION('ref_axis',(-1.,0.,0.));
#1295=DIRECTION('',(-0.707106781186547,8.65956056235493E-17,0.707106781186548));
#1296=DIRECTION('center_axis',(0.,0.,-1.));
#1297=DIRECTION('ref_axis',(-1.,0.,0.));
#1298=DIRECTION('',(-1.,0.,0.));
#1299=DIRECTION('',(0.,1.,0.));
#1300=DIRECTION('',(1.,0.,0.));
#1301=DIRECTION('',(0.,-1.,0.));
#1302=DIRECTION('center_axis',(0.,-1.,0.));
#1303=DIRECTION('ref_axis',(0.707106781186548,0.,0.707106781186548));
#1304=DIRECTION('center_axis',(0.,1.,0.));
#1305=DIRECTION('ref_axis',(0.707106781186547,0.,0.707106781186547));
#1306=DIRECTION('',(-0.707106781186546,0.707106781186549,0.));
#1307=DIRECTION('center_axis',(0.707106781186547,0.707106781186548,0.));
#1308=DIRECTION('ref_axis',(0.,0.,-1.));
#1309=DIRECTION('',(-0.707106781186548,0.707106781186547,0.));
#1310=DIRECTION('',(0.,0.,-1.));
#1311=DIRECTION('center_axis',(0.,-1.,0.));
#1312=DIRECTION('ref_axis',(0.707106781186548,0.,-0.707106781186548));
#1313=DIRECTION('center_axis',(0.,1.,0.));
#1314=DIRECTION('ref_axis',(0.707106781186547,0.,-0.707106781186547));
#1315=DIRECTION('',(0.,0.707106781186548,0.707106781186547));
#1316=DIRECTION('center_axis',(0.,0.707106781186548,-0.707106781186547));
#1317=DIRECTION('ref_axis',(-1.,0.,0.));
#1318=DIRECTION('',(0.,0.707106781186547,0.707106781186548));
#1319=DIRECTION('center_axis',(0.,-1.,0.));
#1320=DIRECTION('ref_axis',(-0.707106781186548,0.,-0.707106781186548));
#1321=DIRECTION('center_axis',(0.,1.,0.));
#1322=DIRECTION('ref_axis',(-0.707106781186547,0.,-0.707106781186547));
#1323=DIRECTION('center_axis',(0.,1.,0.));
#1324=DIRECTION('ref_axis',(0.707106781186547,0.,-0.707106781186547));
#1325=DIRECTION('',(0.,-1.,0.));
#1326=DIRECTION('center_axis',(0.,1.,0.));
#1327=DIRECTION('ref_axis',(0.707106781186547,0.,-0.707106781186547));
#1328=DIRECTION('center_axis',(1.,0.,0.));
#1329=DIRECTION('ref_axis',(0.,0.,-1.));
#1330=DIRECTION('',(0.,1.,0.));
#1331=DIRECTION('',(0.,0.,1.));
#1332=DIRECTION('center_axis',(0.,1.,0.));
#1333=DIRECTION('ref_axis',(0.707106781186547,0.,0.707106781186547));
#1334=DIRECTION('center_axis',(0.,1.,0.));
#1335=DIRECTION('ref_axis',(0.707106781186547,0.,0.707106781186547));
#1336=DIRECTION('center_axis',(0.,1.,0.));
#1337=DIRECTION('ref_axis',(-0.707106781186547,0.,-0.707106781186547));
#1338=DIRECTION('center_axis',(0.,1.,0.));
#1339=DIRECTION('ref_axis',(-0.707106781186547,0.,-0.707106781186547));
#1340=DIRECTION('',(0.,1.,0.));
#1341=DIRECTION('center_axis',(0.,1.,0.));
#1342=DIRECTION('ref_axis',(1.,0.,0.));
#1343=DIRECTION('center_axis',(0.,1.,0.));
#1344=DIRECTION('ref_axis',(-0.707106781186547,0.,0.707106781186547));
#1345=DIRECTION('',(0.,0.,-1.));
#1346=DIRECTION('center_axis',(0.,1.,0.));
#1347=DIRECTION('ref_axis',(-0.707106781186547,0.,0.707106781186547));
#1348=DIRECTION('',(0.,-1.,0.));
#1349=DIRECTION('center_axis',(-1.,0.,0.));
#1350=DIRECTION('ref_axis',(0.,0.,1.));
#1351=CARTESIAN_POINT('',(0.,0.,0.));
#1352=CARTESIAN_POINT('Origin',(-48.4332320220106,9.,2.15154352900824));
#1353=CARTESIAN_POINT('',(-47.7036948068782,9.,1.46760241185206));
#1354=CARTESIAN_POINT('',(-48.4332320220106,8.,2.15154352900824));
#1355=CARTESIAN_POINT('Origin',(-48.4332320220106,9.,2.15154352900824));
#1356=CARTESIAN_POINT('',(-48.4332320220106,9.,1.15154352900824));
#1357=CARTESIAN_POINT('Origin',(-48.4332320220106,9.,2.15154352900824));
#1358=CARTESIAN_POINT('Origin',(-48.4332320220106,9.,2.15154352900824));
#1359=CARTESIAN_POINT('Origin',(-48.4332320220106,15.,2.15154352900824));
#1360=CARTESIAN_POINT('',(-48.4332320220106,14.5667679779894,1.15154352900824));
#1361=CARTESIAN_POINT('',(-48.,15.,1.25026110096218));
#1362=CARTESIAN_POINT('Origin',(-48.4332320220106,14.5667679779894,2.15154352900824));
#1363=CARTESIAN_POINT('',(-48.4332320220106,15.,1.15154352900824));
#1364=CARTESIAN_POINT('',(-47.7036948068782,15.,1.46760241185206));
#1365=CARTESIAN_POINT('',(-47.7036948068782,15.,1.46760241185206));
#1366=CARTESIAN_POINT('Origin',(-48.4332320220106,15.,2.15154352900824));
#1367=CARTESIAN_POINT('Origin',(-50.3792688277559,9.,2.15154352900824));
#1368=CARTESIAN_POINT('',(-50.,9.,1.15154352900824));
#1369=CARTESIAN_POINT('',(-50.,8.,2.15154352900824));
#1370=CARTESIAN_POINT('Origin',(-50.,9.,2.15154352900824));
#1371=CARTESIAN_POINT('',(-50.3792688277559,8.,2.15154352900824));
#1372=CARTESIAN_POINT('',(-50.3792688277559,9.,1.15154352900824));
#1373=CARTESIAN_POINT('Origin',(-28.5170727182217,9.,23.3954474706714));
#1374=CARTESIAN_POINT('',(-27.5170727182217,9.,23.3954474706714));
#1375=CARTESIAN_POINT('',(-28.5170727182217,8.,23.3954474706714));
#1376=CARTESIAN_POINT('Origin',(-28.5170727182217,9.,23.3954474706714));
#1377=CARTESIAN_POINT('',(-27.7875355030893,9.,22.7115063535152));
#1378=CARTESIAN_POINT('Origin',(-28.5170727182217,9.,23.3954474706714));
#1379=CARTESIAN_POINT('Origin',(-28.5170727182217,9.,23.3954474706714));
#1380=CARTESIAN_POINT('Origin',(-28.5170727182217,15.,23.3954474706714));
#1381=CARTESIAN_POINT('',(-27.7875355030893,15.,22.7115063535152));
#1382=CARTESIAN_POINT('',(-27.5985841238779,15.,23.));
#1383=CARTESIAN_POINT('Origin',(-28.5170727182217,15.,23.3954474706714));
#1384=CARTESIAN_POINT('',(-27.7875355030893,15.,22.7115063535152));
#1385=CARTESIAN_POINT('',(-27.5170727182217,14.6045525293286,23.3954474706714));
#1386=CARTESIAN_POINT('',(-27.5170727182217,15.,23.3954474706714));
#1387=CARTESIAN_POINT('Origin',(-28.5170727182217,14.6045525293286,23.3954474706714));
#1388=CARTESIAN_POINT('Origin',(-43.6555829452895,9.,7.24770270833007));
#1389=CARTESIAN_POINT('',(-42.9260457301571,9.,6.56376159117389));
#1390=CARTESIAN_POINT('',(-43.6555829452895,8.,7.24770270833007));
#1391=CARTESIAN_POINT('Origin',(-28.5170727182217,9.,19.7878860014613));
#1392=CARTESIAN_POINT('',(-28.5170727182217,8.,25.));
#1393=CARTESIAN_POINT('',(-27.5170727182217,9.,25.));
#1394=CARTESIAN_POINT('Origin',(-28.5170727182217,9.,25.));
#1395=CARTESIAN_POINT('',(-27.5170727182217,9.,19.7878860014613));
#1396=CARTESIAN_POINT('',(-28.5170727182217,8.,19.7878860014613));
#1397=CARTESIAN_POINT('Origin',(-48.,15.,1.15154352900824));
#1398=CARTESIAN_POINT('',(-37.0606765246237,15.,12.8201556119345));
#1399=CARTESIAN_POINT('Origin',(-27.5170727182217,15.,23.));
#1400=CARTESIAN_POINT('',(-27.5170727182217,13.,25.));
#1401=CARTESIAN_POINT('',(-27.5170727182217,7.5,25.));
#1402=CARTESIAN_POINT('',(-27.5170727182217,14.5,23.5));
#1403=CARTESIAN_POINT('Origin',(-58.0000008642673,15.,1.15154352900824));
#1404=CARTESIAN_POINT('',(-50.,13.,1.15154352900824));
#1405=CARTESIAN_POINT('',(-51.0000002160668,11.9999997839332,1.15154352900824));
#1406=CARTESIAN_POINT('',(-50.,7.5,1.15154352900824));
#1407=CARTESIAN_POINT('Origin',(-42.7585367912445,8.,16.5757720029227));
#1408=CARTESIAN_POINT('',(-50.,8.,15.));
#1409=CARTESIAN_POINT('',(-50.,8.,-4.21211399853865));
#1410=CARTESIAN_POINT('',(-40.,8.,25.));
#1411=CARTESIAN_POINT('Origin',(-40.,8.,15.));
#1412=CARTESIAN_POINT('',(-46.3792683956223,8.,25.));
#1413=CARTESIAN_POINT('Origin',(-49.,14.,-12.5));
#1414=CARTESIAN_POINT('',(-48.,15.,-15.));
#1415=CARTESIAN_POINT('',(-48.,15.,-12.5));
#1416=CARTESIAN_POINT('',(-50.,13.,-15.));
#1417=CARTESIAN_POINT('',(-50.,13.,-15.));
#1418=CARTESIAN_POINT('',(-50.,13.,-12.5));
#1419=CARTESIAN_POINT('Origin',(0.,15.,0.));
#1420=CARTESIAN_POINT('',(40.,15.,23.));
#1421=CARTESIAN_POINT('',(-12.5,15.,23.));
#1422=CARTESIAN_POINT('',(48.,15.,15.));
#1423=CARTESIAN_POINT('Origin',(40.,15.,15.));
#1424=CARTESIAN_POINT('',(48.,15.,-15.));
#1425=CARTESIAN_POINT('',(48.,15.,12.5));
#1426=CARTESIAN_POINT('',(40.,15.,-23.));
#1427=CARTESIAN_POINT('Origin',(40.,15.,-15.));
#1428=CARTESIAN_POINT('',(-40.,15.,-23.));
#1429=CARTESIAN_POINT('',(25.,15.,-23.));
#1430=CARTESIAN_POINT('Origin',(-40.,15.,-15.));
#1431=CARTESIAN_POINT('',(-25.1519224698779,15.,12.5));
#1432=CARTESIAN_POINT('',(29.8480775301221,15.,12.5));
#1433=CARTESIAN_POINT('',(-12.575961234939,15.,12.5));
#1434=CARTESIAN_POINT('',(-25.1519224698779,15.,-12.5));
#1435=CARTESIAN_POINT('Origin',(-25.1519224698779,15.,-1.11022302462516E-15));
#1436=CARTESIAN_POINT('',(29.8480775301221,15.,-12.5));
#1437=CARTESIAN_POINT('',(14.924038765061,15.,-12.5));
#1438=CARTESIAN_POINT('Origin',(29.8480775301221,15.,-7.04301576281721E-15));
#1439=CARTESIAN_POINT('Origin',(-25.,14.,24.));
#1440=CARTESIAN_POINT('',(40.,13.,25.));
#1441=CARTESIAN_POINT('',(-25.,13.,25.));
#1442=CARTESIAN_POINT('',(40.,13.,25.));
#1443=CARTESIAN_POINT('Origin',(17.4597090078035,32.9559944214442,-9.5));
#1444=CARTESIAN_POINT('',(-25.1519224698779,39.9618614370227,-9.99999999999999));
#1445=CARTESIAN_POINT('',(-24.978274292211,40.9466691900349,-9.));
#1446=CARTESIAN_POINT('',(-25.1519224698779,39.9618614370227,-9.99999999999999));
#1447=CARTESIAN_POINT('',(29.8480775301221,31.2793041099429,-9.));
#1448=CARTESIAN_POINT('',(17.546533096637,33.4483982979503,-9.));
#1449=CARTESIAN_POINT('',(29.6744293524551,30.2944963569307,-10.));
#1450=CARTESIAN_POINT('',(29.8480775301221,31.2793041099429,-9.));
#1451=CARTESIAN_POINT('',(17.3728849189701,32.4635905449381,-10.));
#1452=CARTESIAN_POINT('Ctrl Pts',(-25.1519224698779,40.9772880489085,-8.99999999999999));
#1453=CARTESIAN_POINT('Ctrl Pts',(-26.502830302833,41.2154895483088,-8.99999999999999));
#1454=CARTESIAN_POINT('Ctrl Pts',(-29.2044767775811,41.6918627141428,-8.38401889436119));
#1455=CARTESIAN_POINT('Ctrl Pts',(-32.4458147749153,42.2633980566684,-5.79555597757702));
#1456=CARTESIAN_POINT('Ctrl Pts',(-34.2425744168788,42.5802152593946,-2.06711154145173));
#1457=CARTESIAN_POINT('Ctrl Pts',(-34.2404252947422,42.5798363111771,2.06683431332381));
#1458=CARTESIAN_POINT('Ctrl Pts',(-32.4477431857151,42.2637380875223,5.79672872066252));
#1459=CARTESIAN_POINT('Ctrl Pts',(-29.2032657217925,41.6916491723322,8.38313195947411));
#1460=CARTESIAN_POINT('Ctrl Pts',(-26.502830302833,41.2154895483088,8.99999999999999));
#1461=CARTESIAN_POINT('Ctrl Pts',(-25.1519224698779,40.9772880489085,8.99999999999999));
#1462=CARTESIAN_POINT('Ctrl Pts',(-25.2098051299703,40.6490191710556,-9.33283073509167));
#1463=CARTESIAN_POINT('Ctrl Pts',(-26.609000663989,40.8957483527548,-9.3241715093909));
#1464=CARTESIAN_POINT('Ctrl Pts',(-29.3990991689364,41.3884742788241,-8.66909029380837));
#1465=CARTESIAN_POINT('Ctrl Pts',(-32.7311231853813,41.9784742614393,-5.98016136362143));
#1466=CARTESIAN_POINT('Ctrl Pts',(-34.5727159285653,42.305178798058,-2.13059275775446));
#1467=CARTESIAN_POINT('Ctrl Pts',(-34.5705655806965,42.3047916953055,2.13032773796251));
#1468=CARTESIAN_POINT('Ctrl Pts',(-32.7330823649965,41.9788223518575,5.98129813844125));
#1469=CARTESIAN_POINT('Ctrl Pts',(-29.3978592100417,41.3882552770481,8.66822638410862));
#1470=CARTESIAN_POINT('Ctrl Pts',(-26.609000663989,40.8957483527548,9.32417150939089));
#1471=CARTESIAN_POINT('Ctrl Pts',(-25.2098051299703,40.6490191710556,9.33283073509167));
#1472=CARTESIAN_POINT('Ctrl Pts',(-25.2676877900626,40.3207502932028,-9.66566147018335));
#1473=CARTESIAN_POINT('Ctrl Pts',(-26.715171025145,40.5760071572008,-9.6483430187818));
#1474=CARTESIAN_POINT('Ctrl Pts',(-29.5937215602917,41.0850858435054,-8.95416169325555));
#1475=CARTESIAN_POINT('Ctrl Pts',(-33.0164315958473,41.6935504662101,-6.16476674966584));
#1476=CARTESIAN_POINT('Ctrl Pts',(-34.9028574402517,42.0301423367213,-2.19407397405718));
#1477=CARTESIAN_POINT('Ctrl Pts',(-34.9007058666508,42.0297470794339,2.1938211626012));
#1478=CARTESIAN_POINT('Ctrl Pts',(-33.018421544278,41.6939066161928,6.16586755621997));
#1479=CARTESIAN_POINT('Ctrl Pts',(-29.592452698291,41.0848613817641,8.95332080874313));
#1480=CARTESIAN_POINT('Ctrl Pts',(-26.715171025145,40.5760071572008,9.64834301878179));
#1481=CARTESIAN_POINT('Ctrl Pts',(-25.2676877900626,40.3207502932028,9.66566147018335));
#1482=CARTESIAN_POINT('Ctrl Pts',(-25.325570450155,39.99248141535,-9.99849220527503));
#1483=CARTESIAN_POINT('Ctrl Pts',(-26.821341386301,40.2562659616468,-9.9725145281727));
#1484=CARTESIAN_POINT('Ctrl Pts',(-29.788343951647,40.7816974081867,-9.23923309270273));
#1485=CARTESIAN_POINT('Ctrl Pts',(-33.3017400063134,41.4086266709811,-6.34937213571025));
#1486=CARTESIAN_POINT('Ctrl Pts',(-35.2329989519381,41.7551058753846,-2.25755519035991));
#1487=CARTESIAN_POINT('Ctrl Pts',(-35.2308461526051,41.7547024635623,2.25731458723989));
#1488=CARTESIAN_POINT('Ctrl Pts',(-33.3037607235595,41.408990880528,6.3504369739987));
#1489=CARTESIAN_POINT('Ctrl Pts',(-29.7870461865402,40.78146748648,9.23841523337764));
#1490=CARTESIAN_POINT('Ctrl Pts',(-26.821341386301,40.2562659616468,9.9725145281727));
#1491=CARTESIAN_POINT('Ctrl Pts',(-25.3255704501549,39.99248141535,9.99849220527503));
#1492=CARTESIAN_POINT('',(-25.3255704501549,39.99248141535,9.99849220527503));
#1493=CARTESIAN_POINT('',(-25.1519224698779,40.9772880489085,8.99999999999999));
#1494=CARTESIAN_POINT('',(-25.3255704501549,39.99248141535,9.99849220527503));
#1495=CARTESIAN_POINT('',(-25.1519224698779,40.9772880489085,-8.99999999999999));
#1496=CARTESIAN_POINT('Ctrl Pts',(-25.1519224698779,40.9772880489085,8.99999999999999));
#1497=CARTESIAN_POINT('Ctrl Pts',(-26.502830302833,41.2154895483088,8.99999999999999));
#1498=CARTESIAN_POINT('Ctrl Pts',(-29.2032657217925,41.6916491723322,8.38313195947411));
#1499=CARTESIAN_POINT('Ctrl Pts',(-32.4477431857151,42.2637380875223,5.79672872066252));
#1500=CARTESIAN_POINT('Ctrl Pts',(-34.2404252947422,42.5798363111771,2.06683431332381));
#1501=CARTESIAN_POINT('Ctrl Pts',(-34.2425744168788,42.5802152593946,-2.06711154145173));
#1502=CARTESIAN_POINT('Ctrl Pts',(-32.4458147749153,42.2633980566684,-5.79555597757702));
#1503=CARTESIAN_POINT('Ctrl Pts',(-29.2044767775811,41.6918627141428,-8.38401889436119));
#1504=CARTESIAN_POINT('Ctrl Pts',(-26.502830302833,41.2154895483088,-8.99999999999999));
#1505=CARTESIAN_POINT('Ctrl Pts',(-25.1519224698779,40.9772880489085,-8.99999999999999));
#1506=CARTESIAN_POINT('',(-25.325570450155,39.99248141535,-9.99849220527503));
#1507=CARTESIAN_POINT('',(-25.1519224698779,40.9772880489085,-8.99999999999999));
#1508=CARTESIAN_POINT('Ctrl Pts',(-25.325570450155,39.99248141535,-9.99849220527503));
#1509=CARTESIAN_POINT('Ctrl Pts',(-26.821341386301,40.2562659616468,-9.9725145281727));
#1510=CARTESIAN_POINT('Ctrl Pts',(-29.788343951647,40.7816974081867,-9.23923309270273));
#1511=CARTESIAN_POINT('Ctrl Pts',(-33.3017400063134,41.4086266709811,-6.34937213571025));
#1512=CARTESIAN_POINT('Ctrl Pts',(-35.2329989519381,41.7551058753846,-2.25755519035991));
#1513=CARTESIAN_POINT('Ctrl Pts',(-35.2308461526051,41.7547024635623,2.25731458723989));
#1514=CARTESIAN_POINT('Ctrl Pts',(-33.3037607235595,41.408990880528,6.3504369739987));
#1515=CARTESIAN_POINT('Ctrl Pts',(-29.7870461865402,40.78146748648,9.23841523337764));
#1516=CARTESIAN_POINT('Ctrl Pts',(-26.821341386301,40.2562659616468,9.9725145281727));
#1517=CARTESIAN_POINT('Ctrl Pts',(-25.3255704501549,39.99248141535,9.99849220527503));
#1518=CARTESIAN_POINT('Ctrl Pts',(-24.978274292211,40.9466691900349,-8.99999999999999));
#1519=CARTESIAN_POINT('Ctrl Pts',(-25.0361570181,40.9568754763261,-8.99999999999999));
#1520=CARTESIAN_POINT('Ctrl Pts',(-25.0940397439889,40.9670817626173,-8.99999999999999));
#1521=CARTESIAN_POINT('Ctrl Pts',(-25.1519224698779,40.9772880489085,-8.99999999999999));
#1522=CARTESIAN_POINT('Ctrl Pts',(-25.0361570181,40.6183999390308,-9.33333333333333));
#1523=CARTESIAN_POINT('Ctrl Pts',(-25.0940397439889,40.628606225322,-9.33333333333333));
#1524=CARTESIAN_POINT('Ctrl Pts',(-25.1519224918165,40.6388123871934,-9.33316582470759));
#1525=CARTESIAN_POINT('Ctrl Pts',(-25.2098051299703,40.6490191710556,-9.33283073509167));
#1526=CARTESIAN_POINT('Ctrl Pts',(-25.0940397439889,40.2901306880268,-9.66666666666666));
#1527=CARTESIAN_POINT('Ctrl Pts',(-25.1519224698779,40.300336974318,-9.66666666666666));
#1528=CARTESIAN_POINT('Ctrl Pts',(-25.2098052396441,40.3105430117694,-9.66633164941519));
#1529=CARTESIAN_POINT('Ctrl Pts',(-25.2676877900626,40.3207502932028,-9.66566147018335));
#1530=CARTESIAN_POINT('Ctrl Pts',(-25.1519224698779,39.9618614370227,-9.99999999999999));
#1531=CARTESIAN_POINT('Ctrl Pts',(-25.2098051957669,39.9720677233139,-9.99999999999999));
#1532=CARTESIAN_POINT('Ctrl Pts',(-25.2676879874716,39.9822736363455,-9.99949747412278));
#1533=CARTESIAN_POINT('Ctrl Pts',(-25.325570450155,39.99248141535,-9.99849220527503));
#1534=CARTESIAN_POINT('Ctrl Pts',(-25.1519224698779,40.9772880489085,-8.99999999999999));
#1535=CARTESIAN_POINT('Ctrl Pts',(-25.0940397439889,40.9670817626173,-8.99999999999999));
#1536=CARTESIAN_POINT('Ctrl Pts',(-25.0361570181,40.9568754763261,-8.99999999999999));
#1537=CARTESIAN_POINT('Ctrl Pts',(-24.978274292211,40.9466691900349,-8.99999999999999));
#1538=CARTESIAN_POINT('Ctrl Pts',(-25.1519224698779,39.9618614370227,-9.99999999999999));
#1539=CARTESIAN_POINT('Ctrl Pts',(-25.2098051957669,39.9720677233139,-9.99999999999999));
#1540=CARTESIAN_POINT('Ctrl Pts',(-25.2676879874716,39.9822736363455,-9.99949747412278));
#1541=CARTESIAN_POINT('Ctrl Pts',(-25.325570450155,39.99248141535,-9.99849220527503));
#1542=CARTESIAN_POINT('Origin',(-9.2110645280027,37.6587713921722,9.49999999999999));
#1543=CARTESIAN_POINT('',(-24.978274292211,40.9466691900349,8.99999999999999));
#1544=CARTESIAN_POINT('',(-25.1519224698779,39.9618614370227,9.99999999999999));
#1545=CARTESIAN_POINT('',(-24.978274292211,40.9466691900349,8.99999999999999));
#1546=CARTESIAN_POINT('',(29.6744293524552,30.2944963569307,9.99999999999999));
#1547=CARTESIAN_POINT('',(-9.29788861683617,37.1663675156661,9.99999999999999));
#1548=CARTESIAN_POINT('',(29.8480775301221,31.2793041099429,8.99999999999999));
#1549=CARTESIAN_POINT('',(29.6744293524552,30.2944963569307,9.99999999999999));
#1550=CARTESIAN_POINT('',(-9.12424043916923,38.1511752686783,8.99999999999999));
#1551=CARTESIAN_POINT('Ctrl Pts',(-25.1519224698779,40.9772880489085,8.99999999999999));
#1552=CARTESIAN_POINT('Ctrl Pts',(-25.0940397439889,40.9670817626173,8.99999999999999));
#1553=CARTESIAN_POINT('Ctrl Pts',(-25.0361570181,40.9568754763261,8.99999999999999));
#1554=CARTESIAN_POINT('Ctrl Pts',(-24.978274292211,40.9466691900349,8.99999999999999));
#1555=CARTESIAN_POINT('Ctrl Pts',(-25.2098051299703,40.6490191710556,9.33283073509167));
#1556=CARTESIAN_POINT('Ctrl Pts',(-25.1519224918165,40.6388123871934,9.33316582470759));
#1557=CARTESIAN_POINT('Ctrl Pts',(-25.0940397439889,40.628606225322,9.33333333333333));
#1558=CARTESIAN_POINT('Ctrl Pts',(-25.0361570181,40.6183999390308,9.33333333333333));
#1559=CARTESIAN_POINT('Ctrl Pts',(-25.2676877900626,40.3207502932028,9.66566147018335));
#1560=CARTESIAN_POINT('Ctrl Pts',(-25.209805239644,40.3105430117694,9.66633164941518));
#1561=CARTESIAN_POINT('Ctrl Pts',(-25.1519224698779,40.300336974318,9.66666666666666));
#1562=CARTESIAN_POINT('Ctrl Pts',(-25.0940397439889,40.2901306880268,9.66666666666666));
#1563=CARTESIAN_POINT('Ctrl Pts',(-25.3255704501549,39.99248141535,9.99849220527503));
#1564=CARTESIAN_POINT('Ctrl Pts',(-25.2676879874716,39.9822736363455,9.99949747412278));
#1565=CARTESIAN_POINT('Ctrl Pts',(-25.2098051957669,39.9720677233139,9.99999999999999));
#1566=CARTESIAN_POINT('Ctrl Pts',(-25.1519224698779,39.9618614370227,9.99999999999999));
#1567=CARTESIAN_POINT('Ctrl Pts',(-24.978274292211,40.9466691900349,8.99999999999999));
#1568=CARTESIAN_POINT('Ctrl Pts',(-25.0361570181,40.9568754763261,8.99999999999999));
#1569=CARTESIAN_POINT('Ctrl Pts',(-25.0940397439889,40.9670817626173,8.99999999999999));
#1570=CARTESIAN_POINT('Ctrl Pts',(-25.1519224698779,40.9772880489085,8.99999999999999));
#1571=CARTESIAN_POINT('Ctrl Pts',(-25.3255704501549,39.99248141535,9.99849220527503));
#1572=CARTESIAN_POINT('Ctrl Pts',(-25.2676879874716,39.9822736363455,9.99949747412278));
#1573=CARTESIAN_POINT('Ctrl Pts',(-25.2098051957669,39.9720677233139,9.99999999999999));
#1574=CARTESIAN_POINT('Ctrl Pts',(-25.1519224698779,39.9618614370227,9.99999999999999));
#1575=CARTESIAN_POINT('Ctrl Pts',(30.0048613101688,31.2516588993832,8.9986388375384));
#1576=CARTESIAN_POINT('Ctrl Pts',(31.3406332621554,31.0161262641743,8.97544332412577));
#1577=CARTESIAN_POINT('Ctrl Pts',(34.0014478710087,30.5469528579703,8.32693973904349));
#1578=CARTESIAN_POINT('Ctrl Pts',(37.1795332767801,29.986570653937,5.73704114647732));
#1579=CARTESIAN_POINT('Ctrl Pts',(38.937062793983,29.6766707806626,2.04314477828687));
#1580=CARTESIAN_POINT('Ctrl Pts',(38.9350200604744,29.6770309696945,-2.04287549062814));
#1581=CARTESIAN_POINT('Ctrl Pts',(37.1813696803698,29.9862468464366,-5.73812880813015));
#1582=CARTESIAN_POINT('Ctrl Pts',(34.0002883377985,30.5471573149602,-8.32610303643635));
#1583=CARTESIAN_POINT('Ctrl Pts',(31.3406332621554,31.0161262641743,-8.97544332412578));
#1584=CARTESIAN_POINT('Ctrl Pts',(30.0048613101688,31.2516588993832,-8.99863883753842));
#1585=CARTESIAN_POINT('Ctrl Pts',(29.95260004471,30.9223988178746,9.33242589169227));
#1586=CARTESIAN_POINT('Ctrl Pts',(31.3364122966937,30.6784084928296,9.31696221688938));
#1587=CARTESIAN_POINT('Ctrl Pts',(34.1009427200211,30.1916870027771,8.66227862264374));
#1588=CARTESIAN_POINT('Ctrl Pts',(37.4229863997815,29.6083898829635,5.98445010910129));
#1589=CARTESIAN_POINT('Ctrl Pts',(39.2690519380906,29.2848835999389,2.13482393209389));
#1590=CARTESIAN_POINT('Ctrl Pts',(39.2668305932837,29.2852672705386,-2.1344919327829));
#1591=CARTESIAN_POINT('Ctrl Pts',(37.4249005501547,29.6080546293412,-5.98569397840996));
#1592=CARTESIAN_POINT('Ctrl Pts',(34.0997543916139,30.1918964981583,-8.66134114247989));
#1593=CARTESIAN_POINT('Ctrl Pts',(31.3364122966937,30.6784084928296,-9.3169622168894));
#1594=CARTESIAN_POINT('Ctrl Pts',(29.95260004471,30.9223988178746,-9.33242589169228));
#1595=CARTESIAN_POINT('Ctrl Pts',(29.9003387792512,30.5931387363661,9.66621294584612));
#1596=CARTESIAN_POINT('Ctrl Pts',(31.3321913312319,30.3406907214849,9.658481109653));
#1597=CARTESIAN_POINT('Ctrl Pts',(34.2004375690335,29.8364211475839,8.99761750624398));
#1598=CARTESIAN_POINT('Ctrl Pts',(37.6664395227829,29.23020911199,6.23185907172526));
#1599=CARTESIAN_POINT('Ctrl Pts',(39.6010410821981,28.8930964192153,2.22650308590091));
#1600=CARTESIAN_POINT('Ctrl Pts',(39.5986411260931,28.8935035713827,-2.22610837493766));
#1601=CARTESIAN_POINT('Ctrl Pts',(37.6684314199397,29.2298624122458,-6.23325914868978));
#1602=CARTESIAN_POINT('Ctrl Pts',(34.1992204454293,29.8366356813563,-8.99657924852344));
#1603=CARTESIAN_POINT('Ctrl Pts',(31.3321913312319,30.3406907214849,-9.65848110965301));
#1604=CARTESIAN_POINT('Ctrl Pts',(29.9003387792512,30.5931387363661,-9.66621294584614));
#1605=CARTESIAN_POINT('Ctrl Pts',(29.8480775137923,30.2638786548575,9.99999999999999));
#1606=CARTESIAN_POINT('Ctrl Pts',(31.3279703657701,30.0029729501402,10.0000000024166));
#1607=CARTESIAN_POINT('Ctrl Pts',(34.299932418046,29.4811552923907,9.33295638984422));
#1608=CARTESIAN_POINT('Ctrl Pts',(37.9098926457844,28.8520283410166,6.47926803434924));
#1609=CARTESIAN_POINT('Ctrl Pts',(39.9330302263056,28.5013092384917,2.31818223970793));
#1610=CARTESIAN_POINT('Ctrl Pts',(39.9304516589024,28.5017398722268,-2.31772481709242));
#1611=CARTESIAN_POINT('Ctrl Pts',(37.9119622897247,28.8516701951504,-6.4808243189696));
#1612=CARTESIAN_POINT('Ctrl Pts',(34.2986864992448,29.4813748645543,-9.33181735456698));
#1613=CARTESIAN_POINT('Ctrl Pts',(31.3279703657701,30.0029729501402,-10.0000000024166));
#1614=CARTESIAN_POINT('Ctrl Pts',(29.8480775137923,30.2638786548575,-10.));
#1615=CARTESIAN_POINT('',(30.0048613101688,31.2516588993832,8.9986388375384));
#1616=CARTESIAN_POINT('',(29.8480775142702,30.2638786575679,9.99999999999999));
#1617=CARTESIAN_POINT('',(30.0048613101688,31.2516588993832,8.9986388375384));
#1618=CARTESIAN_POINT('',(29.8480775142702,30.2638786575679,-10.));
#1619=CARTESIAN_POINT('Ctrl Pts',(29.8480775137923,30.2638786548575,9.99999999999999));
#1620=CARTESIAN_POINT('Ctrl Pts',(31.3279703657701,30.0029729501402,10.0000000024166));
#1621=CARTESIAN_POINT('Ctrl Pts',(34.299932418046,29.4811552923907,9.33295638984422));
#1622=CARTESIAN_POINT('Ctrl Pts',(37.9098926457844,28.8520283410166,6.47926803434924));
#1623=CARTESIAN_POINT('Ctrl Pts',(39.9330302263056,28.5013092384917,2.31818223970793));
#1624=CARTESIAN_POINT('Ctrl Pts',(39.9304516589024,28.5017398722268,-2.31772481709242));
#1625=CARTESIAN_POINT('Ctrl Pts',(37.9119622897247,28.8516701951504,-6.4808243189696));
#1626=CARTESIAN_POINT('Ctrl Pts',(34.2986864992448,29.4813748645543,-9.33181735456698));
#1627=CARTESIAN_POINT('Ctrl Pts',(31.3279703657701,30.0029729501402,-10.0000000024166));
#1628=CARTESIAN_POINT('Ctrl Pts',(29.8480775137923,30.2638786548575,-10.));
#1629=CARTESIAN_POINT('',(30.0048613101688,31.2516588993832,-8.99863883753842));
#1630=CARTESIAN_POINT('',(29.8480775142702,30.2638786575679,-10.));
#1631=CARTESIAN_POINT('Ctrl Pts',(30.0048613101688,31.2516588993832,-8.99863883753842));
#1632=CARTESIAN_POINT('Ctrl Pts',(31.3406332621554,31.0161262641743,-8.97544332412578));
#1633=CARTESIAN_POINT('Ctrl Pts',(34.0002883377985,30.5471573149602,-8.32610303643635));
#1634=CARTESIAN_POINT('Ctrl Pts',(37.1813696803698,29.9862468464366,-5.73812880813015));
#1635=CARTESIAN_POINT('Ctrl Pts',(38.9350200604744,29.6770309696945,-2.04287549062814));
#1636=CARTESIAN_POINT('Ctrl Pts',(38.937062793983,29.6766707806626,2.04314477828687));
#1637=CARTESIAN_POINT('Ctrl Pts',(37.1795332767801,29.986570653937,5.73704114647732));
#1638=CARTESIAN_POINT('Ctrl Pts',(34.0014478710087,30.5469528579703,8.32693973904349));
#1639=CARTESIAN_POINT('Ctrl Pts',(31.3406332621554,31.0161262641743,8.97544332412577));
#1640=CARTESIAN_POINT('Ctrl Pts',(30.0048613101688,31.2516588993832,8.9986388375384));
#1641=CARTESIAN_POINT('Ctrl Pts',(29.8480775301221,31.2793041099429,8.99999999999999));
#1642=CARTESIAN_POINT('Ctrl Pts',(29.9003414465946,31.2700885713513,8.99999999999999));
#1643=CARTESIAN_POINT('Ctrl Pts',(29.9526053629806,31.2608730327749,8.9995462556318));
#1644=CARTESIAN_POINT('Ctrl Pts',(30.0048613249082,31.2516588967842,8.99863883728245));
#1645=CARTESIAN_POINT('Ctrl Pts',(29.7901948042331,30.9510348589388,9.33333333333332));
#1646=CARTESIAN_POINT('Ctrl Pts',(29.8443297839714,30.9414894014109,9.33333333333332));
#1647=CARTESIAN_POINT('Ctrl Pts',(29.898464741261,30.9319438195653,9.33303083708786));
#1648=CARTESIAN_POINT('Ctrl Pts',(29.9526000599795,30.9223988151823,9.33242589152163));
#1649=CARTESIAN_POINT('Ctrl Pts',(29.7323120783441,30.6227656079347,9.66666666666665));
#1650=CARTESIAN_POINT('Ctrl Pts',(29.7883181213481,30.6128902314704,9.66666666666665));
#1651=CARTESIAN_POINT('Ctrl Pts',(29.8443241195414,30.6030146063557,9.66651541854392));
#1652=CARTESIAN_POINT('Ctrl Pts',(29.9003387950508,30.5931387335804,9.66621294576081));
#1653=CARTESIAN_POINT('Ctrl Pts',(29.6744293524552,30.2944963569307,9.99999999999999));
#1654=CARTESIAN_POINT('Ctrl Pts',(29.7323064587249,30.28429106153,9.99999999999999));
#1655=CARTESIAN_POINT('Ctrl Pts',(29.7901834978217,30.2740853931461,9.99999999999999));
#1656=CARTESIAN_POINT('Ctrl Pts',(29.8480775301221,30.2638786519785,9.99999999999999));
#1657=CARTESIAN_POINT('Ctrl Pts',(30.0048613101688,31.2516588993832,8.9986388375384));
#1658=CARTESIAN_POINT('Ctrl Pts',(29.9526053531528,31.2608730345078,8.99954625571712));
#1659=CARTESIAN_POINT('Ctrl Pts',(29.9003414416807,31.2700885722177,8.99999999999999));
#1660=CARTESIAN_POINT('Ctrl Pts',(29.8480775301221,31.2793041099429,8.99999999999999));
#1661=CARTESIAN_POINT('Ctrl Pts',(29.6744293524552,30.2944963569307,9.99999999999999));
#1662=CARTESIAN_POINT('Ctrl Pts',(29.7323064532832,30.2842910624895,9.99999999999999));
#1663=CARTESIAN_POINT('Ctrl Pts',(29.7901834869385,30.2740853950652,9.99999999999999));
#1664=CARTESIAN_POINT('Ctrl Pts',(29.8480775137923,30.2638786548575,9.99999999999999));
#1665=CARTESIAN_POINT('Ctrl Pts',(30.0048613249082,31.2516588967842,-8.99863883728247));
#1666=CARTESIAN_POINT('Ctrl Pts',(29.9526053629806,31.2608730327749,-8.99954625563181));
#1667=CARTESIAN_POINT('Ctrl Pts',(29.9003414465946,31.2700885713513,-9.));
#1668=CARTESIAN_POINT('Ctrl Pts',(29.8480775301221,31.2793041099429,-9.));
#1669=CARTESIAN_POINT('Ctrl Pts',(29.9526000599795,30.9223988151823,-9.33242589152164));
#1670=CARTESIAN_POINT('Ctrl Pts',(29.898464741261,30.9319438195653,-9.33303083708787));
#1671=CARTESIAN_POINT('Ctrl Pts',(29.8443297839714,30.9414894014109,-9.33333333333333));
#1672=CARTESIAN_POINT('Ctrl Pts',(29.7901948042331,30.9510348589388,-9.33333333333333));
#1673=CARTESIAN_POINT('Ctrl Pts',(29.9003387950508,30.5931387335804,-9.66621294576082));
#1674=CARTESIAN_POINT('Ctrl Pts',(29.8443241195414,30.6030146063557,-9.66651541854394));
#1675=CARTESIAN_POINT('Ctrl Pts',(29.7883181213481,30.6128902314704,-9.66666666666667));
#1676=CARTESIAN_POINT('Ctrl Pts',(29.7323120783441,30.6227656079347,-9.66666666666667));
#1677=CARTESIAN_POINT('Ctrl Pts',(29.8480775301221,30.2638786519785,-10.));
#1678=CARTESIAN_POINT('Ctrl Pts',(29.7901834978217,30.2740853931461,-10.));
#1679=CARTESIAN_POINT('Ctrl Pts',(29.7323064587249,30.28429106153,-10.));
#1680=CARTESIAN_POINT('Ctrl Pts',(29.6744293524551,30.2944963569307,-10.));
#1681=CARTESIAN_POINT('Ctrl Pts',(29.8480775301221,31.2793041099429,-9.));
#1682=CARTESIAN_POINT('Ctrl Pts',(29.9003414416807,31.2700885722177,-9.));
#1683=CARTESIAN_POINT('Ctrl Pts',(29.9526053531528,31.2608730345078,-8.99954625571713));
#1684=CARTESIAN_POINT('Ctrl Pts',(30.0048613101688,31.2516588993832,-8.99863883753842));
#1685=CARTESIAN_POINT('Ctrl Pts',(29.8480775137923,30.2638786548575,-10.));
#1686=CARTESIAN_POINT('Ctrl Pts',(29.7901834869384,30.2740853950652,-10.));
#1687=CARTESIAN_POINT('Ctrl Pts',(29.7323064532832,30.2842910624895,-10.));
#1688=CARTESIAN_POINT('Ctrl Pts',(29.6744293524551,30.2944963569307,-10.));
#1689=CARTESIAN_POINT('Origin',(29.8480775301221,13.2635182233307,-10.));
#1690=CARTESIAN_POINT('',(29.8480775301221,17.5,-10.));
#1691=CARTESIAN_POINT('',(29.8480775301221,13.2635182233307,-10.));
#1692=CARTESIAN_POINT('',(-25.1519224698779,17.5,-9.99999999999999));
#1693=CARTESIAN_POINT('',(14.924038765061,17.5,-10.));
#1694=CARTESIAN_POINT('',(-25.1519224698779,13.2635182233307,-9.99999999999999));
#1695=CARTESIAN_POINT('Origin',(29.8480775301221,13.2635182233307,-7.04301576281721E-15));
#1696=CARTESIAN_POINT('',(29.8480775301221,17.5,9.99999999999999));
#1697=CARTESIAN_POINT('',(29.8480775301221,13.2635182233307,9.99999999999999));
#1698=CARTESIAN_POINT('Origin',(29.8480775301221,17.5,-7.04301576281721E-15));
#1699=CARTESIAN_POINT('Origin',(2.16410782762011,36.1607349016097,-4.44089209850063E-15));
#1700=CARTESIAN_POINT('',(15.1736481776669,33.866801931281,6.));
#1701=CARTESIAN_POINT('',(15.1736481776669,33.866801931281,-6.));
#1702=CARTESIAN_POINT('Origin',(15.1736481776669,33.866801931281,0.));
#1703=CARTESIAN_POINT('',(-14.8263518223331,39.1566113525349,6.));
#1704=CARTESIAN_POINT('',(7.20520230149398,35.2718539335654,6.));
#1705=CARTESIAN_POINT('',(-14.8263518223331,39.1566113525349,-6.));
#1706=CARTESIAN_POINT('Origin',(-14.8263518223331,39.1566113525349,0.));
#1707=CARTESIAN_POINT('',(-7.34249235440033,37.8370050085079,-6.));
#1708=CARTESIAN_POINT('',(29.8480775301221,31.2793041099429,3.9630240067924));
#1709=CARTESIAN_POINT('Origin',(29.8480775301221,31.2793041099429,-7.04301576281721E-15));
#1710=CARTESIAN_POINT('Origin',(29.8480775301221,31.2793041099429,-7.04301576281721E-15));
#1711=CARTESIAN_POINT('',(28.1115957534528,21.4312265798208,3.9630240067924));
#1712=CARTESIAN_POINT('',(29.8480775301221,31.2793041099429,3.9630240067924));
#1713=CARTESIAN_POINT('Origin',(28.1115957534528,21.4312265798208,-7.04301576281721E-15));
#1714=CARTESIAN_POINT('Origin',(28.1115957534528,21.4312265798208,-7.21644966006352E-15));
#1715=CARTESIAN_POINT('Ctrl Pts',(15.,32.8819941782688,-5.));
#1716=CARTESIAN_POINT('Ctrl Pts',(15.7479982508547,32.7237234504907,-5.));
#1717=CARTESIAN_POINT('Ctrl Pts',(17.2464548663608,32.4066614536089,-4.65784606874263));
#1718=CARTESIAN_POINT('Ctrl Pts',(19.0388779759559,32.0273983875285,-3.22512197097561));
#1719=CARTESIAN_POINT('Ctrl Pts',(20.3897098483588,31.7415726609218,-0.456269606252701));
#1720=CARTESIAN_POINT('Ctrl Pts',(19.6587875961812,31.8962302375528,2.74975863700721));
#1721=CARTESIAN_POINT('Ctrl Pts',(17.2370996715569,32.4086409415133,4.65719116606221));
#1722=CARTESIAN_POINT('Ctrl Pts',(15.7479982508547,32.7237234504907,5.));
#1723=CARTESIAN_POINT('Ctrl Pts',(15.,32.8819941782688,5.));
#1724=CARTESIAN_POINT('Ctrl Pts',(15.0259777066318,33.029321073605,-5.));
#1725=CARTESIAN_POINT('Ctrl Pts',(15.7743813148977,32.8734905843733,-4.9961027976059));
#1726=CARTESIAN_POINT('Ctrl Pts',(17.2699014017397,32.5616393254738,-4.64583394358104));
#1727=CARTESIAN_POINT('Ctrl Pts',(19.0498706859741,32.1894279177254,-3.20895713380295));
#1728=CARTESIAN_POINT('Ctrl Pts',(20.3846502367286,31.9095531018241,-0.452208891870934));
#1729=CARTESIAN_POINT('Ctrl Pts',(19.6645076889116,32.0607909991033,2.73192895215267));
#1730=CARTESIAN_POINT('Ctrl Pts',(17.2610104608313,32.5635439866527,4.64526822582554));
#1731=CARTESIAN_POINT('Ctrl Pts',(15.7743813148977,32.8734905843733,4.9961027976059));
#1732=CARTESIAN_POINT('Ctrl Pts',(15.0259777066318,33.029321073605,5.));
#1733=CARTESIAN_POINT('Ctrl Pts',(15.0778447049468,33.3234734381873,-5.06846802066137));
#1734=CARTESIAN_POINT('Ctrl Pts',(15.8373504034632,33.1724959846988,-5.05911155009253));
#1735=CARTESIAN_POINT('Ctrl Pts',(17.349719128694,32.8709689498699,-4.69269428919249));
#1736=CARTESIAN_POINT('Ctrl Pts',(19.1371972631833,32.5127675368486,-3.23002936793456));
#1737=CARTESIAN_POINT('Ctrl Pts',(20.467729313494,32.2446947050998,-0.45257499345885));
#1738=CARTESIAN_POINT('Ctrl Pts',(19.753012145392,32.3891598502778,2.74400758509932));
#1739=CARTESIAN_POINT('Ctrl Pts',(17.3413969649361,32.8727292049365,4.69225018759264));
#1740=CARTESIAN_POINT('Ctrl Pts',(15.8373504034632,33.1724959846988,5.05911155009253));
#1741=CARTESIAN_POINT('Ctrl Pts',(15.0778447049468,33.3234734381873,5.06846802066137));
#1742=CARTESIAN_POINT('Ctrl Pts',(15.150879456126,33.73767409475,-5.40295662823507));
#1743=CARTESIAN_POINT('Ctrl Pts',(15.9610627593839,33.5902362487535,-5.39316858726888));
#1744=CARTESIAN_POINT('Ctrl Pts',(17.574527996497,33.2963011449663,-5.00284203680443));
#1745=CARTESIAN_POINT('Ctrl Pts',(19.4817657644783,32.9480328254341,-3.44350857496114));
#1746=CARTESIAN_POINT('Ctrl Pts',(20.9013006275884,32.688242995529,-0.482455704897707));
#1747=CARTESIAN_POINT('Ctrl Pts',(20.1388248057762,32.8279660216801,2.92534577188429));
#1748=CARTESIAN_POINT('Ctrl Pts',(17.5656627764472,33.2979529277113,5.00237355883332));
#1749=CARTESIAN_POINT('Ctrl Pts',(15.9610627593839,33.5902362487535,5.39316858726888));
#1750=CARTESIAN_POINT('Ctrl Pts',(15.150879456126,33.73767409475,5.40295662823507));
#1751=CARTESIAN_POINT('Ctrl Pts',(15.1736481776669,33.866801931281,-5.77560052474359));
#1752=CARTESIAN_POINT('Ctrl Pts',(16.038661350538,33.7143515162863,-5.7718664748308));
#1753=CARTESIAN_POINT('Ctrl Pts',(17.7680273896343,33.4093186503611,-5.36877241696808));
#1754=CARTESIAN_POINT('Ctrl Pts',(19.827892571135,33.0462746927036,-3.70956230690536));
#1755=CARTESIAN_POINT('Ctrl Pts',(21.3735514924649,32.7737449647504,-0.523036764633922));
#1756=CARTESIAN_POINT('Ctrl Pts',(20.5393195427278,32.9208947492021,3.15875187386244));
#1757=CARTESIAN_POINT('Ctrl Pts',(17.7576757736041,33.4111699148346,5.36811088967763));
#1758=CARTESIAN_POINT('Ctrl Pts',(16.038661350538,33.7143515162863,5.7718664748308));
#1759=CARTESIAN_POINT('Ctrl Pts',(15.1736481776669,33.866801931281,5.77560052474359));
#1760=CARTESIAN_POINT('Ctrl Pts',(15.1736481776669,33.866801931281,-6.));
#1761=CARTESIAN_POINT('Ctrl Pts',(16.0712460786926,33.7085312035029,-6.));
#1762=CARTESIAN_POINT('Ctrl Pts',(17.8693940172999,33.3914692066211,-5.58941528249116));
#1763=CARTESIAN_POINT('Ctrl Pts',(20.0203017488141,33.0122061405407,-3.87014636517073));
#1764=CARTESIAN_POINT('Ctrl Pts',(21.6412999956975,32.726380413934,-0.547523527503242));
#1765=CARTESIAN_POINT('Ctrl Pts',(20.7641932930844,32.881037990565,3.29971036440866));
#1766=CARTESIAN_POINT('Ctrl Pts',(17.8581677835352,33.3934486945255,5.58862939927465));
#1767=CARTESIAN_POINT('Ctrl Pts',(16.0712460786926,33.7085312035029,6.));
#1768=CARTESIAN_POINT('Ctrl Pts',(15.1736481776669,33.866801931281,6.));
#1769=CARTESIAN_POINT('',(15.,32.8819941782688,-5.));
#1770=CARTESIAN_POINT('Origin',(15.,32.8819941782688,-6.));
#1771=CARTESIAN_POINT('',(15.,32.8819941782688,5.));
#1772=CARTESIAN_POINT('Origin',(15.,32.8819941782688,0.));
#1773=CARTESIAN_POINT('Origin',(15.,32.8819941782688,6.));
#1774=CARTESIAN_POINT('Origin',(7.03155412382705,34.2870461805532,6.));
#1775=CARTESIAN_POINT('',(-15.,38.1718035995227,5.));
#1776=CARTESIAN_POINT('Origin',(-15.,38.1718035995227,6.));
#1777=CARTESIAN_POINT('',(7.03155412382705,34.2870461805532,5.));
#1778=CARTESIAN_POINT('Ctrl Pts',(-15.,38.1718035995227,5.));
#1779=CARTESIAN_POINT('Ctrl Pts',(-15.7479982508547,38.3300743273008,5.));
#1780=CARTESIAN_POINT('Ctrl Pts',(-18.0078500859518,38.8082417484182,4.50139410599711));
#1781=CARTESIAN_POINT('Ctrl Pts',(-20.0542467376912,39.241243679938,1.92786062042031));
#1782=CARTESIAN_POINT('Ctrl Pts',(-20.0371671812362,39.2376297759921,-1.15378131982206));
#1783=CARTESIAN_POINT('Ctrl Pts',(-19.0453906668703,39.0277774260132,-3.22224925743157));
#1784=CARTESIAN_POINT('Ctrl Pts',(-17.2423103511631,38.646259376361,-4.65987758379733));
#1785=CARTESIAN_POINT('Ctrl Pts',(-15.7479982508547,38.3300743273008,-5.));
#1786=CARTESIAN_POINT('Ctrl Pts',(-15.,38.1718035995227,-5.));
#1787=CARTESIAN_POINT('Ctrl Pts',(-14.9480445867364,38.4664573901952,5.));
#1788=CARTESIAN_POINT('Ctrl Pts',(-15.6964425981979,38.6197495401679,5.00801008928512));
#1789=CARTESIAN_POINT('Ctrl Pts',(-17.970509628683,39.0842455383484,4.53229828314531));
#1790=CARTESIAN_POINT('Ctrl Pts',(-20.0550777224188,39.5068206692612,1.94811811603343));
#1791=CARTESIAN_POINT('Ctrl Pts',(-20.0376427168757,39.5033334277108,-1.16565582583766));
#1792=CARTESIAN_POINT('Ctrl Pts',(-19.0275764020681,39.2985114883605,-3.24853987537715));
#1793=CARTESIAN_POINT('Ctrl Pts',(-17.2001964466841,38.9269706571802,-4.68185972649026));
#1794=CARTESIAN_POINT('Ctrl Pts',(-15.6964425981979,38.6197495401679,-5.00801008928512));
#1795=CARTESIAN_POINT('Ctrl Pts',(-14.9480445867364,38.4664573901952,-5.));
#1796=CARTESIAN_POINT('Ctrl Pts',(-14.8581121447069,38.976489613671,5.25121280365711));
#1797=CARTESIAN_POINT('Ctrl Pts',(-15.6460933758968,39.1218567117284,5.26356412269455));
#1798=CARTESIAN_POINT('Ctrl Pts',(-18.0444110444957,39.5634740524045,4.77640051212655));
#1799=CARTESIAN_POINT('Ctrl Pts',(-20.2549026196742,39.9688007182294,2.05622418619662));
#1800=CARTESIAN_POINT('Ctrl Pts',(-20.2359549885833,39.9653311309298,-1.23020092053247));
#1801=CARTESIAN_POINT('Ctrl Pts',(-19.1655067304596,39.7690313104692,-3.42548557931159));
#1802=CARTESIAN_POINT('Ctrl Pts',(-17.2313297629579,39.4137605628509,-4.92964845453687));
#1803=CARTESIAN_POINT('Ctrl Pts',(-15.6460933758968,39.1218567117284,-5.26356412269455));
#1804=CARTESIAN_POINT('Ctrl Pts',(-14.8581121447069,38.976489613671,-5.25121280365711));
#1805=CARTESIAN_POINT('Ctrl Pts',(-14.8263518223331,39.1566113525349,5.77560052474359));
#1806=CARTESIAN_POINT('Ctrl Pts',(-15.6914701333404,39.3090870338281,5.77927947125789));
#1807=CARTESIAN_POINT('Ctrl Pts',(-18.3102670691577,39.7708895963768,5.2142579496672));
#1808=CARTESIAN_POINT('Ctrl Pts',(-20.693235445234,40.1910223329195,2.23632976224671));
#1809=CARTESIAN_POINT('Ctrl Pts',(-20.6731758684249,40.18752832979,-1.33827105186835));
#1810=CARTESIAN_POINT('Ctrl Pts',(-19.5185604514266,39.9839171861988,-3.73445144332228));
#1811=CARTESIAN_POINT('Ctrl Pts',(-17.4229052808527,39.6144803953065,-5.39340589111687));
#1812=CARTESIAN_POINT('Ctrl Pts',(-15.6914701333404,39.3090870338281,-5.77927947125789));
#1813=CARTESIAN_POINT('Ctrl Pts',(-14.8263518223331,39.1566113525349,-5.77560052474359));
#1814=CARTESIAN_POINT('Ctrl Pts',(-14.8263518223331,39.1566113525349,6.));
#1815=CARTESIAN_POINT('Ctrl Pts',(-15.7239497233587,39.314882080313,6.));
#1816=CARTESIAN_POINT('Ctrl Pts',(-18.4357719254753,39.7930495014304,5.40167292719654));
#1817=CARTESIAN_POINT('Ctrl Pts',(-20.8914479075625,40.2260514329502,2.31343274450437));
#1818=CARTESIAN_POINT('Ctrl Pts',(-20.8709524398165,40.2224375290043,-1.38453758378647));
#1819=CARTESIAN_POINT('Ctrl Pts',(-19.6808206225775,40.0125851790254,-3.86669910891788));
#1820=CARTESIAN_POINT('Ctrl Pts',(-17.5171242437289,39.6310671293733,-5.59185310055679));
#1821=CARTESIAN_POINT('Ctrl Pts',(-15.7239497233587,39.314882080313,-6.));
#1822=CARTESIAN_POINT('Ctrl Pts',(-14.8263518223331,39.1566113525349,-6.));
#1823=CARTESIAN_POINT('',(-15.,38.1718035995227,-5.));
#1824=CARTESIAN_POINT('Origin',(-15.,38.1718035995227,-6.));
#1825=CARTESIAN_POINT('Origin',(-15.,38.1718035995227,0.));
#1826=CARTESIAN_POINT('Origin',(-7.51614053206726,36.8521972554957,-6.));
#1827=CARTESIAN_POINT('',(-7.51614053206726,36.8521972554957,-5.));
#1828=CARTESIAN_POINT('Origin',(15.,50.,5.));
#1829=CARTESIAN_POINT('',(15.,25.,5.));
#1830=CARTESIAN_POINT('',(15.,50.,5.));
#1831=CARTESIAN_POINT('',(-15.,25.,5.));
#1832=CARTESIAN_POINT('',(-15.,25.,5.));
#1833=CARTESIAN_POINT('',(-15.,50.,5.));
#1834=CARTESIAN_POINT('Origin',(15.,50.,0.));
#1835=CARTESIAN_POINT('',(15.,25.,-5.));
#1836=CARTESIAN_POINT('',(15.,50.,-5.));
#1837=CARTESIAN_POINT('Origin',(15.,25.,0.));
#1838=CARTESIAN_POINT('Origin',(-15.,50.,-5.));
#1839=CARTESIAN_POINT('',(-15.,25.,-5.));
#1840=CARTESIAN_POINT('',(-15.,50.,-5.));
#1841=CARTESIAN_POINT('',(15.,25.,-5.));
#1842=CARTESIAN_POINT('Origin',(-15.,50.,0.));
#1843=CARTESIAN_POINT('Origin',(-15.,25.,0.));
#1844=CARTESIAN_POINT('Origin',(0.,25.,0.));
#1845=CARTESIAN_POINT('Origin',(-12.575961234939,17.5,12.5));
#1846=CARTESIAN_POINT('Origin',(29.8480775301221,17.5,12.5));
#1847=CARTESIAN_POINT('',(-25.1519224698779,17.5,9.99999999999999));
#1848=CARTESIAN_POINT('',(-12.575961234939,17.5,9.99999999999999));
#1849=CARTESIAN_POINT('Origin',(-25.1519224698779,17.5,12.5));
#1850=CARTESIAN_POINT('Origin',(-25.1519224698779,17.5,-1.11022302462516E-15));
#1851=CARTESIAN_POINT('Origin',(-25.1519224698779,17.5,-12.5));
#1852=CARTESIAN_POINT('Origin',(-25.1519224698779,17.5,-1.11022302462516E-15));
#1853=CARTESIAN_POINT('Origin',(14.924038765061,17.5,-12.5));
#1854=CARTESIAN_POINT('Origin',(29.8480775301221,17.5,-12.5));
#1855=CARTESIAN_POINT('Origin',(29.8480775301221,17.5,-7.04301576281721E-15));
#1856=CARTESIAN_POINT('Origin',(-25.1519224698779,13.2635182233307,-1.11022302462516E-15));
#1857=CARTESIAN_POINT('',(-25.1519224698779,13.2635182233307,9.99999999999999));
#1858=CARTESIAN_POINT('Origin',(-25.1519224698779,13.2635182233307,9.99999999999999));
#1859=CARTESIAN_POINT('Origin',(0.,7.11956442444626,24.5));
#1860=CARTESIAN_POINT('',(4.525682769217,7.11956442444626,25.));
#1861=CARTESIAN_POINT('Origin',(0.,7.11956442444626,25.));
#1862=CARTESIAN_POINT('',(3.525682769217,7.11956442444626,24.));
#1863=CARTESIAN_POINT('',(4.025682769217,7.11956442444626,24.5));
#1864=CARTESIAN_POINT('Origin',(0.,7.11956442444626,24.));
#1865=CARTESIAN_POINT('Origin',(0.,7.11956442444626,-25.));
#1866=CARTESIAN_POINT('',(3.525682769217,7.11956442444626,-24.));
#1867=CARTESIAN_POINT('Origin',(0.,7.11956442444626,-24.));
#1868=CARTESIAN_POINT('',(3.525682769217,7.11956442444626,-25.));
#1869=CARTESIAN_POINT('Origin',(-50.,0.,25.));
#1870=CARTESIAN_POINT('',(-40.,0.,25.));
#1871=CARTESIAN_POINT('',(-40.,0.,25.));
#1872=CARTESIAN_POINT('',(40.,0.,25.));
#1873=CARTESIAN_POINT('',(50.,0.,25.));
#1874=CARTESIAN_POINT('',(40.,0.,25.));
#1875=CARTESIAN_POINT('Origin',(0.,7.11956442444626,-24.5));
#1876=CARTESIAN_POINT('',(4.525682769217,7.11956442444626,-25.));
#1877=CARTESIAN_POINT('Origin',(0.,7.11956442444626,-25.));
#1878=CARTESIAN_POINT('',(4.025682769217,7.11956442444626,-24.5));
#1879=CARTESIAN_POINT('Origin',(50.,0.,-25.));
#1880=CARTESIAN_POINT('',(40.,13.,-25.));
#1881=CARTESIAN_POINT('',(-40.,13.,-25.));
#1882=CARTESIAN_POINT('',(25.,13.,-25.));
#1883=CARTESIAN_POINT('',(40.,0.,-25.));
#1884=CARTESIAN_POINT('',(40.,0.,-25.));
#1885=CARTESIAN_POINT('',(-40.,0.,-25.));
#1886=CARTESIAN_POINT('',(-50.,0.,-25.));
#1887=CARTESIAN_POINT('',(-40.,0.,-25.));
#1888=CARTESIAN_POINT('Origin',(40.,14.,15.));
#1889=CARTESIAN_POINT('',(50.,13.,15.));
#1890=CARTESIAN_POINT('Origin',(40.,13.,15.));
#1891=CARTESIAN_POINT('',(50.,13.,15.));
#1892=CARTESIAN_POINT('Origin',(49.,14.,12.5));
#1893=CARTESIAN_POINT('',(50.,13.,-15.));
#1894=CARTESIAN_POINT('',(50.,13.,-15.));
#1895=CARTESIAN_POINT('',(50.,13.,12.5));
#1896=CARTESIAN_POINT('Origin',(40.,14.,-15.));
#1897=CARTESIAN_POINT('Origin',(40.,13.,-15.));
#1898=CARTESIAN_POINT('',(40.,13.,-25.));
#1899=CARTESIAN_POINT('Origin',(25.,14.,-24.));
#1900=CARTESIAN_POINT('',(-40.,13.,-25.));
#1901=CARTESIAN_POINT('Origin',(-40.,14.,-15.));
#1902=CARTESIAN_POINT('Origin',(-40.,13.,-15.));
#1903=CARTESIAN_POINT('Origin',(40.,0.,-15.));
#1904=CARTESIAN_POINT('',(50.,0.,-15.));
#1905=CARTESIAN_POINT('',(50.,0.,-15.));
#1906=CARTESIAN_POINT('Origin',(40.,0.,-15.));
#1907=CARTESIAN_POINT('Origin',(50.,0.,25.));
#1908=CARTESIAN_POINT('',(50.,0.,15.));
#1909=CARTESIAN_POINT('',(50.,0.,15.));
#1910=CARTESIAN_POINT('',(50.,0.,-25.));
#1911=CARTESIAN_POINT('Origin',(40.,0.,15.));
#1912=CARTESIAN_POINT('Origin',(40.,0.,15.));
#1913=CARTESIAN_POINT('Origin',(-40.,0.,-15.));
#1914=CARTESIAN_POINT('',(-50.,0.,-15.));
#1915=CARTESIAN_POINT('Origin',(-40.,0.,-15.));
#1916=CARTESIAN_POINT('',(-50.,0.,-15.));
#1917=CARTESIAN_POINT('Origin',(0.,0.,0.));
#1918=CARTESIAN_POINT('',(-50.,0.,15.));
#1919=CARTESIAN_POINT('Origin',(-40.,0.,15.));
#1920=CARTESIAN_POINT('',(-50.,0.,25.));
#1921=CARTESIAN_POINT('Origin',(-40.,0.,15.));
#1922=CARTESIAN_POINT('',(-50.,0.,15.));
#1923=CARTESIAN_POINT('Origin',(-50.,0.,-25.));
#1924=UNCERTAINTY_MEASURE_WITH_UNIT(LENGTH_MEASURE(0.01),#1928,
'DISTANCE_ACCURACY_VALUE',
'Maximum model space distance between geometric entities at asserted c
onnectivities');
#1925=UNCERTAINTY_MEASURE_WITH_UNIT(LENGTH_MEASURE(0.01),#1928,
'DISTANCE_ACCURACY_VALUE',
'Maximum model space distance between geometric entities at asserted c
onnectivities');
#1926=(
GEOMETRIC_REPRESENTATION_CONTEXT(3)
GLOBAL_UNCERTAINTY_ASSIGNED_CONTEXT((#1924))
GLOBAL_UNIT_ASSIGNED_CONTEXT((#1928,#1930,#1931))
REPRESENTATION_CONTEXT('','3D')
);
#1927=(
GEOMETRIC_REPRESENTATION_CONTEXT(3)
GLOBAL_UNCERTAINTY_ASSIGNED_CONTEXT((#1925))
GLOBAL_UNIT_ASSIGNED_CONTEXT((#1928,#1930,#1931))
REPRESENTATION_CONTEXT('','3D')
);
#1928=(
LENGTH_UNIT()
NAMED_UNIT(*)
SI_UNIT(.MILLI.,.METRE.)
);
#1929=(
LENGTH_UNIT()
NAMED_UNIT(*)
SI_UNIT($,.METRE.)
);
#1930=(
NAMED_UNIT(*)
PLANE_ANGLE_UNIT()
SI_UNIT($,.RADIAN.)
);
#1931=(
NAMED_UNIT(*)
SI_UNIT($,.STERADIAN.)
SOLID_ANGLE_UNIT()
);
#1932=SHAPE_DEFINITION_REPRESENTATION(#1933,#1934);
#1933=PRODUCT_DEFINITION_SHAPE('',$,#1936);
#1934=SHAPE_REPRESENTATION('',(#977),#1926);
#1935=PRODUCT_DEFINITION_CONTEXT('part definition',#1940,'design');
#1936=PRODUCT_DEFINITION('(Unsaved)','(Unsaved)',#1937,#1935);
#1937=PRODUCT_DEFINITION_FORMATION('',$,#1942);
#1938=PRODUCT_RELATED_PRODUCT_CATEGORY('(Unsaved)','(Unsaved)',(#1942));
#1939=APPLICATION_PROTOCOL_DEFINITION('international standard',
'automotive_design',2009,#1940);
#1940=APPLICATION_CONTEXT(
'Core Data for Automotive Mechanical Design Process');
#1941=PRODUCT_CONTEXT('part definition',#1940,'mechanical');
#1942=PRODUCT('(Unsaved)','(Unsaved)',$,(#1941));
#1943=PRESENTATION_STYLE_ASSIGNMENT((#1944));
#1944=SURFACE_STYLE_USAGE(.BOTH.,#1945);
#1945=SURFACE_SIDE_STYLE('',(#1946));
#1946=SURFACE_STYLE_FILL_AREA(#1947);
#1947=FILL_AREA_STYLE('Steel - Satin',(#1948));
#1948=FILL_AREA_STYLE_COLOUR('Steel - Satin',#1949);
#1949=COLOUR_RGB('Steel - Satin',0.627450980392157,0.627450980392157,0.627450980392157);
ENDSEC;
END-ISO-10303-21;
