ISO-10303-21;
HEADER;
FILE_DESCRIPTION(('Open CASCADE Model'),'2;1');
FILE_NAME('Open CASCADE Shape Model','2024-12-16T14:41:52',(
    'Analysis Situs'),('Analysis Situs'),
  'Open CASCADE STEP processor 7.6','Analysis Situs 2024.2','Unknown');
FILE_SCHEMA(('AUTOMOTIVE_DESIGN { 1 0 10303 214 1 1 1 1 }'));
ENDSEC;
DATA;
#1 = APPLICATION_PROTOCOL_DEFINITION('international standard',
  'automotive_design',2000,#2);
#2 = APPLICATION_CONTEXT(
  'core data for automotive mechanical design processes');
#3 = SHAPE_DEFINITION_REPRESENTATION(#4,#10);
#4 = PRODUCT_DEFINITION_SHAPE('','',#5);
#5 = PRODUCT_DEFINITION('design','',#6,#9);
#6 = PRODUCT_DEFINITION_FORMATION('','',#7);
#7 = PRODUCT('Open CASCADE STEP translator 7.6 1',
  'Open CASCADE STEP translator 7.6 1','',(#8));
#8 = PRODUCT_CONTEXT('',#2,'mechanical');
#9 = PRODUCT_DEFINITION_CONTEXT('part definition',#2,'design');
#10 = ADVANCED_BREP_SHAPE_REPRESENTATION('',(#11,#15),#6885);
#11 = AXIS2_PLACEMENT_3D('',#12,#13,#14);
#12 = CARTESIAN_POINT('',(0.,0.,0.));
#13 = DIRECTION('',(0.,0.,1.));
#14 = DIRECTION('',(1.,0.,-0.));
#15 = MANIFOLD_SOLID_BREP('',#16);
#16 = CLOSED_SHELL('',(#17,#540,#782,#832,#959,#1704,#1731,#1807,#1857,
    #2070,#2173,#2227,#2254,#2355,#2382,#2432,#2482,#2532,#2582,#2633,
    #2682,#2736,#2763,#2840,#2867,#2896,#2972,#3026,#3075,#3129,#3251,
    #3300,#3354,#3381,#3435,#3484,#3516,#3592,#3642,#3691,#3741,#3790,
    #3840,#3962,#4011,#4061,#4088,#4116,#4454,#4481,#4508,#4515,#4575,
    #5813,#5868,#5873,#5878,#5889,#5896,#5907,#5914,#5969,#6024,#6079,
    #6134,#6189,#6244,#6299,#6354,#6409,#6464,#6519,#6605,#6640,#6644,
    #6648,#6652,#6656,#6660,#6664,#6668,#6672,#6676,#6711,#6762,#6769,
    #6773,#6828,#6878));
#17 = ADVANCED_FACE('',(#18,#166,#416,#447,#478,#509),#32,.T.);
#18 = FACE_BOUND('',#19,.T.);
#19 = EDGE_LOOP('',(#20,#55,#84,#112,#140));
#20 = ORIENTED_EDGE('',*,*,#21,.T.);
#21 = EDGE_CURVE('',#22,#24,#26,.T.);
#22 = VERTEX_POINT('',#23);
#23 = CARTESIAN_POINT('',(0.,0.,58.9));
#24 = VERTEX_POINT('',#25);
#25 = CARTESIAN_POINT('',(406.25,-3.552713678801E-15,58.9));
#26 = SURFACE_CURVE('',#27,(#31,#43),.PCURVE_S1.);
#27 = LINE('',#28,#29);
#28 = CARTESIAN_POINT('',(0.,0.,58.9));
#29 = VECTOR('',#30,1.);
#30 = DIRECTION('',(1.,0.,0.));
#31 = PCURVE('',#32,#37);
#32 = PLANE('',#33);
#33 = AXIS2_PLACEMENT_3D('',#34,#35,#36);
#34 = CARTESIAN_POINT('',(0.,0.,58.9));
#35 = DIRECTION('',(0.,0.,1.));
#36 = DIRECTION('',(1.,0.,0.));
#37 = DEFINITIONAL_REPRESENTATION('',(#38),#42);
#38 = LINE('',#39,#40);
#39 = CARTESIAN_POINT('',(0.,0.));
#40 = VECTOR('',#41,1.);
#41 = DIRECTION('',(1.,0.));
#42 = ( GEOMETRIC_REPRESENTATION_CONTEXT(2) 
PARAMETRIC_REPRESENTATION_CONTEXT() REPRESENTATION_CONTEXT('2D SPACE',''
  ) );
#43 = PCURVE('',#44,#49);
#44 = PLANE('',#45);
#45 = AXIS2_PLACEMENT_3D('',#46,#47,#48);
#46 = CARTESIAN_POINT('',(0.,0.,0.));
#47 = DIRECTION('',(0.,1.,0.));
#48 = DIRECTION('',(0.,0.,1.));
#49 = DEFINITIONAL_REPRESENTATION('',(#50),#54);
#50 = LINE('',#51,#52);
#51 = CARTESIAN_POINT('',(58.9,0.));
#52 = VECTOR('',#53,1.);
#53 = DIRECTION('',(0.,1.));
#54 = ( GEOMETRIC_REPRESENTATION_CONTEXT(2) 
PARAMETRIC_REPRESENTATION_CONTEXT() REPRESENTATION_CONTEXT('2D SPACE',''
  ) );
#55 = ORIENTED_EDGE('',*,*,#56,.T.);
#56 = EDGE_CURVE('',#24,#57,#59,.T.);
#57 = VERTEX_POINT('',#58);
#58 = CARTESIAN_POINT('',(426.25,20.,58.9));
#59 = SURFACE_CURVE('',#60,(#65,#72),.PCURVE_S1.);
#60 = CIRCLE('',#61,20.);
#61 = AXIS2_PLACEMENT_3D('',#62,#63,#64);
#62 = CARTESIAN_POINT('',(406.25,20.,58.9));
#63 = DIRECTION('',(-0.,0.,1.));
#64 = DIRECTION('',(0.,-1.,0.));
#65 = PCURVE('',#32,#66);
#66 = DEFINITIONAL_REPRESENTATION('',(#67),#71);
#67 = CIRCLE('',#68,20.);
#68 = AXIS2_PLACEMENT_2D('',#69,#70);
#69 = CARTESIAN_POINT('',(406.25,20.));
#70 = DIRECTION('',(0.,-1.));
#71 = ( GEOMETRIC_REPRESENTATION_CONTEXT(2) 
PARAMETRIC_REPRESENTATION_CONTEXT() REPRESENTATION_CONTEXT('2D SPACE',''
  ) );
#72 = PCURVE('',#73,#78);
#73 = CYLINDRICAL_SURFACE('',#74,20.);
#74 = AXIS2_PLACEMENT_3D('',#75,#76,#77);
#75 = CARTESIAN_POINT('',(406.25,20.,0.));
#76 = DIRECTION('',(0.,0.,1.));
#77 = DIRECTION('',(0.,-1.,0.));
#78 = DEFINITIONAL_REPRESENTATION('',(#79),#83);
#79 = LINE('',#80,#81);
#80 = CARTESIAN_POINT('',(0.,58.9));
#81 = VECTOR('',#82,1.);
#82 = DIRECTION('',(1.,0.));
#83 = ( GEOMETRIC_REPRESENTATION_CONTEXT(2) 
PARAMETRIC_REPRESENTATION_CONTEXT() REPRESENTATION_CONTEXT('2D SPACE',''
  ) );
#84 = ORIENTED_EDGE('',*,*,#85,.T.);
#85 = EDGE_CURVE('',#57,#86,#88,.T.);
#86 = VERTEX_POINT('',#87);
#87 = CARTESIAN_POINT('',(426.25,201.5,58.9));
#88 = SURFACE_CURVE('',#89,(#93,#100),.PCURVE_S1.);
#89 = LINE('',#90,#91);
#90 = CARTESIAN_POINT('',(426.25,0.,58.9));
#91 = VECTOR('',#92,1.);
#92 = DIRECTION('',(0.,1.,0.));
#93 = PCURVE('',#32,#94);
#94 = DEFINITIONAL_REPRESENTATION('',(#95),#99);
#95 = LINE('',#96,#97);
#96 = CARTESIAN_POINT('',(426.25,0.));
#97 = VECTOR('',#98,1.);
#98 = DIRECTION('',(0.,1.));
#99 = ( GEOMETRIC_REPRESENTATION_CONTEXT(2) 
PARAMETRIC_REPRESENTATION_CONTEXT() REPRESENTATION_CONTEXT('2D SPACE',''
  ) );
#100 = PCURVE('',#101,#106);
#101 = PLANE('',#102);
#102 = AXIS2_PLACEMENT_3D('',#103,#104,#105);
#103 = CARTESIAN_POINT('',(426.25,0.,0.));
#104 = DIRECTION('',(1.,0.,0.));
#105 = DIRECTION('',(0.,0.,1.));
#106 = DEFINITIONAL_REPRESENTATION('',(#107),#111);
#107 = LINE('',#108,#109);
#108 = CARTESIAN_POINT('',(58.9,0.));
#109 = VECTOR('',#110,1.);
#110 = DIRECTION('',(0.,-1.));
#111 = ( GEOMETRIC_REPRESENTATION_CONTEXT(2) 
PARAMETRIC_REPRESENTATION_CONTEXT() REPRESENTATION_CONTEXT('2D SPACE',''
  ) );
#112 = ORIENTED_EDGE('',*,*,#113,.F.);
#113 = EDGE_CURVE('',#114,#86,#116,.T.);
#114 = VERTEX_POINT('',#115);
#115 = CARTESIAN_POINT('',(0.,201.5,58.9));
#116 = SURFACE_CURVE('',#117,(#121,#128),.PCURVE_S1.);
#117 = LINE('',#118,#119);
#118 = CARTESIAN_POINT('',(0.,201.5,58.9));
#119 = VECTOR('',#120,1.);
#120 = DIRECTION('',(1.,0.,0.));
#121 = PCURVE('',#32,#122);
#122 = DEFINITIONAL_REPRESENTATION('',(#123),#127);
#123 = LINE('',#124,#125);
#124 = CARTESIAN_POINT('',(0.,201.5));
#125 = VECTOR('',#126,1.);
#126 = DIRECTION('',(1.,0.));
#127 = ( GEOMETRIC_REPRESENTATION_CONTEXT(2) 
PARAMETRIC_REPRESENTATION_CONTEXT() REPRESENTATION_CONTEXT('2D SPACE',''
  ) );
#128 = PCURVE('',#129,#134);
#129 = PLANE('',#130);
#130 = AXIS2_PLACEMENT_3D('',#131,#132,#133);
#131 = CARTESIAN_POINT('',(0.,201.5,0.));
#132 = DIRECTION('',(0.,1.,0.));
#133 = DIRECTION('',(0.,0.,1.));
#134 = DEFINITIONAL_REPRESENTATION('',(#135),#139);
#135 = LINE('',#136,#137);
#136 = CARTESIAN_POINT('',(58.9,0.));
#137 = VECTOR('',#138,1.);
#138 = DIRECTION('',(0.,1.));
#139 = ( GEOMETRIC_REPRESENTATION_CONTEXT(2) 
PARAMETRIC_REPRESENTATION_CONTEXT() REPRESENTATION_CONTEXT('2D SPACE',''
  ) );
#140 = ORIENTED_EDGE('',*,*,#141,.F.);
#141 = EDGE_CURVE('',#22,#114,#142,.T.);
#142 = SURFACE_CURVE('',#143,(#147,#154),.PCURVE_S1.);
#143 = LINE('',#144,#145);
#144 = CARTESIAN_POINT('',(0.,0.,58.9));
#145 = VECTOR('',#146,1.);
#146 = DIRECTION('',(0.,1.,0.));
#147 = PCURVE('',#32,#148);
#148 = DEFINITIONAL_REPRESENTATION('',(#149),#153);
#149 = LINE('',#150,#151);
#150 = CARTESIAN_POINT('',(0.,0.));
#151 = VECTOR('',#152,1.);
#152 = DIRECTION('',(0.,1.));
#153 = ( GEOMETRIC_REPRESENTATION_CONTEXT(2) 
PARAMETRIC_REPRESENTATION_CONTEXT() REPRESENTATION_CONTEXT('2D SPACE',''
  ) );
#154 = PCURVE('',#155,#160);
#155 = PLANE('',#156);
#156 = AXIS2_PLACEMENT_3D('',#157,#158,#159);
#157 = CARTESIAN_POINT('',(0.,0.,0.));
#158 = DIRECTION('',(1.,0.,0.));
#159 = DIRECTION('',(0.,0.,1.));
#160 = DEFINITIONAL_REPRESENTATION('',(#161),#165);
#161 = LINE('',#162,#163);
#162 = CARTESIAN_POINT('',(58.9,0.));
#163 = VECTOR('',#164,1.);
#164 = DIRECTION('',(0.,-1.));
#165 = ( GEOMETRIC_REPRESENTATION_CONTEXT(2) 
PARAMETRIC_REPRESENTATION_CONTEXT() REPRESENTATION_CONTEXT('2D SPACE',''
  ) );
#166 = FACE_BOUND('',#167,.T.);
#167 = EDGE_LOOP('',(#168,#198,#226,#254,#282,#310,#333,#361,#389));
#168 = ORIENTED_EDGE('',*,*,#169,.T.);
#169 = EDGE_CURVE('',#170,#172,#174,.T.);
#170 = VERTEX_POINT('',#171);
#171 = CARTESIAN_POINT('',(77.5,73.25,58.9));
#172 = VERTEX_POINT('',#173);
#173 = CARTESIAN_POINT('',(77.5,178.25,58.9));
#174 = SURFACE_CURVE('',#175,(#179,#186),.PCURVE_S1.);
#175 = LINE('',#176,#177);
#176 = CARTESIAN_POINT('',(77.5,23.25,58.9));
#177 = VECTOR('',#178,1.);
#178 = DIRECTION('',(0.,1.,0.));
#179 = PCURVE('',#32,#180);
#180 = DEFINITIONAL_REPRESENTATION('',(#181),#185);
#181 = LINE('',#182,#183);
#182 = CARTESIAN_POINT('',(77.5,23.25));
#183 = VECTOR('',#184,1.);
#184 = DIRECTION('',(0.,1.));
#185 = ( GEOMETRIC_REPRESENTATION_CONTEXT(2) 
PARAMETRIC_REPRESENTATION_CONTEXT() REPRESENTATION_CONTEXT('2D SPACE',''
  ) );
#186 = PCURVE('',#187,#192);
#187 = PLANE('',#188);
#188 = AXIS2_PLACEMENT_3D('',#189,#190,#191);
#189 = CARTESIAN_POINT('',(77.5,23.25,58.9));
#190 = DIRECTION('',(1.,0.,0.));
#191 = DIRECTION('',(0.,0.,1.));
#192 = DEFINITIONAL_REPRESENTATION('',(#193),#197);
#193 = LINE('',#194,#195);
#194 = CARTESIAN_POINT('',(0.,0.));
#195 = VECTOR('',#196,1.);
#196 = DIRECTION('',(0.,-1.));
#197 = ( GEOMETRIC_REPRESENTATION_CONTEXT(2) 
PARAMETRIC_REPRESENTATION_CONTEXT() REPRESENTATION_CONTEXT('2D SPACE',''
  ) );
#198 = ORIENTED_EDGE('',*,*,#199,.T.);
#199 = EDGE_CURVE('',#172,#200,#202,.T.);
#200 = VERTEX_POINT('',#201);
#201 = CARTESIAN_POINT('',(106.95,178.25,58.9));
#202 = SURFACE_CURVE('',#203,(#207,#214),.PCURVE_S1.);
#203 = LINE('',#204,#205);
#204 = CARTESIAN_POINT('',(77.5,178.25,58.9));
#205 = VECTOR('',#206,1.);
#206 = DIRECTION('',(1.,0.,0.));
#207 = PCURVE('',#32,#208);
#208 = DEFINITIONAL_REPRESENTATION('',(#209),#213);
#209 = LINE('',#210,#211);
#210 = CARTESIAN_POINT('',(77.5,178.25));
#211 = VECTOR('',#212,1.);
#212 = DIRECTION('',(1.,0.));
#213 = ( GEOMETRIC_REPRESENTATION_CONTEXT(2) 
PARAMETRIC_REPRESENTATION_CONTEXT() REPRESENTATION_CONTEXT('2D SPACE',''
  ) );
#214 = PCURVE('',#215,#220);
#215 = PLANE('',#216);
#216 = AXIS2_PLACEMENT_3D('',#217,#218,#219);
#217 = CARTESIAN_POINT('',(77.5,178.25,58.9));
#218 = DIRECTION('',(0.,1.,0.));
#219 = DIRECTION('',(0.,0.,1.));
#220 = DEFINITIONAL_REPRESENTATION('',(#221),#225);
#221 = LINE('',#222,#223);
#222 = CARTESIAN_POINT('',(0.,0.));
#223 = VECTOR('',#224,1.);
#224 = DIRECTION('',(0.,1.));
#225 = ( GEOMETRIC_REPRESENTATION_CONTEXT(2) 
PARAMETRIC_REPRESENTATION_CONTEXT() REPRESENTATION_CONTEXT('2D SPACE',''
  ) );
#226 = ORIENTED_EDGE('',*,*,#227,.T.);
#227 = EDGE_CURVE('',#200,#228,#230,.T.);
#228 = VERTEX_POINT('',#229);
#229 = CARTESIAN_POINT('',(106.95,188.25,58.9));
#230 = SURFACE_CURVE('',#231,(#235,#242),.PCURVE_S1.);
#231 = LINE('',#232,#233);
#232 = CARTESIAN_POINT('',(106.95,178.25,58.9));
#233 = VECTOR('',#234,1.);
#234 = DIRECTION('',(0.,1.,0.));
#235 = PCURVE('',#32,#236);
#236 = DEFINITIONAL_REPRESENTATION('',(#237),#241);
#237 = LINE('',#238,#239);
#238 = CARTESIAN_POINT('',(106.95,178.25));
#239 = VECTOR('',#240,1.);
#240 = DIRECTION('',(0.,1.));
#241 = ( GEOMETRIC_REPRESENTATION_CONTEXT(2) 
PARAMETRIC_REPRESENTATION_CONTEXT() REPRESENTATION_CONTEXT('2D SPACE',''
  ) );
#242 = PCURVE('',#243,#248);
#243 = CYLINDRICAL_SURFACE('',#244,9.3);
#244 = AXIS2_PLACEMENT_3D('',#245,#246,#247);
#245 = CARTESIAN_POINT('',(106.95,178.25,68.2));
#246 = DIRECTION('',(-0.,-1.,-0.));
#247 = DIRECTION('',(-1.,0.,0.));
#248 = DEFINITIONAL_REPRESENTATION('',(#249),#253);
#249 = LINE('',#250,#251);
#250 = CARTESIAN_POINT('',(1.570796326795,0.));
#251 = VECTOR('',#252,1.);
#252 = DIRECTION('',(0.,-1.));
#253 = ( GEOMETRIC_REPRESENTATION_CONTEXT(2) 
PARAMETRIC_REPRESENTATION_CONTEXT() REPRESENTATION_CONTEXT('2D SPACE',''
  ) );
#254 = ORIENTED_EDGE('',*,*,#255,.T.);
#255 = EDGE_CURVE('',#228,#256,#258,.T.);
#256 = VERTEX_POINT('',#257);
#257 = CARTESIAN_POINT('',(203.05,188.25,58.9));
#258 = SURFACE_CURVE('',#259,(#263,#270),.PCURVE_S1.);
#259 = LINE('',#260,#261);
#260 = CARTESIAN_POINT('',(106.95,188.25,58.9));
#261 = VECTOR('',#262,1.);
#262 = DIRECTION('',(1.,0.,0.));
#263 = PCURVE('',#32,#264);
#264 = DEFINITIONAL_REPRESENTATION('',(#265),#269);
#265 = LINE('',#266,#267);
#266 = CARTESIAN_POINT('',(106.95,188.25));
#267 = VECTOR('',#268,1.);
#268 = DIRECTION('',(1.,0.));
#269 = ( GEOMETRIC_REPRESENTATION_CONTEXT(2) 
PARAMETRIC_REPRESENTATION_CONTEXT() REPRESENTATION_CONTEXT('2D SPACE',''
  ) );
#270 = PCURVE('',#271,#276);
#271 = PLANE('',#272);
#272 = AXIS2_PLACEMENT_3D('',#273,#274,#275);
#273 = CARTESIAN_POINT('',(155.,188.25,96.168055238235));
#274 = DIRECTION('',(-0.,-1.,-0.));
#275 = DIRECTION('',(0.,0.,-1.));
#276 = DEFINITIONAL_REPRESENTATION('',(#277),#281);
#277 = LINE('',#278,#279);
#278 = CARTESIAN_POINT('',(37.268055238235,-48.05));
#279 = VECTOR('',#280,1.);
#280 = DIRECTION('',(0.,1.));
#281 = ( GEOMETRIC_REPRESENTATION_CONTEXT(2) 
PARAMETRIC_REPRESENTATION_CONTEXT() REPRESENTATION_CONTEXT('2D SPACE',''
  ) );
#282 = ORIENTED_EDGE('',*,*,#283,.F.);
#283 = EDGE_CURVE('',#284,#256,#286,.T.);
#284 = VERTEX_POINT('',#285);
#285 = CARTESIAN_POINT('',(203.05,178.25,58.9));
#286 = SURFACE_CURVE('',#287,(#291,#298),.PCURVE_S1.);
#287 = LINE('',#288,#289);
#288 = CARTESIAN_POINT('',(203.05,178.25,58.9));
#289 = VECTOR('',#290,1.);
#290 = DIRECTION('',(0.,1.,0.));
#291 = PCURVE('',#32,#292);
#292 = DEFINITIONAL_REPRESENTATION('',(#293),#297);
#293 = LINE('',#294,#295);
#294 = CARTESIAN_POINT('',(203.05,178.25));
#295 = VECTOR('',#296,1.);
#296 = DIRECTION('',(0.,1.));
#297 = ( GEOMETRIC_REPRESENTATION_CONTEXT(2) 
PARAMETRIC_REPRESENTATION_CONTEXT() REPRESENTATION_CONTEXT('2D SPACE',''
  ) );
#298 = PCURVE('',#299,#304);
#299 = CYLINDRICAL_SURFACE('',#300,9.3);
#300 = AXIS2_PLACEMENT_3D('',#301,#302,#303);
#301 = CARTESIAN_POINT('',(203.05,178.25,68.2));
#302 = DIRECTION('',(-0.,-1.,-0.));
#303 = DIRECTION('',(-1.,0.,0.));
#304 = DEFINITIONAL_REPRESENTATION('',(#305),#309);
#305 = LINE('',#306,#307);
#306 = CARTESIAN_POINT('',(1.570796326795,0.));
#307 = VECTOR('',#308,1.);
#308 = DIRECTION('',(0.,-1.));
#309 = ( GEOMETRIC_REPRESENTATION_CONTEXT(2) 
PARAMETRIC_REPRESENTATION_CONTEXT() REPRESENTATION_CONTEXT('2D SPACE',''
  ) );
#310 = ORIENTED_EDGE('',*,*,#311,.T.);
#311 = EDGE_CURVE('',#284,#312,#314,.T.);
#312 = VERTEX_POINT('',#313);
#313 = CARTESIAN_POINT('',(356.5,178.25,58.9));
#314 = SURFACE_CURVE('',#315,(#319,#326),.PCURVE_S1.);
#315 = LINE('',#316,#317);
#316 = CARTESIAN_POINT('',(77.5,178.25,58.9));
#317 = VECTOR('',#318,1.);
#318 = DIRECTION('',(1.,0.,0.));
#319 = PCURVE('',#32,#320);
#320 = DEFINITIONAL_REPRESENTATION('',(#321),#325);
#321 = LINE('',#322,#323);
#322 = CARTESIAN_POINT('',(77.5,178.25));
#323 = VECTOR('',#324,1.);
#324 = DIRECTION('',(1.,0.));
#325 = ( GEOMETRIC_REPRESENTATION_CONTEXT(2) 
PARAMETRIC_REPRESENTATION_CONTEXT() REPRESENTATION_CONTEXT('2D SPACE',''
  ) );
#326 = PCURVE('',#215,#327);
#327 = DEFINITIONAL_REPRESENTATION('',(#328),#332);
#328 = LINE('',#329,#330);
#329 = CARTESIAN_POINT('',(0.,0.));
#330 = VECTOR('',#331,1.);
#331 = DIRECTION('',(0.,1.));
#332 = ( GEOMETRIC_REPRESENTATION_CONTEXT(2) 
PARAMETRIC_REPRESENTATION_CONTEXT() REPRESENTATION_CONTEXT('2D SPACE',''
  ) );
#333 = ORIENTED_EDGE('',*,*,#334,.F.);
#334 = EDGE_CURVE('',#335,#312,#337,.T.);
#335 = VERTEX_POINT('',#336);
#336 = CARTESIAN_POINT('',(356.5,23.25,58.9));
#337 = SURFACE_CURVE('',#338,(#342,#349),.PCURVE_S1.);
#338 = LINE('',#339,#340);
#339 = CARTESIAN_POINT('',(356.5,23.25,58.9));
#340 = VECTOR('',#341,1.);
#341 = DIRECTION('',(0.,1.,0.));
#342 = PCURVE('',#32,#343);
#343 = DEFINITIONAL_REPRESENTATION('',(#344),#348);
#344 = LINE('',#345,#346);
#345 = CARTESIAN_POINT('',(356.5,23.25));
#346 = VECTOR('',#347,1.);
#347 = DIRECTION('',(0.,1.));
#348 = ( GEOMETRIC_REPRESENTATION_CONTEXT(2) 
PARAMETRIC_REPRESENTATION_CONTEXT() REPRESENTATION_CONTEXT('2D SPACE',''
  ) );
#349 = PCURVE('',#350,#355);
#350 = PLANE('',#351);
#351 = AXIS2_PLACEMENT_3D('',#352,#353,#354);
#352 = CARTESIAN_POINT('',(356.5,23.25,58.9));
#353 = DIRECTION('',(1.,0.,0.));
#354 = DIRECTION('',(0.,0.,1.));
#355 = DEFINITIONAL_REPRESENTATION('',(#356),#360);
#356 = LINE('',#357,#358);
#357 = CARTESIAN_POINT('',(0.,0.));
#358 = VECTOR('',#359,1.);
#359 = DIRECTION('',(0.,-1.));
#360 = ( GEOMETRIC_REPRESENTATION_CONTEXT(2) 
PARAMETRIC_REPRESENTATION_CONTEXT() REPRESENTATION_CONTEXT('2D SPACE',''
  ) );
#361 = ORIENTED_EDGE('',*,*,#362,.F.);
#362 = EDGE_CURVE('',#363,#335,#365,.T.);
#363 = VERTEX_POINT('',#364);
#364 = CARTESIAN_POINT('',(127.5,23.25,58.9));
#365 = SURFACE_CURVE('',#366,(#370,#377),.PCURVE_S1.);
#366 = LINE('',#367,#368);
#367 = CARTESIAN_POINT('',(77.5,23.25,58.9));
#368 = VECTOR('',#369,1.);
#369 = DIRECTION('',(1.,0.,0.));
#370 = PCURVE('',#32,#371);
#371 = DEFINITIONAL_REPRESENTATION('',(#372),#376);
#372 = LINE('',#373,#374);
#373 = CARTESIAN_POINT('',(77.5,23.25));
#374 = VECTOR('',#375,1.);
#375 = DIRECTION('',(1.,0.));
#376 = ( GEOMETRIC_REPRESENTATION_CONTEXT(2) 
PARAMETRIC_REPRESENTATION_CONTEXT() REPRESENTATION_CONTEXT('2D SPACE',''
  ) );
#377 = PCURVE('',#378,#383);
#378 = PLANE('',#379);
#379 = AXIS2_PLACEMENT_3D('',#380,#381,#382);
#380 = CARTESIAN_POINT('',(77.5,23.25,58.9));
#381 = DIRECTION('',(0.,1.,0.));
#382 = DIRECTION('',(0.,0.,1.));
#383 = DEFINITIONAL_REPRESENTATION('',(#384),#388);
#384 = LINE('',#385,#386);
#385 = CARTESIAN_POINT('',(0.,0.));
#386 = VECTOR('',#387,1.);
#387 = DIRECTION('',(0.,1.));
#388 = ( GEOMETRIC_REPRESENTATION_CONTEXT(2) 
PARAMETRIC_REPRESENTATION_CONTEXT() REPRESENTATION_CONTEXT('2D SPACE',''
  ) );
#389 = ORIENTED_EDGE('',*,*,#390,.F.);
#390 = EDGE_CURVE('',#170,#363,#391,.T.);
#391 = SURFACE_CURVE('',#392,(#397,#404),.PCURVE_S1.);
#392 = CIRCLE('',#393,50.);
#393 = AXIS2_PLACEMENT_3D('',#394,#395,#396);
#394 = CARTESIAN_POINT('',(127.5,73.25,58.9));
#395 = DIRECTION('',(-0.,0.,1.));
#396 = DIRECTION('',(0.,-1.,0.));
#397 = PCURVE('',#32,#398);
#398 = DEFINITIONAL_REPRESENTATION('',(#399),#403);
#399 = CIRCLE('',#400,50.);
#400 = AXIS2_PLACEMENT_2D('',#401,#402);
#401 = CARTESIAN_POINT('',(127.5,73.25));
#402 = DIRECTION('',(0.,-1.));
#403 = ( GEOMETRIC_REPRESENTATION_CONTEXT(2) 
PARAMETRIC_REPRESENTATION_CONTEXT() REPRESENTATION_CONTEXT('2D SPACE',''
  ) );
#404 = PCURVE('',#405,#410);
#405 = CYLINDRICAL_SURFACE('',#406,50.);
#406 = AXIS2_PLACEMENT_3D('',#407,#408,#409);
#407 = CARTESIAN_POINT('',(127.5,73.25,58.9));
#408 = DIRECTION('',(0.,0.,1.));
#409 = DIRECTION('',(-1.,0.,0.));
#410 = DEFINITIONAL_REPRESENTATION('',(#411),#415);
#411 = LINE('',#412,#413);
#412 = CARTESIAN_POINT('',(-4.712388980385,0.));
#413 = VECTOR('',#414,1.);
#414 = DIRECTION('',(1.,0.));
#415 = ( GEOMETRIC_REPRESENTATION_CONTEXT(2) 
PARAMETRIC_REPRESENTATION_CONTEXT() REPRESENTATION_CONTEXT('2D SPACE',''
  ) );
#416 = FACE_BOUND('',#417,.T.);
#417 = EDGE_LOOP('',(#418));
#418 = ORIENTED_EDGE('',*,*,#419,.F.);
#419 = EDGE_CURVE('',#420,#420,#422,.T.);
#420 = VERTEX_POINT('',#421);
#421 = CARTESIAN_POINT('',(44.1,170.5,58.9));
#422 = SURFACE_CURVE('',#423,(#428,#435),.PCURVE_S1.);
#423 = CIRCLE('',#424,13.1);
#424 = AXIS2_PLACEMENT_3D('',#425,#426,#427);
#425 = CARTESIAN_POINT('',(31.,170.5,58.9));
#426 = DIRECTION('',(0.,0.,1.));
#427 = DIRECTION('',(1.,0.,0.));
#428 = PCURVE('',#32,#429);
#429 = DEFINITIONAL_REPRESENTATION('',(#430),#434);
#430 = CIRCLE('',#431,13.1);
#431 = AXIS2_PLACEMENT_2D('',#432,#433);
#432 = CARTESIAN_POINT('',(31.,170.5));
#433 = DIRECTION('',(1.,0.));
#434 = ( GEOMETRIC_REPRESENTATION_CONTEXT(2) 
PARAMETRIC_REPRESENTATION_CONTEXT() REPRESENTATION_CONTEXT('2D SPACE',''
  ) );
#435 = PCURVE('',#436,#441);
#436 = CYLINDRICAL_SURFACE('',#437,13.1);
#437 = AXIS2_PLACEMENT_3D('',#438,#439,#440);
#438 = CARTESIAN_POINT('',(31.,170.5,0.));
#439 = DIRECTION('',(0.,0.,1.));
#440 = DIRECTION('',(1.,0.,0.));
#441 = DEFINITIONAL_REPRESENTATION('',(#442),#446);
#442 = LINE('',#443,#444);
#443 = CARTESIAN_POINT('',(0.,58.9));
#444 = VECTOR('',#445,1.);
#445 = DIRECTION('',(1.,0.));
#446 = ( GEOMETRIC_REPRESENTATION_CONTEXT(2) 
PARAMETRIC_REPRESENTATION_CONTEXT() REPRESENTATION_CONTEXT('2D SPACE',''
  ) );
#447 = FACE_BOUND('',#448,.T.);
#448 = EDGE_LOOP('',(#449));
#449 = ORIENTED_EDGE('',*,*,#450,.F.);
#450 = EDGE_CURVE('',#451,#451,#453,.T.);
#451 = VERTEX_POINT('',#452);
#452 = CARTESIAN_POINT('',(44.1,31.,58.9));
#453 = SURFACE_CURVE('',#454,(#459,#466),.PCURVE_S1.);
#454 = CIRCLE('',#455,13.1);
#455 = AXIS2_PLACEMENT_3D('',#456,#457,#458);
#456 = CARTESIAN_POINT('',(31.,31.,58.9));
#457 = DIRECTION('',(0.,0.,1.));
#458 = DIRECTION('',(1.,0.,0.));
#459 = PCURVE('',#32,#460);
#460 = DEFINITIONAL_REPRESENTATION('',(#461),#465);
#461 = CIRCLE('',#462,13.1);
#462 = AXIS2_PLACEMENT_2D('',#463,#464);
#463 = CARTESIAN_POINT('',(31.,31.));
#464 = DIRECTION('',(1.,0.));
#465 = ( GEOMETRIC_REPRESENTATION_CONTEXT(2) 
PARAMETRIC_REPRESENTATION_CONTEXT() REPRESENTATION_CONTEXT('2D SPACE',''
  ) );
#466 = PCURVE('',#467,#472);
#467 = CYLINDRICAL_SURFACE('',#468,13.1);
#468 = AXIS2_PLACEMENT_3D('',#469,#470,#471);
#469 = CARTESIAN_POINT('',(31.,31.,0.));
#470 = DIRECTION('',(0.,0.,1.));
#471 = DIRECTION('',(1.,0.,0.));
#472 = DEFINITIONAL_REPRESENTATION('',(#473),#477);
#473 = LINE('',#474,#475);
#474 = CARTESIAN_POINT('',(0.,58.9));
#475 = VECTOR('',#476,1.);
#476 = DIRECTION('',(1.,0.));
#477 = ( GEOMETRIC_REPRESENTATION_CONTEXT(2) 
PARAMETRIC_REPRESENTATION_CONTEXT() REPRESENTATION_CONTEXT('2D SPACE',''
  ) );
#478 = FACE_BOUND('',#479,.T.);
#479 = EDGE_LOOP('',(#480));
#480 = ORIENTED_EDGE('',*,*,#481,.F.);
#481 = EDGE_CURVE('',#482,#482,#484,.T.);
#482 = VERTEX_POINT('',#483);
#483 = CARTESIAN_POINT('',(408.35,170.5,58.9));
#484 = SURFACE_CURVE('',#485,(#490,#497),.PCURVE_S1.);
#485 = CIRCLE('',#486,13.1);
#486 = AXIS2_PLACEMENT_3D('',#487,#488,#489);
#487 = CARTESIAN_POINT('',(395.25,170.5,58.9));
#488 = DIRECTION('',(0.,0.,1.));
#489 = DIRECTION('',(1.,0.,0.));
#490 = PCURVE('',#32,#491);
#491 = DEFINITIONAL_REPRESENTATION('',(#492),#496);
#492 = CIRCLE('',#493,13.1);
#493 = AXIS2_PLACEMENT_2D('',#494,#495);
#494 = CARTESIAN_POINT('',(395.25,170.5));
#495 = DIRECTION('',(1.,0.));
#496 = ( GEOMETRIC_REPRESENTATION_CONTEXT(2) 
PARAMETRIC_REPRESENTATION_CONTEXT() REPRESENTATION_CONTEXT('2D SPACE',''
  ) );
#497 = PCURVE('',#498,#503);
#498 = CYLINDRICAL_SURFACE('',#499,13.1);
#499 = AXIS2_PLACEMENT_3D('',#500,#501,#502);
#500 = CARTESIAN_POINT('',(395.25,170.5,0.));
#501 = DIRECTION('',(0.,0.,1.));
#502 = DIRECTION('',(1.,0.,0.));
#503 = DEFINITIONAL_REPRESENTATION('',(#504),#508);
#504 = LINE('',#505,#506);
#505 = CARTESIAN_POINT('',(0.,58.9));
#506 = VECTOR('',#507,1.);
#507 = DIRECTION('',(1.,0.));
#508 = ( GEOMETRIC_REPRESENTATION_CONTEXT(2) 
PARAMETRIC_REPRESENTATION_CONTEXT() REPRESENTATION_CONTEXT('2D SPACE',''
  ) );
#509 = FACE_BOUND('',#510,.T.);
#510 = EDGE_LOOP('',(#511));
#511 = ORIENTED_EDGE('',*,*,#512,.F.);
#512 = EDGE_CURVE('',#513,#513,#515,.T.);
#513 = VERTEX_POINT('',#514);
#514 = CARTESIAN_POINT('',(408.35,31.,58.9));
#515 = SURFACE_CURVE('',#516,(#521,#528),.PCURVE_S1.);
#516 = CIRCLE('',#517,13.1);
#517 = AXIS2_PLACEMENT_3D('',#518,#519,#520);
#518 = CARTESIAN_POINT('',(395.25,31.,58.9));
#519 = DIRECTION('',(0.,0.,1.));
#520 = DIRECTION('',(1.,0.,0.));
#521 = PCURVE('',#32,#522);
#522 = DEFINITIONAL_REPRESENTATION('',(#523),#527);
#523 = CIRCLE('',#524,13.1);
#524 = AXIS2_PLACEMENT_2D('',#525,#526);
#525 = CARTESIAN_POINT('',(395.25,31.));
#526 = DIRECTION('',(1.,0.));
#527 = ( GEOMETRIC_REPRESENTATION_CONTEXT(2) 
PARAMETRIC_REPRESENTATION_CONTEXT() REPRESENTATION_CONTEXT('2D SPACE',''
  ) );
#528 = PCURVE('',#529,#534);
#529 = CYLINDRICAL_SURFACE('',#530,13.1);
#530 = AXIS2_PLACEMENT_3D('',#531,#532,#533);
#531 = CARTESIAN_POINT('',(395.25,31.,0.));
#532 = DIRECTION('',(0.,0.,1.));
#533 = DIRECTION('',(1.,0.,0.));
#534 = DEFINITIONAL_REPRESENTATION('',(#535),#539);
#535 = LINE('',#536,#537);
#536 = CARTESIAN_POINT('',(0.,58.9));
#537 = VECTOR('',#538,1.);
#538 = DIRECTION('',(1.,0.));
#539 = ( GEOMETRIC_REPRESENTATION_CONTEXT(2) 
PARAMETRIC_REPRESENTATION_CONTEXT() REPRESENTATION_CONTEXT('2D SPACE',''
  ) );
#540 = ADVANCED_FACE('',(#541,#723),#44,.F.);
#541 = FACE_BOUND('',#542,.F.);
#542 = EDGE_LOOP('',(#543,#573,#596,#624,#652,#680,#701,#702));
#543 = ORIENTED_EDGE('',*,*,#544,.F.);
#544 = EDGE_CURVE('',#545,#547,#549,.T.);
#545 = VERTEX_POINT('',#546);
#546 = CARTESIAN_POINT('',(0.,0.,0.));
#547 = VERTEX_POINT('',#548);
#548 = CARTESIAN_POINT('',(406.25,-3.552713678801E-15,0.));
#549 = SURFACE_CURVE('',#550,(#554,#561),.PCURVE_S1.);
#550 = LINE('',#551,#552);
#551 = CARTESIAN_POINT('',(0.,0.,0.));
#552 = VECTOR('',#553,1.);
#553 = DIRECTION('',(1.,0.,0.));
#554 = PCURVE('',#44,#555);
#555 = DEFINITIONAL_REPRESENTATION('',(#556),#560);
#556 = LINE('',#557,#558);
#557 = CARTESIAN_POINT('',(0.,0.));
#558 = VECTOR('',#559,1.);
#559 = DIRECTION('',(0.,1.));
#560 = ( GEOMETRIC_REPRESENTATION_CONTEXT(2) 
PARAMETRIC_REPRESENTATION_CONTEXT() REPRESENTATION_CONTEXT('2D SPACE',''
  ) );
#561 = PCURVE('',#562,#567);
#562 = PLANE('',#563);
#563 = AXIS2_PLACEMENT_3D('',#564,#565,#566);
#564 = CARTESIAN_POINT('',(0.,0.,0.));
#565 = DIRECTION('',(0.,0.,1.));
#566 = DIRECTION('',(1.,0.,0.));
#567 = DEFINITIONAL_REPRESENTATION('',(#568),#572);
#568 = LINE('',#569,#570);
#569 = CARTESIAN_POINT('',(0.,0.));
#570 = VECTOR('',#571,1.);
#571 = DIRECTION('',(1.,0.));
#572 = ( GEOMETRIC_REPRESENTATION_CONTEXT(2) 
PARAMETRIC_REPRESENTATION_CONTEXT() REPRESENTATION_CONTEXT('2D SPACE',''
  ) );
#573 = ORIENTED_EDGE('',*,*,#574,.T.);
#574 = EDGE_CURVE('',#545,#575,#577,.T.);
#575 = VERTEX_POINT('',#576);
#576 = CARTESIAN_POINT('',(0.,0.,19.76));
#577 = SURFACE_CURVE('',#578,(#582,#589),.PCURVE_S1.);
#578 = LINE('',#579,#580);
#579 = CARTESIAN_POINT('',(0.,0.,0.));
#580 = VECTOR('',#581,1.);
#581 = DIRECTION('',(0.,0.,1.));
#582 = PCURVE('',#44,#583);
#583 = DEFINITIONAL_REPRESENTATION('',(#584),#588);
#584 = LINE('',#585,#586);
#585 = CARTESIAN_POINT('',(0.,0.));
#586 = VECTOR('',#587,1.);
#587 = DIRECTION('',(1.,0.));
#588 = ( GEOMETRIC_REPRESENTATION_CONTEXT(2) 
PARAMETRIC_REPRESENTATION_CONTEXT() REPRESENTATION_CONTEXT('2D SPACE',''
  ) );
#589 = PCURVE('',#155,#590);
#590 = DEFINITIONAL_REPRESENTATION('',(#591),#595);
#591 = LINE('',#592,#593);
#592 = CARTESIAN_POINT('',(0.,0.));
#593 = VECTOR('',#594,1.);
#594 = DIRECTION('',(1.,0.));
#595 = ( GEOMETRIC_REPRESENTATION_CONTEXT(2) 
PARAMETRIC_REPRESENTATION_CONTEXT() REPRESENTATION_CONTEXT('2D SPACE',''
  ) );
#596 = ORIENTED_EDGE('',*,*,#597,.T.);
#597 = EDGE_CURVE('',#575,#598,#600,.T.);
#598 = VERTEX_POINT('',#599);
#599 = CARTESIAN_POINT('',(10.,0.,19.76));
#600 = SURFACE_CURVE('',#601,(#605,#612),.PCURVE_S1.);
#601 = LINE('',#602,#603);
#602 = CARTESIAN_POINT('',(0.,0.,19.76));
#603 = VECTOR('',#604,1.);
#604 = DIRECTION('',(1.,0.,0.));
#605 = PCURVE('',#44,#606);
#606 = DEFINITIONAL_REPRESENTATION('',(#607),#611);
#607 = LINE('',#608,#609);
#608 = CARTESIAN_POINT('',(19.76,0.));
#609 = VECTOR('',#610,1.);
#610 = DIRECTION('',(0.,1.));
#611 = ( GEOMETRIC_REPRESENTATION_CONTEXT(2) 
PARAMETRIC_REPRESENTATION_CONTEXT() REPRESENTATION_CONTEXT('2D SPACE',''
  ) );
#612 = PCURVE('',#613,#618);
#613 = PLANE('',#614);
#614 = AXIS2_PLACEMENT_3D('',#615,#616,#617);
#615 = CARTESIAN_POINT('',(0.,0.,19.76));
#616 = DIRECTION('',(0.,0.,1.));
#617 = DIRECTION('',(1.,0.,0.));
#618 = DEFINITIONAL_REPRESENTATION('',(#619),#623);
#619 = LINE('',#620,#621);
#620 = CARTESIAN_POINT('',(0.,0.));
#621 = VECTOR('',#622,1.);
#622 = DIRECTION('',(1.,0.));
#623 = ( GEOMETRIC_REPRESENTATION_CONTEXT(2) 
PARAMETRIC_REPRESENTATION_CONTEXT() REPRESENTATION_CONTEXT('2D SPACE',''
  ) );
#624 = ORIENTED_EDGE('',*,*,#625,.T.);
#625 = EDGE_CURVE('',#598,#626,#628,.T.);
#626 = VERTEX_POINT('',#627);
#627 = CARTESIAN_POINT('',(10.,0.,39.14));
#628 = SURFACE_CURVE('',#629,(#633,#640),.PCURVE_S1.);
#629 = LINE('',#630,#631);
#630 = CARTESIAN_POINT('',(10.,0.,19.76));
#631 = VECTOR('',#632,1.);
#632 = DIRECTION('',(0.,0.,1.));
#633 = PCURVE('',#44,#634);
#634 = DEFINITIONAL_REPRESENTATION('',(#635),#639);
#635 = LINE('',#636,#637);
#636 = CARTESIAN_POINT('',(19.76,10.));
#637 = VECTOR('',#638,1.);
#638 = DIRECTION('',(1.,0.));
#639 = ( GEOMETRIC_REPRESENTATION_CONTEXT(2) 
PARAMETRIC_REPRESENTATION_CONTEXT() REPRESENTATION_CONTEXT('2D SPACE',''
  ) );
#640 = PCURVE('',#641,#646);
#641 = PLANE('',#642);
#642 = AXIS2_PLACEMENT_3D('',#643,#644,#645);
#643 = CARTESIAN_POINT('',(10.,0.,19.76));
#644 = DIRECTION('',(1.,0.,0.));
#645 = DIRECTION('',(0.,0.,1.));
#646 = DEFINITIONAL_REPRESENTATION('',(#647),#651);
#647 = LINE('',#648,#649);
#648 = CARTESIAN_POINT('',(0.,0.));
#649 = VECTOR('',#650,1.);
#650 = DIRECTION('',(1.,0.));
#651 = ( GEOMETRIC_REPRESENTATION_CONTEXT(2) 
PARAMETRIC_REPRESENTATION_CONTEXT() REPRESENTATION_CONTEXT('2D SPACE',''
  ) );
#652 = ORIENTED_EDGE('',*,*,#653,.F.);
#653 = EDGE_CURVE('',#654,#626,#656,.T.);
#654 = VERTEX_POINT('',#655);
#655 = CARTESIAN_POINT('',(0.,0.,39.14));
#656 = SURFACE_CURVE('',#657,(#661,#668),.PCURVE_S1.);
#657 = LINE('',#658,#659);
#658 = CARTESIAN_POINT('',(0.,0.,39.14));
#659 = VECTOR('',#660,1.);
#660 = DIRECTION('',(1.,0.,0.));
#661 = PCURVE('',#44,#662);
#662 = DEFINITIONAL_REPRESENTATION('',(#663),#667);
#663 = LINE('',#664,#665);
#664 = CARTESIAN_POINT('',(39.14,0.));
#665 = VECTOR('',#666,1.);
#666 = DIRECTION('',(0.,1.));
#667 = ( GEOMETRIC_REPRESENTATION_CONTEXT(2) 
PARAMETRIC_REPRESENTATION_CONTEXT() REPRESENTATION_CONTEXT('2D SPACE',''
  ) );
#668 = PCURVE('',#669,#674);
#669 = PLANE('',#670);
#670 = AXIS2_PLACEMENT_3D('',#671,#672,#673);
#671 = CARTESIAN_POINT('',(0.,0.,39.14));
#672 = DIRECTION('',(0.,0.,1.));
#673 = DIRECTION('',(1.,0.,0.));
#674 = DEFINITIONAL_REPRESENTATION('',(#675),#679);
#675 = LINE('',#676,#677);
#676 = CARTESIAN_POINT('',(0.,0.));
#677 = VECTOR('',#678,1.);
#678 = DIRECTION('',(1.,0.));
#679 = ( GEOMETRIC_REPRESENTATION_CONTEXT(2) 
PARAMETRIC_REPRESENTATION_CONTEXT() REPRESENTATION_CONTEXT('2D SPACE',''
  ) );
#680 = ORIENTED_EDGE('',*,*,#681,.T.);
#681 = EDGE_CURVE('',#654,#22,#682,.T.);
#682 = SURFACE_CURVE('',#683,(#687,#694),.PCURVE_S1.);
#683 = LINE('',#684,#685);
#684 = CARTESIAN_POINT('',(0.,0.,0.));
#685 = VECTOR('',#686,1.);
#686 = DIRECTION('',(0.,0.,1.));
#687 = PCURVE('',#44,#688);
#688 = DEFINITIONAL_REPRESENTATION('',(#689),#693);
#689 = LINE('',#690,#691);
#690 = CARTESIAN_POINT('',(0.,0.));
#691 = VECTOR('',#692,1.);
#692 = DIRECTION('',(1.,0.));
#693 = ( GEOMETRIC_REPRESENTATION_CONTEXT(2) 
PARAMETRIC_REPRESENTATION_CONTEXT() REPRESENTATION_CONTEXT('2D SPACE',''
  ) );
#694 = PCURVE('',#155,#695);
#695 = DEFINITIONAL_REPRESENTATION('',(#696),#700);
#696 = LINE('',#697,#698);
#697 = CARTESIAN_POINT('',(0.,0.));
#698 = VECTOR('',#699,1.);
#699 = DIRECTION('',(1.,0.));
#700 = ( GEOMETRIC_REPRESENTATION_CONTEXT(2) 
PARAMETRIC_REPRESENTATION_CONTEXT() REPRESENTATION_CONTEXT('2D SPACE',''
  ) );
#701 = ORIENTED_EDGE('',*,*,#21,.T.);
#702 = ORIENTED_EDGE('',*,*,#703,.F.);
#703 = EDGE_CURVE('',#547,#24,#704,.T.);
#704 = SURFACE_CURVE('',#705,(#709,#716),.PCURVE_S1.);
#705 = LINE('',#706,#707);
#706 = CARTESIAN_POINT('',(406.25,-3.552713678801E-15,0.));
#707 = VECTOR('',#708,1.);
#708 = DIRECTION('',(0.,0.,1.));
#709 = PCURVE('',#44,#710);
#710 = DEFINITIONAL_REPRESENTATION('',(#711),#715);
#711 = LINE('',#712,#713);
#712 = CARTESIAN_POINT('',(0.,406.25));
#713 = VECTOR('',#714,1.);
#714 = DIRECTION('',(1.,0.));
#715 = ( GEOMETRIC_REPRESENTATION_CONTEXT(2) 
PARAMETRIC_REPRESENTATION_CONTEXT() REPRESENTATION_CONTEXT('2D SPACE',''
  ) );
#716 = PCURVE('',#73,#717);
#717 = DEFINITIONAL_REPRESENTATION('',(#718),#722);
#718 = LINE('',#719,#720);
#719 = CARTESIAN_POINT('',(0.,0.));
#720 = VECTOR('',#721,1.);
#721 = DIRECTION('',(0.,1.));
#722 = ( GEOMETRIC_REPRESENTATION_CONTEXT(2) 
PARAMETRIC_REPRESENTATION_CONTEXT() REPRESENTATION_CONTEXT('2D SPACE',''
  ) );
#723 = FACE_BOUND('',#724,.F.);
#724 = EDGE_LOOP('',(#725,#756));
#725 = ORIENTED_EDGE('',*,*,#726,.F.);
#726 = EDGE_CURVE('',#727,#729,#731,.T.);
#727 = VERTEX_POINT('',#728);
#728 = CARTESIAN_POINT('',(248.,0.,50.573209983333));
#729 = VERTEX_POINT('',#730);
#730 = CARTESIAN_POINT('',(248.,0.,8.326790016666));
#731 = SURFACE_CURVE('',#732,(#737,#744),.PCURVE_S1.);
#732 = CIRCLE('',#733,26.2);
#733 = AXIS2_PLACEMENT_3D('',#734,#735,#736);
#734 = CARTESIAN_POINT('',(263.5,0.,29.45));
#735 = DIRECTION('',(-0.,1.,0.));
#736 = DIRECTION('',(1.,0.,0.));
#737 = PCURVE('',#44,#738);
#738 = DEFINITIONAL_REPRESENTATION('',(#739),#743);
#739 = CIRCLE('',#740,26.2);
#740 = AXIS2_PLACEMENT_2D('',#741,#742);
#741 = CARTESIAN_POINT('',(29.45,263.5));
#742 = DIRECTION('',(0.,1.));
#743 = ( GEOMETRIC_REPRESENTATION_CONTEXT(2) 
PARAMETRIC_REPRESENTATION_CONTEXT() REPRESENTATION_CONTEXT('2D SPACE',''
  ) );
#744 = PCURVE('',#745,#750);
#745 = CYLINDRICAL_SURFACE('',#746,26.2);
#746 = AXIS2_PLACEMENT_3D('',#747,#748,#749);
#747 = CARTESIAN_POINT('',(263.5,0.,29.45));
#748 = DIRECTION('',(0.,-1.,0.));
#749 = DIRECTION('',(1.,0.,0.));
#750 = DEFINITIONAL_REPRESENTATION('',(#751),#755);
#751 = LINE('',#752,#753);
#752 = CARTESIAN_POINT('',(6.28318530718,0.));
#753 = VECTOR('',#754,1.);
#754 = DIRECTION('',(-1.,0.));
#755 = ( GEOMETRIC_REPRESENTATION_CONTEXT(2) 
PARAMETRIC_REPRESENTATION_CONTEXT() REPRESENTATION_CONTEXT('2D SPACE',''
  ) );
#756 = ORIENTED_EDGE('',*,*,#757,.T.);
#757 = EDGE_CURVE('',#727,#729,#758,.T.);
#758 = SURFACE_CURVE('',#759,(#763,#770),.PCURVE_S1.);
#759 = LINE('',#760,#761);
#760 = CARTESIAN_POINT('',(248.,0.,50.573209983333));
#761 = VECTOR('',#762,1.);
#762 = DIRECTION('',(0.,0.,-1.));
#763 = PCURVE('',#44,#764);
#764 = DEFINITIONAL_REPRESENTATION('',(#765),#769);
#765 = LINE('',#766,#767);
#766 = CARTESIAN_POINT('',(50.573209983333,248.));
#767 = VECTOR('',#768,1.);
#768 = DIRECTION('',(-1.,0.));
#769 = ( GEOMETRIC_REPRESENTATION_CONTEXT(2) 
PARAMETRIC_REPRESENTATION_CONTEXT() REPRESENTATION_CONTEXT('2D SPACE',''
  ) );
#770 = PCURVE('',#771,#776);
#771 = PLANE('',#772);
#772 = AXIS2_PLACEMENT_3D('',#773,#774,#775);
#773 = CARTESIAN_POINT('',(248.,0.,50.573209983333));
#774 = DIRECTION('',(-1.,0.,0.));
#775 = DIRECTION('',(0.,0.,-1.));
#776 = DEFINITIONAL_REPRESENTATION('',(#777),#781);
#777 = LINE('',#778,#779);
#778 = CARTESIAN_POINT('',(0.,-0.));
#779 = VECTOR('',#780,1.);
#780 = DIRECTION('',(1.,0.));
#781 = ( GEOMETRIC_REPRESENTATION_CONTEXT(2) 
PARAMETRIC_REPRESENTATION_CONTEXT() REPRESENTATION_CONTEXT('2D SPACE',''
  ) );
#782 = ADVANCED_FACE('',(#783),#73,.T.);
#783 = FACE_BOUND('',#784,.T.);
#784 = EDGE_LOOP('',(#785,#809,#830,#831));
#785 = ORIENTED_EDGE('',*,*,#786,.T.);
#786 = EDGE_CURVE('',#547,#787,#789,.T.);
#787 = VERTEX_POINT('',#788);
#788 = CARTESIAN_POINT('',(426.25,20.,0.));
#789 = SURFACE_CURVE('',#790,(#795,#802),.PCURVE_S1.);
#790 = CIRCLE('',#791,20.);
#791 = AXIS2_PLACEMENT_3D('',#792,#793,#794);
#792 = CARTESIAN_POINT('',(406.25,20.,0.));
#793 = DIRECTION('',(-0.,0.,1.));
#794 = DIRECTION('',(0.,-1.,0.));
#795 = PCURVE('',#73,#796);
#796 = DEFINITIONAL_REPRESENTATION('',(#797),#801);
#797 = LINE('',#798,#799);
#798 = CARTESIAN_POINT('',(0.,0.));
#799 = VECTOR('',#800,1.);
#800 = DIRECTION('',(1.,0.));
#801 = ( GEOMETRIC_REPRESENTATION_CONTEXT(2) 
PARAMETRIC_REPRESENTATION_CONTEXT() REPRESENTATION_CONTEXT('2D SPACE',''
  ) );
#802 = PCURVE('',#562,#803);
#803 = DEFINITIONAL_REPRESENTATION('',(#804),#808);
#804 = CIRCLE('',#805,20.);
#805 = AXIS2_PLACEMENT_2D('',#806,#807);
#806 = CARTESIAN_POINT('',(406.25,20.));
#807 = DIRECTION('',(0.,-1.));
#808 = ( GEOMETRIC_REPRESENTATION_CONTEXT(2) 
PARAMETRIC_REPRESENTATION_CONTEXT() REPRESENTATION_CONTEXT('2D SPACE',''
  ) );
#809 = ORIENTED_EDGE('',*,*,#810,.T.);
#810 = EDGE_CURVE('',#787,#57,#811,.T.);
#811 = SURFACE_CURVE('',#812,(#816,#823),.PCURVE_S1.);
#812 = LINE('',#813,#814);
#813 = CARTESIAN_POINT('',(426.25,20.,0.));
#814 = VECTOR('',#815,1.);
#815 = DIRECTION('',(0.,0.,1.));
#816 = PCURVE('',#73,#817);
#817 = DEFINITIONAL_REPRESENTATION('',(#818),#822);
#818 = LINE('',#819,#820);
#819 = CARTESIAN_POINT('',(1.570796326795,0.));
#820 = VECTOR('',#821,1.);
#821 = DIRECTION('',(0.,1.));
#822 = ( GEOMETRIC_REPRESENTATION_CONTEXT(2) 
PARAMETRIC_REPRESENTATION_CONTEXT() REPRESENTATION_CONTEXT('2D SPACE',''
  ) );
#823 = PCURVE('',#101,#824);
#824 = DEFINITIONAL_REPRESENTATION('',(#825),#829);
#825 = LINE('',#826,#827);
#826 = CARTESIAN_POINT('',(0.,-20.));
#827 = VECTOR('',#828,1.);
#828 = DIRECTION('',(1.,0.));
#829 = ( GEOMETRIC_REPRESENTATION_CONTEXT(2) 
PARAMETRIC_REPRESENTATION_CONTEXT() REPRESENTATION_CONTEXT('2D SPACE',''
  ) );
#830 = ORIENTED_EDGE('',*,*,#56,.F.);
#831 = ORIENTED_EDGE('',*,*,#703,.F.);
#832 = ADVANCED_FACE('',(#833),#155,.F.);
#833 = FACE_BOUND('',#834,.F.);
#834 = EDGE_LOOP('',(#835,#836,#859,#880,#881,#882,#905,#938));
#835 = ORIENTED_EDGE('',*,*,#574,.F.);
#836 = ORIENTED_EDGE('',*,*,#837,.T.);
#837 = EDGE_CURVE('',#545,#838,#840,.T.);
#838 = VERTEX_POINT('',#839);
#839 = CARTESIAN_POINT('',(0.,201.5,0.));
#840 = SURFACE_CURVE('',#841,(#845,#852),.PCURVE_S1.);
#841 = LINE('',#842,#843);
#842 = CARTESIAN_POINT('',(0.,0.,0.));
#843 = VECTOR('',#844,1.);
#844 = DIRECTION('',(0.,1.,0.));
#845 = PCURVE('',#155,#846);
#846 = DEFINITIONAL_REPRESENTATION('',(#847),#851);
#847 = LINE('',#848,#849);
#848 = CARTESIAN_POINT('',(0.,0.));
#849 = VECTOR('',#850,1.);
#850 = DIRECTION('',(0.,-1.));
#851 = ( GEOMETRIC_REPRESENTATION_CONTEXT(2) 
PARAMETRIC_REPRESENTATION_CONTEXT() REPRESENTATION_CONTEXT('2D SPACE',''
  ) );
#852 = PCURVE('',#562,#853);
#853 = DEFINITIONAL_REPRESENTATION('',(#854),#858);
#854 = LINE('',#855,#856);
#855 = CARTESIAN_POINT('',(0.,0.));
#856 = VECTOR('',#857,1.);
#857 = DIRECTION('',(0.,1.));
#858 = ( GEOMETRIC_REPRESENTATION_CONTEXT(2) 
PARAMETRIC_REPRESENTATION_CONTEXT() REPRESENTATION_CONTEXT('2D SPACE',''
  ) );
#859 = ORIENTED_EDGE('',*,*,#860,.T.);
#860 = EDGE_CURVE('',#838,#114,#861,.T.);
#861 = SURFACE_CURVE('',#862,(#866,#873),.PCURVE_S1.);
#862 = LINE('',#863,#864);
#863 = CARTESIAN_POINT('',(0.,201.5,0.));
#864 = VECTOR('',#865,1.);
#865 = DIRECTION('',(0.,0.,1.));
#866 = PCURVE('',#155,#867);
#867 = DEFINITIONAL_REPRESENTATION('',(#868),#872);
#868 = LINE('',#869,#870);
#869 = CARTESIAN_POINT('',(0.,-201.5));
#870 = VECTOR('',#871,1.);
#871 = DIRECTION('',(1.,0.));
#872 = ( GEOMETRIC_REPRESENTATION_CONTEXT(2) 
PARAMETRIC_REPRESENTATION_CONTEXT() REPRESENTATION_CONTEXT('2D SPACE',''
  ) );
#873 = PCURVE('',#129,#874);
#874 = DEFINITIONAL_REPRESENTATION('',(#875),#879);
#875 = LINE('',#876,#877);
#876 = CARTESIAN_POINT('',(0.,0.));
#877 = VECTOR('',#878,1.);
#878 = DIRECTION('',(1.,0.));
#879 = ( GEOMETRIC_REPRESENTATION_CONTEXT(2) 
PARAMETRIC_REPRESENTATION_CONTEXT() REPRESENTATION_CONTEXT('2D SPACE',''
  ) );
#880 = ORIENTED_EDGE('',*,*,#141,.F.);
#881 = ORIENTED_EDGE('',*,*,#681,.F.);
#882 = ORIENTED_EDGE('',*,*,#883,.T.);
#883 = EDGE_CURVE('',#654,#884,#886,.T.);
#884 = VERTEX_POINT('',#885);
#885 = CARTESIAN_POINT('',(0.,81.38,39.14));
#886 = SURFACE_CURVE('',#887,(#891,#898),.PCURVE_S1.);
#887 = LINE('',#888,#889);
#888 = CARTESIAN_POINT('',(0.,0.,39.14));
#889 = VECTOR('',#890,1.);
#890 = DIRECTION('',(0.,1.,0.));
#891 = PCURVE('',#155,#892);
#892 = DEFINITIONAL_REPRESENTATION('',(#893),#897);
#893 = LINE('',#894,#895);
#894 = CARTESIAN_POINT('',(39.14,0.));
#895 = VECTOR('',#896,1.);
#896 = DIRECTION('',(0.,-1.));
#897 = ( GEOMETRIC_REPRESENTATION_CONTEXT(2) 
PARAMETRIC_REPRESENTATION_CONTEXT() REPRESENTATION_CONTEXT('2D SPACE',''
  ) );
#898 = PCURVE('',#669,#899);
#899 = DEFINITIONAL_REPRESENTATION('',(#900),#904);
#900 = LINE('',#901,#902);
#901 = CARTESIAN_POINT('',(0.,0.));
#902 = VECTOR('',#903,1.);
#903 = DIRECTION('',(0.,1.));
#904 = ( GEOMETRIC_REPRESENTATION_CONTEXT(2) 
PARAMETRIC_REPRESENTATION_CONTEXT() REPRESENTATION_CONTEXT('2D SPACE',''
  ) );
#905 = ORIENTED_EDGE('',*,*,#906,.F.);
#906 = EDGE_CURVE('',#907,#884,#909,.T.);
#907 = VERTEX_POINT('',#908);
#908 = CARTESIAN_POINT('',(0.,81.38,19.76));
#909 = SURFACE_CURVE('',#910,(#915,#923),.PCURVE_S1.);
#910 = ( BOUNDED_CURVE() B_SPLINE_CURVE(3,(#911,#912,#913,#914),
.UNSPECIFIED.,.F.,.F.) B_SPLINE_CURVE_WITH_KNOTS((4,4),(0.,1.),
.PIECEWISE_BEZIER_KNOTS.) CURVE() GEOMETRIC_REPRESENTATION_ITEM() 
RATIONAL_B_SPLINE_CURVE((3.,6.,6.,3.)) REPRESENTATION_ITEM('') );
#911 = CARTESIAN_POINT('',(0.,81.38,19.76));
#912 = CARTESIAN_POINT('',(0.,91.07,19.76));
#913 = CARTESIAN_POINT('',(0.,91.07,39.14));
#914 = CARTESIAN_POINT('',(0.,81.38,39.14));
#915 = PCURVE('',#155,#916);
#916 = DEFINITIONAL_REPRESENTATION('',(#917),#922);
#917 = ( BOUNDED_CURVE() B_SPLINE_CURVE(3,(#918,#919,#920,#921),
.UNSPECIFIED.,.F.,.F.) B_SPLINE_CURVE_WITH_KNOTS((4,4),(0.,1.),
.PIECEWISE_BEZIER_KNOTS.) CURVE() GEOMETRIC_REPRESENTATION_ITEM() 
RATIONAL_B_SPLINE_CURVE((3.,6.,6.,3.)) REPRESENTATION_ITEM('') );
#918 = CARTESIAN_POINT('',(19.76,-81.38));
#919 = CARTESIAN_POINT('',(19.76,-91.07));
#920 = CARTESIAN_POINT('',(39.14,-91.07));
#921 = CARTESIAN_POINT('',(39.14,-81.38));
#922 = ( GEOMETRIC_REPRESENTATION_CONTEXT(2) 
PARAMETRIC_REPRESENTATION_CONTEXT() REPRESENTATION_CONTEXT('2D SPACE',''
  ) );
#923 = PCURVE('',#924,#932);
#924 = SURFACE_OF_LINEAR_EXTRUSION('',#925,#930);
#925 = ( BOUNDED_CURVE() B_SPLINE_CURVE(3,(#926,#927,#928,#929),
.UNSPECIFIED.,.F.,.F.) B_SPLINE_CURVE_WITH_KNOTS((4,4),(0.,1.),
.PIECEWISE_BEZIER_KNOTS.) CURVE() GEOMETRIC_REPRESENTATION_ITEM() 
RATIONAL_B_SPLINE_CURVE((3.,6.,6.,3.)) REPRESENTATION_ITEM('') );
#926 = CARTESIAN_POINT('',(0.,81.38,19.76));
#927 = CARTESIAN_POINT('',(0.,91.07,19.76));
#928 = CARTESIAN_POINT('',(0.,91.07,39.14));
#929 = CARTESIAN_POINT('',(0.,81.38,39.14));
#930 = VECTOR('',#931,1.);
#931 = DIRECTION('',(-1.,-0.,-0.));
#932 = DEFINITIONAL_REPRESENTATION('',(#933),#937);
#933 = LINE('',#934,#935);
#934 = CARTESIAN_POINT('',(-6.288963134995E-17,0.));
#935 = VECTOR('',#936,1.);
#936 = DIRECTION('',(1.,0.));
#937 = ( GEOMETRIC_REPRESENTATION_CONTEXT(2) 
PARAMETRIC_REPRESENTATION_CONTEXT() REPRESENTATION_CONTEXT('2D SPACE',''
  ) );
#938 = ORIENTED_EDGE('',*,*,#939,.F.);
#939 = EDGE_CURVE('',#575,#907,#940,.T.);
#940 = SURFACE_CURVE('',#941,(#945,#952),.PCURVE_S1.);
#941 = LINE('',#942,#943);
#942 = CARTESIAN_POINT('',(0.,0.,19.76));
#943 = VECTOR('',#944,1.);
#944 = DIRECTION('',(0.,1.,0.));
#945 = PCURVE('',#155,#946);
#946 = DEFINITIONAL_REPRESENTATION('',(#947),#951);
#947 = LINE('',#948,#949);
#948 = CARTESIAN_POINT('',(19.76,0.));
#949 = VECTOR('',#950,1.);
#950 = DIRECTION('',(0.,-1.));
#951 = ( GEOMETRIC_REPRESENTATION_CONTEXT(2) 
PARAMETRIC_REPRESENTATION_CONTEXT() REPRESENTATION_CONTEXT('2D SPACE',''
  ) );
#952 = PCURVE('',#613,#953);
#953 = DEFINITIONAL_REPRESENTATION('',(#954),#958);
#954 = LINE('',#955,#956);
#955 = CARTESIAN_POINT('',(0.,0.));
#956 = VECTOR('',#957,1.);
#957 = DIRECTION('',(0.,1.));
#958 = ( GEOMETRIC_REPRESENTATION_CONTEXT(2) 
PARAMETRIC_REPRESENTATION_CONTEXT() REPRESENTATION_CONTEXT('2D SPACE',''
  ) );
#959 = ADVANCED_FACE('',(#960,#1008,#1366),#101,.T.);
#960 = FACE_BOUND('',#961,.T.);
#961 = EDGE_LOOP('',(#962,#985,#1006,#1007));
#962 = ORIENTED_EDGE('',*,*,#963,.T.);
#963 = EDGE_CURVE('',#787,#964,#966,.T.);
#964 = VERTEX_POINT('',#965);
#965 = CARTESIAN_POINT('',(426.25,201.5,0.));
#966 = SURFACE_CURVE('',#967,(#971,#978),.PCURVE_S1.);
#967 = LINE('',#968,#969);
#968 = CARTESIAN_POINT('',(426.25,0.,0.));
#969 = VECTOR('',#970,1.);
#970 = DIRECTION('',(0.,1.,0.));
#971 = PCURVE('',#101,#972);
#972 = DEFINITIONAL_REPRESENTATION('',(#973),#977);
#973 = LINE('',#974,#975);
#974 = CARTESIAN_POINT('',(0.,0.));
#975 = VECTOR('',#976,1.);
#976 = DIRECTION('',(0.,-1.));
#977 = ( GEOMETRIC_REPRESENTATION_CONTEXT(2) 
PARAMETRIC_REPRESENTATION_CONTEXT() REPRESENTATION_CONTEXT('2D SPACE',''
  ) );
#978 = PCURVE('',#562,#979);
#979 = DEFINITIONAL_REPRESENTATION('',(#980),#984);
#980 = LINE('',#981,#982);
#981 = CARTESIAN_POINT('',(426.25,0.));
#982 = VECTOR('',#983,1.);
#983 = DIRECTION('',(0.,1.));
#984 = ( GEOMETRIC_REPRESENTATION_CONTEXT(2) 
PARAMETRIC_REPRESENTATION_CONTEXT() REPRESENTATION_CONTEXT('2D SPACE',''
  ) );
#985 = ORIENTED_EDGE('',*,*,#986,.T.);
#986 = EDGE_CURVE('',#964,#86,#987,.T.);
#987 = SURFACE_CURVE('',#988,(#992,#999),.PCURVE_S1.);
#988 = LINE('',#989,#990);
#989 = CARTESIAN_POINT('',(426.25,201.5,0.));
#990 = VECTOR('',#991,1.);
#991 = DIRECTION('',(0.,0.,1.));
#992 = PCURVE('',#101,#993);
#993 = DEFINITIONAL_REPRESENTATION('',(#994),#998);
#994 = LINE('',#995,#996);
#995 = CARTESIAN_POINT('',(0.,-201.5));
#996 = VECTOR('',#997,1.);
#997 = DIRECTION('',(1.,0.));
#998 = ( GEOMETRIC_REPRESENTATION_CONTEXT(2) 
PARAMETRIC_REPRESENTATION_CONTEXT() REPRESENTATION_CONTEXT('2D SPACE',''
  ) );
#999 = PCURVE('',#129,#1000);
#1000 = DEFINITIONAL_REPRESENTATION('',(#1001),#1005);
#1001 = LINE('',#1002,#1003);
#1002 = CARTESIAN_POINT('',(0.,426.25));
#1003 = VECTOR('',#1004,1.);
#1004 = DIRECTION('',(1.,0.));
#1005 = ( GEOMETRIC_REPRESENTATION_CONTEXT(2) 
PARAMETRIC_REPRESENTATION_CONTEXT() REPRESENTATION_CONTEXT('2D SPACE',''
  ) );
#1006 = ORIENTED_EDGE('',*,*,#85,.F.);
#1007 = ORIENTED_EDGE('',*,*,#810,.F.);
#1008 = FACE_BOUND('',#1009,.T.);
#1009 = EDGE_LOOP('',(#1010,#1040,#1073,#1101,#1134,#1162,#1190,#1223,
    #1251,#1274,#1307,#1335));
#1010 = ORIENTED_EDGE('',*,*,#1011,.T.);
#1011 = EDGE_CURVE('',#1012,#1014,#1016,.T.);
#1012 = VERTEX_POINT('',#1013);
#1013 = CARTESIAN_POINT('',(426.25,85.77992987631,49.408354573607));
#1014 = VERTEX_POINT('',#1015);
#1015 = CARTESIAN_POINT('',(426.25,90.67992987631,10.658354573607));
#1016 = SURFACE_CURVE('',#1017,(#1021,#1028),.PCURVE_S1.);
#1017 = LINE('',#1018,#1019);
#1018 = CARTESIAN_POINT('',(426.25,85.77992987631,49.408354573607));
#1019 = VECTOR('',#1020,1.);
#1020 = DIRECTION('',(0.,0.125452596475,-0.992099614977));
#1021 = PCURVE('',#101,#1022);
#1022 = DEFINITIONAL_REPRESENTATION('',(#1023),#1027);
#1023 = LINE('',#1024,#1025);
#1024 = CARTESIAN_POINT('',(49.408354573607,-85.77992987631));
#1025 = VECTOR('',#1026,1.);
#1026 = DIRECTION('',(-0.992099614977,-0.125452596475));
#1027 = ( GEOMETRIC_REPRESENTATION_CONTEXT(2) 
PARAMETRIC_REPRESENTATION_CONTEXT() REPRESENTATION_CONTEXT('2D SPACE',''
  ) );
#1028 = PCURVE('',#1029,#1034);
#1029 = PLANE('',#1030);
#1030 = AXIS2_PLACEMENT_3D('',#1031,#1032,#1033);
#1031 = CARTESIAN_POINT('',(426.25,85.77992987631,49.408354573607));
#1032 = DIRECTION('',(0.,0.992099614977,0.125452596475));
#1033 = DIRECTION('',(0.,-0.125452596475,0.992099614977));
#1034 = DEFINITIONAL_REPRESENTATION('',(#1035),#1039);
#1035 = LINE('',#1036,#1037);
#1036 = CARTESIAN_POINT('',(0.,0.));
#1037 = VECTOR('',#1038,1.);
#1038 = DIRECTION('',(-1.,0.));
#1039 = ( GEOMETRIC_REPRESENTATION_CONTEXT(2) 
PARAMETRIC_REPRESENTATION_CONTEXT() REPRESENTATION_CONTEXT('2D SPACE',''
  ) );
#1040 = ORIENTED_EDGE('',*,*,#1041,.T.);
#1041 = EDGE_CURVE('',#1014,#1042,#1044,.T.);
#1042 = VERTEX_POINT('',#1043);
#1043 = CARTESIAN_POINT('',(426.25,86.066666666667,5.425));
#1044 = SURFACE_CURVE('',#1045,(#1050,#1061),.PCURVE_S1.);
#1045 = CIRCLE('',#1046,4.65);
#1046 = AXIS2_PLACEMENT_3D('',#1047,#1048,#1049);
#1047 = CARTESIAN_POINT('',(426.25,86.066666666666,10.075));
#1048 = DIRECTION('',(-1.,0.,0.));
#1049 = DIRECTION('',(-0.,-1.,-0.));
#1050 = PCURVE('',#101,#1051);
#1051 = DEFINITIONAL_REPRESENTATION('',(#1052),#1060);
#1052 = ( BOUNDED_CURVE() B_SPLINE_CURVE(2,(#1053,#1054,#1055,#1056,
#1057,#1058,#1059),.UNSPECIFIED.,.T.,.F.) B_SPLINE_CURVE_WITH_KNOTS((1,2
    ,2,2,2,1),(-2.094395102393,0.,2.094395102393,4.188790204786,
6.28318530718,8.377580409573),.UNSPECIFIED.) CURVE() 
GEOMETRIC_REPRESENTATION_ITEM() RATIONAL_B_SPLINE_CURVE((1.,0.5,1.,0.5,
1.,0.5,1.)) REPRESENTATION_ITEM('') );
#1053 = CARTESIAN_POINT('',(10.075,-81.41666666666));
#1054 = CARTESIAN_POINT('',(18.129036255195,-81.41666666666));
#1055 = CARTESIAN_POINT('',(14.102018127598,-88.39166666666));
#1056 = CARTESIAN_POINT('',(10.075,-95.36666666666));
#1057 = CARTESIAN_POINT('',(6.047981872402,-88.39166666666));
#1058 = CARTESIAN_POINT('',(2.020963744805,-81.41666666666));
#1059 = CARTESIAN_POINT('',(10.075,-81.41666666666));
#1060 = ( GEOMETRIC_REPRESENTATION_CONTEXT(2) 
PARAMETRIC_REPRESENTATION_CONTEXT() REPRESENTATION_CONTEXT('2D SPACE',''
  ) );
#1061 = PCURVE('',#1062,#1067);
#1062 = CYLINDRICAL_SURFACE('',#1063,4.65);
#1063 = AXIS2_PLACEMENT_3D('',#1064,#1065,#1066);
#1064 = CARTESIAN_POINT('',(426.25,86.066666666666,10.075));
#1065 = DIRECTION('',(1.,0.,0.));
#1066 = DIRECTION('',(0.,-1.,0.));
#1067 = DEFINITIONAL_REPRESENTATION('',(#1068),#1072);
#1068 = LINE('',#1069,#1070);
#1069 = CARTESIAN_POINT('',(6.28318530718,0.));
#1070 = VECTOR('',#1071,1.);
#1071 = DIRECTION('',(-1.,0.));
#1072 = ( GEOMETRIC_REPRESENTATION_CONTEXT(2) 
PARAMETRIC_REPRESENTATION_CONTEXT() REPRESENTATION_CONTEXT('2D SPACE',''
  ) );
#1073 = ORIENTED_EDGE('',*,*,#1074,.T.);
#1074 = EDGE_CURVE('',#1042,#1075,#1077,.T.);
#1075 = VERTEX_POINT('',#1076);
#1076 = CARTESIAN_POINT('',(426.25,48.266666666667,5.425));
#1077 = SURFACE_CURVE('',#1078,(#1082,#1089),.PCURVE_S1.);
#1078 = LINE('',#1079,#1080);
#1079 = CARTESIAN_POINT('',(426.25,86.066666666666,5.425));
#1080 = VECTOR('',#1081,1.);
#1081 = DIRECTION('',(-0.,-1.,-0.));
#1082 = PCURVE('',#101,#1083);
#1083 = DEFINITIONAL_REPRESENTATION('',(#1084),#1088);
#1084 = LINE('',#1085,#1086);
#1085 = CARTESIAN_POINT('',(5.425,-86.06666666666));
#1086 = VECTOR('',#1087,1.);
#1087 = DIRECTION('',(0.,1.));
#1088 = ( GEOMETRIC_REPRESENTATION_CONTEXT(2) 
PARAMETRIC_REPRESENTATION_CONTEXT() REPRESENTATION_CONTEXT('2D SPACE',''
  ) );
#1089 = PCURVE('',#1090,#1095);
#1090 = PLANE('',#1091);
#1091 = AXIS2_PLACEMENT_3D('',#1092,#1093,#1094);
#1092 = CARTESIAN_POINT('',(426.25,86.066666666666,5.425));
#1093 = DIRECTION('',(-0.,-0.,-1.));
#1094 = DIRECTION('',(0.,1.,0.));
#1095 = DEFINITIONAL_REPRESENTATION('',(#1096),#1100);
#1096 = LINE('',#1097,#1098);
#1097 = CARTESIAN_POINT('',(0.,0.));
#1098 = VECTOR('',#1099,1.);
#1099 = DIRECTION('',(-1.,0.));
#1100 = ( GEOMETRIC_REPRESENTATION_CONTEXT(2) 
PARAMETRIC_REPRESENTATION_CONTEXT() REPRESENTATION_CONTEXT('2D SPACE',''
  ) );
#1101 = ORIENTED_EDGE('',*,*,#1102,.T.);
#1102 = EDGE_CURVE('',#1075,#1103,#1105,.T.);
#1103 = VERTEX_POINT('',#1104);
#1104 = CARTESIAN_POINT('',(426.25,43.669646624112,10.774933374221));
#1105 = SURFACE_CURVE('',#1106,(#1111,#1122),.PCURVE_S1.);
#1106 = CIRCLE('',#1107,4.65);
#1107 = AXIS2_PLACEMENT_3D('',#1108,#1109,#1110);
#1108 = CARTESIAN_POINT('',(426.25,48.266666666666,10.075));
#1109 = DIRECTION('',(-1.,0.,0.));
#1110 = DIRECTION('',(-0.,-1.,-0.));
#1111 = PCURVE('',#101,#1112);
#1112 = DEFINITIONAL_REPRESENTATION('',(#1113),#1121);
#1113 = ( BOUNDED_CURVE() B_SPLINE_CURVE(2,(#1114,#1115,#1116,#1117,
#1118,#1119,#1120),.UNSPECIFIED.,.T.,.F.) B_SPLINE_CURVE_WITH_KNOTS((1,2
    ,2,2,2,1),(-2.094395102393,0.,2.094395102393,4.188790204786,
6.28318530718,8.377580409573),.UNSPECIFIED.) CURVE() 
GEOMETRIC_REPRESENTATION_ITEM() RATIONAL_B_SPLINE_CURVE((1.,0.5,1.,0.5,
1.,0.5,1.)) REPRESENTATION_ITEM('') );
#1114 = CARTESIAN_POINT('',(10.075,-43.61666666666));
#1115 = CARTESIAN_POINT('',(18.129036255195,-43.61666666666));
#1116 = CARTESIAN_POINT('',(14.102018127598,-50.59166666666));
#1117 = CARTESIAN_POINT('',(10.075,-57.56666666666));
#1118 = CARTESIAN_POINT('',(6.047981872402,-50.59166666666));
#1119 = CARTESIAN_POINT('',(2.020963744805,-43.61666666666));
#1120 = CARTESIAN_POINT('',(10.075,-43.61666666666));
#1121 = ( GEOMETRIC_REPRESENTATION_CONTEXT(2) 
PARAMETRIC_REPRESENTATION_CONTEXT() REPRESENTATION_CONTEXT('2D SPACE',''
  ) );
#1122 = PCURVE('',#1123,#1128);
#1123 = CYLINDRICAL_SURFACE('',#1124,4.65);
#1124 = AXIS2_PLACEMENT_3D('',#1125,#1126,#1127);
#1125 = CARTESIAN_POINT('',(426.25,48.266666666666,10.075));
#1126 = DIRECTION('',(1.,0.,0.));
#1127 = DIRECTION('',(0.,-1.,0.));
#1128 = DEFINITIONAL_REPRESENTATION('',(#1129),#1133);
#1129 = LINE('',#1130,#1131);
#1130 = CARTESIAN_POINT('',(6.28318530718,0.));
#1131 = VECTOR('',#1132,1.);
#1132 = DIRECTION('',(-1.,0.));
#1133 = ( GEOMETRIC_REPRESENTATION_CONTEXT(2) 
PARAMETRIC_REPRESENTATION_CONTEXT() REPRESENTATION_CONTEXT('2D SPACE',''
  ) );
#1134 = ORIENTED_EDGE('',*,*,#1135,.T.);
#1135 = EDGE_CURVE('',#1103,#1136,#1138,.T.);
#1136 = VERTEX_POINT('',#1137);
#1137 = CARTESIAN_POINT('',(426.25,45.097076123263,20.15));
#1138 = SURFACE_CURVE('',#1139,(#1143,#1150),.PCURVE_S1.);
#1139 = LINE('',#1140,#1141);
#1140 = CARTESIAN_POINT('',(426.25,43.669646624111,10.774933374221));
#1141 = VECTOR('',#1142,1.);
#1142 = DIRECTION('',(0.,0.150523306284,0.988606460764));
#1143 = PCURVE('',#101,#1144);
#1144 = DEFINITIONAL_REPRESENTATION('',(#1145),#1149);
#1145 = LINE('',#1146,#1147);
#1146 = CARTESIAN_POINT('',(10.774933374221,-43.66964662411));
#1147 = VECTOR('',#1148,1.);
#1148 = DIRECTION('',(0.988606460764,-0.150523306284));
#1149 = ( GEOMETRIC_REPRESENTATION_CONTEXT(2) 
PARAMETRIC_REPRESENTATION_CONTEXT() REPRESENTATION_CONTEXT('2D SPACE',''
  ) );
#1150 = PCURVE('',#1151,#1156);
#1151 = PLANE('',#1152);
#1152 = AXIS2_PLACEMENT_3D('',#1153,#1154,#1155);
#1153 = CARTESIAN_POINT('',(426.25,43.669646624111,10.774933374221));
#1154 = DIRECTION('',(0.,-0.988606460764,0.150523306284));
#1155 = DIRECTION('',(0.,-0.150523306284,-0.988606460764));
#1156 = DEFINITIONAL_REPRESENTATION('',(#1157),#1161);
#1157 = LINE('',#1158,#1159);
#1158 = CARTESIAN_POINT('',(0.,0.));
#1159 = VECTOR('',#1160,1.);
#1160 = DIRECTION('',(-1.,0.));
#1161 = ( GEOMETRIC_REPRESENTATION_CONTEXT(2) 
PARAMETRIC_REPRESENTATION_CONTEXT() REPRESENTATION_CONTEXT('2D SPACE',''
  ) );
#1162 = ORIENTED_EDGE('',*,*,#1163,.T.);
#1163 = EDGE_CURVE('',#1136,#1164,#1166,.T.);
#1164 = VERTEX_POINT('',#1165);
#1165 = CARTESIAN_POINT('',(426.25,35.266666666667,20.15));
#1166 = SURFACE_CURVE('',#1167,(#1171,#1178),.PCURVE_S1.);
#1167 = LINE('',#1168,#1169);
#1168 = CARTESIAN_POINT('',(426.25,67.166666666666,20.15));
#1169 = VECTOR('',#1170,1.);
#1170 = DIRECTION('',(-0.,-1.,-0.));
#1171 = PCURVE('',#101,#1172);
#1172 = DEFINITIONAL_REPRESENTATION('',(#1173),#1177);
#1173 = LINE('',#1174,#1175);
#1174 = CARTESIAN_POINT('',(20.15,-67.16666666666));
#1175 = VECTOR('',#1176,1.);
#1176 = DIRECTION('',(0.,1.));
#1177 = ( GEOMETRIC_REPRESENTATION_CONTEXT(2) 
PARAMETRIC_REPRESENTATION_CONTEXT() REPRESENTATION_CONTEXT('2D SPACE',''
  ) );
#1178 = PCURVE('',#1179,#1184);
#1179 = PLANE('',#1180);
#1180 = AXIS2_PLACEMENT_3D('',#1181,#1182,#1183);
#1181 = CARTESIAN_POINT('',(421.25,67.166666666666,20.15));
#1182 = DIRECTION('',(0.,0.,1.));
#1183 = DIRECTION('',(-1.,0.,0.));
#1184 = DEFINITIONAL_REPRESENTATION('',(#1185),#1189);
#1185 = LINE('',#1186,#1187);
#1186 = CARTESIAN_POINT('',(-5.,0.));
#1187 = VECTOR('',#1188,1.);
#1188 = DIRECTION('',(0.,1.));
#1189 = ( GEOMETRIC_REPRESENTATION_CONTEXT(2) 
PARAMETRIC_REPRESENTATION_CONTEXT() REPRESENTATION_CONTEXT('2D SPACE',''
  ) );
#1190 = ORIENTED_EDGE('',*,*,#1191,.T.);
#1191 = EDGE_CURVE('',#1164,#1192,#1194,.T.);
#1192 = VERTEX_POINT('',#1193);
#1193 = CARTESIAN_POINT('',(426.25,35.266666666667,38.75));
#1194 = SURFACE_CURVE('',#1195,(#1200,#1211),.PCURVE_S1.);
#1195 = CIRCLE('',#1196,9.3);
#1196 = AXIS2_PLACEMENT_3D('',#1197,#1198,#1199);
#1197 = CARTESIAN_POINT('',(426.25,35.266666666666,29.45));
#1198 = DIRECTION('',(-1.,0.,0.));
#1199 = DIRECTION('',(0.,0.,1.));
#1200 = PCURVE('',#101,#1201);
#1201 = DEFINITIONAL_REPRESENTATION('',(#1202),#1210);
#1202 = ( BOUNDED_CURVE() B_SPLINE_CURVE(2,(#1203,#1204,#1205,#1206,
#1207,#1208,#1209),.UNSPECIFIED.,.T.,.F.) B_SPLINE_CURVE_WITH_KNOTS((1,2
    ,2,2,2,1),(-2.094395102393,0.,2.094395102393,4.188790204786,
6.28318530718,8.377580409573),.UNSPECIFIED.) CURVE() 
GEOMETRIC_REPRESENTATION_ITEM() RATIONAL_B_SPLINE_CURVE((1.,0.5,1.,0.5,
1.,0.5,1.)) REPRESENTATION_ITEM('') );
#1203 = CARTESIAN_POINT('',(38.75,-35.26666666666));
#1204 = CARTESIAN_POINT('',(38.75,-51.37473917705));
#1205 = CARTESIAN_POINT('',(24.8,-43.32070292186));
#1206 = CARTESIAN_POINT('',(10.85,-35.26666666666));
#1207 = CARTESIAN_POINT('',(24.8,-27.21263041147));
#1208 = CARTESIAN_POINT('',(38.75,-19.15859415627));
#1209 = CARTESIAN_POINT('',(38.75,-35.26666666666));
#1210 = ( GEOMETRIC_REPRESENTATION_CONTEXT(2) 
PARAMETRIC_REPRESENTATION_CONTEXT() REPRESENTATION_CONTEXT('2D SPACE',''
  ) );
#1211 = PCURVE('',#1212,#1217);
#1212 = CYLINDRICAL_SURFACE('',#1213,9.3);
#1213 = AXIS2_PLACEMENT_3D('',#1214,#1215,#1216);
#1214 = CARTESIAN_POINT('',(426.25,35.266666666666,29.45));
#1215 = DIRECTION('',(1.,0.,0.));
#1216 = DIRECTION('',(0.,0.,1.));
#1217 = DEFINITIONAL_REPRESENTATION('',(#1218),#1222);
#1218 = LINE('',#1219,#1220);
#1219 = CARTESIAN_POINT('',(6.28318530718,0.));
#1220 = VECTOR('',#1221,1.);
#1221 = DIRECTION('',(-1.,0.));
#1222 = ( GEOMETRIC_REPRESENTATION_CONTEXT(2) 
PARAMETRIC_REPRESENTATION_CONTEXT() REPRESENTATION_CONTEXT('2D SPACE',''
  ) );
#1223 = ORIENTED_EDGE('',*,*,#1224,.F.);
#1224 = EDGE_CURVE('',#1225,#1192,#1227,.T.);
#1225 = VERTEX_POINT('',#1226);
#1226 = CARTESIAN_POINT('',(426.25,47.929076123263,38.75));
#1227 = SURFACE_CURVE('',#1228,(#1232,#1239),.PCURVE_S1.);
#1228 = LINE('',#1229,#1230);
#1229 = CARTESIAN_POINT('',(426.25,67.166666666666,38.75));
#1230 = VECTOR('',#1231,1.);
#1231 = DIRECTION('',(-0.,-1.,-0.));
#1232 = PCURVE('',#101,#1233);
#1233 = DEFINITIONAL_REPRESENTATION('',(#1234),#1238);
#1234 = LINE('',#1235,#1236);
#1235 = CARTESIAN_POINT('',(38.75,-67.16666666666));
#1236 = VECTOR('',#1237,1.);
#1237 = DIRECTION('',(0.,1.));
#1238 = ( GEOMETRIC_REPRESENTATION_CONTEXT(2) 
PARAMETRIC_REPRESENTATION_CONTEXT() REPRESENTATION_CONTEXT('2D SPACE',''
  ) );
#1239 = PCURVE('',#1240,#1245);
#1240 = PLANE('',#1241);
#1241 = AXIS2_PLACEMENT_3D('',#1242,#1243,#1244);
#1242 = CARTESIAN_POINT('',(421.25,67.166666666666,38.75));
#1243 = DIRECTION('',(0.,0.,1.));
#1244 = DIRECTION('',(-1.,0.,0.));
#1245 = DEFINITIONAL_REPRESENTATION('',(#1246),#1250);
#1246 = LINE('',#1247,#1248);
#1247 = CARTESIAN_POINT('',(-5.,0.));
#1248 = VECTOR('',#1249,1.);
#1249 = DIRECTION('',(0.,1.));
#1250 = ( GEOMETRIC_REPRESENTATION_CONTEXT(2) 
PARAMETRIC_REPRESENTATION_CONTEXT() REPRESENTATION_CONTEXT('2D SPACE',''
  ) );
#1251 = ORIENTED_EDGE('',*,*,#1252,.T.);
#1252 = EDGE_CURVE('',#1225,#1253,#1255,.T.);
#1253 = VERTEX_POINT('',#1254);
#1254 = CARTESIAN_POINT('',(426.25,49.569646624112,49.524933374221));
#1255 = SURFACE_CURVE('',#1256,(#1260,#1267),.PCURVE_S1.);
#1256 = LINE('',#1257,#1258);
#1257 = CARTESIAN_POINT('',(426.25,43.669646624111,10.774933374221));
#1258 = VECTOR('',#1259,1.);
#1259 = DIRECTION('',(0.,0.150523306284,0.988606460764));
#1260 = PCURVE('',#101,#1261);
#1261 = DEFINITIONAL_REPRESENTATION('',(#1262),#1266);
#1262 = LINE('',#1263,#1264);
#1263 = CARTESIAN_POINT('',(10.774933374221,-43.66964662411));
#1264 = VECTOR('',#1265,1.);
#1265 = DIRECTION('',(0.988606460764,-0.150523306284));
#1266 = ( GEOMETRIC_REPRESENTATION_CONTEXT(2) 
PARAMETRIC_REPRESENTATION_CONTEXT() REPRESENTATION_CONTEXT('2D SPACE',''
  ) );
#1267 = PCURVE('',#1151,#1268);
#1268 = DEFINITIONAL_REPRESENTATION('',(#1269),#1273);
#1269 = LINE('',#1270,#1271);
#1270 = CARTESIAN_POINT('',(0.,0.));
#1271 = VECTOR('',#1272,1.);
#1272 = DIRECTION('',(-1.,0.));
#1273 = ( GEOMETRIC_REPRESENTATION_CONTEXT(2) 
PARAMETRIC_REPRESENTATION_CONTEXT() REPRESENTATION_CONTEXT('2D SPACE',''
  ) );
#1274 = ORIENTED_EDGE('',*,*,#1275,.T.);
#1275 = EDGE_CURVE('',#1253,#1276,#1278,.T.);
#1276 = VERTEX_POINT('',#1277);
#1277 = CARTESIAN_POINT('',(426.25,54.166666666667,53.475));
#1278 = SURFACE_CURVE('',#1279,(#1284,#1295),.PCURVE_S1.);
#1279 = CIRCLE('',#1280,4.65);
#1280 = AXIS2_PLACEMENT_3D('',#1281,#1282,#1283);
#1281 = CARTESIAN_POINT('',(426.25,54.166666666666,48.825));
#1282 = DIRECTION('',(-1.,0.,0.));
#1283 = DIRECTION('',(-0.,-1.,-0.));
#1284 = PCURVE('',#101,#1285);
#1285 = DEFINITIONAL_REPRESENTATION('',(#1286),#1294);
#1286 = ( BOUNDED_CURVE() B_SPLINE_CURVE(2,(#1287,#1288,#1289,#1290,
#1291,#1292,#1293),.UNSPECIFIED.,.T.,.F.) B_SPLINE_CURVE_WITH_KNOTS((1,2
    ,2,2,2,1),(-2.094395102393,0.,2.094395102393,4.188790204786,
6.28318530718,8.377580409573),.UNSPECIFIED.) CURVE() 
GEOMETRIC_REPRESENTATION_ITEM() RATIONAL_B_SPLINE_CURVE((1.,0.5,1.,0.5,
1.,0.5,1.)) REPRESENTATION_ITEM('') );
#1287 = CARTESIAN_POINT('',(48.825,-49.51666666666));
#1288 = CARTESIAN_POINT('',(56.879036255195,-49.51666666666));
#1289 = CARTESIAN_POINT('',(52.852018127598,-56.49166666666));
#1290 = CARTESIAN_POINT('',(48.825,-63.46666666666));
#1291 = CARTESIAN_POINT('',(44.797981872402,-56.49166666666));
#1292 = CARTESIAN_POINT('',(40.770963744805,-49.51666666666));
#1293 = CARTESIAN_POINT('',(48.825,-49.51666666666));
#1294 = ( GEOMETRIC_REPRESENTATION_CONTEXT(2) 
PARAMETRIC_REPRESENTATION_CONTEXT() REPRESENTATION_CONTEXT('2D SPACE',''
  ) );
#1295 = PCURVE('',#1296,#1301);
#1296 = CYLINDRICAL_SURFACE('',#1297,4.65);
#1297 = AXIS2_PLACEMENT_3D('',#1298,#1299,#1300);
#1298 = CARTESIAN_POINT('',(426.25,54.166666666666,48.825));
#1299 = DIRECTION('',(1.,0.,0.));
#1300 = DIRECTION('',(0.,-1.,0.));
#1301 = DEFINITIONAL_REPRESENTATION('',(#1302),#1306);
#1302 = LINE('',#1303,#1304);
#1303 = CARTESIAN_POINT('',(6.28318530718,0.));
#1304 = VECTOR('',#1305,1.);
#1305 = DIRECTION('',(-1.,0.));
#1306 = ( GEOMETRIC_REPRESENTATION_CONTEXT(2) 
PARAMETRIC_REPRESENTATION_CONTEXT() REPRESENTATION_CONTEXT('2D SPACE',''
  ) );
#1307 = ORIENTED_EDGE('',*,*,#1308,.T.);
#1308 = EDGE_CURVE('',#1276,#1309,#1311,.T.);
#1309 = VERTEX_POINT('',#1310);
#1310 = CARTESIAN_POINT('',(426.25,81.166666666667,53.475));
#1311 = SURFACE_CURVE('',#1312,(#1316,#1323),.PCURVE_S1.);
#1312 = LINE('',#1313,#1314);
#1313 = CARTESIAN_POINT('',(426.25,54.166666666666,53.475));
#1314 = VECTOR('',#1315,1.);
#1315 = DIRECTION('',(0.,1.,0.));
#1316 = PCURVE('',#101,#1317);
#1317 = DEFINITIONAL_REPRESENTATION('',(#1318),#1322);
#1318 = LINE('',#1319,#1320);
#1319 = CARTESIAN_POINT('',(53.475,-54.16666666666));
#1320 = VECTOR('',#1321,1.);
#1321 = DIRECTION('',(0.,-1.));
#1322 = ( GEOMETRIC_REPRESENTATION_CONTEXT(2) 
PARAMETRIC_REPRESENTATION_CONTEXT() REPRESENTATION_CONTEXT('2D SPACE',''
  ) );
#1323 = PCURVE('',#1324,#1329);
#1324 = PLANE('',#1325);
#1325 = AXIS2_PLACEMENT_3D('',#1326,#1327,#1328);
#1326 = CARTESIAN_POINT('',(426.25,54.166666666666,53.475));
#1327 = DIRECTION('',(0.,0.,1.));
#1328 = DIRECTION('',(0.,-1.,0.));
#1329 = DEFINITIONAL_REPRESENTATION('',(#1330),#1334);
#1330 = LINE('',#1331,#1332);
#1331 = CARTESIAN_POINT('',(0.,0.));
#1332 = VECTOR('',#1333,1.);
#1333 = DIRECTION('',(-1.,0.));
#1334 = ( GEOMETRIC_REPRESENTATION_CONTEXT(2) 
PARAMETRIC_REPRESENTATION_CONTEXT() REPRESENTATION_CONTEXT('2D SPACE',''
  ) );
#1335 = ORIENTED_EDGE('',*,*,#1336,.T.);
#1336 = EDGE_CURVE('',#1309,#1012,#1337,.T.);
#1337 = SURFACE_CURVE('',#1338,(#1343,#1354),.PCURVE_S1.);
#1338 = CIRCLE('',#1339,4.65);
#1339 = AXIS2_PLACEMENT_3D('',#1340,#1341,#1342);
#1340 = CARTESIAN_POINT('',(426.25,81.166666666666,48.825));
#1341 = DIRECTION('',(-1.,0.,0.));
#1342 = DIRECTION('',(-0.,-1.,-0.));
#1343 = PCURVE('',#101,#1344);
#1344 = DEFINITIONAL_REPRESENTATION('',(#1345),#1353);
#1345 = ( BOUNDED_CURVE() B_SPLINE_CURVE(2,(#1346,#1347,#1348,#1349,
#1350,#1351,#1352),.UNSPECIFIED.,.T.,.F.) B_SPLINE_CURVE_WITH_KNOTS((1,2
    ,2,2,2,1),(-2.094395102393,0.,2.094395102393,4.188790204786,
6.28318530718,8.377580409573),.UNSPECIFIED.) CURVE() 
GEOMETRIC_REPRESENTATION_ITEM() RATIONAL_B_SPLINE_CURVE((1.,0.5,1.,0.5,
1.,0.5,1.)) REPRESENTATION_ITEM('') );
#1346 = CARTESIAN_POINT('',(48.825,-76.51666666666));
#1347 = CARTESIAN_POINT('',(56.879036255195,-76.51666666666));
#1348 = CARTESIAN_POINT('',(52.852018127598,-83.49166666666));
#1349 = CARTESIAN_POINT('',(48.825,-90.46666666666));
#1350 = CARTESIAN_POINT('',(44.797981872402,-83.49166666666));
#1351 = CARTESIAN_POINT('',(40.770963744805,-76.51666666666));
#1352 = CARTESIAN_POINT('',(48.825,-76.51666666666));
#1353 = ( GEOMETRIC_REPRESENTATION_CONTEXT(2) 
PARAMETRIC_REPRESENTATION_CONTEXT() REPRESENTATION_CONTEXT('2D SPACE',''
  ) );
#1354 = PCURVE('',#1355,#1360);
#1355 = CYLINDRICAL_SURFACE('',#1356,4.65);
#1356 = AXIS2_PLACEMENT_3D('',#1357,#1358,#1359);
#1357 = CARTESIAN_POINT('',(426.25,81.166666666666,48.825));
#1358 = DIRECTION('',(1.,0.,0.));
#1359 = DIRECTION('',(0.,-1.,0.));
#1360 = DEFINITIONAL_REPRESENTATION('',(#1361),#1365);
#1361 = LINE('',#1362,#1363);
#1362 = CARTESIAN_POINT('',(6.28318530718,0.));
#1363 = VECTOR('',#1364,1.);
#1364 = DIRECTION('',(-1.,0.));
#1365 = ( GEOMETRIC_REPRESENTATION_CONTEXT(2) 
PARAMETRIC_REPRESENTATION_CONTEXT() REPRESENTATION_CONTEXT('2D SPACE',''
  ) );
#1366 = FACE_BOUND('',#1367,.T.);
#1367 = EDGE_LOOP('',(#1368,#1398,#1427,#1455,#1484,#1512,#1541,#1569,
    #1597,#1626,#1654,#1677));
#1368 = ORIENTED_EDGE('',*,*,#1369,.F.);
#1369 = EDGE_CURVE('',#1370,#1372,#1374,.T.);
#1370 = VERTEX_POINT('',#1371);
#1371 = CARTESIAN_POINT('',(426.25,115.43333333333,5.425));
#1372 = VERTEX_POINT('',#1373);
#1373 = CARTESIAN_POINT('',(426.25,153.23333333333,5.425));
#1374 = SURFACE_CURVE('',#1375,(#1379,#1386),.PCURVE_S1.);
#1375 = LINE('',#1376,#1377);
#1376 = CARTESIAN_POINT('',(426.25,115.43333333333,5.425));
#1377 = VECTOR('',#1378,1.);
#1378 = DIRECTION('',(0.,1.,0.));
#1379 = PCURVE('',#101,#1380);
#1380 = DEFINITIONAL_REPRESENTATION('',(#1381),#1385);
#1381 = LINE('',#1382,#1383);
#1382 = CARTESIAN_POINT('',(5.425,-115.4333333333));
#1383 = VECTOR('',#1384,1.);
#1384 = DIRECTION('',(0.,-1.));
#1385 = ( GEOMETRIC_REPRESENTATION_CONTEXT(2) 
PARAMETRIC_REPRESENTATION_CONTEXT() REPRESENTATION_CONTEXT('2D SPACE',''
  ) );
#1386 = PCURVE('',#1387,#1392);
#1387 = PLANE('',#1388);
#1388 = AXIS2_PLACEMENT_3D('',#1389,#1390,#1391);
#1389 = CARTESIAN_POINT('',(426.25,115.43333333333,5.425));
#1390 = DIRECTION('',(0.,0.,-1.));
#1391 = DIRECTION('',(0.,1.,0.));
#1392 = DEFINITIONAL_REPRESENTATION('',(#1393),#1397);
#1393 = LINE('',#1394,#1395);
#1394 = CARTESIAN_POINT('',(0.,0.));
#1395 = VECTOR('',#1396,1.);
#1396 = DIRECTION('',(1.,0.));
#1397 = ( GEOMETRIC_REPRESENTATION_CONTEXT(2) 
PARAMETRIC_REPRESENTATION_CONTEXT() REPRESENTATION_CONTEXT('2D SPACE',''
  ) );
#1398 = ORIENTED_EDGE('',*,*,#1399,.F.);
#1399 = EDGE_CURVE('',#1400,#1370,#1402,.T.);
#1400 = VERTEX_POINT('',#1401);
#1401 = CARTESIAN_POINT('',(426.25,110.82007012368,10.658354573607));
#1402 = SURFACE_CURVE('',#1403,(#1408,#1415),.PCURVE_S1.);
#1403 = CIRCLE('',#1404,4.65);
#1404 = AXIS2_PLACEMENT_3D('',#1405,#1406,#1407);
#1405 = CARTESIAN_POINT('',(426.25,115.43333333333,10.075));
#1406 = DIRECTION('',(1.,0.,0.));
#1407 = DIRECTION('',(0.,1.,0.));
#1408 = PCURVE('',#101,#1409);
#1409 = DEFINITIONAL_REPRESENTATION('',(#1410),#1414);
#1410 = CIRCLE('',#1411,4.65);
#1411 = AXIS2_PLACEMENT_2D('',#1412,#1413);
#1412 = CARTESIAN_POINT('',(10.075,-115.4333333333));
#1413 = DIRECTION('',(0.,-1.));
#1414 = ( GEOMETRIC_REPRESENTATION_CONTEXT(2) 
PARAMETRIC_REPRESENTATION_CONTEXT() REPRESENTATION_CONTEXT('2D SPACE',''
  ) );
#1415 = PCURVE('',#1416,#1421);
#1416 = CYLINDRICAL_SURFACE('',#1417,4.65);
#1417 = AXIS2_PLACEMENT_3D('',#1418,#1419,#1420);
#1418 = CARTESIAN_POINT('',(426.25,115.43333333333,10.075));
#1419 = DIRECTION('',(1.,0.,0.));
#1420 = DIRECTION('',(0.,1.,0.));
#1421 = DEFINITIONAL_REPRESENTATION('',(#1422),#1426);
#1422 = LINE('',#1423,#1424);
#1423 = CARTESIAN_POINT('',(-4.440892098501E-16,0.));
#1424 = VECTOR('',#1425,1.);
#1425 = DIRECTION('',(1.,0.));
#1426 = ( GEOMETRIC_REPRESENTATION_CONTEXT(2) 
PARAMETRIC_REPRESENTATION_CONTEXT() REPRESENTATION_CONTEXT('2D SPACE',''
  ) );
#1427 = ORIENTED_EDGE('',*,*,#1428,.F.);
#1428 = EDGE_CURVE('',#1429,#1400,#1431,.T.);
#1429 = VERTEX_POINT('',#1430);
#1430 = CARTESIAN_POINT('',(426.25,115.72007012368,49.408354573607));
#1431 = SURFACE_CURVE('',#1432,(#1436,#1443),.PCURVE_S1.);
#1432 = LINE('',#1433,#1434);
#1433 = CARTESIAN_POINT('',(426.25,115.72007012368,49.408354573607));
#1434 = VECTOR('',#1435,1.);
#1435 = DIRECTION('',(0.,-0.125452596475,-0.992099614977));
#1436 = PCURVE('',#101,#1437);
#1437 = DEFINITIONAL_REPRESENTATION('',(#1438),#1442);
#1438 = LINE('',#1439,#1440);
#1439 = CARTESIAN_POINT('',(49.408354573607,-115.7200701236));
#1440 = VECTOR('',#1441,1.);
#1441 = DIRECTION('',(-0.992099614977,0.125452596475));
#1442 = ( GEOMETRIC_REPRESENTATION_CONTEXT(2) 
PARAMETRIC_REPRESENTATION_CONTEXT() REPRESENTATION_CONTEXT('2D SPACE',''
  ) );
#1443 = PCURVE('',#1444,#1449);
#1444 = PLANE('',#1445);
#1445 = AXIS2_PLACEMENT_3D('',#1446,#1447,#1448);
#1446 = CARTESIAN_POINT('',(426.25,115.72007012368,49.408354573607));
#1447 = DIRECTION('',(0.,-0.992099614977,0.125452596475));
#1448 = DIRECTION('',(0.,-0.125452596475,-0.992099614977));
#1449 = DEFINITIONAL_REPRESENTATION('',(#1450),#1454);
#1450 = LINE('',#1451,#1452);
#1451 = CARTESIAN_POINT('',(0.,0.));
#1452 = VECTOR('',#1453,1.);
#1453 = DIRECTION('',(1.,0.));
#1454 = ( GEOMETRIC_REPRESENTATION_CONTEXT(2) 
PARAMETRIC_REPRESENTATION_CONTEXT() REPRESENTATION_CONTEXT('2D SPACE',''
  ) );
#1455 = ORIENTED_EDGE('',*,*,#1456,.F.);
#1456 = EDGE_CURVE('',#1457,#1429,#1459,.T.);
#1457 = VERTEX_POINT('',#1458);
#1458 = CARTESIAN_POINT('',(426.25,120.33333333333,53.475));
#1459 = SURFACE_CURVE('',#1460,(#1465,#1472),.PCURVE_S1.);
#1460 = CIRCLE('',#1461,4.65);
#1461 = AXIS2_PLACEMENT_3D('',#1462,#1463,#1464);
#1462 = CARTESIAN_POINT('',(426.25,120.33333333333,48.825));
#1463 = DIRECTION('',(1.,0.,0.));
#1464 = DIRECTION('',(0.,1.,0.));
#1465 = PCURVE('',#101,#1466);
#1466 = DEFINITIONAL_REPRESENTATION('',(#1467),#1471);
#1467 = CIRCLE('',#1468,4.65);
#1468 = AXIS2_PLACEMENT_2D('',#1469,#1470);
#1469 = CARTESIAN_POINT('',(48.825,-120.3333333333));
#1470 = DIRECTION('',(0.,-1.));
#1471 = ( GEOMETRIC_REPRESENTATION_CONTEXT(2) 
PARAMETRIC_REPRESENTATION_CONTEXT() REPRESENTATION_CONTEXT('2D SPACE',''
  ) );
#1472 = PCURVE('',#1473,#1478);
#1473 = CYLINDRICAL_SURFACE('',#1474,4.65);
#1474 = AXIS2_PLACEMENT_3D('',#1475,#1476,#1477);
#1475 = CARTESIAN_POINT('',(426.25,120.33333333333,48.825));
#1476 = DIRECTION('',(1.,0.,0.));
#1477 = DIRECTION('',(0.,1.,0.));
#1478 = DEFINITIONAL_REPRESENTATION('',(#1479),#1483);
#1479 = LINE('',#1480,#1481);
#1480 = CARTESIAN_POINT('',(0.,0.));
#1481 = VECTOR('',#1482,1.);
#1482 = DIRECTION('',(1.,0.));
#1483 = ( GEOMETRIC_REPRESENTATION_CONTEXT(2) 
PARAMETRIC_REPRESENTATION_CONTEXT() REPRESENTATION_CONTEXT('2D SPACE',''
  ) );
#1484 = ORIENTED_EDGE('',*,*,#1485,.F.);
#1485 = EDGE_CURVE('',#1486,#1457,#1488,.T.);
#1486 = VERTEX_POINT('',#1487);
#1487 = CARTESIAN_POINT('',(426.25,147.33333333333,53.475));
#1488 = SURFACE_CURVE('',#1489,(#1493,#1500),.PCURVE_S1.);
#1489 = LINE('',#1490,#1491);
#1490 = CARTESIAN_POINT('',(426.25,147.33333333333,53.475));
#1491 = VECTOR('',#1492,1.);
#1492 = DIRECTION('',(0.,-1.,0.));
#1493 = PCURVE('',#101,#1494);
#1494 = DEFINITIONAL_REPRESENTATION('',(#1495),#1499);
#1495 = LINE('',#1496,#1497);
#1496 = CARTESIAN_POINT('',(53.475,-147.3333333333));
#1497 = VECTOR('',#1498,1.);
#1498 = DIRECTION('',(0.,1.));
#1499 = ( GEOMETRIC_REPRESENTATION_CONTEXT(2) 
PARAMETRIC_REPRESENTATION_CONTEXT() REPRESENTATION_CONTEXT('2D SPACE',''
  ) );
#1500 = PCURVE('',#1501,#1506);
#1501 = PLANE('',#1502);
#1502 = AXIS2_PLACEMENT_3D('',#1503,#1504,#1505);
#1503 = CARTESIAN_POINT('',(426.25,147.33333333333,53.475));
#1504 = DIRECTION('',(0.,0.,1.));
#1505 = DIRECTION('',(0.,-1.,0.));
#1506 = DEFINITIONAL_REPRESENTATION('',(#1507),#1511);
#1507 = LINE('',#1508,#1509);
#1508 = CARTESIAN_POINT('',(0.,0.));
#1509 = VECTOR('',#1510,1.);
#1510 = DIRECTION('',(1.,0.));
#1511 = ( GEOMETRIC_REPRESENTATION_CONTEXT(2) 
PARAMETRIC_REPRESENTATION_CONTEXT() REPRESENTATION_CONTEXT('2D SPACE',''
  ) );
#1512 = ORIENTED_EDGE('',*,*,#1513,.F.);
#1513 = EDGE_CURVE('',#1514,#1486,#1516,.T.);
#1514 = VERTEX_POINT('',#1515);
#1515 = CARTESIAN_POINT('',(426.25,151.93035337588,49.524933374221));
#1516 = SURFACE_CURVE('',#1517,(#1522,#1529),.PCURVE_S1.);
#1517 = CIRCLE('',#1518,4.65);
#1518 = AXIS2_PLACEMENT_3D('',#1519,#1520,#1521);
#1519 = CARTESIAN_POINT('',(426.25,147.33333333333,48.825));
#1520 = DIRECTION('',(1.,0.,0.));
#1521 = DIRECTION('',(0.,1.,0.));
#1522 = PCURVE('',#101,#1523);
#1523 = DEFINITIONAL_REPRESENTATION('',(#1524),#1528);
#1524 = CIRCLE('',#1525,4.65);
#1525 = AXIS2_PLACEMENT_2D('',#1526,#1527);
#1526 = CARTESIAN_POINT('',(48.825,-147.3333333333));
#1527 = DIRECTION('',(0.,-1.));
#1528 = ( GEOMETRIC_REPRESENTATION_CONTEXT(2) 
PARAMETRIC_REPRESENTATION_CONTEXT() REPRESENTATION_CONTEXT('2D SPACE',''
  ) );
#1529 = PCURVE('',#1530,#1535);
#1530 = CYLINDRICAL_SURFACE('',#1531,4.65);
#1531 = AXIS2_PLACEMENT_3D('',#1532,#1533,#1534);
#1532 = CARTESIAN_POINT('',(426.25,147.33333333333,48.825));
#1533 = DIRECTION('',(1.,0.,0.));
#1534 = DIRECTION('',(0.,1.,0.));
#1535 = DEFINITIONAL_REPRESENTATION('',(#1536),#1540);
#1536 = LINE('',#1537,#1538);
#1537 = CARTESIAN_POINT('',(1.110223024625E-16,0.));
#1538 = VECTOR('',#1539,1.);
#1539 = DIRECTION('',(1.,0.));
#1540 = ( GEOMETRIC_REPRESENTATION_CONTEXT(2) 
PARAMETRIC_REPRESENTATION_CONTEXT() REPRESENTATION_CONTEXT('2D SPACE',''
  ) );
#1541 = ORIENTED_EDGE('',*,*,#1542,.F.);
#1542 = EDGE_CURVE('',#1543,#1514,#1545,.T.);
#1543 = VERTEX_POINT('',#1544);
#1544 = CARTESIAN_POINT('',(426.25,153.57092387673,38.75));
#1545 = SURFACE_CURVE('',#1546,(#1550,#1557),.PCURVE_S1.);
#1546 = LINE('',#1547,#1548);
#1547 = CARTESIAN_POINT('',(426.25,157.83035337588,10.774933374221));
#1548 = VECTOR('',#1549,1.);
#1549 = DIRECTION('',(0.,-0.150523306284,0.988606460764));
#1550 = PCURVE('',#101,#1551);
#1551 = DEFINITIONAL_REPRESENTATION('',(#1552),#1556);
#1552 = LINE('',#1553,#1554);
#1553 = CARTESIAN_POINT('',(10.774933374221,-157.8303533758));
#1554 = VECTOR('',#1555,1.);
#1555 = DIRECTION('',(0.988606460764,0.150523306284));
#1556 = ( GEOMETRIC_REPRESENTATION_CONTEXT(2) 
PARAMETRIC_REPRESENTATION_CONTEXT() REPRESENTATION_CONTEXT('2D SPACE',''
  ) );
#1557 = PCURVE('',#1558,#1563);
#1558 = PLANE('',#1559);
#1559 = AXIS2_PLACEMENT_3D('',#1560,#1561,#1562);
#1560 = CARTESIAN_POINT('',(426.25,157.83035337588,10.774933374221));
#1561 = DIRECTION('',(0.,0.988606460764,0.150523306284));
#1562 = DIRECTION('',(0.,-0.150523306284,0.988606460764));
#1563 = DEFINITIONAL_REPRESENTATION('',(#1564),#1568);
#1564 = LINE('',#1565,#1566);
#1565 = CARTESIAN_POINT('',(0.,0.));
#1566 = VECTOR('',#1567,1.);
#1567 = DIRECTION('',(1.,0.));
#1568 = ( GEOMETRIC_REPRESENTATION_CONTEXT(2) 
PARAMETRIC_REPRESENTATION_CONTEXT() REPRESENTATION_CONTEXT('2D SPACE',''
  ) );
#1569 = ORIENTED_EDGE('',*,*,#1570,.T.);
#1570 = EDGE_CURVE('',#1543,#1571,#1573,.T.);
#1571 = VERTEX_POINT('',#1572);
#1572 = CARTESIAN_POINT('',(426.25,166.23333333333,38.75));
#1573 = SURFACE_CURVE('',#1574,(#1578,#1585),.PCURVE_S1.);
#1574 = LINE('',#1575,#1576);
#1575 = CARTESIAN_POINT('',(426.25,134.33333333333,38.75));
#1576 = VECTOR('',#1577,1.);
#1577 = DIRECTION('',(0.,1.,0.));
#1578 = PCURVE('',#101,#1579);
#1579 = DEFINITIONAL_REPRESENTATION('',(#1580),#1584);
#1580 = LINE('',#1581,#1582);
#1581 = CARTESIAN_POINT('',(38.75,-134.3333333333));
#1582 = VECTOR('',#1583,1.);
#1583 = DIRECTION('',(0.,-1.));
#1584 = ( GEOMETRIC_REPRESENTATION_CONTEXT(2) 
PARAMETRIC_REPRESENTATION_CONTEXT() REPRESENTATION_CONTEXT('2D SPACE',''
  ) );
#1585 = PCURVE('',#1586,#1591);
#1586 = PLANE('',#1587);
#1587 = AXIS2_PLACEMENT_3D('',#1588,#1589,#1590);
#1588 = CARTESIAN_POINT('',(421.25,134.33333333333,38.75));
#1589 = DIRECTION('',(0.,0.,1.));
#1590 = DIRECTION('',(1.,0.,0.));
#1591 = DEFINITIONAL_REPRESENTATION('',(#1592),#1596);
#1592 = LINE('',#1593,#1594);
#1593 = CARTESIAN_POINT('',(5.,0.));
#1594 = VECTOR('',#1595,1.);
#1595 = DIRECTION('',(0.,1.));
#1596 = ( GEOMETRIC_REPRESENTATION_CONTEXT(2) 
PARAMETRIC_REPRESENTATION_CONTEXT() REPRESENTATION_CONTEXT('2D SPACE',''
  ) );
#1597 = ORIENTED_EDGE('',*,*,#1598,.F.);
#1598 = EDGE_CURVE('',#1599,#1571,#1601,.T.);
#1599 = VERTEX_POINT('',#1600);
#1600 = CARTESIAN_POINT('',(426.25,166.23333333333,20.15));
#1601 = SURFACE_CURVE('',#1602,(#1607,#1614),.PCURVE_S1.);
#1602 = CIRCLE('',#1603,9.3);
#1603 = AXIS2_PLACEMENT_3D('',#1604,#1605,#1606);
#1604 = CARTESIAN_POINT('',(426.25,166.23333333333,29.45));
#1605 = DIRECTION('',(1.,0.,-0.));
#1606 = DIRECTION('',(0.,0.,1.));
#1607 = PCURVE('',#101,#1608);
#1608 = DEFINITIONAL_REPRESENTATION('',(#1609),#1613);
#1609 = CIRCLE('',#1610,9.3);
#1610 = AXIS2_PLACEMENT_2D('',#1611,#1612);
#1611 = CARTESIAN_POINT('',(29.45,-166.2333333333));
#1612 = DIRECTION('',(1.,0.));
#1613 = ( GEOMETRIC_REPRESENTATION_CONTEXT(2) 
PARAMETRIC_REPRESENTATION_CONTEXT() REPRESENTATION_CONTEXT('2D SPACE',''
  ) );
#1614 = PCURVE('',#1615,#1620);
#1615 = CYLINDRICAL_SURFACE('',#1616,9.3);
#1616 = AXIS2_PLACEMENT_3D('',#1617,#1618,#1619);
#1617 = CARTESIAN_POINT('',(426.25,166.23333333333,29.45));
#1618 = DIRECTION('',(1.,0.,0.));
#1619 = DIRECTION('',(0.,0.,1.));
#1620 = DEFINITIONAL_REPRESENTATION('',(#1621),#1625);
#1621 = LINE('',#1622,#1623);
#1622 = CARTESIAN_POINT('',(0.,0.));
#1623 = VECTOR('',#1624,1.);
#1624 = DIRECTION('',(1.,0.));
#1625 = ( GEOMETRIC_REPRESENTATION_CONTEXT(2) 
PARAMETRIC_REPRESENTATION_CONTEXT() REPRESENTATION_CONTEXT('2D SPACE',''
  ) );
#1626 = ORIENTED_EDGE('',*,*,#1627,.F.);
#1627 = EDGE_CURVE('',#1628,#1599,#1630,.T.);
#1628 = VERTEX_POINT('',#1629);
#1629 = CARTESIAN_POINT('',(426.25,156.40292387673,20.15));
#1630 = SURFACE_CURVE('',#1631,(#1635,#1642),.PCURVE_S1.);
#1631 = LINE('',#1632,#1633);
#1632 = CARTESIAN_POINT('',(426.25,134.33333333333,20.15));
#1633 = VECTOR('',#1634,1.);
#1634 = DIRECTION('',(0.,1.,0.));
#1635 = PCURVE('',#101,#1636);
#1636 = DEFINITIONAL_REPRESENTATION('',(#1637),#1641);
#1637 = LINE('',#1638,#1639);
#1638 = CARTESIAN_POINT('',(20.15,-134.3333333333));
#1639 = VECTOR('',#1640,1.);
#1640 = DIRECTION('',(0.,-1.));
#1641 = ( GEOMETRIC_REPRESENTATION_CONTEXT(2) 
PARAMETRIC_REPRESENTATION_CONTEXT() REPRESENTATION_CONTEXT('2D SPACE',''
  ) );
#1642 = PCURVE('',#1643,#1648);
#1643 = PLANE('',#1644);
#1644 = AXIS2_PLACEMENT_3D('',#1645,#1646,#1647);
#1645 = CARTESIAN_POINT('',(421.25,134.33333333333,20.15));
#1646 = DIRECTION('',(0.,0.,1.));
#1647 = DIRECTION('',(1.,0.,0.));
#1648 = DEFINITIONAL_REPRESENTATION('',(#1649),#1653);
#1649 = LINE('',#1650,#1651);
#1650 = CARTESIAN_POINT('',(5.,0.));
#1651 = VECTOR('',#1652,1.);
#1652 = DIRECTION('',(0.,1.));
#1653 = ( GEOMETRIC_REPRESENTATION_CONTEXT(2) 
PARAMETRIC_REPRESENTATION_CONTEXT() REPRESENTATION_CONTEXT('2D SPACE',''
  ) );
#1654 = ORIENTED_EDGE('',*,*,#1655,.F.);
#1655 = EDGE_CURVE('',#1656,#1628,#1658,.T.);
#1656 = VERTEX_POINT('',#1657);
#1657 = CARTESIAN_POINT('',(426.25,157.83035337588,10.774933374221));
#1658 = SURFACE_CURVE('',#1659,(#1663,#1670),.PCURVE_S1.);
#1659 = LINE('',#1660,#1661);
#1660 = CARTESIAN_POINT('',(426.25,157.83035337588,10.774933374221));
#1661 = VECTOR('',#1662,1.);
#1662 = DIRECTION('',(0.,-0.150523306284,0.988606460764));
#1663 = PCURVE('',#101,#1664);
#1664 = DEFINITIONAL_REPRESENTATION('',(#1665),#1669);
#1665 = LINE('',#1666,#1667);
#1666 = CARTESIAN_POINT('',(10.774933374221,-157.8303533758));
#1667 = VECTOR('',#1668,1.);
#1668 = DIRECTION('',(0.988606460764,0.150523306284));
#1669 = ( GEOMETRIC_REPRESENTATION_CONTEXT(2) 
PARAMETRIC_REPRESENTATION_CONTEXT() REPRESENTATION_CONTEXT('2D SPACE',''
  ) );
#1670 = PCURVE('',#1558,#1671);
#1671 = DEFINITIONAL_REPRESENTATION('',(#1672),#1676);
#1672 = LINE('',#1673,#1674);
#1673 = CARTESIAN_POINT('',(0.,0.));
#1674 = VECTOR('',#1675,1.);
#1675 = DIRECTION('',(1.,0.));
#1676 = ( GEOMETRIC_REPRESENTATION_CONTEXT(2) 
PARAMETRIC_REPRESENTATION_CONTEXT() REPRESENTATION_CONTEXT('2D SPACE',''
  ) );
#1677 = ORIENTED_EDGE('',*,*,#1678,.F.);
#1678 = EDGE_CURVE('',#1372,#1656,#1679,.T.);
#1679 = SURFACE_CURVE('',#1680,(#1685,#1692),.PCURVE_S1.);
#1680 = CIRCLE('',#1681,4.65);
#1681 = AXIS2_PLACEMENT_3D('',#1682,#1683,#1684);
#1682 = CARTESIAN_POINT('',(426.25,153.23333333333,10.075));
#1683 = DIRECTION('',(1.,0.,0.));
#1684 = DIRECTION('',(0.,1.,0.));
#1685 = PCURVE('',#101,#1686);
#1686 = DEFINITIONAL_REPRESENTATION('',(#1687),#1691);
#1687 = CIRCLE('',#1688,4.65);
#1688 = AXIS2_PLACEMENT_2D('',#1689,#1690);
#1689 = CARTESIAN_POINT('',(10.075,-153.2333333333));
#1690 = DIRECTION('',(0.,-1.));
#1691 = ( GEOMETRIC_REPRESENTATION_CONTEXT(2) 
PARAMETRIC_REPRESENTATION_CONTEXT() REPRESENTATION_CONTEXT('2D SPACE',''
  ) );
#1692 = PCURVE('',#1693,#1698);
#1693 = CYLINDRICAL_SURFACE('',#1694,4.65);
#1694 = AXIS2_PLACEMENT_3D('',#1695,#1696,#1697);
#1695 = CARTESIAN_POINT('',(426.25,153.23333333333,10.075));
#1696 = DIRECTION('',(1.,0.,0.));
#1697 = DIRECTION('',(0.,1.,0.));
#1698 = DEFINITIONAL_REPRESENTATION('',(#1699),#1703);
#1699 = LINE('',#1700,#1701);
#1700 = CARTESIAN_POINT('',(0.,0.));
#1701 = VECTOR('',#1702,1.);
#1702 = DIRECTION('',(1.,0.));
#1703 = ( GEOMETRIC_REPRESENTATION_CONTEXT(2) 
PARAMETRIC_REPRESENTATION_CONTEXT() REPRESENTATION_CONTEXT('2D SPACE',''
  ) );
#1704 = ADVANCED_FACE('',(#1705),#129,.T.);
#1705 = FACE_BOUND('',#1706,.T.);
#1706 = EDGE_LOOP('',(#1707,#1728,#1729,#1730));
#1707 = ORIENTED_EDGE('',*,*,#1708,.F.);
#1708 = EDGE_CURVE('',#838,#964,#1709,.T.);
#1709 = SURFACE_CURVE('',#1710,(#1714,#1721),.PCURVE_S1.);
#1710 = LINE('',#1711,#1712);
#1711 = CARTESIAN_POINT('',(0.,201.5,0.));
#1712 = VECTOR('',#1713,1.);
#1713 = DIRECTION('',(1.,0.,0.));
#1714 = PCURVE('',#129,#1715);
#1715 = DEFINITIONAL_REPRESENTATION('',(#1716),#1720);
#1716 = LINE('',#1717,#1718);
#1717 = CARTESIAN_POINT('',(0.,0.));
#1718 = VECTOR('',#1719,1.);
#1719 = DIRECTION('',(0.,1.));
#1720 = ( GEOMETRIC_REPRESENTATION_CONTEXT(2) 
PARAMETRIC_REPRESENTATION_CONTEXT() REPRESENTATION_CONTEXT('2D SPACE',''
  ) );
#1721 = PCURVE('',#562,#1722);
#1722 = DEFINITIONAL_REPRESENTATION('',(#1723),#1727);
#1723 = LINE('',#1724,#1725);
#1724 = CARTESIAN_POINT('',(0.,201.5));
#1725 = VECTOR('',#1726,1.);
#1726 = DIRECTION('',(1.,0.));
#1727 = ( GEOMETRIC_REPRESENTATION_CONTEXT(2) 
PARAMETRIC_REPRESENTATION_CONTEXT() REPRESENTATION_CONTEXT('2D SPACE',''
  ) );
#1728 = ORIENTED_EDGE('',*,*,#860,.T.);
#1729 = ORIENTED_EDGE('',*,*,#113,.T.);
#1730 = ORIENTED_EDGE('',*,*,#986,.F.);
#1731 = ADVANCED_FACE('',(#1732),#187,.F.);
#1732 = FACE_BOUND('',#1733,.F.);
#1733 = EDGE_LOOP('',(#1734,#1735,#1758,#1786));
#1734 = ORIENTED_EDGE('',*,*,#169,.T.);
#1735 = ORIENTED_EDGE('',*,*,#1736,.T.);
#1736 = EDGE_CURVE('',#172,#1737,#1739,.T.);
#1737 = VERTEX_POINT('',#1738);
#1738 = CARTESIAN_POINT('',(77.5,178.25,178.25));
#1739 = SURFACE_CURVE('',#1740,(#1744,#1751),.PCURVE_S1.);
#1740 = LINE('',#1741,#1742);
#1741 = CARTESIAN_POINT('',(77.5,178.25,58.9));
#1742 = VECTOR('',#1743,1.);
#1743 = DIRECTION('',(0.,0.,1.));
#1744 = PCURVE('',#187,#1745);
#1745 = DEFINITIONAL_REPRESENTATION('',(#1746),#1750);
#1746 = LINE('',#1747,#1748);
#1747 = CARTESIAN_POINT('',(0.,-155.));
#1748 = VECTOR('',#1749,1.);
#1749 = DIRECTION('',(1.,0.));
#1750 = ( GEOMETRIC_REPRESENTATION_CONTEXT(2) 
PARAMETRIC_REPRESENTATION_CONTEXT() REPRESENTATION_CONTEXT('2D SPACE',''
  ) );
#1751 = PCURVE('',#215,#1752);
#1752 = DEFINITIONAL_REPRESENTATION('',(#1753),#1757);
#1753 = LINE('',#1754,#1755);
#1754 = CARTESIAN_POINT('',(0.,0.));
#1755 = VECTOR('',#1756,1.);
#1756 = DIRECTION('',(1.,0.));
#1757 = ( GEOMETRIC_REPRESENTATION_CONTEXT(2) 
PARAMETRIC_REPRESENTATION_CONTEXT() REPRESENTATION_CONTEXT('2D SPACE',''
  ) );
#1758 = ORIENTED_EDGE('',*,*,#1759,.F.);
#1759 = EDGE_CURVE('',#1760,#1737,#1762,.T.);
#1760 = VERTEX_POINT('',#1761);
#1761 = CARTESIAN_POINT('',(77.5,73.25,178.25));
#1762 = SURFACE_CURVE('',#1763,(#1767,#1774),.PCURVE_S1.);
#1763 = LINE('',#1764,#1765);
#1764 = CARTESIAN_POINT('',(77.5,23.25,178.25));
#1765 = VECTOR('',#1766,1.);
#1766 = DIRECTION('',(0.,1.,0.));
#1767 = PCURVE('',#187,#1768);
#1768 = DEFINITIONAL_REPRESENTATION('',(#1769),#1773);
#1769 = LINE('',#1770,#1771);
#1770 = CARTESIAN_POINT('',(119.35,0.));
#1771 = VECTOR('',#1772,1.);
#1772 = DIRECTION('',(0.,-1.));
#1773 = ( GEOMETRIC_REPRESENTATION_CONTEXT(2) 
PARAMETRIC_REPRESENTATION_CONTEXT() REPRESENTATION_CONTEXT('2D SPACE',''
  ) );
#1774 = PCURVE('',#1775,#1780);
#1775 = PLANE('',#1776);
#1776 = AXIS2_PLACEMENT_3D('',#1777,#1778,#1779);
#1777 = CARTESIAN_POINT('',(77.5,23.25,178.25));
#1778 = DIRECTION('',(0.,0.,1.));
#1779 = DIRECTION('',(1.,0.,0.));
#1780 = DEFINITIONAL_REPRESENTATION('',(#1781),#1785);
#1781 = LINE('',#1782,#1783);
#1782 = CARTESIAN_POINT('',(0.,0.));
#1783 = VECTOR('',#1784,1.);
#1784 = DIRECTION('',(0.,1.));
#1785 = ( GEOMETRIC_REPRESENTATION_CONTEXT(2) 
PARAMETRIC_REPRESENTATION_CONTEXT() REPRESENTATION_CONTEXT('2D SPACE',''
  ) );
#1786 = ORIENTED_EDGE('',*,*,#1787,.F.);
#1787 = EDGE_CURVE('',#170,#1760,#1788,.T.);
#1788 = SURFACE_CURVE('',#1789,(#1793,#1800),.PCURVE_S1.);
#1789 = LINE('',#1790,#1791);
#1790 = CARTESIAN_POINT('',(77.5,73.25,58.9));
#1791 = VECTOR('',#1792,1.);
#1792 = DIRECTION('',(0.,0.,1.));
#1793 = PCURVE('',#187,#1794);
#1794 = DEFINITIONAL_REPRESENTATION('',(#1795),#1799);
#1795 = LINE('',#1796,#1797);
#1796 = CARTESIAN_POINT('',(0.,-50.));
#1797 = VECTOR('',#1798,1.);
#1798 = DIRECTION('',(1.,0.));
#1799 = ( GEOMETRIC_REPRESENTATION_CONTEXT(2) 
PARAMETRIC_REPRESENTATION_CONTEXT() REPRESENTATION_CONTEXT('2D SPACE',''
  ) );
#1800 = PCURVE('',#405,#1801);
#1801 = DEFINITIONAL_REPRESENTATION('',(#1802),#1806);
#1802 = LINE('',#1803,#1804);
#1803 = CARTESIAN_POINT('',(0.,0.));
#1804 = VECTOR('',#1805,1.);
#1805 = DIRECTION('',(0.,1.));
#1806 = ( GEOMETRIC_REPRESENTATION_CONTEXT(2) 
PARAMETRIC_REPRESENTATION_CONTEXT() REPRESENTATION_CONTEXT('2D SPACE',''
  ) );
#1807 = ADVANCED_FACE('',(#1808),#405,.T.);
#1808 = FACE_BOUND('',#1809,.T.);
#1809 = EDGE_LOOP('',(#1810,#1811,#1834,#1856));
#1810 = ORIENTED_EDGE('',*,*,#390,.T.);
#1811 = ORIENTED_EDGE('',*,*,#1812,.T.);
#1812 = EDGE_CURVE('',#363,#1813,#1815,.T.);
#1813 = VERTEX_POINT('',#1814);
#1814 = CARTESIAN_POINT('',(127.5,23.25,178.25));
#1815 = SURFACE_CURVE('',#1816,(#1820,#1827),.PCURVE_S1.);
#1816 = LINE('',#1817,#1818);
#1817 = CARTESIAN_POINT('',(127.5,23.25,58.9));
#1818 = VECTOR('',#1819,1.);
#1819 = DIRECTION('',(0.,0.,1.));
#1820 = PCURVE('',#405,#1821);
#1821 = DEFINITIONAL_REPRESENTATION('',(#1822),#1826);
#1822 = LINE('',#1823,#1824);
#1823 = CARTESIAN_POINT('',(1.570796326795,0.));
#1824 = VECTOR('',#1825,1.);
#1825 = DIRECTION('',(0.,1.));
#1826 = ( GEOMETRIC_REPRESENTATION_CONTEXT(2) 
PARAMETRIC_REPRESENTATION_CONTEXT() REPRESENTATION_CONTEXT('2D SPACE',''
  ) );
#1827 = PCURVE('',#378,#1828);
#1828 = DEFINITIONAL_REPRESENTATION('',(#1829),#1833);
#1829 = LINE('',#1830,#1831);
#1830 = CARTESIAN_POINT('',(0.,50.));
#1831 = VECTOR('',#1832,1.);
#1832 = DIRECTION('',(1.,0.));
#1833 = ( GEOMETRIC_REPRESENTATION_CONTEXT(2) 
PARAMETRIC_REPRESENTATION_CONTEXT() REPRESENTATION_CONTEXT('2D SPACE',''
  ) );
#1834 = ORIENTED_EDGE('',*,*,#1835,.F.);
#1835 = EDGE_CURVE('',#1760,#1813,#1836,.T.);
#1836 = SURFACE_CURVE('',#1837,(#1842,#1849),.PCURVE_S1.);
#1837 = CIRCLE('',#1838,50.);
#1838 = AXIS2_PLACEMENT_3D('',#1839,#1840,#1841);
#1839 = CARTESIAN_POINT('',(127.5,73.25,178.25));
#1840 = DIRECTION('',(-0.,0.,1.));
#1841 = DIRECTION('',(0.,-1.,0.));
#1842 = PCURVE('',#405,#1843);
#1843 = DEFINITIONAL_REPRESENTATION('',(#1844),#1848);
#1844 = LINE('',#1845,#1846);
#1845 = CARTESIAN_POINT('',(-4.712388980385,119.35));
#1846 = VECTOR('',#1847,1.);
#1847 = DIRECTION('',(1.,0.));
#1848 = ( GEOMETRIC_REPRESENTATION_CONTEXT(2) 
PARAMETRIC_REPRESENTATION_CONTEXT() REPRESENTATION_CONTEXT('2D SPACE',''
  ) );
#1849 = PCURVE('',#1775,#1850);
#1850 = DEFINITIONAL_REPRESENTATION('',(#1851),#1855);
#1851 = CIRCLE('',#1852,50.);
#1852 = AXIS2_PLACEMENT_2D('',#1853,#1854);
#1853 = CARTESIAN_POINT('',(50.,50.));
#1854 = DIRECTION('',(0.,-1.));
#1855 = ( GEOMETRIC_REPRESENTATION_CONTEXT(2) 
PARAMETRIC_REPRESENTATION_CONTEXT() REPRESENTATION_CONTEXT('2D SPACE',''
  ) );
#1856 = ORIENTED_EDGE('',*,*,#1787,.F.);
#1857 = ADVANCED_FACE('',(#1858),#215,.T.);
#1858 = FACE_BOUND('',#1859,.T.);
#1859 = EDGE_LOOP('',(#1860,#1883,#1884,#1908,#1936,#1969,#1997,#2019,
    #2020,#2021,#2044));
#1860 = ORIENTED_EDGE('',*,*,#1861,.F.);
#1861 = EDGE_CURVE('',#312,#1862,#1864,.T.);
#1862 = VERTEX_POINT('',#1863);
#1863 = CARTESIAN_POINT('',(356.5,178.25,99.1701625));
#1864 = SURFACE_CURVE('',#1865,(#1869,#1876),.PCURVE_S1.);
#1865 = LINE('',#1866,#1867);
#1866 = CARTESIAN_POINT('',(356.5,178.25,58.9));
#1867 = VECTOR('',#1868,1.);
#1868 = DIRECTION('',(0.,0.,1.));
#1869 = PCURVE('',#215,#1870);
#1870 = DEFINITIONAL_REPRESENTATION('',(#1871),#1875);
#1871 = LINE('',#1872,#1873);
#1872 = CARTESIAN_POINT('',(0.,279.));
#1873 = VECTOR('',#1874,1.);
#1874 = DIRECTION('',(1.,0.));
#1875 = ( GEOMETRIC_REPRESENTATION_CONTEXT(2) 
PARAMETRIC_REPRESENTATION_CONTEXT() REPRESENTATION_CONTEXT('2D SPACE',''
  ) );
#1876 = PCURVE('',#350,#1877);
#1877 = DEFINITIONAL_REPRESENTATION('',(#1878),#1882);
#1878 = LINE('',#1879,#1880);
#1879 = CARTESIAN_POINT('',(0.,-155.));
#1880 = VECTOR('',#1881,1.);
#1881 = DIRECTION('',(1.,0.));
#1882 = ( GEOMETRIC_REPRESENTATION_CONTEXT(2) 
PARAMETRIC_REPRESENTATION_CONTEXT() REPRESENTATION_CONTEXT('2D SPACE',''
  ) );
#1883 = ORIENTED_EDGE('',*,*,#311,.F.);
#1884 = ORIENTED_EDGE('',*,*,#1885,.T.);
#1885 = EDGE_CURVE('',#284,#1886,#1888,.T.);
#1886 = VERTEX_POINT('',#1887);
#1887 = CARTESIAN_POINT('',(193.75,178.25,68.2));
#1888 = SURFACE_CURVE('',#1889,(#1894,#1901),.PCURVE_S1.);
#1889 = CIRCLE('',#1890,9.3);
#1890 = AXIS2_PLACEMENT_3D('',#1891,#1892,#1893);
#1891 = CARTESIAN_POINT('',(203.05,178.25,68.2));
#1892 = DIRECTION('',(0.,1.,-0.));
#1893 = DIRECTION('',(-1.,0.,0.));
#1894 = PCURVE('',#215,#1895);
#1895 = DEFINITIONAL_REPRESENTATION('',(#1896),#1900);
#1896 = CIRCLE('',#1897,9.3);
#1897 = AXIS2_PLACEMENT_2D('',#1898,#1899);
#1898 = CARTESIAN_POINT('',(9.3,125.55));
#1899 = DIRECTION('',(0.,-1.));
#1900 = ( GEOMETRIC_REPRESENTATION_CONTEXT(2) 
PARAMETRIC_REPRESENTATION_CONTEXT() REPRESENTATION_CONTEXT('2D SPACE',''
  ) );
#1901 = PCURVE('',#299,#1902);
#1902 = DEFINITIONAL_REPRESENTATION('',(#1903),#1907);
#1903 = LINE('',#1904,#1905);
#1904 = CARTESIAN_POINT('',(6.28318530718,0.));
#1905 = VECTOR('',#1906,1.);
#1906 = DIRECTION('',(-1.,0.));
#1907 = ( GEOMETRIC_REPRESENTATION_CONTEXT(2) 
PARAMETRIC_REPRESENTATION_CONTEXT() REPRESENTATION_CONTEXT('2D SPACE',''
  ) );
#1908 = ORIENTED_EDGE('',*,*,#1909,.T.);
#1909 = EDGE_CURVE('',#1886,#1910,#1912,.T.);
#1910 = VERTEX_POINT('',#1911);
#1911 = CARTESIAN_POINT('',(193.75,178.25,116.25));
#1912 = SURFACE_CURVE('',#1913,(#1917,#1924),.PCURVE_S1.);
#1913 = LINE('',#1914,#1915);
#1914 = CARTESIAN_POINT('',(193.75,178.25,68.2));
#1915 = VECTOR('',#1916,1.);
#1916 = DIRECTION('',(-2.09127819679E-16,0.,1.));
#1917 = PCURVE('',#215,#1918);
#1918 = DEFINITIONAL_REPRESENTATION('',(#1919),#1923);
#1919 = LINE('',#1920,#1921);
#1920 = CARTESIAN_POINT('',(9.3,116.25));
#1921 = VECTOR('',#1922,1.);
#1922 = DIRECTION('',(1.,-2.09127819679E-16));
#1923 = ( GEOMETRIC_REPRESENTATION_CONTEXT(2) 
PARAMETRIC_REPRESENTATION_CONTEXT() REPRESENTATION_CONTEXT('2D SPACE',''
  ) );
#1924 = PCURVE('',#1925,#1930);
#1925 = PLANE('',#1926);
#1926 = AXIS2_PLACEMENT_3D('',#1927,#1928,#1929);
#1927 = CARTESIAN_POINT('',(193.75,178.25,68.2));
#1928 = DIRECTION('',(1.,0.,2.09127819679E-16));
#1929 = DIRECTION('',(-2.09127819679E-16,0.,1.));
#1930 = DEFINITIONAL_REPRESENTATION('',(#1931),#1935);
#1931 = LINE('',#1932,#1933);
#1932 = CARTESIAN_POINT('',(0.,0.));
#1933 = VECTOR('',#1934,1.);
#1934 = DIRECTION('',(1.,0.));
#1935 = ( GEOMETRIC_REPRESENTATION_CONTEXT(2) 
PARAMETRIC_REPRESENTATION_CONTEXT() REPRESENTATION_CONTEXT('2D SPACE',''
  ) );
#1936 = ORIENTED_EDGE('',*,*,#1937,.T.);
#1937 = EDGE_CURVE('',#1910,#1938,#1940,.T.);
#1938 = VERTEX_POINT('',#1939);
#1939 = CARTESIAN_POINT('',(116.25,178.25,116.25));
#1940 = SURFACE_CURVE('',#1941,(#1946,#1957),.PCURVE_S1.);
#1941 = CIRCLE('',#1942,38.75);
#1942 = AXIS2_PLACEMENT_3D('',#1943,#1944,#1945);
#1943 = CARTESIAN_POINT('',(155.,178.25,116.25));
#1944 = DIRECTION('',(-0.,-1.,-0.));
#1945 = DIRECTION('',(-1.,0.,0.));
#1946 = PCURVE('',#215,#1947);
#1947 = DEFINITIONAL_REPRESENTATION('',(#1948),#1956);
#1948 = ( BOUNDED_CURVE() B_SPLINE_CURVE(2,(#1949,#1950,#1951,#1952,
#1953,#1954,#1955),.UNSPECIFIED.,.T.,.F.) B_SPLINE_CURVE_WITH_KNOTS((1,2
    ,2,2,2,1),(-2.094395102393,0.,2.094395102393,4.188790204786,
6.28318530718,8.377580409573),.UNSPECIFIED.) CURVE() 
GEOMETRIC_REPRESENTATION_ITEM() RATIONAL_B_SPLINE_CURVE((1.,0.5,1.,0.5,
1.,0.5,1.)) REPRESENTATION_ITEM('') );
#1949 = CARTESIAN_POINT('',(57.35,38.75));
#1950 = CARTESIAN_POINT('',(-9.766968793294,38.75));
#1951 = CARTESIAN_POINT('',(23.791515603353,96.875));
#1952 = CARTESIAN_POINT('',(57.35,155.));
#1953 = CARTESIAN_POINT('',(90.908484396647,96.875));
#1954 = CARTESIAN_POINT('',(124.46696879329,38.75));
#1955 = CARTESIAN_POINT('',(57.35,38.75));
#1956 = ( GEOMETRIC_REPRESENTATION_CONTEXT(2) 
PARAMETRIC_REPRESENTATION_CONTEXT() REPRESENTATION_CONTEXT('2D SPACE',''
  ) );
#1957 = PCURVE('',#1958,#1963);
#1958 = CYLINDRICAL_SURFACE('',#1959,38.75);
#1959 = AXIS2_PLACEMENT_3D('',#1960,#1961,#1962);
#1960 = CARTESIAN_POINT('',(155.,178.25,116.25));
#1961 = DIRECTION('',(0.,-1.,0.));
#1962 = DIRECTION('',(-1.,0.,0.));
#1963 = DEFINITIONAL_REPRESENTATION('',(#1964),#1968);
#1964 = LINE('',#1965,#1966);
#1965 = CARTESIAN_POINT('',(0.,0.));
#1966 = VECTOR('',#1967,1.);
#1967 = DIRECTION('',(1.,0.));
#1968 = ( GEOMETRIC_REPRESENTATION_CONTEXT(2) 
PARAMETRIC_REPRESENTATION_CONTEXT() REPRESENTATION_CONTEXT('2D SPACE',''
  ) );
#1969 = ORIENTED_EDGE('',*,*,#1970,.T.);
#1970 = EDGE_CURVE('',#1938,#1971,#1973,.T.);
#1971 = VERTEX_POINT('',#1972);
#1972 = CARTESIAN_POINT('',(116.25,178.25,68.2));
#1973 = SURFACE_CURVE('',#1974,(#1978,#1985),.PCURVE_S1.);
#1974 = LINE('',#1975,#1976);
#1975 = CARTESIAN_POINT('',(116.25,178.25,116.25));
#1976 = VECTOR('',#1977,1.);
#1977 = DIRECTION('',(-2.09127819679E-16,0.,-1.));
#1978 = PCURVE('',#215,#1979);
#1979 = DEFINITIONAL_REPRESENTATION('',(#1980),#1984);
#1980 = LINE('',#1981,#1982);
#1981 = CARTESIAN_POINT('',(57.35,38.75));
#1982 = VECTOR('',#1983,1.);
#1983 = DIRECTION('',(-1.,-2.09127819679E-16));
#1984 = ( GEOMETRIC_REPRESENTATION_CONTEXT(2) 
PARAMETRIC_REPRESENTATION_CONTEXT() REPRESENTATION_CONTEXT('2D SPACE',''
  ) );
#1985 = PCURVE('',#1986,#1991);
#1986 = PLANE('',#1987);
#1987 = AXIS2_PLACEMENT_3D('',#1988,#1989,#1990);
#1988 = CARTESIAN_POINT('',(116.25,178.25,116.25));
#1989 = DIRECTION('',(-1.,0.,2.09127819679E-16));
#1990 = DIRECTION('',(-2.09127819679E-16,0.,-1.));
#1991 = DEFINITIONAL_REPRESENTATION('',(#1992),#1996);
#1992 = LINE('',#1993,#1994);
#1993 = CARTESIAN_POINT('',(0.,0.));
#1994 = VECTOR('',#1995,1.);
#1995 = DIRECTION('',(1.,0.));
#1996 = ( GEOMETRIC_REPRESENTATION_CONTEXT(2) 
PARAMETRIC_REPRESENTATION_CONTEXT() REPRESENTATION_CONTEXT('2D SPACE',''
  ) );
#1997 = ORIENTED_EDGE('',*,*,#1998,.T.);
#1998 = EDGE_CURVE('',#1971,#200,#1999,.T.);
#1999 = SURFACE_CURVE('',#2000,(#2005,#2012),.PCURVE_S1.);
#2000 = CIRCLE('',#2001,9.3);
#2001 = AXIS2_PLACEMENT_3D('',#2002,#2003,#2004);
#2002 = CARTESIAN_POINT('',(106.95,178.25,68.2));
#2003 = DIRECTION('',(0.,1.,-0.));
#2004 = DIRECTION('',(-1.,0.,0.));
#2005 = PCURVE('',#215,#2006);
#2006 = DEFINITIONAL_REPRESENTATION('',(#2007),#2011);
#2007 = CIRCLE('',#2008,9.3);
#2008 = AXIS2_PLACEMENT_2D('',#2009,#2010);
#2009 = CARTESIAN_POINT('',(9.3,29.45));
#2010 = DIRECTION('',(0.,-1.));
#2011 = ( GEOMETRIC_REPRESENTATION_CONTEXT(2) 
PARAMETRIC_REPRESENTATION_CONTEXT() REPRESENTATION_CONTEXT('2D SPACE',''
  ) );
#2012 = PCURVE('',#243,#2013);
#2013 = DEFINITIONAL_REPRESENTATION('',(#2014),#2018);
#2014 = LINE('',#2015,#2016);
#2015 = CARTESIAN_POINT('',(6.28318530718,0.));
#2016 = VECTOR('',#2017,1.);
#2017 = DIRECTION('',(-1.,0.));
#2018 = ( GEOMETRIC_REPRESENTATION_CONTEXT(2) 
PARAMETRIC_REPRESENTATION_CONTEXT() REPRESENTATION_CONTEXT('2D SPACE',''
  ) );
#2019 = ORIENTED_EDGE('',*,*,#199,.F.);
#2020 = ORIENTED_EDGE('',*,*,#1736,.T.);
#2021 = ORIENTED_EDGE('',*,*,#2022,.T.);
#2022 = EDGE_CURVE('',#1737,#2023,#2025,.T.);
#2023 = VERTEX_POINT('',#2024);
#2024 = CARTESIAN_POINT('',(219.52963973326,178.25,178.25));
#2025 = SURFACE_CURVE('',#2026,(#2030,#2037),.PCURVE_S1.);
#2026 = LINE('',#2027,#2028);
#2027 = CARTESIAN_POINT('',(77.5,178.25,178.25));
#2028 = VECTOR('',#2029,1.);
#2029 = DIRECTION('',(1.,0.,0.));
#2030 = PCURVE('',#215,#2031);
#2031 = DEFINITIONAL_REPRESENTATION('',(#2032),#2036);
#2032 = LINE('',#2033,#2034);
#2033 = CARTESIAN_POINT('',(119.35,0.));
#2034 = VECTOR('',#2035,1.);
#2035 = DIRECTION('',(0.,1.));
#2036 = ( GEOMETRIC_REPRESENTATION_CONTEXT(2) 
PARAMETRIC_REPRESENTATION_CONTEXT() REPRESENTATION_CONTEXT('2D SPACE',''
  ) );
#2037 = PCURVE('',#1775,#2038);
#2038 = DEFINITIONAL_REPRESENTATION('',(#2039),#2043);
#2039 = LINE('',#2040,#2041);
#2040 = CARTESIAN_POINT('',(0.,155.));
#2041 = VECTOR('',#2042,1.);
#2042 = DIRECTION('',(1.,0.));
#2043 = ( GEOMETRIC_REPRESENTATION_CONTEXT(2) 
PARAMETRIC_REPRESENTATION_CONTEXT() REPRESENTATION_CONTEXT('2D SPACE',''
  ) );
#2044 = ORIENTED_EDGE('',*,*,#2045,.T.);
#2045 = EDGE_CURVE('',#2023,#1862,#2046,.T.);
#2046 = SURFACE_CURVE('',#2047,(#2051,#2058),.PCURVE_S1.);
#2047 = LINE('',#2048,#2049);
#2048 = CARTESIAN_POINT('',(219.52963973326,178.25,178.25));
#2049 = VECTOR('',#2050,1.);
#2050 = DIRECTION('',(0.866025504731,0.,-0.499999825156));
#2051 = PCURVE('',#215,#2052);
#2052 = DEFINITIONAL_REPRESENTATION('',(#2053),#2057);
#2053 = LINE('',#2054,#2055);
#2054 = CARTESIAN_POINT('',(119.35,142.02963973326));
#2055 = VECTOR('',#2056,1.);
#2056 = DIRECTION('',(-0.499999825156,0.866025504731));
#2057 = ( GEOMETRIC_REPRESENTATION_CONTEXT(2) 
PARAMETRIC_REPRESENTATION_CONTEXT() REPRESENTATION_CONTEXT('2D SPACE',''
  ) );
#2058 = PCURVE('',#2059,#2064);
#2059 = PLANE('',#2060);
#2060 = AXIS2_PLACEMENT_3D('',#2061,#2062,#2063);
#2061 = CARTESIAN_POINT('',(219.52963973326,178.25,178.25));
#2062 = DIRECTION('',(-0.499999825156,0.,-0.866025504731));
#2063 = DIRECTION('',(-0.866025504731,0.,0.499999825156));
#2064 = DEFINITIONAL_REPRESENTATION('',(#2065),#2069);
#2065 = LINE('',#2066,#2067);
#2066 = CARTESIAN_POINT('',(0.,0.));
#2067 = VECTOR('',#2068,1.);
#2068 = DIRECTION('',(-1.,0.));
#2069 = ( GEOMETRIC_REPRESENTATION_CONTEXT(2) 
PARAMETRIC_REPRESENTATION_CONTEXT() REPRESENTATION_CONTEXT('2D SPACE',''
  ) );
#2070 = ADVANCED_FACE('',(#2071,#2142),#378,.F.);
#2071 = FACE_BOUND('',#2072,.F.);
#2072 = EDGE_LOOP('',(#2073,#2074,#2075,#2098,#2121));
#2073 = ORIENTED_EDGE('',*,*,#362,.F.);
#2074 = ORIENTED_EDGE('',*,*,#1812,.T.);
#2075 = ORIENTED_EDGE('',*,*,#2076,.T.);
#2076 = EDGE_CURVE('',#1813,#2077,#2079,.T.);
#2077 = VERTEX_POINT('',#2078);
#2078 = CARTESIAN_POINT('',(219.52963973326,23.25,178.25));
#2079 = SURFACE_CURVE('',#2080,(#2084,#2091),.PCURVE_S1.);
#2080 = LINE('',#2081,#2082);
#2081 = CARTESIAN_POINT('',(77.5,23.25,178.25));
#2082 = VECTOR('',#2083,1.);
#2083 = DIRECTION('',(1.,0.,0.));
#2084 = PCURVE('',#378,#2085);
#2085 = DEFINITIONAL_REPRESENTATION('',(#2086),#2090);
#2086 = LINE('',#2087,#2088);
#2087 = CARTESIAN_POINT('',(119.35,0.));
#2088 = VECTOR('',#2089,1.);
#2089 = DIRECTION('',(0.,1.));
#2090 = ( GEOMETRIC_REPRESENTATION_CONTEXT(2) 
PARAMETRIC_REPRESENTATION_CONTEXT() REPRESENTATION_CONTEXT('2D SPACE',''
  ) );
#2091 = PCURVE('',#1775,#2092);
#2092 = DEFINITIONAL_REPRESENTATION('',(#2093),#2097);
#2093 = LINE('',#2094,#2095);
#2094 = CARTESIAN_POINT('',(0.,0.));
#2095 = VECTOR('',#2096,1.);
#2096 = DIRECTION('',(1.,0.));
#2097 = ( GEOMETRIC_REPRESENTATION_CONTEXT(2) 
PARAMETRIC_REPRESENTATION_CONTEXT() REPRESENTATION_CONTEXT('2D SPACE',''
  ) );
#2098 = ORIENTED_EDGE('',*,*,#2099,.T.);
#2099 = EDGE_CURVE('',#2077,#2100,#2102,.T.);
#2100 = VERTEX_POINT('',#2101);
#2101 = CARTESIAN_POINT('',(356.5,23.25,99.1701625));
#2102 = SURFACE_CURVE('',#2103,(#2107,#2114),.PCURVE_S1.);
#2103 = LINE('',#2104,#2105);
#2104 = CARTESIAN_POINT('',(219.52963973326,23.25,178.25));
#2105 = VECTOR('',#2106,1.);
#2106 = DIRECTION('',(0.866025504731,0.,-0.499999825156));
#2107 = PCURVE('',#378,#2108);
#2108 = DEFINITIONAL_REPRESENTATION('',(#2109),#2113);
#2109 = LINE('',#2110,#2111);
#2110 = CARTESIAN_POINT('',(119.35,142.02963973326));
#2111 = VECTOR('',#2112,1.);
#2112 = DIRECTION('',(-0.499999825156,0.866025504731));
#2113 = ( GEOMETRIC_REPRESENTATION_CONTEXT(2) 
PARAMETRIC_REPRESENTATION_CONTEXT() REPRESENTATION_CONTEXT('2D SPACE',''
  ) );
#2114 = PCURVE('',#2059,#2115);
#2115 = DEFINITIONAL_REPRESENTATION('',(#2116),#2120);
#2116 = LINE('',#2117,#2118);
#2117 = CARTESIAN_POINT('',(0.,-155.));
#2118 = VECTOR('',#2119,1.);
#2119 = DIRECTION('',(-1.,0.));
#2120 = ( GEOMETRIC_REPRESENTATION_CONTEXT(2) 
PARAMETRIC_REPRESENTATION_CONTEXT() REPRESENTATION_CONTEXT('2D SPACE',''
  ) );
#2121 = ORIENTED_EDGE('',*,*,#2122,.F.);
#2122 = EDGE_CURVE('',#335,#2100,#2123,.T.);
#2123 = SURFACE_CURVE('',#2124,(#2128,#2135),.PCURVE_S1.);
#2124 = LINE('',#2125,#2126);
#2125 = CARTESIAN_POINT('',(356.5,23.25,58.9));
#2126 = VECTOR('',#2127,1.);
#2127 = DIRECTION('',(0.,0.,1.));
#2128 = PCURVE('',#378,#2129);
#2129 = DEFINITIONAL_REPRESENTATION('',(#2130),#2134);
#2130 = LINE('',#2131,#2132);
#2131 = CARTESIAN_POINT('',(0.,279.));
#2132 = VECTOR('',#2133,1.);
#2133 = DIRECTION('',(1.,0.));
#2134 = ( GEOMETRIC_REPRESENTATION_CONTEXT(2) 
PARAMETRIC_REPRESENTATION_CONTEXT() REPRESENTATION_CONTEXT('2D SPACE',''
  ) );
#2135 = PCURVE('',#350,#2136);
#2136 = DEFINITIONAL_REPRESENTATION('',(#2137),#2141);
#2137 = LINE('',#2138,#2139);
#2138 = CARTESIAN_POINT('',(0.,0.));
#2139 = VECTOR('',#2140,1.);
#2140 = DIRECTION('',(1.,0.));
#2141 = ( GEOMETRIC_REPRESENTATION_CONTEXT(2) 
PARAMETRIC_REPRESENTATION_CONTEXT() REPRESENTATION_CONTEXT('2D SPACE',''
  ) );
#2142 = FACE_BOUND('',#2143,.F.);
#2143 = EDGE_LOOP('',(#2144));
#2144 = ORIENTED_EDGE('',*,*,#2145,.F.);
#2145 = EDGE_CURVE('',#2146,#2146,#2148,.T.);
#2146 = VERTEX_POINT('',#2147);
#2147 = CARTESIAN_POINT('',(276.6,23.25,99.170125629));
#2148 = SURFACE_CURVE('',#2149,(#2154,#2161),.PCURVE_S1.);
#2149 = CIRCLE('',#2150,13.1);
#2150 = AXIS2_PLACEMENT_3D('',#2151,#2152,#2153);
#2151 = CARTESIAN_POINT('',(263.5,23.25,99.170125629));
#2152 = DIRECTION('',(-0.,1.,0.));
#2153 = DIRECTION('',(1.,0.,0.));
#2154 = PCURVE('',#378,#2155);
#2155 = DEFINITIONAL_REPRESENTATION('',(#2156),#2160);
#2156 = CIRCLE('',#2157,13.1);
#2157 = AXIS2_PLACEMENT_2D('',#2158,#2159);
#2158 = CARTESIAN_POINT('',(40.270125629,186.));
#2159 = DIRECTION('',(0.,1.));
#2160 = ( GEOMETRIC_REPRESENTATION_CONTEXT(2) 
PARAMETRIC_REPRESENTATION_CONTEXT() REPRESENTATION_CONTEXT('2D SPACE',''
  ) );
#2161 = PCURVE('',#2162,#2167);
#2162 = CYLINDRICAL_SURFACE('',#2163,13.1);
#2163 = AXIS2_PLACEMENT_3D('',#2164,#2165,#2166);
#2164 = CARTESIAN_POINT('',(263.5,23.25,99.170125629));
#2165 = DIRECTION('',(0.,1.,0.));
#2166 = DIRECTION('',(1.,0.,0.));
#2167 = DEFINITIONAL_REPRESENTATION('',(#2168),#2172);
#2168 = LINE('',#2169,#2170);
#2169 = CARTESIAN_POINT('',(0.,0.));
#2170 = VECTOR('',#2171,1.);
#2171 = DIRECTION('',(1.,0.));
#2172 = ( GEOMETRIC_REPRESENTATION_CONTEXT(2) 
PARAMETRIC_REPRESENTATION_CONTEXT() REPRESENTATION_CONTEXT('2D SPACE',''
  ) );
#2173 = ADVANCED_FACE('',(#2174),#243,.F.);
#2174 = FACE_BOUND('',#2175,.F.);
#2175 = EDGE_LOOP('',(#2176,#2177,#2178,#2206));
#2176 = ORIENTED_EDGE('',*,*,#1998,.T.);
#2177 = ORIENTED_EDGE('',*,*,#227,.T.);
#2178 = ORIENTED_EDGE('',*,*,#2179,.F.);
#2179 = EDGE_CURVE('',#2180,#228,#2182,.T.);
#2180 = VERTEX_POINT('',#2181);
#2181 = CARTESIAN_POINT('',(116.25,188.25,68.2));
#2182 = SURFACE_CURVE('',#2183,(#2188,#2195),.PCURVE_S1.);
#2183 = CIRCLE('',#2184,9.3);
#2184 = AXIS2_PLACEMENT_3D('',#2185,#2186,#2187);
#2185 = CARTESIAN_POINT('',(106.95,188.25,68.2));
#2186 = DIRECTION('',(0.,1.,-0.));
#2187 = DIRECTION('',(-1.,0.,0.));
#2188 = PCURVE('',#243,#2189);
#2189 = DEFINITIONAL_REPRESENTATION('',(#2190),#2194);
#2190 = LINE('',#2191,#2192);
#2191 = CARTESIAN_POINT('',(6.28318530718,-10.));
#2192 = VECTOR('',#2193,1.);
#2193 = DIRECTION('',(-1.,0.));
#2194 = ( GEOMETRIC_REPRESENTATION_CONTEXT(2) 
PARAMETRIC_REPRESENTATION_CONTEXT() REPRESENTATION_CONTEXT('2D SPACE',''
  ) );
#2195 = PCURVE('',#271,#2196);
#2196 = DEFINITIONAL_REPRESENTATION('',(#2197),#2205);
#2197 = ( BOUNDED_CURVE() B_SPLINE_CURVE(2,(#2198,#2199,#2200,#2201,
#2202,#2203,#2204),.UNSPECIFIED.,.T.,.F.) B_SPLINE_CURVE_WITH_KNOTS((1,2
    ,2,2,2,1),(-2.094395102393,0.,2.094395102393,4.188790204786,
6.28318530718,8.377580409573),.UNSPECIFIED.) CURVE() 
GEOMETRIC_REPRESENTATION_ITEM() RATIONAL_B_SPLINE_CURVE((1.,0.5,1.,0.5,
1.,0.5,1.)) REPRESENTATION_ITEM('') );
#2198 = CARTESIAN_POINT('',(27.968055238235,-57.35));
#2199 = CARTESIAN_POINT('',(11.859982727844,-57.35));
#2200 = CARTESIAN_POINT('',(19.91401898304,-43.4));
#2201 = CARTESIAN_POINT('',(27.968055238235,-29.45));
#2202 = CARTESIAN_POINT('',(36.02209149343,-43.4));
#2203 = CARTESIAN_POINT('',(44.076127748626,-57.35));
#2204 = CARTESIAN_POINT('',(27.968055238235,-57.35));
#2205 = ( GEOMETRIC_REPRESENTATION_CONTEXT(2) 
PARAMETRIC_REPRESENTATION_CONTEXT() REPRESENTATION_CONTEXT('2D SPACE',''
  ) );
#2206 = ORIENTED_EDGE('',*,*,#2207,.F.);
#2207 = EDGE_CURVE('',#1971,#2180,#2208,.T.);
#2208 = SURFACE_CURVE('',#2209,(#2213,#2220),.PCURVE_S1.);
#2209 = LINE('',#2210,#2211);
#2210 = CARTESIAN_POINT('',(116.25,178.25,68.2));
#2211 = VECTOR('',#2212,1.);
#2212 = DIRECTION('',(0.,1.,0.));
#2213 = PCURVE('',#243,#2214);
#2214 = DEFINITIONAL_REPRESENTATION('',(#2215),#2219);
#2215 = LINE('',#2216,#2217);
#2216 = CARTESIAN_POINT('',(3.14159265359,0.));
#2217 = VECTOR('',#2218,1.);
#2218 = DIRECTION('',(0.,-1.));
#2219 = ( GEOMETRIC_REPRESENTATION_CONTEXT(2) 
PARAMETRIC_REPRESENTATION_CONTEXT() REPRESENTATION_CONTEXT('2D SPACE',''
  ) );
#2220 = PCURVE('',#1986,#2221);
#2221 = DEFINITIONAL_REPRESENTATION('',(#2222),#2226);
#2222 = LINE('',#2223,#2224);
#2223 = CARTESIAN_POINT('',(48.05,0.));
#2224 = VECTOR('',#2225,1.);
#2225 = DIRECTION('',(0.,-1.));
#2226 = ( GEOMETRIC_REPRESENTATION_CONTEXT(2) 
PARAMETRIC_REPRESENTATION_CONTEXT() REPRESENTATION_CONTEXT('2D SPACE',''
  ) );
#2227 = ADVANCED_FACE('',(#2228),#350,.T.);
#2228 = FACE_BOUND('',#2229,.T.);
#2229 = EDGE_LOOP('',(#2230,#2231,#2232,#2233));
#2230 = ORIENTED_EDGE('',*,*,#2122,.F.);
#2231 = ORIENTED_EDGE('',*,*,#334,.T.);
#2232 = ORIENTED_EDGE('',*,*,#1861,.T.);
#2233 = ORIENTED_EDGE('',*,*,#2234,.F.);
#2234 = EDGE_CURVE('',#2100,#1862,#2235,.T.);
#2235 = SURFACE_CURVE('',#2236,(#2240,#2247),.PCURVE_S1.);
#2236 = LINE('',#2237,#2238);
#2237 = CARTESIAN_POINT('',(356.5,100.75,99.1701625));
#2238 = VECTOR('',#2239,1.);
#2239 = DIRECTION('',(0.,1.,0.));
#2240 = PCURVE('',#350,#2241);
#2241 = DEFINITIONAL_REPRESENTATION('',(#2242),#2246);
#2242 = LINE('',#2243,#2244);
#2243 = CARTESIAN_POINT('',(40.2701625,-77.5));
#2244 = VECTOR('',#2245,1.);
#2245 = DIRECTION('',(0.,-1.));
#2246 = ( GEOMETRIC_REPRESENTATION_CONTEXT(2) 
PARAMETRIC_REPRESENTATION_CONTEXT() REPRESENTATION_CONTEXT('2D SPACE',''
  ) );
#2247 = PCURVE('',#2059,#2248);
#2248 = DEFINITIONAL_REPRESENTATION('',(#2249),#2253);
#2249 = LINE('',#2250,#2251);
#2250 = CARTESIAN_POINT('',(-158.1597303065,-77.5));
#2251 = VECTOR('',#2252,1.);
#2252 = DIRECTION('',(0.,1.));
#2253 = ( GEOMETRIC_REPRESENTATION_CONTEXT(2) 
PARAMETRIC_REPRESENTATION_CONTEXT() REPRESENTATION_CONTEXT('2D SPACE',''
  ) );
#2254 = ADVANCED_FACE('',(#2255),#271,.F.);
#2255 = FACE_BOUND('',#2256,.F.);
#2256 = EDGE_LOOP('',(#2257,#2283,#2304,#2305,#2306,#2334));
#2257 = ORIENTED_EDGE('',*,*,#2258,.T.);
#2258 = EDGE_CURVE('',#2259,#2261,#2263,.T.);
#2259 = VERTEX_POINT('',#2260);
#2260 = CARTESIAN_POINT('',(193.75,188.25,116.25));
#2261 = VERTEX_POINT('',#2262);
#2262 = CARTESIAN_POINT('',(116.25,188.25,116.25));
#2263 = SURFACE_CURVE('',#2264,(#2269,#2276),.PCURVE_S1.);
#2264 = CIRCLE('',#2265,38.75);
#2265 = AXIS2_PLACEMENT_3D('',#2266,#2267,#2268);
#2266 = CARTESIAN_POINT('',(155.,188.25,116.25));
#2267 = DIRECTION('',(-0.,-1.,-0.));
#2268 = DIRECTION('',(-1.,0.,0.));
#2269 = PCURVE('',#271,#2270);
#2270 = DEFINITIONAL_REPRESENTATION('',(#2271),#2275);
#2271 = CIRCLE('',#2272,38.75);
#2272 = AXIS2_PLACEMENT_2D('',#2273,#2274);
#2273 = CARTESIAN_POINT('',(-20.08194476176,0.));
#2274 = DIRECTION('',(0.,-1.));
#2275 = ( GEOMETRIC_REPRESENTATION_CONTEXT(2) 
PARAMETRIC_REPRESENTATION_CONTEXT() REPRESENTATION_CONTEXT('2D SPACE',''
  ) );
#2276 = PCURVE('',#1958,#2277);
#2277 = DEFINITIONAL_REPRESENTATION('',(#2278),#2282);
#2278 = LINE('',#2279,#2280);
#2279 = CARTESIAN_POINT('',(0.,-10.));
#2280 = VECTOR('',#2281,1.);
#2281 = DIRECTION('',(1.,0.));
#2282 = ( GEOMETRIC_REPRESENTATION_CONTEXT(2) 
PARAMETRIC_REPRESENTATION_CONTEXT() REPRESENTATION_CONTEXT('2D SPACE',''
  ) );
#2283 = ORIENTED_EDGE('',*,*,#2284,.T.);
#2284 = EDGE_CURVE('',#2261,#2180,#2285,.T.);
#2285 = SURFACE_CURVE('',#2286,(#2290,#2297),.PCURVE_S1.);
#2286 = LINE('',#2287,#2288);
#2287 = CARTESIAN_POINT('',(116.25,188.25,116.25));
#2288 = VECTOR('',#2289,1.);
#2289 = DIRECTION('',(-2.09127819679E-16,0.,-1.));
#2290 = PCURVE('',#271,#2291);
#2291 = DEFINITIONAL_REPRESENTATION('',(#2292),#2296);
#2292 = LINE('',#2293,#2294);
#2293 = CARTESIAN_POINT('',(-20.08194476176,-38.75));
#2294 = VECTOR('',#2295,1.);
#2295 = DIRECTION('',(1.,-2.09127819679E-16));
#2296 = ( GEOMETRIC_REPRESENTATION_CONTEXT(2) 
PARAMETRIC_REPRESENTATION_CONTEXT() REPRESENTATION_CONTEXT('2D SPACE',''
  ) );
#2297 = PCURVE('',#1986,#2298);
#2298 = DEFINITIONAL_REPRESENTATION('',(#2299),#2303);
#2299 = LINE('',#2300,#2301);
#2300 = CARTESIAN_POINT('',(0.,-10.));
#2301 = VECTOR('',#2302,1.);
#2302 = DIRECTION('',(1.,0.));
#2303 = ( GEOMETRIC_REPRESENTATION_CONTEXT(2) 
PARAMETRIC_REPRESENTATION_CONTEXT() REPRESENTATION_CONTEXT('2D SPACE',''
  ) );
#2304 = ORIENTED_EDGE('',*,*,#2179,.T.);
#2305 = ORIENTED_EDGE('',*,*,#255,.T.);
#2306 = ORIENTED_EDGE('',*,*,#2307,.T.);
#2307 = EDGE_CURVE('',#256,#2308,#2310,.T.);
#2308 = VERTEX_POINT('',#2309);
#2309 = CARTESIAN_POINT('',(193.75,188.25,68.2));
#2310 = SURFACE_CURVE('',#2311,(#2316,#2327),.PCURVE_S1.);
#2311 = CIRCLE('',#2312,9.3);
#2312 = AXIS2_PLACEMENT_3D('',#2313,#2314,#2315);
#2313 = CARTESIAN_POINT('',(203.05,188.25,68.2));
#2314 = DIRECTION('',(0.,1.,-0.));
#2315 = DIRECTION('',(-1.,0.,0.));
#2316 = PCURVE('',#271,#2317);
#2317 = DEFINITIONAL_REPRESENTATION('',(#2318),#2326);
#2318 = ( BOUNDED_CURVE() B_SPLINE_CURVE(2,(#2319,#2320,#2321,#2322,
#2323,#2324,#2325),.UNSPECIFIED.,.T.,.F.) B_SPLINE_CURVE_WITH_KNOTS((1,2
    ,2,2,2,1),(-2.094395102393,0.,2.094395102393,4.188790204786,
6.28318530718,8.377580409573),.UNSPECIFIED.) CURVE() 
GEOMETRIC_REPRESENTATION_ITEM() RATIONAL_B_SPLINE_CURVE((1.,0.5,1.,0.5,
1.,0.5,1.)) REPRESENTATION_ITEM('') );
#2319 = CARTESIAN_POINT('',(27.968055238235,38.75));
#2320 = CARTESIAN_POINT('',(11.859982727844,38.75));
#2321 = CARTESIAN_POINT('',(19.91401898304,52.7));
#2322 = CARTESIAN_POINT('',(27.968055238235,66.65));
#2323 = CARTESIAN_POINT('',(36.02209149343,52.7));
#2324 = CARTESIAN_POINT('',(44.076127748626,38.75));
#2325 = CARTESIAN_POINT('',(27.968055238235,38.75));
#2326 = ( GEOMETRIC_REPRESENTATION_CONTEXT(2) 
PARAMETRIC_REPRESENTATION_CONTEXT() REPRESENTATION_CONTEXT('2D SPACE',''
  ) );
#2327 = PCURVE('',#299,#2328);
#2328 = DEFINITIONAL_REPRESENTATION('',(#2329),#2333);
#2329 = LINE('',#2330,#2331);
#2330 = CARTESIAN_POINT('',(6.28318530718,-10.));
#2331 = VECTOR('',#2332,1.);
#2332 = DIRECTION('',(-1.,0.));
#2333 = ( GEOMETRIC_REPRESENTATION_CONTEXT(2) 
PARAMETRIC_REPRESENTATION_CONTEXT() REPRESENTATION_CONTEXT('2D SPACE',''
  ) );
#2334 = ORIENTED_EDGE('',*,*,#2335,.T.);
#2335 = EDGE_CURVE('',#2308,#2259,#2336,.T.);
#2336 = SURFACE_CURVE('',#2337,(#2341,#2348),.PCURVE_S1.);
#2337 = LINE('',#2338,#2339);
#2338 = CARTESIAN_POINT('',(193.75,188.25,68.2));
#2339 = VECTOR('',#2340,1.);
#2340 = DIRECTION('',(-2.09127819679E-16,0.,1.));
#2341 = PCURVE('',#271,#2342);
#2342 = DEFINITIONAL_REPRESENTATION('',(#2343),#2347);
#2343 = LINE('',#2344,#2345);
#2344 = CARTESIAN_POINT('',(27.968055238235,38.75));
#2345 = VECTOR('',#2346,1.);
#2346 = DIRECTION('',(-1.,-2.09127819679E-16));
#2347 = ( GEOMETRIC_REPRESENTATION_CONTEXT(2) 
PARAMETRIC_REPRESENTATION_CONTEXT() REPRESENTATION_CONTEXT('2D SPACE',''
  ) );
#2348 = PCURVE('',#1925,#2349);
#2349 = DEFINITIONAL_REPRESENTATION('',(#2350),#2354);
#2350 = LINE('',#2351,#2352);
#2351 = CARTESIAN_POINT('',(0.,-10.));
#2352 = VECTOR('',#2353,1.);
#2353 = DIRECTION('',(1.,0.));
#2354 = ( GEOMETRIC_REPRESENTATION_CONTEXT(2) 
PARAMETRIC_REPRESENTATION_CONTEXT() REPRESENTATION_CONTEXT('2D SPACE',''
  ) );
#2355 = ADVANCED_FACE('',(#2356),#299,.F.);
#2356 = FACE_BOUND('',#2357,.F.);
#2357 = EDGE_LOOP('',(#2358,#2359,#2380,#2381));
#2358 = ORIENTED_EDGE('',*,*,#1885,.T.);
#2359 = ORIENTED_EDGE('',*,*,#2360,.T.);
#2360 = EDGE_CURVE('',#1886,#2308,#2361,.T.);
#2361 = SURFACE_CURVE('',#2362,(#2366,#2373),.PCURVE_S1.);
#2362 = LINE('',#2363,#2364);
#2363 = CARTESIAN_POINT('',(193.75,178.25,68.2));
#2364 = VECTOR('',#2365,1.);
#2365 = DIRECTION('',(0.,1.,0.));
#2366 = PCURVE('',#299,#2367);
#2367 = DEFINITIONAL_REPRESENTATION('',(#2368),#2372);
#2368 = LINE('',#2369,#2370);
#2369 = CARTESIAN_POINT('',(0.,0.));
#2370 = VECTOR('',#2371,1.);
#2371 = DIRECTION('',(0.,-1.));
#2372 = ( GEOMETRIC_REPRESENTATION_CONTEXT(2) 
PARAMETRIC_REPRESENTATION_CONTEXT() REPRESENTATION_CONTEXT('2D SPACE',''
  ) );
#2373 = PCURVE('',#1925,#2374);
#2374 = DEFINITIONAL_REPRESENTATION('',(#2375),#2379);
#2375 = LINE('',#2376,#2377);
#2376 = CARTESIAN_POINT('',(0.,0.));
#2377 = VECTOR('',#2378,1.);
#2378 = DIRECTION('',(0.,-1.));
#2379 = ( GEOMETRIC_REPRESENTATION_CONTEXT(2) 
PARAMETRIC_REPRESENTATION_CONTEXT() REPRESENTATION_CONTEXT('2D SPACE',''
  ) );
#2380 = ORIENTED_EDGE('',*,*,#2307,.F.);
#2381 = ORIENTED_EDGE('',*,*,#283,.F.);
#2382 = ADVANCED_FACE('',(#2383),#436,.F.);
#2383 = FACE_BOUND('',#2384,.F.);
#2384 = EDGE_LOOP('',(#2385,#2408,#2409,#2410));
#2385 = ORIENTED_EDGE('',*,*,#2386,.T.);
#2386 = EDGE_CURVE('',#2387,#420,#2389,.T.);
#2387 = VERTEX_POINT('',#2388);
#2388 = CARTESIAN_POINT('',(44.1,170.5,0.));
#2389 = SEAM_CURVE('',#2390,(#2394,#2401),.PCURVE_S1.);
#2390 = LINE('',#2391,#2392);
#2391 = CARTESIAN_POINT('',(44.1,170.5,0.));
#2392 = VECTOR('',#2393,1.);
#2393 = DIRECTION('',(0.,0.,1.));
#2394 = PCURVE('',#436,#2395);
#2395 = DEFINITIONAL_REPRESENTATION('',(#2396),#2400);
#2396 = LINE('',#2397,#2398);
#2397 = CARTESIAN_POINT('',(6.28318530718,0.));
#2398 = VECTOR('',#2399,1.);
#2399 = DIRECTION('',(0.,1.));
#2400 = ( GEOMETRIC_REPRESENTATION_CONTEXT(2) 
PARAMETRIC_REPRESENTATION_CONTEXT() REPRESENTATION_CONTEXT('2D SPACE',''
  ) );
#2401 = PCURVE('',#436,#2402);
#2402 = DEFINITIONAL_REPRESENTATION('',(#2403),#2407);
#2403 = LINE('',#2404,#2405);
#2404 = CARTESIAN_POINT('',(0.,0.));
#2405 = VECTOR('',#2406,1.);
#2406 = DIRECTION('',(0.,1.));
#2407 = ( GEOMETRIC_REPRESENTATION_CONTEXT(2) 
PARAMETRIC_REPRESENTATION_CONTEXT() REPRESENTATION_CONTEXT('2D SPACE',''
  ) );
#2408 = ORIENTED_EDGE('',*,*,#419,.F.);
#2409 = ORIENTED_EDGE('',*,*,#2386,.F.);
#2410 = ORIENTED_EDGE('',*,*,#2411,.T.);
#2411 = EDGE_CURVE('',#2387,#2387,#2412,.T.);
#2412 = SURFACE_CURVE('',#2413,(#2418,#2425),.PCURVE_S1.);
#2413 = CIRCLE('',#2414,13.1);
#2414 = AXIS2_PLACEMENT_3D('',#2415,#2416,#2417);
#2415 = CARTESIAN_POINT('',(31.,170.5,0.));
#2416 = DIRECTION('',(0.,0.,1.));
#2417 = DIRECTION('',(1.,0.,0.));
#2418 = PCURVE('',#436,#2419);
#2419 = DEFINITIONAL_REPRESENTATION('',(#2420),#2424);
#2420 = LINE('',#2421,#2422);
#2421 = CARTESIAN_POINT('',(0.,0.));
#2422 = VECTOR('',#2423,1.);
#2423 = DIRECTION('',(1.,0.));
#2424 = ( GEOMETRIC_REPRESENTATION_CONTEXT(2) 
PARAMETRIC_REPRESENTATION_CONTEXT() REPRESENTATION_CONTEXT('2D SPACE',''
  ) );
#2425 = PCURVE('',#562,#2426);
#2426 = DEFINITIONAL_REPRESENTATION('',(#2427),#2431);
#2427 = CIRCLE('',#2428,13.1);
#2428 = AXIS2_PLACEMENT_2D('',#2429,#2430);
#2429 = CARTESIAN_POINT('',(31.,170.5));
#2430 = DIRECTION('',(1.,0.));
#2431 = ( GEOMETRIC_REPRESENTATION_CONTEXT(2) 
PARAMETRIC_REPRESENTATION_CONTEXT() REPRESENTATION_CONTEXT('2D SPACE',''
  ) );
#2432 = ADVANCED_FACE('',(#2433),#467,.F.);
#2433 = FACE_BOUND('',#2434,.F.);
#2434 = EDGE_LOOP('',(#2435,#2458,#2459,#2460));
#2435 = ORIENTED_EDGE('',*,*,#2436,.T.);
#2436 = EDGE_CURVE('',#2437,#451,#2439,.T.);
#2437 = VERTEX_POINT('',#2438);
#2438 = CARTESIAN_POINT('',(44.1,31.,0.));
#2439 = SEAM_CURVE('',#2440,(#2444,#2451),.PCURVE_S1.);
#2440 = LINE('',#2441,#2442);
#2441 = CARTESIAN_POINT('',(44.1,31.,0.));
#2442 = VECTOR('',#2443,1.);
#2443 = DIRECTION('',(0.,0.,1.));
#2444 = PCURVE('',#467,#2445);
#2445 = DEFINITIONAL_REPRESENTATION('',(#2446),#2450);
#2446 = LINE('',#2447,#2448);
#2447 = CARTESIAN_POINT('',(6.28318530718,0.));
#2448 = VECTOR('',#2449,1.);
#2449 = DIRECTION('',(0.,1.));
#2450 = ( GEOMETRIC_REPRESENTATION_CONTEXT(2) 
PARAMETRIC_REPRESENTATION_CONTEXT() REPRESENTATION_CONTEXT('2D SPACE',''
  ) );
#2451 = PCURVE('',#467,#2452);
#2452 = DEFINITIONAL_REPRESENTATION('',(#2453),#2457);
#2453 = LINE('',#2454,#2455);
#2454 = CARTESIAN_POINT('',(0.,0.));
#2455 = VECTOR('',#2456,1.);
#2456 = DIRECTION('',(0.,1.));
#2457 = ( GEOMETRIC_REPRESENTATION_CONTEXT(2) 
PARAMETRIC_REPRESENTATION_CONTEXT() REPRESENTATION_CONTEXT('2D SPACE',''
  ) );
#2458 = ORIENTED_EDGE('',*,*,#450,.F.);
#2459 = ORIENTED_EDGE('',*,*,#2436,.F.);
#2460 = ORIENTED_EDGE('',*,*,#2461,.T.);
#2461 = EDGE_CURVE('',#2437,#2437,#2462,.T.);
#2462 = SURFACE_CURVE('',#2463,(#2468,#2475),.PCURVE_S1.);
#2463 = CIRCLE('',#2464,13.1);
#2464 = AXIS2_PLACEMENT_3D('',#2465,#2466,#2467);
#2465 = CARTESIAN_POINT('',(31.,31.,0.));
#2466 = DIRECTION('',(0.,0.,1.));
#2467 = DIRECTION('',(1.,0.,0.));
#2468 = PCURVE('',#467,#2469);
#2469 = DEFINITIONAL_REPRESENTATION('',(#2470),#2474);
#2470 = LINE('',#2471,#2472);
#2471 = CARTESIAN_POINT('',(0.,0.));
#2472 = VECTOR('',#2473,1.);
#2473 = DIRECTION('',(1.,0.));
#2474 = ( GEOMETRIC_REPRESENTATION_CONTEXT(2) 
PARAMETRIC_REPRESENTATION_CONTEXT() REPRESENTATION_CONTEXT('2D SPACE',''
  ) );
#2475 = PCURVE('',#562,#2476);
#2476 = DEFINITIONAL_REPRESENTATION('',(#2477),#2481);
#2477 = CIRCLE('',#2478,13.1);
#2478 = AXIS2_PLACEMENT_2D('',#2479,#2480);
#2479 = CARTESIAN_POINT('',(31.,31.));
#2480 = DIRECTION('',(1.,0.));
#2481 = ( GEOMETRIC_REPRESENTATION_CONTEXT(2) 
PARAMETRIC_REPRESENTATION_CONTEXT() REPRESENTATION_CONTEXT('2D SPACE',''
  ) );
#2482 = ADVANCED_FACE('',(#2483),#498,.F.);
#2483 = FACE_BOUND('',#2484,.F.);
#2484 = EDGE_LOOP('',(#2485,#2508,#2509,#2510));
#2485 = ORIENTED_EDGE('',*,*,#2486,.T.);
#2486 = EDGE_CURVE('',#2487,#482,#2489,.T.);
#2487 = VERTEX_POINT('',#2488);
#2488 = CARTESIAN_POINT('',(408.35,170.5,0.));
#2489 = SEAM_CURVE('',#2490,(#2494,#2501),.PCURVE_S1.);
#2490 = LINE('',#2491,#2492);
#2491 = CARTESIAN_POINT('',(408.35,170.5,0.));
#2492 = VECTOR('',#2493,1.);
#2493 = DIRECTION('',(0.,0.,1.));
#2494 = PCURVE('',#498,#2495);
#2495 = DEFINITIONAL_REPRESENTATION('',(#2496),#2500);
#2496 = LINE('',#2497,#2498);
#2497 = CARTESIAN_POINT('',(6.28318530718,0.));
#2498 = VECTOR('',#2499,1.);
#2499 = DIRECTION('',(0.,1.));
#2500 = ( GEOMETRIC_REPRESENTATION_CONTEXT(2) 
PARAMETRIC_REPRESENTATION_CONTEXT() REPRESENTATION_CONTEXT('2D SPACE',''
  ) );
#2501 = PCURVE('',#498,#2502);
#2502 = DEFINITIONAL_REPRESENTATION('',(#2503),#2507);
#2503 = LINE('',#2504,#2505);
#2504 = CARTESIAN_POINT('',(0.,0.));
#2505 = VECTOR('',#2506,1.);
#2506 = DIRECTION('',(0.,1.));
#2507 = ( GEOMETRIC_REPRESENTATION_CONTEXT(2) 
PARAMETRIC_REPRESENTATION_CONTEXT() REPRESENTATION_CONTEXT('2D SPACE',''
  ) );
#2508 = ORIENTED_EDGE('',*,*,#481,.F.);
#2509 = ORIENTED_EDGE('',*,*,#2486,.F.);
#2510 = ORIENTED_EDGE('',*,*,#2511,.T.);
#2511 = EDGE_CURVE('',#2487,#2487,#2512,.T.);
#2512 = SURFACE_CURVE('',#2513,(#2518,#2525),.PCURVE_S1.);
#2513 = CIRCLE('',#2514,13.1);
#2514 = AXIS2_PLACEMENT_3D('',#2515,#2516,#2517);
#2515 = CARTESIAN_POINT('',(395.25,170.5,0.));
#2516 = DIRECTION('',(0.,0.,1.));
#2517 = DIRECTION('',(1.,0.,0.));
#2518 = PCURVE('',#498,#2519);
#2519 = DEFINITIONAL_REPRESENTATION('',(#2520),#2524);
#2520 = LINE('',#2521,#2522);
#2521 = CARTESIAN_POINT('',(0.,0.));
#2522 = VECTOR('',#2523,1.);
#2523 = DIRECTION('',(1.,0.));
#2524 = ( GEOMETRIC_REPRESENTATION_CONTEXT(2) 
PARAMETRIC_REPRESENTATION_CONTEXT() REPRESENTATION_CONTEXT('2D SPACE',''
  ) );
#2525 = PCURVE('',#562,#2526);
#2526 = DEFINITIONAL_REPRESENTATION('',(#2527),#2531);
#2527 = CIRCLE('',#2528,13.1);
#2528 = AXIS2_PLACEMENT_2D('',#2529,#2530);
#2529 = CARTESIAN_POINT('',(395.25,170.5));
#2530 = DIRECTION('',(1.,0.));
#2531 = ( GEOMETRIC_REPRESENTATION_CONTEXT(2) 
PARAMETRIC_REPRESENTATION_CONTEXT() REPRESENTATION_CONTEXT('2D SPACE',''
  ) );
#2532 = ADVANCED_FACE('',(#2533),#529,.F.);
#2533 = FACE_BOUND('',#2534,.F.);
#2534 = EDGE_LOOP('',(#2535,#2558,#2559,#2560));
#2535 = ORIENTED_EDGE('',*,*,#2536,.T.);
#2536 = EDGE_CURVE('',#2537,#513,#2539,.T.);
#2537 = VERTEX_POINT('',#2538);
#2538 = CARTESIAN_POINT('',(408.35,31.,0.));
#2539 = SEAM_CURVE('',#2540,(#2544,#2551),.PCURVE_S1.);
#2540 = LINE('',#2541,#2542);
#2541 = CARTESIAN_POINT('',(408.35,31.,0.));
#2542 = VECTOR('',#2543,1.);
#2543 = DIRECTION('',(0.,0.,1.));
#2544 = PCURVE('',#529,#2545);
#2545 = DEFINITIONAL_REPRESENTATION('',(#2546),#2550);
#2546 = LINE('',#2547,#2548);
#2547 = CARTESIAN_POINT('',(6.28318530718,0.));
#2548 = VECTOR('',#2549,1.);
#2549 = DIRECTION('',(0.,1.));
#2550 = ( GEOMETRIC_REPRESENTATION_CONTEXT(2) 
PARAMETRIC_REPRESENTATION_CONTEXT() REPRESENTATION_CONTEXT('2D SPACE',''
  ) );
#2551 = PCURVE('',#529,#2552);
#2552 = DEFINITIONAL_REPRESENTATION('',(#2553),#2557);
#2553 = LINE('',#2554,#2555);
#2554 = CARTESIAN_POINT('',(0.,0.));
#2555 = VECTOR('',#2556,1.);
#2556 = DIRECTION('',(0.,1.));
#2557 = ( GEOMETRIC_REPRESENTATION_CONTEXT(2) 
PARAMETRIC_REPRESENTATION_CONTEXT() REPRESENTATION_CONTEXT('2D SPACE',''
  ) );
#2558 = ORIENTED_EDGE('',*,*,#512,.F.);
#2559 = ORIENTED_EDGE('',*,*,#2536,.F.);
#2560 = ORIENTED_EDGE('',*,*,#2561,.T.);
#2561 = EDGE_CURVE('',#2537,#2537,#2562,.T.);
#2562 = SURFACE_CURVE('',#2563,(#2568,#2575),.PCURVE_S1.);
#2563 = CIRCLE('',#2564,13.1);
#2564 = AXIS2_PLACEMENT_3D('',#2565,#2566,#2567);
#2565 = CARTESIAN_POINT('',(395.25,31.,0.));
#2566 = DIRECTION('',(0.,0.,1.));
#2567 = DIRECTION('',(1.,0.,0.));
#2568 = PCURVE('',#529,#2569);
#2569 = DEFINITIONAL_REPRESENTATION('',(#2570),#2574);
#2570 = LINE('',#2571,#2572);
#2571 = CARTESIAN_POINT('',(0.,0.));
#2572 = VECTOR('',#2573,1.);
#2573 = DIRECTION('',(1.,0.));
#2574 = ( GEOMETRIC_REPRESENTATION_CONTEXT(2) 
PARAMETRIC_REPRESENTATION_CONTEXT() REPRESENTATION_CONTEXT('2D SPACE',''
  ) );
#2575 = PCURVE('',#562,#2576);
#2576 = DEFINITIONAL_REPRESENTATION('',(#2577),#2581);
#2577 = CIRCLE('',#2578,13.1);
#2578 = AXIS2_PLACEMENT_2D('',#2579,#2580);
#2579 = CARTESIAN_POINT('',(395.25,31.));
#2580 = DIRECTION('',(1.,0.));
#2581 = ( GEOMETRIC_REPRESENTATION_CONTEXT(2) 
PARAMETRIC_REPRESENTATION_CONTEXT() REPRESENTATION_CONTEXT('2D SPACE',''
  ) );
#2582 = ADVANCED_FACE('',(#2583,#2590,#2593,#2596,#2627,#2630),#562,.F.
  );
#2583 = FACE_BOUND('',#2584,.F.);
#2584 = EDGE_LOOP('',(#2585,#2586,#2587,#2588,#2589));
#2585 = ORIENTED_EDGE('',*,*,#544,.T.);
#2586 = ORIENTED_EDGE('',*,*,#786,.T.);
#2587 = ORIENTED_EDGE('',*,*,#963,.T.);
#2588 = ORIENTED_EDGE('',*,*,#1708,.F.);
#2589 = ORIENTED_EDGE('',*,*,#837,.F.);
#2590 = FACE_BOUND('',#2591,.F.);
#2591 = EDGE_LOOP('',(#2592));
#2592 = ORIENTED_EDGE('',*,*,#2461,.F.);
#2593 = FACE_BOUND('',#2594,.F.);
#2594 = EDGE_LOOP('',(#2595));
#2595 = ORIENTED_EDGE('',*,*,#2411,.F.);
#2596 = FACE_BOUND('',#2597,.F.);
#2597 = EDGE_LOOP('',(#2598));
#2598 = ORIENTED_EDGE('',*,*,#2599,.F.);
#2599 = EDGE_CURVE('',#2600,#2600,#2602,.T.);
#2600 = VERTEX_POINT('',#2601);
#2601 = CARTESIAN_POINT('',(213.13,100.75,0.));
#2602 = SURFACE_CURVE('',#2603,(#2608,#2615),.PCURVE_S1.);
#2603 = CIRCLE('',#2604,58.13);
#2604 = AXIS2_PLACEMENT_3D('',#2605,#2606,#2607);
#2605 = CARTESIAN_POINT('',(155.,100.75,0.));
#2606 = DIRECTION('',(0.,0.,1.));
#2607 = DIRECTION('',(1.,0.,0.));
#2608 = PCURVE('',#562,#2609);
#2609 = DEFINITIONAL_REPRESENTATION('',(#2610),#2614);
#2610 = CIRCLE('',#2611,58.13);
#2611 = AXIS2_PLACEMENT_2D('',#2612,#2613);
#2612 = CARTESIAN_POINT('',(155.,100.75));
#2613 = DIRECTION('',(1.,0.));
#2614 = ( GEOMETRIC_REPRESENTATION_CONTEXT(2) 
PARAMETRIC_REPRESENTATION_CONTEXT() REPRESENTATION_CONTEXT('2D SPACE',''
  ) );
#2615 = PCURVE('',#2616,#2621);
#2616 = CYLINDRICAL_SURFACE('',#2617,58.13);
#2617 = AXIS2_PLACEMENT_3D('',#2618,#2619,#2620);
#2618 = CARTESIAN_POINT('',(155.,100.75,0.));
#2619 = DIRECTION('',(0.,0.,1.));
#2620 = DIRECTION('',(1.,0.,0.));
#2621 = DEFINITIONAL_REPRESENTATION('',(#2622),#2626);
#2622 = LINE('',#2623,#2624);
#2623 = CARTESIAN_POINT('',(0.,0.));
#2624 = VECTOR('',#2625,1.);
#2625 = DIRECTION('',(1.,0.));
#2626 = ( GEOMETRIC_REPRESENTATION_CONTEXT(2) 
PARAMETRIC_REPRESENTATION_CONTEXT() REPRESENTATION_CONTEXT('2D SPACE',''
  ) );
#2627 = FACE_BOUND('',#2628,.F.);
#2628 = EDGE_LOOP('',(#2629));
#2629 = ORIENTED_EDGE('',*,*,#2561,.F.);
#2630 = FACE_BOUND('',#2631,.F.);
#2631 = EDGE_LOOP('',(#2632));
#2632 = ORIENTED_EDGE('',*,*,#2511,.F.);
#2633 = ADVANCED_FACE('',(#2634),#613,.T.);
#2634 = FACE_BOUND('',#2635,.T.);
#2635 = EDGE_LOOP('',(#2636,#2637,#2638,#2661));
#2636 = ORIENTED_EDGE('',*,*,#939,.F.);
#2637 = ORIENTED_EDGE('',*,*,#597,.T.);
#2638 = ORIENTED_EDGE('',*,*,#2639,.T.);
#2639 = EDGE_CURVE('',#598,#2640,#2642,.T.);
#2640 = VERTEX_POINT('',#2641);
#2641 = CARTESIAN_POINT('',(10.,81.38,19.76));
#2642 = SURFACE_CURVE('',#2643,(#2647,#2654),.PCURVE_S1.);
#2643 = LINE('',#2644,#2645);
#2644 = CARTESIAN_POINT('',(10.,0.,19.76));
#2645 = VECTOR('',#2646,1.);
#2646 = DIRECTION('',(0.,1.,0.));
#2647 = PCURVE('',#613,#2648);
#2648 = DEFINITIONAL_REPRESENTATION('',(#2649),#2653);
#2649 = LINE('',#2650,#2651);
#2650 = CARTESIAN_POINT('',(10.,0.));
#2651 = VECTOR('',#2652,1.);
#2652 = DIRECTION('',(0.,1.));
#2653 = ( GEOMETRIC_REPRESENTATION_CONTEXT(2) 
PARAMETRIC_REPRESENTATION_CONTEXT() REPRESENTATION_CONTEXT('2D SPACE',''
  ) );
#2654 = PCURVE('',#641,#2655);
#2655 = DEFINITIONAL_REPRESENTATION('',(#2656),#2660);
#2656 = LINE('',#2657,#2658);
#2657 = CARTESIAN_POINT('',(0.,0.));
#2658 = VECTOR('',#2659,1.);
#2659 = DIRECTION('',(0.,-1.));
#2660 = ( GEOMETRIC_REPRESENTATION_CONTEXT(2) 
PARAMETRIC_REPRESENTATION_CONTEXT() REPRESENTATION_CONTEXT('2D SPACE',''
  ) );
#2661 = ORIENTED_EDGE('',*,*,#2662,.F.);
#2662 = EDGE_CURVE('',#907,#2640,#2663,.T.);
#2663 = SURFACE_CURVE('',#2664,(#2668,#2675),.PCURVE_S1.);
#2664 = LINE('',#2665,#2666);
#2665 = CARTESIAN_POINT('',(0.,81.38,19.76));
#2666 = VECTOR('',#2667,1.);
#2667 = DIRECTION('',(1.,0.,0.));
#2668 = PCURVE('',#613,#2669);
#2669 = DEFINITIONAL_REPRESENTATION('',(#2670),#2674);
#2670 = LINE('',#2671,#2672);
#2671 = CARTESIAN_POINT('',(0.,81.38));
#2672 = VECTOR('',#2673,1.);
#2673 = DIRECTION('',(1.,0.));
#2674 = ( GEOMETRIC_REPRESENTATION_CONTEXT(2) 
PARAMETRIC_REPRESENTATION_CONTEXT() REPRESENTATION_CONTEXT('2D SPACE',''
  ) );
#2675 = PCURVE('',#924,#2676);
#2676 = DEFINITIONAL_REPRESENTATION('',(#2677),#2681);
#2677 = LINE('',#2678,#2679);
#2678 = CARTESIAN_POINT('',(-6.288963134995E-17,0.));
#2679 = VECTOR('',#2680,1.);
#2680 = DIRECTION('',(0.,-1.));
#2681 = ( GEOMETRIC_REPRESENTATION_CONTEXT(2) 
PARAMETRIC_REPRESENTATION_CONTEXT() REPRESENTATION_CONTEXT('2D SPACE',''
  ) );
#2682 = ADVANCED_FACE('',(#2683),#641,.F.);
#2683 = FACE_BOUND('',#2684,.F.);
#2684 = EDGE_LOOP('',(#2685,#2686,#2687,#2715));
#2685 = ORIENTED_EDGE('',*,*,#625,.F.);
#2686 = ORIENTED_EDGE('',*,*,#2639,.T.);
#2687 = ORIENTED_EDGE('',*,*,#2688,.T.);
#2688 = EDGE_CURVE('',#2640,#2689,#2691,.T.);
#2689 = VERTEX_POINT('',#2690);
#2690 = CARTESIAN_POINT('',(10.,81.38,39.14));
#2691 = SURFACE_CURVE('',#2692,(#2696,#2703),.PCURVE_S1.);
#2692 = LINE('',#2693,#2694);
#2693 = CARTESIAN_POINT('',(10.,81.38,19.76));
#2694 = VECTOR('',#2695,1.);
#2695 = DIRECTION('',(0.,0.,1.));
#2696 = PCURVE('',#641,#2697);
#2697 = DEFINITIONAL_REPRESENTATION('',(#2698),#2702);
#2698 = LINE('',#2699,#2700);
#2699 = CARTESIAN_POINT('',(0.,-81.38));
#2700 = VECTOR('',#2701,1.);
#2701 = DIRECTION('',(1.,0.));
#2702 = ( GEOMETRIC_REPRESENTATION_CONTEXT(2) 
PARAMETRIC_REPRESENTATION_CONTEXT() REPRESENTATION_CONTEXT('2D SPACE',''
  ) );
#2703 = PCURVE('',#2704,#2709);
#2704 = PLANE('',#2705);
#2705 = AXIS2_PLACEMENT_3D('',#2706,#2707,#2708);
#2706 = CARTESIAN_POINT('',(10.,86.225,29.45));
#2707 = DIRECTION('',(1.,0.,0.));
#2708 = DIRECTION('',(0.,0.,1.));
#2709 = DEFINITIONAL_REPRESENTATION('',(#2710),#2714);
#2710 = LINE('',#2711,#2712);
#2711 = CARTESIAN_POINT('',(-9.69,4.845));
#2712 = VECTOR('',#2713,1.);
#2713 = DIRECTION('',(1.,0.));
#2714 = ( GEOMETRIC_REPRESENTATION_CONTEXT(2) 
PARAMETRIC_REPRESENTATION_CONTEXT() REPRESENTATION_CONTEXT('2D SPACE',''
  ) );
#2715 = ORIENTED_EDGE('',*,*,#2716,.F.);
#2716 = EDGE_CURVE('',#626,#2689,#2717,.T.);
#2717 = SURFACE_CURVE('',#2718,(#2722,#2729),.PCURVE_S1.);
#2718 = LINE('',#2719,#2720);
#2719 = CARTESIAN_POINT('',(10.,0.,39.14));
#2720 = VECTOR('',#2721,1.);
#2721 = DIRECTION('',(0.,1.,0.));
#2722 = PCURVE('',#641,#2723);
#2723 = DEFINITIONAL_REPRESENTATION('',(#2724),#2728);
#2724 = LINE('',#2725,#2726);
#2725 = CARTESIAN_POINT('',(19.38,0.));
#2726 = VECTOR('',#2727,1.);
#2727 = DIRECTION('',(0.,-1.));
#2728 = ( GEOMETRIC_REPRESENTATION_CONTEXT(2) 
PARAMETRIC_REPRESENTATION_CONTEXT() REPRESENTATION_CONTEXT('2D SPACE',''
  ) );
#2729 = PCURVE('',#669,#2730);
#2730 = DEFINITIONAL_REPRESENTATION('',(#2731),#2735);
#2731 = LINE('',#2732,#2733);
#2732 = CARTESIAN_POINT('',(10.,0.));
#2733 = VECTOR('',#2734,1.);
#2734 = DIRECTION('',(0.,1.));
#2735 = ( GEOMETRIC_REPRESENTATION_CONTEXT(2) 
PARAMETRIC_REPRESENTATION_CONTEXT() REPRESENTATION_CONTEXT('2D SPACE',''
  ) );
#2736 = ADVANCED_FACE('',(#2737),#669,.F.);
#2737 = FACE_BOUND('',#2738,.F.);
#2738 = EDGE_LOOP('',(#2739,#2740,#2741,#2742));
#2739 = ORIENTED_EDGE('',*,*,#883,.F.);
#2740 = ORIENTED_EDGE('',*,*,#653,.T.);
#2741 = ORIENTED_EDGE('',*,*,#2716,.T.);
#2742 = ORIENTED_EDGE('',*,*,#2743,.F.);
#2743 = EDGE_CURVE('',#884,#2689,#2744,.T.);
#2744 = SURFACE_CURVE('',#2745,(#2749,#2756),.PCURVE_S1.);
#2745 = LINE('',#2746,#2747);
#2746 = CARTESIAN_POINT('',(0.,81.38,39.14));
#2747 = VECTOR('',#2748,1.);
#2748 = DIRECTION('',(1.,0.,0.));
#2749 = PCURVE('',#669,#2750);
#2750 = DEFINITIONAL_REPRESENTATION('',(#2751),#2755);
#2751 = LINE('',#2752,#2753);
#2752 = CARTESIAN_POINT('',(0.,81.38));
#2753 = VECTOR('',#2754,1.);
#2754 = DIRECTION('',(1.,0.));
#2755 = ( GEOMETRIC_REPRESENTATION_CONTEXT(2) 
PARAMETRIC_REPRESENTATION_CONTEXT() REPRESENTATION_CONTEXT('2D SPACE',''
  ) );
#2756 = PCURVE('',#924,#2757);
#2757 = DEFINITIONAL_REPRESENTATION('',(#2758),#2762);
#2758 = LINE('',#2759,#2760);
#2759 = CARTESIAN_POINT('',(1.,0.));
#2760 = VECTOR('',#2761,1.);
#2761 = DIRECTION('',(-2.22044604925E-17,-1.));
#2762 = ( GEOMETRIC_REPRESENTATION_CONTEXT(2) 
PARAMETRIC_REPRESENTATION_CONTEXT() REPRESENTATION_CONTEXT('2D SPACE',''
  ) );
#2763 = ADVANCED_FACE('',(#2764),#745,.F.);
#2764 = FACE_BOUND('',#2765,.F.);
#2765 = EDGE_LOOP('',(#2766,#2767,#2790,#2819));
#2766 = ORIENTED_EDGE('',*,*,#726,.T.);
#2767 = ORIENTED_EDGE('',*,*,#2768,.T.);
#2768 = EDGE_CURVE('',#729,#2769,#2771,.T.);
#2769 = VERTEX_POINT('',#2770);
#2770 = CARTESIAN_POINT('',(248.,10.,8.326790016666));
#2771 = SURFACE_CURVE('',#2772,(#2776,#2783),.PCURVE_S1.);
#2772 = LINE('',#2773,#2774);
#2773 = CARTESIAN_POINT('',(248.,0.,8.326790016666));
#2774 = VECTOR('',#2775,1.);
#2775 = DIRECTION('',(0.,1.,0.));
#2776 = PCURVE('',#745,#2777);
#2777 = DEFINITIONAL_REPRESENTATION('',(#2778),#2782);
#2778 = LINE('',#2779,#2780);
#2779 = CARTESIAN_POINT('',(-2.203842054643,0.));
#2780 = VECTOR('',#2781,1.);
#2781 = DIRECTION('',(0.,-1.));
#2782 = ( GEOMETRIC_REPRESENTATION_CONTEXT(2) 
PARAMETRIC_REPRESENTATION_CONTEXT() REPRESENTATION_CONTEXT('2D SPACE',''
  ) );
#2783 = PCURVE('',#771,#2784);
#2784 = DEFINITIONAL_REPRESENTATION('',(#2785),#2789);
#2785 = LINE('',#2786,#2787);
#2786 = CARTESIAN_POINT('',(42.246419966667,0.));
#2787 = VECTOR('',#2788,1.);
#2788 = DIRECTION('',(0.,-1.));
#2789 = ( GEOMETRIC_REPRESENTATION_CONTEXT(2) 
PARAMETRIC_REPRESENTATION_CONTEXT() REPRESENTATION_CONTEXT('2D SPACE',''
  ) );
#2790 = ORIENTED_EDGE('',*,*,#2791,.F.);
#2791 = EDGE_CURVE('',#2792,#2769,#2794,.T.);
#2792 = VERTEX_POINT('',#2793);
#2793 = CARTESIAN_POINT('',(248.,10.,50.573209983333));
#2794 = SURFACE_CURVE('',#2795,(#2800,#2807),.PCURVE_S1.);
#2795 = CIRCLE('',#2796,26.2);
#2796 = AXIS2_PLACEMENT_3D('',#2797,#2798,#2799);
#2797 = CARTESIAN_POINT('',(263.5,10.,29.45));
#2798 = DIRECTION('',(-0.,1.,0.));
#2799 = DIRECTION('',(1.,0.,0.));
#2800 = PCURVE('',#745,#2801);
#2801 = DEFINITIONAL_REPRESENTATION('',(#2802),#2806);
#2802 = LINE('',#2803,#2804);
#2803 = CARTESIAN_POINT('',(6.28318530718,-10.));
#2804 = VECTOR('',#2805,1.);
#2805 = DIRECTION('',(-1.,0.));
#2806 = ( GEOMETRIC_REPRESENTATION_CONTEXT(2) 
PARAMETRIC_REPRESENTATION_CONTEXT() REPRESENTATION_CONTEXT('2D SPACE',''
  ) );
#2807 = PCURVE('',#2808,#2813);
#2808 = PLANE('',#2809);
#2809 = AXIS2_PLACEMENT_3D('',#2810,#2811,#2812);
#2810 = CARTESIAN_POINT('',(264.62836666145,10.,29.45));
#2811 = DIRECTION('',(0.,1.,0.));
#2812 = DIRECTION('',(0.,0.,1.));
#2813 = DEFINITIONAL_REPRESENTATION('',(#2814),#2818);
#2814 = CIRCLE('',#2815,26.2);
#2815 = AXIS2_PLACEMENT_2D('',#2816,#2817);
#2816 = CARTESIAN_POINT('',(0.,-1.12836666145));
#2817 = DIRECTION('',(0.,1.));
#2818 = ( GEOMETRIC_REPRESENTATION_CONTEXT(2) 
PARAMETRIC_REPRESENTATION_CONTEXT() REPRESENTATION_CONTEXT('2D SPACE',''
  ) );
#2819 = ORIENTED_EDGE('',*,*,#2820,.F.);
#2820 = EDGE_CURVE('',#727,#2792,#2821,.T.);
#2821 = SURFACE_CURVE('',#2822,(#2826,#2833),.PCURVE_S1.);
#2822 = LINE('',#2823,#2824);
#2823 = CARTESIAN_POINT('',(248.,0.,50.573209983333));
#2824 = VECTOR('',#2825,1.);
#2825 = DIRECTION('',(0.,1.,0.));
#2826 = PCURVE('',#745,#2827);
#2827 = DEFINITIONAL_REPRESENTATION('',(#2828),#2832);
#2828 = LINE('',#2829,#2830);
#2829 = CARTESIAN_POINT('',(2.203842054643,0.));
#2830 = VECTOR('',#2831,1.);
#2831 = DIRECTION('',(0.,-1.));
#2832 = ( GEOMETRIC_REPRESENTATION_CONTEXT(2) 
PARAMETRIC_REPRESENTATION_CONTEXT() REPRESENTATION_CONTEXT('2D SPACE',''
  ) );
#2833 = PCURVE('',#771,#2834);
#2834 = DEFINITIONAL_REPRESENTATION('',(#2835),#2839);
#2835 = LINE('',#2836,#2837);
#2836 = CARTESIAN_POINT('',(0.,-0.));
#2837 = VECTOR('',#2838,1.);
#2838 = DIRECTION('',(0.,-1.));
#2839 = ( GEOMETRIC_REPRESENTATION_CONTEXT(2) 
PARAMETRIC_REPRESENTATION_CONTEXT() REPRESENTATION_CONTEXT('2D SPACE',''
  ) );
#2840 = ADVANCED_FACE('',(#2841),#771,.F.);
#2841 = FACE_BOUND('',#2842,.F.);
#2842 = EDGE_LOOP('',(#2843,#2844,#2865,#2866));
#2843 = ORIENTED_EDGE('',*,*,#2820,.T.);
#2844 = ORIENTED_EDGE('',*,*,#2845,.T.);
#2845 = EDGE_CURVE('',#2792,#2769,#2846,.T.);
#2846 = SURFACE_CURVE('',#2847,(#2851,#2858),.PCURVE_S1.);
#2847 = LINE('',#2848,#2849);
#2848 = CARTESIAN_POINT('',(248.,10.,50.573209983333));
#2849 = VECTOR('',#2850,1.);
#2850 = DIRECTION('',(0.,0.,-1.));
#2851 = PCURVE('',#771,#2852);
#2852 = DEFINITIONAL_REPRESENTATION('',(#2853),#2857);
#2853 = LINE('',#2854,#2855);
#2854 = CARTESIAN_POINT('',(0.,-10.));
#2855 = VECTOR('',#2856,1.);
#2856 = DIRECTION('',(1.,0.));
#2857 = ( GEOMETRIC_REPRESENTATION_CONTEXT(2) 
PARAMETRIC_REPRESENTATION_CONTEXT() REPRESENTATION_CONTEXT('2D SPACE',''
  ) );
#2858 = PCURVE('',#2808,#2859);
#2859 = DEFINITIONAL_REPRESENTATION('',(#2860),#2864);
#2860 = LINE('',#2861,#2862);
#2861 = CARTESIAN_POINT('',(21.123209983333,-16.62836666145));
#2862 = VECTOR('',#2863,1.);
#2863 = DIRECTION('',(-1.,0.));
#2864 = ( GEOMETRIC_REPRESENTATION_CONTEXT(2) 
PARAMETRIC_REPRESENTATION_CONTEXT() REPRESENTATION_CONTEXT('2D SPACE',''
  ) );
#2865 = ORIENTED_EDGE('',*,*,#2768,.F.);
#2866 = ORIENTED_EDGE('',*,*,#757,.F.);
#2867 = ADVANCED_FACE('',(#2868),#924,.T.);
#2868 = FACE_BOUND('',#2869,.T.);
#2869 = EDGE_LOOP('',(#2870,#2871,#2894,#2895));
#2870 = ORIENTED_EDGE('',*,*,#2662,.T.);
#2871 = ORIENTED_EDGE('',*,*,#2872,.T.);
#2872 = EDGE_CURVE('',#2640,#2689,#2873,.T.);
#2873 = SURFACE_CURVE('',#2874,(#2879,#2886),.PCURVE_S1.);
#2874 = ( BOUNDED_CURVE() B_SPLINE_CURVE(3,(#2875,#2876,#2877,#2878),
.UNSPECIFIED.,.F.,.F.) B_SPLINE_CURVE_WITH_KNOTS((4,4),(0.,1.),
.PIECEWISE_BEZIER_KNOTS.) CURVE() GEOMETRIC_REPRESENTATION_ITEM() 
RATIONAL_B_SPLINE_CURVE((3.,6.,6.,3.)) REPRESENTATION_ITEM('') );
#2875 = CARTESIAN_POINT('',(10.,81.38,19.76));
#2876 = CARTESIAN_POINT('',(10.,91.07,19.76));
#2877 = CARTESIAN_POINT('',(10.,91.07,39.14));
#2878 = CARTESIAN_POINT('',(10.,81.38,39.14));
#2879 = PCURVE('',#924,#2880);
#2880 = DEFINITIONAL_REPRESENTATION('',(#2881),#2885);
#2881 = LINE('',#2882,#2883);
#2882 = CARTESIAN_POINT('',(-6.288963134995E-17,-10.));
#2883 = VECTOR('',#2884,1.);
#2884 = DIRECTION('',(1.,0.));
#2885 = ( GEOMETRIC_REPRESENTATION_CONTEXT(2) 
PARAMETRIC_REPRESENTATION_CONTEXT() REPRESENTATION_CONTEXT('2D SPACE',''
  ) );
#2886 = PCURVE('',#2704,#2887);
#2887 = DEFINITIONAL_REPRESENTATION('',(#2888),#2893);
#2888 = ( BOUNDED_CURVE() B_SPLINE_CURVE(3,(#2889,#2890,#2891,#2892),
.UNSPECIFIED.,.F.,.F.) B_SPLINE_CURVE_WITH_KNOTS((4,4),(0.,1.),
.PIECEWISE_BEZIER_KNOTS.) CURVE() GEOMETRIC_REPRESENTATION_ITEM() 
RATIONAL_B_SPLINE_CURVE((3.,6.,6.,3.)) REPRESENTATION_ITEM('') );
#2889 = CARTESIAN_POINT('',(-9.69,4.845));
#2890 = CARTESIAN_POINT('',(-9.69,-4.845));
#2891 = CARTESIAN_POINT('',(9.69,-4.845));
#2892 = CARTESIAN_POINT('',(9.69,4.845));
#2893 = ( GEOMETRIC_REPRESENTATION_CONTEXT(2) 
PARAMETRIC_REPRESENTATION_CONTEXT() REPRESENTATION_CONTEXT('2D SPACE',''
  ) );
#2894 = ORIENTED_EDGE('',*,*,#2743,.F.);
#2895 = ORIENTED_EDGE('',*,*,#906,.F.);
#2896 = ADVANCED_FACE('',(#2897),#1029,.F.);
#2897 = FACE_BOUND('',#2898,.T.);
#2898 = EDGE_LOOP('',(#2899,#2922,#2950,#2971));
#2899 = ORIENTED_EDGE('',*,*,#2900,.T.);
#2900 = EDGE_CURVE('',#1012,#2901,#2903,.T.);
#2901 = VERTEX_POINT('',#2902);
#2902 = CARTESIAN_POINT('',(416.25,85.77992987631,49.408354573607));
#2903 = SURFACE_CURVE('',#2904,(#2908,#2915),.PCURVE_S1.);
#2904 = LINE('',#2905,#2906);
#2905 = CARTESIAN_POINT('',(426.25,85.77992987631,49.408354573607));
#2906 = VECTOR('',#2907,1.);
#2907 = DIRECTION('',(-1.,-0.,-0.));
#2908 = PCURVE('',#1029,#2909);
#2909 = DEFINITIONAL_REPRESENTATION('',(#2910),#2914);
#2910 = LINE('',#2911,#2912);
#2911 = CARTESIAN_POINT('',(0.,0.));
#2912 = VECTOR('',#2913,1.);
#2913 = DIRECTION('',(0.,-1.));
#2914 = ( GEOMETRIC_REPRESENTATION_CONTEXT(2) 
PARAMETRIC_REPRESENTATION_CONTEXT() REPRESENTATION_CONTEXT('2D SPACE',''
  ) );
#2915 = PCURVE('',#1355,#2916);
#2916 = DEFINITIONAL_REPRESENTATION('',(#2917),#2921);
#2917 = LINE('',#2918,#2919);
#2918 = CARTESIAN_POINT('',(3.267376672251,0.));
#2919 = VECTOR('',#2920,1.);
#2920 = DIRECTION('',(0.,-1.));
#2921 = ( GEOMETRIC_REPRESENTATION_CONTEXT(2) 
PARAMETRIC_REPRESENTATION_CONTEXT() REPRESENTATION_CONTEXT('2D SPACE',''
  ) );
#2922 = ORIENTED_EDGE('',*,*,#2923,.T.);
#2923 = EDGE_CURVE('',#2901,#2924,#2926,.T.);
#2924 = VERTEX_POINT('',#2925);
#2925 = CARTESIAN_POINT('',(416.25,90.67992987631,10.658354573607));
#2926 = SURFACE_CURVE('',#2927,(#2931,#2938),.PCURVE_S1.);
#2927 = LINE('',#2928,#2929);
#2928 = CARTESIAN_POINT('',(416.25,85.77992987631,49.408354573607));
#2929 = VECTOR('',#2930,1.);
#2930 = DIRECTION('',(0.,0.125452596475,-0.992099614977));
#2931 = PCURVE('',#1029,#2932);
#2932 = DEFINITIONAL_REPRESENTATION('',(#2933),#2937);
#2933 = LINE('',#2934,#2935);
#2934 = CARTESIAN_POINT('',(0.,-10.));
#2935 = VECTOR('',#2936,1.);
#2936 = DIRECTION('',(-1.,0.));
#2937 = ( GEOMETRIC_REPRESENTATION_CONTEXT(2) 
PARAMETRIC_REPRESENTATION_CONTEXT() REPRESENTATION_CONTEXT('2D SPACE',''
  ) );
#2938 = PCURVE('',#2939,#2944);
#2939 = PLANE('',#2940);
#2940 = AXIS2_PLACEMENT_3D('',#2941,#2942,#2943);
#2941 = CARTESIAN_POINT('',(416.25,67.381004260144,27.955656790167));
#2942 = DIRECTION('',(1.,0.,0.));
#2943 = DIRECTION('',(0.,0.,-1.));
#2944 = DEFINITIONAL_REPRESENTATION('',(#2945),#2949);
#2945 = LINE('',#2946,#2947);
#2946 = CARTESIAN_POINT('',(-21.45269778344,18.398925616166));
#2947 = VECTOR('',#2948,1.);
#2948 = DIRECTION('',(0.992099614977,0.125452596475));
#2949 = ( GEOMETRIC_REPRESENTATION_CONTEXT(2) 
PARAMETRIC_REPRESENTATION_CONTEXT() REPRESENTATION_CONTEXT('2D SPACE',''
  ) );
#2950 = ORIENTED_EDGE('',*,*,#2951,.F.);
#2951 = EDGE_CURVE('',#1014,#2924,#2952,.T.);
#2952 = SURFACE_CURVE('',#2953,(#2957,#2964),.PCURVE_S1.);
#2953 = LINE('',#2954,#2955);
#2954 = CARTESIAN_POINT('',(426.25,90.67992987631,10.658354573607));
#2955 = VECTOR('',#2956,1.);
#2956 = DIRECTION('',(-1.,-0.,-0.));
#2957 = PCURVE('',#1029,#2958);
#2958 = DEFINITIONAL_REPRESENTATION('',(#2959),#2963);
#2959 = LINE('',#2960,#2961);
#2960 = CARTESIAN_POINT('',(-39.05857780309,0.));
#2961 = VECTOR('',#2962,1.);
#2962 = DIRECTION('',(0.,-1.));
#2963 = ( GEOMETRIC_REPRESENTATION_CONTEXT(2) 
PARAMETRIC_REPRESENTATION_CONTEXT() REPRESENTATION_CONTEXT('2D SPACE',''
  ) );
#2964 = PCURVE('',#1062,#2965);
#2965 = DEFINITIONAL_REPRESENTATION('',(#2966),#2970);
#2966 = LINE('',#2967,#2968);
#2967 = CARTESIAN_POINT('',(3.267376672251,0.));
#2968 = VECTOR('',#2969,1.);
#2969 = DIRECTION('',(0.,-1.));
#2970 = ( GEOMETRIC_REPRESENTATION_CONTEXT(2) 
PARAMETRIC_REPRESENTATION_CONTEXT() REPRESENTATION_CONTEXT('2D SPACE',''
  ) );
#2971 = ORIENTED_EDGE('',*,*,#1011,.F.);
#2972 = ADVANCED_FACE('',(#2973),#1062,.F.);
#2973 = FACE_BOUND('',#2974,.F.);
#2974 = EDGE_LOOP('',(#2975,#2976,#2999,#3025));
#2975 = ORIENTED_EDGE('',*,*,#1041,.T.);
#2976 = ORIENTED_EDGE('',*,*,#2977,.T.);
#2977 = EDGE_CURVE('',#1042,#2978,#2980,.T.);
#2978 = VERTEX_POINT('',#2979);
#2979 = CARTESIAN_POINT('',(416.25,86.066666666667,5.425));
#2980 = SURFACE_CURVE('',#2981,(#2985,#2992),.PCURVE_S1.);
#2981 = LINE('',#2982,#2983);
#2982 = CARTESIAN_POINT('',(426.25,86.066666666666,5.425));
#2983 = VECTOR('',#2984,1.);
#2984 = DIRECTION('',(-1.,-0.,-0.));
#2985 = PCURVE('',#1062,#2986);
#2986 = DEFINITIONAL_REPRESENTATION('',(#2987),#2991);
#2987 = LINE('',#2988,#2989);
#2988 = CARTESIAN_POINT('',(1.570796326795,0.));
#2989 = VECTOR('',#2990,1.);
#2990 = DIRECTION('',(0.,-1.));
#2991 = ( GEOMETRIC_REPRESENTATION_CONTEXT(2) 
PARAMETRIC_REPRESENTATION_CONTEXT() REPRESENTATION_CONTEXT('2D SPACE',''
  ) );
#2992 = PCURVE('',#1090,#2993);
#2993 = DEFINITIONAL_REPRESENTATION('',(#2994),#2998);
#2994 = LINE('',#2995,#2996);
#2995 = CARTESIAN_POINT('',(0.,0.));
#2996 = VECTOR('',#2997,1.);
#2997 = DIRECTION('',(0.,-1.));
#2998 = ( GEOMETRIC_REPRESENTATION_CONTEXT(2) 
PARAMETRIC_REPRESENTATION_CONTEXT() REPRESENTATION_CONTEXT('2D SPACE',''
  ) );
#2999 = ORIENTED_EDGE('',*,*,#3000,.F.);
#3000 = EDGE_CURVE('',#2924,#2978,#3001,.T.);
#3001 = SURFACE_CURVE('',#3002,(#3007,#3014),.PCURVE_S1.);
#3002 = CIRCLE('',#3003,4.65);
#3003 = AXIS2_PLACEMENT_3D('',#3004,#3005,#3006);
#3004 = CARTESIAN_POINT('',(416.25,86.066666666666,10.075));
#3005 = DIRECTION('',(-1.,0.,0.));
#3006 = DIRECTION('',(-0.,-1.,-0.));
#3007 = PCURVE('',#1062,#3008);
#3008 = DEFINITIONAL_REPRESENTATION('',(#3009),#3013);
#3009 = LINE('',#3010,#3011);
#3010 = CARTESIAN_POINT('',(6.28318530718,-10.));
#3011 = VECTOR('',#3012,1.);
#3012 = DIRECTION('',(-1.,0.));
#3013 = ( GEOMETRIC_REPRESENTATION_CONTEXT(2) 
PARAMETRIC_REPRESENTATION_CONTEXT() REPRESENTATION_CONTEXT('2D SPACE',''
  ) );
#3014 = PCURVE('',#2939,#3015);
#3015 = DEFINITIONAL_REPRESENTATION('',(#3016),#3024);
#3016 = ( BOUNDED_CURVE() B_SPLINE_CURVE(2,(#3017,#3018,#3019,#3020,
#3021,#3022,#3023),.UNSPECIFIED.,.T.,.F.) B_SPLINE_CURVE_WITH_KNOTS((1,2
    ,2,2,2,1),(-2.094395102393,0.,2.094395102393,4.188790204786,
6.28318530718,8.377580409573),.UNSPECIFIED.) CURVE() 
GEOMETRIC_REPRESENTATION_ITEM() RATIONAL_B_SPLINE_CURVE((1.,0.5,1.,0.5,
1.,0.5,1.)) REPRESENTATION_ITEM('') );
#3017 = CARTESIAN_POINT('',(17.880656790167,14.035662406522));
#3018 = CARTESIAN_POINT('',(9.826620534972,14.035662406522));
#3019 = CARTESIAN_POINT('',(13.853638662569,21.010662406522));
#3020 = CARTESIAN_POINT('',(17.880656790167,27.985662406522));
#3021 = CARTESIAN_POINT('',(21.907674917765,21.010662406522));
#3022 = CARTESIAN_POINT('',(25.934693045362,14.035662406522));
#3023 = CARTESIAN_POINT('',(17.880656790167,14.035662406522));
#3024 = ( GEOMETRIC_REPRESENTATION_CONTEXT(2) 
PARAMETRIC_REPRESENTATION_CONTEXT() REPRESENTATION_CONTEXT('2D SPACE',''
  ) );
#3025 = ORIENTED_EDGE('',*,*,#2951,.F.);
#3026 = ADVANCED_FACE('',(#3027),#1090,.F.);
#3027 = FACE_BOUND('',#3028,.T.);
#3028 = EDGE_LOOP('',(#3029,#3030,#3053,#3074));
#3029 = ORIENTED_EDGE('',*,*,#2977,.T.);
#3030 = ORIENTED_EDGE('',*,*,#3031,.T.);
#3031 = EDGE_CURVE('',#2978,#3032,#3034,.T.);
#3032 = VERTEX_POINT('',#3033);
#3033 = CARTESIAN_POINT('',(416.25,48.266666666667,5.425));
#3034 = SURFACE_CURVE('',#3035,(#3039,#3046),.PCURVE_S1.);
#3035 = LINE('',#3036,#3037);
#3036 = CARTESIAN_POINT('',(416.25,86.066666666666,5.425));
#3037 = VECTOR('',#3038,1.);
#3038 = DIRECTION('',(-0.,-1.,-0.));
#3039 = PCURVE('',#1090,#3040);
#3040 = DEFINITIONAL_REPRESENTATION('',(#3041),#3045);
#3041 = LINE('',#3042,#3043);
#3042 = CARTESIAN_POINT('',(0.,-10.));
#3043 = VECTOR('',#3044,1.);
#3044 = DIRECTION('',(-1.,0.));
#3045 = ( GEOMETRIC_REPRESENTATION_CONTEXT(2) 
PARAMETRIC_REPRESENTATION_CONTEXT() REPRESENTATION_CONTEXT('2D SPACE',''
  ) );
#3046 = PCURVE('',#2939,#3047);
#3047 = DEFINITIONAL_REPRESENTATION('',(#3048),#3052);
#3048 = LINE('',#3049,#3050);
#3049 = CARTESIAN_POINT('',(22.530656790167,18.685662406522));
#3050 = VECTOR('',#3051,1.);
#3051 = DIRECTION('',(0.,-1.));
#3052 = ( GEOMETRIC_REPRESENTATION_CONTEXT(2) 
PARAMETRIC_REPRESENTATION_CONTEXT() REPRESENTATION_CONTEXT('2D SPACE',''
  ) );
#3053 = ORIENTED_EDGE('',*,*,#3054,.F.);
#3054 = EDGE_CURVE('',#1075,#3032,#3055,.T.);
#3055 = SURFACE_CURVE('',#3056,(#3060,#3067),.PCURVE_S1.);
#3056 = LINE('',#3057,#3058);
#3057 = CARTESIAN_POINT('',(426.25,48.266666666666,5.425));
#3058 = VECTOR('',#3059,1.);
#3059 = DIRECTION('',(-1.,-0.,-0.));
#3060 = PCURVE('',#1090,#3061);
#3061 = DEFINITIONAL_REPRESENTATION('',(#3062),#3066);
#3062 = LINE('',#3063,#3064);
#3063 = CARTESIAN_POINT('',(-37.8,0.));
#3064 = VECTOR('',#3065,1.);
#3065 = DIRECTION('',(0.,-1.));
#3066 = ( GEOMETRIC_REPRESENTATION_CONTEXT(2) 
PARAMETRIC_REPRESENTATION_CONTEXT() REPRESENTATION_CONTEXT('2D SPACE',''
  ) );
#3067 = PCURVE('',#1123,#3068);
#3068 = DEFINITIONAL_REPRESENTATION('',(#3069),#3073);
#3069 = LINE('',#3070,#3071);
#3070 = CARTESIAN_POINT('',(1.570796326795,0.));
#3071 = VECTOR('',#3072,1.);
#3072 = DIRECTION('',(0.,-1.));
#3073 = ( GEOMETRIC_REPRESENTATION_CONTEXT(2) 
PARAMETRIC_REPRESENTATION_CONTEXT() REPRESENTATION_CONTEXT('2D SPACE',''
  ) );
#3074 = ORIENTED_EDGE('',*,*,#1074,.F.);
#3075 = ADVANCED_FACE('',(#3076),#1123,.F.);
#3076 = FACE_BOUND('',#3077,.F.);
#3077 = EDGE_LOOP('',(#3078,#3079,#3102,#3128));
#3078 = ORIENTED_EDGE('',*,*,#1102,.T.);
#3079 = ORIENTED_EDGE('',*,*,#3080,.T.);
#3080 = EDGE_CURVE('',#1103,#3081,#3083,.T.);
#3081 = VERTEX_POINT('',#3082);
#3082 = CARTESIAN_POINT('',(416.25,43.669646624112,10.774933374221));
#3083 = SURFACE_CURVE('',#3084,(#3088,#3095),.PCURVE_S1.);
#3084 = LINE('',#3085,#3086);
#3085 = CARTESIAN_POINT('',(426.25,43.669646624111,10.774933374221));
#3086 = VECTOR('',#3087,1.);
#3087 = DIRECTION('',(-1.,-0.,-0.));
#3088 = PCURVE('',#1123,#3089);
#3089 = DEFINITIONAL_REPRESENTATION('',(#3090),#3094);
#3090 = LINE('',#3091,#3092);
#3091 = CARTESIAN_POINT('',(-0.151097588781,0.));
#3092 = VECTOR('',#3093,1.);
#3093 = DIRECTION('',(0.,-1.));
#3094 = ( GEOMETRIC_REPRESENTATION_CONTEXT(2) 
PARAMETRIC_REPRESENTATION_CONTEXT() REPRESENTATION_CONTEXT('2D SPACE',''
  ) );
#3095 = PCURVE('',#1151,#3096);
#3096 = DEFINITIONAL_REPRESENTATION('',(#3097),#3101);
#3097 = LINE('',#3098,#3099);
#3098 = CARTESIAN_POINT('',(0.,0.));
#3099 = VECTOR('',#3100,1.);
#3100 = DIRECTION('',(0.,-1.));
#3101 = ( GEOMETRIC_REPRESENTATION_CONTEXT(2) 
PARAMETRIC_REPRESENTATION_CONTEXT() REPRESENTATION_CONTEXT('2D SPACE',''
  ) );
#3102 = ORIENTED_EDGE('',*,*,#3103,.F.);
#3103 = EDGE_CURVE('',#3032,#3081,#3104,.T.);
#3104 = SURFACE_CURVE('',#3105,(#3110,#3117),.PCURVE_S1.);
#3105 = CIRCLE('',#3106,4.65);
#3106 = AXIS2_PLACEMENT_3D('',#3107,#3108,#3109);
#3107 = CARTESIAN_POINT('',(416.25,48.266666666666,10.075));
#3108 = DIRECTION('',(-1.,0.,0.));
#3109 = DIRECTION('',(-0.,-1.,-0.));
#3110 = PCURVE('',#1123,#3111);
#3111 = DEFINITIONAL_REPRESENTATION('',(#3112),#3116);
#3112 = LINE('',#3113,#3114);
#3113 = CARTESIAN_POINT('',(6.28318530718,-10.));
#3114 = VECTOR('',#3115,1.);
#3115 = DIRECTION('',(-1.,0.));
#3116 = ( GEOMETRIC_REPRESENTATION_CONTEXT(2) 
PARAMETRIC_REPRESENTATION_CONTEXT() REPRESENTATION_CONTEXT('2D SPACE',''
  ) );
#3117 = PCURVE('',#2939,#3118);
#3118 = DEFINITIONAL_REPRESENTATION('',(#3119),#3127);
#3119 = ( BOUNDED_CURVE() B_SPLINE_CURVE(2,(#3120,#3121,#3122,#3123,
#3124,#3125,#3126),.UNSPECIFIED.,.T.,.F.) B_SPLINE_CURVE_WITH_KNOTS((1,2
    ,2,2,2,1),(-2.094395102393,0.,2.094395102393,4.188790204786,
6.28318530718,8.377580409573),.UNSPECIFIED.) CURVE() 
GEOMETRIC_REPRESENTATION_ITEM() RATIONAL_B_SPLINE_CURVE((1.,0.5,1.,0.5,
1.,0.5,1.)) REPRESENTATION_ITEM('') );
#3120 = CARTESIAN_POINT('',(17.880656790167,-23.76433759347));
#3121 = CARTESIAN_POINT('',(9.826620534972,-23.76433759347));
#3122 = CARTESIAN_POINT('',(13.853638662569,-16.78933759347));
#3123 = CARTESIAN_POINT('',(17.880656790167,-9.814337593478));
#3124 = CARTESIAN_POINT('',(21.907674917765,-16.78933759347));
#3125 = CARTESIAN_POINT('',(25.934693045362,-23.76433759347));
#3126 = CARTESIAN_POINT('',(17.880656790167,-23.76433759347));
#3127 = ( GEOMETRIC_REPRESENTATION_CONTEXT(2) 
PARAMETRIC_REPRESENTATION_CONTEXT() REPRESENTATION_CONTEXT('2D SPACE',''
  ) );
#3128 = ORIENTED_EDGE('',*,*,#3054,.F.);
#3129 = ADVANCED_FACE('',(#3130),#1151,.F.);
#3130 = FACE_BOUND('',#3131,.T.);
#3131 = EDGE_LOOP('',(#3132,#3133,#3134,#3157,#3178,#3179,#3202,#3230));
#3132 = ORIENTED_EDGE('',*,*,#1135,.F.);
#3133 = ORIENTED_EDGE('',*,*,#3080,.T.);
#3134 = ORIENTED_EDGE('',*,*,#3135,.T.);
#3135 = EDGE_CURVE('',#3081,#3136,#3138,.T.);
#3136 = VERTEX_POINT('',#3137);
#3137 = CARTESIAN_POINT('',(416.25,49.569646624112,49.524933374221));
#3138 = SURFACE_CURVE('',#3139,(#3143,#3150),.PCURVE_S1.);
#3139 = LINE('',#3140,#3141);
#3140 = CARTESIAN_POINT('',(416.25,43.669646624111,10.774933374221));
#3141 = VECTOR('',#3142,1.);
#3142 = DIRECTION('',(0.,0.150523306284,0.988606460764));
#3143 = PCURVE('',#1151,#3144);
#3144 = DEFINITIONAL_REPRESENTATION('',(#3145),#3149);
#3145 = LINE('',#3146,#3147);
#3146 = CARTESIAN_POINT('',(-0.,-10.));
#3147 = VECTOR('',#3148,1.);
#3148 = DIRECTION('',(-1.,0.));
#3149 = ( GEOMETRIC_REPRESENTATION_CONTEXT(2) 
PARAMETRIC_REPRESENTATION_CONTEXT() REPRESENTATION_CONTEXT('2D SPACE',''
  ) );
#3150 = PCURVE('',#2939,#3151);
#3151 = DEFINITIONAL_REPRESENTATION('',(#3152),#3156);
#3152 = LINE('',#3153,#3154);
#3153 = CARTESIAN_POINT('',(17.180723415946,-23.71135763603));
#3154 = VECTOR('',#3155,1.);
#3155 = DIRECTION('',(-0.988606460764,0.150523306284));
#3156 = ( GEOMETRIC_REPRESENTATION_CONTEXT(2) 
PARAMETRIC_REPRESENTATION_CONTEXT() REPRESENTATION_CONTEXT('2D SPACE',''
  ) );
#3157 = ORIENTED_EDGE('',*,*,#3158,.F.);
#3158 = EDGE_CURVE('',#1253,#3136,#3159,.T.);
#3159 = SURFACE_CURVE('',#3160,(#3164,#3171),.PCURVE_S1.);
#3160 = LINE('',#3161,#3162);
#3161 = CARTESIAN_POINT('',(426.25,49.569646624111,49.524933374221));
#3162 = VECTOR('',#3163,1.);
#3163 = DIRECTION('',(-1.,-0.,-0.));
#3164 = PCURVE('',#1151,#3165);
#3165 = DEFINITIONAL_REPRESENTATION('',(#3166),#3170);
#3166 = LINE('',#3167,#3168);
#3167 = CARTESIAN_POINT('',(-39.1965878617,0.));
#3168 = VECTOR('',#3169,1.);
#3169 = DIRECTION('',(0.,-1.));
#3170 = ( GEOMETRIC_REPRESENTATION_CONTEXT(2) 
PARAMETRIC_REPRESENTATION_CONTEXT() REPRESENTATION_CONTEXT('2D SPACE',''
  ) );
#3171 = PCURVE('',#1296,#3172);
#3172 = DEFINITIONAL_REPRESENTATION('',(#3173),#3177);
#3173 = LINE('',#3174,#3175);
#3174 = CARTESIAN_POINT('',(6.132087718398,0.));
#3175 = VECTOR('',#3176,1.);
#3176 = DIRECTION('',(0.,-1.));
#3177 = ( GEOMETRIC_REPRESENTATION_CONTEXT(2) 
PARAMETRIC_REPRESENTATION_CONTEXT() REPRESENTATION_CONTEXT('2D SPACE',''
  ) );
#3178 = ORIENTED_EDGE('',*,*,#1252,.F.);
#3179 = ORIENTED_EDGE('',*,*,#3180,.F.);
#3180 = EDGE_CURVE('',#3181,#1225,#3183,.T.);
#3181 = VERTEX_POINT('',#3182);
#3182 = CARTESIAN_POINT('',(421.25,47.929076123263,38.75));
#3183 = SURFACE_CURVE('',#3184,(#3188,#3195),.PCURVE_S1.);
#3184 = LINE('',#3185,#3186);
#3185 = CARTESIAN_POINT('',(423.75,47.929076123262,38.75));
#3186 = VECTOR('',#3187,1.);
#3187 = DIRECTION('',(1.,0.,0.));
#3188 = PCURVE('',#1151,#3189);
#3189 = DEFINITIONAL_REPRESENTATION('',(#3190),#3194);
#3190 = LINE('',#3191,#3192);
#3191 = CARTESIAN_POINT('',(-28.29747501765,-2.5));
#3192 = VECTOR('',#3193,1.);
#3193 = DIRECTION('',(0.,1.));
#3194 = ( GEOMETRIC_REPRESENTATION_CONTEXT(2) 
PARAMETRIC_REPRESENTATION_CONTEXT() REPRESENTATION_CONTEXT('2D SPACE',''
  ) );
#3195 = PCURVE('',#1240,#3196);
#3196 = DEFINITIONAL_REPRESENTATION('',(#3197),#3201);
#3197 = LINE('',#3198,#3199);
#3198 = CARTESIAN_POINT('',(-2.5,19.237590543404));
#3199 = VECTOR('',#3200,1.);
#3200 = DIRECTION('',(-1.,0.));
#3201 = ( GEOMETRIC_REPRESENTATION_CONTEXT(2) 
PARAMETRIC_REPRESENTATION_CONTEXT() REPRESENTATION_CONTEXT('2D SPACE',''
  ) );
#3202 = ORIENTED_EDGE('',*,*,#3203,.T.);
#3203 = EDGE_CURVE('',#3181,#3204,#3206,.T.);
#3204 = VERTEX_POINT('',#3205);
#3205 = CARTESIAN_POINT('',(421.25,45.097076123263,20.15));
#3206 = SURFACE_CURVE('',#3207,(#3211,#3218),.PCURVE_S1.);
#3207 = LINE('',#3208,#3209);
#3208 = CARTESIAN_POINT('',(421.25,44.633379662486,17.104535956766));
#3209 = VECTOR('',#3210,1.);
#3210 = DIRECTION('',(-0.,-0.150523306284,-0.988606460764));
#3211 = PCURVE('',#1151,#3212);
#3212 = DEFINITIONAL_REPRESENTATION('',(#3213),#3217);
#3213 = LINE('',#3214,#3215);
#3214 = CARTESIAN_POINT('',(-6.402550290487,-5.));
#3215 = VECTOR('',#3216,1.);
#3216 = DIRECTION('',(1.,-0.));
#3217 = ( GEOMETRIC_REPRESENTATION_CONTEXT(2) 
PARAMETRIC_REPRESENTATION_CONTEXT() REPRESENTATION_CONTEXT('2D SPACE',''
  ) );
#3218 = PCURVE('',#3219,#3224);
#3219 = PLANE('',#3220);
#3220 = AXIS2_PLACEMENT_3D('',#3221,#3222,#3223);
#3221 = CARTESIAN_POINT('',(421.25,67.166666666666,20.15));
#3222 = DIRECTION('',(1.,0.,0.));
#3223 = DIRECTION('',(0.,0.,-1.));
#3224 = DEFINITIONAL_REPRESENTATION('',(#3225),#3229);
#3225 = LINE('',#3226,#3227);
#3226 = CARTESIAN_POINT('',(3.045464043234,-22.53328700418));
#3227 = VECTOR('',#3228,1.);
#3228 = DIRECTION('',(0.988606460764,-0.150523306284));
#3229 = ( GEOMETRIC_REPRESENTATION_CONTEXT(2) 
PARAMETRIC_REPRESENTATION_CONTEXT() REPRESENTATION_CONTEXT('2D SPACE',''
  ) );
#3230 = ORIENTED_EDGE('',*,*,#3231,.T.);
#3231 = EDGE_CURVE('',#3204,#1136,#3232,.T.);
#3232 = SURFACE_CURVE('',#3233,(#3237,#3244),.PCURVE_S1.);
#3233 = LINE('',#3234,#3235);
#3234 = CARTESIAN_POINT('',(423.75,45.097076123262,20.15));
#3235 = VECTOR('',#3236,1.);
#3236 = DIRECTION('',(1.,0.,0.));
#3237 = PCURVE('',#1151,#3238);
#3238 = DEFINITIONAL_REPRESENTATION('',(#3239),#3243);
#3239 = LINE('',#3240,#3241);
#3240 = CARTESIAN_POINT('',(-9.483112844042,-2.5));
#3241 = VECTOR('',#3242,1.);
#3242 = DIRECTION('',(0.,1.));
#3243 = ( GEOMETRIC_REPRESENTATION_CONTEXT(2) 
PARAMETRIC_REPRESENTATION_CONTEXT() REPRESENTATION_CONTEXT('2D SPACE',''
  ) );
#3244 = PCURVE('',#1179,#3245);
#3245 = DEFINITIONAL_REPRESENTATION('',(#3246),#3250);
#3246 = LINE('',#3247,#3248);
#3247 = CARTESIAN_POINT('',(-2.5,22.069590543404));
#3248 = VECTOR('',#3249,1.);
#3249 = DIRECTION('',(-1.,0.));
#3250 = ( GEOMETRIC_REPRESENTATION_CONTEXT(2) 
PARAMETRIC_REPRESENTATION_CONTEXT() REPRESENTATION_CONTEXT('2D SPACE',''
  ) );
#3251 = ADVANCED_FACE('',(#3252),#1179,.T.);
#3252 = FACE_BOUND('',#3253,.F.);
#3253 = EDGE_LOOP('',(#3254,#3277,#3278,#3279));
#3254 = ORIENTED_EDGE('',*,*,#3255,.F.);
#3255 = EDGE_CURVE('',#3204,#3256,#3258,.T.);
#3256 = VERTEX_POINT('',#3257);
#3257 = CARTESIAN_POINT('',(421.25,35.266666666667,20.15));
#3258 = SURFACE_CURVE('',#3259,(#3263,#3270),.PCURVE_S1.);
#3259 = LINE('',#3260,#3261);
#3260 = CARTESIAN_POINT('',(421.25,67.166666666666,20.15));
#3261 = VECTOR('',#3262,1.);
#3262 = DIRECTION('',(-0.,-1.,-0.));
#3263 = PCURVE('',#1179,#3264);
#3264 = DEFINITIONAL_REPRESENTATION('',(#3265),#3269);
#3265 = LINE('',#3266,#3267);
#3266 = CARTESIAN_POINT('',(0.,0.));
#3267 = VECTOR('',#3268,1.);
#3268 = DIRECTION('',(0.,1.));
#3269 = ( GEOMETRIC_REPRESENTATION_CONTEXT(2) 
PARAMETRIC_REPRESENTATION_CONTEXT() REPRESENTATION_CONTEXT('2D SPACE',''
  ) );
#3270 = PCURVE('',#3219,#3271);
#3271 = DEFINITIONAL_REPRESENTATION('',(#3272),#3276);
#3272 = LINE('',#3273,#3274);
#3273 = CARTESIAN_POINT('',(0.,0.));
#3274 = VECTOR('',#3275,1.);
#3275 = DIRECTION('',(0.,-1.));
#3276 = ( GEOMETRIC_REPRESENTATION_CONTEXT(2) 
PARAMETRIC_REPRESENTATION_CONTEXT() REPRESENTATION_CONTEXT('2D SPACE',''
  ) );
#3277 = ORIENTED_EDGE('',*,*,#3231,.T.);
#3278 = ORIENTED_EDGE('',*,*,#1163,.T.);
#3279 = ORIENTED_EDGE('',*,*,#3280,.F.);
#3280 = EDGE_CURVE('',#3256,#1164,#3281,.T.);
#3281 = SURFACE_CURVE('',#3282,(#3286,#3293),.PCURVE_S1.);
#3282 = LINE('',#3283,#3284);
#3283 = CARTESIAN_POINT('',(421.25,35.266666666666,20.15));
#3284 = VECTOR('',#3285,1.);
#3285 = DIRECTION('',(1.,0.,0.));
#3286 = PCURVE('',#1179,#3287);
#3287 = DEFINITIONAL_REPRESENTATION('',(#3288),#3292);
#3288 = LINE('',#3289,#3290);
#3289 = CARTESIAN_POINT('',(0.,31.9));
#3290 = VECTOR('',#3291,1.);
#3291 = DIRECTION('',(-1.,0.));
#3292 = ( GEOMETRIC_REPRESENTATION_CONTEXT(2) 
PARAMETRIC_REPRESENTATION_CONTEXT() REPRESENTATION_CONTEXT('2D SPACE',''
  ) );
#3293 = PCURVE('',#1212,#3294);
#3294 = DEFINITIONAL_REPRESENTATION('',(#3295),#3299);
#3295 = LINE('',#3296,#3297);
#3296 = CARTESIAN_POINT('',(3.14159265359,-5.));
#3297 = VECTOR('',#3298,1.);
#3298 = DIRECTION('',(0.,1.));
#3299 = ( GEOMETRIC_REPRESENTATION_CONTEXT(2) 
PARAMETRIC_REPRESENTATION_CONTEXT() REPRESENTATION_CONTEXT('2D SPACE',''
  ) );
#3300 = ADVANCED_FACE('',(#3301),#1212,.F.);
#3301 = FACE_BOUND('',#3302,.F.);
#3302 = EDGE_LOOP('',(#3303,#3331,#3332,#3333));
#3303 = ORIENTED_EDGE('',*,*,#3304,.F.);
#3304 = EDGE_CURVE('',#3256,#3305,#3307,.T.);
#3305 = VERTEX_POINT('',#3306);
#3306 = CARTESIAN_POINT('',(421.25,35.266666666667,38.75));
#3307 = SURFACE_CURVE('',#3308,(#3313,#3320),.PCURVE_S1.);
#3308 = CIRCLE('',#3309,9.3);
#3309 = AXIS2_PLACEMENT_3D('',#3310,#3311,#3312);
#3310 = CARTESIAN_POINT('',(421.25,35.266666666666,29.45));
#3311 = DIRECTION('',(-1.,0.,0.));
#3312 = DIRECTION('',(0.,0.,1.));
#3313 = PCURVE('',#1212,#3314);
#3314 = DEFINITIONAL_REPRESENTATION('',(#3315),#3319);
#3315 = LINE('',#3316,#3317);
#3316 = CARTESIAN_POINT('',(6.28318530718,-5.));
#3317 = VECTOR('',#3318,1.);
#3318 = DIRECTION('',(-1.,0.));
#3319 = ( GEOMETRIC_REPRESENTATION_CONTEXT(2) 
PARAMETRIC_REPRESENTATION_CONTEXT() REPRESENTATION_CONTEXT('2D SPACE',''
  ) );
#3320 = PCURVE('',#3219,#3321);
#3321 = DEFINITIONAL_REPRESENTATION('',(#3322),#3330);
#3322 = ( BOUNDED_CURVE() B_SPLINE_CURVE(2,(#3323,#3324,#3325,#3326,
#3327,#3328,#3329),.UNSPECIFIED.,.T.,.F.) B_SPLINE_CURVE_WITH_KNOTS((1,2
    ,2,2,2,1),(-2.094395102393,0.,2.094395102393,4.188790204786,
6.28318530718,8.377580409573),.UNSPECIFIED.) CURVE() 
GEOMETRIC_REPRESENTATION_ITEM() RATIONAL_B_SPLINE_CURVE((1.,0.5,1.,0.5,
1.,0.5,1.)) REPRESENTATION_ITEM('') );
#3323 = CARTESIAN_POINT('',(-18.6,-31.9));
#3324 = CARTESIAN_POINT('',(-18.6,-15.7919274896));
#3325 = CARTESIAN_POINT('',(-4.65,-23.8459637448));
#3326 = CARTESIAN_POINT('',(9.3,-31.9));
#3327 = CARTESIAN_POINT('',(-4.65,-39.95403625519));
#3328 = CARTESIAN_POINT('',(-18.6,-48.00807251039));
#3329 = CARTESIAN_POINT('',(-18.6,-31.9));
#3330 = ( GEOMETRIC_REPRESENTATION_CONTEXT(2) 
PARAMETRIC_REPRESENTATION_CONTEXT() REPRESENTATION_CONTEXT('2D SPACE',''
  ) );
#3331 = ORIENTED_EDGE('',*,*,#3280,.T.);
#3332 = ORIENTED_EDGE('',*,*,#1191,.T.);
#3333 = ORIENTED_EDGE('',*,*,#3334,.T.);
#3334 = EDGE_CURVE('',#1192,#3305,#3335,.T.);
#3335 = SURFACE_CURVE('',#3336,(#3340,#3347),.PCURVE_S1.);
#3336 = LINE('',#3337,#3338);
#3337 = CARTESIAN_POINT('',(426.25,35.266666666666,38.75));
#3338 = VECTOR('',#3339,1.);
#3339 = DIRECTION('',(-1.,-0.,-0.));
#3340 = PCURVE('',#1212,#3341);
#3341 = DEFINITIONAL_REPRESENTATION('',(#3342),#3346);
#3342 = LINE('',#3343,#3344);
#3343 = CARTESIAN_POINT('',(0.,0.));
#3344 = VECTOR('',#3345,1.);
#3345 = DIRECTION('',(0.,-1.));
#3346 = ( GEOMETRIC_REPRESENTATION_CONTEXT(2) 
PARAMETRIC_REPRESENTATION_CONTEXT() REPRESENTATION_CONTEXT('2D SPACE',''
  ) );
#3347 = PCURVE('',#1240,#3348);
#3348 = DEFINITIONAL_REPRESENTATION('',(#3349),#3353);
#3349 = LINE('',#3350,#3351);
#3350 = CARTESIAN_POINT('',(-5.,31.9));
#3351 = VECTOR('',#3352,1.);
#3352 = DIRECTION('',(1.,0.));
#3353 = ( GEOMETRIC_REPRESENTATION_CONTEXT(2) 
PARAMETRIC_REPRESENTATION_CONTEXT() REPRESENTATION_CONTEXT('2D SPACE',''
  ) );
#3354 = ADVANCED_FACE('',(#3355),#1240,.F.);
#3355 = FACE_BOUND('',#3356,.T.);
#3356 = EDGE_LOOP('',(#3357,#3378,#3379,#3380));
#3357 = ORIENTED_EDGE('',*,*,#3358,.F.);
#3358 = EDGE_CURVE('',#3181,#3305,#3359,.T.);
#3359 = SURFACE_CURVE('',#3360,(#3364,#3371),.PCURVE_S1.);
#3360 = LINE('',#3361,#3362);
#3361 = CARTESIAN_POINT('',(421.25,67.166666666666,38.75));
#3362 = VECTOR('',#3363,1.);
#3363 = DIRECTION('',(-0.,-1.,-0.));
#3364 = PCURVE('',#1240,#3365);
#3365 = DEFINITIONAL_REPRESENTATION('',(#3366),#3370);
#3366 = LINE('',#3367,#3368);
#3367 = CARTESIAN_POINT('',(0.,0.));
#3368 = VECTOR('',#3369,1.);
#3369 = DIRECTION('',(0.,1.));
#3370 = ( GEOMETRIC_REPRESENTATION_CONTEXT(2) 
PARAMETRIC_REPRESENTATION_CONTEXT() REPRESENTATION_CONTEXT('2D SPACE',''
  ) );
#3371 = PCURVE('',#3219,#3372);
#3372 = DEFINITIONAL_REPRESENTATION('',(#3373),#3377);
#3373 = LINE('',#3374,#3375);
#3374 = CARTESIAN_POINT('',(-18.6,0.));
#3375 = VECTOR('',#3376,1.);
#3376 = DIRECTION('',(0.,-1.));
#3377 = ( GEOMETRIC_REPRESENTATION_CONTEXT(2) 
PARAMETRIC_REPRESENTATION_CONTEXT() REPRESENTATION_CONTEXT('2D SPACE',''
  ) );
#3378 = ORIENTED_EDGE('',*,*,#3180,.T.);
#3379 = ORIENTED_EDGE('',*,*,#1224,.T.);
#3380 = ORIENTED_EDGE('',*,*,#3334,.T.);
#3381 = ADVANCED_FACE('',(#3382),#1296,.F.);
#3382 = FACE_BOUND('',#3383,.F.);
#3383 = EDGE_LOOP('',(#3384,#3385,#3408,#3434));
#3384 = ORIENTED_EDGE('',*,*,#1275,.T.);
#3385 = ORIENTED_EDGE('',*,*,#3386,.T.);
#3386 = EDGE_CURVE('',#1276,#3387,#3389,.T.);
#3387 = VERTEX_POINT('',#3388);
#3388 = CARTESIAN_POINT('',(416.25,54.166666666667,53.475));
#3389 = SURFACE_CURVE('',#3390,(#3394,#3401),.PCURVE_S1.);
#3390 = LINE('',#3391,#3392);
#3391 = CARTESIAN_POINT('',(426.25,54.166666666666,53.475));
#3392 = VECTOR('',#3393,1.);
#3393 = DIRECTION('',(-1.,-0.,-0.));
#3394 = PCURVE('',#1296,#3395);
#3395 = DEFINITIONAL_REPRESENTATION('',(#3396),#3400);
#3396 = LINE('',#3397,#3398);
#3397 = CARTESIAN_POINT('',(4.712388980385,0.));
#3398 = VECTOR('',#3399,1.);
#3399 = DIRECTION('',(0.,-1.));
#3400 = ( GEOMETRIC_REPRESENTATION_CONTEXT(2) 
PARAMETRIC_REPRESENTATION_CONTEXT() REPRESENTATION_CONTEXT('2D SPACE',''
  ) );
#3401 = PCURVE('',#1324,#3402);
#3402 = DEFINITIONAL_REPRESENTATION('',(#3403),#3407);
#3403 = LINE('',#3404,#3405);
#3404 = CARTESIAN_POINT('',(0.,0.));
#3405 = VECTOR('',#3406,1.);
#3406 = DIRECTION('',(0.,-1.));
#3407 = ( GEOMETRIC_REPRESENTATION_CONTEXT(2) 
PARAMETRIC_REPRESENTATION_CONTEXT() REPRESENTATION_CONTEXT('2D SPACE',''
  ) );
#3408 = ORIENTED_EDGE('',*,*,#3409,.F.);
#3409 = EDGE_CURVE('',#3136,#3387,#3410,.T.);
#3410 = SURFACE_CURVE('',#3411,(#3416,#3423),.PCURVE_S1.);
#3411 = CIRCLE('',#3412,4.65);
#3412 = AXIS2_PLACEMENT_3D('',#3413,#3414,#3415);
#3413 = CARTESIAN_POINT('',(416.25,54.166666666666,48.825));
#3414 = DIRECTION('',(-1.,0.,0.));
#3415 = DIRECTION('',(-0.,-1.,-0.));
#3416 = PCURVE('',#1296,#3417);
#3417 = DEFINITIONAL_REPRESENTATION('',(#3418),#3422);
#3418 = LINE('',#3419,#3420);
#3419 = CARTESIAN_POINT('',(6.28318530718,-10.));
#3420 = VECTOR('',#3421,1.);
#3421 = DIRECTION('',(-1.,0.));
#3422 = ( GEOMETRIC_REPRESENTATION_CONTEXT(2) 
PARAMETRIC_REPRESENTATION_CONTEXT() REPRESENTATION_CONTEXT('2D SPACE',''
  ) );
#3423 = PCURVE('',#2939,#3424);
#3424 = DEFINITIONAL_REPRESENTATION('',(#3425),#3433);
#3425 = ( BOUNDED_CURVE() B_SPLINE_CURVE(2,(#3426,#3427,#3428,#3429,
#3430,#3431,#3432),.UNSPECIFIED.,.T.,.F.) B_SPLINE_CURVE_WITH_KNOTS((1,2
    ,2,2,2,1),(-2.094395102393,0.,2.094395102393,4.188790204786,
6.28318530718,8.377580409573),.UNSPECIFIED.) CURVE() 
GEOMETRIC_REPRESENTATION_ITEM() RATIONAL_B_SPLINE_CURVE((1.,0.5,1.,0.5,
1.,0.5,1.)) REPRESENTATION_ITEM('') );
#3426 = CARTESIAN_POINT('',(-20.86934320983,-17.86433759347));
#3427 = CARTESIAN_POINT('',(-28.92337946502,-17.86433759347));
#3428 = CARTESIAN_POINT('',(-24.89636133743,-10.88933759347));
#3429 = CARTESIAN_POINT('',(-20.86934320983,-3.914337593478));
#3430 = CARTESIAN_POINT('',(-16.84232508223,-10.88933759347));
#3431 = CARTESIAN_POINT('',(-12.81530695463,-17.86433759347));
#3432 = CARTESIAN_POINT('',(-20.86934320983,-17.86433759347));
#3433 = ( GEOMETRIC_REPRESENTATION_CONTEXT(2) 
PARAMETRIC_REPRESENTATION_CONTEXT() REPRESENTATION_CONTEXT('2D SPACE',''
  ) );
#3434 = ORIENTED_EDGE('',*,*,#3158,.F.);
#3435 = ADVANCED_FACE('',(#3436),#1324,.F.);
#3436 = FACE_BOUND('',#3437,.T.);
#3437 = EDGE_LOOP('',(#3438,#3439,#3462,#3483));
#3438 = ORIENTED_EDGE('',*,*,#3386,.T.);
#3439 = ORIENTED_EDGE('',*,*,#3440,.T.);
#3440 = EDGE_CURVE('',#3387,#3441,#3443,.T.);
#3441 = VERTEX_POINT('',#3442);
#3442 = CARTESIAN_POINT('',(416.25,81.166666666667,53.475));
#3443 = SURFACE_CURVE('',#3444,(#3448,#3455),.PCURVE_S1.);
#3444 = LINE('',#3445,#3446);
#3445 = CARTESIAN_POINT('',(416.25,54.166666666666,53.475));
#3446 = VECTOR('',#3447,1.);
#3447 = DIRECTION('',(0.,1.,0.));
#3448 = PCURVE('',#1324,#3449);
#3449 = DEFINITIONAL_REPRESENTATION('',(#3450),#3454);
#3450 = LINE('',#3451,#3452);
#3451 = CARTESIAN_POINT('',(0.,-10.));
#3452 = VECTOR('',#3453,1.);
#3453 = DIRECTION('',(-1.,0.));
#3454 = ( GEOMETRIC_REPRESENTATION_CONTEXT(2) 
PARAMETRIC_REPRESENTATION_CONTEXT() REPRESENTATION_CONTEXT('2D SPACE',''
  ) );
#3455 = PCURVE('',#2939,#3456);
#3456 = DEFINITIONAL_REPRESENTATION('',(#3457),#3461);
#3457 = LINE('',#3458,#3459);
#3458 = CARTESIAN_POINT('',(-25.51934320983,-13.21433759347));
#3459 = VECTOR('',#3460,1.);
#3460 = DIRECTION('',(0.,1.));
#3461 = ( GEOMETRIC_REPRESENTATION_CONTEXT(2) 
PARAMETRIC_REPRESENTATION_CONTEXT() REPRESENTATION_CONTEXT('2D SPACE',''
  ) );
#3462 = ORIENTED_EDGE('',*,*,#3463,.F.);
#3463 = EDGE_CURVE('',#1309,#3441,#3464,.T.);
#3464 = SURFACE_CURVE('',#3465,(#3469,#3476),.PCURVE_S1.);
#3465 = LINE('',#3466,#3467);
#3466 = CARTESIAN_POINT('',(426.25,81.166666666666,53.475));
#3467 = VECTOR('',#3468,1.);
#3468 = DIRECTION('',(-1.,-0.,-0.));
#3469 = PCURVE('',#1324,#3470);
#3470 = DEFINITIONAL_REPRESENTATION('',(#3471),#3475);
#3471 = LINE('',#3472,#3473);
#3472 = CARTESIAN_POINT('',(-27.,0.));
#3473 = VECTOR('',#3474,1.);
#3474 = DIRECTION('',(0.,-1.));
#3475 = ( GEOMETRIC_REPRESENTATION_CONTEXT(2) 
PARAMETRIC_REPRESENTATION_CONTEXT() REPRESENTATION_CONTEXT('2D SPACE',''
  ) );
#3476 = PCURVE('',#1355,#3477);
#3477 = DEFINITIONAL_REPRESENTATION('',(#3478),#3482);
#3478 = LINE('',#3479,#3480);
#3479 = CARTESIAN_POINT('',(4.712388980385,0.));
#3480 = VECTOR('',#3481,1.);
#3481 = DIRECTION('',(0.,-1.));
#3482 = ( GEOMETRIC_REPRESENTATION_CONTEXT(2) 
PARAMETRIC_REPRESENTATION_CONTEXT() REPRESENTATION_CONTEXT('2D SPACE',''
  ) );
#3483 = ORIENTED_EDGE('',*,*,#1308,.F.);
#3484 = ADVANCED_FACE('',(#3485),#1355,.F.);
#3485 = FACE_BOUND('',#3486,.F.);
#3486 = EDGE_LOOP('',(#3487,#3488,#3489,#3515));
#3487 = ORIENTED_EDGE('',*,*,#1336,.T.);
#3488 = ORIENTED_EDGE('',*,*,#2900,.T.);
#3489 = ORIENTED_EDGE('',*,*,#3490,.F.);
#3490 = EDGE_CURVE('',#3441,#2901,#3491,.T.);
#3491 = SURFACE_CURVE('',#3492,(#3497,#3504),.PCURVE_S1.);
#3492 = CIRCLE('',#3493,4.65);
#3493 = AXIS2_PLACEMENT_3D('',#3494,#3495,#3496);
#3494 = CARTESIAN_POINT('',(416.25,81.166666666666,48.825));
#3495 = DIRECTION('',(-1.,0.,0.));
#3496 = DIRECTION('',(-0.,-1.,-0.));
#3497 = PCURVE('',#1355,#3498);
#3498 = DEFINITIONAL_REPRESENTATION('',(#3499),#3503);
#3499 = LINE('',#3500,#3501);
#3500 = CARTESIAN_POINT('',(6.28318530718,-10.));
#3501 = VECTOR('',#3502,1.);
#3502 = DIRECTION('',(-1.,0.));
#3503 = ( GEOMETRIC_REPRESENTATION_CONTEXT(2) 
PARAMETRIC_REPRESENTATION_CONTEXT() REPRESENTATION_CONTEXT('2D SPACE',''
  ) );
#3504 = PCURVE('',#2939,#3505);
#3505 = DEFINITIONAL_REPRESENTATION('',(#3506),#3514);
#3506 = ( BOUNDED_CURVE() B_SPLINE_CURVE(2,(#3507,#3508,#3509,#3510,
#3511,#3512,#3513),.UNSPECIFIED.,.T.,.F.) B_SPLINE_CURVE_WITH_KNOTS((1,2
    ,2,2,2,1),(-2.094395102393,0.,2.094395102393,4.188790204786,
6.28318530718,8.377580409573),.UNSPECIFIED.) CURVE() 
GEOMETRIC_REPRESENTATION_ITEM() RATIONAL_B_SPLINE_CURVE((1.,0.5,1.,0.5,
1.,0.5,1.)) REPRESENTATION_ITEM('') );
#3507 = CARTESIAN_POINT('',(-20.86934320983,9.135662406522));
#3508 = CARTESIAN_POINT('',(-28.92337946502,9.135662406522));
#3509 = CARTESIAN_POINT('',(-24.89636133743,16.110662406522));
#3510 = CARTESIAN_POINT('',(-20.86934320983,23.085662406522));
#3511 = CARTESIAN_POINT('',(-16.84232508223,16.110662406522));
#3512 = CARTESIAN_POINT('',(-12.81530695463,9.135662406522));
#3513 = CARTESIAN_POINT('',(-20.86934320983,9.135662406522));
#3514 = ( GEOMETRIC_REPRESENTATION_CONTEXT(2) 
PARAMETRIC_REPRESENTATION_CONTEXT() REPRESENTATION_CONTEXT('2D SPACE',''
  ) );
#3515 = ORIENTED_EDGE('',*,*,#3463,.F.);
#3516 = ADVANCED_FACE('',(#3517),#1387,.F.);
#3517 = FACE_BOUND('',#3518,.F.);
#3518 = EDGE_LOOP('',(#3519,#3542,#3570,#3591));
#3519 = ORIENTED_EDGE('',*,*,#3520,.T.);
#3520 = EDGE_CURVE('',#1370,#3521,#3523,.T.);
#3521 = VERTEX_POINT('',#3522);
#3522 = CARTESIAN_POINT('',(416.25,115.43333333333,5.425));
#3523 = SURFACE_CURVE('',#3524,(#3528,#3535),.PCURVE_S1.);
#3524 = LINE('',#3525,#3526);
#3525 = CARTESIAN_POINT('',(426.25,115.43333333333,5.425));
#3526 = VECTOR('',#3527,1.);
#3527 = DIRECTION('',(-1.,0.,0.));
#3528 = PCURVE('',#1387,#3529);
#3529 = DEFINITIONAL_REPRESENTATION('',(#3530),#3534);
#3530 = LINE('',#3531,#3532);
#3531 = CARTESIAN_POINT('',(0.,0.));
#3532 = VECTOR('',#3533,1.);
#3533 = DIRECTION('',(0.,-1.));
#3534 = ( GEOMETRIC_REPRESENTATION_CONTEXT(2) 
PARAMETRIC_REPRESENTATION_CONTEXT() REPRESENTATION_CONTEXT('2D SPACE',''
  ) );
#3535 = PCURVE('',#1416,#3536);
#3536 = DEFINITIONAL_REPRESENTATION('',(#3537),#3541);
#3537 = LINE('',#3538,#3539);
#3538 = CARTESIAN_POINT('',(4.712388980385,0.));
#3539 = VECTOR('',#3540,1.);
#3540 = DIRECTION('',(0.,-1.));
#3541 = ( GEOMETRIC_REPRESENTATION_CONTEXT(2) 
PARAMETRIC_REPRESENTATION_CONTEXT() REPRESENTATION_CONTEXT('2D SPACE',''
  ) );
#3542 = ORIENTED_EDGE('',*,*,#3543,.T.);
#3543 = EDGE_CURVE('',#3521,#3544,#3546,.T.);
#3544 = VERTEX_POINT('',#3545);
#3545 = CARTESIAN_POINT('',(416.25,153.23333333333,5.425));
#3546 = SURFACE_CURVE('',#3547,(#3551,#3558),.PCURVE_S1.);
#3547 = LINE('',#3548,#3549);
#3548 = CARTESIAN_POINT('',(416.25,115.43333333333,5.425));
#3549 = VECTOR('',#3550,1.);
#3550 = DIRECTION('',(0.,1.,0.));
#3551 = PCURVE('',#1387,#3552);
#3552 = DEFINITIONAL_REPRESENTATION('',(#3553),#3557);
#3553 = LINE('',#3554,#3555);
#3554 = CARTESIAN_POINT('',(0.,-10.));
#3555 = VECTOR('',#3556,1.);
#3556 = DIRECTION('',(1.,0.));
#3557 = ( GEOMETRIC_REPRESENTATION_CONTEXT(2) 
PARAMETRIC_REPRESENTATION_CONTEXT() REPRESENTATION_CONTEXT('2D SPACE',''
  ) );
#3558 = PCURVE('',#3559,#3564);
#3559 = PLANE('',#3560);
#3560 = AXIS2_PLACEMENT_3D('',#3561,#3562,#3563);
#3561 = CARTESIAN_POINT('',(416.25,134.11899573985,27.955656790167));
#3562 = DIRECTION('',(1.,0.,0.));
#3563 = DIRECTION('',(0.,0.,1.));
#3564 = DEFINITIONAL_REPRESENTATION('',(#3565),#3569);
#3565 = LINE('',#3566,#3567);
#3566 = CARTESIAN_POINT('',(-22.53065679016,18.68566240652));
#3567 = VECTOR('',#3568,1.);
#3568 = DIRECTION('',(0.,-1.));
#3569 = ( GEOMETRIC_REPRESENTATION_CONTEXT(2) 
PARAMETRIC_REPRESENTATION_CONTEXT() REPRESENTATION_CONTEXT('2D SPACE',''
  ) );
#3570 = ORIENTED_EDGE('',*,*,#3571,.F.);
#3571 = EDGE_CURVE('',#1372,#3544,#3572,.T.);
#3572 = SURFACE_CURVE('',#3573,(#3577,#3584),.PCURVE_S1.);
#3573 = LINE('',#3574,#3575);
#3574 = CARTESIAN_POINT('',(426.25,153.23333333333,5.425));
#3575 = VECTOR('',#3576,1.);
#3576 = DIRECTION('',(-1.,0.,0.));
#3577 = PCURVE('',#1387,#3578);
#3578 = DEFINITIONAL_REPRESENTATION('',(#3579),#3583);
#3579 = LINE('',#3580,#3581);
#3580 = CARTESIAN_POINT('',(37.8,0.));
#3581 = VECTOR('',#3582,1.);
#3582 = DIRECTION('',(0.,-1.));
#3583 = ( GEOMETRIC_REPRESENTATION_CONTEXT(2) 
PARAMETRIC_REPRESENTATION_CONTEXT() REPRESENTATION_CONTEXT('2D SPACE',''
  ) );
#3584 = PCURVE('',#1693,#3585);
#3585 = DEFINITIONAL_REPRESENTATION('',(#3586),#3590);
#3586 = LINE('',#3587,#3588);
#3587 = CARTESIAN_POINT('',(4.712388980385,0.));
#3588 = VECTOR('',#3589,1.);
#3589 = DIRECTION('',(0.,-1.));
#3590 = ( GEOMETRIC_REPRESENTATION_CONTEXT(2) 
PARAMETRIC_REPRESENTATION_CONTEXT() REPRESENTATION_CONTEXT('2D SPACE',''
  ) );
#3591 = ORIENTED_EDGE('',*,*,#1369,.F.);
#3592 = ADVANCED_FACE('',(#3593),#1416,.F.);
#3593 = FACE_BOUND('',#3594,.F.);
#3594 = EDGE_LOOP('',(#3595,#3618,#3640,#3641));
#3595 = ORIENTED_EDGE('',*,*,#3596,.T.);
#3596 = EDGE_CURVE('',#1400,#3597,#3599,.T.);
#3597 = VERTEX_POINT('',#3598);
#3598 = CARTESIAN_POINT('',(416.25,110.82007012368,10.658354573607));
#3599 = SURFACE_CURVE('',#3600,(#3604,#3611),.PCURVE_S1.);
#3600 = LINE('',#3601,#3602);
#3601 = CARTESIAN_POINT('',(426.25,110.82007012368,10.658354573607));
#3602 = VECTOR('',#3603,1.);
#3603 = DIRECTION('',(-1.,0.,0.));
#3604 = PCURVE('',#1416,#3605);
#3605 = DEFINITIONAL_REPRESENTATION('',(#3606),#3610);
#3606 = LINE('',#3607,#3608);
#3607 = CARTESIAN_POINT('',(3.015808634929,0.));
#3608 = VECTOR('',#3609,1.);
#3609 = DIRECTION('',(0.,-1.));
#3610 = ( GEOMETRIC_REPRESENTATION_CONTEXT(2) 
PARAMETRIC_REPRESENTATION_CONTEXT() REPRESENTATION_CONTEXT('2D SPACE',''
  ) );
#3611 = PCURVE('',#1444,#3612);
#3612 = DEFINITIONAL_REPRESENTATION('',(#3613),#3617);
#3613 = LINE('',#3614,#3615);
#3614 = CARTESIAN_POINT('',(39.05857780309,0.));
#3615 = VECTOR('',#3616,1.);
#3616 = DIRECTION('',(-0.,-1.));
#3617 = ( GEOMETRIC_REPRESENTATION_CONTEXT(2) 
PARAMETRIC_REPRESENTATION_CONTEXT() REPRESENTATION_CONTEXT('2D SPACE',''
  ) );
#3618 = ORIENTED_EDGE('',*,*,#3619,.T.);
#3619 = EDGE_CURVE('',#3597,#3521,#3620,.T.);
#3620 = SURFACE_CURVE('',#3621,(#3626,#3633),.PCURVE_S1.);
#3621 = CIRCLE('',#3622,4.65);
#3622 = AXIS2_PLACEMENT_3D('',#3623,#3624,#3625);
#3623 = CARTESIAN_POINT('',(416.25,115.43333333333,10.075));
#3624 = DIRECTION('',(1.,0.,0.));
#3625 = DIRECTION('',(0.,1.,0.));
#3626 = PCURVE('',#1416,#3627);
#3627 = DEFINITIONAL_REPRESENTATION('',(#3628),#3632);
#3628 = LINE('',#3629,#3630);
#3629 = CARTESIAN_POINT('',(-4.440892098501E-16,-10.));
#3630 = VECTOR('',#3631,1.);
#3631 = DIRECTION('',(1.,0.));
#3632 = ( GEOMETRIC_REPRESENTATION_CONTEXT(2) 
PARAMETRIC_REPRESENTATION_CONTEXT() REPRESENTATION_CONTEXT('2D SPACE',''
  ) );
#3633 = PCURVE('',#3559,#3634);
#3634 = DEFINITIONAL_REPRESENTATION('',(#3635),#3639);
#3635 = CIRCLE('',#3636,4.65);
#3636 = AXIS2_PLACEMENT_2D('',#3637,#3638);
#3637 = CARTESIAN_POINT('',(-17.88065679016,18.68566240652));
#3638 = DIRECTION('',(0.,-1.));
#3639 = ( GEOMETRIC_REPRESENTATION_CONTEXT(2) 
PARAMETRIC_REPRESENTATION_CONTEXT() REPRESENTATION_CONTEXT('2D SPACE',''
  ) );
#3640 = ORIENTED_EDGE('',*,*,#3520,.F.);
#3641 = ORIENTED_EDGE('',*,*,#1399,.F.);
#3642 = ADVANCED_FACE('',(#3643),#1444,.F.);
#3643 = FACE_BOUND('',#3644,.F.);
#3644 = EDGE_LOOP('',(#3645,#3668,#3689,#3690));
#3645 = ORIENTED_EDGE('',*,*,#3646,.T.);
#3646 = EDGE_CURVE('',#1429,#3647,#3649,.T.);
#3647 = VERTEX_POINT('',#3648);
#3648 = CARTESIAN_POINT('',(416.25,115.72007012368,49.408354573607));
#3649 = SURFACE_CURVE('',#3650,(#3654,#3661),.PCURVE_S1.);
#3650 = LINE('',#3651,#3652);
#3651 = CARTESIAN_POINT('',(426.25,115.72007012368,49.408354573607));
#3652 = VECTOR('',#3653,1.);
#3653 = DIRECTION('',(-1.,0.,0.));
#3654 = PCURVE('',#1444,#3655);
#3655 = DEFINITIONAL_REPRESENTATION('',(#3656),#3660);
#3656 = LINE('',#3657,#3658);
#3657 = CARTESIAN_POINT('',(0.,0.));
#3658 = VECTOR('',#3659,1.);
#3659 = DIRECTION('',(-0.,-1.));
#3660 = ( GEOMETRIC_REPRESENTATION_CONTEXT(2) 
PARAMETRIC_REPRESENTATION_CONTEXT() REPRESENTATION_CONTEXT('2D SPACE',''
  ) );
#3661 = PCURVE('',#1473,#3662);
#3662 = DEFINITIONAL_REPRESENTATION('',(#3663),#3667);
#3663 = LINE('',#3664,#3665);
#3664 = CARTESIAN_POINT('',(3.015808634929,0.));
#3665 = VECTOR('',#3666,1.);
#3666 = DIRECTION('',(0.,-1.));
#3667 = ( GEOMETRIC_REPRESENTATION_CONTEXT(2) 
PARAMETRIC_REPRESENTATION_CONTEXT() REPRESENTATION_CONTEXT('2D SPACE',''
  ) );
#3668 = ORIENTED_EDGE('',*,*,#3669,.T.);
#3669 = EDGE_CURVE('',#3647,#3597,#3670,.T.);
#3670 = SURFACE_CURVE('',#3671,(#3675,#3682),.PCURVE_S1.);
#3671 = LINE('',#3672,#3673);
#3672 = CARTESIAN_POINT('',(416.25,115.72007012368,49.408354573607));
#3673 = VECTOR('',#3674,1.);
#3674 = DIRECTION('',(0.,-0.125452596475,-0.992099614977));
#3675 = PCURVE('',#1444,#3676);
#3676 = DEFINITIONAL_REPRESENTATION('',(#3677),#3681);
#3677 = LINE('',#3678,#3679);
#3678 = CARTESIAN_POINT('',(-0.,-10.));
#3679 = VECTOR('',#3680,1.);
#3680 = DIRECTION('',(1.,0.));
#3681 = ( GEOMETRIC_REPRESENTATION_CONTEXT(2) 
PARAMETRIC_REPRESENTATION_CONTEXT() REPRESENTATION_CONTEXT('2D SPACE',''
  ) );
#3682 = PCURVE('',#3559,#3683);
#3683 = DEFINITIONAL_REPRESENTATION('',(#3684),#3688);
#3684 = LINE('',#3685,#3686);
#3685 = CARTESIAN_POINT('',(21.45269778344,18.39892561617));
#3686 = VECTOR('',#3687,1.);
#3687 = DIRECTION('',(-0.992099614977,0.125452596475));
#3688 = ( GEOMETRIC_REPRESENTATION_CONTEXT(2) 
PARAMETRIC_REPRESENTATION_CONTEXT() REPRESENTATION_CONTEXT('2D SPACE',''
  ) );
#3689 = ORIENTED_EDGE('',*,*,#3596,.F.);
#3690 = ORIENTED_EDGE('',*,*,#1428,.F.);
#3691 = ADVANCED_FACE('',(#3692),#1473,.F.);
#3692 = FACE_BOUND('',#3693,.F.);
#3693 = EDGE_LOOP('',(#3694,#3717,#3739,#3740));
#3694 = ORIENTED_EDGE('',*,*,#3695,.T.);
#3695 = EDGE_CURVE('',#1457,#3696,#3698,.T.);
#3696 = VERTEX_POINT('',#3697);
#3697 = CARTESIAN_POINT('',(416.25,120.33333333333,53.475));
#3698 = SURFACE_CURVE('',#3699,(#3703,#3710),.PCURVE_S1.);
#3699 = LINE('',#3700,#3701);
#3700 = CARTESIAN_POINT('',(426.25,120.33333333333,53.475));
#3701 = VECTOR('',#3702,1.);
#3702 = DIRECTION('',(-1.,0.,0.));
#3703 = PCURVE('',#1473,#3704);
#3704 = DEFINITIONAL_REPRESENTATION('',(#3705),#3709);
#3705 = LINE('',#3706,#3707);
#3706 = CARTESIAN_POINT('',(1.570796326795,0.));
#3707 = VECTOR('',#3708,1.);
#3708 = DIRECTION('',(0.,-1.));
#3709 = ( GEOMETRIC_REPRESENTATION_CONTEXT(2) 
PARAMETRIC_REPRESENTATION_CONTEXT() REPRESENTATION_CONTEXT('2D SPACE',''
  ) );
#3710 = PCURVE('',#1501,#3711);
#3711 = DEFINITIONAL_REPRESENTATION('',(#3712),#3716);
#3712 = LINE('',#3713,#3714);
#3713 = CARTESIAN_POINT('',(27.,0.));
#3714 = VECTOR('',#3715,1.);
#3715 = DIRECTION('',(0.,-1.));
#3716 = ( GEOMETRIC_REPRESENTATION_CONTEXT(2) 
PARAMETRIC_REPRESENTATION_CONTEXT() REPRESENTATION_CONTEXT('2D SPACE',''
  ) );
#3717 = ORIENTED_EDGE('',*,*,#3718,.T.);
#3718 = EDGE_CURVE('',#3696,#3647,#3719,.T.);
#3719 = SURFACE_CURVE('',#3720,(#3725,#3732),.PCURVE_S1.);
#3720 = CIRCLE('',#3721,4.65);
#3721 = AXIS2_PLACEMENT_3D('',#3722,#3723,#3724);
#3722 = CARTESIAN_POINT('',(416.25,120.33333333333,48.825));
#3723 = DIRECTION('',(1.,0.,0.));
#3724 = DIRECTION('',(0.,1.,0.));
#3725 = PCURVE('',#1473,#3726);
#3726 = DEFINITIONAL_REPRESENTATION('',(#3727),#3731);
#3727 = LINE('',#3728,#3729);
#3728 = CARTESIAN_POINT('',(0.,-10.));
#3729 = VECTOR('',#3730,1.);
#3730 = DIRECTION('',(1.,0.));
#3731 = ( GEOMETRIC_REPRESENTATION_CONTEXT(2) 
PARAMETRIC_REPRESENTATION_CONTEXT() REPRESENTATION_CONTEXT('2D SPACE',''
  ) );
#3732 = PCURVE('',#3559,#3733);
#3733 = DEFINITIONAL_REPRESENTATION('',(#3734),#3738);
#3734 = CIRCLE('',#3735,4.65);
#3735 = AXIS2_PLACEMENT_2D('',#3736,#3737);
#3736 = CARTESIAN_POINT('',(20.869343209833,13.78566240652));
#3737 = DIRECTION('',(0.,-1.));
#3738 = ( GEOMETRIC_REPRESENTATION_CONTEXT(2) 
PARAMETRIC_REPRESENTATION_CONTEXT() REPRESENTATION_CONTEXT('2D SPACE',''
  ) );
#3739 = ORIENTED_EDGE('',*,*,#3646,.F.);
#3740 = ORIENTED_EDGE('',*,*,#1456,.F.);
#3741 = ADVANCED_FACE('',(#3742),#1501,.F.);
#3742 = FACE_BOUND('',#3743,.F.);
#3743 = EDGE_LOOP('',(#3744,#3767,#3788,#3789));
#3744 = ORIENTED_EDGE('',*,*,#3745,.T.);
#3745 = EDGE_CURVE('',#1486,#3746,#3748,.T.);
#3746 = VERTEX_POINT('',#3747);
#3747 = CARTESIAN_POINT('',(416.25,147.33333333333,53.475));
#3748 = SURFACE_CURVE('',#3749,(#3753,#3760),.PCURVE_S1.);
#3749 = LINE('',#3750,#3751);
#3750 = CARTESIAN_POINT('',(426.25,147.33333333333,53.475));
#3751 = VECTOR('',#3752,1.);
#3752 = DIRECTION('',(-1.,0.,0.));
#3753 = PCURVE('',#1501,#3754);
#3754 = DEFINITIONAL_REPRESENTATION('',(#3755),#3759);
#3755 = LINE('',#3756,#3757);
#3756 = CARTESIAN_POINT('',(0.,0.));
#3757 = VECTOR('',#3758,1.);
#3758 = DIRECTION('',(0.,-1.));
#3759 = ( GEOMETRIC_REPRESENTATION_CONTEXT(2) 
PARAMETRIC_REPRESENTATION_CONTEXT() REPRESENTATION_CONTEXT('2D SPACE',''
  ) );
#3760 = PCURVE('',#1530,#3761);
#3761 = DEFINITIONAL_REPRESENTATION('',(#3762),#3766);
#3762 = LINE('',#3763,#3764);
#3763 = CARTESIAN_POINT('',(1.570796326795,0.));
#3764 = VECTOR('',#3765,1.);
#3765 = DIRECTION('',(0.,-1.));
#3766 = ( GEOMETRIC_REPRESENTATION_CONTEXT(2) 
PARAMETRIC_REPRESENTATION_CONTEXT() REPRESENTATION_CONTEXT('2D SPACE',''
  ) );
#3767 = ORIENTED_EDGE('',*,*,#3768,.T.);
#3768 = EDGE_CURVE('',#3746,#3696,#3769,.T.);
#3769 = SURFACE_CURVE('',#3770,(#3774,#3781),.PCURVE_S1.);
#3770 = LINE('',#3771,#3772);
#3771 = CARTESIAN_POINT('',(416.25,147.33333333333,53.475));
#3772 = VECTOR('',#3773,1.);
#3773 = DIRECTION('',(0.,-1.,0.));
#3774 = PCURVE('',#1501,#3775);
#3775 = DEFINITIONAL_REPRESENTATION('',(#3776),#3780);
#3776 = LINE('',#3777,#3778);
#3777 = CARTESIAN_POINT('',(0.,-10.));
#3778 = VECTOR('',#3779,1.);
#3779 = DIRECTION('',(1.,0.));
#3780 = ( GEOMETRIC_REPRESENTATION_CONTEXT(2) 
PARAMETRIC_REPRESENTATION_CONTEXT() REPRESENTATION_CONTEXT('2D SPACE',''
  ) );
#3781 = PCURVE('',#3559,#3782);
#3782 = DEFINITIONAL_REPRESENTATION('',(#3783),#3787);
#3783 = LINE('',#3784,#3785);
#3784 = CARTESIAN_POINT('',(25.519343209833,-13.21433759348));
#3785 = VECTOR('',#3786,1.);
#3786 = DIRECTION('',(0.,1.));
#3787 = ( GEOMETRIC_REPRESENTATION_CONTEXT(2) 
PARAMETRIC_REPRESENTATION_CONTEXT() REPRESENTATION_CONTEXT('2D SPACE',''
  ) );
#3788 = ORIENTED_EDGE('',*,*,#3695,.F.);
#3789 = ORIENTED_EDGE('',*,*,#1485,.F.);
#3790 = ADVANCED_FACE('',(#3791),#1530,.F.);
#3791 = FACE_BOUND('',#3792,.F.);
#3792 = EDGE_LOOP('',(#3793,#3816,#3838,#3839));
#3793 = ORIENTED_EDGE('',*,*,#3794,.T.);
#3794 = EDGE_CURVE('',#1514,#3795,#3797,.T.);
#3795 = VERTEX_POINT('',#3796);
#3796 = CARTESIAN_POINT('',(416.25,151.93035337588,49.524933374221));
#3797 = SURFACE_CURVE('',#3798,(#3802,#3809),.PCURVE_S1.);
#3798 = LINE('',#3799,#3800);
#3799 = CARTESIAN_POINT('',(426.25,151.93035337588,49.524933374221));
#3800 = VECTOR('',#3801,1.);
#3801 = DIRECTION('',(-1.,0.,0.));
#3802 = PCURVE('',#1530,#3803);
#3803 = DEFINITIONAL_REPRESENTATION('',(#3804),#3808);
#3804 = LINE('',#3805,#3806);
#3805 = CARTESIAN_POINT('',(0.151097588782,0.));
#3806 = VECTOR('',#3807,1.);
#3807 = DIRECTION('',(0.,-1.));
#3808 = ( GEOMETRIC_REPRESENTATION_CONTEXT(2) 
PARAMETRIC_REPRESENTATION_CONTEXT() REPRESENTATION_CONTEXT('2D SPACE',''
  ) );
#3809 = PCURVE('',#1558,#3810);
#3810 = DEFINITIONAL_REPRESENTATION('',(#3811),#3815);
#3811 = LINE('',#3812,#3813);
#3812 = CARTESIAN_POINT('',(39.1965878617,0.));
#3813 = VECTOR('',#3814,1.);
#3814 = DIRECTION('',(0.,-1.));
#3815 = ( GEOMETRIC_REPRESENTATION_CONTEXT(2) 
PARAMETRIC_REPRESENTATION_CONTEXT() REPRESENTATION_CONTEXT('2D SPACE',''
  ) );
#3816 = ORIENTED_EDGE('',*,*,#3817,.T.);
#3817 = EDGE_CURVE('',#3795,#3746,#3818,.T.);
#3818 = SURFACE_CURVE('',#3819,(#3824,#3831),.PCURVE_S1.);
#3819 = CIRCLE('',#3820,4.65);
#3820 = AXIS2_PLACEMENT_3D('',#3821,#3822,#3823);
#3821 = CARTESIAN_POINT('',(416.25,147.33333333333,48.825));
#3822 = DIRECTION('',(1.,0.,0.));
#3823 = DIRECTION('',(0.,1.,0.));
#3824 = PCURVE('',#1530,#3825);
#3825 = DEFINITIONAL_REPRESENTATION('',(#3826),#3830);
#3826 = LINE('',#3827,#3828);
#3827 = CARTESIAN_POINT('',(1.110223024625E-16,-10.));
#3828 = VECTOR('',#3829,1.);
#3829 = DIRECTION('',(1.,0.));
#3830 = ( GEOMETRIC_REPRESENTATION_CONTEXT(2) 
PARAMETRIC_REPRESENTATION_CONTEXT() REPRESENTATION_CONTEXT('2D SPACE',''
  ) );
#3831 = PCURVE('',#3559,#3832);
#3832 = DEFINITIONAL_REPRESENTATION('',(#3833),#3837);
#3833 = CIRCLE('',#3834,4.65);
#3834 = AXIS2_PLACEMENT_2D('',#3835,#3836);
#3835 = CARTESIAN_POINT('',(20.869343209833,-13.21433759348));
#3836 = DIRECTION('',(0.,-1.));
#3837 = ( GEOMETRIC_REPRESENTATION_CONTEXT(2) 
PARAMETRIC_REPRESENTATION_CONTEXT() REPRESENTATION_CONTEXT('2D SPACE',''
  ) );
#3838 = ORIENTED_EDGE('',*,*,#3745,.F.);
#3839 = ORIENTED_EDGE('',*,*,#1513,.F.);
#3840 = ADVANCED_FACE('',(#3841),#1558,.F.);
#3841 = FACE_BOUND('',#3842,.F.);
#3842 = EDGE_LOOP('',(#3843,#3844,#3867,#3888,#3889,#3890,#3913,#3941));
#3843 = ORIENTED_EDGE('',*,*,#1655,.F.);
#3844 = ORIENTED_EDGE('',*,*,#3845,.T.);
#3845 = EDGE_CURVE('',#1656,#3846,#3848,.T.);
#3846 = VERTEX_POINT('',#3847);
#3847 = CARTESIAN_POINT('',(416.25,157.83035337588,10.774933374221));
#3848 = SURFACE_CURVE('',#3849,(#3853,#3860),.PCURVE_S1.);
#3849 = LINE('',#3850,#3851);
#3850 = CARTESIAN_POINT('',(426.25,157.83035337588,10.774933374221));
#3851 = VECTOR('',#3852,1.);
#3852 = DIRECTION('',(-1.,0.,0.));
#3853 = PCURVE('',#1558,#3854);
#3854 = DEFINITIONAL_REPRESENTATION('',(#3855),#3859);
#3855 = LINE('',#3856,#3857);
#3856 = CARTESIAN_POINT('',(0.,0.));
#3857 = VECTOR('',#3858,1.);
#3858 = DIRECTION('',(0.,-1.));
#3859 = ( GEOMETRIC_REPRESENTATION_CONTEXT(2) 
PARAMETRIC_REPRESENTATION_CONTEXT() REPRESENTATION_CONTEXT('2D SPACE',''
  ) );
#3860 = PCURVE('',#1693,#3861);
#3861 = DEFINITIONAL_REPRESENTATION('',(#3862),#3866);
#3862 = LINE('',#3863,#3864);
#3863 = CARTESIAN_POINT('',(6.434282895961,0.));
#3864 = VECTOR('',#3865,1.);
#3865 = DIRECTION('',(0.,-1.));
#3866 = ( GEOMETRIC_REPRESENTATION_CONTEXT(2) 
PARAMETRIC_REPRESENTATION_CONTEXT() REPRESENTATION_CONTEXT('2D SPACE',''
  ) );
#3867 = ORIENTED_EDGE('',*,*,#3868,.T.);
#3868 = EDGE_CURVE('',#3846,#3795,#3869,.T.);
#3869 = SURFACE_CURVE('',#3870,(#3874,#3881),.PCURVE_S1.);
#3870 = LINE('',#3871,#3872);
#3871 = CARTESIAN_POINT('',(416.25,157.83035337588,10.774933374221));
#3872 = VECTOR('',#3873,1.);
#3873 = DIRECTION('',(0.,-0.150523306284,0.988606460764));
#3874 = PCURVE('',#1558,#3875);
#3875 = DEFINITIONAL_REPRESENTATION('',(#3876),#3880);
#3876 = LINE('',#3877,#3878);
#3877 = CARTESIAN_POINT('',(0.,-10.));
#3878 = VECTOR('',#3879,1.);
#3879 = DIRECTION('',(1.,0.));
#3880 = ( GEOMETRIC_REPRESENTATION_CONTEXT(2) 
PARAMETRIC_REPRESENTATION_CONTEXT() REPRESENTATION_CONTEXT('2D SPACE',''
  ) );
#3881 = PCURVE('',#3559,#3882);
#3882 = DEFINITIONAL_REPRESENTATION('',(#3883),#3887);
#3883 = LINE('',#3884,#3885);
#3884 = CARTESIAN_POINT('',(-17.18072341594,-23.71135763603));
#3885 = VECTOR('',#3886,1.);
#3886 = DIRECTION('',(0.988606460764,0.150523306284));
#3887 = ( GEOMETRIC_REPRESENTATION_CONTEXT(2) 
PARAMETRIC_REPRESENTATION_CONTEXT() REPRESENTATION_CONTEXT('2D SPACE',''
  ) );
#3888 = ORIENTED_EDGE('',*,*,#3794,.F.);
#3889 = ORIENTED_EDGE('',*,*,#1542,.F.);
#3890 = ORIENTED_EDGE('',*,*,#3891,.F.);
#3891 = EDGE_CURVE('',#3892,#1543,#3894,.T.);
#3892 = VERTEX_POINT('',#3893);
#3893 = CARTESIAN_POINT('',(421.25,153.57092387673,38.75));
#3894 = SURFACE_CURVE('',#3895,(#3899,#3906),.PCURVE_S1.);
#3895 = LINE('',#3896,#3897);
#3896 = CARTESIAN_POINT('',(423.75,153.57092387673,38.75));
#3897 = VECTOR('',#3898,1.);
#3898 = DIRECTION('',(1.,0.,0.));
#3899 = PCURVE('',#1558,#3900);
#3900 = DEFINITIONAL_REPRESENTATION('',(#3901),#3905);
#3901 = LINE('',#3902,#3903);
#3902 = CARTESIAN_POINT('',(28.297475017658,-2.5));
#3903 = VECTOR('',#3904,1.);
#3904 = DIRECTION('',(0.,1.));
#3905 = ( GEOMETRIC_REPRESENTATION_CONTEXT(2) 
PARAMETRIC_REPRESENTATION_CONTEXT() REPRESENTATION_CONTEXT('2D SPACE',''
  ) );
#3906 = PCURVE('',#1586,#3907);
#3907 = DEFINITIONAL_REPRESENTATION('',(#3908),#3912);
#3908 = LINE('',#3909,#3910);
#3909 = CARTESIAN_POINT('',(2.5,19.2375905434));
#3910 = VECTOR('',#3911,1.);
#3911 = DIRECTION('',(1.,0.));
#3912 = ( GEOMETRIC_REPRESENTATION_CONTEXT(2) 
PARAMETRIC_REPRESENTATION_CONTEXT() REPRESENTATION_CONTEXT('2D SPACE',''
  ) );
#3913 = ORIENTED_EDGE('',*,*,#3914,.T.);
#3914 = EDGE_CURVE('',#3892,#3915,#3917,.T.);
#3915 = VERTEX_POINT('',#3916);
#3916 = CARTESIAN_POINT('',(421.25,156.40292387673,20.15));
#3917 = SURFACE_CURVE('',#3918,(#3922,#3929),.PCURVE_S1.);
#3918 = LINE('',#3919,#3920);
#3919 = CARTESIAN_POINT('',(421.25,156.86662033751,17.104535956766));
#3920 = VECTOR('',#3921,1.);
#3921 = DIRECTION('',(0.,0.150523306284,-0.988606460764));
#3922 = PCURVE('',#1558,#3923);
#3923 = DEFINITIONAL_REPRESENTATION('',(#3924),#3928);
#3924 = LINE('',#3925,#3926);
#3925 = CARTESIAN_POINT('',(6.402550290486,-5.));
#3926 = VECTOR('',#3927,1.);
#3927 = DIRECTION('',(-1.,0.));
#3928 = ( GEOMETRIC_REPRESENTATION_CONTEXT(2) 
PARAMETRIC_REPRESENTATION_CONTEXT() REPRESENTATION_CONTEXT('2D SPACE',''
  ) );
#3929 = PCURVE('',#3930,#3935);
#3930 = PLANE('',#3931);
#3931 = AXIS2_PLACEMENT_3D('',#3932,#3933,#3934);
#3932 = CARTESIAN_POINT('',(421.25,134.33333333333,20.15));
#3933 = DIRECTION('',(1.,0.,0.));
#3934 = DIRECTION('',(0.,0.,1.));
#3935 = DEFINITIONAL_REPRESENTATION('',(#3936),#3940);
#3936 = LINE('',#3937,#3938);
#3937 = CARTESIAN_POINT('',(-3.045464043234,-22.53328700418));
#3938 = VECTOR('',#3939,1.);
#3939 = DIRECTION('',(-0.988606460764,-0.150523306284));
#3940 = ( GEOMETRIC_REPRESENTATION_CONTEXT(2) 
PARAMETRIC_REPRESENTATION_CONTEXT() REPRESENTATION_CONTEXT('2D SPACE',''
  ) );
#3941 = ORIENTED_EDGE('',*,*,#3942,.T.);
#3942 = EDGE_CURVE('',#3915,#1628,#3943,.T.);
#3943 = SURFACE_CURVE('',#3944,(#3948,#3955),.PCURVE_S1.);
#3944 = LINE('',#3945,#3946);
#3945 = CARTESIAN_POINT('',(423.75,156.40292387673,20.15));
#3946 = VECTOR('',#3947,1.);
#3947 = DIRECTION('',(1.,0.,0.));
#3948 = PCURVE('',#1558,#3949);
#3949 = DEFINITIONAL_REPRESENTATION('',(#3950),#3954);
#3950 = LINE('',#3951,#3952);
#3951 = CARTESIAN_POINT('',(9.483112844042,-2.5));
#3952 = VECTOR('',#3953,1.);
#3953 = DIRECTION('',(0.,1.));
#3954 = ( GEOMETRIC_REPRESENTATION_CONTEXT(2) 
PARAMETRIC_REPRESENTATION_CONTEXT() REPRESENTATION_CONTEXT('2D SPACE',''
  ) );
#3955 = PCURVE('',#1643,#3956);
#3956 = DEFINITIONAL_REPRESENTATION('',(#3957),#3961);
#3957 = LINE('',#3958,#3959);
#3958 = CARTESIAN_POINT('',(2.5,22.0695905434));
#3959 = VECTOR('',#3960,1.);
#3960 = DIRECTION('',(1.,0.));
#3961 = ( GEOMETRIC_REPRESENTATION_CONTEXT(2) 
PARAMETRIC_REPRESENTATION_CONTEXT() REPRESENTATION_CONTEXT('2D SPACE',''
  ) );
#3962 = ADVANCED_FACE('',(#3963),#1586,.F.);
#3963 = FACE_BOUND('',#3964,.F.);
#3964 = EDGE_LOOP('',(#3965,#3988,#3989,#3990));
#3965 = ORIENTED_EDGE('',*,*,#3966,.F.);
#3966 = EDGE_CURVE('',#3892,#3967,#3969,.T.);
#3967 = VERTEX_POINT('',#3968);
#3968 = CARTESIAN_POINT('',(421.25,166.23333333333,38.75));
#3969 = SURFACE_CURVE('',#3970,(#3974,#3981),.PCURVE_S1.);
#3970 = LINE('',#3971,#3972);
#3971 = CARTESIAN_POINT('',(421.25,134.33333333333,38.75));
#3972 = VECTOR('',#3973,1.);
#3973 = DIRECTION('',(0.,1.,0.));
#3974 = PCURVE('',#1586,#3975);
#3975 = DEFINITIONAL_REPRESENTATION('',(#3976),#3980);
#3976 = LINE('',#3977,#3978);
#3977 = CARTESIAN_POINT('',(0.,0.));
#3978 = VECTOR('',#3979,1.);
#3979 = DIRECTION('',(0.,1.));
#3980 = ( GEOMETRIC_REPRESENTATION_CONTEXT(2) 
PARAMETRIC_REPRESENTATION_CONTEXT() REPRESENTATION_CONTEXT('2D SPACE',''
  ) );
#3981 = PCURVE('',#3930,#3982);
#3982 = DEFINITIONAL_REPRESENTATION('',(#3983),#3987);
#3983 = LINE('',#3984,#3985);
#3984 = CARTESIAN_POINT('',(18.6,0.));
#3985 = VECTOR('',#3986,1.);
#3986 = DIRECTION('',(0.,-1.));
#3987 = ( GEOMETRIC_REPRESENTATION_CONTEXT(2) 
PARAMETRIC_REPRESENTATION_CONTEXT() REPRESENTATION_CONTEXT('2D SPACE',''
  ) );
#3988 = ORIENTED_EDGE('',*,*,#3891,.T.);
#3989 = ORIENTED_EDGE('',*,*,#1570,.T.);
#3990 = ORIENTED_EDGE('',*,*,#3991,.T.);
#3991 = EDGE_CURVE('',#1571,#3967,#3992,.T.);
#3992 = SURFACE_CURVE('',#3993,(#3997,#4004),.PCURVE_S1.);
#3993 = LINE('',#3994,#3995);
#3994 = CARTESIAN_POINT('',(426.25,166.23333333333,38.75));
#3995 = VECTOR('',#3996,1.);
#3996 = DIRECTION('',(-1.,0.,0.));
#3997 = PCURVE('',#1586,#3998);
#3998 = DEFINITIONAL_REPRESENTATION('',(#3999),#4003);
#3999 = LINE('',#4000,#4001);
#4000 = CARTESIAN_POINT('',(5.,31.9));
#4001 = VECTOR('',#4002,1.);
#4002 = DIRECTION('',(-1.,0.));
#4003 = ( GEOMETRIC_REPRESENTATION_CONTEXT(2) 
PARAMETRIC_REPRESENTATION_CONTEXT() REPRESENTATION_CONTEXT('2D SPACE',''
  ) );
#4004 = PCURVE('',#1615,#4005);
#4005 = DEFINITIONAL_REPRESENTATION('',(#4006),#4010);
#4006 = LINE('',#4007,#4008);
#4007 = CARTESIAN_POINT('',(6.28318530718,0.));
#4008 = VECTOR('',#4009,1.);
#4009 = DIRECTION('',(0.,-1.));
#4010 = ( GEOMETRIC_REPRESENTATION_CONTEXT(2) 
PARAMETRIC_REPRESENTATION_CONTEXT() REPRESENTATION_CONTEXT('2D SPACE',''
  ) );
#4011 = ADVANCED_FACE('',(#4012),#1615,.F.);
#4012 = FACE_BOUND('',#4013,.F.);
#4013 = EDGE_LOOP('',(#4014,#4015,#4016,#4039));
#4014 = ORIENTED_EDGE('',*,*,#3991,.F.);
#4015 = ORIENTED_EDGE('',*,*,#1598,.F.);
#4016 = ORIENTED_EDGE('',*,*,#4017,.F.);
#4017 = EDGE_CURVE('',#4018,#1599,#4020,.T.);
#4018 = VERTEX_POINT('',#4019);
#4019 = CARTESIAN_POINT('',(421.25,166.23333333333,20.15));
#4020 = SURFACE_CURVE('',#4021,(#4025,#4032),.PCURVE_S1.);
#4021 = LINE('',#4022,#4023);
#4022 = CARTESIAN_POINT('',(421.25,166.23333333333,20.15));
#4023 = VECTOR('',#4024,1.);
#4024 = DIRECTION('',(1.,0.,0.));
#4025 = PCURVE('',#1615,#4026);
#4026 = DEFINITIONAL_REPRESENTATION('',(#4027),#4031);
#4027 = LINE('',#4028,#4029);
#4028 = CARTESIAN_POINT('',(3.14159265359,-5.));
#4029 = VECTOR('',#4030,1.);
#4030 = DIRECTION('',(0.,1.));
#4031 = ( GEOMETRIC_REPRESENTATION_CONTEXT(2) 
PARAMETRIC_REPRESENTATION_CONTEXT() REPRESENTATION_CONTEXT('2D SPACE',''
  ) );
#4032 = PCURVE('',#1643,#4033);
#4033 = DEFINITIONAL_REPRESENTATION('',(#4034),#4038);
#4034 = LINE('',#4035,#4036);
#4035 = CARTESIAN_POINT('',(0.,31.9));
#4036 = VECTOR('',#4037,1.);
#4037 = DIRECTION('',(1.,0.));
#4038 = ( GEOMETRIC_REPRESENTATION_CONTEXT(2) 
PARAMETRIC_REPRESENTATION_CONTEXT() REPRESENTATION_CONTEXT('2D SPACE',''
  ) );
#4039 = ORIENTED_EDGE('',*,*,#4040,.T.);
#4040 = EDGE_CURVE('',#4018,#3967,#4041,.T.);
#4041 = SURFACE_CURVE('',#4042,(#4047,#4054),.PCURVE_S1.);
#4042 = CIRCLE('',#4043,9.3);
#4043 = AXIS2_PLACEMENT_3D('',#4044,#4045,#4046);
#4044 = CARTESIAN_POINT('',(421.25,166.23333333333,29.45));
#4045 = DIRECTION('',(1.,0.,-0.));
#4046 = DIRECTION('',(0.,0.,1.));
#4047 = PCURVE('',#1615,#4048);
#4048 = DEFINITIONAL_REPRESENTATION('',(#4049),#4053);
#4049 = LINE('',#4050,#4051);
#4050 = CARTESIAN_POINT('',(0.,-5.));
#4051 = VECTOR('',#4052,1.);
#4052 = DIRECTION('',(1.,0.));
#4053 = ( GEOMETRIC_REPRESENTATION_CONTEXT(2) 
PARAMETRIC_REPRESENTATION_CONTEXT() REPRESENTATION_CONTEXT('2D SPACE',''
  ) );
#4054 = PCURVE('',#3930,#4055);
#4055 = DEFINITIONAL_REPRESENTATION('',(#4056),#4060);
#4056 = CIRCLE('',#4057,9.3);
#4057 = AXIS2_PLACEMENT_2D('',#4058,#4059);
#4058 = CARTESIAN_POINT('',(9.3,-31.9));
#4059 = DIRECTION('',(1.,0.));
#4060 = ( GEOMETRIC_REPRESENTATION_CONTEXT(2) 
PARAMETRIC_REPRESENTATION_CONTEXT() REPRESENTATION_CONTEXT('2D SPACE',''
  ) );
#4061 = ADVANCED_FACE('',(#4062),#1643,.T.);
#4062 = FACE_BOUND('',#4063,.T.);
#4063 = EDGE_LOOP('',(#4064,#4085,#4086,#4087));
#4064 = ORIENTED_EDGE('',*,*,#4065,.F.);
#4065 = EDGE_CURVE('',#3915,#4018,#4066,.T.);
#4066 = SURFACE_CURVE('',#4067,(#4071,#4078),.PCURVE_S1.);
#4067 = LINE('',#4068,#4069);
#4068 = CARTESIAN_POINT('',(421.25,134.33333333333,20.15));
#4069 = VECTOR('',#4070,1.);
#4070 = DIRECTION('',(0.,1.,0.));
#4071 = PCURVE('',#1643,#4072);
#4072 = DEFINITIONAL_REPRESENTATION('',(#4073),#4077);
#4073 = LINE('',#4074,#4075);
#4074 = CARTESIAN_POINT('',(0.,0.));
#4075 = VECTOR('',#4076,1.);
#4076 = DIRECTION('',(0.,1.));
#4077 = ( GEOMETRIC_REPRESENTATION_CONTEXT(2) 
PARAMETRIC_REPRESENTATION_CONTEXT() REPRESENTATION_CONTEXT('2D SPACE',''
  ) );
#4078 = PCURVE('',#3930,#4079);
#4079 = DEFINITIONAL_REPRESENTATION('',(#4080),#4084);
#4080 = LINE('',#4081,#4082);
#4081 = CARTESIAN_POINT('',(0.,0.));
#4082 = VECTOR('',#4083,1.);
#4083 = DIRECTION('',(0.,-1.));
#4084 = ( GEOMETRIC_REPRESENTATION_CONTEXT(2) 
PARAMETRIC_REPRESENTATION_CONTEXT() REPRESENTATION_CONTEXT('2D SPACE',''
  ) );
#4085 = ORIENTED_EDGE('',*,*,#3942,.T.);
#4086 = ORIENTED_EDGE('',*,*,#1627,.T.);
#4087 = ORIENTED_EDGE('',*,*,#4017,.F.);
#4088 = ADVANCED_FACE('',(#4089),#1693,.F.);
#4089 = FACE_BOUND('',#4090,.F.);
#4090 = EDGE_LOOP('',(#4091,#4092,#4114,#4115));
#4091 = ORIENTED_EDGE('',*,*,#3571,.T.);
#4092 = ORIENTED_EDGE('',*,*,#4093,.T.);
#4093 = EDGE_CURVE('',#3544,#3846,#4094,.T.);
#4094 = SURFACE_CURVE('',#4095,(#4100,#4107),.PCURVE_S1.);
#4095 = CIRCLE('',#4096,4.65);
#4096 = AXIS2_PLACEMENT_3D('',#4097,#4098,#4099);
#4097 = CARTESIAN_POINT('',(416.25,153.23333333333,10.075));
#4098 = DIRECTION('',(1.,0.,0.));
#4099 = DIRECTION('',(0.,1.,0.));
#4100 = PCURVE('',#1693,#4101);
#4101 = DEFINITIONAL_REPRESENTATION('',(#4102),#4106);
#4102 = LINE('',#4103,#4104);
#4103 = CARTESIAN_POINT('',(0.,-10.));
#4104 = VECTOR('',#4105,1.);
#4105 = DIRECTION('',(1.,0.));
#4106 = ( GEOMETRIC_REPRESENTATION_CONTEXT(2) 
PARAMETRIC_REPRESENTATION_CONTEXT() REPRESENTATION_CONTEXT('2D SPACE',''
  ) );
#4107 = PCURVE('',#3559,#4108);
#4108 = DEFINITIONAL_REPRESENTATION('',(#4109),#4113);
#4109 = CIRCLE('',#4110,4.65);
#4110 = AXIS2_PLACEMENT_2D('',#4111,#4112);
#4111 = CARTESIAN_POINT('',(-17.88065679016,-19.11433759348));
#4112 = DIRECTION('',(0.,-1.));
#4113 = ( GEOMETRIC_REPRESENTATION_CONTEXT(2) 
PARAMETRIC_REPRESENTATION_CONTEXT() REPRESENTATION_CONTEXT('2D SPACE',''
  ) );
#4114 = ORIENTED_EDGE('',*,*,#3845,.F.);
#4115 = ORIENTED_EDGE('',*,*,#1678,.F.);
#4116 = ADVANCED_FACE('',(#4117,#4144,#4175,#4206,#4237,#4268,#4299,
    #4330,#4361,#4392,#4423),#1775,.T.);
#4117 = FACE_BOUND('',#4118,.T.);
#4118 = EDGE_LOOP('',(#4119,#4120,#4121,#4122,#4143));
#4119 = ORIENTED_EDGE('',*,*,#1759,.F.);
#4120 = ORIENTED_EDGE('',*,*,#1835,.T.);
#4121 = ORIENTED_EDGE('',*,*,#2076,.T.);
#4122 = ORIENTED_EDGE('',*,*,#4123,.F.);
#4123 = EDGE_CURVE('',#2023,#2077,#4124,.T.);
#4124 = SURFACE_CURVE('',#4125,(#4129,#4136),.PCURVE_S1.);
#4125 = LINE('',#4126,#4127);
#4126 = CARTESIAN_POINT('',(219.52963973326,178.25,178.25));
#4127 = VECTOR('',#4128,1.);
#4128 = DIRECTION('',(0.,-1.,0.));
#4129 = PCURVE('',#1775,#4130);
#4130 = DEFINITIONAL_REPRESENTATION('',(#4131),#4135);
#4131 = LINE('',#4132,#4133);
#4132 = CARTESIAN_POINT('',(142.02963973326,155.));
#4133 = VECTOR('',#4134,1.);
#4134 = DIRECTION('',(0.,-1.));
#4135 = ( GEOMETRIC_REPRESENTATION_CONTEXT(2) 
PARAMETRIC_REPRESENTATION_CONTEXT() REPRESENTATION_CONTEXT('2D SPACE',''
  ) );
#4136 = PCURVE('',#2059,#4137);
#4137 = DEFINITIONAL_REPRESENTATION('',(#4138),#4142);
#4138 = LINE('',#4139,#4140);
#4139 = CARTESIAN_POINT('',(0.,0.));
#4140 = VECTOR('',#4141,1.);
#4141 = DIRECTION('',(0.,-1.));
#4142 = ( GEOMETRIC_REPRESENTATION_CONTEXT(2) 
PARAMETRIC_REPRESENTATION_CONTEXT() REPRESENTATION_CONTEXT('2D SPACE',''
  ) );
#4143 = ORIENTED_EDGE('',*,*,#2022,.F.);
#4144 = FACE_BOUND('',#4145,.T.);
#4145 = EDGE_LOOP('',(#4146));
#4146 = ORIENTED_EDGE('',*,*,#4147,.F.);
#4147 = EDGE_CURVE('',#4148,#4148,#4150,.T.);
#4148 = VERTEX_POINT('',#4149);
#4149 = CARTESIAN_POINT('',(103.95481736937,66.845,178.25));
#4150 = SURFACE_CURVE('',#4151,(#4156,#4163),.PCURVE_S1.);
#4151 = CIRCLE('',#4152,7.68);
#4152 = AXIS2_PLACEMENT_3D('',#4153,#4154,#4155);
#4153 = CARTESIAN_POINT('',(96.274817369377,66.845,178.25));
#4154 = DIRECTION('',(0.,0.,1.));
#4155 = DIRECTION('',(1.,0.,0.));
#4156 = PCURVE('',#1775,#4157);
#4157 = DEFINITIONAL_REPRESENTATION('',(#4158),#4162);
#4158 = CIRCLE('',#4159,7.68);
#4159 = AXIS2_PLACEMENT_2D('',#4160,#4161);
#4160 = CARTESIAN_POINT('',(18.774817369377,43.595));
#4161 = DIRECTION('',(1.,0.));
#4162 = ( GEOMETRIC_REPRESENTATION_CONTEXT(2) 
PARAMETRIC_REPRESENTATION_CONTEXT() REPRESENTATION_CONTEXT('2D SPACE',''
  ) );
#4163 = PCURVE('',#4164,#4169);
#4164 = CYLINDRICAL_SURFACE('',#4165,7.68);
#4165 = AXIS2_PLACEMENT_3D('',#4166,#4167,#4168);
#4166 = CARTESIAN_POINT('',(96.274817369377,66.845,118.575));
#4167 = DIRECTION('',(0.,0.,1.));
#4168 = DIRECTION('',(1.,0.,0.));
#4169 = DEFINITIONAL_REPRESENTATION('',(#4170),#4174);
#4170 = LINE('',#4171,#4172);
#4171 = CARTESIAN_POINT('',(0.,59.675));
#4172 = VECTOR('',#4173,1.);
#4173 = DIRECTION('',(1.,0.));
#4174 = ( GEOMETRIC_REPRESENTATION_CONTEXT(2) 
PARAMETRIC_REPRESENTATION_CONTEXT() REPRESENTATION_CONTEXT('2D SPACE',''
  ) );
#4175 = FACE_BOUND('',#4176,.T.);
#4176 = EDGE_LOOP('',(#4177));
#4177 = ORIENTED_EDGE('',*,*,#4178,.F.);
#4178 = EDGE_CURVE('',#4179,#4179,#4181,.T.);
#4179 = VERTEX_POINT('',#4180);
#4180 = CARTESIAN_POINT('',(94.87,100.75,178.25));
#4181 = SURFACE_CURVE('',#4182,(#4187,#4194),.PCURVE_S1.);
#4182 = CIRCLE('',#4183,7.68);
#4183 = AXIS2_PLACEMENT_3D('',#4184,#4185,#4186);
#4184 = CARTESIAN_POINT('',(87.19,100.75,178.25));
#4185 = DIRECTION('',(0.,0.,1.));
#4186 = DIRECTION('',(1.,0.,0.));
#4187 = PCURVE('',#1775,#4188);
#4188 = DEFINITIONAL_REPRESENTATION('',(#4189),#4193);
#4189 = CIRCLE('',#4190,7.68);
#4190 = AXIS2_PLACEMENT_2D('',#4191,#4192);
#4191 = CARTESIAN_POINT('',(9.69,77.5));
#4192 = DIRECTION('',(1.,0.));
#4193 = ( GEOMETRIC_REPRESENTATION_CONTEXT(2) 
PARAMETRIC_REPRESENTATION_CONTEXT() REPRESENTATION_CONTEXT('2D SPACE',''
  ) );
#4194 = PCURVE('',#4195,#4200);
#4195 = CYLINDRICAL_SURFACE('',#4196,7.68);
#4196 = AXIS2_PLACEMENT_3D('',#4197,#4198,#4199);
#4197 = CARTESIAN_POINT('',(87.19,100.75,118.575));
#4198 = DIRECTION('',(0.,0.,1.));
#4199 = DIRECTION('',(1.,0.,0.));
#4200 = DEFINITIONAL_REPRESENTATION('',(#4201),#4205);
#4201 = LINE('',#4202,#4203);
#4202 = CARTESIAN_POINT('',(0.,59.675));
#4203 = VECTOR('',#4204,1.);
#4204 = DIRECTION('',(1.,0.));
#4205 = ( GEOMETRIC_REPRESENTATION_CONTEXT(2) 
PARAMETRIC_REPRESENTATION_CONTEXT() REPRESENTATION_CONTEXT('2D SPACE',''
  ) );
#4206 = FACE_BOUND('',#4207,.T.);
#4207 = EDGE_LOOP('',(#4208));
#4208 = ORIENTED_EDGE('',*,*,#4209,.F.);
#4209 = EDGE_CURVE('',#4210,#4210,#4212,.T.);
#4210 = VERTEX_POINT('',#4211);
#4211 = CARTESIAN_POINT('',(103.95481736937,134.655,178.25));
#4212 = SURFACE_CURVE('',#4213,(#4218,#4225),.PCURVE_S1.);
#4213 = CIRCLE('',#4214,7.68);
#4214 = AXIS2_PLACEMENT_3D('',#4215,#4216,#4217);
#4215 = CARTESIAN_POINT('',(96.274817369377,134.655,178.25));
#4216 = DIRECTION('',(0.,0.,1.));
#4217 = DIRECTION('',(1.,0.,0.));
#4218 = PCURVE('',#1775,#4219);
#4219 = DEFINITIONAL_REPRESENTATION('',(#4220),#4224);
#4220 = CIRCLE('',#4221,7.68);
#4221 = AXIS2_PLACEMENT_2D('',#4222,#4223);
#4222 = CARTESIAN_POINT('',(18.774817369377,111.405));
#4223 = DIRECTION('',(1.,0.));
#4224 = ( GEOMETRIC_REPRESENTATION_CONTEXT(2) 
PARAMETRIC_REPRESENTATION_CONTEXT() REPRESENTATION_CONTEXT('2D SPACE',''
  ) );
#4225 = PCURVE('',#4226,#4231);
#4226 = CYLINDRICAL_SURFACE('',#4227,7.68);
#4227 = AXIS2_PLACEMENT_3D('',#4228,#4229,#4230);
#4228 = CARTESIAN_POINT('',(96.274817369377,134.655,118.575));
#4229 = DIRECTION('',(0.,0.,1.));
#4230 = DIRECTION('',(1.,0.,0.));
#4231 = DEFINITIONAL_REPRESENTATION('',(#4232),#4236);
#4232 = LINE('',#4233,#4234);
#4233 = CARTESIAN_POINT('',(0.,59.675));
#4234 = VECTOR('',#4235,1.);
#4235 = DIRECTION('',(1.,0.));
#4236 = ( GEOMETRIC_REPRESENTATION_CONTEXT(2) 
PARAMETRIC_REPRESENTATION_CONTEXT() REPRESENTATION_CONTEXT('2D SPACE',''
  ) );
#4237 = FACE_BOUND('',#4238,.T.);
#4238 = EDGE_LOOP('',(#4239));
#4239 = ORIENTED_EDGE('',*,*,#4240,.F.);
#4240 = EDGE_CURVE('',#4241,#4241,#4243,.T.);
#4241 = VERTEX_POINT('',#4242);
#4242 = CARTESIAN_POINT('',(162.68,168.56,178.25));
#4243 = SURFACE_CURVE('',#4244,(#4249,#4256),.PCURVE_S1.);
#4244 = CIRCLE('',#4245,7.68);
#4245 = AXIS2_PLACEMENT_3D('',#4246,#4247,#4248);
#4246 = CARTESIAN_POINT('',(155.,168.56,178.25));
#4247 = DIRECTION('',(0.,0.,1.));
#4248 = DIRECTION('',(1.,0.,0.));
#4249 = PCURVE('',#1775,#4250);
#4250 = DEFINITIONAL_REPRESENTATION('',(#4251),#4255);
#4251 = CIRCLE('',#4252,7.68);
#4252 = AXIS2_PLACEMENT_2D('',#4253,#4254);
#4253 = CARTESIAN_POINT('',(77.5,145.31));
#4254 = DIRECTION('',(1.,0.));
#4255 = ( GEOMETRIC_REPRESENTATION_CONTEXT(2) 
PARAMETRIC_REPRESENTATION_CONTEXT() REPRESENTATION_CONTEXT('2D SPACE',''
  ) );
#4256 = PCURVE('',#4257,#4262);
#4257 = CYLINDRICAL_SURFACE('',#4258,7.68);
#4258 = AXIS2_PLACEMENT_3D('',#4259,#4260,#4261);
#4259 = CARTESIAN_POINT('',(155.,168.56,118.575));
#4260 = DIRECTION('',(0.,0.,1.));
#4261 = DIRECTION('',(1.,0.,0.));
#4262 = DEFINITIONAL_REPRESENTATION('',(#4263),#4267);
#4263 = LINE('',#4264,#4265);
#4264 = CARTESIAN_POINT('',(0.,59.675));
#4265 = VECTOR('',#4266,1.);
#4266 = DIRECTION('',(1.,0.));
#4267 = ( GEOMETRIC_REPRESENTATION_CONTEXT(2) 
PARAMETRIC_REPRESENTATION_CONTEXT() REPRESENTATION_CONTEXT('2D SPACE',''
  ) );
#4268 = FACE_BOUND('',#4269,.T.);
#4269 = EDGE_LOOP('',(#4270));
#4270 = ORIENTED_EDGE('',*,*,#4271,.F.);
#4271 = EDGE_CURVE('',#4272,#4272,#4274,.T.);
#4272 = VERTEX_POINT('',#4273);
#4273 = CARTESIAN_POINT('',(128.775,159.47518263062,178.25));
#4274 = SURFACE_CURVE('',#4275,(#4280,#4287),.PCURVE_S1.);
#4275 = CIRCLE('',#4276,7.68);
#4276 = AXIS2_PLACEMENT_3D('',#4277,#4278,#4279);
#4277 = CARTESIAN_POINT('',(121.095,159.47518263062,178.25));
#4278 = DIRECTION('',(0.,0.,1.));
#4279 = DIRECTION('',(1.,0.,0.));
#4280 = PCURVE('',#1775,#4281);
#4281 = DEFINITIONAL_REPRESENTATION('',(#4282),#4286);
#4282 = CIRCLE('',#4283,7.68);
#4283 = AXIS2_PLACEMENT_2D('',#4284,#4285);
#4284 = CARTESIAN_POINT('',(43.595,136.22518263062));
#4285 = DIRECTION('',(1.,0.));
#4286 = ( GEOMETRIC_REPRESENTATION_CONTEXT(2) 
PARAMETRIC_REPRESENTATION_CONTEXT() REPRESENTATION_CONTEXT('2D SPACE',''
  ) );
#4287 = PCURVE('',#4288,#4293);
#4288 = CYLINDRICAL_SURFACE('',#4289,7.68);
#4289 = AXIS2_PLACEMENT_3D('',#4290,#4291,#4292);
#4290 = CARTESIAN_POINT('',(121.095,159.47518263062,118.575));
#4291 = DIRECTION('',(0.,0.,1.));
#4292 = DIRECTION('',(1.,0.,0.));
#4293 = DEFINITIONAL_REPRESENTATION('',(#4294),#4298);
#4294 = LINE('',#4295,#4296);
#4295 = CARTESIAN_POINT('',(0.,59.675));
#4296 = VECTOR('',#4297,1.);
#4297 = DIRECTION('',(1.,0.));
#4298 = ( GEOMETRIC_REPRESENTATION_CONTEXT(2) 
PARAMETRIC_REPRESENTATION_CONTEXT() REPRESENTATION_CONTEXT('2D SPACE',''
  ) );
#4299 = FACE_BOUND('',#4300,.T.);
#4300 = EDGE_LOOP('',(#4301));
#4301 = ORIENTED_EDGE('',*,*,#4302,.F.);
#4302 = EDGE_CURVE('',#4303,#4303,#4305,.T.);
#4303 = VERTEX_POINT('',#4304);
#4304 = CARTESIAN_POINT('',(196.585,159.47518263062,178.25));
#4305 = SURFACE_CURVE('',#4306,(#4311,#4318),.PCURVE_S1.);
#4306 = CIRCLE('',#4307,7.68);
#4307 = AXIS2_PLACEMENT_3D('',#4308,#4309,#4310);
#4308 = CARTESIAN_POINT('',(188.905,159.47518263062,178.25));
#4309 = DIRECTION('',(0.,0.,1.));
#4310 = DIRECTION('',(1.,0.,0.));
#4311 = PCURVE('',#1775,#4312);
#4312 = DEFINITIONAL_REPRESENTATION('',(#4313),#4317);
#4313 = CIRCLE('',#4314,7.68);
#4314 = AXIS2_PLACEMENT_2D('',#4315,#4316);
#4315 = CARTESIAN_POINT('',(111.405,136.22518263062));
#4316 = DIRECTION('',(1.,0.));
#4317 = ( GEOMETRIC_REPRESENTATION_CONTEXT(2) 
PARAMETRIC_REPRESENTATION_CONTEXT() REPRESENTATION_CONTEXT('2D SPACE',''
  ) );
#4318 = PCURVE('',#4319,#4324);
#4319 = CYLINDRICAL_SURFACE('',#4320,7.68);
#4320 = AXIS2_PLACEMENT_3D('',#4321,#4322,#4323);
#4321 = CARTESIAN_POINT('',(188.905,159.47518263062,118.575));
#4322 = DIRECTION('',(0.,0.,1.));
#4323 = DIRECTION('',(1.,0.,0.));
#4324 = DEFINITIONAL_REPRESENTATION('',(#4325),#4329);
#4325 = LINE('',#4326,#4327);
#4326 = CARTESIAN_POINT('',(0.,59.675));
#4327 = VECTOR('',#4328,1.);
#4328 = DIRECTION('',(1.,0.));
#4329 = ( GEOMETRIC_REPRESENTATION_CONTEXT(2) 
PARAMETRIC_REPRESENTATION_CONTEXT() REPRESENTATION_CONTEXT('2D SPACE',''
  ) );
#4330 = FACE_BOUND('',#4331,.T.);
#4331 = EDGE_LOOP('',(#4332));
#4332 = ORIENTED_EDGE('',*,*,#4333,.F.);
#4333 = EDGE_CURVE('',#4334,#4334,#4336,.T.);
#4334 = VERTEX_POINT('',#4335);
#4335 = CARTESIAN_POINT('',(162.68,32.94,178.25));
#4336 = SURFACE_CURVE('',#4337,(#4342,#4349),.PCURVE_S1.);
#4337 = CIRCLE('',#4338,7.68);
#4338 = AXIS2_PLACEMENT_3D('',#4339,#4340,#4341);
#4339 = CARTESIAN_POINT('',(155.,32.94,178.25));
#4340 = DIRECTION('',(0.,0.,1.));
#4341 = DIRECTION('',(1.,0.,0.));
#4342 = PCURVE('',#1775,#4343);
#4343 = DEFINITIONAL_REPRESENTATION('',(#4344),#4348);
#4344 = CIRCLE('',#4345,7.68);
#4345 = AXIS2_PLACEMENT_2D('',#4346,#4347);
#4346 = CARTESIAN_POINT('',(77.5,9.69));
#4347 = DIRECTION('',(1.,0.));
#4348 = ( GEOMETRIC_REPRESENTATION_CONTEXT(2) 
PARAMETRIC_REPRESENTATION_CONTEXT() REPRESENTATION_CONTEXT('2D SPACE',''
  ) );
#4349 = PCURVE('',#4350,#4355);
#4350 = CYLINDRICAL_SURFACE('',#4351,7.68);
#4351 = AXIS2_PLACEMENT_3D('',#4352,#4353,#4354);
#4352 = CARTESIAN_POINT('',(155.,32.94,118.575));
#4353 = DIRECTION('',(0.,0.,1.));
#4354 = DIRECTION('',(1.,0.,0.));
#4355 = DEFINITIONAL_REPRESENTATION('',(#4356),#4360);
#4356 = LINE('',#4357,#4358);
#4357 = CARTESIAN_POINT('',(0.,59.675));
#4358 = VECTOR('',#4359,1.);
#4359 = DIRECTION('',(1.,0.));
#4360 = ( GEOMETRIC_REPRESENTATION_CONTEXT(2) 
PARAMETRIC_REPRESENTATION_CONTEXT() REPRESENTATION_CONTEXT('2D SPACE',''
  ) );
#4361 = FACE_BOUND('',#4362,.T.);
#4362 = EDGE_LOOP('',(#4363));
#4363 = ORIENTED_EDGE('',*,*,#4364,.F.);
#4364 = EDGE_CURVE('',#4365,#4365,#4367,.T.);
#4365 = VERTEX_POINT('',#4366);
#4366 = CARTESIAN_POINT('',(196.585,42.024817369377,178.25));
#4367 = SURFACE_CURVE('',#4368,(#4373,#4380),.PCURVE_S1.);
#4368 = CIRCLE('',#4369,7.68);
#4369 = AXIS2_PLACEMENT_3D('',#4370,#4371,#4372);
#4370 = CARTESIAN_POINT('',(188.905,42.024817369377,178.25));
#4371 = DIRECTION('',(0.,0.,1.));
#4372 = DIRECTION('',(1.,0.,0.));
#4373 = PCURVE('',#1775,#4374);
#4374 = DEFINITIONAL_REPRESENTATION('',(#4375),#4379);
#4375 = CIRCLE('',#4376,7.68);
#4376 = AXIS2_PLACEMENT_2D('',#4377,#4378);
#4377 = CARTESIAN_POINT('',(111.405,18.774817369377));
#4378 = DIRECTION('',(1.,0.));
#4379 = ( GEOMETRIC_REPRESENTATION_CONTEXT(2) 
PARAMETRIC_REPRESENTATION_CONTEXT() REPRESENTATION_CONTEXT('2D SPACE',''
  ) );
#4380 = PCURVE('',#4381,#4386);
#4381 = CYLINDRICAL_SURFACE('',#4382,7.68);
#4382 = AXIS2_PLACEMENT_3D('',#4383,#4384,#4385);
#4383 = CARTESIAN_POINT('',(188.905,42.024817369377,118.575));
#4384 = DIRECTION('',(0.,0.,1.));
#4385 = DIRECTION('',(1.,0.,0.));
#4386 = DEFINITIONAL_REPRESENTATION('',(#4387),#4391);
#4387 = LINE('',#4388,#4389);
#4388 = CARTESIAN_POINT('',(0.,59.675));
#4389 = VECTOR('',#4390,1.);
#4390 = DIRECTION('',(1.,0.));
#4391 = ( GEOMETRIC_REPRESENTATION_CONTEXT(2) 
PARAMETRIC_REPRESENTATION_CONTEXT() REPRESENTATION_CONTEXT('2D SPACE',''
  ) );
#4392 = FACE_BOUND('',#4393,.T.);
#4393 = EDGE_LOOP('',(#4394));
#4394 = ORIENTED_EDGE('',*,*,#4395,.F.);
#4395 = EDGE_CURVE('',#4396,#4396,#4398,.T.);
#4396 = VERTEX_POINT('',#4397);
#4397 = CARTESIAN_POINT('',(128.775,42.024817369377,178.25));
#4398 = SURFACE_CURVE('',#4399,(#4404,#4411),.PCURVE_S1.);
#4399 = CIRCLE('',#4400,7.68);
#4400 = AXIS2_PLACEMENT_3D('',#4401,#4402,#4403);
#4401 = CARTESIAN_POINT('',(121.095,42.024817369377,178.25));
#4402 = DIRECTION('',(0.,0.,1.));
#4403 = DIRECTION('',(1.,0.,0.));
#4404 = PCURVE('',#1775,#4405);
#4405 = DEFINITIONAL_REPRESENTATION('',(#4406),#4410);
#4406 = CIRCLE('',#4407,7.68);
#4407 = AXIS2_PLACEMENT_2D('',#4408,#4409);
#4408 = CARTESIAN_POINT('',(43.595,18.774817369377));
#4409 = DIRECTION('',(1.,0.));
#4410 = ( GEOMETRIC_REPRESENTATION_CONTEXT(2) 
PARAMETRIC_REPRESENTATION_CONTEXT() REPRESENTATION_CONTEXT('2D SPACE',''
  ) );
#4411 = PCURVE('',#4412,#4417);
#4412 = CYLINDRICAL_SURFACE('',#4413,7.68);
#4413 = AXIS2_PLACEMENT_3D('',#4414,#4415,#4416);
#4414 = CARTESIAN_POINT('',(121.095,42.024817369377,118.575));
#4415 = DIRECTION('',(0.,0.,1.));
#4416 = DIRECTION('',(1.,0.,0.));
#4417 = DEFINITIONAL_REPRESENTATION('',(#4418),#4422);
#4418 = LINE('',#4419,#4420);
#4419 = CARTESIAN_POINT('',(0.,59.675));
#4420 = VECTOR('',#4421,1.);
#4421 = DIRECTION('',(1.,0.));
#4422 = ( GEOMETRIC_REPRESENTATION_CONTEXT(2) 
PARAMETRIC_REPRESENTATION_CONTEXT() REPRESENTATION_CONTEXT('2D SPACE',''
  ) );
#4423 = FACE_BOUND('',#4424,.T.);
#4424 = EDGE_LOOP('',(#4425));
#4425 = ORIENTED_EDGE('',*,*,#4426,.F.);
#4426 = EDGE_CURVE('',#4427,#4427,#4429,.T.);
#4427 = VERTEX_POINT('',#4428);
#4428 = CARTESIAN_POINT('',(213.13,100.75,178.25));
#4429 = SURFACE_CURVE('',#4430,(#4435,#4442),.PCURVE_S1.);
#4430 = CIRCLE('',#4431,58.13);
#4431 = AXIS2_PLACEMENT_3D('',#4432,#4433,#4434);
#4432 = CARTESIAN_POINT('',(155.,100.75,178.25));
#4433 = DIRECTION('',(0.,0.,1.));
#4434 = DIRECTION('',(1.,0.,0.));
#4435 = PCURVE('',#1775,#4436);
#4436 = DEFINITIONAL_REPRESENTATION('',(#4437),#4441);
#4437 = CIRCLE('',#4438,58.13);
#4438 = AXIS2_PLACEMENT_2D('',#4439,#4440);
#4439 = CARTESIAN_POINT('',(77.5,77.5));
#4440 = DIRECTION('',(1.,0.));
#4441 = ( GEOMETRIC_REPRESENTATION_CONTEXT(2) 
PARAMETRIC_REPRESENTATION_CONTEXT() REPRESENTATION_CONTEXT('2D SPACE',''
  ) );
#4442 = PCURVE('',#4443,#4448);
#4443 = CYLINDRICAL_SURFACE('',#4444,58.13);
#4444 = AXIS2_PLACEMENT_3D('',#4445,#4446,#4447);
#4445 = CARTESIAN_POINT('',(155.,100.75,168.25));
#4446 = DIRECTION('',(0.,0.,1.));
#4447 = DIRECTION('',(1.,0.,0.));
#4448 = DEFINITIONAL_REPRESENTATION('',(#4449),#4453);
#4449 = LINE('',#4450,#4451);
#4450 = CARTESIAN_POINT('',(0.,10.));
#4451 = VECTOR('',#4452,1.);
#4452 = DIRECTION('',(1.,0.));
#4453 = ( GEOMETRIC_REPRESENTATION_CONTEXT(2) 
PARAMETRIC_REPRESENTATION_CONTEXT() REPRESENTATION_CONTEXT('2D SPACE',''
  ) );
#4454 = ADVANCED_FACE('',(#4455),#1925,.T.);
#4455 = FACE_BOUND('',#4456,.T.);
#4456 = EDGE_LOOP('',(#4457,#4458,#4459,#4480));
#4457 = ORIENTED_EDGE('',*,*,#2360,.T.);
#4458 = ORIENTED_EDGE('',*,*,#2335,.T.);
#4459 = ORIENTED_EDGE('',*,*,#4460,.F.);
#4460 = EDGE_CURVE('',#1910,#2259,#4461,.T.);
#4461 = SURFACE_CURVE('',#4462,(#4466,#4473),.PCURVE_S1.);
#4462 = LINE('',#4463,#4464);
#4463 = CARTESIAN_POINT('',(193.75,178.25,116.25));
#4464 = VECTOR('',#4465,1.);
#4465 = DIRECTION('',(0.,1.,0.));
#4466 = PCURVE('',#1925,#4467);
#4467 = DEFINITIONAL_REPRESENTATION('',(#4468),#4472);
#4468 = LINE('',#4469,#4470);
#4469 = CARTESIAN_POINT('',(48.05,0.));
#4470 = VECTOR('',#4471,1.);
#4471 = DIRECTION('',(0.,-1.));
#4472 = ( GEOMETRIC_REPRESENTATION_CONTEXT(2) 
PARAMETRIC_REPRESENTATION_CONTEXT() REPRESENTATION_CONTEXT('2D SPACE',''
  ) );
#4473 = PCURVE('',#1958,#4474);
#4474 = DEFINITIONAL_REPRESENTATION('',(#4475),#4479);
#4475 = LINE('',#4476,#4477);
#4476 = CARTESIAN_POINT('',(3.14159265359,0.));
#4477 = VECTOR('',#4478,1.);
#4478 = DIRECTION('',(0.,-1.));
#4479 = ( GEOMETRIC_REPRESENTATION_CONTEXT(2) 
PARAMETRIC_REPRESENTATION_CONTEXT() REPRESENTATION_CONTEXT('2D SPACE',''
  ) );
#4480 = ORIENTED_EDGE('',*,*,#1909,.F.);
#4481 = ADVANCED_FACE('',(#4482),#1958,.T.);
#4482 = FACE_BOUND('',#4483,.T.);
#4483 = EDGE_LOOP('',(#4484,#4485,#4486,#4507));
#4484 = ORIENTED_EDGE('',*,*,#4460,.T.);
#4485 = ORIENTED_EDGE('',*,*,#2258,.T.);
#4486 = ORIENTED_EDGE('',*,*,#4487,.F.);
#4487 = EDGE_CURVE('',#1938,#2261,#4488,.T.);
#4488 = SURFACE_CURVE('',#4489,(#4493,#4500),.PCURVE_S1.);
#4489 = LINE('',#4490,#4491);
#4490 = CARTESIAN_POINT('',(116.25,178.25,116.25));
#4491 = VECTOR('',#4492,1.);
#4492 = DIRECTION('',(0.,1.,0.));
#4493 = PCURVE('',#1958,#4494);
#4494 = DEFINITIONAL_REPRESENTATION('',(#4495),#4499);
#4495 = LINE('',#4496,#4497);
#4496 = CARTESIAN_POINT('',(6.28318530718,0.));
#4497 = VECTOR('',#4498,1.);
#4498 = DIRECTION('',(0.,-1.));
#4499 = ( GEOMETRIC_REPRESENTATION_CONTEXT(2) 
PARAMETRIC_REPRESENTATION_CONTEXT() REPRESENTATION_CONTEXT('2D SPACE',''
  ) );
#4500 = PCURVE('',#1986,#4501);
#4501 = DEFINITIONAL_REPRESENTATION('',(#4502),#4506);
#4502 = LINE('',#4503,#4504);
#4503 = CARTESIAN_POINT('',(0.,0.));
#4504 = VECTOR('',#4505,1.);
#4505 = DIRECTION('',(0.,-1.));
#4506 = ( GEOMETRIC_REPRESENTATION_CONTEXT(2) 
PARAMETRIC_REPRESENTATION_CONTEXT() REPRESENTATION_CONTEXT('2D SPACE',''
  ) );
#4507 = ORIENTED_EDGE('',*,*,#1937,.F.);
#4508 = ADVANCED_FACE('',(#4509),#1986,.T.);
#4509 = FACE_BOUND('',#4510,.T.);
#4510 = EDGE_LOOP('',(#4511,#4512,#4513,#4514));
#4511 = ORIENTED_EDGE('',*,*,#4487,.T.);
#4512 = ORIENTED_EDGE('',*,*,#2284,.T.);
#4513 = ORIENTED_EDGE('',*,*,#2207,.F.);
#4514 = ORIENTED_EDGE('',*,*,#1970,.F.);
#4515 = ADVANCED_FACE('',(#4516,#4522),#2059,.F.);
#4516 = FACE_BOUND('',#4517,.F.);
#4517 = EDGE_LOOP('',(#4518,#4519,#4520,#4521));
#4518 = ORIENTED_EDGE('',*,*,#2099,.F.);
#4519 = ORIENTED_EDGE('',*,*,#4123,.F.);
#4520 = ORIENTED_EDGE('',*,*,#2045,.T.);
#4521 = ORIENTED_EDGE('',*,*,#2234,.F.);
#4522 = FACE_BOUND('',#4523,.F.);
#4523 = EDGE_LOOP('',(#4524));
#4524 = ORIENTED_EDGE('',*,*,#4525,.F.);
#4525 = EDGE_CURVE('',#4526,#4526,#4528,.T.);
#4526 = VERTEX_POINT('',#4527);
#4527 = CARTESIAN_POINT('',(286.87871281703,139.,139.36601265508));
#4528 = SURFACE_CURVE('',#4529,(#4534,#4541),.PCURVE_S1.);
#4529 = ELLIPSE('',#4530,38.750000000001,38.75);
#4530 = AXIS2_PLACEMENT_3D('',#4531,#4532,#4533);
#4531 = CARTESIAN_POINT('',(286.87871281703,100.25,139.36601265508));
#4532 = DIRECTION('',(-0.499999825156,-0.,-0.866025504731));
#4533 = DIRECTION('',(0.866025504731,0.,-0.499999825156));
#4534 = PCURVE('',#2059,#4535);
#4535 = DEFINITIONAL_REPRESENTATION('',(#4536),#4540);
#4536 = CIRCLE('',#4537,38.750000000001);
#4537 = AXIS2_PLACEMENT_2D('',#4538,#4539);
#4538 = CARTESIAN_POINT('',(-77.76800188434,-78.));
#4539 = DIRECTION('',(-1.,0.));
#4540 = ( GEOMETRIC_REPRESENTATION_CONTEXT(2) 
PARAMETRIC_REPRESENTATION_CONTEXT() REPRESENTATION_CONTEXT('2D SPACE',''
  ) );
#4541 = PCURVE('',#4542,#4547);
#4542 = CYLINDRICAL_SURFACE('',#4543,38.75);
#4543 = AXIS2_PLACEMENT_3D('',#4544,#4545,#4546);
#4544 = CARTESIAN_POINT('',(286.5,100.25,138.7100628145));
#4545 = DIRECTION('',(0.5,0.,0.866025403784));
#4546 = DIRECTION('',(0.,1.,0.));
#4547 = DEFINITIONAL_REPRESENTATION('',(#4548),#4574);
#4548 = B_SPLINE_CURVE_WITH_KNOTS('',3,(#4549,#4550,#4551,#4552,#4553,
    #4554,#4555,#4556,#4557,#4558,#4559,#4560,#4561,#4562,#4563,#4564,
    #4565,#4566,#4567,#4568,#4569,#4570,#4571,#4572,#4573),
  .UNSPECIFIED.,.F.,.F.,(4,1,1,1,1,1,1,1,1,1,1,1,1,1,1,1,1,1,1,1,1,1,4),
  (4.712388980385,4.997988312529,5.283587644674,5.569186976818,
    5.854786308963,6.140385641107,6.425984973252,6.711584305396,
    6.997183637541,7.282782969685,7.56838230183,7.853981633974,
    8.139580966119,8.425180298264,8.710779630408,8.996378962553,
    9.281978294697,9.567577626842,9.853176958986,10.138776291131,
    10.424375623275,10.70997495542,10.995574287564),
  .QUASI_UNIFORM_KNOTS.);
#4549 = CARTESIAN_POINT('',(6.28318530718,0.757425634066));
#4550 = CARTESIAN_POINT('',(6.187985529798,0.75742638029));
#4551 = CARTESIAN_POINT('',(5.997585975035,0.757427867642));
#4552 = CARTESIAN_POINT('',(5.711986642891,0.757429921761));
#4553 = CARTESIAN_POINT('',(5.426387310746,0.757431627434));
#4554 = CARTESIAN_POINT('',(5.140787978602,0.757432847849));
#4555 = CARTESIAN_POINT('',(4.855188646457,0.757433483769));
#4556 = CARTESIAN_POINT('',(4.569589314312,0.757433483773));
#4557 = CARTESIAN_POINT('',(4.283989982168,0.757432847836));
#4558 = CARTESIAN_POINT('',(3.998390650023,0.757431627483));
#4559 = CARTESIAN_POINT('',(3.712791317879,0.757429921578));
#4560 = CARTESIAN_POINT('',(3.427191985734,0.757427868325));
#4561 = CARTESIAN_POINT('',(3.14159265359,0.757425634066));
#4562 = CARTESIAN_POINT('',(2.855993321445,0.757423399806));
#4563 = CARTESIAN_POINT('',(2.570393989301,0.757421346553));
#4564 = CARTESIAN_POINT('',(2.284794657156,0.757419640649));
#4565 = CARTESIAN_POINT('',(1.999195325012,0.757418420296));
#4566 = CARTESIAN_POINT('',(1.713595992867,0.757417784358));
#4567 = CARTESIAN_POINT('',(1.427996660723,0.757417784362));
#4568 = CARTESIAN_POINT('',(1.142397328578,0.757418420282));
#4569 = CARTESIAN_POINT('',(0.856797996434,0.757419640698));
#4570 = CARTESIAN_POINT('',(0.571198664289,0.75742134637));
#4571 = CARTESIAN_POINT('',(0.285599332145,0.757423400489));
#4572 = CARTESIAN_POINT('',(9.51997773816E-02,0.757424887841));
#4573 = CARTESIAN_POINT('',(8.792966355031E-14,0.757425634066));
#4574 = ( GEOMETRIC_REPRESENTATION_CONTEXT(2) 
PARAMETRIC_REPRESENTATION_CONTEXT() REPRESENTATION_CONTEXT('2D SPACE',''
  ) );
#4575 = ADVANCED_FACE('',(#4576),#2162,.F.);
#4576 = FACE_BOUND('',#4577,.F.);
#4577 = EDGE_LOOP('',(#4578,#5790,#5811,#5812));
#4578 = ORIENTED_EDGE('',*,*,#4579,.F.);
#4579 = EDGE_CURVE('',#4580,#4580,#4582,.T.);
#4580 = VERTEX_POINT('',#4581);
#4581 = CARTESIAN_POINT('',(276.6,84.437564751062,99.170125629));
#4582 = SURFACE_CURVE('',#4583,(#4891,#5338),.PCURVE_S1.);
#4583 = B_SPLINE_CURVE_WITH_KNOTS('',6,(#4584,#4585,#4586,#4587,#4588,
    #4589,#4590,#4591,#4592,#4593,#4594,#4595,#4596,#4597,#4598,#4599,
    #4600,#4601,#4602,#4603,#4604,#4605,#4606,#4607,#4608,#4609,#4610,
    #4611,#4612,#4613,#4614,#4615,#4616,#4617,#4618,#4619,#4620,#4621,
    #4622,#4623,#4624,#4625,#4626,#4627,#4628,#4629,#4630,#4631,#4632,
    #4633,#4634,#4635,#4636,#4637,#4638,#4639,#4640,#4641,#4642,#4643,
    #4644,#4645,#4646,#4647,#4648,#4649,#4650,#4651,#4652,#4653,#4654,
    #4655,#4656,#4657,#4658,#4659,#4660,#4661,#4662,#4663,#4664,#4665,
    #4666,#4667,#4668,#4669,#4670,#4671,#4672,#4673,#4674,#4675,#4676,
    #4677,#4678,#4679,#4680,#4681,#4682,#4683,#4684,#4685,#4686,#4687,
    #4688,#4689,#4690,#4691,#4692,#4693,#4694,#4695,#4696,#4697,#4698,
    #4699,#4700,#4701,#4702,#4703,#4704,#4705,#4706,#4707,#4708,#4709,
    #4710,#4711,#4712,#4713,#4714,#4715,#4716,#4717,#4718,#4719,#4720,
    #4721,#4722,#4723,#4724,#4725,#4726,#4727,#4728,#4729,#4730,#4731,
    #4732,#4733,#4734,#4735,#4736,#4737,#4738,#4739,#4740,#4741,#4742,
    #4743,#4744,#4745,#4746,#4747,#4748,#4749,#4750,#4751,#4752,#4753,
    #4754,#4755,#4756,#4757,#4758,#4759,#4760,#4761,#4762,#4763,#4764,
    #4765,#4766,#4767,#4768,#4769,#4770,#4771,#4772,#4773,#4774,#4775,
    #4776,#4777,#4778,#4779,#4780,#4781,#4782,#4783,#4784,#4785,#4786,
    #4787,#4788,#4789,#4790,#4791,#4792,#4793,#4794,#4795,#4796,#4797,
    #4798,#4799,#4800,#4801,#4802,#4803,#4804,#4805,#4806,#4807,#4808,
    #4809,#4810,#4811,#4812,#4813,#4814,#4815,#4816,#4817,#4818,#4819,
    #4820,#4821,#4822,#4823,#4824,#4825,#4826,#4827,#4828,#4829,#4830,
    #4831,#4832,#4833,#4834,#4835,#4836,#4837,#4838,#4839,#4840,#4841,
    #4842,#4843,#4844,#4845,#4846,#4847,#4848,#4849,#4850,#4851,#4852,
    #4853,#4854,#4855,#4856,#4857,#4858,#4859,#4860,#4861,#4862,#4863,
    #4864,#4865,#4866,#4867,#4868,#4869,#4870,#4871,#4872,#4873,#4874,
    #4875,#4876,#4877,#4878,#4879,#4880,#4881,#4882,#4883,#4884,#4885,
    #4886,#4887,#4888,#4889,#4890),.UNSPECIFIED.,.T.,.F.,(1,6,5,5,5,5,5,
    5,5,5,5,5,5,5,5,5,5,5,5,5,5,5,5,5,5,5,5,5,5,5,5,5,5,5,5,5,5,5,5,5,5,
    5,5,5,5,5,5,5,5,5,5,5,5,5,5,5,5,5,5,5,5,5,6,1),(-2.8982157399E-02,0.
    ,3.891339679577E-03,7.702637395517E-03,1.143472136232E-02,
    1.508840607102E-02,1.866452050702E-02,2.216393706171E-02,
    2.558760205697E-02,2.893656896291E-02,3.221203565122E-02,
    3.541538743815E-02,3.854824831318E-02,4.161254376668E-02,
    4.519130728915E-02,5.096826286692E-02,5.652397945435E-02,
    6.190876517777E-02,6.958089927704E-02,8.902760781949E-02,
    9.669974197103E-02,0.102084527741,0.107640244381,0.113417200017,
    0.116995963577,0.120060259062,0.123193119971,0.126396471791,
    0.129671938515,0.133020905456,0.136444570488,0.13994398708,
    0.143520101555,0.147173786303,0.15090587031,0.154717168067,
    0.158608507789,0.192383679482,0.231299645408,0.265282968126,
    0.293182687738,0.316490137098,0.338088172042,0.361844968702,
    0.390382448814,0.425033092507,0.463653054025,0.497233821381,
    0.532504791093,0.578978493719,0.631721681077,0.664505877068,
    0.698906287213,0.737767027846,0.771647685665,0.799541662189,
    0.822890702253,0.844558544326,0.868427913915,0.897160003434,
    0.932152036912,0.971017842601,1.,1.00389133968),.UNSPECIFIED.);
#4584 = CARTESIAN_POINT('',(276.6,84.437564751062,99.170125629));
#4585 = CARTESIAN_POINT('',(276.59999999979,84.454047111683,
    99.123569916289));
#4586 = CARTESIAN_POINT('',(276.59980145547,84.470497826673,
    99.07693408403));
#4587 = CARTESIAN_POINT('',(276.59940308795,84.48691575912,
    99.03021624378));
#4588 = CARTESIAN_POINT('',(276.59880353416,84.503299733212,
    98.983414459681));
#4589 = CARTESIAN_POINT('',(276.59800134712,84.519648534235,
    98.936526748458));
#4590 = CARTESIAN_POINT('',(276.59600934453,84.551937749501,
    98.843541664962));
#4591 = CARTESIAN_POINT('',(276.5948278398,84.567879645098,
    98.797447874235));
#4592 = CARTESIAN_POINT('',(276.59344904329,84.583785417762,
    98.751267798903));
#4593 = CARTESIAN_POINT('',(276.59187143065,84.599653847272,
    98.704999483379));
#4594 = CARTESIAN_POINT('',(276.59009339157,84.615483670783,
    98.658640924821));
#4595 = CARTESIAN_POINT('',(276.58617422353,84.646735318427,
    98.566704652754));
#4596 = CARTESIAN_POINT('',(276.58404140729,84.662158782455,
    98.521130736419));
#4597 = CARTESIAN_POINT('',(276.58171318858,84.677542749463,
    98.47546639881));
#4598 = CARTESIAN_POINT('',(276.57918788691,84.692885947526,
    98.429709668247));
#4599 = CARTESIAN_POINT('',(276.57646373382,84.708187058233,
    98.383858526687));
#4600 = CARTESIAN_POINT('',(276.57067545401,84.738381860103,
    98.292928506612));
#4601 = CARTESIAN_POINT('',(276.56761966939,84.753277355639,
    98.247853639715));
#4602 = CARTESIAN_POINT('',(276.56436977729,84.768129922969,
    98.2026843715));
#4603 = CARTESIAN_POINT('',(276.56092394593,84.782938231245,
    98.157418719753));
#4604 = CARTESIAN_POINT('',(276.55728025345,84.797700899107,
    98.112054657583));
#4605 = CARTESIAN_POINT('',(276.54967472398,84.826819667914,
    98.022090813231));
#4606 = CARTESIAN_POINT('',(276.545721282,84.841177744215,
    97.977495253626));
#4607 = CARTESIAN_POINT('',(276.54157447561,84.855489381331,
    97.932801491621));
#4608 = CARTESIAN_POINT('',(276.53723232641,84.86975318229,
    97.888007542239));
#4609 = CARTESIAN_POINT('',(276.53269276391,84.883967695399,
    97.843111378525));
#4610 = CARTESIAN_POINT('',(276.52331612878,84.911991360033,
    97.754075621152));
#4611 = CARTESIAN_POINT('',(276.51848752331,84.92580266466,
    97.709940454417));
#4612 = CARTESIAN_POINT('',(276.51346578287,84.939563916904,
    97.665703492052));
#4613 = CARTESIAN_POINT('',(276.5082487874,84.953273646444,
    97.621362756764));
#4614 = CARTESIAN_POINT('',(276.50283432304,84.966930323859,
    97.576916233251));
#4615 = CARTESIAN_POINT('',(276.49172737223,84.993839955311,
    97.488771967526));
#4616 = CARTESIAN_POINT('',(276.48604343963,85.007095246865,
    97.445078845922));
#4617 = CARTESIAN_POINT('',(276.48016612339,85.020296748018,
    97.401280579882));
#4618 = CARTESIAN_POINT('',(276.47409316754,85.033442907861,
    97.357375213476));
#4619 = CARTESIAN_POINT('',(276.46782222115,85.046532111853,
    97.313360758349));
#4620 = CARTESIAN_POINT('',(276.45502064911,85.072308948643,
    97.226072367948));
#4621 = CARTESIAN_POINT('',(276.44849867294,85.084999109477,
    97.182803231151));
#4622 = CARTESIAN_POINT('',(276.4417826204,85.097631593884,
    97.139425891196));
#4623 = CARTESIAN_POINT('',(276.43487010678,85.110204763154,
    97.095938431119));
#4624 = CARTESIAN_POINT('',(276.42775865195,85.122716910291,
    97.052338909124));
#4625 = CARTESIAN_POINT('',(276.41329320765,85.147342382227,
    96.965871195093));
#4626 = CARTESIAN_POINT('',(276.40594796542,85.159458430464,
    96.923007957134));
#4627 = CARTESIAN_POINT('',(276.39840754395,85.17151274405,
    96.880033803837));
#4628 = CARTESIAN_POINT('',(276.39066943885,85.183503589344,
    96.836946879575));
#4629 = CARTESIAN_POINT('',(276.38273105118,85.195429159737,
    96.793745313963));
#4630 = CARTESIAN_POINT('',(276.36662756938,85.218884908631,
    96.708062850326));
#4631 = CARTESIAN_POINT('',(276.35847131388,85.23041800875,
    96.665587031705));
#4632 = CARTESIAN_POINT('',(276.35011840102,85.241885118107,
    96.622998001487));
#4633 = CARTESIAN_POINT('',(276.34156621875,85.253284401231,
    96.580293993512));
#4634 = CARTESIAN_POINT('',(276.3328120629,85.264613945086,
    96.537473239983));
#4635 = CARTESIAN_POINT('',(276.3150913557,85.286881840801,
    96.452539597023));
#4636 = CARTESIAN_POINT('',(276.3061337172,85.297823311876,
    96.410431872217));
#4637 = CARTESIAN_POINT('',(276.29697760522,85.30869431044,
    96.368209140304));
#4638 = CARTESIAN_POINT('',(276.28762031591,85.319492892731,
    96.325869759698));
#4639 = CARTESIAN_POINT('',(276.2780590579,85.33021703308,
    96.283412103951));
#4640 = CARTESIAN_POINT('',(276.25873663035,85.35127918283,
    96.199188866607));
#4641 = CARTESIAN_POINT('',(276.24898441655,85.361620503336,
    96.157428482783));
#4642 = CARTESIAN_POINT('',(276.23903161604,85.371886613383,
    96.11555190044));
#4643 = CARTESIAN_POINT('',(276.22887545405,85.382075455186,
    96.07355764603));
#4644 = CARTESIAN_POINT('',(276.21851307587,85.392184885231,
    96.031444282301));
#4645 = CARTESIAN_POINT('',(276.19559515177,85.41392404027,
    95.939885840888));
#4646 = CARTESIAN_POINT('',(276.18296348539,85.425524044679,
    95.890396920803));
#4647 = CARTESIAN_POINT('',(276.1700418687,85.43700913896,
    95.840741403083));
#4648 = CARTESIAN_POINT('',(276.15682548477,85.448375592719,
    95.790917175892));
#4649 = CARTESIAN_POINT('',(276.14330937881,85.459619493704,
    95.740922260525));
#4650 = CARTESIAN_POINT('',(276.10717828187,85.48868257817,
    95.609772895954));
#4651 = CARTESIAN_POINT('',(276.08407392428,85.506298351531,
    95.528341662684));
#4652 = CARTESIAN_POINT('',(276.0601538264,85.523566885485,
    95.446453019143));
#4653 = CARTESIAN_POINT('',(276.03539582868,85.540469565892,
    95.364100788909));
#4654 = CARTESIAN_POINT('',(276.00977717104,85.556986346881,
    95.281280711593));
#4655 = CARTESIAN_POINT('',(275.9577867827,85.588588215972,
    95.117889925968));
#4656 = CARTESIAN_POINT('',(275.9314816895,85.60370387329,
    95.037355021283));
#4657 = CARTESIAN_POINT('',(275.90433829647,85.618423553785,
    94.956383530661));
#4658 = CARTESIAN_POINT('',(275.87633606163,85.63272679797,
    94.874976627565));
#4659 = CARTESIAN_POINT('',(275.84745481771,85.646591855885,
    94.793138857034));
#4660 = CARTESIAN_POINT('',(275.78881095931,85.67298712714,94.6311483023
    ));
#4661 = CARTESIAN_POINT('',(275.75910316193,85.685545332975,
    94.551021693819));
#4662 = CARTESIAN_POINT('',(275.72853323078,85.697649183736,
    94.470505584872));
#4663 = CARTESIAN_POINT('',(275.69708493094,85.709276732246,
    94.389612417962));
#4664 = CARTESIAN_POINT('',(275.66474394186,85.720405205012,
    94.308359803471));
#4665 = CARTESIAN_POINT('',(275.58412950664,85.746121928214,
    94.110523753574));
#4666 = CARTESIAN_POINT('',(275.53492519046,85.760172963378,
    93.993593673034));
#4667 = CARTESIAN_POINT('',(275.48384736381,85.773093535653,
    93.876047944238));
#4668 = CARTESIAN_POINT('',(275.4308784133,85.784815458278,
    93.757985143981));
#4669 = CARTESIAN_POINT('',(275.37602065716,85.795272929795,
    93.639534759663));
#4670 = CARTESIAN_POINT('',(275.17551612091,85.827543520752,
    93.22004282762));
#4671 = CARTESIAN_POINT('',(275.01938950006,85.842218791157,
    92.917018120307));
#4672 = CARTESIAN_POINT('',(274.85203426537,85.847242327642,
    92.61602558804));
#4673 = CARTESIAN_POINT('',(274.67504470353,85.842218791044,
    92.320595437657));
#4674 = CARTESIAN_POINT('',(274.49068092006,85.827543520628,
    92.03387346521));
#4675 = CARTESIAN_POINT('',(274.22764251925,85.795272929781,
    91.650485478541));
#4676 = CARTESIAN_POINT('',(274.15249035535,85.784815458253,
    91.54375207589));
#4677 = CARTESIAN_POINT('',(274.07672944633,85.773093535623,
    91.438848218996));
#4678 = CARTESIAN_POINT('',(274.00047077244,85.760172963349,
    91.335840659188));
#4679 = CARTESIAN_POINT('',(273.92380851038,85.746121928196,
    91.234763431213));
#4680 = CARTESIAN_POINT('',(273.79278468305,85.720405205006,
    91.066031257537));
#4681 = CARTESIAN_POINT('',(273.7385883493,85.709276732235,
    90.997396832141));
#4682 = CARTESIAN_POINT('',(273.68425696168,85.697649183724,
    90.929715222113));
#4683 = CARTESIAN_POINT('',(273.62981293151,85.685545332964,
    90.862982830681));
#4684 = CARTESIAN_POINT('',(273.57527515175,85.672987127134,
    90.797191819247));
#4685 = CARTESIAN_POINT('',(273.46430914538,85.64659185588,
    90.665409470739));
#4686 = CARTESIAN_POINT('',(273.40787617906,85.632726797962,
    90.599478694531));
#4687 = CARTESIAN_POINT('',(273.35137685036,85.618423553776,
    90.534524596243));
#4688 = CARTESIAN_POINT('',(273.29482517901,85.603703873282,
    90.470531983035));
#4689 = CARTESIAN_POINT('',(273.23823245228,85.588588215967,
    90.407483651747));
#4690 = CARTESIAN_POINT('',(273.12272707536,85.556986346878,
    90.280763261882));
#4691 = CARTESIAN_POINT('',(273.06381211327,85.540469565887,
    90.217166814887));
#4692 = CARTESIAN_POINT('',(273.00487198869,85.523566885479,
    90.154549644801));
#4693 = CARTESIAN_POINT('',(272.94591439205,85.506298351526,
    90.092889910605));
#4694 = CARTESIAN_POINT('',(272.88694505417,85.488682578166,
    90.032165333372));
#4695 = CARTESIAN_POINT('',(272.79143192124,85.459619493703,
    89.935300203274));
#4696 = CARTESIAN_POINT('',(272.75489310745,85.448375592717,
    89.898597454466));
#4697 = CARTESIAN_POINT('',(272.71835225294,85.437009138958,
    89.862239616647));
#4698 = CARTESIAN_POINT('',(272.68181012151,85.425524044678,
    89.826221409474));
#4699 = CARTESIAN_POINT('',(272.6452672927,85.413924040269,
    89.790537605455));
#4700 = CARTESIAN_POINT('',(272.57743431856,85.39218488523,
    89.724910880275));
#4701 = CARTESIAN_POINT('',(272.54614426482,85.382075455185,
    89.694880115661));
#4702 = CARTESIAN_POINT('',(272.51485425468,85.371886613382,
    89.665087494168));
#4703 = CARTESIAN_POINT('',(272.4835644708,85.361620503336,
    89.635529824921));
#4704 = CARTESIAN_POINT('',(272.45227502444,85.351279182829,
    89.60620396811));
#4705 = CARTESIAN_POINT('',(272.38899677509,85.330217033079,
    89.547358636321));
#4706 = CARTESIAN_POINT('',(272.35700799563,85.319492892731,
    89.517849516119));
#4707 = CARTESIAN_POINT('',(272.3250196611,85.30869431044,
    89.488576175562));
#4708 = CARTESIAN_POINT('',(272.29303175863,85.297823311875,
    89.459535384034));
#4709 = CARTESIAN_POINT('',(272.26104421851,85.286881840801,
    89.430723979127));
#4710 = CARTESIAN_POINT('',(272.19634987967,85.264613945086,
    89.372910575044));
#4711 = CARTESIAN_POINT('',(272.16364309723,85.25328440123,
    89.343918876917));
#4712 = CARTESIAN_POINT('',(272.13093643261,85.241885118106,
    89.31516046583));
#4713 = CARTESIAN_POINT('',(272.09822970695,85.230418008749,
    89.286632115986));
#4714 = CARTESIAN_POINT('',(272.06552269673,85.218884908631,
    89.258330682219));
#4715 = CARTESIAN_POINT('',(271.99937124746,85.195429159737,
    89.201543426068));
#4716 = CARTESIAN_POINT('',(271.965926788,85.183503589344,
    89.173067797873));
#4717 = CARTESIAN_POINT('',(271.93248146956,85.17151274405,
    89.144822940155));
#4718 = CARTESIAN_POINT('',(271.89903497184,85.159458430463,
    89.116805666953));
#4719 = CARTESIAN_POINT('',(271.86558693999,85.147342382227,
    89.089012881604));
#4720 = CARTESIAN_POINT('',(271.79793642518,85.122716910291,
    89.033251582351));
#4721 = CARTESIAN_POINT('',(271.76373385896,85.110204763154,
    89.005293120814));
#4722 = CARTESIAN_POINT('',(271.7295288706,85.097631593884,
    88.977562978372));
#4723 = CARTESIAN_POINT('',(271.69532101851,85.084999109476,
    88.950058036287));
#4724 = CARTESIAN_POINT('',(271.66110983493,85.072308948643,
    88.92277527084));
#4725 = CARTESIAN_POINT('',(271.59191665741,85.046532111853,
    88.868044589049));
#4726 = CARTESIAN_POINT('',(271.55693449433,85.033442907861,
    88.840606562603));
#4727 = CARTESIAN_POINT('',(271.52194780958,85.020296748017,
    88.813394545361));
#4728 = CARTESIAN_POINT('',(271.48695605667,85.007095246865,
    88.786405507168));
#4729 = CARTESIAN_POINT('',(271.45195866969,84.99383995531,
    88.759636516344));
#4730 = CARTESIAN_POINT('',(271.38117697178,84.966930323859,
    88.705945481921));
#4731 = CARTESIAN_POINT('',(271.34539238549,84.953273646444,
    88.679033156476));
#4732 = CARTESIAN_POINT('',(271.30960068005,84.939563916904,
    88.652344738221));
#4733 = CARTESIAN_POINT('',(271.27380121707,84.92580266466,
    88.625877302249));
#4734 = CARTESIAN_POINT('',(271.23799334421,84.911991360033,
    88.599628023883));
#4735 = CARTESIAN_POINT('',(271.16557443405,84.883967695398,
    88.546989740966));
#4736 = CARTESIAN_POINT('',(271.12896299699,84.86975318229,
    88.520610282662));
#4737 = CARTESIAN_POINT('',(271.09234137349,84.855489381331,
    88.494452896458));
#4738 = CARTESIAN_POINT('',(271.05570884339,84.841177744214,
    88.468514775783));
#4739 = CARTESIAN_POINT('',(271.01906467687,84.826819667914,
    88.442793214788));
#4740 = CARTESIAN_POINT('',(270.94495646698,84.797700899107,
    88.391224710885));
#4741 = CARTESIAN_POINT('',(270.90749188296,84.782938231245,
    88.365387149551));
#4742 = CARTESIAN_POINT('',(270.8700135943,84.768129922969,
    88.339770146182));
#4743 = CARTESIAN_POINT('',(270.83252080661,84.753277355639,
    88.314371022957));
#4744 = CARTESIAN_POINT('',(270.79501271912,84.738381860103,
    88.289187202394));
#4745 = CARTESIAN_POINT('',(270.71915915167,84.708187058233,
    88.238709394995));
#4746 = CARTESIAN_POINT('',(270.68081297483,84.692885947525,
    88.213424638439));
#4747 = CARTESIAN_POINT('',(270.64244913461,84.677542749463,
    88.188359297758));
#4748 = CARTESIAN_POINT('',(270.60406676755,84.662158782454,
    88.163510832401));
#4749 = CARTESIAN_POINT('',(270.56566500637,84.646735318427,
    88.138876801195));
#4750 = CARTESIAN_POINT('',(270.48800544325,84.615483670783,
    88.089514566078));
#4751 = CARTESIAN_POINT('',(270.44874677339,84.599653847272,
    88.064795459785));
#4752 = CARTESIAN_POINT('',(270.40946604308,84.583785417762,
    88.040295049399));
#4753 = CARTESIAN_POINT('',(270.37016232295,84.567879645097,
    88.016010938928));
#4754 = CARTESIAN_POINT('',(270.33083468159,84.551937749501,
    87.991940830453));
#4755 = CARTESIAN_POINT('',(270.2513032384,84.519648534233,
    87.943723163857));
#4756 = CARTESIAN_POINT('',(270.21109838287,84.503299733199,
    87.919584594007));
#4757 = CARTESIAN_POINT('',(270.1708666258,84.48691575911,
    87.895664473138));
#4758 = CARTESIAN_POINT('',(270.1306069731,84.470497826681,
    87.87196055644));
#4759 = CARTESIAN_POINT('',(270.0903184298,84.454047111707,
    87.848470695725));
#4760 = CARTESIAN_POINT('',(269.70005319854,84.294504879535,
    87.623150959402));
#4761 = CARTESIAN_POINT('',(269.34747065506,84.148903407484,
    87.436854129577));
#4762 = CARTESIAN_POINT('',(268.99202366789,84.001673937192,
    87.265295439708));
#4763 = CARTESIAN_POINT('',(268.63329731375,83.853471055972,
    87.107666594391));
#4764 = CARTESIAN_POINT('',(268.27051363819,83.704713239859,
    86.963365345896));
#4765 = CARTESIAN_POINT('',(267.47815996284,83.383803175105,
    86.68064631913));
#4766 = CARTESIAN_POINT('',(267.04780167879,83.211931732812,
    86.546812913207));
#4767 = CARTESIAN_POINT('',(266.6097469945,83.040484366509,
    86.429974527616));
#4768 = CARTESIAN_POINT('',(266.16277550226,82.870083808112,
    86.33030058463));
#4769 = CARTESIAN_POINT('',(265.7058101802,82.701522852949,
    86.248538743059));
#4770 = CARTESIAN_POINT('',(264.82901358597,82.391091376433,
    86.131192417555));
#4771 = CARTESIAN_POINT('',(264.41230547907,82.248718887364,
    86.091134929634));
#4772 = CARTESIAN_POINT('',(263.98573857856,82.108925803969,
    86.066340818976));
#4773 = CARTESIAN_POINT('',(263.54798018907,81.97236846304,
    86.058062506826));
#4774 = CARTESIAN_POINT('',(263.09815266196,81.840116302214,
    86.068092091784));
#4775 = CARTESIAN_POINT('',(262.25609965365,81.609818380196,
    86.12376730081));
#4776 = CARTESIAN_POINT('',(261.86774428907,81.509823842945,
    86.162732586419));
#4777 = CARTESIAN_POINT('',(261.46966961276,81.414301204934,
    86.21689234861));
#4778 = CARTESIAN_POINT('',(261.06127063192,81.32422443424,
    86.287943878958));
#4779 = CARTESIAN_POINT('',(260.6423493428,81.240905081003,
    86.377923227928));
#4780 = CARTESIAN_POINT('',(259.85455350009,81.103412192189,
    86.582118139595));
#4781 = CARTESIAN_POINT('',(259.48727056803,81.046434151332,
    86.690303490944));
#4782 = CARTESIAN_POINT('',(259.1134951024,80.996494580103,
    86.814759991473));
#4783 = CARTESIAN_POINT('',(258.7351750472,80.954871310293,
    86.956351317946));
#4784 = CARTESIAN_POINT('',(258.35413745241,80.922693986752,
    87.115767855498));
#4785 = CARTESIAN_POINT('',(257.61834581645,80.880807139565,
    87.458229401988));
#4786 = CARTESIAN_POINT('',(257.26510282845,80.869699321311,
    87.638034537466));
#4787 = CARTESIAN_POINT('',(256.91652415554,80.868433520079,
    87.831922593125));
#4788 = CARTESIAN_POINT('',(256.57623131571,80.877195185623,
    88.038128585826));
#4789 = CARTESIAN_POINT('',(256.24743651018,80.895551586166,
    88.254138703176));
#4790 = CARTESIAN_POINT('',(255.58698368748,80.95204082354,
    88.721499937112));
#4791 = CARTESIAN_POINT('',(255.25900990779,80.991911916885,
    88.973744088808));
#4792 = CARTESIAN_POINT('',(254.94899458128,81.040901265609,
    89.231576033758));
#4793 = CARTESIAN_POINT('',(254.65677817511,81.097798707831,
    89.493212785275));
#4794 = CARTESIAN_POINT('',(254.38214674622,81.161335269602,
    89.75681713264));
#4795 = CARTESIAN_POINT('',(253.81594149649,81.312858093906,
    90.336965797667));
#4796 = CARTESIAN_POINT('',(253.53065232684,81.403570698523,
    90.654944904457));
#4797 = CARTESIAN_POINT('',(253.26702884504,81.500684068124,
    90.97301474697));
#4798 = CARTESIAN_POINT('',(253.02312744831,81.602930405489,
    91.29041170563));
#4799 = CARTESIAN_POINT('',(252.7971090957,81.709401679038,
    91.60692440554));
#4800 = CARTESIAN_POINT('',(252.33245533604,81.953299928356,
    92.30659296215));
#4801 = CARTESIAN_POINT('',(252.101395291,82.092520299045,
    92.689638503648));
#4802 = CARTESIAN_POINT('',(251.89191581576,82.235801290225,
    93.071431613016));
#4803 = CARTESIAN_POINT('',(251.7020671595,82.382127095133,
    93.451866990705));
#4804 = CARTESIAN_POINT('',(251.53014194079,82.530884734142,
    93.83148048259));
#4805 = CARTESIAN_POINT('',(251.20146117197,82.85015118781,
    94.635213899347));
#4806 = CARTESIAN_POINT('',(251.04893583294,83.02096923375,
    95.058870537837));
#4807 = CARTESIAN_POINT('',(250.91568427337,83.193441554861,
    95.482896457202));
#4808 = CARTESIAN_POINT('',(250.8006339855,83.366863334862,
    95.90782283967));
#4809 = CARTESIAN_POINT('',(250.70309629913,83.540674106939,
    96.334539498586));
#4810 = CARTESIAN_POINT('',(250.55294085167,83.865503197818,
    97.138306529868));
#4811 = CARTESIAN_POINT('',(250.49624889609,84.016263011894,
    97.513898731262));
#4812 = CARTESIAN_POINT('',(250.4523994549,84.166526895803,
    97.89247499518));
#4813 = CARTESIAN_POINT('',(250.42149862291,84.315919242445,
    98.274942009279));
#4814 = CARTESIAN_POINT('',(250.4039780795,84.463845931653,
    98.66202128989));
#4815 = CARTESIAN_POINT('',(250.39687006265,84.762433172749,
    99.466494364544));
#4816 = CARTESIAN_POINT('',(250.40873885502,84.912383768438,
    99.883161998606));
#4817 = CARTESIAN_POINT('',(250.43675569948,85.059472150768,
    100.30800412131));
#4818 = CARTESIAN_POINT('',(250.48249383149,85.202848752727,
    100.74321868015));
#4819 = CARTESIAN_POINT('',(250.54822145728,85.340701796447,
    101.18999758087));
#4820 = CARTESIAN_POINT('',(250.7531917762,85.641038782918,
    102.25365213919));
#4821 = CARTESIAN_POINT('',(250.91357619092,85.803898714893,
    102.90234211191));
#4822 = CARTESIAN_POINT('',(251.12675414991,85.946146156192,
    103.58380459099));
#4823 = CARTESIAN_POINT('',(251.40075217524,86.054338341797,
    104.28918986416));
#4824 = CARTESIAN_POINT('',(251.74423146457,86.11453327739,
    105.01256721762));
#4825 = CARTESIAN_POINT('',(252.65518178854,86.110425433504,
    106.58161260451));
#4826 = CARTESIAN_POINT('',(253.17577488934,86.028555706378,
    107.30862981399));
#4827 = CARTESIAN_POINT('',(253.71454791774,85.89020189173,
    107.9460244273));
#4828 = CARTESIAN_POINT('',(254.26022090174,85.715516545224,
    108.50315642269));
#4829 = CARTESIAN_POINT('',(254.80107922265,85.520552304505,
    108.98812714694));
#4830 = CARTESIAN_POINT('',(255.65538235042,85.190771385866,
    109.67000793895));
#4831 = CARTESIAN_POINT('',(255.98367524517,85.058699390163,
    109.91147307524));
#4832 = CARTESIAN_POINT('',(256.3123824914,84.922733796945,
    110.13483700157));
#4833 = CARTESIAN_POINT('',(256.64158351349,84.784056535662,
    110.34183730477));
#4834 = CARTESIAN_POINT('',(256.97213418419,84.643251018387,
    110.53412542362));
#4835 = CARTESIAN_POINT('',(257.6562330673,84.350279339486,
    110.90121301646));
#4836 = CARTESIAN_POINT('',(258.00932821896,84.198232075918,
    111.07426016162));
#4837 = CARTESIAN_POINT('',(258.3655863943,84.04493381578,
    111.23326957014));
#4838 = CARTESIAN_POINT('',(258.72548012592,83.890961827922,
    111.37889283672));
#4839 = CARTESIAN_POINT('',(259.08976570466,83.736707860065,
    111.51156081837));
#4840 = CARTESIAN_POINT('',(259.87747226855,83.408088677828,
    111.76695974481));
#4841 = CARTESIAN_POINT('',(260.3015687073,83.234072314997,
    111.88589126153));
#4842 = CARTESIAN_POINT('',(260.73346996914,83.060741572231,
    111.9886164105));
#4843 = CARTESIAN_POINT('',(261.17438504131,82.888659668094,
    112.07481461303));
#4844 = CARTESIAN_POINT('',(261.62533364758,82.718593643341,
    112.1436193496));
#4845 = CARTESIAN_POINT('',(262.49004286613,82.40590165583,
    112.23741709766));
#4846 = CARTESIAN_POINT('',(262.90074050185,82.262704998219,
    112.26684819381));
#4847 = CARTESIAN_POINT('',(263.32120051923,82.122172293903,
    112.28131288841));
#4848 = CARTESIAN_POINT('',(263.7527062966,81.984940407327,
    112.27950811512));
#4849 = CARTESIAN_POINT('',(264.1960952349,81.852055928202,
    112.25961686679));
#4850 = CARTESIAN_POINT('',(265.02707063795,81.620333731429,
    112.18626729493));
#4851 = CARTESIAN_POINT('',(265.41090965708,81.519563588031,
    112.13933908294));
#4852 = CARTESIAN_POINT('',(265.80431880253,81.423288118074,
    112.07724201808));
#4853 = CARTESIAN_POINT('',(266.20786722616,81.332470861336,
    111.99826223696));
#4854 = CARTESIAN_POINT('',(266.62172411635,81.248407293107,
    111.90035543735));
#4855 = CARTESIAN_POINT('',(267.40048980805,81.109374504905,
    111.68140250352));
#4856 = CARTESIAN_POINT('',(267.76387910866,81.051631016933,
    111.5663035602));
#4857 = CARTESIAN_POINT('',(268.13360078222,81.000925731996,
    111.43487547957));
#4858 = CARTESIAN_POINT('',(268.50771157053,80.958528821372,
    111.28627146637));
#4859 = CARTESIAN_POINT('',(268.88438488043,80.925559842663,
    111.11981053821));
#4860 = CARTESIAN_POINT('',(269.61196455281,80.882060526394,
    110.76348353757));
#4861 = CARTESIAN_POINT('',(269.9614046035,80.870164625838,
    110.57683897655));
#4862 = CARTESIAN_POINT('',(270.30609271173,80.868113476657,
    110.37611767014));
#4863 = CARTESIAN_POINT('',(270.64243099246,80.876091085357,
    110.163127086));
#4864 = CARTESIAN_POINT('',(270.96723157047,80.893663316348,
    109.94042526144));
#4865 = CARTESIAN_POINT('',(271.61978926214,80.948548124421,
    109.45894085717));
#4866 = CARTESIAN_POINT('',(271.94381054034,80.987631082337,
    109.19929157563));
#4867 = CARTESIAN_POINT('',(272.24982093228,81.035850376024,
    108.9342208097));
#4868 = CARTESIAN_POINT('',(272.53798745155,81.091984430561,
    108.6655098428));
#4869 = CARTESIAN_POINT('',(272.80853514742,81.154755895025,
    108.39499953666));
#4870 = CARTESIAN_POINT('',(273.36634975339,81.304750151419,
    107.79936833656));
#4871 = CARTESIAN_POINT('',(273.64721620749,81.39472864309,
    107.47283704794));
#4872 = CARTESIAN_POINT('',(273.90629442552,81.491107597474,
    107.14639067484));
#4873 = CARTESIAN_POINT('',(274.1455349149,81.592602616893,
    106.82076156829));
#4874 = CARTESIAN_POINT('',(274.36677864831,81.698294839486,
    106.49611757963));
#4875 = CARTESIAN_POINT('',(274.82134158217,81.940793094988,
    105.77734221923));
#4876 = CARTESIAN_POINT('',(275.04687516015,82.0794054311,
    105.38334984537));
#4877 = CARTESIAN_POINT('',(275.25050388603,82.222025970514,
    104.99062914738));
#4878 = CARTESIAN_POINT('',(275.43417309212,82.367614279825,
    104.59923356341));
#4879 = CARTESIAN_POINT('',(275.5995645188,82.515534765363,
    104.20855441922));
#4880 = CARTESIAN_POINT('',(275.91298917944,82.832189168446,
    103.38247295048));
#4881 = CARTESIAN_POINT('',(276.05681765189,83.001154093259,
    102.94758647638));
#4882 = CARTESIAN_POINT('',(276.18096162043,83.171576373331,
    102.51198581743));
#4883 = CARTESIAN_POINT('',(276.28640448596,83.342726639271,
    102.07502223999));
#4884 = CARTESIAN_POINT('',(276.37369306379,83.513978456164,
    101.63572548657));
#4885 = CARTESIAN_POINT('',(276.49457095651,83.812119097675,
    100.86216034037));
#4886 = CARTESIAN_POINT('',(276.53610275708,83.939049770245,
    100.53001787981));
#4887 = CARTESIAN_POINT('',(276.56764169702,84.065409901863,
    100.19532571259));
#4888 = CARTESIAN_POINT('',(276.58905213019,84.190921077692,
    99.8574422386));
#4889 = CARTESIAN_POINT('',(276.59999999846,84.315163202464,
    99.515858344101));
#4890 = CARTESIAN_POINT('',(276.6,84.437564751062,99.170125629));
#4891 = PCURVE('',#2162,#4892);
#4892 = DEFINITIONAL_REPRESENTATION('',(#4893),#5337);
#4893 = B_SPLINE_CURVE_WITH_KNOTS('',3,(#4894,#4895,#4896,#4897,#4898,
    #4899,#4900,#4901,#4902,#4903,#4904,#4905,#4906,#4907,#4908,#4909,
    #4910,#4911,#4912,#4913,#4914,#4915,#4916,#4917,#4918,#4919,#4920,
    #4921,#4922,#4923,#4924,#4925,#4926,#4927,#4928,#4929,#4930,#4931,
    #4932,#4933,#4934,#4935,#4936,#4937,#4938,#4939,#4940,#4941,#4942,
    #4943,#4944,#4945,#4946,#4947,#4948,#4949,#4950,#4951,#4952,#4953,
    #4954,#4955,#4956,#4957,#4958,#4959,#4960,#4961,#4962,#4963,#4964,
    #4965,#4966,#4967,#4968,#4969,#4970,#4971,#4972,#4973,#4974,#4975,
    #4976,#4977,#4978,#4979,#4980,#4981,#4982,#4983,#4984,#4985,#4986,
    #4987,#4988,#4989,#4990,#4991,#4992,#4993,#4994,#4995,#4996,#4997,
    #4998,#4999,#5000,#5001,#5002,#5003,#5004,#5005,#5006,#5007,#5008,
    #5009,#5010,#5011,#5012,#5013,#5014,#5015,#5016,#5017,#5018,#5019,
    #5020,#5021,#5022,#5023,#5024,#5025,#5026,#5027,#5028,#5029,#5030,
    #5031,#5032,#5033,#5034,#5035,#5036,#5037,#5038,#5039,#5040,#5041,
    #5042,#5043,#5044,#5045,#5046,#5047,#5048,#5049,#5050,#5051,#5052,
    #5053,#5054,#5055,#5056,#5057,#5058,#5059,#5060,#5061,#5062,#5063,
    #5064,#5065,#5066,#5067,#5068,#5069,#5070,#5071,#5072,#5073,#5074,
    #5075,#5076,#5077,#5078,#5079,#5080,#5081,#5082,#5083,#5084,#5085,
    #5086,#5087,#5088,#5089,#5090,#5091,#5092,#5093,#5094,#5095,#5096,
    #5097,#5098,#5099,#5100,#5101,#5102,#5103,#5104,#5105,#5106,#5107,
    #5108,#5109,#5110,#5111,#5112,#5113,#5114,#5115,#5116,#5117,#5118,
    #5119,#5120,#5121,#5122,#5123,#5124,#5125,#5126,#5127,#5128,#5129,
    #5130,#5131,#5132,#5133,#5134,#5135,#5136,#5137,#5138,#5139,#5140,
    #5141,#5142,#5143,#5144,#5145,#5146,#5147,#5148,#5149,#5150,#5151,
    #5152,#5153,#5154,#5155,#5156,#5157,#5158,#5159,#5160,#5161,#5162,
    #5163,#5164,#5165,#5166,#5167,#5168,#5169,#5170,#5171,#5172,#5173,
    #5174,#5175,#5176,#5177,#5178,#5179,#5180,#5181,#5182,#5183,#5184,
    #5185,#5186,#5187,#5188,#5189,#5190,#5191,#5192,#5193,#5194,#5195,
    #5196,#5197,#5198,#5199,#5200,#5201,#5202,#5203,#5204,#5205,#5206,
    #5207,#5208,#5209,#5210,#5211,#5212,#5213,#5214,#5215,#5216,#5217,
    #5218,#5219,#5220,#5221,#5222,#5223,#5224,#5225,#5226,#5227,#5228,
    #5229,#5230,#5231,#5232,#5233,#5234,#5235,#5236,#5237,#5238,#5239,
    #5240,#5241,#5242,#5243,#5244,#5245,#5246,#5247,#5248,#5249,#5250,
    #5251,#5252,#5253,#5254,#5255,#5256,#5257,#5258,#5259,#5260,#5261,
    #5262,#5263,#5264,#5265,#5266,#5267,#5268,#5269,#5270,#5271,#5272,
    #5273,#5274,#5275,#5276,#5277,#5278,#5279,#5280,#5281,#5282,#5283,
    #5284,#5285,#5286,#5287,#5288,#5289,#5290,#5291,#5292,#5293,#5294,
    #5295,#5296,#5297,#5298,#5299,#5300,#5301,#5302,#5303,#5304,#5305,
    #5306,#5307,#5308,#5309,#5310,#5311,#5312,#5313,#5314,#5315,#5316,
    #5317,#5318,#5319,#5320,#5321,#5322,#5323,#5324,#5325,#5326,#5327,
    #5328,#5329,#5330,#5331,#5332,#5333,#5334,#5335,#5336),
  .UNSPECIFIED.,.F.,.F.,(4,1,1,1,1,1,1,1,1,1,1,1,1,1,1,1,1,1,1,1,1,1,1,1
    ,1,1,1,1,1,1,1,1,1,1,1,1,1,1,1,1,1,1,1,1,1,1,1,1,1,1,1,1,1,1,1,1,1,1
    ,1,1,1,1,1,1,1,1,1,1,1,1,1,1,1,1,1,1,1,1,1,1,1,1,1,1,1,1,1,1,1,1,1,1
    ,1,1,1,1,1,1,1,1,1,1,1,1,1,1,1,1,1,1,1,1,1,1,1,1,1,1,1,1,1,1,1,1,1,1
    ,1,1,1,1,1,1,1,1,1,1,1,1,1,1,1,1,1,1,1,1,1,1,1,1,1,1,1,1,1,1,1,1,1,1
    ,1,1,1,1,1,1,1,1,1,1,1,1,1,1,1,1,1,1,1,1,1,1,1,1,1,1,1,1,1,1,1,1,1,1
    ,1,1,1,1,1,1,1,1,1,1,1,1,1,1,1,1,1,1,1,1,1,1,1,1,1,1,1,1,1,1,1,1,1,1
    ,1,1,1,1,1,1,1,1,1,1,1,1,1,1,1,1,1,1,1,1,1,1,1,1,1,1,1,1,1,1,1,1,1,1
    ,1,1,1,1,1,1,1,1,1,1,1,1,1,1,1,1,1,1,1,1,1,1,1,1,1,1,1,1,1,1,1,1,1,1
    ,1,1,1,1,1,1,1,1,1,1,1,1,1,1,1,1,1,1,1,1,1,1,1,1,1,1,1,1,1,1,1,1,1,1
    ,1,1,1,1,1,1,1,1,1,1,1,1,1,1,1,1,1,1,1,1,1,1,1,1,1,1,1,1,1,1,1,1,1,1
    ,1,1,1,1,1,1,1,1,1,1,1,1,1,1,1,1,1,1,1,1,1,1,1,1,1,1,1,1,1,1,1,1,1,1
    ,1,1,1,1,1,1,1,1,1,1,1,1,1,1,1,1,1,1,1,1,1,1,1,1,1,1,1,1,1,1,1,1,1,1
    ,1,1,1,1,1,1,1,1,4),(0.,2.272727272727E-03,4.545454545455E-03,
    6.818181818182E-03,9.090909090909E-03,1.136363636364E-02,
    1.363636363636E-02,1.590909090909E-02,1.818181818182E-02,
    2.045454545455E-02,2.272727272727E-02,2.5E-02,2.727272727273E-02,
    2.954545454545E-02,3.181818181818E-02,3.409090909091E-02,
    3.636363636364E-02,3.863636363636E-02,4.090909090909E-02,
    4.318181818182E-02,4.545454545455E-02,4.772727272727E-02,5.E-02,
    5.227272727273E-02,5.454545454545E-02,5.681818181818E-02,
    5.909090909091E-02,6.136363636364E-02,6.363636363636E-02,
    6.590909090909E-02,6.818181818182E-02,7.045454545455E-02,
    7.272727272727E-02,7.5E-02,7.727272727273E-02,7.954545454545E-02,
    8.181818181818E-02,8.409090909091E-02,8.636363636364E-02,
    8.863636363636E-02,9.090909090909E-02,9.318181818182E-02,
    9.545454545455E-02,9.772727272727E-02,1.E-01,0.102272727273,
    0.104545454545,0.106818181818,0.109090909091,0.111363636364,
    0.113636363636,0.115909090909,0.118181818182,0.120454545455,
    0.122727272727,0.125,0.127272727273,0.129545454545,0.131818181818,
    0.134090909091,0.136363636364,0.138636363636,0.140909090909,
    0.143181818182,0.145454545455,0.147727272727,0.15,0.152272727273,
    0.154545454545,0.156818181818,0.159090909091,0.161363636364,
    0.163636363636,0.165909090909,0.168181818182,0.170454545455,
    0.172727272727,0.175,0.177272727273,0.179545454545,0.181818181818,
    0.184090909091,0.186363636364,0.188636363636,0.190909090909,
    0.193181818182,0.195454545455,0.197727272727,0.2,0.202272727273,
    0.204545454545,0.206818181818,0.209090909091,0.211363636364,
    0.213636363636,0.215909090909,0.218181818182,0.220454545455,
    0.222727272727,0.225,0.227272727273,0.229545454545,0.231818181818,
    0.234090909091,0.236363636364,0.238636363636,0.240909090909,
    0.243181818182,0.245454545455,0.247727272727,0.25,0.252272727273,
    0.254545454545,0.256818181818,0.259090909091,0.261363636364,
    0.263636363636,0.265909090909,0.268181818182,0.270454545455,
    0.272727272727,0.275,0.277272727273,0.279545454545,0.281818181818,
    0.284090909091,0.286363636364,0.288636363636,0.290909090909,
    0.293181818182,0.295454545455,0.297727272727,0.3,0.302272727273,
    0.304545454545,0.306818181818,0.309090909091,0.311363636364,
    0.313636363636,0.315909090909,0.318181818182,0.320454545455,
    0.322727272727,0.325,0.327272727273,0.329545454545,0.331818181818,
    0.334090909091,0.336363636364,0.338636363636,0.340909090909,
    0.343181818182,0.345454545455,0.347727272727,0.35,0.352272727273,
    0.354545454545,0.356818181818,0.359090909091,0.361363636364,
    0.363636363636,0.365909090909,0.368181818182,0.370454545455,
    0.372727272727,0.375,0.377272727273,0.379545454545,0.381818181818,
    0.384090909091,0.386363636364,0.388636363636,0.390909090909,
    0.393181818182,0.395454545455,0.397727272727,0.4,0.402272727273,
    0.404545454545,0.406818181818,0.409090909091,0.411363636364,
    0.413636363636,0.415909090909,0.418181818182,0.420454545455,
    0.422727272727,0.425,0.427272727273,0.429545454545,0.431818181818,
    0.434090909091,0.436363636364,0.438636363636,0.440909090909,
    0.443181818182,0.445454545455,0.447727272727,0.45,0.452272727273,
    0.454545454545,0.456818181818,0.459090909091,0.461363636364,
    0.463636363636,0.465909090909,0.468181818182,0.470454545455,
    0.472727272727,0.475,0.477272727273,0.479545454545,0.481818181818,
    0.484090909091,0.486363636364,0.488636363636,0.490909090909,
    0.493181818182,0.495454545455,0.497727272727,0.5,0.502272727273,
    0.504545454545,0.506818181818,0.509090909091,0.511363636364,
    0.513636363636,0.515909090909,0.518181818182,0.520454545455,
    0.522727272727,0.525,0.527272727273,0.529545454545,0.531818181818,
    0.534090909091,0.536363636364,0.538636363636,0.540909090909,
    0.543181818182,0.545454545455,0.547727272727,0.55,0.552272727273,
    0.554545454545,0.556818181818,0.559090909091,0.561363636364,
    0.563636363636,0.565909090909,0.568181818182,0.570454545455,
    0.572727272727,0.575,0.577272727273,0.579545454545,0.581818181818,
    0.584090909091,0.586363636364,0.588636363636,0.590909090909,
    0.593181818182,0.595454545455,0.597727272727,0.6,0.602272727273,
    0.604545454545,0.606818181818,0.609090909091,0.611363636364,
    0.613636363636,0.615909090909,0.618181818182,0.620454545455,
    0.622727272727,0.625,0.627272727273,0.629545454545,0.631818181818,
    0.634090909091,0.636363636364,0.638636363636,0.640909090909,
    0.643181818182,0.645454545455,0.647727272727,0.65,0.652272727273,
    0.654545454545,0.656818181818,0.659090909091,0.661363636364,
    0.663636363636,0.665909090909,0.668181818182,0.670454545455,
    0.672727272727,0.675,0.677272727273,0.679545454545,0.681818181818,
    0.684090909091,0.686363636364,0.688636363636,0.690909090909,
    0.693181818182,0.695454545455,0.697727272727,0.7,0.702272727273,
    0.704545454545,0.706818181818,0.709090909091,0.711363636364,
    0.713636363636,0.715909090909,0.718181818182,0.720454545455,
    0.722727272727,0.725,0.727272727273,0.729545454545,0.731818181818,
    0.734090909091,0.736363636364,0.738636363636,0.740909090909,
    0.743181818182,0.745454545455,0.747727272727,0.75,0.752272727273,
    0.754545454545,0.756818181818,0.759090909091,0.761363636364,
    0.763636363636,0.765909090909,0.768181818182,0.770454545455,
    0.772727272727,0.775,0.777272727273,0.779545454545,0.781818181818,
    0.784090909091,0.786363636364,0.788636363636,0.790909090909,
    0.793181818182,0.795454545455,0.797727272727,0.8,0.802272727273,
    0.804545454545,0.806818181818,0.809090909091,0.811363636364,
    0.813636363636,0.815909090909,0.818181818182,0.820454545455,
    0.822727272727,0.825,0.827272727273,0.829545454545,0.831818181818,
    0.834090909091,0.836363636364,0.838636363636,0.840909090909,
    0.843181818182,0.845454545455,0.847727272727,0.85,0.852272727273,
    0.854545454545,0.856818181818,0.859090909091,0.861363636364,
    0.863636363636,0.865909090909,0.868181818182,0.870454545455,
    0.872727272727,0.875,0.877272727273,0.879545454545,0.881818181818,
    0.884090909091,0.886363636364,0.888636363636,0.890909090909,
    0.893181818182,0.895454545455,0.897727272727,0.9,0.902272727273,
    0.904545454545,0.906818181818,0.909090909091,0.911363636364,
    0.913636363636,0.915909090909,0.918181818182,0.920454545455,
    0.922727272727,0.925,0.927272727273,0.929545454545,0.931818181818,
    0.934090909091,0.936363636364,0.938636363636,0.940909090909,
    0.943181818182,0.945454545455,0.947727272727,0.95,0.952272727273,
    0.954545454545,0.956818181818,0.959090909091,0.961363636364,
    0.963636363636,0.965909090909,0.968181818182,0.970454545455,
    0.972727272727,0.975,0.977272727273,0.979545454545,0.981818181818,
    0.984090909091,0.986363636364,0.988636363636,0.990909090909,
    0.993181818182,0.995454545455,0.997727272727,1.),
  .QUASI_UNIFORM_KNOTS.);
#4894 = CARTESIAN_POINT('',(0.,61.187564751062));
#4895 = CARTESIAN_POINT('',(4.151277877606E-03,61.20681757378));
#4896 = CARTESIAN_POINT('',(1.247462571822E-02,61.245215805058));
#4897 = CARTESIAN_POINT('',(2.502775247788E-02,61.302461062316));
#4898 = CARTESIAN_POINT('',(3.765462088414E-02,61.359325087194));
#4899 = CARTESIAN_POINT('',(5.036118991612E-02,61.415776271371));
#4900 = CARTESIAN_POINT('',(6.315365106359E-02,61.471781149545));
#4901 = CARTESIAN_POINT('',(7.603847669307E-02,61.527303959338));
#4902 = CARTESIAN_POINT('',(8.902243094886E-02,61.582306457454));
#4903 = CARTESIAN_POINT('',(0.102112590183,61.636747632772));
#4904 = CARTESIAN_POINT('',(0.115316362744,61.690583402417));
#4905 = CARTESIAN_POINT('',(0.128641505795,61.743766275179));
#4906 = CARTESIAN_POINT('',(0.142096142274,61.796244970617));
#4907 = CARTESIAN_POINT('',(0.155688775634,61.847963994108));
#4908 = CARTESIAN_POINT('',(0.16942829863,61.898863166018));
#4909 = CARTESIAN_POINT('',(0.183323998065,61.94887709282));
#4910 = CARTESIAN_POINT('',(0.197385550932,61.997934580733));
#4911 = CARTESIAN_POINT('',(0.211623007221,62.045957986767));
#4912 = CARTESIAN_POINT('',(0.226046757872,62.092862507435));
#4913 = CARTESIAN_POINT('',(0.240667480488,62.138555398527));
#4914 = CARTESIAN_POINT('',(0.255496049736,62.182935130018));
#4915 = CARTESIAN_POINT('',(0.270543426614,62.225890541123));
#4916 = CARTESIAN_POINT('',(0.285820438983,62.267299832735));
#4917 = CARTESIAN_POINT('',(0.301337611809,62.307029839729));
#4918 = CARTESIAN_POINT('',(0.317104744461,62.344935141502));
#4919 = CARTESIAN_POINT('',(0.33313055068,62.380857296946));
#4920 = CARTESIAN_POINT('',(0.349421978694,62.414624854427));
#4921 = CARTESIAN_POINT('',(0.365983642196,62.446053345484));
#4922 = CARTESIAN_POINT('',(0.382816712985,62.474945928664));
#4923 = CARTESIAN_POINT('',(0.399918198495,62.501097378807));
#4924 = CARTESIAN_POINT('',(0.417279427828,62.524293161455));
#4925 = CARTESIAN_POINT('',(0.43488547012,62.544321278441));
#4926 = CARTESIAN_POINT('',(0.452710603187,62.560974018268));
#4927 = CARTESIAN_POINT('',(0.470745118359,62.574073527764));
#4928 = CARTESIAN_POINT('',(0.488930640427,62.583435191765));
#4929 = CARTESIAN_POINT('',(0.507214656912,62.588933068452));
#4930 = CARTESIAN_POINT('',(0.525544758105,62.590492830443));
#4931 = CARTESIAN_POINT('',(0.543869424163,62.588093628618));
#4932 = CARTESIAN_POINT('',(0.56213686369,62.581767695727));
#4933 = CARTESIAN_POINT('',(0.580295078749,62.571600068126));
#4934 = CARTESIAN_POINT('',(0.598288975103,62.557730095219));
#4935 = CARTESIAN_POINT('',(0.616068090515,62.540345679956));
#4936 = CARTESIAN_POINT('',(0.63362432204,62.519627450098));
#4937 = CARTESIAN_POINT('',(0.650931353015,62.495786281766));
#4938 = CARTESIAN_POINT('',(0.667976382598,62.469035408747));
#4939 = CARTESIAN_POINT('',(0.684751948394,62.439587636282));
#4940 = CARTESIAN_POINT('',(0.701256021577,62.407646575513));
#4941 = CARTESIAN_POINT('',(0.717490590136,62.373406717838));
#4942 = CARTESIAN_POINT('',(0.733460839726,62.337049723987));
#4943 = CARTESIAN_POINT('',(0.749174142922,62.298744324179));
#4944 = CARTESIAN_POINT('',(0.764639493811,62.258646139679));
#4945 = CARTESIAN_POINT('',(0.779866868296,62.216897938672));
#4946 = CARTESIAN_POINT('',(0.794866888158,62.173630399224));
#4947 = CARTESIAN_POINT('',(0.809650424932,62.128962985918));
#4948 = CARTESIAN_POINT('',(0.82422843467,62.083004740878));
#4949 = CARTESIAN_POINT('',(0.838611758787,62.035855256882));
#4950 = CARTESIAN_POINT('',(0.852811020432,61.987605523353));
#4951 = CARTESIAN_POINT('',(0.866836541702,61.938338763169));
#4952 = CARTESIAN_POINT('',(0.880698295517,61.888131190989));
#4953 = CARTESIAN_POINT('',(0.8944058769,61.837052717638));
#4954 = CARTESIAN_POINT('',(0.907968489232,61.785167584488));
#4955 = CARTESIAN_POINT('',(0.921394941874,61.732534932976));
#4956 = CARTESIAN_POINT('',(0.934693656485,61.679209325517));
#4957 = CARTESIAN_POINT('',(0.947872677344,61.625241205892));
#4958 = CARTESIAN_POINT('',(0.960939685882,61.570677309596));
#4959 = CARTESIAN_POINT('',(0.973902018246,61.515561042305));
#4960 = CARTESIAN_POINT('',(0.986766684421,61.459932798073));
#4961 = CARTESIAN_POINT('',(0.999540379486,61.403830294405));
#4962 = CARTESIAN_POINT('',(1.012229534364,61.347288697577));
#4963 = CARTESIAN_POINT('',(1.024840217247,61.290341397043));
#4964 = CARTESIAN_POINT('',(1.03737858645,61.233018206237));
#4965 = CARTESIAN_POINT('',(1.049849292287,61.175353088986));
#4966 = CARTESIAN_POINT('',(1.062262131553,61.117353375378));
#4967 = CARTESIAN_POINT('',(1.074621908406,61.0590467459));
#4968 = CARTESIAN_POINT('',(1.086932257758,61.000464532584));
#4969 = CARTESIAN_POINT('',(1.099197148259,60.941634722781));
#4970 = CARTESIAN_POINT('',(1.111420501061,60.882583862617));
#4971 = CARTESIAN_POINT('',(1.123606313917,60.823336575902));
#4972 = CARTESIAN_POINT('',(1.135758650382,60.76391572154));
#4973 = CARTESIAN_POINT('',(1.147881665196,60.704342381475));
#4974 = CARTESIAN_POINT('',(1.159979621465,60.644635888013));
#4975 = CARTESIAN_POINT('',(1.172056905798,60.584813863083));
#4976 = CARTESIAN_POINT('',(1.184118060916,60.524892170359));
#4977 = CARTESIAN_POINT('',(1.196167751214,60.464885204032));
#4978 = CARTESIAN_POINT('',(1.208210979567,60.404804918099));
#4979 = CARTESIAN_POINT('',(1.22025236646,60.344664556923));
#4980 = CARTESIAN_POINT('',(1.232298928567,60.284464840222));
#4981 = CARTESIAN_POINT('',(1.244346774822,60.224260789013));
#4982 = CARTESIAN_POINT('',(1.256400112617,60.164066447787));
#4983 = CARTESIAN_POINT('',(1.268463454942,60.103894157504));
#4984 = CARTESIAN_POINT('',(1.280541055093,60.043757458224));
#4985 = CARTESIAN_POINT('',(1.292637074274,59.983670336317));
#4986 = CARTESIAN_POINT('',(1.304755552975,59.923647451156));
#4987 = CARTESIAN_POINT('',(1.316900435038,59.863704099328));
#4988 = CARTESIAN_POINT('',(1.329075577667,59.803856249253));
#4989 = CARTESIAN_POINT('',(1.341284765297,59.744120556698));
#4990 = CARTESIAN_POINT('',(1.353531722237,59.684514386272));
#4991 = CARTESIAN_POINT('',(1.365820126313,59.625055828101));
#4992 = CARTESIAN_POINT('',(1.378153619522,59.565763727828));
#4993 = CARTESIAN_POINT('',(1.390535829239,59.506657668094));
#4994 = CARTESIAN_POINT('',(1.402970349627,59.447758130819));
#4995 = CARTESIAN_POINT('',(1.415460870921,59.389085984751));
#4996 = CARTESIAN_POINT('',(1.428010756007,59.33066449118));
#4997 = CARTESIAN_POINT('',(1.440624678773,59.272511911706));
#4998 = CARTESIAN_POINT('',(1.453301815956,59.214672633105));
#4999 = CARTESIAN_POINT('',(1.466048146067,59.157160659219));
#5000 = CARTESIAN_POINT('',(1.478870304044,59.099988877527));
#5001 = CARTESIAN_POINT('',(1.491774431507,59.043174277384));
#5002 = CARTESIAN_POINT('',(1.504766507946,58.986736546195));
#5003 = CARTESIAN_POINT('',(1.517852285354,58.930698439928));
#5004 = CARTESIAN_POINT('',(1.531037329259,58.875085678363));
#5005 = CARTESIAN_POINT('',(1.54432703159,58.819926967027));
#5006 = CARTESIAN_POINT('',(1.557726630489,58.76525398768));
#5007 = CARTESIAN_POINT('',(1.571241230982,58.711101387888));
#5008 = CARTESIAN_POINT('',(1.584875815497,58.6575068057));
#5009 = CARTESIAN_POINT('',(1.598635294146,58.604510754841));
#5010 = CARTESIAN_POINT('',(1.612524405834,58.55215703271));
#5011 = CARTESIAN_POINT('',(1.626548175772,58.500491176662));
#5012 = CARTESIAN_POINT('',(1.640710295686,58.449566204332));
#5013 = CARTESIAN_POINT('',(1.65502014072,58.399418047926));
#5014 = CARTESIAN_POINT('',(1.66948658942,58.350089229924));
#5015 = CARTESIAN_POINT('',(1.68411719771,58.301631375246));
#5016 = CARTESIAN_POINT('',(1.698919579183,58.254100440077));
#5017 = CARTESIAN_POINT('',(1.713901059438,58.207557992232));
#5018 = CARTESIAN_POINT('',(1.729068789657,58.162070878882));
#5019 = CARTESIAN_POINT('',(1.744429753098,58.117711293311));
#5020 = CARTESIAN_POINT('',(1.759990744611,58.074556858179));
#5021 = CARTESIAN_POINT('',(1.775758569048,58.032690243738));
#5022 = CARTESIAN_POINT('',(1.791739394945,57.992200629715));
#5023 = CARTESIAN_POINT('',(1.807941272049,57.95317825758));
#5024 = CARTESIAN_POINT('',(1.824364841902,57.915734777627));
#5025 = CARTESIAN_POINT('',(1.841038115942,57.879927326385));
#5026 = CARTESIAN_POINT('',(1.857971738313,57.845865684167));
#5027 = CARTESIAN_POINT('',(1.875149771112,57.81371460585));
#5028 = CARTESIAN_POINT('',(1.892564455176,57.78361775154));
#5029 = CARTESIAN_POINT('',(1.910206788694,57.755718146334));
#5030 = CARTESIAN_POINT('',(1.928068952574,57.730152762634));
#5031 = CARTESIAN_POINT('',(1.946143528916,57.707054083148));
#5032 = CARTESIAN_POINT('',(1.964423700671,57.686549618633));
#5033 = CARTESIAN_POINT('',(1.982902736602,57.668762625936));
#5034 = CARTESIAN_POINT('',(2.001575359932,57.653810070155));
#5035 = CARTESIAN_POINT('',(2.020432306308,57.641810409976));
#5036 = CARTESIAN_POINT('',(2.039402880669,57.632896197383));
#5037 = CARTESIAN_POINT('',(2.058458017024,57.627139972136));
#5038 = CARTESIAN_POINT('',(2.077559732805,57.624594437614));
#5039 = CARTESIAN_POINT('',(2.09667260991,57.625283009402));
#5040 = CARTESIAN_POINT('',(2.115760580964,57.629202366861));
#5041 = CARTESIAN_POINT('',(2.134787572545,57.636321700081));
#5042 = CARTESIAN_POINT('',(2.153717415281,57.646583172305));
#5043 = CARTESIAN_POINT('',(2.172512831899,57.659900825094));
#5044 = CARTESIAN_POINT('',(2.191138851522,57.676164497046));
#5045 = CARTESIAN_POINT('',(2.209546887666,57.695222975586));
#5046 = CARTESIAN_POINT('',(2.227734913142,57.716951470816));
#5047 = CARTESIAN_POINT('',(2.245700554928,57.741225555001));
#5048 = CARTESIAN_POINT('',(2.263441274636,57.767918745744));
#5049 = CARTESIAN_POINT('',(2.28095424503,57.796903069046));
#5050 = CARTESIAN_POINT('',(2.298236290862,57.828048790999));
#5051 = CARTESIAN_POINT('',(2.315283866083,57.861224495065));
#5052 = CARTESIAN_POINT('',(2.332092813791,57.896296608357));
#5053 = CARTESIAN_POINT('',(2.348658953961,57.933130786363));
#5054 = CARTESIAN_POINT('',(2.364975574854,57.971586414856));
#5055 = CARTESIAN_POINT('',(2.381042481575,58.011536784642));
#5056 = CARTESIAN_POINT('',(2.396893480917,58.052949371041));
#5057 = CARTESIAN_POINT('',(2.412528775019,58.095717595376));
#5058 = CARTESIAN_POINT('',(2.427956592593,58.139758790114));
#5059 = CARTESIAN_POINT('',(2.443183101238,58.184990452727));
#5060 = CARTESIAN_POINT('',(2.458215142038,58.231336617799));
#5061 = CARTESIAN_POINT('',(2.473059527653,58.278726158457));
#5062 = CARTESIAN_POINT('',(2.487723260996,58.327093252234));
#5063 = CARTESIAN_POINT('',(2.502213504709,58.376377259891));
#5064 = CARTESIAN_POINT('',(2.516537623334,58.426522787963));
#5065 = CARTESIAN_POINT('',(2.53070318025,58.47747960347));
#5066 = CARTESIAN_POINT('',(2.544718039078,58.52920295622));
#5067 = CARTESIAN_POINT('',(2.558590088613,58.581652418592));
#5068 = CARTESIAN_POINT('',(2.572328579381,58.634797059481));
#5069 = CARTESIAN_POINT('',(2.585937889241,58.688590939614));
#5070 = CARTESIAN_POINT('',(2.599422468772,58.742990825648));
#5071 = CARTESIAN_POINT('',(2.612786797258,58.797956124773));
#5072 = CARTESIAN_POINT('',(2.626035415256,58.853448908939));
#5073 = CARTESIAN_POINT('',(2.63917293683,58.909433915));
#5074 = CARTESIAN_POINT('',(2.652204067398,58.965878551516));
#5075 = CARTESIAN_POINT('',(2.665133620011,59.02275290305));
#5076 = CARTESIAN_POINT('',(2.677966532638,59.080029737797));
#5077 = CARTESIAN_POINT('',(2.690707883089,59.137684504396));
#5078 = CARTESIAN_POINT('',(2.703362912233,59.195695368694));
#5079 = CARTESIAN_POINT('',(2.715937016109,59.254043101499));
#5080 = CARTESIAN_POINT('',(2.728435853642,59.312711522438));
#5081 = CARTESIAN_POINT('',(2.740865022354,59.371685868403));
#5082 = CARTESIAN_POINT('',(2.753231345638,59.430958907527));
#5083 = CARTESIAN_POINT('',(2.765538144751,59.490508146473));
#5084 = CARTESIAN_POINT('',(2.77778563577,59.550296683155));
#5085 = CARTESIAN_POINT('',(2.78997813701,59.610308252721));
#5086 = CARTESIAN_POINT('',(2.802118834856,59.670522000013));
#5087 = CARTESIAN_POINT('',(2.814211199255,59.730919213621));
#5088 = CARTESIAN_POINT('',(2.826258618533,59.791481499899));
#5089 = CARTESIAN_POINT('',(2.838264511547,59.852191250672));
#5090 = CARTESIAN_POINT('',(2.850232312099,59.913031496256));
#5091 = CARTESIAN_POINT('',(2.862165487763,59.973985923504));
#5092 = CARTESIAN_POINT('',(2.874067549369,60.035038848462));
#5093 = CARTESIAN_POINT('',(2.88594206389,60.096175205533));
#5094 = CARTESIAN_POINT('',(2.897792663344,60.157380516022));
#5095 = CARTESIAN_POINT('',(2.909623066333,60.218640922635));
#5096 = CARTESIAN_POINT('',(2.921437052989,60.279942980787));
#5097 = CARTESIAN_POINT('',(2.933238613484,60.341274356712));
#5098 = CARTESIAN_POINT('',(2.945031448533,60.402621141569));
#5099 = CARTESIAN_POINT('',(2.956820887853,60.463977794756));
#5100 = CARTESIAN_POINT('',(2.968606784178,60.525309954387));
#5101 = CARTESIAN_POINT('',(2.98038958707,60.586585975785));
#5102 = CARTESIAN_POINT('',(2.992175439801,60.647803535527));
#5103 = CARTESIAN_POINT('',(3.003968709286,60.708950505693));
#5104 = CARTESIAN_POINT('',(3.015774009045,60.770015410442));
#5105 = CARTESIAN_POINT('',(3.027595678836,60.830984598517));
#5106 = CARTESIAN_POINT('',(3.03943794589,60.891842975797));
#5107 = CARTESIAN_POINT('',(3.051304902992,60.952573781702));
#5108 = CARTESIAN_POINT('',(3.063200537262,61.013158630177));
#5109 = CARTESIAN_POINT('',(3.075128738719,61.073577448474));
#5110 = CARTESIAN_POINT('',(3.087093338225,61.133808560189));
#5111 = CARTESIAN_POINT('',(3.099098047079,61.193828293464));
#5112 = CARTESIAN_POINT('',(3.111146759336,61.253612344279));
#5113 = CARTESIAN_POINT('',(3.123242500057,61.31313059422));
#5114 = CARTESIAN_POINT('',(3.135391425308,61.372366355253));
#5115 = CARTESIAN_POINT('',(3.147586328476,61.431236485602));
#5116 = CARTESIAN_POINT('',(3.159835375927,61.489731531382));
#5117 = CARTESIAN_POINT('',(3.17214872632,61.547848204169));
#5118 = CARTESIAN_POINT('',(3.18453529643,61.605573798709));
#5119 = CARTESIAN_POINT('',(3.197003675874,61.662890401699));
#5120 = CARTESIAN_POINT('',(3.209561930332,61.719773797759));
#5121 = CARTESIAN_POINT('',(3.222217702442,61.776193795555));
#5122 = CARTESIAN_POINT('',(3.234978233567,61.832114176142));
#5123 = CARTESIAN_POINT('',(3.247850404003,61.887492732289));
#5124 = CARTESIAN_POINT('',(3.260840777586,61.942281321612));
#5125 = CARTESIAN_POINT('',(3.273955608815,61.996425773543));
#5126 = CARTESIAN_POINT('',(3.287200993495,62.049866367118));
#5127 = CARTESIAN_POINT('',(3.300582480165,62.102536171652));
#5128 = CARTESIAN_POINT('',(3.314106691601,62.154367365067));
#5129 = CARTESIAN_POINT('',(3.327775441281,62.205267778699));
#5130 = CARTESIAN_POINT('',(3.341607855213,62.255208558555));
#5131 = CARTESIAN_POINT('',(3.355740037317,62.304543781974));
#5132 = CARTESIAN_POINT('',(3.37013648048,62.352984999855));
#5133 = CARTESIAN_POINT('',(3.384799070548,62.400379462098));
#5134 = CARTESIAN_POINT('',(3.399720548119,62.446536325056));
#5135 = CARTESIAN_POINT('',(3.414896990931,62.491273278886));
#5136 = CARTESIAN_POINT('',(3.430324480324,62.53440411481));
#5137 = CARTESIAN_POINT('',(3.446000004468,62.575742118731));
#5138 = CARTESIAN_POINT('',(3.461921225626,62.615099225433));
#5139 = CARTESIAN_POINT('',(3.478086551254,62.652286309999));
#5140 = CARTESIAN_POINT('',(3.494495124176,62.68711317566));
#5141 = CARTESIAN_POINT('',(3.511146832959,62.719388624602));
#5142 = CARTESIAN_POINT('',(3.528042324611,62.748920506441));
#5143 = CARTESIAN_POINT('',(3.54518299207,62.775515778939));
#5144 = CARTESIAN_POINT('',(3.562571066652,62.798980548001));
#5145 = CARTESIAN_POINT('',(3.580209324463,62.819120184224));
#5146 = CARTESIAN_POINT('',(3.598102243018,62.83573915985));
#5147 = CARTESIAN_POINT('',(3.616251756409,62.848641933433));
#5148 = CARTESIAN_POINT('',(3.63467318189,62.857629929185));
#5149 = CARTESIAN_POINT('',(3.653335880596,62.862513095769));
#5150 = CARTESIAN_POINT('',(3.672384831155,62.863067058545));
#5151 = CARTESIAN_POINT('',(3.691201899963,62.859203223437));
#5152 = CARTESIAN_POINT('',(3.70969435303,62.851185582335));
#5153 = CARTESIAN_POINT('',(3.727899471762,62.839218302265));
#5154 = CARTESIAN_POINT('',(3.745818599301,62.823516503275));
#5155 = CARTESIAN_POINT('',(3.763461688726,62.804287165477));
#5156 = CARTESIAN_POINT('',(3.780835441269,62.781734122593));
#5157 = CARTESIAN_POINT('',(3.79794655376,62.75605660721));
#5158 = CARTESIAN_POINT('',(3.814800912205,62.727449529526));
#5159 = CARTESIAN_POINT('',(3.831403866693,62.696103297287));
#5160 = CARTESIAN_POINT('',(3.84776021214,62.662203764326));
#5161 = CARTESIAN_POINT('',(3.863874243908,62.625932150342));
#5162 = CARTESIAN_POINT('',(3.879749789932,62.587464973993));
#5163 = CARTESIAN_POINT('',(3.89539024613,62.546973988333));
#5164 = CARTESIAN_POINT('',(3.910798608702,62.504626120402));
#5165 = CARTESIAN_POINT('',(3.925977504438,62.460583418748));
#5166 = CARTESIAN_POINT('',(3.94092922323,62.415002991885));
#5167 = CARTESIAN_POINT('',(3.95565573709,62.368037001952));
#5168 = CARTESIAN_POINT('',(3.970158766506,62.319832473472));
#5169 = CARTESIAN_POINT('',(3.984439668575,62.270531813383));
#5170 = CARTESIAN_POINT('',(3.998499990322,62.220270697708));
#5171 = CARTESIAN_POINT('',(4.012339541137,62.169185807278));
#5172 = CARTESIAN_POINT('',(4.025963726997,62.117385827438));
#5173 = CARTESIAN_POINT('',(4.039356323656,62.065059569628));
#5174 = CARTESIAN_POINT('',(4.052581715265,62.012070483139));
#5175 = CARTESIAN_POINT('',(4.065692668839,61.958296470812));
#5176 = CARTESIAN_POINT('',(4.07868133047,61.903851605978));
#5177 = CARTESIAN_POINT('',(4.091556256177,61.848780473187));
#5178 = CARTESIAN_POINT('',(4.104321808889,61.793140050271));
#5179 = CARTESIAN_POINT('',(4.116983717216,61.736977749075));
#5180 = CARTESIAN_POINT('',(4.129547624969,61.680337280215));
#5181 = CARTESIAN_POINT('',(4.142019519322,61.623257063031));
#5182 = CARTESIAN_POINT('',(4.154405656546,61.565770630761));
#5183 = CARTESIAN_POINT('',(4.166712621146,61.507906509606));
#5184 = CARTESIAN_POINT('',(4.178947355708,61.449688207038));
#5185 = CARTESIAN_POINT('',(4.191117175911,61.39113428923));
#5186 = CARTESIAN_POINT('',(4.20322987513,61.332257992745));
#5187 = CARTESIAN_POINT('',(4.215293486034,61.273068610098));
#5188 = CARTESIAN_POINT('',(4.227317324726,61.21356624553));
#5189 = CARTESIAN_POINT('',(4.239296753679,61.153818548162));
#5190 = CARTESIAN_POINT('',(4.251236629159,61.09384503316));
#5191 = CARTESIAN_POINT('',(4.263140209993,61.03367156341));
#5192 = CARTESIAN_POINT('',(4.275011182145,60.973320546828));
#5193 = CARTESIAN_POINT('',(4.28685313455,60.912813590229));
#5194 = CARTESIAN_POINT('',(4.298669718211,60.85217081555));
#5195 = CARTESIAN_POINT('',(4.310464622563,60.791411070128));
#5196 = CARTESIAN_POINT('',(4.322241600863,60.730551898368));
#5197 = CARTESIAN_POINT('',(4.334004483323,60.669609573826));
#5198 = CARTESIAN_POINT('',(4.345757191154,60.608599128227));
#5199 = CARTESIAN_POINT('',(4.357503759908,60.547534332326));
#5200 = CARTESIAN_POINT('',(4.369248325193,60.486427872476));
#5201 = CARTESIAN_POINT('',(4.380995249827,60.42529079251));
#5202 = CARTESIAN_POINT('',(4.392748722926,60.364134678664));
#5203 = CARTESIAN_POINT('',(4.404514329602,60.302963607028));
#5204 = CARTESIAN_POINT('',(4.416288263691,60.241830369503));
#5205 = CARTESIAN_POINT('',(4.428075568059,60.18074139748));
#5206 = CARTESIAN_POINT('',(4.439880266785,60.119708479223));
#5207 = CARTESIAN_POINT('',(4.451706487683,60.058742940753));
#5208 = CARTESIAN_POINT('',(4.463558175858,59.997857223432));
#5209 = CARTESIAN_POINT('',(4.475439184912,59.937064479623));
#5210 = CARTESIAN_POINT('',(4.487353267036,59.876378699379));
#5211 = CARTESIAN_POINT('',(4.499304090255,59.815814694894));
#5212 = CARTESIAN_POINT('',(4.511295248431,59.755388122924));
#5213 = CARTESIAN_POINT('',(4.5233302731,59.69511549753));
#5214 = CARTESIAN_POINT('',(4.535412645175,59.635014203579));
#5215 = CARTESIAN_POINT('',(4.547545805125,59.575102516898));
#5216 = CARTESIAN_POINT('',(4.559733169011,59.515399597031));
#5217 = CARTESIAN_POINT('',(4.571978122069,59.455925582969));
#5218 = CARTESIAN_POINT('',(4.584284095572,59.39670130435));
#5219 = CARTESIAN_POINT('',(4.596654332171,59.337749427827));
#5220 = CARTESIAN_POINT('',(4.609092812984,59.279090247285));
#5221 = CARTESIAN_POINT('',(4.621599105765,59.22076562887));
#5222 = CARTESIAN_POINT('',(4.634180065746,59.162784341113));
#5223 = CARTESIAN_POINT('',(4.646841832444,59.105160516404));
#5224 = CARTESIAN_POINT('',(4.65959044272,59.047910693285));
#5225 = CARTESIAN_POINT('',(4.672431688365,58.99105459827));
#5226 = CARTESIAN_POINT('',(4.685371176377,58.934614925622));
#5227 = CARTESIAN_POINT('',(4.698414335108,58.878617385776));
#5228 = CARTESIAN_POINT('',(4.711566435251,58.823090681237));
#5229 = CARTESIAN_POINT('',(4.724832606422,58.768066503912));
#5230 = CARTESIAN_POINT('',(4.73821785716,58.713579519246));
#5231 = CARTESIAN_POINT('',(4.751727086081,58.659667381696));
#5232 = CARTESIAN_POINT('',(4.765365125209,58.606370638064));
#5233 = CARTESIAN_POINT('',(4.779136663427,58.55373304804));
#5234 = CARTESIAN_POINT('',(4.793046616973,58.501800348057));
#5235 = CARTESIAN_POINT('',(4.80709883107,58.450624824684));
#5236 = CARTESIAN_POINT('',(4.821303813123,58.40023819737));
#5237 = CARTESIAN_POINT('',(4.835669416946,58.350686643533));
#5238 = CARTESIAN_POINT('',(4.850203254169,58.302021568022));
#5239 = CARTESIAN_POINT('',(4.864912733542,58.254299647725));
#5240 = CARTESIAN_POINT('',(4.879805073548,58.207582818694));
#5241 = CARTESIAN_POINT('',(4.894887318134,58.161938289291));
#5242 = CARTESIAN_POINT('',(4.910166370907,58.117438506741));
#5243 = CARTESIAN_POINT('',(4.92564895657,58.074161284032));
#5244 = CARTESIAN_POINT('',(4.941341859218,58.032189332027));
#5245 = CARTESIAN_POINT('',(4.957251130242,57.991612010373));
#5246 = CARTESIAN_POINT('',(4.973385145115,57.952518798003));
#5247 = CARTESIAN_POINT('',(4.989743299223,57.915023666502));
#5248 = CARTESIAN_POINT('',(5.006362263701,57.879165343462));
#5249 = CARTESIAN_POINT('',(5.023238201019,57.84508489727));
#5250 = CARTESIAN_POINT('',(5.040359572315,57.812935596086));
#5251 = CARTESIAN_POINT('',(5.057717919984,57.782861010597));
#5252 = CARTESIAN_POINT('',(5.075304864082,57.755000970144));
#5253 = CARTESIAN_POINT('',(5.09311283761,57.729490019851));
#5254 = CARTESIAN_POINT('',(5.111134650632,57.706458020359));
#5255 = CARTESIAN_POINT('',(5.129364000752,57.686029676126));
#5256 = CARTESIAN_POINT('',(5.147793372688,57.668326206892));
#5257 = CARTESIAN_POINT('',(5.166421441487,57.653459517889));
#5258 = CARTESIAN_POINT('',(5.185225081687,57.641554231907));
#5259 = CARTESIAN_POINT('',(5.204139791752,57.632731421701));
#5260 = CARTESIAN_POINT('',(5.223137275067,57.62705817102));
#5261 = CARTESIAN_POINT('',(5.242179931309,57.624581730567));
#5262 = CARTESIAN_POINT('',(5.261232743242,57.625320485653));
#5263 = CARTESIAN_POINT('',(5.280259942464,57.629266394412));
#5264 = CARTESIAN_POINT('',(5.299225743844,57.636384327984));
#5265 = CARTESIAN_POINT('',(5.318094023788,57.646612332256));
#5266 = CARTESIAN_POINT('',(5.336828154485,57.659861301419));
#5267 = CARTESIAN_POINT('',(5.355391272845,57.676016082705));
#5268 = CARTESIAN_POINT('',(5.373738653721,57.694926208645));
#5269 = CARTESIAN_POINT('',(5.391872135064,57.716470691532));
#5270 = CARTESIAN_POINT('',(5.409788189254,57.740524391486));
#5271 = CARTESIAN_POINT('',(5.427484456034,57.766961441949));
#5272 = CARTESIAN_POINT('',(5.444957922054,57.795654263008));
#5273 = CARTESIAN_POINT('',(5.462205306471,57.826473687157));
#5274 = CARTESIAN_POINT('',(5.479222966127,57.859289047445));
#5275 = CARTESIAN_POINT('',(5.496006509407,57.893967303673));
#5276 = CARTESIAN_POINT('',(5.512552051385,57.930376053986));
#5277 = CARTESIAN_POINT('',(5.528851192935,57.968371966838));
#5278 = CARTESIAN_POINT('',(5.544909462585,58.007843646086));
#5279 = CARTESIAN_POINT('',(5.56075728618,58.048751831425));
#5280 = CARTESIAN_POINT('',(5.576394847779,58.090991281368));
#5281 = CARTESIAN_POINT('',(5.591830232336,58.134480280915));
#5282 = CARTESIAN_POINT('',(5.607069513266,58.179137321546));
#5283 = CARTESIAN_POINT('',(5.622119439925,58.224887355845));
#5284 = CARTESIAN_POINT('',(5.636986748304,58.271660127261));
#5285 = CARTESIAN_POINT('',(5.6516783763,58.319390624692));
#5286 = CARTESIAN_POINT('',(5.66620143466,58.368018962601));
#5287 = CARTESIAN_POINT('',(5.680563247617,58.417490434231));
#5288 = CARTESIAN_POINT('',(5.694771355913,58.46775544686));
#5289 = CARTESIAN_POINT('',(5.708833597267,58.518769755809));
#5290 = CARTESIAN_POINT('',(5.722757911281,58.570493621388));
#5291 = CARTESIAN_POINT('',(5.736553386121,58.622895796351));
#5292 = CARTESIAN_POINT('',(5.750224287965,58.67593038028));
#5293 = CARTESIAN_POINT('',(5.763775064048,58.729554515479));
#5294 = CARTESIAN_POINT('',(5.777210164642,58.783727810397));
#5295 = CARTESIAN_POINT('',(5.790534111754,58.838412495373));
#5296 = CARTESIAN_POINT('',(5.80375150196,58.893573382137));
#5297 = CARTESIAN_POINT('',(5.816867027102,58.949177875994));
#5298 = CARTESIAN_POINT('',(5.82988549025,59.005195973491));
#5299 = CARTESIAN_POINT('',(5.842811823336,59.061600265486));
#5300 = CARTESIAN_POINT('',(5.855651103162,59.118365933124));
#5301 = CARTESIAN_POINT('',(5.868408572358,59.175470766788));
#5302 = CARTESIAN_POINT('',(5.881089642058,59.232895100221));
#5303 = CARTESIAN_POINT('',(5.893699962427,59.290622061024));
#5304 = CARTESIAN_POINT('',(5.906245239572,59.348636640447));
#5305 = CARTESIAN_POINT('',(5.918731998364,59.406929169643));
#5306 = CARTESIAN_POINT('',(5.931164814336,59.465482350788));
#5307 = CARTESIAN_POINT('',(5.943542585806,59.524252730263));
#5308 = CARTESIAN_POINT('',(5.955870197852,59.583225716097));
#5309 = CARTESIAN_POINT('',(5.968150969645,59.642380173604));
#5310 = CARTESIAN_POINT('',(5.980388597221,59.701697432729));
#5311 = CARTESIAN_POINT('',(5.992586648524,59.761158847097));
#5312 = CARTESIAN_POINT('',(6.004748714543,59.82074642063));
#5313 = CARTESIAN_POINT('',(6.016878384842,59.880442612194));
#5314 = CARTESIAN_POINT('',(6.028979270314,59.940230360564));
#5315 = CARTESIAN_POINT('',(6.041055013322,60.00009305007));
#5316 = CARTESIAN_POINT('',(6.05310930152,60.060014493217));
#5317 = CARTESIAN_POINT('',(6.065145879903,60.119978904727));
#5318 = CARTESIAN_POINT('',(6.077168566337,60.179970892908));
#5319 = CARTESIAN_POINT('',(6.089181254909,60.239975390299));
#5320 = CARTESIAN_POINT('',(6.101187964253,60.299977809897));
#5321 = CARTESIAN_POINT('',(6.11319271774,60.359963359748));
#5322 = CARTESIAN_POINT('',(6.125200050643,60.419919498535));
#5323 = CARTESIAN_POINT('',(6.137213176732,60.479826668795));
#5324 = CARTESIAN_POINT('',(6.149230988659,60.539643145629));
#5325 = CARTESIAN_POINT('',(6.161260141027,60.599365451212));
#5326 = CARTESIAN_POINT('',(6.173305238166,60.658979065948));
#5327 = CARTESIAN_POINT('',(6.18537118339,60.718470084508));
#5328 = CARTESIAN_POINT('',(6.19746257375,60.777822066299));
#5329 = CARTESIAN_POINT('',(6.209583886385,60.837016852654));
#5330 = CARTESIAN_POINT('',(6.221739452656,60.896034322709));
#5331 = CARTESIAN_POINT('',(6.233933488874,60.954852427813));
#5332 = CARTESIAN_POINT('',(6.24617011196,61.013447173112));
#5333 = CARTESIAN_POINT('',(6.258453357585,61.071792531909));
#5334 = CARTESIAN_POINT('',(6.270787201969,61.129860681749));
#5335 = CARTESIAN_POINT('',(6.279046110522,61.168367574457));
#5336 = CARTESIAN_POINT('',(6.28318530718,61.187564751062));
#5337 = ( GEOMETRIC_REPRESENTATION_CONTEXT(2) 
PARAMETRIC_REPRESENTATION_CONTEXT() REPRESENTATION_CONTEXT('2D SPACE',''
  ) );
#5338 = PCURVE('',#5339,#5344);
#5339 = CYLINDRICAL_SURFACE('',#5340,19.375);
#5340 = AXIS2_PLACEMENT_3D('',#5341,#5342,#5343);
#5341 = CARTESIAN_POINT('',(256.5,100.25,86.748538587434));
#5342 = DIRECTION('',(0.5,0.,0.866025403784));
#5343 = DIRECTION('',(0.,1.,0.));
#5344 = DEFINITIONAL_REPRESENTATION('',(#5345),#5789);
#5345 = B_SPLINE_CURVE_WITH_KNOTS('',3,(#5346,#5347,#5348,#5349,#5350,
    #5351,#5352,#5353,#5354,#5355,#5356,#5357,#5358,#5359,#5360,#5361,
    #5362,#5363,#5364,#5365,#5366,#5367,#5368,#5369,#5370,#5371,#5372,
    #5373,#5374,#5375,#5376,#5377,#5378,#5379,#5380,#5381,#5382,#5383,
    #5384,#5385,#5386,#5387,#5388,#5389,#5390,#5391,#5392,#5393,#5394,
    #5395,#5396,#5397,#5398,#5399,#5400,#5401,#5402,#5403,#5404,#5405,
    #5406,#5407,#5408,#5409,#5410,#5411,#5412,#5413,#5414,#5415,#5416,
    #5417,#5418,#5419,#5420,#5421,#5422,#5423,#5424,#5425,#5426,#5427,
    #5428,#5429,#5430,#5431,#5432,#5433,#5434,#5435,#5436,#5437,#5438,
    #5439,#5440,#5441,#5442,#5443,#5444,#5445,#5446,#5447,#5448,#5449,
    #5450,#5451,#5452,#5453,#5454,#5455,#5456,#5457,#5458,#5459,#5460,
    #5461,#5462,#5463,#5464,#5465,#5466,#5467,#5468,#5469,#5470,#5471,
    #5472,#5473,#5474,#5475,#5476,#5477,#5478,#5479,#5480,#5481,#5482,
    #5483,#5484,#5485,#5486,#5487,#5488,#5489,#5490,#5491,#5492,#5493,
    #5494,#5495,#5496,#5497,#5498,#5499,#5500,#5501,#5502,#5503,#5504,
    #5505,#5506,#5507,#5508,#5509,#5510,#5511,#5512,#5513,#5514,#5515,
    #5516,#5517,#5518,#5519,#5520,#5521,#5522,#5523,#5524,#5525,#5526,
    #5527,#5528,#5529,#5530,#5531,#5532,#5533,#5534,#5535,#5536,#5537,
    #5538,#5539,#5540,#5541,#5542,#5543,#5544,#5545,#5546,#5547,#5548,
    #5549,#5550,#5551,#5552,#5553,#5554,#5555,#5556,#5557,#5558,#5559,
    #5560,#5561,#5562,#5563,#5564,#5565,#5566,#5567,#5568,#5569,#5570,
    #5571,#5572,#5573,#5574,#5575,#5576,#5577,#5578,#5579,#5580,#5581,
    #5582,#5583,#5584,#5585,#5586,#5587,#5588,#5589,#5590,#5591,#5592,
    #5593,#5594,#5595,#5596,#5597,#5598,#5599,#5600,#5601,#5602,#5603,
    #5604,#5605,#5606,#5607,#5608,#5609,#5610,#5611,#5612,#5613,#5614,
    #5615,#5616,#5617,#5618,#5619,#5620,#5621,#5622,#5623,#5624,#5625,
    #5626,#5627,#5628,#5629,#5630,#5631,#5632,#5633,#5634,#5635,#5636,
    #5637,#5638,#5639,#5640,#5641,#5642,#5643,#5644,#5645,#5646,#5647,
    #5648,#5649,#5650,#5651,#5652,#5653,#5654,#5655,#5656,#5657,#5658,
    #5659,#5660,#5661,#5662,#5663,#5664,#5665,#5666,#5667,#5668,#5669,
    #5670,#5671,#5672,#5673,#5674,#5675,#5676,#5677,#5678,#5679,#5680,
    #5681,#5682,#5683,#5684,#5685,#5686,#5687,#5688,#5689,#5690,#5691,
    #5692,#5693,#5694,#5695,#5696,#5697,#5698,#5699,#5700,#5701,#5702,
    #5703,#5704,#5705,#5706,#5707,#5708,#5709,#5710,#5711,#5712,#5713,
    #5714,#5715,#5716,#5717,#5718,#5719,#5720,#5721,#5722,#5723,#5724,
    #5725,#5726,#5727,#5728,#5729,#5730,#5731,#5732,#5733,#5734,#5735,
    #5736,#5737,#5738,#5739,#5740,#5741,#5742,#5743,#5744,#5745,#5746,
    #5747,#5748,#5749,#5750,#5751,#5752,#5753,#5754,#5755,#5756,#5757,
    #5758,#5759,#5760,#5761,#5762,#5763,#5764,#5765,#5766,#5767,#5768,
    #5769,#5770,#5771,#5772,#5773,#5774,#5775,#5776,#5777,#5778,#5779,
    #5780,#5781,#5782,#5783,#5784,#5785,#5786,#5787,#5788),
  .UNSPECIFIED.,.T.,.F.,(4,1,1,1,1,1,1,1,1,1,1,1,1,1,1,1,1,1,1,1,1,1,1,1
    ,1,1,1,1,1,1,1,1,1,1,1,1,1,1,1,1,1,1,1,1,1,1,1,1,1,1,1,1,1,1,1,1,1,1
    ,1,1,1,1,1,1,1,1,1,1,1,1,1,1,1,1,1,1,1,1,1,1,1,1,1,1,1,1,1,1,1,1,1,1
    ,1,1,1,1,1,1,1,1,1,1,1,1,1,1,1,1,1,1,1,1,1,1,1,1,1,1,1,1,1,1,1,1,1,1
    ,1,1,1,1,1,1,1,1,1,1,1,1,1,1,1,1,1,1,1,1,1,1,1,1,1,1,1,1,1,1,1,1,1,1
    ,1,1,1,1,1,1,1,1,1,1,1,1,1,1,1,1,1,1,1,1,1,1,1,1,1,1,1,1,1,1,1,1,1,1
    ,1,1,1,1,1,1,1,1,1,1,1,1,1,1,1,1,1,1,1,1,1,1,1,1,1,1,1,1,1,1,1,1,1,1
    ,1,1,1,1,1,1,1,1,1,1,1,1,1,1,1,1,1,1,1,1,1,1,1,1,1,1,1,1,1,1,1,1,1,1
    ,1,1,1,1,1,1,1,1,1,1,1,1,1,1,1,1,1,1,1,1,1,1,1,1,1,1,1,1,1,1,1,1,1,1
    ,1,1,1,1,1,1,1,1,1,1,1,1,1,1,1,1,1,1,1,1,1,1,1,1,1,1,1,1,1,1,1,1,1,1
    ,1,1,1,1,1,1,1,1,1,1,1,1,1,1,1,1,1,1,1,1,1,1,1,1,1,1,1,1,1,1,1,1,1,1
    ,1,1,1,1,1,1,1,1,1,1,1,1,1,1,1,1,1,1,1,1,1,1,1,1,1,1,1,1,1,1,1,1,1,1
    ,1,1,1,1,1,1,1,1,1,1,1,1,1,1,1,1,1,1,1,1,1,1,1,1,1,1,1,1,1,1,1,1,1,1
    ,1,1,1,1,1,1,1,1,4),(0.,2.272727272727E-03,4.545454545455E-03,
    6.818181818182E-03,9.090909090909E-03,1.136363636364E-02,
    1.363636363636E-02,1.590909090909E-02,1.818181818182E-02,
    2.045454545455E-02,2.272727272727E-02,2.5E-02,2.727272727273E-02,
    2.954545454545E-02,3.181818181818E-02,3.409090909091E-02,
    3.636363636364E-02,3.863636363636E-02,4.090909090909E-02,
    4.318181818182E-02,4.545454545455E-02,4.772727272727E-02,5.E-02,
    5.227272727273E-02,5.454545454545E-02,5.681818181818E-02,
    5.909090909091E-02,6.136363636364E-02,6.363636363636E-02,
    6.590909090909E-02,6.818181818182E-02,7.045454545455E-02,
    7.272727272727E-02,7.5E-02,7.727272727273E-02,7.954545454545E-02,
    8.181818181818E-02,8.409090909091E-02,8.636363636364E-02,
    8.863636363636E-02,9.090909090909E-02,9.318181818182E-02,
    9.545454545455E-02,9.772727272727E-02,1.E-01,0.102272727273,
    0.104545454545,0.106818181818,0.109090909091,0.111363636364,
    0.113636363636,0.115909090909,0.118181818182,0.120454545455,
    0.122727272727,0.125,0.127272727273,0.129545454545,0.131818181818,
    0.134090909091,0.136363636364,0.138636363636,0.140909090909,
    0.143181818182,0.145454545455,0.147727272727,0.15,0.152272727273,
    0.154545454545,0.156818181818,0.159090909091,0.161363636364,
    0.163636363636,0.165909090909,0.168181818182,0.170454545455,
    0.172727272727,0.175,0.177272727273,0.179545454545,0.181818181818,
    0.184090909091,0.186363636364,0.188636363636,0.190909090909,
    0.193181818182,0.195454545455,0.197727272727,0.2,0.202272727273,
    0.204545454545,0.206818181818,0.209090909091,0.211363636364,
    0.213636363636,0.215909090909,0.218181818182,0.220454545455,
    0.222727272727,0.225,0.227272727273,0.229545454545,0.231818181818,
    0.234090909091,0.236363636364,0.238636363636,0.240909090909,
    0.243181818182,0.245454545455,0.247727272727,0.25,0.252272727273,
    0.254545454545,0.256818181818,0.259090909091,0.261363636364,
    0.263636363636,0.265909090909,0.268181818182,0.270454545455,
    0.272727272727,0.275,0.277272727273,0.279545454545,0.281818181818,
    0.284090909091,0.286363636364,0.288636363636,0.290909090909,
    0.293181818182,0.295454545455,0.297727272727,0.3,0.302272727273,
    0.304545454545,0.306818181818,0.309090909091,0.311363636364,
    0.313636363636,0.315909090909,0.318181818182,0.320454545455,
    0.322727272727,0.325,0.327272727273,0.329545454545,0.331818181818,
    0.334090909091,0.336363636364,0.338636363636,0.340909090909,
    0.343181818182,0.345454545455,0.347727272727,0.35,0.352272727273,
    0.354545454545,0.356818181818,0.359090909091,0.361363636364,
    0.363636363636,0.365909090909,0.368181818182,0.370454545455,
    0.372727272727,0.375,0.377272727273,0.379545454545,0.381818181818,
    0.384090909091,0.386363636364,0.388636363636,0.390909090909,
    0.393181818182,0.395454545455,0.397727272727,0.4,0.402272727273,
    0.404545454545,0.406818181818,0.409090909091,0.411363636364,
    0.413636363636,0.415909090909,0.418181818182,0.420454545455,
    0.422727272727,0.425,0.427272727273,0.429545454545,0.431818181818,
    0.434090909091,0.436363636364,0.438636363636,0.440909090909,
    0.443181818182,0.445454545455,0.447727272727,0.45,0.452272727273,
    0.454545454545,0.456818181818,0.459090909091,0.461363636364,
    0.463636363636,0.465909090909,0.468181818182,0.470454545455,
    0.472727272727,0.475,0.477272727273,0.479545454545,0.481818181818,
    0.484090909091,0.486363636364,0.488636363636,0.490909090909,
    0.493181818182,0.495454545455,0.497727272727,0.5,0.502272727273,
    0.504545454545,0.506818181818,0.509090909091,0.511363636364,
    0.513636363636,0.515909090909,0.518181818182,0.520454545455,
    0.522727272727,0.525,0.527272727273,0.529545454545,0.531818181818,
    0.534090909091,0.536363636364,0.538636363636,0.540909090909,
    0.543181818182,0.545454545455,0.547727272727,0.55,0.552272727273,
    0.554545454545,0.556818181818,0.559090909091,0.561363636364,
    0.563636363636,0.565909090909,0.568181818182,0.570454545455,
    0.572727272727,0.575,0.577272727273,0.579545454545,0.581818181818,
    0.584090909091,0.586363636364,0.588636363636,0.590909090909,
    0.593181818182,0.595454545455,0.597727272727,0.6,0.602272727273,
    0.604545454545,0.606818181818,0.609090909091,0.611363636364,
    0.613636363636,0.615909090909,0.618181818182,0.620454545455,
    0.622727272727,0.625,0.627272727273,0.629545454545,0.631818181818,
    0.634090909091,0.636363636364,0.638636363636,0.640909090909,
    0.643181818182,0.645454545455,0.647727272727,0.65,0.652272727273,
    0.654545454545,0.656818181818,0.659090909091,0.661363636364,
    0.663636363636,0.665909090909,0.668181818182,0.670454545455,
    0.672727272727,0.675,0.677272727273,0.679545454545,0.681818181818,
    0.684090909091,0.686363636364,0.688636363636,0.690909090909,
    0.693181818182,0.695454545455,0.697727272727,0.7,0.702272727273,
    0.704545454545,0.706818181818,0.709090909091,0.711363636364,
    0.713636363636,0.715909090909,0.718181818182,0.720454545455,
    0.722727272727,0.725,0.727272727273,0.729545454545,0.731818181818,
    0.734090909091,0.736363636364,0.738636363636,0.740909090909,
    0.743181818182,0.745454545455,0.747727272727,0.75,0.752272727273,
    0.754545454545,0.756818181818,0.759090909091,0.761363636364,
    0.763636363636,0.765909090909,0.768181818182,0.770454545455,
    0.772727272727,0.775,0.777272727273,0.779545454545,0.781818181818,
    0.784090909091,0.786363636364,0.788636363636,0.790909090909,
    0.793181818182,0.795454545455,0.797727272727,0.8,0.802272727273,
    0.804545454545,0.806818181818,0.809090909091,0.811363636364,
    0.813636363636,0.815909090909,0.818181818182,0.820454545455,
    0.822727272727,0.825,0.827272727273,0.829545454545,0.831818181818,
    0.834090909091,0.836363636364,0.838636363636,0.840909090909,
    0.843181818182,0.845454545455,0.847727272727,0.85,0.852272727273,
    0.854545454545,0.856818181818,0.859090909091,0.861363636364,
    0.863636363636,0.865909090909,0.868181818182,0.870454545455,
    0.872727272727,0.875,0.877272727273,0.879545454545,0.881818181818,
    0.884090909091,0.886363636364,0.888636363636,0.890909090909,
    0.893181818182,0.895454545455,0.897727272727,0.9,0.902272727273,
    0.904545454545,0.906818181818,0.909090909091,0.911363636364,
    0.913636363636,0.915909090909,0.918181818182,0.920454545455,
    0.922727272727,0.925,0.927272727273,0.929545454545,0.931818181818,
    0.934090909091,0.936363636364,0.938636363636,0.940909090909,
    0.943181818182,0.945454545455,0.947727272727,0.95,0.952272727273,
    0.954545454545,0.956818181818,0.959090909091,0.961363636364,
    0.963636363636,0.965909090909,0.968181818182,0.970454545455,
    0.972727272727,0.975,0.977272727273,0.979545454545,0.981818181818,
    0.984090909091,0.986363636364,0.988636363636,0.990909090909,
    0.993181818182,0.995454545455,0.997727272727,1.),
  .QUASI_UNIFORM_KNOTS.);
#5346 = CARTESIAN_POINT('',(3.757714472227,20.807409933318));
#5347 = CARTESIAN_POINT('',(3.75943403981,20.760313880593));
#5348 = CARTESIAN_POINT('',(3.762851052745,20.665547582881));
#5349 = CARTESIAN_POINT('',(3.767909130582,20.521615546552));
#5350 = CARTESIAN_POINT('',(3.772898753303,20.375842350224));
#5351 = CARTESIAN_POINT('',(3.777818692721,20.228164374065));
#5352 = CARTESIAN_POINT('',(3.782667564193,20.078514453366));
#5353 = CARTESIAN_POINT('',(3.78744379276,19.92682119528));
#5354 = CARTESIAN_POINT('',(3.792145601947,19.773008893247));
#5355 = CARTESIAN_POINT('',(3.796770993867,19.616997291296));
#5356 = CARTESIAN_POINT('',(3.801317728448,19.458701363738));
#5357 = CARTESIAN_POINT('',(3.805783299914,19.298031141539));
#5358 = CARTESIAN_POINT('',(3.810164910108,19.134891539096));
#5359 = CARTESIAN_POINT('',(3.814459438486,18.969182217703));
#5360 = CARTESIAN_POINT('',(3.818663408545,18.800797538069));
#5361 = CARTESIAN_POINT('',(3.822772949968,18.629626574701));
#5362 = CARTESIAN_POINT('',(3.826783756386,18.455553257904));
#5363 = CARTESIAN_POINT('',(3.830691038305,18.278456708475));
#5364 = CARTESIAN_POINT('',(3.834489471275,18.098211788751));
#5365 = CARTESIAN_POINT('',(3.83817313873,17.914689970216));
#5366 = CARTESIAN_POINT('',(3.841735469589,17.727760696814));
#5367 = CARTESIAN_POINT('',(3.845169175744,17.537293070817));
#5368 = CARTESIAN_POINT('',(3.848466176193,17.34315899191));
#5369 = CARTESIAN_POINT('',(3.851617542763,17.145235734409));
#5370 = CARTESIAN_POINT('',(3.854613431171,16.943411889223));
#5371 = CARTESIAN_POINT('',(3.857443021395,16.737592504765));
#5372 = CARTESIAN_POINT('',(3.8600945137,16.527708651657));
#5373 = CARTESIAN_POINT('',(3.862555122735,16.313725429026));
#5374 = CARTESIAN_POINT('',(3.864811116802,16.095657202609));
#5375 = CARTESIAN_POINT('',(3.866848103614,15.873578043828));
#5376 = CARTESIAN_POINT('',(3.868650954519,15.647641798017));
#5377 = CARTESIAN_POINT('',(3.870204659977,15.418091225253));
#5378 = CARTESIAN_POINT('',(3.871494450876,15.18531723045));
#5379 = CARTESIAN_POINT('',(3.872507709275,14.949508410279));
#5380 = CARTESIAN_POINT('',(3.873231166222,14.71149674632));
#5381 = CARTESIAN_POINT('',(3.87365577949,14.472044309047));
#5382 = CARTESIAN_POINT('',(3.873776209774,14.231916146604));
#5383 = CARTESIAN_POINT('',(3.873590959701,13.991867768442));
#5384 = CARTESIAN_POINT('',(3.87310234463,13.752657983903));
#5385 = CARTESIAN_POINT('',(3.872316471238,13.515045726177));
#5386 = CARTESIAN_POINT('',(3.871243351128,13.279825579781));
#5387 = CARTESIAN_POINT('',(3.869896464248,13.047724508632));
#5388 = CARTESIAN_POINT('',(3.868288614522,12.81890861805));
#5389 = CARTESIAN_POINT('',(3.866434792295,12.593775144679));
#5390 = CARTESIAN_POINT('',(3.864350081617,12.372537382394));
#5391 = CARTESIAN_POINT('',(3.862049471986,12.155332144225));
#5392 = CARTESIAN_POINT('',(3.859547227206,11.942219740082));
#5393 = CARTESIAN_POINT('',(3.856856897683,11.733202867454));
#5394 = CARTESIAN_POINT('',(3.853991055674,11.528238358342));
#5395 = CARTESIAN_POINT('',(3.850961295446,11.327251053594));
#5396 = CARTESIAN_POINT('',(3.847778225493,11.130141810509));
#5397 = CARTESIAN_POINT('',(3.844451491576,10.936796488245));
#5398 = CARTESIAN_POINT('',(3.840989836425,10.747090760383));
#5399 = CARTESIAN_POINT('',(3.837401166943,10.560895706585));
#5400 = CARTESIAN_POINT('',(3.833692613521,10.378080304292));
#5401 = CARTESIAN_POINT('',(3.829870602955,10.198514297819));
#5402 = CARTESIAN_POINT('',(3.825940921025,10.022069780171));
#5403 = CARTESIAN_POINT('',(3.821908774189,9.848622458597));
#5404 = CARTESIAN_POINT('',(3.817778845081,9.678052437719));
#5405 = CARTESIAN_POINT('',(3.813555343766,9.51024472008));
#5406 = CARTESIAN_POINT('',(3.809242053693,9.345089491622));
#5407 = CARTESIAN_POINT('',(3.804842372694,9.182482242685));
#5408 = CARTESIAN_POINT('',(3.800359350209,9.022323757869));
#5409 = CARTESIAN_POINT('',(3.795795720038,8.864520045672));
#5410 = CARTESIAN_POINT('',(3.791153929316,8.708982205538));
#5411 = CARTESIAN_POINT('',(3.786436164988,8.555626242511));
#5412 = CARTESIAN_POINT('',(3.781644375775,8.40437286616));
#5413 = CARTESIAN_POINT('',(3.776780295972,8.255147367811));
#5414 = CARTESIAN_POINT('',(3.771845450846,8.107879044492));
#5415 = CARTESIAN_POINT('',(3.766841220643,7.962502323061));
#5416 = CARTESIAN_POINT('',(3.761768675048,7.818951620408));
#5417 = CARTESIAN_POINT('',(3.756629257333,7.677179461649));
#5418 = CARTESIAN_POINT('',(3.751422037344,7.537081026069));
#5419 = CARTESIAN_POINT('',(3.746147844327,7.398610255145));
#5420 = CARTESIAN_POINT('',(3.740807849286,7.2617347513));
#5421 = CARTESIAN_POINT('',(3.735402927721,7.126418988297));
#5422 = CARTESIAN_POINT('',(3.729933822844,6.992628706708));
#5423 = CARTESIAN_POINT('',(3.72440109418,6.860329633107));
#5424 = CARTESIAN_POINT('',(3.718805123493,6.729487719346));
#5425 = CARTESIAN_POINT('',(3.713146105387,6.600068977723));
#5426 = CARTESIAN_POINT('',(3.707424041259,6.472039412527));
#5427 = CARTESIAN_POINT('',(3.70163873454,6.345364970191));
#5428 = CARTESIAN_POINT('',(3.695789776879,6.220011318606));
#5429 = CARTESIAN_POINT('',(3.68987656868,6.095944291205));
#5430 = CARTESIAN_POINT('',(3.683898210776,5.973127842803));
#5431 = CARTESIAN_POINT('',(3.677853876679,5.851531293636));
#5432 = CARTESIAN_POINT('',(3.671741390939,5.731101908863));
#5433 = CARTESIAN_POINT('',(3.665564044321,5.611896919309));
#5434 = CARTESIAN_POINT('',(3.659320963077,5.493893181328));
#5435 = CARTESIAN_POINT('',(3.653011013671,5.377066262885));
#5436 = CARTESIAN_POINT('',(3.646633107507,5.26139586551));
#5437 = CARTESIAN_POINT('',(3.640186116474,5.146864254905));
#5438 = CARTESIAN_POINT('',(3.633668892698,5.033456564884));
#5439 = CARTESIAN_POINT('',(3.627080260277,4.921160599326));
#5440 = CARTESIAN_POINT('',(3.620419014437,4.80996676874));
#5441 = CARTESIAN_POINT('',(3.613683918593,4.699867990363));
#5442 = CARTESIAN_POINT('',(3.606873701988,4.590859599534));
#5443 = CARTESIAN_POINT('',(3.599987056683,4.48293925241));
#5444 = CARTESIAN_POINT('',(3.593022636178,4.376106852054));
#5445 = CARTESIAN_POINT('',(3.585979047737,4.270364389674));
#5446 = CARTESIAN_POINT('',(3.578854867897,4.165716101906));
#5447 = CARTESIAN_POINT('',(3.571648571158,4.062167448759));
#5448 = CARTESIAN_POINT('',(3.564358782397,3.959728492875));
#5449 = CARTESIAN_POINT('',(3.556983320842,3.858400852848));
#5450 = CARTESIAN_POINT('',(3.549523193016,3.758231971155));
#5451 = CARTESIAN_POINT('',(3.541975377201,3.65921720139));
#5452 = CARTESIAN_POINT('',(3.534336393476,3.561350484195));
#5453 = CARTESIAN_POINT('',(3.526602987555,3.464633357853));
#5454 = CARTESIAN_POINT('',(3.51877194174,3.369072383881));
#5455 = CARTESIAN_POINT('',(3.510840119613,3.274679676731));
#5456 = CARTESIAN_POINT('',(3.502804447976,3.181472602045));
#5457 = CARTESIAN_POINT('',(3.494661915344,3.089473696615));
#5458 = CARTESIAN_POINT('',(3.486409566302,2.998710532936));
#5459 = CARTESIAN_POINT('',(3.478044495129,2.90921558371));
#5460 = CARTESIAN_POINT('',(3.469563845811,2.82102614193));
#5461 = CARTESIAN_POINT('',(3.460964786538,2.734184018715));
#5462 = CARTESIAN_POINT('',(3.452244579186,2.648736074544));
#5463 = CARTESIAN_POINT('',(3.443400293717,2.56473163915));
#5464 = CARTESIAN_POINT('',(3.434429847255,2.482231543379));
#5465 = CARTESIAN_POINT('',(3.425327535497,2.401268812528));
#5466 = CARTESIAN_POINT('',(3.416087912653,2.321887359982));
#5467 = CARTESIAN_POINT('',(3.406706356184,2.24414516424));
#5468 = CARTESIAN_POINT('',(3.397178192586,2.168106671835));
#5469 = CARTESIAN_POINT('',(3.387498926363,2.093844768858));
#5470 = CARTESIAN_POINT('',(3.377664175796,2.021440202541));
#5471 = CARTESIAN_POINT('',(3.367669676944,1.950981634011));
#5472 = CARTESIAN_POINT('',(3.35751130645,1.882565716314));
#5473 = CARTESIAN_POINT('',(3.347184959367,1.816296440165));
#5474 = CARTESIAN_POINT('',(3.336686986499,1.752287383539));
#5475 = CARTESIAN_POINT('',(3.326012537024,1.690653078167));
#5476 = CARTESIAN_POINT('',(3.315161718707,1.63154100458));
#5477 = CARTESIAN_POINT('',(3.304116580693,1.575011956039));
#5478 = CARTESIAN_POINT('',(3.292870623441,1.521209220273));
#5479 = CARTESIAN_POINT('',(3.281435145149,1.470362065961));
#5480 = CARTESIAN_POINT('',(3.269816217274,1.42266626807));
#5481 = CARTESIAN_POINT('',(3.258020914533,1.378316654258));
#5482 = CARTESIAN_POINT('',(3.246055701087,1.33749889703));
#5483 = CARTESIAN_POINT('',(3.233926940946,1.30039230188));
#5484 = CARTESIAN_POINT('',(3.221640758205,1.26716936571));
#5485 = CARTESIAN_POINT('',(3.209203375965,1.237997258193));
#5486 = CARTESIAN_POINT('',(3.196620192136,1.213034841055));
#5487 = CARTESIAN_POINT('',(3.183899429685,1.192445612748));
#5488 = CARTESIAN_POINT('',(3.171090973389,1.176424522704));
#5489 = CARTESIAN_POINT('',(3.158216823132,1.165073352781));
#5490 = CARTESIAN_POINT('',(3.14530510885,1.158468898207));
#5491 = CARTESIAN_POINT('',(3.132382310559,1.156646939417));
#5492 = CARTESIAN_POINT('',(3.119475378668,1.159606542916));
#5493 = CARTESIAN_POINT('',(3.106611255535,1.167308789639));
#5494 = CARTESIAN_POINT('',(3.093816891056,1.17967746429));
#5495 = CARTESIAN_POINT('',(3.08111987994,1.19659747327));
#5496 = CARTESIAN_POINT('',(3.068546116979,1.217920387274));
#5497 = CARTESIAN_POINT('',(3.056130485056,1.243440662967));
#5498 = CARTESIAN_POINT('',(3.043876242863,1.2729863249));
#5499 = CARTESIAN_POINT('',(3.031786738837,1.306387549677));
#5500 = CARTESIAN_POINT('',(3.019865282295,1.343472531182));
#5501 = CARTESIAN_POINT('',(3.008115229854,1.384068150573));
#5502 = CARTESIAN_POINT('',(2.996540024172,1.427999311873));
#5503 = CARTESIAN_POINT('',(2.985143208586,1.475088810414));
#5504 = CARTESIAN_POINT('',(2.973928585509,1.525156404252));
#5505 = CARTESIAN_POINT('',(2.962899822832,1.578020540868));
#5506 = CARTESIAN_POINT('',(2.952062122872,1.633490259744));
#5507 = CARTESIAN_POINT('',(2.941416190888,1.691393736157));
#5508 = CARTESIAN_POINT('',(2.930940180842,1.751696258649));
#5509 = CARTESIAN_POINT('',(2.920634512395,1.814256524417));
#5510 = CARTESIAN_POINT('',(2.910494220086,1.878967563812));
#5511 = CARTESIAN_POINT('',(2.900515665654,1.945722655822));
#5512 = CARTESIAN_POINT('',(2.890694730134,2.014424540533));
#5513 = CARTESIAN_POINT('',(2.881027289349,2.084983029404));
#5514 = CARTESIAN_POINT('',(2.87150907758,2.157315727307));
#5515 = CARTESIAN_POINT('',(2.862135716621,2.231347909693));
#5516 = CARTESIAN_POINT('',(2.852902696609,2.307012667502));
#5517 = CARTESIAN_POINT('',(2.843805385812,2.384250825948));
#5518 = CARTESIAN_POINT('',(2.834838974224,2.463011500071));
#5519 = CARTESIAN_POINT('',(2.825998654327,2.543250329361));
#5520 = CARTESIAN_POINT('',(2.817278784242,2.624937597098));
#5521 = CARTESIAN_POINT('',(2.808676862244,2.708021266785));
#5522 = CARTESIAN_POINT('',(2.800190335199,2.792453091325));
#5523 = CARTESIAN_POINT('',(2.791816638023,2.878188745519));
#5524 = CARTESIAN_POINT('',(2.783553176573,2.965187929291));
#5525 = CARTESIAN_POINT('',(2.77539732582,3.053414478672));
#5526 = CARTESIAN_POINT('',(2.767346424019,3.142836475027));
#5527 = CARTESIAN_POINT('',(2.759397768163,3.233426353564));
#5528 = CARTESIAN_POINT('',(2.751548608882,3.325161016463));
#5529 = CARTESIAN_POINT('',(2.743796146842,3.41802192823));
#5530 = CARTESIAN_POINT('',(2.736137524315,3.51199527755));
#5531 = CARTESIAN_POINT('',(2.728569835144,3.607071890913));
#5532 = CARTESIAN_POINT('',(2.721090066554,3.703248072649));
#5533 = CARTESIAN_POINT('',(2.713695295798,3.800522987544));
#5534 = CARTESIAN_POINT('',(2.706381936204,3.898908946747));
#5535 = CARTESIAN_POINT('',(2.699148531379,3.998393537904));
#5536 = CARTESIAN_POINT('',(2.691995486546,4.09894110032));
#5537 = CARTESIAN_POINT('',(2.684920819756,4.200550665746));
#5538 = CARTESIAN_POINT('',(2.677923252414,4.303214036422));
#5539 = CARTESIAN_POINT('',(2.671001378199,4.406927114109));
#5540 = CARTESIAN_POINT('',(2.664153882349,4.511686967334));
#5541 = CARTESIAN_POINT('',(2.657379479554,4.617492720108));
#5542 = CARTESIAN_POINT('',(2.650676927334,4.724345416531));
#5543 = CARTESIAN_POINT('',(2.644045019224,4.832248160398));
#5544 = CARTESIAN_POINT('',(2.637482583563,4.9412061789));
#5545 = CARTESIAN_POINT('',(2.630988480419,5.051226914933));
#5546 = CARTESIAN_POINT('',(2.624561600699,5.162320080906));
#5547 = CARTESIAN_POINT('',(2.618200858774,5.274497837923));
#5548 = CARTESIAN_POINT('',(2.611905209202,5.387774511977));
#5549 = CARTESIAN_POINT('',(2.605673573905,5.502168036734));
#5550 = CARTESIAN_POINT('',(2.599505103813,5.617694952923));
#5551 = CARTESIAN_POINT('',(2.593398192568,5.734389454725));
#5552 = CARTESIAN_POINT('',(2.587354147867,5.852232691556));
#5553 = CARTESIAN_POINT('',(2.58137400188,5.971211947362));
#5554 = CARTESIAN_POINT('',(2.575455958233,6.09137276362));
#5555 = CARTESIAN_POINT('',(2.569599249878,6.212744556792));
#5556 = CARTESIAN_POINT('',(2.563803097594,6.335360642594));
#5557 = CARTESIAN_POINT('',(2.558066981206,6.459252966764));
#5558 = CARTESIAN_POINT('',(2.552390559106,6.584453614616));
#5559 = CARTESIAN_POINT('',(2.546773682303,6.710994498939));
#5560 = CARTESIAN_POINT('',(2.541216382519,6.838907555727));
#5561 = CARTESIAN_POINT('',(2.535718870069,6.968224730252));
#5562 = CARTESIAN_POINT('',(2.530281519103,7.098978293922));
#5563 = CARTESIAN_POINT('',(2.524904894158,7.231200047657));
#5564 = CARTESIAN_POINT('',(2.519589624665,7.364924648421));
#5565 = CARTESIAN_POINT('',(2.514336846926,7.500177556589));
#5566 = CARTESIAN_POINT('',(2.509146528841,7.637020376844));
#5567 = CARTESIAN_POINT('',(2.504024388844,7.775363443247));
#5568 = CARTESIAN_POINT('',(2.498969723388,7.915290931483));
#5569 = CARTESIAN_POINT('',(2.493981341789,8.056912064296));
#5570 = CARTESIAN_POINT('',(2.489058896036,8.200323842034));
#5571 = CARTESIAN_POINT('',(2.484202505767,8.345621270334));
#5572 = CARTESIAN_POINT('',(2.479412840126,8.492894861581));
#5573 = CARTESIAN_POINT('',(2.474691077371,8.642231544099));
#5574 = CARTESIAN_POINT('',(2.470038897139,8.793714666673));
#5575 = CARTESIAN_POINT('',(2.465458464918,8.947424213989));
#5576 = CARTESIAN_POINT('',(2.460952415681,9.103437083092));
#5577 = CARTESIAN_POINT('',(2.456523849391,9.261826904845));
#5578 = CARTESIAN_POINT('',(2.45217628059,9.422665624356));
#5579 = CARTESIAN_POINT('',(2.447913760601,9.586018500544));
#5580 = CARTESIAN_POINT('',(2.443740355987,9.75196367019));
#5581 = CARTESIAN_POINT('',(2.439662030241,9.92052003488));
#5582 = CARTESIAN_POINT('',(2.435679557119,10.09191729192));
#5583 = CARTESIAN_POINT('',(2.431763558104,10.267851131046));
#5584 = CARTESIAN_POINT('',(2.427935838635,10.447895128016));
#5585 = CARTESIAN_POINT('',(2.424207144023,10.632079219574));
#5586 = CARTESIAN_POINT('',(2.420591084758,10.820315917869));
#5587 = CARTESIAN_POINT('',(2.417100421789,11.012554303532));
#5588 = CARTESIAN_POINT('',(2.413748080207,11.208738986163));
#5589 = CARTESIAN_POINT('',(2.410546897715,11.408821298619));
#5590 = CARTESIAN_POINT('',(2.407509713833,11.612756470844));
#5591 = CARTESIAN_POINT('',(2.404649369503,11.820504533827));
#5592 = CARTESIAN_POINT('',(2.401978732402,12.03203020567));
#5593 = CARTESIAN_POINT('',(2.399510717039,12.247303001175));
#5594 = CARTESIAN_POINT('',(2.397258308056,12.466297347397));
#5595 = CARTESIAN_POINT('',(2.39523458402,12.688992333947));
#5596 = CARTESIAN_POINT('',(2.393452744265,12.915372800438));
#5597 = CARTESIAN_POINT('',(2.391926131474,13.145425322742));
#5598 = CARTESIAN_POINT('',(2.390668276949,13.379153148996));
#5599 = CARTESIAN_POINT('',(2.389692868371,13.616520319911));
#5600 = CARTESIAN_POINT('',(2.389014014315,13.857659984279));
#5601 = CARTESIAN_POINT('',(2.388645409103,14.102096631471));
#5602 = CARTESIAN_POINT('',(2.38860360992,14.351648342929));
#5603 = CARTESIAN_POINT('',(2.388895223554,14.598128543963));
#5604 = CARTESIAN_POINT('',(2.389500665059,14.840238626572));
#5605 = CARTESIAN_POINT('',(2.390405122543,15.078391801979));
#5606 = CARTESIAN_POINT('',(2.391593182784,15.312537602719));
#5607 = CARTESIAN_POINT('',(2.39305023377,15.542745112029));
#5608 = CARTESIAN_POINT('',(2.394762053926,15.769046994125));
#5609 = CARTESIAN_POINT('',(2.396714889682,15.991481591946));
#5610 = CARTESIAN_POINT('',(2.398895404571,16.210081952526));
#5611 = CARTESIAN_POINT('',(2.401290665067,16.424879072719));
#5612 = CARTESIAN_POINT('',(2.40388811882,16.635901334258));
#5613 = CARTESIAN_POINT('',(2.406675577137,16.843174959472));
#5614 = CARTESIAN_POINT('',(2.409641198498,17.04672419338));
#5615 = CARTESIAN_POINT('',(2.412773473926,17.246571557998));
#5616 = CARTESIAN_POINT('',(2.416061214069,17.442738089743));
#5617 = CARTESIAN_POINT('',(2.419493537705,17.635243570618));
#5618 = CARTESIAN_POINT('',(2.423059863036,17.824106799514));
#5619 = CARTESIAN_POINT('',(2.426749896625,18.009345707614));
#5620 = CARTESIAN_POINT('',(2.430553639396,18.190978055646));
#5621 = CARTESIAN_POINT('',(2.434461337291,18.369019957978));
#5622 = CARTESIAN_POINT('',(2.438463647033,18.543492515844));
#5623 = CARTESIAN_POINT('',(2.442551007824,18.714398185581));
#5624 = CARTESIAN_POINT('',(2.446715985542,18.881810096018));
#5625 = CARTESIAN_POINT('',(2.450944532573,19.04553983263));
#5626 = CARTESIAN_POINT('',(2.455248776929,19.206384213743));
#5627 = CARTESIAN_POINT('',(2.459640017029,19.364982719757));
#5628 = CARTESIAN_POINT('',(2.464110394634,19.521235857288));
#5629 = CARTESIAN_POINT('',(2.468657620141,19.675244399879));
#5630 = CARTESIAN_POINT('',(2.473278362562,19.82705791374));
#5631 = CARTESIAN_POINT('',(2.477970035942,19.976742334515));
#5632 = CARTESIAN_POINT('',(2.482730336147,20.124362054929));
#5633 = CARTESIAN_POINT('',(2.487557380543,20.269984917887));
#5634 = CARTESIAN_POINT('',(2.492449686503,20.413681076861));
#5635 = CARTESIAN_POINT('',(2.497406192486,20.555523481703));
#5636 = CARTESIAN_POINT('',(2.502426270706,20.695587995447));
#5637 = CARTESIAN_POINT('',(2.507509731535,20.833953361745));
#5638 = CARTESIAN_POINT('',(2.512656870005,20.970702138752));
#5639 = CARTESIAN_POINT('',(2.517868352741,21.105917916607));
#5640 = CARTESIAN_POINT('',(2.523145701585,21.239696434073));
#5641 = CARTESIAN_POINT('',(2.528484488265,21.371977038771));
#5642 = CARTESIAN_POINT('',(2.533884510886,21.502805027228));
#5643 = CARTESIAN_POINT('',(2.539345012238,21.632207094689));
#5644 = CARTESIAN_POINT('',(2.544865546474,21.760214016275));
#5645 = CARTESIAN_POINT('',(2.550445752777,21.886854661763));
#5646 = CARTESIAN_POINT('',(2.556085421995,22.012157691384));
#5647 = CARTESIAN_POINT('',(2.561784484929,22.136151193955));
#5648 = CARTESIAN_POINT('',(2.567543021616,22.258862874634));
#5649 = CARTESIAN_POINT('',(2.573361265468,22.380320101878));
#5650 = CARTESIAN_POINT('',(2.579239607542,22.500549967929));
#5651 = CARTESIAN_POINT('',(2.585178605902,22.619579436017));
#5652 = CARTESIAN_POINT('',(2.591178974951,22.737435127152));
#5653 = CARTESIAN_POINT('',(2.597241650266,22.854144461846));
#5654 = CARTESIAN_POINT('',(2.603367571844,22.969731742523));
#5655 = CARTESIAN_POINT('',(2.60955851862,23.084233118253));
#5656 = CARTESIAN_POINT('',(2.615811376314,23.197592598455));
#5657 = CARTESIAN_POINT('',(2.622127740863,23.309839523923));
#5658 = CARTESIAN_POINT('',(2.628508759717,23.420991564347));
#5659 = CARTESIAN_POINT('',(2.634955709399,23.531065830922));
#5660 = CARTESIAN_POINT('',(2.641469843261,23.640076003145));
#5661 = CARTESIAN_POINT('',(2.648052434877,23.748033203086));
#5662 = CARTESIAN_POINT('',(2.654704769083,23.854945865554));
#5663 = CARTESIAN_POINT('',(2.661428147118,23.960819877243));
#5664 = CARTESIAN_POINT('',(2.668223888088,24.065658644029));
#5665 = CARTESIAN_POINT('',(2.675093331413,24.1694631767));
#5666 = CARTESIAN_POINT('',(2.682037839332,24.272232174804));
#5667 = CARTESIAN_POINT('',(2.689058798574,24.373962099592));
#5668 = CARTESIAN_POINT('',(2.696157625649,24.474647292447));
#5669 = CARTESIAN_POINT('',(2.703335758824,24.574279922299));
#5670 = CARTESIAN_POINT('',(2.710594700054,24.672850571599));
#5671 = CARTESIAN_POINT('',(2.717935870761,24.770346439057));
#5672 = CARTESIAN_POINT('',(2.725361162552,24.866758436787));
#5673 = CARTESIAN_POINT('',(2.732869854622,24.962041618753));
#5674 = CARTESIAN_POINT('',(2.740465625542,25.05620467395));
#5675 = CARTESIAN_POINT('',(2.748151788309,25.149246955126));
#5676 = CARTESIAN_POINT('',(2.755931647298,25.241163396062));
#5677 = CARTESIAN_POINT('',(2.763808408642,25.331943335199));
#5678 = CARTESIAN_POINT('',(2.771785210424,25.4215709721));
#5679 = CARTESIAN_POINT('',(2.779865120876,25.510025386191));
#5680 = CARTESIAN_POINT('',(2.788051145392,25.597280673577));
#5681 = CARTESIAN_POINT('',(2.796346230948,25.68330604927));
#5682 = CARTESIAN_POINT('',(2.804753272751,25.768065969692));
#5683 = CARTESIAN_POINT('',(2.813275115251,25.85152020866));
#5684 = CARTESIAN_POINT('',(2.821914574093,25.933624099187));
#5685 = CARTESIAN_POINT('',(2.830674380604,26.014328158514));
#5686 = CARTESIAN_POINT('',(2.839557415851,26.093580014428));
#5687 = CARTESIAN_POINT('',(2.848565864467,26.171317743173));
#5688 = CARTESIAN_POINT('',(2.857706206157,26.247510278037));
#5689 = CARTESIAN_POINT('',(2.866983255627,26.322104226344));
#5690 = CARTESIAN_POINT('',(2.876401677462,26.395038511773));
#5691 = CARTESIAN_POINT('',(2.885966009786,26.466244193255));
#5692 = CARTESIAN_POINT('',(2.895680663193,26.535644553694));
#5693 = CARTESIAN_POINT('',(2.905549923305,26.603155101242));
#5694 = CARTESIAN_POINT('',(2.915577964922,26.668683650522));
#5695 = CARTESIAN_POINT('',(2.925768817566,26.732130171499));
#5696 = CARTESIAN_POINT('',(2.93612651534,26.793387487823));
#5697 = CARTESIAN_POINT('',(2.946654559679,26.852338809637));
#5698 = CARTESIAN_POINT('',(2.957357947824,26.908867079047));
#5699 = CARTESIAN_POINT('',(2.968235627182,26.962820230469));
#5700 = CARTESIAN_POINT('',(2.979311319865,27.014153541535));
#5701 = CARTESIAN_POINT('',(2.990581765472,27.062674436518));
#5702 = CARTESIAN_POINT('',(3.002038369599,27.108173850056));
#5703 = CARTESIAN_POINT('',(3.013674416793,27.15045694958));
#5704 = CARTESIAN_POINT('',(3.02548307037,27.189334404516));
#5705 = CARTESIAN_POINT('',(3.037457870791,27.224624273656));
#5706 = CARTESIAN_POINT('',(3.049592449564,27.256150873027));
#5707 = CARTESIAN_POINT('',(3.061880879719,27.283745103643));
#5708 = CARTESIAN_POINT('',(3.074316262436,27.307241959188));
#5709 = CARTESIAN_POINT('',(3.086895731182,27.326487854138));
#5710 = CARTESIAN_POINT('',(3.099601549284,27.341311490153));
#5711 = CARTESIAN_POINT('',(3.112387830912,27.35155154439));
#5712 = CARTESIAN_POINT('',(3.12523301903,27.357118704133));
#5713 = CARTESIAN_POINT('',(3.138109191416,27.357951358447));
#5714 = CARTESIAN_POINT('',(3.150990132676,27.354027459016));
#5715 = CARTESIAN_POINT('',(3.163849126537,27.345361457571));
#5716 = CARTESIAN_POINT('',(3.176659496746,27.332005286873));
#5717 = CARTESIAN_POINT('',(3.189394434207,27.314048090891));
#5718 = CARTESIAN_POINT('',(3.202026931746,27.291616914628));
#5719 = CARTESIAN_POINT('',(3.214530003604,27.264874806186));
#5720 = CARTESIAN_POINT('',(3.226871617009,27.234037298747));
#5721 = CARTESIAN_POINT('',(3.239051296419,27.199267960538));
#5722 = CARTESIAN_POINT('',(3.251065088171,27.160736094262));
#5723 = CARTESIAN_POINT('',(3.262909971903,27.118611087384));
#5724 = CARTESIAN_POINT('',(3.274582631713,27.07306436163));
#5725 = CARTESIAN_POINT('',(3.286079718659,27.024269396153));
#5726 = CARTESIAN_POINT('',(3.297397787847,26.972401856829));
#5727 = CARTESIAN_POINT('',(3.308533046216,26.917641227368));
#5728 = CARTESIAN_POINT('',(3.319482184064,26.860166327021));
#5729 = CARTESIAN_POINT('',(3.330239062542,26.800173780101));
#5730 = CARTESIAN_POINT('',(3.340806895687,26.737810791647));
#5731 = CARTESIAN_POINT('',(3.351205262318,26.673111141539));
#5732 = CARTESIAN_POINT('',(3.361433836544,26.606213391658));
#5733 = CARTESIAN_POINT('',(3.37149754851,26.53721982082));
#5734 = CARTESIAN_POINT('',(3.381400034035,26.46623308514));
#5735 = CARTESIAN_POINT('',(3.391145398945,26.393346293133));
#5736 = CARTESIAN_POINT('',(3.400737755109,26.31864556392));
#5737 = CARTESIAN_POINT('',(3.410181353432,26.242209238293));
#5738 = CARTESIAN_POINT('',(3.419480555779,26.164107995233));
#5739 = CARTESIAN_POINT('',(3.428639852768,26.084404693736));
#5740 = CARTESIAN_POINT('',(3.437663857673,26.003154408002));
#5741 = CARTESIAN_POINT('',(3.446557348635,25.920403963809));
#5742 = CARTESIAN_POINT('',(3.455325140161,25.836193276824));
#5743 = CARTESIAN_POINT('',(3.463972726814,25.750548654022));
#5744 = CARTESIAN_POINT('',(3.472502523575,25.663519832322));
#5745 = CARTESIAN_POINT('',(3.48091705987,25.575152164988));
#5746 = CARTESIAN_POINT('',(3.489218855279,25.485487310618));
#5747 = CARTESIAN_POINT('',(3.497410459075,25.394562896737));
#5748 = CARTESIAN_POINT('',(3.505494445734,25.302412458189));
#5749 = CARTESIAN_POINT('',(3.513473422153,25.209065301712));
#5750 = CARTESIAN_POINT('',(3.521350031539,25.114546391003));
#5751 = CARTESIAN_POINT('',(3.529126958265,25.018876223621));
#5752 = CARTESIAN_POINT('',(3.536806931634,24.922070720055));
#5753 = CARTESIAN_POINT('',(3.544392732428,24.824141072304));
#5754 = CARTESIAN_POINT('',(3.551887188807,24.725093742228));
#5755 = CARTESIAN_POINT('',(3.559293211418,24.624929901312));
#5756 = CARTESIAN_POINT('',(3.566613681714,24.523646954999));
#5757 = CARTESIAN_POINT('',(3.573851887609,24.421232287354));
#5758 = CARTESIAN_POINT('',(3.581009916002,24.317686039808));
#5759 = CARTESIAN_POINT('',(3.588086540536,24.213053714599));
#5760 = CARTESIAN_POINT('',(3.59508395194,24.10732946276));
#5761 = CARTESIAN_POINT('',(3.60200339282,24.000518512717));
#5762 = CARTESIAN_POINT('',(3.608846275714,23.892621129939));
#5763 = CARTESIAN_POINT('',(3.615613887368,23.783636803839));
#5764 = CARTESIAN_POINT('',(3.622307471758,23.673563014781));
#5765 = CARTESIAN_POINT('',(3.628928211549,23.562395453389));
#5766 = CARTESIAN_POINT('',(3.635477236701,23.450127850551));
#5767 = CARTESIAN_POINT('',(3.641955625689,23.336751912327));
#5768 = CARTESIAN_POINT('',(3.648364408723,23.222257224572));
#5769 = CARTESIAN_POINT('',(3.654704569954,23.106631173781));
#5770 = CARTESIAN_POINT('',(3.660977051362,22.989858833318));
#5771 = CARTESIAN_POINT('',(3.667182750483,22.871922971906));
#5772 = CARTESIAN_POINT('',(3.673322540712,22.752803607688));
#5773 = CARTESIAN_POINT('',(3.67939720704,22.632479257728));
#5774 = CARTESIAN_POINT('',(3.685407697043,22.510921860202));
#5775 = CARTESIAN_POINT('',(3.69135419502,22.388115310363));
#5776 = CARTESIAN_POINT('',(3.697234669055,22.264086881136));
#5777 = CARTESIAN_POINT('',(3.703050844144,22.13878354759));
#5778 = CARTESIAN_POINT('',(3.708803286394,22.012171486953));
#5779 = CARTESIAN_POINT('',(3.71449257727,21.884212399817));
#5780 = CARTESIAN_POINT('',(3.720119007939,21.754869750434));
#5781 = CARTESIAN_POINT('',(3.725682670014,21.624106990181));
#5782 = CARTESIAN_POINT('',(3.731183440103,21.49188792928));
#5783 = CARTESIAN_POINT('',(3.736620992204,21.358176532296));
#5784 = CARTESIAN_POINT('',(3.741994804357,21.222936870303));
#5785 = CARTESIAN_POINT('',(3.747304159816,21.086133022566));
#5786 = CARTESIAN_POINT('',(3.752548175283,20.947729023523));
#5787 = CARTESIAN_POINT('',(3.755999875578,20.854368793862));
#5788 = CARTESIAN_POINT('',(3.757714472227,20.807409933318));
#5789 = ( GEOMETRIC_REPRESENTATION_CONTEXT(2) 
PARAMETRIC_REPRESENTATION_CONTEXT() REPRESENTATION_CONTEXT('2D SPACE',''
  ) );
#5790 = ORIENTED_EDGE('',*,*,#5791,.F.);
#5791 = EDGE_CURVE('',#2146,#4580,#5792,.T.);
#5792 = SEAM_CURVE('',#5793,(#5797,#5804),.PCURVE_S1.);
#5793 = LINE('',#5794,#5795);
#5794 = CARTESIAN_POINT('',(276.6,23.25,99.170125629));
#5795 = VECTOR('',#5796,1.);
#5796 = DIRECTION('',(0.,1.,0.));
#5797 = PCURVE('',#2162,#5798);
#5798 = DEFINITIONAL_REPRESENTATION('',(#5799),#5803);
#5799 = LINE('',#5800,#5801);
#5800 = CARTESIAN_POINT('',(0.,0.));
#5801 = VECTOR('',#5802,1.);
#5802 = DIRECTION('',(0.,1.));
#5803 = ( GEOMETRIC_REPRESENTATION_CONTEXT(2) 
PARAMETRIC_REPRESENTATION_CONTEXT() REPRESENTATION_CONTEXT('2D SPACE',''
  ) );
#5804 = PCURVE('',#2162,#5805);
#5805 = DEFINITIONAL_REPRESENTATION('',(#5806),#5810);
#5806 = LINE('',#5807,#5808);
#5807 = CARTESIAN_POINT('',(6.28318530718,0.));
#5808 = VECTOR('',#5809,1.);
#5809 = DIRECTION('',(0.,1.));
#5810 = ( GEOMETRIC_REPRESENTATION_CONTEXT(2) 
PARAMETRIC_REPRESENTATION_CONTEXT() REPRESENTATION_CONTEXT('2D SPACE',''
  ) );
#5811 = ORIENTED_EDGE('',*,*,#2145,.T.);
#5812 = ORIENTED_EDGE('',*,*,#5791,.T.);
#5813 = ADVANCED_FACE('',(#5814),#2616,.F.);
#5814 = FACE_BOUND('',#5815,.F.);
#5815 = EDGE_LOOP('',(#5816,#5839,#5866,#5867));
#5816 = ORIENTED_EDGE('',*,*,#5817,.T.);
#5817 = EDGE_CURVE('',#2600,#5818,#5820,.T.);
#5818 = VERTEX_POINT('',#5819);
#5819 = CARTESIAN_POINT('',(213.13,100.75,10.));
#5820 = SEAM_CURVE('',#5821,(#5825,#5832),.PCURVE_S1.);
#5821 = LINE('',#5822,#5823);
#5822 = CARTESIAN_POINT('',(213.13,100.75,0.));
#5823 = VECTOR('',#5824,1.);
#5824 = DIRECTION('',(0.,0.,1.));
#5825 = PCURVE('',#2616,#5826);
#5826 = DEFINITIONAL_REPRESENTATION('',(#5827),#5831);
#5827 = LINE('',#5828,#5829);
#5828 = CARTESIAN_POINT('',(6.28318530718,0.));
#5829 = VECTOR('',#5830,1.);
#5830 = DIRECTION('',(0.,1.));
#5831 = ( GEOMETRIC_REPRESENTATION_CONTEXT(2) 
PARAMETRIC_REPRESENTATION_CONTEXT() REPRESENTATION_CONTEXT('2D SPACE',''
  ) );
#5832 = PCURVE('',#2616,#5833);
#5833 = DEFINITIONAL_REPRESENTATION('',(#5834),#5838);
#5834 = LINE('',#5835,#5836);
#5835 = CARTESIAN_POINT('',(0.,0.));
#5836 = VECTOR('',#5837,1.);
#5837 = DIRECTION('',(0.,1.));
#5838 = ( GEOMETRIC_REPRESENTATION_CONTEXT(2) 
PARAMETRIC_REPRESENTATION_CONTEXT() REPRESENTATION_CONTEXT('2D SPACE',''
  ) );
#5839 = ORIENTED_EDGE('',*,*,#5840,.F.);
#5840 = EDGE_CURVE('',#5818,#5818,#5841,.T.);
#5841 = SURFACE_CURVE('',#5842,(#5847,#5854),.PCURVE_S1.);
#5842 = CIRCLE('',#5843,58.13);
#5843 = AXIS2_PLACEMENT_3D('',#5844,#5845,#5846);
#5844 = CARTESIAN_POINT('',(155.,100.75,10.));
#5845 = DIRECTION('',(0.,0.,1.));
#5846 = DIRECTION('',(1.,0.,0.));
#5847 = PCURVE('',#2616,#5848);
#5848 = DEFINITIONAL_REPRESENTATION('',(#5849),#5853);
#5849 = LINE('',#5850,#5851);
#5850 = CARTESIAN_POINT('',(0.,10.));
#5851 = VECTOR('',#5852,1.);
#5852 = DIRECTION('',(1.,0.));
#5853 = ( GEOMETRIC_REPRESENTATION_CONTEXT(2) 
PARAMETRIC_REPRESENTATION_CONTEXT() REPRESENTATION_CONTEXT('2D SPACE',''
  ) );
#5854 = PCURVE('',#5855,#5860);
#5855 = PLANE('',#5856);
#5856 = AXIS2_PLACEMENT_3D('',#5857,#5858,#5859);
#5857 = CARTESIAN_POINT('',(155.,100.75,10.));
#5858 = DIRECTION('',(0.,0.,1.));
#5859 = DIRECTION('',(1.,0.,0.));
#5860 = DEFINITIONAL_REPRESENTATION('',(#5861),#5865);
#5861 = CIRCLE('',#5862,58.13);
#5862 = AXIS2_PLACEMENT_2D('',#5863,#5864);
#5863 = CARTESIAN_POINT('',(0.,0.));
#5864 = DIRECTION('',(1.,0.));
#5865 = ( GEOMETRIC_REPRESENTATION_CONTEXT(2) 
PARAMETRIC_REPRESENTATION_CONTEXT() REPRESENTATION_CONTEXT('2D SPACE',''
  ) );
#5866 = ORIENTED_EDGE('',*,*,#5817,.F.);
#5867 = ORIENTED_EDGE('',*,*,#2599,.T.);
#5868 = ADVANCED_FACE('',(#5869),#2704,.F.);
#5869 = FACE_BOUND('',#5870,.F.);
#5870 = EDGE_LOOP('',(#5871,#5872));
#5871 = ORIENTED_EDGE('',*,*,#2872,.T.);
#5872 = ORIENTED_EDGE('',*,*,#2688,.F.);
#5873 = ADVANCED_FACE('',(#5874),#2808,.F.);
#5874 = FACE_BOUND('',#5875,.F.);
#5875 = EDGE_LOOP('',(#5876,#5877));
#5876 = ORIENTED_EDGE('',*,*,#2791,.T.);
#5877 = ORIENTED_EDGE('',*,*,#2845,.F.);
#5878 = ADVANCED_FACE('',(#5879),#2939,.T.);
#5879 = FACE_BOUND('',#5880,.F.);
#5880 = EDGE_LOOP('',(#5881,#5882,#5883,#5884,#5885,#5886,#5887,#5888));
#5881 = ORIENTED_EDGE('',*,*,#3409,.T.);
#5882 = ORIENTED_EDGE('',*,*,#3440,.T.);
#5883 = ORIENTED_EDGE('',*,*,#3490,.T.);
#5884 = ORIENTED_EDGE('',*,*,#2923,.T.);
#5885 = ORIENTED_EDGE('',*,*,#3000,.T.);
#5886 = ORIENTED_EDGE('',*,*,#3031,.T.);
#5887 = ORIENTED_EDGE('',*,*,#3103,.T.);
#5888 = ORIENTED_EDGE('',*,*,#3135,.T.);
#5889 = ADVANCED_FACE('',(#5890),#3219,.T.);
#5890 = FACE_BOUND('',#5891,.F.);
#5891 = EDGE_LOOP('',(#5892,#5893,#5894,#5895));
#5892 = ORIENTED_EDGE('',*,*,#3358,.F.);
#5893 = ORIENTED_EDGE('',*,*,#3203,.T.);
#5894 = ORIENTED_EDGE('',*,*,#3255,.T.);
#5895 = ORIENTED_EDGE('',*,*,#3304,.T.);
#5896 = ADVANCED_FACE('',(#5897),#3559,.T.);
#5897 = FACE_BOUND('',#5898,.T.);
#5898 = EDGE_LOOP('',(#5899,#5900,#5901,#5902,#5903,#5904,#5905,#5906));
#5899 = ORIENTED_EDGE('',*,*,#3817,.T.);
#5900 = ORIENTED_EDGE('',*,*,#3768,.T.);
#5901 = ORIENTED_EDGE('',*,*,#3718,.T.);
#5902 = ORIENTED_EDGE('',*,*,#3669,.T.);
#5903 = ORIENTED_EDGE('',*,*,#3619,.T.);
#5904 = ORIENTED_EDGE('',*,*,#3543,.T.);
#5905 = ORIENTED_EDGE('',*,*,#4093,.T.);
#5906 = ORIENTED_EDGE('',*,*,#3868,.T.);
#5907 = ADVANCED_FACE('',(#5908),#3930,.T.);
#5908 = FACE_BOUND('',#5909,.T.);
#5909 = EDGE_LOOP('',(#5910,#5911,#5912,#5913));
#5910 = ORIENTED_EDGE('',*,*,#3966,.F.);
#5911 = ORIENTED_EDGE('',*,*,#3914,.T.);
#5912 = ORIENTED_EDGE('',*,*,#4065,.T.);
#5913 = ORIENTED_EDGE('',*,*,#4040,.T.);
#5914 = ADVANCED_FACE('',(#5915),#4164,.F.);
#5915 = FACE_BOUND('',#5916,.F.);
#5916 = EDGE_LOOP('',(#5917,#5940,#5941,#5942));
#5917 = ORIENTED_EDGE('',*,*,#5918,.T.);
#5918 = EDGE_CURVE('',#5919,#4148,#5921,.T.);
#5919 = VERTEX_POINT('',#5920);
#5920 = CARTESIAN_POINT('',(103.95481736937,66.845,118.575));
#5921 = SEAM_CURVE('',#5922,(#5926,#5933),.PCURVE_S1.);
#5922 = LINE('',#5923,#5924);
#5923 = CARTESIAN_POINT('',(103.95481736937,66.845,118.575));
#5924 = VECTOR('',#5925,1.);
#5925 = DIRECTION('',(0.,0.,1.));
#5926 = PCURVE('',#4164,#5927);
#5927 = DEFINITIONAL_REPRESENTATION('',(#5928),#5932);
#5928 = LINE('',#5929,#5930);
#5929 = CARTESIAN_POINT('',(6.28318530718,0.));
#5930 = VECTOR('',#5931,1.);
#5931 = DIRECTION('',(0.,1.));
#5932 = ( GEOMETRIC_REPRESENTATION_CONTEXT(2) 
PARAMETRIC_REPRESENTATION_CONTEXT() REPRESENTATION_CONTEXT('2D SPACE',''
  ) );
#5933 = PCURVE('',#4164,#5934);
#5934 = DEFINITIONAL_REPRESENTATION('',(#5935),#5939);
#5935 = LINE('',#5936,#5937);
#5936 = CARTESIAN_POINT('',(0.,0.));
#5937 = VECTOR('',#5938,1.);
#5938 = DIRECTION('',(0.,1.));
#5939 = ( GEOMETRIC_REPRESENTATION_CONTEXT(2) 
PARAMETRIC_REPRESENTATION_CONTEXT() REPRESENTATION_CONTEXT('2D SPACE',''
  ) );
#5940 = ORIENTED_EDGE('',*,*,#4147,.F.);
#5941 = ORIENTED_EDGE('',*,*,#5918,.F.);
#5942 = ORIENTED_EDGE('',*,*,#5943,.T.);
#5943 = EDGE_CURVE('',#5919,#5919,#5944,.T.);
#5944 = SURFACE_CURVE('',#5945,(#5950,#5957),.PCURVE_S1.);
#5945 = CIRCLE('',#5946,7.68);
#5946 = AXIS2_PLACEMENT_3D('',#5947,#5948,#5949);
#5947 = CARTESIAN_POINT('',(96.274817369377,66.845,118.575));
#5948 = DIRECTION('',(0.,0.,1.));
#5949 = DIRECTION('',(1.,0.,0.));
#5950 = PCURVE('',#4164,#5951);
#5951 = DEFINITIONAL_REPRESENTATION('',(#5952),#5956);
#5952 = LINE('',#5953,#5954);
#5953 = CARTESIAN_POINT('',(0.,0.));
#5954 = VECTOR('',#5955,1.);
#5955 = DIRECTION('',(1.,0.));
#5956 = ( GEOMETRIC_REPRESENTATION_CONTEXT(2) 
PARAMETRIC_REPRESENTATION_CONTEXT() REPRESENTATION_CONTEXT('2D SPACE',''
  ) );
#5957 = PCURVE('',#5958,#5963);
#5958 = PLANE('',#5959);
#5959 = AXIS2_PLACEMENT_3D('',#5960,#5961,#5962);
#5960 = CARTESIAN_POINT('',(96.274817369377,66.845,118.575));
#5961 = DIRECTION('',(0.,0.,1.));
#5962 = DIRECTION('',(1.,0.,0.));
#5963 = DEFINITIONAL_REPRESENTATION('',(#5964),#5968);
#5964 = CIRCLE('',#5965,7.68);
#5965 = AXIS2_PLACEMENT_2D('',#5966,#5967);
#5966 = CARTESIAN_POINT('',(0.,0.));
#5967 = DIRECTION('',(1.,0.));
#5968 = ( GEOMETRIC_REPRESENTATION_CONTEXT(2) 
PARAMETRIC_REPRESENTATION_CONTEXT() REPRESENTATION_CONTEXT('2D SPACE',''
  ) );
#5969 = ADVANCED_FACE('',(#5970),#4195,.F.);
#5970 = FACE_BOUND('',#5971,.F.);
#5971 = EDGE_LOOP('',(#5972,#5995,#5996,#5997));
#5972 = ORIENTED_EDGE('',*,*,#5973,.T.);
#5973 = EDGE_CURVE('',#5974,#4179,#5976,.T.);
#5974 = VERTEX_POINT('',#5975);
#5975 = CARTESIAN_POINT('',(94.87,100.75,118.575));
#5976 = SEAM_CURVE('',#5977,(#5981,#5988),.PCURVE_S1.);
#5977 = LINE('',#5978,#5979);
#5978 = CARTESIAN_POINT('',(94.87,100.75,118.575));
#5979 = VECTOR('',#5980,1.);
#5980 = DIRECTION('',(0.,0.,1.));
#5981 = PCURVE('',#4195,#5982);
#5982 = DEFINITIONAL_REPRESENTATION('',(#5983),#5987);
#5983 = LINE('',#5984,#5985);
#5984 = CARTESIAN_POINT('',(6.28318530718,0.));
#5985 = VECTOR('',#5986,1.);
#5986 = DIRECTION('',(0.,1.));
#5987 = ( GEOMETRIC_REPRESENTATION_CONTEXT(2) 
PARAMETRIC_REPRESENTATION_CONTEXT() REPRESENTATION_CONTEXT('2D SPACE',''
  ) );
#5988 = PCURVE('',#4195,#5989);
#5989 = DEFINITIONAL_REPRESENTATION('',(#5990),#5994);
#5990 = LINE('',#5991,#5992);
#5991 = CARTESIAN_POINT('',(0.,0.));
#5992 = VECTOR('',#5993,1.);
#5993 = DIRECTION('',(0.,1.));
#5994 = ( GEOMETRIC_REPRESENTATION_CONTEXT(2) 
PARAMETRIC_REPRESENTATION_CONTEXT() REPRESENTATION_CONTEXT('2D SPACE',''
  ) );
#5995 = ORIENTED_EDGE('',*,*,#4178,.F.);
#5996 = ORIENTED_EDGE('',*,*,#5973,.F.);
#5997 = ORIENTED_EDGE('',*,*,#5998,.T.);
#5998 = EDGE_CURVE('',#5974,#5974,#5999,.T.);
#5999 = SURFACE_CURVE('',#6000,(#6005,#6012),.PCURVE_S1.);
#6000 = CIRCLE('',#6001,7.68);
#6001 = AXIS2_PLACEMENT_3D('',#6002,#6003,#6004);
#6002 = CARTESIAN_POINT('',(87.19,100.75,118.575));
#6003 = DIRECTION('',(0.,0.,1.));
#6004 = DIRECTION('',(1.,0.,0.));
#6005 = PCURVE('',#4195,#6006);
#6006 = DEFINITIONAL_REPRESENTATION('',(#6007),#6011);
#6007 = LINE('',#6008,#6009);
#6008 = CARTESIAN_POINT('',(0.,0.));
#6009 = VECTOR('',#6010,1.);
#6010 = DIRECTION('',(1.,0.));
#6011 = ( GEOMETRIC_REPRESENTATION_CONTEXT(2) 
PARAMETRIC_REPRESENTATION_CONTEXT() REPRESENTATION_CONTEXT('2D SPACE',''
  ) );
#6012 = PCURVE('',#6013,#6018);
#6013 = PLANE('',#6014);
#6014 = AXIS2_PLACEMENT_3D('',#6015,#6016,#6017);
#6015 = CARTESIAN_POINT('',(87.19,100.75,118.575));
#6016 = DIRECTION('',(0.,0.,1.));
#6017 = DIRECTION('',(1.,0.,0.));
#6018 = DEFINITIONAL_REPRESENTATION('',(#6019),#6023);
#6019 = CIRCLE('',#6020,7.68);
#6020 = AXIS2_PLACEMENT_2D('',#6021,#6022);
#6021 = CARTESIAN_POINT('',(0.,0.));
#6022 = DIRECTION('',(1.,0.));
#6023 = ( GEOMETRIC_REPRESENTATION_CONTEXT(2) 
PARAMETRIC_REPRESENTATION_CONTEXT() REPRESENTATION_CONTEXT('2D SPACE',''
  ) );
#6024 = ADVANCED_FACE('',(#6025),#4226,.F.);
#6025 = FACE_BOUND('',#6026,.F.);
#6026 = EDGE_LOOP('',(#6027,#6050,#6051,#6052));
#6027 = ORIENTED_EDGE('',*,*,#6028,.T.);
#6028 = EDGE_CURVE('',#6029,#4210,#6031,.T.);
#6029 = VERTEX_POINT('',#6030);
#6030 = CARTESIAN_POINT('',(103.95481736937,134.655,118.575));
#6031 = SEAM_CURVE('',#6032,(#6036,#6043),.PCURVE_S1.);
#6032 = LINE('',#6033,#6034);
#6033 = CARTESIAN_POINT('',(103.95481736937,134.655,118.575));
#6034 = VECTOR('',#6035,1.);
#6035 = DIRECTION('',(0.,0.,1.));
#6036 = PCURVE('',#4226,#6037);
#6037 = DEFINITIONAL_REPRESENTATION('',(#6038),#6042);
#6038 = LINE('',#6039,#6040);
#6039 = CARTESIAN_POINT('',(6.28318530718,0.));
#6040 = VECTOR('',#6041,1.);
#6041 = DIRECTION('',(0.,1.));
#6042 = ( GEOMETRIC_REPRESENTATION_CONTEXT(2) 
PARAMETRIC_REPRESENTATION_CONTEXT() REPRESENTATION_CONTEXT('2D SPACE',''
  ) );
#6043 = PCURVE('',#4226,#6044);
#6044 = DEFINITIONAL_REPRESENTATION('',(#6045),#6049);
#6045 = LINE('',#6046,#6047);
#6046 = CARTESIAN_POINT('',(0.,0.));
#6047 = VECTOR('',#6048,1.);
#6048 = DIRECTION('',(0.,1.));
#6049 = ( GEOMETRIC_REPRESENTATION_CONTEXT(2) 
PARAMETRIC_REPRESENTATION_CONTEXT() REPRESENTATION_CONTEXT('2D SPACE',''
  ) );
#6050 = ORIENTED_EDGE('',*,*,#4209,.F.);
#6051 = ORIENTED_EDGE('',*,*,#6028,.F.);
#6052 = ORIENTED_EDGE('',*,*,#6053,.T.);
#6053 = EDGE_CURVE('',#6029,#6029,#6054,.T.);
#6054 = SURFACE_CURVE('',#6055,(#6060,#6067),.PCURVE_S1.);
#6055 = CIRCLE('',#6056,7.68);
#6056 = AXIS2_PLACEMENT_3D('',#6057,#6058,#6059);
#6057 = CARTESIAN_POINT('',(96.274817369377,134.655,118.575));
#6058 = DIRECTION('',(0.,0.,1.));
#6059 = DIRECTION('',(1.,0.,0.));
#6060 = PCURVE('',#4226,#6061);
#6061 = DEFINITIONAL_REPRESENTATION('',(#6062),#6066);
#6062 = LINE('',#6063,#6064);
#6063 = CARTESIAN_POINT('',(0.,0.));
#6064 = VECTOR('',#6065,1.);
#6065 = DIRECTION('',(1.,0.));
#6066 = ( GEOMETRIC_REPRESENTATION_CONTEXT(2) 
PARAMETRIC_REPRESENTATION_CONTEXT() REPRESENTATION_CONTEXT('2D SPACE',''
  ) );
#6067 = PCURVE('',#6068,#6073);
#6068 = PLANE('',#6069);
#6069 = AXIS2_PLACEMENT_3D('',#6070,#6071,#6072);
#6070 = CARTESIAN_POINT('',(96.274817369377,134.655,118.575));
#6071 = DIRECTION('',(0.,0.,1.));
#6072 = DIRECTION('',(1.,0.,0.));
#6073 = DEFINITIONAL_REPRESENTATION('',(#6074),#6078);
#6074 = CIRCLE('',#6075,7.68);
#6075 = AXIS2_PLACEMENT_2D('',#6076,#6077);
#6076 = CARTESIAN_POINT('',(0.,0.));
#6077 = DIRECTION('',(1.,0.));
#6078 = ( GEOMETRIC_REPRESENTATION_CONTEXT(2) 
PARAMETRIC_REPRESENTATION_CONTEXT() REPRESENTATION_CONTEXT('2D SPACE',''
  ) );
#6079 = ADVANCED_FACE('',(#6080),#4257,.F.);
#6080 = FACE_BOUND('',#6081,.F.);
#6081 = EDGE_LOOP('',(#6082,#6105,#6106,#6107));
#6082 = ORIENTED_EDGE('',*,*,#6083,.T.);
#6083 = EDGE_CURVE('',#6084,#4241,#6086,.T.);
#6084 = VERTEX_POINT('',#6085);
#6085 = CARTESIAN_POINT('',(162.68,168.56,118.575));
#6086 = SEAM_CURVE('',#6087,(#6091,#6098),.PCURVE_S1.);
#6087 = LINE('',#6088,#6089);
#6088 = CARTESIAN_POINT('',(162.68,168.56,118.575));
#6089 = VECTOR('',#6090,1.);
#6090 = DIRECTION('',(0.,0.,1.));
#6091 = PCURVE('',#4257,#6092);
#6092 = DEFINITIONAL_REPRESENTATION('',(#6093),#6097);
#6093 = LINE('',#6094,#6095);
#6094 = CARTESIAN_POINT('',(6.28318530718,0.));
#6095 = VECTOR('',#6096,1.);
#6096 = DIRECTION('',(0.,1.));
#6097 = ( GEOMETRIC_REPRESENTATION_CONTEXT(2) 
PARAMETRIC_REPRESENTATION_CONTEXT() REPRESENTATION_CONTEXT('2D SPACE',''
  ) );
#6098 = PCURVE('',#4257,#6099);
#6099 = DEFINITIONAL_REPRESENTATION('',(#6100),#6104);
#6100 = LINE('',#6101,#6102);
#6101 = CARTESIAN_POINT('',(0.,0.));
#6102 = VECTOR('',#6103,1.);
#6103 = DIRECTION('',(0.,1.));
#6104 = ( GEOMETRIC_REPRESENTATION_CONTEXT(2) 
PARAMETRIC_REPRESENTATION_CONTEXT() REPRESENTATION_CONTEXT('2D SPACE',''
  ) );
#6105 = ORIENTED_EDGE('',*,*,#4240,.F.);
#6106 = ORIENTED_EDGE('',*,*,#6083,.F.);
#6107 = ORIENTED_EDGE('',*,*,#6108,.T.);
#6108 = EDGE_CURVE('',#6084,#6084,#6109,.T.);
#6109 = SURFACE_CURVE('',#6110,(#6115,#6122),.PCURVE_S1.);
#6110 = CIRCLE('',#6111,7.68);
#6111 = AXIS2_PLACEMENT_3D('',#6112,#6113,#6114);
#6112 = CARTESIAN_POINT('',(155.,168.56,118.575));
#6113 = DIRECTION('',(0.,0.,1.));
#6114 = DIRECTION('',(1.,0.,0.));
#6115 = PCURVE('',#4257,#6116);
#6116 = DEFINITIONAL_REPRESENTATION('',(#6117),#6121);
#6117 = LINE('',#6118,#6119);
#6118 = CARTESIAN_POINT('',(0.,0.));
#6119 = VECTOR('',#6120,1.);
#6120 = DIRECTION('',(1.,0.));
#6121 = ( GEOMETRIC_REPRESENTATION_CONTEXT(2) 
PARAMETRIC_REPRESENTATION_CONTEXT() REPRESENTATION_CONTEXT('2D SPACE',''
  ) );
#6122 = PCURVE('',#6123,#6128);
#6123 = PLANE('',#6124);
#6124 = AXIS2_PLACEMENT_3D('',#6125,#6126,#6127);
#6125 = CARTESIAN_POINT('',(155.,168.56,118.575));
#6126 = DIRECTION('',(0.,0.,1.));
#6127 = DIRECTION('',(1.,0.,0.));
#6128 = DEFINITIONAL_REPRESENTATION('',(#6129),#6133);
#6129 = CIRCLE('',#6130,7.68);
#6130 = AXIS2_PLACEMENT_2D('',#6131,#6132);
#6131 = CARTESIAN_POINT('',(0.,0.));
#6132 = DIRECTION('',(1.,0.));
#6133 = ( GEOMETRIC_REPRESENTATION_CONTEXT(2) 
PARAMETRIC_REPRESENTATION_CONTEXT() REPRESENTATION_CONTEXT('2D SPACE',''
  ) );
#6134 = ADVANCED_FACE('',(#6135),#4288,.F.);
#6135 = FACE_BOUND('',#6136,.F.);
#6136 = EDGE_LOOP('',(#6137,#6160,#6161,#6162));
#6137 = ORIENTED_EDGE('',*,*,#6138,.T.);
#6138 = EDGE_CURVE('',#6139,#4272,#6141,.T.);
#6139 = VERTEX_POINT('',#6140);
#6140 = CARTESIAN_POINT('',(128.775,159.47518263062,118.575));
#6141 = SEAM_CURVE('',#6142,(#6146,#6153),.PCURVE_S1.);
#6142 = LINE('',#6143,#6144);
#6143 = CARTESIAN_POINT('',(128.775,159.47518263062,118.575));
#6144 = VECTOR('',#6145,1.);
#6145 = DIRECTION('',(0.,0.,1.));
#6146 = PCURVE('',#4288,#6147);
#6147 = DEFINITIONAL_REPRESENTATION('',(#6148),#6152);
#6148 = LINE('',#6149,#6150);
#6149 = CARTESIAN_POINT('',(6.28318530718,0.));
#6150 = VECTOR('',#6151,1.);
#6151 = DIRECTION('',(0.,1.));
#6152 = ( GEOMETRIC_REPRESENTATION_CONTEXT(2) 
PARAMETRIC_REPRESENTATION_CONTEXT() REPRESENTATION_CONTEXT('2D SPACE',''
  ) );
#6153 = PCURVE('',#4288,#6154);
#6154 = DEFINITIONAL_REPRESENTATION('',(#6155),#6159);
#6155 = LINE('',#6156,#6157);
#6156 = CARTESIAN_POINT('',(0.,0.));
#6157 = VECTOR('',#6158,1.);
#6158 = DIRECTION('',(0.,1.));
#6159 = ( GEOMETRIC_REPRESENTATION_CONTEXT(2) 
PARAMETRIC_REPRESENTATION_CONTEXT() REPRESENTATION_CONTEXT('2D SPACE',''
  ) );
#6160 = ORIENTED_EDGE('',*,*,#4271,.F.);
#6161 = ORIENTED_EDGE('',*,*,#6138,.F.);
#6162 = ORIENTED_EDGE('',*,*,#6163,.T.);
#6163 = EDGE_CURVE('',#6139,#6139,#6164,.T.);
#6164 = SURFACE_CURVE('',#6165,(#6170,#6177),.PCURVE_S1.);
#6165 = CIRCLE('',#6166,7.68);
#6166 = AXIS2_PLACEMENT_3D('',#6167,#6168,#6169);
#6167 = CARTESIAN_POINT('',(121.095,159.47518263062,118.575));
#6168 = DIRECTION('',(0.,0.,1.));
#6169 = DIRECTION('',(1.,0.,0.));
#6170 = PCURVE('',#4288,#6171);
#6171 = DEFINITIONAL_REPRESENTATION('',(#6172),#6176);
#6172 = LINE('',#6173,#6174);
#6173 = CARTESIAN_POINT('',(0.,0.));
#6174 = VECTOR('',#6175,1.);
#6175 = DIRECTION('',(1.,0.));
#6176 = ( GEOMETRIC_REPRESENTATION_CONTEXT(2) 
PARAMETRIC_REPRESENTATION_CONTEXT() REPRESENTATION_CONTEXT('2D SPACE',''
  ) );
#6177 = PCURVE('',#6178,#6183);
#6178 = PLANE('',#6179);
#6179 = AXIS2_PLACEMENT_3D('',#6180,#6181,#6182);
#6180 = CARTESIAN_POINT('',(121.095,159.47518263062,118.575));
#6181 = DIRECTION('',(0.,0.,1.));
#6182 = DIRECTION('',(1.,0.,0.));
#6183 = DEFINITIONAL_REPRESENTATION('',(#6184),#6188);
#6184 = CIRCLE('',#6185,7.68);
#6185 = AXIS2_PLACEMENT_2D('',#6186,#6187);
#6186 = CARTESIAN_POINT('',(0.,0.));
#6187 = DIRECTION('',(1.,0.));
#6188 = ( GEOMETRIC_REPRESENTATION_CONTEXT(2) 
PARAMETRIC_REPRESENTATION_CONTEXT() REPRESENTATION_CONTEXT('2D SPACE',''
  ) );
#6189 = ADVANCED_FACE('',(#6190),#4319,.F.);
#6190 = FACE_BOUND('',#6191,.F.);
#6191 = EDGE_LOOP('',(#6192,#6215,#6216,#6217));
#6192 = ORIENTED_EDGE('',*,*,#6193,.T.);
#6193 = EDGE_CURVE('',#6194,#4303,#6196,.T.);
#6194 = VERTEX_POINT('',#6195);
#6195 = CARTESIAN_POINT('',(196.585,159.47518263062,118.575));
#6196 = SEAM_CURVE('',#6197,(#6201,#6208),.PCURVE_S1.);
#6197 = LINE('',#6198,#6199);
#6198 = CARTESIAN_POINT('',(196.585,159.47518263062,118.575));
#6199 = VECTOR('',#6200,1.);
#6200 = DIRECTION('',(0.,0.,1.));
#6201 = PCURVE('',#4319,#6202);
#6202 = DEFINITIONAL_REPRESENTATION('',(#6203),#6207);
#6203 = LINE('',#6204,#6205);
#6204 = CARTESIAN_POINT('',(6.28318530718,0.));
#6205 = VECTOR('',#6206,1.);
#6206 = DIRECTION('',(0.,1.));
#6207 = ( GEOMETRIC_REPRESENTATION_CONTEXT(2) 
PARAMETRIC_REPRESENTATION_CONTEXT() REPRESENTATION_CONTEXT('2D SPACE',''
  ) );
#6208 = PCURVE('',#4319,#6209);
#6209 = DEFINITIONAL_REPRESENTATION('',(#6210),#6214);
#6210 = LINE('',#6211,#6212);
#6211 = CARTESIAN_POINT('',(0.,0.));
#6212 = VECTOR('',#6213,1.);
#6213 = DIRECTION('',(0.,1.));
#6214 = ( GEOMETRIC_REPRESENTATION_CONTEXT(2) 
PARAMETRIC_REPRESENTATION_CONTEXT() REPRESENTATION_CONTEXT('2D SPACE',''
  ) );
#6215 = ORIENTED_EDGE('',*,*,#4302,.F.);
#6216 = ORIENTED_EDGE('',*,*,#6193,.F.);
#6217 = ORIENTED_EDGE('',*,*,#6218,.T.);
#6218 = EDGE_CURVE('',#6194,#6194,#6219,.T.);
#6219 = SURFACE_CURVE('',#6220,(#6225,#6232),.PCURVE_S1.);
#6220 = CIRCLE('',#6221,7.68);
#6221 = AXIS2_PLACEMENT_3D('',#6222,#6223,#6224);
#6222 = CARTESIAN_POINT('',(188.905,159.47518263062,118.575));
#6223 = DIRECTION('',(0.,0.,1.));
#6224 = DIRECTION('',(1.,0.,0.));
#6225 = PCURVE('',#4319,#6226);
#6226 = DEFINITIONAL_REPRESENTATION('',(#6227),#6231);
#6227 = LINE('',#6228,#6229);
#6228 = CARTESIAN_POINT('',(0.,0.));
#6229 = VECTOR('',#6230,1.);
#6230 = DIRECTION('',(1.,0.));
#6231 = ( GEOMETRIC_REPRESENTATION_CONTEXT(2) 
PARAMETRIC_REPRESENTATION_CONTEXT() REPRESENTATION_CONTEXT('2D SPACE',''
  ) );
#6232 = PCURVE('',#6233,#6238);
#6233 = PLANE('',#6234);
#6234 = AXIS2_PLACEMENT_3D('',#6235,#6236,#6237);
#6235 = CARTESIAN_POINT('',(188.905,159.47518263062,118.575));
#6236 = DIRECTION('',(0.,0.,1.));
#6237 = DIRECTION('',(1.,0.,0.));
#6238 = DEFINITIONAL_REPRESENTATION('',(#6239),#6243);
#6239 = CIRCLE('',#6240,7.68);
#6240 = AXIS2_PLACEMENT_2D('',#6241,#6242);
#6241 = CARTESIAN_POINT('',(0.,0.));
#6242 = DIRECTION('',(1.,0.));
#6243 = ( GEOMETRIC_REPRESENTATION_CONTEXT(2) 
PARAMETRIC_REPRESENTATION_CONTEXT() REPRESENTATION_CONTEXT('2D SPACE',''
  ) );
#6244 = ADVANCED_FACE('',(#6245),#4350,.F.);
#6245 = FACE_BOUND('',#6246,.F.);
#6246 = EDGE_LOOP('',(#6247,#6270,#6271,#6272));
#6247 = ORIENTED_EDGE('',*,*,#6248,.T.);
#6248 = EDGE_CURVE('',#6249,#4334,#6251,.T.);
#6249 = VERTEX_POINT('',#6250);
#6250 = CARTESIAN_POINT('',(162.68,32.94,118.575));
#6251 = SEAM_CURVE('',#6252,(#6256,#6263),.PCURVE_S1.);
#6252 = LINE('',#6253,#6254);
#6253 = CARTESIAN_POINT('',(162.68,32.94,118.575));
#6254 = VECTOR('',#6255,1.);
#6255 = DIRECTION('',(0.,0.,1.));
#6256 = PCURVE('',#4350,#6257);
#6257 = DEFINITIONAL_REPRESENTATION('',(#6258),#6262);
#6258 = LINE('',#6259,#6260);
#6259 = CARTESIAN_POINT('',(6.28318530718,0.));
#6260 = VECTOR('',#6261,1.);
#6261 = DIRECTION('',(0.,1.));
#6262 = ( GEOMETRIC_REPRESENTATION_CONTEXT(2) 
PARAMETRIC_REPRESENTATION_CONTEXT() REPRESENTATION_CONTEXT('2D SPACE',''
  ) );
#6263 = PCURVE('',#4350,#6264);
#6264 = DEFINITIONAL_REPRESENTATION('',(#6265),#6269);
#6265 = LINE('',#6266,#6267);
#6266 = CARTESIAN_POINT('',(0.,0.));
#6267 = VECTOR('',#6268,1.);
#6268 = DIRECTION('',(0.,1.));
#6269 = ( GEOMETRIC_REPRESENTATION_CONTEXT(2) 
PARAMETRIC_REPRESENTATION_CONTEXT() REPRESENTATION_CONTEXT('2D SPACE',''
  ) );
#6270 = ORIENTED_EDGE('',*,*,#4333,.F.);
#6271 = ORIENTED_EDGE('',*,*,#6248,.F.);
#6272 = ORIENTED_EDGE('',*,*,#6273,.T.);
#6273 = EDGE_CURVE('',#6249,#6249,#6274,.T.);
#6274 = SURFACE_CURVE('',#6275,(#6280,#6287),.PCURVE_S1.);
#6275 = CIRCLE('',#6276,7.68);
#6276 = AXIS2_PLACEMENT_3D('',#6277,#6278,#6279);
#6277 = CARTESIAN_POINT('',(155.,32.94,118.575));
#6278 = DIRECTION('',(0.,0.,1.));
#6279 = DIRECTION('',(1.,0.,0.));
#6280 = PCURVE('',#4350,#6281);
#6281 = DEFINITIONAL_REPRESENTATION('',(#6282),#6286);
#6282 = LINE('',#6283,#6284);
#6283 = CARTESIAN_POINT('',(0.,0.));
#6284 = VECTOR('',#6285,1.);
#6285 = DIRECTION('',(1.,0.));
#6286 = ( GEOMETRIC_REPRESENTATION_CONTEXT(2) 
PARAMETRIC_REPRESENTATION_CONTEXT() REPRESENTATION_CONTEXT('2D SPACE',''
  ) );
#6287 = PCURVE('',#6288,#6293);
#6288 = PLANE('',#6289);
#6289 = AXIS2_PLACEMENT_3D('',#6290,#6291,#6292);
#6290 = CARTESIAN_POINT('',(155.,32.94,118.575));
#6291 = DIRECTION('',(0.,0.,1.));
#6292 = DIRECTION('',(1.,0.,0.));
#6293 = DEFINITIONAL_REPRESENTATION('',(#6294),#6298);
#6294 = CIRCLE('',#6295,7.68);
#6295 = AXIS2_PLACEMENT_2D('',#6296,#6297);
#6296 = CARTESIAN_POINT('',(0.,0.));
#6297 = DIRECTION('',(1.,0.));
#6298 = ( GEOMETRIC_REPRESENTATION_CONTEXT(2) 
PARAMETRIC_REPRESENTATION_CONTEXT() REPRESENTATION_CONTEXT('2D SPACE',''
  ) );
#6299 = ADVANCED_FACE('',(#6300),#4381,.F.);
#6300 = FACE_BOUND('',#6301,.F.);
#6301 = EDGE_LOOP('',(#6302,#6325,#6326,#6327));
#6302 = ORIENTED_EDGE('',*,*,#6303,.T.);
#6303 = EDGE_CURVE('',#6304,#4365,#6306,.T.);
#6304 = VERTEX_POINT('',#6305);
#6305 = CARTESIAN_POINT('',(196.585,42.024817369377,118.575));
#6306 = SEAM_CURVE('',#6307,(#6311,#6318),.PCURVE_S1.);
#6307 = LINE('',#6308,#6309);
#6308 = CARTESIAN_POINT('',(196.585,42.024817369377,118.575));
#6309 = VECTOR('',#6310,1.);
#6310 = DIRECTION('',(0.,0.,1.));
#6311 = PCURVE('',#4381,#6312);
#6312 = DEFINITIONAL_REPRESENTATION('',(#6313),#6317);
#6313 = LINE('',#6314,#6315);
#6314 = CARTESIAN_POINT('',(6.28318530718,0.));
#6315 = VECTOR('',#6316,1.);
#6316 = DIRECTION('',(0.,1.));
#6317 = ( GEOMETRIC_REPRESENTATION_CONTEXT(2) 
PARAMETRIC_REPRESENTATION_CONTEXT() REPRESENTATION_CONTEXT('2D SPACE',''
  ) );
#6318 = PCURVE('',#4381,#6319);
#6319 = DEFINITIONAL_REPRESENTATION('',(#6320),#6324);
#6320 = LINE('',#6321,#6322);
#6321 = CARTESIAN_POINT('',(0.,0.));
#6322 = VECTOR('',#6323,1.);
#6323 = DIRECTION('',(0.,1.));
#6324 = ( GEOMETRIC_REPRESENTATION_CONTEXT(2) 
PARAMETRIC_REPRESENTATION_CONTEXT() REPRESENTATION_CONTEXT('2D SPACE',''
  ) );
#6325 = ORIENTED_EDGE('',*,*,#4364,.F.);
#6326 = ORIENTED_EDGE('',*,*,#6303,.F.);
#6327 = ORIENTED_EDGE('',*,*,#6328,.T.);
#6328 = EDGE_CURVE('',#6304,#6304,#6329,.T.);
#6329 = SURFACE_CURVE('',#6330,(#6335,#6342),.PCURVE_S1.);
#6330 = CIRCLE('',#6331,7.68);
#6331 = AXIS2_PLACEMENT_3D('',#6332,#6333,#6334);
#6332 = CARTESIAN_POINT('',(188.905,42.024817369377,118.575));
#6333 = DIRECTION('',(0.,0.,1.));
#6334 = DIRECTION('',(1.,0.,0.));
#6335 = PCURVE('',#4381,#6336);
#6336 = DEFINITIONAL_REPRESENTATION('',(#6337),#6341);
#6337 = LINE('',#6338,#6339);
#6338 = CARTESIAN_POINT('',(0.,0.));
#6339 = VECTOR('',#6340,1.);
#6340 = DIRECTION('',(1.,0.));
#6341 = ( GEOMETRIC_REPRESENTATION_CONTEXT(2) 
PARAMETRIC_REPRESENTATION_CONTEXT() REPRESENTATION_CONTEXT('2D SPACE',''
  ) );
#6342 = PCURVE('',#6343,#6348);
#6343 = PLANE('',#6344);
#6344 = AXIS2_PLACEMENT_3D('',#6345,#6346,#6347);
#6345 = CARTESIAN_POINT('',(188.905,42.024817369377,118.575));
#6346 = DIRECTION('',(0.,0.,1.));
#6347 = DIRECTION('',(1.,0.,0.));
#6348 = DEFINITIONAL_REPRESENTATION('',(#6349),#6353);
#6349 = CIRCLE('',#6350,7.68);
#6350 = AXIS2_PLACEMENT_2D('',#6351,#6352);
#6351 = CARTESIAN_POINT('',(0.,0.));
#6352 = DIRECTION('',(1.,0.));
#6353 = ( GEOMETRIC_REPRESENTATION_CONTEXT(2) 
PARAMETRIC_REPRESENTATION_CONTEXT() REPRESENTATION_CONTEXT('2D SPACE',''
  ) );
#6354 = ADVANCED_FACE('',(#6355),#4412,.F.);
#6355 = FACE_BOUND('',#6356,.F.);
#6356 = EDGE_LOOP('',(#6357,#6380,#6381,#6382));
#6357 = ORIENTED_EDGE('',*,*,#6358,.T.);
#6358 = EDGE_CURVE('',#6359,#4396,#6361,.T.);
#6359 = VERTEX_POINT('',#6360);
#6360 = CARTESIAN_POINT('',(128.775,42.024817369377,118.575));
#6361 = SEAM_CURVE('',#6362,(#6366,#6373),.PCURVE_S1.);
#6362 = LINE('',#6363,#6364);
#6363 = CARTESIAN_POINT('',(128.775,42.024817369377,118.575));
#6364 = VECTOR('',#6365,1.);
#6365 = DIRECTION('',(0.,0.,1.));
#6366 = PCURVE('',#4412,#6367);
#6367 = DEFINITIONAL_REPRESENTATION('',(#6368),#6372);
#6368 = LINE('',#6369,#6370);
#6369 = CARTESIAN_POINT('',(6.28318530718,0.));
#6370 = VECTOR('',#6371,1.);
#6371 = DIRECTION('',(0.,1.));
#6372 = ( GEOMETRIC_REPRESENTATION_CONTEXT(2) 
PARAMETRIC_REPRESENTATION_CONTEXT() REPRESENTATION_CONTEXT('2D SPACE',''
  ) );
#6373 = PCURVE('',#4412,#6374);
#6374 = DEFINITIONAL_REPRESENTATION('',(#6375),#6379);
#6375 = LINE('',#6376,#6377);
#6376 = CARTESIAN_POINT('',(0.,0.));
#6377 = VECTOR('',#6378,1.);
#6378 = DIRECTION('',(0.,1.));
#6379 = ( GEOMETRIC_REPRESENTATION_CONTEXT(2) 
PARAMETRIC_REPRESENTATION_CONTEXT() REPRESENTATION_CONTEXT('2D SPACE',''
  ) );
#6380 = ORIENTED_EDGE('',*,*,#4395,.F.);
#6381 = ORIENTED_EDGE('',*,*,#6358,.F.);
#6382 = ORIENTED_EDGE('',*,*,#6383,.T.);
#6383 = EDGE_CURVE('',#6359,#6359,#6384,.T.);
#6384 = SURFACE_CURVE('',#6385,(#6390,#6397),.PCURVE_S1.);
#6385 = CIRCLE('',#6386,7.68);
#6386 = AXIS2_PLACEMENT_3D('',#6387,#6388,#6389);
#6387 = CARTESIAN_POINT('',(121.095,42.024817369377,118.575));
#6388 = DIRECTION('',(0.,0.,1.));
#6389 = DIRECTION('',(1.,0.,0.));
#6390 = PCURVE('',#4412,#6391);
#6391 = DEFINITIONAL_REPRESENTATION('',(#6392),#6396);
#6392 = LINE('',#6393,#6394);
#6393 = CARTESIAN_POINT('',(0.,0.));
#6394 = VECTOR('',#6395,1.);
#6395 = DIRECTION('',(1.,0.));
#6396 = ( GEOMETRIC_REPRESENTATION_CONTEXT(2) 
PARAMETRIC_REPRESENTATION_CONTEXT() REPRESENTATION_CONTEXT('2D SPACE',''
  ) );
#6397 = PCURVE('',#6398,#6403);
#6398 = PLANE('',#6399);
#6399 = AXIS2_PLACEMENT_3D('',#6400,#6401,#6402);
#6400 = CARTESIAN_POINT('',(121.095,42.024817369377,118.575));
#6401 = DIRECTION('',(0.,0.,1.));
#6402 = DIRECTION('',(1.,0.,0.));
#6403 = DEFINITIONAL_REPRESENTATION('',(#6404),#6408);
#6404 = CIRCLE('',#6405,7.68);
#6405 = AXIS2_PLACEMENT_2D('',#6406,#6407);
#6406 = CARTESIAN_POINT('',(0.,0.));
#6407 = DIRECTION('',(1.,0.));
#6408 = ( GEOMETRIC_REPRESENTATION_CONTEXT(2) 
PARAMETRIC_REPRESENTATION_CONTEXT() REPRESENTATION_CONTEXT('2D SPACE',''
  ) );
#6409 = ADVANCED_FACE('',(#6410),#4443,.F.);
#6410 = FACE_BOUND('',#6411,.F.);
#6411 = EDGE_LOOP('',(#6412,#6435,#6436,#6437));
#6412 = ORIENTED_EDGE('',*,*,#6413,.T.);
#6413 = EDGE_CURVE('',#6414,#4427,#6416,.T.);
#6414 = VERTEX_POINT('',#6415);
#6415 = CARTESIAN_POINT('',(213.13,100.75,168.25));
#6416 = SEAM_CURVE('',#6417,(#6421,#6428),.PCURVE_S1.);
#6417 = LINE('',#6418,#6419);
#6418 = CARTESIAN_POINT('',(213.13,100.75,168.25));
#6419 = VECTOR('',#6420,1.);
#6420 = DIRECTION('',(0.,0.,1.));
#6421 = PCURVE('',#4443,#6422);
#6422 = DEFINITIONAL_REPRESENTATION('',(#6423),#6427);
#6423 = LINE('',#6424,#6425);
#6424 = CARTESIAN_POINT('',(6.28318530718,0.));
#6425 = VECTOR('',#6426,1.);
#6426 = DIRECTION('',(0.,1.));
#6427 = ( GEOMETRIC_REPRESENTATION_CONTEXT(2) 
PARAMETRIC_REPRESENTATION_CONTEXT() REPRESENTATION_CONTEXT('2D SPACE',''
  ) );
#6428 = PCURVE('',#4443,#6429);
#6429 = DEFINITIONAL_REPRESENTATION('',(#6430),#6434);
#6430 = LINE('',#6431,#6432);
#6431 = CARTESIAN_POINT('',(0.,0.));
#6432 = VECTOR('',#6433,1.);
#6433 = DIRECTION('',(0.,1.));
#6434 = ( GEOMETRIC_REPRESENTATION_CONTEXT(2) 
PARAMETRIC_REPRESENTATION_CONTEXT() REPRESENTATION_CONTEXT('2D SPACE',''
  ) );
#6435 = ORIENTED_EDGE('',*,*,#4426,.F.);
#6436 = ORIENTED_EDGE('',*,*,#6413,.F.);
#6437 = ORIENTED_EDGE('',*,*,#6438,.T.);
#6438 = EDGE_CURVE('',#6414,#6414,#6439,.T.);
#6439 = SURFACE_CURVE('',#6440,(#6445,#6452),.PCURVE_S1.);
#6440 = CIRCLE('',#6441,58.13);
#6441 = AXIS2_PLACEMENT_3D('',#6442,#6443,#6444);
#6442 = CARTESIAN_POINT('',(155.,100.75,168.25));
#6443 = DIRECTION('',(0.,0.,1.));
#6444 = DIRECTION('',(1.,0.,0.));
#6445 = PCURVE('',#4443,#6446);
#6446 = DEFINITIONAL_REPRESENTATION('',(#6447),#6451);
#6447 = LINE('',#6448,#6449);
#6448 = CARTESIAN_POINT('',(0.,0.));
#6449 = VECTOR('',#6450,1.);
#6450 = DIRECTION('',(1.,0.));
#6451 = ( GEOMETRIC_REPRESENTATION_CONTEXT(2) 
PARAMETRIC_REPRESENTATION_CONTEXT() REPRESENTATION_CONTEXT('2D SPACE',''
  ) );
#6452 = PCURVE('',#6453,#6458);
#6453 = PLANE('',#6454);
#6454 = AXIS2_PLACEMENT_3D('',#6455,#6456,#6457);
#6455 = CARTESIAN_POINT('',(155.,100.75,168.25));
#6456 = DIRECTION('',(0.,0.,1.));
#6457 = DIRECTION('',(1.,0.,0.));
#6458 = DEFINITIONAL_REPRESENTATION('',(#6459),#6463);
#6459 = CIRCLE('',#6460,58.13);
#6460 = AXIS2_PLACEMENT_2D('',#6461,#6462);
#6461 = CARTESIAN_POINT('',(0.,0.));
#6462 = DIRECTION('',(1.,0.));
#6463 = ( GEOMETRIC_REPRESENTATION_CONTEXT(2) 
PARAMETRIC_REPRESENTATION_CONTEXT() REPRESENTATION_CONTEXT('2D SPACE',''
  ) );
#6464 = ADVANCED_FACE('',(#6465),#4542,.T.);
#6465 = FACE_BOUND('',#6466,.T.);
#6466 = EDGE_LOOP('',(#6467,#6468,#6491,#6518));
#6467 = ORIENTED_EDGE('',*,*,#4525,.F.);
#6468 = ORIENTED_EDGE('',*,*,#6469,.T.);
#6469 = EDGE_CURVE('',#4526,#6470,#6472,.T.);
#6470 = VERTEX_POINT('',#6471);
#6471 = CARTESIAN_POINT('',(304.375,139.,169.67047099979));
#6472 = SEAM_CURVE('',#6473,(#6477,#6484),.PCURVE_S1.);
#6473 = LINE('',#6474,#6475);
#6474 = CARTESIAN_POINT('',(286.5,139.,138.7100628145));
#6475 = VECTOR('',#6476,1.);
#6476 = DIRECTION('',(0.5,0.,0.866025403784));
#6477 = PCURVE('',#4542,#6478);
#6478 = DEFINITIONAL_REPRESENTATION('',(#6479),#6483);
#6479 = LINE('',#6480,#6481);
#6480 = CARTESIAN_POINT('',(6.28318530718,-3.708144902248E-14));
#6481 = VECTOR('',#6482,1.);
#6482 = DIRECTION('',(0.,1.));
#6483 = ( GEOMETRIC_REPRESENTATION_CONTEXT(2) 
PARAMETRIC_REPRESENTATION_CONTEXT() REPRESENTATION_CONTEXT('2D SPACE',''
  ) );
#6484 = PCURVE('',#4542,#6485);
#6485 = DEFINITIONAL_REPRESENTATION('',(#6486),#6490);
#6486 = LINE('',#6487,#6488);
#6487 = CARTESIAN_POINT('',(8.792966355031E-14,-3.708144902248E-14));
#6488 = VECTOR('',#6489,1.);
#6489 = DIRECTION('',(0.,1.));
#6490 = ( GEOMETRIC_REPRESENTATION_CONTEXT(2) 
PARAMETRIC_REPRESENTATION_CONTEXT() REPRESENTATION_CONTEXT('2D SPACE',''
  ) );
#6491 = ORIENTED_EDGE('',*,*,#6492,.F.);
#6492 = EDGE_CURVE('',#6470,#6470,#6493,.T.);
#6493 = SURFACE_CURVE('',#6494,(#6499,#6506),.PCURVE_S1.);
#6494 = CIRCLE('',#6495,38.75);
#6495 = AXIS2_PLACEMENT_3D('',#6496,#6497,#6498);
#6496 = CARTESIAN_POINT('',(304.375,100.25,169.67047099979));
#6497 = DIRECTION('',(0.5,-3.851859888774E-34,0.866025403784));
#6498 = DIRECTION('',(-6.027240505897E-18,1.,3.479828928552E-18));
#6499 = PCURVE('',#4542,#6500);
#6500 = DEFINITIONAL_REPRESENTATION('',(#6501),#6505);
#6501 = LINE('',#6502,#6503);
#6502 = CARTESIAN_POINT('',(8.792966355031E-14,35.749999999997));
#6503 = VECTOR('',#6504,1.);
#6504 = DIRECTION('',(1.,0.));
#6505 = ( GEOMETRIC_REPRESENTATION_CONTEXT(2) 
PARAMETRIC_REPRESENTATION_CONTEXT() REPRESENTATION_CONTEXT('2D SPACE',''
  ) );
#6506 = PCURVE('',#6507,#6512);
#6507 = TOROIDAL_SURFACE('',#6508,35.75,3.);
#6508 = AXIS2_PLACEMENT_3D('',#6509,#6510,#6511);
#6509 = CARTESIAN_POINT('',(304.375,100.25,169.67047099979));
#6510 = DIRECTION('',(0.5,0.,0.866025403784));
#6511 = DIRECTION('',(-6.027240505897E-18,1.,3.479828928552E-18));
#6512 = DEFINITIONAL_REPRESENTATION('',(#6513),#6517);
#6513 = LINE('',#6514,#6515);
#6514 = CARTESIAN_POINT('',(0.,0.));
#6515 = VECTOR('',#6516,1.);
#6516 = DIRECTION('',(1.,0.));
#6517 = ( GEOMETRIC_REPRESENTATION_CONTEXT(2) 
PARAMETRIC_REPRESENTATION_CONTEXT() REPRESENTATION_CONTEXT('2D SPACE',''
  ) );
#6518 = ORIENTED_EDGE('',*,*,#6469,.F.);
#6519 = ADVANCED_FACE('',(#6520,#6602),#5339,.F.);
#6520 = FACE_BOUND('',#6521,.F.);
#6521 = EDGE_LOOP('',(#6522,#6547,#6574,#6575));
#6522 = ORIENTED_EDGE('',*,*,#6523,.T.);
#6523 = EDGE_CURVE('',#6524,#6526,#6528,.T.);
#6524 = VERTEX_POINT('',#6525);
#6525 = CARTESIAN_POINT('',(256.5,119.625,86.748538587434));
#6526 = VERTEX_POINT('',#6527);
#6527 = CARTESIAN_POINT('',(305.875,119.625,172.26854721114));
#6528 = SEAM_CURVE('',#6529,(#6533,#6540),.PCURVE_S1.);
#6529 = LINE('',#6530,#6531);
#6530 = CARTESIAN_POINT('',(256.5,119.625,86.748538587434));
#6531 = VECTOR('',#6532,1.);
#6532 = DIRECTION('',(0.5,0.,0.866025403784));
#6533 = PCURVE('',#5339,#6534);
#6534 = DEFINITIONAL_REPRESENTATION('',(#6535),#6539);
#6535 = LINE('',#6536,#6537);
#6536 = CARTESIAN_POINT('',(6.28318530718,0.));
#6537 = VECTOR('',#6538,1.);
#6538 = DIRECTION('',(0.,1.));
#6539 = ( GEOMETRIC_REPRESENTATION_CONTEXT(2) 
PARAMETRIC_REPRESENTATION_CONTEXT() REPRESENTATION_CONTEXT('2D SPACE',''
  ) );
#6540 = PCURVE('',#5339,#6541);
#6541 = DEFINITIONAL_REPRESENTATION('',(#6542),#6546);
#6542 = LINE('',#6543,#6544);
#6543 = CARTESIAN_POINT('',(0.,0.));
#6544 = VECTOR('',#6545,1.);
#6545 = DIRECTION('',(0.,1.));
#6546 = ( GEOMETRIC_REPRESENTATION_CONTEXT(2) 
PARAMETRIC_REPRESENTATION_CONTEXT() REPRESENTATION_CONTEXT('2D SPACE',''
  ) );
#6547 = ORIENTED_EDGE('',*,*,#6548,.F.);
#6548 = EDGE_CURVE('',#6526,#6526,#6549,.T.);
#6549 = SURFACE_CURVE('',#6550,(#6555,#6562),.PCURVE_S1.);
#6550 = CIRCLE('',#6551,19.375);
#6551 = AXIS2_PLACEMENT_3D('',#6552,#6553,#6554);
#6552 = CARTESIAN_POINT('',(305.875,100.25,172.26854721114));
#6553 = DIRECTION('',(0.5,-0.,0.866025403784));
#6554 = DIRECTION('',(0.,1.,0.));
#6555 = PCURVE('',#5339,#6556);
#6556 = DEFINITIONAL_REPRESENTATION('',(#6557),#6561);
#6557 = LINE('',#6558,#6559);
#6558 = CARTESIAN_POINT('',(0.,98.749999999994));
#6559 = VECTOR('',#6560,1.);
#6560 = DIRECTION('',(1.,0.));
#6561 = ( GEOMETRIC_REPRESENTATION_CONTEXT(2) 
PARAMETRIC_REPRESENTATION_CONTEXT() REPRESENTATION_CONTEXT('2D SPACE',''
  ) );
#6562 = PCURVE('',#6563,#6568);
#6563 = PLANE('',#6564);
#6564 = AXIS2_PLACEMENT_3D('',#6565,#6566,#6567);
#6565 = CARTESIAN_POINT('',(305.875,100.25,172.26854721114));
#6566 = DIRECTION('',(0.5,0.,0.866025403784));
#6567 = DIRECTION('',(0.,1.,0.));
#6568 = DEFINITIONAL_REPRESENTATION('',(#6569),#6573);
#6569 = CIRCLE('',#6570,19.375);
#6570 = AXIS2_PLACEMENT_2D('',#6571,#6572);
#6571 = CARTESIAN_POINT('',(0.,0.));
#6572 = DIRECTION('',(1.,0.));
#6573 = ( GEOMETRIC_REPRESENTATION_CONTEXT(2) 
PARAMETRIC_REPRESENTATION_CONTEXT() REPRESENTATION_CONTEXT('2D SPACE',''
  ) );
#6574 = ORIENTED_EDGE('',*,*,#6523,.F.);
#6575 = ORIENTED_EDGE('',*,*,#6576,.T.);
#6576 = EDGE_CURVE('',#6524,#6524,#6577,.T.);
#6577 = SURFACE_CURVE('',#6578,(#6583,#6590),.PCURVE_S1.);
#6578 = CIRCLE('',#6579,19.375);
#6579 = AXIS2_PLACEMENT_3D('',#6580,#6581,#6582);
#6580 = CARTESIAN_POINT('',(256.5,100.25,86.748538587434));
#6581 = DIRECTION('',(0.5,-0.,0.866025403784));
#6582 = DIRECTION('',(0.,1.,0.));
#6583 = PCURVE('',#5339,#6584);
#6584 = DEFINITIONAL_REPRESENTATION('',(#6585),#6589);
#6585 = LINE('',#6586,#6587);
#6586 = CARTESIAN_POINT('',(0.,0.));
#6587 = VECTOR('',#6588,1.);
#6588 = DIRECTION('',(1.,0.));
#6589 = ( GEOMETRIC_REPRESENTATION_CONTEXT(2) 
PARAMETRIC_REPRESENTATION_CONTEXT() REPRESENTATION_CONTEXT('2D SPACE',''
  ) );
#6590 = PCURVE('',#6591,#6596);
#6591 = PLANE('',#6592);
#6592 = AXIS2_PLACEMENT_3D('',#6593,#6594,#6595);
#6593 = CARTESIAN_POINT('',(256.5,100.25,86.748538587434));
#6594 = DIRECTION('',(0.5,0.,0.866025403784));
#6595 = DIRECTION('',(0.,1.,0.));
#6596 = DEFINITIONAL_REPRESENTATION('',(#6597),#6601);
#6597 = CIRCLE('',#6598,19.375);
#6598 = AXIS2_PLACEMENT_2D('',#6599,#6600);
#6599 = CARTESIAN_POINT('',(0.,0.));
#6600 = DIRECTION('',(1.,0.));
#6601 = ( GEOMETRIC_REPRESENTATION_CONTEXT(2) 
PARAMETRIC_REPRESENTATION_CONTEXT() REPRESENTATION_CONTEXT('2D SPACE',''
  ) );
#6602 = FACE_BOUND('',#6603,.F.);
#6603 = EDGE_LOOP('',(#6604));
#6604 = ORIENTED_EDGE('',*,*,#4579,.T.);
#6605 = ADVANCED_FACE('',(#6606,#6609),#5855,.F.);
#6606 = FACE_BOUND('',#6607,.F.);
#6607 = EDGE_LOOP('',(#6608));
#6608 = ORIENTED_EDGE('',*,*,#5840,.T.);
#6609 = FACE_BOUND('',#6610,.F.);
#6610 = EDGE_LOOP('',(#6611));
#6611 = ORIENTED_EDGE('',*,*,#6612,.F.);
#6612 = EDGE_CURVE('',#6613,#6613,#6615,.T.);
#6613 = VERTEX_POINT('',#6614);
#6614 = CARTESIAN_POINT('',(205.38,100.75,10.));
#6615 = SURFACE_CURVE('',#6616,(#6621,#6628),.PCURVE_S1.);
#6616 = CIRCLE('',#6617,50.38);
#6617 = AXIS2_PLACEMENT_3D('',#6618,#6619,#6620);
#6618 = CARTESIAN_POINT('',(155.,100.75,10.));
#6619 = DIRECTION('',(0.,0.,1.));
#6620 = DIRECTION('',(1.,0.,0.));
#6621 = PCURVE('',#5855,#6622);
#6622 = DEFINITIONAL_REPRESENTATION('',(#6623),#6627);
#6623 = CIRCLE('',#6624,50.38);
#6624 = AXIS2_PLACEMENT_2D('',#6625,#6626);
#6625 = CARTESIAN_POINT('',(0.,0.));
#6626 = DIRECTION('',(1.,0.));
#6627 = ( GEOMETRIC_REPRESENTATION_CONTEXT(2) 
PARAMETRIC_REPRESENTATION_CONTEXT() REPRESENTATION_CONTEXT('2D SPACE',''
  ) );
#6628 = PCURVE('',#6629,#6634);
#6629 = CYLINDRICAL_SURFACE('',#6630,50.38);
#6630 = AXIS2_PLACEMENT_3D('',#6631,#6632,#6633);
#6631 = CARTESIAN_POINT('',(155.,100.75,10.));
#6632 = DIRECTION('',(0.,0.,1.));
#6633 = DIRECTION('',(1.,0.,0.));
#6634 = DEFINITIONAL_REPRESENTATION('',(#6635),#6639);
#6635 = LINE('',#6636,#6637);
#6636 = CARTESIAN_POINT('',(0.,0.));
#6637 = VECTOR('',#6638,1.);
#6638 = DIRECTION('',(1.,0.));
#6639 = ( GEOMETRIC_REPRESENTATION_CONTEXT(2) 
PARAMETRIC_REPRESENTATION_CONTEXT() REPRESENTATION_CONTEXT('2D SPACE',''
  ) );
#6640 = ADVANCED_FACE('',(#6641),#5958,.T.);
#6641 = FACE_BOUND('',#6642,.F.);
#6642 = EDGE_LOOP('',(#6643));
#6643 = ORIENTED_EDGE('',*,*,#5943,.F.);
#6644 = ADVANCED_FACE('',(#6645),#6013,.T.);
#6645 = FACE_BOUND('',#6646,.F.);
#6646 = EDGE_LOOP('',(#6647));
#6647 = ORIENTED_EDGE('',*,*,#5998,.F.);
#6648 = ADVANCED_FACE('',(#6649),#6068,.T.);
#6649 = FACE_BOUND('',#6650,.F.);
#6650 = EDGE_LOOP('',(#6651));
#6651 = ORIENTED_EDGE('',*,*,#6053,.F.);
#6652 = ADVANCED_FACE('',(#6653),#6123,.T.);
#6653 = FACE_BOUND('',#6654,.F.);
#6654 = EDGE_LOOP('',(#6655));
#6655 = ORIENTED_EDGE('',*,*,#6108,.F.);
#6656 = ADVANCED_FACE('',(#6657),#6178,.T.);
#6657 = FACE_BOUND('',#6658,.F.);
#6658 = EDGE_LOOP('',(#6659));
#6659 = ORIENTED_EDGE('',*,*,#6163,.F.);
#6660 = ADVANCED_FACE('',(#6661),#6233,.T.);
#6661 = FACE_BOUND('',#6662,.F.);
#6662 = EDGE_LOOP('',(#6663));
#6663 = ORIENTED_EDGE('',*,*,#6218,.F.);
#6664 = ADVANCED_FACE('',(#6665),#6288,.T.);
#6665 = FACE_BOUND('',#6666,.F.);
#6666 = EDGE_LOOP('',(#6667));
#6667 = ORIENTED_EDGE('',*,*,#6273,.F.);
#6668 = ADVANCED_FACE('',(#6669),#6343,.T.);
#6669 = FACE_BOUND('',#6670,.F.);
#6670 = EDGE_LOOP('',(#6671));
#6671 = ORIENTED_EDGE('',*,*,#6328,.F.);
#6672 = ADVANCED_FACE('',(#6673),#6398,.T.);
#6673 = FACE_BOUND('',#6674,.F.);
#6674 = EDGE_LOOP('',(#6675));
#6675 = ORIENTED_EDGE('',*,*,#6383,.F.);
#6676 = ADVANCED_FACE('',(#6677,#6680),#6453,.T.);
#6677 = FACE_BOUND('',#6678,.T.);
#6678 = EDGE_LOOP('',(#6679));
#6679 = ORIENTED_EDGE('',*,*,#6438,.T.);
#6680 = FACE_BOUND('',#6681,.T.);
#6681 = EDGE_LOOP('',(#6682));
#6682 = ORIENTED_EDGE('',*,*,#6683,.F.);
#6683 = EDGE_CURVE('',#6684,#6684,#6686,.T.);
#6684 = VERTEX_POINT('',#6685);
#6685 = CARTESIAN_POINT('',(193.77,100.75,168.25));
#6686 = SURFACE_CURVE('',#6687,(#6692,#6699),.PCURVE_S1.);
#6687 = CIRCLE('',#6688,38.77);
#6688 = AXIS2_PLACEMENT_3D('',#6689,#6690,#6691);
#6689 = CARTESIAN_POINT('',(155.,100.75,168.25));
#6690 = DIRECTION('',(0.,0.,1.));
#6691 = DIRECTION('',(1.,0.,0.));
#6692 = PCURVE('',#6453,#6693);
#6693 = DEFINITIONAL_REPRESENTATION('',(#6694),#6698);
#6694 = CIRCLE('',#6695,38.77);
#6695 = AXIS2_PLACEMENT_2D('',#6696,#6697);
#6696 = CARTESIAN_POINT('',(0.,0.));
#6697 = DIRECTION('',(1.,0.));
#6698 = ( GEOMETRIC_REPRESENTATION_CONTEXT(2) 
PARAMETRIC_REPRESENTATION_CONTEXT() REPRESENTATION_CONTEXT('2D SPACE',''
  ) );
#6699 = PCURVE('',#6700,#6705);
#6700 = CYLINDRICAL_SURFACE('',#6701,38.77);
#6701 = AXIS2_PLACEMENT_3D('',#6702,#6703,#6704);
#6702 = CARTESIAN_POINT('',(155.,100.75,20.));
#6703 = DIRECTION('',(0.,0.,1.));
#6704 = DIRECTION('',(1.,0.,0.));
#6705 = DEFINITIONAL_REPRESENTATION('',(#6706),#6710);
#6706 = LINE('',#6707,#6708);
#6707 = CARTESIAN_POINT('',(0.,148.25));
#6708 = VECTOR('',#6709,1.);
#6709 = DIRECTION('',(1.,0.));
#6710 = ( GEOMETRIC_REPRESENTATION_CONTEXT(2) 
PARAMETRIC_REPRESENTATION_CONTEXT() REPRESENTATION_CONTEXT('2D SPACE',''
  ) );
#6711 = ADVANCED_FACE('',(#6712),#6507,.T.);
#6712 = FACE_BOUND('',#6713,.T.);
#6713 = EDGE_LOOP('',(#6714,#6738,#6739,#6740));
#6714 = ORIENTED_EDGE('',*,*,#6715,.F.);
#6715 = EDGE_CURVE('',#6470,#6716,#6718,.T.);
#6716 = VERTEX_POINT('',#6717);
#6717 = CARTESIAN_POINT('',(305.875,136.,172.26854721114));
#6718 = SEAM_CURVE('',#6719,(#6724,#6731),.PCURVE_S1.);
#6719 = CIRCLE('',#6720,3.);
#6720 = AXIS2_PLACEMENT_3D('',#6721,#6722,#6723);
#6721 = CARTESIAN_POINT('',(304.375,136.,169.67047099979));
#6722 = DIRECTION('',(0.866025403784,6.959657857105E-18,-0.5));
#6723 = DIRECTION('',(-6.027240505901E-18,1.,3.479828928552E-18));
#6724 = PCURVE('',#6507,#6725);
#6725 = DEFINITIONAL_REPRESENTATION('',(#6726),#6730);
#6726 = LINE('',#6727,#6728);
#6727 = CARTESIAN_POINT('',(0.,0.));
#6728 = VECTOR('',#6729,1.);
#6729 = DIRECTION('',(0.,1.));
#6730 = ( GEOMETRIC_REPRESENTATION_CONTEXT(2) 
PARAMETRIC_REPRESENTATION_CONTEXT() REPRESENTATION_CONTEXT('2D SPACE',''
  ) );
#6731 = PCURVE('',#6507,#6732);
#6732 = DEFINITIONAL_REPRESENTATION('',(#6733),#6737);
#6733 = LINE('',#6734,#6735);
#6734 = CARTESIAN_POINT('',(6.28318530718,0.));
#6735 = VECTOR('',#6736,1.);
#6736 = DIRECTION('',(0.,1.));
#6737 = ( GEOMETRIC_REPRESENTATION_CONTEXT(2) 
PARAMETRIC_REPRESENTATION_CONTEXT() REPRESENTATION_CONTEXT('2D SPACE',''
  ) );
#6738 = ORIENTED_EDGE('',*,*,#6492,.T.);
#6739 = ORIENTED_EDGE('',*,*,#6715,.T.);
#6740 = ORIENTED_EDGE('',*,*,#6741,.F.);
#6741 = EDGE_CURVE('',#6716,#6716,#6742,.T.);
#6742 = SURFACE_CURVE('',#6743,(#6748,#6755),.PCURVE_S1.);
#6743 = CIRCLE('',#6744,35.75);
#6744 = AXIS2_PLACEMENT_3D('',#6745,#6746,#6747);
#6745 = CARTESIAN_POINT('',(305.875,100.25,172.26854721114));
#6746 = DIRECTION('',(0.5,-3.851859888774E-34,0.866025403784));
#6747 = DIRECTION('',(-6.027240505897E-18,1.,3.479828928552E-18));
#6748 = PCURVE('',#6507,#6749);
#6749 = DEFINITIONAL_REPRESENTATION('',(#6750),#6754);
#6750 = LINE('',#6751,#6752);
#6751 = CARTESIAN_POINT('',(0.,1.570796326795));
#6752 = VECTOR('',#6753,1.);
#6753 = DIRECTION('',(1.,0.));
#6754 = ( GEOMETRIC_REPRESENTATION_CONTEXT(2) 
PARAMETRIC_REPRESENTATION_CONTEXT() REPRESENTATION_CONTEXT('2D SPACE',''
  ) );
#6755 = PCURVE('',#6563,#6756);
#6756 = DEFINITIONAL_REPRESENTATION('',(#6757),#6761);
#6757 = CIRCLE('',#6758,35.75);
#6758 = AXIS2_PLACEMENT_2D('',#6759,#6760);
#6759 = CARTESIAN_POINT('',(0.,0.));
#6760 = DIRECTION('',(1.,6.959657857102E-18));
#6761 = ( GEOMETRIC_REPRESENTATION_CONTEXT(2) 
PARAMETRIC_REPRESENTATION_CONTEXT() REPRESENTATION_CONTEXT('2D SPACE',''
  ) );
#6762 = ADVANCED_FACE('',(#6763,#6766),#6563,.T.);
#6763 = FACE_BOUND('',#6764,.T.);
#6764 = EDGE_LOOP('',(#6765));
#6765 = ORIENTED_EDGE('',*,*,#6741,.T.);
#6766 = FACE_BOUND('',#6767,.T.);
#6767 = EDGE_LOOP('',(#6768));
#6768 = ORIENTED_EDGE('',*,*,#6548,.F.);
#6769 = ADVANCED_FACE('',(#6770),#6591,.T.);
#6770 = FACE_BOUND('',#6771,.F.);
#6771 = EDGE_LOOP('',(#6772));
#6772 = ORIENTED_EDGE('',*,*,#6576,.F.);
#6773 = ADVANCED_FACE('',(#6774),#6629,.F.);
#6774 = FACE_BOUND('',#6775,.F.);
#6775 = EDGE_LOOP('',(#6776,#6799,#6826,#6827));
#6776 = ORIENTED_EDGE('',*,*,#6777,.T.);
#6777 = EDGE_CURVE('',#6613,#6778,#6780,.T.);
#6778 = VERTEX_POINT('',#6779);
#6779 = CARTESIAN_POINT('',(205.38,100.75,20.));
#6780 = SEAM_CURVE('',#6781,(#6785,#6792),.PCURVE_S1.);
#6781 = LINE('',#6782,#6783);
#6782 = CARTESIAN_POINT('',(205.38,100.75,10.));
#6783 = VECTOR('',#6784,1.);
#6784 = DIRECTION('',(0.,0.,1.));
#6785 = PCURVE('',#6629,#6786);
#6786 = DEFINITIONAL_REPRESENTATION('',(#6787),#6791);
#6787 = LINE('',#6788,#6789);
#6788 = CARTESIAN_POINT('',(6.28318530718,0.));
#6789 = VECTOR('',#6790,1.);
#6790 = DIRECTION('',(0.,1.));
#6791 = ( GEOMETRIC_REPRESENTATION_CONTEXT(2) 
PARAMETRIC_REPRESENTATION_CONTEXT() REPRESENTATION_CONTEXT('2D SPACE',''
  ) );
#6792 = PCURVE('',#6629,#6793);
#6793 = DEFINITIONAL_REPRESENTATION('',(#6794),#6798);
#6794 = LINE('',#6795,#6796);
#6795 = CARTESIAN_POINT('',(0.,0.));
#6796 = VECTOR('',#6797,1.);
#6797 = DIRECTION('',(0.,1.));
#6798 = ( GEOMETRIC_REPRESENTATION_CONTEXT(2) 
PARAMETRIC_REPRESENTATION_CONTEXT() REPRESENTATION_CONTEXT('2D SPACE',''
  ) );
#6799 = ORIENTED_EDGE('',*,*,#6800,.F.);
#6800 = EDGE_CURVE('',#6778,#6778,#6801,.T.);
#6801 = SURFACE_CURVE('',#6802,(#6807,#6814),.PCURVE_S1.);
#6802 = CIRCLE('',#6803,50.38);
#6803 = AXIS2_PLACEMENT_3D('',#6804,#6805,#6806);
#6804 = CARTESIAN_POINT('',(155.,100.75,20.));
#6805 = DIRECTION('',(0.,0.,1.));
#6806 = DIRECTION('',(1.,0.,0.));
#6807 = PCURVE('',#6629,#6808);
#6808 = DEFINITIONAL_REPRESENTATION('',(#6809),#6813);
#6809 = LINE('',#6810,#6811);
#6810 = CARTESIAN_POINT('',(0.,10.));
#6811 = VECTOR('',#6812,1.);
#6812 = DIRECTION('',(1.,0.));
#6813 = ( GEOMETRIC_REPRESENTATION_CONTEXT(2) 
PARAMETRIC_REPRESENTATION_CONTEXT() REPRESENTATION_CONTEXT('2D SPACE',''
  ) );
#6814 = PCURVE('',#6815,#6820);
#6815 = PLANE('',#6816);
#6816 = AXIS2_PLACEMENT_3D('',#6817,#6818,#6819);
#6817 = CARTESIAN_POINT('',(155.,100.75,20.));
#6818 = DIRECTION('',(0.,0.,1.));
#6819 = DIRECTION('',(1.,0.,0.));
#6820 = DEFINITIONAL_REPRESENTATION('',(#6821),#6825);
#6821 = CIRCLE('',#6822,50.38);
#6822 = AXIS2_PLACEMENT_2D('',#6823,#6824);
#6823 = CARTESIAN_POINT('',(0.,0.));
#6824 = DIRECTION('',(1.,0.));
#6825 = ( GEOMETRIC_REPRESENTATION_CONTEXT(2) 
PARAMETRIC_REPRESENTATION_CONTEXT() REPRESENTATION_CONTEXT('2D SPACE',''
  ) );
#6826 = ORIENTED_EDGE('',*,*,#6777,.F.);
#6827 = ORIENTED_EDGE('',*,*,#6612,.T.);
#6828 = ADVANCED_FACE('',(#6829),#6700,.F.);
#6829 = FACE_BOUND('',#6830,.F.);
#6830 = EDGE_LOOP('',(#6831,#6832,#6855,#6877));
#6831 = ORIENTED_EDGE('',*,*,#6683,.F.);
#6832 = ORIENTED_EDGE('',*,*,#6833,.F.);
#6833 = EDGE_CURVE('',#6834,#6684,#6836,.T.);
#6834 = VERTEX_POINT('',#6835);
#6835 = CARTESIAN_POINT('',(193.77,100.75,20.));
#6836 = SEAM_CURVE('',#6837,(#6841,#6848),.PCURVE_S1.);
#6837 = LINE('',#6838,#6839);
#6838 = CARTESIAN_POINT('',(193.77,100.75,20.));
#6839 = VECTOR('',#6840,1.);
#6840 = DIRECTION('',(0.,0.,1.));
#6841 = PCURVE('',#6700,#6842);
#6842 = DEFINITIONAL_REPRESENTATION('',(#6843),#6847);
#6843 = LINE('',#6844,#6845);
#6844 = CARTESIAN_POINT('',(0.,0.));
#6845 = VECTOR('',#6846,1.);
#6846 = DIRECTION('',(0.,1.));
#6847 = ( GEOMETRIC_REPRESENTATION_CONTEXT(2) 
PARAMETRIC_REPRESENTATION_CONTEXT() REPRESENTATION_CONTEXT('2D SPACE',''
  ) );
#6848 = PCURVE('',#6700,#6849);
#6849 = DEFINITIONAL_REPRESENTATION('',(#6850),#6854);
#6850 = LINE('',#6851,#6852);
#6851 = CARTESIAN_POINT('',(6.28318530718,0.));
#6852 = VECTOR('',#6853,1.);
#6853 = DIRECTION('',(0.,1.));
#6854 = ( GEOMETRIC_REPRESENTATION_CONTEXT(2) 
PARAMETRIC_REPRESENTATION_CONTEXT() REPRESENTATION_CONTEXT('2D SPACE',''
  ) );
#6855 = ORIENTED_EDGE('',*,*,#6856,.T.);
#6856 = EDGE_CURVE('',#6834,#6834,#6857,.T.);
#6857 = SURFACE_CURVE('',#6858,(#6863,#6870),.PCURVE_S1.);
#6858 = CIRCLE('',#6859,38.77);
#6859 = AXIS2_PLACEMENT_3D('',#6860,#6861,#6862);
#6860 = CARTESIAN_POINT('',(155.,100.75,20.));
#6861 = DIRECTION('',(0.,0.,1.));
#6862 = DIRECTION('',(1.,0.,0.));
#6863 = PCURVE('',#6700,#6864);
#6864 = DEFINITIONAL_REPRESENTATION('',(#6865),#6869);
#6865 = LINE('',#6866,#6867);
#6866 = CARTESIAN_POINT('',(0.,0.));
#6867 = VECTOR('',#6868,1.);
#6868 = DIRECTION('',(1.,0.));
#6869 = ( GEOMETRIC_REPRESENTATION_CONTEXT(2) 
PARAMETRIC_REPRESENTATION_CONTEXT() REPRESENTATION_CONTEXT('2D SPACE',''
  ) );
#6870 = PCURVE('',#6815,#6871);
#6871 = DEFINITIONAL_REPRESENTATION('',(#6872),#6876);
#6872 = CIRCLE('',#6873,38.77);
#6873 = AXIS2_PLACEMENT_2D('',#6874,#6875);
#6874 = CARTESIAN_POINT('',(0.,0.));
#6875 = DIRECTION('',(1.,0.));
#6876 = ( GEOMETRIC_REPRESENTATION_CONTEXT(2) 
PARAMETRIC_REPRESENTATION_CONTEXT() REPRESENTATION_CONTEXT('2D SPACE',''
  ) );
#6877 = ORIENTED_EDGE('',*,*,#6833,.T.);
#6878 = ADVANCED_FACE('',(#6879,#6882),#6815,.F.);
#6879 = FACE_BOUND('',#6880,.F.);
#6880 = EDGE_LOOP('',(#6881));
#6881 = ORIENTED_EDGE('',*,*,#6800,.T.);
#6882 = FACE_BOUND('',#6883,.F.);
#6883 = EDGE_LOOP('',(#6884));
#6884 = ORIENTED_EDGE('',*,*,#6856,.F.);
#6885 = ( GEOMETRIC_REPRESENTATION_CONTEXT(3) 
GLOBAL_UNCERTAINTY_ASSIGNED_CONTEXT((#6889)) 
GLOBAL_UNIT_ASSIGNED_CONTEXT((#6886,#6887,#6888)) REPRESENTATION_CONTEXT
('Context #1','3D Context with UNIT and UNCERTAINTY') );
#6886 = ( LENGTH_UNIT() NAMED_UNIT(*) SI_UNIT(.MILLI.,.METRE.) );
#6887 = ( NAMED_UNIT(*) PLANE_ANGLE_UNIT() SI_UNIT($,.RADIAN.) );
#6888 = ( NAMED_UNIT(*) SI_UNIT($,.STERADIAN.) SOLID_ANGLE_UNIT() );
#6889 = UNCERTAINTY_MEASURE_WITH_UNIT(LENGTH_MEASURE(1.E-07),#6886,
  'distance_accuracy_value','confusion accuracy');
#6890 = PRODUCT_RELATED_PRODUCT_CATEGORY('part',$,(#7));
#6891 = MECHANICAL_DESIGN_GEOMETRIC_PRESENTATION_REPRESENTATION('',(
    #6892,#6900,#6908,#6916,#6924,#6932,#6940,#6948,#6956,#6964,#6972,
    #6980,#6988,#6996,#7004,#7012,#7020,#7028,#7036,#7044,#7052,#7060,
    #7068,#7076,#7084,#7092,#7100,#7108,#7116,#7124,#7132,#7140,#7148,
    #7156,#7164,#7172,#7180,#7188,#7196,#7204,#7212,#7220,#7228,#7236,
    #7244,#7252,#7260,#7268,#7276,#7284,#7292,#7300,#7308,#7316,#7324,
    #7332,#7340,#7348,#7356,#7364,#7372,#7380,#7388,#7396,#7404,#7412,
    #7420,#7428,#7436,#7444,#7452,#7460,#7468),#6885);
#6892 = STYLED_ITEM('color',(#6893),#17);
#6893 = PRESENTATION_STYLE_ASSIGNMENT((#6894));
#6894 = SURFACE_STYLE_USAGE(.BOTH.,#6895);
#6895 = SURFACE_SIDE_STYLE('',(#6896));
#6896 = SURFACE_STYLE_FILL_AREA(#6897);
#6897 = FILL_AREA_STYLE('',(#6898));
#6898 = FILL_AREA_STYLE_COLOUR('',#6899);
#6899 = COLOUR_RGB('',7.843137259267E-02,0.392156885297,0.156862741593);
#6900 = STYLED_ITEM('color',(#6901),#1731);
#6901 = PRESENTATION_STYLE_ASSIGNMENT((#6902));
#6902 = SURFACE_STYLE_USAGE(.BOTH.,#6903);
#6903 = SURFACE_SIDE_STYLE('',(#6904));
#6904 = SURFACE_STYLE_FILL_AREA(#6905);
#6905 = FILL_AREA_STYLE('',(#6906));
#6906 = FILL_AREA_STYLE_COLOUR('',#6907);
#6907 = COLOUR_RGB('',7.843137259267E-02,0.392156885297,0.156862741593);
#6908 = STYLED_ITEM('color',(#6909),#1807);
#6909 = PRESENTATION_STYLE_ASSIGNMENT((#6910));
#6910 = SURFACE_STYLE_USAGE(.BOTH.,#6911);
#6911 = SURFACE_SIDE_STYLE('',(#6912));
#6912 = SURFACE_STYLE_FILL_AREA(#6913);
#6913 = FILL_AREA_STYLE('',(#6914));
#6914 = FILL_AREA_STYLE_COLOUR('',#6915);
#6915 = COLOUR_RGB('',7.843137259267E-02,0.392156885297,0.156862741593);
#6916 = STYLED_ITEM('color',(#6917),#1857);
#6917 = PRESENTATION_STYLE_ASSIGNMENT((#6918));
#6918 = SURFACE_STYLE_USAGE(.BOTH.,#6919);
#6919 = SURFACE_SIDE_STYLE('',(#6920));
#6920 = SURFACE_STYLE_FILL_AREA(#6921);
#6921 = FILL_AREA_STYLE('',(#6922));
#6922 = FILL_AREA_STYLE_COLOUR('',#6923);
#6923 = COLOUR_RGB('',7.843137259267E-02,0.392156885297,0.156862741593);
#6924 = STYLED_ITEM('color',(#6925),#2070);
#6925 = PRESENTATION_STYLE_ASSIGNMENT((#6926));
#6926 = SURFACE_STYLE_USAGE(.BOTH.,#6927);
#6927 = SURFACE_SIDE_STYLE('',(#6928));
#6928 = SURFACE_STYLE_FILL_AREA(#6929);
#6929 = FILL_AREA_STYLE('',(#6930));
#6930 = FILL_AREA_STYLE_COLOUR('',#6931);
#6931 = COLOUR_RGB('',7.843137259267E-02,0.392156885297,0.156862741593);
#6932 = STYLED_ITEM('color',(#6933),#2173);
#6933 = PRESENTATION_STYLE_ASSIGNMENT((#6934));
#6934 = SURFACE_STYLE_USAGE(.BOTH.,#6935);
#6935 = SURFACE_SIDE_STYLE('',(#6936));
#6936 = SURFACE_STYLE_FILL_AREA(#6937);
#6937 = FILL_AREA_STYLE('',(#6938));
#6938 = FILL_AREA_STYLE_COLOUR('',#6939);
#6939 = COLOUR_RGB('',7.843137259267E-02,0.392156885297,0.156862741593);
#6940 = STYLED_ITEM('color',(#6941),#2227);
#6941 = PRESENTATION_STYLE_ASSIGNMENT((#6942));
#6942 = SURFACE_STYLE_USAGE(.BOTH.,#6943);
#6943 = SURFACE_SIDE_STYLE('',(#6944));
#6944 = SURFACE_STYLE_FILL_AREA(#6945);
#6945 = FILL_AREA_STYLE('',(#6946));
#6946 = FILL_AREA_STYLE_COLOUR('',#6947);
#6947 = COLOUR_RGB('',7.843137259267E-02,0.392156885297,0.156862741593);
#6948 = STYLED_ITEM('color',(#6949),#2254);
#6949 = PRESENTATION_STYLE_ASSIGNMENT((#6950));
#6950 = SURFACE_STYLE_USAGE(.BOTH.,#6951);
#6951 = SURFACE_SIDE_STYLE('',(#6952));
#6952 = SURFACE_STYLE_FILL_AREA(#6953);
#6953 = FILL_AREA_STYLE('',(#6954));
#6954 = FILL_AREA_STYLE_COLOUR('',#6955);
#6955 = COLOUR_RGB('',7.843137259267E-02,0.392156885297,0.156862741593);
#6956 = STYLED_ITEM('color',(#6957),#2355);
#6957 = PRESENTATION_STYLE_ASSIGNMENT((#6958));
#6958 = SURFACE_STYLE_USAGE(.BOTH.,#6959);
#6959 = SURFACE_SIDE_STYLE('',(#6960));
#6960 = SURFACE_STYLE_FILL_AREA(#6961);
#6961 = FILL_AREA_STYLE('',(#6962));
#6962 = FILL_AREA_STYLE_COLOUR('',#6963);
#6963 = COLOUR_RGB('',7.843137259267E-02,0.392156885297,0.156862741593);
#6964 = STYLED_ITEM('color',(#6965),#2633);
#6965 = PRESENTATION_STYLE_ASSIGNMENT((#6966));
#6966 = SURFACE_STYLE_USAGE(.BOTH.,#6967);
#6967 = SURFACE_SIDE_STYLE('',(#6968));
#6968 = SURFACE_STYLE_FILL_AREA(#6969);
#6969 = FILL_AREA_STYLE('',(#6970));
#6970 = FILL_AREA_STYLE_COLOUR('',#6971);
#6971 = COLOUR_RGB('',7.843137259267E-02,0.392156885297,0.156862741593);
#6972 = STYLED_ITEM('color',(#6973),#2682);
#6973 = PRESENTATION_STYLE_ASSIGNMENT((#6974));
#6974 = SURFACE_STYLE_USAGE(.BOTH.,#6975);
#6975 = SURFACE_SIDE_STYLE('',(#6976));
#6976 = SURFACE_STYLE_FILL_AREA(#6977);
#6977 = FILL_AREA_STYLE('',(#6978));
#6978 = FILL_AREA_STYLE_COLOUR('',#6979);
#6979 = COLOUR_RGB('',7.843137259267E-02,0.392156885297,0.156862741593);
#6980 = STYLED_ITEM('color',(#6981),#2736);
#6981 = PRESENTATION_STYLE_ASSIGNMENT((#6982));
#6982 = SURFACE_STYLE_USAGE(.BOTH.,#6983);
#6983 = SURFACE_SIDE_STYLE('',(#6984));
#6984 = SURFACE_STYLE_FILL_AREA(#6985);
#6985 = FILL_AREA_STYLE('',(#6986));
#6986 = FILL_AREA_STYLE_COLOUR('',#6987);
#6987 = COLOUR_RGB('',7.843137259267E-02,0.392156885297,0.156862741593);
#6988 = STYLED_ITEM('color',(#6989),#2763);
#6989 = PRESENTATION_STYLE_ASSIGNMENT((#6990));
#6990 = SURFACE_STYLE_USAGE(.BOTH.,#6991);
#6991 = SURFACE_SIDE_STYLE('',(#6992));
#6992 = SURFACE_STYLE_FILL_AREA(#6993);
#6993 = FILL_AREA_STYLE('',(#6994));
#6994 = FILL_AREA_STYLE_COLOUR('',#6995);
#6995 = COLOUR_RGB('',7.843137259267E-02,0.392156885297,0.156862741593);
#6996 = STYLED_ITEM('color',(#6997),#2840);
#6997 = PRESENTATION_STYLE_ASSIGNMENT((#6998));
#6998 = SURFACE_STYLE_USAGE(.BOTH.,#6999);
#6999 = SURFACE_SIDE_STYLE('',(#7000));
#7000 = SURFACE_STYLE_FILL_AREA(#7001);
#7001 = FILL_AREA_STYLE('',(#7002));
#7002 = FILL_AREA_STYLE_COLOUR('',#7003);
#7003 = COLOUR_RGB('',7.843137259267E-02,0.392156885297,0.156862741593);
#7004 = STYLED_ITEM('color',(#7005),#2896);
#7005 = PRESENTATION_STYLE_ASSIGNMENT((#7006));
#7006 = SURFACE_STYLE_USAGE(.BOTH.,#7007);
#7007 = SURFACE_SIDE_STYLE('',(#7008));
#7008 = SURFACE_STYLE_FILL_AREA(#7009);
#7009 = FILL_AREA_STYLE('',(#7010));
#7010 = FILL_AREA_STYLE_COLOUR('',#7011);
#7011 = COLOUR_RGB('',7.843137259267E-02,0.392156885297,0.156862741593);
#7012 = STYLED_ITEM('color',(#7013),#2972);
#7013 = PRESENTATION_STYLE_ASSIGNMENT((#7014));
#7014 = SURFACE_STYLE_USAGE(.BOTH.,#7015);
#7015 = SURFACE_SIDE_STYLE('',(#7016));
#7016 = SURFACE_STYLE_FILL_AREA(#7017);
#7017 = FILL_AREA_STYLE('',(#7018));
#7018 = FILL_AREA_STYLE_COLOUR('',#7019);
#7019 = COLOUR_RGB('',7.843137259267E-02,0.392156885297,0.156862741593);
#7020 = STYLED_ITEM('color',(#7021),#3026);
#7021 = PRESENTATION_STYLE_ASSIGNMENT((#7022));
#7022 = SURFACE_STYLE_USAGE(.BOTH.,#7023);
#7023 = SURFACE_SIDE_STYLE('',(#7024));
#7024 = SURFACE_STYLE_FILL_AREA(#7025);
#7025 = FILL_AREA_STYLE('',(#7026));
#7026 = FILL_AREA_STYLE_COLOUR('',#7027);
#7027 = COLOUR_RGB('',7.843137259267E-02,0.392156885297,0.156862741593);
#7028 = STYLED_ITEM('color',(#7029),#3075);
#7029 = PRESENTATION_STYLE_ASSIGNMENT((#7030));
#7030 = SURFACE_STYLE_USAGE(.BOTH.,#7031);
#7031 = SURFACE_SIDE_STYLE('',(#7032));
#7032 = SURFACE_STYLE_FILL_AREA(#7033);
#7033 = FILL_AREA_STYLE('',(#7034));
#7034 = FILL_AREA_STYLE_COLOUR('',#7035);
#7035 = COLOUR_RGB('',7.843137259267E-02,0.392156885297,0.156862741593);
#7036 = STYLED_ITEM('color',(#7037),#3129);
#7037 = PRESENTATION_STYLE_ASSIGNMENT((#7038));
#7038 = SURFACE_STYLE_USAGE(.BOTH.,#7039);
#7039 = SURFACE_SIDE_STYLE('',(#7040));
#7040 = SURFACE_STYLE_FILL_AREA(#7041);
#7041 = FILL_AREA_STYLE('',(#7042));
#7042 = FILL_AREA_STYLE_COLOUR('',#7043);
#7043 = COLOUR_RGB('',7.843137259267E-02,0.392156885297,0.156862741593);
#7044 = STYLED_ITEM('color',(#7045),#3251);
#7045 = PRESENTATION_STYLE_ASSIGNMENT((#7046));
#7046 = SURFACE_STYLE_USAGE(.BOTH.,#7047);
#7047 = SURFACE_SIDE_STYLE('',(#7048));
#7048 = SURFACE_STYLE_FILL_AREA(#7049);
#7049 = FILL_AREA_STYLE('',(#7050));
#7050 = FILL_AREA_STYLE_COLOUR('',#7051);
#7051 = COLOUR_RGB('',7.843137259267E-02,0.392156885297,0.156862741593);
#7052 = STYLED_ITEM('color',(#7053),#3300);
#7053 = PRESENTATION_STYLE_ASSIGNMENT((#7054));
#7054 = SURFACE_STYLE_USAGE(.BOTH.,#7055);
#7055 = SURFACE_SIDE_STYLE('',(#7056));
#7056 = SURFACE_STYLE_FILL_AREA(#7057);
#7057 = FILL_AREA_STYLE('',(#7058));
#7058 = FILL_AREA_STYLE_COLOUR('',#7059);
#7059 = COLOUR_RGB('',7.843137259267E-02,0.392156885297,0.156862741593);
#7060 = STYLED_ITEM('color',(#7061),#3354);
#7061 = PRESENTATION_STYLE_ASSIGNMENT((#7062));
#7062 = SURFACE_STYLE_USAGE(.BOTH.,#7063);
#7063 = SURFACE_SIDE_STYLE('',(#7064));
#7064 = SURFACE_STYLE_FILL_AREA(#7065);
#7065 = FILL_AREA_STYLE('',(#7066));
#7066 = FILL_AREA_STYLE_COLOUR('',#7067);
#7067 = COLOUR_RGB('',7.843137259267E-02,0.392156885297,0.156862741593);
#7068 = STYLED_ITEM('color',(#7069),#3381);
#7069 = PRESENTATION_STYLE_ASSIGNMENT((#7070));
#7070 = SURFACE_STYLE_USAGE(.BOTH.,#7071);
#7071 = SURFACE_SIDE_STYLE('',(#7072));
#7072 = SURFACE_STYLE_FILL_AREA(#7073);
#7073 = FILL_AREA_STYLE('',(#7074));
#7074 = FILL_AREA_STYLE_COLOUR('',#7075);
#7075 = COLOUR_RGB('',7.843137259267E-02,0.392156885297,0.156862741593);
#7076 = STYLED_ITEM('color',(#7077),#3435);
#7077 = PRESENTATION_STYLE_ASSIGNMENT((#7078));
#7078 = SURFACE_STYLE_USAGE(.BOTH.,#7079);
#7079 = SURFACE_SIDE_STYLE('',(#7080));
#7080 = SURFACE_STYLE_FILL_AREA(#7081);
#7081 = FILL_AREA_STYLE('',(#7082));
#7082 = FILL_AREA_STYLE_COLOUR('',#7083);
#7083 = COLOUR_RGB('',7.843137259267E-02,0.392156885297,0.156862741593);
#7084 = STYLED_ITEM('color',(#7085),#3484);
#7085 = PRESENTATION_STYLE_ASSIGNMENT((#7086));
#7086 = SURFACE_STYLE_USAGE(.BOTH.,#7087);
#7087 = SURFACE_SIDE_STYLE('',(#7088));
#7088 = SURFACE_STYLE_FILL_AREA(#7089);
#7089 = FILL_AREA_STYLE('',(#7090));
#7090 = FILL_AREA_STYLE_COLOUR('',#7091);
#7091 = COLOUR_RGB('',7.843137259267E-02,0.392156885297,0.156862741593);
#7092 = STYLED_ITEM('color',(#7093),#3516);
#7093 = PRESENTATION_STYLE_ASSIGNMENT((#7094));
#7094 = SURFACE_STYLE_USAGE(.BOTH.,#7095);
#7095 = SURFACE_SIDE_STYLE('',(#7096));
#7096 = SURFACE_STYLE_FILL_AREA(#7097);
#7097 = FILL_AREA_STYLE('',(#7098));
#7098 = FILL_AREA_STYLE_COLOUR('',#7099);
#7099 = COLOUR_RGB('',7.843137259267E-02,0.392156885297,0.156862741593);
#7100 = STYLED_ITEM('color',(#7101),#3592);
#7101 = PRESENTATION_STYLE_ASSIGNMENT((#7102));
#7102 = SURFACE_STYLE_USAGE(.BOTH.,#7103);
#7103 = SURFACE_SIDE_STYLE('',(#7104));
#7104 = SURFACE_STYLE_FILL_AREA(#7105);
#7105 = FILL_AREA_STYLE('',(#7106));
#7106 = FILL_AREA_STYLE_COLOUR('',#7107);
#7107 = COLOUR_RGB('',7.843137259267E-02,0.392156885297,0.156862741593);
#7108 = STYLED_ITEM('color',(#7109),#3642);
#7109 = PRESENTATION_STYLE_ASSIGNMENT((#7110));
#7110 = SURFACE_STYLE_USAGE(.BOTH.,#7111);
#7111 = SURFACE_SIDE_STYLE('',(#7112));
#7112 = SURFACE_STYLE_FILL_AREA(#7113);
#7113 = FILL_AREA_STYLE('',(#7114));
#7114 = FILL_AREA_STYLE_COLOUR('',#7115);
#7115 = COLOUR_RGB('',7.843137259267E-02,0.392156885297,0.156862741593);
#7116 = STYLED_ITEM('color',(#7117),#3691);
#7117 = PRESENTATION_STYLE_ASSIGNMENT((#7118));
#7118 = SURFACE_STYLE_USAGE(.BOTH.,#7119);
#7119 = SURFACE_SIDE_STYLE('',(#7120));
#7120 = SURFACE_STYLE_FILL_AREA(#7121);
#7121 = FILL_AREA_STYLE('',(#7122));
#7122 = FILL_AREA_STYLE_COLOUR('',#7123);
#7123 = COLOUR_RGB('',7.843137259267E-02,0.392156885297,0.156862741593);
#7124 = STYLED_ITEM('color',(#7125),#3741);
#7125 = PRESENTATION_STYLE_ASSIGNMENT((#7126));
#7126 = SURFACE_STYLE_USAGE(.BOTH.,#7127);
#7127 = SURFACE_SIDE_STYLE('',(#7128));
#7128 = SURFACE_STYLE_FILL_AREA(#7129);
#7129 = FILL_AREA_STYLE('',(#7130));
#7130 = FILL_AREA_STYLE_COLOUR('',#7131);
#7131 = COLOUR_RGB('',7.843137259267E-02,0.392156885297,0.156862741593);
#7132 = STYLED_ITEM('color',(#7133),#3790);
#7133 = PRESENTATION_STYLE_ASSIGNMENT((#7134));
#7134 = SURFACE_STYLE_USAGE(.BOTH.,#7135);
#7135 = SURFACE_SIDE_STYLE('',(#7136));
#7136 = SURFACE_STYLE_FILL_AREA(#7137);
#7137 = FILL_AREA_STYLE('',(#7138));
#7138 = FILL_AREA_STYLE_COLOUR('',#7139);
#7139 = COLOUR_RGB('',7.843137259267E-02,0.392156885297,0.156862741593);
#7140 = STYLED_ITEM('color',(#7141),#3840);
#7141 = PRESENTATION_STYLE_ASSIGNMENT((#7142));
#7142 = SURFACE_STYLE_USAGE(.BOTH.,#7143);
#7143 = SURFACE_SIDE_STYLE('',(#7144));
#7144 = SURFACE_STYLE_FILL_AREA(#7145);
#7145 = FILL_AREA_STYLE('',(#7146));
#7146 = FILL_AREA_STYLE_COLOUR('',#7147);
#7147 = COLOUR_RGB('',7.843137259267E-02,0.392156885297,0.156862741593);
#7148 = STYLED_ITEM('color',(#7149),#3962);
#7149 = PRESENTATION_STYLE_ASSIGNMENT((#7150));
#7150 = SURFACE_STYLE_USAGE(.BOTH.,#7151);
#7151 = SURFACE_SIDE_STYLE('',(#7152));
#7152 = SURFACE_STYLE_FILL_AREA(#7153);
#7153 = FILL_AREA_STYLE('',(#7154));
#7154 = FILL_AREA_STYLE_COLOUR('',#7155);
#7155 = COLOUR_RGB('',7.843137259267E-02,0.392156885297,0.156862741593);
#7156 = STYLED_ITEM('color',(#7157),#4011);
#7157 = PRESENTATION_STYLE_ASSIGNMENT((#7158));
#7158 = SURFACE_STYLE_USAGE(.BOTH.,#7159);
#7159 = SURFACE_SIDE_STYLE('',(#7160));
#7160 = SURFACE_STYLE_FILL_AREA(#7161);
#7161 = FILL_AREA_STYLE('',(#7162));
#7162 = FILL_AREA_STYLE_COLOUR('',#7163);
#7163 = COLOUR_RGB('',7.843137259267E-02,0.392156885297,0.156862741593);
#7164 = STYLED_ITEM('color',(#7165),#4061);
#7165 = PRESENTATION_STYLE_ASSIGNMENT((#7166));
#7166 = SURFACE_STYLE_USAGE(.BOTH.,#7167);
#7167 = SURFACE_SIDE_STYLE('',(#7168));
#7168 = SURFACE_STYLE_FILL_AREA(#7169);
#7169 = FILL_AREA_STYLE('',(#7170));
#7170 = FILL_AREA_STYLE_COLOUR('',#7171);
#7171 = COLOUR_RGB('',7.843137259267E-02,0.392156885297,0.156862741593);
#7172 = STYLED_ITEM('color',(#7173),#4088);
#7173 = PRESENTATION_STYLE_ASSIGNMENT((#7174));
#7174 = SURFACE_STYLE_USAGE(.BOTH.,#7175);
#7175 = SURFACE_SIDE_STYLE('',(#7176));
#7176 = SURFACE_STYLE_FILL_AREA(#7177);
#7177 = FILL_AREA_STYLE('',(#7178));
#7178 = FILL_AREA_STYLE_COLOUR('',#7179);
#7179 = COLOUR_RGB('',7.843137259267E-02,0.392156885297,0.156862741593);
#7180 = STYLED_ITEM('color',(#7181),#4454);
#7181 = PRESENTATION_STYLE_ASSIGNMENT((#7182));
#7182 = SURFACE_STYLE_USAGE(.BOTH.,#7183);
#7183 = SURFACE_SIDE_STYLE('',(#7184));
#7184 = SURFACE_STYLE_FILL_AREA(#7185);
#7185 = FILL_AREA_STYLE('',(#7186));
#7186 = FILL_AREA_STYLE_COLOUR('',#7187);
#7187 = COLOUR_RGB('',7.843137259267E-02,0.392156885297,0.156862741593);
#7188 = STYLED_ITEM('color',(#7189),#4481);
#7189 = PRESENTATION_STYLE_ASSIGNMENT((#7190));
#7190 = SURFACE_STYLE_USAGE(.BOTH.,#7191);
#7191 = SURFACE_SIDE_STYLE('',(#7192));
#7192 = SURFACE_STYLE_FILL_AREA(#7193);
#7193 = FILL_AREA_STYLE('',(#7194));
#7194 = FILL_AREA_STYLE_COLOUR('',#7195);
#7195 = COLOUR_RGB('',7.843137259267E-02,0.392156885297,0.156862741593);
#7196 = STYLED_ITEM('color',(#7197),#4508);
#7197 = PRESENTATION_STYLE_ASSIGNMENT((#7198));
#7198 = SURFACE_STYLE_USAGE(.BOTH.,#7199);
#7199 = SURFACE_SIDE_STYLE('',(#7200));
#7200 = SURFACE_STYLE_FILL_AREA(#7201);
#7201 = FILL_AREA_STYLE('',(#7202));
#7202 = FILL_AREA_STYLE_COLOUR('',#7203);
#7203 = COLOUR_RGB('',7.843137259267E-02,0.392156885297,0.156862741593);
#7204 = STYLED_ITEM('color',(#7205),#4515);
#7205 = PRESENTATION_STYLE_ASSIGNMENT((#7206));
#7206 = SURFACE_STYLE_USAGE(.BOTH.,#7207);
#7207 = SURFACE_SIDE_STYLE('',(#7208));
#7208 = SURFACE_STYLE_FILL_AREA(#7209);
#7209 = FILL_AREA_STYLE('',(#7210));
#7210 = FILL_AREA_STYLE_COLOUR('',#7211);
#7211 = COLOUR_RGB('',7.843137259267E-02,0.392156885297,0.156862741593);
#7212 = STYLED_ITEM('color',(#7213),#5873);
#7213 = PRESENTATION_STYLE_ASSIGNMENT((#7214));
#7214 = SURFACE_STYLE_USAGE(.BOTH.,#7215);
#7215 = SURFACE_SIDE_STYLE('',(#7216));
#7216 = SURFACE_STYLE_FILL_AREA(#7217);
#7217 = FILL_AREA_STYLE('',(#7218));
#7218 = FILL_AREA_STYLE_COLOUR('',#7219);
#7219 = COLOUR_RGB('',7.843137259267E-02,0.392156885297,0.156862741593);
#7220 = STYLED_ITEM('color',(#7221),#5878);
#7221 = PRESENTATION_STYLE_ASSIGNMENT((#7222));
#7222 = SURFACE_STYLE_USAGE(.BOTH.,#7223);
#7223 = SURFACE_SIDE_STYLE('',(#7224));
#7224 = SURFACE_STYLE_FILL_AREA(#7225);
#7225 = FILL_AREA_STYLE('',(#7226));
#7226 = FILL_AREA_STYLE_COLOUR('',#7227);
#7227 = COLOUR_RGB('',7.843137259267E-02,0.392156885297,0.156862741593);
#7228 = STYLED_ITEM('color',(#7229),#5889);
#7229 = PRESENTATION_STYLE_ASSIGNMENT((#7230));
#7230 = SURFACE_STYLE_USAGE(.BOTH.,#7231);
#7231 = SURFACE_SIDE_STYLE('',(#7232));
#7232 = SURFACE_STYLE_FILL_AREA(#7233);
#7233 = FILL_AREA_STYLE('',(#7234));
#7234 = FILL_AREA_STYLE_COLOUR('',#7235);
#7235 = COLOUR_RGB('',7.843137259267E-02,0.392156885297,0.156862741593);
#7236 = STYLED_ITEM('color',(#7237),#5896);
#7237 = PRESENTATION_STYLE_ASSIGNMENT((#7238));
#7238 = SURFACE_STYLE_USAGE(.BOTH.,#7239);
#7239 = SURFACE_SIDE_STYLE('',(#7240));
#7240 = SURFACE_STYLE_FILL_AREA(#7241);
#7241 = FILL_AREA_STYLE('',(#7242));
#7242 = FILL_AREA_STYLE_COLOUR('',#7243);
#7243 = COLOUR_RGB('',7.843137259267E-02,0.392156885297,0.156862741593);
#7244 = STYLED_ITEM('color',(#7245),#5907);
#7245 = PRESENTATION_STYLE_ASSIGNMENT((#7246));
#7246 = SURFACE_STYLE_USAGE(.BOTH.,#7247);
#7247 = SURFACE_SIDE_STYLE('',(#7248));
#7248 = SURFACE_STYLE_FILL_AREA(#7249);
#7249 = FILL_AREA_STYLE('',(#7250));
#7250 = FILL_AREA_STYLE_COLOUR('',#7251);
#7251 = COLOUR_RGB('',7.843137259267E-02,0.392156885297,0.156862741593);
#7252 = STYLED_ITEM('color',(#7253),#6464);
#7253 = PRESENTATION_STYLE_ASSIGNMENT((#7254));
#7254 = SURFACE_STYLE_USAGE(.BOTH.,#7255);
#7255 = SURFACE_SIDE_STYLE('',(#7256));
#7256 = SURFACE_STYLE_FILL_AREA(#7257);
#7257 = FILL_AREA_STYLE('',(#7258));
#7258 = FILL_AREA_STYLE_COLOUR('',#7259);
#7259 = COLOUR_RGB('',7.843137259267E-02,0.392156885297,0.156862741593);
#7260 = STYLED_ITEM('color',(#7261),#5868);
#7261 = PRESENTATION_STYLE_ASSIGNMENT((#7262));
#7262 = SURFACE_STYLE_USAGE(.BOTH.,#7263);
#7263 = SURFACE_SIDE_STYLE('',(#7264));
#7264 = SURFACE_STYLE_FILL_AREA(#7265);
#7265 = FILL_AREA_STYLE('',(#7266));
#7266 = FILL_AREA_STYLE_COLOUR('',#7267);
#7267 = COLOUR_RGB('',0.235294113866,0.627451059808,0.11764704939);
#7268 = STYLED_ITEM('color',(#7269),#782);
#7269 = PRESENTATION_STYLE_ASSIGNMENT((#7270));
#7270 = SURFACE_STYLE_USAGE(.BOTH.,#7271);
#7271 = SURFACE_SIDE_STYLE('',(#7272));
#7272 = SURFACE_STYLE_FILL_AREA(#7273);
#7273 = FILL_AREA_STYLE('',(#7274));
#7274 = FILL_AREA_STYLE_COLOUR('',#7275);
#7275 = COLOUR_RGB('',0.11764704939,0.588235344118,0.313725504135);
#7276 = STYLED_ITEM('color',(#7277),#540);
#7277 = PRESENTATION_STYLE_ASSIGNMENT((#7278));
#7278 = SURFACE_STYLE_USAGE(.BOTH.,#7279);
#7279 = SURFACE_SIDE_STYLE('',(#7280));
#7280 = SURFACE_STYLE_FILL_AREA(#7281);
#7281 = FILL_AREA_STYLE('',(#7282));
#7282 = FILL_AREA_STYLE_COLOUR('',#7283);
#7283 = COLOUR_RGB('',0.235294113866,0.627451059808,0.11764704939);
#7284 = STYLED_ITEM('color',(#7285),#832);
#7285 = PRESENTATION_STYLE_ASSIGNMENT((#7286));
#7286 = SURFACE_STYLE_USAGE(.BOTH.,#7287);
#7287 = SURFACE_SIDE_STYLE('',(#7288));
#7288 = SURFACE_STYLE_FILL_AREA(#7289);
#7289 = FILL_AREA_STYLE('',(#7290));
#7290 = FILL_AREA_STYLE_COLOUR('',#7291);
#7291 = COLOUR_RGB('',0.235294113866,0.627451059808,0.11764704939);
#7292 = STYLED_ITEM('color',(#7293),#959);
#7293 = PRESENTATION_STYLE_ASSIGNMENT((#7294));
#7294 = SURFACE_STYLE_USAGE(.BOTH.,#7295);
#7295 = SURFACE_SIDE_STYLE('',(#7296));
#7296 = SURFACE_STYLE_FILL_AREA(#7297);
#7297 = FILL_AREA_STYLE('',(#7298));
#7298 = FILL_AREA_STYLE_COLOUR('',#7299);
#7299 = COLOUR_RGB('',0.235294113866,0.627451059808,0.11764704939);
#7300 = STYLED_ITEM('color',(#7301),#1704);
#7301 = PRESENTATION_STYLE_ASSIGNMENT((#7302));
#7302 = SURFACE_STYLE_USAGE(.BOTH.,#7303);
#7303 = SURFACE_SIDE_STYLE('',(#7304));
#7304 = SURFACE_STYLE_FILL_AREA(#7305);
#7305 = FILL_AREA_STYLE('',(#7306));
#7306 = FILL_AREA_STYLE_COLOUR('',#7307);
#7307 = COLOUR_RGB('',0.235294113866,0.627451059808,0.11764704939);
#7308 = STYLED_ITEM('color',(#7309),#2582);
#7309 = PRESENTATION_STYLE_ASSIGNMENT((#7310));
#7310 = SURFACE_STYLE_USAGE(.BOTH.,#7311);
#7311 = SURFACE_SIDE_STYLE('',(#7312));
#7312 = SURFACE_STYLE_FILL_AREA(#7313);
#7313 = FILL_AREA_STYLE('',(#7314));
#7314 = FILL_AREA_STYLE_COLOUR('',#7315);
#7315 = COLOUR_RGB('',0.235294113866,0.627451059808,0.11764704939);
#7316 = STYLED_ITEM('color',(#7317),#4116);
#7317 = PRESENTATION_STYLE_ASSIGNMENT((#7318));
#7318 = SURFACE_STYLE_USAGE(.BOTH.,#7319);
#7319 = SURFACE_SIDE_STYLE('',(#7320));
#7320 = SURFACE_STYLE_FILL_AREA(#7321);
#7321 = FILL_AREA_STYLE('',(#7322));
#7322 = FILL_AREA_STYLE_COLOUR('',#7323);
#7323 = COLOUR_RGB('',0.235294113866,0.627451059808,0.11764704939);
#7324 = STYLED_ITEM('color',(#7325),#6762);
#7325 = PRESENTATION_STYLE_ASSIGNMENT((#7326));
#7326 = SURFACE_STYLE_USAGE(.BOTH.,#7327);
#7327 = SURFACE_SIDE_STYLE('',(#7328));
#7328 = SURFACE_STYLE_FILL_AREA(#7329);
#7329 = FILL_AREA_STYLE('',(#7330));
#7330 = FILL_AREA_STYLE_COLOUR('',#7331);
#7331 = COLOUR_RGB('',0.235294113866,0.627451059808,0.11764704939);
#7332 = STYLED_ITEM('color',(#7333),#2382);
#7333 = PRESENTATION_STYLE_ASSIGNMENT((#7334));
#7334 = SURFACE_STYLE_USAGE(.BOTH.,#7335);
#7335 = SURFACE_SIDE_STYLE('',(#7336));
#7336 = SURFACE_STYLE_FILL_AREA(#7337);
#7337 = FILL_AREA_STYLE('',(#7338));
#7338 = FILL_AREA_STYLE_COLOUR('',#7339);
#7339 = COLOUR_RGB('',0.588235344118,0.980392225785,0.196078416923);
#7340 = STYLED_ITEM('color',(#7341),#2432);
#7341 = PRESENTATION_STYLE_ASSIGNMENT((#7342));
#7342 = SURFACE_STYLE_USAGE(.BOTH.,#7343);
#7343 = SURFACE_SIDE_STYLE('',(#7344));
#7344 = SURFACE_STYLE_FILL_AREA(#7345);
#7345 = FILL_AREA_STYLE('',(#7346));
#7346 = FILL_AREA_STYLE_COLOUR('',#7347);
#7347 = COLOUR_RGB('',0.588235344118,0.980392225785,0.196078416923);
#7348 = STYLED_ITEM('color',(#7349),#2482);
#7349 = PRESENTATION_STYLE_ASSIGNMENT((#7350));
#7350 = SURFACE_STYLE_USAGE(.BOTH.,#7351);
#7351 = SURFACE_SIDE_STYLE('',(#7352));
#7352 = SURFACE_STYLE_FILL_AREA(#7353);
#7353 = FILL_AREA_STYLE('',(#7354));
#7354 = FILL_AREA_STYLE_COLOUR('',#7355);
#7355 = COLOUR_RGB('',0.588235344118,0.980392225785,0.196078416923);
#7356 = STYLED_ITEM('color',(#7357),#2532);
#7357 = PRESENTATION_STYLE_ASSIGNMENT((#7358));
#7358 = SURFACE_STYLE_USAGE(.BOTH.,#7359);
#7359 = SURFACE_SIDE_STYLE('',(#7360));
#7360 = SURFACE_STYLE_FILL_AREA(#7361);
#7361 = FILL_AREA_STYLE('',(#7362));
#7362 = FILL_AREA_STYLE_COLOUR('',#7363);
#7363 = COLOUR_RGB('',0.588235344118,0.980392225785,0.196078416923);
#7364 = STYLED_ITEM('color',(#7365),#4575);
#7365 = PRESENTATION_STYLE_ASSIGNMENT((#7366));
#7366 = SURFACE_STYLE_USAGE(.BOTH.,#7367);
#7367 = SURFACE_SIDE_STYLE('',(#7368));
#7368 = SURFACE_STYLE_FILL_AREA(#7369);
#7369 = FILL_AREA_STYLE('',(#7370));
#7370 = FILL_AREA_STYLE_COLOUR('',#7371);
#7371 = COLOUR_RGB('',0.588235344118,0.980392225785,0.196078416923);
#7372 = STYLED_ITEM('color',(#7373),#5813);
#7373 = PRESENTATION_STYLE_ASSIGNMENT((#7374));
#7374 = SURFACE_STYLE_USAGE(.BOTH.,#7375);
#7375 = SURFACE_SIDE_STYLE('',(#7376));
#7376 = SURFACE_STYLE_FILL_AREA(#7377);
#7377 = FILL_AREA_STYLE('',(#7378));
#7378 = FILL_AREA_STYLE_COLOUR('',#7379);
#7379 = COLOUR_RGB('',0.588235344118,0.980392225785,0.196078416923);
#7380 = STYLED_ITEM('color',(#7381),#5914);
#7381 = PRESENTATION_STYLE_ASSIGNMENT((#7382));
#7382 = SURFACE_STYLE_USAGE(.BOTH.,#7383);
#7383 = SURFACE_SIDE_STYLE('',(#7384));
#7384 = SURFACE_STYLE_FILL_AREA(#7385);
#7385 = FILL_AREA_STYLE('',(#7386));
#7386 = FILL_AREA_STYLE_COLOUR('',#7387);
#7387 = COLOUR_RGB('',0.588235344118,0.980392225785,0.196078416923);
#7388 = STYLED_ITEM('color',(#7389),#5969);
#7389 = PRESENTATION_STYLE_ASSIGNMENT((#7390));
#7390 = SURFACE_STYLE_USAGE(.BOTH.,#7391);
#7391 = SURFACE_SIDE_STYLE('',(#7392));
#7392 = SURFACE_STYLE_FILL_AREA(#7393);
#7393 = FILL_AREA_STYLE('',(#7394));
#7394 = FILL_AREA_STYLE_COLOUR('',#7395);
#7395 = COLOUR_RGB('',0.588235344118,0.980392225785,0.196078416923);
#7396 = STYLED_ITEM('color',(#7397),#6024);
#7397 = PRESENTATION_STYLE_ASSIGNMENT((#7398));
#7398 = SURFACE_STYLE_USAGE(.BOTH.,#7399);
#7399 = SURFACE_SIDE_STYLE('',(#7400));
#7400 = SURFACE_STYLE_FILL_AREA(#7401);
#7401 = FILL_AREA_STYLE('',(#7402));
#7402 = FILL_AREA_STYLE_COLOUR('',#7403);
#7403 = COLOUR_RGB('',0.588235344118,0.980392225785,0.196078416923);
#7404 = STYLED_ITEM('color',(#7405),#6079);
#7405 = PRESENTATION_STYLE_ASSIGNMENT((#7406));
#7406 = SURFACE_STYLE_USAGE(.BOTH.,#7407);
#7407 = SURFACE_SIDE_STYLE('',(#7408));
#7408 = SURFACE_STYLE_FILL_AREA(#7409);
#7409 = FILL_AREA_STYLE('',(#7410));
#7410 = FILL_AREA_STYLE_COLOUR('',#7411);
#7411 = COLOUR_RGB('',0.588235344118,0.980392225785,0.196078416923);
#7412 = STYLED_ITEM('color',(#7413),#6134);
#7413 = PRESENTATION_STYLE_ASSIGNMENT((#7414));
#7414 = SURFACE_STYLE_USAGE(.BOTH.,#7415);
#7415 = SURFACE_SIDE_STYLE('',(#7416));
#7416 = SURFACE_STYLE_FILL_AREA(#7417);
#7417 = FILL_AREA_STYLE('',(#7418));
#7418 = FILL_AREA_STYLE_COLOUR('',#7419);
#7419 = COLOUR_RGB('',0.588235344118,0.980392225785,0.196078416923);
#7420 = STYLED_ITEM('color',(#7421),#6189);
#7421 = PRESENTATION_STYLE_ASSIGNMENT((#7422));
#7422 = SURFACE_STYLE_USAGE(.BOTH.,#7423);
#7423 = SURFACE_SIDE_STYLE('',(#7424));
#7424 = SURFACE_STYLE_FILL_AREA(#7425);
#7425 = FILL_AREA_STYLE('',(#7426));
#7426 = FILL_AREA_STYLE_COLOUR('',#7427);
#7427 = COLOUR_RGB('',0.588235344118,0.980392225785,0.196078416923);
#7428 = STYLED_ITEM('color',(#7429),#6244);
#7429 = PRESENTATION_STYLE_ASSIGNMENT((#7430));
#7430 = SURFACE_STYLE_USAGE(.BOTH.,#7431);
#7431 = SURFACE_SIDE_STYLE('',(#7432));
#7432 = SURFACE_STYLE_FILL_AREA(#7433);
#7433 = FILL_AREA_STYLE('',(#7434));
#7434 = FILL_AREA_STYLE_COLOUR('',#7435);
#7435 = COLOUR_RGB('',0.588235344118,0.980392225785,0.196078416923);
#7436 = STYLED_ITEM('color',(#7437),#6299);
#7437 = PRESENTATION_STYLE_ASSIGNMENT((#7438));
#7438 = SURFACE_STYLE_USAGE(.BOTH.,#7439);
#7439 = SURFACE_SIDE_STYLE('',(#7440));
#7440 = SURFACE_STYLE_FILL_AREA(#7441);
#7441 = FILL_AREA_STYLE('',(#7442));
#7442 = FILL_AREA_STYLE_COLOUR('',#7443);
#7443 = COLOUR_RGB('',0.588235344118,0.980392225785,0.196078416923);
#7444 = STYLED_ITEM('color',(#7445),#6354);
#7445 = PRESENTATION_STYLE_ASSIGNMENT((#7446));
#7446 = SURFACE_STYLE_USAGE(.BOTH.,#7447);
#7447 = SURFACE_SIDE_STYLE('',(#7448));
#7448 = SURFACE_STYLE_FILL_AREA(#7449);
#7449 = FILL_AREA_STYLE('',(#7450));
#7450 = FILL_AREA_STYLE_COLOUR('',#7451);
#7451 = COLOUR_RGB('',0.588235344118,0.980392225785,0.196078416923);
#7452 = STYLED_ITEM('color',(#7453),#6409);
#7453 = PRESENTATION_STYLE_ASSIGNMENT((#7454));
#7454 = SURFACE_STYLE_USAGE(.BOTH.,#7455);
#7455 = SURFACE_SIDE_STYLE('',(#7456));
#7456 = SURFACE_STYLE_FILL_AREA(#7457);
#7457 = FILL_AREA_STYLE('',(#7458));
#7458 = FILL_AREA_STYLE_COLOUR('',#7459);
#7459 = COLOUR_RGB('',0.588235344118,0.980392225785,0.196078416923);
#7460 = STYLED_ITEM('color',(#7461),#6519);
#7461 = PRESENTATION_STYLE_ASSIGNMENT((#7462));
#7462 = SURFACE_STYLE_USAGE(.BOTH.,#7463);
#7463 = SURFACE_SIDE_STYLE('',(#7464));
#7464 = SURFACE_STYLE_FILL_AREA(#7465);
#7465 = FILL_AREA_STYLE('',(#7466));
#7466 = FILL_AREA_STYLE_COLOUR('',#7467);
#7467 = COLOUR_RGB('',0.588235344118,0.980392225785,0.196078416923);
#7468 = STYLED_ITEM('color',(#7469),#6605);
#7469 = PRESENTATION_STYLE_ASSIGNMENT((#7470));
#7470 = SURFACE_STYLE_USAGE(.BOTH.,#7471);
#7471 = SURFACE_SIDE_STYLE('',(#7472));
#7472 = SURFACE_STYLE_FILL_AREA(#7473);
#7473 = FILL_AREA_STYLE('',(#7474));
#7474 = FILL_AREA_STYLE_COLOUR('',#7475);
#7475 = COLOUR_RGB('',0.588235344118,0.980392225785,0.196078416923);
#7476 = MECHANICAL_DESIGN_GEOMETRIC_PRESENTATION_REPRESENTATION('',(
    #6892,#6900,#6908,#6916,#6924,#6932,#6940,#6948,#6956,#6964,#6972,
    #6980,#6988,#6996,#7004,#7012,#7020,#7028,#7036,#7044,#7052,#7060,
    #7068,#7076,#7084,#7092,#7100,#7108,#7116,#7124,#7132,#7140,#7148,
    #7156,#7164,#7172,#7180,#7188,#7196,#7204),#6885);
#7477 = MECHANICAL_DESIGN_GEOMETRIC_PRESENTATION_REPRESENTATION('',(
    #6892,#6900,#6908,#6916,#6924,#6932,#6940,#6948,#6956),#6885);
#7478 = MECHANICAL_DESIGN_GEOMETRIC_PRESENTATION_REPRESENTATION('',(
    #6892,#6900,#6908,#6916,#6924,#6932,#6940,#6948,#6956,#6964,#6972,
    #6980,#6988,#6996,#7004,#7012,#7020,#7028,#7036,#7044,#7052,#7060,
    #7068,#7076,#7084,#7092,#7100,#7108,#7116,#7124,#7132,#7140,#7148,
    #7156,#7164,#7172,#7180,#7188,#7196,#7204,#7212,#7220,#7228,#7236,
    #7244,#7252),#6885);
#7479 = MECHANICAL_DESIGN_GEOMETRIC_PRESENTATION_REPRESENTATION('',(
    #6892,#6900,#6908,#6916,#6924,#6932,#6940,#6948,#6956,#6964,#6972,
    #6980,#6988,#6996),#6885);
#7480 = MECHANICAL_DESIGN_GEOMETRIC_PRESENTATION_REPRESENTATION('',(
    #6892,#6900,#6908,#6916,#6924),#6885);
#7481 = MECHANICAL_DESIGN_GEOMETRIC_PRESENTATION_REPRESENTATION('',(
    #6892,#6900,#6908,#6916,#6924,#6932,#6940,#6948,#6956,#6964,#6972,
    #6980,#6988,#6996,#7004),#6885);
#7482 = MECHANICAL_DESIGN_GEOMETRIC_PRESENTATION_REPRESENTATION('',(
    #6892,#6900,#6908,#6916,#6924,#6932,#6940,#6948,#6956,#6964,#6972,
    #6980,#6988,#6996,#7004,#7012,#7020,#7028,#7036,#7044,#7052,#7060,
    #7068,#7076,#7084,#7092,#7100,#7108,#7116,#7124,#7132,#7140,#7148,
    #7156,#7164,#7172,#7180,#7188,#7196,#7204,#7212,#7220,#7228,#7236,
    #7244,#7252,#7260,#7268,#7276,#7284,#7292,#7300,#7308,#7316,#7324,
    #7332,#7340,#7348,#7356,#7364,#7372,#7380,#7388,#7396,#7404,#7412,
    #7420,#7428,#7436,#7444,#7452,#7460,#7468,#7483,#7491,#7499,#7507,
    #7515,#7523,#7531,#7539,#7547,#7555,#7563,#7571,#7579),#6885);
#7483 = STYLED_ITEM('color',(#7484),#6640);
#7484 = PRESENTATION_STYLE_ASSIGNMENT((#7485));
#7485 = SURFACE_STYLE_USAGE(.BOTH.,#7486);
#7486 = SURFACE_SIDE_STYLE('',(#7487));
#7487 = SURFACE_STYLE_FILL_AREA(#7488);
#7488 = FILL_AREA_STYLE('',(#7489));
#7489 = FILL_AREA_STYLE_COLOUR('',#7490);
#7490 = COLOUR_RGB('',0.588235344118,0.980392225785,0.196078416923);
#7491 = STYLED_ITEM('color',(#7492),#6644);
#7492 = PRESENTATION_STYLE_ASSIGNMENT((#7493));
#7493 = SURFACE_STYLE_USAGE(.BOTH.,#7494);
#7494 = SURFACE_SIDE_STYLE('',(#7495));
#7495 = SURFACE_STYLE_FILL_AREA(#7496);
#7496 = FILL_AREA_STYLE('',(#7497));
#7497 = FILL_AREA_STYLE_COLOUR('',#7498);
#7498 = COLOUR_RGB('',0.588235344118,0.980392225785,0.196078416923);
#7499 = STYLED_ITEM('color',(#7500),#6648);
#7500 = PRESENTATION_STYLE_ASSIGNMENT((#7501));
#7501 = SURFACE_STYLE_USAGE(.BOTH.,#7502);
#7502 = SURFACE_SIDE_STYLE('',(#7503));
#7503 = SURFACE_STYLE_FILL_AREA(#7504);
#7504 = FILL_AREA_STYLE('',(#7505));
#7505 = FILL_AREA_STYLE_COLOUR('',#7506);
#7506 = COLOUR_RGB('',0.588235344118,0.980392225785,0.196078416923);
#7507 = STYLED_ITEM('color',(#7508),#6652);
#7508 = PRESENTATION_STYLE_ASSIGNMENT((#7509));
#7509 = SURFACE_STYLE_USAGE(.BOTH.,#7510);
#7510 = SURFACE_SIDE_STYLE('',(#7511));
#7511 = SURFACE_STYLE_FILL_AREA(#7512);
#7512 = FILL_AREA_STYLE('',(#7513));
#7513 = FILL_AREA_STYLE_COLOUR('',#7514);
#7514 = COLOUR_RGB('',0.588235344118,0.980392225785,0.196078416923);
#7515 = STYLED_ITEM('color',(#7516),#6656);
#7516 = PRESENTATION_STYLE_ASSIGNMENT((#7517));
#7517 = SURFACE_STYLE_USAGE(.BOTH.,#7518);
#7518 = SURFACE_SIDE_STYLE('',(#7519));
#7519 = SURFACE_STYLE_FILL_AREA(#7520);
#7520 = FILL_AREA_STYLE('',(#7521));
#7521 = FILL_AREA_STYLE_COLOUR('',#7522);
#7522 = COLOUR_RGB('',0.588235344118,0.980392225785,0.196078416923);
#7523 = STYLED_ITEM('color',(#7524),#6660);
#7524 = PRESENTATION_STYLE_ASSIGNMENT((#7525));
#7525 = SURFACE_STYLE_USAGE(.BOTH.,#7526);
#7526 = SURFACE_SIDE_STYLE('',(#7527));
#7527 = SURFACE_STYLE_FILL_AREA(#7528);
#7528 = FILL_AREA_STYLE('',(#7529));
#7529 = FILL_AREA_STYLE_COLOUR('',#7530);
#7530 = COLOUR_RGB('',0.588235344118,0.980392225785,0.196078416923);
#7531 = STYLED_ITEM('color',(#7532),#6664);
#7532 = PRESENTATION_STYLE_ASSIGNMENT((#7533));
#7533 = SURFACE_STYLE_USAGE(.BOTH.,#7534);
#7534 = SURFACE_SIDE_STYLE('',(#7535));
#7535 = SURFACE_STYLE_FILL_AREA(#7536);
#7536 = FILL_AREA_STYLE('',(#7537));
#7537 = FILL_AREA_STYLE_COLOUR('',#7538);
#7538 = COLOUR_RGB('',0.588235344118,0.980392225785,0.196078416923);
#7539 = STYLED_ITEM('color',(#7540),#6668);
#7540 = PRESENTATION_STYLE_ASSIGNMENT((#7541));
#7541 = SURFACE_STYLE_USAGE(.BOTH.,#7542);
#7542 = SURFACE_SIDE_STYLE('',(#7543));
#7543 = SURFACE_STYLE_FILL_AREA(#7544);
#7544 = FILL_AREA_STYLE('',(#7545));
#7545 = FILL_AREA_STYLE_COLOUR('',#7546);
#7546 = COLOUR_RGB('',0.588235344118,0.980392225785,0.196078416923);
#7547 = STYLED_ITEM('color',(#7548),#6672);
#7548 = PRESENTATION_STYLE_ASSIGNMENT((#7549));
#7549 = SURFACE_STYLE_USAGE(.BOTH.,#7550);
#7550 = SURFACE_SIDE_STYLE('',(#7551));
#7551 = SURFACE_STYLE_FILL_AREA(#7552);
#7552 = FILL_AREA_STYLE('',(#7553));
#7553 = FILL_AREA_STYLE_COLOUR('',#7554);
#7554 = COLOUR_RGB('',0.588235344118,0.980392225785,0.196078416923);
#7555 = STYLED_ITEM('color',(#7556),#6676);
#7556 = PRESENTATION_STYLE_ASSIGNMENT((#7557));
#7557 = SURFACE_STYLE_USAGE(.BOTH.,#7558);
#7558 = SURFACE_SIDE_STYLE('',(#7559));
#7559 = SURFACE_STYLE_FILL_AREA(#7560);
#7560 = FILL_AREA_STYLE('',(#7561));
#7561 = FILL_AREA_STYLE_COLOUR('',#7562);
#7562 = COLOUR_RGB('',0.588235344118,0.980392225785,0.196078416923);
#7563 = STYLED_ITEM('color',(#7564),#6769);
#7564 = PRESENTATION_STYLE_ASSIGNMENT((#7565));
#7565 = SURFACE_STYLE_USAGE(.BOTH.,#7566);
#7566 = SURFACE_SIDE_STYLE('',(#7567));
#7567 = SURFACE_STYLE_FILL_AREA(#7568);
#7568 = FILL_AREA_STYLE('',(#7569));
#7569 = FILL_AREA_STYLE_COLOUR('',#7570);
#7570 = COLOUR_RGB('',0.588235344118,0.980392225785,0.196078416923);
#7571 = STYLED_ITEM('color',(#7572),#6773);
#7572 = PRESENTATION_STYLE_ASSIGNMENT((#7573));
#7573 = SURFACE_STYLE_USAGE(.BOTH.,#7574);
#7574 = SURFACE_SIDE_STYLE('',(#7575));
#7575 = SURFACE_STYLE_FILL_AREA(#7576);
#7576 = FILL_AREA_STYLE('',(#7577));
#7577 = FILL_AREA_STYLE_COLOUR('',#7578);
#7578 = COLOUR_RGB('',0.588235344118,0.980392225785,0.196078416923);
#7579 = STYLED_ITEM('color',(#7580),#6828);
#7580 = PRESENTATION_STYLE_ASSIGNMENT((#7581));
#7581 = SURFACE_STYLE_USAGE(.BOTH.,#7582);
#7582 = SURFACE_SIDE_STYLE('',(#7583));
#7583 = SURFACE_STYLE_FILL_AREA(#7584);
#7584 = FILL_AREA_STYLE('',(#7585));
#7585 = FILL_AREA_STYLE_COLOUR('',#7586);
#7586 = COLOUR_RGB('',0.588235344118,0.980392225785,0.196078416923);
#7587 = MECHANICAL_DESIGN_GEOMETRIC_PRESENTATION_REPRESENTATION('',(
    #6892,#6900,#6908,#6916,#6924,#6932,#6940,#6948,#6956,#6964,#6972,
    #6980,#6988,#6996,#7004,#7012,#7020,#7028,#7036,#7044,#7052,#7060,
    #7068,#7076,#7084,#7092,#7100,#7108,#7116,#7124,#7132,#7140,#7148,
    #7156,#7164,#7172,#7180,#7188,#7196,#7204,#7212),#6885);
#7588 = MECHANICAL_DESIGN_GEOMETRIC_PRESENTATION_REPRESENTATION('',(
    #6892,#6900,#6908,#6916,#6924,#6932,#6940,#6948,#6956,#6964,#6972,
    #6980,#6988,#6996,#7004,#7012,#7020,#7028,#7036,#7044,#7052,#7060,
    #7068,#7076,#7084),#6885);
#7589 = MECHANICAL_DESIGN_GEOMETRIC_PRESENTATION_REPRESENTATION('',(
    #6892,#6900,#6908,#6916,#6924,#6932,#6940,#6948,#6956,#6964,#6972,
    #6980,#6988,#6996,#7004,#7012,#7020,#7028,#7036,#7044,#7052,#7060,
    #7068,#7076,#7084,#7092,#7100,#7108,#7116,#7124,#7132,#7140,#7148,
    #7156,#7164,#7172,#7180,#7188,#7196,#7204,#7212,#7220,#7228,#7236,
    #7244,#7252,#7260),#6885);
#7590 = MECHANICAL_DESIGN_GEOMETRIC_PRESENTATION_REPRESENTATION('',(
    #6892,#6900,#6908,#6916,#6924,#6932,#6940,#6948,#6956,#6964,#6972,
    #6980,#6988,#6996,#7004,#7012,#7020,#7028,#7036,#7044,#7052,#7060,
    #7068,#7076,#7084,#7092,#7100,#7108,#7116,#7124,#7132,#7140,#7148,
    #7156,#7164,#7172,#7180,#7188,#7196,#7204,#7212,#7220,#7228,#7236,
    #7244),#6885);
#7591 = MECHANICAL_DESIGN_GEOMETRIC_PRESENTATION_REPRESENTATION('',(
    #6892,#6900,#6908,#6916,#6924,#6932,#6940,#6948,#6956,#6964,#6972,
    #6980,#6988,#6996,#7004,#7012,#7020,#7028,#7036,#7044,#7052,#7060,
    #7068,#7076,#7084,#7092,#7100,#7108,#7116,#7124,#7132,#7140,#7148,
    #7156,#7164,#7172,#7180,#7188,#7196),#6885);
#7592 = MECHANICAL_DESIGN_GEOMETRIC_PRESENTATION_REPRESENTATION('',(
    #6892,#6900,#6908,#6916,#6924,#6932,#6940,#6948,#6956,#6964,#6972,
    #6980,#6988,#6996,#7004,#7012,#7020,#7028,#7036,#7044,#7052,#7060,
    #7068,#7076,#7084,#7092,#7100,#7108,#7116,#7124,#7132,#7140,#7148,
    #7156,#7164,#7172,#7180,#7188,#7196,#7204,#7212,#7220,#7228,#7236,
    #7244,#7252,#7260,#7268,#7276,#7284,#7292,#7300,#7308,#7316,#7324,
    #7332,#7340,#7348,#7356,#7364,#7372,#7380,#7388,#7396,#7404,#7412,
    #7420,#7428,#7436,#7444,#7452,#7460),#6885);
#7593 = MECHANICAL_DESIGN_GEOMETRIC_PRESENTATION_REPRESENTATION('',(
    #6892,#6900,#6908,#6916,#6924,#6932,#6940,#6948,#6956,#6964,#6972,
    #6980,#6988,#6996,#7004,#7012,#7020,#7028,#7036,#7044,#7052,#7060,
    #7068,#7076,#7084,#7092,#7100,#7108,#7116,#7124,#7132,#7140,#7148,
    #7156,#7164,#7172,#7180,#7188,#7196,#7204,#7212,#7220,#7228,#7236,
    #7244,#7252,#7260,#7268,#7276,#7284,#7292,#7300,#7308,#7316,#7324,
    #7332,#7340,#7348,#7356,#7364,#7372),#6885);
#7594 = MECHANICAL_DESIGN_GEOMETRIC_PRESENTATION_REPRESENTATION('',(
    #6892),#6885);
#7595 = MECHANICAL_DESIGN_GEOMETRIC_PRESENTATION_REPRESENTATION('',(
    #6892,#6900,#6908,#6916,#6924,#6932,#6940,#6948,#6956,#6964,#6972,
    #6980),#6885);
#7596 = MECHANICAL_DESIGN_GEOMETRIC_PRESENTATION_REPRESENTATION('',(
    #6892,#6900,#6908,#6916,#6924,#6932,#6940,#6948,#6956,#6964,#6972,
    #6980,#6988,#6996,#7004,#7012,#7020,#7028,#7036,#7044,#7052,#7060,
    #7068,#7076,#7084,#7092,#7100,#7108,#7116,#7124,#7132,#7140,#7148,
    #7156,#7164,#7172,#7180,#7188,#7196,#7204,#7212,#7220),#6885);
#7597 = MECHANICAL_DESIGN_GEOMETRIC_PRESENTATION_REPRESENTATION('',(
    #6892,#6900,#6908,#6916,#6924,#6932,#6940,#6948,#6956,#6964,#6972,
    #6980,#6988,#6996,#7004,#7012,#7020,#7028,#7036,#7044),#6885);
#7598 = MECHANICAL_DESIGN_GEOMETRIC_PRESENTATION_REPRESENTATION('',(
    #6892,#6900,#6908,#6916,#6924,#6932,#6940,#6948,#6956,#6964,#6972,
    #6980,#6988,#6996,#7004,#7012,#7020,#7028,#7036,#7044,#7052,#7060,
    #7068,#7076,#7084,#7092,#7100,#7108,#7116,#7124,#7132,#7140,#7148,
    #7156,#7164,#7172,#7180,#7188,#7196,#7204,#7212,#7220,#7228,#7236,
    #7244,#7252,#7260,#7268,#7276,#7284,#7292,#7300,#7308,#7316,#7324,
    #7332,#7340,#7348,#7356,#7364,#7372,#7380,#7388,#7396,#7404,#7412,
    #7420,#7428,#7436,#7444,#7452,#7460,#7468,#7483,#7491,#7499,#7507,
    #7515,#7523,#7531,#7539,#7547,#7555,#7563,#7571,#7579,#7599,#7607),
  #6885);
#7599 = STYLED_ITEM('color',(#7600),#6878);
#7600 = PRESENTATION_STYLE_ASSIGNMENT((#7601));
#7601 = SURFACE_STYLE_USAGE(.BOTH.,#7602);
#7602 = SURFACE_SIDE_STYLE('',(#7603));
#7603 = SURFACE_STYLE_FILL_AREA(#7604);
#7604 = FILL_AREA_STYLE('',(#7605));
#7605 = FILL_AREA_STYLE_COLOUR('',#7606);
#7606 = COLOUR_RGB('',0.588235344118,0.980392225785,0.196078416923);
#7607 = STYLED_ITEM('color',(#7608),#6711);
#7608 = PRESENTATION_STYLE_ASSIGNMENT((#7609));
#7609 = SURFACE_STYLE_USAGE(.BOTH.,#7610);
#7610 = SURFACE_SIDE_STYLE('',(#7611));
#7611 = SURFACE_STYLE_FILL_AREA(#7612);
#7612 = FILL_AREA_STYLE('',(#7613));
#7613 = FILL_AREA_STYLE_COLOUR('',#7614);
#7614 = COLOUR_RGB('',0.705882381067,0.705882381067,0.431372551983);
#7615 = MECHANICAL_DESIGN_GEOMETRIC_PRESENTATION_REPRESENTATION('',(
    #6892,#6900),#6885);
#7616 = MECHANICAL_DESIGN_GEOMETRIC_PRESENTATION_REPRESENTATION('',(
    #6892,#6900,#6908,#6916,#6924,#6932,#6940,#6948,#6956,#6964,#6972,
    #6980,#6988,#6996,#7004,#7012,#7020,#7028,#7036,#7044,#7052,#7060,
    #7068,#7076,#7084,#7092,#7100,#7108,#7116,#7124,#7132,#7140,#7148,
    #7156,#7164,#7172,#7180,#7188,#7196,#7204,#7212,#7220,#7228,#7236,
    #7244,#7252,#7260,#7268,#7276,#7284,#7292,#7300,#7308,#7316,#7324,
    #7332,#7340,#7348,#7356,#7364,#7372,#7380,#7388,#7396,#7404,#7412,
    #7420,#7428,#7436,#7444,#7452,#7460,#7468,#7483,#7491,#7499,#7507,
    #7515),#6885);
#7617 = MECHANICAL_DESIGN_GEOMETRIC_PRESENTATION_REPRESENTATION('',(
    #6892,#6900,#6908,#6916,#6924,#6932,#6940,#6948,#6956,#6964,#6972,
    #6980,#6988,#6996,#7004,#7012,#7020,#7028,#7036,#7044,#7052,#7060,
    #7068,#7076,#7084,#7092,#7100,#7108,#7116,#7124,#7132,#7140,#7148,
    #7156,#7164,#7172,#7180,#7188,#7196,#7204,#7212,#7220,#7228,#7236,
    #7244,#7252,#7260,#7268,#7276,#7284,#7292,#7300,#7308,#7316,#7324,
    #7332,#7340,#7348,#7356,#7364,#7372,#7380,#7388,#7396,#7404,#7412,
    #7420),#6885);
#7618 = MECHANICAL_DESIGN_GEOMETRIC_PRESENTATION_REPRESENTATION('',(
    #6892,#6900,#6908,#6916,#6924,#6932,#6940,#6948,#6956,#6964,#6972,
    #6980,#6988,#6996,#7004,#7012,#7020,#7028,#7036,#7044,#7052,#7060,
    #7068,#7076,#7084,#7092,#7100,#7108,#7116),#6885);
#7619 = MECHANICAL_DESIGN_GEOMETRIC_PRESENTATION_REPRESENTATION('',(
    #6892,#6900,#6908,#6916,#6924,#6932,#6940,#6948,#6956,#6964,#6972,
    #6980,#6988,#6996,#7004,#7012,#7020,#7028,#7036,#7044,#7052,#7060,
    #7068,#7076,#7084,#7092,#7100,#7108,#7116,#7124,#7132,#7140,#7148,
    #7156,#7164,#7172,#7180,#7188,#7196,#7204,#7212,#7220,#7228,#7236,
    #7244,#7252,#7260,#7268,#7276),#6885);
#7620 = MECHANICAL_DESIGN_GEOMETRIC_PRESENTATION_REPRESENTATION('',(
    #6892,#6900,#6908,#6916,#6924,#6932,#6940,#6948,#6956,#6964,#6972,
    #6980,#6988,#6996,#7004,#7012,#7020,#7028),#6885);
#7621 = MECHANICAL_DESIGN_GEOMETRIC_PRESENTATION_REPRESENTATION('',(
    #6892,#6900,#6908,#6916,#6924,#6932,#6940,#6948,#6956,#6964,#6972,
    #6980,#6988,#6996,#7004,#7012,#7020,#7028,#7036,#7044,#7052,#7060,
    #7068,#7076,#7084,#7092,#7100,#7108,#7116,#7124,#7132,#7140,#7148,
    #7156,#7164,#7172,#7180,#7188,#7196,#7204,#7212,#7220,#7228,#7236,
    #7244,#7252,#7260,#7268,#7276,#7284,#7292,#7300,#7308,#7316,#7324,
    #7332,#7340,#7348,#7356,#7364,#7372,#7380,#7388,#7396,#7404,#7412,
    #7420,#7428,#7436,#7444,#7452,#7460,#7468,#7483,#7491),#6885);
#7622 = MECHANICAL_DESIGN_GEOMETRIC_PRESENTATION_REPRESENTATION('',(
    #6892,#6900,#6908,#6916,#6924,#6932,#6940,#6948,#6956,#6964,#6972,
    #6980,#6988,#6996,#7004,#7012,#7020,#7028,#7036,#7044,#7052,#7060,
    #7068,#7076,#7084,#7092,#7100,#7108,#7116,#7124,#7132),#6885);
#7623 = MECHANICAL_DESIGN_GEOMETRIC_PRESENTATION_REPRESENTATION('',(
    #6892,#6900,#6908,#6916,#6924,#6932,#6940,#6948,#6956,#6964,#6972,
    #6980,#6988,#6996,#7004,#7012,#7020,#7028,#7036,#7044,#7052,#7060,
    #7068,#7076,#7084,#7092,#7100,#7108,#7116,#7124,#7132,#7140,#7148,
    #7156,#7164,#7172,#7180,#7188,#7196,#7204,#7212,#7220,#7228,#7236,
    #7244,#7252,#7260,#7268,#7276,#7284,#7292,#7300,#7308,#7316,#7324,
    #7332,#7340,#7348,#7356,#7364,#7372,#7380,#7388,#7396,#7404,#7412,
    #7420,#7428,#7436,#7444),#6885);
#7624 = MECHANICAL_DESIGN_GEOMETRIC_PRESENTATION_REPRESENTATION('',(
    #6892,#6900,#6908,#6916,#6924,#6932,#6940,#6948,#6956,#6964,#6972,
    #6980,#6988,#6996,#7004,#7012,#7020,#7028,#7036,#7044,#7052),#6885);
#7625 = MECHANICAL_DESIGN_GEOMETRIC_PRESENTATION_REPRESENTATION('',(
    #6892,#6900,#6908,#6916,#6924,#6932,#6940,#6948,#6956,#6964,#6972,
    #6980,#6988,#6996,#7004,#7012,#7020,#7028,#7036,#7044,#7052,#7060,
    #7068,#7076,#7084,#7092,#7100,#7108,#7116,#7124,#7132,#7140,#7148,
    #7156,#7164,#7172,#7180,#7188,#7196,#7204,#7212,#7220,#7228,#7236,
    #7244,#7252,#7260,#7268,#7276,#7284,#7292,#7300,#7308,#7316,#7324,
    #7332,#7340,#7348,#7356,#7364,#7372,#7380,#7388,#7396,#7404,#7412,
    #7420,#7428,#7436,#7444,#7452,#7460,#7468,#7483,#7491,#7499,#7507,
    #7515,#7523,#7531),#6885);
#7626 = MECHANICAL_DESIGN_GEOMETRIC_PRESENTATION_REPRESENTATION('',(
    #6892,#6900,#6908,#6916,#6924,#6932,#6940,#6948,#6956,#6964,#6972,
    #6980,#6988,#6996,#7004,#7012,#7020,#7028,#7036,#7044,#7052,#7060,
    #7068,#7076),#6885);
#7627 = MECHANICAL_DESIGN_GEOMETRIC_PRESENTATION_REPRESENTATION('',(
    #6892,#6900,#6908,#6916,#6924,#6932,#6940,#6948,#6956,#6964,#6972,
    #6980,#6988,#6996,#7004,#7012,#7020,#7028,#7036),#6885);
#7628 = MECHANICAL_DESIGN_GEOMETRIC_PRESENTATION_REPRESENTATION('',(
    #6892,#6900,#6908,#6916,#6924,#6932,#6940,#6948,#6956,#6964,#6972,
    #6980,#6988,#6996,#7004,#7012,#7020,#7028,#7036,#7044,#7052,#7060,
    #7068,#7076,#7084,#7092,#7100,#7108,#7116,#7124,#7132,#7140,#7148,
    #7156,#7164,#7172,#7180,#7188,#7196,#7204,#7212,#7220,#7228,#7236,
    #7244,#7252,#7260,#7268,#7276,#7284,#7292,#7300,#7308,#7316,#7324,
    #7332,#7340,#7348,#7356,#7364,#7372,#7380,#7388),#6885);
#7629 = MECHANICAL_DESIGN_GEOMETRIC_PRESENTATION_REPRESENTATION('',(
    #6892,#6900,#6908,#6916,#6924,#6932,#6940),#6885);
#7630 = MECHANICAL_DESIGN_GEOMETRIC_PRESENTATION_REPRESENTATION('',(
    #6892,#6900,#6908,#6916,#6924,#6932,#6940,#6948,#6956,#6964,#6972,
    #6980,#6988,#6996,#7004,#7012,#7020,#7028,#7036,#7044,#7052,#7060,
    #7068,#7076,#7084,#7092,#7100,#7108,#7116,#7124,#7132,#7140,#7148,
    #7156,#7164,#7172,#7180,#7188,#7196,#7204,#7212,#7220,#7228,#7236,
    #7244,#7252,#7260,#7268,#7276,#7284,#7292,#7300,#7308,#7316,#7324,
    #7332),#6885);
#7631 = MECHANICAL_DESIGN_GEOMETRIC_PRESENTATION_REPRESENTATION('',(
    #6892,#6900,#6908,#6916),#6885);
#7632 = MECHANICAL_DESIGN_GEOMETRIC_PRESENTATION_REPRESENTATION('',(
    #6892,#6900,#6908,#6916,#6924,#6932),#6885);
#7633 = MECHANICAL_DESIGN_GEOMETRIC_PRESENTATION_REPRESENTATION('',(
    #6892,#6900,#6908,#6916,#6924,#6932,#6940,#6948,#6956,#6964,#6972,
    #6980,#6988,#6996,#7004,#7012,#7020,#7028,#7036,#7044,#7052,#7060,
    #7068,#7076,#7084,#7092,#7100,#7108,#7116,#7124,#7132,#7140,#7148,
    #7156,#7164,#7172,#7180,#7188,#7196,#7204,#7212,#7220,#7228,#7236,
    #7244,#7252,#7260,#7268,#7276,#7284,#7292,#7300,#7308,#7316,#7324,
    #7332,#7340,#7348,#7356,#7364,#7372,#7380,#7388,#7396,#7404,#7412,
    #7420,#7428,#7436,#7444,#7452),#6885);
#7634 = MECHANICAL_DESIGN_GEOMETRIC_PRESENTATION_REPRESENTATION('',(
    #6892,#6900,#6908,#6916,#6924,#6932,#6940,#6948,#6956,#6964,#6972,
    #6980,#6988,#6996,#7004,#7012,#7020,#7028,#7036,#7044,#7052,#7060,
    #7068,#7076,#7084,#7092,#7100,#7108,#7116,#7124,#7132,#7140,#7148,
    #7156,#7164,#7172,#7180,#7188,#7196,#7204,#7212,#7220,#7228,#7236,
    #7244,#7252,#7260,#7268,#7276,#7284,#7292,#7300,#7308,#7316,#7324,
    #7332,#7340,#7348,#7356,#7364,#7372,#7380,#7388,#7396),#6885);
#7635 = MECHANICAL_DESIGN_GEOMETRIC_PRESENTATION_REPRESENTATION('',(
    #6892,#6900,#6908,#6916,#6924,#6932,#6940,#6948,#6956,#6964,#6972,
    #6980,#6988,#6996,#7004,#7012,#7020,#7028,#7036,#7044,#7052,#7060,
    #7068,#7076,#7084,#7092,#7100,#7108,#7116,#7124,#7132,#7140,#7148,
    #7156,#7164,#7172,#7180,#7188,#7196,#7204,#7212,#7220,#7228,#7236,
    #7244,#7252,#7260,#7268,#7276,#7284,#7292,#7300,#7308),#6885);
#7636 = MECHANICAL_DESIGN_GEOMETRIC_PRESENTATION_REPRESENTATION('',(
    #6892,#6900,#6908,#6916,#6924,#6932,#6940,#6948,#6956,#6964,#6972,
    #6980,#6988,#6996,#7004,#7012,#7020,#7028,#7036,#7044,#7052,#7060,
    #7068,#7076,#7084,#7092,#7100,#7108,#7116,#7124,#7132,#7140,#7148,
    #7156,#7164,#7172,#7180,#7188,#7196,#7204,#7212,#7220,#7228,#7236,
    #7244,#7252,#7260,#7268,#7276,#7284,#7292,#7300),#6885);
#7637 = MECHANICAL_DESIGN_GEOMETRIC_PRESENTATION_REPRESENTATION('',(
    #6892,#6900,#6908,#6916,#6924,#6932,#6940,#6948,#6956,#6964,#6972,
    #6980,#6988,#6996,#7004,#7012,#7020,#7028,#7036,#7044,#7052,#7060,
    #7068,#7076,#7084,#7092,#7100,#7108,#7116,#7124,#7132,#7140,#7148,
    #7156,#7164,#7172,#7180,#7188,#7196,#7204,#7212,#7220,#7228,#7236,
    #7244,#7252,#7260,#7268,#7276,#7284,#7292,#7300,#7308,#7316,#7324,
    #7332,#7340),#6885);
#7638 = MECHANICAL_DESIGN_GEOMETRIC_PRESENTATION_REPRESENTATION('',(
    #6892,#6900,#6908,#6916,#6924,#6932,#6940,#6948,#6956,#6964,#6972,
    #6980,#6988,#6996,#7004,#7012,#7020,#7028,#7036,#7044,#7052,#7060,
    #7068,#7076,#7084,#7092,#7100,#7108,#7116,#7124,#7132,#7140,#7148,
    #7156,#7164,#7172,#7180,#7188,#7196,#7204,#7212,#7220,#7228),#6885);
#7639 = MECHANICAL_DESIGN_GEOMETRIC_PRESENTATION_REPRESENTATION('',(
    #6892,#6900,#6908,#6916,#6924,#6932,#6940,#6948,#6956,#6964,#6972),
  #6885);
#7640 = MECHANICAL_DESIGN_GEOMETRIC_PRESENTATION_REPRESENTATION('',(
    #6892,#6900,#6908,#6916,#6924,#6932,#6940,#6948,#6956,#6964,#6972,
    #6980,#6988,#6996,#7004,#7012,#7020,#7028,#7036,#7044,#7052,#7060,
    #7068,#7076,#7084,#7092,#7100),#6885);
#7641 = MECHANICAL_DESIGN_GEOMETRIC_PRESENTATION_REPRESENTATION('',(
    #6892,#6900,#6908,#6916,#6924,#6932,#6940,#6948,#6956,#6964,#6972,
    #6980,#6988,#6996,#7004,#7012,#7020,#7028,#7036,#7044,#7052,#7060,
    #7068,#7076,#7084,#7092,#7100,#7108,#7116,#7124,#7132,#7140,#7148,
    #7156,#7164,#7172,#7180,#7188,#7196,#7204,#7212,#7220,#7228,#7236,
    #7244,#7252,#7260,#7268,#7276,#7284,#7292),#6885);
#7642 = MECHANICAL_DESIGN_GEOMETRIC_PRESENTATION_REPRESENTATION('',(
    #6892,#6900,#6908,#6916,#6924,#6932,#6940,#6948,#6956,#6964,#6972,
    #6980,#6988,#6996,#7004,#7012,#7020,#7028,#7036,#7044,#7052,#7060,
    #7068,#7076,#7084,#7092,#7100,#7108,#7116,#7124,#7132,#7140,#7148,
    #7156,#7164,#7172,#7180,#7188,#7196,#7204,#7212,#7220,#7228,#7236,
    #7244,#7252,#7260,#7268,#7276,#7284,#7292,#7300,#7308,#7316,#7324,
    #7332,#7340,#7348,#7356,#7364,#7372,#7380,#7388,#7396,#7404,#7412,
    #7420,#7428,#7436,#7444,#7452,#7460,#7468,#7483,#7491,#7499,#7507,
    #7515,#7523,#7531,#7539,#7547,#7555),#6885);
#7643 = MECHANICAL_DESIGN_GEOMETRIC_PRESENTATION_REPRESENTATION('',(
    #6892,#6900,#6908,#6916,#6924,#6932,#6940,#6948,#6956,#6964,#6972,
    #6980,#6988,#6996,#7004,#7012,#7020,#7028,#7036,#7044,#7052,#7060,
    #7068,#7076,#7084,#7092,#7100,#7108,#7116,#7124,#7132,#7140,#7148,
    #7156,#7164,#7172,#7180,#7188,#7196,#7204,#7212,#7220,#7228,#7236,
    #7244,#7252,#7260,#7268,#7276,#7284,#7292,#7300,#7308,#7316,#7324,
    #7332,#7340,#7348),#6885);
#7644 = MECHANICAL_DESIGN_GEOMETRIC_PRESENTATION_REPRESENTATION('',(
    #6892,#6900,#6908,#6916,#6924,#6932,#6940,#6948,#6956,#6964,#6972,
    #6980,#6988,#6996,#7004,#7012,#7020,#7028,#7036,#7044,#7052,#7060,
    #7068,#7076,#7084,#7092,#7100,#7108,#7116,#7124,#7132,#7140,#7148,
    #7156,#7164,#7172,#7180),#6885);
#7645 = MECHANICAL_DESIGN_GEOMETRIC_PRESENTATION_REPRESENTATION('',(
    #6892,#6900,#6908,#6916,#6924,#6932,#6940,#6948,#6956,#6964,#6972,
    #6980,#6988,#6996,#7004,#7012,#7020,#7028,#7036,#7044,#7052,#7060,
    #7068,#7076,#7084,#7092,#7100,#7108,#7116,#7124,#7132,#7140,#7148,
    #7156,#7164,#7172,#7180,#7188,#7196,#7204,#7212,#7220,#7228,#7236,
    #7244,#7252,#7260,#7268,#7276,#7284,#7292,#7300,#7308,#7316,#7324,
    #7332,#7340,#7348,#7356,#7364,#7372,#7380,#7388,#7396,#7404,#7412,
    #7420,#7428,#7436,#7444,#7452,#7460,#7468,#7483,#7491,#7499,#7507),
  #6885);
#7646 = MECHANICAL_DESIGN_GEOMETRIC_PRESENTATION_REPRESENTATION('',(
    #6892,#6900,#6908,#6916,#6924,#6932,#6940,#6948,#6956,#6964,#6972,
    #6980,#6988,#6996,#7004,#7012,#7020,#7028,#7036,#7044,#7052,#7060,
    #7068,#7076,#7084,#7092,#7100,#7108,#7116,#7124,#7132,#7140,#7148,
    #7156,#7164,#7172),#6885);
#7647 = MECHANICAL_DESIGN_GEOMETRIC_PRESENTATION_REPRESENTATION('',(
    #6892,#6900,#6908,#6916,#6924,#6932,#6940,#6948,#6956,#6964,#6972,
    #6980,#6988,#6996,#7004,#7012,#7020,#7028,#7036,#7044,#7052,#7060,
    #7068,#7076,#7084,#7092,#7100,#7108,#7116,#7124,#7132,#7140,#7148,
    #7156,#7164,#7172,#7180,#7188,#7196,#7204,#7212,#7220,#7228,#7236,
    #7244,#7252,#7260,#7268,#7276,#7284,#7292,#7300,#7308,#7316,#7324,
    #7332,#7340,#7348,#7356,#7364,#7372,#7380,#7388,#7396,#7404,#7412,
    #7420,#7428,#7436,#7444,#7452,#7460,#7468,#7483,#7491,#7499,#7507,
    #7515,#7523,#7531,#7539,#7547),#6885);
#7648 = MECHANICAL_DESIGN_GEOMETRIC_PRESENTATION_REPRESENTATION('',(
    #6892,#6900,#6908,#6916,#6924,#6932,#6940,#6948,#6956,#6964,#6972,
    #6980,#6988,#6996,#7004,#7012,#7020,#7028,#7036,#7044,#7052,#7060,
    #7068,#7076,#7084,#7092,#7100,#7108),#6885);
#7649 = MECHANICAL_DESIGN_GEOMETRIC_PRESENTATION_REPRESENTATION('',(
    #6892,#6900,#6908,#6916,#6924,#6932,#6940,#6948,#6956,#6964,#6972,
    #6980,#6988,#6996,#7004,#7012,#7020,#7028,#7036,#7044,#7052,#7060),
  #6885);
#7650 = MECHANICAL_DESIGN_GEOMETRIC_PRESENTATION_REPRESENTATION('',(
    #6892,#6900,#6908,#6916,#6924,#6932,#6940,#6948,#6956,#6964,#6972,
    #6980,#6988,#6996,#7004,#7012,#7020,#7028,#7036,#7044,#7052,#7060,
    #7068,#7076,#7084,#7092,#7100,#7108,#7116,#7124,#7132,#7140,#7148,
    #7156,#7164,#7172,#7180,#7188,#7196,#7204,#7212,#7220,#7228,#7236,
    #7244,#7252,#7260,#7268,#7276,#7284,#7292,#7300,#7308,#7316,#7324,
    #7332,#7340,#7348,#7356,#7364,#7372,#7380,#7388,#7396,#7404,#7412,
    #7420,#7428,#7436),#6885);
#7651 = MECHANICAL_DESIGN_GEOMETRIC_PRESENTATION_REPRESENTATION('',(
    #6892,#6900,#6908,#6916,#6924,#6932,#6940,#6948,#6956,#6964,#6972,
    #6980,#6988,#6996,#7004,#7012,#7020,#7028,#7036,#7044,#7052,#7060,
    #7068),#6885);
#7652 = MECHANICAL_DESIGN_GEOMETRIC_PRESENTATION_REPRESENTATION('',(
    #6892,#6900,#6908,#6916,#6924,#6932,#6940,#6948,#6956,#6964,#6972,
    #6980,#6988),#6885);
#7653 = MECHANICAL_DESIGN_GEOMETRIC_PRESENTATION_REPRESENTATION('',(
    #6892,#6900,#6908,#6916,#6924,#6932,#6940,#6948,#6956,#6964,#6972,
    #6980,#6988,#6996,#7004,#7012,#7020,#7028,#7036,#7044,#7052,#7060,
    #7068,#7076,#7084,#7092,#7100,#7108,#7116,#7124,#7132,#7140,#7148,
    #7156,#7164,#7172,#7180,#7188,#7196,#7204,#7212,#7220,#7228,#7236,
    #7244,#7252,#7260,#7268,#7276,#7284,#7292,#7300,#7308,#7316,#7324,
    #7332,#7340,#7348,#7356,#7364,#7372,#7380,#7388,#7396,#7404,#7412,
    #7420,#7428,#7436,#7444,#7452,#7460,#7468,#7483,#7491,#7499,#7507,
    #7515,#7523,#7531,#7539,#7547,#7555,#7563),#6885);
#7654 = MECHANICAL_DESIGN_GEOMETRIC_PRESENTATION_REPRESENTATION('',(
    #6892,#6900,#6908,#6916,#6924,#6932,#6940,#6948,#6956,#6964,#6972,
    #6980,#6988,#6996,#7004,#7012,#7020,#7028,#7036,#7044,#7052,#7060,
    #7068,#7076,#7084,#7092,#7100,#7108,#7116,#7124,#7132,#7140,#7148,
    #7156,#7164,#7172,#7180,#7188,#7196,#7204,#7212,#7220,#7228,#7236,
    #7244,#7252,#7260,#7268,#7276,#7284,#7292,#7300,#7308,#7316,#7324,
    #7332,#7340,#7348,#7356,#7364,#7372,#7380,#7388,#7396,#7404,#7412,
    #7420,#7428,#7436,#7444,#7452,#7460,#7468,#7483,#7491,#7499,#7507,
    #7515,#7523),#6885);
#7655 = MECHANICAL_DESIGN_GEOMETRIC_PRESENTATION_REPRESENTATION('',(
    #6892,#6900,#6908,#6916,#6924,#6932,#6940,#6948,#6956,#6964,#6972,
    #6980,#6988,#6996,#7004,#7012,#7020,#7028,#7036,#7044,#7052,#7060,
    #7068,#7076,#7084,#7092,#7100,#7108,#7116,#7124,#7132,#7140,#7148,
    #7156,#7164,#7172,#7180,#7188,#7196,#7204,#7212,#7220,#7228,#7236,
    #7244,#7252,#7260,#7268),#6885);
#7656 = MECHANICAL_DESIGN_GEOMETRIC_PRESENTATION_REPRESENTATION('',(
    #6892,#6900,#6908,#6916,#6924,#6932,#6940,#6948),#6885);
#7657 = MECHANICAL_DESIGN_GEOMETRIC_PRESENTATION_REPRESENTATION('',(
    #6892,#6900,#6908,#6916,#6924,#6932,#6940,#6948,#6956,#6964),#6885);
#7658 = MECHANICAL_DESIGN_GEOMETRIC_PRESENTATION_REPRESENTATION('',(
    #6892,#6900,#6908,#6916,#6924,#6932,#6940,#6948,#6956,#6964,#6972,
    #6980,#6988,#6996,#7004,#7012,#7020,#7028,#7036,#7044,#7052,#7060,
    #7068,#7076,#7084,#7092,#7100,#7108,#7116,#7124),#6885);
#7659 = MECHANICAL_DESIGN_GEOMETRIC_PRESENTATION_REPRESENTATION('',(
    #6892,#6900,#6908,#6916,#6924,#6932,#6940,#6948,#6956,#6964,#6972,
    #6980,#6988,#6996,#7004,#7012,#7020,#7028,#7036,#7044,#7052,#7060,
    #7068,#7076,#7084,#7092,#7100,#7108,#7116,#7124,#7132,#7140,#7148,
    #7156,#7164,#7172,#7180,#7188,#7196,#7204,#7212,#7220,#7228,#7236,
    #7244,#7252,#7260,#7268,#7276,#7284,#7292,#7300,#7308,#7316,#7324,
    #7332,#7340,#7348,#7356,#7364,#7372,#7380,#7388,#7396,#7404,#7412,
    #7420,#7428),#6885);
#7660 = MECHANICAL_DESIGN_GEOMETRIC_PRESENTATION_REPRESENTATION('',(
    #6892,#6900,#6908,#6916,#6924,#6932,#6940,#6948,#6956,#6964,#6972,
    #6980,#6988,#6996,#7004,#7012,#7020),#6885);
#7661 = MECHANICAL_DESIGN_GEOMETRIC_PRESENTATION_REPRESENTATION('',(
    #6892,#6900,#6908,#6916,#6924,#6932,#6940,#6948,#6956,#6964,#6972,
    #6980,#6988,#6996,#7004,#7012,#7020,#7028,#7036,#7044,#7052,#7060,
    #7068,#7076,#7084,#7092,#7100,#7108,#7116,#7124,#7132,#7140,#7148,
    #7156,#7164,#7172,#7180,#7188,#7196,#7204,#7212,#7220,#7228,#7236,
    #7244,#7252,#7260,#7268,#7276,#7284,#7292,#7300,#7308,#7316),#6885);
#7662 = MECHANICAL_DESIGN_GEOMETRIC_PRESENTATION_REPRESENTATION('',(
    #6892,#6900,#6908,#6916,#6924,#6932,#6940,#6948,#6956,#6964,#6972,
    #6980,#6988,#6996,#7004,#7012),#6885);
#7663 = MECHANICAL_DESIGN_GEOMETRIC_PRESENTATION_REPRESENTATION('',(
    #6892,#6900,#6908,#6916,#6924,#6932,#6940,#6948,#6956,#6964,#6972,
    #6980,#6988,#6996,#7004,#7012,#7020,#7028,#7036,#7044,#7052,#7060,
    #7068,#7076,#7084,#7092,#7100,#7108,#7116,#7124,#7132,#7140,#7148,
    #7156,#7164,#7172,#7180,#7188,#7196,#7204,#7212,#7220,#7228,#7236,
    #7244,#7252,#7260,#7268,#7276,#7284,#7292,#7300,#7308,#7316,#7324,
    #7332,#7340,#7348,#7356,#7364,#7372,#7380,#7388,#7396,#7404,#7412,
    #7420,#7428,#7436,#7444,#7452,#7460,#7468,#7483,#7491,#7499),#6885);
#7664 = MECHANICAL_DESIGN_GEOMETRIC_PRESENTATION_REPRESENTATION('',(
    #6892,#6900,#6908,#6916,#6924,#6932,#6940,#6948,#6956,#6964,#6972,
    #6980,#6988,#6996,#7004,#7012,#7020,#7028,#7036,#7044,#7052,#7060,
    #7068,#7076,#7084,#7092,#7100,#7108,#7116,#7124,#7132,#7140,#7148,
    #7156,#7164,#7172,#7180,#7188,#7196,#7204,#7212,#7220,#7228,#7236,
    #7244,#7252,#7260,#7268,#7276,#7284,#7292,#7300,#7308,#7316,#7324),
  #6885);
#7665 = MECHANICAL_DESIGN_GEOMETRIC_PRESENTATION_REPRESENTATION('',(
    #6892,#6900,#6908,#6916,#6924,#6932,#6940,#6948,#6956,#6964,#6972,
    #6980,#6988,#6996,#7004,#7012,#7020,#7028,#7036,#7044,#7052,#7060,
    #7068,#7076,#7084,#7092,#7100,#7108,#7116,#7124,#7132,#7140,#7148,
    #7156,#7164,#7172,#7180,#7188,#7196,#7204,#7212,#7220,#7228,#7236,
    #7244,#7252,#7260,#7268,#7276,#7284,#7292,#7300,#7308,#7316,#7324,
    #7332,#7340,#7348,#7356,#7364,#7372,#7380,#7388,#7396,#7404,#7412,
    #7420,#7428,#7436,#7444,#7452,#7460,#7468,#7483,#7491,#7499,#7507,
    #7515,#7523,#7531,#7539,#7547,#7555,#7563,#7571),#6885);
#7666 = MECHANICAL_DESIGN_GEOMETRIC_PRESENTATION_REPRESENTATION('',(
    #6892,#6900,#6908,#6916,#6924,#6932,#6940,#6948,#6956,#6964,#6972,
    #6980,#6988,#6996,#7004,#7012,#7020,#7028,#7036,#7044,#7052,#7060,
    #7068,#7076,#7084,#7092,#7100,#7108,#7116,#7124,#7132,#7140),#6885);
#7667 = MECHANICAL_DESIGN_GEOMETRIC_PRESENTATION_REPRESENTATION('',(
    #6892,#6900,#6908,#6916,#6924,#6932,#6940,#6948,#6956,#6964,#6972,
    #6980,#6988,#6996,#7004,#7012,#7020,#7028,#7036,#7044,#7052,#7060,
    #7068,#7076,#7084,#7092,#7100,#7108,#7116,#7124,#7132,#7140,#7148,
    #7156,#7164,#7172,#7180,#7188),#6885);
#7668 = MECHANICAL_DESIGN_GEOMETRIC_PRESENTATION_REPRESENTATION('',(
    #6892,#6900,#6908,#6916,#6924,#6932,#6940,#6948,#6956,#6964,#6972,
    #6980,#6988,#6996,#7004,#7012,#7020,#7028,#7036,#7044,#7052,#7060,
    #7068,#7076,#7084,#7092,#7100,#7108,#7116,#7124,#7132,#7140,#7148,
    #7156),#6885);
#7669 = MECHANICAL_DESIGN_GEOMETRIC_PRESENTATION_REPRESENTATION('',(
    #6892,#6900,#6908,#6916,#6924,#6932,#6940,#6948,#6956,#6964,#6972,
    #6980,#6988,#6996,#7004,#7012,#7020,#7028,#7036,#7044,#7052,#7060,
    #7068,#7076,#7084,#7092,#7100,#7108,#7116,#7124,#7132,#7140,#7148,
    #7156,#7164,#7172,#7180,#7188,#7196,#7204,#7212,#7220,#7228,#7236,
    #7244,#7252,#7260,#7268,#7276,#7284,#7292,#7300,#7308,#7316,#7324,
    #7332,#7340,#7348,#7356,#7364),#6885);
#7670 = MECHANICAL_DESIGN_GEOMETRIC_PRESENTATION_REPRESENTATION('',(
    #6892,#6900,#6908,#6916,#6924,#6932,#6940,#6948,#6956,#6964,#6972,
    #6980,#6988,#6996,#7004,#7012,#7020,#7028,#7036,#7044,#7052,#7060,
    #7068,#7076,#7084,#7092,#7100,#7108,#7116,#7124,#7132,#7140,#7148,
    #7156,#7164,#7172,#7180,#7188,#7196,#7204,#7212,#7220,#7228,#7236),
  #6885);
#7671 = MECHANICAL_DESIGN_GEOMETRIC_PRESENTATION_REPRESENTATION('',(
    #6892,#6900,#6908),#6885);
#7672 = MECHANICAL_DESIGN_GEOMETRIC_PRESENTATION_REPRESENTATION('',(
    #6892,#6900,#6908,#6916,#6924,#6932,#6940,#6948,#6956,#6964,#6972,
    #6980,#6988,#6996,#7004,#7012,#7020,#7028,#7036,#7044,#7052,#7060,
    #7068,#7076,#7084,#7092,#7100,#7108,#7116,#7124,#7132,#7140,#7148,
    #7156,#7164,#7172,#7180,#7188,#7196,#7204,#7212,#7220,#7228,#7236,
    #7244,#7252,#7260,#7268,#7276,#7284,#7292,#7300,#7308,#7316,#7324,
    #7332,#7340,#7348,#7356,#7364,#7372,#7380,#7388,#7396,#7404,#7412,
    #7420,#7428,#7436,#7444,#7452,#7460,#7468,#7483,#7491,#7499,#7507,
    #7515,#7523,#7531,#7539,#7547,#7555,#7563,#7571,#7579,#7599,#7607,
    #7673),#6885);
#7673 = STYLED_ITEM('color',(#7674),#15);
#7674 = PRESENTATION_STYLE_ASSIGNMENT((#7675));
#7675 = SURFACE_STYLE_USAGE(.BOTH.,#7676);
#7676 = SURFACE_SIDE_STYLE('',(#7677));
#7677 = SURFACE_STYLE_FILL_AREA(#7678);
#7678 = FILL_AREA_STYLE('',(#7679));
#7679 = FILL_AREA_STYLE_COLOUR('',#7680);
#7680 = COLOUR_RGB('',0.705882381067,0.705882381067,0.705882381067);
#7681 = MECHANICAL_DESIGN_GEOMETRIC_PRESENTATION_REPRESENTATION('',(
    #6892,#6900,#6908,#6916,#6924,#6932,#6940,#6948,#6956,#6964,#6972,
    #6980,#6988,#6996,#7004,#7012,#7020,#7028,#7036,#7044,#7052,#7060,
    #7068,#7076,#7084,#7092,#7100,#7108,#7116,#7124,#7132,#7140,#7148,
    #7156,#7164,#7172,#7180,#7188,#7196,#7204,#7212,#7220,#7228,#7236,
    #7244,#7252,#7260,#7268,#7276,#7284,#7292,#7300,#7308,#7316,#7324,
    #7332,#7340,#7348,#7356,#7364,#7372,#7380,#7388,#7396,#7404,#7412),
  #6885);
#7682 = MECHANICAL_DESIGN_GEOMETRIC_PRESENTATION_REPRESENTATION('',(
    #6892,#6900,#6908,#6916,#6924,#6932,#6940,#6948,#6956,#6964,#6972,
    #6980,#6988,#6996,#7004,#7012,#7020,#7028,#7036,#7044,#7052,#7060,
    #7068,#7076,#7084,#7092,#7100,#7108,#7116,#7124,#7132,#7140,#7148,
    #7156,#7164,#7172,#7180,#7188,#7196,#7204,#7212,#7220,#7228,#7236,
    #7244,#7252,#7260,#7268,#7276,#7284,#7292,#7300,#7308,#7316,#7324,
    #7332,#7340,#7348,#7356,#7364,#7372,#7380,#7388,#7396,#7404,#7412,
    #7420,#7428,#7436,#7444,#7452,#7460,#7468,#7483,#7491,#7499,#7507,
    #7515,#7523,#7531,#7539,#7547,#7555,#7563,#7571,#7579,#7599),#6885);
#7683 = MECHANICAL_DESIGN_GEOMETRIC_PRESENTATION_REPRESENTATION('',(
    #6892,#6900,#6908,#6916,#6924,#6932,#6940,#6948,#6956,#6964,#6972,
    #6980,#6988,#6996,#7004,#7012,#7020,#7028,#7036,#7044,#7052,#7060,
    #7068,#7076,#7084,#7092,#7100,#7108,#7116,#7124,#7132,#7140,#7148,
    #7156,#7164,#7172,#7180,#7188,#7196,#7204,#7212,#7220,#7228,#7236,
    #7244,#7252,#7260,#7268,#7276,#7284,#7292,#7300,#7308,#7316,#7324,
    #7332,#7340,#7348,#7356,#7364,#7372,#7380,#7388,#7396,#7404,#7412,
    #7420,#7428,#7436,#7444,#7452,#7460,#7468,#7483,#7491,#7499,#7507,
    #7515,#7523,#7531,#7539),#6885);
#7684 = MECHANICAL_DESIGN_GEOMETRIC_PRESENTATION_REPRESENTATION('',(
    #6892,#6900,#6908,#6916,#6924,#6932,#6940,#6948,#6956,#6964,#6972,
    #6980,#6988,#6996,#7004,#7012,#7020,#7028,#7036,#7044,#7052,#7060,
    #7068,#7076,#7084,#7092,#7100,#7108,#7116,#7124,#7132,#7140,#7148,
    #7156,#7164,#7172,#7180,#7188,#7196,#7204,#7212,#7220,#7228,#7236,
    #7244,#7252,#7260,#7268,#7276,#7284),#6885);
#7685 = MECHANICAL_DESIGN_GEOMETRIC_PRESENTATION_REPRESENTATION('',(
    #6892,#6900,#6908,#6916,#6924,#6932,#6940,#6948,#6956,#6964,#6972,
    #6980,#6988,#6996,#7004,#7012,#7020,#7028,#7036,#7044,#7052,#7060,
    #7068,#7076,#7084,#7092,#7100,#7108,#7116,#7124,#7132,#7140,#7148,
    #7156,#7164),#6885);
#7686 = MECHANICAL_DESIGN_GEOMETRIC_PRESENTATION_REPRESENTATION('',(
    #6892,#6900,#6908,#6916,#6924,#6932,#6940,#6948,#6956,#6964,#6972,
    #6980,#6988,#6996,#7004,#7012,#7020,#7028,#7036,#7044,#7052,#7060,
    #7068,#7076,#7084,#7092,#7100,#7108,#7116,#7124,#7132,#7140,#7148),
  #6885);
#7687 = MECHANICAL_DESIGN_GEOMETRIC_PRESENTATION_REPRESENTATION('',(
    #6892,#6900,#6908,#6916,#6924,#6932,#6940,#6948,#6956,#6964,#6972,
    #6980,#6988,#6996,#7004,#7012,#7020,#7028,#7036,#7044,#7052,#7060,
    #7068,#7076,#7084,#7092,#7100,#7108,#7116,#7124,#7132,#7140,#7148,
    #7156,#7164,#7172,#7180,#7188,#7196,#7204,#7212,#7220,#7228,#7236,
    #7244,#7252,#7260,#7268,#7276,#7284,#7292,#7300,#7308,#7316,#7324,
    #7332,#7340,#7348,#7356),#6885);
#7688 = MECHANICAL_DESIGN_GEOMETRIC_PRESENTATION_REPRESENTATION('',(
    #6892,#6900,#6908,#6916,#6924,#6932,#6940,#6948,#6956,#6964,#6972,
    #6980,#6988,#6996,#7004,#7012,#7020,#7028,#7036,#7044,#7052,#7060,
    #7068,#7076,#7084,#7092),#6885);
#7689 = MECHANICAL_DESIGN_GEOMETRIC_PRESENTATION_REPRESENTATION('',(
    #6892,#6900,#6908,#6916,#6924,#6932,#6940,#6948,#6956,#6964,#6972,
    #6980,#6988,#6996,#7004,#7012,#7020,#7028,#7036,#7044,#7052,#7060,
    #7068,#7076,#7084,#7092,#7100,#7108,#7116,#7124,#7132,#7140,#7148,
    #7156,#7164,#7172,#7180,#7188,#7196,#7204,#7212,#7220,#7228,#7236,
    #7244,#7252,#7260,#7268,#7276,#7284,#7292,#7300,#7308,#7316,#7324,
    #7332,#7340,#7348,#7356,#7364,#7372,#7380,#7388,#7396,#7404,#7412,
    #7420,#7428,#7436,#7444,#7452,#7460,#7468,#7483),#6885);
#7690 = MECHANICAL_DESIGN_GEOMETRIC_PRESENTATION_REPRESENTATION('',(
    #6892,#6900,#6908,#6916,#6924,#6932,#6940,#6948,#6956,#6964,#6972,
    #6980,#6988,#6996,#7004,#7012,#7020,#7028,#7036,#7044,#7052,#7060,
    #7068,#7076,#7084,#7092,#7100,#7108,#7116,#7124,#7132,#7140,#7148,
    #7156,#7164,#7172,#7180,#7188,#7196,#7204,#7212,#7220,#7228,#7236,
    #7244,#7252,#7260,#7268,#7276,#7284,#7292,#7300,#7308,#7316,#7324,
    #7332,#7340,#7348,#7356,#7364,#7372,#7380,#7388,#7396,#7404),#6885);
#7691 = MECHANICAL_DESIGN_GEOMETRIC_PRESENTATION_REPRESENTATION('',(
    #6892,#6900,#6908,#6916,#6924,#6932,#6940,#6948,#6956,#6964,#6972,
    #6980,#6988,#6996,#7004,#7012,#7020,#7028,#7036,#7044,#7052,#7060,
    #7068,#7076,#7084,#7092,#7100,#7108,#7116,#7124,#7132,#7140,#7148,
    #7156,#7164,#7172,#7180,#7188,#7196,#7204,#7212,#7220,#7228,#7236,
    #7244,#7252,#7260,#7268,#7276,#7284,#7292,#7300,#7308,#7316,#7324,
    #7332,#7340,#7348,#7356,#7364,#7372,#7380),#6885);
ENDSEC;
END-ISO-10303-21;
