ISO-10303-21;
HEADER;
/* Generated by software containing ST-Developer
 * from STEP Tools, Inc. (www.steptools.com) 
 */

FILE_DESCRIPTION(
/* description */ (''),
/* implementation_level */ '2;1');

FILE_NAME(
/* name */ 'contour_02.step',
/* time_stamp */ '2024-06-26T23:44:17+03:00',
/* author */ (''),
/* organization */ (''),
/* preprocessor_version */ 'ST-DEVELOPER v20',
/* originating_system */ 'Autodesk Translation Framework v12.14.0.127',

/* authorisation */ '');

FILE_SCHEMA (('AUTOMOTIVE_DESIGN { 1 0 10303 214 3 1 1 }'));
ENDSEC;

DATA;
#10=MECHANICAL_DESIGN_GEOMETRIC_PRESENTATION_REPRESENTATION('',(#13),#4287);
#11=SHAPE_REPRESENTATION_RELATIONSHIP('SRR','None',#4294,#12);
#12=ADVANCED_BREP_SHAPE_REPRESENTATION('',(#14),#4286);
#13=STYLED_ITEM('',(#4303),#14);
#14=MANIFOLD_SOLID_BREP('Body1',#2699);
#15=CIRCLE('',#2728,6.25);
#16=CIRCLE('',#2729,6.25);
#17=CIRCLE('',#2751,3.53553390593274);
#18=CIRCLE('',#2752,3.53553390593274);
#19=CIRCLE('',#2799,8.83883476483184);
#20=CIRCLE('',#2800,8.83883476483184);
#21=CIRCLE('',#2808,10.);
#22=CIRCLE('',#2809,10.);
#23=CIRCLE('',#2837,20.0346921336188);
#24=CIRCLE('',#2838,20.0346921336188);
#25=CIRCLE('',#2851,18.1680523171858);
#26=CIRCLE('',#2852,18.1680523171858);
#27=CYLINDRICAL_SURFACE('',#2727,6.25);
#28=CYLINDRICAL_SURFACE('',#2750,3.53553390593274);
#29=CYLINDRICAL_SURFACE('',#2798,8.83883476483184);
#30=CYLINDRICAL_SURFACE('',#2807,10.);
#31=CYLINDRICAL_SURFACE('',#2836,20.0346921336188);
#32=CYLINDRICAL_SURFACE('',#2850,18.1680523171858);
#33=FACE_OUTER_BOUND('',#163,.T.);
#34=FACE_OUTER_BOUND('',#164,.T.);
#35=FACE_OUTER_BOUND('',#165,.T.);
#36=FACE_OUTER_BOUND('',#166,.T.);
#37=FACE_OUTER_BOUND('',#167,.T.);
#38=FACE_OUTER_BOUND('',#168,.T.);
#39=FACE_OUTER_BOUND('',#169,.T.);
#40=FACE_OUTER_BOUND('',#170,.T.);
#41=FACE_OUTER_BOUND('',#171,.T.);
#42=FACE_OUTER_BOUND('',#172,.T.);
#43=FACE_OUTER_BOUND('',#173,.T.);
#44=FACE_OUTER_BOUND('',#174,.T.);
#45=FACE_OUTER_BOUND('',#175,.T.);
#46=FACE_OUTER_BOUND('',#176,.T.);
#47=FACE_OUTER_BOUND('',#177,.T.);
#48=FACE_OUTER_BOUND('',#178,.T.);
#49=FACE_OUTER_BOUND('',#179,.T.);
#50=FACE_OUTER_BOUND('',#180,.T.);
#51=FACE_OUTER_BOUND('',#181,.T.);
#52=FACE_OUTER_BOUND('',#182,.T.);
#53=FACE_OUTER_BOUND('',#183,.T.);
#54=FACE_OUTER_BOUND('',#184,.T.);
#55=FACE_OUTER_BOUND('',#185,.T.);
#56=FACE_OUTER_BOUND('',#186,.T.);
#57=FACE_OUTER_BOUND('',#187,.T.);
#58=FACE_OUTER_BOUND('',#188,.T.);
#59=FACE_OUTER_BOUND('',#189,.T.);
#60=FACE_OUTER_BOUND('',#190,.T.);
#61=FACE_OUTER_BOUND('',#191,.T.);
#62=FACE_OUTER_BOUND('',#192,.T.);
#63=FACE_OUTER_BOUND('',#193,.T.);
#64=FACE_OUTER_BOUND('',#194,.T.);
#65=FACE_OUTER_BOUND('',#195,.T.);
#66=FACE_OUTER_BOUND('',#196,.T.);
#67=FACE_OUTER_BOUND('',#197,.T.);
#68=FACE_OUTER_BOUND('',#198,.T.);
#69=FACE_OUTER_BOUND('',#199,.T.);
#70=FACE_OUTER_BOUND('',#200,.T.);
#71=FACE_OUTER_BOUND('',#201,.T.);
#72=FACE_OUTER_BOUND('',#202,.T.);
#73=FACE_OUTER_BOUND('',#203,.T.);
#74=FACE_OUTER_BOUND('',#204,.T.);
#75=FACE_OUTER_BOUND('',#205,.T.);
#76=FACE_OUTER_BOUND('',#206,.T.);
#77=FACE_OUTER_BOUND('',#207,.T.);
#78=FACE_OUTER_BOUND('',#208,.T.);
#79=FACE_OUTER_BOUND('',#209,.T.);
#80=FACE_OUTER_BOUND('',#210,.T.);
#81=FACE_OUTER_BOUND('',#211,.T.);
#82=FACE_OUTER_BOUND('',#212,.T.);
#83=FACE_OUTER_BOUND('',#213,.T.);
#84=FACE_OUTER_BOUND('',#214,.T.);
#85=FACE_OUTER_BOUND('',#215,.T.);
#86=FACE_OUTER_BOUND('',#216,.T.);
#87=FACE_OUTER_BOUND('',#217,.T.);
#88=FACE_OUTER_BOUND('',#218,.T.);
#89=FACE_OUTER_BOUND('',#219,.T.);
#90=FACE_OUTER_BOUND('',#220,.T.);
#91=FACE_OUTER_BOUND('',#221,.T.);
#92=FACE_OUTER_BOUND('',#222,.T.);
#93=FACE_OUTER_BOUND('',#223,.T.);
#94=FACE_OUTER_BOUND('',#224,.T.);
#95=FACE_OUTER_BOUND('',#225,.T.);
#96=FACE_OUTER_BOUND('',#226,.T.);
#97=FACE_OUTER_BOUND('',#227,.T.);
#98=FACE_OUTER_BOUND('',#228,.T.);
#99=FACE_OUTER_BOUND('',#229,.T.);
#100=FACE_OUTER_BOUND('',#230,.T.);
#101=FACE_OUTER_BOUND('',#231,.T.);
#102=FACE_OUTER_BOUND('',#232,.T.);
#103=FACE_OUTER_BOUND('',#233,.T.);
#104=FACE_OUTER_BOUND('',#234,.T.);
#105=FACE_OUTER_BOUND('',#235,.T.);
#106=FACE_OUTER_BOUND('',#236,.T.);
#107=FACE_OUTER_BOUND('',#237,.T.);
#108=FACE_OUTER_BOUND('',#238,.T.);
#109=FACE_OUTER_BOUND('',#239,.T.);
#110=FACE_OUTER_BOUND('',#240,.T.);
#111=FACE_OUTER_BOUND('',#241,.T.);
#112=FACE_OUTER_BOUND('',#242,.T.);
#113=FACE_OUTER_BOUND('',#243,.T.);
#114=FACE_OUTER_BOUND('',#244,.T.);
#115=FACE_OUTER_BOUND('',#245,.T.);
#116=FACE_OUTER_BOUND('',#246,.T.);
#117=FACE_OUTER_BOUND('',#247,.T.);
#118=FACE_OUTER_BOUND('',#248,.T.);
#119=FACE_OUTER_BOUND('',#249,.T.);
#120=FACE_OUTER_BOUND('',#250,.T.);
#121=FACE_OUTER_BOUND('',#251,.T.);
#122=FACE_OUTER_BOUND('',#252,.T.);
#123=FACE_OUTER_BOUND('',#253,.T.);
#124=FACE_OUTER_BOUND('',#254,.T.);
#125=FACE_OUTER_BOUND('',#255,.T.);
#126=FACE_OUTER_BOUND('',#256,.T.);
#127=FACE_OUTER_BOUND('',#257,.T.);
#128=FACE_OUTER_BOUND('',#258,.T.);
#129=FACE_OUTER_BOUND('',#259,.T.);
#130=FACE_OUTER_BOUND('',#260,.T.);
#131=FACE_OUTER_BOUND('',#261,.T.);
#132=FACE_OUTER_BOUND('',#262,.T.);
#133=FACE_OUTER_BOUND('',#263,.T.);
#134=FACE_OUTER_BOUND('',#264,.T.);
#135=FACE_OUTER_BOUND('',#265,.T.);
#136=FACE_OUTER_BOUND('',#266,.T.);
#137=FACE_OUTER_BOUND('',#267,.T.);
#138=FACE_OUTER_BOUND('',#268,.T.);
#139=FACE_OUTER_BOUND('',#269,.T.);
#140=FACE_OUTER_BOUND('',#270,.T.);
#141=FACE_OUTER_BOUND('',#271,.T.);
#142=FACE_OUTER_BOUND('',#272,.T.);
#143=FACE_OUTER_BOUND('',#273,.T.);
#144=FACE_OUTER_BOUND('',#274,.T.);
#145=FACE_OUTER_BOUND('',#275,.T.);
#146=FACE_OUTER_BOUND('',#276,.T.);
#147=FACE_OUTER_BOUND('',#277,.T.);
#148=FACE_OUTER_BOUND('',#278,.T.);
#149=FACE_OUTER_BOUND('',#279,.T.);
#150=FACE_OUTER_BOUND('',#280,.T.);
#151=FACE_OUTER_BOUND('',#281,.T.);
#152=FACE_OUTER_BOUND('',#282,.T.);
#153=FACE_OUTER_BOUND('',#283,.T.);
#154=FACE_OUTER_BOUND('',#284,.T.);
#155=FACE_OUTER_BOUND('',#285,.T.);
#156=FACE_OUTER_BOUND('',#286,.T.);
#157=FACE_OUTER_BOUND('',#287,.T.);
#158=FACE_OUTER_BOUND('',#288,.T.);
#159=FACE_OUTER_BOUND('',#289,.T.);
#160=FACE_OUTER_BOUND('',#290,.T.);
#161=FACE_OUTER_BOUND('',#291,.T.);
#162=FACE_OUTER_BOUND('',#292,.T.);
#163=EDGE_LOOP('',(#1677,#1678,#1679,#1680));
#164=EDGE_LOOP('',(#1681,#1682,#1683,#1684));
#165=EDGE_LOOP('',(#1685,#1686,#1687,#1688));
#166=EDGE_LOOP('',(#1689,#1690,#1691,#1692));
#167=EDGE_LOOP('',(#1693,#1694,#1695,#1696));
#168=EDGE_LOOP('',(#1697,#1698,#1699,#1700));
#169=EDGE_LOOP('',(#1701,#1702,#1703,#1704));
#170=EDGE_LOOP('',(#1705,#1706,#1707,#1708));
#171=EDGE_LOOP('',(#1709,#1710,#1711,#1712));
#172=EDGE_LOOP('',(#1713,#1714,#1715,#1716));
#173=EDGE_LOOP('',(#1717,#1718,#1719,#1720));
#174=EDGE_LOOP('',(#1721,#1722,#1723,#1724));
#175=EDGE_LOOP('',(#1725,#1726,#1727,#1728));
#176=EDGE_LOOP('',(#1729,#1730,#1731,#1732));
#177=EDGE_LOOP('',(#1733,#1734,#1735,#1736));
#178=EDGE_LOOP('',(#1737,#1738,#1739,#1740));
#179=EDGE_LOOP('',(#1741,#1742,#1743,#1744));
#180=EDGE_LOOP('',(#1745,#1746,#1747,#1748));
#181=EDGE_LOOP('',(#1749,#1750,#1751,#1752));
#182=EDGE_LOOP('',(#1753,#1754,#1755,#1756));
#183=EDGE_LOOP('',(#1757,#1758,#1759,#1760));
#184=EDGE_LOOP('',(#1761,#1762,#1763,#1764));
#185=EDGE_LOOP('',(#1765,#1766,#1767,#1768));
#186=EDGE_LOOP('',(#1769,#1770,#1771,#1772));
#187=EDGE_LOOP('',(#1773,#1774,#1775,#1776));
#188=EDGE_LOOP('',(#1777,#1778,#1779,#1780));
#189=EDGE_LOOP('',(#1781,#1782,#1783,#1784));
#190=EDGE_LOOP('',(#1785,#1786,#1787,#1788));
#191=EDGE_LOOP('',(#1789,#1790,#1791,#1792));
#192=EDGE_LOOP('',(#1793,#1794,#1795,#1796));
#193=EDGE_LOOP('',(#1797,#1798,#1799,#1800));
#194=EDGE_LOOP('',(#1801,#1802,#1803,#1804));
#195=EDGE_LOOP('',(#1805,#1806,#1807,#1808));
#196=EDGE_LOOP('',(#1809,#1810,#1811,#1812));
#197=EDGE_LOOP('',(#1813,#1814,#1815,#1816));
#198=EDGE_LOOP('',(#1817,#1818,#1819,#1820));
#199=EDGE_LOOP('',(#1821,#1822,#1823,#1824));
#200=EDGE_LOOP('',(#1825,#1826,#1827,#1828));
#201=EDGE_LOOP('',(#1829,#1830,#1831,#1832));
#202=EDGE_LOOP('',(#1833,#1834,#1835,#1836));
#203=EDGE_LOOP('',(#1837,#1838,#1839,#1840));
#204=EDGE_LOOP('',(#1841,#1842,#1843,#1844));
#205=EDGE_LOOP('',(#1845,#1846,#1847,#1848));
#206=EDGE_LOOP('',(#1849,#1850,#1851,#1852));
#207=EDGE_LOOP('',(#1853,#1854,#1855,#1856));
#208=EDGE_LOOP('',(#1857,#1858,#1859,#1860));
#209=EDGE_LOOP('',(#1861,#1862,#1863,#1864));
#210=EDGE_LOOP('',(#1865,#1866,#1867,#1868));
#211=EDGE_LOOP('',(#1869,#1870,#1871,#1872));
#212=EDGE_LOOP('',(#1873,#1874,#1875,#1876));
#213=EDGE_LOOP('',(#1877,#1878,#1879,#1880));
#214=EDGE_LOOP('',(#1881,#1882,#1883,#1884));
#215=EDGE_LOOP('',(#1885,#1886,#1887,#1888));
#216=EDGE_LOOP('',(#1889,#1890,#1891,#1892));
#217=EDGE_LOOP('',(#1893,#1894,#1895,#1896));
#218=EDGE_LOOP('',(#1897,#1898,#1899,#1900));
#219=EDGE_LOOP('',(#1901,#1902,#1903,#1904));
#220=EDGE_LOOP('',(#1905,#1906,#1907,#1908));
#221=EDGE_LOOP('',(#1909,#1910,#1911,#1912));
#222=EDGE_LOOP('',(#1913,#1914,#1915,#1916));
#223=EDGE_LOOP('',(#1917,#1918,#1919,#1920));
#224=EDGE_LOOP('',(#1921,#1922,#1923,#1924));
#225=EDGE_LOOP('',(#1925,#1926,#1927,#1928));
#226=EDGE_LOOP('',(#1929,#1930,#1931,#1932));
#227=EDGE_LOOP('',(#1933,#1934,#1935,#1936));
#228=EDGE_LOOP('',(#1937,#1938,#1939,#1940));
#229=EDGE_LOOP('',(#1941,#1942,#1943,#1944));
#230=EDGE_LOOP('',(#1945,#1946,#1947,#1948));
#231=EDGE_LOOP('',(#1949,#1950,#1951,#1952));
#232=EDGE_LOOP('',(#1953,#1954,#1955,#1956));
#233=EDGE_LOOP('',(#1957,#1958,#1959,#1960));
#234=EDGE_LOOP('',(#1961,#1962,#1963,#1964));
#235=EDGE_LOOP('',(#1965,#1966,#1967,#1968));
#236=EDGE_LOOP('',(#1969,#1970,#1971,#1972));
#237=EDGE_LOOP('',(#1973,#1974,#1975,#1976));
#238=EDGE_LOOP('',(#1977,#1978,#1979,#1980));
#239=EDGE_LOOP('',(#1981,#1982,#1983,#1984));
#240=EDGE_LOOP('',(#1985,#1986,#1987,#1988));
#241=EDGE_LOOP('',(#1989,#1990,#1991,#1992));
#242=EDGE_LOOP('',(#1993,#1994,#1995,#1996));
#243=EDGE_LOOP('',(#1997,#1998,#1999,#2000));
#244=EDGE_LOOP('',(#2001,#2002,#2003,#2004));
#245=EDGE_LOOP('',(#2005,#2006,#2007,#2008));
#246=EDGE_LOOP('',(#2009,#2010,#2011,#2012));
#247=EDGE_LOOP('',(#2013,#2014,#2015,#2016));
#248=EDGE_LOOP('',(#2017,#2018,#2019,#2020));
#249=EDGE_LOOP('',(#2021,#2022,#2023,#2024));
#250=EDGE_LOOP('',(#2025,#2026,#2027,#2028));
#251=EDGE_LOOP('',(#2029,#2030,#2031,#2032));
#252=EDGE_LOOP('',(#2033,#2034,#2035,#2036));
#253=EDGE_LOOP('',(#2037,#2038,#2039,#2040));
#254=EDGE_LOOP('',(#2041,#2042,#2043,#2044));
#255=EDGE_LOOP('',(#2045,#2046,#2047,#2048));
#256=EDGE_LOOP('',(#2049,#2050,#2051,#2052));
#257=EDGE_LOOP('',(#2053,#2054,#2055,#2056));
#258=EDGE_LOOP('',(#2057,#2058,#2059,#2060));
#259=EDGE_LOOP('',(#2061,#2062,#2063,#2064));
#260=EDGE_LOOP('',(#2065,#2066,#2067,#2068));
#261=EDGE_LOOP('',(#2069,#2070,#2071,#2072));
#262=EDGE_LOOP('',(#2073,#2074,#2075,#2076));
#263=EDGE_LOOP('',(#2077,#2078,#2079,#2080));
#264=EDGE_LOOP('',(#2081,#2082,#2083,#2084));
#265=EDGE_LOOP('',(#2085,#2086,#2087,#2088));
#266=EDGE_LOOP('',(#2089,#2090,#2091,#2092));
#267=EDGE_LOOP('',(#2093,#2094,#2095,#2096));
#268=EDGE_LOOP('',(#2097,#2098,#2099,#2100));
#269=EDGE_LOOP('',(#2101,#2102,#2103,#2104));
#270=EDGE_LOOP('',(#2105,#2106,#2107,#2108));
#271=EDGE_LOOP('',(#2109,#2110,#2111,#2112));
#272=EDGE_LOOP('',(#2113,#2114,#2115,#2116));
#273=EDGE_LOOP('',(#2117,#2118,#2119,#2120));
#274=EDGE_LOOP('',(#2121,#2122,#2123,#2124));
#275=EDGE_LOOP('',(#2125,#2126,#2127,#2128));
#276=EDGE_LOOP('',(#2129,#2130,#2131,#2132));
#277=EDGE_LOOP('',(#2133,#2134,#2135,#2136));
#278=EDGE_LOOP('',(#2137,#2138,#2139,#2140));
#279=EDGE_LOOP('',(#2141,#2142,#2143,#2144));
#280=EDGE_LOOP('',(#2145,#2146,#2147,#2148));
#281=EDGE_LOOP('',(#2149,#2150,#2151,#2152));
#282=EDGE_LOOP('',(#2153,#2154,#2155,#2156));
#283=EDGE_LOOP('',(#2157,#2158,#2159,#2160));
#284=EDGE_LOOP('',(#2161,#2162,#2163,#2164));
#285=EDGE_LOOP('',(#2165,#2166,#2167,#2168));
#286=EDGE_LOOP('',(#2169,#2170,#2171,#2172));
#287=EDGE_LOOP('',(#2173,#2174,#2175,#2176));
#288=EDGE_LOOP('',(#2177,#2178,#2179,#2180));
#289=EDGE_LOOP('',(#2181,#2182,#2183,#2184));
#290=EDGE_LOOP('',(#2185,#2186,#2187,#2188));
#291=EDGE_LOOP('',(#2189,#2190,#2191,#2192,#2193,#2194,#2195,#2196,#2197,
#2198,#2199,#2200,#2201,#2202,#2203,#2204,#2205,#2206,#2207,#2208,#2209,
#2210,#2211,#2212,#2213,#2214,#2215,#2216,#2217,#2218,#2219,#2220,#2221,
#2222,#2223,#2224,#2225,#2226,#2227,#2228,#2229,#2230,#2231,#2232,#2233,
#2234,#2235,#2236,#2237,#2238,#2239,#2240,#2241,#2242,#2243,#2244,#2245,
#2246,#2247,#2248,#2249,#2250,#2251,#2252,#2253,#2254,#2255,#2256,#2257,
#2258,#2259,#2260,#2261,#2262,#2263,#2264,#2265,#2266,#2267,#2268,#2269,
#2270,#2271,#2272,#2273,#2274,#2275,#2276,#2277,#2278,#2279,#2280,#2281,
#2282,#2283,#2284,#2285,#2286,#2287,#2288,#2289,#2290,#2291,#2292,#2293,
#2294,#2295,#2296,#2297,#2298,#2299,#2300,#2301,#2302,#2303,#2304,#2305,
#2306,#2307,#2308,#2309,#2310,#2311,#2312,#2313,#2314,#2315,#2316));
#292=EDGE_LOOP('',(#2317,#2318,#2319,#2320,#2321,#2322,#2323,#2324,#2325,
#2326,#2327,#2328,#2329,#2330,#2331,#2332,#2333,#2334,#2335,#2336,#2337,
#2338,#2339,#2340,#2341,#2342,#2343,#2344,#2345,#2346,#2347,#2348,#2349,
#2350,#2351,#2352,#2353,#2354,#2355,#2356,#2357,#2358,#2359,#2360,#2361,
#2362,#2363,#2364,#2365,#2366,#2367,#2368,#2369,#2370,#2371,#2372,#2373,
#2374,#2375,#2376,#2377,#2378,#2379,#2380,#2381,#2382,#2383,#2384,#2385,
#2386,#2387,#2388,#2389,#2390,#2391,#2392,#2393,#2394,#2395,#2396,#2397,
#2398,#2399,#2400,#2401,#2402,#2403,#2404,#2405,#2406,#2407,#2408,#2409,
#2410,#2411,#2412,#2413,#2414,#2415,#2416,#2417,#2418,#2419,#2420,#2421,
#2422,#2423,#2424,#2425,#2426,#2427,#2428,#2429,#2430,#2431,#2432,#2433,
#2434,#2435,#2436,#2437,#2438,#2439,#2440,#2441,#2442,#2443,#2444));
#293=LINE('',#3517,#665);
#294=LINE('',#3519,#666);
#295=LINE('',#3521,#667);
#296=LINE('',#3522,#668);
#297=LINE('',#3525,#669);
#298=LINE('',#3527,#670);
#299=LINE('',#3528,#671);
#300=LINE('',#3531,#672);
#301=LINE('',#3533,#673);
#302=LINE('',#3534,#674);
#303=LINE('',#3537,#675);
#304=LINE('',#3539,#676);
#305=LINE('',#3540,#677);
#306=LINE('',#3543,#678);
#307=LINE('',#3545,#679);
#308=LINE('',#3546,#680);
#309=LINE('',#3549,#681);
#310=LINE('',#3551,#682);
#311=LINE('',#3552,#683);
#312=LINE('',#3555,#684);
#313=LINE('',#3557,#685);
#314=LINE('',#3558,#686);
#315=LINE('',#3561,#687);
#316=LINE('',#3563,#688);
#317=LINE('',#3564,#689);
#318=LINE('',#3567,#690);
#319=LINE('',#3569,#691);
#320=LINE('',#3570,#692);
#321=LINE('',#3573,#693);
#322=LINE('',#3575,#694);
#323=LINE('',#3576,#695);
#324=LINE('',#3579,#696);
#325=LINE('',#3581,#697);
#326=LINE('',#3582,#698);
#327=LINE('',#3585,#699);
#328=LINE('',#3587,#700);
#329=LINE('',#3588,#701);
#330=LINE('',#3591,#702);
#331=LINE('',#3593,#703);
#332=LINE('',#3594,#704);
#333=LINE('',#3597,#705);
#334=LINE('',#3599,#706);
#335=LINE('',#3600,#707);
#336=LINE('',#3606,#708);
#337=LINE('',#3609,#709);
#338=LINE('',#3611,#710);
#339=LINE('',#3612,#711);
#340=LINE('',#3615,#712);
#341=LINE('',#3617,#713);
#342=LINE('',#3618,#714);
#343=LINE('',#3621,#715);
#344=LINE('',#3623,#716);
#345=LINE('',#3624,#717);
#346=LINE('',#3627,#718);
#347=LINE('',#3629,#719);
#348=LINE('',#3630,#720);
#349=LINE('',#3633,#721);
#350=LINE('',#3635,#722);
#351=LINE('',#3636,#723);
#352=LINE('',#3639,#724);
#353=LINE('',#3641,#725);
#354=LINE('',#3642,#726);
#355=LINE('',#3645,#727);
#356=LINE('',#3647,#728);
#357=LINE('',#3648,#729);
#358=LINE('',#3651,#730);
#359=LINE('',#3653,#731);
#360=LINE('',#3654,#732);
#361=LINE('',#3657,#733);
#362=LINE('',#3659,#734);
#363=LINE('',#3660,#735);
#364=LINE('',#3663,#736);
#365=LINE('',#3665,#737);
#366=LINE('',#3666,#738);
#367=LINE('',#3669,#739);
#368=LINE('',#3671,#740);
#369=LINE('',#3672,#741);
#370=LINE('',#3675,#742);
#371=LINE('',#3677,#743);
#372=LINE('',#3678,#744);
#373=LINE('',#3681,#745);
#374=LINE('',#3683,#746);
#375=LINE('',#3684,#747);
#376=LINE('',#3687,#748);
#377=LINE('',#3689,#749);
#378=LINE('',#3690,#750);
#379=LINE('',#3693,#751);
#380=LINE('',#3695,#752);
#381=LINE('',#3696,#753);
#382=LINE('',#3699,#754);
#383=LINE('',#3701,#755);
#384=LINE('',#3702,#756);
#385=LINE('',#3705,#757);
#386=LINE('',#3707,#758);
#387=LINE('',#3708,#759);
#388=LINE('',#3711,#760);
#389=LINE('',#3713,#761);
#390=LINE('',#3714,#762);
#391=LINE('',#3717,#763);
#392=LINE('',#3719,#764);
#393=LINE('',#3720,#765);
#394=LINE('',#3723,#766);
#395=LINE('',#3725,#767);
#396=LINE('',#3726,#768);
#397=LINE('',#3732,#769);
#398=LINE('',#3735,#770);
#399=LINE('',#3737,#771);
#400=LINE('',#3738,#772);
#401=LINE('',#3741,#773);
#402=LINE('',#3743,#774);
#403=LINE('',#3744,#775);
#404=LINE('',#3747,#776);
#405=LINE('',#3749,#777);
#406=LINE('',#3750,#778);
#407=LINE('',#3753,#779);
#408=LINE('',#3755,#780);
#409=LINE('',#3756,#781);
#410=LINE('',#3759,#782);
#411=LINE('',#3761,#783);
#412=LINE('',#3762,#784);
#413=LINE('',#3765,#785);
#414=LINE('',#3767,#786);
#415=LINE('',#3768,#787);
#416=LINE('',#3771,#788);
#417=LINE('',#3773,#789);
#418=LINE('',#3774,#790);
#419=LINE('',#3777,#791);
#420=LINE('',#3779,#792);
#421=LINE('',#3780,#793);
#422=LINE('',#3783,#794);
#423=LINE('',#3785,#795);
#424=LINE('',#3786,#796);
#425=LINE('',#3789,#797);
#426=LINE('',#3791,#798);
#427=LINE('',#3792,#799);
#428=LINE('',#3795,#800);
#429=LINE('',#3797,#801);
#430=LINE('',#3798,#802);
#431=LINE('',#3801,#803);
#432=LINE('',#3803,#804);
#433=LINE('',#3804,#805);
#434=LINE('',#3807,#806);
#435=LINE('',#3809,#807);
#436=LINE('',#3810,#808);
#437=LINE('',#3813,#809);
#438=LINE('',#3815,#810);
#439=LINE('',#3816,#811);
#440=LINE('',#3819,#812);
#441=LINE('',#3821,#813);
#442=LINE('',#3822,#814);
#443=LINE('',#3825,#815);
#444=LINE('',#3827,#816);
#445=LINE('',#3828,#817);
#446=LINE('',#3831,#818);
#447=LINE('',#3833,#819);
#448=LINE('',#3834,#820);
#449=LINE('',#3837,#821);
#450=LINE('',#3839,#822);
#451=LINE('',#3840,#823);
#452=LINE('',#3843,#824);
#453=LINE('',#3845,#825);
#454=LINE('',#3846,#826);
#455=LINE('',#3849,#827);
#456=LINE('',#3851,#828);
#457=LINE('',#3852,#829);
#458=LINE('',#3855,#830);
#459=LINE('',#3857,#831);
#460=LINE('',#3858,#832);
#461=LINE('',#3861,#833);
#462=LINE('',#3863,#834);
#463=LINE('',#3864,#835);
#464=LINE('',#3867,#836);
#465=LINE('',#3869,#837);
#466=LINE('',#3870,#838);
#467=LINE('',#3873,#839);
#468=LINE('',#3875,#840);
#469=LINE('',#3876,#841);
#470=LINE('',#3879,#842);
#471=LINE('',#3881,#843);
#472=LINE('',#3882,#844);
#473=LINE('',#3885,#845);
#474=LINE('',#3887,#846);
#475=LINE('',#3888,#847);
#476=LINE('',#3891,#848);
#477=LINE('',#3893,#849);
#478=LINE('',#3894,#850);
#479=LINE('',#3897,#851);
#480=LINE('',#3899,#852);
#481=LINE('',#3900,#853);
#482=LINE('',#3903,#854);
#483=LINE('',#3905,#855);
#484=LINE('',#3906,#856);
#485=LINE('',#3909,#857);
#486=LINE('',#3911,#858);
#487=LINE('',#3912,#859);
#488=LINE('',#3915,#860);
#489=LINE('',#3917,#861);
#490=LINE('',#3918,#862);
#491=LINE('',#3921,#863);
#492=LINE('',#3923,#864);
#493=LINE('',#3924,#865);
#494=LINE('',#3927,#866);
#495=LINE('',#3929,#867);
#496=LINE('',#3930,#868);
#497=LINE('',#3933,#869);
#498=LINE('',#3935,#870);
#499=LINE('',#3936,#871);
#500=LINE('',#3939,#872);
#501=LINE('',#3941,#873);
#502=LINE('',#3942,#874);
#503=LINE('',#3945,#875);
#504=LINE('',#3947,#876);
#505=LINE('',#3948,#877);
#506=LINE('',#3951,#878);
#507=LINE('',#3953,#879);
#508=LINE('',#3954,#880);
#509=LINE('',#3957,#881);
#510=LINE('',#3959,#882);
#511=LINE('',#3960,#883);
#512=LINE('',#3963,#884);
#513=LINE('',#3965,#885);
#514=LINE('',#3966,#886);
#515=LINE('',#3969,#887);
#516=LINE('',#3971,#888);
#517=LINE('',#3972,#889);
#518=LINE('',#3975,#890);
#519=LINE('',#3977,#891);
#520=LINE('',#3978,#892);
#521=LINE('',#3981,#893);
#522=LINE('',#3983,#894);
#523=LINE('',#3984,#895);
#524=LINE('',#3987,#896);
#525=LINE('',#3989,#897);
#526=LINE('',#3990,#898);
#527=LINE('',#3993,#899);
#528=LINE('',#3995,#900);
#529=LINE('',#3996,#901);
#530=LINE('',#3999,#902);
#531=LINE('',#4001,#903);
#532=LINE('',#4002,#904);
#533=LINE('',#4008,#905);
#534=LINE('',#4011,#906);
#535=LINE('',#4013,#907);
#536=LINE('',#4014,#908);
#537=LINE('',#4017,#909);
#538=LINE('',#4019,#910);
#539=LINE('',#4020,#911);
#540=LINE('',#4023,#912);
#541=LINE('',#4025,#913);
#542=LINE('',#4026,#914);
#543=LINE('',#4029,#915);
#544=LINE('',#4031,#916);
#545=LINE('',#4032,#917);
#546=LINE('',#4035,#918);
#547=LINE('',#4037,#919);
#548=LINE('',#4038,#920);
#549=LINE('',#4041,#921);
#550=LINE('',#4043,#922);
#551=LINE('',#4044,#923);
#552=LINE('',#4050,#924);
#553=LINE('',#4053,#925);
#554=LINE('',#4055,#926);
#555=LINE('',#4056,#927);
#556=LINE('',#4059,#928);
#557=LINE('',#4061,#929);
#558=LINE('',#4062,#930);
#559=LINE('',#4065,#931);
#560=LINE('',#4067,#932);
#561=LINE('',#4068,#933);
#562=LINE('',#4071,#934);
#563=LINE('',#4073,#935);
#564=LINE('',#4074,#936);
#565=LINE('',#4077,#937);
#566=LINE('',#4079,#938);
#567=LINE('',#4080,#939);
#568=LINE('',#4083,#940);
#569=LINE('',#4085,#941);
#570=LINE('',#4086,#942);
#571=LINE('',#4089,#943);
#572=LINE('',#4091,#944);
#573=LINE('',#4092,#945);
#574=LINE('',#4095,#946);
#575=LINE('',#4097,#947);
#576=LINE('',#4098,#948);
#577=LINE('',#4101,#949);
#578=LINE('',#4103,#950);
#579=LINE('',#4104,#951);
#580=LINE('',#4107,#952);
#581=LINE('',#4109,#953);
#582=LINE('',#4110,#954);
#583=LINE('',#4113,#955);
#584=LINE('',#4115,#956);
#585=LINE('',#4116,#957);
#586=LINE('',#4119,#958);
#587=LINE('',#4121,#959);
#588=LINE('',#4122,#960);
#589=LINE('',#4125,#961);
#590=LINE('',#4127,#962);
#591=LINE('',#4128,#963);
#592=LINE('',#4131,#964);
#593=LINE('',#4133,#965);
#594=LINE('',#4134,#966);
#595=LINE('',#4137,#967);
#596=LINE('',#4139,#968);
#597=LINE('',#4140,#969);
#598=LINE('',#4143,#970);
#599=LINE('',#4145,#971);
#600=LINE('',#4146,#972);
#601=LINE('',#4149,#973);
#602=LINE('',#4151,#974);
#603=LINE('',#4152,#975);
#604=LINE('',#4155,#976);
#605=LINE('',#4157,#977);
#606=LINE('',#4158,#978);
#607=LINE('',#4161,#979);
#608=LINE('',#4163,#980);
#609=LINE('',#4164,#981);
#610=LINE('',#4167,#982);
#611=LINE('',#4169,#983);
#612=LINE('',#4170,#984);
#613=LINE('',#4173,#985);
#614=LINE('',#4175,#986);
#615=LINE('',#4176,#987);
#616=LINE('',#4179,#988);
#617=LINE('',#4181,#989);
#618=LINE('',#4182,#990);
#619=LINE('',#4185,#991);
#620=LINE('',#4187,#992);
#621=LINE('',#4188,#993);
#622=LINE('',#4191,#994);
#623=LINE('',#4193,#995);
#624=LINE('',#4194,#996);
#625=LINE('',#4197,#997);
#626=LINE('',#4199,#998);
#627=LINE('',#4200,#999);
#628=LINE('',#4203,#1000);
#629=LINE('',#4205,#1001);
#630=LINE('',#4206,#1002);
#631=LINE('',#4212,#1003);
#632=LINE('',#4215,#1004);
#633=LINE('',#4217,#1005);
#634=LINE('',#4218,#1006);
#635=LINE('',#4221,#1007);
#636=LINE('',#4223,#1008);
#637=LINE('',#4224,#1009);
#638=LINE('',#4227,#1010);
#639=LINE('',#4229,#1011);
#640=LINE('',#4230,#1012);
#641=LINE('',#4233,#1013);
#642=LINE('',#4235,#1014);
#643=LINE('',#4236,#1015);
#644=LINE('',#4239,#1016);
#645=LINE('',#4241,#1017);
#646=LINE('',#4242,#1018);
#647=LINE('',#4245,#1019);
#648=LINE('',#4247,#1020);
#649=LINE('',#4248,#1021);
#650=LINE('',#4251,#1022);
#651=LINE('',#4253,#1023);
#652=LINE('',#4254,#1024);
#653=LINE('',#4257,#1025);
#654=LINE('',#4259,#1026);
#655=LINE('',#4260,#1027);
#656=LINE('',#4263,#1028);
#657=LINE('',#4265,#1029);
#658=LINE('',#4266,#1030);
#659=LINE('',#4269,#1031);
#660=LINE('',#4271,#1032);
#661=LINE('',#4272,#1033);
#662=LINE('',#4275,#1034);
#663=LINE('',#4277,#1035);
#664=LINE('',#4278,#1036);
#665=VECTOR('',#2859,10.);
#666=VECTOR('',#2860,10.);
#667=VECTOR('',#2861,10.);
#668=VECTOR('',#2862,10.);
#669=VECTOR('',#2865,10.);
#670=VECTOR('',#2866,10.);
#671=VECTOR('',#2867,10.);
#672=VECTOR('',#2870,10.);
#673=VECTOR('',#2871,10.);
#674=VECTOR('',#2872,10.);
#675=VECTOR('',#2875,10.);
#676=VECTOR('',#2876,10.);
#677=VECTOR('',#2877,10.);
#678=VECTOR('',#2880,10.);
#679=VECTOR('',#2881,10.);
#680=VECTOR('',#2882,10.);
#681=VECTOR('',#2885,10.);
#682=VECTOR('',#2886,10.);
#683=VECTOR('',#2887,10.);
#684=VECTOR('',#2890,10.);
#685=VECTOR('',#2891,10.);
#686=VECTOR('',#2892,10.);
#687=VECTOR('',#2895,10.);
#688=VECTOR('',#2896,10.);
#689=VECTOR('',#2897,10.);
#690=VECTOR('',#2900,10.);
#691=VECTOR('',#2901,10.);
#692=VECTOR('',#2902,10.);
#693=VECTOR('',#2905,10.);
#694=VECTOR('',#2906,10.);
#695=VECTOR('',#2907,10.);
#696=VECTOR('',#2910,10.);
#697=VECTOR('',#2911,10.);
#698=VECTOR('',#2912,10.);
#699=VECTOR('',#2915,10.);
#700=VECTOR('',#2916,10.);
#701=VECTOR('',#2917,10.);
#702=VECTOR('',#2920,10.);
#703=VECTOR('',#2921,10.);
#704=VECTOR('',#2922,10.);
#705=VECTOR('',#2925,10.);
#706=VECTOR('',#2926,10.);
#707=VECTOR('',#2927,10.);
#708=VECTOR('',#2934,10.);
#709=VECTOR('',#2937,10.);
#710=VECTOR('',#2938,10.);
#711=VECTOR('',#2939,10.);
#712=VECTOR('',#2942,10.);
#713=VECTOR('',#2943,10.);
#714=VECTOR('',#2944,10.);
#715=VECTOR('',#2947,10.);
#716=VECTOR('',#2948,10.);
#717=VECTOR('',#2949,10.);
#718=VECTOR('',#2952,10.);
#719=VECTOR('',#2953,10.);
#720=VECTOR('',#2954,10.);
#721=VECTOR('',#2957,10.);
#722=VECTOR('',#2958,10.);
#723=VECTOR('',#2959,10.);
#724=VECTOR('',#2962,10.);
#725=VECTOR('',#2963,10.);
#726=VECTOR('',#2964,10.);
#727=VECTOR('',#2967,10.);
#728=VECTOR('',#2968,10.);
#729=VECTOR('',#2969,10.);
#730=VECTOR('',#2972,10.);
#731=VECTOR('',#2973,10.);
#732=VECTOR('',#2974,10.);
#733=VECTOR('',#2977,10.);
#734=VECTOR('',#2978,10.);
#735=VECTOR('',#2979,10.);
#736=VECTOR('',#2982,10.);
#737=VECTOR('',#2983,10.);
#738=VECTOR('',#2984,10.);
#739=VECTOR('',#2987,10.);
#740=VECTOR('',#2988,10.);
#741=VECTOR('',#2989,10.);
#742=VECTOR('',#2992,10.);
#743=VECTOR('',#2993,10.);
#744=VECTOR('',#2994,10.);
#745=VECTOR('',#2997,10.);
#746=VECTOR('',#2998,10.);
#747=VECTOR('',#2999,10.);
#748=VECTOR('',#3002,10.);
#749=VECTOR('',#3003,10.);
#750=VECTOR('',#3004,10.);
#751=VECTOR('',#3007,10.);
#752=VECTOR('',#3008,10.);
#753=VECTOR('',#3009,10.);
#754=VECTOR('',#3012,10.);
#755=VECTOR('',#3013,10.);
#756=VECTOR('',#3014,10.);
#757=VECTOR('',#3017,10.);
#758=VECTOR('',#3018,10.);
#759=VECTOR('',#3019,10.);
#760=VECTOR('',#3022,10.);
#761=VECTOR('',#3023,10.);
#762=VECTOR('',#3024,10.);
#763=VECTOR('',#3027,10.);
#764=VECTOR('',#3028,10.);
#765=VECTOR('',#3029,10.);
#766=VECTOR('',#3032,10.);
#767=VECTOR('',#3033,10.);
#768=VECTOR('',#3034,10.);
#769=VECTOR('',#3041,10.);
#770=VECTOR('',#3044,10.);
#771=VECTOR('',#3045,10.);
#772=VECTOR('',#3046,10.);
#773=VECTOR('',#3049,10.);
#774=VECTOR('',#3050,10.);
#775=VECTOR('',#3051,10.);
#776=VECTOR('',#3054,10.);
#777=VECTOR('',#3055,10.);
#778=VECTOR('',#3056,10.);
#779=VECTOR('',#3059,10.);
#780=VECTOR('',#3060,10.);
#781=VECTOR('',#3061,10.);
#782=VECTOR('',#3064,10.);
#783=VECTOR('',#3065,10.);
#784=VECTOR('',#3066,10.);
#785=VECTOR('',#3069,10.);
#786=VECTOR('',#3070,10.);
#787=VECTOR('',#3071,10.);
#788=VECTOR('',#3074,10.);
#789=VECTOR('',#3075,10.);
#790=VECTOR('',#3076,10.);
#791=VECTOR('',#3079,10.);
#792=VECTOR('',#3080,10.);
#793=VECTOR('',#3081,10.);
#794=VECTOR('',#3084,10.);
#795=VECTOR('',#3085,10.);
#796=VECTOR('',#3086,10.);
#797=VECTOR('',#3089,10.);
#798=VECTOR('',#3090,10.);
#799=VECTOR('',#3091,10.);
#800=VECTOR('',#3094,10.);
#801=VECTOR('',#3095,10.);
#802=VECTOR('',#3096,10.);
#803=VECTOR('',#3099,10.);
#804=VECTOR('',#3100,10.);
#805=VECTOR('',#3101,10.);
#806=VECTOR('',#3104,10.);
#807=VECTOR('',#3105,10.);
#808=VECTOR('',#3106,10.);
#809=VECTOR('',#3109,10.);
#810=VECTOR('',#3110,10.);
#811=VECTOR('',#3111,10.);
#812=VECTOR('',#3114,10.);
#813=VECTOR('',#3115,10.);
#814=VECTOR('',#3116,10.);
#815=VECTOR('',#3119,10.);
#816=VECTOR('',#3120,10.);
#817=VECTOR('',#3121,10.);
#818=VECTOR('',#3124,10.);
#819=VECTOR('',#3125,10.);
#820=VECTOR('',#3126,10.);
#821=VECTOR('',#3129,10.);
#822=VECTOR('',#3130,10.);
#823=VECTOR('',#3131,10.);
#824=VECTOR('',#3134,10.);
#825=VECTOR('',#3135,10.);
#826=VECTOR('',#3136,10.);
#827=VECTOR('',#3139,10.);
#828=VECTOR('',#3140,10.);
#829=VECTOR('',#3141,10.);
#830=VECTOR('',#3144,10.);
#831=VECTOR('',#3145,10.);
#832=VECTOR('',#3146,10.);
#833=VECTOR('',#3149,10.);
#834=VECTOR('',#3150,10.);
#835=VECTOR('',#3151,10.);
#836=VECTOR('',#3154,10.);
#837=VECTOR('',#3155,10.);
#838=VECTOR('',#3156,10.);
#839=VECTOR('',#3159,10.);
#840=VECTOR('',#3160,10.);
#841=VECTOR('',#3161,10.);
#842=VECTOR('',#3164,10.);
#843=VECTOR('',#3165,10.);
#844=VECTOR('',#3166,10.);
#845=VECTOR('',#3169,10.);
#846=VECTOR('',#3170,10.);
#847=VECTOR('',#3171,10.);
#848=VECTOR('',#3174,10.);
#849=VECTOR('',#3175,10.);
#850=VECTOR('',#3176,10.);
#851=VECTOR('',#3179,10.);
#852=VECTOR('',#3180,10.);
#853=VECTOR('',#3181,10.);
#854=VECTOR('',#3184,10.);
#855=VECTOR('',#3185,10.);
#856=VECTOR('',#3186,10.);
#857=VECTOR('',#3189,10.);
#858=VECTOR('',#3190,10.);
#859=VECTOR('',#3191,10.);
#860=VECTOR('',#3194,10.);
#861=VECTOR('',#3195,10.);
#862=VECTOR('',#3196,10.);
#863=VECTOR('',#3199,10.);
#864=VECTOR('',#3200,10.);
#865=VECTOR('',#3201,10.);
#866=VECTOR('',#3204,10.);
#867=VECTOR('',#3205,10.);
#868=VECTOR('',#3206,10.);
#869=VECTOR('',#3209,10.);
#870=VECTOR('',#3210,10.);
#871=VECTOR('',#3211,10.);
#872=VECTOR('',#3214,10.);
#873=VECTOR('',#3215,10.);
#874=VECTOR('',#3216,10.);
#875=VECTOR('',#3219,10.);
#876=VECTOR('',#3220,10.);
#877=VECTOR('',#3221,10.);
#878=VECTOR('',#3224,10.);
#879=VECTOR('',#3225,10.);
#880=VECTOR('',#3226,10.);
#881=VECTOR('',#3229,10.);
#882=VECTOR('',#3230,10.);
#883=VECTOR('',#3231,10.);
#884=VECTOR('',#3234,10.);
#885=VECTOR('',#3235,10.);
#886=VECTOR('',#3236,10.);
#887=VECTOR('',#3239,10.);
#888=VECTOR('',#3240,10.);
#889=VECTOR('',#3241,10.);
#890=VECTOR('',#3244,10.);
#891=VECTOR('',#3245,10.);
#892=VECTOR('',#3246,10.);
#893=VECTOR('',#3249,10.);
#894=VECTOR('',#3250,10.);
#895=VECTOR('',#3251,10.);
#896=VECTOR('',#3254,10.);
#897=VECTOR('',#3255,10.);
#898=VECTOR('',#3256,10.);
#899=VECTOR('',#3259,10.);
#900=VECTOR('',#3260,10.);
#901=VECTOR('',#3261,10.);
#902=VECTOR('',#3264,10.);
#903=VECTOR('',#3265,10.);
#904=VECTOR('',#3266,10.);
#905=VECTOR('',#3273,10.);
#906=VECTOR('',#3276,10.);
#907=VECTOR('',#3277,10.);
#908=VECTOR('',#3278,10.);
#909=VECTOR('',#3281,10.);
#910=VECTOR('',#3282,10.);
#911=VECTOR('',#3283,10.);
#912=VECTOR('',#3286,10.);
#913=VECTOR('',#3287,10.);
#914=VECTOR('',#3288,10.);
#915=VECTOR('',#3291,10.);
#916=VECTOR('',#3292,10.);
#917=VECTOR('',#3293,10.);
#918=VECTOR('',#3296,10.);
#919=VECTOR('',#3297,10.);
#920=VECTOR('',#3298,10.);
#921=VECTOR('',#3301,10.);
#922=VECTOR('',#3302,10.);
#923=VECTOR('',#3303,10.);
#924=VECTOR('',#3310,10.);
#925=VECTOR('',#3313,10.);
#926=VECTOR('',#3314,10.);
#927=VECTOR('',#3315,10.);
#928=VECTOR('',#3318,10.);
#929=VECTOR('',#3319,10.);
#930=VECTOR('',#3320,10.);
#931=VECTOR('',#3323,10.);
#932=VECTOR('',#3324,10.);
#933=VECTOR('',#3325,10.);
#934=VECTOR('',#3328,10.);
#935=VECTOR('',#3329,10.);
#936=VECTOR('',#3330,10.);
#937=VECTOR('',#3333,10.);
#938=VECTOR('',#3334,10.);
#939=VECTOR('',#3335,10.);
#940=VECTOR('',#3338,10.);
#941=VECTOR('',#3339,10.);
#942=VECTOR('',#3340,10.);
#943=VECTOR('',#3343,10.);
#944=VECTOR('',#3344,10.);
#945=VECTOR('',#3345,10.);
#946=VECTOR('',#3348,10.);
#947=VECTOR('',#3349,10.);
#948=VECTOR('',#3350,10.);
#949=VECTOR('',#3353,10.);
#950=VECTOR('',#3354,10.);
#951=VECTOR('',#3355,10.);
#952=VECTOR('',#3358,10.);
#953=VECTOR('',#3359,10.);
#954=VECTOR('',#3360,10.);
#955=VECTOR('',#3363,10.);
#956=VECTOR('',#3364,10.);
#957=VECTOR('',#3365,10.);
#958=VECTOR('',#3368,10.);
#959=VECTOR('',#3369,10.);
#960=VECTOR('',#3370,10.);
#961=VECTOR('',#3373,10.);
#962=VECTOR('',#3374,10.);
#963=VECTOR('',#3375,10.);
#964=VECTOR('',#3378,10.);
#965=VECTOR('',#3379,10.);
#966=VECTOR('',#3380,10.);
#967=VECTOR('',#3383,10.);
#968=VECTOR('',#3384,10.);
#969=VECTOR('',#3385,10.);
#970=VECTOR('',#3388,10.);
#971=VECTOR('',#3389,10.);
#972=VECTOR('',#3390,10.);
#973=VECTOR('',#3393,10.);
#974=VECTOR('',#3394,10.);
#975=VECTOR('',#3395,10.);
#976=VECTOR('',#3398,10.);
#977=VECTOR('',#3399,10.);
#978=VECTOR('',#3400,10.);
#979=VECTOR('',#3403,10.);
#980=VECTOR('',#3404,10.);
#981=VECTOR('',#3405,10.);
#982=VECTOR('',#3408,10.);
#983=VECTOR('',#3409,10.);
#984=VECTOR('',#3410,10.);
#985=VECTOR('',#3413,10.);
#986=VECTOR('',#3414,10.);
#987=VECTOR('',#3415,10.);
#988=VECTOR('',#3418,10.);
#989=VECTOR('',#3419,10.);
#990=VECTOR('',#3420,10.);
#991=VECTOR('',#3423,10.);
#992=VECTOR('',#3424,10.);
#993=VECTOR('',#3425,10.);
#994=VECTOR('',#3428,10.);
#995=VECTOR('',#3429,10.);
#996=VECTOR('',#3430,10.);
#997=VECTOR('',#3433,10.);
#998=VECTOR('',#3434,10.);
#999=VECTOR('',#3435,10.);
#1000=VECTOR('',#3438,10.);
#1001=VECTOR('',#3439,10.);
#1002=VECTOR('',#3440,10.);
#1003=VECTOR('',#3447,10.);
#1004=VECTOR('',#3450,10.);
#1005=VECTOR('',#3451,10.);
#1006=VECTOR('',#3452,10.);
#1007=VECTOR('',#3455,10.);
#1008=VECTOR('',#3456,10.);
#1009=VECTOR('',#3457,10.);
#1010=VECTOR('',#3460,10.);
#1011=VECTOR('',#3461,10.);
#1012=VECTOR('',#3462,10.);
#1013=VECTOR('',#3465,10.);
#1014=VECTOR('',#3466,10.);
#1015=VECTOR('',#3467,10.);
#1016=VECTOR('',#3470,10.);
#1017=VECTOR('',#3471,10.);
#1018=VECTOR('',#3472,10.);
#1019=VECTOR('',#3475,10.);
#1020=VECTOR('',#3476,10.);
#1021=VECTOR('',#3477,10.);
#1022=VECTOR('',#3480,10.);
#1023=VECTOR('',#3481,10.);
#1024=VECTOR('',#3482,10.);
#1025=VECTOR('',#3485,10.);
#1026=VECTOR('',#3486,10.);
#1027=VECTOR('',#3487,10.);
#1028=VECTOR('',#3490,10.);
#1029=VECTOR('',#3491,10.);
#1030=VECTOR('',#3492,10.);
#1031=VECTOR('',#3495,10.);
#1032=VECTOR('',#3496,10.);
#1033=VECTOR('',#3497,10.);
#1034=VECTOR('',#3500,10.);
#1035=VECTOR('',#3501,10.);
#1036=VECTOR('',#3502,10.);
#1037=VERTEX_POINT('',#3515);
#1038=VERTEX_POINT('',#3516);
#1039=VERTEX_POINT('',#3518);
#1040=VERTEX_POINT('',#3520);
#1041=VERTEX_POINT('',#3524);
#1042=VERTEX_POINT('',#3526);
#1043=VERTEX_POINT('',#3530);
#1044=VERTEX_POINT('',#3532);
#1045=VERTEX_POINT('',#3536);
#1046=VERTEX_POINT('',#3538);
#1047=VERTEX_POINT('',#3542);
#1048=VERTEX_POINT('',#3544);
#1049=VERTEX_POINT('',#3548);
#1050=VERTEX_POINT('',#3550);
#1051=VERTEX_POINT('',#3554);
#1052=VERTEX_POINT('',#3556);
#1053=VERTEX_POINT('',#3560);
#1054=VERTEX_POINT('',#3562);
#1055=VERTEX_POINT('',#3566);
#1056=VERTEX_POINT('',#3568);
#1057=VERTEX_POINT('',#3572);
#1058=VERTEX_POINT('',#3574);
#1059=VERTEX_POINT('',#3578);
#1060=VERTEX_POINT('',#3580);
#1061=VERTEX_POINT('',#3584);
#1062=VERTEX_POINT('',#3586);
#1063=VERTEX_POINT('',#3590);
#1064=VERTEX_POINT('',#3592);
#1065=VERTEX_POINT('',#3596);
#1066=VERTEX_POINT('',#3598);
#1067=VERTEX_POINT('',#3602);
#1068=VERTEX_POINT('',#3604);
#1069=VERTEX_POINT('',#3608);
#1070=VERTEX_POINT('',#3610);
#1071=VERTEX_POINT('',#3614);
#1072=VERTEX_POINT('',#3616);
#1073=VERTEX_POINT('',#3620);
#1074=VERTEX_POINT('',#3622);
#1075=VERTEX_POINT('',#3626);
#1076=VERTEX_POINT('',#3628);
#1077=VERTEX_POINT('',#3632);
#1078=VERTEX_POINT('',#3634);
#1079=VERTEX_POINT('',#3638);
#1080=VERTEX_POINT('',#3640);
#1081=VERTEX_POINT('',#3644);
#1082=VERTEX_POINT('',#3646);
#1083=VERTEX_POINT('',#3650);
#1084=VERTEX_POINT('',#3652);
#1085=VERTEX_POINT('',#3656);
#1086=VERTEX_POINT('',#3658);
#1087=VERTEX_POINT('',#3662);
#1088=VERTEX_POINT('',#3664);
#1089=VERTEX_POINT('',#3668);
#1090=VERTEX_POINT('',#3670);
#1091=VERTEX_POINT('',#3674);
#1092=VERTEX_POINT('',#3676);
#1093=VERTEX_POINT('',#3680);
#1094=VERTEX_POINT('',#3682);
#1095=VERTEX_POINT('',#3686);
#1096=VERTEX_POINT('',#3688);
#1097=VERTEX_POINT('',#3692);
#1098=VERTEX_POINT('',#3694);
#1099=VERTEX_POINT('',#3698);
#1100=VERTEX_POINT('',#3700);
#1101=VERTEX_POINT('',#3704);
#1102=VERTEX_POINT('',#3706);
#1103=VERTEX_POINT('',#3710);
#1104=VERTEX_POINT('',#3712);
#1105=VERTEX_POINT('',#3716);
#1106=VERTEX_POINT('',#3718);
#1107=VERTEX_POINT('',#3722);
#1108=VERTEX_POINT('',#3724);
#1109=VERTEX_POINT('',#3728);
#1110=VERTEX_POINT('',#3730);
#1111=VERTEX_POINT('',#3734);
#1112=VERTEX_POINT('',#3736);
#1113=VERTEX_POINT('',#3740);
#1114=VERTEX_POINT('',#3742);
#1115=VERTEX_POINT('',#3746);
#1116=VERTEX_POINT('',#3748);
#1117=VERTEX_POINT('',#3752);
#1118=VERTEX_POINT('',#3754);
#1119=VERTEX_POINT('',#3758);
#1120=VERTEX_POINT('',#3760);
#1121=VERTEX_POINT('',#3764);
#1122=VERTEX_POINT('',#3766);
#1123=VERTEX_POINT('',#3770);
#1124=VERTEX_POINT('',#3772);
#1125=VERTEX_POINT('',#3776);
#1126=VERTEX_POINT('',#3778);
#1127=VERTEX_POINT('',#3782);
#1128=VERTEX_POINT('',#3784);
#1129=VERTEX_POINT('',#3788);
#1130=VERTEX_POINT('',#3790);
#1131=VERTEX_POINT('',#3794);
#1132=VERTEX_POINT('',#3796);
#1133=VERTEX_POINT('',#3800);
#1134=VERTEX_POINT('',#3802);
#1135=VERTEX_POINT('',#3806);
#1136=VERTEX_POINT('',#3808);
#1137=VERTEX_POINT('',#3812);
#1138=VERTEX_POINT('',#3814);
#1139=VERTEX_POINT('',#3818);
#1140=VERTEX_POINT('',#3820);
#1141=VERTEX_POINT('',#3824);
#1142=VERTEX_POINT('',#3826);
#1143=VERTEX_POINT('',#3830);
#1144=VERTEX_POINT('',#3832);
#1145=VERTEX_POINT('',#3836);
#1146=VERTEX_POINT('',#3838);
#1147=VERTEX_POINT('',#3842);
#1148=VERTEX_POINT('',#3844);
#1149=VERTEX_POINT('',#3848);
#1150=VERTEX_POINT('',#3850);
#1151=VERTEX_POINT('',#3854);
#1152=VERTEX_POINT('',#3856);
#1153=VERTEX_POINT('',#3860);
#1154=VERTEX_POINT('',#3862);
#1155=VERTEX_POINT('',#3866);
#1156=VERTEX_POINT('',#3868);
#1157=VERTEX_POINT('',#3872);
#1158=VERTEX_POINT('',#3874);
#1159=VERTEX_POINT('',#3878);
#1160=VERTEX_POINT('',#3880);
#1161=VERTEX_POINT('',#3884);
#1162=VERTEX_POINT('',#3886);
#1163=VERTEX_POINT('',#3890);
#1164=VERTEX_POINT('',#3892);
#1165=VERTEX_POINT('',#3896);
#1166=VERTEX_POINT('',#3898);
#1167=VERTEX_POINT('',#3902);
#1168=VERTEX_POINT('',#3904);
#1169=VERTEX_POINT('',#3908);
#1170=VERTEX_POINT('',#3910);
#1171=VERTEX_POINT('',#3914);
#1172=VERTEX_POINT('',#3916);
#1173=VERTEX_POINT('',#3920);
#1174=VERTEX_POINT('',#3922);
#1175=VERTEX_POINT('',#3926);
#1176=VERTEX_POINT('',#3928);
#1177=VERTEX_POINT('',#3932);
#1178=VERTEX_POINT('',#3934);
#1179=VERTEX_POINT('',#3938);
#1180=VERTEX_POINT('',#3940);
#1181=VERTEX_POINT('',#3944);
#1182=VERTEX_POINT('',#3946);
#1183=VERTEX_POINT('',#3950);
#1184=VERTEX_POINT('',#3952);
#1185=VERTEX_POINT('',#3956);
#1186=VERTEX_POINT('',#3958);
#1187=VERTEX_POINT('',#3962);
#1188=VERTEX_POINT('',#3964);
#1189=VERTEX_POINT('',#3968);
#1190=VERTEX_POINT('',#3970);
#1191=VERTEX_POINT('',#3974);
#1192=VERTEX_POINT('',#3976);
#1193=VERTEX_POINT('',#3980);
#1194=VERTEX_POINT('',#3982);
#1195=VERTEX_POINT('',#3986);
#1196=VERTEX_POINT('',#3988);
#1197=VERTEX_POINT('',#3992);
#1198=VERTEX_POINT('',#3994);
#1199=VERTEX_POINT('',#3998);
#1200=VERTEX_POINT('',#4000);
#1201=VERTEX_POINT('',#4004);
#1202=VERTEX_POINT('',#4006);
#1203=VERTEX_POINT('',#4010);
#1204=VERTEX_POINT('',#4012);
#1205=VERTEX_POINT('',#4016);
#1206=VERTEX_POINT('',#4018);
#1207=VERTEX_POINT('',#4022);
#1208=VERTEX_POINT('',#4024);
#1209=VERTEX_POINT('',#4028);
#1210=VERTEX_POINT('',#4030);
#1211=VERTEX_POINT('',#4034);
#1212=VERTEX_POINT('',#4036);
#1213=VERTEX_POINT('',#4040);
#1214=VERTEX_POINT('',#4042);
#1215=VERTEX_POINT('',#4046);
#1216=VERTEX_POINT('',#4048);
#1217=VERTEX_POINT('',#4052);
#1218=VERTEX_POINT('',#4054);
#1219=VERTEX_POINT('',#4058);
#1220=VERTEX_POINT('',#4060);
#1221=VERTEX_POINT('',#4064);
#1222=VERTEX_POINT('',#4066);
#1223=VERTEX_POINT('',#4070);
#1224=VERTEX_POINT('',#4072);
#1225=VERTEX_POINT('',#4076);
#1226=VERTEX_POINT('',#4078);
#1227=VERTEX_POINT('',#4082);
#1228=VERTEX_POINT('',#4084);
#1229=VERTEX_POINT('',#4088);
#1230=VERTEX_POINT('',#4090);
#1231=VERTEX_POINT('',#4094);
#1232=VERTEX_POINT('',#4096);
#1233=VERTEX_POINT('',#4100);
#1234=VERTEX_POINT('',#4102);
#1235=VERTEX_POINT('',#4106);
#1236=VERTEX_POINT('',#4108);
#1237=VERTEX_POINT('',#4112);
#1238=VERTEX_POINT('',#4114);
#1239=VERTEX_POINT('',#4118);
#1240=VERTEX_POINT('',#4120);
#1241=VERTEX_POINT('',#4124);
#1242=VERTEX_POINT('',#4126);
#1243=VERTEX_POINT('',#4130);
#1244=VERTEX_POINT('',#4132);
#1245=VERTEX_POINT('',#4136);
#1246=VERTEX_POINT('',#4138);
#1247=VERTEX_POINT('',#4142);
#1248=VERTEX_POINT('',#4144);
#1249=VERTEX_POINT('',#4148);
#1250=VERTEX_POINT('',#4150);
#1251=VERTEX_POINT('',#4154);
#1252=VERTEX_POINT('',#4156);
#1253=VERTEX_POINT('',#4160);
#1254=VERTEX_POINT('',#4162);
#1255=VERTEX_POINT('',#4166);
#1256=VERTEX_POINT('',#4168);
#1257=VERTEX_POINT('',#4172);
#1258=VERTEX_POINT('',#4174);
#1259=VERTEX_POINT('',#4178);
#1260=VERTEX_POINT('',#4180);
#1261=VERTEX_POINT('',#4184);
#1262=VERTEX_POINT('',#4186);
#1263=VERTEX_POINT('',#4190);
#1264=VERTEX_POINT('',#4192);
#1265=VERTEX_POINT('',#4196);
#1266=VERTEX_POINT('',#4198);
#1267=VERTEX_POINT('',#4202);
#1268=VERTEX_POINT('',#4204);
#1269=VERTEX_POINT('',#4208);
#1270=VERTEX_POINT('',#4210);
#1271=VERTEX_POINT('',#4214);
#1272=VERTEX_POINT('',#4216);
#1273=VERTEX_POINT('',#4220);
#1274=VERTEX_POINT('',#4222);
#1275=VERTEX_POINT('',#4226);
#1276=VERTEX_POINT('',#4228);
#1277=VERTEX_POINT('',#4232);
#1278=VERTEX_POINT('',#4234);
#1279=VERTEX_POINT('',#4238);
#1280=VERTEX_POINT('',#4240);
#1281=VERTEX_POINT('',#4244);
#1282=VERTEX_POINT('',#4246);
#1283=VERTEX_POINT('',#4250);
#1284=VERTEX_POINT('',#4252);
#1285=VERTEX_POINT('',#4256);
#1286=VERTEX_POINT('',#4258);
#1287=VERTEX_POINT('',#4262);
#1288=VERTEX_POINT('',#4264);
#1289=VERTEX_POINT('',#4268);
#1290=VERTEX_POINT('',#4270);
#1291=VERTEX_POINT('',#4274);
#1292=VERTEX_POINT('',#4276);
#1293=EDGE_CURVE('',#1037,#1038,#293,.T.);
#1294=EDGE_CURVE('',#1037,#1039,#294,.T.);
#1295=EDGE_CURVE('',#1040,#1039,#295,.T.);
#1296=EDGE_CURVE('',#1038,#1040,#296,.T.);
#1297=EDGE_CURVE('',#1038,#1041,#297,.T.);
#1298=EDGE_CURVE('',#1042,#1040,#298,.T.);
#1299=EDGE_CURVE('',#1041,#1042,#299,.T.);
#1300=EDGE_CURVE('',#1041,#1043,#300,.T.);
#1301=EDGE_CURVE('',#1044,#1042,#301,.T.);
#1302=EDGE_CURVE('',#1043,#1044,#302,.T.);
#1303=EDGE_CURVE('',#1043,#1045,#303,.T.);
#1304=EDGE_CURVE('',#1046,#1044,#304,.T.);
#1305=EDGE_CURVE('',#1045,#1046,#305,.T.);
#1306=EDGE_CURVE('',#1045,#1047,#306,.T.);
#1307=EDGE_CURVE('',#1048,#1046,#307,.T.);
#1308=EDGE_CURVE('',#1047,#1048,#308,.T.);
#1309=EDGE_CURVE('',#1047,#1049,#309,.T.);
#1310=EDGE_CURVE('',#1050,#1048,#310,.T.);
#1311=EDGE_CURVE('',#1049,#1050,#311,.T.);
#1312=EDGE_CURVE('',#1049,#1051,#312,.T.);
#1313=EDGE_CURVE('',#1052,#1050,#313,.T.);
#1314=EDGE_CURVE('',#1051,#1052,#314,.T.);
#1315=EDGE_CURVE('',#1051,#1053,#315,.T.);
#1316=EDGE_CURVE('',#1054,#1052,#316,.T.);
#1317=EDGE_CURVE('',#1053,#1054,#317,.T.);
#1318=EDGE_CURVE('',#1053,#1055,#318,.T.);
#1319=EDGE_CURVE('',#1056,#1054,#319,.T.);
#1320=EDGE_CURVE('',#1055,#1056,#320,.T.);
#1321=EDGE_CURVE('',#1055,#1057,#321,.T.);
#1322=EDGE_CURVE('',#1058,#1056,#322,.T.);
#1323=EDGE_CURVE('',#1057,#1058,#323,.T.);
#1324=EDGE_CURVE('',#1057,#1059,#324,.T.);
#1325=EDGE_CURVE('',#1060,#1058,#325,.T.);
#1326=EDGE_CURVE('',#1059,#1060,#326,.T.);
#1327=EDGE_CURVE('',#1059,#1061,#327,.T.);
#1328=EDGE_CURVE('',#1062,#1060,#328,.T.);
#1329=EDGE_CURVE('',#1061,#1062,#329,.T.);
#1330=EDGE_CURVE('',#1061,#1063,#330,.T.);
#1331=EDGE_CURVE('',#1064,#1062,#331,.T.);
#1332=EDGE_CURVE('',#1063,#1064,#332,.T.);
#1333=EDGE_CURVE('',#1063,#1065,#333,.T.);
#1334=EDGE_CURVE('',#1066,#1064,#334,.T.);
#1335=EDGE_CURVE('',#1065,#1066,#335,.T.);
#1336=EDGE_CURVE('',#1065,#1067,#15,.T.);
#1337=EDGE_CURVE('',#1068,#1066,#16,.T.);
#1338=EDGE_CURVE('',#1067,#1068,#336,.T.);
#1339=EDGE_CURVE('',#1067,#1069,#337,.T.);
#1340=EDGE_CURVE('',#1070,#1068,#338,.T.);
#1341=EDGE_CURVE('',#1069,#1070,#339,.T.);
#1342=EDGE_CURVE('',#1069,#1071,#340,.T.);
#1343=EDGE_CURVE('',#1072,#1070,#341,.T.);
#1344=EDGE_CURVE('',#1071,#1072,#342,.T.);
#1345=EDGE_CURVE('',#1071,#1073,#343,.T.);
#1346=EDGE_CURVE('',#1074,#1072,#344,.T.);
#1347=EDGE_CURVE('',#1073,#1074,#345,.T.);
#1348=EDGE_CURVE('',#1073,#1075,#346,.T.);
#1349=EDGE_CURVE('',#1076,#1074,#347,.T.);
#1350=EDGE_CURVE('',#1075,#1076,#348,.T.);
#1351=EDGE_CURVE('',#1075,#1077,#349,.T.);
#1352=EDGE_CURVE('',#1078,#1076,#350,.T.);
#1353=EDGE_CURVE('',#1077,#1078,#351,.T.);
#1354=EDGE_CURVE('',#1077,#1079,#352,.T.);
#1355=EDGE_CURVE('',#1080,#1078,#353,.T.);
#1356=EDGE_CURVE('',#1079,#1080,#354,.T.);
#1357=EDGE_CURVE('',#1079,#1081,#355,.T.);
#1358=EDGE_CURVE('',#1082,#1080,#356,.T.);
#1359=EDGE_CURVE('',#1081,#1082,#357,.T.);
#1360=EDGE_CURVE('',#1081,#1083,#358,.T.);
#1361=EDGE_CURVE('',#1084,#1082,#359,.T.);
#1362=EDGE_CURVE('',#1083,#1084,#360,.T.);
#1363=EDGE_CURVE('',#1083,#1085,#361,.T.);
#1364=EDGE_CURVE('',#1086,#1084,#362,.T.);
#1365=EDGE_CURVE('',#1085,#1086,#363,.T.);
#1366=EDGE_CURVE('',#1085,#1087,#364,.T.);
#1367=EDGE_CURVE('',#1088,#1086,#365,.T.);
#1368=EDGE_CURVE('',#1087,#1088,#366,.T.);
#1369=EDGE_CURVE('',#1087,#1089,#367,.T.);
#1370=EDGE_CURVE('',#1090,#1088,#368,.T.);
#1371=EDGE_CURVE('',#1089,#1090,#369,.T.);
#1372=EDGE_CURVE('',#1089,#1091,#370,.T.);
#1373=EDGE_CURVE('',#1092,#1090,#371,.T.);
#1374=EDGE_CURVE('',#1091,#1092,#372,.T.);
#1375=EDGE_CURVE('',#1091,#1093,#373,.T.);
#1376=EDGE_CURVE('',#1094,#1092,#374,.T.);
#1377=EDGE_CURVE('',#1093,#1094,#375,.T.);
#1378=EDGE_CURVE('',#1093,#1095,#376,.T.);
#1379=EDGE_CURVE('',#1096,#1094,#377,.T.);
#1380=EDGE_CURVE('',#1095,#1096,#378,.T.);
#1381=EDGE_CURVE('',#1095,#1097,#379,.T.);
#1382=EDGE_CURVE('',#1098,#1096,#380,.T.);
#1383=EDGE_CURVE('',#1097,#1098,#381,.T.);
#1384=EDGE_CURVE('',#1097,#1099,#382,.T.);
#1385=EDGE_CURVE('',#1100,#1098,#383,.T.);
#1386=EDGE_CURVE('',#1099,#1100,#384,.T.);
#1387=EDGE_CURVE('',#1099,#1101,#385,.T.);
#1388=EDGE_CURVE('',#1102,#1100,#386,.T.);
#1389=EDGE_CURVE('',#1101,#1102,#387,.T.);
#1390=EDGE_CURVE('',#1101,#1103,#388,.T.);
#1391=EDGE_CURVE('',#1104,#1102,#389,.T.);
#1392=EDGE_CURVE('',#1103,#1104,#390,.T.);
#1393=EDGE_CURVE('',#1103,#1105,#391,.T.);
#1394=EDGE_CURVE('',#1106,#1104,#392,.T.);
#1395=EDGE_CURVE('',#1105,#1106,#393,.T.);
#1396=EDGE_CURVE('',#1105,#1107,#394,.T.);
#1397=EDGE_CURVE('',#1108,#1106,#395,.T.);
#1398=EDGE_CURVE('',#1107,#1108,#396,.T.);
#1399=EDGE_CURVE('',#1107,#1109,#17,.T.);
#1400=EDGE_CURVE('',#1110,#1108,#18,.T.);
#1401=EDGE_CURVE('',#1109,#1110,#397,.T.);
#1402=EDGE_CURVE('',#1109,#1111,#398,.T.);
#1403=EDGE_CURVE('',#1112,#1110,#399,.T.);
#1404=EDGE_CURVE('',#1111,#1112,#400,.T.);
#1405=EDGE_CURVE('',#1111,#1113,#401,.T.);
#1406=EDGE_CURVE('',#1114,#1112,#402,.T.);
#1407=EDGE_CURVE('',#1113,#1114,#403,.T.);
#1408=EDGE_CURVE('',#1113,#1115,#404,.T.);
#1409=EDGE_CURVE('',#1116,#1114,#405,.T.);
#1410=EDGE_CURVE('',#1115,#1116,#406,.T.);
#1411=EDGE_CURVE('',#1115,#1117,#407,.T.);
#1412=EDGE_CURVE('',#1118,#1116,#408,.T.);
#1413=EDGE_CURVE('',#1117,#1118,#409,.T.);
#1414=EDGE_CURVE('',#1117,#1119,#410,.T.);
#1415=EDGE_CURVE('',#1120,#1118,#411,.T.);
#1416=EDGE_CURVE('',#1119,#1120,#412,.T.);
#1417=EDGE_CURVE('',#1119,#1121,#413,.T.);
#1418=EDGE_CURVE('',#1122,#1120,#414,.T.);
#1419=EDGE_CURVE('',#1121,#1122,#415,.T.);
#1420=EDGE_CURVE('',#1121,#1123,#416,.T.);
#1421=EDGE_CURVE('',#1124,#1122,#417,.T.);
#1422=EDGE_CURVE('',#1123,#1124,#418,.T.);
#1423=EDGE_CURVE('',#1123,#1125,#419,.T.);
#1424=EDGE_CURVE('',#1126,#1124,#420,.T.);
#1425=EDGE_CURVE('',#1125,#1126,#421,.T.);
#1426=EDGE_CURVE('',#1125,#1127,#422,.T.);
#1427=EDGE_CURVE('',#1128,#1126,#423,.T.);
#1428=EDGE_CURVE('',#1127,#1128,#424,.T.);
#1429=EDGE_CURVE('',#1127,#1129,#425,.T.);
#1430=EDGE_CURVE('',#1130,#1128,#426,.T.);
#1431=EDGE_CURVE('',#1129,#1130,#427,.T.);
#1432=EDGE_CURVE('',#1129,#1131,#428,.T.);
#1433=EDGE_CURVE('',#1132,#1130,#429,.T.);
#1434=EDGE_CURVE('',#1131,#1132,#430,.T.);
#1435=EDGE_CURVE('',#1131,#1133,#431,.T.);
#1436=EDGE_CURVE('',#1134,#1132,#432,.T.);
#1437=EDGE_CURVE('',#1133,#1134,#433,.T.);
#1438=EDGE_CURVE('',#1133,#1135,#434,.T.);
#1439=EDGE_CURVE('',#1136,#1134,#435,.T.);
#1440=EDGE_CURVE('',#1135,#1136,#436,.T.);
#1441=EDGE_CURVE('',#1135,#1137,#437,.T.);
#1442=EDGE_CURVE('',#1138,#1136,#438,.T.);
#1443=EDGE_CURVE('',#1137,#1138,#439,.T.);
#1444=EDGE_CURVE('',#1137,#1139,#440,.T.);
#1445=EDGE_CURVE('',#1140,#1138,#441,.T.);
#1446=EDGE_CURVE('',#1139,#1140,#442,.T.);
#1447=EDGE_CURVE('',#1139,#1141,#443,.T.);
#1448=EDGE_CURVE('',#1142,#1140,#444,.T.);
#1449=EDGE_CURVE('',#1141,#1142,#445,.T.);
#1450=EDGE_CURVE('',#1141,#1143,#446,.T.);
#1451=EDGE_CURVE('',#1144,#1142,#447,.T.);
#1452=EDGE_CURVE('',#1143,#1144,#448,.T.);
#1453=EDGE_CURVE('',#1143,#1145,#449,.T.);
#1454=EDGE_CURVE('',#1146,#1144,#450,.T.);
#1455=EDGE_CURVE('',#1145,#1146,#451,.T.);
#1456=EDGE_CURVE('',#1145,#1147,#452,.T.);
#1457=EDGE_CURVE('',#1148,#1146,#453,.T.);
#1458=EDGE_CURVE('',#1147,#1148,#454,.T.);
#1459=EDGE_CURVE('',#1147,#1149,#455,.T.);
#1460=EDGE_CURVE('',#1150,#1148,#456,.T.);
#1461=EDGE_CURVE('',#1149,#1150,#457,.T.);
#1462=EDGE_CURVE('',#1149,#1151,#458,.T.);
#1463=EDGE_CURVE('',#1152,#1150,#459,.T.);
#1464=EDGE_CURVE('',#1151,#1152,#460,.T.);
#1465=EDGE_CURVE('',#1151,#1153,#461,.T.);
#1466=EDGE_CURVE('',#1154,#1152,#462,.T.);
#1467=EDGE_CURVE('',#1153,#1154,#463,.T.);
#1468=EDGE_CURVE('',#1153,#1155,#464,.T.);
#1469=EDGE_CURVE('',#1156,#1154,#465,.T.);
#1470=EDGE_CURVE('',#1155,#1156,#466,.T.);
#1471=EDGE_CURVE('',#1155,#1157,#467,.T.);
#1472=EDGE_CURVE('',#1158,#1156,#468,.T.);
#1473=EDGE_CURVE('',#1157,#1158,#469,.T.);
#1474=EDGE_CURVE('',#1157,#1159,#470,.T.);
#1475=EDGE_CURVE('',#1160,#1158,#471,.T.);
#1476=EDGE_CURVE('',#1159,#1160,#472,.T.);
#1477=EDGE_CURVE('',#1159,#1161,#473,.T.);
#1478=EDGE_CURVE('',#1162,#1160,#474,.T.);
#1479=EDGE_CURVE('',#1161,#1162,#475,.T.);
#1480=EDGE_CURVE('',#1161,#1163,#476,.T.);
#1481=EDGE_CURVE('',#1164,#1162,#477,.T.);
#1482=EDGE_CURVE('',#1163,#1164,#478,.T.);
#1483=EDGE_CURVE('',#1163,#1165,#479,.T.);
#1484=EDGE_CURVE('',#1166,#1164,#480,.T.);
#1485=EDGE_CURVE('',#1165,#1166,#481,.T.);
#1486=EDGE_CURVE('',#1165,#1167,#482,.T.);
#1487=EDGE_CURVE('',#1168,#1166,#483,.T.);
#1488=EDGE_CURVE('',#1167,#1168,#484,.T.);
#1489=EDGE_CURVE('',#1167,#1169,#485,.T.);
#1490=EDGE_CURVE('',#1170,#1168,#486,.T.);
#1491=EDGE_CURVE('',#1169,#1170,#487,.T.);
#1492=EDGE_CURVE('',#1169,#1171,#488,.T.);
#1493=EDGE_CURVE('',#1172,#1170,#489,.T.);
#1494=EDGE_CURVE('',#1171,#1172,#490,.T.);
#1495=EDGE_CURVE('',#1171,#1173,#491,.T.);
#1496=EDGE_CURVE('',#1174,#1172,#492,.T.);
#1497=EDGE_CURVE('',#1173,#1174,#493,.T.);
#1498=EDGE_CURVE('',#1173,#1175,#494,.T.);
#1499=EDGE_CURVE('',#1176,#1174,#495,.T.);
#1500=EDGE_CURVE('',#1175,#1176,#496,.T.);
#1501=EDGE_CURVE('',#1175,#1177,#497,.T.);
#1502=EDGE_CURVE('',#1178,#1176,#498,.T.);
#1503=EDGE_CURVE('',#1177,#1178,#499,.T.);
#1504=EDGE_CURVE('',#1177,#1179,#500,.T.);
#1505=EDGE_CURVE('',#1180,#1178,#501,.T.);
#1506=EDGE_CURVE('',#1179,#1180,#502,.T.);
#1507=EDGE_CURVE('',#1179,#1181,#503,.T.);
#1508=EDGE_CURVE('',#1182,#1180,#504,.T.);
#1509=EDGE_CURVE('',#1181,#1182,#505,.T.);
#1510=EDGE_CURVE('',#1181,#1183,#506,.T.);
#1511=EDGE_CURVE('',#1184,#1182,#507,.T.);
#1512=EDGE_CURVE('',#1183,#1184,#508,.T.);
#1513=EDGE_CURVE('',#1183,#1185,#509,.T.);
#1514=EDGE_CURVE('',#1186,#1184,#510,.T.);
#1515=EDGE_CURVE('',#1185,#1186,#511,.T.);
#1516=EDGE_CURVE('',#1185,#1187,#512,.T.);
#1517=EDGE_CURVE('',#1188,#1186,#513,.T.);
#1518=EDGE_CURVE('',#1187,#1188,#514,.T.);
#1519=EDGE_CURVE('',#1187,#1189,#515,.T.);
#1520=EDGE_CURVE('',#1190,#1188,#516,.T.);
#1521=EDGE_CURVE('',#1189,#1190,#517,.T.);
#1522=EDGE_CURVE('',#1189,#1191,#518,.T.);
#1523=EDGE_CURVE('',#1192,#1190,#519,.T.);
#1524=EDGE_CURVE('',#1191,#1192,#520,.T.);
#1525=EDGE_CURVE('',#1191,#1193,#521,.T.);
#1526=EDGE_CURVE('',#1194,#1192,#522,.T.);
#1527=EDGE_CURVE('',#1193,#1194,#523,.T.);
#1528=EDGE_CURVE('',#1193,#1195,#524,.T.);
#1529=EDGE_CURVE('',#1196,#1194,#525,.T.);
#1530=EDGE_CURVE('',#1195,#1196,#526,.T.);
#1531=EDGE_CURVE('',#1195,#1197,#527,.T.);
#1532=EDGE_CURVE('',#1198,#1196,#528,.T.);
#1533=EDGE_CURVE('',#1197,#1198,#529,.T.);
#1534=EDGE_CURVE('',#1197,#1199,#530,.T.);
#1535=EDGE_CURVE('',#1200,#1198,#531,.T.);
#1536=EDGE_CURVE('',#1199,#1200,#532,.T.);
#1537=EDGE_CURVE('',#1201,#1199,#19,.T.);
#1538=EDGE_CURVE('',#1202,#1200,#20,.T.);
#1539=EDGE_CURVE('',#1201,#1202,#533,.T.);
#1540=EDGE_CURVE('',#1201,#1203,#534,.T.);
#1541=EDGE_CURVE('',#1204,#1202,#535,.T.);
#1542=EDGE_CURVE('',#1203,#1204,#536,.T.);
#1543=EDGE_CURVE('',#1203,#1205,#537,.T.);
#1544=EDGE_CURVE('',#1206,#1204,#538,.T.);
#1545=EDGE_CURVE('',#1205,#1206,#539,.T.);
#1546=EDGE_CURVE('',#1205,#1207,#540,.T.);
#1547=EDGE_CURVE('',#1208,#1206,#541,.T.);
#1548=EDGE_CURVE('',#1207,#1208,#542,.T.);
#1549=EDGE_CURVE('',#1207,#1209,#543,.T.);
#1550=EDGE_CURVE('',#1210,#1208,#544,.T.);
#1551=EDGE_CURVE('',#1209,#1210,#545,.T.);
#1552=EDGE_CURVE('',#1209,#1211,#546,.T.);
#1553=EDGE_CURVE('',#1212,#1210,#547,.T.);
#1554=EDGE_CURVE('',#1211,#1212,#548,.T.);
#1555=EDGE_CURVE('',#1211,#1213,#549,.T.);
#1556=EDGE_CURVE('',#1214,#1212,#550,.T.);
#1557=EDGE_CURVE('',#1213,#1214,#551,.T.);
#1558=EDGE_CURVE('',#1215,#1213,#21,.T.);
#1559=EDGE_CURVE('',#1216,#1214,#22,.T.);
#1560=EDGE_CURVE('',#1215,#1216,#552,.T.);
#1561=EDGE_CURVE('',#1215,#1217,#553,.T.);
#1562=EDGE_CURVE('',#1218,#1216,#554,.T.);
#1563=EDGE_CURVE('',#1217,#1218,#555,.T.);
#1564=EDGE_CURVE('',#1217,#1219,#556,.T.);
#1565=EDGE_CURVE('',#1220,#1218,#557,.T.);
#1566=EDGE_CURVE('',#1219,#1220,#558,.T.);
#1567=EDGE_CURVE('',#1219,#1221,#559,.T.);
#1568=EDGE_CURVE('',#1222,#1220,#560,.T.);
#1569=EDGE_CURVE('',#1221,#1222,#561,.T.);
#1570=EDGE_CURVE('',#1221,#1223,#562,.T.);
#1571=EDGE_CURVE('',#1224,#1222,#563,.T.);
#1572=EDGE_CURVE('',#1223,#1224,#564,.T.);
#1573=EDGE_CURVE('',#1223,#1225,#565,.T.);
#1574=EDGE_CURVE('',#1226,#1224,#566,.T.);
#1575=EDGE_CURVE('',#1225,#1226,#567,.T.);
#1576=EDGE_CURVE('',#1225,#1227,#568,.T.);
#1577=EDGE_CURVE('',#1228,#1226,#569,.T.);
#1578=EDGE_CURVE('',#1227,#1228,#570,.T.);
#1579=EDGE_CURVE('',#1227,#1229,#571,.T.);
#1580=EDGE_CURVE('',#1230,#1228,#572,.T.);
#1581=EDGE_CURVE('',#1229,#1230,#573,.T.);
#1582=EDGE_CURVE('',#1229,#1231,#574,.T.);
#1583=EDGE_CURVE('',#1232,#1230,#575,.T.);
#1584=EDGE_CURVE('',#1231,#1232,#576,.T.);
#1585=EDGE_CURVE('',#1231,#1233,#577,.T.);
#1586=EDGE_CURVE('',#1234,#1232,#578,.T.);
#1587=EDGE_CURVE('',#1233,#1234,#579,.T.);
#1588=EDGE_CURVE('',#1233,#1235,#580,.T.);
#1589=EDGE_CURVE('',#1236,#1234,#581,.T.);
#1590=EDGE_CURVE('',#1235,#1236,#582,.T.);
#1591=EDGE_CURVE('',#1235,#1237,#583,.T.);
#1592=EDGE_CURVE('',#1238,#1236,#584,.T.);
#1593=EDGE_CURVE('',#1237,#1238,#585,.T.);
#1594=EDGE_CURVE('',#1237,#1239,#586,.T.);
#1595=EDGE_CURVE('',#1240,#1238,#587,.T.);
#1596=EDGE_CURVE('',#1239,#1240,#588,.T.);
#1597=EDGE_CURVE('',#1239,#1241,#589,.T.);
#1598=EDGE_CURVE('',#1242,#1240,#590,.T.);
#1599=EDGE_CURVE('',#1241,#1242,#591,.T.);
#1600=EDGE_CURVE('',#1241,#1243,#592,.T.);
#1601=EDGE_CURVE('',#1244,#1242,#593,.T.);
#1602=EDGE_CURVE('',#1243,#1244,#594,.T.);
#1603=EDGE_CURVE('',#1243,#1245,#595,.T.);
#1604=EDGE_CURVE('',#1246,#1244,#596,.T.);
#1605=EDGE_CURVE('',#1245,#1246,#597,.T.);
#1606=EDGE_CURVE('',#1245,#1247,#598,.T.);
#1607=EDGE_CURVE('',#1248,#1246,#599,.T.);
#1608=EDGE_CURVE('',#1247,#1248,#600,.T.);
#1609=EDGE_CURVE('',#1247,#1249,#601,.T.);
#1610=EDGE_CURVE('',#1250,#1248,#602,.T.);
#1611=EDGE_CURVE('',#1249,#1250,#603,.T.);
#1612=EDGE_CURVE('',#1249,#1251,#604,.T.);
#1613=EDGE_CURVE('',#1252,#1250,#605,.T.);
#1614=EDGE_CURVE('',#1251,#1252,#606,.T.);
#1615=EDGE_CURVE('',#1251,#1253,#607,.T.);
#1616=EDGE_CURVE('',#1254,#1252,#608,.T.);
#1617=EDGE_CURVE('',#1253,#1254,#609,.T.);
#1618=EDGE_CURVE('',#1253,#1255,#610,.T.);
#1619=EDGE_CURVE('',#1256,#1254,#611,.T.);
#1620=EDGE_CURVE('',#1255,#1256,#612,.T.);
#1621=EDGE_CURVE('',#1255,#1257,#613,.T.);
#1622=EDGE_CURVE('',#1258,#1256,#614,.T.);
#1623=EDGE_CURVE('',#1257,#1258,#615,.T.);
#1624=EDGE_CURVE('',#1257,#1259,#616,.T.);
#1625=EDGE_CURVE('',#1260,#1258,#617,.T.);
#1626=EDGE_CURVE('',#1259,#1260,#618,.T.);
#1627=EDGE_CURVE('',#1259,#1261,#619,.T.);
#1628=EDGE_CURVE('',#1262,#1260,#620,.T.);
#1629=EDGE_CURVE('',#1261,#1262,#621,.T.);
#1630=EDGE_CURVE('',#1261,#1263,#622,.T.);
#1631=EDGE_CURVE('',#1264,#1262,#623,.T.);
#1632=EDGE_CURVE('',#1263,#1264,#624,.T.);
#1633=EDGE_CURVE('',#1263,#1265,#625,.T.);
#1634=EDGE_CURVE('',#1266,#1264,#626,.T.);
#1635=EDGE_CURVE('',#1265,#1266,#627,.T.);
#1636=EDGE_CURVE('',#1265,#1267,#628,.T.);
#1637=EDGE_CURVE('',#1268,#1266,#629,.T.);
#1638=EDGE_CURVE('',#1267,#1268,#630,.T.);
#1639=EDGE_CURVE('',#1267,#1269,#23,.T.);
#1640=EDGE_CURVE('',#1270,#1268,#24,.T.);
#1641=EDGE_CURVE('',#1269,#1270,#631,.T.);
#1642=EDGE_CURVE('',#1269,#1271,#632,.T.);
#1643=EDGE_CURVE('',#1272,#1270,#633,.T.);
#1644=EDGE_CURVE('',#1271,#1272,#634,.T.);
#1645=EDGE_CURVE('',#1271,#1273,#635,.T.);
#1646=EDGE_CURVE('',#1274,#1272,#636,.T.);
#1647=EDGE_CURVE('',#1273,#1274,#637,.T.);
#1648=EDGE_CURVE('',#1273,#1275,#638,.T.);
#1649=EDGE_CURVE('',#1276,#1274,#639,.T.);
#1650=EDGE_CURVE('',#1275,#1276,#640,.T.);
#1651=EDGE_CURVE('',#1275,#1277,#641,.T.);
#1652=EDGE_CURVE('',#1278,#1276,#642,.T.);
#1653=EDGE_CURVE('',#1277,#1278,#643,.T.);
#1654=EDGE_CURVE('',#1277,#1279,#644,.T.);
#1655=EDGE_CURVE('',#1280,#1278,#645,.T.);
#1656=EDGE_CURVE('',#1279,#1280,#646,.T.);
#1657=EDGE_CURVE('',#1279,#1281,#647,.T.);
#1658=EDGE_CURVE('',#1282,#1280,#648,.T.);
#1659=EDGE_CURVE('',#1281,#1282,#649,.T.);
#1660=EDGE_CURVE('',#1281,#1283,#650,.T.);
#1661=EDGE_CURVE('',#1284,#1282,#651,.T.);
#1662=EDGE_CURVE('',#1283,#1284,#652,.T.);
#1663=EDGE_CURVE('',#1283,#1285,#653,.T.);
#1664=EDGE_CURVE('',#1286,#1284,#654,.T.);
#1665=EDGE_CURVE('',#1285,#1286,#655,.T.);
#1666=EDGE_CURVE('',#1285,#1287,#656,.T.);
#1667=EDGE_CURVE('',#1288,#1286,#657,.T.);
#1668=EDGE_CURVE('',#1287,#1288,#658,.T.);
#1669=EDGE_CURVE('',#1287,#1289,#659,.T.);
#1670=EDGE_CURVE('',#1290,#1288,#660,.T.);
#1671=EDGE_CURVE('',#1289,#1290,#661,.T.);
#1672=EDGE_CURVE('',#1289,#1291,#662,.T.);
#1673=EDGE_CURVE('',#1292,#1290,#663,.T.);
#1674=EDGE_CURVE('',#1291,#1292,#664,.T.);
#1675=EDGE_CURVE('',#1037,#1291,#25,.T.);
#1676=EDGE_CURVE('',#1039,#1292,#26,.T.);
#1677=ORIENTED_EDGE('',*,*,#1293,.F.);
#1678=ORIENTED_EDGE('',*,*,#1294,.T.);
#1679=ORIENTED_EDGE('',*,*,#1295,.F.);
#1680=ORIENTED_EDGE('',*,*,#1296,.F.);
#1681=ORIENTED_EDGE('',*,*,#1297,.F.);
#1682=ORIENTED_EDGE('',*,*,#1296,.T.);
#1683=ORIENTED_EDGE('',*,*,#1298,.F.);
#1684=ORIENTED_EDGE('',*,*,#1299,.F.);
#1685=ORIENTED_EDGE('',*,*,#1300,.F.);
#1686=ORIENTED_EDGE('',*,*,#1299,.T.);
#1687=ORIENTED_EDGE('',*,*,#1301,.F.);
#1688=ORIENTED_EDGE('',*,*,#1302,.F.);
#1689=ORIENTED_EDGE('',*,*,#1303,.F.);
#1690=ORIENTED_EDGE('',*,*,#1302,.T.);
#1691=ORIENTED_EDGE('',*,*,#1304,.F.);
#1692=ORIENTED_EDGE('',*,*,#1305,.F.);
#1693=ORIENTED_EDGE('',*,*,#1306,.F.);
#1694=ORIENTED_EDGE('',*,*,#1305,.T.);
#1695=ORIENTED_EDGE('',*,*,#1307,.F.);
#1696=ORIENTED_EDGE('',*,*,#1308,.F.);
#1697=ORIENTED_EDGE('',*,*,#1309,.F.);
#1698=ORIENTED_EDGE('',*,*,#1308,.T.);
#1699=ORIENTED_EDGE('',*,*,#1310,.F.);
#1700=ORIENTED_EDGE('',*,*,#1311,.F.);
#1701=ORIENTED_EDGE('',*,*,#1312,.F.);
#1702=ORIENTED_EDGE('',*,*,#1311,.T.);
#1703=ORIENTED_EDGE('',*,*,#1313,.F.);
#1704=ORIENTED_EDGE('',*,*,#1314,.F.);
#1705=ORIENTED_EDGE('',*,*,#1315,.F.);
#1706=ORIENTED_EDGE('',*,*,#1314,.T.);
#1707=ORIENTED_EDGE('',*,*,#1316,.F.);
#1708=ORIENTED_EDGE('',*,*,#1317,.F.);
#1709=ORIENTED_EDGE('',*,*,#1318,.F.);
#1710=ORIENTED_EDGE('',*,*,#1317,.T.);
#1711=ORIENTED_EDGE('',*,*,#1319,.F.);
#1712=ORIENTED_EDGE('',*,*,#1320,.F.);
#1713=ORIENTED_EDGE('',*,*,#1321,.F.);
#1714=ORIENTED_EDGE('',*,*,#1320,.T.);
#1715=ORIENTED_EDGE('',*,*,#1322,.F.);
#1716=ORIENTED_EDGE('',*,*,#1323,.F.);
#1717=ORIENTED_EDGE('',*,*,#1324,.F.);
#1718=ORIENTED_EDGE('',*,*,#1323,.T.);
#1719=ORIENTED_EDGE('',*,*,#1325,.F.);
#1720=ORIENTED_EDGE('',*,*,#1326,.F.);
#1721=ORIENTED_EDGE('',*,*,#1327,.F.);
#1722=ORIENTED_EDGE('',*,*,#1326,.T.);
#1723=ORIENTED_EDGE('',*,*,#1328,.F.);
#1724=ORIENTED_EDGE('',*,*,#1329,.F.);
#1725=ORIENTED_EDGE('',*,*,#1330,.F.);
#1726=ORIENTED_EDGE('',*,*,#1329,.T.);
#1727=ORIENTED_EDGE('',*,*,#1331,.F.);
#1728=ORIENTED_EDGE('',*,*,#1332,.F.);
#1729=ORIENTED_EDGE('',*,*,#1333,.F.);
#1730=ORIENTED_EDGE('',*,*,#1332,.T.);
#1731=ORIENTED_EDGE('',*,*,#1334,.F.);
#1732=ORIENTED_EDGE('',*,*,#1335,.F.);
#1733=ORIENTED_EDGE('',*,*,#1336,.F.);
#1734=ORIENTED_EDGE('',*,*,#1335,.T.);
#1735=ORIENTED_EDGE('',*,*,#1337,.F.);
#1736=ORIENTED_EDGE('',*,*,#1338,.F.);
#1737=ORIENTED_EDGE('',*,*,#1339,.F.);
#1738=ORIENTED_EDGE('',*,*,#1338,.T.);
#1739=ORIENTED_EDGE('',*,*,#1340,.F.);
#1740=ORIENTED_EDGE('',*,*,#1341,.F.);
#1741=ORIENTED_EDGE('',*,*,#1342,.F.);
#1742=ORIENTED_EDGE('',*,*,#1341,.T.);
#1743=ORIENTED_EDGE('',*,*,#1343,.F.);
#1744=ORIENTED_EDGE('',*,*,#1344,.F.);
#1745=ORIENTED_EDGE('',*,*,#1345,.F.);
#1746=ORIENTED_EDGE('',*,*,#1344,.T.);
#1747=ORIENTED_EDGE('',*,*,#1346,.F.);
#1748=ORIENTED_EDGE('',*,*,#1347,.F.);
#1749=ORIENTED_EDGE('',*,*,#1348,.F.);
#1750=ORIENTED_EDGE('',*,*,#1347,.T.);
#1751=ORIENTED_EDGE('',*,*,#1349,.F.);
#1752=ORIENTED_EDGE('',*,*,#1350,.F.);
#1753=ORIENTED_EDGE('',*,*,#1351,.F.);
#1754=ORIENTED_EDGE('',*,*,#1350,.T.);
#1755=ORIENTED_EDGE('',*,*,#1352,.F.);
#1756=ORIENTED_EDGE('',*,*,#1353,.F.);
#1757=ORIENTED_EDGE('',*,*,#1354,.F.);
#1758=ORIENTED_EDGE('',*,*,#1353,.T.);
#1759=ORIENTED_EDGE('',*,*,#1355,.F.);
#1760=ORIENTED_EDGE('',*,*,#1356,.F.);
#1761=ORIENTED_EDGE('',*,*,#1357,.F.);
#1762=ORIENTED_EDGE('',*,*,#1356,.T.);
#1763=ORIENTED_EDGE('',*,*,#1358,.F.);
#1764=ORIENTED_EDGE('',*,*,#1359,.F.);
#1765=ORIENTED_EDGE('',*,*,#1360,.F.);
#1766=ORIENTED_EDGE('',*,*,#1359,.T.);
#1767=ORIENTED_EDGE('',*,*,#1361,.F.);
#1768=ORIENTED_EDGE('',*,*,#1362,.F.);
#1769=ORIENTED_EDGE('',*,*,#1363,.F.);
#1770=ORIENTED_EDGE('',*,*,#1362,.T.);
#1771=ORIENTED_EDGE('',*,*,#1364,.F.);
#1772=ORIENTED_EDGE('',*,*,#1365,.F.);
#1773=ORIENTED_EDGE('',*,*,#1366,.F.);
#1774=ORIENTED_EDGE('',*,*,#1365,.T.);
#1775=ORIENTED_EDGE('',*,*,#1367,.F.);
#1776=ORIENTED_EDGE('',*,*,#1368,.F.);
#1777=ORIENTED_EDGE('',*,*,#1369,.F.);
#1778=ORIENTED_EDGE('',*,*,#1368,.T.);
#1779=ORIENTED_EDGE('',*,*,#1370,.F.);
#1780=ORIENTED_EDGE('',*,*,#1371,.F.);
#1781=ORIENTED_EDGE('',*,*,#1372,.F.);
#1782=ORIENTED_EDGE('',*,*,#1371,.T.);
#1783=ORIENTED_EDGE('',*,*,#1373,.F.);
#1784=ORIENTED_EDGE('',*,*,#1374,.F.);
#1785=ORIENTED_EDGE('',*,*,#1375,.F.);
#1786=ORIENTED_EDGE('',*,*,#1374,.T.);
#1787=ORIENTED_EDGE('',*,*,#1376,.F.);
#1788=ORIENTED_EDGE('',*,*,#1377,.F.);
#1789=ORIENTED_EDGE('',*,*,#1378,.F.);
#1790=ORIENTED_EDGE('',*,*,#1377,.T.);
#1791=ORIENTED_EDGE('',*,*,#1379,.F.);
#1792=ORIENTED_EDGE('',*,*,#1380,.F.);
#1793=ORIENTED_EDGE('',*,*,#1381,.F.);
#1794=ORIENTED_EDGE('',*,*,#1380,.T.);
#1795=ORIENTED_EDGE('',*,*,#1382,.F.);
#1796=ORIENTED_EDGE('',*,*,#1383,.F.);
#1797=ORIENTED_EDGE('',*,*,#1384,.F.);
#1798=ORIENTED_EDGE('',*,*,#1383,.T.);
#1799=ORIENTED_EDGE('',*,*,#1385,.F.);
#1800=ORIENTED_EDGE('',*,*,#1386,.F.);
#1801=ORIENTED_EDGE('',*,*,#1387,.F.);
#1802=ORIENTED_EDGE('',*,*,#1386,.T.);
#1803=ORIENTED_EDGE('',*,*,#1388,.F.);
#1804=ORIENTED_EDGE('',*,*,#1389,.F.);
#1805=ORIENTED_EDGE('',*,*,#1390,.F.);
#1806=ORIENTED_EDGE('',*,*,#1389,.T.);
#1807=ORIENTED_EDGE('',*,*,#1391,.F.);
#1808=ORIENTED_EDGE('',*,*,#1392,.F.);
#1809=ORIENTED_EDGE('',*,*,#1393,.F.);
#1810=ORIENTED_EDGE('',*,*,#1392,.T.);
#1811=ORIENTED_EDGE('',*,*,#1394,.F.);
#1812=ORIENTED_EDGE('',*,*,#1395,.F.);
#1813=ORIENTED_EDGE('',*,*,#1396,.F.);
#1814=ORIENTED_EDGE('',*,*,#1395,.T.);
#1815=ORIENTED_EDGE('',*,*,#1397,.F.);
#1816=ORIENTED_EDGE('',*,*,#1398,.F.);
#1817=ORIENTED_EDGE('',*,*,#1399,.F.);
#1818=ORIENTED_EDGE('',*,*,#1398,.T.);
#1819=ORIENTED_EDGE('',*,*,#1400,.F.);
#1820=ORIENTED_EDGE('',*,*,#1401,.F.);
#1821=ORIENTED_EDGE('',*,*,#1402,.F.);
#1822=ORIENTED_EDGE('',*,*,#1401,.T.);
#1823=ORIENTED_EDGE('',*,*,#1403,.F.);
#1824=ORIENTED_EDGE('',*,*,#1404,.F.);
#1825=ORIENTED_EDGE('',*,*,#1405,.F.);
#1826=ORIENTED_EDGE('',*,*,#1404,.T.);
#1827=ORIENTED_EDGE('',*,*,#1406,.F.);
#1828=ORIENTED_EDGE('',*,*,#1407,.F.);
#1829=ORIENTED_EDGE('',*,*,#1408,.F.);
#1830=ORIENTED_EDGE('',*,*,#1407,.T.);
#1831=ORIENTED_EDGE('',*,*,#1409,.F.);
#1832=ORIENTED_EDGE('',*,*,#1410,.F.);
#1833=ORIENTED_EDGE('',*,*,#1411,.F.);
#1834=ORIENTED_EDGE('',*,*,#1410,.T.);
#1835=ORIENTED_EDGE('',*,*,#1412,.F.);
#1836=ORIENTED_EDGE('',*,*,#1413,.F.);
#1837=ORIENTED_EDGE('',*,*,#1414,.F.);
#1838=ORIENTED_EDGE('',*,*,#1413,.T.);
#1839=ORIENTED_EDGE('',*,*,#1415,.F.);
#1840=ORIENTED_EDGE('',*,*,#1416,.F.);
#1841=ORIENTED_EDGE('',*,*,#1417,.F.);
#1842=ORIENTED_EDGE('',*,*,#1416,.T.);
#1843=ORIENTED_EDGE('',*,*,#1418,.F.);
#1844=ORIENTED_EDGE('',*,*,#1419,.F.);
#1845=ORIENTED_EDGE('',*,*,#1420,.F.);
#1846=ORIENTED_EDGE('',*,*,#1419,.T.);
#1847=ORIENTED_EDGE('',*,*,#1421,.F.);
#1848=ORIENTED_EDGE('',*,*,#1422,.F.);
#1849=ORIENTED_EDGE('',*,*,#1423,.F.);
#1850=ORIENTED_EDGE('',*,*,#1422,.T.);
#1851=ORIENTED_EDGE('',*,*,#1424,.F.);
#1852=ORIENTED_EDGE('',*,*,#1425,.F.);
#1853=ORIENTED_EDGE('',*,*,#1426,.F.);
#1854=ORIENTED_EDGE('',*,*,#1425,.T.);
#1855=ORIENTED_EDGE('',*,*,#1427,.F.);
#1856=ORIENTED_EDGE('',*,*,#1428,.F.);
#1857=ORIENTED_EDGE('',*,*,#1429,.F.);
#1858=ORIENTED_EDGE('',*,*,#1428,.T.);
#1859=ORIENTED_EDGE('',*,*,#1430,.F.);
#1860=ORIENTED_EDGE('',*,*,#1431,.F.);
#1861=ORIENTED_EDGE('',*,*,#1432,.F.);
#1862=ORIENTED_EDGE('',*,*,#1431,.T.);
#1863=ORIENTED_EDGE('',*,*,#1433,.F.);
#1864=ORIENTED_EDGE('',*,*,#1434,.F.);
#1865=ORIENTED_EDGE('',*,*,#1435,.F.);
#1866=ORIENTED_EDGE('',*,*,#1434,.T.);
#1867=ORIENTED_EDGE('',*,*,#1436,.F.);
#1868=ORIENTED_EDGE('',*,*,#1437,.F.);
#1869=ORIENTED_EDGE('',*,*,#1438,.F.);
#1870=ORIENTED_EDGE('',*,*,#1437,.T.);
#1871=ORIENTED_EDGE('',*,*,#1439,.F.);
#1872=ORIENTED_EDGE('',*,*,#1440,.F.);
#1873=ORIENTED_EDGE('',*,*,#1441,.F.);
#1874=ORIENTED_EDGE('',*,*,#1440,.T.);
#1875=ORIENTED_EDGE('',*,*,#1442,.F.);
#1876=ORIENTED_EDGE('',*,*,#1443,.F.);
#1877=ORIENTED_EDGE('',*,*,#1444,.F.);
#1878=ORIENTED_EDGE('',*,*,#1443,.T.);
#1879=ORIENTED_EDGE('',*,*,#1445,.F.);
#1880=ORIENTED_EDGE('',*,*,#1446,.F.);
#1881=ORIENTED_EDGE('',*,*,#1447,.F.);
#1882=ORIENTED_EDGE('',*,*,#1446,.T.);
#1883=ORIENTED_EDGE('',*,*,#1448,.F.);
#1884=ORIENTED_EDGE('',*,*,#1449,.F.);
#1885=ORIENTED_EDGE('',*,*,#1450,.F.);
#1886=ORIENTED_EDGE('',*,*,#1449,.T.);
#1887=ORIENTED_EDGE('',*,*,#1451,.F.);
#1888=ORIENTED_EDGE('',*,*,#1452,.F.);
#1889=ORIENTED_EDGE('',*,*,#1453,.F.);
#1890=ORIENTED_EDGE('',*,*,#1452,.T.);
#1891=ORIENTED_EDGE('',*,*,#1454,.F.);
#1892=ORIENTED_EDGE('',*,*,#1455,.F.);
#1893=ORIENTED_EDGE('',*,*,#1456,.F.);
#1894=ORIENTED_EDGE('',*,*,#1455,.T.);
#1895=ORIENTED_EDGE('',*,*,#1457,.F.);
#1896=ORIENTED_EDGE('',*,*,#1458,.F.);
#1897=ORIENTED_EDGE('',*,*,#1459,.F.);
#1898=ORIENTED_EDGE('',*,*,#1458,.T.);
#1899=ORIENTED_EDGE('',*,*,#1460,.F.);
#1900=ORIENTED_EDGE('',*,*,#1461,.F.);
#1901=ORIENTED_EDGE('',*,*,#1462,.F.);
#1902=ORIENTED_EDGE('',*,*,#1461,.T.);
#1903=ORIENTED_EDGE('',*,*,#1463,.F.);
#1904=ORIENTED_EDGE('',*,*,#1464,.F.);
#1905=ORIENTED_EDGE('',*,*,#1465,.F.);
#1906=ORIENTED_EDGE('',*,*,#1464,.T.);
#1907=ORIENTED_EDGE('',*,*,#1466,.F.);
#1908=ORIENTED_EDGE('',*,*,#1467,.F.);
#1909=ORIENTED_EDGE('',*,*,#1468,.F.);
#1910=ORIENTED_EDGE('',*,*,#1467,.T.);
#1911=ORIENTED_EDGE('',*,*,#1469,.F.);
#1912=ORIENTED_EDGE('',*,*,#1470,.F.);
#1913=ORIENTED_EDGE('',*,*,#1471,.F.);
#1914=ORIENTED_EDGE('',*,*,#1470,.T.);
#1915=ORIENTED_EDGE('',*,*,#1472,.F.);
#1916=ORIENTED_EDGE('',*,*,#1473,.F.);
#1917=ORIENTED_EDGE('',*,*,#1474,.F.);
#1918=ORIENTED_EDGE('',*,*,#1473,.T.);
#1919=ORIENTED_EDGE('',*,*,#1475,.F.);
#1920=ORIENTED_EDGE('',*,*,#1476,.F.);
#1921=ORIENTED_EDGE('',*,*,#1477,.F.);
#1922=ORIENTED_EDGE('',*,*,#1476,.T.);
#1923=ORIENTED_EDGE('',*,*,#1478,.F.);
#1924=ORIENTED_EDGE('',*,*,#1479,.F.);
#1925=ORIENTED_EDGE('',*,*,#1480,.F.);
#1926=ORIENTED_EDGE('',*,*,#1479,.T.);
#1927=ORIENTED_EDGE('',*,*,#1481,.F.);
#1928=ORIENTED_EDGE('',*,*,#1482,.F.);
#1929=ORIENTED_EDGE('',*,*,#1483,.F.);
#1930=ORIENTED_EDGE('',*,*,#1482,.T.);
#1931=ORIENTED_EDGE('',*,*,#1484,.F.);
#1932=ORIENTED_EDGE('',*,*,#1485,.F.);
#1933=ORIENTED_EDGE('',*,*,#1486,.F.);
#1934=ORIENTED_EDGE('',*,*,#1485,.T.);
#1935=ORIENTED_EDGE('',*,*,#1487,.F.);
#1936=ORIENTED_EDGE('',*,*,#1488,.F.);
#1937=ORIENTED_EDGE('',*,*,#1489,.F.);
#1938=ORIENTED_EDGE('',*,*,#1488,.T.);
#1939=ORIENTED_EDGE('',*,*,#1490,.F.);
#1940=ORIENTED_EDGE('',*,*,#1491,.F.);
#1941=ORIENTED_EDGE('',*,*,#1492,.F.);
#1942=ORIENTED_EDGE('',*,*,#1491,.T.);
#1943=ORIENTED_EDGE('',*,*,#1493,.F.);
#1944=ORIENTED_EDGE('',*,*,#1494,.F.);
#1945=ORIENTED_EDGE('',*,*,#1495,.F.);
#1946=ORIENTED_EDGE('',*,*,#1494,.T.);
#1947=ORIENTED_EDGE('',*,*,#1496,.F.);
#1948=ORIENTED_EDGE('',*,*,#1497,.F.);
#1949=ORIENTED_EDGE('',*,*,#1498,.F.);
#1950=ORIENTED_EDGE('',*,*,#1497,.T.);
#1951=ORIENTED_EDGE('',*,*,#1499,.F.);
#1952=ORIENTED_EDGE('',*,*,#1500,.F.);
#1953=ORIENTED_EDGE('',*,*,#1501,.F.);
#1954=ORIENTED_EDGE('',*,*,#1500,.T.);
#1955=ORIENTED_EDGE('',*,*,#1502,.F.);
#1956=ORIENTED_EDGE('',*,*,#1503,.F.);
#1957=ORIENTED_EDGE('',*,*,#1504,.F.);
#1958=ORIENTED_EDGE('',*,*,#1503,.T.);
#1959=ORIENTED_EDGE('',*,*,#1505,.F.);
#1960=ORIENTED_EDGE('',*,*,#1506,.F.);
#1961=ORIENTED_EDGE('',*,*,#1507,.F.);
#1962=ORIENTED_EDGE('',*,*,#1506,.T.);
#1963=ORIENTED_EDGE('',*,*,#1508,.F.);
#1964=ORIENTED_EDGE('',*,*,#1509,.F.);
#1965=ORIENTED_EDGE('',*,*,#1510,.F.);
#1966=ORIENTED_EDGE('',*,*,#1509,.T.);
#1967=ORIENTED_EDGE('',*,*,#1511,.F.);
#1968=ORIENTED_EDGE('',*,*,#1512,.F.);
#1969=ORIENTED_EDGE('',*,*,#1513,.F.);
#1970=ORIENTED_EDGE('',*,*,#1512,.T.);
#1971=ORIENTED_EDGE('',*,*,#1514,.F.);
#1972=ORIENTED_EDGE('',*,*,#1515,.F.);
#1973=ORIENTED_EDGE('',*,*,#1516,.F.);
#1974=ORIENTED_EDGE('',*,*,#1515,.T.);
#1975=ORIENTED_EDGE('',*,*,#1517,.F.);
#1976=ORIENTED_EDGE('',*,*,#1518,.F.);
#1977=ORIENTED_EDGE('',*,*,#1519,.F.);
#1978=ORIENTED_EDGE('',*,*,#1518,.T.);
#1979=ORIENTED_EDGE('',*,*,#1520,.F.);
#1980=ORIENTED_EDGE('',*,*,#1521,.F.);
#1981=ORIENTED_EDGE('',*,*,#1522,.F.);
#1982=ORIENTED_EDGE('',*,*,#1521,.T.);
#1983=ORIENTED_EDGE('',*,*,#1523,.F.);
#1984=ORIENTED_EDGE('',*,*,#1524,.F.);
#1985=ORIENTED_EDGE('',*,*,#1525,.F.);
#1986=ORIENTED_EDGE('',*,*,#1524,.T.);
#1987=ORIENTED_EDGE('',*,*,#1526,.F.);
#1988=ORIENTED_EDGE('',*,*,#1527,.F.);
#1989=ORIENTED_EDGE('',*,*,#1528,.F.);
#1990=ORIENTED_EDGE('',*,*,#1527,.T.);
#1991=ORIENTED_EDGE('',*,*,#1529,.F.);
#1992=ORIENTED_EDGE('',*,*,#1530,.F.);
#1993=ORIENTED_EDGE('',*,*,#1531,.F.);
#1994=ORIENTED_EDGE('',*,*,#1530,.T.);
#1995=ORIENTED_EDGE('',*,*,#1532,.F.);
#1996=ORIENTED_EDGE('',*,*,#1533,.F.);
#1997=ORIENTED_EDGE('',*,*,#1534,.F.);
#1998=ORIENTED_EDGE('',*,*,#1533,.T.);
#1999=ORIENTED_EDGE('',*,*,#1535,.F.);
#2000=ORIENTED_EDGE('',*,*,#1536,.F.);
#2001=ORIENTED_EDGE('',*,*,#1537,.T.);
#2002=ORIENTED_EDGE('',*,*,#1536,.T.);
#2003=ORIENTED_EDGE('',*,*,#1538,.F.);
#2004=ORIENTED_EDGE('',*,*,#1539,.F.);
#2005=ORIENTED_EDGE('',*,*,#1540,.F.);
#2006=ORIENTED_EDGE('',*,*,#1539,.T.);
#2007=ORIENTED_EDGE('',*,*,#1541,.F.);
#2008=ORIENTED_EDGE('',*,*,#1542,.F.);
#2009=ORIENTED_EDGE('',*,*,#1543,.F.);
#2010=ORIENTED_EDGE('',*,*,#1542,.T.);
#2011=ORIENTED_EDGE('',*,*,#1544,.F.);
#2012=ORIENTED_EDGE('',*,*,#1545,.F.);
#2013=ORIENTED_EDGE('',*,*,#1546,.F.);
#2014=ORIENTED_EDGE('',*,*,#1545,.T.);
#2015=ORIENTED_EDGE('',*,*,#1547,.F.);
#2016=ORIENTED_EDGE('',*,*,#1548,.F.);
#2017=ORIENTED_EDGE('',*,*,#1549,.F.);
#2018=ORIENTED_EDGE('',*,*,#1548,.T.);
#2019=ORIENTED_EDGE('',*,*,#1550,.F.);
#2020=ORIENTED_EDGE('',*,*,#1551,.F.);
#2021=ORIENTED_EDGE('',*,*,#1552,.F.);
#2022=ORIENTED_EDGE('',*,*,#1551,.T.);
#2023=ORIENTED_EDGE('',*,*,#1553,.F.);
#2024=ORIENTED_EDGE('',*,*,#1554,.F.);
#2025=ORIENTED_EDGE('',*,*,#1555,.F.);
#2026=ORIENTED_EDGE('',*,*,#1554,.T.);
#2027=ORIENTED_EDGE('',*,*,#1556,.F.);
#2028=ORIENTED_EDGE('',*,*,#1557,.F.);
#2029=ORIENTED_EDGE('',*,*,#1558,.T.);
#2030=ORIENTED_EDGE('',*,*,#1557,.T.);
#2031=ORIENTED_EDGE('',*,*,#1559,.F.);
#2032=ORIENTED_EDGE('',*,*,#1560,.F.);
#2033=ORIENTED_EDGE('',*,*,#1561,.F.);
#2034=ORIENTED_EDGE('',*,*,#1560,.T.);
#2035=ORIENTED_EDGE('',*,*,#1562,.F.);
#2036=ORIENTED_EDGE('',*,*,#1563,.F.);
#2037=ORIENTED_EDGE('',*,*,#1564,.F.);
#2038=ORIENTED_EDGE('',*,*,#1563,.T.);
#2039=ORIENTED_EDGE('',*,*,#1565,.F.);
#2040=ORIENTED_EDGE('',*,*,#1566,.F.);
#2041=ORIENTED_EDGE('',*,*,#1567,.F.);
#2042=ORIENTED_EDGE('',*,*,#1566,.T.);
#2043=ORIENTED_EDGE('',*,*,#1568,.F.);
#2044=ORIENTED_EDGE('',*,*,#1569,.F.);
#2045=ORIENTED_EDGE('',*,*,#1570,.F.);
#2046=ORIENTED_EDGE('',*,*,#1569,.T.);
#2047=ORIENTED_EDGE('',*,*,#1571,.F.);
#2048=ORIENTED_EDGE('',*,*,#1572,.F.);
#2049=ORIENTED_EDGE('',*,*,#1573,.F.);
#2050=ORIENTED_EDGE('',*,*,#1572,.T.);
#2051=ORIENTED_EDGE('',*,*,#1574,.F.);
#2052=ORIENTED_EDGE('',*,*,#1575,.F.);
#2053=ORIENTED_EDGE('',*,*,#1576,.F.);
#2054=ORIENTED_EDGE('',*,*,#1575,.T.);
#2055=ORIENTED_EDGE('',*,*,#1577,.F.);
#2056=ORIENTED_EDGE('',*,*,#1578,.F.);
#2057=ORIENTED_EDGE('',*,*,#1579,.F.);
#2058=ORIENTED_EDGE('',*,*,#1578,.T.);
#2059=ORIENTED_EDGE('',*,*,#1580,.F.);
#2060=ORIENTED_EDGE('',*,*,#1581,.F.);
#2061=ORIENTED_EDGE('',*,*,#1582,.F.);
#2062=ORIENTED_EDGE('',*,*,#1581,.T.);
#2063=ORIENTED_EDGE('',*,*,#1583,.F.);
#2064=ORIENTED_EDGE('',*,*,#1584,.F.);
#2065=ORIENTED_EDGE('',*,*,#1585,.F.);
#2066=ORIENTED_EDGE('',*,*,#1584,.T.);
#2067=ORIENTED_EDGE('',*,*,#1586,.F.);
#2068=ORIENTED_EDGE('',*,*,#1587,.F.);
#2069=ORIENTED_EDGE('',*,*,#1588,.F.);
#2070=ORIENTED_EDGE('',*,*,#1587,.T.);
#2071=ORIENTED_EDGE('',*,*,#1589,.F.);
#2072=ORIENTED_EDGE('',*,*,#1590,.F.);
#2073=ORIENTED_EDGE('',*,*,#1591,.F.);
#2074=ORIENTED_EDGE('',*,*,#1590,.T.);
#2075=ORIENTED_EDGE('',*,*,#1592,.F.);
#2076=ORIENTED_EDGE('',*,*,#1593,.F.);
#2077=ORIENTED_EDGE('',*,*,#1594,.F.);
#2078=ORIENTED_EDGE('',*,*,#1593,.T.);
#2079=ORIENTED_EDGE('',*,*,#1595,.F.);
#2080=ORIENTED_EDGE('',*,*,#1596,.F.);
#2081=ORIENTED_EDGE('',*,*,#1597,.F.);
#2082=ORIENTED_EDGE('',*,*,#1596,.T.);
#2083=ORIENTED_EDGE('',*,*,#1598,.F.);
#2084=ORIENTED_EDGE('',*,*,#1599,.F.);
#2085=ORIENTED_EDGE('',*,*,#1600,.F.);
#2086=ORIENTED_EDGE('',*,*,#1599,.T.);
#2087=ORIENTED_EDGE('',*,*,#1601,.F.);
#2088=ORIENTED_EDGE('',*,*,#1602,.F.);
#2089=ORIENTED_EDGE('',*,*,#1603,.F.);
#2090=ORIENTED_EDGE('',*,*,#1602,.T.);
#2091=ORIENTED_EDGE('',*,*,#1604,.F.);
#2092=ORIENTED_EDGE('',*,*,#1605,.F.);
#2093=ORIENTED_EDGE('',*,*,#1606,.F.);
#2094=ORIENTED_EDGE('',*,*,#1605,.T.);
#2095=ORIENTED_EDGE('',*,*,#1607,.F.);
#2096=ORIENTED_EDGE('',*,*,#1608,.F.);
#2097=ORIENTED_EDGE('',*,*,#1609,.F.);
#2098=ORIENTED_EDGE('',*,*,#1608,.T.);
#2099=ORIENTED_EDGE('',*,*,#1610,.F.);
#2100=ORIENTED_EDGE('',*,*,#1611,.F.);
#2101=ORIENTED_EDGE('',*,*,#1612,.F.);
#2102=ORIENTED_EDGE('',*,*,#1611,.T.);
#2103=ORIENTED_EDGE('',*,*,#1613,.F.);
#2104=ORIENTED_EDGE('',*,*,#1614,.F.);
#2105=ORIENTED_EDGE('',*,*,#1615,.F.);
#2106=ORIENTED_EDGE('',*,*,#1614,.T.);
#2107=ORIENTED_EDGE('',*,*,#1616,.F.);
#2108=ORIENTED_EDGE('',*,*,#1617,.F.);
#2109=ORIENTED_EDGE('',*,*,#1618,.F.);
#2110=ORIENTED_EDGE('',*,*,#1617,.T.);
#2111=ORIENTED_EDGE('',*,*,#1619,.F.);
#2112=ORIENTED_EDGE('',*,*,#1620,.F.);
#2113=ORIENTED_EDGE('',*,*,#1621,.F.);
#2114=ORIENTED_EDGE('',*,*,#1620,.T.);
#2115=ORIENTED_EDGE('',*,*,#1622,.F.);
#2116=ORIENTED_EDGE('',*,*,#1623,.F.);
#2117=ORIENTED_EDGE('',*,*,#1624,.F.);
#2118=ORIENTED_EDGE('',*,*,#1623,.T.);
#2119=ORIENTED_EDGE('',*,*,#1625,.F.);
#2120=ORIENTED_EDGE('',*,*,#1626,.F.);
#2121=ORIENTED_EDGE('',*,*,#1627,.F.);
#2122=ORIENTED_EDGE('',*,*,#1626,.T.);
#2123=ORIENTED_EDGE('',*,*,#1628,.F.);
#2124=ORIENTED_EDGE('',*,*,#1629,.F.);
#2125=ORIENTED_EDGE('',*,*,#1630,.F.);
#2126=ORIENTED_EDGE('',*,*,#1629,.T.);
#2127=ORIENTED_EDGE('',*,*,#1631,.F.);
#2128=ORIENTED_EDGE('',*,*,#1632,.F.);
#2129=ORIENTED_EDGE('',*,*,#1633,.F.);
#2130=ORIENTED_EDGE('',*,*,#1632,.T.);
#2131=ORIENTED_EDGE('',*,*,#1634,.F.);
#2132=ORIENTED_EDGE('',*,*,#1635,.F.);
#2133=ORIENTED_EDGE('',*,*,#1636,.F.);
#2134=ORIENTED_EDGE('',*,*,#1635,.T.);
#2135=ORIENTED_EDGE('',*,*,#1637,.F.);
#2136=ORIENTED_EDGE('',*,*,#1638,.F.);
#2137=ORIENTED_EDGE('',*,*,#1639,.F.);
#2138=ORIENTED_EDGE('',*,*,#1638,.T.);
#2139=ORIENTED_EDGE('',*,*,#1640,.F.);
#2140=ORIENTED_EDGE('',*,*,#1641,.F.);
#2141=ORIENTED_EDGE('',*,*,#1642,.F.);
#2142=ORIENTED_EDGE('',*,*,#1641,.T.);
#2143=ORIENTED_EDGE('',*,*,#1643,.F.);
#2144=ORIENTED_EDGE('',*,*,#1644,.F.);
#2145=ORIENTED_EDGE('',*,*,#1645,.F.);
#2146=ORIENTED_EDGE('',*,*,#1644,.T.);
#2147=ORIENTED_EDGE('',*,*,#1646,.F.);
#2148=ORIENTED_EDGE('',*,*,#1647,.F.);
#2149=ORIENTED_EDGE('',*,*,#1648,.F.);
#2150=ORIENTED_EDGE('',*,*,#1647,.T.);
#2151=ORIENTED_EDGE('',*,*,#1649,.F.);
#2152=ORIENTED_EDGE('',*,*,#1650,.F.);
#2153=ORIENTED_EDGE('',*,*,#1651,.F.);
#2154=ORIENTED_EDGE('',*,*,#1650,.T.);
#2155=ORIENTED_EDGE('',*,*,#1652,.F.);
#2156=ORIENTED_EDGE('',*,*,#1653,.F.);
#2157=ORIENTED_EDGE('',*,*,#1654,.F.);
#2158=ORIENTED_EDGE('',*,*,#1653,.T.);
#2159=ORIENTED_EDGE('',*,*,#1655,.F.);
#2160=ORIENTED_EDGE('',*,*,#1656,.F.);
#2161=ORIENTED_EDGE('',*,*,#1657,.F.);
#2162=ORIENTED_EDGE('',*,*,#1656,.T.);
#2163=ORIENTED_EDGE('',*,*,#1658,.F.);
#2164=ORIENTED_EDGE('',*,*,#1659,.F.);
#2165=ORIENTED_EDGE('',*,*,#1660,.F.);
#2166=ORIENTED_EDGE('',*,*,#1659,.T.);
#2167=ORIENTED_EDGE('',*,*,#1661,.F.);
#2168=ORIENTED_EDGE('',*,*,#1662,.F.);
#2169=ORIENTED_EDGE('',*,*,#1663,.F.);
#2170=ORIENTED_EDGE('',*,*,#1662,.T.);
#2171=ORIENTED_EDGE('',*,*,#1664,.F.);
#2172=ORIENTED_EDGE('',*,*,#1665,.F.);
#2173=ORIENTED_EDGE('',*,*,#1666,.F.);
#2174=ORIENTED_EDGE('',*,*,#1665,.T.);
#2175=ORIENTED_EDGE('',*,*,#1667,.F.);
#2176=ORIENTED_EDGE('',*,*,#1668,.F.);
#2177=ORIENTED_EDGE('',*,*,#1669,.F.);
#2178=ORIENTED_EDGE('',*,*,#1668,.T.);
#2179=ORIENTED_EDGE('',*,*,#1670,.F.);
#2180=ORIENTED_EDGE('',*,*,#1671,.F.);
#2181=ORIENTED_EDGE('',*,*,#1672,.F.);
#2182=ORIENTED_EDGE('',*,*,#1671,.T.);
#2183=ORIENTED_EDGE('',*,*,#1673,.F.);
#2184=ORIENTED_EDGE('',*,*,#1674,.F.);
#2185=ORIENTED_EDGE('',*,*,#1675,.T.);
#2186=ORIENTED_EDGE('',*,*,#1674,.T.);
#2187=ORIENTED_EDGE('',*,*,#1676,.F.);
#2188=ORIENTED_EDGE('',*,*,#1294,.F.);
#2189=ORIENTED_EDGE('',*,*,#1676,.T.);
#2190=ORIENTED_EDGE('',*,*,#1673,.T.);
#2191=ORIENTED_EDGE('',*,*,#1670,.T.);
#2192=ORIENTED_EDGE('',*,*,#1667,.T.);
#2193=ORIENTED_EDGE('',*,*,#1664,.T.);
#2194=ORIENTED_EDGE('',*,*,#1661,.T.);
#2195=ORIENTED_EDGE('',*,*,#1658,.T.);
#2196=ORIENTED_EDGE('',*,*,#1655,.T.);
#2197=ORIENTED_EDGE('',*,*,#1652,.T.);
#2198=ORIENTED_EDGE('',*,*,#1649,.T.);
#2199=ORIENTED_EDGE('',*,*,#1646,.T.);
#2200=ORIENTED_EDGE('',*,*,#1643,.T.);
#2201=ORIENTED_EDGE('',*,*,#1640,.T.);
#2202=ORIENTED_EDGE('',*,*,#1637,.T.);
#2203=ORIENTED_EDGE('',*,*,#1634,.T.);
#2204=ORIENTED_EDGE('',*,*,#1631,.T.);
#2205=ORIENTED_EDGE('',*,*,#1628,.T.);
#2206=ORIENTED_EDGE('',*,*,#1625,.T.);
#2207=ORIENTED_EDGE('',*,*,#1622,.T.);
#2208=ORIENTED_EDGE('',*,*,#1619,.T.);
#2209=ORIENTED_EDGE('',*,*,#1616,.T.);
#2210=ORIENTED_EDGE('',*,*,#1613,.T.);
#2211=ORIENTED_EDGE('',*,*,#1610,.T.);
#2212=ORIENTED_EDGE('',*,*,#1607,.T.);
#2213=ORIENTED_EDGE('',*,*,#1604,.T.);
#2214=ORIENTED_EDGE('',*,*,#1601,.T.);
#2215=ORIENTED_EDGE('',*,*,#1598,.T.);
#2216=ORIENTED_EDGE('',*,*,#1595,.T.);
#2217=ORIENTED_EDGE('',*,*,#1592,.T.);
#2218=ORIENTED_EDGE('',*,*,#1589,.T.);
#2219=ORIENTED_EDGE('',*,*,#1586,.T.);
#2220=ORIENTED_EDGE('',*,*,#1583,.T.);
#2221=ORIENTED_EDGE('',*,*,#1580,.T.);
#2222=ORIENTED_EDGE('',*,*,#1577,.T.);
#2223=ORIENTED_EDGE('',*,*,#1574,.T.);
#2224=ORIENTED_EDGE('',*,*,#1571,.T.);
#2225=ORIENTED_EDGE('',*,*,#1568,.T.);
#2226=ORIENTED_EDGE('',*,*,#1565,.T.);
#2227=ORIENTED_EDGE('',*,*,#1562,.T.);
#2228=ORIENTED_EDGE('',*,*,#1559,.T.);
#2229=ORIENTED_EDGE('',*,*,#1556,.T.);
#2230=ORIENTED_EDGE('',*,*,#1553,.T.);
#2231=ORIENTED_EDGE('',*,*,#1550,.T.);
#2232=ORIENTED_EDGE('',*,*,#1547,.T.);
#2233=ORIENTED_EDGE('',*,*,#1544,.T.);
#2234=ORIENTED_EDGE('',*,*,#1541,.T.);
#2235=ORIENTED_EDGE('',*,*,#1538,.T.);
#2236=ORIENTED_EDGE('',*,*,#1535,.T.);
#2237=ORIENTED_EDGE('',*,*,#1532,.T.);
#2238=ORIENTED_EDGE('',*,*,#1529,.T.);
#2239=ORIENTED_EDGE('',*,*,#1526,.T.);
#2240=ORIENTED_EDGE('',*,*,#1523,.T.);
#2241=ORIENTED_EDGE('',*,*,#1520,.T.);
#2242=ORIENTED_EDGE('',*,*,#1517,.T.);
#2243=ORIENTED_EDGE('',*,*,#1514,.T.);
#2244=ORIENTED_EDGE('',*,*,#1511,.T.);
#2245=ORIENTED_EDGE('',*,*,#1508,.T.);
#2246=ORIENTED_EDGE('',*,*,#1505,.T.);
#2247=ORIENTED_EDGE('',*,*,#1502,.T.);
#2248=ORIENTED_EDGE('',*,*,#1499,.T.);
#2249=ORIENTED_EDGE('',*,*,#1496,.T.);
#2250=ORIENTED_EDGE('',*,*,#1493,.T.);
#2251=ORIENTED_EDGE('',*,*,#1490,.T.);
#2252=ORIENTED_EDGE('',*,*,#1487,.T.);
#2253=ORIENTED_EDGE('',*,*,#1484,.T.);
#2254=ORIENTED_EDGE('',*,*,#1481,.T.);
#2255=ORIENTED_EDGE('',*,*,#1478,.T.);
#2256=ORIENTED_EDGE('',*,*,#1475,.T.);
#2257=ORIENTED_EDGE('',*,*,#1472,.T.);
#2258=ORIENTED_EDGE('',*,*,#1469,.T.);
#2259=ORIENTED_EDGE('',*,*,#1466,.T.);
#2260=ORIENTED_EDGE('',*,*,#1463,.T.);
#2261=ORIENTED_EDGE('',*,*,#1460,.T.);
#2262=ORIENTED_EDGE('',*,*,#1457,.T.);
#2263=ORIENTED_EDGE('',*,*,#1454,.T.);
#2264=ORIENTED_EDGE('',*,*,#1451,.T.);
#2265=ORIENTED_EDGE('',*,*,#1448,.T.);
#2266=ORIENTED_EDGE('',*,*,#1445,.T.);
#2267=ORIENTED_EDGE('',*,*,#1442,.T.);
#2268=ORIENTED_EDGE('',*,*,#1439,.T.);
#2269=ORIENTED_EDGE('',*,*,#1436,.T.);
#2270=ORIENTED_EDGE('',*,*,#1433,.T.);
#2271=ORIENTED_EDGE('',*,*,#1430,.T.);
#2272=ORIENTED_EDGE('',*,*,#1427,.T.);
#2273=ORIENTED_EDGE('',*,*,#1424,.T.);
#2274=ORIENTED_EDGE('',*,*,#1421,.T.);
#2275=ORIENTED_EDGE('',*,*,#1418,.T.);
#2276=ORIENTED_EDGE('',*,*,#1415,.T.);
#2277=ORIENTED_EDGE('',*,*,#1412,.T.);
#2278=ORIENTED_EDGE('',*,*,#1409,.T.);
#2279=ORIENTED_EDGE('',*,*,#1406,.T.);
#2280=ORIENTED_EDGE('',*,*,#1403,.T.);
#2281=ORIENTED_EDGE('',*,*,#1400,.T.);
#2282=ORIENTED_EDGE('',*,*,#1397,.T.);
#2283=ORIENTED_EDGE('',*,*,#1394,.T.);
#2284=ORIENTED_EDGE('',*,*,#1391,.T.);
#2285=ORIENTED_EDGE('',*,*,#1388,.T.);
#2286=ORIENTED_EDGE('',*,*,#1385,.T.);
#2287=ORIENTED_EDGE('',*,*,#1382,.T.);
#2288=ORIENTED_EDGE('',*,*,#1379,.T.);
#2289=ORIENTED_EDGE('',*,*,#1376,.T.);
#2290=ORIENTED_EDGE('',*,*,#1373,.T.);
#2291=ORIENTED_EDGE('',*,*,#1370,.T.);
#2292=ORIENTED_EDGE('',*,*,#1367,.T.);
#2293=ORIENTED_EDGE('',*,*,#1364,.T.);
#2294=ORIENTED_EDGE('',*,*,#1361,.T.);
#2295=ORIENTED_EDGE('',*,*,#1358,.T.);
#2296=ORIENTED_EDGE('',*,*,#1355,.T.);
#2297=ORIENTED_EDGE('',*,*,#1352,.T.);
#2298=ORIENTED_EDGE('',*,*,#1349,.T.);
#2299=ORIENTED_EDGE('',*,*,#1346,.T.);
#2300=ORIENTED_EDGE('',*,*,#1343,.T.);
#2301=ORIENTED_EDGE('',*,*,#1340,.T.);
#2302=ORIENTED_EDGE('',*,*,#1337,.T.);
#2303=ORIENTED_EDGE('',*,*,#1334,.T.);
#2304=ORIENTED_EDGE('',*,*,#1331,.T.);
#2305=ORIENTED_EDGE('',*,*,#1328,.T.);
#2306=ORIENTED_EDGE('',*,*,#1325,.T.);
#2307=ORIENTED_EDGE('',*,*,#1322,.T.);
#2308=ORIENTED_EDGE('',*,*,#1319,.T.);
#2309=ORIENTED_EDGE('',*,*,#1316,.T.);
#2310=ORIENTED_EDGE('',*,*,#1313,.T.);
#2311=ORIENTED_EDGE('',*,*,#1310,.T.);
#2312=ORIENTED_EDGE('',*,*,#1307,.T.);
#2313=ORIENTED_EDGE('',*,*,#1304,.T.);
#2314=ORIENTED_EDGE('',*,*,#1301,.T.);
#2315=ORIENTED_EDGE('',*,*,#1298,.T.);
#2316=ORIENTED_EDGE('',*,*,#1295,.T.);
#2317=ORIENTED_EDGE('',*,*,#1675,.F.);
#2318=ORIENTED_EDGE('',*,*,#1293,.T.);
#2319=ORIENTED_EDGE('',*,*,#1297,.T.);
#2320=ORIENTED_EDGE('',*,*,#1300,.T.);
#2321=ORIENTED_EDGE('',*,*,#1303,.T.);
#2322=ORIENTED_EDGE('',*,*,#1306,.T.);
#2323=ORIENTED_EDGE('',*,*,#1309,.T.);
#2324=ORIENTED_EDGE('',*,*,#1312,.T.);
#2325=ORIENTED_EDGE('',*,*,#1315,.T.);
#2326=ORIENTED_EDGE('',*,*,#1318,.T.);
#2327=ORIENTED_EDGE('',*,*,#1321,.T.);
#2328=ORIENTED_EDGE('',*,*,#1324,.T.);
#2329=ORIENTED_EDGE('',*,*,#1327,.T.);
#2330=ORIENTED_EDGE('',*,*,#1330,.T.);
#2331=ORIENTED_EDGE('',*,*,#1333,.T.);
#2332=ORIENTED_EDGE('',*,*,#1336,.T.);
#2333=ORIENTED_EDGE('',*,*,#1339,.T.);
#2334=ORIENTED_EDGE('',*,*,#1342,.T.);
#2335=ORIENTED_EDGE('',*,*,#1345,.T.);
#2336=ORIENTED_EDGE('',*,*,#1348,.T.);
#2337=ORIENTED_EDGE('',*,*,#1351,.T.);
#2338=ORIENTED_EDGE('',*,*,#1354,.T.);
#2339=ORIENTED_EDGE('',*,*,#1357,.T.);
#2340=ORIENTED_EDGE('',*,*,#1360,.T.);
#2341=ORIENTED_EDGE('',*,*,#1363,.T.);
#2342=ORIENTED_EDGE('',*,*,#1366,.T.);
#2343=ORIENTED_EDGE('',*,*,#1369,.T.);
#2344=ORIENTED_EDGE('',*,*,#1372,.T.);
#2345=ORIENTED_EDGE('',*,*,#1375,.T.);
#2346=ORIENTED_EDGE('',*,*,#1378,.T.);
#2347=ORIENTED_EDGE('',*,*,#1381,.T.);
#2348=ORIENTED_EDGE('',*,*,#1384,.T.);
#2349=ORIENTED_EDGE('',*,*,#1387,.T.);
#2350=ORIENTED_EDGE('',*,*,#1390,.T.);
#2351=ORIENTED_EDGE('',*,*,#1393,.T.);
#2352=ORIENTED_EDGE('',*,*,#1396,.T.);
#2353=ORIENTED_EDGE('',*,*,#1399,.T.);
#2354=ORIENTED_EDGE('',*,*,#1402,.T.);
#2355=ORIENTED_EDGE('',*,*,#1405,.T.);
#2356=ORIENTED_EDGE('',*,*,#1408,.T.);
#2357=ORIENTED_EDGE('',*,*,#1411,.T.);
#2358=ORIENTED_EDGE('',*,*,#1414,.T.);
#2359=ORIENTED_EDGE('',*,*,#1417,.T.);
#2360=ORIENTED_EDGE('',*,*,#1420,.T.);
#2361=ORIENTED_EDGE('',*,*,#1423,.T.);
#2362=ORIENTED_EDGE('',*,*,#1426,.T.);
#2363=ORIENTED_EDGE('',*,*,#1429,.T.);
#2364=ORIENTED_EDGE('',*,*,#1432,.T.);
#2365=ORIENTED_EDGE('',*,*,#1435,.T.);
#2366=ORIENTED_EDGE('',*,*,#1438,.T.);
#2367=ORIENTED_EDGE('',*,*,#1441,.T.);
#2368=ORIENTED_EDGE('',*,*,#1444,.T.);
#2369=ORIENTED_EDGE('',*,*,#1447,.T.);
#2370=ORIENTED_EDGE('',*,*,#1450,.T.);
#2371=ORIENTED_EDGE('',*,*,#1453,.T.);
#2372=ORIENTED_EDGE('',*,*,#1456,.T.);
#2373=ORIENTED_EDGE('',*,*,#1459,.T.);
#2374=ORIENTED_EDGE('',*,*,#1462,.T.);
#2375=ORIENTED_EDGE('',*,*,#1465,.T.);
#2376=ORIENTED_EDGE('',*,*,#1468,.T.);
#2377=ORIENTED_EDGE('',*,*,#1471,.T.);
#2378=ORIENTED_EDGE('',*,*,#1474,.T.);
#2379=ORIENTED_EDGE('',*,*,#1477,.T.);
#2380=ORIENTED_EDGE('',*,*,#1480,.T.);
#2381=ORIENTED_EDGE('',*,*,#1483,.T.);
#2382=ORIENTED_EDGE('',*,*,#1486,.T.);
#2383=ORIENTED_EDGE('',*,*,#1489,.T.);
#2384=ORIENTED_EDGE('',*,*,#1492,.T.);
#2385=ORIENTED_EDGE('',*,*,#1495,.T.);
#2386=ORIENTED_EDGE('',*,*,#1498,.T.);
#2387=ORIENTED_EDGE('',*,*,#1501,.T.);
#2388=ORIENTED_EDGE('',*,*,#1504,.T.);
#2389=ORIENTED_EDGE('',*,*,#1507,.T.);
#2390=ORIENTED_EDGE('',*,*,#1510,.T.);
#2391=ORIENTED_EDGE('',*,*,#1513,.T.);
#2392=ORIENTED_EDGE('',*,*,#1516,.T.);
#2393=ORIENTED_EDGE('',*,*,#1519,.T.);
#2394=ORIENTED_EDGE('',*,*,#1522,.T.);
#2395=ORIENTED_EDGE('',*,*,#1525,.T.);
#2396=ORIENTED_EDGE('',*,*,#1528,.T.);
#2397=ORIENTED_EDGE('',*,*,#1531,.T.);
#2398=ORIENTED_EDGE('',*,*,#1534,.T.);
#2399=ORIENTED_EDGE('',*,*,#1537,.F.);
#2400=ORIENTED_EDGE('',*,*,#1540,.T.);
#2401=ORIENTED_EDGE('',*,*,#1543,.T.);
#2402=ORIENTED_EDGE('',*,*,#1546,.T.);
#2403=ORIENTED_EDGE('',*,*,#1549,.T.);
#2404=ORIENTED_EDGE('',*,*,#1552,.T.);
#2405=ORIENTED_EDGE('',*,*,#1555,.T.);
#2406=ORIENTED_EDGE('',*,*,#1558,.F.);
#2407=ORIENTED_EDGE('',*,*,#1561,.T.);
#2408=ORIENTED_EDGE('',*,*,#1564,.T.);
#2409=ORIENTED_EDGE('',*,*,#1567,.T.);
#2410=ORIENTED_EDGE('',*,*,#1570,.T.);
#2411=ORIENTED_EDGE('',*,*,#1573,.T.);
#2412=ORIENTED_EDGE('',*,*,#1576,.T.);
#2413=ORIENTED_EDGE('',*,*,#1579,.T.);
#2414=ORIENTED_EDGE('',*,*,#1582,.T.);
#2415=ORIENTED_EDGE('',*,*,#1585,.T.);
#2416=ORIENTED_EDGE('',*,*,#1588,.T.);
#2417=ORIENTED_EDGE('',*,*,#1591,.T.);
#2418=ORIENTED_EDGE('',*,*,#1594,.T.);
#2419=ORIENTED_EDGE('',*,*,#1597,.T.);
#2420=ORIENTED_EDGE('',*,*,#1600,.T.);
#2421=ORIENTED_EDGE('',*,*,#1603,.T.);
#2422=ORIENTED_EDGE('',*,*,#1606,.T.);
#2423=ORIENTED_EDGE('',*,*,#1609,.T.);
#2424=ORIENTED_EDGE('',*,*,#1612,.T.);
#2425=ORIENTED_EDGE('',*,*,#1615,.T.);
#2426=ORIENTED_EDGE('',*,*,#1618,.T.);
#2427=ORIENTED_EDGE('',*,*,#1621,.T.);
#2428=ORIENTED_EDGE('',*,*,#1624,.T.);
#2429=ORIENTED_EDGE('',*,*,#1627,.T.);
#2430=ORIENTED_EDGE('',*,*,#1630,.T.);
#2431=ORIENTED_EDGE('',*,*,#1633,.T.);
#2432=ORIENTED_EDGE('',*,*,#1636,.T.);
#2433=ORIENTED_EDGE('',*,*,#1639,.T.);
#2434=ORIENTED_EDGE('',*,*,#1642,.T.);
#2435=ORIENTED_EDGE('',*,*,#1645,.T.);
#2436=ORIENTED_EDGE('',*,*,#1648,.T.);
#2437=ORIENTED_EDGE('',*,*,#1651,.T.);
#2438=ORIENTED_EDGE('',*,*,#1654,.T.);
#2439=ORIENTED_EDGE('',*,*,#1657,.T.);
#2440=ORIENTED_EDGE('',*,*,#1660,.T.);
#2441=ORIENTED_EDGE('',*,*,#1663,.T.);
#2442=ORIENTED_EDGE('',*,*,#1666,.T.);
#2443=ORIENTED_EDGE('',*,*,#1669,.T.);
#2444=ORIENTED_EDGE('',*,*,#1672,.T.);
#2445=PLANE('',#2713);
#2446=PLANE('',#2714);
#2447=PLANE('',#2715);
#2448=PLANE('',#2716);
#2449=PLANE('',#2717);
#2450=PLANE('',#2718);
#2451=PLANE('',#2719);
#2452=PLANE('',#2720);
#2453=PLANE('',#2721);
#2454=PLANE('',#2722);
#2455=PLANE('',#2723);
#2456=PLANE('',#2724);
#2457=PLANE('',#2725);
#2458=PLANE('',#2726);
#2459=PLANE('',#2730);
#2460=PLANE('',#2731);
#2461=PLANE('',#2732);
#2462=PLANE('',#2733);
#2463=PLANE('',#2734);
#2464=PLANE('',#2735);
#2465=PLANE('',#2736);
#2466=PLANE('',#2737);
#2467=PLANE('',#2738);
#2468=PLANE('',#2739);
#2469=PLANE('',#2740);
#2470=PLANE('',#2741);
#2471=PLANE('',#2742);
#2472=PLANE('',#2743);
#2473=PLANE('',#2744);
#2474=PLANE('',#2745);
#2475=PLANE('',#2746);
#2476=PLANE('',#2747);
#2477=PLANE('',#2748);
#2478=PLANE('',#2749);
#2479=PLANE('',#2753);
#2480=PLANE('',#2754);
#2481=PLANE('',#2755);
#2482=PLANE('',#2756);
#2483=PLANE('',#2757);
#2484=PLANE('',#2758);
#2485=PLANE('',#2759);
#2486=PLANE('',#2760);
#2487=PLANE('',#2761);
#2488=PLANE('',#2762);
#2489=PLANE('',#2763);
#2490=PLANE('',#2764);
#2491=PLANE('',#2765);
#2492=PLANE('',#2766);
#2493=PLANE('',#2767);
#2494=PLANE('',#2768);
#2495=PLANE('',#2769);
#2496=PLANE('',#2770);
#2497=PLANE('',#2771);
#2498=PLANE('',#2772);
#2499=PLANE('',#2773);
#2500=PLANE('',#2774);
#2501=PLANE('',#2775);
#2502=PLANE('',#2776);
#2503=PLANE('',#2777);
#2504=PLANE('',#2778);
#2505=PLANE('',#2779);
#2506=PLANE('',#2780);
#2507=PLANE('',#2781);
#2508=PLANE('',#2782);
#2509=PLANE('',#2783);
#2510=PLANE('',#2784);
#2511=PLANE('',#2785);
#2512=PLANE('',#2786);
#2513=PLANE('',#2787);
#2514=PLANE('',#2788);
#2515=PLANE('',#2789);
#2516=PLANE('',#2790);
#2517=PLANE('',#2791);
#2518=PLANE('',#2792);
#2519=PLANE('',#2793);
#2520=PLANE('',#2794);
#2521=PLANE('',#2795);
#2522=PLANE('',#2796);
#2523=PLANE('',#2797);
#2524=PLANE('',#2801);
#2525=PLANE('',#2802);
#2526=PLANE('',#2803);
#2527=PLANE('',#2804);
#2528=PLANE('',#2805);
#2529=PLANE('',#2806);
#2530=PLANE('',#2810);
#2531=PLANE('',#2811);
#2532=PLANE('',#2812);
#2533=PLANE('',#2813);
#2534=PLANE('',#2814);
#2535=PLANE('',#2815);
#2536=PLANE('',#2816);
#2537=PLANE('',#2817);
#2538=PLANE('',#2818);
#2539=PLANE('',#2819);
#2540=PLANE('',#2820);
#2541=PLANE('',#2821);
#2542=PLANE('',#2822);
#2543=PLANE('',#2823);
#2544=PLANE('',#2824);
#2545=PLANE('',#2825);
#2546=PLANE('',#2826);
#2547=PLANE('',#2827);
#2548=PLANE('',#2828);
#2549=PLANE('',#2829);
#2550=PLANE('',#2830);
#2551=PLANE('',#2831);
#2552=PLANE('',#2832);
#2553=PLANE('',#2833);
#2554=PLANE('',#2834);
#2555=PLANE('',#2835);
#2556=PLANE('',#2839);
#2557=PLANE('',#2840);
#2558=PLANE('',#2841);
#2559=PLANE('',#2842);
#2560=PLANE('',#2843);
#2561=PLANE('',#2844);
#2562=PLANE('',#2845);
#2563=PLANE('',#2846);
#2564=PLANE('',#2847);
#2565=PLANE('',#2848);
#2566=PLANE('',#2849);
#2567=PLANE('',#2853);
#2568=PLANE('',#2854);
#2569=ADVANCED_FACE('',(#33),#2445,.T.);
#2570=ADVANCED_FACE('',(#34),#2446,.T.);
#2571=ADVANCED_FACE('',(#35),#2447,.T.);
#2572=ADVANCED_FACE('',(#36),#2448,.T.);
#2573=ADVANCED_FACE('',(#37),#2449,.T.);
#2574=ADVANCED_FACE('',(#38),#2450,.T.);
#2575=ADVANCED_FACE('',(#39),#2451,.T.);
#2576=ADVANCED_FACE('',(#40),#2452,.T.);
#2577=ADVANCED_FACE('',(#41),#2453,.T.);
#2578=ADVANCED_FACE('',(#42),#2454,.T.);
#2579=ADVANCED_FACE('',(#43),#2455,.T.);
#2580=ADVANCED_FACE('',(#44),#2456,.T.);
#2581=ADVANCED_FACE('',(#45),#2457,.T.);
#2582=ADVANCED_FACE('',(#46),#2458,.T.);
#2583=ADVANCED_FACE('',(#47),#27,.F.);
#2584=ADVANCED_FACE('',(#48),#2459,.T.);
#2585=ADVANCED_FACE('',(#49),#2460,.T.);
#2586=ADVANCED_FACE('',(#50),#2461,.T.);
#2587=ADVANCED_FACE('',(#51),#2462,.T.);
#2588=ADVANCED_FACE('',(#52),#2463,.T.);
#2589=ADVANCED_FACE('',(#53),#2464,.T.);
#2590=ADVANCED_FACE('',(#54),#2465,.T.);
#2591=ADVANCED_FACE('',(#55),#2466,.T.);
#2592=ADVANCED_FACE('',(#56),#2467,.T.);
#2593=ADVANCED_FACE('',(#57),#2468,.T.);
#2594=ADVANCED_FACE('',(#58),#2469,.T.);
#2595=ADVANCED_FACE('',(#59),#2470,.T.);
#2596=ADVANCED_FACE('',(#60),#2471,.T.);
#2597=ADVANCED_FACE('',(#61),#2472,.T.);
#2598=ADVANCED_FACE('',(#62),#2473,.T.);
#2599=ADVANCED_FACE('',(#63),#2474,.T.);
#2600=ADVANCED_FACE('',(#64),#2475,.T.);
#2601=ADVANCED_FACE('',(#65),#2476,.T.);
#2602=ADVANCED_FACE('',(#66),#2477,.T.);
#2603=ADVANCED_FACE('',(#67),#2478,.T.);
#2604=ADVANCED_FACE('',(#68),#28,.F.);
#2605=ADVANCED_FACE('',(#69),#2479,.T.);
#2606=ADVANCED_FACE('',(#70),#2480,.T.);
#2607=ADVANCED_FACE('',(#71),#2481,.T.);
#2608=ADVANCED_FACE('',(#72),#2482,.T.);
#2609=ADVANCED_FACE('',(#73),#2483,.T.);
#2610=ADVANCED_FACE('',(#74),#2484,.T.);
#2611=ADVANCED_FACE('',(#75),#2485,.T.);
#2612=ADVANCED_FACE('',(#76),#2486,.T.);
#2613=ADVANCED_FACE('',(#77),#2487,.T.);
#2614=ADVANCED_FACE('',(#78),#2488,.T.);
#2615=ADVANCED_FACE('',(#79),#2489,.T.);
#2616=ADVANCED_FACE('',(#80),#2490,.T.);
#2617=ADVANCED_FACE('',(#81),#2491,.T.);
#2618=ADVANCED_FACE('',(#82),#2492,.T.);
#2619=ADVANCED_FACE('',(#83),#2493,.T.);
#2620=ADVANCED_FACE('',(#84),#2494,.T.);
#2621=ADVANCED_FACE('',(#85),#2495,.T.);
#2622=ADVANCED_FACE('',(#86),#2496,.T.);
#2623=ADVANCED_FACE('',(#87),#2497,.T.);
#2624=ADVANCED_FACE('',(#88),#2498,.T.);
#2625=ADVANCED_FACE('',(#89),#2499,.T.);
#2626=ADVANCED_FACE('',(#90),#2500,.T.);
#2627=ADVANCED_FACE('',(#91),#2501,.T.);
#2628=ADVANCED_FACE('',(#92),#2502,.T.);
#2629=ADVANCED_FACE('',(#93),#2503,.T.);
#2630=ADVANCED_FACE('',(#94),#2504,.T.);
#2631=ADVANCED_FACE('',(#95),#2505,.T.);
#2632=ADVANCED_FACE('',(#96),#2506,.T.);
#2633=ADVANCED_FACE('',(#97),#2507,.T.);
#2634=ADVANCED_FACE('',(#98),#2508,.T.);
#2635=ADVANCED_FACE('',(#99),#2509,.T.);
#2636=ADVANCED_FACE('',(#100),#2510,.T.);
#2637=ADVANCED_FACE('',(#101),#2511,.T.);
#2638=ADVANCED_FACE('',(#102),#2512,.T.);
#2639=ADVANCED_FACE('',(#103),#2513,.T.);
#2640=ADVANCED_FACE('',(#104),#2514,.T.);
#2641=ADVANCED_FACE('',(#105),#2515,.T.);
#2642=ADVANCED_FACE('',(#106),#2516,.T.);
#2643=ADVANCED_FACE('',(#107),#2517,.T.);
#2644=ADVANCED_FACE('',(#108),#2518,.T.);
#2645=ADVANCED_FACE('',(#109),#2519,.T.);
#2646=ADVANCED_FACE('',(#110),#2520,.T.);
#2647=ADVANCED_FACE('',(#111),#2521,.T.);
#2648=ADVANCED_FACE('',(#112),#2522,.T.);
#2649=ADVANCED_FACE('',(#113),#2523,.T.);
#2650=ADVANCED_FACE('',(#114),#29,.T.);
#2651=ADVANCED_FACE('',(#115),#2524,.T.);
#2652=ADVANCED_FACE('',(#116),#2525,.T.);
#2653=ADVANCED_FACE('',(#117),#2526,.T.);
#2654=ADVANCED_FACE('',(#118),#2527,.T.);
#2655=ADVANCED_FACE('',(#119),#2528,.T.);
#2656=ADVANCED_FACE('',(#120),#2529,.T.);
#2657=ADVANCED_FACE('',(#121),#30,.T.);
#2658=ADVANCED_FACE('',(#122),#2530,.T.);
#2659=ADVANCED_FACE('',(#123),#2531,.T.);
#2660=ADVANCED_FACE('',(#124),#2532,.T.);
#2661=ADVANCED_FACE('',(#125),#2533,.T.);
#2662=ADVANCED_FACE('',(#126),#2534,.T.);
#2663=ADVANCED_FACE('',(#127),#2535,.T.);
#2664=ADVANCED_FACE('',(#128),#2536,.T.);
#2665=ADVANCED_FACE('',(#129),#2537,.T.);
#2666=ADVANCED_FACE('',(#130),#2538,.T.);
#2667=ADVANCED_FACE('',(#131),#2539,.T.);
#2668=ADVANCED_FACE('',(#132),#2540,.T.);
#2669=ADVANCED_FACE('',(#133),#2541,.T.);
#2670=ADVANCED_FACE('',(#134),#2542,.T.);
#2671=ADVANCED_FACE('',(#135),#2543,.T.);
#2672=ADVANCED_FACE('',(#136),#2544,.T.);
#2673=ADVANCED_FACE('',(#137),#2545,.T.);
#2674=ADVANCED_FACE('',(#138),#2546,.T.);
#2675=ADVANCED_FACE('',(#139),#2547,.T.);
#2676=ADVANCED_FACE('',(#140),#2548,.T.);
#2677=ADVANCED_FACE('',(#141),#2549,.T.);
#2678=ADVANCED_FACE('',(#142),#2550,.T.);
#2679=ADVANCED_FACE('',(#143),#2551,.T.);
#2680=ADVANCED_FACE('',(#144),#2552,.T.);
#2681=ADVANCED_FACE('',(#145),#2553,.T.);
#2682=ADVANCED_FACE('',(#146),#2554,.T.);
#2683=ADVANCED_FACE('',(#147),#2555,.T.);
#2684=ADVANCED_FACE('',(#148),#31,.F.);
#2685=ADVANCED_FACE('',(#149),#2556,.T.);
#2686=ADVANCED_FACE('',(#150),#2557,.T.);
#2687=ADVANCED_FACE('',(#151),#2558,.T.);
#2688=ADVANCED_FACE('',(#152),#2559,.T.);
#2689=ADVANCED_FACE('',(#153),#2560,.T.);
#2690=ADVANCED_FACE('',(#154),#2561,.T.);
#2691=ADVANCED_FACE('',(#155),#2562,.T.);
#2692=ADVANCED_FACE('',(#156),#2563,.T.);
#2693=ADVANCED_FACE('',(#157),#2564,.T.);
#2694=ADVANCED_FACE('',(#158),#2565,.T.);
#2695=ADVANCED_FACE('',(#159),#2566,.T.);
#2696=ADVANCED_FACE('',(#160),#32,.T.);
#2697=ADVANCED_FACE('',(#161),#2567,.T.);
#2698=ADVANCED_FACE('',(#162),#2568,.F.);
#2699=CLOSED_SHELL('',(#2569,#2570,#2571,#2572,#2573,#2574,#2575,#2576,
#2577,#2578,#2579,#2580,#2581,#2582,#2583,#2584,#2585,#2586,#2587,#2588,
#2589,#2590,#2591,#2592,#2593,#2594,#2595,#2596,#2597,#2598,#2599,#2600,
#2601,#2602,#2603,#2604,#2605,#2606,#2607,#2608,#2609,#2610,#2611,#2612,
#2613,#2614,#2615,#2616,#2617,#2618,#2619,#2620,#2621,#2622,#2623,#2624,
#2625,#2626,#2627,#2628,#2629,#2630,#2631,#2632,#2633,#2634,#2635,#2636,
#2637,#2638,#2639,#2640,#2641,#2642,#2643,#2644,#2645,#2646,#2647,#2648,
#2649,#2650,#2651,#2652,#2653,#2654,#2655,#2656,#2657,#2658,#2659,#2660,
#2661,#2662,#2663,#2664,#2665,#2666,#2667,#2668,#2669,#2670,#2671,#2672,
#2673,#2674,#2675,#2676,#2677,#2678,#2679,#2680,#2681,#2682,#2683,#2684,
#2685,#2686,#2687,#2688,#2689,#2690,#2691,#2692,#2693,#2694,#2695,#2696,
#2697,#2698));
#2700=DERIVED_UNIT_ELEMENT(#2702,1.);
#2701=DERIVED_UNIT_ELEMENT(#4289,-3.);
#2702=(
MASS_UNIT()
NAMED_UNIT(*)
SI_UNIT(.KILO.,.GRAM.)
);
#2703=DERIVED_UNIT((#2700,#2701));
#2704=MEASURE_REPRESENTATION_ITEM('density measure',
POSITIVE_RATIO_MEASURE(7850.),#2703);
#2705=PROPERTY_DEFINITION_REPRESENTATION(#2710,#2707);
#2706=PROPERTY_DEFINITION_REPRESENTATION(#2711,#2708);
#2707=REPRESENTATION('material name',(#2709),#4286);
#2708=REPRESENTATION('density',(#2704),#4286);
#2709=DESCRIPTIVE_REPRESENTATION_ITEM('Steel','Steel');
#2710=PROPERTY_DEFINITION('material property','material name',#4296);
#2711=PROPERTY_DEFINITION('material property','density of part',#4296);
#2712=AXIS2_PLACEMENT_3D('',#3513,#2855,#2856);
#2713=AXIS2_PLACEMENT_3D('',#3514,#2857,#2858);
#2714=AXIS2_PLACEMENT_3D('',#3523,#2863,#2864);
#2715=AXIS2_PLACEMENT_3D('',#3529,#2868,#2869);
#2716=AXIS2_PLACEMENT_3D('',#3535,#2873,#2874);
#2717=AXIS2_PLACEMENT_3D('',#3541,#2878,#2879);
#2718=AXIS2_PLACEMENT_3D('',#3547,#2883,#2884);
#2719=AXIS2_PLACEMENT_3D('',#3553,#2888,#2889);
#2720=AXIS2_PLACEMENT_3D('',#3559,#2893,#2894);
#2721=AXIS2_PLACEMENT_3D('',#3565,#2898,#2899);
#2722=AXIS2_PLACEMENT_3D('',#3571,#2903,#2904);
#2723=AXIS2_PLACEMENT_3D('',#3577,#2908,#2909);
#2724=AXIS2_PLACEMENT_3D('',#3583,#2913,#2914);
#2725=AXIS2_PLACEMENT_3D('',#3589,#2918,#2919);
#2726=AXIS2_PLACEMENT_3D('',#3595,#2923,#2924);
#2727=AXIS2_PLACEMENT_3D('',#3601,#2928,#2929);
#2728=AXIS2_PLACEMENT_3D('',#3603,#2930,#2931);
#2729=AXIS2_PLACEMENT_3D('',#3605,#2932,#2933);
#2730=AXIS2_PLACEMENT_3D('',#3607,#2935,#2936);
#2731=AXIS2_PLACEMENT_3D('',#3613,#2940,#2941);
#2732=AXIS2_PLACEMENT_3D('',#3619,#2945,#2946);
#2733=AXIS2_PLACEMENT_3D('',#3625,#2950,#2951);
#2734=AXIS2_PLACEMENT_3D('',#3631,#2955,#2956);
#2735=AXIS2_PLACEMENT_3D('',#3637,#2960,#2961);
#2736=AXIS2_PLACEMENT_3D('',#3643,#2965,#2966);
#2737=AXIS2_PLACEMENT_3D('',#3649,#2970,#2971);
#2738=AXIS2_PLACEMENT_3D('',#3655,#2975,#2976);
#2739=AXIS2_PLACEMENT_3D('',#3661,#2980,#2981);
#2740=AXIS2_PLACEMENT_3D('',#3667,#2985,#2986);
#2741=AXIS2_PLACEMENT_3D('',#3673,#2990,#2991);
#2742=AXIS2_PLACEMENT_3D('',#3679,#2995,#2996);
#2743=AXIS2_PLACEMENT_3D('',#3685,#3000,#3001);
#2744=AXIS2_PLACEMENT_3D('',#3691,#3005,#3006);
#2745=AXIS2_PLACEMENT_3D('',#3697,#3010,#3011);
#2746=AXIS2_PLACEMENT_3D('',#3703,#3015,#3016);
#2747=AXIS2_PLACEMENT_3D('',#3709,#3020,#3021);
#2748=AXIS2_PLACEMENT_3D('',#3715,#3025,#3026);
#2749=AXIS2_PLACEMENT_3D('',#3721,#3030,#3031);
#2750=AXIS2_PLACEMENT_3D('',#3727,#3035,#3036);
#2751=AXIS2_PLACEMENT_3D('',#3729,#3037,#3038);
#2752=AXIS2_PLACEMENT_3D('',#3731,#3039,#3040);
#2753=AXIS2_PLACEMENT_3D('',#3733,#3042,#3043);
#2754=AXIS2_PLACEMENT_3D('',#3739,#3047,#3048);
#2755=AXIS2_PLACEMENT_3D('',#3745,#3052,#3053);
#2756=AXIS2_PLACEMENT_3D('',#3751,#3057,#3058);
#2757=AXIS2_PLACEMENT_3D('',#3757,#3062,#3063);
#2758=AXIS2_PLACEMENT_3D('',#3763,#3067,#3068);
#2759=AXIS2_PLACEMENT_3D('',#3769,#3072,#3073);
#2760=AXIS2_PLACEMENT_3D('',#3775,#3077,#3078);
#2761=AXIS2_PLACEMENT_3D('',#3781,#3082,#3083);
#2762=AXIS2_PLACEMENT_3D('',#3787,#3087,#3088);
#2763=AXIS2_PLACEMENT_3D('',#3793,#3092,#3093);
#2764=AXIS2_PLACEMENT_3D('',#3799,#3097,#3098);
#2765=AXIS2_PLACEMENT_3D('',#3805,#3102,#3103);
#2766=AXIS2_PLACEMENT_3D('',#3811,#3107,#3108);
#2767=AXIS2_PLACEMENT_3D('',#3817,#3112,#3113);
#2768=AXIS2_PLACEMENT_3D('',#3823,#3117,#3118);
#2769=AXIS2_PLACEMENT_3D('',#3829,#3122,#3123);
#2770=AXIS2_PLACEMENT_3D('',#3835,#3127,#3128);
#2771=AXIS2_PLACEMENT_3D('',#3841,#3132,#3133);
#2772=AXIS2_PLACEMENT_3D('',#3847,#3137,#3138);
#2773=AXIS2_PLACEMENT_3D('',#3853,#3142,#3143);
#2774=AXIS2_PLACEMENT_3D('',#3859,#3147,#3148);
#2775=AXIS2_PLACEMENT_3D('',#3865,#3152,#3153);
#2776=AXIS2_PLACEMENT_3D('',#3871,#3157,#3158);
#2777=AXIS2_PLACEMENT_3D('',#3877,#3162,#3163);
#2778=AXIS2_PLACEMENT_3D('',#3883,#3167,#3168);
#2779=AXIS2_PLACEMENT_3D('',#3889,#3172,#3173);
#2780=AXIS2_PLACEMENT_3D('',#3895,#3177,#3178);
#2781=AXIS2_PLACEMENT_3D('',#3901,#3182,#3183);
#2782=AXIS2_PLACEMENT_3D('',#3907,#3187,#3188);
#2783=AXIS2_PLACEMENT_3D('',#3913,#3192,#3193);
#2784=AXIS2_PLACEMENT_3D('',#3919,#3197,#3198);
#2785=AXIS2_PLACEMENT_3D('',#3925,#3202,#3203);
#2786=AXIS2_PLACEMENT_3D('',#3931,#3207,#3208);
#2787=AXIS2_PLACEMENT_3D('',#3937,#3212,#3213);
#2788=AXIS2_PLACEMENT_3D('',#3943,#3217,#3218);
#2789=AXIS2_PLACEMENT_3D('',#3949,#3222,#3223);
#2790=AXIS2_PLACEMENT_3D('',#3955,#3227,#3228);
#2791=AXIS2_PLACEMENT_3D('',#3961,#3232,#3233);
#2792=AXIS2_PLACEMENT_3D('',#3967,#3237,#3238);
#2793=AXIS2_PLACEMENT_3D('',#3973,#3242,#3243);
#2794=AXIS2_PLACEMENT_3D('',#3979,#3247,#3248);
#2795=AXIS2_PLACEMENT_3D('',#3985,#3252,#3253);
#2796=AXIS2_PLACEMENT_3D('',#3991,#3257,#3258);
#2797=AXIS2_PLACEMENT_3D('',#3997,#3262,#3263);
#2798=AXIS2_PLACEMENT_3D('',#4003,#3267,#3268);
#2799=AXIS2_PLACEMENT_3D('',#4005,#3269,#3270);
#2800=AXIS2_PLACEMENT_3D('',#4007,#3271,#3272);
#2801=AXIS2_PLACEMENT_3D('',#4009,#3274,#3275);
#2802=AXIS2_PLACEMENT_3D('',#4015,#3279,#3280);
#2803=AXIS2_PLACEMENT_3D('',#4021,#3284,#3285);
#2804=AXIS2_PLACEMENT_3D('',#4027,#3289,#3290);
#2805=AXIS2_PLACEMENT_3D('',#4033,#3294,#3295);
#2806=AXIS2_PLACEMENT_3D('',#4039,#3299,#3300);
#2807=AXIS2_PLACEMENT_3D('',#4045,#3304,#3305);
#2808=AXIS2_PLACEMENT_3D('',#4047,#3306,#3307);
#2809=AXIS2_PLACEMENT_3D('',#4049,#3308,#3309);
#2810=AXIS2_PLACEMENT_3D('',#4051,#3311,#3312);
#2811=AXIS2_PLACEMENT_3D('',#4057,#3316,#3317);
#2812=AXIS2_PLACEMENT_3D('',#4063,#3321,#3322);
#2813=AXIS2_PLACEMENT_3D('',#4069,#3326,#3327);
#2814=AXIS2_PLACEMENT_3D('',#4075,#3331,#3332);
#2815=AXIS2_PLACEMENT_3D('',#4081,#3336,#3337);
#2816=AXIS2_PLACEMENT_3D('',#4087,#3341,#3342);
#2817=AXIS2_PLACEMENT_3D('',#4093,#3346,#3347);
#2818=AXIS2_PLACEMENT_3D('',#4099,#3351,#3352);
#2819=AXIS2_PLACEMENT_3D('',#4105,#3356,#3357);
#2820=AXIS2_PLACEMENT_3D('',#4111,#3361,#3362);
#2821=AXIS2_PLACEMENT_3D('',#4117,#3366,#3367);
#2822=AXIS2_PLACEMENT_3D('',#4123,#3371,#3372);
#2823=AXIS2_PLACEMENT_3D('',#4129,#3376,#3377);
#2824=AXIS2_PLACEMENT_3D('',#4135,#3381,#3382);
#2825=AXIS2_PLACEMENT_3D('',#4141,#3386,#3387);
#2826=AXIS2_PLACEMENT_3D('',#4147,#3391,#3392);
#2827=AXIS2_PLACEMENT_3D('',#4153,#3396,#3397);
#2828=AXIS2_PLACEMENT_3D('',#4159,#3401,#3402);
#2829=AXIS2_PLACEMENT_3D('',#4165,#3406,#3407);
#2830=AXIS2_PLACEMENT_3D('',#4171,#3411,#3412);
#2831=AXIS2_PLACEMENT_3D('',#4177,#3416,#3417);
#2832=AXIS2_PLACEMENT_3D('',#4183,#3421,#3422);
#2833=AXIS2_PLACEMENT_3D('',#4189,#3426,#3427);
#2834=AXIS2_PLACEMENT_3D('',#4195,#3431,#3432);
#2835=AXIS2_PLACEMENT_3D('',#4201,#3436,#3437);
#2836=AXIS2_PLACEMENT_3D('',#4207,#3441,#3442);
#2837=AXIS2_PLACEMENT_3D('',#4209,#3443,#3444);
#2838=AXIS2_PLACEMENT_3D('',#4211,#3445,#3446);
#2839=AXIS2_PLACEMENT_3D('',#4213,#3448,#3449);
#2840=AXIS2_PLACEMENT_3D('',#4219,#3453,#3454);
#2841=AXIS2_PLACEMENT_3D('',#4225,#3458,#3459);
#2842=AXIS2_PLACEMENT_3D('',#4231,#3463,#3464);
#2843=AXIS2_PLACEMENT_3D('',#4237,#3468,#3469);
#2844=AXIS2_PLACEMENT_3D('',#4243,#3473,#3474);
#2845=AXIS2_PLACEMENT_3D('',#4249,#3478,#3479);
#2846=AXIS2_PLACEMENT_3D('',#4255,#3483,#3484);
#2847=AXIS2_PLACEMENT_3D('',#4261,#3488,#3489);
#2848=AXIS2_PLACEMENT_3D('',#4267,#3493,#3494);
#2849=AXIS2_PLACEMENT_3D('',#4273,#3498,#3499);
#2850=AXIS2_PLACEMENT_3D('',#4279,#3503,#3504);
#2851=AXIS2_PLACEMENT_3D('',#4280,#3505,#3506);
#2852=AXIS2_PLACEMENT_3D('',#4281,#3507,#3508);
#2853=AXIS2_PLACEMENT_3D('',#4282,#3509,#3510);
#2854=AXIS2_PLACEMENT_3D('',#4283,#3511,#3512);
#2855=DIRECTION('axis',(0.,0.,1.));
#2856=DIRECTION('refdir',(1.,0.,0.));
#2857=DIRECTION('center_axis',(1.,0.,0.));
#2858=DIRECTION('ref_axis',(0.,1.,0.));
#2859=DIRECTION('',(0.,-1.,0.));
#2860=DIRECTION('',(0.,0.,1.));
#2861=DIRECTION('',(0.,1.,0.));
#2862=DIRECTION('',(0.,0.,1.));
#2863=DIRECTION('center_axis',(0.,1.,0.));
#2864=DIRECTION('ref_axis',(-1.,0.,0.));
#2865=DIRECTION('',(1.,0.,0.));
#2866=DIRECTION('',(-1.,0.,0.));
#2867=DIRECTION('',(0.,0.,1.));
#2868=DIRECTION('center_axis',(1.,0.,0.));
#2869=DIRECTION('ref_axis',(0.,1.,0.));
#2870=DIRECTION('',(0.,-1.,0.));
#2871=DIRECTION('',(0.,1.,0.));
#2872=DIRECTION('',(0.,0.,1.));
#2873=DIRECTION('center_axis',(0.707106781186548,0.707106781186548,0.));
#2874=DIRECTION('ref_axis',(-0.707106781186548,0.707106781186548,0.));
#2875=DIRECTION('',(0.707106781186547,-0.707106781186547,0.));
#2876=DIRECTION('',(-0.707106781186547,0.707106781186547,0.));
#2877=DIRECTION('',(0.,0.,1.));
#2878=DIRECTION('center_axis',(0.,-1.,0.));
#2879=DIRECTION('ref_axis',(1.,0.,0.));
#2880=DIRECTION('',(-1.,0.,0.));
#2881=DIRECTION('',(1.,0.,0.));
#2882=DIRECTION('',(0.,0.,1.));
#2883=DIRECTION('center_axis',(1.,0.,0.));
#2884=DIRECTION('ref_axis',(0.,1.,0.));
#2885=DIRECTION('',(0.,-1.,0.));
#2886=DIRECTION('',(0.,1.,0.));
#2887=DIRECTION('',(0.,0.,1.));
#2888=DIRECTION('center_axis',(-0.707106781186548,-0.707106781186548,0.));
#2889=DIRECTION('ref_axis',(0.707106781186548,-0.707106781186548,0.));
#2890=DIRECTION('',(-0.707106781186547,0.707106781186547,0.));
#2891=DIRECTION('',(0.707106781186547,-0.707106781186547,0.));
#2892=DIRECTION('',(0.,0.,1.));
#2893=DIRECTION('center_axis',(0.,-1.,0.));
#2894=DIRECTION('ref_axis',(1.,0.,0.));
#2895=DIRECTION('',(-1.,0.,0.));
#2896=DIRECTION('',(1.,0.,0.));
#2897=DIRECTION('',(0.,0.,1.));
#2898=DIRECTION('center_axis',(-0.707106781186548,0.707106781186548,0.));
#2899=DIRECTION('ref_axis',(-0.707106781186548,-0.707106781186548,0.));
#2900=DIRECTION('',(0.707106781186547,0.707106781186547,0.));
#2901=DIRECTION('',(-0.707106781186547,-0.707106781186547,0.));
#2902=DIRECTION('',(0.,0.,1.));
#2903=DIRECTION('center_axis',(0.,-1.,0.));
#2904=DIRECTION('ref_axis',(1.,0.,0.));
#2905=DIRECTION('',(-1.,0.,0.));
#2906=DIRECTION('',(1.,0.,0.));
#2907=DIRECTION('',(0.,0.,1.));
#2908=DIRECTION('center_axis',(-0.707106781186548,0.707106781186548,0.));
#2909=DIRECTION('ref_axis',(-0.707106781186548,-0.707106781186548,0.));
#2910=DIRECTION('',(0.707106781186547,0.707106781186547,0.));
#2911=DIRECTION('',(-0.707106781186547,-0.707106781186547,0.));
#2912=DIRECTION('',(0.,0.,1.));
#2913=DIRECTION('center_axis',(-0.707106781186548,-0.707106781186548,0.));
#2914=DIRECTION('ref_axis',(0.707106781186548,-0.707106781186548,0.));
#2915=DIRECTION('',(-0.707106781186547,0.707106781186547,0.));
#2916=DIRECTION('',(0.707106781186547,-0.707106781186547,0.));
#2917=DIRECTION('',(0.,0.,1.));
#2918=DIRECTION('center_axis',(-0.707106781186548,0.707106781186548,0.));
#2919=DIRECTION('ref_axis',(-0.707106781186548,-0.707106781186548,0.));
#2920=DIRECTION('',(0.707106781186547,0.707106781186547,0.));
#2921=DIRECTION('',(-0.707106781186547,-0.707106781186547,0.));
#2922=DIRECTION('',(0.,0.,1.));
#2923=DIRECTION('center_axis',(0.,1.,0.));
#2924=DIRECTION('ref_axis',(-1.,0.,0.));
#2925=DIRECTION('',(1.,0.,0.));
#2926=DIRECTION('',(-1.,0.,0.));
#2927=DIRECTION('',(0.,0.,1.));
#2928=DIRECTION('center_axis',(0.,0.,1.));
#2929=DIRECTION('ref_axis',(0.,-1.,0.));
#2930=DIRECTION('center_axis',(0.,0.,1.));
#2931=DIRECTION('ref_axis',(0.,-1.,0.));
#2932=DIRECTION('center_axis',(0.,0.,-1.));
#2933=DIRECTION('ref_axis',(0.,-1.,0.));
#2934=DIRECTION('',(0.,0.,1.));
#2935=DIRECTION('center_axis',(-1.,0.,0.));
#2936=DIRECTION('ref_axis',(0.,-1.,0.));
#2937=DIRECTION('',(0.,1.,0.));
#2938=DIRECTION('',(0.,-1.,0.));
#2939=DIRECTION('',(0.,0.,1.));
#2940=DIRECTION('center_axis',(0.,1.,0.));
#2941=DIRECTION('ref_axis',(-1.,0.,0.));
#2942=DIRECTION('',(1.,0.,0.));
#2943=DIRECTION('',(-1.,0.,0.));
#2944=DIRECTION('',(0.,0.,1.));
#2945=DIRECTION('center_axis',(-1.,0.,0.));
#2946=DIRECTION('ref_axis',(0.,-1.,0.));
#2947=DIRECTION('',(0.,1.,0.));
#2948=DIRECTION('',(0.,-1.,0.));
#2949=DIRECTION('',(0.,0.,1.));
#2950=DIRECTION('center_axis',(0.,-1.,0.));
#2951=DIRECTION('ref_axis',(1.,0.,0.));
#2952=DIRECTION('',(-1.,0.,0.));
#2953=DIRECTION('',(1.,0.,0.));
#2954=DIRECTION('',(0.,0.,1.));
#2955=DIRECTION('center_axis',(-0.707106781186548,-0.707106781186548,0.));
#2956=DIRECTION('ref_axis',(0.707106781186548,-0.707106781186548,0.));
#2957=DIRECTION('',(-0.707106781186547,0.707106781186547,0.));
#2958=DIRECTION('',(0.707106781186547,-0.707106781186547,0.));
#2959=DIRECTION('',(0.,0.,1.));
#2960=DIRECTION('center_axis',(0.,-1.,0.));
#2961=DIRECTION('ref_axis',(1.,0.,0.));
#2962=DIRECTION('',(-1.,0.,0.));
#2963=DIRECTION('',(1.,0.,0.));
#2964=DIRECTION('',(0.,0.,1.));
#2965=DIRECTION('center_axis',(1.,0.,0.));
#2966=DIRECTION('ref_axis',(0.,1.,0.));
#2967=DIRECTION('',(0.,-1.,0.));
#2968=DIRECTION('',(0.,1.,0.));
#2969=DIRECTION('',(0.,0.,1.));
#2970=DIRECTION('center_axis',(-0.707106781186548,-0.707106781186548,0.));
#2971=DIRECTION('ref_axis',(0.707106781186548,-0.707106781186548,0.));
#2972=DIRECTION('',(-0.707106781186547,0.707106781186547,0.));
#2973=DIRECTION('',(0.707106781186547,-0.707106781186547,0.));
#2974=DIRECTION('',(0.,0.,1.));
#2975=DIRECTION('center_axis',(1.,0.,0.));
#2976=DIRECTION('ref_axis',(0.,1.,0.));
#2977=DIRECTION('',(0.,-1.,0.));
#2978=DIRECTION('',(0.,1.,0.));
#2979=DIRECTION('',(0.,0.,1.));
#2980=DIRECTION('center_axis',(0.707106781186548,0.707106781186548,0.));
#2981=DIRECTION('ref_axis',(-0.707106781186548,0.707106781186548,0.));
#2982=DIRECTION('',(0.707106781186547,-0.707106781186547,0.));
#2983=DIRECTION('',(-0.707106781186547,0.707106781186547,0.));
#2984=DIRECTION('',(0.,0.,1.));
#2985=DIRECTION('center_axis',(0.,1.,0.));
#2986=DIRECTION('ref_axis',(-1.,0.,0.));
#2987=DIRECTION('',(1.,0.,0.));
#2988=DIRECTION('',(-1.,0.,0.));
#2989=DIRECTION('',(0.,0.,1.));
#2990=DIRECTION('center_axis',(1.,0.,0.));
#2991=DIRECTION('ref_axis',(0.,1.,0.));
#2992=DIRECTION('',(0.,-1.,0.));
#2993=DIRECTION('',(0.,1.,0.));
#2994=DIRECTION('',(0.,0.,1.));
#2995=DIRECTION('center_axis',(0.,-1.,0.));
#2996=DIRECTION('ref_axis',(1.,0.,0.));
#2997=DIRECTION('',(-1.,0.,0.));
#2998=DIRECTION('',(1.,0.,0.));
#2999=DIRECTION('',(0.,0.,1.));
#3000=DIRECTION('center_axis',(0.707106781186548,-0.707106781186548,0.));
#3001=DIRECTION('ref_axis',(0.707106781186548,0.707106781186548,0.));
#3002=DIRECTION('',(-0.707106781186547,-0.707106781186547,0.));
#3003=DIRECTION('',(0.707106781186547,0.707106781186547,0.));
#3004=DIRECTION('',(0.,0.,1.));
#3005=DIRECTION('center_axis',(-1.,0.,0.));
#3006=DIRECTION('ref_axis',(0.,-1.,0.));
#3007=DIRECTION('',(0.,1.,0.));
#3008=DIRECTION('',(0.,-1.,0.));
#3009=DIRECTION('',(0.,0.,1.));
#3010=DIRECTION('center_axis',(0.,-1.,0.));
#3011=DIRECTION('ref_axis',(1.,0.,0.));
#3012=DIRECTION('',(-1.,0.,0.));
#3013=DIRECTION('',(1.,0.,0.));
#3014=DIRECTION('',(0.,0.,1.));
#3015=DIRECTION('center_axis',(-1.,0.,0.));
#3016=DIRECTION('ref_axis',(0.,-1.,0.));
#3017=DIRECTION('',(0.,1.,0.));
#3018=DIRECTION('',(0.,-1.,0.));
#3019=DIRECTION('',(0.,0.,1.));
#3020=DIRECTION('center_axis',(0.,-1.,0.));
#3021=DIRECTION('ref_axis',(1.,0.,0.));
#3022=DIRECTION('',(-1.,0.,0.));
#3023=DIRECTION('',(1.,0.,0.));
#3024=DIRECTION('',(0.,0.,1.));
#3025=DIRECTION('center_axis',(-1.,0.,0.));
#3026=DIRECTION('ref_axis',(0.,-1.,0.));
#3027=DIRECTION('',(0.,1.,0.));
#3028=DIRECTION('',(0.,-1.,0.));
#3029=DIRECTION('',(0.,0.,1.));
#3030=DIRECTION('center_axis',(-0.707106781186548,0.707106781186548,0.));
#3031=DIRECTION('ref_axis',(-0.707106781186548,-0.707106781186548,0.));
#3032=DIRECTION('',(0.707106781186547,0.707106781186547,0.));
#3033=DIRECTION('',(-0.707106781186547,-0.707106781186547,0.));
#3034=DIRECTION('',(0.,0.,1.));
#3035=DIRECTION('center_axis',(0.,0.,1.));
#3036=DIRECTION('ref_axis',(0.707106781186547,-0.707106781186547,0.));
#3037=DIRECTION('center_axis',(0.,0.,1.));
#3038=DIRECTION('ref_axis',(0.707106781186547,-0.707106781186547,0.));
#3039=DIRECTION('center_axis',(0.,0.,-1.));
#3040=DIRECTION('ref_axis',(0.707106781186547,-0.707106781186547,0.));
#3041=DIRECTION('',(0.,0.,1.));
#3042=DIRECTION('center_axis',(0.,-1.,0.));
#3043=DIRECTION('ref_axis',(1.,0.,0.));
#3044=DIRECTION('',(-1.,0.,0.));
#3045=DIRECTION('',(1.,0.,0.));
#3046=DIRECTION('',(0.,0.,1.));
#3047=DIRECTION('center_axis',(-0.707106781186548,-0.707106781186548,0.));
#3048=DIRECTION('ref_axis',(0.707106781186548,-0.707106781186548,0.));
#3049=DIRECTION('',(-0.707106781186547,0.707106781186547,0.));
#3050=DIRECTION('',(0.707106781186547,-0.707106781186547,0.));
#3051=DIRECTION('',(0.,0.,1.));
#3052=DIRECTION('center_axis',(0.,1.,0.));
#3053=DIRECTION('ref_axis',(-1.,0.,0.));
#3054=DIRECTION('',(1.,0.,0.));
#3055=DIRECTION('',(-1.,0.,0.));
#3056=DIRECTION('',(0.,0.,1.));
#3057=DIRECTION('center_axis',(-1.,0.,0.));
#3058=DIRECTION('ref_axis',(0.,-1.,0.));
#3059=DIRECTION('',(0.,1.,0.));
#3060=DIRECTION('',(0.,-1.,0.));
#3061=DIRECTION('',(0.,0.,1.));
#3062=DIRECTION('center_axis',(-0.707106781186548,0.707106781186548,0.));
#3063=DIRECTION('ref_axis',(-0.707106781186548,-0.707106781186548,0.));
#3064=DIRECTION('',(0.707106781186547,0.707106781186547,0.));
#3065=DIRECTION('',(-0.707106781186547,-0.707106781186547,0.));
#3066=DIRECTION('',(0.,0.,1.));
#3067=DIRECTION('center_axis',(0.,1.,0.));
#3068=DIRECTION('ref_axis',(-1.,0.,0.));
#3069=DIRECTION('',(1.,0.,0.));
#3070=DIRECTION('',(-1.,0.,0.));
#3071=DIRECTION('',(0.,0.,1.));
#3072=DIRECTION('center_axis',(-1.,0.,0.));
#3073=DIRECTION('ref_axis',(0.,-1.,0.));
#3074=DIRECTION('',(0.,1.,0.));
#3075=DIRECTION('',(0.,-1.,0.));
#3076=DIRECTION('',(0.,0.,1.));
#3077=DIRECTION('center_axis',(-0.707106781186548,-0.707106781186548,0.));
#3078=DIRECTION('ref_axis',(0.707106781186548,-0.707106781186548,0.));
#3079=DIRECTION('',(-0.707106781186547,0.707106781186547,0.));
#3080=DIRECTION('',(0.707106781186547,-0.707106781186547,0.));
#3081=DIRECTION('',(0.,0.,1.));
#3082=DIRECTION('center_axis',(-0.707106781186548,0.707106781186548,0.));
#3083=DIRECTION('ref_axis',(-0.707106781186548,-0.707106781186548,0.));
#3084=DIRECTION('',(0.707106781186547,0.707106781186547,0.));
#3085=DIRECTION('',(-0.707106781186547,-0.707106781186547,0.));
#3086=DIRECTION('',(0.,0.,1.));
#3087=DIRECTION('center_axis',(0.,1.,0.));
#3088=DIRECTION('ref_axis',(-1.,0.,0.));
#3089=DIRECTION('',(1.,0.,0.));
#3090=DIRECTION('',(-1.,0.,0.));
#3091=DIRECTION('',(0.,0.,1.));
#3092=DIRECTION('center_axis',(1.,0.,0.));
#3093=DIRECTION('ref_axis',(0.,1.,0.));
#3094=DIRECTION('',(0.,-1.,0.));
#3095=DIRECTION('',(0.,1.,0.));
#3096=DIRECTION('',(0.,0.,1.));
#3097=DIRECTION('center_axis',(0.,1.,0.));
#3098=DIRECTION('ref_axis',(-1.,0.,0.));
#3099=DIRECTION('',(1.,0.,0.));
#3100=DIRECTION('',(-1.,0.,0.));
#3101=DIRECTION('',(0.,0.,1.));
#3102=DIRECTION('center_axis',(-1.,0.,0.));
#3103=DIRECTION('ref_axis',(0.,-1.,0.));
#3104=DIRECTION('',(0.,1.,0.));
#3105=DIRECTION('',(0.,-1.,0.));
#3106=DIRECTION('',(0.,0.,1.));
#3107=DIRECTION('center_axis',(0.,1.,0.));
#3108=DIRECTION('ref_axis',(-1.,0.,0.));
#3109=DIRECTION('',(1.,0.,0.));
#3110=DIRECTION('',(-1.,0.,0.));
#3111=DIRECTION('',(0.,0.,1.));
#3112=DIRECTION('center_axis',(1.,0.,0.));
#3113=DIRECTION('ref_axis',(0.,1.,0.));
#3114=DIRECTION('',(0.,-1.,0.));
#3115=DIRECTION('',(0.,1.,0.));
#3116=DIRECTION('',(0.,0.,1.));
#3117=DIRECTION('center_axis',(0.,-1.,0.));
#3118=DIRECTION('ref_axis',(1.,0.,0.));
#3119=DIRECTION('',(-1.,0.,0.));
#3120=DIRECTION('',(1.,0.,0.));
#3121=DIRECTION('',(0.,0.,1.));
#3122=DIRECTION('center_axis',(0.707106781186548,-0.707106781186548,0.));
#3123=DIRECTION('ref_axis',(0.707106781186548,0.707106781186548,0.));
#3124=DIRECTION('',(-0.707106781186547,-0.707106781186547,0.));
#3125=DIRECTION('',(0.707106781186547,0.707106781186547,0.));
#3126=DIRECTION('',(0.,0.,1.));
#3127=DIRECTION('center_axis',(1.,0.,0.));
#3128=DIRECTION('ref_axis',(0.,1.,0.));
#3129=DIRECTION('',(0.,-1.,0.));
#3130=DIRECTION('',(0.,1.,0.));
#3131=DIRECTION('',(0.,0.,1.));
#3132=DIRECTION('center_axis',(0.,1.,0.));
#3133=DIRECTION('ref_axis',(-1.,0.,0.));
#3134=DIRECTION('',(1.,0.,0.));
#3135=DIRECTION('',(-1.,0.,0.));
#3136=DIRECTION('',(0.,0.,1.));
#3137=DIRECTION('center_axis',(0.707106781186548,0.707106781186548,0.));
#3138=DIRECTION('ref_axis',(-0.707106781186548,0.707106781186548,0.));
#3139=DIRECTION('',(0.707106781186547,-0.707106781186547,0.));
#3140=DIRECTION('',(-0.707106781186547,0.707106781186547,0.));
#3141=DIRECTION('',(0.,0.,1.));
#3142=DIRECTION('center_axis',(0.,1.,0.));
#3143=DIRECTION('ref_axis',(-1.,0.,0.));
#3144=DIRECTION('',(1.,0.,0.));
#3145=DIRECTION('',(-1.,0.,0.));
#3146=DIRECTION('',(0.,0.,1.));
#3147=DIRECTION('center_axis',(-1.,0.,0.));
#3148=DIRECTION('ref_axis',(0.,-1.,0.));
#3149=DIRECTION('',(0.,1.,0.));
#3150=DIRECTION('',(0.,-1.,0.));
#3151=DIRECTION('',(0.,0.,1.));
#3152=DIRECTION('center_axis',(-0.707106781186548,0.707106781186548,0.));
#3153=DIRECTION('ref_axis',(-0.707106781186548,-0.707106781186548,0.));
#3154=DIRECTION('',(0.707106781186547,0.707106781186547,0.));
#3155=DIRECTION('',(-0.707106781186547,-0.707106781186547,0.));
#3156=DIRECTION('',(0.,0.,1.));
#3157=DIRECTION('center_axis',(-1.,0.,0.));
#3158=DIRECTION('ref_axis',(0.,-1.,0.));
#3159=DIRECTION('',(0.,1.,0.));
#3160=DIRECTION('',(0.,-1.,0.));
#3161=DIRECTION('',(0.,0.,1.));
#3162=DIRECTION('center_axis',(-0.707106781186548,-0.707106781186548,0.));
#3163=DIRECTION('ref_axis',(0.707106781186548,-0.707106781186548,0.));
#3164=DIRECTION('',(-0.707106781186547,0.707106781186547,0.));
#3165=DIRECTION('',(0.707106781186547,-0.707106781186547,0.));
#3166=DIRECTION('',(0.,0.,1.));
#3167=DIRECTION('center_axis',(-0.707106781186548,0.707106781186548,0.));
#3168=DIRECTION('ref_axis',(-0.707106781186548,-0.707106781186548,0.));
#3169=DIRECTION('',(0.707106781186547,0.707106781186547,0.));
#3170=DIRECTION('',(-0.707106781186547,-0.707106781186547,0.));
#3171=DIRECTION('',(0.,0.,1.));
#3172=DIRECTION('center_axis',(0.,1.,0.));
#3173=DIRECTION('ref_axis',(-1.,0.,0.));
#3174=DIRECTION('',(1.,0.,0.));
#3175=DIRECTION('',(-1.,0.,0.));
#3176=DIRECTION('',(0.,0.,1.));
#3177=DIRECTION('center_axis',(1.,0.,0.));
#3178=DIRECTION('ref_axis',(0.,1.,0.));
#3179=DIRECTION('',(0.,-1.,0.));
#3180=DIRECTION('',(0.,1.,0.));
#3181=DIRECTION('',(0.,0.,1.));
#3182=DIRECTION('center_axis',(0.707106781186548,0.707106781186548,0.));
#3183=DIRECTION('ref_axis',(-0.707106781186548,0.707106781186548,0.));
#3184=DIRECTION('',(0.707106781186547,-0.707106781186547,0.));
#3185=DIRECTION('',(-0.707106781186547,0.707106781186547,0.));
#3186=DIRECTION('',(0.,0.,1.));
#3187=DIRECTION('center_axis',(0.707106781186548,-0.707106781186548,0.));
#3188=DIRECTION('ref_axis',(0.707106781186548,0.707106781186548,0.));
#3189=DIRECTION('',(-0.707106781186547,-0.707106781186547,0.));
#3190=DIRECTION('',(0.707106781186547,0.707106781186547,0.));
#3191=DIRECTION('',(0.,0.,1.));
#3192=DIRECTION('center_axis',(1.,0.,0.));
#3193=DIRECTION('ref_axis',(0.,1.,0.));
#3194=DIRECTION('',(0.,-1.,0.));
#3195=DIRECTION('',(0.,1.,0.));
#3196=DIRECTION('',(0.,0.,1.));
#3197=DIRECTION('center_axis',(0.,1.,0.));
#3198=DIRECTION('ref_axis',(-1.,0.,0.));
#3199=DIRECTION('',(1.,0.,0.));
#3200=DIRECTION('',(-1.,0.,0.));
#3201=DIRECTION('',(0.,0.,1.));
#3202=DIRECTION('center_axis',(-0.707106781186548,0.707106781186548,0.));
#3203=DIRECTION('ref_axis',(-0.707106781186548,-0.707106781186548,0.));
#3204=DIRECTION('',(0.707106781186547,0.707106781186547,0.));
#3205=DIRECTION('',(-0.707106781186547,-0.707106781186547,0.));
#3206=DIRECTION('',(0.,0.,1.));
#3207=DIRECTION('center_axis',(0.707106781186548,0.707106781186548,0.));
#3208=DIRECTION('ref_axis',(-0.707106781186548,0.707106781186548,0.));
#3209=DIRECTION('',(0.707106781186547,-0.707106781186547,0.));
#3210=DIRECTION('',(-0.707106781186547,0.707106781186547,0.));
#3211=DIRECTION('',(0.,0.,1.));
#3212=DIRECTION('center_axis',(0.707106781186548,-0.707106781186548,0.));
#3213=DIRECTION('ref_axis',(0.707106781186548,0.707106781186548,0.));
#3214=DIRECTION('',(-0.707106781186547,-0.707106781186547,0.));
#3215=DIRECTION('',(0.707106781186547,0.707106781186547,0.));
#3216=DIRECTION('',(0.,0.,1.));
#3217=DIRECTION('center_axis',(0.,-1.,0.));
#3218=DIRECTION('ref_axis',(1.,0.,0.));
#3219=DIRECTION('',(-1.,0.,0.));
#3220=DIRECTION('',(1.,0.,0.));
#3221=DIRECTION('',(0.,0.,1.));
#3222=DIRECTION('center_axis',(0.707106781186548,-0.707106781186548,0.));
#3223=DIRECTION('ref_axis',(0.707106781186548,0.707106781186548,0.));
#3224=DIRECTION('',(-0.707106781186547,-0.707106781186547,0.));
#3225=DIRECTION('',(0.707106781186547,0.707106781186547,0.));
#3226=DIRECTION('',(0.,0.,1.));
#3227=DIRECTION('center_axis',(-0.707106781186548,-0.707106781186548,0.));
#3228=DIRECTION('ref_axis',(0.707106781186548,-0.707106781186548,0.));
#3229=DIRECTION('',(-0.707106781186547,0.707106781186547,0.));
#3230=DIRECTION('',(0.707106781186547,-0.707106781186547,0.));
#3231=DIRECTION('',(0.,0.,1.));
#3232=DIRECTION('center_axis',(1.,0.,0.));
#3233=DIRECTION('ref_axis',(0.,1.,0.));
#3234=DIRECTION('',(0.,-1.,0.));
#3235=DIRECTION('',(0.,1.,0.));
#3236=DIRECTION('',(0.,0.,1.));
#3237=DIRECTION('center_axis',(0.707106781186548,0.707106781186548,0.));
#3238=DIRECTION('ref_axis',(-0.707106781186548,0.707106781186548,0.));
#3239=DIRECTION('',(0.707106781186547,-0.707106781186547,0.));
#3240=DIRECTION('',(-0.707106781186547,0.707106781186547,0.));
#3241=DIRECTION('',(0.,0.,1.));
#3242=DIRECTION('center_axis',(0.,1.,0.));
#3243=DIRECTION('ref_axis',(-1.,0.,0.));
#3244=DIRECTION('',(1.,0.,0.));
#3245=DIRECTION('',(-1.,0.,0.));
#3246=DIRECTION('',(0.,0.,1.));
#3247=DIRECTION('center_axis',(0.707106781186548,0.707106781186548,0.));
#3248=DIRECTION('ref_axis',(-0.707106781186548,0.707106781186548,0.));
#3249=DIRECTION('',(0.707106781186547,-0.707106781186547,0.));
#3250=DIRECTION('',(-0.707106781186547,0.707106781186547,0.));
#3251=DIRECTION('',(0.,0.,1.));
#3252=DIRECTION('center_axis',(-0.707106781186548,0.707106781186548,0.));
#3253=DIRECTION('ref_axis',(-0.707106781186548,-0.707106781186548,0.));
#3254=DIRECTION('',(0.707106781186547,0.707106781186547,0.));
#3255=DIRECTION('',(-0.707106781186547,-0.707106781186547,0.));
#3256=DIRECTION('',(0.,0.,1.));
#3257=DIRECTION('center_axis',(-1.,0.,0.));
#3258=DIRECTION('ref_axis',(0.,-1.,0.));
#3259=DIRECTION('',(0.,1.,0.));
#3260=DIRECTION('',(0.,-1.,0.));
#3261=DIRECTION('',(0.,0.,1.));
#3262=DIRECTION('center_axis',(-0.707106781186548,0.707106781186548,0.));
#3263=DIRECTION('ref_axis',(-0.707106781186548,-0.707106781186548,0.));
#3264=DIRECTION('',(0.707106781186547,0.707106781186547,0.));
#3265=DIRECTION('',(-0.707106781186547,-0.707106781186547,0.));
#3266=DIRECTION('',(0.,0.,1.));
#3267=DIRECTION('center_axis',(0.,0.,1.));
#3268=DIRECTION('ref_axis',(0.989949493661166,0.14142135623731,0.));
#3269=DIRECTION('center_axis',(0.,0.,1.));
#3270=DIRECTION('ref_axis',(0.989949493661166,0.14142135623731,0.));
#3271=DIRECTION('center_axis',(0.,0.,1.));
#3272=DIRECTION('ref_axis',(0.989949493661166,0.14142135623731,0.));
#3273=DIRECTION('',(0.,0.,1.));
#3274=DIRECTION('center_axis',(1.,0.,0.));
#3275=DIRECTION('ref_axis',(0.,1.,0.));
#3276=DIRECTION('',(0.,-1.,0.));
#3277=DIRECTION('',(0.,1.,0.));
#3278=DIRECTION('',(0.,0.,1.));
#3279=DIRECTION('center_axis',(0.707106781186548,-0.707106781186548,0.));
#3280=DIRECTION('ref_axis',(0.707106781186548,0.707106781186548,0.));
#3281=DIRECTION('',(-0.707106781186547,-0.707106781186547,0.));
#3282=DIRECTION('',(0.707106781186547,0.707106781186547,0.));
#3283=DIRECTION('',(0.,0.,1.));
#3284=DIRECTION('center_axis',(-0.707106781186548,-0.707106781186548,0.));
#3285=DIRECTION('ref_axis',(0.707106781186548,-0.707106781186548,0.));
#3286=DIRECTION('',(-0.707106781186547,0.707106781186547,0.));
#3287=DIRECTION('',(0.707106781186547,-0.707106781186547,0.));
#3288=DIRECTION('',(0.,0.,1.));
#3289=DIRECTION('center_axis',(0.707106781186548,-0.707106781186548,0.));
#3290=DIRECTION('ref_axis',(0.707106781186548,0.707106781186548,0.));
#3291=DIRECTION('',(-0.707106781186547,-0.707106781186547,0.));
#3292=DIRECTION('',(0.707106781186547,0.707106781186547,0.));
#3293=DIRECTION('',(0.,0.,1.));
#3294=DIRECTION('center_axis',(0.707106781186548,0.707106781186548,0.));
#3295=DIRECTION('ref_axis',(-0.707106781186548,0.707106781186548,0.));
#3296=DIRECTION('',(0.707106781186547,-0.707106781186547,0.));
#3297=DIRECTION('',(-0.707106781186547,0.707106781186547,0.));
#3298=DIRECTION('',(0.,0.,1.));
#3299=DIRECTION('center_axis',(0.,1.,0.));
#3300=DIRECTION('ref_axis',(-1.,0.,0.));
#3301=DIRECTION('',(1.,0.,0.));
#3302=DIRECTION('',(-1.,0.,0.));
#3303=DIRECTION('',(0.,0.,1.));
#3304=DIRECTION('center_axis',(0.,0.,1.));
#3305=DIRECTION('ref_axis',(1.,0.,0.));
#3306=DIRECTION('center_axis',(0.,0.,1.));
#3307=DIRECTION('ref_axis',(1.,0.,0.));
#3308=DIRECTION('center_axis',(0.,0.,1.));
#3309=DIRECTION('ref_axis',(1.,0.,0.));
#3310=DIRECTION('',(0.,0.,1.));
#3311=DIRECTION('center_axis',(1.,0.,0.));
#3312=DIRECTION('ref_axis',(0.,1.,0.));
#3313=DIRECTION('',(0.,-1.,0.));
#3314=DIRECTION('',(0.,1.,0.));
#3315=DIRECTION('',(0.,0.,1.));
#3316=DIRECTION('center_axis',(0.707106781186548,-0.707106781186548,0.));
#3317=DIRECTION('ref_axis',(0.707106781186548,0.707106781186548,0.));
#3318=DIRECTION('',(-0.707106781186547,-0.707106781186547,0.));
#3319=DIRECTION('',(0.707106781186547,0.707106781186547,0.));
#3320=DIRECTION('',(0.,0.,1.));
#3321=DIRECTION('center_axis',(-0.707106781186548,-0.707106781186548,0.));
#3322=DIRECTION('ref_axis',(0.707106781186548,-0.707106781186548,0.));
#3323=DIRECTION('',(-0.707106781186547,0.707106781186547,0.));
#3324=DIRECTION('',(0.707106781186547,-0.707106781186547,0.));
#3325=DIRECTION('',(0.,0.,1.));
#3326=DIRECTION('center_axis',(1.,0.,0.));
#3327=DIRECTION('ref_axis',(0.,1.,0.));
#3328=DIRECTION('',(0.,-1.,0.));
#3329=DIRECTION('',(0.,1.,0.));
#3330=DIRECTION('',(0.,0.,1.));
#3331=DIRECTION('center_axis',(0.,-1.,0.));
#3332=DIRECTION('ref_axis',(1.,0.,0.));
#3333=DIRECTION('',(-1.,0.,0.));
#3334=DIRECTION('',(1.,0.,0.));
#3335=DIRECTION('',(0.,0.,1.));
#3336=DIRECTION('center_axis',(1.,0.,0.));
#3337=DIRECTION('ref_axis',(0.,1.,0.));
#3338=DIRECTION('',(0.,-1.,0.));
#3339=DIRECTION('',(0.,1.,0.));
#3340=DIRECTION('',(0.,0.,1.));
#3341=DIRECTION('center_axis',(0.,1.,0.));
#3342=DIRECTION('ref_axis',(-1.,0.,0.));
#3343=DIRECTION('',(1.,0.,0.));
#3344=DIRECTION('',(-1.,0.,0.));
#3345=DIRECTION('',(0.,0.,1.));
#3346=DIRECTION('center_axis',(0.707106781186548,0.707106781186548,0.));
#3347=DIRECTION('ref_axis',(-0.707106781186548,0.707106781186548,0.));
#3348=DIRECTION('',(0.707106781186547,-0.707106781186547,0.));
#3349=DIRECTION('',(-0.707106781186547,0.707106781186547,0.));
#3350=DIRECTION('',(0.,0.,1.));
#3351=DIRECTION('center_axis',(-0.707106781186548,0.707106781186548,0.));
#3352=DIRECTION('ref_axis',(-0.707106781186548,-0.707106781186548,0.));
#3353=DIRECTION('',(0.707106781186547,0.707106781186547,0.));
#3354=DIRECTION('',(-0.707106781186547,-0.707106781186547,0.));
#3355=DIRECTION('',(0.,0.,1.));
#3356=DIRECTION('center_axis',(-1.,0.,0.));
#3357=DIRECTION('ref_axis',(0.,-1.,0.));
#3358=DIRECTION('',(0.,1.,0.));
#3359=DIRECTION('',(0.,-1.,0.));
#3360=DIRECTION('',(0.,0.,1.));
#3361=DIRECTION('center_axis',(-0.707106781186548,-0.707106781186548,0.));
#3362=DIRECTION('ref_axis',(0.707106781186548,-0.707106781186548,0.));
#3363=DIRECTION('',(-0.707106781186547,0.707106781186547,0.));
#3364=DIRECTION('',(0.707106781186547,-0.707106781186547,0.));
#3365=DIRECTION('',(0.,0.,1.));
#3366=DIRECTION('center_axis',(-0.707106781186548,0.707106781186548,0.));
#3367=DIRECTION('ref_axis',(-0.707106781186548,-0.707106781186548,0.));
#3368=DIRECTION('',(0.707106781186547,0.707106781186547,0.));
#3369=DIRECTION('',(-0.707106781186547,-0.707106781186547,0.));
#3370=DIRECTION('',(0.,0.,1.));
#3371=DIRECTION('center_axis',(0.,1.,0.));
#3372=DIRECTION('ref_axis',(-1.,0.,0.));
#3373=DIRECTION('',(1.,0.,0.));
#3374=DIRECTION('',(-1.,0.,0.));
#3375=DIRECTION('',(0.,0.,1.));
#3376=DIRECTION('center_axis',(0.707106781186548,0.707106781186548,0.));
#3377=DIRECTION('ref_axis',(-0.707106781186548,0.707106781186548,0.));
#3378=DIRECTION('',(0.707106781186547,-0.707106781186547,0.));
#3379=DIRECTION('',(-0.707106781186547,0.707106781186547,0.));
#3380=DIRECTION('',(0.,0.,1.));
#3381=DIRECTION('center_axis',(1.,0.,0.));
#3382=DIRECTION('ref_axis',(0.,1.,0.));
#3383=DIRECTION('',(0.,-1.,0.));
#3384=DIRECTION('',(0.,1.,0.));
#3385=DIRECTION('',(0.,0.,1.));
#3386=DIRECTION('center_axis',(0.707106781186548,0.707106781186548,0.));
#3387=DIRECTION('ref_axis',(-0.707106781186548,0.707106781186548,0.));
#3388=DIRECTION('',(0.707106781186547,-0.707106781186547,0.));
#3389=DIRECTION('',(-0.707106781186547,0.707106781186547,0.));
#3390=DIRECTION('',(0.,0.,1.));
#3391=DIRECTION('center_axis',(0.707106781186548,-0.707106781186548,0.));
#3392=DIRECTION('ref_axis',(0.707106781186548,0.707106781186548,0.));
#3393=DIRECTION('',(-0.707106781186547,-0.707106781186547,0.));
#3394=DIRECTION('',(0.707106781186547,0.707106781186547,0.));
#3395=DIRECTION('',(0.,0.,1.));
#3396=DIRECTION('center_axis',(0.707106781186548,0.707106781186548,0.));
#3397=DIRECTION('ref_axis',(-0.707106781186548,0.707106781186548,0.));
#3398=DIRECTION('',(0.707106781186547,-0.707106781186547,0.));
#3399=DIRECTION('',(-0.707106781186547,0.707106781186547,0.));
#3400=DIRECTION('',(0.,0.,1.));
#3401=DIRECTION('center_axis',(0.707106781186548,-0.707106781186548,0.));
#3402=DIRECTION('ref_axis',(0.707106781186548,0.707106781186548,0.));
#3403=DIRECTION('',(-0.707106781186547,-0.707106781186547,0.));
#3404=DIRECTION('',(0.707106781186547,0.707106781186547,0.));
#3405=DIRECTION('',(0.,0.,1.));
#3406=DIRECTION('center_axis',(0.707106781186548,0.707106781186548,0.));
#3407=DIRECTION('ref_axis',(-0.707106781186548,0.707106781186548,0.));
#3408=DIRECTION('',(0.707106781186547,-0.707106781186547,0.));
#3409=DIRECTION('',(-0.707106781186547,0.707106781186547,0.));
#3410=DIRECTION('',(0.,0.,1.));
#3411=DIRECTION('center_axis',(0.707106781186548,-0.707106781186548,0.));
#3412=DIRECTION('ref_axis',(0.707106781186548,0.707106781186548,0.));
#3413=DIRECTION('',(-0.707106781186547,-0.707106781186547,0.));
#3414=DIRECTION('',(0.707106781186547,0.707106781186547,0.));
#3415=DIRECTION('',(0.,0.,1.));
#3416=DIRECTION('center_axis',(-0.707106781186548,-0.707106781186548,0.));
#3417=DIRECTION('ref_axis',(0.707106781186548,-0.707106781186548,0.));
#3418=DIRECTION('',(-0.707106781186547,0.707106781186547,0.));
#3419=DIRECTION('',(0.707106781186547,-0.707106781186547,0.));
#3420=DIRECTION('',(0.,0.,1.));
#3421=DIRECTION('center_axis',(0.707106781186547,-0.707106781186548,0.));
#3422=DIRECTION('ref_axis',(0.707106781186548,0.707106781186547,0.));
#3423=DIRECTION('',(-0.707106781186548,-0.707106781186547,0.));
#3424=DIRECTION('',(0.707106781186548,0.707106781186547,0.));
#3425=DIRECTION('',(0.,0.,1.));
#3426=DIRECTION('center_axis',(-0.707106781186548,-0.707106781186547,0.));
#3427=DIRECTION('ref_axis',(0.707106781186547,-0.707106781186548,0.));
#3428=DIRECTION('',(-0.707106781186547,0.707106781186548,0.));
#3429=DIRECTION('',(0.707106781186547,-0.707106781186548,0.));
#3430=DIRECTION('',(0.,0.,1.));
#3431=DIRECTION('center_axis',(0.707106781186547,-0.707106781186548,0.));
#3432=DIRECTION('ref_axis',(0.707106781186548,0.707106781186547,0.));
#3433=DIRECTION('',(-0.707106781186548,-0.707106781186547,0.));
#3434=DIRECTION('',(0.707106781186548,0.707106781186547,0.));
#3435=DIRECTION('',(0.,0.,1.));
#3436=DIRECTION('center_axis',(-0.707106781186548,-0.707106781186547,0.));
#3437=DIRECTION('ref_axis',(0.707106781186547,-0.707106781186548,0.));
#3438=DIRECTION('',(-0.707106781186547,0.707106781186548,0.));
#3439=DIRECTION('',(0.707106781186547,-0.707106781186548,0.));
#3440=DIRECTION('',(0.,0.,1.));
#3441=DIRECTION('center_axis',(0.,0.,1.));
#3442=DIRECTION('ref_axis',(0.707106781186548,0.707106781186547,0.));
#3443=DIRECTION('center_axis',(0.,0.,1.));
#3444=DIRECTION('ref_axis',(0.707106781186548,0.707106781186547,0.));
#3445=DIRECTION('center_axis',(0.,0.,-1.));
#3446=DIRECTION('ref_axis',(0.707106781186548,0.707106781186547,0.));
#3447=DIRECTION('',(0.,0.,1.));
#3448=DIRECTION('center_axis',(-1.,0.,0.));
#3449=DIRECTION('ref_axis',(0.,-1.,0.));
#3450=DIRECTION('',(0.,1.,0.));
#3451=DIRECTION('',(0.,-1.,0.));
#3452=DIRECTION('',(0.,0.,1.));
#3453=DIRECTION('center_axis',(-0.707106781186548,0.707106781186547,0.));
#3454=DIRECTION('ref_axis',(-0.707106781186547,-0.707106781186548,0.));
#3455=DIRECTION('',(0.707106781186547,0.707106781186548,0.));
#3456=DIRECTION('',(-0.707106781186547,-0.707106781186548,0.));
#3457=DIRECTION('',(0.,0.,1.));
#3458=DIRECTION('center_axis',(0.,1.,0.));
#3459=DIRECTION('ref_axis',(-1.,0.,0.));
#3460=DIRECTION('',(1.,0.,0.));
#3461=DIRECTION('',(-1.,0.,0.));
#3462=DIRECTION('',(0.,0.,1.));
#3463=DIRECTION('center_axis',(-1.,0.,0.));
#3464=DIRECTION('ref_axis',(0.,-1.,0.));
#3465=DIRECTION('',(0.,1.,0.));
#3466=DIRECTION('',(0.,-1.,0.));
#3467=DIRECTION('',(0.,0.,1.));
#3468=DIRECTION('center_axis',(0.,-1.,0.));
#3469=DIRECTION('ref_axis',(1.,0.,0.));
#3470=DIRECTION('',(-1.,0.,0.));
#3471=DIRECTION('',(1.,0.,0.));
#3472=DIRECTION('',(0.,0.,1.));
#3473=DIRECTION('center_axis',(-1.,0.,0.));
#3474=DIRECTION('ref_axis',(0.,-1.,0.));
#3475=DIRECTION('',(0.,1.,0.));
#3476=DIRECTION('',(0.,-1.,0.));
#3477=DIRECTION('',(0.,0.,1.));
#3478=DIRECTION('center_axis',(0.,1.,0.));
#3479=DIRECTION('ref_axis',(-1.,0.,0.));
#3480=DIRECTION('',(1.,0.,0.));
#3481=DIRECTION('',(-1.,0.,0.));
#3482=DIRECTION('',(0.,0.,1.));
#3483=DIRECTION('center_axis',(-1.,0.,0.));
#3484=DIRECTION('ref_axis',(0.,-1.,0.));
#3485=DIRECTION('',(0.,1.,0.));
#3486=DIRECTION('',(0.,-1.,0.));
#3487=DIRECTION('',(0.,0.,1.));
#3488=DIRECTION('center_axis',(0.,-1.,0.));
#3489=DIRECTION('ref_axis',(1.,0.,0.));
#3490=DIRECTION('',(-1.,0.,0.));
#3491=DIRECTION('',(1.,0.,0.));
#3492=DIRECTION('',(0.,0.,1.));
#3493=DIRECTION('center_axis',(-0.707106781186548,-0.707106781186548,0.));
#3494=DIRECTION('ref_axis',(0.707106781186548,-0.707106781186548,0.));
#3495=DIRECTION('',(-0.707106781186547,0.707106781186547,0.));
#3496=DIRECTION('',(0.707106781186547,-0.707106781186547,0.));
#3497=DIRECTION('',(0.,0.,1.));
#3498=DIRECTION('center_axis',(0.894427190999916,-0.447213595499958,0.));
#3499=DIRECTION('ref_axis',(0.447213595499958,0.894427190999916,0.));
#3500=DIRECTION('',(-0.447213595499958,-0.894427190999916,0.));
#3501=DIRECTION('',(0.447213595499958,0.894427190999916,0.));
#3502=DIRECTION('',(0.,0.,1.));
#3503=DIRECTION('center_axis',(0.,0.,1.));
#3504=DIRECTION('ref_axis',(0.0688020916153781,-0.997630328422983,0.));
#3505=DIRECTION('center_axis',(0.,0.,1.));
#3506=DIRECTION('ref_axis',(0.0688020916153781,-0.997630328422983,0.));
#3507=DIRECTION('center_axis',(0.,0.,1.));
#3508=DIRECTION('ref_axis',(0.0688020916153781,-0.997630328422983,0.));
#3509=DIRECTION('center_axis',(0.,0.,1.));
#3510=DIRECTION('ref_axis',(1.,0.,0.));
#3511=DIRECTION('center_axis',(0.,0.,1.));
#3512=DIRECTION('ref_axis',(1.,0.,0.));
#3513=CARTESIAN_POINT('',(0.,0.,0.));
#3514=CARTESIAN_POINT('Origin',(-25.,-50.,0.));
#3515=CARTESIAN_POINT('',(-25.,-45.,0.));
#3516=CARTESIAN_POINT('',(-25.,-50.,0.));
#3517=CARTESIAN_POINT('',(-25.,-45.,0.));
#3518=CARTESIAN_POINT('',(-25.,-45.,5.));
#3519=CARTESIAN_POINT('',(-25.,-45.,0.));
#3520=CARTESIAN_POINT('',(-25.,-50.,5.));
#3521=CARTESIAN_POINT('',(-25.,-45.,5.));
#3522=CARTESIAN_POINT('',(-25.,-50.,0.));
#3523=CARTESIAN_POINT('Origin',(-20.,-50.,0.));
#3524=CARTESIAN_POINT('',(-20.,-50.,0.));
#3525=CARTESIAN_POINT('',(-25.,-50.,0.));
#3526=CARTESIAN_POINT('',(-20.,-50.,5.));
#3527=CARTESIAN_POINT('',(-25.,-50.,5.));
#3528=CARTESIAN_POINT('',(-20.,-50.,0.));
#3529=CARTESIAN_POINT('Origin',(-20.,-55.,0.));
#3530=CARTESIAN_POINT('',(-20.,-55.,0.));
#3531=CARTESIAN_POINT('',(-20.,-50.,0.));
#3532=CARTESIAN_POINT('',(-20.,-55.,5.));
#3533=CARTESIAN_POINT('',(-20.,-50.,5.));
#3534=CARTESIAN_POINT('',(-20.,-55.,0.));
#3535=CARTESIAN_POINT('Origin',(-15.,-60.,0.));
#3536=CARTESIAN_POINT('',(-15.,-60.,0.));
#3537=CARTESIAN_POINT('',(-20.,-55.,0.));
#3538=CARTESIAN_POINT('',(-15.,-60.,5.));
#3539=CARTESIAN_POINT('',(-20.,-55.,5.));
#3540=CARTESIAN_POINT('',(-15.,-60.,0.));
#3541=CARTESIAN_POINT('Origin',(-20.,-60.,0.));
#3542=CARTESIAN_POINT('',(-20.,-60.,0.));
#3543=CARTESIAN_POINT('',(-15.,-60.,0.));
#3544=CARTESIAN_POINT('',(-20.,-60.,5.));
#3545=CARTESIAN_POINT('',(-15.,-60.,5.));
#3546=CARTESIAN_POINT('',(-20.,-60.,0.));
#3547=CARTESIAN_POINT('Origin',(-20.,-65.,0.));
#3548=CARTESIAN_POINT('',(-20.,-65.,0.));
#3549=CARTESIAN_POINT('',(-20.,-60.,0.));
#3550=CARTESIAN_POINT('',(-20.,-65.,5.));
#3551=CARTESIAN_POINT('',(-20.,-60.,5.));
#3552=CARTESIAN_POINT('',(-20.,-65.,0.));
#3553=CARTESIAN_POINT('Origin',(-25.,-60.,0.));
#3554=CARTESIAN_POINT('',(-25.,-60.,0.));
#3555=CARTESIAN_POINT('',(-20.,-65.,0.));
#3556=CARTESIAN_POINT('',(-25.,-60.,5.));
#3557=CARTESIAN_POINT('',(-20.,-65.,5.));
#3558=CARTESIAN_POINT('',(-25.,-60.,0.));
#3559=CARTESIAN_POINT('Origin',(-30.,-60.,0.));
#3560=CARTESIAN_POINT('',(-30.,-60.,0.));
#3561=CARTESIAN_POINT('',(-25.,-60.,0.));
#3562=CARTESIAN_POINT('',(-30.,-60.,5.));
#3563=CARTESIAN_POINT('',(-25.,-60.,5.));
#3564=CARTESIAN_POINT('',(-30.,-60.,0.));
#3565=CARTESIAN_POINT('Origin',(-25.,-55.,0.));
#3566=CARTESIAN_POINT('',(-25.,-55.,0.));
#3567=CARTESIAN_POINT('',(-30.,-60.,0.));
#3568=CARTESIAN_POINT('',(-25.,-55.,5.));
#3569=CARTESIAN_POINT('',(-30.,-60.,5.));
#3570=CARTESIAN_POINT('',(-25.,-55.,0.));
#3571=CARTESIAN_POINT('Origin',(-35.,-55.,0.));
#3572=CARTESIAN_POINT('',(-35.,-55.,0.));
#3573=CARTESIAN_POINT('',(-25.,-55.,0.));
#3574=CARTESIAN_POINT('',(-35.,-55.,5.));
#3575=CARTESIAN_POINT('',(-25.,-55.,5.));
#3576=CARTESIAN_POINT('',(-35.,-55.,0.));
#3577=CARTESIAN_POINT('Origin',(-30.,-50.,0.));
#3578=CARTESIAN_POINT('',(-30.,-50.,0.));
#3579=CARTESIAN_POINT('',(-35.,-55.,0.));
#3580=CARTESIAN_POINT('',(-30.,-50.,5.));
#3581=CARTESIAN_POINT('',(-35.,-55.,5.));
#3582=CARTESIAN_POINT('',(-30.,-50.,0.));
#3583=CARTESIAN_POINT('Origin',(-35.,-45.,0.));
#3584=CARTESIAN_POINT('',(-35.,-45.,0.));
#3585=CARTESIAN_POINT('',(-30.,-50.,0.));
#3586=CARTESIAN_POINT('',(-35.,-45.,5.));
#3587=CARTESIAN_POINT('',(-30.,-50.,5.));
#3588=CARTESIAN_POINT('',(-35.,-45.,0.));
#3589=CARTESIAN_POINT('Origin',(-30.,-40.,0.));
#3590=CARTESIAN_POINT('',(-30.,-40.,0.));
#3591=CARTESIAN_POINT('',(-35.,-45.,0.));
#3592=CARTESIAN_POINT('',(-30.,-40.,5.));
#3593=CARTESIAN_POINT('',(-35.,-45.,5.));
#3594=CARTESIAN_POINT('',(-30.,-40.,0.));
#3595=CARTESIAN_POINT('Origin',(-25.,-40.,0.));
#3596=CARTESIAN_POINT('',(-25.,-40.,0.));
#3597=CARTESIAN_POINT('',(-30.,-40.,0.));
#3598=CARTESIAN_POINT('',(-25.,-40.,5.));
#3599=CARTESIAN_POINT('',(-30.,-40.,5.));
#3600=CARTESIAN_POINT('',(-25.,-40.,0.));
#3601=CARTESIAN_POINT('Origin',(-25.,-33.75,0.));
#3602=CARTESIAN_POINT('',(-20.,-30.,0.));
#3603=CARTESIAN_POINT('Origin',(-25.,-33.75,0.));
#3604=CARTESIAN_POINT('',(-20.,-30.,5.));
#3605=CARTESIAN_POINT('Origin',(-25.,-33.75,5.));
#3606=CARTESIAN_POINT('',(-20.,-30.,0.));
#3607=CARTESIAN_POINT('Origin',(-20.,-25.,0.));
#3608=CARTESIAN_POINT('',(-20.,-25.,0.));
#3609=CARTESIAN_POINT('',(-20.,-30.,0.));
#3610=CARTESIAN_POINT('',(-20.,-25.,5.));
#3611=CARTESIAN_POINT('',(-20.,-30.,5.));
#3612=CARTESIAN_POINT('',(-20.,-25.,0.));
#3613=CARTESIAN_POINT('Origin',(-15.,-25.,0.));
#3614=CARTESIAN_POINT('',(-15.,-25.,0.));
#3615=CARTESIAN_POINT('',(-20.,-25.,0.));
#3616=CARTESIAN_POINT('',(-15.,-25.,5.));
#3617=CARTESIAN_POINT('',(-20.,-25.,5.));
#3618=CARTESIAN_POINT('',(-15.,-25.,0.));
#3619=CARTESIAN_POINT('Origin',(-15.,-20.,0.));
#3620=CARTESIAN_POINT('',(-15.,-20.,0.));
#3621=CARTESIAN_POINT('',(-15.,-25.,0.));
#3622=CARTESIAN_POINT('',(-15.,-20.,5.));
#3623=CARTESIAN_POINT('',(-15.,-25.,5.));
#3624=CARTESIAN_POINT('',(-15.,-20.,0.));
#3625=CARTESIAN_POINT('Origin',(-20.,-20.,0.));
#3626=CARTESIAN_POINT('',(-20.,-20.,0.));
#3627=CARTESIAN_POINT('',(-15.,-20.,0.));
#3628=CARTESIAN_POINT('',(-20.,-20.,5.));
#3629=CARTESIAN_POINT('',(-15.,-20.,5.));
#3630=CARTESIAN_POINT('',(-20.,-20.,0.));
#3631=CARTESIAN_POINT('Origin',(-25.,-15.,0.));
#3632=CARTESIAN_POINT('',(-25.,-15.,0.));
#3633=CARTESIAN_POINT('',(-20.,-20.,0.));
#3634=CARTESIAN_POINT('',(-25.,-15.,5.));
#3635=CARTESIAN_POINT('',(-20.,-20.,5.));
#3636=CARTESIAN_POINT('',(-25.,-15.,0.));
#3637=CARTESIAN_POINT('Origin',(-35.,-15.,0.));
#3638=CARTESIAN_POINT('',(-35.,-15.,0.));
#3639=CARTESIAN_POINT('',(-25.,-15.,0.));
#3640=CARTESIAN_POINT('',(-35.,-15.,5.));
#3641=CARTESIAN_POINT('',(-25.,-15.,5.));
#3642=CARTESIAN_POINT('',(-35.,-15.,0.));
#3643=CARTESIAN_POINT('Origin',(-35.,-20.,0.));
#3644=CARTESIAN_POINT('',(-35.,-20.,0.));
#3645=CARTESIAN_POINT('',(-35.,-15.,0.));
#3646=CARTESIAN_POINT('',(-35.,-20.,5.));
#3647=CARTESIAN_POINT('',(-35.,-15.,5.));
#3648=CARTESIAN_POINT('',(-35.,-20.,0.));
#3649=CARTESIAN_POINT('Origin',(-40.,-15.,0.));
#3650=CARTESIAN_POINT('',(-40.,-15.,0.));
#3651=CARTESIAN_POINT('',(-35.,-20.,0.));
#3652=CARTESIAN_POINT('',(-40.,-15.,5.));
#3653=CARTESIAN_POINT('',(-35.,-20.,5.));
#3654=CARTESIAN_POINT('',(-40.,-15.,0.));
#3655=CARTESIAN_POINT('Origin',(-40.,-20.,0.));
#3656=CARTESIAN_POINT('',(-40.,-20.,0.));
#3657=CARTESIAN_POINT('',(-40.,-15.,0.));
#3658=CARTESIAN_POINT('',(-40.,-20.,5.));
#3659=CARTESIAN_POINT('',(-40.,-15.,5.));
#3660=CARTESIAN_POINT('',(-40.,-20.,0.));
#3661=CARTESIAN_POINT('Origin',(-35.,-25.,0.));
#3662=CARTESIAN_POINT('',(-35.,-25.,0.));
#3663=CARTESIAN_POINT('',(-40.,-20.,0.));
#3664=CARTESIAN_POINT('',(-35.,-25.,5.));
#3665=CARTESIAN_POINT('',(-40.,-20.,5.));
#3666=CARTESIAN_POINT('',(-35.,-25.,0.));
#3667=CARTESIAN_POINT('Origin',(-30.,-25.,0.));
#3668=CARTESIAN_POINT('',(-30.,-25.,0.));
#3669=CARTESIAN_POINT('',(-35.,-25.,0.));
#3670=CARTESIAN_POINT('',(-30.,-25.,5.));
#3671=CARTESIAN_POINT('',(-35.,-25.,5.));
#3672=CARTESIAN_POINT('',(-30.,-25.,0.));
#3673=CARTESIAN_POINT('Origin',(-30.,-30.,0.));
#3674=CARTESIAN_POINT('',(-30.,-30.,0.));
#3675=CARTESIAN_POINT('',(-30.,-25.,0.));
#3676=CARTESIAN_POINT('',(-30.,-30.,5.));
#3677=CARTESIAN_POINT('',(-30.,-25.,5.));
#3678=CARTESIAN_POINT('',(-30.,-30.,0.));
#3679=CARTESIAN_POINT('Origin',(-35.,-30.,0.));
#3680=CARTESIAN_POINT('',(-35.,-30.,0.));
#3681=CARTESIAN_POINT('',(-30.,-30.,0.));
#3682=CARTESIAN_POINT('',(-35.,-30.,5.));
#3683=CARTESIAN_POINT('',(-30.,-30.,5.));
#3684=CARTESIAN_POINT('',(-35.,-30.,0.));
#3685=CARTESIAN_POINT('Origin',(-40.,-35.,0.));
#3686=CARTESIAN_POINT('',(-40.,-35.,0.));
#3687=CARTESIAN_POINT('',(-35.,-30.,0.));
#3688=CARTESIAN_POINT('',(-40.,-35.,5.));
#3689=CARTESIAN_POINT('',(-35.,-30.,5.));
#3690=CARTESIAN_POINT('',(-40.,-35.,0.));
#3691=CARTESIAN_POINT('Origin',(-40.,-30.,0.));
#3692=CARTESIAN_POINT('',(-40.,-30.,0.));
#3693=CARTESIAN_POINT('',(-40.,-35.,0.));
#3694=CARTESIAN_POINT('',(-40.,-30.,5.));
#3695=CARTESIAN_POINT('',(-40.,-35.,5.));
#3696=CARTESIAN_POINT('',(-40.,-30.,0.));
#3697=CARTESIAN_POINT('Origin',(-45.,-30.,0.));
#3698=CARTESIAN_POINT('',(-45.,-30.,0.));
#3699=CARTESIAN_POINT('',(-40.,-30.,0.));
#3700=CARTESIAN_POINT('',(-45.,-30.,5.));
#3701=CARTESIAN_POINT('',(-40.,-30.,5.));
#3702=CARTESIAN_POINT('',(-45.,-30.,0.));
#3703=CARTESIAN_POINT('Origin',(-45.,-25.,0.));
#3704=CARTESIAN_POINT('',(-45.,-25.,0.));
#3705=CARTESIAN_POINT('',(-45.,-30.,0.));
#3706=CARTESIAN_POINT('',(-45.,-25.,5.));
#3707=CARTESIAN_POINT('',(-45.,-30.,5.));
#3708=CARTESIAN_POINT('',(-45.,-25.,0.));
#3709=CARTESIAN_POINT('Origin',(-50.,-25.,0.));
#3710=CARTESIAN_POINT('',(-50.,-25.,0.));
#3711=CARTESIAN_POINT('',(-45.,-25.,0.));
#3712=CARTESIAN_POINT('',(-50.,-25.,5.));
#3713=CARTESIAN_POINT('',(-45.,-25.,5.));
#3714=CARTESIAN_POINT('',(-50.,-25.,0.));
#3715=CARTESIAN_POINT('Origin',(-50.,-20.,0.));
#3716=CARTESIAN_POINT('',(-50.,-20.,0.));
#3717=CARTESIAN_POINT('',(-50.,-25.,0.));
#3718=CARTESIAN_POINT('',(-50.,-20.,5.));
#3719=CARTESIAN_POINT('',(-50.,-25.,5.));
#3720=CARTESIAN_POINT('',(-50.,-20.,0.));
#3721=CARTESIAN_POINT('Origin',(-45.,-15.,0.));
#3722=CARTESIAN_POINT('',(-45.,-15.,0.));
#3723=CARTESIAN_POINT('',(-50.,-20.,0.));
#3724=CARTESIAN_POINT('',(-45.,-15.,5.));
#3725=CARTESIAN_POINT('',(-50.,-20.,5.));
#3726=CARTESIAN_POINT('',(-45.,-15.,0.));
#3727=CARTESIAN_POINT('Origin',(-47.5,-12.5,0.));
#3728=CARTESIAN_POINT('',(-50.,-10.,0.));
#3729=CARTESIAN_POINT('Origin',(-47.5,-12.5,0.));
#3730=CARTESIAN_POINT('',(-50.,-10.,5.));
#3731=CARTESIAN_POINT('Origin',(-47.5,-12.5,5.));
#3732=CARTESIAN_POINT('',(-50.,-10.,0.));
#3733=CARTESIAN_POINT('Origin',(-55.,-10.,0.));
#3734=CARTESIAN_POINT('',(-55.,-10.,0.));
#3735=CARTESIAN_POINT('',(-50.,-10.,0.));
#3736=CARTESIAN_POINT('',(-55.,-10.,5.));
#3737=CARTESIAN_POINT('',(-50.,-10.,5.));
#3738=CARTESIAN_POINT('',(-55.,-10.,0.));
#3739=CARTESIAN_POINT('Origin',(-60.,-5.,0.));
#3740=CARTESIAN_POINT('',(-60.,-5.,0.));
#3741=CARTESIAN_POINT('',(-55.,-10.,0.));
#3742=CARTESIAN_POINT('',(-60.,-5.,5.));
#3743=CARTESIAN_POINT('',(-55.,-10.,5.));
#3744=CARTESIAN_POINT('',(-60.,-5.,0.));
#3745=CARTESIAN_POINT('Origin',(-50.,-5.,0.));
#3746=CARTESIAN_POINT('',(-50.,-5.,0.));
#3747=CARTESIAN_POINT('',(-55.,-5.,0.));
#3748=CARTESIAN_POINT('',(-50.,-5.,5.));
#3749=CARTESIAN_POINT('',(-55.,-5.,5.));
#3750=CARTESIAN_POINT('',(-50.,-5.,0.));
#3751=CARTESIAN_POINT('Origin',(-50.,0.,0.));
#3752=CARTESIAN_POINT('',(-50.,0.,0.));
#3753=CARTESIAN_POINT('',(-50.,-5.,0.));
#3754=CARTESIAN_POINT('',(-50.,0.,5.));
#3755=CARTESIAN_POINT('',(-50.,-5.,5.));
#3756=CARTESIAN_POINT('',(-50.,0.,0.));
#3757=CARTESIAN_POINT('Origin',(-45.,5.,0.));
#3758=CARTESIAN_POINT('',(-45.,5.,0.));
#3759=CARTESIAN_POINT('',(-50.,0.,0.));
#3760=CARTESIAN_POINT('',(-45.,5.,5.));
#3761=CARTESIAN_POINT('',(-50.,0.,5.));
#3762=CARTESIAN_POINT('',(-45.,5.,0.));
#3763=CARTESIAN_POINT('Origin',(-40.,5.,0.));
#3764=CARTESIAN_POINT('',(-40.,5.,0.));
#3765=CARTESIAN_POINT('',(-45.,5.,0.));
#3766=CARTESIAN_POINT('',(-40.,5.,5.));
#3767=CARTESIAN_POINT('',(-45.,5.,5.));
#3768=CARTESIAN_POINT('',(-40.,5.,0.));
#3769=CARTESIAN_POINT('Origin',(-40.,10.,0.));
#3770=CARTESIAN_POINT('',(-40.,10.,0.));
#3771=CARTESIAN_POINT('',(-40.,5.,0.));
#3772=CARTESIAN_POINT('',(-40.,10.,5.));
#3773=CARTESIAN_POINT('',(-40.,5.,5.));
#3774=CARTESIAN_POINT('',(-40.,10.,0.));
#3775=CARTESIAN_POINT('Origin',(-45.,15.,0.));
#3776=CARTESIAN_POINT('',(-45.,15.,0.));
#3777=CARTESIAN_POINT('',(-40.,10.,0.));
#3778=CARTESIAN_POINT('',(-45.,15.,5.));
#3779=CARTESIAN_POINT('',(-40.,10.,5.));
#3780=CARTESIAN_POINT('',(-45.,15.,0.));
#3781=CARTESIAN_POINT('Origin',(-40.,20.,0.));
#3782=CARTESIAN_POINT('',(-40.,20.,0.));
#3783=CARTESIAN_POINT('',(-45.,15.,0.));
#3784=CARTESIAN_POINT('',(-40.,20.,5.));
#3785=CARTESIAN_POINT('',(-45.,15.,5.));
#3786=CARTESIAN_POINT('',(-40.,20.,0.));
#3787=CARTESIAN_POINT('Origin',(-35.,20.,0.));
#3788=CARTESIAN_POINT('',(-35.,20.,0.));
#3789=CARTESIAN_POINT('',(-40.,20.,0.));
#3790=CARTESIAN_POINT('',(-35.,20.,5.));
#3791=CARTESIAN_POINT('',(-40.,20.,5.));
#3792=CARTESIAN_POINT('',(-35.,20.,0.));
#3793=CARTESIAN_POINT('Origin',(-35.,10.,0.));
#3794=CARTESIAN_POINT('',(-35.,10.,0.));
#3795=CARTESIAN_POINT('',(-35.,15.,0.));
#3796=CARTESIAN_POINT('',(-35.,10.,5.));
#3797=CARTESIAN_POINT('',(-35.,15.,5.));
#3798=CARTESIAN_POINT('',(-35.,10.,0.));
#3799=CARTESIAN_POINT('Origin',(-30.,10.,0.));
#3800=CARTESIAN_POINT('',(-30.,10.,0.));
#3801=CARTESIAN_POINT('',(-35.,10.,0.));
#3802=CARTESIAN_POINT('',(-30.,10.,5.));
#3803=CARTESIAN_POINT('',(-35.,10.,5.));
#3804=CARTESIAN_POINT('',(-30.,10.,0.));
#3805=CARTESIAN_POINT('Origin',(-30.,15.,0.));
#3806=CARTESIAN_POINT('',(-30.,15.,0.));
#3807=CARTESIAN_POINT('',(-30.,10.,0.));
#3808=CARTESIAN_POINT('',(-30.,15.,5.));
#3809=CARTESIAN_POINT('',(-30.,10.,5.));
#3810=CARTESIAN_POINT('',(-30.,15.,0.));
#3811=CARTESIAN_POINT('Origin',(-25.,15.,0.));
#3812=CARTESIAN_POINT('',(-25.,15.,0.));
#3813=CARTESIAN_POINT('',(-30.,15.,0.));
#3814=CARTESIAN_POINT('',(-25.,15.,5.));
#3815=CARTESIAN_POINT('',(-30.,15.,5.));
#3816=CARTESIAN_POINT('',(-25.,15.,0.));
#3817=CARTESIAN_POINT('Origin',(-25.,5.,0.));
#3818=CARTESIAN_POINT('',(-25.,5.,0.));
#3819=CARTESIAN_POINT('',(-25.,15.,0.));
#3820=CARTESIAN_POINT('',(-25.,5.,5.));
#3821=CARTESIAN_POINT('',(-25.,15.,5.));
#3822=CARTESIAN_POINT('',(-25.,5.,0.));
#3823=CARTESIAN_POINT('Origin',(-30.,5.,0.));
#3824=CARTESIAN_POINT('',(-30.,5.,0.));
#3825=CARTESIAN_POINT('',(-25.,5.,0.));
#3826=CARTESIAN_POINT('',(-30.,5.,5.));
#3827=CARTESIAN_POINT('',(-25.,5.,5.));
#3828=CARTESIAN_POINT('',(-30.,5.,0.));
#3829=CARTESIAN_POINT('Origin',(-35.,0.,0.));
#3830=CARTESIAN_POINT('',(-35.,0.,0.));
#3831=CARTESIAN_POINT('',(-30.,5.,0.));
#3832=CARTESIAN_POINT('',(-35.,0.,5.));
#3833=CARTESIAN_POINT('',(-30.,5.,5.));
#3834=CARTESIAN_POINT('',(-35.,0.,0.));
#3835=CARTESIAN_POINT('Origin',(-35.,-5.,0.));
#3836=CARTESIAN_POINT('',(-35.,-5.,0.));
#3837=CARTESIAN_POINT('',(-35.,0.,0.));
#3838=CARTESIAN_POINT('',(-35.,-5.,5.));
#3839=CARTESIAN_POINT('',(-35.,0.,5.));
#3840=CARTESIAN_POINT('',(-35.,-5.,0.));
#3841=CARTESIAN_POINT('Origin',(-30.,-5.,0.));
#3842=CARTESIAN_POINT('',(-30.,-5.,0.));
#3843=CARTESIAN_POINT('',(-35.,-5.,0.));
#3844=CARTESIAN_POINT('',(-30.,-5.,5.));
#3845=CARTESIAN_POINT('',(-35.,-5.,5.));
#3846=CARTESIAN_POINT('',(-30.,-5.,0.));
#3847=CARTESIAN_POINT('Origin',(-25.,-10.,0.));
#3848=CARTESIAN_POINT('',(-25.,-10.,0.));
#3849=CARTESIAN_POINT('',(-30.,-5.,0.));
#3850=CARTESIAN_POINT('',(-25.,-10.,5.));
#3851=CARTESIAN_POINT('',(-30.,-5.,5.));
#3852=CARTESIAN_POINT('',(-25.,-10.,0.));
#3853=CARTESIAN_POINT('Origin',(-20.,-10.,0.));
#3854=CARTESIAN_POINT('',(-20.,-10.,0.));
#3855=CARTESIAN_POINT('',(-25.,-10.,0.));
#3856=CARTESIAN_POINT('',(-20.,-10.,5.));
#3857=CARTESIAN_POINT('',(-25.,-10.,5.));
#3858=CARTESIAN_POINT('',(-20.,-10.,0.));
#3859=CARTESIAN_POINT('Origin',(-20.,0.,0.));
#3860=CARTESIAN_POINT('',(-20.,0.,0.));
#3861=CARTESIAN_POINT('',(-20.,-10.,0.));
#3862=CARTESIAN_POINT('',(-20.,0.,5.));
#3863=CARTESIAN_POINT('',(-20.,-10.,5.));
#3864=CARTESIAN_POINT('',(-20.,0.,0.));
#3865=CARTESIAN_POINT('Origin',(-15.,5.,0.));
#3866=CARTESIAN_POINT('',(-15.,5.,0.));
#3867=CARTESIAN_POINT('',(-20.,0.,0.));
#3868=CARTESIAN_POINT('',(-15.,5.,5.));
#3869=CARTESIAN_POINT('',(-20.,0.,5.));
#3870=CARTESIAN_POINT('',(-15.,5.,0.));
#3871=CARTESIAN_POINT('Origin',(-15.,10.,0.));
#3872=CARTESIAN_POINT('',(-15.,10.,0.));
#3873=CARTESIAN_POINT('',(-15.,5.,0.));
#3874=CARTESIAN_POINT('',(-15.,10.,5.));
#3875=CARTESIAN_POINT('',(-15.,5.,5.));
#3876=CARTESIAN_POINT('',(-15.,10.,0.));
#3877=CARTESIAN_POINT('Origin',(-20.,15.,0.));
#3878=CARTESIAN_POINT('',(-20.,15.,0.));
#3879=CARTESIAN_POINT('',(-15.,10.,0.));
#3880=CARTESIAN_POINT('',(-20.,15.,5.));
#3881=CARTESIAN_POINT('',(-15.,10.,5.));
#3882=CARTESIAN_POINT('',(-20.,15.,0.));
#3883=CARTESIAN_POINT('Origin',(-15.,20.,0.));
#3884=CARTESIAN_POINT('',(-15.,20.,0.));
#3885=CARTESIAN_POINT('',(-20.,15.,0.));
#3886=CARTESIAN_POINT('',(-15.,20.,5.));
#3887=CARTESIAN_POINT('',(-20.,15.,5.));
#3888=CARTESIAN_POINT('',(-15.,20.,0.));
#3889=CARTESIAN_POINT('Origin',(-10.,20.,0.));
#3890=CARTESIAN_POINT('',(-10.,20.,0.));
#3891=CARTESIAN_POINT('',(-15.,20.,0.));
#3892=CARTESIAN_POINT('',(-10.,20.,5.));
#3893=CARTESIAN_POINT('',(-15.,20.,5.));
#3894=CARTESIAN_POINT('',(-10.,20.,0.));
#3895=CARTESIAN_POINT('Origin',(-10.,15.,0.));
#3896=CARTESIAN_POINT('',(-10.,15.,0.));
#3897=CARTESIAN_POINT('',(-10.,20.,0.));
#3898=CARTESIAN_POINT('',(-10.,15.,5.));
#3899=CARTESIAN_POINT('',(-10.,20.,5.));
#3900=CARTESIAN_POINT('',(-10.,15.,0.));
#3901=CARTESIAN_POINT('Origin',(-5.,10.,0.));
#3902=CARTESIAN_POINT('',(-5.,10.,0.));
#3903=CARTESIAN_POINT('',(-10.,15.,0.));
#3904=CARTESIAN_POINT('',(-5.,10.,5.));
#3905=CARTESIAN_POINT('',(-10.,15.,5.));
#3906=CARTESIAN_POINT('',(-5.,10.,0.));
#3907=CARTESIAN_POINT('Origin',(-10.,5.,0.));
#3908=CARTESIAN_POINT('',(-10.,5.,0.));
#3909=CARTESIAN_POINT('',(-5.,10.,0.));
#3910=CARTESIAN_POINT('',(-10.,5.,5.));
#3911=CARTESIAN_POINT('',(-5.,10.,5.));
#3912=CARTESIAN_POINT('',(-10.,5.,0.));
#3913=CARTESIAN_POINT('Origin',(-10.,0.,0.));
#3914=CARTESIAN_POINT('',(-10.,0.,0.));
#3915=CARTESIAN_POINT('',(-10.,5.,0.));
#3916=CARTESIAN_POINT('',(-10.,0.,5.));
#3917=CARTESIAN_POINT('',(-10.,5.,5.));
#3918=CARTESIAN_POINT('',(-10.,0.,0.));
#3919=CARTESIAN_POINT('Origin',(-5.,0.,0.));
#3920=CARTESIAN_POINT('',(-5.,0.,0.));
#3921=CARTESIAN_POINT('',(-10.,0.,0.));
#3922=CARTESIAN_POINT('',(-5.,0.,5.));
#3923=CARTESIAN_POINT('',(-10.,0.,5.));
#3924=CARTESIAN_POINT('',(-5.,0.,0.));
#3925=CARTESIAN_POINT('Origin',(0.,5.,0.));
#3926=CARTESIAN_POINT('',(0.,5.,0.));
#3927=CARTESIAN_POINT('',(-5.,0.,0.));
#3928=CARTESIAN_POINT('',(0.,5.,5.));
#3929=CARTESIAN_POINT('',(-5.,0.,5.));
#3930=CARTESIAN_POINT('',(0.,5.,0.));
#3931=CARTESIAN_POINT('Origin',(5.,0.,0.));
#3932=CARTESIAN_POINT('',(5.,0.,0.));
#3933=CARTESIAN_POINT('',(0.,5.,0.));
#3934=CARTESIAN_POINT('',(5.,0.,5.));
#3935=CARTESIAN_POINT('',(0.,5.,5.));
#3936=CARTESIAN_POINT('',(5.,0.,0.));
#3937=CARTESIAN_POINT('Origin',(0.,-5.,0.));
#3938=CARTESIAN_POINT('',(0.,-5.,0.));
#3939=CARTESIAN_POINT('',(5.,0.,0.));
#3940=CARTESIAN_POINT('',(0.,-5.,5.));
#3941=CARTESIAN_POINT('',(5.,0.,5.));
#3942=CARTESIAN_POINT('',(0.,-5.,0.));
#3943=CARTESIAN_POINT('Origin',(-5.,-5.,0.));
#3944=CARTESIAN_POINT('',(-5.,-5.,0.));
#3945=CARTESIAN_POINT('',(0.,-5.,0.));
#3946=CARTESIAN_POINT('',(-5.,-5.,5.));
#3947=CARTESIAN_POINT('',(0.,-5.,5.));
#3948=CARTESIAN_POINT('',(-5.,-5.,0.));
#3949=CARTESIAN_POINT('Origin',(-10.,-10.,0.));
#3950=CARTESIAN_POINT('',(-10.,-10.,0.));
#3951=CARTESIAN_POINT('',(-5.,-5.,0.));
#3952=CARTESIAN_POINT('',(-10.,-10.,5.));
#3953=CARTESIAN_POINT('',(-5.,-5.,5.));
#3954=CARTESIAN_POINT('',(-10.,-10.,0.));
#3955=CARTESIAN_POINT('Origin',(-15.,-5.,0.));
#3956=CARTESIAN_POINT('',(-15.,-5.,0.));
#3957=CARTESIAN_POINT('',(-10.,-10.,0.));
#3958=CARTESIAN_POINT('',(-15.,-5.,5.));
#3959=CARTESIAN_POINT('',(-10.,-10.,5.));
#3960=CARTESIAN_POINT('',(-15.,-5.,0.));
#3961=CARTESIAN_POINT('Origin',(-15.,-10.,0.));
#3962=CARTESIAN_POINT('',(-15.,-10.,0.));
#3963=CARTESIAN_POINT('',(-15.,-5.,0.));
#3964=CARTESIAN_POINT('',(-15.,-10.,5.));
#3965=CARTESIAN_POINT('',(-15.,-5.,5.));
#3966=CARTESIAN_POINT('',(-15.,-10.,0.));
#3967=CARTESIAN_POINT('Origin',(-10.,-15.,0.));
#3968=CARTESIAN_POINT('',(-10.,-15.,0.));
#3969=CARTESIAN_POINT('',(-15.,-10.,0.));
#3970=CARTESIAN_POINT('',(-10.,-15.,5.));
#3971=CARTESIAN_POINT('',(-15.,-10.,5.));
#3972=CARTESIAN_POINT('',(-10.,-15.,0.));
#3973=CARTESIAN_POINT('Origin',(-5.,-15.,0.));
#3974=CARTESIAN_POINT('',(-5.,-15.,0.));
#3975=CARTESIAN_POINT('',(-10.,-15.,0.));
#3976=CARTESIAN_POINT('',(-5.,-15.,5.));
#3977=CARTESIAN_POINT('',(-10.,-15.,5.));
#3978=CARTESIAN_POINT('',(-5.,-15.,0.));
#3979=CARTESIAN_POINT('Origin',(0.,-20.,0.));
#3980=CARTESIAN_POINT('',(0.,-20.,0.));
#3981=CARTESIAN_POINT('',(-5.,-15.,0.));
#3982=CARTESIAN_POINT('',(0.,-20.,5.));
#3983=CARTESIAN_POINT('',(-5.,-15.,5.));
#3984=CARTESIAN_POINT('',(0.,-20.,0.));
#3985=CARTESIAN_POINT('Origin',(5.,-15.,0.));
#3986=CARTESIAN_POINT('',(5.,-15.,0.));
#3987=CARTESIAN_POINT('',(0.,-20.,0.));
#3988=CARTESIAN_POINT('',(5.,-15.,5.));
#3989=CARTESIAN_POINT('',(0.,-20.,5.));
#3990=CARTESIAN_POINT('',(5.,-15.,0.));
#3991=CARTESIAN_POINT('Origin',(5.,-10.,0.));
#3992=CARTESIAN_POINT('',(5.,-10.,0.));
#3993=CARTESIAN_POINT('',(5.,-15.,0.));
#3994=CARTESIAN_POINT('',(5.,-10.,5.));
#3995=CARTESIAN_POINT('',(5.,-15.,5.));
#3996=CARTESIAN_POINT('',(5.,-10.,0.));
#3997=CARTESIAN_POINT('Origin',(10.,-5.,0.));
#3998=CARTESIAN_POINT('',(10.,-5.,0.));
#3999=CARTESIAN_POINT('',(5.,-10.,0.));
#4000=CARTESIAN_POINT('',(10.,-5.,5.));
#4001=CARTESIAN_POINT('',(5.,-10.,5.));
#4002=CARTESIAN_POINT('',(10.,-5.,0.));
#4003=CARTESIAN_POINT('Origin',(16.25,-11.25,0.));
#4004=CARTESIAN_POINT('',(25.,-10.,0.));
#4005=CARTESIAN_POINT('Origin',(16.25,-11.25,0.));
#4006=CARTESIAN_POINT('',(25.,-10.,5.));
#4007=CARTESIAN_POINT('Origin',(16.25,-11.25,5.));
#4008=CARTESIAN_POINT('',(25.,-10.,0.));
#4009=CARTESIAN_POINT('Origin',(25.,-15.,0.));
#4010=CARTESIAN_POINT('',(25.,-15.,0.));
#4011=CARTESIAN_POINT('',(25.,-10.,0.));
#4012=CARTESIAN_POINT('',(25.,-15.,5.));
#4013=CARTESIAN_POINT('',(25.,-10.,5.));
#4014=CARTESIAN_POINT('',(25.,-15.,0.));
#4015=CARTESIAN_POINT('Origin',(20.,-20.,0.));
#4016=CARTESIAN_POINT('',(20.,-20.,0.));
#4017=CARTESIAN_POINT('',(25.,-15.,0.));
#4018=CARTESIAN_POINT('',(20.,-20.,5.));
#4019=CARTESIAN_POINT('',(25.,-15.,5.));
#4020=CARTESIAN_POINT('',(20.,-20.,0.));
#4021=CARTESIAN_POINT('Origin',(15.,-15.,0.));
#4022=CARTESIAN_POINT('',(15.,-15.,0.));
#4023=CARTESIAN_POINT('',(20.,-20.,0.));
#4024=CARTESIAN_POINT('',(15.,-15.,5.));
#4025=CARTESIAN_POINT('',(20.,-20.,5.));
#4026=CARTESIAN_POINT('',(15.,-15.,0.));
#4027=CARTESIAN_POINT('Origin',(10.,-20.,0.));
#4028=CARTESIAN_POINT('',(10.,-20.,0.));
#4029=CARTESIAN_POINT('',(15.,-15.,0.));
#4030=CARTESIAN_POINT('',(10.,-20.,5.));
#4031=CARTESIAN_POINT('',(15.,-15.,5.));
#4032=CARTESIAN_POINT('',(10.,-20.,0.));
#4033=CARTESIAN_POINT('Origin',(15.,-25.,0.));
#4034=CARTESIAN_POINT('',(15.,-25.,0.));
#4035=CARTESIAN_POINT('',(10.,-20.,0.));
#4036=CARTESIAN_POINT('',(15.,-25.,5.));
#4037=CARTESIAN_POINT('',(10.,-20.,5.));
#4038=CARTESIAN_POINT('',(15.,-25.,0.));
#4039=CARTESIAN_POINT('Origin',(20.,-25.,0.));
#4040=CARTESIAN_POINT('',(20.,-25.,0.));
#4041=CARTESIAN_POINT('',(15.,-25.,0.));
#4042=CARTESIAN_POINT('',(20.,-25.,5.));
#4043=CARTESIAN_POINT('',(15.,-25.,5.));
#4044=CARTESIAN_POINT('',(20.,-25.,0.));
#4045=CARTESIAN_POINT('Origin',(20.,-35.,0.));
#4046=CARTESIAN_POINT('',(30.,-35.,0.));
#4047=CARTESIAN_POINT('Origin',(20.,-35.,0.));
#4048=CARTESIAN_POINT('',(30.,-35.,5.));
#4049=CARTESIAN_POINT('Origin',(20.,-35.,5.));
#4050=CARTESIAN_POINT('',(30.,-35.,0.));
#4051=CARTESIAN_POINT('Origin',(30.,-40.,0.));
#4052=CARTESIAN_POINT('',(30.,-40.,0.));
#4053=CARTESIAN_POINT('',(30.,-35.,0.));
#4054=CARTESIAN_POINT('',(30.,-40.,5.));
#4055=CARTESIAN_POINT('',(30.,-35.,5.));
#4056=CARTESIAN_POINT('',(30.,-40.,0.));
#4057=CARTESIAN_POINT('Origin',(25.,-45.,0.));
#4058=CARTESIAN_POINT('',(25.,-45.,0.));
#4059=CARTESIAN_POINT('',(30.,-40.,0.));
#4060=CARTESIAN_POINT('',(25.,-45.,5.));
#4061=CARTESIAN_POINT('',(30.,-40.,5.));
#4062=CARTESIAN_POINT('',(25.,-45.,0.));
#4063=CARTESIAN_POINT('Origin',(20.,-40.,0.));
#4064=CARTESIAN_POINT('',(20.,-40.,0.));
#4065=CARTESIAN_POINT('',(25.,-45.,0.));
#4066=CARTESIAN_POINT('',(20.,-40.,5.));
#4067=CARTESIAN_POINT('',(25.,-45.,5.));
#4068=CARTESIAN_POINT('',(20.,-40.,0.));
#4069=CARTESIAN_POINT('Origin',(20.,-45.,0.));
#4070=CARTESIAN_POINT('',(20.,-45.,0.));
#4071=CARTESIAN_POINT('',(20.,-40.,0.));
#4072=CARTESIAN_POINT('',(20.,-45.,5.));
#4073=CARTESIAN_POINT('',(20.,-40.,5.));
#4074=CARTESIAN_POINT('',(20.,-45.,0.));
#4075=CARTESIAN_POINT('Origin',(15.,-45.,0.));
#4076=CARTESIAN_POINT('',(15.,-45.,0.));
#4077=CARTESIAN_POINT('',(20.,-45.,0.));
#4078=CARTESIAN_POINT('',(15.,-45.,5.));
#4079=CARTESIAN_POINT('',(20.,-45.,5.));
#4080=CARTESIAN_POINT('',(15.,-45.,0.));
#4081=CARTESIAN_POINT('Origin',(15.,-50.,0.));
#4082=CARTESIAN_POINT('',(15.,-50.,0.));
#4083=CARTESIAN_POINT('',(15.,-45.,0.));
#4084=CARTESIAN_POINT('',(15.,-50.,5.));
#4085=CARTESIAN_POINT('',(15.,-45.,5.));
#4086=CARTESIAN_POINT('',(15.,-50.,0.));
#4087=CARTESIAN_POINT('Origin',(20.,-50.,0.));
#4088=CARTESIAN_POINT('',(20.,-50.,0.));
#4089=CARTESIAN_POINT('',(15.,-50.,0.));
#4090=CARTESIAN_POINT('',(20.,-50.,5.));
#4091=CARTESIAN_POINT('',(15.,-50.,5.));
#4092=CARTESIAN_POINT('',(20.,-50.,0.));
#4093=CARTESIAN_POINT('Origin',(25.,-55.,0.));
#4094=CARTESIAN_POINT('',(25.,-55.,0.));
#4095=CARTESIAN_POINT('',(20.,-50.,0.));
#4096=CARTESIAN_POINT('',(25.,-55.,5.));
#4097=CARTESIAN_POINT('',(20.,-50.,5.));
#4098=CARTESIAN_POINT('',(25.,-55.,0.));
#4099=CARTESIAN_POINT('Origin',(35.,-45.,0.));
#4100=CARTESIAN_POINT('',(35.,-45.,0.));
#4101=CARTESIAN_POINT('',(30.,-50.,0.));
#4102=CARTESIAN_POINT('',(35.,-45.,5.));
#4103=CARTESIAN_POINT('',(30.,-50.,5.));
#4104=CARTESIAN_POINT('',(35.,-45.,0.));
#4105=CARTESIAN_POINT('Origin',(35.,-30.,0.));
#4106=CARTESIAN_POINT('',(35.,-30.,0.));
#4107=CARTESIAN_POINT('',(35.,-35.,0.));
#4108=CARTESIAN_POINT('',(35.,-30.,5.));
#4109=CARTESIAN_POINT('',(35.,-35.,5.));
#4110=CARTESIAN_POINT('',(35.,-30.,0.));
#4111=CARTESIAN_POINT('Origin',(30.,-25.,0.));
#4112=CARTESIAN_POINT('',(30.,-25.,0.));
#4113=CARTESIAN_POINT('',(35.,-30.,0.));
#4114=CARTESIAN_POINT('',(30.,-25.,5.));
#4115=CARTESIAN_POINT('',(35.,-30.,5.));
#4116=CARTESIAN_POINT('',(30.,-25.,0.));
#4117=CARTESIAN_POINT('Origin',(35.,-20.,0.));
#4118=CARTESIAN_POINT('',(35.,-20.,0.));
#4119=CARTESIAN_POINT('',(30.,-25.,0.));
#4120=CARTESIAN_POINT('',(35.,-20.,5.));
#4121=CARTESIAN_POINT('',(30.,-25.,5.));
#4122=CARTESIAN_POINT('',(35.,-20.,0.));
#4123=CARTESIAN_POINT('Origin',(40.,-20.,0.));
#4124=CARTESIAN_POINT('',(40.,-20.,0.));
#4125=CARTESIAN_POINT('',(35.,-20.,0.));
#4126=CARTESIAN_POINT('',(40.,-20.,5.));
#4127=CARTESIAN_POINT('',(35.,-20.,5.));
#4128=CARTESIAN_POINT('',(40.,-20.,0.));
#4129=CARTESIAN_POINT('Origin',(45.,-25.,0.));
#4130=CARTESIAN_POINT('',(45.,-25.,0.));
#4131=CARTESIAN_POINT('',(40.,-20.,0.));
#4132=CARTESIAN_POINT('',(45.,-25.,5.));
#4133=CARTESIAN_POINT('',(40.,-20.,5.));
#4134=CARTESIAN_POINT('',(45.,-25.,0.));
#4135=CARTESIAN_POINT('Origin',(45.,-30.,0.));
#4136=CARTESIAN_POINT('',(45.,-30.,0.));
#4137=CARTESIAN_POINT('',(45.,-25.,0.));
#4138=CARTESIAN_POINT('',(45.,-30.,5.));
#4139=CARTESIAN_POINT('',(45.,-25.,5.));
#4140=CARTESIAN_POINT('',(45.,-30.,0.));
#4141=CARTESIAN_POINT('Origin',(50.,-35.,0.));
#4142=CARTESIAN_POINT('',(50.,-35.,0.));
#4143=CARTESIAN_POINT('',(45.,-30.,0.));
#4144=CARTESIAN_POINT('',(50.,-35.,5.));
#4145=CARTESIAN_POINT('',(45.,-30.,5.));
#4146=CARTESIAN_POINT('',(50.,-35.,0.));
#4147=CARTESIAN_POINT('Origin',(45.,-40.,0.));
#4148=CARTESIAN_POINT('',(45.,-40.,0.));
#4149=CARTESIAN_POINT('',(50.,-35.,0.));
#4150=CARTESIAN_POINT('',(45.,-40.,5.));
#4151=CARTESIAN_POINT('',(50.,-35.,5.));
#4152=CARTESIAN_POINT('',(45.,-40.,0.));
#4153=CARTESIAN_POINT('Origin',(50.,-45.,0.));
#4154=CARTESIAN_POINT('',(50.,-45.,0.));
#4155=CARTESIAN_POINT('',(45.,-40.,0.));
#4156=CARTESIAN_POINT('',(50.,-45.,5.));
#4157=CARTESIAN_POINT('',(45.,-40.,5.));
#4158=CARTESIAN_POINT('',(50.,-45.,0.));
#4159=CARTESIAN_POINT('Origin',(45.,-50.,0.));
#4160=CARTESIAN_POINT('',(45.,-50.,0.));
#4161=CARTESIAN_POINT('',(50.,-45.,0.));
#4162=CARTESIAN_POINT('',(45.,-50.,5.));
#4163=CARTESIAN_POINT('',(50.,-45.,5.));
#4164=CARTESIAN_POINT('',(45.,-50.,0.));
#4165=CARTESIAN_POINT('Origin',(50.,-55.,0.));
#4166=CARTESIAN_POINT('',(50.,-55.,0.));
#4167=CARTESIAN_POINT('',(45.,-50.,0.));
#4168=CARTESIAN_POINT('',(50.,-55.,5.));
#4169=CARTESIAN_POINT('',(45.,-50.,5.));
#4170=CARTESIAN_POINT('',(50.,-55.,0.));
#4171=CARTESIAN_POINT('Origin',(45.,-60.,0.));
#4172=CARTESIAN_POINT('',(45.,-60.,0.));
#4173=CARTESIAN_POINT('',(50.,-55.,0.));
#4174=CARTESIAN_POINT('',(45.,-60.,5.));
#4175=CARTESIAN_POINT('',(50.,-55.,5.));
#4176=CARTESIAN_POINT('',(45.,-60.,0.));
#4177=CARTESIAN_POINT('Origin',(40.,-55.,0.));
#4178=CARTESIAN_POINT('',(40.,-55.,0.));
#4179=CARTESIAN_POINT('',(45.,-60.,0.));
#4180=CARTESIAN_POINT('',(40.,-55.,5.));
#4181=CARTESIAN_POINT('',(45.,-60.,5.));
#4182=CARTESIAN_POINT('',(40.,-55.,0.));
#4183=CARTESIAN_POINT('Origin',(30.,-65.,0.));
#4184=CARTESIAN_POINT('',(30.,-65.,0.));
#4185=CARTESIAN_POINT('',(35.,-60.,0.));
#4186=CARTESIAN_POINT('',(30.,-65.,5.));
#4187=CARTESIAN_POINT('',(35.,-60.,5.));
#4188=CARTESIAN_POINT('',(30.,-65.,0.));
#4189=CARTESIAN_POINT('Origin',(25.,-60.,0.));
#4190=CARTESIAN_POINT('',(25.,-60.,0.));
#4191=CARTESIAN_POINT('',(30.,-65.,0.));
#4192=CARTESIAN_POINT('',(25.,-60.,5.));
#4193=CARTESIAN_POINT('',(30.,-65.,5.));
#4194=CARTESIAN_POINT('',(25.,-60.,0.));
#4195=CARTESIAN_POINT('Origin',(20.,-65.,0.));
#4196=CARTESIAN_POINT('',(20.,-65.,0.));
#4197=CARTESIAN_POINT('',(25.,-60.,0.));
#4198=CARTESIAN_POINT('',(20.,-65.,5.));
#4199=CARTESIAN_POINT('',(25.,-60.,5.));
#4200=CARTESIAN_POINT('',(20.,-65.,0.));
#4201=CARTESIAN_POINT('Origin',(15.,-60.,0.));
#4202=CARTESIAN_POINT('',(15.,-60.,0.));
#4203=CARTESIAN_POINT('',(20.,-65.,0.));
#4204=CARTESIAN_POINT('',(15.,-60.,5.));
#4205=CARTESIAN_POINT('',(20.,-65.,5.));
#4206=CARTESIAN_POINT('',(15.,-60.,0.));
#4207=CARTESIAN_POINT('Origin',(0.833333333333337,-74.1666666666667,0.));
#4208=CARTESIAN_POINT('',(-5.,-55.,0.));
#4209=CARTESIAN_POINT('Origin',(0.833333333333337,-74.1666666666667,0.));
#4210=CARTESIAN_POINT('',(-5.,-55.,5.));
#4211=CARTESIAN_POINT('Origin',(0.833333333333337,-74.1666666666667,5.));
#4212=CARTESIAN_POINT('',(-5.,-55.,0.));
#4213=CARTESIAN_POINT('Origin',(-5.,-50.,0.));
#4214=CARTESIAN_POINT('',(-5.,-50.,0.));
#4215=CARTESIAN_POINT('',(-5.,-55.,0.));
#4216=CARTESIAN_POINT('',(-5.,-50.,5.));
#4217=CARTESIAN_POINT('',(-5.,-55.,5.));
#4218=CARTESIAN_POINT('',(-5.,-50.,0.));
#4219=CARTESIAN_POINT('Origin',(0.833333333333337,-44.1666666666667,0.));
#4220=CARTESIAN_POINT('',(0.833333333333337,-44.1666666666667,0.));
#4221=CARTESIAN_POINT('',(-5.,-50.,0.));
#4222=CARTESIAN_POINT('',(0.833333333333339,-44.1666666666667,5.));
#4223=CARTESIAN_POINT('',(-5.,-50.,5.));
#4224=CARTESIAN_POINT('',(0.833333333333337,-44.1666666666667,0.));
#4225=CARTESIAN_POINT('Origin',(10.,-44.1666666666667,0.));
#4226=CARTESIAN_POINT('',(10.,-44.1666666666667,0.));
#4227=CARTESIAN_POINT('',(5.,-44.1666666666667,0.));
#4228=CARTESIAN_POINT('',(10.,-44.1666666666667,5.));
#4229=CARTESIAN_POINT('',(5.,-44.1666666666667,5.));
#4230=CARTESIAN_POINT('',(10.,-44.1666666666667,0.));
#4231=CARTESIAN_POINT('Origin',(10.,-40.,0.));
#4232=CARTESIAN_POINT('',(10.,-40.,0.));
#4233=CARTESIAN_POINT('',(10.,-44.1666666666667,0.));
#4234=CARTESIAN_POINT('',(10.,-40.,5.));
#4235=CARTESIAN_POINT('',(10.,-44.1666666666667,5.));
#4236=CARTESIAN_POINT('',(10.,-40.,0.));
#4237=CARTESIAN_POINT('Origin',(5.,-40.,0.));
#4238=CARTESIAN_POINT('',(5.,-40.,0.));
#4239=CARTESIAN_POINT('',(10.,-40.,0.));
#4240=CARTESIAN_POINT('',(5.,-40.,5.));
#4241=CARTESIAN_POINT('',(10.,-40.,5.));
#4242=CARTESIAN_POINT('',(5.,-40.,0.));
#4243=CARTESIAN_POINT('Origin',(5.,-35.,0.));
#4244=CARTESIAN_POINT('',(5.,-35.,0.));
#4245=CARTESIAN_POINT('',(5.,-40.,0.));
#4246=CARTESIAN_POINT('',(5.,-35.,5.));
#4247=CARTESIAN_POINT('',(5.,-40.,5.));
#4248=CARTESIAN_POINT('',(5.,-35.,0.));
#4249=CARTESIAN_POINT('Origin',(7.5,-35.,0.));
#4250=CARTESIAN_POINT('',(7.5,-35.,0.));
#4251=CARTESIAN_POINT('',(5.,-35.,0.));
#4252=CARTESIAN_POINT('',(7.5,-35.,5.));
#4253=CARTESIAN_POINT('',(5.,-35.,5.));
#4254=CARTESIAN_POINT('',(7.5,-35.,0.));
#4255=CARTESIAN_POINT('Origin',(7.5,-30.,0.));
#4256=CARTESIAN_POINT('',(7.5,-30.,0.));
#4257=CARTESIAN_POINT('',(7.5,-35.,0.));
#4258=CARTESIAN_POINT('',(7.5,-30.,5.));
#4259=CARTESIAN_POINT('',(7.5,-35.,5.));
#4260=CARTESIAN_POINT('',(7.5,-30.,0.));
#4261=CARTESIAN_POINT('Origin',(0.,-30.,0.));
#4262=CARTESIAN_POINT('',(0.,-30.,0.));
#4263=CARTESIAN_POINT('',(7.5,-30.,0.));
#4264=CARTESIAN_POINT('',(0.,-30.,5.));
#4265=CARTESIAN_POINT('',(7.5,-30.,5.));
#4266=CARTESIAN_POINT('',(0.,-30.,0.));
#4267=CARTESIAN_POINT('Origin',(-5.,-25.,0.));
#4268=CARTESIAN_POINT('',(-5.,-25.,0.));
#4269=CARTESIAN_POINT('',(0.,-30.,0.));
#4270=CARTESIAN_POINT('',(-5.,-25.,5.));
#4271=CARTESIAN_POINT('',(0.,-30.,5.));
#4272=CARTESIAN_POINT('',(-5.,-25.,0.));
#4273=CARTESIAN_POINT('Origin',(-10.,-35.,0.));
#4274=CARTESIAN_POINT('',(-10.,-35.,0.));
#4275=CARTESIAN_POINT('',(-5.,-25.,0.));
#4276=CARTESIAN_POINT('',(-10.,-35.,5.));
#4277=CARTESIAN_POINT('',(-5.,-25.,5.));
#4278=CARTESIAN_POINT('',(-10.,-35.,0.));
#4279=CARTESIAN_POINT('Origin',(-26.25,-26.875,0.));
#4280=CARTESIAN_POINT('Origin',(-26.25,-26.875,0.));
#4281=CARTESIAN_POINT('Origin',(-26.25,-26.875,5.));
#4282=CARTESIAN_POINT('Origin',(-5.,-22.5,5.));
#4283=CARTESIAN_POINT('Origin',(-5.,-22.5,0.));
#4284=UNCERTAINTY_MEASURE_WITH_UNIT(LENGTH_MEASURE(0.01),#4288,
'DISTANCE_ACCURACY_VALUE',
'Maximum model space distance between geometric entities at asserted c
onnectivities');
#4285=UNCERTAINTY_MEASURE_WITH_UNIT(LENGTH_MEASURE(0.01),#4288,
'DISTANCE_ACCURACY_VALUE',
'Maximum model space distance between geometric entities at asserted c
onnectivities');
#4286=(
GEOMETRIC_REPRESENTATION_CONTEXT(3)
GLOBAL_UNCERTAINTY_ASSIGNED_CONTEXT((#4284))
GLOBAL_UNIT_ASSIGNED_CONTEXT((#4288,#4290,#4291))
REPRESENTATION_CONTEXT('','3D')
);
#4287=(
GEOMETRIC_REPRESENTATION_CONTEXT(3)
GLOBAL_UNCERTAINTY_ASSIGNED_CONTEXT((#4285))
GLOBAL_UNIT_ASSIGNED_CONTEXT((#4288,#4290,#4291))
REPRESENTATION_CONTEXT('','3D')
);
#4288=(
LENGTH_UNIT()
NAMED_UNIT(*)
SI_UNIT(.MILLI.,.METRE.)
);
#4289=(
LENGTH_UNIT()
NAMED_UNIT(*)
SI_UNIT($,.METRE.)
);
#4290=(
NAMED_UNIT(*)
PLANE_ANGLE_UNIT()
SI_UNIT($,.RADIAN.)
);
#4291=(
NAMED_UNIT(*)
SI_UNIT($,.STERADIAN.)
SOLID_ANGLE_UNIT()
);
#4292=SHAPE_DEFINITION_REPRESENTATION(#4293,#4294);
#4293=PRODUCT_DEFINITION_SHAPE('',$,#4296);
#4294=SHAPE_REPRESENTATION('',(#2712),#4286);
#4295=PRODUCT_DEFINITION_CONTEXT('part definition',#4300,'design');
#4296=PRODUCT_DEFINITION('(Unsaved)','(Unsaved)',#4297,#4295);
#4297=PRODUCT_DEFINITION_FORMATION('',$,#4302);
#4298=PRODUCT_RELATED_PRODUCT_CATEGORY('(Unsaved)','(Unsaved)',(#4302));
#4299=APPLICATION_PROTOCOL_DEFINITION('international standard',
'automotive_design',2009,#4300);
#4300=APPLICATION_CONTEXT(
'Core Data for Automotive Mechanical Design Process');
#4301=PRODUCT_CONTEXT('part definition',#4300,'mechanical');
#4302=PRODUCT('(Unsaved)','(Unsaved)',$,(#4301));
#4303=PRESENTATION_STYLE_ASSIGNMENT((#4304));
#4304=SURFACE_STYLE_USAGE(.BOTH.,#4305);
#4305=SURFACE_SIDE_STYLE('',(#4306));
#4306=SURFACE_STYLE_FILL_AREA(#4307);
#4307=FILL_AREA_STYLE('Steel - Satin',(#4308));
#4308=FILL_AREA_STYLE_COLOUR('Steel - Satin',#4309);
#4309=COLOUR_RGB('Steel - Satin',0.627450980392157,0.627450980392157,0.627450980392157);
ENDSEC;
END-ISO-10303-21;
