ISO-10303-21;
HEADER;
FILE_DESCRIPTION(('Open CASCADE Model'),'2;1');
FILE_NAME('Open CASCADE Shape Model','2024-09-07T21:37:33',(
    'Analysis Situs'),('Analysis Situs'),
  'Open CASCADE STEP processor 7.6','Analysis Situs 2024.1dev','Unknown'
  );
FILE_SCHEMA(('AUTOMOTIVE_DESIGN { 1 0 10303 214 1 1 1 1 }'));
ENDSEC;
DATA;
#1 = APPLICATION_PROTOCOL_DEFINITION('international standard',
  'automotive_design',2000,#2);
#2 = APPLICATION_CONTEXT(
  'core data for automotive mechanical design processes');
#3 = SHAPE_DEFINITION_REPRESENTATION(#4,#10);
#4 = PRODUCT_DEFINITION_SHAPE('','',#5);
#5 = PRODUCT_DEFINITION('design','',#6,#9);
#6 = PRODUCT_DEFINITION_FORMATION('','',#7);
#7 = PRODUCT('Open CASCADE STEP translator 7.6 1',
  'Open CASCADE STEP translator 7.6 1','',(#8));
#8 = PRODUCT_CONTEXT('',#2,'mechanical');
#9 = PRODUCT_DEFINITION_CONTEXT('part definition',#2,'design');
#10 = ADVANCED_BREP_SHAPE_REPRESENTATION('',(#11,#15),#3555);
#11 = AXIS2_PLACEMENT_3D('',#12,#13,#14);
#12 = CARTESIAN_POINT('',(0.,0.,0.));
#13 = DIRECTION('',(0.,0.,1.));
#14 = DIRECTION('',(1.,0.,-0.));
#15 = MANIFOLD_SOLID_BREP('',#16);
#16 = CLOSED_SHELL('',(#17,#667,#774,#901,#1497,#1568,#1865,#1912,#1939,
    #1946,#1973,#1980,#2027,#2034,#2115,#2164,#2218,#2245,#2326,#2375,
    #2429,#2456,#2507,#2534,#2561,#2588,#2691,#2738,#2765,#2792,#2799,
    #2902,#2949,#2976,#3003,#3010,#3019,#3440,#3467,#3494,#3521,#3548));
#17 = ADVANCED_FACE('',(#18,#58,#89,#120,#244,#401,#525),#31,.T.);
#18 = FACE_BOUND('',#19,.T.);
#19 = EDGE_LOOP('',(#20));
#20 = ORIENTED_EDGE('',*,*,#21,.T.);
#21 = EDGE_CURVE('',#22,#22,#24,.T.);
#22 = VERTEX_POINT('',#23);
#23 = CARTESIAN_POINT('',(0.,20.,7.));
#24 = SURFACE_CURVE('',#25,(#30,#46),.PCURVE_S1.);
#25 = CIRCLE('',#26,7.);
#26 = AXIS2_PLACEMENT_3D('',#27,#28,#29);
#27 = CARTESIAN_POINT('',(0.,20.,0.));
#28 = DIRECTION('',(0.,-1.,0.));
#29 = DIRECTION('',(0.,0.,1.));
#30 = PCURVE('',#31,#36);
#31 = PLANE('',#32);
#32 = AXIS2_PLACEMENT_3D('',#33,#34,#35);
#33 = CARTESIAN_POINT('',(-10.,20.,11.5));
#34 = DIRECTION('',(0.,1.,0.));
#35 = DIRECTION('',(0.,0.,1.));
#36 = DEFINITIONAL_REPRESENTATION('',(#37),#45);
#37 = ( BOUNDED_CURVE() B_SPLINE_CURVE(2,(#38,#39,#40,#41,#42,#43,#44),
.UNSPECIFIED.,.T.,.F.) B_SPLINE_CURVE_WITH_KNOTS((1,2,2,2,2,1),(
    -2.094395102393,0.,2.094395102393,4.188790204786,6.28318530718,
8.377580409573),.UNSPECIFIED.) CURVE() GEOMETRIC_REPRESENTATION_ITEM() 
RATIONAL_B_SPLINE_CURVE((1.,0.5,1.,0.5,1.,0.5,1.)) REPRESENTATION_ITEM(
  '') );
#38 = CARTESIAN_POINT('',(-4.5,10.));
#39 = CARTESIAN_POINT('',(-4.5,-2.124355652982));
#40 = CARTESIAN_POINT('',(-15.,3.937822173509));
#41 = CARTESIAN_POINT('',(-25.5,10.));
#42 = CARTESIAN_POINT('',(-15.,16.062177826491));
#43 = CARTESIAN_POINT('',(-4.5,22.124355652982));
#44 = CARTESIAN_POINT('',(-4.5,10.));
#45 = ( GEOMETRIC_REPRESENTATION_CONTEXT(2) 
PARAMETRIC_REPRESENTATION_CONTEXT() REPRESENTATION_CONTEXT('2D SPACE',''
  ) );
#46 = PCURVE('',#47,#52);
#47 = CONICAL_SURFACE('',#48,6.,0.7853981625);
#48 = AXIS2_PLACEMENT_3D('',#49,#50,#51);
#49 = CARTESIAN_POINT('',(0.,19.,0.));
#50 = DIRECTION('',(0.,1.,0.));
#51 = DIRECTION('',(0.,0.,1.));
#52 = DEFINITIONAL_REPRESENTATION('',(#53),#57);
#53 = LINE('',#54,#55);
#54 = CARTESIAN_POINT('',(6.28318530718,1.000000000897));
#55 = VECTOR('',#56,1.);
#56 = DIRECTION('',(-1.,0.));
#57 = ( GEOMETRIC_REPRESENTATION_CONTEXT(2) 
PARAMETRIC_REPRESENTATION_CONTEXT() REPRESENTATION_CONTEXT('2D SPACE',''
  ) );
#58 = FACE_BOUND('',#59,.T.);
#59 = EDGE_LOOP('',(#60));
#60 = ORIENTED_EDGE('',*,*,#61,.F.);
#61 = EDGE_CURVE('',#62,#62,#64,.T.);
#62 = VERTEX_POINT('',#63);
#63 = CARTESIAN_POINT('',(-4.,20.,-21.4));
#64 = SURFACE_CURVE('',#65,(#70,#77),.PCURVE_S1.);
#65 = CIRCLE('',#66,2.1);
#66 = AXIS2_PLACEMENT_3D('',#67,#68,#69);
#67 = CARTESIAN_POINT('',(-4.,20.,-23.5));
#68 = DIRECTION('',(0.,1.,0.));
#69 = DIRECTION('',(0.,0.,1.));
#70 = PCURVE('',#31,#71);
#71 = DEFINITIONAL_REPRESENTATION('',(#72),#76);
#72 = CIRCLE('',#73,2.1);
#73 = AXIS2_PLACEMENT_2D('',#74,#75);
#74 = CARTESIAN_POINT('',(-35.,6.));
#75 = DIRECTION('',(1.,0.));
#76 = ( GEOMETRIC_REPRESENTATION_CONTEXT(2) 
PARAMETRIC_REPRESENTATION_CONTEXT() REPRESENTATION_CONTEXT('2D SPACE',''
  ) );
#77 = PCURVE('',#78,#83);
#78 = CYLINDRICAL_SURFACE('',#79,2.1);
#79 = AXIS2_PLACEMENT_3D('',#80,#81,#82);
#80 = CARTESIAN_POINT('',(-4.,20.,-23.5));
#81 = DIRECTION('',(0.,1.,0.));
#82 = DIRECTION('',(0.,0.,1.));
#83 = DEFINITIONAL_REPRESENTATION('',(#84),#88);
#84 = LINE('',#85,#86);
#85 = CARTESIAN_POINT('',(0.,0.));
#86 = VECTOR('',#87,1.);
#87 = DIRECTION('',(1.,0.));
#88 = ( GEOMETRIC_REPRESENTATION_CONTEXT(2) 
PARAMETRIC_REPRESENTATION_CONTEXT() REPRESENTATION_CONTEXT('2D SPACE',''
  ) );
#89 = FACE_BOUND('',#90,.T.);
#90 = EDGE_LOOP('',(#91));
#91 = ORIENTED_EDGE('',*,*,#92,.F.);
#92 = EDGE_CURVE('',#93,#93,#95,.T.);
#93 = VERTEX_POINT('',#94);
#94 = CARTESIAN_POINT('',(129.,20.,-21.4));
#95 = SURFACE_CURVE('',#96,(#101,#108),.PCURVE_S1.);
#96 = CIRCLE('',#97,2.1);
#97 = AXIS2_PLACEMENT_3D('',#98,#99,#100);
#98 = CARTESIAN_POINT('',(129.,20.,-23.5));
#99 = DIRECTION('',(0.,1.,0.));
#100 = DIRECTION('',(0.,0.,1.));
#101 = PCURVE('',#31,#102);
#102 = DEFINITIONAL_REPRESENTATION('',(#103),#107);
#103 = CIRCLE('',#104,2.1);
#104 = AXIS2_PLACEMENT_2D('',#105,#106);
#105 = CARTESIAN_POINT('',(-35.,139.));
#106 = DIRECTION('',(1.,0.));
#107 = ( GEOMETRIC_REPRESENTATION_CONTEXT(2) 
PARAMETRIC_REPRESENTATION_CONTEXT() REPRESENTATION_CONTEXT('2D SPACE',''
  ) );
#108 = PCURVE('',#109,#114);
#109 = CYLINDRICAL_SURFACE('',#110,2.1);
#110 = AXIS2_PLACEMENT_3D('',#111,#112,#113);
#111 = CARTESIAN_POINT('',(129.,20.,-23.5));
#112 = DIRECTION('',(0.,1.,0.));
#113 = DIRECTION('',(0.,0.,1.));
#114 = DEFINITIONAL_REPRESENTATION('',(#115),#119);
#115 = LINE('',#116,#117);
#116 = CARTESIAN_POINT('',(0.,0.));
#117 = VECTOR('',#118,1.);
#118 = DIRECTION('',(1.,0.));
#119 = ( GEOMETRIC_REPRESENTATION_CONTEXT(2) 
PARAMETRIC_REPRESENTATION_CONTEXT() REPRESENTATION_CONTEXT('2D SPACE',''
  ) );
#120 = FACE_BOUND('',#121,.T.);
#121 = EDGE_LOOP('',(#122,#152,#185,#213));
#122 = ORIENTED_EDGE('',*,*,#123,.T.);
#123 = EDGE_CURVE('',#124,#126,#128,.T.);
#124 = VERTEX_POINT('',#125);
#125 = CARTESIAN_POINT('',(20.,20.,-55.));
#126 = VERTEX_POINT('',#127);
#127 = CARTESIAN_POINT('',(30.,20.,-55.));
#128 = SURFACE_CURVE('',#129,(#133,#140),.PCURVE_S1.);
#129 = LINE('',#130,#131);
#130 = CARTESIAN_POINT('',(20.,20.,-55.));
#131 = VECTOR('',#132,1.);
#132 = DIRECTION('',(1.,0.,0.));
#133 = PCURVE('',#31,#134);
#134 = DEFINITIONAL_REPRESENTATION('',(#135),#139);
#135 = LINE('',#136,#137);
#136 = CARTESIAN_POINT('',(-66.5,30.));
#137 = VECTOR('',#138,1.);
#138 = DIRECTION('',(0.,1.));
#139 = ( GEOMETRIC_REPRESENTATION_CONTEXT(2) 
PARAMETRIC_REPRESENTATION_CONTEXT() REPRESENTATION_CONTEXT('2D SPACE',''
  ) );
#140 = PCURVE('',#141,#146);
#141 = PLANE('',#142);
#142 = AXIS2_PLACEMENT_3D('',#143,#144,#145);
#143 = CARTESIAN_POINT('',(30.,10.,-55.));
#144 = DIRECTION('',(0.,0.,1.));
#145 = DIRECTION('',(1.,0.,0.));
#146 = DEFINITIONAL_REPRESENTATION('',(#147),#151);
#147 = LINE('',#148,#149);
#148 = CARTESIAN_POINT('',(-10.,10.));
#149 = VECTOR('',#150,1.);
#150 = DIRECTION('',(1.,0.));
#151 = ( GEOMETRIC_REPRESENTATION_CONTEXT(2) 
PARAMETRIC_REPRESENTATION_CONTEXT() REPRESENTATION_CONTEXT('2D SPACE',''
  ) );
#152 = ORIENTED_EDGE('',*,*,#153,.T.);
#153 = EDGE_CURVE('',#126,#154,#156,.T.);
#154 = VERTEX_POINT('',#155);
#155 = CARTESIAN_POINT('',(30.,20.,-38.));
#156 = SURFACE_CURVE('',#157,(#162,#173),.PCURVE_S1.);
#157 = CIRCLE('',#158,8.5);
#158 = AXIS2_PLACEMENT_3D('',#159,#160,#161);
#159 = CARTESIAN_POINT('',(30.,20.,-46.5));
#160 = DIRECTION('',(0.,-1.,0.));
#161 = DIRECTION('',(0.,0.,-1.));
#162 = PCURVE('',#31,#163);
#163 = DEFINITIONAL_REPRESENTATION('',(#164),#172);
#164 = ( BOUNDED_CURVE() B_SPLINE_CURVE(2,(#165,#166,#167,#168,#169,#170
,#171),.UNSPECIFIED.,.T.,.F.) B_SPLINE_CURVE_WITH_KNOTS((1,2,2,2,2,1),(
    -2.094395102393,0.,2.094395102393,4.188790204786,6.28318530718,
8.377580409573),.UNSPECIFIED.) CURVE() GEOMETRIC_REPRESENTATION_ITEM() 
RATIONAL_B_SPLINE_CURVE((1.,0.5,1.,0.5,1.,0.5,1.)) REPRESENTATION_ITEM(
  '') );
#165 = CARTESIAN_POINT('',(-66.5,40.));
#166 = CARTESIAN_POINT('',(-66.5,54.722431864335));
#167 = CARTESIAN_POINT('',(-53.75,47.361215932168));
#168 = CARTESIAN_POINT('',(-41.,40.));
#169 = CARTESIAN_POINT('',(-53.75,32.638784067832));
#170 = CARTESIAN_POINT('',(-66.5,25.277568135665));
#171 = CARTESIAN_POINT('',(-66.5,40.));
#172 = ( GEOMETRIC_REPRESENTATION_CONTEXT(2) 
PARAMETRIC_REPRESENTATION_CONTEXT() REPRESENTATION_CONTEXT('2D SPACE',''
  ) );
#173 = PCURVE('',#174,#179);
#174 = CYLINDRICAL_SURFACE('',#175,8.5);
#175 = AXIS2_PLACEMENT_3D('',#176,#177,#178);
#176 = CARTESIAN_POINT('',(30.,10.,-46.5));
#177 = DIRECTION('',(0.,1.,0.));
#178 = DIRECTION('',(0.,0.,1.));
#179 = DEFINITIONAL_REPRESENTATION('',(#180),#184);
#180 = LINE('',#181,#182);
#181 = CARTESIAN_POINT('',(3.14159265359,10.));
#182 = VECTOR('',#183,1.);
#183 = DIRECTION('',(-1.,0.));
#184 = ( GEOMETRIC_REPRESENTATION_CONTEXT(2) 
PARAMETRIC_REPRESENTATION_CONTEXT() REPRESENTATION_CONTEXT('2D SPACE',''
  ) );
#185 = ORIENTED_EDGE('',*,*,#186,.T.);
#186 = EDGE_CURVE('',#154,#187,#189,.T.);
#187 = VERTEX_POINT('',#188);
#188 = CARTESIAN_POINT('',(20.,20.,-38.));
#189 = SURFACE_CURVE('',#190,(#194,#201),.PCURVE_S1.);
#190 = LINE('',#191,#192);
#191 = CARTESIAN_POINT('',(30.,20.,-38.));
#192 = VECTOR('',#193,1.);
#193 = DIRECTION('',(-1.,0.,0.));
#194 = PCURVE('',#31,#195);
#195 = DEFINITIONAL_REPRESENTATION('',(#196),#200);
#196 = LINE('',#197,#198);
#197 = CARTESIAN_POINT('',(-49.5,40.));
#198 = VECTOR('',#199,1.);
#199 = DIRECTION('',(-0.,-1.));
#200 = ( GEOMETRIC_REPRESENTATION_CONTEXT(2) 
PARAMETRIC_REPRESENTATION_CONTEXT() REPRESENTATION_CONTEXT('2D SPACE',''
  ) );
#201 = PCURVE('',#202,#207);
#202 = PLANE('',#203);
#203 = AXIS2_PLACEMENT_3D('',#204,#205,#206);
#204 = CARTESIAN_POINT('',(30.,10.,-38.));
#205 = DIRECTION('',(0.,0.,-1.));
#206 = DIRECTION('',(-1.,0.,0.));
#207 = DEFINITIONAL_REPRESENTATION('',(#208),#212);
#208 = LINE('',#209,#210);
#209 = CARTESIAN_POINT('',(0.,10.));
#210 = VECTOR('',#211,1.);
#211 = DIRECTION('',(1.,0.));
#212 = ( GEOMETRIC_REPRESENTATION_CONTEXT(2) 
PARAMETRIC_REPRESENTATION_CONTEXT() REPRESENTATION_CONTEXT('2D SPACE',''
  ) );
#213 = ORIENTED_EDGE('',*,*,#214,.T.);
#214 = EDGE_CURVE('',#187,#124,#215,.T.);
#215 = SURFACE_CURVE('',#216,(#221,#232),.PCURVE_S1.);
#216 = CIRCLE('',#217,8.5);
#217 = AXIS2_PLACEMENT_3D('',#218,#219,#220);
#218 = CARTESIAN_POINT('',(20.,20.,-46.5));
#219 = DIRECTION('',(0.,-1.,0.));
#220 = DIRECTION('',(0.,0.,-1.));
#221 = PCURVE('',#31,#222);
#222 = DEFINITIONAL_REPRESENTATION('',(#223),#231);
#223 = ( BOUNDED_CURVE() B_SPLINE_CURVE(2,(#224,#225,#226,#227,#228,#229
,#230),.UNSPECIFIED.,.T.,.F.) B_SPLINE_CURVE_WITH_KNOTS((1,2,2,2,2,1),(
    -2.094395102393,0.,2.094395102393,4.188790204786,6.28318530718,
8.377580409573),.UNSPECIFIED.) CURVE() GEOMETRIC_REPRESENTATION_ITEM() 
RATIONAL_B_SPLINE_CURVE((1.,0.5,1.,0.5,1.,0.5,1.)) REPRESENTATION_ITEM(
  '') );
#224 = CARTESIAN_POINT('',(-66.5,30.));
#225 = CARTESIAN_POINT('',(-66.5,44.722431864335));
#226 = CARTESIAN_POINT('',(-53.75,37.361215932168));
#227 = CARTESIAN_POINT('',(-41.,30.));
#228 = CARTESIAN_POINT('',(-53.75,22.638784067832));
#229 = CARTESIAN_POINT('',(-66.5,15.277568135665));
#230 = CARTESIAN_POINT('',(-66.5,30.));
#231 = ( GEOMETRIC_REPRESENTATION_CONTEXT(2) 
PARAMETRIC_REPRESENTATION_CONTEXT() REPRESENTATION_CONTEXT('2D SPACE',''
  ) );
#232 = PCURVE('',#233,#238);
#233 = CYLINDRICAL_SURFACE('',#234,8.5);
#234 = AXIS2_PLACEMENT_3D('',#235,#236,#237);
#235 = CARTESIAN_POINT('',(20.,10.,-46.5));
#236 = DIRECTION('',(0.,1.,0.));
#237 = DIRECTION('',(0.,0.,1.));
#238 = DEFINITIONAL_REPRESENTATION('',(#239),#243);
#239 = LINE('',#240,#241);
#240 = CARTESIAN_POINT('',(9.424777960769,10.));
#241 = VECTOR('',#242,1.);
#242 = DIRECTION('',(-1.,0.));
#243 = ( GEOMETRIC_REPRESENTATION_CONTEXT(2) 
PARAMETRIC_REPRESENTATION_CONTEXT() REPRESENTATION_CONTEXT('2D SPACE',''
  ) );
#244 = FACE_BOUND('',#245,.T.);
#245 = EDGE_LOOP('',(#246,#281,#309,#342,#375));
#246 = ORIENTED_EDGE('',*,*,#247,.T.);
#247 = EDGE_CURVE('',#248,#250,#252,.T.);
#248 = VERTEX_POINT('',#249);
#249 = CARTESIAN_POINT('',(63.,20.,-41.5));
#250 = VERTEX_POINT('',#251);
#251 = CARTESIAN_POINT('',(47.,20.,-41.5));
#252 = SURFACE_CURVE('',#253,(#258,#269),.PCURVE_S1.);
#253 = CIRCLE('',#254,8.);
#254 = AXIS2_PLACEMENT_3D('',#255,#256,#257);
#255 = CARTESIAN_POINT('',(55.,20.,-41.5));
#256 = DIRECTION('',(0.,-1.,0.));
#257 = DIRECTION('',(0.,0.,1.));
#258 = PCURVE('',#31,#259);
#259 = DEFINITIONAL_REPRESENTATION('',(#260),#268);
#260 = ( BOUNDED_CURVE() B_SPLINE_CURVE(2,(#261,#262,#263,#264,#265,#266
,#267),.UNSPECIFIED.,.T.,.F.) B_SPLINE_CURVE_WITH_KNOTS((1,2,2,2,2,1),(
    -2.094395102393,0.,2.094395102393,4.188790204786,6.28318530718,
8.377580409573),.UNSPECIFIED.) CURVE() GEOMETRIC_REPRESENTATION_ITEM() 
RATIONAL_B_SPLINE_CURVE((1.,0.5,1.,0.5,1.,0.5,1.)) REPRESENTATION_ITEM(
  '') );
#261 = CARTESIAN_POINT('',(-45.,65.));
#262 = CARTESIAN_POINT('',(-45.,51.143593539449));
#263 = CARTESIAN_POINT('',(-57.,58.071796769724));
#264 = CARTESIAN_POINT('',(-69.,65.));
#265 = CARTESIAN_POINT('',(-57.,71.928203230276));
#266 = CARTESIAN_POINT('',(-45.,78.856406460551));
#267 = CARTESIAN_POINT('',(-45.,65.));
#268 = ( GEOMETRIC_REPRESENTATION_CONTEXT(2) 
PARAMETRIC_REPRESENTATION_CONTEXT() REPRESENTATION_CONTEXT('2D SPACE',''
  ) );
#269 = PCURVE('',#270,#275);
#270 = CYLINDRICAL_SURFACE('',#271,8.);
#271 = AXIS2_PLACEMENT_3D('',#272,#273,#274);
#272 = CARTESIAN_POINT('',(55.,20.001,-41.5));
#273 = DIRECTION('',(0.,-1.,0.));
#274 = DIRECTION('',(0.,0.,-1.));
#275 = DEFINITIONAL_REPRESENTATION('',(#276),#280);
#276 = LINE('',#277,#278);
#277 = CARTESIAN_POINT('',(-3.14159265359,1.000000000001E-03));
#278 = VECTOR('',#279,1.);
#279 = DIRECTION('',(1.,0.));
#280 = ( GEOMETRIC_REPRESENTATION_CONTEXT(2) 
PARAMETRIC_REPRESENTATION_CONTEXT() REPRESENTATION_CONTEXT('2D SPACE',''
  ) );
#281 = ORIENTED_EDGE('',*,*,#282,.T.);
#282 = EDGE_CURVE('',#250,#283,#285,.T.);
#283 = VERTEX_POINT('',#284);
#284 = CARTESIAN_POINT('',(47.,20.,-51.5));
#285 = SURFACE_CURVE('',#286,(#290,#297),.PCURVE_S1.);
#286 = LINE('',#287,#288);
#287 = CARTESIAN_POINT('',(47.,20.,-41.5));
#288 = VECTOR('',#289,1.);
#289 = DIRECTION('',(0.,0.,-1.));
#290 = PCURVE('',#31,#291);
#291 = DEFINITIONAL_REPRESENTATION('',(#292),#296);
#292 = LINE('',#293,#294);
#293 = CARTESIAN_POINT('',(-53.,57.));
#294 = VECTOR('',#295,1.);
#295 = DIRECTION('',(-1.,0.));
#296 = ( GEOMETRIC_REPRESENTATION_CONTEXT(2) 
PARAMETRIC_REPRESENTATION_CONTEXT() REPRESENTATION_CONTEXT('2D SPACE',''
  ) );
#297 = PCURVE('',#298,#303);
#298 = PLANE('',#299);
#299 = AXIS2_PLACEMENT_3D('',#300,#301,#302);
#300 = CARTESIAN_POINT('',(47.,20.001,-41.5));
#301 = DIRECTION('',(-1.,0.,0.));
#302 = DIRECTION('',(0.,0.,1.));
#303 = DEFINITIONAL_REPRESENTATION('',(#304),#308);
#304 = LINE('',#305,#306);
#305 = CARTESIAN_POINT('',(0.,-1.000000000001E-03));
#306 = VECTOR('',#307,1.);
#307 = DIRECTION('',(-1.,0.));
#308 = ( GEOMETRIC_REPRESENTATION_CONTEXT(2) 
PARAMETRIC_REPRESENTATION_CONTEXT() REPRESENTATION_CONTEXT('2D SPACE',''
  ) );
#309 = ORIENTED_EDGE('',*,*,#310,.T.);
#310 = EDGE_CURVE('',#283,#311,#313,.T.);
#311 = VERTEX_POINT('',#312);
#312 = CARTESIAN_POINT('',(55.,20.,-59.5));
#313 = SURFACE_CURVE('',#314,(#319,#330),.PCURVE_S1.);
#314 = CIRCLE('',#315,8.);
#315 = AXIS2_PLACEMENT_3D('',#316,#317,#318);
#316 = CARTESIAN_POINT('',(55.,20.,-51.5));
#317 = DIRECTION('',(0.,-1.,0.));
#318 = DIRECTION('',(0.,0.,1.));
#319 = PCURVE('',#31,#320);
#320 = DEFINITIONAL_REPRESENTATION('',(#321),#329);
#321 = ( BOUNDED_CURVE() B_SPLINE_CURVE(2,(#322,#323,#324,#325,#326,#327
,#328),.UNSPECIFIED.,.T.,.F.) B_SPLINE_CURVE_WITH_KNOTS((1,2,2,2,2,1),(
    -2.094395102393,0.,2.094395102393,4.188790204786,6.28318530718,
8.377580409573),.UNSPECIFIED.) CURVE() GEOMETRIC_REPRESENTATION_ITEM() 
RATIONAL_B_SPLINE_CURVE((1.,0.5,1.,0.5,1.,0.5,1.)) REPRESENTATION_ITEM(
  '') );
#322 = CARTESIAN_POINT('',(-55.,65.));
#323 = CARTESIAN_POINT('',(-55.,51.143593539449));
#324 = CARTESIAN_POINT('',(-67.,58.071796769724));
#325 = CARTESIAN_POINT('',(-79.,65.));
#326 = CARTESIAN_POINT('',(-67.,71.928203230276));
#327 = CARTESIAN_POINT('',(-55.,78.856406460551));
#328 = CARTESIAN_POINT('',(-55.,65.));
#329 = ( GEOMETRIC_REPRESENTATION_CONTEXT(2) 
PARAMETRIC_REPRESENTATION_CONTEXT() REPRESENTATION_CONTEXT('2D SPACE',''
  ) );
#330 = PCURVE('',#331,#336);
#331 = CYLINDRICAL_SURFACE('',#332,8.);
#332 = AXIS2_PLACEMENT_3D('',#333,#334,#335);
#333 = CARTESIAN_POINT('',(55.,20.001,-51.5));
#334 = DIRECTION('',(0.,-1.,0.));
#335 = DIRECTION('',(0.,0.,-1.));
#336 = DEFINITIONAL_REPRESENTATION('',(#337),#341);
#337 = LINE('',#338,#339);
#338 = CARTESIAN_POINT('',(3.14159265359,1.000000000001E-03));
#339 = VECTOR('',#340,1.);
#340 = DIRECTION('',(1.,0.));
#341 = ( GEOMETRIC_REPRESENTATION_CONTEXT(2) 
PARAMETRIC_REPRESENTATION_CONTEXT() REPRESENTATION_CONTEXT('2D SPACE',''
  ) );
#342 = ORIENTED_EDGE('',*,*,#343,.T.);
#343 = EDGE_CURVE('',#311,#344,#346,.T.);
#344 = VERTEX_POINT('',#345);
#345 = CARTESIAN_POINT('',(63.,20.,-51.5));
#346 = SURFACE_CURVE('',#347,(#352,#363),.PCURVE_S1.);
#347 = CIRCLE('',#348,8.);
#348 = AXIS2_PLACEMENT_3D('',#349,#350,#351);
#349 = CARTESIAN_POINT('',(55.,20.,-51.5));
#350 = DIRECTION('',(0.,-1.,0.));
#351 = DIRECTION('',(0.,0.,1.));
#352 = PCURVE('',#31,#353);
#353 = DEFINITIONAL_REPRESENTATION('',(#354),#362);
#354 = ( BOUNDED_CURVE() B_SPLINE_CURVE(2,(#355,#356,#357,#358,#359,#360
,#361),.UNSPECIFIED.,.T.,.F.) B_SPLINE_CURVE_WITH_KNOTS((1,2,2,2,2,1),(
    -2.094395102393,0.,2.094395102393,4.188790204786,6.28318530718,
8.377580409573),.UNSPECIFIED.) CURVE() GEOMETRIC_REPRESENTATION_ITEM() 
RATIONAL_B_SPLINE_CURVE((1.,0.5,1.,0.5,1.,0.5,1.)) REPRESENTATION_ITEM(
  '') );
#355 = CARTESIAN_POINT('',(-55.,65.));
#356 = CARTESIAN_POINT('',(-55.,51.143593539449));
#357 = CARTESIAN_POINT('',(-67.,58.071796769724));
#358 = CARTESIAN_POINT('',(-79.,65.));
#359 = CARTESIAN_POINT('',(-67.,71.928203230276));
#360 = CARTESIAN_POINT('',(-55.,78.856406460551));
#361 = CARTESIAN_POINT('',(-55.,65.));
#362 = ( GEOMETRIC_REPRESENTATION_CONTEXT(2) 
PARAMETRIC_REPRESENTATION_CONTEXT() REPRESENTATION_CONTEXT('2D SPACE',''
  ) );
#363 = PCURVE('',#364,#369);
#364 = CYLINDRICAL_SURFACE('',#365,8.);
#365 = AXIS2_PLACEMENT_3D('',#366,#367,#368);
#366 = CARTESIAN_POINT('',(55.,20.001,-51.5));
#367 = DIRECTION('',(0.,-1.,0.));
#368 = DIRECTION('',(0.,0.,-1.));
#369 = DEFINITIONAL_REPRESENTATION('',(#370),#374);
#370 = LINE('',#371,#372);
#371 = CARTESIAN_POINT('',(-3.14159265359,1.000000000001E-03));
#372 = VECTOR('',#373,1.);
#373 = DIRECTION('',(1.,0.));
#374 = ( GEOMETRIC_REPRESENTATION_CONTEXT(2) 
PARAMETRIC_REPRESENTATION_CONTEXT() REPRESENTATION_CONTEXT('2D SPACE',''
  ) );
#375 = ORIENTED_EDGE('',*,*,#376,.T.);
#376 = EDGE_CURVE('',#344,#248,#377,.T.);
#377 = SURFACE_CURVE('',#378,(#382,#389),.PCURVE_S1.);
#378 = LINE('',#379,#380);
#379 = CARTESIAN_POINT('',(63.,20.,-51.5));
#380 = VECTOR('',#381,1.);
#381 = DIRECTION('',(0.,0.,1.));
#382 = PCURVE('',#31,#383);
#383 = DEFINITIONAL_REPRESENTATION('',(#384),#388);
#384 = LINE('',#385,#386);
#385 = CARTESIAN_POINT('',(-63.,73.));
#386 = VECTOR('',#387,1.);
#387 = DIRECTION('',(1.,0.));
#388 = ( GEOMETRIC_REPRESENTATION_CONTEXT(2) 
PARAMETRIC_REPRESENTATION_CONTEXT() REPRESENTATION_CONTEXT('2D SPACE',''
  ) );
#389 = PCURVE('',#390,#395);
#390 = PLANE('',#391);
#391 = AXIS2_PLACEMENT_3D('',#392,#393,#394);
#392 = CARTESIAN_POINT('',(63.,20.001,-41.5));
#393 = DIRECTION('',(1.,0.,0.));
#394 = DIRECTION('',(0.,0.,-1.));
#395 = DEFINITIONAL_REPRESENTATION('',(#396),#400);
#396 = LINE('',#397,#398);
#397 = CARTESIAN_POINT('',(10.,-1.000000000001E-03));
#398 = VECTOR('',#399,1.);
#399 = DIRECTION('',(-1.,0.));
#400 = ( GEOMETRIC_REPRESENTATION_CONTEXT(2) 
PARAMETRIC_REPRESENTATION_CONTEXT() REPRESENTATION_CONTEXT('2D SPACE',''
  ) );
#401 = FACE_BOUND('',#402,.T.);
#402 = EDGE_LOOP('',(#403,#433,#466,#494));
#403 = ORIENTED_EDGE('',*,*,#404,.T.);
#404 = EDGE_CURVE('',#405,#407,#409,.T.);
#405 = VERTEX_POINT('',#406);
#406 = CARTESIAN_POINT('',(90.,20.,-38.));
#407 = VERTEX_POINT('',#408);
#408 = CARTESIAN_POINT('',(80.,20.,-38.));
#409 = SURFACE_CURVE('',#410,(#414,#421),.PCURVE_S1.);
#410 = LINE('',#411,#412);
#411 = CARTESIAN_POINT('',(90.,20.,-38.));
#412 = VECTOR('',#413,1.);
#413 = DIRECTION('',(-1.,0.,0.));
#414 = PCURVE('',#31,#415);
#415 = DEFINITIONAL_REPRESENTATION('',(#416),#420);
#416 = LINE('',#417,#418);
#417 = CARTESIAN_POINT('',(-49.5,100.));
#418 = VECTOR('',#419,1.);
#419 = DIRECTION('',(0.,-1.));
#420 = ( GEOMETRIC_REPRESENTATION_CONTEXT(2) 
PARAMETRIC_REPRESENTATION_CONTEXT() REPRESENTATION_CONTEXT('2D SPACE',''
  ) );
#421 = PCURVE('',#422,#427);
#422 = PLANE('',#423);
#423 = AXIS2_PLACEMENT_3D('',#424,#425,#426);
#424 = CARTESIAN_POINT('',(80.,10.,-38.));
#425 = DIRECTION('',(0.,0.,-1.));
#426 = DIRECTION('',(-1.,0.,0.));
#427 = DEFINITIONAL_REPRESENTATION('',(#428),#432);
#428 = LINE('',#429,#430);
#429 = CARTESIAN_POINT('',(-10.,10.));
#430 = VECTOR('',#431,1.);
#431 = DIRECTION('',(1.,0.));
#432 = ( GEOMETRIC_REPRESENTATION_CONTEXT(2) 
PARAMETRIC_REPRESENTATION_CONTEXT() REPRESENTATION_CONTEXT('2D SPACE',''
  ) );
#433 = ORIENTED_EDGE('',*,*,#434,.T.);
#434 = EDGE_CURVE('',#407,#435,#437,.T.);
#435 = VERTEX_POINT('',#436);
#436 = CARTESIAN_POINT('',(80.,20.,-55.));
#437 = SURFACE_CURVE('',#438,(#443,#454),.PCURVE_S1.);
#438 = CIRCLE('',#439,8.5);
#439 = AXIS2_PLACEMENT_3D('',#440,#441,#442);
#440 = CARTESIAN_POINT('',(80.,20.,-46.5));
#441 = DIRECTION('',(0.,-1.,0.));
#442 = DIRECTION('',(0.,0.,-1.));
#443 = PCURVE('',#31,#444);
#444 = DEFINITIONAL_REPRESENTATION('',(#445),#453);
#445 = ( BOUNDED_CURVE() B_SPLINE_CURVE(2,(#446,#447,#448,#449,#450,#451
,#452),.UNSPECIFIED.,.T.,.F.) B_SPLINE_CURVE_WITH_KNOTS((1,2,2,2,2,1),(
    -2.094395102393,0.,2.094395102393,4.188790204786,6.28318530718,
8.377580409573),.UNSPECIFIED.) CURVE() GEOMETRIC_REPRESENTATION_ITEM() 
RATIONAL_B_SPLINE_CURVE((1.,0.5,1.,0.5,1.,0.5,1.)) REPRESENTATION_ITEM(
  '') );
#446 = CARTESIAN_POINT('',(-66.5,90.));
#447 = CARTESIAN_POINT('',(-66.5,104.72243186433));
#448 = CARTESIAN_POINT('',(-53.75,97.361215932168));
#449 = CARTESIAN_POINT('',(-41.,90.));
#450 = CARTESIAN_POINT('',(-53.75,82.638784067832));
#451 = CARTESIAN_POINT('',(-66.5,75.277568135665));
#452 = CARTESIAN_POINT('',(-66.5,90.));
#453 = ( GEOMETRIC_REPRESENTATION_CONTEXT(2) 
PARAMETRIC_REPRESENTATION_CONTEXT() REPRESENTATION_CONTEXT('2D SPACE',''
  ) );
#454 = PCURVE('',#455,#460);
#455 = CYLINDRICAL_SURFACE('',#456,8.5);
#456 = AXIS2_PLACEMENT_3D('',#457,#458,#459);
#457 = CARTESIAN_POINT('',(80.,10.,-46.5));
#458 = DIRECTION('',(0.,1.,0.));
#459 = DIRECTION('',(0.,0.,1.));
#460 = DEFINITIONAL_REPRESENTATION('',(#461),#465);
#461 = LINE('',#462,#463);
#462 = CARTESIAN_POINT('',(9.424777960769,10.));
#463 = VECTOR('',#464,1.);
#464 = DIRECTION('',(-1.,0.));
#465 = ( GEOMETRIC_REPRESENTATION_CONTEXT(2) 
PARAMETRIC_REPRESENTATION_CONTEXT() REPRESENTATION_CONTEXT('2D SPACE',''
  ) );
#466 = ORIENTED_EDGE('',*,*,#467,.T.);
#467 = EDGE_CURVE('',#435,#468,#470,.T.);
#468 = VERTEX_POINT('',#469);
#469 = CARTESIAN_POINT('',(90.,20.,-55.));
#470 = SURFACE_CURVE('',#471,(#475,#482),.PCURVE_S1.);
#471 = LINE('',#472,#473);
#472 = CARTESIAN_POINT('',(80.,20.,-55.));
#473 = VECTOR('',#474,1.);
#474 = DIRECTION('',(1.,0.,0.));
#475 = PCURVE('',#31,#476);
#476 = DEFINITIONAL_REPRESENTATION('',(#477),#481);
#477 = LINE('',#478,#479);
#478 = CARTESIAN_POINT('',(-66.5,90.));
#479 = VECTOR('',#480,1.);
#480 = DIRECTION('',(0.,1.));
#481 = ( GEOMETRIC_REPRESENTATION_CONTEXT(2) 
PARAMETRIC_REPRESENTATION_CONTEXT() REPRESENTATION_CONTEXT('2D SPACE',''
  ) );
#482 = PCURVE('',#483,#488);
#483 = PLANE('',#484);
#484 = AXIS2_PLACEMENT_3D('',#485,#486,#487);
#485 = CARTESIAN_POINT('',(80.,10.,-55.));
#486 = DIRECTION('',(0.,0.,1.));
#487 = DIRECTION('',(1.,0.,0.));
#488 = DEFINITIONAL_REPRESENTATION('',(#489),#493);
#489 = LINE('',#490,#491);
#490 = CARTESIAN_POINT('',(0.,10.));
#491 = VECTOR('',#492,1.);
#492 = DIRECTION('',(1.,0.));
#493 = ( GEOMETRIC_REPRESENTATION_CONTEXT(2) 
PARAMETRIC_REPRESENTATION_CONTEXT() REPRESENTATION_CONTEXT('2D SPACE',''
  ) );
#494 = ORIENTED_EDGE('',*,*,#495,.T.);
#495 = EDGE_CURVE('',#468,#405,#496,.T.);
#496 = SURFACE_CURVE('',#497,(#502,#513),.PCURVE_S1.);
#497 = CIRCLE('',#498,8.5);
#498 = AXIS2_PLACEMENT_3D('',#499,#500,#501);
#499 = CARTESIAN_POINT('',(90.,20.,-46.5));
#500 = DIRECTION('',(0.,-1.,0.));
#501 = DIRECTION('',(0.,0.,-1.));
#502 = PCURVE('',#31,#503);
#503 = DEFINITIONAL_REPRESENTATION('',(#504),#512);
#504 = ( BOUNDED_CURVE() B_SPLINE_CURVE(2,(#505,#506,#507,#508,#509,#510
,#511),.UNSPECIFIED.,.T.,.F.) B_SPLINE_CURVE_WITH_KNOTS((1,2,2,2,2,1),(
    -2.094395102393,0.,2.094395102393,4.188790204786,6.28318530718,
8.377580409573),.UNSPECIFIED.) CURVE() GEOMETRIC_REPRESENTATION_ITEM() 
RATIONAL_B_SPLINE_CURVE((1.,0.5,1.,0.5,1.,0.5,1.)) REPRESENTATION_ITEM(
  '') );
#505 = CARTESIAN_POINT('',(-66.5,100.));
#506 = CARTESIAN_POINT('',(-66.5,114.72243186433));
#507 = CARTESIAN_POINT('',(-53.75,107.36121593216));
#508 = CARTESIAN_POINT('',(-41.,100.));
#509 = CARTESIAN_POINT('',(-53.75,92.638784067832));
#510 = CARTESIAN_POINT('',(-66.5,85.277568135665));
#511 = CARTESIAN_POINT('',(-66.5,100.));
#512 = ( GEOMETRIC_REPRESENTATION_CONTEXT(2) 
PARAMETRIC_REPRESENTATION_CONTEXT() REPRESENTATION_CONTEXT('2D SPACE',''
  ) );
#513 = PCURVE('',#514,#519);
#514 = CYLINDRICAL_SURFACE('',#515,8.5);
#515 = AXIS2_PLACEMENT_3D('',#516,#517,#518);
#516 = CARTESIAN_POINT('',(90.,10.,-46.5));
#517 = DIRECTION('',(0.,1.,0.));
#518 = DIRECTION('',(0.,0.,1.));
#519 = DEFINITIONAL_REPRESENTATION('',(#520),#524);
#520 = LINE('',#521,#522);
#521 = CARTESIAN_POINT('',(3.14159265359,10.));
#522 = VECTOR('',#523,1.);
#523 = DIRECTION('',(-1.,0.));
#524 = ( GEOMETRIC_REPRESENTATION_CONTEXT(2) 
PARAMETRIC_REPRESENTATION_CONTEXT() REPRESENTATION_CONTEXT('2D SPACE',''
  ) );
#525 = FACE_BOUND('',#526,.T.);
#526 = EDGE_LOOP('',(#527,#557,#585,#613,#641));
#527 = ORIENTED_EDGE('',*,*,#528,.F.);
#528 = EDGE_CURVE('',#529,#531,#533,.T.);
#529 = VERTEX_POINT('',#530);
#530 = CARTESIAN_POINT('',(22.,20.,-63.5));
#531 = VERTEX_POINT('',#532);
#532 = CARTESIAN_POINT('',(135.,20.,-63.5));
#533 = SURFACE_CURVE('',#534,(#538,#545),.PCURVE_S1.);
#534 = LINE('',#535,#536);
#535 = CARTESIAN_POINT('',(22.,20.,-63.5));
#536 = VECTOR('',#537,1.);
#537 = DIRECTION('',(1.,0.,0.));
#538 = PCURVE('',#31,#539);
#539 = DEFINITIONAL_REPRESENTATION('',(#540),#544);
#540 = LINE('',#541,#542);
#541 = CARTESIAN_POINT('',(-75.,32.));
#542 = VECTOR('',#543,1.);
#543 = DIRECTION('',(0.,1.));
#544 = ( GEOMETRIC_REPRESENTATION_CONTEXT(2) 
PARAMETRIC_REPRESENTATION_CONTEXT() REPRESENTATION_CONTEXT('2D SPACE',''
  ) );
#545 = PCURVE('',#546,#551);
#546 = PLANE('',#547);
#547 = AXIS2_PLACEMENT_3D('',#548,#549,#550);
#548 = CARTESIAN_POINT('',(-10.,20.,-63.5));
#549 = DIRECTION('',(0.,0.,-1.));
#550 = DIRECTION('',(-1.,0.,0.));
#551 = DEFINITIONAL_REPRESENTATION('',(#552),#556);
#552 = LINE('',#553,#554);
#553 = CARTESIAN_POINT('',(-32.,0.));
#554 = VECTOR('',#555,1.);
#555 = DIRECTION('',(-1.,0.));
#556 = ( GEOMETRIC_REPRESENTATION_CONTEXT(2) 
PARAMETRIC_REPRESENTATION_CONTEXT() REPRESENTATION_CONTEXT('2D SPACE',''
  ) );
#557 = ORIENTED_EDGE('',*,*,#558,.T.);
#558 = EDGE_CURVE('',#529,#559,#561,.T.);
#559 = VERTEX_POINT('',#560);
#560 = CARTESIAN_POINT('',(-10.,20.,-31.5));
#561 = SURFACE_CURVE('',#562,(#566,#573),.PCURVE_S1.);
#562 = LINE('',#563,#564);
#563 = CARTESIAN_POINT('',(22.,20.,-63.5));
#564 = VECTOR('',#565,1.);
#565 = DIRECTION('',(-0.707106781187,0.,0.707106781187));
#566 = PCURVE('',#31,#567);
#567 = DEFINITIONAL_REPRESENTATION('',(#568),#572);
#568 = LINE('',#569,#570);
#569 = CARTESIAN_POINT('',(-75.,32.));
#570 = VECTOR('',#571,1.);
#571 = DIRECTION('',(0.707106781187,-0.707106781187));
#572 = ( GEOMETRIC_REPRESENTATION_CONTEXT(2) 
PARAMETRIC_REPRESENTATION_CONTEXT() REPRESENTATION_CONTEXT('2D SPACE',''
  ) );
#573 = PCURVE('',#574,#579);
#574 = PLANE('',#575);
#575 = AXIS2_PLACEMENT_3D('',#576,#577,#578);
#576 = CARTESIAN_POINT('',(22.,-1.E-03,-63.5));
#577 = DIRECTION('',(-0.707106781187,0.,-0.707106781187));
#578 = DIRECTION('',(-0.707106781187,0.,0.707106781187));
#579 = DEFINITIONAL_REPRESENTATION('',(#580),#584);
#580 = LINE('',#581,#582);
#581 = CARTESIAN_POINT('',(0.,20.001));
#582 = VECTOR('',#583,1.);
#583 = DIRECTION('',(1.,0.));
#584 = ( GEOMETRIC_REPRESENTATION_CONTEXT(2) 
PARAMETRIC_REPRESENTATION_CONTEXT() REPRESENTATION_CONTEXT('2D SPACE',''
  ) );
#585 = ORIENTED_EDGE('',*,*,#586,.F.);
#586 = EDGE_CURVE('',#587,#559,#589,.T.);
#587 = VERTEX_POINT('',#588);
#588 = CARTESIAN_POINT('',(-10.,20.,11.5));
#589 = SURFACE_CURVE('',#590,(#594,#601),.PCURVE_S1.);
#590 = LINE('',#591,#592);
#591 = CARTESIAN_POINT('',(-10.,20.,11.5));
#592 = VECTOR('',#593,1.);
#593 = DIRECTION('',(0.,0.,-1.));
#594 = PCURVE('',#31,#595);
#595 = DEFINITIONAL_REPRESENTATION('',(#596),#600);
#596 = LINE('',#597,#598);
#597 = CARTESIAN_POINT('',(0.,0.));
#598 = VECTOR('',#599,1.);
#599 = DIRECTION('',(-1.,0.));
#600 = ( GEOMETRIC_REPRESENTATION_CONTEXT(2) 
PARAMETRIC_REPRESENTATION_CONTEXT() REPRESENTATION_CONTEXT('2D SPACE',''
  ) );
#601 = PCURVE('',#602,#607);
#602 = PLANE('',#603);
#603 = AXIS2_PLACEMENT_3D('',#604,#605,#606);
#604 = CARTESIAN_POINT('',(-10.,20.,11.5));
#605 = DIRECTION('',(-1.,0.,0.));
#606 = DIRECTION('',(0.,0.,1.));
#607 = DEFINITIONAL_REPRESENTATION('',(#608),#612);
#608 = LINE('',#609,#610);
#609 = CARTESIAN_POINT('',(0.,0.));
#610 = VECTOR('',#611,1.);
#611 = DIRECTION('',(-1.,0.));
#612 = ( GEOMETRIC_REPRESENTATION_CONTEXT(2) 
PARAMETRIC_REPRESENTATION_CONTEXT() REPRESENTATION_CONTEXT('2D SPACE',''
  ) );
#613 = ORIENTED_EDGE('',*,*,#614,.F.);
#614 = EDGE_CURVE('',#615,#587,#617,.T.);
#615 = VERTEX_POINT('',#616);
#616 = CARTESIAN_POINT('',(135.,20.,11.5));
#617 = SURFACE_CURVE('',#618,(#622,#629),.PCURVE_S1.);
#618 = LINE('',#619,#620);
#619 = CARTESIAN_POINT('',(135.,20.,11.5));
#620 = VECTOR('',#621,1.);
#621 = DIRECTION('',(-1.,0.,0.));
#622 = PCURVE('',#31,#623);
#623 = DEFINITIONAL_REPRESENTATION('',(#624),#628);
#624 = LINE('',#625,#626);
#625 = CARTESIAN_POINT('',(0.,145.));
#626 = VECTOR('',#627,1.);
#627 = DIRECTION('',(-0.,-1.));
#628 = ( GEOMETRIC_REPRESENTATION_CONTEXT(2) 
PARAMETRIC_REPRESENTATION_CONTEXT() REPRESENTATION_CONTEXT('2D SPACE',''
  ) );
#629 = PCURVE('',#630,#635);
#630 = PLANE('',#631);
#631 = AXIS2_PLACEMENT_3D('',#632,#633,#634);
#632 = CARTESIAN_POINT('',(135.,20.,11.5));
#633 = DIRECTION('',(0.,0.,1.));
#634 = DIRECTION('',(1.,0.,0.));
#635 = DEFINITIONAL_REPRESENTATION('',(#636),#640);
#636 = LINE('',#637,#638);
#637 = CARTESIAN_POINT('',(0.,0.));
#638 = VECTOR('',#639,1.);
#639 = DIRECTION('',(-1.,0.));
#640 = ( GEOMETRIC_REPRESENTATION_CONTEXT(2) 
PARAMETRIC_REPRESENTATION_CONTEXT() REPRESENTATION_CONTEXT('2D SPACE',''
  ) );
#641 = ORIENTED_EDGE('',*,*,#642,.F.);
#642 = EDGE_CURVE('',#531,#615,#643,.T.);
#643 = SURFACE_CURVE('',#644,(#648,#655),.PCURVE_S1.);
#644 = LINE('',#645,#646);
#645 = CARTESIAN_POINT('',(135.,20.,-63.5));
#646 = VECTOR('',#647,1.);
#647 = DIRECTION('',(0.,0.,1.));
#648 = PCURVE('',#31,#649);
#649 = DEFINITIONAL_REPRESENTATION('',(#650),#654);
#650 = LINE('',#651,#652);
#651 = CARTESIAN_POINT('',(-75.,145.));
#652 = VECTOR('',#653,1.);
#653 = DIRECTION('',(1.,0.));
#654 = ( GEOMETRIC_REPRESENTATION_CONTEXT(2) 
PARAMETRIC_REPRESENTATION_CONTEXT() REPRESENTATION_CONTEXT('2D SPACE',''
  ) );
#655 = PCURVE('',#656,#661);
#656 = PLANE('',#657);
#657 = AXIS2_PLACEMENT_3D('',#658,#659,#660);
#658 = CARTESIAN_POINT('',(135.,20.,-63.5));
#659 = DIRECTION('',(1.,0.,0.));
#660 = DIRECTION('',(0.,0.,-1.));
#661 = DEFINITIONAL_REPRESENTATION('',(#662),#666);
#662 = LINE('',#663,#664);
#663 = CARTESIAN_POINT('',(0.,0.));
#664 = VECTOR('',#665,1.);
#665 = DIRECTION('',(-1.,0.));
#666 = ( GEOMETRIC_REPRESENTATION_CONTEXT(2) 
PARAMETRIC_REPRESENTATION_CONTEXT() REPRESENTATION_CONTEXT('2D SPACE',''
  ) );
#667 = ADVANCED_FACE('',(#668,#699),#602,.T.);
#668 = FACE_BOUND('',#669,.T.);
#669 = EDGE_LOOP('',(#670));
#670 = ORIENTED_EDGE('',*,*,#671,.F.);
#671 = EDGE_CURVE('',#672,#672,#674,.T.);
#672 = VERTEX_POINT('',#673);
#673 = CARTESIAN_POINT('',(-10.,13.,1.65));
#674 = SURFACE_CURVE('',#675,(#680,#687),.PCURVE_S1.);
#675 = CIRCLE('',#676,1.65);
#676 = AXIS2_PLACEMENT_3D('',#677,#678,#679);
#677 = CARTESIAN_POINT('',(-10.,13.,0.));
#678 = DIRECTION('',(-1.,0.,0.));
#679 = DIRECTION('',(0.,0.,1.));
#680 = PCURVE('',#602,#681);
#681 = DEFINITIONAL_REPRESENTATION('',(#682),#686);
#682 = CIRCLE('',#683,1.65);
#683 = AXIS2_PLACEMENT_2D('',#684,#685);
#684 = CARTESIAN_POINT('',(-11.5,-7.));
#685 = DIRECTION('',(1.,0.));
#686 = ( GEOMETRIC_REPRESENTATION_CONTEXT(2) 
PARAMETRIC_REPRESENTATION_CONTEXT() REPRESENTATION_CONTEXT('2D SPACE',''
  ) );
#687 = PCURVE('',#688,#693);
#688 = CYLINDRICAL_SURFACE('',#689,1.65);
#689 = AXIS2_PLACEMENT_3D('',#690,#691,#692);
#690 = CARTESIAN_POINT('',(-10.,13.,0.));
#691 = DIRECTION('',(-1.,0.,0.));
#692 = DIRECTION('',(0.,0.,1.));
#693 = DEFINITIONAL_REPRESENTATION('',(#694),#698);
#694 = LINE('',#695,#696);
#695 = CARTESIAN_POINT('',(0.,0.));
#696 = VECTOR('',#697,1.);
#697 = DIRECTION('',(1.,0.));
#698 = ( GEOMETRIC_REPRESENTATION_CONTEXT(2) 
PARAMETRIC_REPRESENTATION_CONTEXT() REPRESENTATION_CONTEXT('2D SPACE',''
  ) );
#699 = FACE_BOUND('',#700,.T.);
#700 = EDGE_LOOP('',(#701,#702,#725,#753));
#701 = ORIENTED_EDGE('',*,*,#586,.T.);
#702 = ORIENTED_EDGE('',*,*,#703,.F.);
#703 = EDGE_CURVE('',#704,#559,#706,.T.);
#704 = VERTEX_POINT('',#705);
#705 = CARTESIAN_POINT('',(-10.,6.,-31.5));
#706 = SURFACE_CURVE('',#707,(#711,#718),.PCURVE_S1.);
#707 = LINE('',#708,#709);
#708 = CARTESIAN_POINT('',(-10.,6.,-31.5));
#709 = VECTOR('',#710,1.);
#710 = DIRECTION('',(0.,1.,0.));
#711 = PCURVE('',#602,#712);
#712 = DEFINITIONAL_REPRESENTATION('',(#713),#717);
#713 = LINE('',#714,#715);
#714 = CARTESIAN_POINT('',(-43.,-14.));
#715 = VECTOR('',#716,1.);
#716 = DIRECTION('',(0.,1.));
#717 = ( GEOMETRIC_REPRESENTATION_CONTEXT(2) 
PARAMETRIC_REPRESENTATION_CONTEXT() REPRESENTATION_CONTEXT('2D SPACE',''
  ) );
#718 = PCURVE('',#574,#719);
#719 = DEFINITIONAL_REPRESENTATION('',(#720),#724);
#720 = LINE('',#721,#722);
#721 = CARTESIAN_POINT('',(45.254833995939,6.001));
#722 = VECTOR('',#723,1.);
#723 = DIRECTION('',(0.,1.));
#724 = ( GEOMETRIC_REPRESENTATION_CONTEXT(2) 
PARAMETRIC_REPRESENTATION_CONTEXT() REPRESENTATION_CONTEXT('2D SPACE',''
  ) );
#725 = ORIENTED_EDGE('',*,*,#726,.F.);
#726 = EDGE_CURVE('',#727,#704,#729,.T.);
#727 = VERTEX_POINT('',#728);
#728 = CARTESIAN_POINT('',(-10.,6.,11.5));
#729 = SURFACE_CURVE('',#730,(#734,#741),.PCURVE_S1.);
#730 = LINE('',#731,#732);
#731 = CARTESIAN_POINT('',(-10.,6.,11.5));
#732 = VECTOR('',#733,1.);
#733 = DIRECTION('',(0.,0.,-1.));
#734 = PCURVE('',#602,#735);
#735 = DEFINITIONAL_REPRESENTATION('',(#736),#740);
#736 = LINE('',#737,#738);
#737 = CARTESIAN_POINT('',(0.,-14.));
#738 = VECTOR('',#739,1.);
#739 = DIRECTION('',(-1.,0.));
#740 = ( GEOMETRIC_REPRESENTATION_CONTEXT(2) 
PARAMETRIC_REPRESENTATION_CONTEXT() REPRESENTATION_CONTEXT('2D SPACE',''
  ) );
#741 = PCURVE('',#742,#747);
#742 = PLANE('',#743);
#743 = AXIS2_PLACEMENT_3D('',#744,#745,#746);
#744 = CARTESIAN_POINT('',(105.5,6.,-40.5));
#745 = DIRECTION('',(0.,1.,0.));
#746 = DIRECTION('',(0.,0.,1.));
#747 = DEFINITIONAL_REPRESENTATION('',(#748),#752);
#748 = LINE('',#749,#750);
#749 = CARTESIAN_POINT('',(52.,-115.5));
#750 = VECTOR('',#751,1.);
#751 = DIRECTION('',(-1.,0.));
#752 = ( GEOMETRIC_REPRESENTATION_CONTEXT(2) 
PARAMETRIC_REPRESENTATION_CONTEXT() REPRESENTATION_CONTEXT('2D SPACE',''
  ) );
#753 = ORIENTED_EDGE('',*,*,#754,.F.);
#754 = EDGE_CURVE('',#587,#727,#755,.T.);
#755 = SURFACE_CURVE('',#756,(#760,#767),.PCURVE_S1.);
#756 = LINE('',#757,#758);
#757 = CARTESIAN_POINT('',(-10.,20.,11.5));
#758 = VECTOR('',#759,1.);
#759 = DIRECTION('',(0.,-1.,0.));
#760 = PCURVE('',#602,#761);
#761 = DEFINITIONAL_REPRESENTATION('',(#762),#766);
#762 = LINE('',#763,#764);
#763 = CARTESIAN_POINT('',(0.,0.));
#764 = VECTOR('',#765,1.);
#765 = DIRECTION('',(0.,-1.));
#766 = ( GEOMETRIC_REPRESENTATION_CONTEXT(2) 
PARAMETRIC_REPRESENTATION_CONTEXT() REPRESENTATION_CONTEXT('2D SPACE',''
  ) );
#767 = PCURVE('',#630,#768);
#768 = DEFINITIONAL_REPRESENTATION('',(#769),#773);
#769 = LINE('',#770,#771);
#770 = CARTESIAN_POINT('',(-145.,0.));
#771 = VECTOR('',#772,1.);
#772 = DIRECTION('',(0.,-1.));
#773 = ( GEOMETRIC_REPRESENTATION_CONTEXT(2) 
PARAMETRIC_REPRESENTATION_CONTEXT() REPRESENTATION_CONTEXT('2D SPACE',''
  ) );
#774 = ADVANCED_FACE('',(#775),#546,.T.);
#775 = FACE_BOUND('',#776,.T.);
#776 = EDGE_LOOP('',(#777,#807,#828,#829,#852,#875));
#777 = ORIENTED_EDGE('',*,*,#778,.F.);
#778 = EDGE_CURVE('',#779,#781,#783,.T.);
#779 = VERTEX_POINT('',#780);
#780 = CARTESIAN_POINT('',(22.,0.,-63.5));
#781 = VERTEX_POINT('',#782);
#782 = CARTESIAN_POINT('',(109.5,0.,-63.5));
#783 = SURFACE_CURVE('',#784,(#788,#795),.PCURVE_S1.);
#784 = LINE('',#785,#786);
#785 = CARTESIAN_POINT('',(22.,0.,-63.5));
#786 = VECTOR('',#787,1.);
#787 = DIRECTION('',(1.,0.,0.));
#788 = PCURVE('',#546,#789);
#789 = DEFINITIONAL_REPRESENTATION('',(#790),#794);
#790 = LINE('',#791,#792);
#791 = CARTESIAN_POINT('',(-32.,-20.));
#792 = VECTOR('',#793,1.);
#793 = DIRECTION('',(-1.,0.));
#794 = ( GEOMETRIC_REPRESENTATION_CONTEXT(2) 
PARAMETRIC_REPRESENTATION_CONTEXT() REPRESENTATION_CONTEXT('2D SPACE',''
  ) );
#795 = PCURVE('',#796,#801);
#796 = PLANE('',#797);
#797 = AXIS2_PLACEMENT_3D('',#798,#799,#800);
#798 = CARTESIAN_POINT('',(-10.,0.,11.5));
#799 = DIRECTION('',(0.,1.,0.));
#800 = DIRECTION('',(0.,0.,1.));
#801 = DEFINITIONAL_REPRESENTATION('',(#802),#806);
#802 = LINE('',#803,#804);
#803 = CARTESIAN_POINT('',(-75.,32.));
#804 = VECTOR('',#805,1.);
#805 = DIRECTION('',(0.,1.));
#806 = ( GEOMETRIC_REPRESENTATION_CONTEXT(2) 
PARAMETRIC_REPRESENTATION_CONTEXT() REPRESENTATION_CONTEXT('2D SPACE',''
  ) );
#807 = ORIENTED_EDGE('',*,*,#808,.T.);
#808 = EDGE_CURVE('',#779,#529,#809,.T.);
#809 = SURFACE_CURVE('',#810,(#814,#821),.PCURVE_S1.);
#810 = LINE('',#811,#812);
#811 = CARTESIAN_POINT('',(22.,0.,-63.5));
#812 = VECTOR('',#813,1.);
#813 = DIRECTION('',(0.,1.,0.));
#814 = PCURVE('',#546,#815);
#815 = DEFINITIONAL_REPRESENTATION('',(#816),#820);
#816 = LINE('',#817,#818);
#817 = CARTESIAN_POINT('',(-32.,-20.));
#818 = VECTOR('',#819,1.);
#819 = DIRECTION('',(0.,1.));
#820 = ( GEOMETRIC_REPRESENTATION_CONTEXT(2) 
PARAMETRIC_REPRESENTATION_CONTEXT() REPRESENTATION_CONTEXT('2D SPACE',''
  ) );
#821 = PCURVE('',#574,#822);
#822 = DEFINITIONAL_REPRESENTATION('',(#823),#827);
#823 = LINE('',#824,#825);
#824 = CARTESIAN_POINT('',(0.,1.E-03));
#825 = VECTOR('',#826,1.);
#826 = DIRECTION('',(0.,1.));
#827 = ( GEOMETRIC_REPRESENTATION_CONTEXT(2) 
PARAMETRIC_REPRESENTATION_CONTEXT() REPRESENTATION_CONTEXT('2D SPACE',''
  ) );
#828 = ORIENTED_EDGE('',*,*,#528,.T.);
#829 = ORIENTED_EDGE('',*,*,#830,.T.);
#830 = EDGE_CURVE('',#531,#831,#833,.T.);
#831 = VERTEX_POINT('',#832);
#832 = CARTESIAN_POINT('',(135.,6.,-63.5));
#833 = SURFACE_CURVE('',#834,(#838,#845),.PCURVE_S1.);
#834 = LINE('',#835,#836);
#835 = CARTESIAN_POINT('',(135.,20.,-63.5));
#836 = VECTOR('',#837,1.);
#837 = DIRECTION('',(0.,-1.,0.));
#838 = PCURVE('',#546,#839);
#839 = DEFINITIONAL_REPRESENTATION('',(#840),#844);
#840 = LINE('',#841,#842);
#841 = CARTESIAN_POINT('',(-145.,0.));
#842 = VECTOR('',#843,1.);
#843 = DIRECTION('',(0.,-1.));
#844 = ( GEOMETRIC_REPRESENTATION_CONTEXT(2) 
PARAMETRIC_REPRESENTATION_CONTEXT() REPRESENTATION_CONTEXT('2D SPACE',''
  ) );
#845 = PCURVE('',#656,#846);
#846 = DEFINITIONAL_REPRESENTATION('',(#847),#851);
#847 = LINE('',#848,#849);
#848 = CARTESIAN_POINT('',(0.,0.));
#849 = VECTOR('',#850,1.);
#850 = DIRECTION('',(0.,-1.));
#851 = ( GEOMETRIC_REPRESENTATION_CONTEXT(2) 
PARAMETRIC_REPRESENTATION_CONTEXT() REPRESENTATION_CONTEXT('2D SPACE',''
  ) );
#852 = ORIENTED_EDGE('',*,*,#853,.F.);
#853 = EDGE_CURVE('',#854,#831,#856,.T.);
#854 = VERTEX_POINT('',#855);
#855 = CARTESIAN_POINT('',(109.5,6.,-63.5));
#856 = SURFACE_CURVE('',#857,(#861,#868),.PCURVE_S1.);
#857 = LINE('',#858,#859);
#858 = CARTESIAN_POINT('',(109.5,6.,-63.5));
#859 = VECTOR('',#860,1.);
#860 = DIRECTION('',(1.,0.,0.));
#861 = PCURVE('',#546,#862);
#862 = DEFINITIONAL_REPRESENTATION('',(#863),#867);
#863 = LINE('',#864,#865);
#864 = CARTESIAN_POINT('',(-119.5,-14.));
#865 = VECTOR('',#866,1.);
#866 = DIRECTION('',(-1.,0.));
#867 = ( GEOMETRIC_REPRESENTATION_CONTEXT(2) 
PARAMETRIC_REPRESENTATION_CONTEXT() REPRESENTATION_CONTEXT('2D SPACE',''
  ) );
#868 = PCURVE('',#742,#869);
#869 = DEFINITIONAL_REPRESENTATION('',(#870),#874);
#870 = LINE('',#871,#872);
#871 = CARTESIAN_POINT('',(-23.,4.));
#872 = VECTOR('',#873,1.);
#873 = DIRECTION('',(0.,1.));
#874 = ( GEOMETRIC_REPRESENTATION_CONTEXT(2) 
PARAMETRIC_REPRESENTATION_CONTEXT() REPRESENTATION_CONTEXT('2D SPACE',''
  ) );
#875 = ORIENTED_EDGE('',*,*,#876,.T.);
#876 = EDGE_CURVE('',#854,#781,#877,.T.);
#877 = SURFACE_CURVE('',#878,(#882,#889),.PCURVE_S1.);
#878 = LINE('',#879,#880);
#879 = CARTESIAN_POINT('',(109.5,6.,-63.5));
#880 = VECTOR('',#881,1.);
#881 = DIRECTION('',(0.,-1.,0.));
#882 = PCURVE('',#546,#883);
#883 = DEFINITIONAL_REPRESENTATION('',(#884),#888);
#884 = LINE('',#885,#886);
#885 = CARTESIAN_POINT('',(-119.5,-14.));
#886 = VECTOR('',#887,1.);
#887 = DIRECTION('',(0.,-1.));
#888 = ( GEOMETRIC_REPRESENTATION_CONTEXT(2) 
PARAMETRIC_REPRESENTATION_CONTEXT() REPRESENTATION_CONTEXT('2D SPACE',''
  ) );
#889 = PCURVE('',#890,#895);
#890 = PLANE('',#891);
#891 = AXIS2_PLACEMENT_3D('',#892,#893,#894);
#892 = CARTESIAN_POINT('',(109.5,6.,-40.5));
#893 = DIRECTION('',(-1.,0.,0.));
#894 = DIRECTION('',(0.,0.,1.));
#895 = DEFINITIONAL_REPRESENTATION('',(#896),#900);
#896 = LINE('',#897,#898);
#897 = CARTESIAN_POINT('',(-23.,0.));
#898 = VECTOR('',#899,1.);
#899 = DIRECTION('',(0.,-1.));
#900 = ( GEOMETRIC_REPRESENTATION_CONTEXT(2) 
PARAMETRIC_REPRESENTATION_CONTEXT() REPRESENTATION_CONTEXT('2D SPACE',''
  ) );
#901 = ADVANCED_FACE('',(#902,#1026,#1150),#796,.F.);
#902 = FACE_BOUND('',#903,.T.);
#903 = EDGE_LOOP('',(#904,#934,#967,#995));
#904 = ORIENTED_EDGE('',*,*,#905,.F.);
#905 = EDGE_CURVE('',#906,#908,#910,.T.);
#906 = VERTEX_POINT('',#907);
#907 = CARTESIAN_POINT('',(20.,0.,-50.8));
#908 = VERTEX_POINT('',#909);
#909 = CARTESIAN_POINT('',(30.,0.,-50.8));
#910 = SURFACE_CURVE('',#911,(#915,#922),.PCURVE_S1.);
#911 = LINE('',#912,#913);
#912 = CARTESIAN_POINT('',(20.,0.,-50.8));
#913 = VECTOR('',#914,1.);
#914 = DIRECTION('',(1.,0.,0.));
#915 = PCURVE('',#796,#916);
#916 = DEFINITIONAL_REPRESENTATION('',(#917),#921);
#917 = LINE('',#918,#919);
#918 = CARTESIAN_POINT('',(-62.3,30.));
#919 = VECTOR('',#920,1.);
#920 = DIRECTION('',(0.,1.));
#921 = ( GEOMETRIC_REPRESENTATION_CONTEXT(2) 
PARAMETRIC_REPRESENTATION_CONTEXT() REPRESENTATION_CONTEXT('2D SPACE',''
  ) );
#922 = PCURVE('',#923,#928);
#923 = PLANE('',#924);
#924 = AXIS2_PLACEMENT_3D('',#925,#926,#927);
#925 = CARTESIAN_POINT('',(20.,20.001,-50.8));
#926 = DIRECTION('',(0.,0.,-1.));
#927 = DIRECTION('',(0.,1.,0.));
#928 = DEFINITIONAL_REPRESENTATION('',(#929),#933);
#929 = LINE('',#930,#931);
#930 = CARTESIAN_POINT('',(-20.001,0.));
#931 = VECTOR('',#932,1.);
#932 = DIRECTION('',(0.,1.));
#933 = ( GEOMETRIC_REPRESENTATION_CONTEXT(2) 
PARAMETRIC_REPRESENTATION_CONTEXT() REPRESENTATION_CONTEXT('2D SPACE',''
  ) );
#934 = ORIENTED_EDGE('',*,*,#935,.F.);
#935 = EDGE_CURVE('',#936,#906,#938,.T.);
#936 = VERTEX_POINT('',#937);
#937 = CARTESIAN_POINT('',(20.,0.,-42.2));
#938 = SURFACE_CURVE('',#939,(#944,#955),.PCURVE_S1.);
#939 = CIRCLE('',#940,4.3);
#940 = AXIS2_PLACEMENT_3D('',#941,#942,#943);
#941 = CARTESIAN_POINT('',(20.,0.,-46.5));
#942 = DIRECTION('',(0.,-1.,0.));
#943 = DIRECTION('',(0.,0.,-1.));
#944 = PCURVE('',#796,#945);
#945 = DEFINITIONAL_REPRESENTATION('',(#946),#954);
#946 = ( BOUNDED_CURVE() B_SPLINE_CURVE(2,(#947,#948,#949,#950,#951,#952
,#953),.UNSPECIFIED.,.T.,.F.) B_SPLINE_CURVE_WITH_KNOTS((1,2,2,2,2,1),(
    -2.094395102393,0.,2.094395102393,4.188790204786,6.28318530718,
8.377580409573),.UNSPECIFIED.) CURVE() GEOMETRIC_REPRESENTATION_ITEM() 
RATIONAL_B_SPLINE_CURVE((1.,0.5,1.,0.5,1.,0.5,1.)) REPRESENTATION_ITEM(
  '') );
#947 = CARTESIAN_POINT('',(-62.3,30.));
#948 = CARTESIAN_POINT('',(-62.3,37.447818472546));
#949 = CARTESIAN_POINT('',(-55.85,33.723909236273));
#950 = CARTESIAN_POINT('',(-49.4,30.));
#951 = CARTESIAN_POINT('',(-55.85,26.276090763727));
#952 = CARTESIAN_POINT('',(-62.3,22.552181527454));
#953 = CARTESIAN_POINT('',(-62.3,30.));
#954 = ( GEOMETRIC_REPRESENTATION_CONTEXT(2) 
PARAMETRIC_REPRESENTATION_CONTEXT() REPRESENTATION_CONTEXT('2D SPACE',''
  ) );
#955 = PCURVE('',#956,#961);
#956 = CYLINDRICAL_SURFACE('',#957,4.3);
#957 = AXIS2_PLACEMENT_3D('',#958,#959,#960);
#958 = CARTESIAN_POINT('',(20.,20.001,-46.5));
#959 = DIRECTION('',(0.,-1.,0.));
#960 = DIRECTION('',(0.,0.,-1.));
#961 = DEFINITIONAL_REPRESENTATION('',(#962),#966);
#962 = LINE('',#963,#964);
#963 = CARTESIAN_POINT('',(0.,20.001));
#964 = VECTOR('',#965,1.);
#965 = DIRECTION('',(1.,0.));
#966 = ( GEOMETRIC_REPRESENTATION_CONTEXT(2) 
PARAMETRIC_REPRESENTATION_CONTEXT() REPRESENTATION_CONTEXT('2D SPACE',''
  ) );
#967 = ORIENTED_EDGE('',*,*,#968,.F.);
#968 = EDGE_CURVE('',#969,#936,#971,.T.);
#969 = VERTEX_POINT('',#970);
#970 = CARTESIAN_POINT('',(30.,0.,-42.2));
#971 = SURFACE_CURVE('',#972,(#976,#983),.PCURVE_S1.);
#972 = LINE('',#973,#974);
#973 = CARTESIAN_POINT('',(30.,0.,-42.2));
#974 = VECTOR('',#975,1.);
#975 = DIRECTION('',(-1.,0.,0.));
#976 = PCURVE('',#796,#977);
#977 = DEFINITIONAL_REPRESENTATION('',(#978),#982);
#978 = LINE('',#979,#980);
#979 = CARTESIAN_POINT('',(-53.7,40.));
#980 = VECTOR('',#981,1.);
#981 = DIRECTION('',(0.,-1.));
#982 = ( GEOMETRIC_REPRESENTATION_CONTEXT(2) 
PARAMETRIC_REPRESENTATION_CONTEXT() REPRESENTATION_CONTEXT('2D SPACE',''
  ) );
#983 = PCURVE('',#984,#989);
#984 = PLANE('',#985);
#985 = AXIS2_PLACEMENT_3D('',#986,#987,#988);
#986 = CARTESIAN_POINT('',(20.,20.001,-42.2));
#987 = DIRECTION('',(0.,0.,1.));
#988 = DIRECTION('',(0.,-1.,0.));
#989 = DEFINITIONAL_REPRESENTATION('',(#990),#994);
#990 = LINE('',#991,#992);
#991 = CARTESIAN_POINT('',(20.001,10.));
#992 = VECTOR('',#993,1.);
#993 = DIRECTION('',(0.,-1.));
#994 = ( GEOMETRIC_REPRESENTATION_CONTEXT(2) 
PARAMETRIC_REPRESENTATION_CONTEXT() REPRESENTATION_CONTEXT('2D SPACE',''
  ) );
#995 = ORIENTED_EDGE('',*,*,#996,.F.);
#996 = EDGE_CURVE('',#908,#969,#997,.T.);
#997 = SURFACE_CURVE('',#998,(#1003,#1014),.PCURVE_S1.);
#998 = CIRCLE('',#999,4.3);
#999 = AXIS2_PLACEMENT_3D('',#1000,#1001,#1002);
#1000 = CARTESIAN_POINT('',(30.,0.,-46.5));
#1001 = DIRECTION('',(0.,-1.,0.));
#1002 = DIRECTION('',(0.,0.,-1.));
#1003 = PCURVE('',#796,#1004);
#1004 = DEFINITIONAL_REPRESENTATION('',(#1005),#1013);
#1005 = ( BOUNDED_CURVE() B_SPLINE_CURVE(2,(#1006,#1007,#1008,#1009,
#1010,#1011,#1012),.UNSPECIFIED.,.T.,.F.) B_SPLINE_CURVE_WITH_KNOTS((1,2
    ,2,2,2,1),(-2.094395102393,0.,2.094395102393,4.188790204786,
6.28318530718,8.377580409573),.UNSPECIFIED.) CURVE() 
GEOMETRIC_REPRESENTATION_ITEM() RATIONAL_B_SPLINE_CURVE((1.,0.5,1.,0.5,
1.,0.5,1.)) REPRESENTATION_ITEM('') );
#1006 = CARTESIAN_POINT('',(-62.3,40.));
#1007 = CARTESIAN_POINT('',(-62.3,47.447818472546));
#1008 = CARTESIAN_POINT('',(-55.85,43.723909236273));
#1009 = CARTESIAN_POINT('',(-49.4,40.));
#1010 = CARTESIAN_POINT('',(-55.85,36.276090763727));
#1011 = CARTESIAN_POINT('',(-62.3,32.552181527454));
#1012 = CARTESIAN_POINT('',(-62.3,40.));
#1013 = ( GEOMETRIC_REPRESENTATION_CONTEXT(2) 
PARAMETRIC_REPRESENTATION_CONTEXT() REPRESENTATION_CONTEXT('2D SPACE',''
  ) );
#1014 = PCURVE('',#1015,#1020);
#1015 = CYLINDRICAL_SURFACE('',#1016,4.3);
#1016 = AXIS2_PLACEMENT_3D('',#1017,#1018,#1019);
#1017 = CARTESIAN_POINT('',(30.,20.001,-46.5));
#1018 = DIRECTION('',(0.,-1.,0.));
#1019 = DIRECTION('',(0.,0.,-1.));
#1020 = DEFINITIONAL_REPRESENTATION('',(#1021),#1025);
#1021 = LINE('',#1022,#1023);
#1022 = CARTESIAN_POINT('',(0.,20.001));
#1023 = VECTOR('',#1024,1.);
#1024 = DIRECTION('',(1.,0.));
#1025 = ( GEOMETRIC_REPRESENTATION_CONTEXT(2) 
PARAMETRIC_REPRESENTATION_CONTEXT() REPRESENTATION_CONTEXT('2D SPACE',''
  ) );
#1026 = FACE_BOUND('',#1027,.T.);
#1027 = EDGE_LOOP('',(#1028,#1058,#1091,#1119));
#1028 = ORIENTED_EDGE('',*,*,#1029,.F.);
#1029 = EDGE_CURVE('',#1030,#1032,#1034,.T.);
#1030 = VERTEX_POINT('',#1031);
#1031 = CARTESIAN_POINT('',(80.,0.,-50.8));
#1032 = VERTEX_POINT('',#1033);
#1033 = CARTESIAN_POINT('',(90.,0.,-50.8));
#1034 = SURFACE_CURVE('',#1035,(#1039,#1046),.PCURVE_S1.);
#1035 = LINE('',#1036,#1037);
#1036 = CARTESIAN_POINT('',(80.,0.,-50.8));
#1037 = VECTOR('',#1038,1.);
#1038 = DIRECTION('',(1.,0.,0.));
#1039 = PCURVE('',#796,#1040);
#1040 = DEFINITIONAL_REPRESENTATION('',(#1041),#1045);
#1041 = LINE('',#1042,#1043);
#1042 = CARTESIAN_POINT('',(-62.3,90.));
#1043 = VECTOR('',#1044,1.);
#1044 = DIRECTION('',(0.,1.));
#1045 = ( GEOMETRIC_REPRESENTATION_CONTEXT(2) 
PARAMETRIC_REPRESENTATION_CONTEXT() REPRESENTATION_CONTEXT('2D SPACE',''
  ) );
#1046 = PCURVE('',#1047,#1052);
#1047 = PLANE('',#1048);
#1048 = AXIS2_PLACEMENT_3D('',#1049,#1050,#1051);
#1049 = CARTESIAN_POINT('',(80.,20.001,-50.8));
#1050 = DIRECTION('',(0.,0.,-1.));
#1051 = DIRECTION('',(0.,1.,0.));
#1052 = DEFINITIONAL_REPRESENTATION('',(#1053),#1057);
#1053 = LINE('',#1054,#1055);
#1054 = CARTESIAN_POINT('',(-20.001,0.));
#1055 = VECTOR('',#1056,1.);
#1056 = DIRECTION('',(0.,1.));
#1057 = ( GEOMETRIC_REPRESENTATION_CONTEXT(2) 
PARAMETRIC_REPRESENTATION_CONTEXT() REPRESENTATION_CONTEXT('2D SPACE',''
  ) );
#1058 = ORIENTED_EDGE('',*,*,#1059,.F.);
#1059 = EDGE_CURVE('',#1060,#1030,#1062,.T.);
#1060 = VERTEX_POINT('',#1061);
#1061 = CARTESIAN_POINT('',(80.,0.,-42.2));
#1062 = SURFACE_CURVE('',#1063,(#1068,#1079),.PCURVE_S1.);
#1063 = CIRCLE('',#1064,4.3);
#1064 = AXIS2_PLACEMENT_3D('',#1065,#1066,#1067);
#1065 = CARTESIAN_POINT('',(80.,0.,-46.5));
#1066 = DIRECTION('',(0.,-1.,0.));
#1067 = DIRECTION('',(0.,0.,-1.));
#1068 = PCURVE('',#796,#1069);
#1069 = DEFINITIONAL_REPRESENTATION('',(#1070),#1078);
#1070 = ( BOUNDED_CURVE() B_SPLINE_CURVE(2,(#1071,#1072,#1073,#1074,
#1075,#1076,#1077),.UNSPECIFIED.,.T.,.F.) B_SPLINE_CURVE_WITH_KNOTS((1,2
    ,2,2,2,1),(-2.094395102393,0.,2.094395102393,4.188790204786,
6.28318530718,8.377580409573),.UNSPECIFIED.) CURVE() 
GEOMETRIC_REPRESENTATION_ITEM() RATIONAL_B_SPLINE_CURVE((1.,0.5,1.,0.5,
1.,0.5,1.)) REPRESENTATION_ITEM('') );
#1071 = CARTESIAN_POINT('',(-62.3,90.));
#1072 = CARTESIAN_POINT('',(-62.3,97.447818472546));
#1073 = CARTESIAN_POINT('',(-55.85,93.723909236273));
#1074 = CARTESIAN_POINT('',(-49.4,90.));
#1075 = CARTESIAN_POINT('',(-55.85,86.276090763727));
#1076 = CARTESIAN_POINT('',(-62.3,82.552181527454));
#1077 = CARTESIAN_POINT('',(-62.3,90.));
#1078 = ( GEOMETRIC_REPRESENTATION_CONTEXT(2) 
PARAMETRIC_REPRESENTATION_CONTEXT() REPRESENTATION_CONTEXT('2D SPACE',''
  ) );
#1079 = PCURVE('',#1080,#1085);
#1080 = CYLINDRICAL_SURFACE('',#1081,4.3);
#1081 = AXIS2_PLACEMENT_3D('',#1082,#1083,#1084);
#1082 = CARTESIAN_POINT('',(80.,20.001,-46.5));
#1083 = DIRECTION('',(0.,-1.,0.));
#1084 = DIRECTION('',(0.,0.,-1.));
#1085 = DEFINITIONAL_REPRESENTATION('',(#1086),#1090);
#1086 = LINE('',#1087,#1088);
#1087 = CARTESIAN_POINT('',(0.,20.001));
#1088 = VECTOR('',#1089,1.);
#1089 = DIRECTION('',(1.,0.));
#1090 = ( GEOMETRIC_REPRESENTATION_CONTEXT(2) 
PARAMETRIC_REPRESENTATION_CONTEXT() REPRESENTATION_CONTEXT('2D SPACE',''
  ) );
#1091 = ORIENTED_EDGE('',*,*,#1092,.F.);
#1092 = EDGE_CURVE('',#1093,#1060,#1095,.T.);
#1093 = VERTEX_POINT('',#1094);
#1094 = CARTESIAN_POINT('',(90.,0.,-42.2));
#1095 = SURFACE_CURVE('',#1096,(#1100,#1107),.PCURVE_S1.);
#1096 = LINE('',#1097,#1098);
#1097 = CARTESIAN_POINT('',(90.,0.,-42.2));
#1098 = VECTOR('',#1099,1.);
#1099 = DIRECTION('',(-1.,0.,0.));
#1100 = PCURVE('',#796,#1101);
#1101 = DEFINITIONAL_REPRESENTATION('',(#1102),#1106);
#1102 = LINE('',#1103,#1104);
#1103 = CARTESIAN_POINT('',(-53.7,100.));
#1104 = VECTOR('',#1105,1.);
#1105 = DIRECTION('',(0.,-1.));
#1106 = ( GEOMETRIC_REPRESENTATION_CONTEXT(2) 
PARAMETRIC_REPRESENTATION_CONTEXT() REPRESENTATION_CONTEXT('2D SPACE',''
  ) );
#1107 = PCURVE('',#1108,#1113);
#1108 = PLANE('',#1109);
#1109 = AXIS2_PLACEMENT_3D('',#1110,#1111,#1112);
#1110 = CARTESIAN_POINT('',(80.,20.001,-42.2));
#1111 = DIRECTION('',(0.,0.,1.));
#1112 = DIRECTION('',(0.,-1.,0.));
#1113 = DEFINITIONAL_REPRESENTATION('',(#1114),#1118);
#1114 = LINE('',#1115,#1116);
#1115 = CARTESIAN_POINT('',(20.001,10.));
#1116 = VECTOR('',#1117,1.);
#1117 = DIRECTION('',(0.,-1.));
#1118 = ( GEOMETRIC_REPRESENTATION_CONTEXT(2) 
PARAMETRIC_REPRESENTATION_CONTEXT() REPRESENTATION_CONTEXT('2D SPACE',''
  ) );
#1119 = ORIENTED_EDGE('',*,*,#1120,.F.);
#1120 = EDGE_CURVE('',#1032,#1093,#1121,.T.);
#1121 = SURFACE_CURVE('',#1122,(#1127,#1138),.PCURVE_S1.);
#1122 = CIRCLE('',#1123,4.3);
#1123 = AXIS2_PLACEMENT_3D('',#1124,#1125,#1126);
#1124 = CARTESIAN_POINT('',(90.,0.,-46.5));
#1125 = DIRECTION('',(0.,-1.,0.));
#1126 = DIRECTION('',(0.,0.,-1.));
#1127 = PCURVE('',#796,#1128);
#1128 = DEFINITIONAL_REPRESENTATION('',(#1129),#1137);
#1129 = ( BOUNDED_CURVE() B_SPLINE_CURVE(2,(#1130,#1131,#1132,#1133,
#1134,#1135,#1136),.UNSPECIFIED.,.T.,.F.) B_SPLINE_CURVE_WITH_KNOTS((1,2
    ,2,2,2,1),(-2.094395102393,0.,2.094395102393,4.188790204786,
6.28318530718,8.377580409573),.UNSPECIFIED.) CURVE() 
GEOMETRIC_REPRESENTATION_ITEM() RATIONAL_B_SPLINE_CURVE((1.,0.5,1.,0.5,
1.,0.5,1.)) REPRESENTATION_ITEM('') );
#1130 = CARTESIAN_POINT('',(-62.3,100.));
#1131 = CARTESIAN_POINT('',(-62.3,107.44781847254));
#1132 = CARTESIAN_POINT('',(-55.85,103.72390923627));
#1133 = CARTESIAN_POINT('',(-49.4,100.));
#1134 = CARTESIAN_POINT('',(-55.85,96.276090763727));
#1135 = CARTESIAN_POINT('',(-62.3,92.552181527454));
#1136 = CARTESIAN_POINT('',(-62.3,100.));
#1137 = ( GEOMETRIC_REPRESENTATION_CONTEXT(2) 
PARAMETRIC_REPRESENTATION_CONTEXT() REPRESENTATION_CONTEXT('2D SPACE',''
  ) );
#1138 = PCURVE('',#1139,#1144);
#1139 = CYLINDRICAL_SURFACE('',#1140,4.3);
#1140 = AXIS2_PLACEMENT_3D('',#1141,#1142,#1143);
#1141 = CARTESIAN_POINT('',(90.,20.001,-46.5));
#1142 = DIRECTION('',(0.,-1.,0.));
#1143 = DIRECTION('',(0.,0.,-1.));
#1144 = DEFINITIONAL_REPRESENTATION('',(#1145),#1149);
#1145 = LINE('',#1146,#1147);
#1146 = CARTESIAN_POINT('',(0.,20.001));
#1147 = VECTOR('',#1148,1.);
#1148 = DIRECTION('',(1.,0.));
#1149 = ( GEOMETRIC_REPRESENTATION_CONTEXT(2) 
PARAMETRIC_REPRESENTATION_CONTEXT() REPRESENTATION_CONTEXT('2D SPACE',''
  ) );
#1150 = FACE_BOUND('',#1151,.T.);
#1151 = EDGE_LOOP('',(#1152,#1175,#1176,#1199,#1228,#1256,#1284,#1307,
    #1335,#1363,#1386,#1414,#1442,#1471));
#1152 = ORIENTED_EDGE('',*,*,#1153,.T.);
#1153 = EDGE_CURVE('',#1154,#779,#1156,.T.);
#1154 = VERTEX_POINT('',#1155);
#1155 = CARTESIAN_POINT('',(0.5,0.,-42.));
#1156 = SURFACE_CURVE('',#1157,(#1161,#1168),.PCURVE_S1.);
#1157 = LINE('',#1158,#1159);
#1158 = CARTESIAN_POINT('',(0.5,0.,-42.));
#1159 = VECTOR('',#1160,1.);
#1160 = DIRECTION('',(0.707106781187,0.,-0.707106781187));
#1161 = PCURVE('',#796,#1162);
#1162 = DEFINITIONAL_REPRESENTATION('',(#1163),#1167);
#1163 = LINE('',#1164,#1165);
#1164 = CARTESIAN_POINT('',(-53.5,10.5));
#1165 = VECTOR('',#1166,1.);
#1166 = DIRECTION('',(-0.707106781187,0.707106781187));
#1167 = ( GEOMETRIC_REPRESENTATION_CONTEXT(2) 
PARAMETRIC_REPRESENTATION_CONTEXT() REPRESENTATION_CONTEXT('2D SPACE',''
  ) );
#1168 = PCURVE('',#574,#1169);
#1169 = DEFINITIONAL_REPRESENTATION('',(#1170),#1174);
#1170 = LINE('',#1171,#1172);
#1171 = CARTESIAN_POINT('',(30.405591591022,1.E-03));
#1172 = VECTOR('',#1173,1.);
#1173 = DIRECTION('',(-1.,0.));
#1174 = ( GEOMETRIC_REPRESENTATION_CONTEXT(2) 
PARAMETRIC_REPRESENTATION_CONTEXT() REPRESENTATION_CONTEXT('2D SPACE',''
  ) );
#1175 = ORIENTED_EDGE('',*,*,#778,.T.);
#1176 = ORIENTED_EDGE('',*,*,#1177,.F.);
#1177 = EDGE_CURVE('',#1178,#781,#1180,.T.);
#1178 = VERTEX_POINT('',#1179);
#1179 = CARTESIAN_POINT('',(109.5,0.,-40.5));
#1180 = SURFACE_CURVE('',#1181,(#1185,#1192),.PCURVE_S1.);
#1181 = LINE('',#1182,#1183);
#1182 = CARTESIAN_POINT('',(109.5,0.,-40.5));
#1183 = VECTOR('',#1184,1.);
#1184 = DIRECTION('',(0.,0.,-1.));
#1185 = PCURVE('',#796,#1186);
#1186 = DEFINITIONAL_REPRESENTATION('',(#1187),#1191);
#1187 = LINE('',#1188,#1189);
#1188 = CARTESIAN_POINT('',(-52.,119.5));
#1189 = VECTOR('',#1190,1.);
#1190 = DIRECTION('',(-1.,0.));
#1191 = ( GEOMETRIC_REPRESENTATION_CONTEXT(2) 
PARAMETRIC_REPRESENTATION_CONTEXT() REPRESENTATION_CONTEXT('2D SPACE',''
  ) );
#1192 = PCURVE('',#890,#1193);
#1193 = DEFINITIONAL_REPRESENTATION('',(#1194),#1198);
#1194 = LINE('',#1195,#1196);
#1195 = CARTESIAN_POINT('',(0.,-6.));
#1196 = VECTOR('',#1197,1.);
#1197 = DIRECTION('',(-1.,0.));
#1198 = ( GEOMETRIC_REPRESENTATION_CONTEXT(2) 
PARAMETRIC_REPRESENTATION_CONTEXT() REPRESENTATION_CONTEXT('2D SPACE',''
  ) );
#1199 = ORIENTED_EDGE('',*,*,#1200,.F.);
#1200 = EDGE_CURVE('',#1201,#1178,#1203,.T.);
#1201 = VERTEX_POINT('',#1202);
#1202 = CARTESIAN_POINT('',(105.5,0.,-36.5));
#1203 = SURFACE_CURVE('',#1204,(#1209,#1216),.PCURVE_S1.);
#1204 = CIRCLE('',#1205,4.);
#1205 = AXIS2_PLACEMENT_3D('',#1206,#1207,#1208);
#1206 = CARTESIAN_POINT('',(105.5,0.,-40.5));
#1207 = DIRECTION('',(0.,1.,0.));
#1208 = DIRECTION('',(0.,0.,1.));
#1209 = PCURVE('',#796,#1210);
#1210 = DEFINITIONAL_REPRESENTATION('',(#1211),#1215);
#1211 = CIRCLE('',#1212,4.);
#1212 = AXIS2_PLACEMENT_2D('',#1213,#1214);
#1213 = CARTESIAN_POINT('',(-52.,115.5));
#1214 = DIRECTION('',(1.,0.));
#1215 = ( GEOMETRIC_REPRESENTATION_CONTEXT(2) 
PARAMETRIC_REPRESENTATION_CONTEXT() REPRESENTATION_CONTEXT('2D SPACE',''
  ) );
#1216 = PCURVE('',#1217,#1222);
#1217 = CYLINDRICAL_SURFACE('',#1218,4.);
#1218 = AXIS2_PLACEMENT_3D('',#1219,#1220,#1221);
#1219 = CARTESIAN_POINT('',(105.5,6.,-40.5));
#1220 = DIRECTION('',(0.,-1.,0.));
#1221 = DIRECTION('',(0.,0.,-1.));
#1222 = DEFINITIONAL_REPRESENTATION('',(#1223),#1227);
#1223 = LINE('',#1224,#1225);
#1224 = CARTESIAN_POINT('',(3.14159265359,6.));
#1225 = VECTOR('',#1226,1.);
#1226 = DIRECTION('',(-1.,0.));
#1227 = ( GEOMETRIC_REPRESENTATION_CONTEXT(2) 
PARAMETRIC_REPRESENTATION_CONTEXT() REPRESENTATION_CONTEXT('2D SPACE',''
  ) );
#1228 = ORIENTED_EDGE('',*,*,#1229,.F.);
#1229 = EDGE_CURVE('',#1230,#1201,#1232,.T.);
#1230 = VERTEX_POINT('',#1231);
#1231 = CARTESIAN_POINT('',(61.244997998,0.,-36.5));
#1232 = SURFACE_CURVE('',#1233,(#1237,#1244),.PCURVE_S1.);
#1233 = LINE('',#1234,#1235);
#1234 = CARTESIAN_POINT('',(61.244997998,0.,-36.5));
#1235 = VECTOR('',#1236,1.);
#1236 = DIRECTION('',(1.,0.,0.));
#1237 = PCURVE('',#796,#1238);
#1238 = DEFINITIONAL_REPRESENTATION('',(#1239),#1243);
#1239 = LINE('',#1240,#1241);
#1240 = CARTESIAN_POINT('',(-48.,71.244997998));
#1241 = VECTOR('',#1242,1.);
#1242 = DIRECTION('',(0.,1.));
#1243 = ( GEOMETRIC_REPRESENTATION_CONTEXT(2) 
PARAMETRIC_REPRESENTATION_CONTEXT() REPRESENTATION_CONTEXT('2D SPACE',''
  ) );
#1244 = PCURVE('',#1245,#1250);
#1245 = PLANE('',#1246);
#1246 = AXIS2_PLACEMENT_3D('',#1247,#1248,#1249);
#1247 = CARTESIAN_POINT('',(4.5,6.,-36.5));
#1248 = DIRECTION('',(0.,0.,-1.));
#1249 = DIRECTION('',(-1.,0.,0.));
#1250 = DEFINITIONAL_REPRESENTATION('',(#1251),#1255);
#1251 = LINE('',#1252,#1253);
#1252 = CARTESIAN_POINT('',(-56.744997998,-6.));
#1253 = VECTOR('',#1254,1.);
#1254 = DIRECTION('',(-1.,0.));
#1255 = ( GEOMETRIC_REPRESENTATION_CONTEXT(2) 
PARAMETRIC_REPRESENTATION_CONTEXT() REPRESENTATION_CONTEXT('2D SPACE',''
  ) );
#1256 = ORIENTED_EDGE('',*,*,#1257,.F.);
#1257 = EDGE_CURVE('',#1258,#1230,#1260,.T.);
#1258 = VERTEX_POINT('',#1259);
#1259 = CARTESIAN_POINT('',(63.,0.,-41.5));
#1260 = SURFACE_CURVE('',#1261,(#1266,#1277),.PCURVE_S1.);
#1261 = CIRCLE('',#1262,8.);
#1262 = AXIS2_PLACEMENT_3D('',#1263,#1264,#1265);
#1263 = CARTESIAN_POINT('',(55.,0.,-41.5));
#1264 = DIRECTION('',(0.,-1.,0.));
#1265 = DIRECTION('',(0.,0.,-1.));
#1266 = PCURVE('',#796,#1267);
#1267 = DEFINITIONAL_REPRESENTATION('',(#1268),#1276);
#1268 = ( BOUNDED_CURVE() B_SPLINE_CURVE(2,(#1269,#1270,#1271,#1272,
#1273,#1274,#1275),.UNSPECIFIED.,.T.,.F.) B_SPLINE_CURVE_WITH_KNOTS((1,2
    ,2,2,2,1),(-2.094395102393,0.,2.094395102393,4.188790204786,
6.28318530718,8.377580409573),.UNSPECIFIED.) CURVE() 
GEOMETRIC_REPRESENTATION_ITEM() RATIONAL_B_SPLINE_CURVE((1.,0.5,1.,0.5,
1.,0.5,1.)) REPRESENTATION_ITEM('') );
#1269 = CARTESIAN_POINT('',(-61.,65.));
#1270 = CARTESIAN_POINT('',(-61.,78.856406460551));
#1271 = CARTESIAN_POINT('',(-49.,71.928203230276));
#1272 = CARTESIAN_POINT('',(-37.,65.));
#1273 = CARTESIAN_POINT('',(-49.,58.071796769724));
#1274 = CARTESIAN_POINT('',(-61.,51.143593539449));
#1275 = CARTESIAN_POINT('',(-61.,65.));
#1276 = ( GEOMETRIC_REPRESENTATION_CONTEXT(2) 
PARAMETRIC_REPRESENTATION_CONTEXT() REPRESENTATION_CONTEXT('2D SPACE',''
  ) );
#1277 = PCURVE('',#270,#1278);
#1278 = DEFINITIONAL_REPRESENTATION('',(#1279),#1283);
#1279 = LINE('',#1280,#1281);
#1280 = CARTESIAN_POINT('',(0.,20.001));
#1281 = VECTOR('',#1282,1.);
#1282 = DIRECTION('',(1.,0.));
#1283 = ( GEOMETRIC_REPRESENTATION_CONTEXT(2) 
PARAMETRIC_REPRESENTATION_CONTEXT() REPRESENTATION_CONTEXT('2D SPACE',''
  ) );
#1284 = ORIENTED_EDGE('',*,*,#1285,.F.);
#1285 = EDGE_CURVE('',#1286,#1258,#1288,.T.);
#1286 = VERTEX_POINT('',#1287);
#1287 = CARTESIAN_POINT('',(63.,0.,-51.5));
#1288 = SURFACE_CURVE('',#1289,(#1293,#1300),.PCURVE_S1.);
#1289 = LINE('',#1290,#1291);
#1290 = CARTESIAN_POINT('',(63.,0.,-51.5));
#1291 = VECTOR('',#1292,1.);
#1292 = DIRECTION('',(0.,0.,1.));
#1293 = PCURVE('',#796,#1294);
#1294 = DEFINITIONAL_REPRESENTATION('',(#1295),#1299);
#1295 = LINE('',#1296,#1297);
#1296 = CARTESIAN_POINT('',(-63.,73.));
#1297 = VECTOR('',#1298,1.);
#1298 = DIRECTION('',(1.,0.));
#1299 = ( GEOMETRIC_REPRESENTATION_CONTEXT(2) 
PARAMETRIC_REPRESENTATION_CONTEXT() REPRESENTATION_CONTEXT('2D SPACE',''
  ) );
#1300 = PCURVE('',#390,#1301);
#1301 = DEFINITIONAL_REPRESENTATION('',(#1302),#1306);
#1302 = LINE('',#1303,#1304);
#1303 = CARTESIAN_POINT('',(10.,-20.001));
#1304 = VECTOR('',#1305,1.);
#1305 = DIRECTION('',(-1.,0.));
#1306 = ( GEOMETRIC_REPRESENTATION_CONTEXT(2) 
PARAMETRIC_REPRESENTATION_CONTEXT() REPRESENTATION_CONTEXT('2D SPACE',''
  ) );
#1307 = ORIENTED_EDGE('',*,*,#1308,.F.);
#1308 = EDGE_CURVE('',#1309,#1286,#1311,.T.);
#1309 = VERTEX_POINT('',#1310);
#1310 = CARTESIAN_POINT('',(55.,0.,-59.5));
#1311 = SURFACE_CURVE('',#1312,(#1317,#1328),.PCURVE_S1.);
#1312 = CIRCLE('',#1313,8.);
#1313 = AXIS2_PLACEMENT_3D('',#1314,#1315,#1316);
#1314 = CARTESIAN_POINT('',(55.,0.,-51.5));
#1315 = DIRECTION('',(0.,-1.,0.));
#1316 = DIRECTION('',(0.,0.,-1.));
#1317 = PCURVE('',#796,#1318);
#1318 = DEFINITIONAL_REPRESENTATION('',(#1319),#1327);
#1319 = ( BOUNDED_CURVE() B_SPLINE_CURVE(2,(#1320,#1321,#1322,#1323,
#1324,#1325,#1326),.UNSPECIFIED.,.T.,.F.) B_SPLINE_CURVE_WITH_KNOTS((1,2
    ,2,2,2,1),(-2.094395102393,0.,2.094395102393,4.188790204786,
6.28318530718,8.377580409573),.UNSPECIFIED.) CURVE() 
GEOMETRIC_REPRESENTATION_ITEM() RATIONAL_B_SPLINE_CURVE((1.,0.5,1.,0.5,
1.,0.5,1.)) REPRESENTATION_ITEM('') );
#1320 = CARTESIAN_POINT('',(-71.,65.));
#1321 = CARTESIAN_POINT('',(-71.,78.856406460551));
#1322 = CARTESIAN_POINT('',(-59.,71.928203230276));
#1323 = CARTESIAN_POINT('',(-47.,65.));
#1324 = CARTESIAN_POINT('',(-59.,58.071796769724));
#1325 = CARTESIAN_POINT('',(-71.,51.143593539449));
#1326 = CARTESIAN_POINT('',(-71.,65.));
#1327 = ( GEOMETRIC_REPRESENTATION_CONTEXT(2) 
PARAMETRIC_REPRESENTATION_CONTEXT() REPRESENTATION_CONTEXT('2D SPACE',''
  ) );
#1328 = PCURVE('',#364,#1329);
#1329 = DEFINITIONAL_REPRESENTATION('',(#1330),#1334);
#1330 = LINE('',#1331,#1332);
#1331 = CARTESIAN_POINT('',(0.,20.001));
#1332 = VECTOR('',#1333,1.);
#1333 = DIRECTION('',(1.,0.));
#1334 = ( GEOMETRIC_REPRESENTATION_CONTEXT(2) 
PARAMETRIC_REPRESENTATION_CONTEXT() REPRESENTATION_CONTEXT('2D SPACE',''
  ) );
#1335 = ORIENTED_EDGE('',*,*,#1336,.F.);
#1336 = EDGE_CURVE('',#1337,#1309,#1339,.T.);
#1337 = VERTEX_POINT('',#1338);
#1338 = CARTESIAN_POINT('',(47.,0.,-51.5));
#1339 = SURFACE_CURVE('',#1340,(#1345,#1356),.PCURVE_S1.);
#1340 = CIRCLE('',#1341,8.);
#1341 = AXIS2_PLACEMENT_3D('',#1342,#1343,#1344);
#1342 = CARTESIAN_POINT('',(55.,0.,-51.5));
#1343 = DIRECTION('',(0.,-1.,0.));
#1344 = DIRECTION('',(0.,0.,-1.));
#1345 = PCURVE('',#796,#1346);
#1346 = DEFINITIONAL_REPRESENTATION('',(#1347),#1355);
#1347 = ( BOUNDED_CURVE() B_SPLINE_CURVE(2,(#1348,#1349,#1350,#1351,
#1352,#1353,#1354),.UNSPECIFIED.,.T.,.F.) B_SPLINE_CURVE_WITH_KNOTS((1,2
    ,2,2,2,1),(-2.094395102393,0.,2.094395102393,4.188790204786,
6.28318530718,8.377580409573),.UNSPECIFIED.) CURVE() 
GEOMETRIC_REPRESENTATION_ITEM() RATIONAL_B_SPLINE_CURVE((1.,0.5,1.,0.5,
1.,0.5,1.)) REPRESENTATION_ITEM('') );
#1348 = CARTESIAN_POINT('',(-71.,65.));
#1349 = CARTESIAN_POINT('',(-71.,78.856406460551));
#1350 = CARTESIAN_POINT('',(-59.,71.928203230276));
#1351 = CARTESIAN_POINT('',(-47.,65.));
#1352 = CARTESIAN_POINT('',(-59.,58.071796769724));
#1353 = CARTESIAN_POINT('',(-71.,51.143593539449));
#1354 = CARTESIAN_POINT('',(-71.,65.));
#1355 = ( GEOMETRIC_REPRESENTATION_CONTEXT(2) 
PARAMETRIC_REPRESENTATION_CONTEXT() REPRESENTATION_CONTEXT('2D SPACE',''
  ) );
#1356 = PCURVE('',#331,#1357);
#1357 = DEFINITIONAL_REPRESENTATION('',(#1358),#1362);
#1358 = LINE('',#1359,#1360);
#1359 = CARTESIAN_POINT('',(0.,20.001));
#1360 = VECTOR('',#1361,1.);
#1361 = DIRECTION('',(1.,0.));
#1362 = ( GEOMETRIC_REPRESENTATION_CONTEXT(2) 
PARAMETRIC_REPRESENTATION_CONTEXT() REPRESENTATION_CONTEXT('2D SPACE',''
  ) );
#1363 = ORIENTED_EDGE('',*,*,#1364,.F.);
#1364 = EDGE_CURVE('',#1365,#1337,#1367,.T.);
#1365 = VERTEX_POINT('',#1366);
#1366 = CARTESIAN_POINT('',(47.,0.,-41.5));
#1367 = SURFACE_CURVE('',#1368,(#1372,#1379),.PCURVE_S1.);
#1368 = LINE('',#1369,#1370);
#1369 = CARTESIAN_POINT('',(47.,0.,-41.5));
#1370 = VECTOR('',#1371,1.);
#1371 = DIRECTION('',(0.,0.,-1.));
#1372 = PCURVE('',#796,#1373);
#1373 = DEFINITIONAL_REPRESENTATION('',(#1374),#1378);
#1374 = LINE('',#1375,#1376);
#1375 = CARTESIAN_POINT('',(-53.,57.));
#1376 = VECTOR('',#1377,1.);
#1377 = DIRECTION('',(-1.,0.));
#1378 = ( GEOMETRIC_REPRESENTATION_CONTEXT(2) 
PARAMETRIC_REPRESENTATION_CONTEXT() REPRESENTATION_CONTEXT('2D SPACE',''
  ) );
#1379 = PCURVE('',#298,#1380);
#1380 = DEFINITIONAL_REPRESENTATION('',(#1381),#1385);
#1381 = LINE('',#1382,#1383);
#1382 = CARTESIAN_POINT('',(0.,-20.001));
#1383 = VECTOR('',#1384,1.);
#1384 = DIRECTION('',(-1.,0.));
#1385 = ( GEOMETRIC_REPRESENTATION_CONTEXT(2) 
PARAMETRIC_REPRESENTATION_CONTEXT() REPRESENTATION_CONTEXT('2D SPACE',''
  ) );
#1386 = ORIENTED_EDGE('',*,*,#1387,.F.);
#1387 = EDGE_CURVE('',#1388,#1365,#1390,.T.);
#1388 = VERTEX_POINT('',#1389);
#1389 = CARTESIAN_POINT('',(48.755002002,0.,-36.5));
#1390 = SURFACE_CURVE('',#1391,(#1396,#1407),.PCURVE_S1.);
#1391 = CIRCLE('',#1392,8.);
#1392 = AXIS2_PLACEMENT_3D('',#1393,#1394,#1395);
#1393 = CARTESIAN_POINT('',(55.,0.,-41.5));
#1394 = DIRECTION('',(0.,-1.,0.));
#1395 = DIRECTION('',(0.,0.,-1.));
#1396 = PCURVE('',#796,#1397);
#1397 = DEFINITIONAL_REPRESENTATION('',(#1398),#1406);
#1398 = ( BOUNDED_CURVE() B_SPLINE_CURVE(2,(#1399,#1400,#1401,#1402,
#1403,#1404,#1405),.UNSPECIFIED.,.T.,.F.) B_SPLINE_CURVE_WITH_KNOTS((1,2
    ,2,2,2,1),(-2.094395102393,0.,2.094395102393,4.188790204786,
6.28318530718,8.377580409573),.UNSPECIFIED.) CURVE() 
GEOMETRIC_REPRESENTATION_ITEM() RATIONAL_B_SPLINE_CURVE((1.,0.5,1.,0.5,
1.,0.5,1.)) REPRESENTATION_ITEM('') );
#1399 = CARTESIAN_POINT('',(-61.,65.));
#1400 = CARTESIAN_POINT('',(-61.,78.856406460551));
#1401 = CARTESIAN_POINT('',(-49.,71.928203230276));
#1402 = CARTESIAN_POINT('',(-37.,65.));
#1403 = CARTESIAN_POINT('',(-49.,58.071796769724));
#1404 = CARTESIAN_POINT('',(-61.,51.143593539449));
#1405 = CARTESIAN_POINT('',(-61.,65.));
#1406 = ( GEOMETRIC_REPRESENTATION_CONTEXT(2) 
PARAMETRIC_REPRESENTATION_CONTEXT() REPRESENTATION_CONTEXT('2D SPACE',''
  ) );
#1407 = PCURVE('',#270,#1408);
#1408 = DEFINITIONAL_REPRESENTATION('',(#1409),#1413);
#1409 = LINE('',#1410,#1411);
#1410 = CARTESIAN_POINT('',(0.,20.001));
#1411 = VECTOR('',#1412,1.);
#1412 = DIRECTION('',(1.,0.));
#1413 = ( GEOMETRIC_REPRESENTATION_CONTEXT(2) 
PARAMETRIC_REPRESENTATION_CONTEXT() REPRESENTATION_CONTEXT('2D SPACE',''
  ) );
#1414 = ORIENTED_EDGE('',*,*,#1415,.F.);
#1415 = EDGE_CURVE('',#1416,#1388,#1418,.T.);
#1416 = VERTEX_POINT('',#1417);
#1417 = CARTESIAN_POINT('',(4.5,0.,-36.5));
#1418 = SURFACE_CURVE('',#1419,(#1423,#1430),.PCURVE_S1.);
#1419 = LINE('',#1420,#1421);
#1420 = CARTESIAN_POINT('',(4.5,0.,-36.5));
#1421 = VECTOR('',#1422,1.);
#1422 = DIRECTION('',(1.,0.,0.));
#1423 = PCURVE('',#796,#1424);
#1424 = DEFINITIONAL_REPRESENTATION('',(#1425),#1429);
#1425 = LINE('',#1426,#1427);
#1426 = CARTESIAN_POINT('',(-48.,14.5));
#1427 = VECTOR('',#1428,1.);
#1428 = DIRECTION('',(0.,1.));
#1429 = ( GEOMETRIC_REPRESENTATION_CONTEXT(2) 
PARAMETRIC_REPRESENTATION_CONTEXT() REPRESENTATION_CONTEXT('2D SPACE',''
  ) );
#1430 = PCURVE('',#1431,#1436);
#1431 = PLANE('',#1432);
#1432 = AXIS2_PLACEMENT_3D('',#1433,#1434,#1435);
#1433 = CARTESIAN_POINT('',(4.5,6.,-36.5));
#1434 = DIRECTION('',(0.,0.,-1.));
#1435 = DIRECTION('',(-1.,0.,0.));
#1436 = DEFINITIONAL_REPRESENTATION('',(#1437),#1441);
#1437 = LINE('',#1438,#1439);
#1438 = CARTESIAN_POINT('',(0.,-6.));
#1439 = VECTOR('',#1440,1.);
#1440 = DIRECTION('',(-1.,0.));
#1441 = ( GEOMETRIC_REPRESENTATION_CONTEXT(2) 
PARAMETRIC_REPRESENTATION_CONTEXT() REPRESENTATION_CONTEXT('2D SPACE',''
  ) );
#1442 = ORIENTED_EDGE('',*,*,#1443,.F.);
#1443 = EDGE_CURVE('',#1444,#1416,#1446,.T.);
#1444 = VERTEX_POINT('',#1445);
#1445 = CARTESIAN_POINT('',(0.5,0.,-40.5));
#1446 = SURFACE_CURVE('',#1447,(#1452,#1459),.PCURVE_S1.);
#1447 = CIRCLE('',#1448,4.);
#1448 = AXIS2_PLACEMENT_3D('',#1449,#1450,#1451);
#1449 = CARTESIAN_POINT('',(4.5,0.,-40.5));
#1450 = DIRECTION('',(0.,1.,0.));
#1451 = DIRECTION('',(0.,0.,1.));
#1452 = PCURVE('',#796,#1453);
#1453 = DEFINITIONAL_REPRESENTATION('',(#1454),#1458);
#1454 = CIRCLE('',#1455,4.);
#1455 = AXIS2_PLACEMENT_2D('',#1456,#1457);
#1456 = CARTESIAN_POINT('',(-52.,14.5));
#1457 = DIRECTION('',(1.,0.));
#1458 = ( GEOMETRIC_REPRESENTATION_CONTEXT(2) 
PARAMETRIC_REPRESENTATION_CONTEXT() REPRESENTATION_CONTEXT('2D SPACE',''
  ) );
#1459 = PCURVE('',#1460,#1465);
#1460 = CYLINDRICAL_SURFACE('',#1461,4.);
#1461 = AXIS2_PLACEMENT_3D('',#1462,#1463,#1464);
#1462 = CARTESIAN_POINT('',(4.5,6.,-40.5));
#1463 = DIRECTION('',(0.,-1.,0.));
#1464 = DIRECTION('',(0.,0.,-1.));
#1465 = DEFINITIONAL_REPRESENTATION('',(#1466),#1470);
#1466 = LINE('',#1467,#1468);
#1467 = CARTESIAN_POINT('',(9.424777960769,6.));
#1468 = VECTOR('',#1469,1.);
#1469 = DIRECTION('',(-1.,0.));
#1470 = ( GEOMETRIC_REPRESENTATION_CONTEXT(2) 
PARAMETRIC_REPRESENTATION_CONTEXT() REPRESENTATION_CONTEXT('2D SPACE',''
  ) );
#1471 = ORIENTED_EDGE('',*,*,#1472,.F.);
#1472 = EDGE_CURVE('',#1154,#1444,#1473,.T.);
#1473 = SURFACE_CURVE('',#1474,(#1478,#1485),.PCURVE_S1.);
#1474 = LINE('',#1475,#1476);
#1475 = CARTESIAN_POINT('',(0.5,0.,-42.));
#1476 = VECTOR('',#1477,1.);
#1477 = DIRECTION('',(0.,0.,1.));
#1478 = PCURVE('',#796,#1479);
#1479 = DEFINITIONAL_REPRESENTATION('',(#1480),#1484);
#1480 = LINE('',#1481,#1482);
#1481 = CARTESIAN_POINT('',(-53.5,10.5));
#1482 = VECTOR('',#1483,1.);
#1483 = DIRECTION('',(1.,0.));
#1484 = ( GEOMETRIC_REPRESENTATION_CONTEXT(2) 
PARAMETRIC_REPRESENTATION_CONTEXT() REPRESENTATION_CONTEXT('2D SPACE',''
  ) );
#1485 = PCURVE('',#1486,#1491);
#1486 = PLANE('',#1487);
#1487 = AXIS2_PLACEMENT_3D('',#1488,#1489,#1490);
#1488 = CARTESIAN_POINT('',(0.5,6.,-63.5));
#1489 = DIRECTION('',(1.,0.,0.));
#1490 = DIRECTION('',(0.,0.,-1.));
#1491 = DEFINITIONAL_REPRESENTATION('',(#1492),#1496);
#1492 = LINE('',#1493,#1494);
#1493 = CARTESIAN_POINT('',(-21.5,-6.));
#1494 = VECTOR('',#1495,1.);
#1495 = DIRECTION('',(-1.,0.));
#1496 = ( GEOMETRIC_REPRESENTATION_CONTEXT(2) 
PARAMETRIC_REPRESENTATION_CONTEXT() REPRESENTATION_CONTEXT('2D SPACE',''
  ) );
#1497 = ADVANCED_FACE('',(#1498),#1486,.F.);
#1498 = FACE_BOUND('',#1499,.T.);
#1499 = EDGE_LOOP('',(#1500,#1523,#1524,#1547));
#1500 = ORIENTED_EDGE('',*,*,#1501,.T.);
#1501 = EDGE_CURVE('',#1502,#1154,#1504,.T.);
#1502 = VERTEX_POINT('',#1503);
#1503 = CARTESIAN_POINT('',(0.5,6.,-42.));
#1504 = SURFACE_CURVE('',#1505,(#1509,#1516),.PCURVE_S1.);
#1505 = LINE('',#1506,#1507);
#1506 = CARTESIAN_POINT('',(0.5,6.,-42.));
#1507 = VECTOR('',#1508,1.);
#1508 = DIRECTION('',(0.,-1.,0.));
#1509 = PCURVE('',#1486,#1510);
#1510 = DEFINITIONAL_REPRESENTATION('',(#1511),#1515);
#1511 = LINE('',#1512,#1513);
#1512 = CARTESIAN_POINT('',(-21.5,0.));
#1513 = VECTOR('',#1514,1.);
#1514 = DIRECTION('',(0.,-1.));
#1515 = ( GEOMETRIC_REPRESENTATION_CONTEXT(2) 
PARAMETRIC_REPRESENTATION_CONTEXT() REPRESENTATION_CONTEXT('2D SPACE',''
  ) );
#1516 = PCURVE('',#574,#1517);
#1517 = DEFINITIONAL_REPRESENTATION('',(#1518),#1522);
#1518 = LINE('',#1519,#1520);
#1519 = CARTESIAN_POINT('',(30.405591591022,6.001));
#1520 = VECTOR('',#1521,1.);
#1521 = DIRECTION('',(0.,-1.));
#1522 = ( GEOMETRIC_REPRESENTATION_CONTEXT(2) 
PARAMETRIC_REPRESENTATION_CONTEXT() REPRESENTATION_CONTEXT('2D SPACE',''
  ) );
#1523 = ORIENTED_EDGE('',*,*,#1472,.T.);
#1524 = ORIENTED_EDGE('',*,*,#1525,.F.);
#1525 = EDGE_CURVE('',#1526,#1444,#1528,.T.);
#1526 = VERTEX_POINT('',#1527);
#1527 = CARTESIAN_POINT('',(0.5,6.,-40.5));
#1528 = SURFACE_CURVE('',#1529,(#1533,#1540),.PCURVE_S1.);
#1529 = LINE('',#1530,#1531);
#1530 = CARTESIAN_POINT('',(0.5,6.,-40.5));
#1531 = VECTOR('',#1532,1.);
#1532 = DIRECTION('',(0.,-1.,0.));
#1533 = PCURVE('',#1486,#1534);
#1534 = DEFINITIONAL_REPRESENTATION('',(#1535),#1539);
#1535 = LINE('',#1536,#1537);
#1536 = CARTESIAN_POINT('',(-23.,0.));
#1537 = VECTOR('',#1538,1.);
#1538 = DIRECTION('',(0.,-1.));
#1539 = ( GEOMETRIC_REPRESENTATION_CONTEXT(2) 
PARAMETRIC_REPRESENTATION_CONTEXT() REPRESENTATION_CONTEXT('2D SPACE',''
  ) );
#1540 = PCURVE('',#1460,#1541);
#1541 = DEFINITIONAL_REPRESENTATION('',(#1542),#1546);
#1542 = LINE('',#1543,#1544);
#1543 = CARTESIAN_POINT('',(4.712388980385,0.));
#1544 = VECTOR('',#1545,1.);
#1545 = DIRECTION('',(0.,1.));
#1546 = ( GEOMETRIC_REPRESENTATION_CONTEXT(2) 
PARAMETRIC_REPRESENTATION_CONTEXT() REPRESENTATION_CONTEXT('2D SPACE',''
  ) );
#1547 = ORIENTED_EDGE('',*,*,#1548,.F.);
#1548 = EDGE_CURVE('',#1502,#1526,#1549,.T.);
#1549 = SURFACE_CURVE('',#1550,(#1554,#1561),.PCURVE_S1.);
#1550 = LINE('',#1551,#1552);
#1551 = CARTESIAN_POINT('',(0.5,6.,-42.));
#1552 = VECTOR('',#1553,1.);
#1553 = DIRECTION('',(0.,0.,1.));
#1554 = PCURVE('',#1486,#1555);
#1555 = DEFINITIONAL_REPRESENTATION('',(#1556),#1560);
#1556 = LINE('',#1557,#1558);
#1557 = CARTESIAN_POINT('',(-21.5,0.));
#1558 = VECTOR('',#1559,1.);
#1559 = DIRECTION('',(-1.,0.));
#1560 = ( GEOMETRIC_REPRESENTATION_CONTEXT(2) 
PARAMETRIC_REPRESENTATION_CONTEXT() REPRESENTATION_CONTEXT('2D SPACE',''
  ) );
#1561 = PCURVE('',#742,#1562);
#1562 = DEFINITIONAL_REPRESENTATION('',(#1563),#1567);
#1563 = LINE('',#1564,#1565);
#1564 = CARTESIAN_POINT('',(-1.5,-105.));
#1565 = VECTOR('',#1566,1.);
#1566 = DIRECTION('',(1.,0.));
#1567 = ( GEOMETRIC_REPRESENTATION_CONTEXT(2) 
PARAMETRIC_REPRESENTATION_CONTEXT() REPRESENTATION_CONTEXT('2D SPACE',''
  ) );
#1568 = ADVANCED_FACE('',(#1569,#1595,#1621,#1652),#742,.F.);
#1569 = FACE_BOUND('',#1570,.T.);
#1570 = EDGE_LOOP('',(#1571));
#1571 = ORIENTED_EDGE('',*,*,#1572,.T.);
#1572 = EDGE_CURVE('',#1573,#1573,#1575,.T.);
#1573 = VERTEX_POINT('',#1574);
#1574 = CARTESIAN_POINT('',(-4.,6.,-21.4));
#1575 = SURFACE_CURVE('',#1576,(#1581,#1588),.PCURVE_S1.);
#1576 = CIRCLE('',#1577,2.1);
#1577 = AXIS2_PLACEMENT_3D('',#1578,#1579,#1580);
#1578 = CARTESIAN_POINT('',(-4.,6.,-23.5));
#1579 = DIRECTION('',(0.,1.,0.));
#1580 = DIRECTION('',(0.,0.,1.));
#1581 = PCURVE('',#742,#1582);
#1582 = DEFINITIONAL_REPRESENTATION('',(#1583),#1587);
#1583 = CIRCLE('',#1584,2.1);
#1584 = AXIS2_PLACEMENT_2D('',#1585,#1586);
#1585 = CARTESIAN_POINT('',(17.,-109.5));
#1586 = DIRECTION('',(1.,0.));
#1587 = ( GEOMETRIC_REPRESENTATION_CONTEXT(2) 
PARAMETRIC_REPRESENTATION_CONTEXT() REPRESENTATION_CONTEXT('2D SPACE',''
  ) );
#1588 = PCURVE('',#78,#1589);
#1589 = DEFINITIONAL_REPRESENTATION('',(#1590),#1594);
#1590 = LINE('',#1591,#1592);
#1591 = CARTESIAN_POINT('',(0.,-14.));
#1592 = VECTOR('',#1593,1.);
#1593 = DIRECTION('',(1.,0.));
#1594 = ( GEOMETRIC_REPRESENTATION_CONTEXT(2) 
PARAMETRIC_REPRESENTATION_CONTEXT() REPRESENTATION_CONTEXT('2D SPACE',''
  ) );
#1595 = FACE_BOUND('',#1596,.T.);
#1596 = EDGE_LOOP('',(#1597));
#1597 = ORIENTED_EDGE('',*,*,#1598,.T.);
#1598 = EDGE_CURVE('',#1599,#1599,#1601,.T.);
#1599 = VERTEX_POINT('',#1600);
#1600 = CARTESIAN_POINT('',(129.,6.,-21.4));
#1601 = SURFACE_CURVE('',#1602,(#1607,#1614),.PCURVE_S1.);
#1602 = CIRCLE('',#1603,2.1);
#1603 = AXIS2_PLACEMENT_3D('',#1604,#1605,#1606);
#1604 = CARTESIAN_POINT('',(129.,6.,-23.5));
#1605 = DIRECTION('',(0.,1.,0.));
#1606 = DIRECTION('',(0.,0.,1.));
#1607 = PCURVE('',#742,#1608);
#1608 = DEFINITIONAL_REPRESENTATION('',(#1609),#1613);
#1609 = CIRCLE('',#1610,2.1);
#1610 = AXIS2_PLACEMENT_2D('',#1611,#1612);
#1611 = CARTESIAN_POINT('',(17.,23.5));
#1612 = DIRECTION('',(1.,0.));
#1613 = ( GEOMETRIC_REPRESENTATION_CONTEXT(2) 
PARAMETRIC_REPRESENTATION_CONTEXT() REPRESENTATION_CONTEXT('2D SPACE',''
  ) );
#1614 = PCURVE('',#109,#1615);
#1615 = DEFINITIONAL_REPRESENTATION('',(#1616),#1620);
#1616 = LINE('',#1617,#1618);
#1617 = CARTESIAN_POINT('',(0.,-14.));
#1618 = VECTOR('',#1619,1.);
#1619 = DIRECTION('',(1.,0.));
#1620 = ( GEOMETRIC_REPRESENTATION_CONTEXT(2) 
PARAMETRIC_REPRESENTATION_CONTEXT() REPRESENTATION_CONTEXT('2D SPACE',''
  ) );
#1621 = FACE_BOUND('',#1622,.T.);
#1622 = EDGE_LOOP('',(#1623));
#1623 = ORIENTED_EDGE('',*,*,#1624,.T.);
#1624 = EDGE_CURVE('',#1625,#1625,#1627,.T.);
#1625 = VERTEX_POINT('',#1626);
#1626 = CARTESIAN_POINT('',(0.,6.,6.));
#1627 = SURFACE_CURVE('',#1628,(#1633,#1640),.PCURVE_S1.);
#1628 = CIRCLE('',#1629,6.);
#1629 = AXIS2_PLACEMENT_3D('',#1630,#1631,#1632);
#1630 = CARTESIAN_POINT('',(0.,6.,0.));
#1631 = DIRECTION('',(0.,1.,0.));
#1632 = DIRECTION('',(0.,0.,1.));
#1633 = PCURVE('',#742,#1634);
#1634 = DEFINITIONAL_REPRESENTATION('',(#1635),#1639);
#1635 = CIRCLE('',#1636,6.);
#1636 = AXIS2_PLACEMENT_2D('',#1637,#1638);
#1637 = CARTESIAN_POINT('',(40.5,-105.5));
#1638 = DIRECTION('',(1.,0.));
#1639 = ( GEOMETRIC_REPRESENTATION_CONTEXT(2) 
PARAMETRIC_REPRESENTATION_CONTEXT() REPRESENTATION_CONTEXT('2D SPACE',''
  ) );
#1640 = PCURVE('',#1641,#1646);
#1641 = CYLINDRICAL_SURFACE('',#1642,6.);
#1642 = AXIS2_PLACEMENT_3D('',#1643,#1644,#1645);
#1643 = CARTESIAN_POINT('',(0.,20.,0.));
#1644 = DIRECTION('',(0.,1.,0.));
#1645 = DIRECTION('',(0.,0.,1.));
#1646 = DEFINITIONAL_REPRESENTATION('',(#1647),#1651);
#1647 = LINE('',#1648,#1649);
#1648 = CARTESIAN_POINT('',(0.,-14.));
#1649 = VECTOR('',#1650,1.);
#1650 = DIRECTION('',(1.,0.));
#1651 = ( GEOMETRIC_REPRESENTATION_CONTEXT(2) 
PARAMETRIC_REPRESENTATION_CONTEXT() REPRESENTATION_CONTEXT('2D SPACE',''
  ) );
#1652 = FACE_BOUND('',#1653,.T.);
#1653 = EDGE_LOOP('',(#1654,#1675,#1676,#1700,#1723,#1751,#1774,#1798,
    #1819,#1820,#1843,#1864));
#1654 = ORIENTED_EDGE('',*,*,#1655,.T.);
#1655 = EDGE_CURVE('',#704,#1502,#1656,.T.);
#1656 = SURFACE_CURVE('',#1657,(#1661,#1668),.PCURVE_S1.);
#1657 = LINE('',#1658,#1659);
#1658 = CARTESIAN_POINT('',(-10.,6.,-31.5));
#1659 = VECTOR('',#1660,1.);
#1660 = DIRECTION('',(0.707106781187,0.,-0.707106781187));
#1661 = PCURVE('',#742,#1662);
#1662 = DEFINITIONAL_REPRESENTATION('',(#1663),#1667);
#1663 = LINE('',#1664,#1665);
#1664 = CARTESIAN_POINT('',(9.,-115.5));
#1665 = VECTOR('',#1666,1.);
#1666 = DIRECTION('',(-0.707106781187,0.707106781187));
#1667 = ( GEOMETRIC_REPRESENTATION_CONTEXT(2) 
PARAMETRIC_REPRESENTATION_CONTEXT() REPRESENTATION_CONTEXT('2D SPACE',''
  ) );
#1668 = PCURVE('',#574,#1669);
#1669 = DEFINITIONAL_REPRESENTATION('',(#1670),#1674);
#1670 = LINE('',#1671,#1672);
#1671 = CARTESIAN_POINT('',(45.254833995939,6.001));
#1672 = VECTOR('',#1673,1.);
#1673 = DIRECTION('',(-1.,0.));
#1674 = ( GEOMETRIC_REPRESENTATION_CONTEXT(2) 
PARAMETRIC_REPRESENTATION_CONTEXT() REPRESENTATION_CONTEXT('2D SPACE',''
  ) );
#1675 = ORIENTED_EDGE('',*,*,#1548,.T.);
#1676 = ORIENTED_EDGE('',*,*,#1677,.T.);
#1677 = EDGE_CURVE('',#1526,#1678,#1680,.T.);
#1678 = VERTEX_POINT('',#1679);
#1679 = CARTESIAN_POINT('',(4.5,6.,-36.5));
#1680 = SURFACE_CURVE('',#1681,(#1686,#1693),.PCURVE_S1.);
#1681 = CIRCLE('',#1682,4.);
#1682 = AXIS2_PLACEMENT_3D('',#1683,#1684,#1685);
#1683 = CARTESIAN_POINT('',(4.5,6.,-40.5));
#1684 = DIRECTION('',(0.,1.,0.));
#1685 = DIRECTION('',(0.,0.,1.));
#1686 = PCURVE('',#742,#1687);
#1687 = DEFINITIONAL_REPRESENTATION('',(#1688),#1692);
#1688 = CIRCLE('',#1689,4.);
#1689 = AXIS2_PLACEMENT_2D('',#1690,#1691);
#1690 = CARTESIAN_POINT('',(0.,-101.));
#1691 = DIRECTION('',(1.,0.));
#1692 = ( GEOMETRIC_REPRESENTATION_CONTEXT(2) 
PARAMETRIC_REPRESENTATION_CONTEXT() REPRESENTATION_CONTEXT('2D SPACE',''
  ) );
#1693 = PCURVE('',#1460,#1694);
#1694 = DEFINITIONAL_REPRESENTATION('',(#1695),#1699);
#1695 = LINE('',#1696,#1697);
#1696 = CARTESIAN_POINT('',(9.424777960769,0.));
#1697 = VECTOR('',#1698,1.);
#1698 = DIRECTION('',(-1.,0.));
#1699 = ( GEOMETRIC_REPRESENTATION_CONTEXT(2) 
PARAMETRIC_REPRESENTATION_CONTEXT() REPRESENTATION_CONTEXT('2D SPACE',''
  ) );
#1700 = ORIENTED_EDGE('',*,*,#1701,.T.);
#1701 = EDGE_CURVE('',#1678,#1702,#1704,.T.);
#1702 = VERTEX_POINT('',#1703);
#1703 = CARTESIAN_POINT('',(48.755002002,6.,-36.5));
#1704 = SURFACE_CURVE('',#1705,(#1709,#1716),.PCURVE_S1.);
#1705 = LINE('',#1706,#1707);
#1706 = CARTESIAN_POINT('',(4.5,6.,-36.5));
#1707 = VECTOR('',#1708,1.);
#1708 = DIRECTION('',(1.,0.,0.));
#1709 = PCURVE('',#742,#1710);
#1710 = DEFINITIONAL_REPRESENTATION('',(#1711),#1715);
#1711 = LINE('',#1712,#1713);
#1712 = CARTESIAN_POINT('',(4.,-101.));
#1713 = VECTOR('',#1714,1.);
#1714 = DIRECTION('',(0.,1.));
#1715 = ( GEOMETRIC_REPRESENTATION_CONTEXT(2) 
PARAMETRIC_REPRESENTATION_CONTEXT() REPRESENTATION_CONTEXT('2D SPACE',''
  ) );
#1716 = PCURVE('',#1431,#1717);
#1717 = DEFINITIONAL_REPRESENTATION('',(#1718),#1722);
#1718 = LINE('',#1719,#1720);
#1719 = CARTESIAN_POINT('',(0.,0.));
#1720 = VECTOR('',#1721,1.);
#1721 = DIRECTION('',(-1.,0.));
#1722 = ( GEOMETRIC_REPRESENTATION_CONTEXT(2) 
PARAMETRIC_REPRESENTATION_CONTEXT() REPRESENTATION_CONTEXT('2D SPACE',''
  ) );
#1723 = ORIENTED_EDGE('',*,*,#1724,.F.);
#1724 = EDGE_CURVE('',#1725,#1702,#1727,.T.);
#1725 = VERTEX_POINT('',#1726);
#1726 = CARTESIAN_POINT('',(61.244997998,6.,-36.5));
#1727 = SURFACE_CURVE('',#1728,(#1733,#1744),.PCURVE_S1.);
#1728 = CIRCLE('',#1729,8.);
#1729 = AXIS2_PLACEMENT_3D('',#1730,#1731,#1732);
#1730 = CARTESIAN_POINT('',(55.,6.,-41.5));
#1731 = DIRECTION('',(0.,-1.,0.));
#1732 = DIRECTION('',(0.,0.,1.));
#1733 = PCURVE('',#742,#1734);
#1734 = DEFINITIONAL_REPRESENTATION('',(#1735),#1743);
#1735 = ( BOUNDED_CURVE() B_SPLINE_CURVE(2,(#1736,#1737,#1738,#1739,
#1740,#1741,#1742),.UNSPECIFIED.,.T.,.F.) B_SPLINE_CURVE_WITH_KNOTS((1,2
    ,2,2,2,1),(-2.094395102393,0.,2.094395102393,4.188790204786,
6.28318530718,8.377580409573),.UNSPECIFIED.) CURVE() 
GEOMETRIC_REPRESENTATION_ITEM() RATIONAL_B_SPLINE_CURVE((1.,0.5,1.,0.5,
1.,0.5,1.)) REPRESENTATION_ITEM('') );
#1736 = CARTESIAN_POINT('',(7.,-50.5));
#1737 = CARTESIAN_POINT('',(7.,-64.35640646055));
#1738 = CARTESIAN_POINT('',(-5.,-57.42820323027));
#1739 = CARTESIAN_POINT('',(-17.,-50.5));
#1740 = CARTESIAN_POINT('',(-5.,-43.57179676972));
#1741 = CARTESIAN_POINT('',(7.,-36.64359353944));
#1742 = CARTESIAN_POINT('',(7.,-50.5));
#1743 = ( GEOMETRIC_REPRESENTATION_CONTEXT(2) 
PARAMETRIC_REPRESENTATION_CONTEXT() REPRESENTATION_CONTEXT('2D SPACE',''
  ) );
#1744 = PCURVE('',#270,#1745);
#1745 = DEFINITIONAL_REPRESENTATION('',(#1746),#1750);
#1746 = LINE('',#1747,#1748);
#1747 = CARTESIAN_POINT('',(-3.14159265359,14.001));
#1748 = VECTOR('',#1749,1.);
#1749 = DIRECTION('',(1.,0.));
#1750 = ( GEOMETRIC_REPRESENTATION_CONTEXT(2) 
PARAMETRIC_REPRESENTATION_CONTEXT() REPRESENTATION_CONTEXT('2D SPACE',''
  ) );
#1751 = ORIENTED_EDGE('',*,*,#1752,.T.);
#1752 = EDGE_CURVE('',#1725,#1753,#1755,.T.);
#1753 = VERTEX_POINT('',#1754);
#1754 = CARTESIAN_POINT('',(105.5,6.,-36.5));
#1755 = SURFACE_CURVE('',#1756,(#1760,#1767),.PCURVE_S1.);
#1756 = LINE('',#1757,#1758);
#1757 = CARTESIAN_POINT('',(61.244997998,6.,-36.5));
#1758 = VECTOR('',#1759,1.);
#1759 = DIRECTION('',(1.,0.,0.));
#1760 = PCURVE('',#742,#1761);
#1761 = DEFINITIONAL_REPRESENTATION('',(#1762),#1766);
#1762 = LINE('',#1763,#1764);
#1763 = CARTESIAN_POINT('',(4.,-44.255002002));
#1764 = VECTOR('',#1765,1.);
#1765 = DIRECTION('',(0.,1.));
#1766 = ( GEOMETRIC_REPRESENTATION_CONTEXT(2) 
PARAMETRIC_REPRESENTATION_CONTEXT() REPRESENTATION_CONTEXT('2D SPACE',''
  ) );
#1767 = PCURVE('',#1245,#1768);
#1768 = DEFINITIONAL_REPRESENTATION('',(#1769),#1773);
#1769 = LINE('',#1770,#1771);
#1770 = CARTESIAN_POINT('',(-56.744997998,0.));
#1771 = VECTOR('',#1772,1.);
#1772 = DIRECTION('',(-1.,0.));
#1773 = ( GEOMETRIC_REPRESENTATION_CONTEXT(2) 
PARAMETRIC_REPRESENTATION_CONTEXT() REPRESENTATION_CONTEXT('2D SPACE',''
  ) );
#1774 = ORIENTED_EDGE('',*,*,#1775,.T.);
#1775 = EDGE_CURVE('',#1753,#1776,#1778,.T.);
#1776 = VERTEX_POINT('',#1777);
#1777 = CARTESIAN_POINT('',(109.5,6.,-40.5));
#1778 = SURFACE_CURVE('',#1779,(#1784,#1791),.PCURVE_S1.);
#1779 = CIRCLE('',#1780,4.);
#1780 = AXIS2_PLACEMENT_3D('',#1781,#1782,#1783);
#1781 = CARTESIAN_POINT('',(105.5,6.,-40.5));
#1782 = DIRECTION('',(0.,1.,0.));
#1783 = DIRECTION('',(0.,0.,1.));
#1784 = PCURVE('',#742,#1785);
#1785 = DEFINITIONAL_REPRESENTATION('',(#1786),#1790);
#1786 = CIRCLE('',#1787,4.);
#1787 = AXIS2_PLACEMENT_2D('',#1788,#1789);
#1788 = CARTESIAN_POINT('',(0.,0.));
#1789 = DIRECTION('',(1.,0.));
#1790 = ( GEOMETRIC_REPRESENTATION_CONTEXT(2) 
PARAMETRIC_REPRESENTATION_CONTEXT() REPRESENTATION_CONTEXT('2D SPACE',''
  ) );
#1791 = PCURVE('',#1217,#1792);
#1792 = DEFINITIONAL_REPRESENTATION('',(#1793),#1797);
#1793 = LINE('',#1794,#1795);
#1794 = CARTESIAN_POINT('',(3.14159265359,0.));
#1795 = VECTOR('',#1796,1.);
#1796 = DIRECTION('',(-1.,0.));
#1797 = ( GEOMETRIC_REPRESENTATION_CONTEXT(2) 
PARAMETRIC_REPRESENTATION_CONTEXT() REPRESENTATION_CONTEXT('2D SPACE',''
  ) );
#1798 = ORIENTED_EDGE('',*,*,#1799,.T.);
#1799 = EDGE_CURVE('',#1776,#854,#1800,.T.);
#1800 = SURFACE_CURVE('',#1801,(#1805,#1812),.PCURVE_S1.);
#1801 = LINE('',#1802,#1803);
#1802 = CARTESIAN_POINT('',(109.5,6.,-40.5));
#1803 = VECTOR('',#1804,1.);
#1804 = DIRECTION('',(0.,0.,-1.));
#1805 = PCURVE('',#742,#1806);
#1806 = DEFINITIONAL_REPRESENTATION('',(#1807),#1811);
#1807 = LINE('',#1808,#1809);
#1808 = CARTESIAN_POINT('',(0.,4.));
#1809 = VECTOR('',#1810,1.);
#1810 = DIRECTION('',(-1.,0.));
#1811 = ( GEOMETRIC_REPRESENTATION_CONTEXT(2) 
PARAMETRIC_REPRESENTATION_CONTEXT() REPRESENTATION_CONTEXT('2D SPACE',''
  ) );
#1812 = PCURVE('',#890,#1813);
#1813 = DEFINITIONAL_REPRESENTATION('',(#1814),#1818);
#1814 = LINE('',#1815,#1816);
#1815 = CARTESIAN_POINT('',(0.,0.));
#1816 = VECTOR('',#1817,1.);
#1817 = DIRECTION('',(-1.,0.));
#1818 = ( GEOMETRIC_REPRESENTATION_CONTEXT(2) 
PARAMETRIC_REPRESENTATION_CONTEXT() REPRESENTATION_CONTEXT('2D SPACE',''
  ) );
#1819 = ORIENTED_EDGE('',*,*,#853,.T.);
#1820 = ORIENTED_EDGE('',*,*,#1821,.T.);
#1821 = EDGE_CURVE('',#831,#1822,#1824,.T.);
#1822 = VERTEX_POINT('',#1823);
#1823 = CARTESIAN_POINT('',(135.,6.,11.5));
#1824 = SURFACE_CURVE('',#1825,(#1829,#1836),.PCURVE_S1.);
#1825 = LINE('',#1826,#1827);
#1826 = CARTESIAN_POINT('',(135.,6.,-63.5));
#1827 = VECTOR('',#1828,1.);
#1828 = DIRECTION('',(0.,0.,1.));
#1829 = PCURVE('',#742,#1830);
#1830 = DEFINITIONAL_REPRESENTATION('',(#1831),#1835);
#1831 = LINE('',#1832,#1833);
#1832 = CARTESIAN_POINT('',(-23.,29.5));
#1833 = VECTOR('',#1834,1.);
#1834 = DIRECTION('',(1.,0.));
#1835 = ( GEOMETRIC_REPRESENTATION_CONTEXT(2) 
PARAMETRIC_REPRESENTATION_CONTEXT() REPRESENTATION_CONTEXT('2D SPACE',''
  ) );
#1836 = PCURVE('',#656,#1837);
#1837 = DEFINITIONAL_REPRESENTATION('',(#1838),#1842);
#1838 = LINE('',#1839,#1840);
#1839 = CARTESIAN_POINT('',(0.,-14.));
#1840 = VECTOR('',#1841,1.);
#1841 = DIRECTION('',(-1.,0.));
#1842 = ( GEOMETRIC_REPRESENTATION_CONTEXT(2) 
PARAMETRIC_REPRESENTATION_CONTEXT() REPRESENTATION_CONTEXT('2D SPACE',''
  ) );
#1843 = ORIENTED_EDGE('',*,*,#1844,.T.);
#1844 = EDGE_CURVE('',#1822,#727,#1845,.T.);
#1845 = SURFACE_CURVE('',#1846,(#1850,#1857),.PCURVE_S1.);
#1846 = LINE('',#1847,#1848);
#1847 = CARTESIAN_POINT('',(135.,6.,11.5));
#1848 = VECTOR('',#1849,1.);
#1849 = DIRECTION('',(-1.,0.,0.));
#1850 = PCURVE('',#742,#1851);
#1851 = DEFINITIONAL_REPRESENTATION('',(#1852),#1856);
#1852 = LINE('',#1853,#1854);
#1853 = CARTESIAN_POINT('',(52.,29.5));
#1854 = VECTOR('',#1855,1.);
#1855 = DIRECTION('',(0.,-1.));
#1856 = ( GEOMETRIC_REPRESENTATION_CONTEXT(2) 
PARAMETRIC_REPRESENTATION_CONTEXT() REPRESENTATION_CONTEXT('2D SPACE',''
  ) );
#1857 = PCURVE('',#630,#1858);
#1858 = DEFINITIONAL_REPRESENTATION('',(#1859),#1863);
#1859 = LINE('',#1860,#1861);
#1860 = CARTESIAN_POINT('',(0.,-14.));
#1861 = VECTOR('',#1862,1.);
#1862 = DIRECTION('',(-1.,0.));
#1863 = ( GEOMETRIC_REPRESENTATION_CONTEXT(2) 
PARAMETRIC_REPRESENTATION_CONTEXT() REPRESENTATION_CONTEXT('2D SPACE',''
  ) );
#1864 = ORIENTED_EDGE('',*,*,#726,.T.);
#1865 = ADVANCED_FACE('',(#1866),#1245,.F.);
#1866 = FACE_BOUND('',#1867,.T.);
#1867 = EDGE_LOOP('',(#1868,#1869,#1890,#1891));
#1868 = ORIENTED_EDGE('',*,*,#1752,.F.);
#1869 = ORIENTED_EDGE('',*,*,#1870,.F.);
#1870 = EDGE_CURVE('',#1230,#1725,#1871,.T.);
#1871 = SURFACE_CURVE('',#1872,(#1876,#1883),.PCURVE_S1.);
#1872 = LINE('',#1873,#1874);
#1873 = CARTESIAN_POINT('',(61.244997998,0.,-36.5));
#1874 = VECTOR('',#1875,1.);
#1875 = DIRECTION('',(0.,1.,0.));
#1876 = PCURVE('',#1245,#1877);
#1877 = DEFINITIONAL_REPRESENTATION('',(#1878),#1882);
#1878 = LINE('',#1879,#1880);
#1879 = CARTESIAN_POINT('',(-56.744997998,-6.));
#1880 = VECTOR('',#1881,1.);
#1881 = DIRECTION('',(0.,1.));
#1882 = ( GEOMETRIC_REPRESENTATION_CONTEXT(2) 
PARAMETRIC_REPRESENTATION_CONTEXT() REPRESENTATION_CONTEXT('2D SPACE',''
  ) );
#1883 = PCURVE('',#270,#1884);
#1884 = DEFINITIONAL_REPRESENTATION('',(#1885),#1889);
#1885 = LINE('',#1886,#1887);
#1886 = CARTESIAN_POINT('',(2.245927859763,20.001));
#1887 = VECTOR('',#1888,1.);
#1888 = DIRECTION('',(0.,-1.));
#1889 = ( GEOMETRIC_REPRESENTATION_CONTEXT(2) 
PARAMETRIC_REPRESENTATION_CONTEXT() REPRESENTATION_CONTEXT('2D SPACE',''
  ) );
#1890 = ORIENTED_EDGE('',*,*,#1229,.T.);
#1891 = ORIENTED_EDGE('',*,*,#1892,.F.);
#1892 = EDGE_CURVE('',#1753,#1201,#1893,.T.);
#1893 = SURFACE_CURVE('',#1894,(#1898,#1905),.PCURVE_S1.);
#1894 = LINE('',#1895,#1896);
#1895 = CARTESIAN_POINT('',(105.5,6.,-36.5));
#1896 = VECTOR('',#1897,1.);
#1897 = DIRECTION('',(0.,-1.,0.));
#1898 = PCURVE('',#1245,#1899);
#1899 = DEFINITIONAL_REPRESENTATION('',(#1900),#1904);
#1900 = LINE('',#1901,#1902);
#1901 = CARTESIAN_POINT('',(-101.,0.));
#1902 = VECTOR('',#1903,1.);
#1903 = DIRECTION('',(0.,-1.));
#1904 = ( GEOMETRIC_REPRESENTATION_CONTEXT(2) 
PARAMETRIC_REPRESENTATION_CONTEXT() REPRESENTATION_CONTEXT('2D SPACE',''
  ) );
#1905 = PCURVE('',#1217,#1906);
#1906 = DEFINITIONAL_REPRESENTATION('',(#1907),#1911);
#1907 = LINE('',#1908,#1909);
#1908 = CARTESIAN_POINT('',(3.14159265359,0.));
#1909 = VECTOR('',#1910,1.);
#1910 = DIRECTION('',(0.,1.));
#1911 = ( GEOMETRIC_REPRESENTATION_CONTEXT(2) 
PARAMETRIC_REPRESENTATION_CONTEXT() REPRESENTATION_CONTEXT('2D SPACE',''
  ) );
#1912 = ADVANCED_FACE('',(#1913),#630,.T.);
#1913 = FACE_BOUND('',#1914,.T.);
#1914 = EDGE_LOOP('',(#1915,#1916,#1937,#1938));
#1915 = ORIENTED_EDGE('',*,*,#1844,.F.);
#1916 = ORIENTED_EDGE('',*,*,#1917,.F.);
#1917 = EDGE_CURVE('',#615,#1822,#1918,.T.);
#1918 = SURFACE_CURVE('',#1919,(#1923,#1930),.PCURVE_S1.);
#1919 = LINE('',#1920,#1921);
#1920 = CARTESIAN_POINT('',(135.,20.,11.5));
#1921 = VECTOR('',#1922,1.);
#1922 = DIRECTION('',(0.,-1.,0.));
#1923 = PCURVE('',#630,#1924);
#1924 = DEFINITIONAL_REPRESENTATION('',(#1925),#1929);
#1925 = LINE('',#1926,#1927);
#1926 = CARTESIAN_POINT('',(0.,0.));
#1927 = VECTOR('',#1928,1.);
#1928 = DIRECTION('',(0.,-1.));
#1929 = ( GEOMETRIC_REPRESENTATION_CONTEXT(2) 
PARAMETRIC_REPRESENTATION_CONTEXT() REPRESENTATION_CONTEXT('2D SPACE',''
  ) );
#1930 = PCURVE('',#656,#1931);
#1931 = DEFINITIONAL_REPRESENTATION('',(#1932),#1936);
#1932 = LINE('',#1933,#1934);
#1933 = CARTESIAN_POINT('',(-75.,0.));
#1934 = VECTOR('',#1935,1.);
#1935 = DIRECTION('',(0.,-1.));
#1936 = ( GEOMETRIC_REPRESENTATION_CONTEXT(2) 
PARAMETRIC_REPRESENTATION_CONTEXT() REPRESENTATION_CONTEXT('2D SPACE',''
  ) );
#1937 = ORIENTED_EDGE('',*,*,#614,.T.);
#1938 = ORIENTED_EDGE('',*,*,#754,.T.);
#1939 = ADVANCED_FACE('',(#1940),#656,.T.);
#1940 = FACE_BOUND('',#1941,.T.);
#1941 = EDGE_LOOP('',(#1942,#1943,#1944,#1945));
#1942 = ORIENTED_EDGE('',*,*,#1821,.F.);
#1943 = ORIENTED_EDGE('',*,*,#830,.F.);
#1944 = ORIENTED_EDGE('',*,*,#642,.T.);
#1945 = ORIENTED_EDGE('',*,*,#1917,.T.);
#1946 = ADVANCED_FACE('',(#1947),#890,.F.);
#1947 = FACE_BOUND('',#1948,.T.);
#1948 = EDGE_LOOP('',(#1949,#1950,#1951,#1952));
#1949 = ORIENTED_EDGE('',*,*,#1177,.T.);
#1950 = ORIENTED_EDGE('',*,*,#876,.F.);
#1951 = ORIENTED_EDGE('',*,*,#1799,.F.);
#1952 = ORIENTED_EDGE('',*,*,#1953,.T.);
#1953 = EDGE_CURVE('',#1776,#1178,#1954,.T.);
#1954 = SURFACE_CURVE('',#1955,(#1959,#1966),.PCURVE_S1.);
#1955 = LINE('',#1956,#1957);
#1956 = CARTESIAN_POINT('',(109.5,6.,-40.5));
#1957 = VECTOR('',#1958,1.);
#1958 = DIRECTION('',(0.,-1.,0.));
#1959 = PCURVE('',#890,#1960);
#1960 = DEFINITIONAL_REPRESENTATION('',(#1961),#1965);
#1961 = LINE('',#1962,#1963);
#1962 = CARTESIAN_POINT('',(0.,0.));
#1963 = VECTOR('',#1964,1.);
#1964 = DIRECTION('',(0.,-1.));
#1965 = ( GEOMETRIC_REPRESENTATION_CONTEXT(2) 
PARAMETRIC_REPRESENTATION_CONTEXT() REPRESENTATION_CONTEXT('2D SPACE',''
  ) );
#1966 = PCURVE('',#1217,#1967);
#1967 = DEFINITIONAL_REPRESENTATION('',(#1968),#1972);
#1968 = LINE('',#1969,#1970);
#1969 = CARTESIAN_POINT('',(1.570796326795,0.));
#1970 = VECTOR('',#1971,1.);
#1971 = DIRECTION('',(0.,1.));
#1972 = ( GEOMETRIC_REPRESENTATION_CONTEXT(2) 
PARAMETRIC_REPRESENTATION_CONTEXT() REPRESENTATION_CONTEXT('2D SPACE',''
  ) );
#1973 = ADVANCED_FACE('',(#1974),#1217,.T.);
#1974 = FACE_BOUND('',#1975,.T.);
#1975 = EDGE_LOOP('',(#1976,#1977,#1978,#1979));
#1976 = ORIENTED_EDGE('',*,*,#1200,.T.);
#1977 = ORIENTED_EDGE('',*,*,#1953,.F.);
#1978 = ORIENTED_EDGE('',*,*,#1775,.F.);
#1979 = ORIENTED_EDGE('',*,*,#1892,.T.);
#1980 = ADVANCED_FACE('',(#1981),#1431,.F.);
#1981 = FACE_BOUND('',#1982,.T.);
#1982 = EDGE_LOOP('',(#1983,#1984,#2005,#2006));
#1983 = ORIENTED_EDGE('',*,*,#1415,.T.);
#1984 = ORIENTED_EDGE('',*,*,#1985,.F.);
#1985 = EDGE_CURVE('',#1702,#1388,#1986,.T.);
#1986 = SURFACE_CURVE('',#1987,(#1991,#1998),.PCURVE_S1.);
#1987 = LINE('',#1988,#1989);
#1988 = CARTESIAN_POINT('',(48.755002002,6.,-36.5));
#1989 = VECTOR('',#1990,1.);
#1990 = DIRECTION('',(0.,-1.,0.));
#1991 = PCURVE('',#1431,#1992);
#1992 = DEFINITIONAL_REPRESENTATION('',(#1993),#1997);
#1993 = LINE('',#1994,#1995);
#1994 = CARTESIAN_POINT('',(-44.255002002,0.));
#1995 = VECTOR('',#1996,1.);
#1996 = DIRECTION('',(0.,-1.));
#1997 = ( GEOMETRIC_REPRESENTATION_CONTEXT(2) 
PARAMETRIC_REPRESENTATION_CONTEXT() REPRESENTATION_CONTEXT('2D SPACE',''
  ) );
#1998 = PCURVE('',#270,#1999);
#1999 = DEFINITIONAL_REPRESENTATION('',(#2000),#2004);
#2000 = LINE('',#2001,#2002);
#2001 = CARTESIAN_POINT('',(4.037257447417,14.001));
#2002 = VECTOR('',#2003,1.);
#2003 = DIRECTION('',(0.,1.));
#2004 = ( GEOMETRIC_REPRESENTATION_CONTEXT(2) 
PARAMETRIC_REPRESENTATION_CONTEXT() REPRESENTATION_CONTEXT('2D SPACE',''
  ) );
#2005 = ORIENTED_EDGE('',*,*,#1701,.F.);
#2006 = ORIENTED_EDGE('',*,*,#2007,.T.);
#2007 = EDGE_CURVE('',#1678,#1416,#2008,.T.);
#2008 = SURFACE_CURVE('',#2009,(#2013,#2020),.PCURVE_S1.);
#2009 = LINE('',#2010,#2011);
#2010 = CARTESIAN_POINT('',(4.5,6.,-36.5));
#2011 = VECTOR('',#2012,1.);
#2012 = DIRECTION('',(0.,-1.,0.));
#2013 = PCURVE('',#1431,#2014);
#2014 = DEFINITIONAL_REPRESENTATION('',(#2015),#2019);
#2015 = LINE('',#2016,#2017);
#2016 = CARTESIAN_POINT('',(0.,0.));
#2017 = VECTOR('',#2018,1.);
#2018 = DIRECTION('',(0.,-1.));
#2019 = ( GEOMETRIC_REPRESENTATION_CONTEXT(2) 
PARAMETRIC_REPRESENTATION_CONTEXT() REPRESENTATION_CONTEXT('2D SPACE',''
  ) );
#2020 = PCURVE('',#1460,#2021);
#2021 = DEFINITIONAL_REPRESENTATION('',(#2022),#2026);
#2022 = LINE('',#2023,#2024);
#2023 = CARTESIAN_POINT('',(3.14159265359,0.));
#2024 = VECTOR('',#2025,1.);
#2025 = DIRECTION('',(0.,1.));
#2026 = ( GEOMETRIC_REPRESENTATION_CONTEXT(2) 
PARAMETRIC_REPRESENTATION_CONTEXT() REPRESENTATION_CONTEXT('2D SPACE',''
  ) );
#2027 = ADVANCED_FACE('',(#2028),#1460,.T.);
#2028 = FACE_BOUND('',#2029,.T.);
#2029 = EDGE_LOOP('',(#2030,#2031,#2032,#2033));
#2030 = ORIENTED_EDGE('',*,*,#1443,.T.);
#2031 = ORIENTED_EDGE('',*,*,#2007,.F.);
#2032 = ORIENTED_EDGE('',*,*,#1677,.F.);
#2033 = ORIENTED_EDGE('',*,*,#1525,.T.);
#2034 = ADVANCED_FACE('',(#2035),#956,.F.);
#2035 = FACE_BOUND('',#2036,.F.);
#2036 = EDGE_LOOP('',(#2037,#2038,#2061,#2094));
#2037 = ORIENTED_EDGE('',*,*,#935,.F.);
#2038 = ORIENTED_EDGE('',*,*,#2039,.F.);
#2039 = EDGE_CURVE('',#2040,#936,#2042,.T.);
#2040 = VERTEX_POINT('',#2041);
#2041 = CARTESIAN_POINT('',(20.,10.,-42.2));
#2042 = SURFACE_CURVE('',#2043,(#2047,#2054),.PCURVE_S1.);
#2043 = LINE('',#2044,#2045);
#2044 = CARTESIAN_POINT('',(20.,10.,-42.2));
#2045 = VECTOR('',#2046,1.);
#2046 = DIRECTION('',(0.,-1.,0.));
#2047 = PCURVE('',#956,#2048);
#2048 = DEFINITIONAL_REPRESENTATION('',(#2049),#2053);
#2049 = LINE('',#2050,#2051);
#2050 = CARTESIAN_POINT('',(3.14159265359,10.001));
#2051 = VECTOR('',#2052,1.);
#2052 = DIRECTION('',(0.,1.));
#2053 = ( GEOMETRIC_REPRESENTATION_CONTEXT(2) 
PARAMETRIC_REPRESENTATION_CONTEXT() REPRESENTATION_CONTEXT('2D SPACE',''
  ) );
#2054 = PCURVE('',#984,#2055);
#2055 = DEFINITIONAL_REPRESENTATION('',(#2056),#2060);
#2056 = LINE('',#2057,#2058);
#2057 = CARTESIAN_POINT('',(10.001,0.));
#2058 = VECTOR('',#2059,1.);
#2059 = DIRECTION('',(1.,0.));
#2060 = ( GEOMETRIC_REPRESENTATION_CONTEXT(2) 
PARAMETRIC_REPRESENTATION_CONTEXT() REPRESENTATION_CONTEXT('2D SPACE',''
  ) );
#2061 = ORIENTED_EDGE('',*,*,#2062,.F.);
#2062 = EDGE_CURVE('',#2063,#2040,#2065,.T.);
#2063 = VERTEX_POINT('',#2064);
#2064 = CARTESIAN_POINT('',(20.,10.,-50.8));
#2065 = SURFACE_CURVE('',#2066,(#2071,#2078),.PCURVE_S1.);
#2066 = CIRCLE('',#2067,4.3);
#2067 = AXIS2_PLACEMENT_3D('',#2068,#2069,#2070);
#2068 = CARTESIAN_POINT('',(20.,10.,-46.5));
#2069 = DIRECTION('',(-0.,1.,0.));
#2070 = DIRECTION('',(0.,0.,-1.));
#2071 = PCURVE('',#956,#2072);
#2072 = DEFINITIONAL_REPRESENTATION('',(#2073),#2077);
#2073 = LINE('',#2074,#2075);
#2074 = CARTESIAN_POINT('',(6.28318530718,10.001));
#2075 = VECTOR('',#2076,1.);
#2076 = DIRECTION('',(-1.,0.));
#2077 = ( GEOMETRIC_REPRESENTATION_CONTEXT(2) 
PARAMETRIC_REPRESENTATION_CONTEXT() REPRESENTATION_CONTEXT('2D SPACE',''
  ) );
#2078 = PCURVE('',#2079,#2084);
#2079 = PLANE('',#2080);
#2080 = AXIS2_PLACEMENT_3D('',#2081,#2082,#2083);
#2081 = CARTESIAN_POINT('',(30.,10.,-46.5));
#2082 = DIRECTION('',(0.,-1.,0.));
#2083 = DIRECTION('',(0.,0.,-1.));
#2084 = DEFINITIONAL_REPRESENTATION('',(#2085),#2093);
#2085 = ( BOUNDED_CURVE() B_SPLINE_CURVE(2,(#2086,#2087,#2088,#2089,
#2090,#2091,#2092),.UNSPECIFIED.,.T.,.F.) B_SPLINE_CURVE_WITH_KNOTS((1,2
    ,2,2,2,1),(-2.094395102393,0.,2.094395102393,4.188790204786,
6.28318530718,8.377580409573),.UNSPECIFIED.) CURVE() 
GEOMETRIC_REPRESENTATION_ITEM() RATIONAL_B_SPLINE_CURVE((1.,0.5,1.,0.5,
1.,0.5,1.)) REPRESENTATION_ITEM('') );
#2086 = CARTESIAN_POINT('',(4.3,-10.));
#2087 = CARTESIAN_POINT('',(4.3,-17.44781847254));
#2088 = CARTESIAN_POINT('',(-2.15,-13.72390923627));
#2089 = CARTESIAN_POINT('',(-8.6,-10.));
#2090 = CARTESIAN_POINT('',(-2.15,-6.276090763727));
#2091 = CARTESIAN_POINT('',(4.3,-2.552181527454));
#2092 = CARTESIAN_POINT('',(4.3,-10.));
#2093 = ( GEOMETRIC_REPRESENTATION_CONTEXT(2) 
PARAMETRIC_REPRESENTATION_CONTEXT() REPRESENTATION_CONTEXT('2D SPACE',''
  ) );
#2094 = ORIENTED_EDGE('',*,*,#2095,.T.);
#2095 = EDGE_CURVE('',#2063,#906,#2096,.T.);
#2096 = SURFACE_CURVE('',#2097,(#2101,#2108),.PCURVE_S1.);
#2097 = LINE('',#2098,#2099);
#2098 = CARTESIAN_POINT('',(20.,10.,-50.8));
#2099 = VECTOR('',#2100,1.);
#2100 = DIRECTION('',(0.,-1.,0.));
#2101 = PCURVE('',#956,#2102);
#2102 = DEFINITIONAL_REPRESENTATION('',(#2103),#2107);
#2103 = LINE('',#2104,#2105);
#2104 = CARTESIAN_POINT('',(6.28318530718,10.001));
#2105 = VECTOR('',#2106,1.);
#2106 = DIRECTION('',(0.,1.));
#2107 = ( GEOMETRIC_REPRESENTATION_CONTEXT(2) 
PARAMETRIC_REPRESENTATION_CONTEXT() REPRESENTATION_CONTEXT('2D SPACE',''
  ) );
#2108 = PCURVE('',#923,#2109);
#2109 = DEFINITIONAL_REPRESENTATION('',(#2110),#2114);
#2110 = LINE('',#2111,#2112);
#2111 = CARTESIAN_POINT('',(-10.001,0.));
#2112 = VECTOR('',#2113,1.);
#2113 = DIRECTION('',(-1.,0.));
#2114 = ( GEOMETRIC_REPRESENTATION_CONTEXT(2) 
PARAMETRIC_REPRESENTATION_CONTEXT() REPRESENTATION_CONTEXT('2D SPACE',''
  ) );
#2115 = ADVANCED_FACE('',(#2116),#984,.F.);
#2116 = FACE_BOUND('',#2117,.T.);
#2117 = EDGE_LOOP('',(#2118,#2119,#2142,#2163));
#2118 = ORIENTED_EDGE('',*,*,#2039,.F.);
#2119 = ORIENTED_EDGE('',*,*,#2120,.T.);
#2120 = EDGE_CURVE('',#2040,#2121,#2123,.T.);
#2121 = VERTEX_POINT('',#2122);
#2122 = CARTESIAN_POINT('',(30.,10.,-42.2));
#2123 = SURFACE_CURVE('',#2124,(#2128,#2135),.PCURVE_S1.);
#2124 = LINE('',#2125,#2126);
#2125 = CARTESIAN_POINT('',(20.,10.,-42.2));
#2126 = VECTOR('',#2127,1.);
#2127 = DIRECTION('',(1.,0.,0.));
#2128 = PCURVE('',#984,#2129);
#2129 = DEFINITIONAL_REPRESENTATION('',(#2130),#2134);
#2130 = LINE('',#2131,#2132);
#2131 = CARTESIAN_POINT('',(10.001,0.));
#2132 = VECTOR('',#2133,1.);
#2133 = DIRECTION('',(0.,1.));
#2134 = ( GEOMETRIC_REPRESENTATION_CONTEXT(2) 
PARAMETRIC_REPRESENTATION_CONTEXT() REPRESENTATION_CONTEXT('2D SPACE',''
  ) );
#2135 = PCURVE('',#2079,#2136);
#2136 = DEFINITIONAL_REPRESENTATION('',(#2137),#2141);
#2137 = LINE('',#2138,#2139);
#2138 = CARTESIAN_POINT('',(-4.3,-10.));
#2139 = VECTOR('',#2140,1.);
#2140 = DIRECTION('',(0.,1.));
#2141 = ( GEOMETRIC_REPRESENTATION_CONTEXT(2) 
PARAMETRIC_REPRESENTATION_CONTEXT() REPRESENTATION_CONTEXT('2D SPACE',''
  ) );
#2142 = ORIENTED_EDGE('',*,*,#2143,.T.);
#2143 = EDGE_CURVE('',#2121,#969,#2144,.T.);
#2144 = SURFACE_CURVE('',#2145,(#2149,#2156),.PCURVE_S1.);
#2145 = LINE('',#2146,#2147);
#2146 = CARTESIAN_POINT('',(30.,10.,-42.2));
#2147 = VECTOR('',#2148,1.);
#2148 = DIRECTION('',(0.,-1.,0.));
#2149 = PCURVE('',#984,#2150);
#2150 = DEFINITIONAL_REPRESENTATION('',(#2151),#2155);
#2151 = LINE('',#2152,#2153);
#2152 = CARTESIAN_POINT('',(10.001,10.));
#2153 = VECTOR('',#2154,1.);
#2154 = DIRECTION('',(1.,0.));
#2155 = ( GEOMETRIC_REPRESENTATION_CONTEXT(2) 
PARAMETRIC_REPRESENTATION_CONTEXT() REPRESENTATION_CONTEXT('2D SPACE',''
  ) );
#2156 = PCURVE('',#1015,#2157);
#2157 = DEFINITIONAL_REPRESENTATION('',(#2158),#2162);
#2158 = LINE('',#2159,#2160);
#2159 = CARTESIAN_POINT('',(3.14159265359,10.001));
#2160 = VECTOR('',#2161,1.);
#2161 = DIRECTION('',(0.,1.));
#2162 = ( GEOMETRIC_REPRESENTATION_CONTEXT(2) 
PARAMETRIC_REPRESENTATION_CONTEXT() REPRESENTATION_CONTEXT('2D SPACE',''
  ) );
#2163 = ORIENTED_EDGE('',*,*,#968,.T.);
#2164 = ADVANCED_FACE('',(#2165),#1015,.F.);
#2165 = FACE_BOUND('',#2166,.F.);
#2166 = EDGE_LOOP('',(#2167,#2168,#2191,#2217));
#2167 = ORIENTED_EDGE('',*,*,#996,.F.);
#2168 = ORIENTED_EDGE('',*,*,#2169,.F.);
#2169 = EDGE_CURVE('',#2170,#908,#2172,.T.);
#2170 = VERTEX_POINT('',#2171);
#2171 = CARTESIAN_POINT('',(30.,10.,-50.8));
#2172 = SURFACE_CURVE('',#2173,(#2177,#2184),.PCURVE_S1.);
#2173 = LINE('',#2174,#2175);
#2174 = CARTESIAN_POINT('',(30.,10.,-50.8));
#2175 = VECTOR('',#2176,1.);
#2176 = DIRECTION('',(0.,-1.,0.));
#2177 = PCURVE('',#1015,#2178);
#2178 = DEFINITIONAL_REPRESENTATION('',(#2179),#2183);
#2179 = LINE('',#2180,#2181);
#2180 = CARTESIAN_POINT('',(0.,10.001));
#2181 = VECTOR('',#2182,1.);
#2182 = DIRECTION('',(0.,1.));
#2183 = ( GEOMETRIC_REPRESENTATION_CONTEXT(2) 
PARAMETRIC_REPRESENTATION_CONTEXT() REPRESENTATION_CONTEXT('2D SPACE',''
  ) );
#2184 = PCURVE('',#923,#2185);
#2185 = DEFINITIONAL_REPRESENTATION('',(#2186),#2190);
#2186 = LINE('',#2187,#2188);
#2187 = CARTESIAN_POINT('',(-10.001,10.));
#2188 = VECTOR('',#2189,1.);
#2189 = DIRECTION('',(-1.,0.));
#2190 = ( GEOMETRIC_REPRESENTATION_CONTEXT(2) 
PARAMETRIC_REPRESENTATION_CONTEXT() REPRESENTATION_CONTEXT('2D SPACE',''
  ) );
#2191 = ORIENTED_EDGE('',*,*,#2192,.F.);
#2192 = EDGE_CURVE('',#2121,#2170,#2193,.T.);
#2193 = SURFACE_CURVE('',#2194,(#2199,#2206),.PCURVE_S1.);
#2194 = CIRCLE('',#2195,4.3);
#2195 = AXIS2_PLACEMENT_3D('',#2196,#2197,#2198);
#2196 = CARTESIAN_POINT('',(30.,10.,-46.5));
#2197 = DIRECTION('',(-0.,1.,0.));
#2198 = DIRECTION('',(0.,0.,-1.));
#2199 = PCURVE('',#1015,#2200);
#2200 = DEFINITIONAL_REPRESENTATION('',(#2201),#2205);
#2201 = LINE('',#2202,#2203);
#2202 = CARTESIAN_POINT('',(6.28318530718,10.001));
#2203 = VECTOR('',#2204,1.);
#2204 = DIRECTION('',(-1.,0.));
#2205 = ( GEOMETRIC_REPRESENTATION_CONTEXT(2) 
PARAMETRIC_REPRESENTATION_CONTEXT() REPRESENTATION_CONTEXT('2D SPACE',''
  ) );
#2206 = PCURVE('',#2079,#2207);
#2207 = DEFINITIONAL_REPRESENTATION('',(#2208),#2216);
#2208 = ( BOUNDED_CURVE() B_SPLINE_CURVE(2,(#2209,#2210,#2211,#2212,
#2213,#2214,#2215),.UNSPECIFIED.,.T.,.F.) B_SPLINE_CURVE_WITH_KNOTS((1,2
    ,2,2,2,1),(-2.094395102393,0.,2.094395102393,4.188790204786,
6.28318530718,8.377580409573),.UNSPECIFIED.) CURVE() 
GEOMETRIC_REPRESENTATION_ITEM() RATIONAL_B_SPLINE_CURVE((1.,0.5,1.,0.5,
1.,0.5,1.)) REPRESENTATION_ITEM('') );
#2209 = CARTESIAN_POINT('',(4.3,0.));
#2210 = CARTESIAN_POINT('',(4.3,-7.447818472546));
#2211 = CARTESIAN_POINT('',(-2.15,-3.723909236273));
#2212 = CARTESIAN_POINT('',(-8.6,-1.053196247267E-15));
#2213 = CARTESIAN_POINT('',(-2.15,3.723909236273));
#2214 = CARTESIAN_POINT('',(4.3,7.447818472546));
#2215 = CARTESIAN_POINT('',(4.3,0.));
#2216 = ( GEOMETRIC_REPRESENTATION_CONTEXT(2) 
PARAMETRIC_REPRESENTATION_CONTEXT() REPRESENTATION_CONTEXT('2D SPACE',''
  ) );
#2217 = ORIENTED_EDGE('',*,*,#2143,.T.);
#2218 = ADVANCED_FACE('',(#2219),#923,.F.);
#2219 = FACE_BOUND('',#2220,.T.);
#2220 = EDGE_LOOP('',(#2221,#2222,#2243,#2244));
#2221 = ORIENTED_EDGE('',*,*,#2169,.F.);
#2222 = ORIENTED_EDGE('',*,*,#2223,.T.);
#2223 = EDGE_CURVE('',#2170,#2063,#2224,.T.);
#2224 = SURFACE_CURVE('',#2225,(#2229,#2236),.PCURVE_S1.);
#2225 = LINE('',#2226,#2227);
#2226 = CARTESIAN_POINT('',(30.,10.,-50.8));
#2227 = VECTOR('',#2228,1.);
#2228 = DIRECTION('',(-1.,0.,0.));
#2229 = PCURVE('',#923,#2230);
#2230 = DEFINITIONAL_REPRESENTATION('',(#2231),#2235);
#2231 = LINE('',#2232,#2233);
#2232 = CARTESIAN_POINT('',(-10.001,10.));
#2233 = VECTOR('',#2234,1.);
#2234 = DIRECTION('',(0.,-1.));
#2235 = ( GEOMETRIC_REPRESENTATION_CONTEXT(2) 
PARAMETRIC_REPRESENTATION_CONTEXT() REPRESENTATION_CONTEXT('2D SPACE',''
  ) );
#2236 = PCURVE('',#2079,#2237);
#2237 = DEFINITIONAL_REPRESENTATION('',(#2238),#2242);
#2238 = LINE('',#2239,#2240);
#2239 = CARTESIAN_POINT('',(4.3,0.));
#2240 = VECTOR('',#2241,1.);
#2241 = DIRECTION('',(0.,-1.));
#2242 = ( GEOMETRIC_REPRESENTATION_CONTEXT(2) 
PARAMETRIC_REPRESENTATION_CONTEXT() REPRESENTATION_CONTEXT('2D SPACE',''
  ) );
#2243 = ORIENTED_EDGE('',*,*,#2095,.T.);
#2244 = ORIENTED_EDGE('',*,*,#905,.T.);
#2245 = ADVANCED_FACE('',(#2246),#1080,.F.);
#2246 = FACE_BOUND('',#2247,.F.);
#2247 = EDGE_LOOP('',(#2248,#2249,#2272,#2305));
#2248 = ORIENTED_EDGE('',*,*,#1059,.F.);
#2249 = ORIENTED_EDGE('',*,*,#2250,.F.);
#2250 = EDGE_CURVE('',#2251,#1060,#2253,.T.);
#2251 = VERTEX_POINT('',#2252);
#2252 = CARTESIAN_POINT('',(80.,10.,-42.2));
#2253 = SURFACE_CURVE('',#2254,(#2258,#2265),.PCURVE_S1.);
#2254 = LINE('',#2255,#2256);
#2255 = CARTESIAN_POINT('',(80.,10.,-42.2));
#2256 = VECTOR('',#2257,1.);
#2257 = DIRECTION('',(0.,-1.,0.));
#2258 = PCURVE('',#1080,#2259);
#2259 = DEFINITIONAL_REPRESENTATION('',(#2260),#2264);
#2260 = LINE('',#2261,#2262);
#2261 = CARTESIAN_POINT('',(3.14159265359,10.001));
#2262 = VECTOR('',#2263,1.);
#2263 = DIRECTION('',(0.,1.));
#2264 = ( GEOMETRIC_REPRESENTATION_CONTEXT(2) 
PARAMETRIC_REPRESENTATION_CONTEXT() REPRESENTATION_CONTEXT('2D SPACE',''
  ) );
#2265 = PCURVE('',#1108,#2266);
#2266 = DEFINITIONAL_REPRESENTATION('',(#2267),#2271);
#2267 = LINE('',#2268,#2269);
#2268 = CARTESIAN_POINT('',(10.001,0.));
#2269 = VECTOR('',#2270,1.);
#2270 = DIRECTION('',(1.,0.));
#2271 = ( GEOMETRIC_REPRESENTATION_CONTEXT(2) 
PARAMETRIC_REPRESENTATION_CONTEXT() REPRESENTATION_CONTEXT('2D SPACE',''
  ) );
#2272 = ORIENTED_EDGE('',*,*,#2273,.F.);
#2273 = EDGE_CURVE('',#2274,#2251,#2276,.T.);
#2274 = VERTEX_POINT('',#2275);
#2275 = CARTESIAN_POINT('',(80.,10.,-50.8));
#2276 = SURFACE_CURVE('',#2277,(#2282,#2289),.PCURVE_S1.);
#2277 = CIRCLE('',#2278,4.3);
#2278 = AXIS2_PLACEMENT_3D('',#2279,#2280,#2281);
#2279 = CARTESIAN_POINT('',(80.,10.,-46.5));
#2280 = DIRECTION('',(-0.,1.,0.));
#2281 = DIRECTION('',(0.,0.,-1.));
#2282 = PCURVE('',#1080,#2283);
#2283 = DEFINITIONAL_REPRESENTATION('',(#2284),#2288);
#2284 = LINE('',#2285,#2286);
#2285 = CARTESIAN_POINT('',(6.28318530718,10.001));
#2286 = VECTOR('',#2287,1.);
#2287 = DIRECTION('',(-1.,0.));
#2288 = ( GEOMETRIC_REPRESENTATION_CONTEXT(2) 
PARAMETRIC_REPRESENTATION_CONTEXT() REPRESENTATION_CONTEXT('2D SPACE',''
  ) );
#2289 = PCURVE('',#2290,#2295);
#2290 = PLANE('',#2291);
#2291 = AXIS2_PLACEMENT_3D('',#2292,#2293,#2294);
#2292 = CARTESIAN_POINT('',(80.,10.,-46.5));
#2293 = DIRECTION('',(0.,-1.,0.));
#2294 = DIRECTION('',(0.,0.,-1.));
#2295 = DEFINITIONAL_REPRESENTATION('',(#2296),#2304);
#2296 = ( BOUNDED_CURVE() B_SPLINE_CURVE(2,(#2297,#2298,#2299,#2300,
#2301,#2302,#2303),.UNSPECIFIED.,.T.,.F.) B_SPLINE_CURVE_WITH_KNOTS((1,2
    ,2,2,2,1),(-2.094395102393,0.,2.094395102393,4.188790204786,
6.28318530718,8.377580409573),.UNSPECIFIED.) CURVE() 
GEOMETRIC_REPRESENTATION_ITEM() RATIONAL_B_SPLINE_CURVE((1.,0.5,1.,0.5,
1.,0.5,1.)) REPRESENTATION_ITEM('') );
#2297 = CARTESIAN_POINT('',(4.3,0.));
#2298 = CARTESIAN_POINT('',(4.3,-7.447818472546));
#2299 = CARTESIAN_POINT('',(-2.15,-3.723909236273));
#2300 = CARTESIAN_POINT('',(-8.6,-1.053196247267E-15));
#2301 = CARTESIAN_POINT('',(-2.15,3.723909236273));
#2302 = CARTESIAN_POINT('',(4.3,7.447818472546));
#2303 = CARTESIAN_POINT('',(4.3,0.));
#2304 = ( GEOMETRIC_REPRESENTATION_CONTEXT(2) 
PARAMETRIC_REPRESENTATION_CONTEXT() REPRESENTATION_CONTEXT('2D SPACE',''
  ) );
#2305 = ORIENTED_EDGE('',*,*,#2306,.T.);
#2306 = EDGE_CURVE('',#2274,#1030,#2307,.T.);
#2307 = SURFACE_CURVE('',#2308,(#2312,#2319),.PCURVE_S1.);
#2308 = LINE('',#2309,#2310);
#2309 = CARTESIAN_POINT('',(80.,10.,-50.8));
#2310 = VECTOR('',#2311,1.);
#2311 = DIRECTION('',(0.,-1.,0.));
#2312 = PCURVE('',#1080,#2313);
#2313 = DEFINITIONAL_REPRESENTATION('',(#2314),#2318);
#2314 = LINE('',#2315,#2316);
#2315 = CARTESIAN_POINT('',(6.28318530718,10.001));
#2316 = VECTOR('',#2317,1.);
#2317 = DIRECTION('',(0.,1.));
#2318 = ( GEOMETRIC_REPRESENTATION_CONTEXT(2) 
PARAMETRIC_REPRESENTATION_CONTEXT() REPRESENTATION_CONTEXT('2D SPACE',''
  ) );
#2319 = PCURVE('',#1047,#2320);
#2320 = DEFINITIONAL_REPRESENTATION('',(#2321),#2325);
#2321 = LINE('',#2322,#2323);
#2322 = CARTESIAN_POINT('',(-10.001,0.));
#2323 = VECTOR('',#2324,1.);
#2324 = DIRECTION('',(-1.,0.));
#2325 = ( GEOMETRIC_REPRESENTATION_CONTEXT(2) 
PARAMETRIC_REPRESENTATION_CONTEXT() REPRESENTATION_CONTEXT('2D SPACE',''
  ) );
#2326 = ADVANCED_FACE('',(#2327),#1108,.F.);
#2327 = FACE_BOUND('',#2328,.T.);
#2328 = EDGE_LOOP('',(#2329,#2330,#2353,#2374));
#2329 = ORIENTED_EDGE('',*,*,#2250,.F.);
#2330 = ORIENTED_EDGE('',*,*,#2331,.T.);
#2331 = EDGE_CURVE('',#2251,#2332,#2334,.T.);
#2332 = VERTEX_POINT('',#2333);
#2333 = CARTESIAN_POINT('',(90.,10.,-42.2));
#2334 = SURFACE_CURVE('',#2335,(#2339,#2346),.PCURVE_S1.);
#2335 = LINE('',#2336,#2337);
#2336 = CARTESIAN_POINT('',(80.,10.,-42.2));
#2337 = VECTOR('',#2338,1.);
#2338 = DIRECTION('',(1.,0.,0.));
#2339 = PCURVE('',#1108,#2340);
#2340 = DEFINITIONAL_REPRESENTATION('',(#2341),#2345);
#2341 = LINE('',#2342,#2343);
#2342 = CARTESIAN_POINT('',(10.001,0.));
#2343 = VECTOR('',#2344,1.);
#2344 = DIRECTION('',(0.,1.));
#2345 = ( GEOMETRIC_REPRESENTATION_CONTEXT(2) 
PARAMETRIC_REPRESENTATION_CONTEXT() REPRESENTATION_CONTEXT('2D SPACE',''
  ) );
#2346 = PCURVE('',#2290,#2347);
#2347 = DEFINITIONAL_REPRESENTATION('',(#2348),#2352);
#2348 = LINE('',#2349,#2350);
#2349 = CARTESIAN_POINT('',(-4.3,0.));
#2350 = VECTOR('',#2351,1.);
#2351 = DIRECTION('',(0.,1.));
#2352 = ( GEOMETRIC_REPRESENTATION_CONTEXT(2) 
PARAMETRIC_REPRESENTATION_CONTEXT() REPRESENTATION_CONTEXT('2D SPACE',''
  ) );
#2353 = ORIENTED_EDGE('',*,*,#2354,.T.);
#2354 = EDGE_CURVE('',#2332,#1093,#2355,.T.);
#2355 = SURFACE_CURVE('',#2356,(#2360,#2367),.PCURVE_S1.);
#2356 = LINE('',#2357,#2358);
#2357 = CARTESIAN_POINT('',(90.,10.,-42.2));
#2358 = VECTOR('',#2359,1.);
#2359 = DIRECTION('',(0.,-1.,0.));
#2360 = PCURVE('',#1108,#2361);
#2361 = DEFINITIONAL_REPRESENTATION('',(#2362),#2366);
#2362 = LINE('',#2363,#2364);
#2363 = CARTESIAN_POINT('',(10.001,10.));
#2364 = VECTOR('',#2365,1.);
#2365 = DIRECTION('',(1.,0.));
#2366 = ( GEOMETRIC_REPRESENTATION_CONTEXT(2) 
PARAMETRIC_REPRESENTATION_CONTEXT() REPRESENTATION_CONTEXT('2D SPACE',''
  ) );
#2367 = PCURVE('',#1139,#2368);
#2368 = DEFINITIONAL_REPRESENTATION('',(#2369),#2373);
#2369 = LINE('',#2370,#2371);
#2370 = CARTESIAN_POINT('',(3.14159265359,10.001));
#2371 = VECTOR('',#2372,1.);
#2372 = DIRECTION('',(0.,1.));
#2373 = ( GEOMETRIC_REPRESENTATION_CONTEXT(2) 
PARAMETRIC_REPRESENTATION_CONTEXT() REPRESENTATION_CONTEXT('2D SPACE',''
  ) );
#2374 = ORIENTED_EDGE('',*,*,#1092,.T.);
#2375 = ADVANCED_FACE('',(#2376),#1139,.F.);
#2376 = FACE_BOUND('',#2377,.F.);
#2377 = EDGE_LOOP('',(#2378,#2379,#2402,#2428));
#2378 = ORIENTED_EDGE('',*,*,#1120,.F.);
#2379 = ORIENTED_EDGE('',*,*,#2380,.F.);
#2380 = EDGE_CURVE('',#2381,#1032,#2383,.T.);
#2381 = VERTEX_POINT('',#2382);
#2382 = CARTESIAN_POINT('',(90.,10.,-50.8));
#2383 = SURFACE_CURVE('',#2384,(#2388,#2395),.PCURVE_S1.);
#2384 = LINE('',#2385,#2386);
#2385 = CARTESIAN_POINT('',(90.,10.,-50.8));
#2386 = VECTOR('',#2387,1.);
#2387 = DIRECTION('',(0.,-1.,0.));
#2388 = PCURVE('',#1139,#2389);
#2389 = DEFINITIONAL_REPRESENTATION('',(#2390),#2394);
#2390 = LINE('',#2391,#2392);
#2391 = CARTESIAN_POINT('',(0.,10.001));
#2392 = VECTOR('',#2393,1.);
#2393 = DIRECTION('',(0.,1.));
#2394 = ( GEOMETRIC_REPRESENTATION_CONTEXT(2) 
PARAMETRIC_REPRESENTATION_CONTEXT() REPRESENTATION_CONTEXT('2D SPACE',''
  ) );
#2395 = PCURVE('',#1047,#2396);
#2396 = DEFINITIONAL_REPRESENTATION('',(#2397),#2401);
#2397 = LINE('',#2398,#2399);
#2398 = CARTESIAN_POINT('',(-10.001,10.));
#2399 = VECTOR('',#2400,1.);
#2400 = DIRECTION('',(-1.,0.));
#2401 = ( GEOMETRIC_REPRESENTATION_CONTEXT(2) 
PARAMETRIC_REPRESENTATION_CONTEXT() REPRESENTATION_CONTEXT('2D SPACE',''
  ) );
#2402 = ORIENTED_EDGE('',*,*,#2403,.F.);
#2403 = EDGE_CURVE('',#2332,#2381,#2404,.T.);
#2404 = SURFACE_CURVE('',#2405,(#2410,#2417),.PCURVE_S1.);
#2405 = CIRCLE('',#2406,4.3);
#2406 = AXIS2_PLACEMENT_3D('',#2407,#2408,#2409);
#2407 = CARTESIAN_POINT('',(90.,10.,-46.5));
#2408 = DIRECTION('',(-0.,1.,0.));
#2409 = DIRECTION('',(0.,0.,-1.));
#2410 = PCURVE('',#1139,#2411);
#2411 = DEFINITIONAL_REPRESENTATION('',(#2412),#2416);
#2412 = LINE('',#2413,#2414);
#2413 = CARTESIAN_POINT('',(6.28318530718,10.001));
#2414 = VECTOR('',#2415,1.);
#2415 = DIRECTION('',(-1.,0.));
#2416 = ( GEOMETRIC_REPRESENTATION_CONTEXT(2) 
PARAMETRIC_REPRESENTATION_CONTEXT() REPRESENTATION_CONTEXT('2D SPACE',''
  ) );
#2417 = PCURVE('',#2290,#2418);
#2418 = DEFINITIONAL_REPRESENTATION('',(#2419),#2427);
#2419 = ( BOUNDED_CURVE() B_SPLINE_CURVE(2,(#2420,#2421,#2422,#2423,
#2424,#2425,#2426),.UNSPECIFIED.,.T.,.F.) B_SPLINE_CURVE_WITH_KNOTS((1,2
    ,2,2,2,1),(-2.094395102393,0.,2.094395102393,4.188790204786,
6.28318530718,8.377580409573),.UNSPECIFIED.) CURVE() 
GEOMETRIC_REPRESENTATION_ITEM() RATIONAL_B_SPLINE_CURVE((1.,0.5,1.,0.5,
1.,0.5,1.)) REPRESENTATION_ITEM('') );
#2420 = CARTESIAN_POINT('',(4.3,10.));
#2421 = CARTESIAN_POINT('',(4.3,2.552181527454));
#2422 = CARTESIAN_POINT('',(-2.15,6.276090763727));
#2423 = CARTESIAN_POINT('',(-8.6,10.));
#2424 = CARTESIAN_POINT('',(-2.15,13.723909236273));
#2425 = CARTESIAN_POINT('',(4.3,17.447818472546));
#2426 = CARTESIAN_POINT('',(4.3,10.));
#2427 = ( GEOMETRIC_REPRESENTATION_CONTEXT(2) 
PARAMETRIC_REPRESENTATION_CONTEXT() REPRESENTATION_CONTEXT('2D SPACE',''
  ) );
#2428 = ORIENTED_EDGE('',*,*,#2354,.T.);
#2429 = ADVANCED_FACE('',(#2430),#1047,.F.);
#2430 = FACE_BOUND('',#2431,.T.);
#2431 = EDGE_LOOP('',(#2432,#2433,#2454,#2455));
#2432 = ORIENTED_EDGE('',*,*,#2380,.F.);
#2433 = ORIENTED_EDGE('',*,*,#2434,.T.);
#2434 = EDGE_CURVE('',#2381,#2274,#2435,.T.);
#2435 = SURFACE_CURVE('',#2436,(#2440,#2447),.PCURVE_S1.);
#2436 = LINE('',#2437,#2438);
#2437 = CARTESIAN_POINT('',(90.,10.,-50.8));
#2438 = VECTOR('',#2439,1.);
#2439 = DIRECTION('',(-1.,0.,0.));
#2440 = PCURVE('',#1047,#2441);
#2441 = DEFINITIONAL_REPRESENTATION('',(#2442),#2446);
#2442 = LINE('',#2443,#2444);
#2443 = CARTESIAN_POINT('',(-10.001,10.));
#2444 = VECTOR('',#2445,1.);
#2445 = DIRECTION('',(0.,-1.));
#2446 = ( GEOMETRIC_REPRESENTATION_CONTEXT(2) 
PARAMETRIC_REPRESENTATION_CONTEXT() REPRESENTATION_CONTEXT('2D SPACE',''
  ) );
#2447 = PCURVE('',#2290,#2448);
#2448 = DEFINITIONAL_REPRESENTATION('',(#2449),#2453);
#2449 = LINE('',#2450,#2451);
#2450 = CARTESIAN_POINT('',(4.3,10.));
#2451 = VECTOR('',#2452,1.);
#2452 = DIRECTION('',(0.,-1.));
#2453 = ( GEOMETRIC_REPRESENTATION_CONTEXT(2) 
PARAMETRIC_REPRESENTATION_CONTEXT() REPRESENTATION_CONTEXT('2D SPACE',''
  ) );
#2454 = ORIENTED_EDGE('',*,*,#2306,.T.);
#2455 = ORIENTED_EDGE('',*,*,#1029,.T.);
#2456 = ADVANCED_FACE('',(#2457),#270,.F.);
#2457 = FACE_BOUND('',#2458,.F.);
#2458 = EDGE_LOOP('',(#2459,#2460,#2481,#2482,#2483,#2484,#2485,#2486));
#2459 = ORIENTED_EDGE('',*,*,#247,.T.);
#2460 = ORIENTED_EDGE('',*,*,#2461,.T.);
#2461 = EDGE_CURVE('',#250,#1365,#2462,.T.);
#2462 = SURFACE_CURVE('',#2463,(#2467,#2474),.PCURVE_S1.);
#2463 = LINE('',#2464,#2465);
#2464 = CARTESIAN_POINT('',(47.,20.,-41.5));
#2465 = VECTOR('',#2466,1.);
#2466 = DIRECTION('',(0.,-1.,0.));
#2467 = PCURVE('',#270,#2468);
#2468 = DEFINITIONAL_REPRESENTATION('',(#2469),#2473);
#2469 = LINE('',#2470,#2471);
#2470 = CARTESIAN_POINT('',(4.712388980385,1.000000000001E-03));
#2471 = VECTOR('',#2472,1.);
#2472 = DIRECTION('',(0.,1.));
#2473 = ( GEOMETRIC_REPRESENTATION_CONTEXT(2) 
PARAMETRIC_REPRESENTATION_CONTEXT() REPRESENTATION_CONTEXT('2D SPACE',''
  ) );
#2474 = PCURVE('',#298,#2475);
#2475 = DEFINITIONAL_REPRESENTATION('',(#2476),#2480);
#2476 = LINE('',#2477,#2478);
#2477 = CARTESIAN_POINT('',(0.,-1.000000000001E-03));
#2478 = VECTOR('',#2479,1.);
#2479 = DIRECTION('',(0.,-1.));
#2480 = ( GEOMETRIC_REPRESENTATION_CONTEXT(2) 
PARAMETRIC_REPRESENTATION_CONTEXT() REPRESENTATION_CONTEXT('2D SPACE',''
  ) );
#2481 = ORIENTED_EDGE('',*,*,#1387,.F.);
#2482 = ORIENTED_EDGE('',*,*,#1985,.F.);
#2483 = ORIENTED_EDGE('',*,*,#1724,.F.);
#2484 = ORIENTED_EDGE('',*,*,#1870,.F.);
#2485 = ORIENTED_EDGE('',*,*,#1257,.F.);
#2486 = ORIENTED_EDGE('',*,*,#2487,.F.);
#2487 = EDGE_CURVE('',#248,#1258,#2488,.T.);
#2488 = SURFACE_CURVE('',#2489,(#2493,#2500),.PCURVE_S1.);
#2489 = LINE('',#2490,#2491);
#2490 = CARTESIAN_POINT('',(63.,20.,-41.5));
#2491 = VECTOR('',#2492,1.);
#2492 = DIRECTION('',(0.,-1.,0.));
#2493 = PCURVE('',#270,#2494);
#2494 = DEFINITIONAL_REPRESENTATION('',(#2495),#2499);
#2495 = LINE('',#2496,#2497);
#2496 = CARTESIAN_POINT('',(1.570796326795,1.000000000001E-03));
#2497 = VECTOR('',#2498,1.);
#2498 = DIRECTION('',(0.,1.));
#2499 = ( GEOMETRIC_REPRESENTATION_CONTEXT(2) 
PARAMETRIC_REPRESENTATION_CONTEXT() REPRESENTATION_CONTEXT('2D SPACE',''
  ) );
#2500 = PCURVE('',#390,#2501);
#2501 = DEFINITIONAL_REPRESENTATION('',(#2502),#2506);
#2502 = LINE('',#2503,#2504);
#2503 = CARTESIAN_POINT('',(0.,-1.000000000001E-03));
#2504 = VECTOR('',#2505,1.);
#2505 = DIRECTION('',(0.,-1.));
#2506 = ( GEOMETRIC_REPRESENTATION_CONTEXT(2) 
PARAMETRIC_REPRESENTATION_CONTEXT() REPRESENTATION_CONTEXT('2D SPACE',''
  ) );
#2507 = ADVANCED_FACE('',(#2508),#390,.F.);
#2508 = FACE_BOUND('',#2509,.T.);
#2509 = EDGE_LOOP('',(#2510,#2531,#2532,#2533));
#2510 = ORIENTED_EDGE('',*,*,#2511,.T.);
#2511 = EDGE_CURVE('',#344,#1286,#2512,.T.);
#2512 = SURFACE_CURVE('',#2513,(#2517,#2524),.PCURVE_S1.);
#2513 = LINE('',#2514,#2515);
#2514 = CARTESIAN_POINT('',(63.,20.,-51.5));
#2515 = VECTOR('',#2516,1.);
#2516 = DIRECTION('',(0.,-1.,0.));
#2517 = PCURVE('',#390,#2518);
#2518 = DEFINITIONAL_REPRESENTATION('',(#2519),#2523);
#2519 = LINE('',#2520,#2521);
#2520 = CARTESIAN_POINT('',(10.,-1.000000000001E-03));
#2521 = VECTOR('',#2522,1.);
#2522 = DIRECTION('',(0.,-1.));
#2523 = ( GEOMETRIC_REPRESENTATION_CONTEXT(2) 
PARAMETRIC_REPRESENTATION_CONTEXT() REPRESENTATION_CONTEXT('2D SPACE',''
  ) );
#2524 = PCURVE('',#364,#2525);
#2525 = DEFINITIONAL_REPRESENTATION('',(#2526),#2530);
#2526 = LINE('',#2527,#2528);
#2527 = CARTESIAN_POINT('',(1.570796326795,1.000000000001E-03));
#2528 = VECTOR('',#2529,1.);
#2529 = DIRECTION('',(0.,1.));
#2530 = ( GEOMETRIC_REPRESENTATION_CONTEXT(2) 
PARAMETRIC_REPRESENTATION_CONTEXT() REPRESENTATION_CONTEXT('2D SPACE',''
  ) );
#2531 = ORIENTED_EDGE('',*,*,#1285,.T.);
#2532 = ORIENTED_EDGE('',*,*,#2487,.F.);
#2533 = ORIENTED_EDGE('',*,*,#376,.F.);
#2534 = ADVANCED_FACE('',(#2535),#364,.F.);
#2535 = FACE_BOUND('',#2536,.F.);
#2536 = EDGE_LOOP('',(#2537,#2538,#2539,#2540));
#2537 = ORIENTED_EDGE('',*,*,#343,.T.);
#2538 = ORIENTED_EDGE('',*,*,#2511,.T.);
#2539 = ORIENTED_EDGE('',*,*,#1308,.F.);
#2540 = ORIENTED_EDGE('',*,*,#2541,.T.);
#2541 = EDGE_CURVE('',#1309,#311,#2542,.T.);
#2542 = SURFACE_CURVE('',#2543,(#2547,#2554),.PCURVE_S1.);
#2543 = LINE('',#2544,#2545);
#2544 = CARTESIAN_POINT('',(55.,0.,-59.5));
#2545 = VECTOR('',#2546,1.);
#2546 = DIRECTION('',(0.,1.,0.));
#2547 = PCURVE('',#364,#2548);
#2548 = DEFINITIONAL_REPRESENTATION('',(#2549),#2553);
#2549 = LINE('',#2550,#2551);
#2550 = CARTESIAN_POINT('',(0.,20.001));
#2551 = VECTOR('',#2552,1.);
#2552 = DIRECTION('',(0.,-1.));
#2553 = ( GEOMETRIC_REPRESENTATION_CONTEXT(2) 
PARAMETRIC_REPRESENTATION_CONTEXT() REPRESENTATION_CONTEXT('2D SPACE',''
  ) );
#2554 = PCURVE('',#331,#2555);
#2555 = DEFINITIONAL_REPRESENTATION('',(#2556),#2560);
#2556 = LINE('',#2557,#2558);
#2557 = CARTESIAN_POINT('',(6.28318530718,20.001));
#2558 = VECTOR('',#2559,1.);
#2559 = DIRECTION('',(0.,-1.));
#2560 = ( GEOMETRIC_REPRESENTATION_CONTEXT(2) 
PARAMETRIC_REPRESENTATION_CONTEXT() REPRESENTATION_CONTEXT('2D SPACE',''
  ) );
#2561 = ADVANCED_FACE('',(#2562),#298,.F.);
#2562 = FACE_BOUND('',#2563,.T.);
#2563 = EDGE_LOOP('',(#2564,#2565,#2566,#2587));
#2564 = ORIENTED_EDGE('',*,*,#2461,.T.);
#2565 = ORIENTED_EDGE('',*,*,#1364,.T.);
#2566 = ORIENTED_EDGE('',*,*,#2567,.F.);
#2567 = EDGE_CURVE('',#283,#1337,#2568,.T.);
#2568 = SURFACE_CURVE('',#2569,(#2573,#2580),.PCURVE_S1.);
#2569 = LINE('',#2570,#2571);
#2570 = CARTESIAN_POINT('',(47.,20.,-51.5));
#2571 = VECTOR('',#2572,1.);
#2572 = DIRECTION('',(0.,-1.,0.));
#2573 = PCURVE('',#298,#2574);
#2574 = DEFINITIONAL_REPRESENTATION('',(#2575),#2579);
#2575 = LINE('',#2576,#2577);
#2576 = CARTESIAN_POINT('',(-10.,-1.000000000001E-03));
#2577 = VECTOR('',#2578,1.);
#2578 = DIRECTION('',(0.,-1.));
#2579 = ( GEOMETRIC_REPRESENTATION_CONTEXT(2) 
PARAMETRIC_REPRESENTATION_CONTEXT() REPRESENTATION_CONTEXT('2D SPACE',''
  ) );
#2580 = PCURVE('',#331,#2581);
#2581 = DEFINITIONAL_REPRESENTATION('',(#2582),#2586);
#2582 = LINE('',#2583,#2584);
#2583 = CARTESIAN_POINT('',(4.712388980385,1.000000000001E-03));
#2584 = VECTOR('',#2585,1.);
#2585 = DIRECTION('',(0.,1.));
#2586 = ( GEOMETRIC_REPRESENTATION_CONTEXT(2) 
PARAMETRIC_REPRESENTATION_CONTEXT() REPRESENTATION_CONTEXT('2D SPACE',''
  ) );
#2587 = ORIENTED_EDGE('',*,*,#282,.F.);
#2588 = ADVANCED_FACE('',(#2589,#2685),#2079,.F.);
#2589 = FACE_BOUND('',#2590,.T.);
#2590 = EDGE_LOOP('',(#2591,#2617,#2640,#2664));
#2591 = ORIENTED_EDGE('',*,*,#2592,.F.);
#2592 = EDGE_CURVE('',#2593,#2595,#2597,.T.);
#2593 = VERTEX_POINT('',#2594);
#2594 = CARTESIAN_POINT('',(30.,10.,-55.));
#2595 = VERTEX_POINT('',#2596);
#2596 = CARTESIAN_POINT('',(30.,10.,-38.));
#2597 = SURFACE_CURVE('',#2598,(#2603,#2610),.PCURVE_S1.);
#2598 = CIRCLE('',#2599,8.5);
#2599 = AXIS2_PLACEMENT_3D('',#2600,#2601,#2602);
#2600 = CARTESIAN_POINT('',(30.,10.,-46.5));
#2601 = DIRECTION('',(0.,-1.,0.));
#2602 = DIRECTION('',(0.,0.,-1.));
#2603 = PCURVE('',#2079,#2604);
#2604 = DEFINITIONAL_REPRESENTATION('',(#2605),#2609);
#2605 = CIRCLE('',#2606,8.5);
#2606 = AXIS2_PLACEMENT_2D('',#2607,#2608);
#2607 = CARTESIAN_POINT('',(0.,0.));
#2608 = DIRECTION('',(1.,0.));
#2609 = ( GEOMETRIC_REPRESENTATION_CONTEXT(2) 
PARAMETRIC_REPRESENTATION_CONTEXT() REPRESENTATION_CONTEXT('2D SPACE',''
  ) );
#2610 = PCURVE('',#174,#2611);
#2611 = DEFINITIONAL_REPRESENTATION('',(#2612),#2616);
#2612 = LINE('',#2613,#2614);
#2613 = CARTESIAN_POINT('',(3.14159265359,0.));
#2614 = VECTOR('',#2615,1.);
#2615 = DIRECTION('',(-1.,0.));
#2616 = ( GEOMETRIC_REPRESENTATION_CONTEXT(2) 
PARAMETRIC_REPRESENTATION_CONTEXT() REPRESENTATION_CONTEXT('2D SPACE',''
  ) );
#2617 = ORIENTED_EDGE('',*,*,#2618,.F.);
#2618 = EDGE_CURVE('',#2619,#2593,#2621,.T.);
#2619 = VERTEX_POINT('',#2620);
#2620 = CARTESIAN_POINT('',(20.,10.,-55.));
#2621 = SURFACE_CURVE('',#2622,(#2626,#2633),.PCURVE_S1.);
#2622 = LINE('',#2623,#2624);
#2623 = CARTESIAN_POINT('',(20.,10.,-55.));
#2624 = VECTOR('',#2625,1.);
#2625 = DIRECTION('',(1.,0.,0.));
#2626 = PCURVE('',#2079,#2627);
#2627 = DEFINITIONAL_REPRESENTATION('',(#2628),#2632);
#2628 = LINE('',#2629,#2630);
#2629 = CARTESIAN_POINT('',(8.5,-10.));
#2630 = VECTOR('',#2631,1.);
#2631 = DIRECTION('',(0.,1.));
#2632 = ( GEOMETRIC_REPRESENTATION_CONTEXT(2) 
PARAMETRIC_REPRESENTATION_CONTEXT() REPRESENTATION_CONTEXT('2D SPACE',''
  ) );
#2633 = PCURVE('',#141,#2634);
#2634 = DEFINITIONAL_REPRESENTATION('',(#2635),#2639);
#2635 = LINE('',#2636,#2637);
#2636 = CARTESIAN_POINT('',(-10.,0.));
#2637 = VECTOR('',#2638,1.);
#2638 = DIRECTION('',(1.,0.));
#2639 = ( GEOMETRIC_REPRESENTATION_CONTEXT(2) 
PARAMETRIC_REPRESENTATION_CONTEXT() REPRESENTATION_CONTEXT('2D SPACE',''
  ) );
#2640 = ORIENTED_EDGE('',*,*,#2641,.F.);
#2641 = EDGE_CURVE('',#2642,#2619,#2644,.T.);
#2642 = VERTEX_POINT('',#2643);
#2643 = CARTESIAN_POINT('',(20.,10.,-38.));
#2644 = SURFACE_CURVE('',#2645,(#2650,#2657),.PCURVE_S1.);
#2645 = CIRCLE('',#2646,8.5);
#2646 = AXIS2_PLACEMENT_3D('',#2647,#2648,#2649);
#2647 = CARTESIAN_POINT('',(20.,10.,-46.5));
#2648 = DIRECTION('',(0.,-1.,0.));
#2649 = DIRECTION('',(0.,0.,-1.));
#2650 = PCURVE('',#2079,#2651);
#2651 = DEFINITIONAL_REPRESENTATION('',(#2652),#2656);
#2652 = CIRCLE('',#2653,8.5);
#2653 = AXIS2_PLACEMENT_2D('',#2654,#2655);
#2654 = CARTESIAN_POINT('',(0.,-10.));
#2655 = DIRECTION('',(1.,0.));
#2656 = ( GEOMETRIC_REPRESENTATION_CONTEXT(2) 
PARAMETRIC_REPRESENTATION_CONTEXT() REPRESENTATION_CONTEXT('2D SPACE',''
  ) );
#2657 = PCURVE('',#233,#2658);
#2658 = DEFINITIONAL_REPRESENTATION('',(#2659),#2663);
#2659 = LINE('',#2660,#2661);
#2660 = CARTESIAN_POINT('',(9.424777960769,0.));
#2661 = VECTOR('',#2662,1.);
#2662 = DIRECTION('',(-1.,0.));
#2663 = ( GEOMETRIC_REPRESENTATION_CONTEXT(2) 
PARAMETRIC_REPRESENTATION_CONTEXT() REPRESENTATION_CONTEXT('2D SPACE',''
  ) );
#2664 = ORIENTED_EDGE('',*,*,#2665,.F.);
#2665 = EDGE_CURVE('',#2595,#2642,#2666,.T.);
#2666 = SURFACE_CURVE('',#2667,(#2671,#2678),.PCURVE_S1.);
#2667 = LINE('',#2668,#2669);
#2668 = CARTESIAN_POINT('',(30.,10.,-38.));
#2669 = VECTOR('',#2670,1.);
#2670 = DIRECTION('',(-1.,0.,0.));
#2671 = PCURVE('',#2079,#2672);
#2672 = DEFINITIONAL_REPRESENTATION('',(#2673),#2677);
#2673 = LINE('',#2674,#2675);
#2674 = CARTESIAN_POINT('',(-8.5,0.));
#2675 = VECTOR('',#2676,1.);
#2676 = DIRECTION('',(0.,-1.));
#2677 = ( GEOMETRIC_REPRESENTATION_CONTEXT(2) 
PARAMETRIC_REPRESENTATION_CONTEXT() REPRESENTATION_CONTEXT('2D SPACE',''
  ) );
#2678 = PCURVE('',#202,#2679);
#2679 = DEFINITIONAL_REPRESENTATION('',(#2680),#2684);
#2680 = LINE('',#2681,#2682);
#2681 = CARTESIAN_POINT('',(0.,0.));
#2682 = VECTOR('',#2683,1.);
#2683 = DIRECTION('',(1.,0.));
#2684 = ( GEOMETRIC_REPRESENTATION_CONTEXT(2) 
PARAMETRIC_REPRESENTATION_CONTEXT() REPRESENTATION_CONTEXT('2D SPACE',''
  ) );
#2685 = FACE_BOUND('',#2686,.T.);
#2686 = EDGE_LOOP('',(#2687,#2688,#2689,#2690));
#2687 = ORIENTED_EDGE('',*,*,#2223,.F.);
#2688 = ORIENTED_EDGE('',*,*,#2192,.F.);
#2689 = ORIENTED_EDGE('',*,*,#2120,.F.);
#2690 = ORIENTED_EDGE('',*,*,#2062,.F.);
#2691 = ADVANCED_FACE('',(#2692),#174,.F.);
#2692 = FACE_BOUND('',#2693,.F.);
#2693 = EDGE_LOOP('',(#2694,#2715,#2716,#2737));
#2694 = ORIENTED_EDGE('',*,*,#2695,.F.);
#2695 = EDGE_CURVE('',#2595,#154,#2696,.T.);
#2696 = SURFACE_CURVE('',#2697,(#2701,#2708),.PCURVE_S1.);
#2697 = LINE('',#2698,#2699);
#2698 = CARTESIAN_POINT('',(30.,10.,-38.));
#2699 = VECTOR('',#2700,1.);
#2700 = DIRECTION('',(0.,1.,0.));
#2701 = PCURVE('',#174,#2702);
#2702 = DEFINITIONAL_REPRESENTATION('',(#2703),#2707);
#2703 = LINE('',#2704,#2705);
#2704 = CARTESIAN_POINT('',(0.,0.));
#2705 = VECTOR('',#2706,1.);
#2706 = DIRECTION('',(0.,1.));
#2707 = ( GEOMETRIC_REPRESENTATION_CONTEXT(2) 
PARAMETRIC_REPRESENTATION_CONTEXT() REPRESENTATION_CONTEXT('2D SPACE',''
  ) );
#2708 = PCURVE('',#202,#2709);
#2709 = DEFINITIONAL_REPRESENTATION('',(#2710),#2714);
#2710 = LINE('',#2711,#2712);
#2711 = CARTESIAN_POINT('',(0.,0.));
#2712 = VECTOR('',#2713,1.);
#2713 = DIRECTION('',(0.,1.));
#2714 = ( GEOMETRIC_REPRESENTATION_CONTEXT(2) 
PARAMETRIC_REPRESENTATION_CONTEXT() REPRESENTATION_CONTEXT('2D SPACE',''
  ) );
#2715 = ORIENTED_EDGE('',*,*,#2592,.F.);
#2716 = ORIENTED_EDGE('',*,*,#2717,.T.);
#2717 = EDGE_CURVE('',#2593,#126,#2718,.T.);
#2718 = SURFACE_CURVE('',#2719,(#2723,#2730),.PCURVE_S1.);
#2719 = LINE('',#2720,#2721);
#2720 = CARTESIAN_POINT('',(30.,10.,-55.));
#2721 = VECTOR('',#2722,1.);
#2722 = DIRECTION('',(0.,1.,0.));
#2723 = PCURVE('',#174,#2724);
#2724 = DEFINITIONAL_REPRESENTATION('',(#2725),#2729);
#2725 = LINE('',#2726,#2727);
#2726 = CARTESIAN_POINT('',(3.14159265359,0.));
#2727 = VECTOR('',#2728,1.);
#2728 = DIRECTION('',(0.,1.));
#2729 = ( GEOMETRIC_REPRESENTATION_CONTEXT(2) 
PARAMETRIC_REPRESENTATION_CONTEXT() REPRESENTATION_CONTEXT('2D SPACE',''
  ) );
#2730 = PCURVE('',#141,#2731);
#2731 = DEFINITIONAL_REPRESENTATION('',(#2732),#2736);
#2732 = LINE('',#2733,#2734);
#2733 = CARTESIAN_POINT('',(0.,0.));
#2734 = VECTOR('',#2735,1.);
#2735 = DIRECTION('',(0.,1.));
#2736 = ( GEOMETRIC_REPRESENTATION_CONTEXT(2) 
PARAMETRIC_REPRESENTATION_CONTEXT() REPRESENTATION_CONTEXT('2D SPACE',''
  ) );
#2737 = ORIENTED_EDGE('',*,*,#153,.T.);
#2738 = ADVANCED_FACE('',(#2739),#202,.T.);
#2739 = FACE_BOUND('',#2740,.T.);
#2740 = EDGE_LOOP('',(#2741,#2742,#2743,#2744));
#2741 = ORIENTED_EDGE('',*,*,#186,.F.);
#2742 = ORIENTED_EDGE('',*,*,#2695,.F.);
#2743 = ORIENTED_EDGE('',*,*,#2665,.T.);
#2744 = ORIENTED_EDGE('',*,*,#2745,.T.);
#2745 = EDGE_CURVE('',#2642,#187,#2746,.T.);
#2746 = SURFACE_CURVE('',#2747,(#2751,#2758),.PCURVE_S1.);
#2747 = LINE('',#2748,#2749);
#2748 = CARTESIAN_POINT('',(20.,10.,-38.));
#2749 = VECTOR('',#2750,1.);
#2750 = DIRECTION('',(0.,1.,0.));
#2751 = PCURVE('',#202,#2752);
#2752 = DEFINITIONAL_REPRESENTATION('',(#2753),#2757);
#2753 = LINE('',#2754,#2755);
#2754 = CARTESIAN_POINT('',(10.,0.));
#2755 = VECTOR('',#2756,1.);
#2756 = DIRECTION('',(0.,1.));
#2757 = ( GEOMETRIC_REPRESENTATION_CONTEXT(2) 
PARAMETRIC_REPRESENTATION_CONTEXT() REPRESENTATION_CONTEXT('2D SPACE',''
  ) );
#2758 = PCURVE('',#233,#2759);
#2759 = DEFINITIONAL_REPRESENTATION('',(#2760),#2764);
#2760 = LINE('',#2761,#2762);
#2761 = CARTESIAN_POINT('',(6.28318530718,0.));
#2762 = VECTOR('',#2763,1.);
#2763 = DIRECTION('',(0.,1.));
#2764 = ( GEOMETRIC_REPRESENTATION_CONTEXT(2) 
PARAMETRIC_REPRESENTATION_CONTEXT() REPRESENTATION_CONTEXT('2D SPACE',''
  ) );
#2765 = ADVANCED_FACE('',(#2766),#233,.F.);
#2766 = FACE_BOUND('',#2767,.F.);
#2767 = EDGE_LOOP('',(#2768,#2789,#2790,#2791));
#2768 = ORIENTED_EDGE('',*,*,#2769,.F.);
#2769 = EDGE_CURVE('',#2619,#124,#2770,.T.);
#2770 = SURFACE_CURVE('',#2771,(#2775,#2782),.PCURVE_S1.);
#2771 = LINE('',#2772,#2773);
#2772 = CARTESIAN_POINT('',(20.,10.,-55.));
#2773 = VECTOR('',#2774,1.);
#2774 = DIRECTION('',(0.,1.,0.));
#2775 = PCURVE('',#233,#2776);
#2776 = DEFINITIONAL_REPRESENTATION('',(#2777),#2781);
#2777 = LINE('',#2778,#2779);
#2778 = CARTESIAN_POINT('',(3.14159265359,0.));
#2779 = VECTOR('',#2780,1.);
#2780 = DIRECTION('',(0.,1.));
#2781 = ( GEOMETRIC_REPRESENTATION_CONTEXT(2) 
PARAMETRIC_REPRESENTATION_CONTEXT() REPRESENTATION_CONTEXT('2D SPACE',''
  ) );
#2782 = PCURVE('',#141,#2783);
#2783 = DEFINITIONAL_REPRESENTATION('',(#2784),#2788);
#2784 = LINE('',#2785,#2786);
#2785 = CARTESIAN_POINT('',(-10.,0.));
#2786 = VECTOR('',#2787,1.);
#2787 = DIRECTION('',(0.,1.));
#2788 = ( GEOMETRIC_REPRESENTATION_CONTEXT(2) 
PARAMETRIC_REPRESENTATION_CONTEXT() REPRESENTATION_CONTEXT('2D SPACE',''
  ) );
#2789 = ORIENTED_EDGE('',*,*,#2641,.F.);
#2790 = ORIENTED_EDGE('',*,*,#2745,.T.);
#2791 = ORIENTED_EDGE('',*,*,#214,.T.);
#2792 = ADVANCED_FACE('',(#2793),#141,.T.);
#2793 = FACE_BOUND('',#2794,.T.);
#2794 = EDGE_LOOP('',(#2795,#2796,#2797,#2798));
#2795 = ORIENTED_EDGE('',*,*,#123,.F.);
#2796 = ORIENTED_EDGE('',*,*,#2769,.F.);
#2797 = ORIENTED_EDGE('',*,*,#2618,.T.);
#2798 = ORIENTED_EDGE('',*,*,#2717,.T.);
#2799 = ADVANCED_FACE('',(#2800,#2896),#2290,.F.);
#2800 = FACE_BOUND('',#2801,.T.);
#2801 = EDGE_LOOP('',(#2802,#2828,#2851,#2875));
#2802 = ORIENTED_EDGE('',*,*,#2803,.F.);
#2803 = EDGE_CURVE('',#2804,#2806,#2808,.T.);
#2804 = VERTEX_POINT('',#2805);
#2805 = CARTESIAN_POINT('',(80.,10.,-38.));
#2806 = VERTEX_POINT('',#2807);
#2807 = CARTESIAN_POINT('',(80.,10.,-55.));
#2808 = SURFACE_CURVE('',#2809,(#2814,#2821),.PCURVE_S1.);
#2809 = CIRCLE('',#2810,8.5);
#2810 = AXIS2_PLACEMENT_3D('',#2811,#2812,#2813);
#2811 = CARTESIAN_POINT('',(80.,10.,-46.5));
#2812 = DIRECTION('',(0.,-1.,0.));
#2813 = DIRECTION('',(0.,0.,-1.));
#2814 = PCURVE('',#2290,#2815);
#2815 = DEFINITIONAL_REPRESENTATION('',(#2816),#2820);
#2816 = CIRCLE('',#2817,8.5);
#2817 = AXIS2_PLACEMENT_2D('',#2818,#2819);
#2818 = CARTESIAN_POINT('',(0.,0.));
#2819 = DIRECTION('',(1.,0.));
#2820 = ( GEOMETRIC_REPRESENTATION_CONTEXT(2) 
PARAMETRIC_REPRESENTATION_CONTEXT() REPRESENTATION_CONTEXT('2D SPACE',''
  ) );
#2821 = PCURVE('',#455,#2822);
#2822 = DEFINITIONAL_REPRESENTATION('',(#2823),#2827);
#2823 = LINE('',#2824,#2825);
#2824 = CARTESIAN_POINT('',(9.424777960769,0.));
#2825 = VECTOR('',#2826,1.);
#2826 = DIRECTION('',(-1.,0.));
#2827 = ( GEOMETRIC_REPRESENTATION_CONTEXT(2) 
PARAMETRIC_REPRESENTATION_CONTEXT() REPRESENTATION_CONTEXT('2D SPACE',''
  ) );
#2828 = ORIENTED_EDGE('',*,*,#2829,.F.);
#2829 = EDGE_CURVE('',#2830,#2804,#2832,.T.);
#2830 = VERTEX_POINT('',#2831);
#2831 = CARTESIAN_POINT('',(90.,10.,-38.));
#2832 = SURFACE_CURVE('',#2833,(#2837,#2844),.PCURVE_S1.);
#2833 = LINE('',#2834,#2835);
#2834 = CARTESIAN_POINT('',(90.,10.,-38.));
#2835 = VECTOR('',#2836,1.);
#2836 = DIRECTION('',(-1.,0.,0.));
#2837 = PCURVE('',#2290,#2838);
#2838 = DEFINITIONAL_REPRESENTATION('',(#2839),#2843);
#2839 = LINE('',#2840,#2841);
#2840 = CARTESIAN_POINT('',(-8.5,10.));
#2841 = VECTOR('',#2842,1.);
#2842 = DIRECTION('',(0.,-1.));
#2843 = ( GEOMETRIC_REPRESENTATION_CONTEXT(2) 
PARAMETRIC_REPRESENTATION_CONTEXT() REPRESENTATION_CONTEXT('2D SPACE',''
  ) );
#2844 = PCURVE('',#422,#2845);
#2845 = DEFINITIONAL_REPRESENTATION('',(#2846),#2850);
#2846 = LINE('',#2847,#2848);
#2847 = CARTESIAN_POINT('',(-10.,0.));
#2848 = VECTOR('',#2849,1.);
#2849 = DIRECTION('',(1.,0.));
#2850 = ( GEOMETRIC_REPRESENTATION_CONTEXT(2) 
PARAMETRIC_REPRESENTATION_CONTEXT() REPRESENTATION_CONTEXT('2D SPACE',''
  ) );
#2851 = ORIENTED_EDGE('',*,*,#2852,.F.);
#2852 = EDGE_CURVE('',#2853,#2830,#2855,.T.);
#2853 = VERTEX_POINT('',#2854);
#2854 = CARTESIAN_POINT('',(90.,10.,-55.));
#2855 = SURFACE_CURVE('',#2856,(#2861,#2868),.PCURVE_S1.);
#2856 = CIRCLE('',#2857,8.5);
#2857 = AXIS2_PLACEMENT_3D('',#2858,#2859,#2860);
#2858 = CARTESIAN_POINT('',(90.,10.,-46.5));
#2859 = DIRECTION('',(0.,-1.,0.));
#2860 = DIRECTION('',(0.,0.,-1.));
#2861 = PCURVE('',#2290,#2862);
#2862 = DEFINITIONAL_REPRESENTATION('',(#2863),#2867);
#2863 = CIRCLE('',#2864,8.5);
#2864 = AXIS2_PLACEMENT_2D('',#2865,#2866);
#2865 = CARTESIAN_POINT('',(0.,10.));
#2866 = DIRECTION('',(1.,0.));
#2867 = ( GEOMETRIC_REPRESENTATION_CONTEXT(2) 
PARAMETRIC_REPRESENTATION_CONTEXT() REPRESENTATION_CONTEXT('2D SPACE',''
  ) );
#2868 = PCURVE('',#514,#2869);
#2869 = DEFINITIONAL_REPRESENTATION('',(#2870),#2874);
#2870 = LINE('',#2871,#2872);
#2871 = CARTESIAN_POINT('',(3.14159265359,0.));
#2872 = VECTOR('',#2873,1.);
#2873 = DIRECTION('',(-1.,0.));
#2874 = ( GEOMETRIC_REPRESENTATION_CONTEXT(2) 
PARAMETRIC_REPRESENTATION_CONTEXT() REPRESENTATION_CONTEXT('2D SPACE',''
  ) );
#2875 = ORIENTED_EDGE('',*,*,#2876,.F.);
#2876 = EDGE_CURVE('',#2806,#2853,#2877,.T.);
#2877 = SURFACE_CURVE('',#2878,(#2882,#2889),.PCURVE_S1.);
#2878 = LINE('',#2879,#2880);
#2879 = CARTESIAN_POINT('',(80.,10.,-55.));
#2880 = VECTOR('',#2881,1.);
#2881 = DIRECTION('',(1.,0.,0.));
#2882 = PCURVE('',#2290,#2883);
#2883 = DEFINITIONAL_REPRESENTATION('',(#2884),#2888);
#2884 = LINE('',#2885,#2886);
#2885 = CARTESIAN_POINT('',(8.5,0.));
#2886 = VECTOR('',#2887,1.);
#2887 = DIRECTION('',(0.,1.));
#2888 = ( GEOMETRIC_REPRESENTATION_CONTEXT(2) 
PARAMETRIC_REPRESENTATION_CONTEXT() REPRESENTATION_CONTEXT('2D SPACE',''
  ) );
#2889 = PCURVE('',#483,#2890);
#2890 = DEFINITIONAL_REPRESENTATION('',(#2891),#2895);
#2891 = LINE('',#2892,#2893);
#2892 = CARTESIAN_POINT('',(0.,0.));
#2893 = VECTOR('',#2894,1.);
#2894 = DIRECTION('',(1.,0.));
#2895 = ( GEOMETRIC_REPRESENTATION_CONTEXT(2) 
PARAMETRIC_REPRESENTATION_CONTEXT() REPRESENTATION_CONTEXT('2D SPACE',''
  ) );
#2896 = FACE_BOUND('',#2897,.T.);
#2897 = EDGE_LOOP('',(#2898,#2899,#2900,#2901));
#2898 = ORIENTED_EDGE('',*,*,#2434,.F.);
#2899 = ORIENTED_EDGE('',*,*,#2403,.F.);
#2900 = ORIENTED_EDGE('',*,*,#2331,.F.);
#2901 = ORIENTED_EDGE('',*,*,#2273,.F.);
#2902 = ADVANCED_FACE('',(#2903),#455,.F.);
#2903 = FACE_BOUND('',#2904,.F.);
#2904 = EDGE_LOOP('',(#2905,#2926,#2927,#2948));
#2905 = ORIENTED_EDGE('',*,*,#2906,.F.);
#2906 = EDGE_CURVE('',#2806,#435,#2907,.T.);
#2907 = SURFACE_CURVE('',#2908,(#2912,#2919),.PCURVE_S1.);
#2908 = LINE('',#2909,#2910);
#2909 = CARTESIAN_POINT('',(80.,10.,-55.));
#2910 = VECTOR('',#2911,1.);
#2911 = DIRECTION('',(0.,1.,0.));
#2912 = PCURVE('',#455,#2913);
#2913 = DEFINITIONAL_REPRESENTATION('',(#2914),#2918);
#2914 = LINE('',#2915,#2916);
#2915 = CARTESIAN_POINT('',(3.14159265359,0.));
#2916 = VECTOR('',#2917,1.);
#2917 = DIRECTION('',(0.,1.));
#2918 = ( GEOMETRIC_REPRESENTATION_CONTEXT(2) 
PARAMETRIC_REPRESENTATION_CONTEXT() REPRESENTATION_CONTEXT('2D SPACE',''
  ) );
#2919 = PCURVE('',#483,#2920);
#2920 = DEFINITIONAL_REPRESENTATION('',(#2921),#2925);
#2921 = LINE('',#2922,#2923);
#2922 = CARTESIAN_POINT('',(0.,0.));
#2923 = VECTOR('',#2924,1.);
#2924 = DIRECTION('',(0.,1.));
#2925 = ( GEOMETRIC_REPRESENTATION_CONTEXT(2) 
PARAMETRIC_REPRESENTATION_CONTEXT() REPRESENTATION_CONTEXT('2D SPACE',''
  ) );
#2926 = ORIENTED_EDGE('',*,*,#2803,.F.);
#2927 = ORIENTED_EDGE('',*,*,#2928,.T.);
#2928 = EDGE_CURVE('',#2804,#407,#2929,.T.);
#2929 = SURFACE_CURVE('',#2930,(#2934,#2941),.PCURVE_S1.);
#2930 = LINE('',#2931,#2932);
#2931 = CARTESIAN_POINT('',(80.,10.,-38.));
#2932 = VECTOR('',#2933,1.);
#2933 = DIRECTION('',(0.,1.,0.));
#2934 = PCURVE('',#455,#2935);
#2935 = DEFINITIONAL_REPRESENTATION('',(#2936),#2940);
#2936 = LINE('',#2937,#2938);
#2937 = CARTESIAN_POINT('',(6.28318530718,0.));
#2938 = VECTOR('',#2939,1.);
#2939 = DIRECTION('',(0.,1.));
#2940 = ( GEOMETRIC_REPRESENTATION_CONTEXT(2) 
PARAMETRIC_REPRESENTATION_CONTEXT() REPRESENTATION_CONTEXT('2D SPACE',''
  ) );
#2941 = PCURVE('',#422,#2942);
#2942 = DEFINITIONAL_REPRESENTATION('',(#2943),#2947);
#2943 = LINE('',#2944,#2945);
#2944 = CARTESIAN_POINT('',(0.,0.));
#2945 = VECTOR('',#2946,1.);
#2946 = DIRECTION('',(0.,1.));
#2947 = ( GEOMETRIC_REPRESENTATION_CONTEXT(2) 
PARAMETRIC_REPRESENTATION_CONTEXT() REPRESENTATION_CONTEXT('2D SPACE',''
  ) );
#2948 = ORIENTED_EDGE('',*,*,#434,.T.);
#2949 = ADVANCED_FACE('',(#2950),#483,.T.);
#2950 = FACE_BOUND('',#2951,.T.);
#2951 = EDGE_LOOP('',(#2952,#2953,#2954,#2955));
#2952 = ORIENTED_EDGE('',*,*,#467,.F.);
#2953 = ORIENTED_EDGE('',*,*,#2906,.F.);
#2954 = ORIENTED_EDGE('',*,*,#2876,.T.);
#2955 = ORIENTED_EDGE('',*,*,#2956,.T.);
#2956 = EDGE_CURVE('',#2853,#468,#2957,.T.);
#2957 = SURFACE_CURVE('',#2958,(#2962,#2969),.PCURVE_S1.);
#2958 = LINE('',#2959,#2960);
#2959 = CARTESIAN_POINT('',(90.,10.,-55.));
#2960 = VECTOR('',#2961,1.);
#2961 = DIRECTION('',(0.,1.,0.));
#2962 = PCURVE('',#483,#2963);
#2963 = DEFINITIONAL_REPRESENTATION('',(#2964),#2968);
#2964 = LINE('',#2965,#2966);
#2965 = CARTESIAN_POINT('',(10.,0.));
#2966 = VECTOR('',#2967,1.);
#2967 = DIRECTION('',(0.,1.));
#2968 = ( GEOMETRIC_REPRESENTATION_CONTEXT(2) 
PARAMETRIC_REPRESENTATION_CONTEXT() REPRESENTATION_CONTEXT('2D SPACE',''
  ) );
#2969 = PCURVE('',#514,#2970);
#2970 = DEFINITIONAL_REPRESENTATION('',(#2971),#2975);
#2971 = LINE('',#2972,#2973);
#2972 = CARTESIAN_POINT('',(3.14159265359,0.));
#2973 = VECTOR('',#2974,1.);
#2974 = DIRECTION('',(0.,1.));
#2975 = ( GEOMETRIC_REPRESENTATION_CONTEXT(2) 
PARAMETRIC_REPRESENTATION_CONTEXT() REPRESENTATION_CONTEXT('2D SPACE',''
  ) );
#2976 = ADVANCED_FACE('',(#2977),#514,.F.);
#2977 = FACE_BOUND('',#2978,.F.);
#2978 = EDGE_LOOP('',(#2979,#3000,#3001,#3002));
#2979 = ORIENTED_EDGE('',*,*,#2980,.F.);
#2980 = EDGE_CURVE('',#2830,#405,#2981,.T.);
#2981 = SURFACE_CURVE('',#2982,(#2986,#2993),.PCURVE_S1.);
#2982 = LINE('',#2983,#2984);
#2983 = CARTESIAN_POINT('',(90.,10.,-38.));
#2984 = VECTOR('',#2985,1.);
#2985 = DIRECTION('',(0.,1.,0.));
#2986 = PCURVE('',#514,#2987);
#2987 = DEFINITIONAL_REPRESENTATION('',(#2988),#2992);
#2988 = LINE('',#2989,#2990);
#2989 = CARTESIAN_POINT('',(0.,0.));
#2990 = VECTOR('',#2991,1.);
#2991 = DIRECTION('',(0.,1.));
#2992 = ( GEOMETRIC_REPRESENTATION_CONTEXT(2) 
PARAMETRIC_REPRESENTATION_CONTEXT() REPRESENTATION_CONTEXT('2D SPACE',''
  ) );
#2993 = PCURVE('',#422,#2994);
#2994 = DEFINITIONAL_REPRESENTATION('',(#2995),#2999);
#2995 = LINE('',#2996,#2997);
#2996 = CARTESIAN_POINT('',(-10.,0.));
#2997 = VECTOR('',#2998,1.);
#2998 = DIRECTION('',(0.,1.));
#2999 = ( GEOMETRIC_REPRESENTATION_CONTEXT(2) 
PARAMETRIC_REPRESENTATION_CONTEXT() REPRESENTATION_CONTEXT('2D SPACE',''
  ) );
#3000 = ORIENTED_EDGE('',*,*,#2852,.F.);
#3001 = ORIENTED_EDGE('',*,*,#2956,.T.);
#3002 = ORIENTED_EDGE('',*,*,#495,.T.);
#3003 = ADVANCED_FACE('',(#3004),#422,.T.);
#3004 = FACE_BOUND('',#3005,.T.);
#3005 = EDGE_LOOP('',(#3006,#3007,#3008,#3009));
#3006 = ORIENTED_EDGE('',*,*,#404,.F.);
#3007 = ORIENTED_EDGE('',*,*,#2980,.F.);
#3008 = ORIENTED_EDGE('',*,*,#2829,.T.);
#3009 = ORIENTED_EDGE('',*,*,#2928,.T.);
#3010 = ADVANCED_FACE('',(#3011),#574,.T.);
#3011 = FACE_BOUND('',#3012,.T.);
#3012 = EDGE_LOOP('',(#3013,#3014,#3015,#3016,#3017,#3018));
#3013 = ORIENTED_EDGE('',*,*,#1501,.F.);
#3014 = ORIENTED_EDGE('',*,*,#1655,.F.);
#3015 = ORIENTED_EDGE('',*,*,#703,.T.);
#3016 = ORIENTED_EDGE('',*,*,#558,.F.);
#3017 = ORIENTED_EDGE('',*,*,#808,.F.);
#3018 = ORIENTED_EDGE('',*,*,#1153,.F.);
#3019 = ADVANCED_FACE('',(#3020,#3069),#1641,.F.);
#3020 = FACE_BOUND('',#3021,.F.);
#3021 = EDGE_LOOP('',(#3022,#3023,#3046,#3068));
#3022 = ORIENTED_EDGE('',*,*,#1624,.T.);
#3023 = ORIENTED_EDGE('',*,*,#3024,.F.);
#3024 = EDGE_CURVE('',#3025,#1625,#3027,.T.);
#3025 = VERTEX_POINT('',#3026);
#3026 = CARTESIAN_POINT('',(0.,19.,6.));
#3027 = SEAM_CURVE('',#3028,(#3032,#3039),.PCURVE_S1.);
#3028 = LINE('',#3029,#3030);
#3029 = CARTESIAN_POINT('',(0.,19.,6.));
#3030 = VECTOR('',#3031,1.);
#3031 = DIRECTION('',(0.,-1.,0.));
#3032 = PCURVE('',#1641,#3033);
#3033 = DEFINITIONAL_REPRESENTATION('',(#3034),#3038);
#3034 = LINE('',#3035,#3036);
#3035 = CARTESIAN_POINT('',(6.28318530718,-1.));
#3036 = VECTOR('',#3037,1.);
#3037 = DIRECTION('',(0.,-1.));
#3038 = ( GEOMETRIC_REPRESENTATION_CONTEXT(2) 
PARAMETRIC_REPRESENTATION_CONTEXT() REPRESENTATION_CONTEXT('2D SPACE',''
  ) );
#3039 = PCURVE('',#1641,#3040);
#3040 = DEFINITIONAL_REPRESENTATION('',(#3041),#3045);
#3041 = LINE('',#3042,#3043);
#3042 = CARTESIAN_POINT('',(0.,-1.));
#3043 = VECTOR('',#3044,1.);
#3044 = DIRECTION('',(0.,-1.));
#3045 = ( GEOMETRIC_REPRESENTATION_CONTEXT(2) 
PARAMETRIC_REPRESENTATION_CONTEXT() REPRESENTATION_CONTEXT('2D SPACE',''
  ) );
#3046 = ORIENTED_EDGE('',*,*,#3047,.F.);
#3047 = EDGE_CURVE('',#3025,#3025,#3048,.T.);
#3048 = SURFACE_CURVE('',#3049,(#3054,#3061),.PCURVE_S1.);
#3049 = CIRCLE('',#3050,6.);
#3050 = AXIS2_PLACEMENT_3D('',#3051,#3052,#3053);
#3051 = CARTESIAN_POINT('',(0.,19.,0.));
#3052 = DIRECTION('',(0.,1.,0.));
#3053 = DIRECTION('',(0.,0.,1.));
#3054 = PCURVE('',#1641,#3055);
#3055 = DEFINITIONAL_REPRESENTATION('',(#3056),#3060);
#3056 = LINE('',#3057,#3058);
#3057 = CARTESIAN_POINT('',(0.,-1.));
#3058 = VECTOR('',#3059,1.);
#3059 = DIRECTION('',(1.,0.));
#3060 = ( GEOMETRIC_REPRESENTATION_CONTEXT(2) 
PARAMETRIC_REPRESENTATION_CONTEXT() REPRESENTATION_CONTEXT('2D SPACE',''
  ) );
#3061 = PCURVE('',#47,#3062);
#3062 = DEFINITIONAL_REPRESENTATION('',(#3063),#3067);
#3063 = LINE('',#3064,#3065);
#3064 = CARTESIAN_POINT('',(0.,0.));
#3065 = VECTOR('',#3066,1.);
#3066 = DIRECTION('',(1.,0.));
#3067 = ( GEOMETRIC_REPRESENTATION_CONTEXT(2) 
PARAMETRIC_REPRESENTATION_CONTEXT() REPRESENTATION_CONTEXT('2D SPACE',''
  ) );
#3068 = ORIENTED_EDGE('',*,*,#3024,.T.);
#3069 = FACE_BOUND('',#3070,.F.);
#3070 = EDGE_LOOP('',(#3071));
#3071 = ORIENTED_EDGE('',*,*,#3072,.F.);
#3072 = EDGE_CURVE('',#3073,#3073,#3075,.T.);
#3073 = VERTEX_POINT('',#3074);
#3074 = CARTESIAN_POINT('',(-5.768665357,13.,1.65));
#3075 = SURFACE_CURVE('',#3076,(#3162,#3301),.PCURVE_S1.);
#3076 = B_SPLINE_CURVE_WITH_KNOTS('',3,(#3077,#3078,#3079,#3080,#3081,
    #3082,#3083,#3084,#3085,#3086,#3087,#3088,#3089,#3090,#3091,#3092,
    #3093,#3094,#3095,#3096,#3097,#3098,#3099,#3100,#3101,#3102,#3103,
    #3104,#3105,#3106,#3107,#3108,#3109,#3110,#3111,#3112,#3113,#3114,
    #3115,#3116,#3117,#3118,#3119,#3120,#3121,#3122,#3123,#3124,#3125,
    #3126,#3127,#3128,#3129,#3130,#3131,#3132,#3133,#3134,#3135,#3136,
    #3137,#3138,#3139,#3140,#3141,#3142,#3143,#3144,#3145,#3146,#3147,
    #3148,#3149,#3150,#3151,#3152,#3153,#3154,#3155,#3156,#3157,#3158,
    #3159,#3160,#3161),.UNSPECIFIED.,.T.,.F.,(1,3,3,3,3,3,3,3,3,3,3,3,3,
    3,3,3,3,3,3,3,3,3,3,3,3,3,3,3,3,3,1),(-3.23935E-04,0.,3.23935E-04,
    6.47871E-04,9.71806E-04,1.295741E-03,1.943612E-03,2.267547E-03,
    2.591483E-03,2.915418E-03,3.239354E-03,3.887224E-03,4.21116E-03,
    4.535095E-03,4.85903E-03,5.182966E-03,5.830836E-03,6.154772E-03,
    6.478707E-03,6.802642E-03,7.126578E-03,7.450513E-03,7.774448E-03,
    8.098384E-03,8.422319E-03,9.07019E-03,9.394125E-03,9.718061E-03,
    1.0041996E-02,1.0365931E-02,1.0689866E-02),.UNSPECIFIED.);
#3077 = CARTESIAN_POINT('',(-5.768665357,13.,1.65));
#3078 = CARTESIAN_POINT('',(-5.768665357,13.109576872,1.65));
#3079 = CARTESIAN_POINT('',(-5.771787,13.217211299,1.639193772));
#3080 = CARTESIAN_POINT('',(-5.77770106,13.32300084,1.618076159));
#3081 = CARTESIAN_POINT('',(-5.78361512,13.428790381,1.596958546));
#3082 = CARTESIAN_POINT('',(-5.792466728,13.533858407,1.564982338));
#3083 = CARTESIAN_POINT('',(-5.803359327,13.633624084,1.523489587));
#3084 = CARTESIAN_POINT('',(-5.814251926,13.733389761,1.481996836));
#3085 = CARTESIAN_POINT('',(-5.827107209,13.827940469,1.431293611));
#3086 = CARTESIAN_POINT('',(-5.841159472,13.917411561,1.371443046));
#3087 = CARTESIAN_POINT('',(-5.855211734,14.006882653,1.311592481));
#3088 = CARTESIAN_POINT('',(-5.870489093,14.091166789,1.242302086));
#3089 = CARTESIAN_POINT('',(-5.885494956,14.166855124,1.166597239));
#3090 = CARTESIAN_POINT('',(-5.915506683,14.318231795,1.015187547));
#3091 = CARTESIAN_POINT('',(-5.945385612,14.440996388,0.831967625));
#3092 = CARTESIAN_POINT('',(-5.966448602,14.52348578,0.633633237));
#3093 = CARTESIAN_POINT('',(-5.976980097,14.564730476,0.534466042));
#3094 = CARTESIAN_POINT('',(-5.985530837,14.596715418,0.429908428));
#3095 = CARTESIAN_POINT('',(-5.991283986,14.618018478,0.323289659));
#3096 = CARTESIAN_POINT('',(-5.997037134,14.639321538,0.21667089));
#3097 = CARTESIAN_POINT('',(-5.999980925,14.649930637,0.109255694));
#3098 = CARTESIAN_POINT('',(-5.999999908,14.649999664,1.052596E-03));
#3099 = CARTESIAN_POINT('',(-6.00001889,14.650068692,-0.107150502));
#3100 = CARTESIAN_POINT('',(-5.997011625,14.639226656,-0.21708524));
#3101 = CARTESIAN_POINT('',(-5.991293558,14.618053925,-0.323112203));
#3102 = CARTESIAN_POINT('',(-5.985575492,14.596881194,-0.429139167));
#3103 = CARTESIAN_POINT('',(-5.977193971,14.565555957,-0.532270187));
#3104 = CARTESIAN_POINT('',(-5.966568625,14.52395576,-0.632502048));
#3105 = CARTESIAN_POINT('',(-5.945317933,14.440755367,-0.832965771));
#3106 = CARTESIAN_POINT('',(-5.915699829,14.319232611,-1.014242653));
#3107 = CARTESIAN_POINT('',(-5.885452119,14.166639036,-1.166813335));
#3108 = CARTESIAN_POINT('',(-5.870328263,14.090342248,-1.243098677));
#3109 = CARTESIAN_POINT('',(-5.855344057,14.007621697,-1.310995195));
#3110 = CARTESIAN_POINT('',(-5.841330387,13.918499148,-1.370714892));
#3111 = CARTESIAN_POINT('',(-5.827316716,13.829376599,-1.430434588));
#3112 = CARTESIAN_POINT('',(-5.814178338,13.732767776,-1.482281068));
#3113 = CARTESIAN_POINT('',(-5.803322929,13.633290629,-1.523628228));
#3114 = CARTESIAN_POINT('',(-5.792467521,13.533813483,-1.564975389));
#3115 = CARTESIAN_POINT('',(-5.78376552,13.430952631,-1.596417036));
#3116 = CARTESIAN_POINT('',(-5.777790419,13.324595327,-1.61775705));
#3117 = CARTESIAN_POINT('',(-5.771815318,13.218238024,-1.639097064));
#3118 = CARTESIAN_POINT('',(-5.76867876,13.108707745,-1.649953142));
#3119 = CARTESIAN_POINT('',(-5.768665401,13.00071326,-1.649999846));
#3120 = CARTESIAN_POINT('',(-5.768638684,12.784724289,-1.650093254));
#3121 = CARTESIAN_POINT('',(-5.781544175,12.56662312,-1.60655529));
#3122 = CARTESIAN_POINT('',(-5.803204956,12.367791365,-1.524077505));
#3123 = CARTESIAN_POINT('',(-5.814035346,12.268375488,-1.482838613));
#3124 = CARTESIAN_POINT('',(-5.827142005,12.171821369,-1.431150771));
#3125 = CARTESIAN_POINT('',(-5.841186931,12.082413623,-1.371326088));
#3126 = CARTESIAN_POINT('',(-5.855231856,11.993005877,-1.311501406));
#3127 = CARTESIAN_POINT('',(-5.870217265,11.910265065,-1.243607578));
#3128 = CARTESIAN_POINT('',(-5.885303507,11.834110911,-1.167562689));
#3129 = CARTESIAN_POINT('',(-5.900389749,11.757956757,-1.091517799));
#3130 = CARTESIAN_POINT('',(-5.915526102,11.688773985,-1.007305061));
#3131 = CARTESIAN_POINT('',(-5.92931112,11.629149768,-0.918297142));
#3132 = CARTESIAN_POINT('',(-5.943096139,11.56952555,-0.829289223));
#3133 = CARTESIAN_POINT('',(-5.95570704,11.518587149,-0.734694361));
#3134 = CARTESIAN_POINT('',(-5.966393064,11.476731741,-0.634155983));
#3135 = CARTESIAN_POINT('',(-5.977079087,11.434876332,-0.533617605));
#3136 = CARTESIAN_POINT('',(-5.985499134,11.403404796,-0.430116318));
#3137 = CARTESIAN_POINT('',(-5.991221726,11.382212073,-0.324441404));
#3138 = CARTESIAN_POINT('',(-5.996944319,11.361019351,-0.21876649));
#3139 = CARTESIAN_POINT('',(-5.999987863,11.350044135,-0.109464419));
#3140 = CARTESIAN_POINT('',(-5.999999963,11.350000135,-6.67314E-04));
#3141 = CARTESIAN_POINT('',(-6.000012063,11.349956135,0.10812979));
#3142 = CARTESIAN_POINT('',(-5.99706771,11.360569022,0.215587924));
#3143 = CARTESIAN_POINT('',(-5.99136778,11.381671272,0.321733006));
#3144 = CARTESIAN_POINT('',(-5.98566785,11.402773521,0.427878087));
#3145 = CARTESIAN_POINT('',(-5.977097264,11.434820713,0.53321146));
#3146 = CARTESIAN_POINT('',(-5.966549274,11.476120004,0.632684564));
#3147 = CARTESIAN_POINT('',(-5.945453295,11.558718587,0.831630773));
#3148 = CARTESIAN_POINT('',(-5.915581616,11.681444138,1.014750983));
#3149 = CARTESIAN_POINT('',(-5.88558078,11.832712069,1.166164177));
#3150 = CARTESIAN_POINT('',(-5.870580361,11.908346035,1.241870773));
#3151 = CARTESIAN_POINT('',(-5.855357101,11.992255568,1.31095275));
#3152 = CARTESIAN_POINT('',(-5.841263944,12.081923496,1.370998006));
#3153 = CARTESIAN_POINT('',(-5.827170787,12.171591424,1.431043262));
#3154 = CARTESIAN_POINT('',(-5.814324653,12.266087858,1.481708456));
#3155 = CARTESIAN_POINT('',(-5.803460558,12.365449411,1.52310392));
#3156 = CARTESIAN_POINT('',(-5.792596463,12.464810964,1.564499383));
#3157 = CARTESIAN_POINT('',(-5.783691104,12.570079066,1.596685334));
#3158 = CARTESIAN_POINT('',(-5.777739838,12.676306266,1.617937689));
#3159 = CARTESIAN_POINT('',(-5.771788572,12.782533466,1.639190044));
#3160 = CARTESIAN_POINT('',(-5.768665357,12.890409358,1.65));
#3161 = CARTESIAN_POINT('',(-5.768665357,13.,1.65));
#3162 = PCURVE('',#1641,#3163);
#3163 = DEFINITIONAL_REPRESENTATION('',(#3164),#3300);
#3164 = B_SPLINE_CURVE_WITH_KNOTS('',3,(#3165,#3166,#3167,#3168,#3169,
    #3170,#3171,#3172,#3173,#3174,#3175,#3176,#3177,#3178,#3179,#3180,
    #3181,#3182,#3183,#3184,#3185,#3186,#3187,#3188,#3189,#3190,#3191,
    #3192,#3193,#3194,#3195,#3196,#3197,#3198,#3199,#3200,#3201,#3202,
    #3203,#3204,#3205,#3206,#3207,#3208,#3209,#3210,#3211,#3212,#3213,
    #3214,#3215,#3216,#3217,#3218,#3219,#3220,#3221,#3222,#3223,#3224,
    #3225,#3226,#3227,#3228,#3229,#3230,#3231,#3232,#3233,#3234,#3235,
    #3236,#3237,#3238,#3239,#3240,#3241,#3242,#3243,#3244,#3245,#3246,
    #3247,#3248,#3249,#3250,#3251,#3252,#3253,#3254,#3255,#3256,#3257,
    #3258,#3259,#3260,#3261,#3262,#3263,#3264,#3265,#3266,#3267,#3268,
    #3269,#3270,#3271,#3272,#3273,#3274,#3275,#3276,#3277,#3278,#3279,
    #3280,#3281,#3282,#3283,#3284,#3285,#3286,#3287,#3288,#3289,#3290,
    #3291,#3292,#3293,#3294,#3295,#3296,#3297,#3298,#3299),
  .UNSPECIFIED.,.T.,.F.,(4,1,1,1,1,1,1,1,1,1,1,1,1,1,1,1,1,1,1,1,1,1,1,1
    ,1,1,1,1,1,1,1,1,1,1,1,1,1,1,1,1,1,1,1,1,1,1,1,1,1,1,1,1,1,1,1,1,1,1
    ,1,1,1,1,1,1,1,1,1,1,1,1,1,1,1,1,1,1,1,1,1,1,1,1,1,1,1,1,1,1,1,1,1,1
    ,1,1,1,1,1,1,1,1,1,1,1,1,1,1,1,1,1,1,1,1,1,1,1,1,1,1,1,1,1,1,1,1,1,1
    ,1,1,1,1,1,1,4),(0.,7.852978030303E-05,1.570595606061E-04,
    2.355893409091E-04,3.141191212121E-04,3.926489015152E-04,
    4.711786818182E-04,5.497084621212E-04,6.282382424242E-04,
    7.067680227273E-04,7.852978030303E-04,8.638275833333E-04,
    9.423573636364E-04,1.020887143939E-03,1.099416924242E-03,
    1.177946704545E-03,1.256476484848E-03,1.335006265152E-03,
    1.413536045455E-03,1.492065825758E-03,1.570595606061E-03,
    1.649125386364E-03,1.727655166667E-03,1.80618494697E-03,
    1.884714727273E-03,1.963244507576E-03,2.041774287879E-03,
    2.120304068182E-03,2.198833848485E-03,2.277363628788E-03,
    2.355893409091E-03,2.434423189394E-03,2.512952969697E-03,
    2.59148275E-03,2.670012530303E-03,2.748542310606E-03,
    2.827072090909E-03,2.905601871212E-03,2.984131651515E-03,
    3.062661431818E-03,3.141191212121E-03,3.219720992424E-03,
    3.298250772727E-03,3.37678055303E-03,3.455310333333E-03,
    3.533840113636E-03,3.612369893939E-03,3.690899674242E-03,
    3.769429454545E-03,3.847959234848E-03,3.926489015152E-03,
    4.005018795455E-03,4.083548575758E-03,4.162078356061E-03,
    4.240608136364E-03,4.319137916667E-03,4.39766769697E-03,
    4.476197477273E-03,4.554727257576E-03,4.633257037879E-03,
    4.711786818182E-03,4.790316598485E-03,4.868846378788E-03,
    4.947376159091E-03,5.025905939394E-03,5.104435719697E-03,
    5.1829655E-03,5.261495280303E-03,5.340025060606E-03,
    5.418554840909E-03,5.497084621212E-03,5.575614401515E-03,
    5.654144181818E-03,5.732673962121E-03,5.811203742424E-03,
    5.889733522727E-03,5.96826330303E-03,6.046793083333E-03,
    6.125322863636E-03,6.203852643939E-03,6.282382424242E-03,
    6.360912204545E-03,6.439441984848E-03,6.517971765152E-03,
    6.596501545455E-03,6.675031325758E-03,6.753561106061E-03,
    6.832090886364E-03,6.910620666667E-03,6.98915044697E-03,
    7.067680227273E-03,7.146210007576E-03,7.224739787879E-03,
    7.303269568182E-03,7.381799348485E-03,7.460329128788E-03,
    7.538858909091E-03,7.617388689394E-03,7.695918469697E-03,
    7.77444825E-03,7.852978030303E-03,7.931507810606E-03,
    8.010037590909E-03,8.088567371212E-03,8.167097151515E-03,
    8.245626931818E-03,8.324156712121E-03,8.402686492424E-03,
    8.481216272727E-03,8.55974605303E-03,8.638275833333E-03,
    8.716805613636E-03,8.795335393939E-03,8.873865174242E-03,
    8.952394954545E-03,9.030924734848E-03,9.109454515152E-03,
    9.187984295455E-03,9.266514075758E-03,9.345043856061E-03,
    9.423573636364E-03,9.502103416667E-03,9.58063319697E-03,
    9.659162977273E-03,9.737692757576E-03,9.816222537879E-03,
    9.894752318182E-03,9.973282098485E-03,1.005181187879E-02,
    1.013034165909E-02,1.020887143939E-02,1.02874012197E-02,
    1.0365931E-02),.QUASI_UNIFORM_KNOTS.);
#3165 = CARTESIAN_POINT('',(4.990978682772,-7.));
#3166 = CARTESIAN_POINT('',(4.990978682238,-6.973435881629));
#3167 = CARTESIAN_POINT('',(4.990758298644,-6.920535482564));
#3168 = CARTESIAN_POINT('',(4.98977496792,-6.841864340466));
#3169 = CARTESIAN_POINT('',(4.988145959839,-6.763851465828));
#3170 = CARTESIAN_POINT('',(4.985882952305,-6.686535633407));
#3171 = CARTESIAN_POINT('',(4.982980484303,-6.609732895286));
#3172 = CARTESIAN_POINT('',(4.979429892014,-6.533449544489));
#3173 = CARTESIAN_POINT('',(4.975261024428,-6.458177390142));
#3174 = CARTESIAN_POINT('',(4.970492218262,-6.384272861008));
#3175 = CARTESIAN_POINT('',(4.96515058883,-6.312167917255));
#3176 = CARTESIAN_POINT('',(4.95926290024,-6.241904714401));
#3177 = CARTESIAN_POINT('',(4.952826975125,-6.173455381975));
#3178 = CARTESIAN_POINT('',(4.945848699072,-6.106820684197));
#3179 = CARTESIAN_POINT('',(4.938326069176,-6.041956012206));
#3180 = CARTESIAN_POINT('',(4.930270324889,-5.979087937581));
#3181 = CARTESIAN_POINT('',(4.92173535979,-5.918530282455));
#3182 = CARTESIAN_POINT('',(4.912762160893,-5.860549571688));
#3183 = CARTESIAN_POINT('',(4.903409099642,-5.80551427759));
#3184 = CARTESIAN_POINT('',(4.893606324276,-5.753030210369));
#3185 = CARTESIAN_POINT('',(4.883394099888,-5.703264311712));
#3186 = CARTESIAN_POINT('',(4.872800863649,-5.65632978301));
#3187 = CARTESIAN_POINT('',(4.861858136389,-5.612354624359));
#3188 = CARTESIAN_POINT('',(4.850595887319,-5.571461381334));
#3189 = CARTESIAN_POINT('',(4.839045978024,-5.533779618893));
#3190 = CARTESIAN_POINT('',(4.827232800603,-5.499416278974));
#3191 = CARTESIAN_POINT('',(4.815207029092,-5.468561776217));
#3192 = CARTESIAN_POINT('',(4.802902019341,-5.441041651209));
#3193 = CARTESIAN_POINT('',(4.790348398821,-5.416928356426));
#3194 = CARTESIAN_POINT('',(4.7776005242,-5.396356050047));
#3195 = CARTESIAN_POINT('',(4.764688225696,-5.379445055199));
#3196 = CARTESIAN_POINT('',(4.75171787378,-5.366309300798));
#3197 = CARTESIAN_POINT('',(4.738713306745,-5.356926824187));
#3198 = CARTESIAN_POINT('',(4.725663222717,-5.351292348774));
#3199 = CARTESIAN_POINT('',(4.712576831414,-5.349370014769));
#3200 = CARTESIAN_POINT('',(4.699416180461,-5.351229609111));
#3201 = CARTESIAN_POINT('',(4.686224656856,-5.356904974595));
#3202 = CARTESIAN_POINT('',(4.673088604965,-5.366322271466));
#3203 = CARTESIAN_POINT('',(4.660088470493,-5.37944534515));
#3204 = CARTESIAN_POINT('',(4.647285749575,-5.396194982898));
#3205 = CARTESIAN_POINT('',(4.634633952457,-5.416522148802));
#3206 = CARTESIAN_POINT('',(4.622143979337,-5.44045021636));
#3207 = CARTESIAN_POINT('',(4.609806744765,-5.467994505513));
#3208 = CARTESIAN_POINT('',(4.597639261658,-5.499133168977));
#3209 = CARTESIAN_POINT('',(4.585771002302,-5.533551262696));
#3210 = CARTESIAN_POINT('',(4.574194048303,-5.571222974029));
#3211 = CARTESIAN_POINT('',(4.56293212755,-5.612056911294));
#3212 = CARTESIAN_POINT('',(4.552000798123,-5.655979539963));
#3213 = CARTESIAN_POINT('',(4.541418272021,-5.702911475939));
#3214 = CARTESIAN_POINT('',(4.531201792941,-5.752778876242));
#3215 = CARTESIAN_POINT('',(4.521371173387,-5.805491583003));
#3216 = CARTESIAN_POINT('',(4.511938156568,-5.861019156779));
#3217 = CARTESIAN_POINT('',(4.502997896863,-5.918762103638));
#3218 = CARTESIAN_POINT('',(4.494538628395,-5.978778197648));
#3219 = CARTESIAN_POINT('',(4.486562015997,-6.041060301471));
#3220 = CARTESIAN_POINT('',(4.479066801972,-6.105568027245));
#3221 = CARTESIAN_POINT('',(4.472045483483,-6.172599930424));
#3222 = CARTESIAN_POINT('',(4.465543819987,-6.241716826838));
#3223 = CARTESIAN_POINT('',(4.459598819476,-6.312551604555));
#3224 = CARTESIAN_POINT('',(4.454261928258,-6.384643352595));
#3225 = CARTESIAN_POINT('',(4.449529091575,-6.457874675593));
#3226 = CARTESIAN_POINT('',(4.445394978951,-6.532328041822));
#3227 = CARTESIAN_POINT('',(4.441868330766,-6.607984874564));
#3228 = CARTESIAN_POINT('',(4.438948056079,-6.684894839751));
#3229 = CARTESIAN_POINT('',(4.436659769116,-6.762929345829));
#3230 = CARTESIAN_POINT('',(4.435017831906,-6.841608346263));
#3231 = CARTESIAN_POINT('',(4.434025752582,-6.920580879797));
#3232 = CARTESIAN_POINT('',(4.433688491663,-6.999315735974));
#3233 = CARTESIAN_POINT('',(4.434016109135,-7.077873615867));
#3234 = CARTESIAN_POINT('',(4.435003218505,-7.156486529359));
#3235 = CARTESIAN_POINT('',(4.436638477103,-7.234802665015));
#3236 = CARTESIAN_POINT('',(4.438912145014,-7.31262643221));
#3237 = CARTESIAN_POINT('',(4.441814150992,-7.389721178408));
#3238 = CARTESIAN_POINT('',(4.44533433792,-7.465858277906));
#3239 = CARTESIAN_POINT('',(4.449463439348,-7.540818059582));
#3240 = CARTESIAN_POINT('',(4.454188913309,-7.614337007158));
#3241 = CARTESIAN_POINT('',(4.4595105817,-7.686318030398));
#3242 = CARTESIAN_POINT('',(4.465441541212,-7.75714672461));
#3243 = CARTESIAN_POINT('',(4.471934042494,-7.826288100846));
#3244 = CARTESIAN_POINT('',(4.478955751963,-7.893430747082));
#3245 = CARTESIAN_POINT('',(4.486465999747,-7.958157745092));
#3246 = CARTESIAN_POINT('',(4.494446994111,-8.020540562461));
#3247 = CARTESIAN_POINT('',(4.502901589227,-8.080585016633));
#3248 = CARTESIAN_POINT('',(4.511826761182,-8.138288732189));
#3249 = CARTESIAN_POINT('',(4.521227067434,-8.193696566861));
#3250 = CARTESIAN_POINT('',(4.531077901258,-8.246542391389));
#3251 = CARTESIAN_POINT('',(4.541323305367,-8.29659250154));
#3252 = CARTESIAN_POINT('',(4.551918447885,-8.343647641512));
#3253 = CARTESIAN_POINT('',(4.56280004239,-8.387411579777));
#3254 = CARTESIAN_POINT('',(4.573991845285,-8.428080951224));
#3255 = CARTESIAN_POINT('',(4.585507829088,-8.465651419993));
#3256 = CARTESIAN_POINT('',(4.597340450885,-8.500055435239));
#3257 = CARTESIAN_POINT('',(4.60953686807,-8.531363826837));
#3258 = CARTESIAN_POINT('',(4.621915264298,-8.559071920925));
#3259 = CARTESIAN_POINT('',(4.634432616072,-8.583113729751));
#3260 = CARTESIAN_POINT('',(4.647092431532,-8.603519100849));
#3261 = CARTESIAN_POINT('',(4.659865083408,-8.620288517019));
#3262 = CARTESIAN_POINT('',(4.672811668165,-8.633444960799));
#3263 = CARTESIAN_POINT('',(4.685905352211,-8.642929696779));
#3264 = CARTESIAN_POINT('',(4.699079186659,-8.648685169178));
#3265 = CARTESIAN_POINT('',(4.712286859489,-8.650634275238));
#3266 = CARTESIAN_POINT('',(4.725440195588,-8.648776920483));
#3267 = CARTESIAN_POINT('',(4.738510693689,-8.64319012632));
#3268 = CARTESIAN_POINT('',(4.751510315148,-8.633866762114));
#3269 = CARTESIAN_POINT('',(4.764435011531,-8.620844251128));
#3270 = CARTESIAN_POINT('',(4.777303862744,-8.604065953076));
#3271 = CARTESIAN_POINT('',(4.790078967863,-8.583525001181));
#3272 = CARTESIAN_POINT('',(4.802682410816,-8.559401632758));
#3273 = CARTESIAN_POINT('',(4.815041534912,-8.531842271998));
#3274 = CARTESIAN_POINT('',(4.8270999845,-8.500949243161));
#3275 = CARTESIAN_POINT('',(4.838938539322,-8.466562561539));
#3276 = CARTESIAN_POINT('',(4.850505332027,-8.428868318913));
#3277 = CARTESIAN_POINT('',(4.861778137587,-8.387973558086));
#3278 = CARTESIAN_POINT('',(4.872726365431,-8.344006728372));
#3279 = CARTESIAN_POINT('',(4.883321532704,-8.297089702015));
#3280 = CARTESIAN_POINT('',(4.893533619331,-8.247349253029));
#3281 = CARTESIAN_POINT('',(4.903335385277,-8.19489912542));
#3282 = CARTESIAN_POINT('',(4.912688923663,-8.139900281459));
#3283 = CARTESIAN_POINT('',(4.92165238918,-8.082047527147));
#3284 = CARTESIAN_POINT('',(4.930179351319,-8.021608638168));
#3285 = CARTESIAN_POINT('',(4.938235028089,-7.958796100531));
#3286 = CARTESIAN_POINT('',(4.945782624445,-7.893783250034));
#3287 = CARTESIAN_POINT('',(4.952773597257,-7.827082588803));
#3288 = CARTESIAN_POINT('',(4.959211224279,-7.75867399294));
#3289 = CARTESIAN_POINT('',(4.965093623685,-7.688543485038));
#3290 = CARTESIAN_POINT('',(4.970420718107,-7.616748320023));
#3291 = CARTESIAN_POINT('',(4.975189885729,-7.542992146589));
#3292 = CARTESIAN_POINT('',(4.979371430458,-7.467680972143));
#3293 = CARTESIAN_POINT('',(4.982940433826,-7.391226190663));
#3294 = CARTESIAN_POINT('',(4.985862225295,-7.314113762507));
#3295 = CARTESIAN_POINT('',(4.988137457843,-7.2365137615));
#3296 = CARTESIAN_POINT('',(4.989772650407,-7.158300722089));
#3297 = CARTESIAN_POINT('',(4.990758222183,-7.079501143907));
#3298 = CARTESIAN_POINT('',(4.990978682229,-7.026567456556));
#3299 = CARTESIAN_POINT('',(4.990978682772,-7.));
#3300 = ( GEOMETRIC_REPRESENTATION_CONTEXT(2) 
PARAMETRIC_REPRESENTATION_CONTEXT() REPRESENTATION_CONTEXT('2D SPACE',''
  ) );
#3301 = PCURVE('',#688,#3302);
#3302 = DEFINITIONAL_REPRESENTATION('',(#3303),#3439);
#3303 = B_SPLINE_CURVE_WITH_KNOTS('',3,(#3304,#3305,#3306,#3307,#3308,
    #3309,#3310,#3311,#3312,#3313,#3314,#3315,#3316,#3317,#3318,#3319,
    #3320,#3321,#3322,#3323,#3324,#3325,#3326,#3327,#3328,#3329,#3330,
    #3331,#3332,#3333,#3334,#3335,#3336,#3337,#3338,#3339,#3340,#3341,
    #3342,#3343,#3344,#3345,#3346,#3347,#3348,#3349,#3350,#3351,#3352,
    #3353,#3354,#3355,#3356,#3357,#3358,#3359,#3360,#3361,#3362,#3363,
    #3364,#3365,#3366,#3367,#3368,#3369,#3370,#3371,#3372,#3373,#3374,
    #3375,#3376,#3377,#3378,#3379,#3380,#3381,#3382,#3383,#3384,#3385,
    #3386,#3387,#3388,#3389,#3390,#3391,#3392,#3393,#3394,#3395,#3396,
    #3397,#3398,#3399,#3400,#3401,#3402,#3403,#3404,#3405,#3406,#3407,
    #3408,#3409,#3410,#3411,#3412,#3413,#3414,#3415,#3416,#3417,#3418,
    #3419,#3420,#3421,#3422,#3423,#3424,#3425,#3426,#3427,#3428,#3429,
    #3430,#3431,#3432,#3433,#3434,#3435,#3436,#3437,#3438),
  .UNSPECIFIED.,.F.,.F.,(4,1,1,1,1,1,1,1,1,1,1,1,1,1,1,1,1,1,1,1,1,1,1,1
    ,1,1,1,1,1,1,1,1,1,1,1,1,1,1,1,1,1,1,1,1,1,1,1,1,1,1,1,1,1,1,1,1,1,1
    ,1,1,1,1,1,1,1,1,1,1,1,1,1,1,1,1,1,1,1,1,1,1,1,1,1,1,1,1,1,1,1,1,1,1
    ,1,1,1,1,1,1,1,1,1,1,1,1,1,1,1,1,1,1,1,1,1,1,1,1,1,1,1,1,1,1,1,1,1,1
    ,1,1,1,1,1,1,4),(0.,7.852978030303E-05,1.570595606061E-04,
    2.355893409091E-04,3.141191212121E-04,3.926489015152E-04,
    4.711786818182E-04,5.497084621212E-04,6.282382424242E-04,
    7.067680227273E-04,7.852978030303E-04,8.638275833333E-04,
    9.423573636364E-04,1.020887143939E-03,1.099416924242E-03,
    1.177946704545E-03,1.256476484848E-03,1.335006265152E-03,
    1.413536045455E-03,1.492065825758E-03,1.570595606061E-03,
    1.649125386364E-03,1.727655166667E-03,1.80618494697E-03,
    1.884714727273E-03,1.963244507576E-03,2.041774287879E-03,
    2.120304068182E-03,2.198833848485E-03,2.277363628788E-03,
    2.355893409091E-03,2.434423189394E-03,2.512952969697E-03,
    2.59148275E-03,2.670012530303E-03,2.748542310606E-03,
    2.827072090909E-03,2.905601871212E-03,2.984131651515E-03,
    3.062661431818E-03,3.141191212121E-03,3.219720992424E-03,
    3.298250772727E-03,3.37678055303E-03,3.455310333333E-03,
    3.533840113636E-03,3.612369893939E-03,3.690899674242E-03,
    3.769429454545E-03,3.847959234848E-03,3.926489015152E-03,
    4.005018795455E-03,4.083548575758E-03,4.162078356061E-03,
    4.240608136364E-03,4.319137916667E-03,4.39766769697E-03,
    4.476197477273E-03,4.554727257576E-03,4.633257037879E-03,
    4.711786818182E-03,4.790316598485E-03,4.868846378788E-03,
    4.947376159091E-03,5.025905939394E-03,5.104435719697E-03,
    5.1829655E-03,5.261495280303E-03,5.340025060606E-03,
    5.418554840909E-03,5.497084621212E-03,5.575614401515E-03,
    5.654144181818E-03,5.732673962121E-03,5.811203742424E-03,
    5.889733522727E-03,5.96826330303E-03,6.046793083333E-03,
    6.125322863636E-03,6.203852643939E-03,6.282382424242E-03,
    6.360912204545E-03,6.439441984848E-03,6.517971765152E-03,
    6.596501545455E-03,6.675031325758E-03,6.753561106061E-03,
    6.832090886364E-03,6.910620666667E-03,6.98915044697E-03,
    7.067680227273E-03,7.146210007576E-03,7.224739787879E-03,
    7.303269568182E-03,7.381799348485E-03,7.460329128788E-03,
    7.538858909091E-03,7.617388689394E-03,7.695918469697E-03,
    7.77444825E-03,7.852978030303E-03,7.931507810606E-03,
    8.010037590909E-03,8.088567371212E-03,8.167097151515E-03,
    8.245626931818E-03,8.324156712121E-03,8.402686492424E-03,
    8.481216272727E-03,8.55974605303E-03,8.638275833333E-03,
    8.716805613636E-03,8.795335393939E-03,8.873865174242E-03,
    8.952394954545E-03,9.030924734848E-03,9.109454515152E-03,
    9.187984295455E-03,9.266514075758E-03,9.345043856061E-03,
    9.423573636364E-03,9.502103416667E-03,9.58063319697E-03,
    9.659162977273E-03,9.737692757576E-03,9.816222537879E-03,
    9.894752318182E-03,9.973282098485E-03,1.005181187879E-02,
    1.013034165909E-02,1.020887143939E-02,1.02874012197E-02,
    1.0365931E-02),.QUASI_UNIFORM_KNOTS.);
#3304 = CARTESIAN_POINT('',(0.,-4.231334643));
#3305 = CARTESIAN_POINT('',(1.60993705228E-02,-4.231334643));
#3306 = CARTESIAN_POINT('',(4.816036233095E-02,-4.23096766634));
#3307 = CARTESIAN_POINT('',(9.594918702674E-02,-4.229344963678));
#3308 = CARTESIAN_POINT('',(0.143557785175,-4.226676519585));
#3309 = CARTESIAN_POINT('',(0.191067112039,-4.222996516541));
#3310 = CARTESIAN_POINT('',(0.238697747132,-4.218310588138));
#3311 = CARTESIAN_POINT('',(0.28656351534,-4.212645905536));
#3312 = CARTESIAN_POINT('',(0.334459341331,-4.206092076985));
#3313 = CARTESIAN_POINT('',(0.38226803216,-4.198720834373));
#3314 = CARTESIAN_POINT('',(0.429823853298,-4.19061548101));
#3315 = CARTESIAN_POINT('',(0.477177791873,-4.181872670234));
#3316 = CARTESIAN_POINT('',(0.524458121044,-4.172550492684));
#3317 = CARTESIAN_POINT('',(0.571766387646,-4.162718049565));
#3318 = CARTESIAN_POINT('',(0.61923854803,-4.15243357439));
#3319 = CARTESIAN_POINT('',(0.666852146572,-4.141791398585));
#3320 = CARTESIAN_POINT('',(0.714452401773,-4.130927341349));
#3321 = CARTESIAN_POINT('',(0.76193056496,-4.119963916718));
#3322 = CARTESIAN_POINT('',(0.80909204191,-4.109042850704));
#3323 = CARTESIAN_POINT('',(0.85639846979,-4.09817496008));
#3324 = CARTESIAN_POINT('',(0.903786372054,-4.087459274547));
#3325 = CARTESIAN_POINT('',(0.951241016727,-4.076986877768));
#3326 = CARTESIAN_POINT('',(0.998730809694,-4.066851099828));
#3327 = CARTESIAN_POINT('',(1.046229261152,-4.057144231152));
#3328 = CARTESIAN_POINT('',(1.093701987589,-4.047960474394));
#3329 = CARTESIAN_POINT('',(1.141146086262,-4.03938742295));
#3330 = CARTESIAN_POINT('',(1.188454916325,-4.031537195015));
#3331 = CARTESIAN_POINT('',(1.235999869258,-4.024415283747));
#3332 = CARTESIAN_POINT('',(1.283765583507,-4.018075807297));
#3333 = CARTESIAN_POINT('',(1.331641483921,-4.012592665567));
#3334 = CARTESIAN_POINT('',(1.37960866898,-4.008035095331));
#3335 = CARTESIAN_POINT('',(1.427379214712,-4.004471291452));
#3336 = CARTESIAN_POINT('',(1.474970652065,-4.001908382891));
#3337 = CARTESIAN_POINT('',(1.522526005279,-4.000358482446));
#3338 = CARTESIAN_POINT('',(1.570113377071,-3.999825224137));
#3339 = CARTESIAN_POINT('',(1.617969914149,-4.00034117327));
#3340 = CARTESIAN_POINT('',(1.666041554985,-4.001902144973));
#3341 = CARTESIAN_POINT('',(1.714112323027,-4.004474679851));
#3342 = CARTESIAN_POINT('',(1.76198872672,-4.008035008867));
#3343 = CARTESIAN_POINT('',(1.8095465463,-4.01254987607));
#3344 = CARTESIAN_POINT('',(1.857047694846,-4.017969884769));
#3345 = CARTESIAN_POINT('',(1.90455862039,-4.024262277175));
#3346 = CARTESIAN_POINT('',(1.952218247604,-4.031391499955));
#3347 = CARTESIAN_POINT('',(2.000067115443,-4.039317298332));
#3348 = CARTESIAN_POINT('',(2.047704266429,-4.047910958707));
#3349 = CARTESIAN_POINT('',(2.09525686327,-4.05709963175));
#3350 = CARTESIAN_POINT('',(2.142730417523,-4.066797987344));
#3351 = CARTESIAN_POINT('',(2.190162090748,-4.076924105969));
#3352 = CARTESIAN_POINT('',(2.237578933391,-4.087394906506));
#3353 = CARTESIAN_POINT('',(2.285013352386,-4.098128543635));
#3354 = CARTESIAN_POINT('',(2.332484787501,-4.109039390437));
#3355 = CARTESIAN_POINT('',(2.38005934804,-4.120055710592));
#3356 = CARTESIAN_POINT('',(2.427351375033,-4.130976784724));
#3357 = CARTESIAN_POINT('',(2.474525166962,-4.141744749598));
#3358 = CARTESIAN_POINT('',(2.521685542485,-4.152285704963));
#3359 = CARTESIAN_POINT('',(2.568924660016,-4.162526958235));
#3360 = CARTESIAN_POINT('',(2.616518076811,-4.172418662609));
#3361 = CARTESIAN_POINT('',(2.66426726428,-4.181834385118));
#3362 = CARTESIAN_POINT('',(2.712022269933,-4.190658981006));
#3363 = CARTESIAN_POINT('',(2.759564261814,-4.198757466365));
#3364 = CARTESIAN_POINT('',(2.806946608985,-4.206072604696));
#3365 = CARTESIAN_POINT('',(2.854330775442,-4.212570713095));
#3366 = CARTESIAN_POINT('',(2.901806937897,-4.218196630623));
#3367 = CARTESIAN_POINT('',(2.94951414945,-4.22291053984));
#3368 = CARTESIAN_POINT('',(2.997467619949,-4.226630920396));
#3369 = CARTESIAN_POINT('',(3.045484039859,-4.229320563323));
#3370 = CARTESIAN_POINT('',(3.093459365145,-4.23095694871));
#3371 = CARTESIAN_POINT('',(3.14117811118,-4.23152136669));
#3372 = CARTESIAN_POINT('',(3.188788620417,-4.230965178158));
#3373 = CARTESIAN_POINT('',(3.236545918871,-4.229308385419));
#3374 = CARTESIAN_POINT('',(3.284344591471,-4.226602215904));
#3375 = CARTESIAN_POINT('',(3.332170122634,-4.222889549826));
#3376 = CARTESIAN_POINT('',(3.37998082608,-4.21821543114));
#3377 = CARTESIAN_POINT('',(3.427739210203,-4.212624596051));
#3378 = CARTESIAN_POINT('',(3.475415240009,-4.206160848025));
#3379 = CARTESIAN_POINT('',(3.522952610357,-4.198872029232));
#3380 = CARTESIAN_POINT('',(3.57041091175,-4.190790759763));
#3381 = CARTESIAN_POINT('',(3.618140954263,-4.181984017385));
#3382 = CARTESIAN_POINT('',(3.665886969404,-4.172577328148));
#3383 = CARTESIAN_POINT('',(3.713538016416,-4.162680956598));
#3384 = CARTESIAN_POINT('',(3.760916551126,-4.152414572306));
#3385 = CARTESIAN_POINT('',(3.808134720003,-4.141864052244));
#3386 = CARTESIAN_POINT('',(3.855310778675,-4.131097471877));
#3387 = CARTESIAN_POINT('',(3.902548768005,-4.120189293912));
#3388 = CARTESIAN_POINT('',(3.949988738036,-4.109204248384));
#3389 = CARTESIAN_POINT('',(3.997567296351,-4.098259025749));
#3390 = CARTESIAN_POINT('',(4.045152137614,-4.0874773469));
#3391 = CARTESIAN_POINT('',(4.092649282483,-4.076973849484));
#3392 = CARTESIAN_POINT('',(4.139879060688,-4.066885062558));
#3393 = CARTESIAN_POINT('',(4.187085381394,-4.057239803068));
#3394 = CARTESIAN_POINT('',(4.234415094245,-4.048093962503));
#3395 = CARTESIAN_POINT('',(4.281932244536,-4.039520451849));
#3396 = CARTESIAN_POINT('',(4.329916571189,-4.0315567958));
#3397 = CARTESIAN_POINT('',(4.377749506069,-4.024387135238));
#3398 = CARTESIAN_POINT('',(4.425375508606,-4.018066506937));
#3399 = CARTESIAN_POINT('',(4.472916516828,-4.01262652563));
#3400 = CARTESIAN_POINT('',(4.520369904331,-4.008107000848));
#3401 = CARTESIAN_POINT('',(4.568057337498,-4.004538066998));
#3402 = CARTESIAN_POINT('',(4.615979092354,-4.001947362875));
#3403 = CARTESIAN_POINT('',(4.663989259831,-4.000364567339));
#3404 = CARTESIAN_POINT('',(4.712017832881,-3.999824069274));
#3405 = CARTESIAN_POINT('',(4.759847610504,-4.000339377396));
#3406 = CARTESIAN_POINT('',(4.807474956238,-4.001876166263));
#3407 = CARTESIAN_POINT('',(4.855044676113,-4.004423147048));
#3408 = CARTESIAN_POINT('',(4.902640839717,-4.007956772315));
#3409 = CARTESIAN_POINT('',(4.950437524636,-4.012479492447));
#3410 = CARTESIAN_POINT('',(4.998405161017,-4.017955659956));
#3411 = CARTESIAN_POINT('',(5.046346297845,-4.024299524068));
#3412 = CARTESIAN_POINT('',(5.094084037032,-4.03143359572));
#3413 = CARTESIAN_POINT('',(5.141510980199,-4.039295433695));
#3414 = CARTESIAN_POINT('',(5.189044234532,-4.047876159653));
#3415 = CARTESIAN_POINT('',(5.236574141467,-4.057064910898));
#3416 = CARTESIAN_POINT('',(5.284105476094,-4.066774252427));
#3417 = CARTESIAN_POINT('',(5.331608605428,-4.076910438892));
#3418 = CARTESIAN_POINT('',(5.37906223956,-4.087381538631));
#3419 = CARTESIAN_POINT('',(5.426439887105,-4.098094675575));
#3420 = CARTESIAN_POINT('',(5.473729972947,-4.108958937604));
#3421 = CARTESIAN_POINT('',(5.520877539673,-4.119876501207));
#3422 = CARTESIAN_POINT('',(5.568275336084,-4.130822762457));
#3423 = CARTESIAN_POINT('',(5.615801884065,-4.141672189005));
#3424 = CARTESIAN_POINT('',(5.663388454169,-4.152310840437));
#3425 = CARTESIAN_POINT('',(5.710984824027,-4.162626086855));
#3426 = CARTESIAN_POINT('',(5.758350731202,-4.172473786842));
#3427 = CARTESIAN_POINT('',(5.805612435533,-4.181796477796));
#3428 = CARTESIAN_POINT('',(5.852886128959,-4.190530077258));
#3429 = CARTESIAN_POINT('',(5.900249502784,-4.19861139204));
#3430 = CARTESIAN_POINT('',(5.947974651195,-4.205981520381));
#3431 = CARTESIAN_POINT('',(5.995906871882,-4.212553803911));
#3432 = CARTESIAN_POINT('',(6.043889869119,-4.218246398921));
#3433 = CARTESIAN_POINT('',(6.091718165251,-4.222962820804));
#3434 = CARTESIAN_POINT('',(6.139404268912,-4.226662533979));
#3435 = CARTESIAN_POINT('',(6.187135797559,-4.229341018651));
#3436 = CARTESIAN_POINT('',(6.235002787542,-4.23096748644));
#3437 = CARTESIAN_POINT('',(6.267083860858,-4.231334643));
#3438 = CARTESIAN_POINT('',(6.28318530718,-4.231334643));
#3439 = ( GEOMETRIC_REPRESENTATION_CONTEXT(2) 
PARAMETRIC_REPRESENTATION_CONTEXT() REPRESENTATION_CONTEXT('2D SPACE',''
  ) );
#3440 = ADVANCED_FACE('',(#3441),#688,.F.);
#3441 = FACE_BOUND('',#3442,.F.);
#3442 = EDGE_LOOP('',(#3443,#3444,#3465,#3466));
#3443 = ORIENTED_EDGE('',*,*,#3072,.T.);
#3444 = ORIENTED_EDGE('',*,*,#3445,.F.);
#3445 = EDGE_CURVE('',#672,#3073,#3446,.T.);
#3446 = SEAM_CURVE('',#3447,(#3451,#3458),.PCURVE_S1.);
#3447 = LINE('',#3448,#3449);
#3448 = CARTESIAN_POINT('',(-10.,13.,1.65));
#3449 = VECTOR('',#3450,1.);
#3450 = DIRECTION('',(1.,0.,0.));
#3451 = PCURVE('',#688,#3452);
#3452 = DEFINITIONAL_REPRESENTATION('',(#3453),#3457);
#3453 = LINE('',#3454,#3455);
#3454 = CARTESIAN_POINT('',(6.28318530718,0.));
#3455 = VECTOR('',#3456,1.);
#3456 = DIRECTION('',(0.,-1.));
#3457 = ( GEOMETRIC_REPRESENTATION_CONTEXT(2) 
PARAMETRIC_REPRESENTATION_CONTEXT() REPRESENTATION_CONTEXT('2D SPACE',''
  ) );
#3458 = PCURVE('',#688,#3459);
#3459 = DEFINITIONAL_REPRESENTATION('',(#3460),#3464);
#3460 = LINE('',#3461,#3462);
#3461 = CARTESIAN_POINT('',(0.,0.));
#3462 = VECTOR('',#3463,1.);
#3463 = DIRECTION('',(0.,-1.));
#3464 = ( GEOMETRIC_REPRESENTATION_CONTEXT(2) 
PARAMETRIC_REPRESENTATION_CONTEXT() REPRESENTATION_CONTEXT('2D SPACE',''
  ) );
#3465 = ORIENTED_EDGE('',*,*,#671,.F.);
#3466 = ORIENTED_EDGE('',*,*,#3445,.T.);
#3467 = ADVANCED_FACE('',(#3468),#109,.F.);
#3468 = FACE_BOUND('',#3469,.F.);
#3469 = EDGE_LOOP('',(#3470,#3471,#3492,#3493));
#3470 = ORIENTED_EDGE('',*,*,#1598,.T.);
#3471 = ORIENTED_EDGE('',*,*,#3472,.F.);
#3472 = EDGE_CURVE('',#93,#1599,#3473,.T.);
#3473 = SEAM_CURVE('',#3474,(#3478,#3485),.PCURVE_S1.);
#3474 = LINE('',#3475,#3476);
#3475 = CARTESIAN_POINT('',(129.,20.,-21.4));
#3476 = VECTOR('',#3477,1.);
#3477 = DIRECTION('',(-0.,-1.,-0.));
#3478 = PCURVE('',#109,#3479);
#3479 = DEFINITIONAL_REPRESENTATION('',(#3480),#3484);
#3480 = LINE('',#3481,#3482);
#3481 = CARTESIAN_POINT('',(6.28318530718,0.));
#3482 = VECTOR('',#3483,1.);
#3483 = DIRECTION('',(0.,-1.));
#3484 = ( GEOMETRIC_REPRESENTATION_CONTEXT(2) 
PARAMETRIC_REPRESENTATION_CONTEXT() REPRESENTATION_CONTEXT('2D SPACE',''
  ) );
#3485 = PCURVE('',#109,#3486);
#3486 = DEFINITIONAL_REPRESENTATION('',(#3487),#3491);
#3487 = LINE('',#3488,#3489);
#3488 = CARTESIAN_POINT('',(0.,0.));
#3489 = VECTOR('',#3490,1.);
#3490 = DIRECTION('',(0.,-1.));
#3491 = ( GEOMETRIC_REPRESENTATION_CONTEXT(2) 
PARAMETRIC_REPRESENTATION_CONTEXT() REPRESENTATION_CONTEXT('2D SPACE',''
  ) );
#3492 = ORIENTED_EDGE('',*,*,#92,.F.);
#3493 = ORIENTED_EDGE('',*,*,#3472,.T.);
#3494 = ADVANCED_FACE('',(#3495),#78,.F.);
#3495 = FACE_BOUND('',#3496,.F.);
#3496 = EDGE_LOOP('',(#3497,#3498,#3519,#3520));
#3497 = ORIENTED_EDGE('',*,*,#1572,.T.);
#3498 = ORIENTED_EDGE('',*,*,#3499,.F.);
#3499 = EDGE_CURVE('',#62,#1573,#3500,.T.);
#3500 = SEAM_CURVE('',#3501,(#3505,#3512),.PCURVE_S1.);
#3501 = LINE('',#3502,#3503);
#3502 = CARTESIAN_POINT('',(-4.,20.,-21.4));
#3503 = VECTOR('',#3504,1.);
#3504 = DIRECTION('',(-0.,-1.,-0.));
#3505 = PCURVE('',#78,#3506);
#3506 = DEFINITIONAL_REPRESENTATION('',(#3507),#3511);
#3507 = LINE('',#3508,#3509);
#3508 = CARTESIAN_POINT('',(6.28318530718,0.));
#3509 = VECTOR('',#3510,1.);
#3510 = DIRECTION('',(0.,-1.));
#3511 = ( GEOMETRIC_REPRESENTATION_CONTEXT(2) 
PARAMETRIC_REPRESENTATION_CONTEXT() REPRESENTATION_CONTEXT('2D SPACE',''
  ) );
#3512 = PCURVE('',#78,#3513);
#3513 = DEFINITIONAL_REPRESENTATION('',(#3514),#3518);
#3514 = LINE('',#3515,#3516);
#3515 = CARTESIAN_POINT('',(0.,0.));
#3516 = VECTOR('',#3517,1.);
#3517 = DIRECTION('',(0.,-1.));
#3518 = ( GEOMETRIC_REPRESENTATION_CONTEXT(2) 
PARAMETRIC_REPRESENTATION_CONTEXT() REPRESENTATION_CONTEXT('2D SPACE',''
  ) );
#3519 = ORIENTED_EDGE('',*,*,#61,.F.);
#3520 = ORIENTED_EDGE('',*,*,#3499,.T.);
#3521 = ADVANCED_FACE('',(#3522),#47,.F.);
#3522 = FACE_BOUND('',#3523,.F.);
#3523 = EDGE_LOOP('',(#3524,#3525,#3546,#3547));
#3524 = ORIENTED_EDGE('',*,*,#3047,.T.);
#3525 = ORIENTED_EDGE('',*,*,#3526,.F.);
#3526 = EDGE_CURVE('',#22,#3025,#3527,.T.);
#3527 = SEAM_CURVE('',#3528,(#3532,#3539),.PCURVE_S1.);
#3528 = LINE('',#3529,#3530);
#3529 = CARTESIAN_POINT('',(0.,20.,7.));
#3530 = VECTOR('',#3531,1.);
#3531 = DIRECTION('',(-0.,-0.707106781187,-0.707106781187));
#3532 = PCURVE('',#47,#3533);
#3533 = DEFINITIONAL_REPRESENTATION('',(#3534),#3538);
#3534 = LINE('',#3535,#3536);
#3535 = CARTESIAN_POINT('',(6.28318530718,1.000000000897));
#3536 = VECTOR('',#3537,1.);
#3537 = DIRECTION('',(0.,-1.));
#3538 = ( GEOMETRIC_REPRESENTATION_CONTEXT(2) 
PARAMETRIC_REPRESENTATION_CONTEXT() REPRESENTATION_CONTEXT('2D SPACE',''
  ) );
#3539 = PCURVE('',#47,#3540);
#3540 = DEFINITIONAL_REPRESENTATION('',(#3541),#3545);
#3541 = LINE('',#3542,#3543);
#3542 = CARTESIAN_POINT('',(0.,1.000000000897));
#3543 = VECTOR('',#3544,1.);
#3544 = DIRECTION('',(0.,-1.));
#3545 = ( GEOMETRIC_REPRESENTATION_CONTEXT(2) 
PARAMETRIC_REPRESENTATION_CONTEXT() REPRESENTATION_CONTEXT('2D SPACE',''
  ) );
#3546 = ORIENTED_EDGE('',*,*,#21,.T.);
#3547 = ORIENTED_EDGE('',*,*,#3526,.T.);
#3548 = ADVANCED_FACE('',(#3549),#331,.F.);
#3549 = FACE_BOUND('',#3550,.F.);
#3550 = EDGE_LOOP('',(#3551,#3552,#3553,#3554));
#3551 = ORIENTED_EDGE('',*,*,#1336,.F.);
#3552 = ORIENTED_EDGE('',*,*,#2567,.F.);
#3553 = ORIENTED_EDGE('',*,*,#310,.T.);
#3554 = ORIENTED_EDGE('',*,*,#2541,.F.);
#3555 = ( GEOMETRIC_REPRESENTATION_CONTEXT(3) 
GLOBAL_UNCERTAINTY_ASSIGNED_CONTEXT((#3559)) 
GLOBAL_UNIT_ASSIGNED_CONTEXT((#3556,#3557,#3558)) REPRESENTATION_CONTEXT
('Context #1','3D Context with UNIT and UNCERTAINTY') );
#3556 = ( LENGTH_UNIT() NAMED_UNIT(*) SI_UNIT(.MILLI.,.METRE.) );
#3557 = ( NAMED_UNIT(*) PLANE_ANGLE_UNIT() SI_UNIT($,.RADIAN.) );
#3558 = ( NAMED_UNIT(*) SI_UNIT($,.STERADIAN.) SOLID_ANGLE_UNIT() );
#3559 = UNCERTAINTY_MEASURE_WITH_UNIT(LENGTH_MEASURE(2.E-06),#3556,
  'distance_accuracy_value','confusion accuracy');
#3560 = PRODUCT_RELATED_PRODUCT_CATEGORY('part',$,(#7));
#3561 = MECHANICAL_DESIGN_GEOMETRIC_PRESENTATION_REPRESENTATION('',(
    #3562),#3555);
#3562 = STYLED_ITEM('color',(#3563),#15);
#3563 = PRESENTATION_STYLE_ASSIGNMENT((#3564));
#3564 = SURFACE_STYLE_USAGE(.BOTH.,#3565);
#3565 = SURFACE_SIDE_STYLE('',(#3566));
#3566 = SURFACE_STYLE_FILL_AREA(#3567);
#3567 = FILL_AREA_STYLE('',(#3568));
#3568 = FILL_AREA_STYLE_COLOUR('',#3569);
#3569 = COLOUR_RGB('',0.784313768564,0.784313768564,0.784313768564);
ENDSEC;
END-ISO-10303-21;
