ISO-10303-21;
HEADER;
/* Generated by software containing ST-Developer
 * from STEP Tools, Inc. (www.steptools.com) 
 */

FILE_DESCRIPTION(
/* description */ (''),
/* implementation_level */ '2;1');

FILE_NAME(
/* name */ '04_lathe-thread-turning.step',
/* time_stamp */ '2024-11-05T18:33:54+03:00',
/* author */ (''),
/* organization */ (''),
/* preprocessor_version */ 'ST-DEVELOPER v20',
/* originating_system */ 'Autodesk Translation Framework v13.14.0.145',

/* authorisation */ '');

FILE_SCHEMA (('AUTOMOTIVE_DESIGN { 1 0 10303 214 3 1 1 }'));
ENDSEC;

DATA;
#10=MECHANICAL_DESIGN_GEOMETRIC_PRESENTATION_REPRESENTATION('',(#13),#3783);
#11=SHAPE_REPRESENTATION_RELATIONSHIP('SRR','None',#3790,#12);
#12=ADVANCED_BREP_SHAPE_REPRESENTATION('',(#14),#3782);
#13=STYLED_ITEM('',(#3799),#14);
#14=MANIFOLD_SOLID_BREP('Body1',#654);
#15=CONICAL_SURFACE('',#698,52.5,0.785398163397448);
#16=CONICAL_SURFACE('',#702,52.5,0.785398163397449);
#17=CONICAL_SURFACE('',#708,27.5,0.785398163397446);
#18=CONICAL_SURFACE('',#718,17.5,0.785398163397448);
#19=FACE_BOUND('',#96,.T.);
#20=FACE_BOUND('',#99,.T.);
#21=FACE_BOUND('',#104,.T.);
#22=FACE_BOUND('',#108,.T.);
#23=FACE_BOUND('',#111,.T.);
#24=FACE_BOUND('',#115,.T.);
#25=PLANE('',#692);
#26=PLANE('',#696);
#27=PLANE('',#704);
#28=PLANE('',#710);
#29=PLANE('',#714);
#30=PLANE('',#720);
#31=B_SPLINE_SURFACE_WITH_KNOTS('',3,3,((#2039,#2040,#2041,#2042,#2043,
#2044,#2045,#2046,#2047,#2048,#2049,#2050,#2051,#2052,#2053,#2054,#2055,
#2056,#2057,#2058,#2059,#2060,#2061,#2062,#2063,#2064,#2065,#2066,#2067,
#2068,#2069,#2070,#2071,#2072,#2073,#2074,#2075,#2076,#2077,#2078,#2079,
#2080,#2081,#2082,#2083,#2084,#2085,#2086,#2087,#2088,#2089,#2090,#2091,
#2092,#2093,#2094,#2095,#2096,#2097,#2098,#2099,#2100,#2101,#2102,#2103,
#2104,#2105,#2106,#2107,#2108,#2109,#2110,#2111,#2112,#2113,#2114,#2115,
#2116,#2117,#2118,#2119,#2120,#2121,#2122,#2123,#2124,#2125,#2126,#2127,
#2128,#2129,#2130,#2131,#2132,#2133,#2134,#2135,#2136,#2137,#2138,#2139,
#2140,#2141,#2142,#2143,#2144,#2145,#2146,#2147,#2148,#2149,#2150,#2151,
#2152,#2153,#2154,#2155,#2156,#2157,#2158,#2159,#2160,#2161,#2162,#2163,
#2164,#2165,#2166,#2167,#2168,#2169,#2170,#2171),(#2172,#2173,#2174,#2175,
#2176,#2177,#2178,#2179,#2180,#2181,#2182,#2183,#2184,#2185,#2186,#2187,
#2188,#2189,#2190,#2191,#2192,#2193,#2194,#2195,#2196,#2197,#2198,#2199,
#2200,#2201,#2202,#2203,#2204,#2205,#2206,#2207,#2208,#2209,#2210,#2211,
#2212,#2213,#2214,#2215,#2216,#2217,#2218,#2219,#2220,#2221,#2222,#2223,
#2224,#2225,#2226,#2227,#2228,#2229,#2230,#2231,#2232,#2233,#2234,#2235,
#2236,#2237,#2238,#2239,#2240,#2241,#2242,#2243,#2244,#2245,#2246,#2247,
#2248,#2249,#2250,#2251,#2252,#2253,#2254,#2255,#2256,#2257,#2258,#2259,
#2260,#2261,#2262,#2263,#2264,#2265,#2266,#2267,#2268,#2269,#2270,#2271,
#2272,#2273,#2274,#2275,#2276,#2277,#2278,#2279,#2280,#2281,#2282,#2283,
#2284,#2285,#2286,#2287,#2288,#2289,#2290,#2291,#2292,#2293,#2294,#2295,
#2296,#2297,#2298,#2299,#2300,#2301,#2302,#2303,#2304),(#2305,#2306,#2307,
#2308,#2309,#2310,#2311,#2312,#2313,#2314,#2315,#2316,#2317,#2318,#2319,
#2320,#2321,#2322,#2323,#2324,#2325,#2326,#2327,#2328,#2329,#2330,#2331,
#2332,#2333,#2334,#2335,#2336,#2337,#2338,#2339,#2340,#2341,#2342,#2343,
#2344,#2345,#2346,#2347,#2348,#2349,#2350,#2351,#2352,#2353,#2354,#2355,
#2356,#2357,#2358,#2359,#2360,#2361,#2362,#2363,#2364,#2365,#2366,#2367,
#2368,#2369,#2370,#2371,#2372,#2373,#2374,#2375,#2376,#2377,#2378,#2379,
#2380,#2381,#2382,#2383,#2384,#2385,#2386,#2387,#2388,#2389,#2390,#2391,
#2392,#2393,#2394,#2395,#2396,#2397,#2398,#2399,#2400,#2401,#2402,#2403,
#2404,#2405,#2406,#2407,#2408,#2409,#2410,#2411,#2412,#2413,#2414,#2415,
#2416,#2417,#2418,#2419,#2420,#2421,#2422,#2423,#2424,#2425,#2426,#2427,
#2428,#2429,#2430,#2431,#2432,#2433,#2434,#2435,#2436,#2437),(#2438,#2439,
#2440,#2441,#2442,#2443,#2444,#2445,#2446,#2447,#2448,#2449,#2450,#2451,
#2452,#2453,#2454,#2455,#2456,#2457,#2458,#2459,#2460,#2461,#2462,#2463,
#2464,#2465,#2466,#2467,#2468,#2469,#2470,#2471,#2472,#2473,#2474,#2475,
#2476,#2477,#2478,#2479,#2480,#2481,#2482,#2483,#2484,#2485,#2486,#2487,
#2488,#2489,#2490,#2491,#2492,#2493,#2494,#2495,#2496,#2497,#2498,#2499,
#2500,#2501,#2502,#2503,#2504,#2505,#2506,#2507,#2508,#2509,#2510,#2511,
#2512,#2513,#2514,#2515,#2516,#2517,#2518,#2519,#2520,#2521,#2522,#2523,
#2524,#2525,#2526,#2527,#2528,#2529,#2530,#2531,#2532,#2533,#2534,#2535,
#2536,#2537,#2538,#2539,#2540,#2541,#2542,#2543,#2544,#2545,#2546,#2547,
#2548,#2549,#2550,#2551,#2552,#2553,#2554,#2555,#2556,#2557,#2558,#2559,
#2560,#2561,#2562,#2563,#2564,#2565,#2566,#2567,#2568,#2569,#2570)),
 .UNSPECIFIED.,.F.,.F.,.F.,(4,4),(4,1,1,1,1,1,1,1,1,1,1,1,1,1,1,1,1,1,1,
1,1,1,1,1,1,1,1,1,1,1,1,1,1,1,1,1,1,1,1,1,1,1,1,1,1,1,1,1,1,1,1,1,1,1,1,
1,1,1,1,1,1,1,1,1,1,1,1,1,1,1,1,1,1,1,1,1,1,1,1,1,1,1,1,1,1,1,1,1,1,1,1,
1,1,1,1,1,1,1,1,1,1,1,1,1,1,1,1,1,1,1,1,1,1,1,1,1,1,1,1,1,1,1,1,1,1,1,1,
1,1,1,4),(0.,0.231084445243148),(8.30203615430833,8.80131355586137,9.30059095741441,
9.79986835896745,10.2991457605205,10.7984231620735,11.2977005636266,11.7969779651796,
12.2962553667326,12.7955327682857,13.2948101698387,13.7940875713918,14.2933649729448,
14.7926423744978,15.2919197760509,15.7911971776039,16.290474579157,16.78975198071,
17.289029382263,17.7883067838161,18.2875841853691,18.7868615869222,19.2861389884752,
19.7854163900282,20.2846937915813,20.7839711931343,21.2832485946874,21.7825259962404,
22.2818033977934,22.7810807993465,23.2803582008995,23.7796356024526,24.2789130040056,
24.7781904055586,25.2774678071117,25.7767452086647,26.2760226102178,26.7753000117708,
27.2745774133238,27.7738548148769,28.2731322164299,28.772409617983,29.271687019536,
29.770964421089,30.2702418226421,30.7695192241951,31.2687966257482,31.7680740273012,
32.2673514288542,32.7666288304073,33.2659062319603,33.7651836335134,34.2644610350664,
34.7637384366194,35.2630158381725,35.7622932397255,36.2615706412786,36.7608480428316,
37.2601254443846,37.7594028459377,38.2586802474907,38.7579576490438,39.2572350505968,
39.7565124521498,40.2557898537029,40.7550672552559,41.254344656809,41.753622058362,
42.252899459915,42.7521768614681,43.2514542630211,43.7507316645742,44.2500090661272,
44.7492864676802,45.2485638692333,45.7478412707863,46.2471186723394,46.7463960738924,
47.2456734754454,47.7449508769985,48.2442282785515,48.7435056801046,49.2427830816576,
49.7420604832106,50.2413378847637,50.7406152863167,51.2398926878698,51.7391700894228,
52.2384474909758,52.7377248925289,53.2370022940819,53.736279695635,54.235557097188,
54.734834498741,55.2341119002941,55.7333893018471,56.2326667034002,56.7319441049532,
57.2312215065062,57.7304989080593,58.2297763096123,58.7290537111654,59.2283311127184,
59.7276085142714,60.2268859158245,60.7261633173775,61.2254407189306,61.7247181204836,
62.2239955220366,62.7232729235897,63.2225503251427,63.7218277266958,64.2211051282488,
64.7203825298018,65.2196599313549,65.7189373329079,66.218214734461,66.717492136014,
67.216769537567,67.7160469391201,68.2153243406731,68.7146017422262,69.2138791437792,
69.7131565453322,70.2124339468853,70.7117113484383,71.2109887499913,71.7102661515444,
72.2095435530974,72.7088209546505,73.2080983562035),.UNSPECIFIED.);
#32=B_SPLINE_SURFACE_WITH_KNOTS('',3,3,((#2893,#2894,#2895,#2896,#2897,
#2898,#2899,#2900,#2901,#2902,#2903,#2904,#2905,#2906,#2907,#2908,#2909,
#2910,#2911,#2912,#2913,#2914,#2915,#2916,#2917,#2918,#2919,#2920,#2921,
#2922,#2923,#2924,#2925,#2926,#2927,#2928,#2929,#2930,#2931,#2932,#2933,
#2934,#2935,#2936,#2937,#2938,#2939,#2940,#2941,#2942,#2943,#2944,#2945,
#2946,#2947,#2948,#2949,#2950,#2951,#2952,#2953,#2954,#2955,#2956,#2957,
#2958,#2959,#2960,#2961,#2962,#2963,#2964,#2965,#2966,#2967,#2968,#2969,
#2970,#2971,#2972,#2973,#2974,#2975,#2976,#2977,#2978,#2979,#2980,#2981,
#2982,#2983,#2984,#2985,#2986,#2987,#2988,#2989,#2990,#2991,#2992,#2993,
#2994,#2995,#2996,#2997,#2998,#2999,#3000,#3001,#3002,#3003,#3004,#3005,
#3006,#3007,#3008,#3009,#3010,#3011,#3012,#3013,#3014,#3015,#3016,#3017,
#3018,#3019,#3020,#3021,#3022,#3023,#3024,#3025),(#3026,#3027,#3028,#3029,
#3030,#3031,#3032,#3033,#3034,#3035,#3036,#3037,#3038,#3039,#3040,#3041,
#3042,#3043,#3044,#3045,#3046,#3047,#3048,#3049,#3050,#3051,#3052,#3053,
#3054,#3055,#3056,#3057,#3058,#3059,#3060,#3061,#3062,#3063,#3064,#3065,
#3066,#3067,#3068,#3069,#3070,#3071,#3072,#3073,#3074,#3075,#3076,#3077,
#3078,#3079,#3080,#3081,#3082,#3083,#3084,#3085,#3086,#3087,#3088,#3089,
#3090,#3091,#3092,#3093,#3094,#3095,#3096,#3097,#3098,#3099,#3100,#3101,
#3102,#3103,#3104,#3105,#3106,#3107,#3108,#3109,#3110,#3111,#3112,#3113,
#3114,#3115,#3116,#3117,#3118,#3119,#3120,#3121,#3122,#3123,#3124,#3125,
#3126,#3127,#3128,#3129,#3130,#3131,#3132,#3133,#3134,#3135,#3136,#3137,
#3138,#3139,#3140,#3141,#3142,#3143,#3144,#3145,#3146,#3147,#3148,#3149,
#3150,#3151,#3152,#3153,#3154,#3155,#3156,#3157,#3158),(#3159,#3160,#3161,
#3162,#3163,#3164,#3165,#3166,#3167,#3168,#3169,#3170,#3171,#3172,#3173,
#3174,#3175,#3176,#3177,#3178,#3179,#3180,#3181,#3182,#3183,#3184,#3185,
#3186,#3187,#3188,#3189,#3190,#3191,#3192,#3193,#3194,#3195,#3196,#3197,
#3198,#3199,#3200,#3201,#3202,#3203,#3204,#3205,#3206,#3207,#3208,#3209,
#3210,#3211,#3212,#3213,#3214,#3215,#3216,#3217,#3218,#3219,#3220,#3221,
#3222,#3223,#3224,#3225,#3226,#3227,#3228,#3229,#3230,#3231,#3232,#3233,
#3234,#3235,#3236,#3237,#3238,#3239,#3240,#3241,#3242,#3243,#3244,#3245,
#3246,#3247,#3248,#3249,#3250,#3251,#3252,#3253,#3254,#3255,#3256,#3257,
#3258,#3259,#3260,#3261,#3262,#3263,#3264,#3265,#3266,#3267,#3268,#3269,
#3270,#3271,#3272,#3273,#3274,#3275,#3276,#3277,#3278,#3279,#3280,#3281,
#3282,#3283,#3284,#3285,#3286,#3287,#3288,#3289,#3290,#3291),(#3292,#3293,
#3294,#3295,#3296,#3297,#3298,#3299,#3300,#3301,#3302,#3303,#3304,#3305,
#3306,#3307,#3308,#3309,#3310,#3311,#3312,#3313,#3314,#3315,#3316,#3317,
#3318,#3319,#3320,#3321,#3322,#3323,#3324,#3325,#3326,#3327,#3328,#3329,
#3330,#3331,#3332,#3333,#3334,#3335,#3336,#3337,#3338,#3339,#3340,#3341,
#3342,#3343,#3344,#3345,#3346,#3347,#3348,#3349,#3350,#3351,#3352,#3353,
#3354,#3355,#3356,#3357,#3358,#3359,#3360,#3361,#3362,#3363,#3364,#3365,
#3366,#3367,#3368,#3369,#3370,#3371,#3372,#3373,#3374,#3375,#3376,#3377,
#3378,#3379,#3380,#3381,#3382,#3383,#3384,#3385,#3386,#3387,#3388,#3389,
#3390,#3391,#3392,#3393,#3394,#3395,#3396,#3397,#3398,#3399,#3400,#3401,
#3402,#3403,#3404,#3405,#3406,#3407,#3408,#3409,#3410,#3411,#3412,#3413,
#3414,#3415,#3416,#3417,#3418,#3419,#3420,#3421,#3422,#3423,#3424)),
 .UNSPECIFIED.,.F.,.F.,.F.,(4,4),(4,1,1,1,1,1,1,1,1,1,1,1,1,1,1,1,1,1,1,
1,1,1,1,1,1,1,1,1,1,1,1,1,1,1,1,1,1,1,1,1,1,1,1,1,1,1,1,1,1,1,1,1,1,1,1,
1,1,1,1,1,1,1,1,1,1,1,1,1,1,1,1,1,1,1,1,1,1,1,1,1,1,1,1,1,1,1,1,1,1,1,1,
1,1,1,1,1,1,1,1,1,1,1,1,1,1,1,1,1,1,1,1,1,1,1,1,1,1,1,1,1,1,1,1,1,1,1,1,
1,1,1,4),(0.,0.231084445243148),(11.6149032907208,12.1141806922738,12.6134580938269,
13.1127354953799,13.612012896933,14.111290298486,14.610567700039,15.1098451015921,
15.6091225031451,16.1083999046982,16.6076773062512,17.1069547078042,17.6062321093573,
18.1055095109103,18.6047869124634,19.1040643140164,19.6033417155694,20.1026191171225,
20.6018965186755,21.1011739202286,21.6004513217816,22.0997287233346,22.5990061248877,
23.0982835264407,23.5975609279938,24.0968383295468,24.5961157310998,25.0953931326529,
25.5946705342059,26.093947935759,26.593225337312,27.092502738865,27.5917801404181,
28.0910575419711,28.5903349435242,29.0896123450772,29.5888897466302,30.0881671481833,
30.5874445497363,31.0867219512894,31.5859993528424,32.0852767543954,32.5845541559485,
33.0838315575015,33.5831089590546,34.0823863606076,34.5816637621606,35.0809411637137,
35.5802185652667,36.0794959668198,36.5787733683728,37.0780507699258,37.5773281714789,
38.0766055730319,38.575882974585,39.075160376138,39.574437777691,40.0737151792441,
40.5729925807971,41.0722699823502,41.5715473839032,42.0708247854562,42.5701021870093,
43.0693795885623,43.5686569901154,44.0679343916684,44.5672117932214,45.0664891947745,
45.5657665963275,46.0650439978806,46.5643213994336,47.0635988009866,47.5628762025397,
48.0621536040927,48.5614310056458,49.0607084071988,49.5599858087518,50.0592632103049,
50.5585406118579,51.057818013411,51.557095414964,52.056372816517,52.5556502180701,
53.0549276196231,53.5542050211762,54.0534824227292,54.5527598242822,55.0520372258353,
55.5513146273883,56.0505920289414,56.5498694304944,57.0491468320474,57.5484242336005,
58.0477016351535,58.5469790367065,59.0462564382596,59.5455338398126,60.0448112413657,
60.5440886429187,61.0433660444717,61.5426434460248,62.0419208475778,62.5411982491309,
63.0404756506839,63.5397530522369,64.03903045379,64.538307855343,65.0375852568961,
65.5368626584491,66.0361400600021,66.5354174615552,67.0346948631082,67.5339722646613,
68.0332496662143,68.5325270677673,69.0318044693204,69.5310818708734,70.0303592724265,
70.5296366739795,71.0289140755325,71.5281914770856,72.0274688786386,72.5267462801917,
73.0260236817447,73.5253010832977,74.0245784848508,74.5238558864038,75.0231332879569,
75.5224106895099,76.0216880910629,76.520965492616),.UNSPECIFIED.);
#33=FACE_OUTER_BOUND('',#72,.T.);
#34=FACE_OUTER_BOUND('',#73,.T.);
#35=FACE_OUTER_BOUND('',#74,.T.);
#36=FACE_OUTER_BOUND('',#75,.T.);
#37=FACE_OUTER_BOUND('',#76,.T.);
#38=FACE_OUTER_BOUND('',#77,.T.);
#39=FACE_OUTER_BOUND('',#78,.T.);
#40=FACE_OUTER_BOUND('',#79,.T.);
#41=FACE_OUTER_BOUND('',#80,.T.);
#42=FACE_OUTER_BOUND('',#81,.T.);
#43=FACE_OUTER_BOUND('',#82,.T.);
#44=FACE_OUTER_BOUND('',#83,.T.);
#45=FACE_OUTER_BOUND('',#84,.T.);
#46=FACE_OUTER_BOUND('',#85,.T.);
#47=FACE_OUTER_BOUND('',#86,.T.);
#48=FACE_OUTER_BOUND('',#87,.T.);
#49=FACE_OUTER_BOUND('',#88,.T.);
#50=FACE_OUTER_BOUND('',#89,.T.);
#51=FACE_OUTER_BOUND('',#90,.T.);
#52=FACE_OUTER_BOUND('',#91,.T.);
#53=FACE_OUTER_BOUND('',#92,.T.);
#54=FACE_OUTER_BOUND('',#93,.T.);
#55=FACE_OUTER_BOUND('',#94,.T.);
#56=FACE_OUTER_BOUND('',#95,.T.);
#57=FACE_OUTER_BOUND('',#97,.T.);
#58=FACE_OUTER_BOUND('',#98,.T.);
#59=FACE_OUTER_BOUND('',#100,.T.);
#60=FACE_OUTER_BOUND('',#101,.T.);
#61=FACE_OUTER_BOUND('',#102,.T.);
#62=FACE_OUTER_BOUND('',#103,.T.);
#63=FACE_OUTER_BOUND('',#105,.T.);
#64=FACE_OUTER_BOUND('',#106,.T.);
#65=FACE_OUTER_BOUND('',#107,.T.);
#66=FACE_OUTER_BOUND('',#109,.T.);
#67=FACE_OUTER_BOUND('',#110,.T.);
#68=FACE_OUTER_BOUND('',#112,.T.);
#69=FACE_OUTER_BOUND('',#113,.T.);
#70=FACE_OUTER_BOUND('',#114,.T.);
#71=FACE_OUTER_BOUND('',#116,.T.);
#72=EDGE_LOOP('',(#398,#399,#400,#401));
#73=EDGE_LOOP('',(#402,#403,#404,#405));
#74=EDGE_LOOP('',(#406,#407,#408,#409));
#75=EDGE_LOOP('',(#410,#411,#412,#413));
#76=EDGE_LOOP('',(#414,#415,#416,#417));
#77=EDGE_LOOP('',(#418,#419,#420,#421));
#78=EDGE_LOOP('',(#422,#423,#424,#425));
#79=EDGE_LOOP('',(#426,#427,#428,#429));
#80=EDGE_LOOP('',(#430,#431,#432,#433));
#81=EDGE_LOOP('',(#434,#435,#436,#437));
#82=EDGE_LOOP('',(#438,#439,#440,#441));
#83=EDGE_LOOP('',(#442,#443,#444,#445));
#84=EDGE_LOOP('',(#446,#447,#448,#449));
#85=EDGE_LOOP('',(#450,#451,#452,#453));
#86=EDGE_LOOP('',(#454,#455,#456,#457));
#87=EDGE_LOOP('',(#458,#459,#460,#461));
#88=EDGE_LOOP('',(#462,#463,#464,#465));
#89=EDGE_LOOP('',(#466,#467,#468,#469));
#90=EDGE_LOOP('',(#470,#471,#472,#473));
#91=EDGE_LOOP('',(#474,#475,#476,#477));
#92=EDGE_LOOP('',(#478,#479,#480,#481,#482,#483,#484,#485,#486,#487,#488,
#489,#490,#491,#492,#493,#494,#495,#496,#497,#498,#499,#500,#501));
#93=EDGE_LOOP('',(#502,#503,#504,#505));
#94=EDGE_LOOP('',(#506,#507,#508,#509,#510,#511,#512,#513,#514,#515,#516,
#517,#518,#519,#520,#521,#522,#523,#524,#525,#526,#527,#528,#529));
#95=EDGE_LOOP('',(#530,#531,#532,#533));
#96=EDGE_LOOP('',(#534));
#97=EDGE_LOOP('',(#535,#536,#537,#538));
#98=EDGE_LOOP('',(#539));
#99=EDGE_LOOP('',(#540,#541,#542,#543));
#100=EDGE_LOOP('',(#544,#545,#546,#547));
#101=EDGE_LOOP('',(#548,#549,#550,#551));
#102=EDGE_LOOP('',(#552,#553,#554,#555));
#103=EDGE_LOOP('',(#556));
#104=EDGE_LOOP('',(#557));
#105=EDGE_LOOP('',(#558,#559,#560,#561));
#106=EDGE_LOOP('',(#562,#563,#564,#565));
#107=EDGE_LOOP('',(#566));
#108=EDGE_LOOP('',(#567));
#109=EDGE_LOOP('',(#568,#569,#570,#571));
#110=EDGE_LOOP('',(#572));
#111=EDGE_LOOP('',(#573));
#112=EDGE_LOOP('',(#574,#575,#576,#577));
#113=EDGE_LOOP('',(#578,#579,#580,#581));
#114=EDGE_LOOP('',(#582));
#115=EDGE_LOOP('',(#583));
#116=EDGE_LOOP('',(#584,#585,#586,#587));
#117=CIRCLE('',#669,14.86725);
#118=CIRCLE('',#680,12.866);
#119=CIRCLE('',#691,12.866);
#120=CIRCLE('',#693,10.);
#121=CIRCLE('',#695,14.86725);
#122=CIRCLE('',#697,50.);
#123=CIRCLE('',#699,55.);
#124=CIRCLE('',#701,55.);
#125=CIRCLE('',#703,50.);
#126=CIRCLE('',#705,30.);
#127=CIRCLE('',#707,30.);
#128=CIRCLE('',#709,25.);
#129=CIRCLE('',#711,15.);
#130=CIRCLE('',#713,15.);
#131=CIRCLE('',#715,20.);
#132=CIRCLE('',#717,20.);
#133=CIRCLE('',#719,15.);
#134=CIRCLE('',#721,10.);
#135=B_SPLINE_CURVE_WITH_KNOTS('',3,(#870,#871,#872,#873,#874,#875,#876,
#877,#878,#879,#880,#881,#882,#883,#884,#885),.UNSPECIFIED.,.F.,.F.,(4,
3,3,3,3,4),(-4.09305997722812,-3.99421921242432,-3.49494181087128,-2.99566440931824,
-2.4963870077652,-2.07420913009928),.UNSPECIFIED.);
#136=B_SPLINE_CURVE_WITH_KNOTS('',3,(#888,#889,#890,#891,#892,#893,#894,
#895,#896,#897),.UNSPECIFIED.,.F.,.F.,(4,3,3,4),(0.,0.499277401553034,0.998554803106077,
1.12274180646097),.UNSPECIFIED.);
#137=B_SPLINE_CURVE_WITH_KNOTS('',3,(#902,#903,#904,#905,#906,#907,#908,
#909,#910,#911,#912,#913,#914,#915,#916,#917,#918,#919,#920,#921,#922,#923,
#924,#925,#926,#927,#928,#929,#930,#931,#932,#933,#934,#935,#936,#937,#938,
#939,#940,#941),.UNSPECIFIED.,.F.,.F.,(4,3,3,3,3,3,3,3,3,3,3,3,3,4),(-10.3762452844077,
-9.9855480310608,-9.48627062950776,-8.98699322795471,-8.48771582640168,
-7.98843842484864,-7.4891610232956,-6.98988362174256,-6.49060622018951,
-5.99132881863648,-5.49205141708344,-4.9927740155304,-4.49349661397736,
-4.09305997722812),.UNSPECIFIED.);
#138=B_SPLINE_CURVE_WITH_KNOTS('',3,(#942,#943,#944,#945,#946,#947,#948,
#949,#950,#951,#952,#953,#954,#955,#956,#957,#958,#959,#960,#961,#962,#963,
#964,#965,#966,#967,#968,#969,#970,#971,#972,#973,#974,#975,#976,#977,#978,
#979,#980,#981),.UNSPECIFIED.,.F.,.F.,(4,3,3,3,3,3,3,3,3,3,3,3,3,4),(1.12274180646097,
1.49783220465912,1.99710960621216,2.4963870077652,2.99566440931824,3.49494181087128,
3.99421921242432,4.49349661397736,4.9927740155304,5.49205141708343,5.99132881863647,
6.49060622018952,6.98988362174256,7.40592711364056),.UNSPECIFIED.);
#139=B_SPLINE_CURVE_WITH_KNOTS('',3,(#986,#987,#988,#989,#990,#991,#992,
#993,#994,#995,#996,#997,#998,#999,#1000,#1001,#1002,#1003,#1004,#1005,
#1006,#1007,#1008,#1009,#1010,#1011,#1012,#1013,#1014,#1015,#1016,#1017,
#1018,#1019,#1020,#1021,#1022,#1023,#1024,#1025,#1026,#1027,#1028),
 .UNSPECIFIED.,.F.,.F.,(4,3,3,3,3,3,3,3,3,3,3,3,3,3,4),(-16.6594305915873,
-16.4761542512503,-15.9768768496973,-15.4775994481442,-14.9783220465912,
-14.4790446450382,-13.9797672434851,-13.4804898419321,-12.981212440379,
-12.481935038826,-11.982657637273,-11.4833802357199,-10.9841028341669,-10.4848254326138,
-10.3762452844077),.UNSPECIFIED.);
#140=B_SPLINE_CURVE_WITH_KNOTS('',3,(#1029,#1030,#1031,#1032,#1033,#1034,
#1035,#1036,#1037,#1038,#1039,#1040,#1041,#1042,#1043,#1044,#1045,#1046,
#1047,#1048,#1049,#1050,#1051,#1052,#1053,#1054,#1055,#1056,#1057,#1058,
#1059,#1060,#1061,#1062,#1063,#1064,#1065,#1066,#1067,#1068,#1069,#1070,
#1071),.UNSPECIFIED.,.F.,.F.,(4,3,3,3,3,3,3,3,3,3,3,3,3,3,4),(7.40592711364056,
7.48916102329559,7.98843842484863,8.48771582640168,8.98699322795471,9.48627062950776,
9.9855480310608,10.4848254326138,10.9841028341669,11.4833802357199,11.982657637273,
12.481935038826,12.981212440379,13.4804898419321,13.6891124208201),
 .UNSPECIFIED.);
#141=B_SPLINE_CURVE_WITH_KNOTS('',3,(#1076,#1077,#1078,#1079,#1080,#1081,
#1082,#1083,#1084,#1085,#1086,#1087,#1088,#1089,#1090,#1091,#1092,#1093,
#1094,#1095,#1096,#1097,#1098,#1099,#1100,#1101,#1102,#1103,#1104,#1105,
#1106,#1107,#1108,#1109,#1110,#1111,#1112,#1113,#1114,#1115),
 .UNSPECIFIED.,.F.,.F.,(4,3,3,3,3,3,3,3,3,3,3,3,3,4),(-22.9426158987669,
-22.4674830698868,-21.9682056683337,-21.4689282667807,-20.9696508652277,
-20.4703734636746,-19.9710960621216,-19.4718186605686,-18.9725412590155,
-18.4732638574625,-17.9739864559094,-17.4747090543564,-16.9754316528034,
-16.6594305915873),.UNSPECIFIED.);
#142=B_SPLINE_CURVE_WITH_KNOTS('',3,(#1116,#1117,#1118,#1119,#1120,#1121,
#1122,#1123,#1124,#1125,#1126,#1127,#1128,#1129,#1130,#1131,#1132,#1133,
#1134,#1135,#1136,#1137,#1138,#1139,#1140,#1141,#1142,#1143,#1144,#1145,
#1146,#1147,#1148,#1149,#1150,#1151,#1152,#1153,#1154,#1155,#1156,#1157,
#1158),.UNSPECIFIED.,.F.,.F.,(4,3,3,3,3,3,3,3,3,3,3,3,3,3,4),(13.6891124208201,
13.9797672434851,14.4790446450382,14.9783220465912,15.4775994481442,15.9768768496973,
16.4761542512503,16.9754316528034,17.4747090543564,17.9739864559094,18.4732638574625,
18.9725412590155,19.4718186605686,19.9710960621216,19.9722977279997),
 .UNSPECIFIED.);
#143=B_SPLINE_CURVE_WITH_KNOTS('',3,(#1163,#1164,#1165,#1166,#1167,#1168,
#1169,#1170,#1171,#1172,#1173,#1174,#1175,#1176,#1177,#1178,#1179,#1180,
#1181,#1182,#1183,#1184,#1185,#1186,#1187,#1188,#1189,#1190,#1191,#1192,
#1193,#1194,#1195,#1196,#1197,#1198,#1199,#1200,#1201,#1202,#1203,#1204,
#1205),.UNSPECIFIED.,.F.,.F.,(4,3,3,3,3,3,3,3,3,3,3,3,3,3,4),(-29.2258012059465,
-28.9580892900763,-28.4588118885233,-27.9595344869702,-27.4602570854172,
-26.9609796838641,-26.4617022823111,-25.9624248807581,-25.463147479205,
-24.963870077652,-24.4645926760989,-23.9653152745459,-23.4660378729929,
-22.9667604714398,-22.9426158987669),.UNSPECIFIED.);
#144=B_SPLINE_CURVE_WITH_KNOTS('',3,(#1206,#1207,#1208,#1209,#1210,#1211,
#1212,#1213,#1214,#1215,#1216,#1217,#1218,#1219,#1220,#1221,#1222,#1223,
#1224,#1225,#1226,#1227,#1228,#1229,#1230,#1231,#1232,#1233,#1234,#1235,
#1236,#1237,#1238,#1239,#1240,#1241,#1242,#1243,#1244,#1245),
 .UNSPECIFIED.,.F.,.F.,(4,3,3,3,3,3,3,3,3,3,3,3,3,4),(19.9722977279997,
20.4703734636746,20.9696508652277,21.4689282667807,21.9682056683338,22.4674830698868,
22.9667604714398,23.4660378729929,23.9653152745459,24.464592676099,24.963870077652,
25.463147479205,25.9624248807581,26.2554830351793),.UNSPECIFIED.);
#145=B_SPLINE_CURVE_WITH_KNOTS('',3,(#1250,#1251,#1252,#1253,#1254,#1255,
#1256,#1257,#1258,#1259,#1260,#1261,#1262,#1263,#1264,#1265,#1266,#1267,
#1268,#1269,#1270,#1271,#1272,#1273,#1274,#1275,#1276,#1277,#1278,#1279,
#1280,#1281,#1282,#1283,#1284,#1285,#1286,#1287,#1288,#1289,#1290,#1291,
#1292),.UNSPECIFIED.,.F.,.F.,(4,3,3,3,3,3,3,3,3,3,3,3,3,3,4),(-35.508986513126,
-35.4486955102658,-34.9494181087128,-34.4501407071597,-33.9508633056067,
-33.4515859040537,-32.9523085025006,-32.4530311009476,-31.9537536993945,
-31.4544762978415,-30.9551988962885,-30.4559214947354,-29.9566440931824,
-29.4573666916293,-29.2258012059465),.UNSPECIFIED.);
#146=B_SPLINE_CURVE_WITH_KNOTS('',3,(#1293,#1294,#1295,#1296,#1297,#1298,
#1299,#1300,#1301,#1302,#1303,#1304,#1305,#1306,#1307,#1308,#1309,#1310,
#1311,#1312,#1313,#1314,#1315,#1316,#1317,#1318,#1319,#1320,#1321,#1322,
#1323,#1324,#1325,#1326,#1327,#1328,#1329,#1330,#1331,#1332,#1333,#1334,
#1335),.UNSPECIFIED.,.F.,.F.,(4,3,3,3,3,3,3,3,3,3,3,3,3,3,4),(26.2554830351793,
26.4617022823111,26.9609796838642,27.4602570854172,27.9595344869702,28.4588118885233,
28.9580892900763,29.4573666916294,29.9566440931824,30.4559214947354,30.9551988962885,
31.4544762978415,31.9537536993945,32.4530311009476,32.5386683423589),
 .UNSPECIFIED.);
#147=B_SPLINE_CURVE_WITH_KNOTS('',3,(#1340,#1341,#1342,#1343,#1344,#1345,
#1346,#1347,#1348,#1349,#1350,#1351,#1352,#1353,#1354,#1355,#1356,#1357,
#1358,#1359,#1360,#1361,#1362,#1363,#1364,#1365,#1366,#1367,#1368,#1369,
#1370,#1371,#1372,#1373,#1374,#1375,#1376,#1377,#1378,#1379),
 .UNSPECIFIED.,.F.,.F.,(4,3,3,3,3,3,3,3,3,3,3,3,3,4),(-41.7921718203056,
-41.4400243289023,-40.9407469273493,-40.4414695257962,-39.9421921242432,
-39.4429147226901,-38.9436373211371,-38.4443599195841,-37.945082518031,
-37.445805116478,-36.9465277149249,-36.4472503133719,-35.9479729118189,
-35.508986513126),.UNSPECIFIED.);
#148=B_SPLINE_CURVE_WITH_KNOTS('',3,(#1380,#1381,#1382,#1383,#1384,#1385,
#1386,#1387,#1388,#1389,#1390,#1391,#1392,#1393,#1394,#1395,#1396,#1397,
#1398,#1399,#1400,#1401,#1402,#1403,#1404,#1405,#1406,#1407,#1408,#1409,
#1410,#1411,#1412,#1413,#1414,#1415,#1416,#1417,#1418,#1419),
 .UNSPECIFIED.,.F.,.F.,(4,3,3,3,3,3,3,3,3,3,3,3,3,4),(32.5386683423589,
32.9523085025006,33.4515859040537,33.9508633056067,34.4501407071598,34.9494181087128,
35.4486955102658,35.9479729118189,36.4472503133719,36.946527714925,37.445805116478,
37.945082518031,38.4443599195841,38.8218536495385),.UNSPECIFIED.);
#149=B_SPLINE_CURVE_WITH_KNOTS('',3,(#1424,#1425,#1426,#1427,#1428,#1429,
#1430,#1431,#1432,#1433,#1434,#1435,#1436,#1437,#1438,#1439,#1440,#1441,
#1442,#1443,#1444,#1445,#1446,#1447,#1448,#1449,#1450,#1451,#1452,#1453,
#1454,#1455,#1456,#1457,#1458,#1459,#1460,#1461,#1462,#1463,#1464,#1465,
#1466),.UNSPECIFIED.,.F.,.F.,(4,3,3,3,3,3,3,3,3,3,3,3,3,3,4),(-48.0753571274852,
-47.9306305490918,-47.4313531475388,-46.9320757459857,-46.4327983444327,
-45.9335209428797,-45.4342435413266,-44.9349661397736,-44.4356887382205,
-43.9364113366675,-43.4371339351145,-42.9378565335614,-42.4385791320084,
-41.9393017304553,-41.7921718203056),.UNSPECIFIED.);
#150=B_SPLINE_CURVE_WITH_KNOTS('',3,(#1467,#1468,#1469,#1470,#1471,#1472,
#1473,#1474,#1475,#1476,#1477,#1478,#1479,#1480,#1481,#1482,#1483,#1484,
#1485,#1486,#1487,#1488,#1489,#1490,#1491,#1492,#1493,#1494,#1495,#1496,
#1497,#1498,#1499,#1500,#1501,#1502,#1503,#1504,#1505,#1506,#1507,#1508,
#1509),.UNSPECIFIED.,.F.,.F.,(4,3,3,3,3,3,3,3,3,3,3,3,3,3,4),(38.8218536495385,
38.9436373211371,39.4429147226902,39.9421921242432,40.4414695257962,40.9407469273493,
41.4400243289023,41.9393017304554,42.4385791320084,42.9378565335614,43.4371339351145,
43.9364113366675,44.4356887382205,44.9349661397736,45.1050389567181),
 .UNSPECIFIED.);
#151=B_SPLINE_CURVE_WITH_KNOTS('',3,(#1514,#1515,#1516,#1517,#1518,#1519,
#1520,#1521,#1522,#1523,#1524,#1525,#1526,#1527,#1528,#1529,#1530,#1531,
#1532,#1533,#1534,#1535,#1536,#1537,#1538,#1539,#1540,#1541,#1542,#1543,
#1544,#1545,#1546,#1547,#1548,#1549,#1550,#1551,#1552,#1553),
 .UNSPECIFIED.,.F.,.F.,(4,3,3,3,3,3,3,3,3,3,3,3,3,4),(-54.3585424346648,
-53.9219593677283,-53.4226819661752,-52.9234045646222,-52.4241271630692,
-51.9248497615161,-51.4255723599631,-50.9262949584101,-50.427017556857,
-49.927740155304,-49.4284627537509,-48.9291853521979,-48.4299079506449,
-48.0753571274852),.UNSPECIFIED.);
#152=B_SPLINE_CURVE_WITH_KNOTS('',3,(#1554,#1555,#1556,#1557,#1558,#1559,
#1560,#1561,#1562,#1563,#1564,#1565,#1566,#1567,#1568,#1569,#1570,#1571,
#1572,#1573,#1574,#1575,#1576,#1577,#1578,#1579,#1580,#1581,#1582,#1583,
#1584,#1585,#1586,#1587,#1588,#1589,#1590,#1591,#1592,#1593),
 .UNSPECIFIED.,.F.,.F.,(4,3,3,3,3,3,3,3,3,3,3,3,3,4),(45.1050389567181,
45.4342435413266,45.9335209428797,46.4327983444327,46.9320757459858,47.4313531475388,
47.9306305490918,48.4299079506449,48.9291853521979,49.4284627537509,49.927740155304,
50.427017556857,50.9262949584101,51.3882242638977),.UNSPECIFIED.);
#153=B_SPLINE_CURVE_WITH_KNOTS('',3,(#1598,#1599,#1600,#1601,#1602,#1603,
#1604,#1605,#1606,#1607,#1608,#1609,#1610,#1611,#1612,#1613,#1614,#1615,
#1616,#1617,#1618,#1619,#1620,#1621,#1622,#1623,#1624,#1625,#1626,#1627,
#1628,#1629,#1630,#1631,#1632,#1633,#1634,#1635,#1636,#1637,#1638,#1639,
#1640),.UNSPECIFIED.,.F.,.F.,(4,3,3,3,3,3,3,3,3,3,3,3,3,3,4),(-60.6417277418444,
-60.4125655879178,-59.9132881863648,-59.4140107848117,-58.9147333832587,
-58.4154559817057,-57.9161785801526,-57.4169011785996,-56.9176237770465,
-56.4183463754935,-55.9190689739405,-55.4197915723874,-54.9205141708344,
-54.4212367692813,-54.3585424346648),.UNSPECIFIED.);
#154=B_SPLINE_CURVE_WITH_KNOTS('',3,(#1641,#1642,#1643,#1644,#1645,#1646,
#1647,#1648,#1649,#1650,#1651,#1652,#1653,#1654,#1655,#1656,#1657,#1658,
#1659,#1660,#1661,#1662,#1663,#1664,#1665,#1666,#1667,#1668,#1669,#1670,
#1671,#1672,#1673,#1674,#1675,#1676,#1677,#1678,#1679,#1680,#1681,#1682,
#1683),.UNSPECIFIED.,.F.,.F.,(4,3,3,3,3,3,3,3,3,3,3,3,3,3,4),(51.3882242638977,
51.4255723599631,51.9248497615161,52.4241271630692,52.9234045646222,53.4226819661753,
53.9219593677283,54.4212367692814,54.9205141708344,55.4197915723874,55.9190689739405,
56.4183463754935,56.9176237770465,57.4169011785996,57.6714095710773),
 .UNSPECIFIED.);
#155=B_SPLINE_CURVE_WITH_KNOTS('',3,(#1689,#1690,#1691,#1692,#1693,#1694,
#1695,#1696),.UNSPECIFIED.,.F.,.F.,(4,1,1,1,1,4),(72.2566310325652,72.5267462801917,
73.0260236817447,73.5253010832977,74.0245784848508,74.4467563625167),
 .UNSPECIFIED.);
#156=B_SPLINE_CURVE_WITH_KNOTS('',3,(#1699,#1700,#1701,#1702,#1703),
 .UNSPECIFIED.,.F.,.F.,(4,1,4),(72.2566310325652,72.7088209546505,73.2080983562035),
 .UNSPECIFIED.);
#157=B_SPLINE_CURVE_WITH_KNOTS('',3,(#1708,#1709,#1710,#1711,#1712,#1713,
#1714,#1715,#1716,#1717,#1718,#1719,#1720,#1721,#1722,#1723,#1724),
 .UNSPECIFIED.,.F.,.F.,(4,1,1,1,1,1,1,1,1,1,1,1,1,1,4),(65.9734457253856,
66.0361400600021,66.5354174615552,67.0346948631082,67.5339722646613,68.0332496662143,
68.5325270677673,69.0318044693204,69.5310818708734,70.0303592724265,70.5296366739795,
71.0289140755325,71.5281914770856,72.0274688786386,72.2566310325652),
 .UNSPECIFIED.);
#158=B_SPLINE_CURVE_WITH_KNOTS('',3,(#1725,#1726,#1727,#1728,#1729,#1730,
#1731,#1732,#1733,#1734,#1735,#1736,#1737,#1738,#1739,#1740,#1741),
 .UNSPECIFIED.,.F.,.F.,(4,1,1,1,1,1,1,1,1,1,1,1,1,1,4),(65.9734457253856,
66.218214734461,66.717492136014,67.216769537567,67.7160469391201,68.2153243406731,
68.7146017422262,69.2138791437792,69.7131565453322,70.2124339468853,70.7117113484383,
71.2109887499913,71.7102661515444,72.2095435530974,72.2566310325652),
 .UNSPECIFIED.);
#159=B_SPLINE_CURVE_WITH_KNOTS('',3,(#1746,#1747,#1748,#1749,#1750,#1751,
#1752,#1753,#1754,#1755,#1756,#1757,#1758,#1759,#1760,#1761),
 .UNSPECIFIED.,.F.,.F.,(4,1,1,1,1,1,1,1,1,1,1,1,1,4),(59.6902604182061,
60.0448112413657,60.5440886429187,61.0433660444717,61.5426434460248,62.0419208475778,
62.5411982491309,63.0404756506839,63.5397530522369,64.03903045379,64.538307855343,
65.0375852568961,65.5368626584491,65.9734457253856),.UNSPECIFIED.);
#160=B_SPLINE_CURVE_WITH_KNOTS('',3,(#1762,#1763,#1764,#1765,#1766,#1767,
#1768,#1769,#1770,#1771,#1772,#1773,#1774,#1775,#1776,#1777,#1778),
 .UNSPECIFIED.,.F.,.F.,(4,1,1,1,1,1,1,1,1,1,1,1,1,1,4),(59.6902604182061,
59.7276085142714,60.2268859158245,60.7261633173775,61.2254407189306,61.7247181204836,
62.2239955220366,62.7232729235897,63.2225503251427,63.7218277266958,64.2211051282488,
64.7203825298018,65.2196599313549,65.7189373329079,65.9734457253856),
 .UNSPECIFIED.);
#161=B_SPLINE_CURVE_WITH_KNOTS('',3,(#1783,#1784,#1785,#1786,#1787,#1788,
#1789,#1790,#1791,#1792,#1793,#1794,#1795,#1796,#1797,#1798,#1799),
 .UNSPECIFIED.,.F.,.F.,(4,1,1,1,1,1,1,1,1,1,1,1,1,1,4),(53.4070751110265,
53.5542050211762,54.0534824227292,54.5527598242822,55.0520372258353,55.5513146273883,
56.0505920289414,56.5498694304944,57.0491468320474,57.5484242336005,58.0477016351535,
58.5469790367065,59.0462564382596,59.5455338398126,59.6902604182061),
 .UNSPECIFIED.);
#162=B_SPLINE_CURVE_WITH_KNOTS('',3,(#1800,#1801,#1802,#1803,#1804,#1805,
#1806,#1807,#1808,#1809,#1810,#1811,#1812,#1813,#1814,#1815),
 .UNSPECIFIED.,.F.,.F.,(4,1,1,1,1,1,1,1,1,1,1,1,1,4),(53.4070751110265,
53.736279695635,54.235557097188,54.734834498741,55.2341119002941,55.7333893018471,
56.2326667034002,56.7319441049532,57.2312215065062,57.7304989080593,58.2297763096123,
58.7290537111654,59.2283311127184,59.6902604182061),.UNSPECIFIED.);
#163=B_SPLINE_CURVE_WITH_KNOTS('',3,(#1820,#1821,#1822,#1823,#1824,#1825,
#1826,#1827,#1828,#1829,#1830,#1831,#1832,#1833,#1834,#1835),
 .UNSPECIFIED.,.F.,.F.,(4,1,1,1,1,1,1,1,1,1,1,1,1,4),(47.1238898038469,
47.5628762025397,48.0621536040927,48.5614310056458,49.0607084071988,49.5599858087518,
50.0592632103049,50.5585406118579,51.057818013411,51.557095414964,52.056372816517,
52.5556502180701,53.0549276196231,53.4070751110265),.UNSPECIFIED.);
#164=B_SPLINE_CURVE_WITH_KNOTS('',3,(#1836,#1837,#1838,#1839,#1840,#1841,
#1842,#1843,#1844,#1845,#1846,#1847,#1848,#1849,#1850,#1851,#1852),
 .UNSPECIFIED.,.F.,.F.,(4,1,1,1,1,1,1,1,1,1,1,1,1,1,4),(47.1238898038469,
47.2456734754454,47.7449508769985,48.2442282785515,48.7435056801046,49.2427830816576,
49.7420604832106,50.2413378847637,50.7406152863167,51.2398926878698,51.7391700894228,
52.2384474909758,52.7377248925289,53.2370022940819,53.4070751110265),
 .UNSPECIFIED.);
#165=B_SPLINE_CURVE_WITH_KNOTS('',3,(#1857,#1858,#1859,#1860,#1861,#1862,
#1863,#1864,#1865,#1866,#1867,#1868,#1869,#1870,#1871,#1872,#1873),
 .UNSPECIFIED.,.F.,.F.,(4,1,1,1,1,1,1,1,1,1,1,1,1,1,4),(40.8407044966673,
41.0722699823502,41.5715473839032,42.0708247854562,42.5701021870093,43.0693795885623,
43.5686569901154,44.0679343916684,44.5672117932214,45.0664891947745,45.5657665963275,
46.0650439978806,46.5643213994336,47.0635988009866,47.1238898038469),
 .UNSPECIFIED.);
#166=B_SPLINE_CURVE_WITH_KNOTS('',3,(#1874,#1875,#1876,#1877,#1878,#1879,
#1880,#1881,#1882,#1883,#1884,#1885,#1886,#1887,#1888,#1889),
 .UNSPECIFIED.,.F.,.F.,(4,1,1,1,1,1,1,1,1,1,1,1,1,4),(40.8407044966673,
41.254344656809,41.753622058362,42.252899459915,42.7521768614681,43.2514542630211,
43.7507316645742,44.2500090661272,44.7492864676802,45.2485638692333,45.7478412707863,
46.2471186723394,46.7463960738924,47.1238898038469),.UNSPECIFIED.);
#167=B_SPLINE_CURVE_WITH_KNOTS('',3,(#1894,#1895,#1896,#1897,#1898,#1899,
#1900,#1901,#1902,#1903,#1904,#1905,#1906,#1907,#1908,#1909,#1910),
 .UNSPECIFIED.,.F.,.F.,(4,1,1,1,1,1,1,1,1,1,1,1,1,1,4),(34.5575191894877,
34.5816637621606,35.0809411637137,35.5802185652667,36.0794959668198,36.5787733683728,
37.0780507699258,37.5773281714789,38.0766055730319,38.575882974585,39.075160376138,
39.574437777691,40.0737151792441,40.5729925807971,40.8407044966673),
 .UNSPECIFIED.);
#168=B_SPLINE_CURVE_WITH_KNOTS('',3,(#1911,#1912,#1913,#1914,#1915,#1916,
#1917,#1918,#1919,#1920,#1921,#1922,#1923,#1924,#1925,#1926,#1927),
 .UNSPECIFIED.,.F.,.F.,(4,1,1,1,1,1,1,1,1,1,1,1,1,1,4),(34.5575191894877,
34.7637384366194,35.2630158381725,35.7622932397255,36.2615706412786,36.7608480428316,
37.2601254443846,37.7594028459377,38.2586802474907,38.7579576490438,39.2572350505968,
39.7565124521498,40.2557898537029,40.7550672552559,40.8407044966673),
 .UNSPECIFIED.);
#169=B_SPLINE_CURVE_WITH_KNOTS('',3,(#1932,#1933,#1934,#1935,#1936,#1937,
#1938,#1939,#1940,#1941,#1942,#1943,#1944,#1945,#1946,#1947),
 .UNSPECIFIED.,.F.,.F.,(4,1,1,1,1,1,1,1,1,1,1,1,1,4),(28.2743338823081,
28.5903349435242,29.0896123450772,29.5888897466302,30.0881671481833,30.5874445497363,
31.0867219512894,31.5859993528424,32.0852767543954,32.5845541559485,33.0838315575015,
33.5831089590546,34.0823863606076,34.5575191894877),.UNSPECIFIED.);
#170=B_SPLINE_CURVE_WITH_KNOTS('',3,(#1948,#1949,#1950,#1951,#1952,#1953,
#1954,#1955,#1956,#1957,#1958,#1959,#1960,#1961,#1962,#1963),
 .UNSPECIFIED.,.F.,.F.,(4,1,1,1,1,1,1,1,1,1,1,1,1,4),(28.2743338823081,
28.772409617983,29.271687019536,29.770964421089,30.2702418226421,30.7695192241951,
31.2687966257482,31.7680740273012,32.2673514288542,32.7666288304073,33.2659062319603,
33.7651836335134,34.2644610350664,34.5575191894877),.UNSPECIFIED.);
#171=B_SPLINE_CURVE_WITH_KNOTS('',3,(#1968,#1969,#1970,#1971,#1972,#1973,
#1974,#1975,#1976,#1977,#1978,#1979,#1980,#1981,#1982,#1983,#1984),
 .UNSPECIFIED.,.F.,.F.,(4,1,1,1,1,1,1,1,1,1,1,1,1,1,4),(21.9911485751285,
22.0997287233346,22.5990061248877,23.0982835264407,23.5975609279938,24.0968383295468,
24.5961157310998,25.0953931326529,25.5946705342059,26.093947935759,26.593225337312,
27.092502738865,27.5917801404181,28.0910575419711,28.2743338823081),
 .UNSPECIFIED.);
#172=B_SPLINE_CURVE_WITH_KNOTS('',3,(#1985,#1986,#1987,#1988,#1989,#1990,
#1991,#1992,#1993,#1994,#1995,#1996,#1997,#1998,#1999,#2000,#2001),
 .UNSPECIFIED.,.F.,.F.,(4,1,1,1,1,1,1,1,1,1,1,1,1,1,4),(21.9911485751285,
22.2818033977934,22.7810807993465,23.2803582008995,23.7796356024526,24.2789130040056,
24.7781904055586,25.2774678071117,25.7767452086647,26.2760226102178,26.7753000117708,
27.2745774133238,27.7738548148769,28.2731322164299,28.2743338823081),
 .UNSPECIFIED.);
#173=B_SPLINE_CURVE_WITH_KNOTS('',3,(#2006,#2007,#2008,#2009,#2010,#2011,
#2012,#2013,#2014,#2015,#2016,#2017,#2018,#2019,#2020,#2021),
 .UNSPECIFIED.,.F.,.F.,(4,1,1,1,1,1,1,1,1,1,1,1,1,4),(15.7079632679489,
16.1083999046982,16.6076773062512,17.1069547078042,17.6062321093573,18.1055095109103,
18.6047869124634,19.1040643140164,19.6033417155694,20.1026191171225,20.6018965186755,
21.1011739202286,21.6004513217816,21.9911485751285),.UNSPECIFIED.);
#174=B_SPLINE_CURVE_WITH_KNOTS('',3,(#2022,#2023,#2024,#2025,#2026,#2027,
#2028,#2029,#2030,#2031,#2032,#2033,#2034,#2035,#2036,#2037,#2038),
 .UNSPECIFIED.,.F.,.F.,(4,1,1,1,1,1,1,1,1,1,1,1,1,1,4),(15.7079632679489,
15.7911971776039,16.290474579157,16.78975198071,17.289029382263,17.7883067838161,
18.2875841853691,18.7868615869222,19.2861389884752,19.7854163900282,20.2846937915813,
20.7839711931343,21.2832485946874,21.7825259962404,21.9911485751285),
 .UNSPECIFIED.);
#175=B_SPLINE_CURVE_WITH_KNOTS('',3,(#2572,#2573,#2574,#2575,#2576,#2577,
#2578,#2579,#2580,#2581,#2582,#2583,#2584,#2585,#2586,#2587,#2588,#2589,
#2590,#2591,#2592,#2593,#2594,#2595,#2596,#2597,#2598,#2599,#2600,#2601,
#2602,#2603,#2604,#2605,#2606,#2607,#2608,#2609,#2610,#2611,#2612,#2613,
#2614,#2615,#2616,#2617,#2618,#2619,#2620,#2621,#2622,#2623,#2624,#2625,
#2626,#2627,#2628,#2629,#2630,#2631,#2632,#2633,#2634,#2635,#2636,#2637,
#2638,#2639,#2640,#2641,#2642,#2643,#2644,#2645,#2646,#2647,#2648,#2649,
#2650,#2651,#2652,#2653,#2654,#2655,#2656,#2657,#2658,#2659,#2660,#2661,
#2662,#2663,#2664,#2665,#2666,#2667,#2668,#2669,#2670,#2671,#2672,#2673,
#2674,#2675,#2676,#2677,#2678,#2679,#2680,#2681,#2682,#2683,#2684,#2685,
#2686,#2687,#2688,#2689,#2690,#2691,#2692,#2693,#2694,#2695),
 .UNSPECIFIED.,.F.,.F.,(4,3,3,3,3,3,3,3,3,3,3,3,3,3,3,3,3,3,3,3,3,3,3,3,
3,3,3,3,3,3,3,3,3,3,3,3,3,3,3,3,3,4),(-2.886551402989,-2.78737474992302,
-2.77215747704321,-2.67246425945086,-2.57292134177172,-2.50689822184899,
-2.49127788244255,-2.39289728078922,-2.29495005453294,-2.19779249402042,
-2.12124800547612,-2.11185700632349,-2.04473638238985,-1.94831148064207,
-1.85144448467598,-1.75475639817718,-1.65882317791851,-1.57901635635082,
-1.5688268623808,-1.5588094461367,-1.46401193690707,-1.36963570150362,-1.33959589164775,
-1.24462210289166,-1.14998543437477,-1.08846913052434,-1.03141048935817,
-1.02200613258542,-0.92903822631982,-0.836195171146813,-0.7444073039009,
-0.65785500357138,-0.575623128124957,-0.539646682617147,-0.515646382959283,
-0.501900339418105,-0.411203295072574,-0.320082616782124,-0.229425145673803,
-0.139542049789583,-0.0513181879439036,0.),.UNSPECIFIED.);
#176=B_SPLINE_CURVE_WITH_KNOTS('',3,(#2696,#2697,#2698,#2699,#2700,#2701,
#2702,#2703,#2704,#2705,#2706,#2707,#2708,#2709,#2710,#2711,#2712,#2713,
#2714,#2715,#2716,#2717,#2718,#2719,#2720,#2721,#2722,#2723,#2724,#2725,
#2726,#2727,#2728,#2729),.UNSPECIFIED.,.F.,.F.,(4,3,3,3,3,3,3,3,3,3,3,4),
(57.6714095710773,57.9161785801526,58.4154559817057,58.9147333832587,59.4140107848117,
59.9132881863648,60.4125655879178,60.9118429894709,61.4111203910239,61.9103977925769,
62.40967519413,62.8318530717959),.UNSPECIFIED.);
#177=B_SPLINE_CURVE_WITH_KNOTS('',3,(#2731,#2732,#2733,#2734,#2735,#2736,
#2737,#2738,#2739,#2740,#2741,#2742,#2743,#2744,#2745,#2746,#2747,#2748,
#2749,#2750,#2751,#2752,#2753,#2754,#2755,#2756,#2757,#2758,#2759,#2760,
#2761,#2762,#2763,#2764,#2765,#2766,#2767,#2768,#2769,#2770,#2771,#2772,
#2773,#2774,#2775,#2776,#2777,#2778,#2779,#2780,#2781,#2782,#2783,#2784,
#2785,#2786,#2787,#2788,#2789,#2790,#2791,#2792,#2793,#2794,#2795,#2796,
#2797,#2798,#2799,#2800,#2801,#2802,#2803,#2804,#2805,#2806,#2807,#2808,
#2809,#2810,#2811,#2812,#2813,#2814,#2815,#2816,#2817,#2818,#2819,#2820,
#2821,#2822,#2823,#2824,#2825,#2826,#2827,#2828,#2829,#2830,#2831,#2832,
#2833,#2834,#2835,#2836,#2837,#2838,#2839,#2840,#2841,#2842,#2843,#2844,
#2845,#2846,#2847,#2848,#2849,#2850,#2851,#2852,#2853,#2854,#2855,#2856,
#2857,#2858,#2859,#2860,#2861,#2862,#2863),.UNSPECIFIED.,.F.,.F.,(4,3,3,
3,3,3,3,3,3,3,3,3,3,3,3,3,3,3,3,3,3,3,3,3,3,3,3,3,3,3,3,3,3,3,3,3,3,3,3,
3,3,3,3,3,4),(0.,0.0906151266200479,0.0999155357896888,0.189349539348028,
0.279788698505991,0.37079585171003,0.461817278489629,0.499301950363626,
0.509142273590484,0.601299265500503,0.694315128854708,0.76169465348161,
0.854149278477087,0.947046250688408,1.00954559264732,1.0307479230216,1.04000995714588,
1.13329123819308,1.22797429479918,1.32295699775132,1.41757437986468,1.44704098635967,
1.53559282940635,1.55680010758959,1.56699865667415,1.57714774874019,1.67174285320912,
1.76755707436787,1.86453173845918,1.96131654097026,2.05838613585168,2.10692093329239,
2.11770087140245,2.12800154205638,2.1554557307331,2.25223202393997,2.35000478595238,
2.44830728641994,2.48131757132035,2.49788778944712,2.5096275067217,2.60896743222894,
2.70866940921795,2.80800464440713,2.88655140298899),.UNSPECIFIED.);
#178=B_SPLINE_CURVE_WITH_KNOTS('',3,(#2864,#2865,#2866,#2867,#2868,#2869,
#2870,#2871,#2872,#2873,#2874,#2875,#2876,#2877),.UNSPECIFIED.,.F.,.F.,
(4,1,1,1,1,1,1,1,1,1,1,4),(10.3762452844076,10.7984231620735,11.2977005636266,
11.7969779651796,12.2962553667326,12.7955327682857,13.2948101698387,13.7940875713918,
14.2933649729448,14.7926423744978,15.2919197760509,15.7079632679489),
 .UNSPECIFIED.);
#179=B_SPLINE_CURVE_WITH_KNOTS('',3,(#2881,#2882,#2883,#2884,#2885,#2886,
#2887,#2888,#2889,#2890,#2891,#2892),.UNSPECIFIED.,.F.,.F.,(4,1,1,1,1,1,
1,1,1,4),(11.6149032907208,12.1141806922738,12.6134580938269,13.1127354953799,
13.612012896933,14.111290298486,14.610567700039,15.1098451015921,15.6091225031451,
15.7079632679489),.UNSPECIFIED.);
#180=B_SPLINE_CURVE_WITH_KNOTS('',3,(#3426,#3427,#3428,#3429,#3430,#3431,
#3432,#3433,#3434,#3435,#3436,#3437,#3438,#3439,#3440,#3441,#3442,#3443,
#3444,#3445,#3446,#3447,#3448,#3449,#3450,#3451,#3452,#3453,#3454,#3455,
#3456,#3457,#3458,#3459,#3460,#3461,#3462,#3463,#3464,#3465,#3466,#3467,
#3468,#3469,#3470,#3471,#3472,#3473,#3474,#3475,#3476,#3477,#3478,#3479,
#3480,#3481,#3482,#3483,#3484,#3485,#3486,#3487,#3488,#3489,#3490,#3491,
#3492,#3493,#3494,#3495,#3496,#3497,#3498,#3499,#3500,#3501,#3502,#3503,
#3504,#3505,#3506,#3507,#3508,#3509,#3510,#3511,#3512,#3513,#3514,#3515,
#3516,#3517,#3518,#3519,#3520,#3521,#3522,#3523,#3524,#3525,#3526,#3527,
#3528,#3529,#3530,#3531,#3532,#3533,#3534,#3535,#3536,#3537,#3538,#3539,
#3540,#3541,#3542,#3543,#3544,#3545,#3546,#3547,#3548,#3549,#3550,#3551,
#3552,#3553,#3554,#3555,#3556,#3557,#3558,#3559,#3560,#3561),
 .UNSPECIFIED.,.F.,.F.,(4,3,3,3,3,3,3,3,3,3,3,3,3,3,3,3,3,3,3,3,3,3,3,3,
3,3,3,3,3,3,3,3,3,3,3,3,3,3,3,3,3,3,3,3,3,4),(-2.89533449801252,-2.8043870329724,
-2.79520998638265,-2.70517167712043,-2.61440497552348,-2.5781353195242,
-2.55718851315584,-2.54541688015925,-2.45403236392254,-2.36166344664828,
-2.26930637743471,-2.23430113177049,-2.21629018635328,-2.20546555262267,
-2.1953259586464,-2.1327646799311,-2.04077798869969,-1.9476759117655,-1.85387019947823,
-1.75990044901034,-1.6812752814058,-1.66785424359813,-1.5727366654497,-1.47686086320032,
-1.4453997785922,-1.35026694752655,-1.25454487671959,-1.18951415855017,
-1.15826600894893,-1.14244750767477,-1.13218055714106,-1.12300975321791,
-1.02583209775448,-0.928270093565229,-0.830501698501086,-0.734299131364207,
-0.642511739943681,-0.602354756197201,-0.581262415999608,-0.571375897692191,
-0.473952201309495,-0.375299227473343,-0.27562420197789,-0.17597127119857,
-0.0772825144374474,0.),.UNSPECIFIED.);
#181=B_SPLINE_CURVE_WITH_KNOTS('',3,(#3562,#3563,#3564,#3565,#3566,#3567,
#3568,#3569,#3570,#3571,#3572,#3573,#3574,#3575,#3576,#3577,#3578,#3579,
#3580,#3581,#3582,#3583,#3584,#3585,#3586,#3587,#3588,#3589,#3590,#3591,
#3592,#3593,#3594,#3595,#3596,#3597,#3598,#3599,#3600,#3601,#3602,#3603,
#3604,#3605,#3606,#3607,#3608,#3609,#3610,#3611,#3612,#3613,#3614,#3615,
#3616,#3617,#3618,#3619,#3620,#3621,#3622,#3623,#3624,#3625,#3626,#3627,
#3628,#3629,#3630,#3631,#3632,#3633,#3634,#3635,#3636,#3637,#3638,#3639,
#3640,#3641,#3642,#3643,#3644,#3645,#3646,#3647,#3648,#3649,#3650,#3651,
#3652,#3653,#3654,#3655,#3656,#3657,#3658,#3659,#3660,#3661,#3662,#3663,
#3664,#3665,#3666,#3667,#3668,#3669,#3670,#3671,#3672,#3673,#3674,#3675,
#3676,#3677,#3678,#3679,#3680,#3681,#3682,#3683,#3684,#3685,#3686,#3687,
#3688,#3689,#3690,#3691,#3692,#3693,#3694,#3695,#3696,#3697),
 .UNSPECIFIED.,.F.,.F.,(4,3,3,3,3,3,3,3,3,3,3,3,3,3,3,3,3,3,3,3,3,3,3,3,
3,3,3,3,3,3,3,3,3,3,3,3,3,3,3,3,3,3,3,3,3,4),(0.,0.0993978232470635,0.114780271013072,
0.214207437214621,0.313935666635881,0.413333728074731,0.511837528891459,
0.553577962932948,0.568636184405039,0.578899588210249,0.676574968893238,
0.773807854575798,0.845761001223375,0.943565660822523,1.04089026484167,
1.10492529992524,1.11987980850509,1.13016008569483,1.13983842775926,1.23547607335228,
1.33124187130455,1.42651036486353,1.52047010889048,1.55317054551023,1.6385938316473,
1.66520774748035,1.67553844563646,1.76898518548605,1.86295968526698,1.95654256369001,
2.04935607297583,2.14295645379128,2.18975664419901,2.20255066154371,2.21379986169706,
2.23655683460674,2.32880331293752,2.42121302352387,2.51317966289547,2.53778986947773,
2.55044103077248,2.56050749122485,2.65147175515788,2.74198434090977,2.83112649997547,
2.8953344980125),.UNSPECIFIED.);
#182=B_SPLINE_CURVE_WITH_KNOTS('',3,(#3698,#3699,#3700,#3701,#3702,#3703,
#3704,#3705,#3706,#3707,#3708,#3709,#3710,#3711,#3712,#3713,#3714,#3715,
#3716,#3717,#3718,#3719,#3720,#3721,#3722,#3723,#3724,#3725),
 .UNSPECIFIED.,.F.,.F.,(4,3,3,3,3,3,3,3,3,4),(-64.9060622018952,-64.4067848003421,
-63.9075073987891,-63.4082299972361,-62.908952595683,-62.40967519413,-61.9103977925769,
-61.4111203910239,-60.9118429894709,-60.6417277418444),.UNSPECIFIED.);
#183=LINE('',#868,#212);
#184=LINE('',#901,#213);
#185=LINE('',#985,#214);
#186=LINE('',#1075,#215);
#187=LINE('',#1162,#216);
#188=LINE('',#1249,#217);
#189=LINE('',#1339,#218);
#190=LINE('',#1423,#219);
#191=LINE('',#1513,#220);
#192=LINE('',#1597,#221);
#193=LINE('',#1687,#222);
#194=LINE('',#1707,#223);
#195=LINE('',#1745,#224);
#196=LINE('',#1782,#225);
#197=LINE('',#1819,#226);
#198=LINE('',#1856,#227);
#199=LINE('',#1893,#228);
#200=LINE('',#1931,#229);
#201=LINE('',#1967,#230);
#202=LINE('',#2005,#231);
#203=LINE('',#3737,#232);
#204=LINE('',#3741,#233);
#205=LINE('',#3745,#234);
#206=LINE('',#3752,#235);
#207=LINE('',#3756,#236);
#208=LINE('',#3762,#237);
#209=LINE('',#3769,#238);
#210=LINE('',#3773,#239);
#211=LINE('',#3779,#240);
#212=VECTOR('',#727,15.);
#213=VECTOR('',#732,15.);
#214=VECTOR('',#735,15.);
#215=VECTOR('',#738,15.);
#216=VECTOR('',#741,15.);
#217=VECTOR('',#744,15.);
#218=VECTOR('',#747,15.);
#219=VECTOR('',#750,15.);
#220=VECTOR('',#753,15.);
#221=VECTOR('',#756,15.);
#222=VECTOR('',#759,12.866);
#223=VECTOR('',#764,12.866);
#224=VECTOR('',#767,12.866);
#225=VECTOR('',#770,12.866);
#226=VECTOR('',#773,12.866);
#227=VECTOR('',#776,12.866);
#228=VECTOR('',#779,12.866);
#229=VECTOR('',#782,12.866);
#230=VECTOR('',#785,12.866);
#231=VECTOR('',#788,12.866);
#232=VECTOR('',#809,52.5);
#233=VECTOR('',#814,55.);
#234=VECTOR('',#819,52.5);
#235=VECTOR('',#828,30.);
#236=VECTOR('',#833,27.5);
#237=VECTOR('',#840,15.);
#238=VECTOR('',#849,20.);
#239=VECTOR('',#854,17.5);
#240=VECTOR('',#863,10.);
#241=VERTEX_POINT('',#866);
#242=VERTEX_POINT('',#867);
#243=VERTEX_POINT('',#869);
#244=VERTEX_POINT('',#886);
#245=VERTEX_POINT('',#899);
#246=VERTEX_POINT('',#900);
#247=VERTEX_POINT('',#983);
#248=VERTEX_POINT('',#984);
#249=VERTEX_POINT('',#1073);
#250=VERTEX_POINT('',#1074);
#251=VERTEX_POINT('',#1160);
#252=VERTEX_POINT('',#1161);
#253=VERTEX_POINT('',#1247);
#254=VERTEX_POINT('',#1248);
#255=VERTEX_POINT('',#1337);
#256=VERTEX_POINT('',#1338);
#257=VERTEX_POINT('',#1421);
#258=VERTEX_POINT('',#1422);
#259=VERTEX_POINT('',#1511);
#260=VERTEX_POINT('',#1512);
#261=VERTEX_POINT('',#1595);
#262=VERTEX_POINT('',#1596);
#263=VERTEX_POINT('',#1685);
#264=VERTEX_POINT('',#1686);
#265=VERTEX_POINT('',#1688);
#266=VERTEX_POINT('',#1697);
#267=VERTEX_POINT('',#1705);
#268=VERTEX_POINT('',#1706);
#269=VERTEX_POINT('',#1743);
#270=VERTEX_POINT('',#1744);
#271=VERTEX_POINT('',#1780);
#272=VERTEX_POINT('',#1781);
#273=VERTEX_POINT('',#1817);
#274=VERTEX_POINT('',#1818);
#275=VERTEX_POINT('',#1854);
#276=VERTEX_POINT('',#1855);
#277=VERTEX_POINT('',#1891);
#278=VERTEX_POINT('',#1892);
#279=VERTEX_POINT('',#1929);
#280=VERTEX_POINT('',#1930);
#281=VERTEX_POINT('',#1965);
#282=VERTEX_POINT('',#1966);
#283=VERTEX_POINT('',#2003);
#284=VERTEX_POINT('',#2004);
#285=VERTEX_POINT('',#2571);
#286=VERTEX_POINT('',#2730);
#287=VERTEX_POINT('',#2879);
#288=VERTEX_POINT('',#3425);
#289=VERTEX_POINT('',#3727);
#290=VERTEX_POINT('',#3732);
#291=VERTEX_POINT('',#3735);
#292=VERTEX_POINT('',#3739);
#293=VERTEX_POINT('',#3743);
#294=VERTEX_POINT('',#3747);
#295=VERTEX_POINT('',#3750);
#296=VERTEX_POINT('',#3754);
#297=VERTEX_POINT('',#3758);
#298=VERTEX_POINT('',#3761);
#299=VERTEX_POINT('',#3765);
#300=VERTEX_POINT('',#3768);
#301=VERTEX_POINT('',#3772);
#302=VERTEX_POINT('',#3776);
#303=EDGE_CURVE('',#241,#242,#183,.T.);
#304=EDGE_CURVE('',#241,#243,#135,.T.);
#305=EDGE_CURVE('',#243,#244,#117,.T.);
#306=EDGE_CURVE('',#244,#242,#136,.T.);
#307=EDGE_CURVE('',#245,#246,#184,.T.);
#308=EDGE_CURVE('',#245,#241,#137,.T.);
#309=EDGE_CURVE('',#242,#246,#138,.T.);
#310=EDGE_CURVE('',#247,#248,#185,.T.);
#311=EDGE_CURVE('',#247,#245,#139,.T.);
#312=EDGE_CURVE('',#246,#248,#140,.T.);
#313=EDGE_CURVE('',#249,#250,#186,.T.);
#314=EDGE_CURVE('',#249,#247,#141,.T.);
#315=EDGE_CURVE('',#248,#250,#142,.T.);
#316=EDGE_CURVE('',#251,#252,#187,.T.);
#317=EDGE_CURVE('',#251,#249,#143,.T.);
#318=EDGE_CURVE('',#250,#252,#144,.T.);
#319=EDGE_CURVE('',#253,#254,#188,.T.);
#320=EDGE_CURVE('',#253,#251,#145,.T.);
#321=EDGE_CURVE('',#252,#254,#146,.T.);
#322=EDGE_CURVE('',#255,#256,#189,.T.);
#323=EDGE_CURVE('',#255,#253,#147,.T.);
#324=EDGE_CURVE('',#254,#256,#148,.T.);
#325=EDGE_CURVE('',#257,#258,#190,.T.);
#326=EDGE_CURVE('',#257,#255,#149,.T.);
#327=EDGE_CURVE('',#256,#258,#150,.T.);
#328=EDGE_CURVE('',#259,#260,#191,.T.);
#329=EDGE_CURVE('',#259,#257,#151,.T.);
#330=EDGE_CURVE('',#258,#260,#152,.T.);
#331=EDGE_CURVE('',#261,#262,#192,.T.);
#332=EDGE_CURVE('',#261,#259,#153,.T.);
#333=EDGE_CURVE('',#260,#262,#154,.T.);
#334=EDGE_CURVE('',#263,#264,#193,.T.);
#335=EDGE_CURVE('',#263,#265,#155,.T.);
#336=EDGE_CURVE('',#266,#265,#118,.T.);
#337=EDGE_CURVE('',#264,#266,#156,.T.);
#338=EDGE_CURVE('',#267,#268,#194,.T.);
#339=EDGE_CURVE('',#267,#263,#157,.T.);
#340=EDGE_CURVE('',#268,#264,#158,.T.);
#341=EDGE_CURVE('',#269,#270,#195,.T.);
#342=EDGE_CURVE('',#269,#267,#159,.T.);
#343=EDGE_CURVE('',#270,#268,#160,.T.);
#344=EDGE_CURVE('',#271,#272,#196,.T.);
#345=EDGE_CURVE('',#271,#269,#161,.T.);
#346=EDGE_CURVE('',#272,#270,#162,.T.);
#347=EDGE_CURVE('',#273,#274,#197,.T.);
#348=EDGE_CURVE('',#273,#271,#163,.T.);
#349=EDGE_CURVE('',#274,#272,#164,.T.);
#350=EDGE_CURVE('',#275,#276,#198,.T.);
#351=EDGE_CURVE('',#275,#273,#165,.T.);
#352=EDGE_CURVE('',#276,#274,#166,.T.);
#353=EDGE_CURVE('',#277,#278,#199,.T.);
#354=EDGE_CURVE('',#277,#275,#167,.T.);
#355=EDGE_CURVE('',#278,#276,#168,.T.);
#356=EDGE_CURVE('',#279,#280,#200,.T.);
#357=EDGE_CURVE('',#279,#277,#169,.T.);
#358=EDGE_CURVE('',#280,#278,#170,.T.);
#359=EDGE_CURVE('',#281,#282,#201,.T.);
#360=EDGE_CURVE('',#281,#279,#171,.T.);
#361=EDGE_CURVE('',#282,#280,#172,.T.);
#362=EDGE_CURVE('',#283,#284,#202,.T.);
#363=EDGE_CURVE('',#283,#281,#173,.T.);
#364=EDGE_CURVE('',#284,#282,#174,.T.);
#365=EDGE_CURVE('',#285,#266,#175,.T.);
#366=EDGE_CURVE('',#262,#285,#176,.T.);
#367=EDGE_CURVE('',#286,#244,#177,.T.);
#368=EDGE_CURVE('',#286,#284,#178,.T.);
#369=EDGE_CURVE('',#287,#286,#119,.T.);
#370=EDGE_CURVE('',#287,#283,#179,.T.);
#371=EDGE_CURVE('',#265,#288,#180,.T.);
#372=EDGE_CURVE('',#243,#287,#181,.T.);
#373=EDGE_CURVE('',#288,#261,#182,.T.);
#374=EDGE_CURVE('',#289,#289,#120,.T.);
#375=EDGE_CURVE('',#288,#285,#121,.T.);
#376=EDGE_CURVE('',#290,#290,#122,.T.);
#377=EDGE_CURVE('',#291,#291,#123,.T.);
#378=EDGE_CURVE('',#291,#290,#203,.T.);
#379=EDGE_CURVE('',#292,#292,#124,.T.);
#380=EDGE_CURVE('',#292,#291,#204,.T.);
#381=EDGE_CURVE('',#293,#293,#125,.T.);
#382=EDGE_CURVE('',#293,#292,#205,.T.);
#383=EDGE_CURVE('',#294,#294,#126,.T.);
#384=EDGE_CURVE('',#295,#295,#127,.T.);
#385=EDGE_CURVE('',#295,#294,#206,.T.);
#386=EDGE_CURVE('',#296,#296,#128,.T.);
#387=EDGE_CURVE('',#296,#295,#207,.T.);
#388=EDGE_CURVE('',#297,#297,#129,.T.);
#389=EDGE_CURVE('',#297,#298,#208,.T.);
#390=EDGE_CURVE('',#298,#298,#130,.T.);
#391=EDGE_CURVE('',#299,#299,#131,.T.);
#392=EDGE_CURVE('',#299,#300,#209,.T.);
#393=EDGE_CURVE('',#300,#300,#132,.T.);
#394=EDGE_CURVE('',#300,#301,#210,.T.);
#395=EDGE_CURVE('',#301,#301,#133,.T.);
#396=EDGE_CURVE('',#302,#302,#134,.T.);
#397=EDGE_CURVE('',#302,#289,#211,.T.);
#398=ORIENTED_EDGE('',*,*,#303,.F.);
#399=ORIENTED_EDGE('',*,*,#304,.T.);
#400=ORIENTED_EDGE('',*,*,#305,.T.);
#401=ORIENTED_EDGE('',*,*,#306,.T.);
#402=ORIENTED_EDGE('',*,*,#307,.F.);
#403=ORIENTED_EDGE('',*,*,#308,.T.);
#404=ORIENTED_EDGE('',*,*,#303,.T.);
#405=ORIENTED_EDGE('',*,*,#309,.T.);
#406=ORIENTED_EDGE('',*,*,#310,.F.);
#407=ORIENTED_EDGE('',*,*,#311,.T.);
#408=ORIENTED_EDGE('',*,*,#307,.T.);
#409=ORIENTED_EDGE('',*,*,#312,.T.);
#410=ORIENTED_EDGE('',*,*,#313,.F.);
#411=ORIENTED_EDGE('',*,*,#314,.T.);
#412=ORIENTED_EDGE('',*,*,#310,.T.);
#413=ORIENTED_EDGE('',*,*,#315,.T.);
#414=ORIENTED_EDGE('',*,*,#316,.F.);
#415=ORIENTED_EDGE('',*,*,#317,.T.);
#416=ORIENTED_EDGE('',*,*,#313,.T.);
#417=ORIENTED_EDGE('',*,*,#318,.T.);
#418=ORIENTED_EDGE('',*,*,#319,.F.);
#419=ORIENTED_EDGE('',*,*,#320,.T.);
#420=ORIENTED_EDGE('',*,*,#316,.T.);
#421=ORIENTED_EDGE('',*,*,#321,.T.);
#422=ORIENTED_EDGE('',*,*,#322,.F.);
#423=ORIENTED_EDGE('',*,*,#323,.T.);
#424=ORIENTED_EDGE('',*,*,#319,.T.);
#425=ORIENTED_EDGE('',*,*,#324,.T.);
#426=ORIENTED_EDGE('',*,*,#325,.F.);
#427=ORIENTED_EDGE('',*,*,#326,.T.);
#428=ORIENTED_EDGE('',*,*,#322,.T.);
#429=ORIENTED_EDGE('',*,*,#327,.T.);
#430=ORIENTED_EDGE('',*,*,#328,.F.);
#431=ORIENTED_EDGE('',*,*,#329,.T.);
#432=ORIENTED_EDGE('',*,*,#325,.T.);
#433=ORIENTED_EDGE('',*,*,#330,.T.);
#434=ORIENTED_EDGE('',*,*,#331,.F.);
#435=ORIENTED_EDGE('',*,*,#332,.T.);
#436=ORIENTED_EDGE('',*,*,#328,.T.);
#437=ORIENTED_EDGE('',*,*,#333,.T.);
#438=ORIENTED_EDGE('',*,*,#334,.F.);
#439=ORIENTED_EDGE('',*,*,#335,.T.);
#440=ORIENTED_EDGE('',*,*,#336,.F.);
#441=ORIENTED_EDGE('',*,*,#337,.F.);
#442=ORIENTED_EDGE('',*,*,#338,.F.);
#443=ORIENTED_EDGE('',*,*,#339,.T.);
#444=ORIENTED_EDGE('',*,*,#334,.T.);
#445=ORIENTED_EDGE('',*,*,#340,.F.);
#446=ORIENTED_EDGE('',*,*,#341,.F.);
#447=ORIENTED_EDGE('',*,*,#342,.T.);
#448=ORIENTED_EDGE('',*,*,#338,.T.);
#449=ORIENTED_EDGE('',*,*,#343,.F.);
#450=ORIENTED_EDGE('',*,*,#344,.F.);
#451=ORIENTED_EDGE('',*,*,#345,.T.);
#452=ORIENTED_EDGE('',*,*,#341,.T.);
#453=ORIENTED_EDGE('',*,*,#346,.F.);
#454=ORIENTED_EDGE('',*,*,#347,.F.);
#455=ORIENTED_EDGE('',*,*,#348,.T.);
#456=ORIENTED_EDGE('',*,*,#344,.T.);
#457=ORIENTED_EDGE('',*,*,#349,.F.);
#458=ORIENTED_EDGE('',*,*,#350,.F.);
#459=ORIENTED_EDGE('',*,*,#351,.T.);
#460=ORIENTED_EDGE('',*,*,#347,.T.);
#461=ORIENTED_EDGE('',*,*,#352,.F.);
#462=ORIENTED_EDGE('',*,*,#353,.F.);
#463=ORIENTED_EDGE('',*,*,#354,.T.);
#464=ORIENTED_EDGE('',*,*,#350,.T.);
#465=ORIENTED_EDGE('',*,*,#355,.F.);
#466=ORIENTED_EDGE('',*,*,#356,.F.);
#467=ORIENTED_EDGE('',*,*,#357,.T.);
#468=ORIENTED_EDGE('',*,*,#353,.T.);
#469=ORIENTED_EDGE('',*,*,#358,.F.);
#470=ORIENTED_EDGE('',*,*,#359,.F.);
#471=ORIENTED_EDGE('',*,*,#360,.T.);
#472=ORIENTED_EDGE('',*,*,#356,.T.);
#473=ORIENTED_EDGE('',*,*,#361,.F.);
#474=ORIENTED_EDGE('',*,*,#362,.F.);
#475=ORIENTED_EDGE('',*,*,#363,.T.);
#476=ORIENTED_EDGE('',*,*,#359,.T.);
#477=ORIENTED_EDGE('',*,*,#364,.F.);
#478=ORIENTED_EDGE('',*,*,#365,.F.);
#479=ORIENTED_EDGE('',*,*,#366,.F.);
#480=ORIENTED_EDGE('',*,*,#333,.F.);
#481=ORIENTED_EDGE('',*,*,#330,.F.);
#482=ORIENTED_EDGE('',*,*,#327,.F.);
#483=ORIENTED_EDGE('',*,*,#324,.F.);
#484=ORIENTED_EDGE('',*,*,#321,.F.);
#485=ORIENTED_EDGE('',*,*,#318,.F.);
#486=ORIENTED_EDGE('',*,*,#315,.F.);
#487=ORIENTED_EDGE('',*,*,#312,.F.);
#488=ORIENTED_EDGE('',*,*,#309,.F.);
#489=ORIENTED_EDGE('',*,*,#306,.F.);
#490=ORIENTED_EDGE('',*,*,#367,.F.);
#491=ORIENTED_EDGE('',*,*,#368,.T.);
#492=ORIENTED_EDGE('',*,*,#364,.T.);
#493=ORIENTED_EDGE('',*,*,#361,.T.);
#494=ORIENTED_EDGE('',*,*,#358,.T.);
#495=ORIENTED_EDGE('',*,*,#355,.T.);
#496=ORIENTED_EDGE('',*,*,#352,.T.);
#497=ORIENTED_EDGE('',*,*,#349,.T.);
#498=ORIENTED_EDGE('',*,*,#346,.T.);
#499=ORIENTED_EDGE('',*,*,#343,.T.);
#500=ORIENTED_EDGE('',*,*,#340,.T.);
#501=ORIENTED_EDGE('',*,*,#337,.T.);
#502=ORIENTED_EDGE('',*,*,#362,.T.);
#503=ORIENTED_EDGE('',*,*,#368,.F.);
#504=ORIENTED_EDGE('',*,*,#369,.F.);
#505=ORIENTED_EDGE('',*,*,#370,.T.);
#506=ORIENTED_EDGE('',*,*,#371,.F.);
#507=ORIENTED_EDGE('',*,*,#335,.F.);
#508=ORIENTED_EDGE('',*,*,#339,.F.);
#509=ORIENTED_EDGE('',*,*,#342,.F.);
#510=ORIENTED_EDGE('',*,*,#345,.F.);
#511=ORIENTED_EDGE('',*,*,#348,.F.);
#512=ORIENTED_EDGE('',*,*,#351,.F.);
#513=ORIENTED_EDGE('',*,*,#354,.F.);
#514=ORIENTED_EDGE('',*,*,#357,.F.);
#515=ORIENTED_EDGE('',*,*,#360,.F.);
#516=ORIENTED_EDGE('',*,*,#363,.F.);
#517=ORIENTED_EDGE('',*,*,#370,.F.);
#518=ORIENTED_EDGE('',*,*,#372,.F.);
#519=ORIENTED_EDGE('',*,*,#304,.F.);
#520=ORIENTED_EDGE('',*,*,#308,.F.);
#521=ORIENTED_EDGE('',*,*,#311,.F.);
#522=ORIENTED_EDGE('',*,*,#314,.F.);
#523=ORIENTED_EDGE('',*,*,#317,.F.);
#524=ORIENTED_EDGE('',*,*,#320,.F.);
#525=ORIENTED_EDGE('',*,*,#323,.F.);
#526=ORIENTED_EDGE('',*,*,#326,.F.);
#527=ORIENTED_EDGE('',*,*,#329,.F.);
#528=ORIENTED_EDGE('',*,*,#332,.F.);
#529=ORIENTED_EDGE('',*,*,#373,.F.);
#530=ORIENTED_EDGE('',*,*,#367,.T.);
#531=ORIENTED_EDGE('',*,*,#305,.F.);
#532=ORIENTED_EDGE('',*,*,#372,.T.);
#533=ORIENTED_EDGE('',*,*,#369,.T.);
#534=ORIENTED_EDGE('',*,*,#374,.T.);
#535=ORIENTED_EDGE('',*,*,#331,.T.);
#536=ORIENTED_EDGE('',*,*,#366,.T.);
#537=ORIENTED_EDGE('',*,*,#375,.F.);
#538=ORIENTED_EDGE('',*,*,#373,.T.);
#539=ORIENTED_EDGE('',*,*,#376,.F.);
#540=ORIENTED_EDGE('',*,*,#375,.T.);
#541=ORIENTED_EDGE('',*,*,#365,.T.);
#542=ORIENTED_EDGE('',*,*,#336,.T.);
#543=ORIENTED_EDGE('',*,*,#371,.T.);
#544=ORIENTED_EDGE('',*,*,#377,.F.);
#545=ORIENTED_EDGE('',*,*,#378,.T.);
#546=ORIENTED_EDGE('',*,*,#376,.T.);
#547=ORIENTED_EDGE('',*,*,#378,.F.);
#548=ORIENTED_EDGE('',*,*,#379,.F.);
#549=ORIENTED_EDGE('',*,*,#380,.T.);
#550=ORIENTED_EDGE('',*,*,#377,.T.);
#551=ORIENTED_EDGE('',*,*,#380,.F.);
#552=ORIENTED_EDGE('',*,*,#381,.F.);
#553=ORIENTED_EDGE('',*,*,#382,.T.);
#554=ORIENTED_EDGE('',*,*,#379,.T.);
#555=ORIENTED_EDGE('',*,*,#382,.F.);
#556=ORIENTED_EDGE('',*,*,#381,.T.);
#557=ORIENTED_EDGE('',*,*,#383,.F.);
#558=ORIENTED_EDGE('',*,*,#384,.F.);
#559=ORIENTED_EDGE('',*,*,#385,.T.);
#560=ORIENTED_EDGE('',*,*,#383,.T.);
#561=ORIENTED_EDGE('',*,*,#385,.F.);
#562=ORIENTED_EDGE('',*,*,#386,.F.);
#563=ORIENTED_EDGE('',*,*,#387,.T.);
#564=ORIENTED_EDGE('',*,*,#384,.T.);
#565=ORIENTED_EDGE('',*,*,#387,.F.);
#566=ORIENTED_EDGE('',*,*,#386,.T.);
#567=ORIENTED_EDGE('',*,*,#388,.F.);
#568=ORIENTED_EDGE('',*,*,#388,.T.);
#569=ORIENTED_EDGE('',*,*,#389,.T.);
#570=ORIENTED_EDGE('',*,*,#390,.F.);
#571=ORIENTED_EDGE('',*,*,#389,.F.);
#572=ORIENTED_EDGE('',*,*,#391,.F.);
#573=ORIENTED_EDGE('',*,*,#390,.T.);
#574=ORIENTED_EDGE('',*,*,#391,.T.);
#575=ORIENTED_EDGE('',*,*,#392,.T.);
#576=ORIENTED_EDGE('',*,*,#393,.F.);
#577=ORIENTED_EDGE('',*,*,#392,.F.);
#578=ORIENTED_EDGE('',*,*,#393,.T.);
#579=ORIENTED_EDGE('',*,*,#394,.T.);
#580=ORIENTED_EDGE('',*,*,#395,.F.);
#581=ORIENTED_EDGE('',*,*,#394,.F.);
#582=ORIENTED_EDGE('',*,*,#395,.T.);
#583=ORIENTED_EDGE('',*,*,#396,.T.);
#584=ORIENTED_EDGE('',*,*,#396,.F.);
#585=ORIENTED_EDGE('',*,*,#397,.T.);
#586=ORIENTED_EDGE('',*,*,#374,.F.);
#587=ORIENTED_EDGE('',*,*,#397,.F.);
#588=CYLINDRICAL_SURFACE('',#668,14.86725);
#589=CYLINDRICAL_SURFACE('',#670,14.86725);
#590=CYLINDRICAL_SURFACE('',#671,14.86725);
#591=CYLINDRICAL_SURFACE('',#672,14.86725);
#592=CYLINDRICAL_SURFACE('',#673,14.86725);
#593=CYLINDRICAL_SURFACE('',#674,14.86725);
#594=CYLINDRICAL_SURFACE('',#675,14.86725);
#595=CYLINDRICAL_SURFACE('',#676,14.86725);
#596=CYLINDRICAL_SURFACE('',#677,14.86725);
#597=CYLINDRICAL_SURFACE('',#678,14.86725);
#598=CYLINDRICAL_SURFACE('',#679,12.866);
#599=CYLINDRICAL_SURFACE('',#681,12.866);
#600=CYLINDRICAL_SURFACE('',#682,12.866);
#601=CYLINDRICAL_SURFACE('',#683,12.866);
#602=CYLINDRICAL_SURFACE('',#684,12.866);
#603=CYLINDRICAL_SURFACE('',#685,12.866);
#604=CYLINDRICAL_SURFACE('',#686,12.866);
#605=CYLINDRICAL_SURFACE('',#687,12.866);
#606=CYLINDRICAL_SURFACE('',#688,12.866);
#607=CYLINDRICAL_SURFACE('',#689,12.866);
#608=CYLINDRICAL_SURFACE('',#690,12.866);
#609=CYLINDRICAL_SURFACE('',#694,14.86725);
#610=CYLINDRICAL_SURFACE('',#700,55.);
#611=CYLINDRICAL_SURFACE('',#706,30.);
#612=CYLINDRICAL_SURFACE('',#712,15.);
#613=CYLINDRICAL_SURFACE('',#716,20.);
#614=CYLINDRICAL_SURFACE('',#722,10.);
#615=ADVANCED_FACE('',(#33),#588,.T.);
#616=ADVANCED_FACE('',(#34),#589,.T.);
#617=ADVANCED_FACE('',(#35),#590,.T.);
#618=ADVANCED_FACE('',(#36),#591,.T.);
#619=ADVANCED_FACE('',(#37),#592,.T.);
#620=ADVANCED_FACE('',(#38),#593,.T.);
#621=ADVANCED_FACE('',(#39),#594,.T.);
#622=ADVANCED_FACE('',(#40),#595,.T.);
#623=ADVANCED_FACE('',(#41),#596,.T.);
#624=ADVANCED_FACE('',(#42),#597,.T.);
#625=ADVANCED_FACE('',(#43),#598,.T.);
#626=ADVANCED_FACE('',(#44),#599,.T.);
#627=ADVANCED_FACE('',(#45),#600,.T.);
#628=ADVANCED_FACE('',(#46),#601,.T.);
#629=ADVANCED_FACE('',(#47),#602,.T.);
#630=ADVANCED_FACE('',(#48),#603,.T.);
#631=ADVANCED_FACE('',(#49),#604,.T.);
#632=ADVANCED_FACE('',(#50),#605,.T.);
#633=ADVANCED_FACE('',(#51),#606,.T.);
#634=ADVANCED_FACE('',(#52),#607,.T.);
#635=ADVANCED_FACE('',(#53),#31,.F.);
#636=ADVANCED_FACE('',(#54),#608,.T.);
#637=ADVANCED_FACE('',(#55),#32,.F.);
#638=ADVANCED_FACE('',(#56,#19),#25,.T.);
#639=ADVANCED_FACE('',(#57),#609,.T.);
#640=ADVANCED_FACE('',(#58,#20),#26,.T.);
#641=ADVANCED_FACE('',(#59),#15,.T.);
#642=ADVANCED_FACE('',(#60),#610,.T.);
#643=ADVANCED_FACE('',(#61),#16,.T.);
#644=ADVANCED_FACE('',(#62,#21),#27,.T.);
#645=ADVANCED_FACE('',(#63),#611,.T.);
#646=ADVANCED_FACE('',(#64),#17,.T.);
#647=ADVANCED_FACE('',(#65,#22),#28,.T.);
#648=ADVANCED_FACE('',(#66),#612,.F.);
#649=ADVANCED_FACE('',(#67,#23),#29,.T.);
#650=ADVANCED_FACE('',(#68),#613,.F.);
#651=ADVANCED_FACE('',(#69),#18,.F.);
#652=ADVANCED_FACE('',(#70,#24),#30,.T.);
#653=ADVANCED_FACE('',(#71),#614,.F.);
#654=CLOSED_SHELL('',(#615,#616,#617,#618,#619,#620,#621,#622,#623,#624,
#625,#626,#627,#628,#629,#630,#631,#632,#633,#634,#635,#636,#637,#638,#639,
#640,#641,#642,#643,#644,#645,#646,#647,#648,#649,#650,#651,#652,#653));
#655=DERIVED_UNIT_ELEMENT(#657,1.);
#656=DERIVED_UNIT_ELEMENT(#3785,-3.);
#657=(
MASS_UNIT()
NAMED_UNIT(*)
SI_UNIT(.KILO.,.GRAM.)
);
#658=DERIVED_UNIT((#655,#656));
#659=MEASURE_REPRESENTATION_ITEM('density measure',
POSITIVE_RATIO_MEASURE(7850.),#658);
#660=PROPERTY_DEFINITION_REPRESENTATION(#665,#662);
#661=PROPERTY_DEFINITION_REPRESENTATION(#666,#663);
#662=REPRESENTATION('material name',(#664),#3782);
#663=REPRESENTATION('density',(#659),#3782);
#664=DESCRIPTIVE_REPRESENTATION_ITEM('Steel','Steel');
#665=PROPERTY_DEFINITION('material property','material name',#3792);
#666=PROPERTY_DEFINITION('material property','density of part',#3792);
#667=AXIS2_PLACEMENT_3D('',#864,#723,#724);
#668=AXIS2_PLACEMENT_3D('',#865,#725,#726);
#669=AXIS2_PLACEMENT_3D('',#887,#728,#729);
#670=AXIS2_PLACEMENT_3D('',#898,#730,#731);
#671=AXIS2_PLACEMENT_3D('',#982,#733,#734);
#672=AXIS2_PLACEMENT_3D('',#1072,#736,#737);
#673=AXIS2_PLACEMENT_3D('',#1159,#739,#740);
#674=AXIS2_PLACEMENT_3D('',#1246,#742,#743);
#675=AXIS2_PLACEMENT_3D('',#1336,#745,#746);
#676=AXIS2_PLACEMENT_3D('',#1420,#748,#749);
#677=AXIS2_PLACEMENT_3D('',#1510,#751,#752);
#678=AXIS2_PLACEMENT_3D('',#1594,#754,#755);
#679=AXIS2_PLACEMENT_3D('',#1684,#757,#758);
#680=AXIS2_PLACEMENT_3D('',#1698,#760,#761);
#681=AXIS2_PLACEMENT_3D('',#1704,#762,#763);
#682=AXIS2_PLACEMENT_3D('',#1742,#765,#766);
#683=AXIS2_PLACEMENT_3D('',#1779,#768,#769);
#684=AXIS2_PLACEMENT_3D('',#1816,#771,#772);
#685=AXIS2_PLACEMENT_3D('',#1853,#774,#775);
#686=AXIS2_PLACEMENT_3D('',#1890,#777,#778);
#687=AXIS2_PLACEMENT_3D('',#1928,#780,#781);
#688=AXIS2_PLACEMENT_3D('',#1964,#783,#784);
#689=AXIS2_PLACEMENT_3D('',#2002,#786,#787);
#690=AXIS2_PLACEMENT_3D('',#2878,#789,#790);
#691=AXIS2_PLACEMENT_3D('',#2880,#791,#792);
#692=AXIS2_PLACEMENT_3D('',#3726,#793,#794);
#693=AXIS2_PLACEMENT_3D('',#3728,#795,#796);
#694=AXIS2_PLACEMENT_3D('',#3729,#797,#798);
#695=AXIS2_PLACEMENT_3D('',#3730,#799,#800);
#696=AXIS2_PLACEMENT_3D('',#3731,#801,#802);
#697=AXIS2_PLACEMENT_3D('',#3733,#803,#804);
#698=AXIS2_PLACEMENT_3D('',#3734,#805,#806);
#699=AXIS2_PLACEMENT_3D('',#3736,#807,#808);
#700=AXIS2_PLACEMENT_3D('',#3738,#810,#811);
#701=AXIS2_PLACEMENT_3D('',#3740,#812,#813);
#702=AXIS2_PLACEMENT_3D('',#3742,#815,#816);
#703=AXIS2_PLACEMENT_3D('',#3744,#817,#818);
#704=AXIS2_PLACEMENT_3D('',#3746,#820,#821);
#705=AXIS2_PLACEMENT_3D('',#3748,#822,#823);
#706=AXIS2_PLACEMENT_3D('',#3749,#824,#825);
#707=AXIS2_PLACEMENT_3D('',#3751,#826,#827);
#708=AXIS2_PLACEMENT_3D('',#3753,#829,#830);
#709=AXIS2_PLACEMENT_3D('',#3755,#831,#832);
#710=AXIS2_PLACEMENT_3D('',#3757,#834,#835);
#711=AXIS2_PLACEMENT_3D('',#3759,#836,#837);
#712=AXIS2_PLACEMENT_3D('',#3760,#838,#839);
#713=AXIS2_PLACEMENT_3D('',#3763,#841,#842);
#714=AXIS2_PLACEMENT_3D('',#3764,#843,#844);
#715=AXIS2_PLACEMENT_3D('',#3766,#845,#846);
#716=AXIS2_PLACEMENT_3D('',#3767,#847,#848);
#717=AXIS2_PLACEMENT_3D('',#3770,#850,#851);
#718=AXIS2_PLACEMENT_3D('',#3771,#852,#853);
#719=AXIS2_PLACEMENT_3D('',#3774,#855,#856);
#720=AXIS2_PLACEMENT_3D('',#3775,#857,#858);
#721=AXIS2_PLACEMENT_3D('',#3777,#859,#860);
#722=AXIS2_PLACEMENT_3D('',#3778,#861,#862);
#723=DIRECTION('axis',(0.,0.,1.));
#724=DIRECTION('refdir',(1.,0.,0.));
#725=DIRECTION('center_axis',(-1.,0.,0.));
#726=DIRECTION('ref_axis',(0.,0.,1.));
#727=DIRECTION('',(1.,0.,0.));
#728=DIRECTION('center_axis',(-1.,0.,0.));
#729=DIRECTION('ref_axis',(0.,0.,1.));
#730=DIRECTION('center_axis',(-1.,0.,0.));
#731=DIRECTION('ref_axis',(0.,0.,1.));
#732=DIRECTION('',(1.,0.,0.));
#733=DIRECTION('center_axis',(-1.,0.,0.));
#734=DIRECTION('ref_axis',(0.,0.,1.));
#735=DIRECTION('',(1.,0.,0.));
#736=DIRECTION('center_axis',(-1.,0.,0.));
#737=DIRECTION('ref_axis',(0.,0.,1.));
#738=DIRECTION('',(1.,0.,0.));
#739=DIRECTION('center_axis',(-1.,0.,0.));
#740=DIRECTION('ref_axis',(0.,0.,1.));
#741=DIRECTION('',(1.,0.,0.));
#742=DIRECTION('center_axis',(-1.,0.,0.));
#743=DIRECTION('ref_axis',(0.,0.,1.));
#744=DIRECTION('',(1.,0.,0.));
#745=DIRECTION('center_axis',(-1.,0.,0.));
#746=DIRECTION('ref_axis',(0.,0.,1.));
#747=DIRECTION('',(1.,0.,0.));
#748=DIRECTION('center_axis',(-1.,0.,0.));
#749=DIRECTION('ref_axis',(0.,0.,1.));
#750=DIRECTION('',(1.,0.,0.));
#751=DIRECTION('center_axis',(-1.,0.,0.));
#752=DIRECTION('ref_axis',(0.,0.,1.));
#753=DIRECTION('',(1.,0.,0.));
#754=DIRECTION('center_axis',(-1.,0.,0.));
#755=DIRECTION('ref_axis',(0.,0.,1.));
#756=DIRECTION('',(1.,0.,0.));
#757=DIRECTION('center_axis',(-1.,0.,0.));
#758=DIRECTION('ref_axis',(0.,-0.888957380682705,-0.457989929288564));
#759=DIRECTION('',(-1.,0.,0.));
#760=DIRECTION('center_axis',(-1.,0.,0.));
#761=DIRECTION('ref_axis',(0.,5.15995613663345E-14,1.));
#762=DIRECTION('center_axis',(-1.,0.,0.));
#763=DIRECTION('ref_axis',(0.,5.15995613663345E-14,1.));
#764=DIRECTION('',(-1.,0.,0.));
#765=DIRECTION('center_axis',(-1.,0.,0.));
#766=DIRECTION('ref_axis',(0.,5.15995613663345E-14,1.));
#767=DIRECTION('',(-1.,0.,0.));
#768=DIRECTION('center_axis',(-1.,0.,0.));
#769=DIRECTION('ref_axis',(0.,5.15995613663345E-14,1.));
#770=DIRECTION('',(-1.,0.,0.));
#771=DIRECTION('center_axis',(-1.,0.,0.));
#772=DIRECTION('ref_axis',(0.,5.15995613663345E-14,1.));
#773=DIRECTION('',(-1.,0.,0.));
#774=DIRECTION('center_axis',(-1.,0.,0.));
#775=DIRECTION('ref_axis',(0.,5.15995613663345E-14,1.));
#776=DIRECTION('',(-1.,0.,0.));
#777=DIRECTION('center_axis',(-1.,0.,0.));
#778=DIRECTION('ref_axis',(0.,5.15995613663345E-14,1.));
#779=DIRECTION('',(-1.,0.,0.));
#780=DIRECTION('center_axis',(-1.,0.,0.));
#781=DIRECTION('ref_axis',(0.,5.15995613663345E-14,1.));
#782=DIRECTION('',(-1.,0.,0.));
#783=DIRECTION('center_axis',(-1.,0.,0.));
#784=DIRECTION('ref_axis',(0.,5.15995613663345E-14,1.));
#785=DIRECTION('',(-1.,0.,0.));
#786=DIRECTION('center_axis',(-1.,0.,0.));
#787=DIRECTION('ref_axis',(0.,5.15995613663345E-14,1.));
#788=DIRECTION('',(-1.,0.,0.));
#789=DIRECTION('center_axis',(-1.,0.,0.));
#790=DIRECTION('ref_axis',(0.,0.457991657658358,0.888956490226237));
#791=DIRECTION('center_axis',(1.,0.,0.));
#792=DIRECTION('ref_axis',(0.,5.15995613663345E-14,1.));
#793=DIRECTION('center_axis',(1.,0.,0.));
#794=DIRECTION('ref_axis',(0.,0.,-1.));
#795=DIRECTION('center_axis',(-1.,0.,0.));
#796=DIRECTION('ref_axis',(0.,0.,-1.));
#797=DIRECTION('center_axis',(-1.,0.,0.));
#798=DIRECTION('ref_axis',(0.,-0.532340828399566,0.846530119026408));
#799=DIRECTION('center_axis',(-1.,0.,0.));
#800=DIRECTION('ref_axis',(0.,0.,1.));
#801=DIRECTION('center_axis',(1.,0.,0.));
#802=DIRECTION('ref_axis',(0.,0.,-1.));
#803=DIRECTION('center_axis',(-1.,0.,0.));
#804=DIRECTION('ref_axis',(0.,0.,1.));
#805=DIRECTION('center_axis',(-1.,0.,0.));
#806=DIRECTION('ref_axis',(0.,0.,1.));
#807=DIRECTION('center_axis',(-1.,0.,0.));
#808=DIRECTION('ref_axis',(0.,0.,1.));
#809=DIRECTION('',(0.707106781186548,8.65956056235493E-17,0.707106781186548));
#810=DIRECTION('center_axis',(-1.,0.,0.));
#811=DIRECTION('ref_axis',(0.,0.,1.));
#812=DIRECTION('center_axis',(-1.,0.,0.));
#813=DIRECTION('ref_axis',(0.,0.,1.));
#814=DIRECTION('',(1.,0.,0.));
#815=DIRECTION('center_axis',(1.,0.,0.));
#816=DIRECTION('ref_axis',(0.,0.,1.));
#817=DIRECTION('center_axis',(-1.,0.,0.));
#818=DIRECTION('ref_axis',(0.,0.,1.));
#819=DIRECTION('',(0.707106781186547,-8.65956056235494E-17,-0.707106781186548));
#820=DIRECTION('center_axis',(-1.,0.,0.));
#821=DIRECTION('ref_axis',(0.,0.,1.));
#822=DIRECTION('center_axis',(-1.,0.,0.));
#823=DIRECTION('ref_axis',(0.,0.,1.));
#824=DIRECTION('center_axis',(-1.,0.,0.));
#825=DIRECTION('ref_axis',(0.,0.,1.));
#826=DIRECTION('center_axis',(-1.,0.,0.));
#827=DIRECTION('ref_axis',(0.,0.,1.));
#828=DIRECTION('',(1.,0.,0.));
#829=DIRECTION('center_axis',(1.,0.,0.));
#830=DIRECTION('ref_axis',(0.,0.,1.));
#831=DIRECTION('center_axis',(-1.,0.,0.));
#832=DIRECTION('ref_axis',(0.,0.,1.));
#833=DIRECTION('',(0.707106781186549,-8.65956056235491E-17,-0.707106781186546));
#834=DIRECTION('center_axis',(-1.,0.,0.));
#835=DIRECTION('ref_axis',(0.,0.,1.));
#836=DIRECTION('center_axis',(-1.,0.,0.));
#837=DIRECTION('ref_axis',(0.,0.,1.));
#838=DIRECTION('center_axis',(-1.,0.,0.));
#839=DIRECTION('ref_axis',(0.,0.,1.));
#840=DIRECTION('',(1.,0.,0.));
#841=DIRECTION('center_axis',(-1.,0.,0.));
#842=DIRECTION('ref_axis',(0.,0.,1.));
#843=DIRECTION('center_axis',(1.,0.,0.));
#844=DIRECTION('ref_axis',(0.,0.,-1.));
#845=DIRECTION('center_axis',(-1.,0.,0.));
#846=DIRECTION('ref_axis',(0.,0.,1.));
#847=DIRECTION('center_axis',(-1.,0.,0.));
#848=DIRECTION('ref_axis',(0.,0.,1.));
#849=DIRECTION('',(1.,0.,0.));
#850=DIRECTION('center_axis',(-1.,0.,0.));
#851=DIRECTION('ref_axis',(0.,0.,1.));
#852=DIRECTION('center_axis',(-1.,0.,0.));
#853=DIRECTION('ref_axis',(0.,0.,1.));
#854=DIRECTION('',(0.707106781186547,8.65956056235494E-17,0.707106781186548));
#855=DIRECTION('center_axis',(-1.,0.,0.));
#856=DIRECTION('ref_axis',(0.,0.,1.));
#857=DIRECTION('center_axis',(-1.,0.,0.));
#858=DIRECTION('ref_axis',(0.,0.,1.));
#859=DIRECTION('center_axis',(1.,0.,0.));
#860=DIRECTION('ref_axis',(0.,0.,-1.));
#861=DIRECTION('center_axis',(-1.,0.,0.));
#862=DIRECTION('ref_axis',(0.,0.,1.));
#863=DIRECTION('',(1.,0.,0.));
#864=CARTESIAN_POINT('',(0.,0.,0.));
#865=CARTESIAN_POINT('Origin',(32.5,0.,0.));
#866=CARTESIAN_POINT('',(48.8754146790997,0.000376604759126098,-14.8675088409243));
#867=CARTESIAN_POINT('',(49.3745853209004,0.000257409801136557,-14.8671329199347));
#868=CARTESIAN_POINT('',(32.5,-1.82071301246235E-15,-14.86725));
#869=CARTESIAN_POINT('',(50.,13.3997277538069,6.44068464422521));
#870=CARTESIAN_POINT('Ctrl Pts',(48.8754146790997,0.000376604759126098,
-14.8675088409243));
#871=CARTESIAN_POINT('Ctrl Pts',(48.8937675081135,0.490172505569971,-14.8680143118933));
#872=CARTESIAN_POINT('Ctrl Pts',(48.9121203371272,0.979919504911159,-14.8442869637055));
#873=CARTESIAN_POINT('Ctrl Pts',(48.930473166141,1.46722726083428,-14.7959635893718));
#874=CARTESIAN_POINT('Ctrl Pts',(49.0231793769774,3.92877994728805,-14.5518662392605));
#875=CARTESIAN_POINT('Ctrl Pts',(49.1158855878138,6.32809303758702,-13.6801780866118));
#876=CARTESIAN_POINT('Ctrl Pts',(49.2085917986503,8.37229420203125,-12.2873072536699));
#877=CARTESIAN_POINT('Ctrl Pts',(49.3012980094867,10.4164953664755,-10.894436420728));
#878=CARTESIAN_POINT('Ctrl Pts',(49.3940042203232,12.1055846050649,-8.98038290749294));
#879=CARTESIAN_POINT('Ctrl Pts',(49.4867104311597,13.2333434332558,-6.77879744600214));
#880=CARTESIAN_POINT('Ctrl Pts',(49.5794166419961,14.3611022614468,-4.57721198451133));
#881=CARTESIAN_POINT('Ctrl Pts',(49.6721228528325,14.9275306792391,-2.0880945747648));
#882=CARTESIAN_POINT('Ctrl Pts',(49.764829063669,14.8635420508846,0.384704858833288));
#883=CARTESIAN_POINT('Ctrl Pts',(49.8432193757793,14.8094346884655,2.4756491185226));
#884=CARTESIAN_POINT('Ctrl Pts',(49.9216096878897,14.3045780128005,4.55492599613932));
#885=CARTESIAN_POINT('Ctrl Pts',(50.,13.4001517781476,6.44124014460576));
#886=CARTESIAN_POINT('',(50.,13.399727753807,-6.44068464422489));
#887=CARTESIAN_POINT('Origin',(50.,0.,0.));
#888=CARTESIAN_POINT('Ctrl Pts',(50.,13.3997277538071,-6.44068464422477));
#889=CARTESIAN_POINT('Ctrl Pts',(49.9072937891636,12.32783165601,-8.67074506237105));
#890=CARTESIAN_POINT('Ctrl Pts',(49.8145875783271,10.6889798780709,-10.626903510849));
#891=CARTESIAN_POINT('Ctrl Pts',(49.7218813674907,8.68110448642389,-12.0711236129707));
#892=CARTESIAN_POINT('Ctrl Pts',(49.6291751566542,6.67322909477679,-13.5153437150924));
#893=CARTESIAN_POINT('Ctrl Pts',(49.5364689458178,4.29633008942171,-14.4476254708579));
#894=CARTESIAN_POINT('Ctrl Pts',(49.4437627349813,1.84163812247202,-14.7540447494343));
#895=CARTESIAN_POINT('Ctrl Pts',(49.4207035969543,1.23107405811306,-14.830261481572));
#896=CARTESIAN_POINT('Ctrl Pts',(49.3976444589274,0.615697072211702,-14.8677571400122));
#897=CARTESIAN_POINT('Ctrl Pts',(49.3745853209004,0.000257409801136557,
-14.8671329199347));
#898=CARTESIAN_POINT('Origin',(32.5,0.,0.));
#899=CARTESIAN_POINT('',(45.3754146790996,-0.000384103103036049,-14.8673552797247));
#900=CARTESIAN_POINT('',(45.8745853209004,-0.000346741535210711,-14.8677503231344));
#901=CARTESIAN_POINT('',(32.5,-1.82071301246235E-15,-14.86725));
#902=CARTESIAN_POINT('Ctrl Pts',(45.3754146790996,-0.000384103103036049,
-14.8673552797247));
#903=CARTESIAN_POINT('Ctrl Pts',(45.4479596447427,1.93573611094792,-14.8653503953596));
#904=CARTESIAN_POINT('Ctrl Pts',(45.5205046103857,3.87262032807855,-14.4852664498982));
#905=CARTESIAN_POINT('Ctrl Pts',(45.5930495760287,5.66243147512747,-13.7480965486714));
#906=CARTESIAN_POINT('Ctrl Pts',(45.6857557868652,7.94965579296984,-12.8060569780455));
#907=CARTESIAN_POINT('Ctrl Pts',(45.7784619977016,9.99670043145934,-11.2808733259811));
#908=CARTESIAN_POINT('Ctrl Pts',(45.871168208538,11.5536801273254,-9.35872664466677));
#909=CARTESIAN_POINT('Ctrl Pts',(45.9638744193745,13.1106598231915,-7.43657996335244));
#910=CARTESIAN_POINT('Ctrl Pts',(46.056580630211,14.1775745764342,-5.11747025278814));
#911=CARTESIAN_POINT('Ctrl Pts',(46.1492868410474,14.6241847773269,-2.68449409964532));
#912=CARTESIAN_POINT('Ctrl Pts',(46.2419930518839,15.0707949782195,-0.251517946502525));
#913=CARTESIAN_POINT('Ctrl Pts',(46.3346992627203,14.897100626762,2.29532464921879));
#914=CARTESIAN_POINT('Ctrl Pts',(46.4274054735568,14.1243048229038,4.64513746616407));
#915=CARTESIAN_POINT('Ctrl Pts',(46.5201116843932,13.3515090190455,6.99495028310935));
#916=CARTESIAN_POINT('Ctrl Pts',(46.6128178952297,11.9796117627865,9.14773332127859));
#917=CARTESIAN_POINT('Ctrl Pts',(46.7055241060661,10.1760822150756,10.8406936964462));
#918=CARTESIAN_POINT('Ctrl Pts',(46.7982303169026,8.37255266736468,12.5336540716138));
#919=CARTESIAN_POINT('Ctrl Pts',(46.890936527739,6.13739082820188,13.7667917837798));
#920=CARTESIAN_POINT('Ctrl Pts',(46.9836427385755,3.74344572644881,14.3895761890585));
#921=CARTESIAN_POINT('Ctrl Pts',(47.0763489494119,1.34950062469574,15.0123605943371));
#922=CARTESIAN_POINT('Ctrl Pts',(47.1690551602484,-1.2032277396476,15.0247916927285));
#923=CARTESIAN_POINT('Ctrl Pts',(47.2617613710848,-3.60312478602406,14.4253520053078));
#924=CARTESIAN_POINT('Ctrl Pts',(47.3544675819213,-6.00302183240052,13.825912317887));
#925=CARTESIAN_POINT('Ctrl Pts',(47.4471737927577,-8.25008756081009,12.6146018446543));
#926=CARTESIAN_POINT('Ctrl Pts',(47.5398800035942,-10.0700196373319,10.9392867499646));
#927=CARTESIAN_POINT('Ctrl Pts',(47.6325862144306,-11.8899517138537,9.26397165527501));
#928=CARTESIAN_POINT('Ctrl Pts',(47.7252924252671,-13.2827501384878,7.12465193912853));
#929=CARTESIAN_POINT('Ctrl Pts',(47.8179986361035,-14.0783947726519,4.78247700394885));
#930=CARTESIAN_POINT('Ctrl Pts',(47.91070484694,-14.8740394068161,2.44030206876915));
#931=CARTESIAN_POINT('Ctrl Pts',(48.0034110577764,-15.0725302505103,-0.10472808544375));
#932=CARTESIAN_POINT('Ctrl Pts',(48.0961172686129,-14.6496363201088,-2.54193848912135));
#933=CARTESIAN_POINT('Ctrl Pts',(48.1888234794493,-14.2267423897074,-4.97914889279895));
#934=CARTESIAN_POINT('Ctrl Pts',(48.2815296902858,-13.1824636852103,-7.30853954594125));
#935=CARTESIAN_POINT('Ctrl Pts',(48.3742359011222,-11.6442785013157,-9.2457588451036));
#936=CARTESIAN_POINT('Ctrl Pts',(48.4669421119587,-10.106093317421,-11.1829781442659));
#937=CARTESIAN_POINT('Ctrl Pts',(48.5596483227951,-8.07400165412882,-12.7280260894483));
#938=CARTESIAN_POINT('Ctrl Pts',(48.6523545336316,-5.79605968117845,-13.6922967882526));
#939=CARTESIAN_POINT('Ctrl Pts',(48.7267079154543,-3.9690764860232,-14.4656731003868));
#940=CARTESIAN_POINT('Ctrl Pts',(48.801061297277,-1.98394862384048,-14.865461010809));
#941=CARTESIAN_POINT('Ctrl Pts',(48.8754146790997,0.000376604759126098,
-14.8675088409243));
#942=CARTESIAN_POINT('Ctrl Pts',(49.3745853209004,0.000257409801136557,
-14.8671329199347));
#943=CARTESIAN_POINT('Ctrl Pts',(49.3049382480909,-1.85859659105456,-14.8652475458529));
#944=CARTESIAN_POINT('Ctrl Pts',(49.2352911752814,-3.71802236590482,-14.5156089945719));
#945=CARTESIAN_POINT('Ctrl Pts',(49.165644102472,-5.44713324719954,-13.8347823975898));
#946=CARTESIAN_POINT('Ctrl Pts',(49.0729378916355,-7.74872772137707,-12.9285439657816));
#947=CARTESIAN_POINT('Ctrl Pts',(48.980231680799,-9.81943174118781,-11.4355103007778));
#948=CARTESIAN_POINT('Ctrl Pts',(48.8875254699626,-11.4062456020616,-9.53790063630188));
#949=CARTESIAN_POINT('Ctrl Pts',(48.7948192591261,-12.9930594629354,-7.64029097182597));
#950=CARTESIAN_POINT('Ctrl Pts',(48.7021130482897,-14.0959831648723,-5.33810530787792));
#951=CARTESIAN_POINT('Ctrl Pts',(48.6094068374533,-14.5804952657653,-2.91239315986212));
#952=CARTESIAN_POINT('Ctrl Pts',(48.5167006266168,-15.0650073666584,-0.486681011846317));
#953=CARTESIAN_POINT('Ctrl Pts',(48.4239944157803,-14.9311078665077,2.06255762023725));
#954=CARTESIAN_POINT('Ctrl Pts',(48.3312882049439,-14.1950845803181,4.42414356585232));
#955=CARTESIAN_POINT('Ctrl Pts',(48.2385819941074,-13.4590612941286,6.78572951146738));
#956=CARTESIAN_POINT('Ctrl Pts',(48.145875783271,-12.1209142219002,8.95966277061395));
#957=CARTESIAN_POINT('Ctrl Pts',(48.0531695724346,-10.3440216588968,10.6805638058801));
#958=CARTESIAN_POINT('Ctrl Pts',(47.9604633615981,-8.56712909589353,12.4014648411463));
#959=CARTESIAN_POINT('Ctrl Pts',(47.8677571507616,-6.3514910421153,13.6693336525321));
#960=CARTESIAN_POINT('Ctrl Pts',(47.7750509399252,-3.96755850442572,14.3294023633504));
#961=CARTESIAN_POINT('Ctrl Pts',(47.6823447290887,-1.58362596673614,14.9894710741686));
#962=CARTESIAN_POINT('Ctrl Pts',(47.5896385182523,0.968601054864792,15.0417396844192));
#963=CARTESIAN_POINT('Ctrl Pts',(47.4969323074159,3.37756164510301,14.4798264699618));
#964=CARTESIAN_POINT('Ctrl Pts',(47.4042260965794,5.78652223534123,13.9179132555044));
#965=CARTESIAN_POINT('Ctrl Pts',(47.3115198857429,8.05221639421674,12.741818216339));
#966=CARTESIAN_POINT('Ctrl Pts',(47.2188136749065,9.89807178155634,11.0951093481253));
#967=CARTESIAN_POINT('Ctrl Pts',(47.12610746407,11.7439271688959,9.44840047991164));
#968=CARTESIAN_POINT('Ctrl Pts',(47.0334012532336,13.1699437846996,7.33107778264976));
#969=CARTESIAN_POINT('Ctrl Pts',(46.9406950423972,14.0020441276422,5.00160513902875));
#970=CARTESIAN_POINT('Ctrl Pts',(46.8479888315607,14.8341444705848,2.67213249540772));
#971=CARTESIAN_POINT('Ctrl Pts',(46.7552826207243,15.0723285406663,0.130509905427562));
#972=CARTESIAN_POINT('Ctrl Pts',(46.6625764098878,14.6875218700854,-2.31300346349364));
#973=CARTESIAN_POINT('Ctrl Pts',(46.5698701990513,14.3027151995044,-4.75651683241484));
#974=CARTESIAN_POINT('Ctrl Pts',(46.4771639882149,13.2949177882612,-7.10192098027705));
#975=CARTESIAN_POINT('Ctrl Pts',(46.3844577773784,11.7871522281517,-9.06290960611063));
#976=CARTESIAN_POINT('Ctrl Pts',(46.291751566542,10.2793866680421,-11.0238982319442));
#977=CARTESIAN_POINT('Ctrl Pts',(46.1990453557055,8.27165295906636,-12.6004713357491));
#978=CARTESIAN_POINT('Ctrl Pts',(46.1063391448691,6.00903787884141,-13.600174651001));
#979=CARTESIAN_POINT('Ctrl Pts',(46.0290878702128,4.12362052193772,-14.433218679923));
#980=CARTESIAN_POINT('Ctrl Pts',(45.9518365955566,2.06122008783902,-14.865699145417));
#981=CARTESIAN_POINT('Ctrl Pts',(45.8745853209004,-0.000346741535210711,
-14.8677503231344));
#982=CARTESIAN_POINT('Origin',(32.5,0.,0.));
#983=CARTESIAN_POINT('',(41.8754146790997,0.000277465075572692,-14.8663264479114));
#984=CARTESIAN_POINT('',(42.3745853209004,0.000183054110207551,-14.8661119486978));
#985=CARTESIAN_POINT('',(32.5,-1.82071301246235E-15,-14.86725));
#986=CARTESIAN_POINT('Ctrl Pts',(41.8754146790997,0.000277465075572691,
-14.8663264479114));
#987=CARTESIAN_POINT('Ctrl Pts',(41.9094455705355,0.908693222096888,-14.8669332717631));
#988=CARTESIAN_POINT('Ctrl Pts',(41.9434764619713,1.81700082925368,-14.7850028794536));
#989=CARTESIAN_POINT('Ctrl Pts',(41.9775073534072,2.70982017179288,-14.6195131093025));
#990=CARTESIAN_POINT('Ctrl Pts',(42.0702135642436,5.14201911563754,-14.1686894935933));
#991=CARTESIAN_POINT('Ctrl Pts',(42.16291977508,7.45927737737923,-13.0977594862162));
#992=CARTESIAN_POINT('Ctrl Pts',(42.2556259859165,9.3787243789508,-11.5374528358819));
#993=CARTESIAN_POINT('Ctrl Pts',(42.3483321967529,11.2981713805224,-9.97714618554767));
#994=CARTESIAN_POINT('Ctrl Pts',(42.4410384075894,12.8198071219238,-7.9274628922563));
#995=CARTESIAN_POINT('Ctrl Pts',(42.5337446184259,13.7578836488245,-5.63861032719268));
#996=CARTESIAN_POINT('Ctrl Pts',(42.6264508292623,14.6959601757251,-3.34975776212905));
#997=CARTESIAN_POINT('Ctrl Pts',(42.7191570400987,15.050477488125,-0.821735925293099));
#998=CARTESIAN_POINT('Ctrl Pts',(42.8118632509352,14.7781592198313,1.63685643532174));
#999=CARTESIAN_POINT('Ctrl Pts',(42.9045694617716,14.5058409515376,4.09544879593657));
#1000=CARTESIAN_POINT('Ctrl Pts',(42.9972756726081,13.6066871025504,6.4846116803303));
#1001=CARTESIAN_POINT('Ctrl Pts',(43.0899818834446,12.1904584937687,8.51269702433957));
#1002=CARTESIAN_POINT('Ctrl Pts',(43.182688094281,10.774229884987,10.5407823683489));
#1003=CARTESIAN_POINT('Ctrl Pts',(43.2753943051175,8.84092651641091,12.2077901719737));
#1004=CARTESIAN_POINT('Ctrl Pts',(43.3681005159539,6.62654911806514,13.3102267336969));
#1005=CARTESIAN_POINT('Ctrl Pts',(43.4608067267904,4.41217171971938,14.4126632954202));
#1006=CARTESIAN_POINT('Ctrl Pts',(43.5535129376268,1.91672029160398,14.9505286152419));
#1007=CARTESIAN_POINT('Ctrl Pts',(43.6462191484632,-0.555182328290912,14.8581648092516));
#1008=CARTESIAN_POINT('Ctrl Pts',(43.7389253592997,-3.02708494818578,14.7658010032612));
#1009=CARTESIAN_POINT('Ctrl Pts',(43.8316315701362,-5.47543875986015,14.0432080714589));
#1010=CARTESIAN_POINT('Ctrl Pts',(43.9243377809726,-7.60137018958447,12.7785938255074));
#1011=CARTESIAN_POINT('Ctrl Pts',(44.017043991809,-9.72730161930881,11.5139795795559));
#1012=CARTESIAN_POINT('Ctrl Pts',(44.1097502026455,-11.5308106670831,9.70734401945536));
#1013=CARTESIAN_POINT('Ctrl Pts',(44.2024564134819,-12.7917407558563,7.57922537941029));
#1014=CARTESIAN_POINT('Ctrl Pts',(44.2951626243184,-14.0526708446296,5.45110673936521));
#1015=CARTESIAN_POINT('Ctrl Pts',(44.3878688351549,-14.7710219744017,3.00150501937565));
#1016=CARTESIAN_POINT('Ctrl Pts',(44.4805750459913,-14.8591041356562,0.529446126915096));
#1017=CARTESIAN_POINT('Ctrl Pts',(44.5732812568278,-14.9471862969108,-1.94261276554543));
#1018=CARTESIAN_POINT('Ctrl Pts',(44.6659874676642,-14.4049994896478,-4.43712883047693));
#1019=CARTESIAN_POINT('Ctrl Pts',(44.7586936785006,-13.2987291268229,-6.64959341084687));
#1020=CARTESIAN_POINT('Ctrl Pts',(44.8513998893371,-12.192458763998,-8.86205799121682));
#1021=CARTESIAN_POINT('Ctrl Pts',(44.9441061001736,-10.5221048456112,-10.7924710870252));
#1022=CARTESIAN_POINT('Ctrl Pts',(45.03681231101,-8.49156953806465,-12.2051847874025));
#1023=CARTESIAN_POINT('Ctrl Pts',(45.1295185218464,-6.46103423051806,-13.6178984877798));
#1024=CARTESIAN_POINT('Ctrl Pts',(45.2222247326829,-4.07031753381169,-14.512912792726));
#1025=CARTESIAN_POINT('Ctrl Pts',(45.3149309435193,-1.61125718686089,-14.7809722006054));
#1026=CARTESIAN_POINT('Ctrl Pts',(45.3350921887128,-1.07647404608742,-14.8392683104334));
#1027=CARTESIAN_POINT('Ctrl Pts',(45.3552534339062,-0.538458578891306,-14.8679124647053));
#1028=CARTESIAN_POINT('Ctrl Pts',(45.3754146790996,-0.000384103103036049,
-14.8673552797247));
#1029=CARTESIAN_POINT('Ctrl Pts',(45.8745853209004,-0.000346741535210711,
-14.8677503231344));
#1030=CARTESIAN_POINT('Ctrl Pts',(45.8591303847201,-0.412785033602079,-14.8681606829745));
#1031=CARTESIAN_POINT('Ctrl Pts',(45.8436754485399,-0.825189961271101,-14.8513434365144));
#1032=CARTESIAN_POINT('Ctrl Pts',(45.8282205123597,-1.23613769766144,-14.8170594407182));
#1033=CARTESIAN_POINT('Ctrl Pts',(45.7355143015233,-3.70120174246522,-14.6114073884845));
#1034=CARTESIAN_POINT('Ctrl Pts',(45.6428080906868,-6.11383338059866,-13.7772697573183));
#1035=CARTESIAN_POINT('Ctrl Pts',(45.5501018798504,-8.17951962585392,-12.4164707477615));
#1036=CARTESIAN_POINT('Ctrl Pts',(45.4573956690139,-10.2452058711092,-11.0556717382046));
#1037=CARTESIAN_POINT('Ctrl Pts',(45.3646894581775,-11.9639467234863,-9.16821135025706));
#1038=CARTESIAN_POINT('Ctrl Pts',(45.271983247341,-13.125933395783,-6.98449420991127));
#1039=CARTESIAN_POINT('Ctrl Pts',(45.1792770365046,-14.2879200680797,-4.8007770695655));
#1040=CARTESIAN_POINT('Ctrl Pts',(45.0865708256681,-14.893152560296,-2.3208031768215));
#1041=CARTESIAN_POINT('Ctrl Pts',(44.9938646148317,-14.8677493786805,0.152693994846966));
#1042=CARTESIAN_POINT('Ctrl Pts',(44.9011584039952,-14.8423461970651,2.62619116651544));
#1043=CARTESIAN_POINT('Ctrl Pts',(44.8084521931588,-14.1863073416179,5.09321161710836));
#1044=CARTESIAN_POINT('Ctrl Pts',(44.7157459823223,-12.979716293734,7.25260311186027));
#1045=CARTESIAN_POINT('Ctrl Pts',(44.6230397714859,-11.7731252458501,9.41199460661218));
#1046=CARTESIAN_POINT('Ctrl Pts',(44.5303335606494,-10.0159820055295,11.2637571455231));
#1047=CARTESIAN_POINT('Ctrl Pts',(44.437627349813,-7.92278321431409,12.5818437890221));
#1048=CARTESIAN_POINT('Ctrl Pts',(44.3449211389765,-5.82958442309867,13.8999304325211));
#1049=CARTESIAN_POINT('Ctrl Pts',(44.2522149281401,-3.40033008098849,14.6843411806082));
#1050=CARTESIAN_POINT('Ctrl Pts',(44.1595087173036,-0.931562267958467,14.8393220440948));
#1051=CARTESIAN_POINT('Ctrl Pts',(44.0668025064672,1.53720554507155,14.9943029075814));
#1052=CARTESIAN_POINT('Ctrl Pts',(43.9740962956307,4.0454868290214,14.5198538864675));
#1053=CARTESIAN_POINT('Ctrl Pts',(43.8813900847943,6.28709259060642,13.4738915589265));
#1054=CARTESIAN_POINT('Ctrl Pts',(43.7886838739578,8.52869835219143,12.4279292313856));
#1055=CARTESIAN_POINT('Ctrl Pts',(43.6959776631214,10.5036285914116,10.8104535974175));
#1056=CARTESIAN_POINT('Ctrl Pts',(43.6032714522849,11.9708011341969,8.81891190532521));
#1057=CARTESIAN_POINT('Ctrl Pts',(43.5105652414485,13.4379736769822,6.82737021323287));
#1058=CARTESIAN_POINT('Ctrl Pts',(43.417859030612,14.3973885233326,4.46176246301623));
#1059=CARTESIAN_POINT('Ctrl Pts',(43.3251528197755,14.7319287182411,2.01086131456057));
#1060=CARTESIAN_POINT('Ctrl Pts',(43.2324466089391,15.0664689131496,-0.440039833895078));
#1061=CARTESIAN_POINT('Ctrl Pts',(43.1397403981027,14.7761344566163,-2.97623438058975));
#1062=CARTESIAN_POINT('Ctrl Pts',(43.0470341872662,13.8963668342099,-5.28812592476567));
#1063=CARTESIAN_POINT('Ctrl Pts',(42.9543279764298,13.0165992118034,-7.60001746894158));
#1064=CARTESIAN_POINT('Ctrl Pts',(42.8616217655933,11.5473984235239,-9.68760601059873));
#1065=CARTESIAN_POINT('Ctrl Pts',(42.7689155547568,9.66811162428035,-11.2960570380562));
#1066=CARTESIAN_POINT('Ctrl Pts',(42.6762093439204,7.78882482503677,-12.9045080655136));
#1067=CARTESIAN_POINT('Ctrl Pts',(42.583503133084,5.49945201482916,-14.0338215787713));
#1068=CARTESIAN_POINT('Ctrl Pts',(42.4907969222475,3.07945976017978,-14.5461408824515));
#1069=CARTESIAN_POINT('Ctrl Pts',(42.4520597217985,2.06826833937113,-14.7602130075176));
#1070=CARTESIAN_POINT('Ctrl Pts',(42.4133225213494,1.0342710491677,-14.8665592926745));
#1071=CARTESIAN_POINT('Ctrl Pts',(42.3745853209004,0.000183054110207551,
-14.8661119486978));
#1072=CARTESIAN_POINT('Origin',(32.5,0.,0.));
#1073=CARTESIAN_POINT('',(38.3754146790997,-0.00012491031170736,-14.8684482148568));
#1074=CARTESIAN_POINT('',(38.8745853209004,6.3539064066311E-6,-14.868533327558));
#1075=CARTESIAN_POINT('',(32.5,-1.82071301246235E-15,-14.86725));
#1076=CARTESIAN_POINT('Ctrl Pts',(38.3754146790997,-0.00012491031170736,
-14.8684482148568));
#1077=CARTESIAN_POINT('Ctrl Pts',(38.4636377071648,2.35391980257625,-14.8674038057031));
#1078=CARTESIAN_POINT('Ctrl Pts',(38.5518607352298,4.70845146064068,-14.2984305121709));
#1079=CARTESIAN_POINT('Ctrl Pts',(38.6400837632949,6.80170829707391,-13.2215752903366));
#1080=CARTESIAN_POINT('Ctrl Pts',(38.7327899741314,9.00133705465932,-12.089998088497));
#1081=CARTESIAN_POINT('Ctrl Pts',(38.8254961849678,10.9124621693572,-10.3976099154465));
#1082=CARTESIAN_POINT('Ctrl Pts',(38.9182023958043,12.3017902379773,-8.35100268574557));
#1083=CARTESIAN_POINT('Ctrl Pts',(39.0109086066407,13.6911183065974,-6.30439545604465));
#1084=CARTESIAN_POINT('Ctrl Pts',(39.1036148174772,14.5586493291398,-3.90356916969321));
#1085=CARTESIAN_POINT('Ctrl Pts',(39.1963210283136,14.7984827221915,-1.44159565673717));
#1086=CARTESIAN_POINT('Ctrl Pts',(39.2890272391501,15.0383161152431,1.02037785621887));
#1087=CARTESIAN_POINT('Ctrl Pts',(39.3817334499865,14.650451878804,3.54349859577951));
#1088=CARTESIAN_POINT('Ctrl Pts',(39.474439660823,13.682237079269,5.81976609694918));
#1089=CARTESIAN_POINT('Ctrl Pts',(39.5671458716594,12.714022279734,8.09603359811888));
#1090=CARTESIAN_POINT('Ctrl Pts',(39.6598520824959,11.1654569171032,10.1254478608976));
#1091=CARTESIAN_POINT('Ctrl Pts',(39.7525582933323,9.22557627783262,11.6602757796896));
#1092=CARTESIAN_POINT('Ctrl Pts',(39.8452645041688,7.2856956385621,13.1951036984815));
#1093=CARTESIAN_POINT('Ctrl Pts',(39.9379707150052,4.95449972265189,14.2353452732867));
#1094=CARTESIAN_POINT('Ctrl Pts',(40.0306769258417,2.51656049482739,14.6540169302617));
#1095=CARTESIAN_POINT('Ctrl Pts',(40.1233831366781,0.0786212670028846,15.0726885872368));
#1096=CARTESIAN_POINT('Ctrl Pts',(40.2160893475146,-2.46606127273592,14.8697903263817));
#1097=CARTESIAN_POINT('Ctrl Pts',(40.308795558351,-4.80685458381463,14.0700901889996));
#1098=CARTESIAN_POINT('Ctrl Pts',(40.4015017691875,-7.14764789489338,13.2703900516175));
#1099=CARTESIAN_POINT('Ctrl Pts',(40.4942079800239,-9.28455197731202,11.8738880377084));
#1100=CARTESIAN_POINT('Ctrl Pts',(40.5869141908604,-10.9567123104302,10.0510568729358));
#1101=CARTESIAN_POINT('Ctrl Pts',(40.6796204016968,-12.6288726435483,8.22822570816328));
#1102=CARTESIAN_POINT('Ctrl Pts',(40.7723266125333,-13.8362892273661,5.97906539252726));
#1103=CARTESIAN_POINT('Ctrl Pts',(40.8650328233697,-14.4315712282111,3.57813370370524));
#1104=CARTESIAN_POINT('Ctrl Pts',(40.9577390342062,-15.0268532290562,1.17720201488322));
#1105=CARTESIAN_POINT('Ctrl Pts',(41.0504452450426,-15.0100006469287,-1.37550104712477));
#1106=CARTESIAN_POINT('Ctrl Pts',(41.1431514558791,-14.3830706973437,-3.76836386668487));
#1107=CARTESIAN_POINT('Ctrl Pts',(41.2358576667155,-13.7561407477586,-6.16122668624498));
#1108=CARTESIAN_POINT('Ctrl Pts',(41.328563877552,-12.519133430716,-8.39424926335714));
#1109=CARTESIAN_POINT('Ctrl Pts',(41.4212700883884,-10.8230517572403,-10.1948437740174));
#1110=CARTESIAN_POINT('Ctrl Pts',(41.5139762992249,-9.12697008376463,-11.9954382846776));
#1111=CARTESIAN_POINT('Ctrl Pts',(41.6066825100613,-6.97181405385583,-13.3636047288858));
#1112=CARTESIAN_POINT('Ctrl Pts',(41.6993887208978,-4.62066622592764,-14.1323293389694));
#1113=CARTESIAN_POINT('Ctrl Pts',(41.7580640402984,-3.13258523850431,-14.6188680683685));
#1114=CARTESIAN_POINT('Ctrl Pts',(41.816739359699,-1.56599313328085,-14.865280175486));
#1115=CARTESIAN_POINT('Ctrl Pts',(41.8754146790997,0.000277465075572691,
-14.8663264479114));
#1116=CARTESIAN_POINT('Ctrl Pts',(42.3745853209004,0.000183054110207551,
-14.8661119486978));
#1117=CARTESIAN_POINT('Ctrl Pts',(42.320616310513,-1.44051748954808,-14.8654887051116));
#1118=CARTESIAN_POINT('Ctrl Pts',(42.2666473001255,-2.8813940941302,-14.657575728271));
#1119=CARTESIAN_POINT('Ctrl Pts',(42.2126782897382,-4.26101901669665,-14.2448939598042));
#1120=CARTESIAN_POINT('Ctrl Pts',(42.1199720789017,-6.63089383983264,-13.5360026393739));
#1121=CARTESIAN_POINT('Ctrl Pts',(42.0272658680653,-8.8200317870135,-12.2228949044106));
#1122=CARTESIAN_POINT('Ctrl Pts',(41.9345596572288,-10.5612020852218,-10.4658634379477));
#1123=CARTESIAN_POINT('Ctrl Pts',(41.8418534463924,-12.30237238343,-8.70883197148487));
#1124=CARTESIAN_POINT('Ctrl Pts',(41.7491472355559,-13.5955750326657,-6.50787677352253));
#1125=CARTESIAN_POINT('Ctrl Pts',(41.6564410247194,-14.2829471882919,-4.13167116348449));
#1126=CARTESIAN_POINT('Ctrl Pts',(41.563734813883,-14.9703193439182,-1.75546555344647));
#1127=CARTESIAN_POINT('Ctrl Pts',(41.4710286030465,-15.051861005935,0.795990468667245));
#1128=CARTESIAN_POINT('Ctrl Pts',(41.3783223922101,-14.5176182829498,3.21123751492234));
#1129=CARTESIAN_POINT('Ctrl Pts',(41.2856161813737,-13.9833755599645,5.62648456117745));
#1130=CARTESIAN_POINT('Ctrl Pts',(41.1929099705372,-12.8333484519773,7.90552263157399));
#1131=CARTESIAN_POINT('Ctrl Pts',(41.1002037597008,-11.2079221884623,9.77014673400898));
#1132=CARTESIAN_POINT('Ctrl Pts',(41.0074975488643,-9.58249592494734,11.634770836444));
#1133=CARTESIAN_POINT('Ctrl Pts',(40.9147913380279,-7.4816705059047,13.0849809709174));
#1134=CARTESIAN_POINT('Ctrl Pts',(40.8220851271914,-5.1618962849761,13.9437481951532));
#1135=CARTESIAN_POINT('Ctrl Pts',(40.7293789163549,-2.84212206404754,14.802515419389));
#1136=CARTESIAN_POINT('Ctrl Pts',(40.6366727055185,-0.303399041232977,15.0698397333871));
#1137=CARTESIAN_POINT('Ctrl Pts',(40.543966494682,2.14436772848496,14.7130885279645));
#1138=CARTESIAN_POINT('Ctrl Pts',(40.4512602838456,4.59213449820293,14.3563373225419));
#1139=CARTESIAN_POINT('Ctrl Pts',(40.3585540730091,6.94894501482436,13.3755105976984));
#1140=CARTESIAN_POINT('Ctrl Pts',(40.2658478621727,8.92710050767811,11.8903390831592));
#1141=CARTESIAN_POINT('Ctrl Pts',(40.1731416513362,10.9052560005319,10.4051675686199));
#1142=CARTESIAN_POINT('Ctrl Pts',(40.0804354404998,12.5047564696179,8.41565126438491));
#1143=CARTESIAN_POINT('Ctrl Pts',(39.9877292296633,13.5303489171252,6.16465288297227));
#1144=CARTESIAN_POINT('Ctrl Pts',(39.8950230188269,14.5559413646324,3.91365450155963));
#1145=CARTESIAN_POINT('Ctrl Pts',(39.8023168079904,15.0076257905608,1.40117404296942));
#1146=CARTESIAN_POINT('Ctrl Pts',(39.709610597154,14.8302645191597,-1.06608690004274));
#1147=CARTESIAN_POINT('Ctrl Pts',(39.6169043863175,14.6529032477586,-3.53334784305489));
#1148=CARTESIAN_POINT('Ctrl Pts',(39.5241981754811,13.8464962790281,-5.95538927048896));
#1149=CARTESIAN_POINT('Ctrl Pts',(39.4314919646446,12.509482707638,-8.03654959382417));
#1150=CARTESIAN_POINT('Ctrl Pts',(39.3387857538082,11.1724691362478,-10.1177099171594));
#1151=CARTESIAN_POINT('Ctrl Pts',(39.2460795429717,9.30484896219797,-11.8579891363957));
#1152=CARTESIAN_POINT('Ctrl Pts',(39.1533733321353,7.13460488684049,-13.0449492178146));
#1153=CARTESIAN_POINT('Ctrl Pts',(39.0606671212988,4.96436081148301,-14.2319092992334));
#1154=CARTESIAN_POINT('Ctrl Pts',(38.9679609104624,2.4914928348179,-14.8655502428348));
#1155=CARTESIAN_POINT('Ctrl Pts',(38.8752546996259,0.0178670050066734,-14.8685227160206));
#1156=CARTESIAN_POINT('Ctrl Pts',(38.8750315733841,0.011913457448285,-14.868529870199));
#1157=CARTESIAN_POINT('Ctrl Pts',(38.8748084471422,0.005959905499854,-14.8685333710823));
#1158=CARTESIAN_POINT('Ctrl Pts',(38.8745853209004,6.35337258055138E-6,
-14.8685332197387));
#1159=CARTESIAN_POINT('Origin',(32.5,0.,0.));
#1160=CARTESIAN_POINT('',(34.8754146790997,-8.32504446285354E-5,-14.8660014199467));
#1161=CARTESIAN_POINT('',(35.3745853209004,-0.000192855879897721,-14.8661282864959));
#1162=CARTESIAN_POINT('',(32.5,-1.82071301246235E-15,-14.86725));
#1163=CARTESIAN_POINT('Ctrl Pts',(34.8754146790997,-8.32504446285354E-5,
-14.8660014199467));
#1164=CARTESIAN_POINT('Ctrl Pts',(34.9251236329575,1.3269235056622,-14.8657427151555));
#1165=CARTESIAN_POINT('Ctrl Pts',(34.9748325868154,2.65399755720804,-14.6897517404191));
#1166=CARTESIAN_POINT('Ctrl Pts',(35.0245415406733,3.93310702842252,-14.3388966806898));
#1167=CARTESIAN_POINT('Ctrl Pts',(35.1172477515098,6.31862076625549,-13.6845589685487));
#1168=CARTESIAN_POINT('Ctrl Pts',(35.2099539623463,8.53730645795558,-12.4220175895219));
#1169=CARTESIAN_POINT('Ctrl Pts',(35.3026601731827,10.3183264008286,-10.7053925291176));
#1170=CARTESIAN_POINT('Ctrl Pts',(35.3953663840192,12.0993463437017,-8.98876746871317));
#1171=CARTESIAN_POINT('Ctrl Pts',(35.4880725948556,13.4427005377476,-6.81805872693117));
#1172=CARTESIAN_POINT('Ctrl Pts',(35.580778805692,14.1844040773167,-4.45824740093271));
#1173=CARTESIAN_POINT('Ctrl Pts',(35.6734850165285,14.9261076168858,-2.09843607493428));
#1174=CARTESIAN_POINT('Ctrl Pts',(35.7661912273649,15.0661605019781,0.450477835280596));
#1175=CARTESIAN_POINT('Ctrl Pts',(35.8588974382014,14.5874663039303,2.87734526051733));
#1176=CARTESIAN_POINT('Ctrl Pts',(35.9516036490378,14.1087721058825,5.30421268575407));
#1177=CARTESIAN_POINT('Ctrl Pts',(36.0443098598743,13.0113308246947,7.60903362601266));
#1178=CARTESIAN_POINT('Ctrl Pts',(36.1370160707108,11.4291084730161,9.51045574242137));
#1179=CARTESIAN_POINT('Ctrl Pts',(36.2297222815472,9.84688612133738,11.4118778588301));
#1180=CARTESIAN_POINT('Ctrl Pts',(36.3224284923836,7.7798826991677,12.909901151389));
#1181=CARTESIAN_POINT('Ctrl Pts',(36.4151347032201,5.48041986721637,13.8216600665601));
#1182=CARTESIAN_POINT('Ctrl Pts',(36.5078409140565,3.18095703526504,14.7334189817313));
#1183=CARTESIAN_POINT('Ctrl Pts',(36.600547124893,0.649034793532077,15.0589135195149));
#1184=CARTESIAN_POINT('Ctrl Pts',(36.6932533357294,-1.8062719827462,14.7584101596638));
#1185=CARTESIAN_POINT('Ctrl Pts',(36.7859595465659,-4.26157875902451,14.4579067998128));
#1186=CARTESIAN_POINT('Ctrl Pts',(36.8786657574023,-6.64027006984803,13.5314055423272));
#1187=CARTESIAN_POINT('Ctrl Pts',(36.9713719682388,-8.65197612897253,12.092005540034));
#1188=CARTESIAN_POINT('Ctrl Pts',(37.0640781790752,-10.663682188097,10.6526055377408));
#1189=CARTESIAN_POINT('Ctrl Pts',(37.1567843899117,-12.3084029955225,8.70030679063993));
#1190=CARTESIAN_POINT('Ctrl Pts',(37.2494906007482,-13.3853654508847,6.47342881808281));
#1191=CARTESIAN_POINT('Ctrl Pts',(37.3421968115846,-14.4623279062469,4.24655084552571));
#1192=CARTESIAN_POINT('Ctrl Pts',(37.4349030224211,-14.9715320095458,1.7450936475123));
#1193=CARTESIAN_POINT('Ctrl Pts',(37.5276092332575,-14.8508185869716,-0.725586806235251));
#1194=CARTESIAN_POINT('Ctrl Pts',(37.620315444094,-14.7301051643973,-3.1962672599828));
#1195=CARTESIAN_POINT('Ctrl Pts',(37.7130216549304,-13.9794742159499,-5.63617096946448));
#1196=CARTESIAN_POINT('Ctrl Pts',(37.8057278657669,-12.6905561886139,-7.74745587532819));
#1197=CARTESIAN_POINT('Ctrl Pts',(37.8984340766033,-11.4016381612778,-9.85874078119192));
#1198=CARTESIAN_POINT('Ctrl Pts',(37.9911402874398,-9.57443305505308,-11.6414068834377));
#1199=CARTESIAN_POINT('Ctrl Pts',(38.0838464982762,-7.43199005404553,-12.8778419291856));
#1200=CARTESIAN_POINT('Ctrl Pts',(38.1765527091127,-5.28954705303801,-14.1142769749336));
#1201=CARTESIAN_POINT('Ctrl Pts',(38.2692589199491,-2.8318661572477,-14.8044809641837));
#1202=CARTESIAN_POINT('Ctrl Pts',(38.3619651307856,-0.358959509116057,-14.8641998434944));
#1203=CARTESIAN_POINT('Ctrl Pts',(38.3664483135569,-0.239372133253391,-14.8670877907898));
#1204=CARTESIAN_POINT('Ctrl Pts',(38.3709314963283,-0.119749150505106,-14.8685012880422));
#1205=CARTESIAN_POINT('Ctrl Pts',(38.3754146790997,-0.00012491031170736,
-14.8684482148568));
#1206=CARTESIAN_POINT('Ctrl Pts',(38.8745853209004,6.35337258055138E-6,
-14.8685332197387));
#1207=CARTESIAN_POINT('Ctrl Pts',(38.7821022363058,-2.46766782262683,-14.8684704896766));
#1208=CARTESIAN_POINT('Ctrl Pts',(38.6896191517112,-4.9353727237748,-14.2409549662171));
#1209=CARTESIAN_POINT('Ctrl Pts',(38.5971360671166,-7.10323297156475,-13.0620583499831));
#1210=CARTESIAN_POINT('Ctrl Pts',(38.5044298562801,-9.27632343536757,-11.8803175079897));
#1211=CARTESIAN_POINT('Ctrl Pts',(38.4117236454437,-11.1481206800158,-10.1445318212325));
#1212=CARTESIAN_POINT('Ctrl Pts',(38.3190174346072,-12.4901321039904,-8.06659079237053));
#1213=CARTESIAN_POINT('Ctrl Pts',(38.2263112237708,-13.832143527965,-5.98864976350858));
#1214=CARTESIAN_POINT('Ctrl Pts',(38.1336050129343,-14.6443691312659,-3.56855339254185));
#1215=CARTESIAN_POINT('Ctrl Pts',(38.0408988020979,-14.8276595313148,-1.1017258325458));
#1216=CARTESIAN_POINT('Ctrl Pts',(37.9481925912614,-15.0109499313637,1.36510172745028));
#1217=CARTESIAN_POINT('Ctrl Pts',(37.855486380425,-14.5653051281606,3.87866047647567));
#1218=CARTESIAN_POINT('Ctrl Pts',(37.7627801695885,-13.5451255332503,6.13211719352949));
#1219=CARTESIAN_POINT('Ctrl Pts',(37.6700739587521,-12.52494593834,8.38557391058328));
#1220=CARTESIAN_POINT('Ctrl Pts',(37.5773677479156,-10.9302315517226,10.3789285956655));
#1221=CARTESIAN_POINT('Ctrl Pts',(37.4846615370792,-8.95565112821109,11.8688499803671));
#1222=CARTESIAN_POINT('Ctrl Pts',(37.3919553262427,-6.98107070469955,13.3587713650688));
#1223=CARTESIAN_POINT('Ctrl Pts',(37.2992491154063,-4.62662424429388,14.3452594493898));
#1224=CARTESIAN_POINT('Ctrl Pts',(37.2065429045698,-2.17972193440295,14.7078924144614));
#1225=CARTESIAN_POINT('Ctrl Pts',(37.1138366937334,0.267180375487962,15.070525379533));
#1226=CARTESIAN_POINT('Ctrl Pts',(37.0211304828969,2.80653853486417,14.8093032253553));
#1227=CARTESIAN_POINT('Ctrl Pts',(36.9284242720605,5.12836995683833,13.9561136629252));
#1228=CARTESIAN_POINT('Ctrl Pts',(36.835718061224,7.45020137881248,13.1029241004951));
#1229=CARTESIAN_POINT('Ctrl Pts',(36.7430118503875,9.55450606338456,11.6577671298128));
#1230=CARTESIAN_POINT('Ctrl Pts',(36.6503056395511,11.184408938673,9.79705484720897));
#1231=CARTESIAN_POINT('Ctrl Pts',(36.5575994287147,12.8143118139615,7.93634256460515));
#1232=CARTESIAN_POINT('Ctrl Pts',(36.4648932178782,13.9698128799662,5.66007497007989));
#1233=CARTESIAN_POINT('Ctrl Pts',(36.3721870070418,14.5098586943958,3.24611886032489));
#1234=CARTESIAN_POINT('Ctrl Pts',(36.2794807962053,15.0499045088253,0.832162750569931));
#1235=CARTESIAN_POINT('Ctrl Pts',(36.1867745853688,14.9744950716795,-1.71948187441475));
#1236=CARTESIAN_POINT('Ctrl Pts',(36.0940683745324,14.2928357060894,-4.09733260370989));
#1237=CARTESIAN_POINT('Ctrl Pts',(36.0013621636959,13.6111763404993,-6.47518333300503));
#1238=CARTESIAN_POINT('Ctrl Pts',(35.9086559528595,12.3232670464649,-8.67924016661063));
#1239=CARTESIAN_POINT('Ctrl Pts',(35.8159497420231,10.5863245022113,-10.4404511646083));
#1240=CARTESIAN_POINT('Ctrl Pts',(35.7232435311866,8.84938195795765,-12.2016621626059));
#1241=CARTESIAN_POINT('Ctrl Pts',(35.6305373203502,6.66340616348483,-13.5200273249956));
#1242=CARTESIAN_POINT('Ctrl Pts',(35.5378311095137,4.29524188393233,-14.2346121880859));
#1243=CARTESIAN_POINT('Ctrl Pts',(35.4834158466426,2.90521331269473,-14.6540481980138));
#1244=CARTESIAN_POINT('Ctrl Pts',(35.4290005837715,1.45241581130866,-14.8654653344374));
#1245=CARTESIAN_POINT('Ctrl Pts',(35.3745853209004,-0.000192855879897721,
-14.8661282864959));
#1246=CARTESIAN_POINT('Origin',(32.5,0.,0.));
#1247=CARTESIAN_POINT('',(31.3754146790997,0.000280524212450811,-14.8680772573545));
#1248=CARTESIAN_POINT('',(31.8745853209004,0.000351949199659025,-14.8677137853202));
#1249=CARTESIAN_POINT('',(32.5,-1.82071301246235E-15,-14.86725));
#1250=CARTESIAN_POINT('Ctrl Pts',(31.3754146790997,0.000280524212450811,
-14.8680772573545));
#1251=CARTESIAN_POINT('Ctrl Pts',(31.3866095587504,0.299013801999654,-14.8683351443884));
#1252=CARTESIAN_POINT('Ctrl Pts',(31.3978044384011,0.597731867305265,-14.8595165199401));
#1253=CARTESIAN_POINT('Ctrl Pts',(31.4089993180518,0.895895802184207,-14.8415181038919));
#1254=CARTESIAN_POINT('Ctrl Pts',(31.5017055288882,3.36502896602172,-14.692470949751));
#1255=CARTESIAN_POINT('Ctrl Pts',(31.5944117397247,5.79616149953392,-13.9139007622867));
#1256=CARTESIAN_POINT('Ctrl Pts',(31.6871179505611,7.89252205165257,-12.6008485658983));
#1257=CARTESIAN_POINT('Ctrl Pts',(31.7798241613976,9.98888260377126,-11.2877963695098));
#1258=CARTESIAN_POINT('Ctrl Pts',(31.872530372234,11.7504711744964,-9.44026216419715));
#1259=CARTESIAN_POINT('Ctrl Pts',(31.9652365830705,12.9622484712539,-7.28377673230035));
#1260=CARTESIAN_POINT('Ctrl Pts',(32.0579427939069,14.1740257680113,-5.12729130040358));
#1261=CARTESIAN_POINT('Ctrl Pts',(32.1506490047434,14.8359917908011,-2.66185464192269));
#1262=CARTESIAN_POINT('Ctrl Pts',(32.2433552155798,14.8673395296242,-0.188425654829984));
#1263=CARTESIAN_POINT('Ctrl Pts',(32.3360614264163,14.8986872684472,2.28500333226272));
#1264=CARTESIAN_POINT('Ctrl Pts',(32.4287676372527,14.2994167233035,4.76642464796725));
#1265=CARTESIAN_POINT('Ctrl Pts',(32.5214738480892,13.1426815898005,6.95292812746127));
#1266=CARTESIAN_POINT('Ctrl Pts',(32.6141800589256,11.9859464562974,9.13943160695531));
#1267=CARTESIAN_POINT('Ctrl Pts',(32.7068862697621,10.271746734435,11.0310172502389));
#1268=CARTESIAN_POINT('Ctrl Pts',(32.7995924805985,8.20933690147641,12.3967768615306));
#1269=CARTESIAN_POINT('Ctrl Pts',(32.892298691435,6.14692706851786,13.7625364728223));
#1270=CARTESIAN_POINT('Ctrl Pts',(32.9850049022714,3.73630712446317,14.6024700521223));
#1271=CARTESIAN_POINT('Ctrl Pts',(33.0777111131079,1.27174442325035,14.8140458699997));
#1272=CARTESIAN_POINT('Ctrl Pts',(33.1704173239443,-1.19281827796245,15.0256216878771));
#1273=CARTESIAN_POINT('Ctrl Pts',(33.2631235347808,-3.71132373633337,14.6088397443319));
#1274=CARTESIAN_POINT('Ctrl Pts',(33.3558297456172,-5.9763348799421,13.6145771259819));
#1275=CARTESIAN_POINT('Ctrl Pts',(33.4485359564537,-8.24134602355081,12.620314507632));
#1276=CARTESIAN_POINT('Ctrl Pts',(33.5412421672901,-10.2528628523973,11.0485712144772));
#1277=CARTESIAN_POINT('Ctrl Pts',(33.6339483781266,-11.7653370227511,9.09121189158004));
#1278=CARTESIAN_POINT('Ctrl Pts',(33.726654588963,-13.2778111931048,7.13385256868284));
#1279=CARTESIAN_POINT('Ctrl Pts',(33.8193607997995,-14.2912427049659,4.79087721604322));
#1280=CARTESIAN_POINT('Ctrl Pts',(33.9120670106359,-14.6819207219877,2.34829572877695));
#1281=CARTESIAN_POINT('Ctrl Pts',(34.0047732214724,-15.0725987390094,-0.094285758489259));
#1282=CARTESIAN_POINT('Ctrl Pts',(34.0974794323088,-14.8405232611919,-2.63647338038206));
#1283=CARTESIAN_POINT('Ctrl Pts',(34.1901856431453,-14.0140240287498,-4.9679391540301));
#1284=CARTESIAN_POINT('Ctrl Pts',(34.2828918539817,-13.1875247963077,-7.29940492767819));
#1285=CARTESIAN_POINT('Ctrl Pts',(34.3755980648182,-11.7666018092409,-9.42014885308147));
#1286=CARTESIAN_POINT('Ctrl Pts',(34.4683042756546,-9.92470889156882,-11.0712890999259));
#1287=CARTESIAN_POINT('Ctrl Pts',(34.5610104864911,-8.08281597389676,-12.7224293467703));
#1288=CARTESIAN_POINT('Ctrl Pts',(34.6537166973275,-5.81995312561944,-13.9039659150559));
#1289=CARTESIAN_POINT('Ctrl Pts',(34.746422908164,-3.41235080949785,-14.471667176571));
#1290=CARTESIAN_POINT('Ctrl Pts',(34.7894201651426,-2.29570183253691,-14.7349677344104));
#1291=CARTESIAN_POINT('Ctrl Pts',(34.8324174221211,-1.1479177163986,-14.8662251944485));
#1292=CARTESIAN_POINT('Ctrl Pts',(34.8754146790997,-8.32504446285354E-5,
-14.8660014199467));
#1293=CARTESIAN_POINT('Ctrl Pts',(35.3745853209004,-0.000192855879897721,
-14.8661282864959));
#1294=CARTESIAN_POINT('Ctrl Pts',(35.336294372935,-1.02236494427078,-14.8665947927927));
#1295=CARTESIAN_POINT('Ctrl Pts',(35.2980034249697,-2.04444352839673,-14.7627030030171));
#1296=CARTESIAN_POINT('Ctrl Pts',(35.2597124770044,-3.04449169803394,-14.5534998295012));
#1297=CARTESIAN_POINT('Ctrl Pts',(35.1670062661679,-5.46570823581534,-14.0469980440354));
#1298=CARTESIAN_POINT('Ctrl Pts',(35.0743000553314,-7.75778854674595,-12.9231899093131));
#1299=CARTESIAN_POINT('Ctrl Pts',(34.981593844495,-9.64093555631212,-11.3192600723601));
#1300=CARTESIAN_POINT('Ctrl Pts',(34.8888876336585,-11.5240825658783,-9.7153302354071));
#1301=CARTESIAN_POINT('Ctrl Pts',(34.7961814228221,-12.99829627408,-7.63127869622339));
#1302=CARTESIAN_POINT('Ctrl Pts',(34.7034752119857,-13.8836175927493,-5.32150820021828));
#1303=CARTESIAN_POINT('Ctrl Pts',(34.6107690011492,-14.7689389114187,-3.01173770421316));
#1304=CARTESIAN_POINT('Ctrl Pts',(34.5180627903127,-15.0653678405556,-0.476248251386631));
#1305=CARTESIAN_POINT('Ctrl Pts',(34.4253565794763,-14.7367189346597,1.97544982916072));
#1306=CARTESIAN_POINT('Ctrl Pts',(34.3326503686398,-14.4080700287638,4.42714790970807));
#1307=CARTESIAN_POINT('Ctrl Pts',(34.2399441578034,-13.4543432878352,6.79505461797624));
#1308=CARTESIAN_POINT('Ctrl Pts',(34.147237946967,-11.9919613130909,8.79011665747506));
#1309=CARTESIAN_POINT('Ctrl Pts',(34.0545317361305,-10.5295793383466,10.7851786969739));
#1310=CARTESIAN_POINT('Ctrl Pts',(33.961825525294,-8.55854212978671,12.4073960677034));
#1311=CARTESIAN_POINT('Ctrl Pts',(33.8691193144576,-6.31945663389676,13.4587426916108));
#1312=CARTESIAN_POINT('Ctrl Pts',(33.7764131036211,-4.08037113800681,14.5100893155182));
#1313=CARTESIAN_POINT('Ctrl Pts',(33.6837068927847,-1.57323735478679,14.9905651926036));
#1314=CARTESIAN_POINT('Ctrl Pts',(33.5910006819482,0.895895798273753,14.8415180391133));
#1315=CARTESIAN_POINT('Ctrl Pts',(33.4982944711118,3.36502895133426,14.6924708856229));
#1316=CARTESIAN_POINT('Ctrl Pts',(33.4055882602753,5.79616147423531,13.9139007015569));
#1317=CARTESIAN_POINT('Ctrl Pts',(33.3128820494389,7.89252201720401,12.6008485108995));
#1318=CARTESIAN_POINT('Ctrl Pts',(33.2201758386024,9.98888256017271,11.2877963202422));
#1319=CARTESIAN_POINT('Ctrl Pts',(33.127469627766,11.7504711232091,9.44026212299348));
#1320=CARTESIAN_POINT('Ctrl Pts',(33.0347634169296,12.9622484146775,7.28377670050912));
#1321=CARTESIAN_POINT('Ctrl Pts',(32.9420572060931,14.174025706146,5.12729127802474));
#1322=CARTESIAN_POINT('Ctrl Pts',(32.8493509952567,14.8359917260465,2.6618546303047));
#1323=CARTESIAN_POINT('Ctrl Pts',(32.7566447844202,14.8673394647328,0.188425654007714));
#1324=CARTESIAN_POINT('Ctrl Pts',(32.6639385735837,14.898687203419,-2.28500332228924));
#1325=CARTESIAN_POINT('Ctrl Pts',(32.5712323627473,14.299416660891,-4.76642462716313));
#1326=CARTESIAN_POINT('Ctrl Pts',(32.4785261519108,13.1426815324368,-6.95292809711375));
#1327=CARTESIAN_POINT('Ctrl Pts',(32.3858199410744,11.9859464039826,-9.13943156706436));
#1328=CARTESIAN_POINT('Ctrl Pts',(32.2931137302379,10.2717466896021,-11.0310172020917));
#1329=CARTESIAN_POINT('Ctrl Pts',(32.2004075194015,8.20933686564539,-12.3967768074223));
#1330=CARTESIAN_POINT('Ctrl Pts',(32.107701308565,6.14692704168864,-13.762536412753));
#1331=CARTESIAN_POINT('Ctrl Pts',(32.0149950977286,3.73630710815559,-14.602469988387));
#1332=CARTESIAN_POINT('Ctrl Pts',(31.9222888868921,1.27174441769983,-14.8140458053409));
#1333=CARTESIAN_POINT('Ctrl Pts',(31.9063876982282,0.849016792857689,-14.8503357901408));
#1334=CARTESIAN_POINT('Ctrl Pts',(31.8904865095643,0.424702176304698,-14.868139538579));
#1335=CARTESIAN_POINT('Ctrl Pts',(31.8745853209004,0.000351949199659025,
-14.8677137853202));
#1336=CARTESIAN_POINT('Origin',(32.5,0.,0.));
#1337=CARTESIAN_POINT('',(27.8754146790996,-0.000366656915539165,-14.8667706436347));
#1338=CARTESIAN_POINT('',(28.3745853209004,-0.000388055193877467,-14.8671481395389));
#1339=CARTESIAN_POINT('',(32.5,-1.82071301246235E-15,-14.86725));
#1340=CARTESIAN_POINT('Ctrl Pts',(27.8754146790996,-0.000366656915539165,
-14.8667706436347));
#1341=CARTESIAN_POINT('Ctrl Pts',(27.9408016953796,1.74491550411625,-14.865162328911));
#1342=CARTESIAN_POINT('Ctrl Pts',(28.0061887116596,3.49074906600834,-14.5578805261782));
#1343=CARTESIAN_POINT('Ctrl Pts',(28.0715757279395,5.12836997922223,-13.9561137238393));
#1344=CARTESIAN_POINT('Ctrl Pts',(28.164281938776,7.45020141133048,-13.1029241576853));
#1345=CARTESIAN_POINT('Ctrl Pts',(28.2569881496124,9.55450610508722,-11.6577671806952));
#1346=CARTESIAN_POINT('Ctrl Pts',(28.3496943604489,11.1844089874897,-9.79705488996991));
#1347=CARTESIAN_POINT('Ctrl Pts',(28.4424005712853,12.8143118698921,-7.93634259924464));
#1348=CARTESIAN_POINT('Ctrl Pts',(28.5351067821218,13.9698129409403,-5.66007499478409));
#1349=CARTESIAN_POINT('Ctrl Pts',(28.6278129929582,14.5098587577269,-3.24611887449295));
#1350=CARTESIAN_POINT('Ctrl Pts',(28.7205192037947,15.0499045745135,-0.832162754201779));
#1351=CARTESIAN_POINT('Ctrl Pts',(28.8132254146311,14.9744951370386,1.71948188191997));
#1352=CARTESIAN_POINT('Ctrl Pts',(28.9059316254676,14.2928357684732,4.09733262159373));
#1353=CARTESIAN_POINT('Ctrl Pts',(28.998637836304,13.6111763999078,6.47518336126745));
#1354=CARTESIAN_POINT('Ctrl Pts',(29.0913440471405,12.323267100252,8.67924020449306));
#1355=CARTESIAN_POINT('Ctrl Pts',(29.184050257977,10.5863245484171,10.4404512101778));
#1356=CARTESIAN_POINT('Ctrl Pts',(29.2767564688134,8.84938199658224,12.2016622158626));
#1357=CARTESIAN_POINT('Ctrl Pts',(29.3694626796499,6.66340619256827,13.5200273840065));
#1358=CARTESIAN_POINT('Ctrl Pts',(29.4621688904863,4.2952419026794,14.2346122502157));
#1359=CARTESIAN_POINT('Ctrl Pts',(29.5548751013228,1.92707761279058,14.9491971164248));
#1360=CARTESIAN_POINT('Ctrl Pts',(29.6475813121592,-0.623275162973206,15.0600016806992));
#1361=CARTESIAN_POINT('Ctrl Pts',(29.7402875229957,-3.04449171132246,14.5534998930227));
#1362=CARTESIAN_POINT('Ctrl Pts',(29.8329937338321,-5.46570825967168,14.0469981053462));
#1363=CARTESIAN_POINT('Ctrl Pts',(29.9256999446685,-7.75778858060646,12.9231899657188));
#1364=CARTESIAN_POINT('Ctrl Pts',(30.018406155505,-9.64093559839195,11.3192601217651));
#1365=CARTESIAN_POINT('Ctrl Pts',(30.1111123663414,-11.5240826161775,9.71533027781139));
#1366=CARTESIAN_POINT('Ctrl Pts',(30.2038185771779,-12.9982963308137,7.6312787295314));
#1367=CARTESIAN_POINT('Ctrl Pts',(30.2965247880144,-13.8836176533472,5.32150822344479));
#1368=CARTESIAN_POINT('Ctrl Pts',(30.3892309988508,-14.7689389758806,3.01173771735821));
#1369=CARTESIAN_POINT('Ctrl Pts',(30.4819372096873,-15.0653679063113,0.476248253465053));
#1370=CARTESIAN_POINT('Ctrl Pts',(30.5746434205237,-14.7367189989809,-1.9754498377832));
#1371=CARTESIAN_POINT('Ctrl Pts',(30.6673496313602,-14.4080700916506,-4.42714792903146));
#1372=CARTESIAN_POINT('Ctrl Pts',(30.7600558421966,-13.4543433465591,-6.7950546476348));
#1373=CARTESIAN_POINT('Ctrl Pts',(30.8527620530331,-11.991961365432,-8.79011669584142));
#1374=CARTESIAN_POINT('Ctrl Pts',(30.9454682638695,-10.5295793843048,-10.7851787440481));
#1375=CARTESIAN_POINT('Ctrl Pts',(31.038174474706,-8.5585421671419,-12.407396121858));
#1376=CARTESIAN_POINT('Ctrl Pts',(31.1308806855424,-6.31945666147901,-13.4587427503542));
#1377=CARTESIAN_POINT('Ctrl Pts',(31.2123920167282,-4.3507553354451,-14.3831324158703));
#1378=CARTESIAN_POINT('Ctrl Pts',(31.2939033479139,-2.17483416229472,-14.8661995493231));
#1379=CARTESIAN_POINT('Ctrl Pts',(31.3754146790997,0.000280524212450811,
-14.8680772573545));
#1380=CARTESIAN_POINT('Ctrl Pts',(31.8745853209004,0.000351949199659025,
-14.8677137853202));
#1381=CARTESIAN_POINT('Ctrl Pts',(31.7977802987278,-2.04932051809584,-14.8656573360089));
#1382=CARTESIAN_POINT('Ctrl Pts',(31.7209752765553,-4.09982378974408,-14.438301404177));
#1383=CARTESIAN_POINT('Ctrl Pts',(31.6441702543828,-5.976334853857,-13.6145770665586));
#1384=CARTESIAN_POINT('Ctrl Pts',(31.5514640435463,-8.24134598757965,-12.6203144525483));
#1385=CARTESIAN_POINT('Ctrl Pts',(31.4587578327099,-10.2528628076465,-11.0485711662538));
#1386=CARTESIAN_POINT('Ctrl Pts',(31.3660516218734,-11.7653369713988,-9.0912118518999));
#1387=CARTESIAN_POINT('Ctrl Pts',(31.273345411037,-13.2778111351512,-7.133852537546));
#1388=CARTESIAN_POINT('Ctrl Pts',(31.1806392002005,-14.2912426425889,-4.79087719513275));
#1389=CARTESIAN_POINT('Ctrl Pts',(31.0879329893641,-14.6819206579056,-2.34829571852761));
#1390=CARTESIAN_POINT('Ctrl Pts',(30.9952267785276,-15.0725986732222,0.0942857580775272));
#1391=CARTESIAN_POINT('Ctrl Pts',(30.9025205676912,-14.8405231964177,2.63647336887458));
#1392=CARTESIAN_POINT('Ctrl Pts',(30.8098143568547,-14.0140239675829,4.96793913234654));
#1393=CARTESIAN_POINT('Ctrl Pts',(30.7171081460183,-13.1875247387482,7.29940489581846));
#1394=CARTESIAN_POINT('Ctrl Pts',(30.6244019351818,-11.7666017578834,9.42014881196532));
#1395=CARTESIAN_POINT('Ctrl Pts',(30.5316957243454,-9.92470884825063,11.071289051603));
#1396=CARTESIAN_POINT('Ctrl Pts',(30.4389895135089,-8.08281593861791,12.7224292912407));
#1397=CARTESIAN_POINT('Ctrl Pts',(30.3462833026725,-5.81995310021733,13.9039658543693));
#1398=CARTESIAN_POINT('Ctrl Pts',(30.253577091836,-3.41235079460423,14.4716671134066));
#1399=CARTESIAN_POINT('Ctrl Pts',(30.1608708809996,-1.00474848899109,15.0393683724439));
#1400=CARTESIAN_POINT('Ctrl Pts',(30.0681646701631,1.54759328383461,14.99323432739));
#1401=CARTESIAN_POINT('Ctrl Pts',(29.9754584593267,3.93310701125558,14.3388966181049));
#1402=CARTESIAN_POINT('Ctrl Pts',(29.8827522484902,6.31862073867648,13.6845589088199));
#1403=CARTESIAN_POINT('Ctrl Pts',(29.7900460376538,8.53730642069267,12.4220175353038));
#1404=CARTESIAN_POINT('Ctrl Pts',(29.6973398268173,10.3183263557921,10.705392482392));
#1405=CARTESIAN_POINT('Ctrl Pts',(29.6046336159809,12.0993462908916,8.98876742948016));
#1406=CARTESIAN_POINT('Ctrl Pts',(29.5119274051444,13.4427004790743,6.8180586971727));
#1407=CARTESIAN_POINT('Ctrl Pts',(29.419221194308,14.1844040154061,4.45824738147407));
#1408=CARTESIAN_POINT('Ctrl Pts',(29.3265149834715,14.9261075517379,2.09843606577547));
#1409=CARTESIAN_POINT('Ctrl Pts',(29.2338087726351,15.0661604362189,-0.45047783331422));
#1410=CARTESIAN_POINT('Ctrl Pts',(29.1411025617986,14.5874662402605,-2.87734524795846));
#1411=CARTESIAN_POINT('Ctrl Pts',(29.0483963509622,14.1087720443021,-5.30421266260266));
#1412=CARTESIAN_POINT('Ctrl Pts',(28.9556901401257,13.0113307679044,-7.60903359280144));
#1413=CARTESIAN_POINT('Ctrl Pts',(28.8629839292893,11.4291084231316,-9.51045570091104));
#1414=CARTESIAN_POINT('Ctrl Pts',(28.7702777184528,9.84688607835887,-11.4118778090206));
#1415=CARTESIAN_POINT('Ctrl Pts',(28.6775715076164,7.77988266521113,-12.9099010950411));
#1416=CARTESIAN_POINT('Ctrl Pts',(28.5848652967799,5.48041984329626,-13.8216600062327));
#1417=CARTESIAN_POINT('Ctrl Pts',(28.5147719714867,3.74184166043421,-14.5110228156335));
#1418=CARTESIAN_POINT('Ctrl Pts',(28.4446786461935,1.87037638632114,-14.8652433828327));
#1419=CARTESIAN_POINT('Ctrl Pts',(28.3745853209004,-0.000388055193877467,
-14.8671481395389));
#1420=CARTESIAN_POINT('Origin',(32.5,0.,0.));
#1421=CARTESIAN_POINT('',(24.3754146790996,0.000370255968166477,-14.8668046817557));
#1422=CARTESIAN_POINT('',(24.8745853209003,0.000317161213597895,-14.8664720748044));
#1423=CARTESIAN_POINT('',(32.5,-1.82071301246235E-15,-14.86725));
#1424=CARTESIAN_POINT('Ctrl Pts',(24.3754146790996,0.000370255968166477,
-14.8668046817557));
#1425=CARTESIAN_POINT('Ctrl Pts',(24.4022876211724,0.717646572703345,-14.8674745614409));
#1426=CARTESIAN_POINT('Ctrl Pts',(24.4291605632452,1.43482849226571,-14.8165008062409));
#1427=CARTESIAN_POINT('Ctrl Pts',(24.4560335053179,2.14436773784472,-14.7130885921826));
#1428=CARTESIAN_POINT('Ctrl Pts',(24.5487397161544,4.59213451824641,-14.3563373852028));
#1429=CARTESIAN_POINT('Ctrl Pts',(24.6414459269909,6.94894504515452,-13.3755106560783));
#1430=CARTESIAN_POINT('Ctrl Pts',(24.7341521378273,8.92710054664228,-11.8903391350568));
#1431=CARTESIAN_POINT('Ctrl Pts',(24.8268583486638,10.9052560481301,-10.4051676140352));
#1432=CARTESIAN_POINT('Ctrl Pts',(24.9195645595002,12.5047565241975,-8.41565130111645));
#1433=CARTESIAN_POINT('Ctrl Pts',(25.0122707703367,13.5303489761811,-6.16465290987886));
#1434=CARTESIAN_POINT('Ctrl Pts',(25.1049769811731,14.5559414281647,-3.91365451864128));
#1435=CARTESIAN_POINT('Ctrl Pts',(25.1976831920096,15.0076258560645,-1.40117404908481));
#1436=CARTESIAN_POINT('Ctrl Pts',(25.290389402846,14.8302645838892,1.06608690469618));
#1437=CARTESIAN_POINT('Ctrl Pts',(25.3830956136825,14.652903311714,3.53334785847718));
#1438=CARTESIAN_POINT('Ctrl Pts',(25.4758018245189,13.8464963394637,5.95538929648272));
#1439=CARTESIAN_POINT('Ctrl Pts',(25.5685080353554,12.5094827622378,8.03654962890154));
#1440=CARTESIAN_POINT('Ctrl Pts',(25.6612142461918,11.172469185012,10.1177099613203));
#1441=CARTESIAN_POINT('Ctrl Pts',(25.7539204570283,9.30484900281054,11.8579891881524));
#1442=CARTESIAN_POINT('Ctrl Pts',(25.8466266678647,7.13460491798063,13.0449492747519));
#1443=CARTESIAN_POINT('Ctrl Pts',(25.9393328787012,4.96436083315068,14.2319093613514));
#1444=CARTESIAN_POINT('Ctrl Pts',(26.0320390895376,2.49149284569235,14.8655503077184));
#1445=CARTESIAN_POINT('Ctrl Pts',(26.1247453003741,0.0178670050845089,14.8685227809172));
#1446=CARTESIAN_POINT('Ctrl Pts',(26.2174515112105,-2.45575883552337,14.8714952541159));
#1447=CARTESIAN_POINT('Ctrl Pts',(26.310157722047,-4.93014252928068,14.2437992541464));
#1448=CARTESIAN_POINT('Ctrl Pts',(26.4028639328834,-7.10323300256836,13.0620584069949));
#1449=CARTESIAN_POINT('Ctrl Pts',(26.4955701437199,-9.27632347585604,11.8803175598435));
#1450=CARTESIAN_POINT('Ctrl Pts',(26.5882763545563,-11.1481207286741,10.1445318655101));
#1451=CARTESIAN_POINT('Ctrl Pts',(26.6809825653928,-12.4901321585061,8.0665908275785));
#1452=CARTESIAN_POINT('Ctrl Pts',(26.7736887762292,-13.8321435883382,5.98864978964693));
#1453=CARTESIAN_POINT('Ctrl Pts',(26.8663949870657,-14.6443691951841,3.56855340811716));
#1454=CARTESIAN_POINT('Ctrl Pts',(26.9591011979021,-14.827659596033,1.10172583735414));
#1455=CARTESIAN_POINT('Ctrl Pts',(27.0518074087386,-15.0109499968818,-1.36510173340888));
#1456=CARTESIAN_POINT('Ctrl Pts',(27.144513619575,-14.5653051917336,-3.87866049340518));
#1457=CARTESIAN_POINT('Ctrl Pts',(27.2372198304115,-13.5451255923705,-6.13211722029462));
#1458=CARTESIAN_POINT('Ctrl Pts',(27.3299260412479,-12.5249459930074,-8.38557394718399));
#1459=CARTESIAN_POINT('Ctrl Pts',(27.4226322520844,-10.9302315994295,-10.3789286409665));
#1460=CARTESIAN_POINT('Ctrl Pts',(27.5153384629208,-8.95565116729955,-11.8688500321712));
#1461=CARTESIAN_POINT('Ctrl Pts',(27.6080446737573,-6.98107073516958,-13.3587714233758));
#1462=CARTESIAN_POINT('Ctrl Pts',(27.7007508845937,-4.62662426448751,-14.3452595120025));
#1463=CARTESIAN_POINT('Ctrl Pts',(27.7934570954302,-2.17972194391662,-14.7078924786569));
#1464=CARTESIAN_POINT('Ctrl Pts',(27.8207762899867,-1.45865482281154,-14.8147552279726));
#1465=CARTESIAN_POINT('Ctrl Pts',(27.8480954845432,-0.729558867018081,-14.8674426098039));
#1466=CARTESIAN_POINT('Ctrl Pts',(27.8754146790996,-0.000366656915539165,
-14.8667706436347));
#1467=CARTESIAN_POINT('Ctrl Pts',(28.3745853209004,-0.000388055193877467,
-14.8671481395389));
#1468=CARTESIAN_POINT('Ctrl Pts',(28.3519724353571,-0.603917450003525,-14.867762635216));
#1469=CARTESIAN_POINT('Ctrl Pts',(28.3293595498138,-1.20737390360786,-14.8317088310145));
#1470=CARTESIAN_POINT('Ctrl Pts',(28.3067466642706,-1.80627197486223,-14.7584100952479));
#1471=CARTESIAN_POINT('Ctrl Pts',(28.2140404534341,-4.26157874042389,-14.4579067367086));
#1472=CARTESIAN_POINT('Ctrl Pts',(28.1213342425976,-6.64027004086515,-13.5314054832668));
#1473=CARTESIAN_POINT('Ctrl Pts',(28.0286280317612,-8.65197609120919,-12.0920054872562));
#1474=CARTESIAN_POINT('Ctrl Pts',(27.9359218209247,-10.6636821415532,-10.6526054912455));
#1475=CARTESIAN_POINT('Ctrl Pts',(27.8432156100883,-12.3084029418,-8.70030675266596));
#1476=CARTESIAN_POINT('Ctrl Pts',(27.7505093992519,-13.3853653924616,-6.47342878982851));
#1477=CARTESIAN_POINT('Ctrl Pts',(27.6578031884154,-14.4623278431232,-4.24655082699103));
#1478=CARTESIAN_POINT('Ctrl Pts',(27.565096977579,-14.9715319441997,-1.74509363989569));
#1479=CARTESIAN_POINT('Ctrl Pts',(27.4723907667425,-14.8508185221523,0.725586803068136));
#1480=CARTESIAN_POINT('Ctrl Pts',(27.379684555906,-14.730105100105,3.19626724603196));
#1481=CARTESIAN_POINT('Ctrl Pts',(27.2869783450696,-13.9794741549338,5.63617094486426));
#1482=CARTESIAN_POINT('Ctrl Pts',(27.1942721342331,-12.6905561332235,7.74745584151289));
#1483=CARTESIAN_POINT('Ctrl Pts',(27.1015659233967,-11.4016381115132,9.85874073816146));
#1484=CARTESIAN_POINT('Ctrl Pts',(27.0088597125602,-9.57443301326375,11.6414068326264));
#1485=CARTESIAN_POINT('Ctrl Pts',(26.9161535017238,-7.4319900216074,12.8778418729777));
#1486=CARTESIAN_POINT('Ctrl Pts',(26.8234472908873,-5.28954702995098,14.114276913329));
#1487=CARTESIAN_POINT('Ctrl Pts',(26.7307410800509,-2.83186614488765,14.8044808995667));
#1488=CARTESIAN_POINT('Ctrl Pts',(26.6380348692144,-0.358959507549457,14.8641997786167));
#1489=CARTESIAN_POINT('Ctrl Pts',(26.545328658378,2.11394712978874,14.9239186576667));
#1490=CARTESIAN_POINT('Ctrl Pts',(26.4526224475415,4.6020795194018,14.3531524295291));
#1491=CARTESIAN_POINT('Ctrl Pts',(26.3599162367051,6.80170826738651,13.2215752326285));
#1492=CARTESIAN_POINT('Ctrl Pts',(26.2672100258686,9.00133701537122,12.0899980357279));
#1493=CARTESIAN_POINT('Ctrl Pts',(26.1745038150322,10.9124621217276,10.3976098700642));
#1494=CARTESIAN_POINT('Ctrl Pts',(26.0817976041957,12.3017901842837,8.35100264929605));
#1495=CARTESIAN_POINT('Ctrl Pts',(25.9890913933593,13.6911182468399,6.30439542852794));
#1496=CARTESIAN_POINT('Ctrl Pts',(25.8963851825228,14.5586492655958,3.90356915265537));
#1497=CARTESIAN_POINT('Ctrl Pts',(25.8036789716864,14.7984826576006,1.44159565044509));
#1498=CARTESIAN_POINT('Ctrl Pts',(25.7109727608499,15.0383160496055,-1.02037785176516));
#1499=CARTESIAN_POINT('Ctrl Pts',(25.6182665500135,14.6504518148593,-3.54349858031311));
#1500=CARTESIAN_POINT('Ctrl Pts',(25.525560339177,13.6822370195503,-5.81976607154755));
#1501=CARTESIAN_POINT('Ctrl Pts',(25.4328541283406,12.7140222242413,-8.09603356278203));
#1502=CARTESIAN_POINT('Ctrl Pts',(25.3401479175042,11.1654568683695,-10.125447816703));
#1503=CARTESIAN_POINT('Ctrl Pts',(25.2474417066677,9.22557623756602,-11.6602757287959));
#1504=CARTESIAN_POINT('Ctrl Pts',(25.1547354958312,7.28569560676248,-13.1951036408888));
#1505=CARTESIAN_POINT('Ctrl Pts',(25.0620292849948,4.95449970102721,-14.2353452111537));
#1506=CARTESIAN_POINT('Ctrl Pts',(24.9693230741583,2.51656048384353,-14.6540168663014));
#1507=CARTESIAN_POINT('Ctrl Pts',(24.9377438230723,1.68610593309447,-14.7966323092281));
#1508=CARTESIAN_POINT('Ctrl Pts',(24.9061645719863,0.843265508191752,-14.8671243877784));
#1509=CARTESIAN_POINT('Ctrl Pts',(24.8745853209003,0.000317161213597895,
-14.8664720748044));
#1510=CARTESIAN_POINT('Origin',(32.5,0.,0.));
#1511=CARTESIAN_POINT('',(20.8754146790996,-0.000288804469519288,-14.8680454013596));
#1512=CARTESIAN_POINT('',(21.3745853209003,-0.000187694098179538,-14.8683401692909));
#1513=CARTESIAN_POINT('',(32.5,-1.82071301246235E-15,-14.86725));
#1514=CARTESIAN_POINT('Ctrl Pts',(20.8754146790996,-0.000288804469519288,
-14.8680454013596));
#1515=CARTESIAN_POINT('Ctrl Pts',(20.9564797578017,2.16293113008445,-14.8661381675477));
#1516=CARTESIAN_POINT('Ctrl Pts',(21.0375448365037,4.32696560352156,-14.3885123104222));
#1517=CARTESIAN_POINT('Ctrl Pts',(21.1186099152058,6.28709261804983,-13.4738916177359));
#1518=CARTESIAN_POINT('Ctrl Pts',(21.2113161260422,8.5286983894204,-12.4279292856295));
#1519=CARTESIAN_POINT('Ctrl Pts',(21.3040223368786,10.5036286372569,-10.8104536446015));
#1520=CARTESIAN_POINT('Ctrl Pts',(21.3967285477151,11.9708011864451,-8.81891194381662));
#1521=CARTESIAN_POINT('Ctrl Pts',(21.4894347585515,13.4379737356332,-6.82737024303178));
#1522=CARTESIAN_POINT('Ctrl Pts',(21.582140969388,14.3973885861729,-4.46176248249011));
#1523=CARTESIAN_POINT('Ctrl Pts',(21.6748471802244,14.731928782542,-2.01086132333709));
#1524=CARTESIAN_POINT('Ctrl Pts',(21.7675533910609,15.0664689789111,0.440039835815932));
#1525=CARTESIAN_POINT('Ctrl Pts',(21.8602596018973,14.7761345211095,2.97623439358029));
#1526=CARTESIAN_POINT('Ctrl Pts',(21.9529658127338,13.8963668948629,5.28812594784686));
#1527=CARTESIAN_POINT('Ctrl Pts',(22.0456720235702,13.0165992686163,7.60001750211347));
#1528=CARTESIAN_POINT('Ctrl Pts',(22.1383782344067,11.5473984739247,9.68760605288227));
#1529=CARTESIAN_POINT('Ctrl Pts',(22.2310844452431,9.6681116664787,11.2960570873601));
#1530=CARTESIAN_POINT('Ctrl Pts',(22.3237906560796,7.78882485903272,12.9045081218379));
#1531=CARTESIAN_POINT('Ctrl Pts',(22.4164968669161,5.49945203883233,14.0338216400247));
#1532=CARTESIAN_POINT('Ctrl Pts',(22.5092030777525,3.07945977362036,14.546140945941));
#1533=CARTESIAN_POINT('Ctrl Pts',(22.601909288589,0.659467508408423,15.0584602518573));
#1534=CARTESIAN_POINT('Ctrl Pts',(22.6946154994254,-1.89114420181517,14.9537853455031));
#1535=CARTESIAN_POINT('Ctrl Pts',(22.7873217102619,-4.26101903529489,14.2448940219787));
#1536=CARTESIAN_POINT('Ctrl Pts',(22.8800279210983,-6.6308938687746,13.5360026984543));
#1537=CARTESIAN_POINT('Ctrl Pts',(22.9727341319348,-8.82003182551041,12.2228949577596));
#1538=CARTESIAN_POINT('Ctrl Pts',(23.0654403427712,-10.5612021313183,10.4658634836279));
#1539=CARTESIAN_POINT('Ctrl Pts',(23.1581465536077,-12.3023724371263,8.70883200949606));
#1540=CARTESIAN_POINT('Ctrl Pts',(23.2508527644441,-13.5955750920063,6.50787680192715));
#1541=CARTESIAN_POINT('Ctrl Pts',(23.3435589752806,-14.2829472506326,4.13167118151767));
#1542=CARTESIAN_POINT('Ctrl Pts',(23.436265186117,-14.970319409259,1.75546556110822));
#1543=CARTESIAN_POINT('Ctrl Pts',(23.5289713969535,-15.0518610716317,-0.795990472141758));
#1544=CARTESIAN_POINT('Ctrl Pts',(23.6216776077899,-14.5176183463146,-3.21123752893865));
#1545=CARTESIAN_POINT('Ctrl Pts',(23.7143838186264,-13.9833756209976,-5.62648458573558));
#1546=CARTESIAN_POINT('Ctrl Pts',(23.8070900294628,-12.8333485079907,-7.9055226660794));
#1547=CARTESIAN_POINT('Ctrl Pts',(23.8997962402993,-11.2079222373812,-9.77014677665288));
#1548=CARTESIAN_POINT('Ctrl Pts',(23.9925024511357,-9.58249596677175,-11.6347708872263));
#1549=CARTESIAN_POINT('Ctrl Pts',(24.0852086619722,-7.48167053855965,-13.0849810280295));
#1550=CARTESIAN_POINT('Ctrl Pts',(24.1779148728086,-5.16189630750596,-13.9437482560135));
#1551=CARTESIAN_POINT('Ctrl Pts',(24.2437481415723,-3.51455985565333,-14.5535828422318));
#1552=CARTESIAN_POINT('Ctrl Pts',(24.309581410336,-1.75681153713739,-14.8651636121166));
#1553=CARTESIAN_POINT('Ctrl Pts',(24.3754146790996,0.000370255968166477,
-14.8668046817557));
#1554=CARTESIAN_POINT('Ctrl Pts',(24.8745853209003,0.000317161213597895,
-14.8664720748044));
#1555=CARTESIAN_POINT('Ctrl Pts',(24.8134583611499,-1.63135135230298,-14.8652094131661));
#1556=CARTESIAN_POINT('Ctrl Pts',(24.7523314013994,-3.26342422958114,-14.5973820690424));
#1557=CARTESIAN_POINT('Ctrl Pts',(24.691204441649,-4.80685456283416,-14.070090127588));
#1558=CARTESIAN_POINT('Ctrl Pts',(24.5984982308125,-7.14764786369603,-13.2703899936964));
#1559=CARTESIAN_POINT('Ctrl Pts',(24.5057920199761,-9.28455193678771,-11.8738879858826));
#1560=CARTESIAN_POINT('Ctrl Pts',(24.4130858091396,-10.9567122626074,-10.0510568290662));
#1561=CARTESIAN_POINT('Ctrl Pts',(24.3203795983032,-12.6288725884271,-8.22822567224971));
#1562=CARTESIAN_POINT('Ctrl Pts',(24.2276733874667,-13.8362891669748,-5.97906536643063));
#1563=CARTESIAN_POINT('Ctrl Pts',(24.1349671766303,-14.4315711652217,-3.57813368808793));
#1564=CARTESIAN_POINT('Ctrl Pts',(24.0422609657938,-15.0268531634686,-1.17720200974527));
#1565=CARTESIAN_POINT('Ctrl Pts',(23.9495547549574,-15.0100005814147,1.375501041121));
#1566=CARTESIAN_POINT('Ctrl Pts',(23.8568485441209,-14.383070634566,3.76836385023698));
#1567=CARTESIAN_POINT('Ctrl Pts',(23.7641423332845,-13.7561406877174,6.16122665935293));
#1568=CARTESIAN_POINT('Ctrl Pts',(23.671436122448,-12.519133376074,8.3942492267186));
#1569=CARTESIAN_POINT('Ctrl Pts',(23.5787299116116,-10.8230517100012,10.1948437295198));
#1570=CARTESIAN_POINT('Ctrl Pts',(23.4860237007751,-9.12697004392842,11.995438232321));
#1571=CARTESIAN_POINT('Ctrl Pts',(23.3933174899387,-6.97181402342619,13.3636046705577));
#1572=CARTESIAN_POINT('Ctrl Pts',(23.3006112791022,-4.62066620575999,14.1323292772861));
#1573=CARTESIAN_POINT('Ctrl Pts',(23.2079050682658,-2.2695183880938,14.9010538840144));
#1574=CARTESIAN_POINT('Ctrl Pts',(23.1151988574293,0.277621226736375,15.0703366592343));
#1575=CARTESIAN_POINT('Ctrl Pts',(23.0224926465929,2.70982015996526,14.6195130454928));
#1576=CARTESIAN_POINT('Ctrl Pts',(22.9297864357564,5.14201909319407,14.1686894317514));
#1577=CARTESIAN_POINT('Ctrl Pts',(22.83708022492,7.4592773448216,13.0977594290486));
#1578=CARTESIAN_POINT('Ctrl Pts',(22.7443740140835,9.37872433801535,11.5374527855246));
#1579=CARTESIAN_POINT('Ctrl Pts',(22.6516678032471,11.2981713312092,9.97714614200067));
#1580=CARTESIAN_POINT('Ctrl Pts',(22.5589615924106,12.8198070659692,7.92746285765556));
#1581=CARTESIAN_POINT('Ctrl Pts',(22.4662553815742,13.7578835887755,5.63861030258207));
#1582=CARTESIAN_POINT('Ctrl Pts',(22.3735491707377,14.6959601115817,3.34975774750857));
#1583=CARTESIAN_POINT('Ctrl Pts',(22.2808429599013,15.0504774224343,0.821735921706697));
#1584=CARTESIAN_POINT('Ctrl Pts',(22.1881367490648,14.7781591553292,-1.63685642817717));
#1585=CARTESIAN_POINT('Ctrl Pts',(22.0954305382284,14.5058408882241,-4.095448778061));
#1586=CARTESIAN_POINT('Ctrl Pts',(22.0027243273919,13.6066870431614,-6.48461165202692));
#1587=CARTESIAN_POINT('Ctrl Pts',(21.9100181165554,12.1904584405611,-8.51269698718423));
#1588=CARTESIAN_POINT('Ctrl Pts',(21.817311905719,10.7742298379609,-10.5407823223415));
#1589=CARTESIAN_POINT('Ctrl Pts',(21.7246056948826,8.8409264778232,-12.2077901186903));
#1590=CARTESIAN_POINT('Ctrl Pts',(21.6318994840461,6.62654908914251,-13.3102266756018));
#1591=CARTESIAN_POINT('Ctrl Pts',(21.5461280963309,4.57781664890189,-14.3301962386027));
#1592=CARTESIAN_POINT('Ctrl Pts',(21.4603567086156,2.28848847029493,-14.8669001120735));
#1593=CARTESIAN_POINT('Ctrl Pts',(21.3745853209003,-0.000187694098179538,
-14.8683401692909));
#1594=CARTESIAN_POINT('Origin',(32.5,0.,0.));
#1595=CARTESIAN_POINT('',(17.3754146790996,9.29199084453991E-5,-14.8660088567737));
#1596=CARTESIAN_POINT('',(17.8745853209003,-2.25640396205529E-5,-14.8659762985403));
#1597=CARTESIAN_POINT('',(32.5,-1.82071301246235E-15,-14.86725));
#1598=CARTESIAN_POINT('Ctrl Pts',(17.3754146790996,9.29199084453991E-5,
-14.8660088567737));
#1599=CARTESIAN_POINT('Ctrl Pts',(17.4179656835945,1.1360135131617,-14.8662594997876));
#1600=CARTESIAN_POINT('Ctrl Pts',(17.4605166880893,2.27187852565778,-14.7377377520556));
#1601=CARTESIAN_POINT('Ctrl Pts',(17.5030676925842,3.37756165300996,-14.479826533681));
#1602=CARTESIAN_POINT('Ctrl Pts',(17.5957739034206,5.78652224840682,-13.9179133174928));
#1603=CARTESIAN_POINT('Ctrl Pts',(17.6884801142571,8.05221643011671,-12.7418182720564));
#1604=CARTESIAN_POINT('Ctrl Pts',(17.7811863250935,9.89807182846456,-11.0951093963318));
#1605=CARTESIAN_POINT('Ctrl Pts',(17.87389253593,11.7439272268124,-9.44840052060714));
#1606=CARTESIAN_POINT('Ctrl Pts',(17.9665987467664,13.1699438417983,-7.33107781459442));
#1607=CARTESIAN_POINT('Ctrl Pts',(18.0593049576029,14.0020441867572,-5.00160516094851));
#1608=CARTESIAN_POINT('Ctrl Pts',(18.1520111684393,14.8341445317161,-2.6721325073027));
#1609=CARTESIAN_POINT('Ctrl Pts',(18.2447173792758,15.0723286066482,-0.130509906023763));
#1610=CARTESIAN_POINT('Ctrl Pts',(18.3374235901122,14.6875219352665,2.31300347362409));
#1611=CARTESIAN_POINT('Ctrl Pts',(18.4301298009487,14.3027152638849,4.75651685327195));
#1612=CARTESIAN_POINT('Ctrl Pts',(18.5228360117851,13.2949178461895,7.10192101128876));
#1613=CARTESIAN_POINT('Ctrl Pts',(18.6155422226216,11.7871522790233,9.06290964565559));
#1614=CARTESIAN_POINT('Ctrl Pts',(18.708248433458,10.2793867118572,11.0238982800225));
#1615=CARTESIAN_POINT('Ctrl Pts',(18.8009546442945,8.27165299522023,12.6004713907394));
#1616=CARTESIAN_POINT('Ctrl Pts',(18.8936608551309,6.00903790537595,13.600174710365));
#1617=CARTESIAN_POINT('Ctrl Pts',(18.9863670659674,3.74642281553164,14.5998780299907));
#1618=CARTESIAN_POINT('Ctrl Pts',(19.0790732768038,1.22892635248004,15.022711558525));
#1619=CARTESIAN_POINT('Ctrl Pts',(19.1717794876403,-1.23613770322061,14.8170595053898));
#1620=CARTESIAN_POINT('Ctrl Pts',(19.2644856984767,-3.70120175892122,14.6114074522546));
#1621=CARTESIAN_POINT('Ctrl Pts',(19.3571919093132,-6.11383340727083,13.7772698174499));
#1622=CARTESIAN_POINT('Ctrl Pts',(19.4498981201496,-8.17951966146858,12.4164708019548));
#1623=CARTESIAN_POINT('Ctrl Pts',(19.5426043309861,-10.2452059156663,11.0556717864596));
#1624=CARTESIAN_POINT('Ctrl Pts',(19.6353105418225,-11.9639467757122,9.16821139027406));
#1625=CARTESIAN_POINT('Ctrl Pts',(19.728016752659,-13.1259334531198,6.98449424039668));
#1626=CARTESIAN_POINT('Ctrl Pts',(19.8207229634954,-14.2879201305274,4.80077709051936));
#1627=CARTESIAN_POINT('Ctrl Pts',(19.9134291743319,-14.8931526252966,2.3208031869502));
#1628=CARTESIAN_POINT('Ctrl Pts',(20.0061353851683,-14.8677494435494,-0.15269399551429));
#1629=CARTESIAN_POINT('Ctrl Pts',(20.0988415960048,-14.8423462618022,-2.62619117797878));
#1630=CARTESIAN_POINT('Ctrl Pts',(20.1915478068412,-14.1863074035384,-5.09321163933866));
#1631=CARTESIAN_POINT('Ctrl Pts',(20.2842540176777,-12.9797163503992,-7.25260314351548));
#1632=CARTESIAN_POINT('Ctrl Pts',(20.3769602285141,-11.7731252972599,-9.4119946476924));
#1633=CARTESIAN_POINT('Ctrl Pts',(20.4696664393506,-10.0159820492451,-11.2637571946862));
#1634=CARTESIAN_POINT('Ctrl Pts',(20.562372650187,-7.92278324888764,-12.5818438439383));
#1635=CARTESIAN_POINT('Ctrl Pts',(20.6550788610235,-5.82958444853019,-13.8999304931905));
#1636=CARTESIAN_POINT('Ctrl Pts',(20.7477850718599,-3.40033009583004,-14.6843412447009));
#1637=CARTESIAN_POINT('Ctrl Pts',(20.8404912826964,-0.931562272027687,-14.8393221088638));
#1638=CARTESIAN_POINT('Ctrl Pts',(20.8521324148308,-0.621558743819748,-14.8587830781101));
#1639=CARTESIAN_POINT('Ctrl Pts',(20.8637735469652,-0.310932172701077,-14.8683192845306));
#1640=CARTESIAN_POINT('Ctrl Pts',(20.8754146790996,-0.000288804469519288,
-14.8680454013596));
#1641=CARTESIAN_POINT('Ctrl Pts',(21.3745853209003,-0.000187694098179538,
-14.8683401692909));
#1642=CARTESIAN_POINT('Ctrl Pts',(21.3676504977791,-0.185232670104118,-14.8684566013827));
#1643=CARTESIAN_POINT('Ctrl Pts',(21.3607156746579,-0.370273383820331,-14.8650739541368));
#1644=CARTESIAN_POINT('Ctrl Pts',(21.3537808515367,-0.555182325867532,-14.8581647444003));
#1645=CARTESIAN_POINT('Ctrl Pts',(21.2610746407003,-3.02708493497328,-14.7658009388131));
#1646=CARTESIAN_POINT('Ctrl Pts',(21.1683684298638,-5.4754387359611,-14.0432080101646));
#1647=CARTESIAN_POINT('Ctrl Pts',(21.0756622190274,-7.60137015640656,-12.7785937697328));
#1648=CARTESIAN_POINT('Ctrl Pts',(20.982956008191,-9.72730157685199,-11.513979529301));
#1649=CARTESIAN_POINT('Ctrl Pts',(20.8902497973545,-11.5308106167551,-9.70734397708599));
#1650=CARTESIAN_POINT('Ctrl Pts',(20.797543586518,-12.7917407000245,-7.57922534632951));
#1651=CARTESIAN_POINT('Ctrl Pts',(20.7048373756816,-14.0526707832939,-5.45110671557299));
#1652=CARTESIAN_POINT('Ctrl Pts',(20.6121311648451,-14.7710219099297,-3.00150500627504));
#1653=CARTESIAN_POINT('Ctrl Pts',(20.5194249540087,-14.8591040708003,-0.529446124604314));
#1654=CARTESIAN_POINT('Ctrl Pts',(20.4267187431723,-14.9471862316709,1.94261275706642));
#1655=CARTESIAN_POINT('Ctrl Pts',(20.3340125323358,-14.4049994267763,4.43712881110993));
#1656=CARTESIAN_POINT('Ctrl Pts',(20.2413063214993,-13.2987290687791,6.64959338182329));
#1657=CARTESIAN_POINT('Ctrl Pts',(20.1486001106629,-12.1924587107819,8.86205795253658));
#1658=CARTESIAN_POINT('Ctrl Pts',(20.0558938998264,-10.5221047996821,10.7924710399197));
#1659=CARTESIAN_POINT('Ctrl Pts',(19.96318768899,-8.49156950099988,12.2051847341308));
#1660=CARTESIAN_POINT('Ctrl Pts',(19.8704814781535,-6.46103420231757,13.6178984283418));
#1661=CARTESIAN_POINT('Ctrl Pts',(19.7777752673171,-4.07031751605274,14.5129127293806));
#1662=CARTESIAN_POINT('Ctrl Pts',(19.6850690564806,-1.61125717983191,14.7809721360905));
#1663=CARTESIAN_POINT('Ctrl Pts',(19.5923628456442,0.847803156388855,15.0490315428003));
#1664=CARTESIAN_POINT('Ctrl Pts',(19.4996566348077,3.37520714256562,14.6901360551812));
#1665=CARTESIAN_POINT('Ctrl Pts',(19.4069504239713,5.66243145041914,13.7480964886662));
#1666=CARTESIAN_POINT('Ctrl Pts',(19.3142442131348,7.94965575827273,12.8060569221511));
#1667=CARTESIAN_POINT('Ctrl Pts',(19.2215380022984,9.99670038780306,11.2808732767401));
#1668=CARTESIAN_POINT('Ctrl Pts',(19.1288317914619,11.5536800768844,9.35872660381712));
#1669=CARTESIAN_POINT('Ctrl Pts',(19.0361255806255,13.1106597659657,7.43657993089417));
#1670=CARTESIAN_POINT('Ctrl Pts',(18.943419369789,14.177574514598,5.11747023045929));
#1671=CARTESIAN_POINT('Ctrl Pts',(18.8507131589526,14.6241847135208,2.68449408793212));
#1672=CARTESIAN_POINT('Ctrl Pts',(18.7580069481161,15.0707949124436,0.251517945404954));
#1673=CARTESIAN_POINT('Ctrl Pts',(18.6653007372797,14.8971005616568,-2.29532463921451));
#1674=CARTESIAN_POINT('Ctrl Pts',(18.5725945264432,14.1243047612102,-4.64513744589663));
#1675=CARTESIAN_POINT('Ctrl Pts',(18.4798883156068,13.3515089607636,-6.99495025257868));
#1676=CARTESIAN_POINT('Ctrl Pts',(18.3871821047703,11.9796117106572,-9.14773328132339));
#1677=CARTESIAN_POINT('Ctrl Pts',(18.2944758939339,10.1760821707459,-10.8406936491155));
#1678=CARTESIAN_POINT('Ctrl Pts',(18.2017696830974,8.37255263083454,-12.5336540169077));
#1679=CARTESIAN_POINT('Ctrl Pts',(18.109063472261,6.13739080111827,-13.7667917237473));
#1680=CARTESIAN_POINT('Ctrl Pts',(18.0163572614245,3.74344570994892,-14.3895761262805));
#1681=CARTESIAN_POINT('Ctrl Pts',(17.9690999479165,2.5231238709509,-14.707042642201));
#1682=CARTESIAN_POINT('Ctrl Pts',(17.9218426344084,1.26154242225963,-14.8659097007215));
#1683=CARTESIAN_POINT('Ctrl Pts',(17.8745853209003,-2.25640396205529E-5,
-14.8659762985403));
#1684=CARTESIAN_POINT('Origin',(56.4699924528839,0.,0.));
#1685=CARTESIAN_POINT('',(16.2199924528839,8.0412150062393E-5,-12.8649259245154));
#1686=CARTESIAN_POINT('',(15.5300075471161,0.000250146631271472,-12.8668577999866));
#1687=CARTESIAN_POINT('',(56.4699924528839,-6.65455587111042E-13,-12.866));
#1688=CARTESIAN_POINT('',(15.,-10.4766536128426,7.46910667713505));
#1689=CARTESIAN_POINT('Ctrl Pts',(16.2199924528839,8.04121500625615E-5,
-12.8649259245154));
#1690=CARTESIAN_POINT('Ctrl Pts',(16.1698372465423,-1.1586091115435,-12.8646702574942));
#1691=CARTESIAN_POINT('Ctrl Pts',(16.0269758293642,-4.45919516134268,-12.4229334752869));
#1692=CARTESIAN_POINT('Ctrl Pts',(15.7914082013497,-9.33132111322223,-9.63492557786469));
#1693=CARTESIAN_POINT('Ctrl Pts',(15.5132895688404,-12.8053864539494,-3.99101182159223));
#1694=CARTESIAN_POINT('Ctrl Pts',(15.2494868350571,-13.1351197229436,2.28659125451177));
#1695=CARTESIAN_POINT('Ctrl Pts',(15.0783903121103,-11.5261086725519,5.9939893577134));
#1696=CARTESIAN_POINT('Ctrl Pts',(15.,-10.4766536128426,7.46910667713505));
#1697=CARTESIAN_POINT('',(15.,-10.4763739686607,-7.46857044344961));
#1698=CARTESIAN_POINT('Origin',(15.,0.,0.));
#1699=CARTESIAN_POINT('Ctrl Pts',(15.5300075471161,0.000250146631270466,
-12.8668577999866));
#1700=CARTESIAN_POINT('Ctrl Pts',(15.4460445755805,-1.93876260975838,-12.8654229549981));
#1701=CARTESIAN_POINT('Ctrl Pts',(15.2693753932085,-6.02037522762633,-11.9302901016486));
#1702=CARTESIAN_POINT('Ctrl Pts',(15.0927062108364,-9.233411153887,-9.21210936770643));
#1703=CARTESIAN_POINT('Ctrl Pts',(15.,-10.4763739686608,-7.46857044344946));
#1704=CARTESIAN_POINT('Origin',(56.4699924528839,0.,0.));
#1705=CARTESIAN_POINT('',(19.7199924528839,-0.000249929093066441,-12.8666883340155));
#1706=CARTESIAN_POINT('',(19.0300075471161,-1.9526741208975E-5,-12.8648977488789));
#1707=CARTESIAN_POINT('',(56.4699924528839,-6.65455587111042E-13,-12.866));
#1708=CARTESIAN_POINT('Ctrl Pts',(19.7199924528839,-0.000249929093066002,
-12.8666883340155));
#1709=CARTESIAN_POINT('Ctrl Pts',(19.7083513207495,-0.269078231278495,-12.8669253503352));
#1710=CARTESIAN_POINT('Ctrl Pts',(19.6040039777786,-2.67863787911778,-12.7929520965288));
#1711=CARTESIAN_POINT('Ctrl Pts',(19.4069504239713,-7.14713346561269,-11.350066555446));
#1712=CARTESIAN_POINT('Ctrl Pts',(19.1288317914619,-11.7089868740692,-6.54256477879816));
#1713=CARTESIAN_POINT('Ctrl Pts',(18.8507131589526,-13.4121793172757,-0.137745073232617));
#1714=CARTESIAN_POINT('Ctrl Pts',(18.5725945264432,-11.8408891436993,6.30070405017366));
#1715=CARTESIAN_POINT('Ctrl Pts',(18.2944758939339,-7.37873509933654,11.2008837318209));
#1716=CARTESIAN_POINT('Ctrl Pts',(18.0163572614245,-1.11511833342503,13.3664519726315));
#1717=CARTESIAN_POINT('Ctrl Pts',(17.7382386289152,5.42074596433464,12.2687016466217));
#1718=CARTESIAN_POINT('Ctrl Pts',(17.4601199964058,10.6331763731023,8.1756401236466));
#1719=CARTESIAN_POINT('Ctrl Pts',(17.1820013638965,13.2495960020321,2.08655776536693));
#1720=CARTESIAN_POINT('Ctrl Pts',(16.9038827313871,12.6312281852382,-4.51194223726737));
#1721=CARTESIAN_POINT('Ctrl Pts',(16.6257640988778,8.92903784706383,-10.0088849675423));
#1722=CARTESIAN_POINT('Ctrl Pts',(16.39780067271,4.10766700543794,-12.511601532215));
#1723=CARTESIAN_POINT('Ctrl Pts',(16.2625434573787,0.983097066393267,-12.8651428289877));
#1724=CARTESIAN_POINT('Ctrl Pts',(16.2199924528839,8.04121500625615E-5,
-12.8649259245154));
#1725=CARTESIAN_POINT('Ctrl Pts',(19.0300075471161,-1.95267412097383E-5,
-12.8648977488789));
#1726=CARTESIAN_POINT('Ctrl Pts',(18.9845586497877,-1.04998943245222,-12.8649531766263));
#1727=CARTESIAN_POINT('Ctrl Pts',(18.8464035416228,-4.24163750223966,-12.4787396525204));
#1728=CARTESIAN_POINT('Ctrl Pts',(18.6155422226216,-9.08415299781514,-9.86831768820296));
#1729=CARTESIAN_POINT('Ctrl Pts',(18.3374235901122,-12.700103041154,-4.31426686777193));
#1730=CARTESIAN_POINT('Ctrl Pts',(18.0593049576029,-13.2154202447434,2.29307971149922));
#1731=CARTESIAN_POINT('Ctrl Pts',(17.7811863250935,-10.504288762805,8.34058816817706));
#1732=CARTESIAN_POINT('Ctrl Pts',(17.5030676925841,-5.22862088928832,12.3518047818366));
#1733=CARTESIAN_POINT('Ctrl Pts',(17.2249490600748,1.32358849588431,13.347421352887));
#1734=CARTESIAN_POINT('Ctrl Pts',(16.9468304275655,7.55262780444829,11.0843653290307));
#1735=CARTESIAN_POINT('Ctrl Pts',(16.6687117950561,11.9378011890164,6.11514531927197));
#1736=CARTESIAN_POINT('Ctrl Pts',(16.3905931625468,13.408348796645,-0.347042060467221));
#1737=CARTESIAN_POINT('Ctrl Pts',(16.1124745300374,11.6055499418604,-6.7245003668502));
#1738=CARTESIAN_POINT('Ctrl Pts',(15.834355897528,6.96894536468188,-11.4602253643977));
#1739=CARTESIAN_POINT('Ctrl Pts',(15.6402002365543,2.54490314865358,-12.8130040407013));
#1740=CARTESIAN_POINT('Ctrl Pts',(15.5387507864169,0.202163588074735,-12.8670072133871));
#1741=CARTESIAN_POINT('Ctrl Pts',(15.5300075471161,0.000250146631270466,
-12.8668577999866));
#1742=CARTESIAN_POINT('Origin',(56.4699924528839,0.,0.));
#1743=CARTESIAN_POINT('',(23.2199924528839,0.000320416572155546,-12.8656146251304));
#1744=CARTESIAN_POINT('',(22.5300075471161,-0.000162428981598239,-12.8669434238408));
#1745=CARTESIAN_POINT('',(56.4699924528839,-6.65455587111042E-13,-12.866));
#1746=CARTESIAN_POINT('Ctrl Pts',(23.2199924528839,0.000320416572155632,
-12.8656146251304));
#1747=CARTESIAN_POINT('Ctrl Pts',(23.1541591841202,-1.52033074286184,-12.8641944565062));
#1748=CARTESIAN_POINT('Ctrl Pts',(22.9956197045201,-5.18353894456024,-12.2148493712568));
#1749=CARTESIAN_POINT('Ctrl Pts',(22.7443740140835,-10.1106534878921,-8.81363793327483));
#1750=CARTESIAN_POINT('Ctrl Pts',(22.4662553815741,-13.0963264608923,-2.89685360361666));
#1751=CARTESIAN_POINT('Ctrl Pts',(22.1881367490648,-12.8846299410744,3.72717572066214));
#1752=CARTESIAN_POINT('Ctrl Pts',(21.9100181165555,-9.52724803971005,9.4412431575953));
#1753=CARTESIAN_POINT('Ctrl Pts',(21.6318994840461,-3.84386026765472,12.8503021681946));
#1754=CARTESIAN_POINT('Ctrl Pts',(21.3537808515368,2.77797704531245,13.1220566645176));
#1755=CARTESIAN_POINT('Ctrl Pts',(21.0756622190274,8.72159218019552,10.1901598325564));
#1756=CARTESIAN_POINT('Ctrl Pts',(20.7975435865181,12.5358962561685,4.77041220723402));
#1757=CARTESIAN_POINT('Ctrl Pts',(20.5194249540087,13.2896556536511,-1.81399563823773));
#1758=CARTESIAN_POINT('Ctrl Pts',(20.2413063214994,10.7988456920823,-7.95553010771852));
#1759=CARTESIAN_POINT('Ctrl Pts',(19.9748288211244,5.8861894094384,-11.979014926296));
#1760=CARTESIAN_POINT('Ctrl Pts',(19.8010575315859,1.87178341116638,-12.8650378290316));
#1761=CARTESIAN_POINT('Ctrl Pts',(19.7199924528839,-0.000249929093066002,
-12.8666883340155));
#1762=CARTESIAN_POINT('Ctrl Pts',(22.5300075471161,-0.000162428981598361,
-12.8669434238408));
#1763=CARTESIAN_POINT('Ctrl Pts',(22.5230727239949,-0.160298880665006,-12.8670441832477));
#1764=CARTESIAN_POINT('Ctrl Pts',(22.4234316900372,-2.46112095068826,-12.8249838751012));
#1765=CARTESIAN_POINT('Ctrl Pts',(22.2310844452431,-6.85718709111544,-11.527554432648));
#1766=CARTESIAN_POINT('Ctrl Pts',(21.9529658127338,-11.5394142630658,-6.83721028397234));
#1767=CARTESIAN_POINT('Ctrl Pts',(21.6748471802244,-13.4043803318335,-0.477612727229712));
#1768=CARTESIAN_POINT('Ctrl Pts',(21.3967285477151,-11.9967678752378,5.99859038053876));
#1769=CARTESIAN_POINT('Ctrl Pts',(21.1186099152057,-7.66023487413603,11.0102828150385));
#1770=CARTESIAN_POINT('Ctrl Pts',(20.8404912826964,-1.45351321031461,13.3338976053659));
#1771=CARTESIAN_POINT('Ctrl Pts',(20.562372650187,5.10807276277739,12.4021416968339));
#1772=CARTESIAN_POINT('Ctrl Pts',(20.2842540176777,10.4225612263877,8.44249627851));
#1773=CARTESIAN_POINT('Ctrl Pts',(20.0061353851683,13.19245986048,2.42167896411864));
#1774=CARTESIAN_POINT('Ctrl Pts',(19.728016752659,12.7415187280131,-4.19037303481467));
#1775=CARTESIAN_POINT('Ctrl Pts',(19.4498981201496,9.17983179467923,-9.77937700955711));
#1776=CARTESIAN_POINT('Ctrl Pts',(19.2172283849687,4.32523751353435,-12.4576543404864));
#1777=CARTESIAN_POINT('Ctrl Pts',(19.0772648606241,1.09172878674843,-12.8648401156558));
#1778=CARTESIAN_POINT('Ctrl Pts',(19.0300075471161,-1.95267412097383E-5,
-12.8648977488789));
#1779=CARTESIAN_POINT('Origin',(56.4699924528839,0.,0.));
#1780=CARTESIAN_POINT('',(26.7199924528839,-0.000317301980885611,-12.8655851688109));
#1781=CARTESIAN_POINT('',(26.0300075471161,0.000274468793222127,-12.8653267897179));
#1782=CARTESIAN_POINT('',(56.4699924528839,-6.65455587111042E-13,-12.866));
#1783=CARTESIAN_POINT('Ctrl Pts',(26.7199924528839,-0.00031730198088567,
-12.8655851688109));
#1784=CARTESIAN_POINT('Ctrl Pts',(26.6926732583274,-0.631354445714916,-12.8661666829936));
#1785=CARTESIAN_POINT('Ctrl Pts',(26.5726478529345,-3.40341608157968,-12.6658464525656));
#1786=CARTESIAN_POINT('Ctrl Pts',(26.3599162367051,-8.07888240061129,-10.7068756753859));
#1787=CARTESIAN_POINT('Ctrl Pts',(26.0817976041957,-12.2190418896438,-5.53177574294242));
#1788=CARTESIAN_POINT('Ctrl Pts',(25.8036789716864,-13.3760143081551,0.993865584023639));
#1789=CARTESIAN_POINT('Ctrl Pts',(25.525560339177,-11.2673335519264,7.27686211225078));
#1790=CARTESIAN_POINT('Ctrl Pts',(25.2474417066677,-6.4078181496649,11.7832675490249));
#1791=CARTESIAN_POINT('Ctrl Pts',(24.9693230741583,0.0161178043039305,13.4128769392499));
#1792=CARTESIAN_POINT('Ctrl Pts',(24.691204441649,6.43611871771566,11.7678334209211));
#1793=CARTESIAN_POINT('Ctrl Pts',(24.4130858091396,11.2847897088278,7.24976198220407));
#1794=CARTESIAN_POINT('Ctrl Pts',(24.1349671766303,13.378364264641,0.961715744726582));
#1795=CARTESIAN_POINT('Ctrl Pts',(23.8568485441209,12.2057119215328,-5.56112615030709));
#1796=CARTESIAN_POINT('Ctrl Pts',(23.5787299116116,8.0531269192458,-10.7262609698626));
#1797=CARTESIAN_POINT('Ctrl Pts',(23.3664445478659,3.38278374246343,-12.6699036045472));
#1798=CARTESIAN_POINT('Ctrl Pts',(23.2468653949567,0.621045640881676,-12.8661943336864));
#1799=CARTESIAN_POINT('Ctrl Pts',(23.2199924528839,0.000320416572155632,
-12.8656146251304));
#1800=CARTESIAN_POINT('Ctrl Pts',(26.0300075471161,0.000274468793221849,
-12.8653267897179));
#1801=CARTESIAN_POINT('Ctrl Pts',(25.9688805873656,-1.41175849593812,-12.8642340923705));
#1802=CARTESIAN_POINT('Ctrl Pts',(25.8150474167787,-4.96618587391192,-12.2809434453797));
#1803=CARTESIAN_POINT('Ctrl Pts',(25.5685080353554,-9.88403726466625,-9.06704656165949));
#1804=CARTESIAN_POINT('Ctrl Pts',(25.290389402846,-13.0187033998818,-3.22783019790665));
#1805=CARTESIAN_POINT('Ctrl Pts',(25.0122707703367,-12.9749511281357,3.39943660377737));
#1806=CARTESIAN_POINT('Ctrl Pts',(24.7341521378273,-9.76346223712942,9.19675655569729));
#1807=CARTESIAN_POINT('Ctrl Pts',(24.456033505318,-4.16829755776072,12.7487576442012));
#1808=CARTESIAN_POINT('Ctrl Pts',(24.1779148728086,2.44452558392414,13.1882455493577));
#1809=CARTESIAN_POINT('Ctrl Pts',(23.8997962402993,8.46053621106235,10.407922608375));
#1810=CARTESIAN_POINT('Ctrl Pts',(23.6216776077899,12.4109706283396,5.08658373204261));
#1811=CARTESIAN_POINT('Ctrl Pts',(23.3435589752805,13.3313600187303,-1.47660626155405));
#1812=CARTESIAN_POINT('Ctrl Pts',(23.0654403427712,10.9969982428988,-7.67929395492929));
#1813=CARTESIAN_POINT('Ctrl Pts',(22.794256533383,6.1029546330283,-11.8992260263989));
#1814=CARTESIAN_POINT('Ctrl Pts',(22.6157789348313,1.98043973558041,-12.865697209769));
#1815=CARTESIAN_POINT('Ctrl Pts',(22.5300075471161,-0.000162428981598361,
-12.8669434238408));
#1816=CARTESIAN_POINT('Origin',(56.4699924528839,0.,0.));
#1817=CARTESIAN_POINT('',(30.2199924528839,0.00024276342376739,-12.8667159019404));
#1818=CARTESIAN_POINT('',(29.5300075471161,-0.000335819881545074,-12.8659118507665));
#1819=CARTESIAN_POINT('',(56.4699924528839,-6.65455587111042E-13,-12.866));
#1820=CARTESIAN_POINT('Ctrl Pts',(30.2199924528839,0.000242763423767244,
-12.8667159019404));
#1821=CARTESIAN_POINT('Ctrl Pts',(30.1384811216982,-1.88208420064826,-12.8650909483321));
#1822=CARTESIAN_POINT('Ctrl Pts',(29.964263579676,-5.9067512419041,-11.9715914986684));
#1823=CARTESIAN_POINT('Ctrl Pts',(29.6973398268173,-10.8179342645401,-7.9295539483105));
#1824=CARTESIAN_POINT('Ctrl Pts',(29.419221194308,-13.293976902354,-1.78205097871945));
#1825=CARTESIAN_POINT('Ctrl Pts',(29.1411025617986,-12.5243951803298,4.800526318854));
#1826=CARTESIAN_POINT('Ctrl Pts',(28.8629839292893,-8.69707668110978,10.2110912626405));
#1827=CARTESIAN_POINT('Ctrl Pts',(28.5848652967799,-2.74643239736912,13.1286951620395));
#1828=CARTESIAN_POINT('Ctrl Pts',(28.3067466642705,3.87473267612645,12.841026993961));
#1829=CARTESIAN_POINT('Ctrl Pts',(28.0286280317612,9.54991094267412,9.41831877556024));
#1830=CARTESIAN_POINT('Ctrl Pts',(27.7505093992519,12.8935503614042,3.69619894608114));
#1831=CARTESIAN_POINT('Ctrl Pts',(27.4723907667425,13.0893265451407,-2.92832002447699));
#1832=CARTESIAN_POINT('Ctrl Pts',(27.1942721342332,10.0894422127781,-8.83791171069776));
#1833=CARTESIAN_POINT('Ctrl Pts',(26.9434726962803,5.16293350338819,-12.2212518014651));
#1834=CARTESIAN_POINT('Ctrl Pts',(26.7853794691639,1.51003601042285,-12.8641933460303));
#1835=CARTESIAN_POINT('Ctrl Pts',(26.7199924528839,-0.00031730198088567,
-12.8655851688109));
#1836=CARTESIAN_POINT('Ctrl Pts',(29.5300075471161,-0.00033581988154445,
-12.8659118507665));
#1837=CARTESIAN_POINT('Ctrl Pts',(29.5073946615728,-0.522625361903012,-12.866443630442));
#1838=CARTESIAN_POINT('Ctrl Pts',(29.3920755651931,-3.18582721918074,-12.7073293186504));
#1839=CARTESIAN_POINT('Ctrl Pts',(29.1840502579769,-7.80493747110256,-10.908183949347));
#1840=CARTESIAN_POINT('Ctrl Pts',(28.9059316254676,-12.0749224009265,-5.83967250898678));
#1841=CARTESIAN_POINT('Ctrl Pts',(28.6278129929582,-13.3969059482098,0.654551002927355));
#1842=CARTESIAN_POINT('Ctrl Pts',(28.3496943604489,-11.4481357841435,6.98897081610922));
#1843=CARTESIAN_POINT('Ctrl Pts',(28.0715757279396,-6.70438947045167,11.6170860300296));
#1844=CARTESIAN_POINT('Ctrl Pts',(27.7934570954302,-0.323816950202516,13.4089771639516));
#1845=CARTESIAN_POINT('Ctrl Pts',(27.5153384629208,6.13581304016453,11.9271674900942));
#1846=CARTESIAN_POINT('Ctrl Pts',(27.2372198304115,11.097430478167,7.53342968261225));
#1847=CARTESIAN_POINT('Ctrl Pts',(26.9591011979021,13.3496938262604,1.30046174327381));
#1848=CARTESIAN_POINT('Ctrl Pts',(26.6809825653928,12.3427299470806,-5.25000413847941));
#1849=CARTESIAN_POINT('Ctrl Pts',(26.4028639328834,8.32238148950172,-10.5187210412584));
#1850=CARTESIAN_POINT('Ctrl Pts',(26.1858722601245,3.60038226383837,-12.625802594211));
#1851=CARTESIAN_POINT('Ctrl Pts',(26.0615867982021,0.729755269359782,-12.8658912961817));
#1852=CARTESIAN_POINT('Ctrl Pts',(26.0300075471161,0.000274468793221849,
-12.8653267897179));
#1853=CARTESIAN_POINT('Origin',(56.4699924528839,0.,0.));
#1854=CARTESIAN_POINT('',(33.7199924528839,-7.20442733715981E-5,-12.8649194887443));
#1855=CARTESIAN_POINT('',(33.0300075471161,0.000304574039809158,-12.8664013561304));
#1856=CARTESIAN_POINT('',(56.4699924528839,-6.65455587111042E-13,-12.866));
#1857=CARTESIAN_POINT('Ctrl Pts',(33.7199924528839,-7.2044273370514E-5,
-12.8649194887443));
#1858=CARTESIAN_POINT('Ctrl Pts',(33.6769951959054,-0.993398869272171,-12.8651131414198));
#1859=CARTESIAN_POINT('Ctrl Pts',(33.5412917280903,-4.12829610183062,-12.5066148468011));
#1860=CARTESIAN_POINT('Ctrl Pts',(33.3128820494389,-8.95306823562479,-9.98739689505347));
#1861=CARTESIAN_POINT('Ctrl Pts',(33.0347634169295,-12.6420346184329,-4.48157207656212));
#1862=CARTESIAN_POINT('Ctrl Pts',(32.7566447844202,-13.2445434410328,2.11839481911943));
#1863=CARTESIAN_POINT('Ctrl Pts',(32.4785261519108,-10.6134967111525,8.20117157078383));
#1864=CARTESIAN_POINT('Ctrl Pts',(32.2004075194015,-5.39124467665942,12.2816940365516));
#1865=CARTESIAN_POINT('Ctrl Pts',(31.9222888868921,1.14723915069281,13.3637333818883));
#1866=CARTESIAN_POINT('Ctrl Pts',(31.6441702543828,7.40563317787481,11.1831178481601));
#1867=CARTESIAN_POINT('Ctrl Pts',(31.3660516218734,11.8559976275509,6.27222829834705));
#1868=CARTESIAN_POINT('Ctrl Pts',(31.0879329893641,13.4118095296481,-0.169978561937387));
#1869=CARTESIAN_POINT('Ctrl Pts',(30.8098143568548,11.6932291232083,-6.5706864362279));
#1870=CARTESIAN_POINT('Ctrl Pts',(30.5316957243454,7.11983487391215,-11.3672106930109));
#1871=CARTESIAN_POINT('Ctrl Pts',(30.3350884230218,2.65801175738445,-12.7961095343459));
#1872=CARTESIAN_POINT('Ctrl Pts',(30.2311873325346,0.258764167988265,-12.8669390753301));
#1873=CARTESIAN_POINT('Ctrl Pts',(30.2199924528839,0.000242763423767244,
-12.8667159019404));
#1874=CARTESIAN_POINT('Ctrl Pts',(33.0300075471161,0.000304574039809019,
-12.8664013561304));
#1875=CARTESIAN_POINT('Ctrl Pts',(32.9532025249436,-1.77346569041537,-12.8646217212389));
#1876=CARTESIAN_POINT('Ctrl Pts',(32.7836912919346,-5.68982232748039,-12.0483936941196));
#1877=CARTESIAN_POINT('Ctrl Pts',(32.5214738480892,-10.6134966648278,-8.20117153498825));
#1878=CARTESIAN_POINT('Ctrl Pts',(32.2433552155798,-13.2445433832245,-2.11839480987324));
#1879=CARTESIAN_POINT('Ctrl Pts',(31.9652365830704,-12.6420345632543,4.48157205700152));
#1880=CARTESIAN_POINT('Ctrl Pts',(31.6871179505611,-8.95306819654735,9.98739685146159));
#1881=CARTESIAN_POINT('Ctrl Pts',(31.4089993180517,-3.07827764438839,13.0548739076512));
#1882=CARTESIAN_POINT('Ctrl Pts',(31.1308806855424,3.54805121585978,12.9351017997636));
#1883=CARTESIAN_POINT('Ctrl Pts',(30.8527620530331,9.30815008784099,9.65732198608075));
#1884=CARTESIAN_POINT('Ctrl Pts',(30.5746434205237,12.7957342043033,4.02177972711522));
#1885=CARTESIAN_POINT('Ctrl Pts',(30.2965247880144,13.159336163993,-2.59564976906351));
#1886=CARTESIAN_POINT('Ctrl Pts',(30.018406155505,10.3101852862986,-8.57937091882639));
#1887=CARTESIAN_POINT('Ctrl Pts',(29.7629004085389,5.38019641625498,-12.1522910602113));
#1888=CARTESIAN_POINT('Ctrl Pts',(29.6001008724093,1.61860886084522,-12.8642634894501));
#1889=CARTESIAN_POINT('Ctrl Pts',(29.5300075471161,-0.00033581988154445,
-12.8659118507665));
#1890=CARTESIAN_POINT('Origin',(56.4699924528839,0.,0.));
#1891=CARTESIAN_POINT('',(37.2199924528839,-0.000108096391085946,-12.8670369256149));
#1892=CARTESIAN_POINT('',(36.5300075471161,-0.000166895946291934,-12.8650292780478));
#1893=CARTESIAN_POINT('',(56.4699924528839,-6.65455587111042E-13,-12.866));
#1894=CARTESIAN_POINT('Ctrl Pts',(37.2199924528839,-0.000108096391085444,
-12.8670369256149));
#1895=CARTESIAN_POINT('Ctrl Pts',(37.2155092701125,-0.103629963200934,-12.8670828547278));
#1896=CARTESIAN_POINT('Ctrl Pts',(37.1183198765047,-2.34782169341705,-12.8405648832495));
#1897=CARTESIAN_POINT('Ctrl Pts',(36.9284242720605,-6.70438949971429,-11.6170860807346));
#1898=CARTESIAN_POINT('Ctrl Pts',(36.6503056395511,-11.4481358341111,-6.98897084661391));
#1899=CARTESIAN_POINT('Ctrl Pts',(36.3721870070418,-13.3969060066832,-0.654551005784248));
#1900=CARTESIAN_POINT('Ctrl Pts',(36.0940683745324,-12.0749224536298,5.83967253447517));
#1901=CARTESIAN_POINT('Ctrl Pts',(35.8159497420231,-7.8049375051687,10.9081839969579));
#1902=CARTESIAN_POINT('Ctrl Pts',(35.5378311095137,-1.62943583437112,13.3135444729322));
#1903=CARTESIAN_POINT('Ctrl Pts',(35.2597124770044,4.94388032607641,12.4685033140514));
#1904=CARTESIAN_POINT('Ctrl Pts',(34.981593844495,10.3101853312994,8.5793709562727));
#1905=CARTESIAN_POINT('Ctrl Pts',(34.7034752119856,13.1593362214294,2.5956497803927));
#1906=CARTESIAN_POINT('Ctrl Pts',(34.4253565794763,12.7957342601528,-4.02177974466904));
#1907=CARTESIAN_POINT('Ctrl Pts',(34.1472379469669,9.30815012846822,-9.65732202823196));
#1908=CARTESIAN_POINT('Ctrl Pts',(33.9121165714362,4.43856493144167,-12.4283557230638));
#1909=CARTESIAN_POINT('Ctrl Pts',(33.7697014067418,1.14830905674201,-12.864695607674));
#1910=CARTESIAN_POINT('Ctrl Pts',(33.7199924528839,-7.2044273370514E-5,
-12.8649194887443));
#1911=CARTESIAN_POINT('Ctrl Pts',(36.5300075471161,-0.000166895946292558,
-12.8650292780478));
#1912=CARTESIAN_POINT('Ctrl Pts',(36.4917165991508,-0.884746498040514,-12.8654329888897));
#1913=CARTESIAN_POINT('Ctrl Pts',(36.360719440349,-3.91070487089423,-12.55785171674));
#1914=CARTESIAN_POINT('Ctrl Pts',(36.1370160707107,-8.69707664314973,-10.2110912180722));
#1915=CARTESIAN_POINT('Ctrl Pts',(35.8588974382014,-12.5243951256646,-4.80052629790118));
#1916=CARTESIAN_POINT('Ctrl Pts',(35.580778805692,-13.2939768443299,1.78205097094131));
#1917=CARTESIAN_POINT('Ctrl Pts',(35.3026601731827,-10.8179342173232,7.92955391370039));
#1918=CARTESIAN_POINT('Ctrl Pts',(35.0245415406733,-5.70077440794384,12.1411159763156));
#1919=CARTESIAN_POINT('Ctrl Pts',(34.746422908164,0.8081865474935,13.3885159933826));
#1920=CARTESIAN_POINT('Ctrl Pts',(34.4683042756546,7.11983484283627,11.3672106433965));
#1921=CARTESIAN_POINT('Ctrl Pts',(34.1901856431453,11.693229072171,6.57068640754886));
#1922=CARTESIAN_POINT('Ctrl Pts',(33.9120670106359,13.4118094711097,0.169978561195455));
#1923=CARTESIAN_POINT('Ctrl Pts',(33.6339483781265,11.8559975758031,-6.27222827097072));
#1924=CARTESIAN_POINT('Ctrl Pts',(33.3558297456172,7.4056331455515,-11.1831177993492));
#1925=CARTESIAN_POINT('Ctrl Pts',(33.1545161352804,2.87555229603833,-12.7615362604733));
#1926=CARTESIAN_POINT('Ctrl Pts',(33.04590873578,0.367533888266458,-12.8667697996171));
#1927=CARTESIAN_POINT('Ctrl Pts',(33.0300075471161,0.000304574039809019,
-12.8664013561304));
#1928=CARTESIAN_POINT('Origin',(56.4699924528839,0.,0.));
#1929=CARTESIAN_POINT('',(40.7199924528839,0.000240116071158942,-12.865200765362));
#1930=CARTESIAN_POINT('',(40.0300075471161,5.4986196511977E-6,-12.8671105814697));
#1931=CARTESIAN_POINT('',(56.4699924528839,-6.65455587111042E-13,-12.866));
#1932=CARTESIAN_POINT('Ctrl Pts',(40.7199924528839,0.000240116071158897,
-12.865200765362));
#1933=CARTESIAN_POINT('Ctrl Pts',(40.6613171334833,-1.35519801259777,-12.8642953295198));
#1934=CARTESIAN_POINT('Ctrl Pts',(40.5099356032462,-4.8529278751982,-12.3141310699798));
#1935=CARTESIAN_POINT('Ctrl Pts',(40.2658478621727,-9.76346227974397,-9.19675659583825));
#1936=CARTESIAN_POINT('Ctrl Pts',(39.9877292296634,-12.9749511847674,-3.39943661861484));
#1937=CARTESIAN_POINT('Ctrl Pts',(39.7096105971539,-13.0187034567045,3.22783021199518));
#1938=CARTESIAN_POINT('Ctrl Pts',(39.4314919646447,-9.88403730780701,9.0670466012344));
#1939=CARTESIAN_POINT('Ctrl Pts',(39.1533733321352,-4.33625787494656,12.6926118357508));
#1940=CARTESIAN_POINT('Ctrl Pts',(38.875254699626,2.2701862669653,13.2193714632867));
#1941=CARTESIAN_POINT('Ctrl Pts',(38.5971360671166,8.32238152582637,10.5187210871693));
#1942=CARTESIAN_POINT('Ctrl Pts',(38.3190174346072,12.3427300009529,5.25000416139405));
#1943=CARTESIAN_POINT('Ctrl Pts',(38.0408988020979,13.3496938845276,-1.30046174894998));
#1944=CARTESIAN_POINT('Ctrl Pts',(37.7627801695885,11.0974305266038,-7.53342971549343));
#1945=CARTESIAN_POINT('Ctrl Pts',(37.4891447198506,6.21579274221043,-11.8563419036521));
#1946=CARTESIAN_POINT('Ctrl Pts',(37.308215480949,2.03706349055446,-12.8661331022332));
#1947=CARTESIAN_POINT('Ctrl Pts',(37.2199924528839,-0.000108096391085444,
-12.8670369256149));
#1948=CARTESIAN_POINT('Ctrl Pts',(40.0300075471161,5.49815768418173E-6,
-12.8671104881641));
#1949=CARTESIAN_POINT('Ctrl Pts',(39.9375244625215,-2.13550012315134,-12.8670562020669));
#1950=CARTESIAN_POINT('Ctrl Pts',(39.7523351670905,-6.41171676521613,-11.7796521436142));
#1951=CARTESIAN_POINT('Ctrl Pts',(39.4744396608229,-11.2673335027479,-7.27686208048955));
#1952=CARTESIAN_POINT('Ctrl Pts',(39.1963210283136,-13.3760142497729,-0.993865579685774));
#1953=CARTESIAN_POINT('Ctrl Pts',(38.9182023958043,-12.2190418363115,5.53177571879788));
#1954=CARTESIAN_POINT('Ctrl Pts',(38.6400837632949,-8.07888236534944,10.7068756286537));
#1955=CARTESIAN_POINT('Ctrl Pts',(38.3619651307856,-1.96632459718544,13.2679724743126));
#1956=CARTESIAN_POINT('Ctrl Pts',(38.0838464982762,4.62629651536755,12.5897937454317));
#1957=CARTESIAN_POINT('Ctrl Pts',(37.8057278657668,10.0894421687408,8.83791167212297));
#1958=CARTESIAN_POINT('Ctrl Pts',(37.5276092332575,13.0893264880098,2.92832001169583));
#1959=CARTESIAN_POINT('Ctrl Pts',(37.2494906007481,12.8935503051278,-3.69619892994833));
#1960=CARTESIAN_POINT('Ctrl Pts',(36.9713719682388,9.54991090099172,-9.41831873445214));
#1961=CARTESIAN_POINT('Ctrl Pts',(36.7315442836948,4.6560825198447,-12.3697937071995));
#1962=CARTESIAN_POINT('Ctrl Pts',(36.5844228099872,1.2569091007612,-12.8644555646049));
#1963=CARTESIAN_POINT('Ctrl Pts',(36.5300075471161,-0.000166895946292558,
-12.8650292780478));
#1964=CARTESIAN_POINT('Origin',(56.4699924528839,0.,0.));
#1965=CARTESIAN_POINT('',(44.2199924528839,-0.000332399773079932,-12.8660911082371));
#1966=CARTESIAN_POINT('',(43.5300075471161,0.00015841357179025,-12.8650151394471));
#1967=CARTESIAN_POINT('',(56.4699924528839,-6.65455587111042E-13,-12.866));
#1968=CARTESIAN_POINT('Ctrl Pts',(44.2199924528839,-0.000332399773079473,
-12.8660911082371));
#1969=CARTESIAN_POINT('Ctrl Pts',(44.1998312076905,-0.465977775043652,-12.8665732916913));
#1970=CARTESIAN_POINT('Ctrl Pts',(44.0869637516606,-3.07248569526791,-12.7278017887699));
#1971=CARTESIAN_POINT('Ctrl Pts',(43.8813900847942,-7.66023490757678,-11.0102828630941));
#1972=CARTESIAN_POINT('Ctrl Pts',(43.6032714522849,-11.9967679275968,-5.99859040672108));
#1973=CARTESIAN_POINT('Ctrl Pts',(43.3251528197756,-13.4043803903412,0.477612729314622));
#1974=CARTESIAN_POINT('Ctrl Pts',(43.0470341872662,-11.5394143134309,6.83721031381459));
#1975=CARTESIAN_POINT('Ctrl Pts',(42.7689155547569,-6.85718712104538,11.5275544829623));
#1976=CARTESIAN_POINT('Ctrl Pts',(42.4907969222475,-0.50082932636193,13.4035330251747));
#1977=CARTESIAN_POINT('Ctrl Pts',(42.2126782897381,5.97780217727175,12.0071399050967));
#1978=CARTESIAN_POINT('Ctrl Pts',(41.9345596572288,10.9969982908974,7.67929398844703));
#1979=CARTESIAN_POINT('Ctrl Pts',(41.6564410247195,13.3313600769176,1.47660626799894));
#1980=CARTESIAN_POINT('Ctrl Pts',(41.3783223922101,12.4109706825097,-5.08658375424401));
#1981=CARTESIAN_POINT('Ctrl Pts',(41.1002037597008,8.46053624798995,-10.4079226538024));
#1982=CARTESIAN_POINT('Ctrl Pts',(40.880760446592,3.71373702218015,-12.6016745604601));
#1983=CARTESIAN_POINT('Ctrl Pts',(40.7540233443197,0.786375893019615,-12.8657259059009));
#1984=CARTESIAN_POINT('Ctrl Pts',(40.7199924528839,0.000240116071158897,
-12.865200765362));
#1985=CARTESIAN_POINT('Ctrl Pts',(43.5300075471161,0.000158413571789695,
-12.8650151394471));
#1986=CARTESIAN_POINT('Ctrl Pts',(43.4760385367287,-1.24661238766622,-12.8644757894005));
#1987=CARTESIAN_POINT('Ctrl Pts',(43.3293633155049,-4.63545960690947,-12.3754781117574));
#1988=CARTESIAN_POINT('Ctrl Pts',(43.0899818834445,-9.52724799812647,-9.44124311638719));
#1989=CARTESIAN_POINT('Ctrl Pts',(42.8118632509352,-12.884629884837,-3.72717570439422));
#1990=CARTESIAN_POINT('Ctrl Pts',(42.5337446184259,-13.0963264037309,2.8968535909727));
#1991=CARTESIAN_POINT('Ctrl Pts',(42.2556259859165,-10.1106534437622,8.81363789480594));
#1992=CARTESIAN_POINT('Ctrl Pts',(41.9775073534071,-4.6565405766074,12.5786388714765));
#1993=CARTESIAN_POINT('Ctrl Pts',(41.6993887208978,1.93443160954648,13.2726598822014));
#1994=CARTESIAN_POINT('Ctrl Pts',(41.4212700883884,8.05312688409635,10.7262609230457));
#1995=CARTESIAN_POINT('Ctrl Pts',(41.1431514558791,12.2057118682586,5.56112612603453));
#1996=CARTESIAN_POINT('Ctrl Pts',(40.8650328233697,13.3783642062485,-0.961715740528934));
#1997=CARTESIAN_POINT('Ctrl Pts',(40.5869141908604,11.2847896595732,-7.24976195056105));
#1998=CARTESIAN_POINT('Ctrl Pts',(40.308795558351,6.43611868962401,-11.7678333695581));
#1999=CARTESIAN_POINT('Ctrl Pts',(40.1231600104363,2.15096752510196,-12.8658488127537));
#2000=CARTESIAN_POINT('Ctrl Pts',(40.030230673358,0.00515765485588404,-12.8671106191357));
#2001=CARTESIAN_POINT('Ctrl Pts',(40.0300075471161,5.49815768418173E-6,
-12.8671104881641));
#2002=CARTESIAN_POINT('Origin',(56.4699924528839,0.,0.));
#2003=CARTESIAN_POINT('',(47.7199924528839,0.000325910765717451,-12.8662239988789));
#2004=CARTESIAN_POINT('',(47.0300075471161,-0.000300067369403134,-12.8664329756645));
#2005=CARTESIAN_POINT('',(56.4699924528839,-6.65455587111042E-13,-12.866));
#2006=CARTESIAN_POINT('Ctrl Pts',(47.7199924528839,0.000325910765717682,
-12.8662239988789));
#2007=CARTESIAN_POINT('Ctrl Pts',(47.6456390710612,-1.7168933726366,-12.8644518229712));
#2008=CARTESIAN_POINT('Ctrl Pts',(47.4785794784021,-5.57675805308362,-12.087107821859));
#2009=CARTESIAN_POINT('Ctrl Pts',(47.2188136749065,-10.5042888201824,-8.34058820167871));
#2010=CARTESIAN_POINT('Ctrl Pts',(46.9406950423971,-13.2154202961567,-2.29307972297641));
#2011=CARTESIAN_POINT('Ctrl Pts',(46.6625764098878,-12.7001030999765,4.31426688734555));
#2012=CARTESIAN_POINT('Ctrl Pts',(46.3844577773785,-9.08415303563867,9.86831773089913));
#2013=CARTESIAN_POINT('Ctrl Pts',(46.1063391448691,-3.25037456381955,13.0130931026618));
#2014=CARTESIAN_POINT('Ctrl Pts',(45.8282205123597,3.37695795611013,12.9808197813878));
#2015=CARTESIAN_POINT('Ctrl Pts',(45.5501018798504,9.17983183446726,9.77937705228976));
#2016=CARTESIAN_POINT('Ctrl Pts',(45.2719832473411,12.7415187837744,4.19037305307965));
#2017=CARTESIAN_POINT('Ctrl Pts',(44.9938646148317,13.1924599179823,-2.42167897467612));
#2018=CARTESIAN_POINT('Ctrl Pts',(44.7157459823223,10.4225612719206,-8.44249631536523));
#2019=CARTESIAN_POINT('Ctrl Pts',(44.4577885950064,5.49332818665639,-12.1151009950595));
#2020=CARTESIAN_POINT('Ctrl Pts',(44.2925374185269,1.67517064712396,-12.8643560972404));
#2021=CARTESIAN_POINT('Ctrl Pts',(44.2199924528839,-0.000332399773079473,
-12.8660911082371));
#2022=CARTESIAN_POINT('Ctrl Pts',(47.0300075471161,-0.000300067369403863,
-12.8664329756645));
#2023=CARTESIAN_POINT('Ctrl Pts',(47.0145526109359,-0.357220887677858,-12.866788097809));
#2024=CARTESIAN_POINT('Ctrl Pts',(46.9063914639192,-2.85492400990354,-12.7649355587811));
#2025=CARTESIAN_POINT('Ctrl Pts',(46.7055241060661,-7.37873506741385,-11.2008836829321));
#2026=CARTESIAN_POINT('Ctrl Pts',(46.4274054735568,-11.8408890918669,-6.3007040226722));
#2027=CARTESIAN_POINT('Ctrl Pts',(46.1492868410473,-13.4121792588154,0.137745072630162));
#2028=CARTESIAN_POINT('Ctrl Pts',(45.8711682085382,-11.708986822921,6.54256475024271));
#2029=CARTESIAN_POINT('Ctrl Pts',(45.5930495760286,-7.14713343443989,11.3500665059058));
#2030=CARTESIAN_POINT('Ctrl Pts',(45.3149309435194,-0.840361227288607,13.3865349889586));
#2031=CARTESIAN_POINT('Ctrl Pts',(45.0368123110099,5.67157884218593,12.1547817516783));
#2032=CARTESIAN_POINT('Ctrl Pts',(44.7586936785007,10.7988456449519,7.95553007299536));
#2033=CARTESIAN_POINT('Ctrl Pts',(44.4805750459912,13.2896555956442,1.8139956303202));
#2034=CARTESIAN_POINT('Ctrl Pts',(44.202456413482,12.535896201454,-4.77041218641256));
#2035=CARTESIAN_POINT('Ctrl Pts',(43.9243377809726,8.721592142128,-10.1901597880795));
#2036=CARTESIAN_POINT('Ctrl Pts',(43.7001881588506,3.93133746308376,-12.5531210833611));
#2037=CARTESIAN_POINT('Ctrl Pts',(43.5687447475651,0.895049946599869,-12.8654022673696));
#2038=CARTESIAN_POINT('Ctrl Pts',(43.5300075471161,0.000158413571789695,
-12.8650151394471));
#2039=CARTESIAN_POINT('Ctrl Pts',(51.1554222262158,11.5960179105404,-5.57371730700674));
#2040=CARTESIAN_POINT('Ctrl Pts',(51.0627160153793,10.6684075458625,-7.50359387058577));
#2041=CARTESIAN_POINT('Ctrl Pts',(50.8773035937064,7.83190893650779,-10.8892818220385));
#2042=CARTESIAN_POINT('Ctrl Pts',(50.599184961197,1.66106040643697,-13.3096494898341));
#2043=CARTESIAN_POINT('Ctrl Pts',(50.3210663286878,-4.91371658809488,-12.4803186734389));
#2044=CARTESIAN_POINT('Ctrl Pts',(50.0429476961783,-10.2896289966879,-8.60414026776084));
#2045=CARTESIAN_POINT('Ctrl Pts',(49.764829063669,-13.1530132168603,-2.62726073341071));
#2046=CARTESIAN_POINT('Ctrl Pts',(49.4867104311596,-12.805386526866,3.99101182682479));
#2047=CARTESIAN_POINT('Ctrl Pts',(49.2085917986503,-9.33132100070127,9.63492552549395));
#2048=CARTESIAN_POINT('Ctrl Pts',(48.9304731661409,-3.57913430849306,12.9265363063625));
#2049=CARTESIAN_POINT('Ctrl Pts',(48.6523545336316,3.04689663736128,13.0622348261597));
#2050=CARTESIAN_POINT('Ctrl Pts',(48.3742359011222,8.92903779623573,10.0088849247516));
#2051=CARTESIAN_POINT('Ctrl Pts',(48.096117268613,12.6312281365334,4.51194221719548));
#2052=CARTESIAN_POINT('Ctrl Pts',(47.8179986361034,13.2495959407342,-2.08655775610523));
#2053=CARTESIAN_POINT('Ctrl Pts',(47.5398800035943,10.6331763285552,-8.17564008802172));
#2054=CARTESIAN_POINT('Ctrl Pts',(47.2617613710848,5.4207459396771,-12.268701593052));
#2055=CARTESIAN_POINT('Ctrl Pts',(46.9836427385755,-1.11511832802529,-13.3664519142966));
#2056=CARTESIAN_POINT('Ctrl Pts',(46.7055241060661,-7.37873506741385,-11.2008836829321));
#2057=CARTESIAN_POINT('Ctrl Pts',(46.4274054735568,-11.8408890918669,-6.3007040226722));
#2058=CARTESIAN_POINT('Ctrl Pts',(46.1492868410473,-13.4121792588154,0.137745072630162));
#2059=CARTESIAN_POINT('Ctrl Pts',(45.8711682085382,-11.708986822921,6.54256475024271));
#2060=CARTESIAN_POINT('Ctrl Pts',(45.5930495760286,-7.14713343443989,11.3500665059058));
#2061=CARTESIAN_POINT('Ctrl Pts',(45.3149309435194,-0.840361227288607,13.3865349889586));
#2062=CARTESIAN_POINT('Ctrl Pts',(45.0368123110099,5.67157884218593,12.1547817516783));
#2063=CARTESIAN_POINT('Ctrl Pts',(44.7586936785007,10.7988456449519,7.95553007299536));
#2064=CARTESIAN_POINT('Ctrl Pts',(44.4805750459912,13.2896555956442,1.8139956303202));
#2065=CARTESIAN_POINT('Ctrl Pts',(44.202456413482,12.535896201454,-4.77041218641256));
#2066=CARTESIAN_POINT('Ctrl Pts',(43.9243377809726,8.721592142128,-10.1901597880795));
#2067=CARTESIAN_POINT('Ctrl Pts',(43.6462191484632,2.77797703318773,-13.1220566072438));
#2068=CARTESIAN_POINT('Ctrl Pts',(43.3681005159539,-3.84386025087754,-12.850302112107));
#2069=CARTESIAN_POINT('Ctrl Pts',(43.0899818834445,-9.52724799812647,-9.44124311638719));
#2070=CARTESIAN_POINT('Ctrl Pts',(42.8118632509352,-12.884629884837,-3.72717570439422));
#2071=CARTESIAN_POINT('Ctrl Pts',(42.5337446184259,-13.0963264037309,2.8968535909727));
#2072=CARTESIAN_POINT('Ctrl Pts',(42.2556259859165,-10.1106534437622,8.81363789480594));
#2073=CARTESIAN_POINT('Ctrl Pts',(41.9775073534071,-4.6565405766074,12.5786388714765));
#2074=CARTESIAN_POINT('Ctrl Pts',(41.6993887208978,1.93443160954648,13.2726598822014));
#2075=CARTESIAN_POINT('Ctrl Pts',(41.4212700883884,8.05312688409635,10.7262609230457));
#2076=CARTESIAN_POINT('Ctrl Pts',(41.1431514558791,12.2057118682586,5.56112612603453));
#2077=CARTESIAN_POINT('Ctrl Pts',(40.8650328233697,13.3783642062485,-0.961715740528934));
#2078=CARTESIAN_POINT('Ctrl Pts',(40.5869141908604,11.2847896595732,-7.24976195056105));
#2079=CARTESIAN_POINT('Ctrl Pts',(40.308795558351,6.43611868962401,-11.7678333695581));
#2080=CARTESIAN_POINT('Ctrl Pts',(40.0306769258417,0.0161178042336089,-13.4128768807068));
#2081=CARTESIAN_POINT('Ctrl Pts',(39.7525582933323,-6.40781812169672,-11.7832674975945));
#2082=CARTESIAN_POINT('Ctrl Pts',(39.4744396608229,-11.2673335027479,-7.27686208048955));
#2083=CARTESIAN_POINT('Ctrl Pts',(39.1963210283136,-13.3760142497729,-0.993865579685774));
#2084=CARTESIAN_POINT('Ctrl Pts',(38.9182023958043,-12.2190418363115,5.53177571879788));
#2085=CARTESIAN_POINT('Ctrl Pts',(38.6400837632949,-8.07888236534944,10.7068756286537));
#2086=CARTESIAN_POINT('Ctrl Pts',(38.3619651307856,-1.96632459718544,13.2679724743126));
#2087=CARTESIAN_POINT('Ctrl Pts',(38.0838464982762,4.62629651536755,12.5897937454317));
#2088=CARTESIAN_POINT('Ctrl Pts',(37.8057278657668,10.0894421687408,8.83791167212297));
#2089=CARTESIAN_POINT('Ctrl Pts',(37.5276092332575,13.0893264880098,2.92832001169583));
#2090=CARTESIAN_POINT('Ctrl Pts',(37.2494906007481,12.8935503051278,-3.69619892994833));
#2091=CARTESIAN_POINT('Ctrl Pts',(36.9713719682388,9.54991090099172,-9.41831873445214));
#2092=CARTESIAN_POINT('Ctrl Pts',(36.6932533357295,3.87473265921444,-12.8410269379139));
#2093=CARTESIAN_POINT('Ctrl Pts',(36.4151347032201,-2.74643238538181,-13.1286951047368));
#2094=CARTESIAN_POINT('Ctrl Pts',(36.1370160707107,-8.69707664314973,-10.2110912180722));
#2095=CARTESIAN_POINT('Ctrl Pts',(35.8588974382014,-12.5243951256646,-4.80052629790118));
#2096=CARTESIAN_POINT('Ctrl Pts',(35.580778805692,-13.2939768443299,1.78205097094131));
#2097=CARTESIAN_POINT('Ctrl Pts',(35.3026601731827,-10.8179342173232,7.92955391370039));
#2098=CARTESIAN_POINT('Ctrl Pts',(35.0245415406733,-5.70077440794384,12.1411159763156));
#2099=CARTESIAN_POINT('Ctrl Pts',(34.746422908164,0.8081865474935,13.3885159933826));
#2100=CARTESIAN_POINT('Ctrl Pts',(34.4683042756546,7.11983484283627,11.3672106433965));
#2101=CARTESIAN_POINT('Ctrl Pts',(34.1901856431453,11.693229072171,6.57068640754886));
#2102=CARTESIAN_POINT('Ctrl Pts',(33.9120670106359,13.4118094711097,0.169978561195455));
#2103=CARTESIAN_POINT('Ctrl Pts',(33.6339483781265,11.8559975758031,-6.27222827097072));
#2104=CARTESIAN_POINT('Ctrl Pts',(33.3558297456172,7.4056331455515,-11.1831177993492));
#2105=CARTESIAN_POINT('Ctrl Pts',(33.0777111131079,1.14723914568551,-13.3637333235597));
#2106=CARTESIAN_POINT('Ctrl Pts',(32.7995924805985,-5.39124465312825,-12.2816939829458));
#2107=CARTESIAN_POINT('Ctrl Pts',(32.5214738480892,-10.6134966648278,-8.20117153498825));
#2108=CARTESIAN_POINT('Ctrl Pts',(32.2433552155798,-13.2445433832245,-2.11839480987324));
#2109=CARTESIAN_POINT('Ctrl Pts',(31.9652365830704,-12.6420345632543,4.48157205700152));
#2110=CARTESIAN_POINT('Ctrl Pts',(31.6871179505611,-8.95306819654735,9.98739685146159));
#2111=CARTESIAN_POINT('Ctrl Pts',(31.4089993180517,-3.07827764438839,13.0548739076512));
#2112=CARTESIAN_POINT('Ctrl Pts',(31.1308806855424,3.54805121585978,12.9351017997636));
#2113=CARTESIAN_POINT('Ctrl Pts',(30.8527620530331,9.30815008784099,9.65732198608075));
#2114=CARTESIAN_POINT('Ctrl Pts',(30.5746434205237,12.7957342043033,4.02177972711522));
#2115=CARTESIAN_POINT('Ctrl Pts',(30.2965247880144,13.159336163993,-2.59564976906351));
#2116=CARTESIAN_POINT('Ctrl Pts',(30.018406155505,10.3101852862986,-8.57937091882639));
#2117=CARTESIAN_POINT('Ctrl Pts',(29.7402875229957,4.94388030449787,-12.4685032596303));
#2118=CARTESIAN_POINT('Ctrl Pts',(29.4621688904863,-1.62943582725916,-13.3135444148227));
#2119=CARTESIAN_POINT('Ctrl Pts',(29.1840502579769,-7.80493747110256,-10.908183949347));
#2120=CARTESIAN_POINT('Ctrl Pts',(28.9059316254676,-12.0749224009265,-5.83967250898678));
#2121=CARTESIAN_POINT('Ctrl Pts',(28.6278129929582,-13.3969059482098,0.654551002927355));
#2122=CARTESIAN_POINT('Ctrl Pts',(28.3496943604489,-11.4481357841435,6.98897081610922));
#2123=CARTESIAN_POINT('Ctrl Pts',(28.0715757279396,-6.70438947045167,11.6170860300296));
#2124=CARTESIAN_POINT('Ctrl Pts',(27.7934570954302,-0.323816950202516,13.4089771639516));
#2125=CARTESIAN_POINT('Ctrl Pts',(27.5153384629208,6.13581304016453,11.9271674900942));
#2126=CARTESIAN_POINT('Ctrl Pts',(27.2372198304115,11.097430478167,7.53342968261225));
#2127=CARTESIAN_POINT('Ctrl Pts',(26.9591011979021,13.3496938262604,1.30046174327381));
#2128=CARTESIAN_POINT('Ctrl Pts',(26.6809825653928,12.3427299470806,-5.25000413847941));
#2129=CARTESIAN_POINT('Ctrl Pts',(26.4028639328834,8.32238148950172,-10.5187210412584));
#2130=CARTESIAN_POINT('Ctrl Pts',(26.1247453003741,2.2701862570566,-13.2193714055883));
#2131=CARTESIAN_POINT('Ctrl Pts',(25.8466266678647,-4.3362578560202,-12.6926117803514));
#2132=CARTESIAN_POINT('Ctrl Pts',(25.5685080353554,-9.88403726466625,-9.06704656165949));
#2133=CARTESIAN_POINT('Ctrl Pts',(25.290389402846,-13.0187033998818,-3.22783019790665));
#2134=CARTESIAN_POINT('Ctrl Pts',(25.0122707703367,-12.9749511281357,3.39943660377737));
#2135=CARTESIAN_POINT('Ctrl Pts',(24.7341521378273,-9.76346223712942,9.19675655569729));
#2136=CARTESIAN_POINT('Ctrl Pts',(24.456033505318,-4.16829755776072,12.7487576442012));
#2137=CARTESIAN_POINT('Ctrl Pts',(24.1779148728086,2.44452558392414,13.1882455493577));
#2138=CARTESIAN_POINT('Ctrl Pts',(23.8997962402993,8.46053621106235,10.407922608375));
#2139=CARTESIAN_POINT('Ctrl Pts',(23.6216776077899,12.4109706283396,5.08658373204261));
#2140=CARTESIAN_POINT('Ctrl Pts',(23.3435589752805,13.3313600187303,-1.47660626155405));
#2141=CARTESIAN_POINT('Ctrl Pts',(23.0654403427712,10.9969982428988,-7.67929395492929));
#2142=CARTESIAN_POINT('Ctrl Pts',(22.7873217102618,5.97780215118059,-12.0071398526893));
#2143=CARTESIAN_POINT('Ctrl Pts',(22.5092030777525,-0.500829324176247,-13.4035329666724));
#2144=CARTESIAN_POINT('Ctrl Pts',(22.2310844452431,-6.85718709111544,-11.527554432648));
#2145=CARTESIAN_POINT('Ctrl Pts',(21.9529658127338,-11.5394142630658,-6.83721028397234));
#2146=CARTESIAN_POINT('Ctrl Pts',(21.6748471802244,-13.4043803318335,-0.477612727229712));
#2147=CARTESIAN_POINT('Ctrl Pts',(21.3967285477151,-11.9967678752378,5.99859038053876));
#2148=CARTESIAN_POINT('Ctrl Pts',(21.1186099152057,-7.66023487413603,11.0102828150385));
#2149=CARTESIAN_POINT('Ctrl Pts',(20.8404912826964,-1.45351321031461,13.3338976053659));
#2150=CARTESIAN_POINT('Ctrl Pts',(20.562372650187,5.10807276277739,12.4021416968339));
#2151=CARTESIAN_POINT('Ctrl Pts',(20.2842540176777,10.4225612263877,8.44249627851));
#2152=CARTESIAN_POINT('Ctrl Pts',(20.0061353851683,13.19245986048,2.42167896411864));
#2153=CARTESIAN_POINT('Ctrl Pts',(19.728016752659,12.7415187280131,-4.19037303481467));
#2154=CARTESIAN_POINT('Ctrl Pts',(19.4498981201496,9.17983179467923,-9.77937700955711));
#2155=CARTESIAN_POINT('Ctrl Pts',(19.1717794876403,3.37695794084696,-12.9808197248268));
#2156=CARTESIAN_POINT('Ctrl Pts',(18.8936608551309,-3.25037454865311,-13.0130930456733));
#2157=CARTESIAN_POINT('Ctrl Pts',(18.6155422226216,-9.08415299781514,-9.86831768820296));
#2158=CARTESIAN_POINT('Ctrl Pts',(18.3374235901122,-12.700103041154,-4.31426686777193));
#2159=CARTESIAN_POINT('Ctrl Pts',(18.0593049576029,-13.2154202447434,2.29307971149922));
#2160=CARTESIAN_POINT('Ctrl Pts',(17.7811863250935,-10.504288762805,8.34058816817706));
#2161=CARTESIAN_POINT('Ctrl Pts',(17.5030676925841,-5.22862088928832,12.3518047818366));
#2162=CARTESIAN_POINT('Ctrl Pts',(17.2249490600748,1.32358849588431,13.347421352887));
#2163=CARTESIAN_POINT('Ctrl Pts',(16.9468304275655,7.55262780444829,11.0843653290307));
#2164=CARTESIAN_POINT('Ctrl Pts',(16.6687117950561,11.9378011890164,6.11514531927197));
#2165=CARTESIAN_POINT('Ctrl Pts',(16.3905931625468,13.408348796645,-0.347042060467221));
#2166=CARTESIAN_POINT('Ctrl Pts',(16.1124745300374,11.6055499418604,-6.7245003668502));
#2167=CARTESIAN_POINT('Ctrl Pts',(15.834355897528,6.96894536468188,-11.4602253643977));
#2168=CARTESIAN_POINT('Ctrl Pts',(15.5562372650187,0.631717981692525,-13.398015659331));
#2169=CARTESIAN_POINT('Ctrl Pts',(15.2781186325093,-5.86136423539535,-12.0648110424307));
#2170=CARTESIAN_POINT('Ctrl Pts',(15.0927062108364,-9.233411153887,-9.21210936770643));
#2171=CARTESIAN_POINT('Ctrl Pts',(15.,-10.4763739686608,-7.46857044344946));
#2172=CARTESIAN_POINT('Ctrl Pts',(50.7702814841438,12.1972545249626,-5.86270641941272));
#2173=CARTESIAN_POINT('Ctrl Pts',(50.6775752733074,11.2215489159117,-7.89264426784751));
#2174=CARTESIAN_POINT('Ctrl Pts',(50.4921628516345,8.23798199104914,-11.4538752011347));
#2175=CARTESIAN_POINT('Ctrl Pts',(50.2140442191252,1.74718396564686,-13.9997354020972));
#2176=CARTESIAN_POINT('Ctrl Pts',(49.9359255866158,-5.1684856259187,-13.1274049925544));
#2177=CARTESIAN_POINT('Ctrl Pts',(49.6578069541064,-10.8231312514581,-9.05025239043189));
#2178=CARTESIAN_POINT('Ctrl Pts',(49.3796883215971,-13.8349777668433,-2.76348037025044));
#2179=CARTESIAN_POINT('Ctrl Pts',(49.1015696890877,-13.4693271400296,4.19793996865681));
#2180=CARTESIAN_POINT('Ctrl Pts',(48.8234510565784,-9.81513638369144,10.1344823602495));
#2181=CARTESIAN_POINT('Ctrl Pts',(48.5453324240691,-3.7647072017744,13.596758358881));
#2182=CARTESIAN_POINT('Ctrl Pts',(48.2672137915597,3.20487378372943,13.7394926489964));
#2183=CARTESIAN_POINT('Ctrl Pts',(47.9890951590503,9.39199538185456,10.5278310088922));
#2184=CARTESIAN_POINT('Ctrl Pts',(47.710976526541,13.2861388911901,4.74587983992627));
#2185=CARTESIAN_POINT('Ctrl Pts',(47.4328578940316,13.936568164072,-2.19474273225435));
#2186=CARTESIAN_POINT('Ctrl Pts',(47.1547392615223,11.1844910113761,-8.59953510139425));
#2187=CARTESIAN_POINT('Ctrl Pts',(46.8766206290129,5.70180370981493,-12.9048158752194));
#2188=CARTESIAN_POINT('Ctrl Pts',(46.5985019965035,-1.17293558679412,-14.0594829494147));
#2189=CARTESIAN_POINT('Ctrl Pts',(46.3203833639943,-7.76131171785327,-11.7816331640055));
#2190=CARTESIAN_POINT('Ctrl Pts',(46.0422647314848,-12.4548219198657,-6.62738633588465));
#2191=CARTESIAN_POINT('Ctrl Pts',(45.7641460989755,-14.1075811900477,0.144886953727624));
#2192=CARTESIAN_POINT('Ctrl Pts',(45.4860274664661,-12.3160807106709,6.88178718939556));
#2193=CARTESIAN_POINT('Ctrl Pts',(45.2079088339568,-7.51770187802955,11.9385508987486));
#2194=CARTESIAN_POINT('Ctrl Pts',(44.9297902014475,-0.883932731151838,14.0806073022042));
#2195=CARTESIAN_POINT('Ctrl Pts',(44.6516715689381,5.9656419324477,12.7849894562367));
#2196=CARTESIAN_POINT('Ctrl Pts',(44.3735529364288,11.3587500401785,8.36801270314674));
#2197=CARTESIAN_POINT('Ctrl Pts',(44.0954343039194,13.9787048536571,1.90804865781333));
#2198=CARTESIAN_POINT('Ctrl Pts',(43.8173156714101,13.1858641343304,-5.01775110003651));
#2199=CARTESIAN_POINT('Ctrl Pts',(43.5391970389007,9.17379397316678,-10.7185047094717));
#2200=CARTESIAN_POINT('Ctrl Pts',(43.2610784063914,2.92201109033236,-13.8024161021722));
#2201=CARTESIAN_POINT('Ctrl Pts',(42.982959773882,-4.04315879813562,-13.5165715328504));
#2202=CARTESIAN_POINT('Ctrl Pts',(42.7048411413727,-10.0212219101491,-9.93075780074054));
#2203=CARTESIAN_POINT('Ctrl Pts',(42.4267225088633,-13.5526791505251,-3.92042432811618));
#2204=CARTESIAN_POINT('Ctrl Pts',(42.1486038763539,-13.7753518251378,3.04705122424211));
#2205=CARTESIAN_POINT('Ctrl Pts',(41.8704852438445,-10.6348760771715,9.2706121638608));
#2206=CARTESIAN_POINT('Ctrl Pts',(41.5923666113353,-4.89797541335895,13.230822949448));
#2207=CARTESIAN_POINT('Ctrl Pts',(41.3142479788259,2.0347290668915,13.9608279372627));
#2208=CARTESIAN_POINT('Ctrl Pts',(41.0361293463165,8.47066976654613,11.2824019063155));
#2209=CARTESIAN_POINT('Ctrl Pts',(40.7580107138072,12.8385602250737,5.84946240407298));
#2210=CARTESIAN_POINT('Ctrl Pts',(40.4798920812978,14.0720128763287,-1.0115792988929));
#2211=CARTESIAN_POINT('Ctrl Pts',(40.2017734487884,11.869889543148,-7.62565153301503));
#2212=CARTESIAN_POINT('Ctrl Pts',(39.9236548162792,6.7698220557987,-12.3779783649161));
#2213=CARTESIAN_POINT('Ctrl Pts',(39.6455361837697,0.0169534888733414,-14.1083149826166));
#2214=CARTESIAN_POINT('Ctrl Pts',(39.3674175512605,-6.74005414470426,-12.3942127299787));
#2215=CARTESIAN_POINT('Ctrl Pts',(39.089298918751,-11.8515283100533,-7.65415676515146));
#2216=CARTESIAN_POINT('Ctrl Pts',(38.8111802862417,-14.0695410780376,-1.04539606031554));
#2217=CARTESIAN_POINT('Ctrl Pts',(38.5330616537324,-12.8525813325268,5.81859022103227));
#2218=CARTESIAN_POINT('Ctrl Pts',(38.254943021223,-8.49776063193469,11.2620115126851));
#2219=CARTESIAN_POINT('Ctrl Pts',(37.9768243887137,-2.06827565941971,13.955897494112));
#2220=CARTESIAN_POINT('Ctrl Pts',(37.6987057562042,4.86616324165849,13.2425561873469));
#2221=CARTESIAN_POINT('Ctrl Pts',(37.420587123695,10.6125650284794,9.29614450112545));
#2222=CARTESIAN_POINT('Ctrl Pts',(37.1424684911856,13.7679889739969,3.0801491329821));
#2223=CARTESIAN_POINT('Ctrl Pts',(36.8643498586762,13.5620620815965,-3.88784145309869));
#2224=CARTESIAN_POINT('Ctrl Pts',(36.5862312261669,10.0450598514713,-9.90664482304018));
#2225=CARTESIAN_POINT('Ctrl Pts',(36.3081125936575,4.07563189581359,-13.5068154544044));
#2226=CARTESIAN_POINT('Ctrl Pts',(36.0299939611482,-2.88883089854943,-13.8093987960771));
#2227=CARTESIAN_POINT('Ctrl Pts',(35.7518753286388,-9.14800738132535,-10.7405214035784));
#2228=CARTESIAN_POINT('Ctrl Pts',(35.4737566961295,-13.173766744537,-5.04942658428068));
#2229=CARTESIAN_POINT('Ctrl Pts',(35.1956380636201,-13.9832501527841,1.87444771444083));
#2230=CARTESIAN_POINT('Ctrl Pts',(34.9175194311108,-11.3788283271843,8.34068971788177));
#2231=CARTESIAN_POINT('Ctrl Pts',(34.6394007986014,-5.99635124570483,12.7706151303547));
#2232=CARTESIAN_POINT('Ctrl Pts',(34.3612821660921,0.850089841140053,14.0826910188181));
#2233=CARTESIAN_POINT('Ctrl Pts',(34.0831635335827,7.48898789426964,11.9565839347613));
#2234=CARTESIAN_POINT('Ctrl Pts',(33.8050449010733,12.2995059435291,6.91136691361417));
#2235=CARTESIAN_POINT('Ctrl Pts',(33.5269262685641,14.1071922293888,0.178791701658527));
#2236=CARTESIAN_POINT('Ctrl Pts',(33.2488076360546,12.4707137566564,-6.59743415799282));
#2237=CARTESIAN_POINT('Ctrl Pts',(32.9706890035453,7.78960442210821,-11.7629461452725));
#2238=CARTESIAN_POINT('Ctrl Pts',(32.692570371036,1.20672182199787,-14.0566234037134));
#2239=CARTESIAN_POINT('Ctrl Pts',(32.4144517385266,-5.67077282458977,-12.9184819015782));
#2240=CARTESIAN_POINT('Ctrl Pts',(32.1363331060173,-11.1637909857897,-8.62639031664523));
#2241=CARTESIAN_POINT('Ctrl Pts',(31.8582144735079,-13.9312536388252,-2.228230490822));
#2242=CARTESIAN_POINT('Ctrl Pts',(31.5800958409986,-13.2975056153739,4.71393503122488));
#2243=CARTESIAN_POINT('Ctrl Pts',(31.3019772084892,-9.41727172337106,10.5052288103451));
#2244=CARTESIAN_POINT('Ctrl Pts',(31.0238585759799,-3.23788185019785,13.7317500776));
#2245=CARTESIAN_POINT('Ctrl Pts',(30.7457399434705,3.73201249612658,13.6057679606211));
#2246=CARTESIAN_POINT('Ctrl Pts',(30.4676213109612,9.79076409279697,10.1580400446497));
#2247=CARTESIAN_POINT('Ctrl Pts',(30.1895026784518,13.4591743586212,4.23030313969854));
#2248=CARTESIAN_POINT('Ctrl Pts',(29.9113840459425,13.841628549562,-2.7302304235103));
#2249=CARTESIAN_POINT('Ctrl Pts',(29.633265413433,10.8447533547013,-9.02419878688433));
#2250=CARTESIAN_POINT('Ctrl Pts',(29.3551467809238,5.20021328701972,-13.114976966774));
#2251=CARTESIAN_POINT('Ctrl Pts',(29.0770281484144,-1.71391969816701,-14.0038322732652));
#2252=CARTESIAN_POINT('Ctrl Pts',(28.7989095159051,-8.20961209450383,-11.473757376173));
#2253=CARTESIAN_POINT('Ctrl Pts',(28.5207908833956,-12.7009895146333,-6.14245101068664));
#2254=CARTESIAN_POINT('Ctrl Pts',(28.2426722508863,-14.0915159805652,0.688488517684787));
#2255=CARTESIAN_POINT('Ctrl Pts',(27.9645536183769,-12.0417049260166,7.35133875863829));
#2256=CARTESIAN_POINT('Ctrl Pts',(27.6864349858676,-7.05200228530587,12.2194149957169));
#2257=CARTESIAN_POINT('Ctrl Pts',(27.4083163533583,-0.340606386743122,14.1042130712358));
#2258=CARTESIAN_POINT('Ctrl Pts',(27.1301977208489,6.45394599644797,12.5455737271933));
#2259=CARTESIAN_POINT('Ctrl Pts',(26.8520790883396,11.6728160614726,7.92402702320837));
#2260=CARTESIAN_POINT('Ctrl Pts',(26.5739604558302,14.0418559789575,1.36788878777684));
#2261=CARTESIAN_POINT('Ctrl Pts',(26.2958418233209,12.9826824914248,-5.5222091952733));
#2262=CARTESIAN_POINT('Ctrl Pts',(26.0177231908115,8.75388483050039,-11.0641013843802));
#2263=CARTESIAN_POINT('Ctrl Pts',(25.7396045583022,2.38789210313504,-13.904776530865));
#2264=CARTESIAN_POINT('Ctrl Pts',(25.4614859257928,-4.56108650088157,-13.3507051874043));
#2265=CARTESIAN_POINT('Ctrl Pts',(25.1833672932834,-10.3965101797373,-9.53715970046258));
#2266=CARTESIAN_POINT('Ctrl Pts',(24.9052486607741,-13.6937041817621,-3.39518848547498));
#2267=CARTESIAN_POINT('Ctrl Pts',(24.6271300282648,-13.6476834185441,3.57569243318066));
#2268=CARTESIAN_POINT('Ctrl Pts',(24.3490113957554,-10.2696835128965,9.67359496849298));
#2269=CARTESIAN_POINT('Ctrl Pts',(24.070892763246,-4.38441770614846,13.4097621323989));
#2270=CARTESIAN_POINT('Ctrl Pts',(23.7927741307367,2.57127066980493,13.8720368443898));
#2271=CARTESIAN_POINT('Ctrl Pts',(23.5146554982273,8.89920267285797,10.9475582143652));
#2272=CARTESIAN_POINT('Ctrl Pts',(23.236536865718,13.0544613524695,5.35031567913188));
#2273=CARTESIAN_POINT('Ctrl Pts',(22.9584182332086,14.0225715902491,-1.55316614240108));
#2274=CARTESIAN_POINT('Ctrl Pts',(22.6802996006993,11.5671765612988,-8.07745414528376));
#2275=CARTESIAN_POINT('Ctrl Pts',(22.4021809681899,6.28774247334888,-12.6296925401392));
#2276=CARTESIAN_POINT('Ctrl Pts',(22.1240623356806,-0.526796594112679,-14.0984866002688));
#2277=CARTESIAN_POINT('Ctrl Pts',(21.8459437031712,-7.21272223972659,-12.125241315604));
#2278=CARTESIAN_POINT('Ctrl Pts',(21.5678250706619,-12.1377160609299,-7.19170966427187));
#2279=CARTESIAN_POINT('Ctrl Pts',(21.2897064381525,-14.0993779000775,-0.502376250478837));
#2280=CARTESIAN_POINT('Ctrl Pts',(21.0115878056432,-12.6187827907857,6.30960854207697));
#2281=CARTESIAN_POINT('Ctrl Pts',(20.7334691731338,-8.05740687895145,11.5811499191267));
#2282=CARTESIAN_POINT('Ctrl Pts',(20.4553505406245,-1.52887575013904,14.0252407470504));
#2283=CARTESIAN_POINT('Ctrl Pts',(20.1772319081151,5.37291888476576,13.0451746537433));
#2284=CARTESIAN_POINT('Ctrl Pts',(19.8991132756058,10.9629558233696,8.88022739611633));
#2285=CARTESIAN_POINT('Ctrl Pts',(19.6209946430964,13.8764696613968,2.54723948608724));
#2286=CARTESIAN_POINT('Ctrl Pts',(19.3428760105871,13.4021478889654,-4.40763776448775));
#2287=CARTESIAN_POINT('Ctrl Pts',(19.0647573780777,9.65579268330306,-10.2864234430608));
#2288=CARTESIAN_POINT('Ctrl Pts',(18.7866387455684,3.55204828436531,-13.6538562934135));
#2289=CARTESIAN_POINT('Ctrl Pts',(18.508520113059,-3.41890172792381,-13.6878029388713));
#2290=CARTESIAN_POINT('Ctrl Pts',(18.2304014805496,-9.55515308038099,-10.3799755661634));
#2291=CARTESIAN_POINT('Ctrl Pts',(17.9522828480403,-13.3585848591525,-4.5379553119693));
#2292=CARTESIAN_POINT('Ctrl Pts',(17.674164215531,-13.9006205080937,2.41197254979749));
#2293=CARTESIAN_POINT('Ctrl Pts',(17.3960455830216,-11.0489208133403,8.77303549890827));
#2294=CARTESIAN_POINT('Ctrl Pts',(17.1179269505122,-5.49971725580186,12.992227843126));
#2295=CARTESIAN_POINT('Ctrl Pts',(16.8398083180029,1.39221462877687,14.0394656811544));
#2296=CARTESIAN_POINT('Ctrl Pts',(16.5616896854935,7.94422053965869,11.6590735034108));
#2297=CARTESIAN_POINT('Ctrl Pts',(16.2835710529842,12.5567587678941,6.43220668437364));
#2298=CARTESIAN_POINT('Ctrl Pts',(16.0054524204748,14.103552124001,-0.36503568509825));
#2299=CARTESIAN_POINT('Ctrl Pts',(15.7273337879655,12.2072807782029,-7.07315590234836));
#2300=CARTESIAN_POINT('Ctrl Pts',(15.4492151554561,7.33027501676414,-12.0544213333728));
#2301=CARTESIAN_POINT('Ctrl Pts',(15.1710965229468,0.664471637603806,-14.0926832285895));
#2302=CARTESIAN_POINT('Ctrl Pts',(14.8929778904374,-6.16526742146934,-12.6903538969481));
#2303=CARTESIAN_POINT('Ctrl Pts',(14.7075654687645,-9.71215005413353,-9.68974380141086));
#2304=CARTESIAN_POINT('Ctrl Pts',(14.6148592579281,-11.0195586778369,-7.85580492710028));
#2305=CARTESIAN_POINT('Ctrl Pts',(50.3851407420719,12.7984911393849,-6.1516955318187));
#2306=CARTESIAN_POINT('Ctrl Pts',(50.2924345312355,11.7746902859609,-8.28169466510926));
#2307=CARTESIAN_POINT('Ctrl Pts',(50.1070221095626,8.64405504559051,-12.0184685802308));
#2308=CARTESIAN_POINT('Ctrl Pts',(49.8289034770532,1.83330752485675,-14.6898213143603));
#2309=CARTESIAN_POINT('Ctrl Pts',(49.5507848445439,-5.42325466374251,-13.7744913116699));
#2310=CARTESIAN_POINT('Ctrl Pts',(49.2726662120345,-11.3566335062283,-9.49636451310296));
#2311=CARTESIAN_POINT('Ctrl Pts',(48.9945475795252,-14.5169423168262,-2.89970000709015));
#2312=CARTESIAN_POINT('Ctrl Pts',(48.7164289470158,-14.1332677531933,4.40486811048881));
#2313=CARTESIAN_POINT('Ctrl Pts',(48.4383103145064,-10.2989517666816,10.634039195005));
#2314=CARTESIAN_POINT('Ctrl Pts',(48.1601916819972,-3.95028009505573,14.2669804113995));
#2315=CARTESIAN_POINT('Ctrl Pts',(47.8820730494877,3.36285093009758,14.4167504718332));
#2316=CARTESIAN_POINT('Ctrl Pts',(47.6039544169785,9.8549529674734,11.0467770930329));
#2317=CARTESIAN_POINT('Ctrl Pts',(47.3258357844691,13.9410496458467,4.97981746265709));
#2318=CARTESIAN_POINT('Ctrl Pts',(47.0477171519597,14.6235403874099,-2.30292770840349));
#2319=CARTESIAN_POINT('Ctrl Pts',(46.7695985194504,11.735805694197,-9.02343011476676));
#2320=CARTESIAN_POINT('Ctrl Pts',(46.491479886941,5.98286147995277,-13.5409301573867));
#2321=CARTESIAN_POINT('Ctrl Pts',(46.2133612544316,-1.23075284556295,-14.7525139845327));
#2322=CARTESIAN_POINT('Ctrl Pts',(45.9352426219223,-8.14388836829269,-12.3623826450788));
#2323=CARTESIAN_POINT('Ctrl Pts',(45.657123989413,-13.0687547478645,-6.95406864909709));
#2324=CARTESIAN_POINT('Ctrl Pts',(45.3790053569036,-14.80298312128,0.152028834825082));
#2325=CARTESIAN_POINT('Ctrl Pts',(45.1008867243942,-12.9231745984208,7.22100962854842));
#2326=CARTESIAN_POINT('Ctrl Pts',(44.8227680918848,-7.88827032161922,12.5270352915913));
#2327=CARTESIAN_POINT('Ctrl Pts',(44.5446494593756,-0.927504235015058,14.7746796154498));
#2328=CARTESIAN_POINT('Ctrl Pts',(44.2665308268661,6.25970502270945,13.4151971607951));
#2329=CARTESIAN_POINT('Ctrl Pts',(43.9884121943569,11.9186544354052,8.78049533329812));
#2330=CARTESIAN_POINT('Ctrl Pts',(43.7102935618474,14.66775411167,2.00210168530645));
#2331=CARTESIAN_POINT('Ctrl Pts',(43.4321749293382,13.8358320672067,-5.26509001366045));
#2332=CARTESIAN_POINT('Ctrl Pts',(43.1540562968287,9.62599580420556,-11.2468496308638));
#2333=CARTESIAN_POINT('Ctrl Pts',(42.8759376643195,3.06604514747699,-14.4827755971006));
#2334=CARTESIAN_POINT('Ctrl Pts',(42.5978190318101,-4.2424573453937,-14.1828409535938));
#2335=CARTESIAN_POINT('Ctrl Pts',(42.3197003993007,-10.5151958221717,-10.4202724850939));
#2336=CARTESIAN_POINT('Ctrl Pts',(42.0415817667914,-14.2207284162132,-4.11367295183814));
#2337=CARTESIAN_POINT('Ctrl Pts',(41.763463134282,-14.4543772465448,3.19724885751152));
#2338=CARTESIAN_POINT('Ctrl Pts',(41.4853445017727,-11.1590987105807,9.72758643291565));
#2339=CARTESIAN_POINT('Ctrl Pts',(41.2072258692633,-5.13941025011052,13.8830070274194));
#2340=CARTESIAN_POINT('Ctrl Pts',(40.929107236754,2.13502652423654,14.648995992324));
#2341=CARTESIAN_POINT('Ctrl Pts',(40.6509886042445,8.88821264899591,11.8385428895853));
#2342=CARTESIAN_POINT('Ctrl Pts',(40.3728699717353,13.4714085818889,6.1377986821114));
#2343=CARTESIAN_POINT('Ctrl Pts',(40.0947513392259,14.7656615464089,-1.06144285725684));
#2344=CARTESIAN_POINT('Ctrl Pts',(39.8166327067165,12.4549894267229,-8.00154111546903));
#2345=CARTESIAN_POINT('Ctrl Pts',(39.5385140742072,7.10352542197342,-12.9881233602741));
#2346=CARTESIAN_POINT('Ctrl Pts',(39.2603954416979,0.0177891735130556,-14.8037530845264));
#2347=CARTESIAN_POINT('Ctrl Pts',(38.9822768091885,-7.07229016771178,-13.0051579623627));
#2348=CARTESIAN_POINT('Ctrl Pts',(38.7041581766791,-12.4357231173587,-8.03145144981339));
#2349=CARTESIAN_POINT('Ctrl Pts',(38.4260395441698,-14.7630679063022,-1.09692654094531));
#2350=CARTESIAN_POINT('Ctrl Pts',(38.1479209116605,-13.4861208287422,6.10540472326668));
#2351=CARTESIAN_POINT('Ctrl Pts',(37.869802279151,-8.9166388985199,11.8171473967164));
#2352=CARTESIAN_POINT('Ctrl Pts',(37.5916836466418,-2.17022672165399,14.6438225139114));
#2353=CARTESIAN_POINT('Ctrl Pts',(37.3135650141324,5.10602996794944,13.8953186292622));
#2354=CARTESIAN_POINT('Ctrl Pts',(37.035446381623,11.1356878882181,9.75437733012792));
#2355=CARTESIAN_POINT('Ctrl Pts',(36.7573277491137,14.4466514599839,3.23197825426837));
#2356=CARTESIAN_POINT('Ctrl Pts',(36.4792091166043,14.2305738580651,-4.07948397624906));
#2357=CARTESIAN_POINT('Ctrl Pts',(36.201090484095,10.5402088019509,-10.3949709116282));
#2358=CARTESIAN_POINT('Ctrl Pts',(35.9229718515856,4.27653113241276,-14.1726039708949));
#2359=CARTESIAN_POINT('Ctrl Pts',(35.6448532190763,-3.03122941171707,-14.4901024874174));
#2360=CARTESIAN_POINT('Ctrl Pts',(35.3667345865669,-9.59893811950094,-11.2699515890846));
#2361=CARTESIAN_POINT('Ctrl Pts',(35.0886159540576,-13.8231383634094,-5.29832687066019));
#2362=CARTESIAN_POINT('Ctrl Pts',(34.8104973215482,-14.6725234612383,1.96684445794037));
#2363=CARTESIAN_POINT('Ctrl Pts',(34.5323786890389,-11.9397224370454,8.7518255220631));
#2364=CARTESIAN_POINT('Ctrl Pts',(34.2542600565295,-6.29192808346582,13.4001142843938));
#2365=CARTESIAN_POINT('Ctrl Pts',(33.9761414240201,0.89199313478662,14.7768660442535));
#2366=CARTESIAN_POINT('Ctrl Pts',(33.6980227915108,7.85814094570299,12.5459572261261));
#2367=CARTESIAN_POINT('Ctrl Pts',(33.4199041590015,12.9057828148873,7.25204741967946));
#2368=CARTESIAN_POINT('Ctrl Pts',(33.1417855264921,14.8025749876679,0.187604842121606));
#2369=CARTESIAN_POINT('Ctrl Pts',(32.8636668939827,13.0854299375097,-6.92264004501491));
#2370=CARTESIAN_POINT('Ctrl Pts',(32.5855482614734,8.17357569866493,-12.3427744911958));
#2371=CARTESIAN_POINT('Ctrl Pts',(32.307429628964,1.26620449831023,-14.7495134838671));
#2372=CARTESIAN_POINT('Ctrl Pts',(32.0293109964547,-5.95030099605128,-13.5552698202105));
#2373=CARTESIAN_POINT('Ctrl Pts',(31.7511923639454,-11.7140853067515,-9.05160909830222));
#2374=CARTESIAN_POINT('Ctrl Pts',(31.473073731436,-14.617963894426,-2.33806617177076));
#2375=CARTESIAN_POINT('Ctrl Pts',(31.1949550989266,-13.9529766674935,4.94629800544823));
#2376=CARTESIAN_POINT('Ctrl Pts',(30.9168364664173,-9.88147525019476,11.0230607692286));
#2377=CARTESIAN_POINT('Ctrl Pts',(30.6387178339079,-3.39748605600731,14.4086262475489));
#2378=CARTESIAN_POINT('Ctrl Pts',(30.3605992013986,3.91597377639339,14.2764341214786));
#2379=CARTESIAN_POINT('Ctrl Pts',(30.0824805688893,10.2733780977529,10.6587581032187));
#2380=CARTESIAN_POINT('Ctrl Pts',(29.8043619363798,14.1226145129391,4.43882655228184));
#2381=CARTESIAN_POINT('Ctrl Pts',(29.5262433038706,14.5239209351309,-2.86481107795708));
#2382=CARTESIAN_POINT('Ctrl Pts',(29.2481246713611,11.3793214231039,-9.46902665494226));
#2383=CARTESIAN_POINT('Ctrl Pts',(28.9700060388519,5.45654626954154,-13.7614506739178));
#2384=CARTESIAN_POINT('Ctrl Pts',(28.6918874063424,-1.79840356907485,-14.6941201317077));
#2385=CARTESIAN_POINT('Ctrl Pts',(28.4137687738331,-8.61428671790512,-12.0393308029991));
#2386=CARTESIAN_POINT('Ctrl Pts',(28.1356501413237,-13.3270566283401,-6.4452295123865));
#2387=CARTESIAN_POINT('Ctrl Pts',(27.8575315088144,-14.7861260129207,0.722426032442208));
#2388=CARTESIAN_POINT('Ctrl Pts',(27.579412876305,-12.6352740678897,7.71370670116737));
#2389=CARTESIAN_POINT('Ctrl Pts',(27.3012942437957,-7.39961510016007,12.8217439614041));
#2390=CARTESIAN_POINT('Ctrl Pts',(27.0231756112864,-0.357395823283722,14.7994489785201));
#2391=CARTESIAN_POINT('Ctrl Pts',(26.745056978777,6.77207895273139,13.1639799642924));
#2392=CARTESIAN_POINT('Ctrl Pts',(26.4669383462677,12.2482016447782,8.31462436380448));
#2393=CARTESIAN_POINT('Ctrl Pts',(26.1888197137583,14.7340181316546,1.43531583227988));
#2394=CARTESIAN_POINT('Ctrl Pts',(25.910701081249,13.622635035769,-5.79441425206719));
#2395=CARTESIAN_POINT('Ctrl Pts',(25.6325824487396,9.18538817149905,-11.6094817275021));
#2396=CARTESIAN_POINT('Ctrl Pts',(25.3544638162302,2.50559794921349,-14.5901816561418));
#2397=CARTESIAN_POINT('Ctrl Pts',(25.0763451837209,-4.78591514574293,-14.0087985944573));
#2398=CARTESIAN_POINT('Ctrl Pts',(24.7982265512115,-10.9089830948084,-10.0072728392657));
#2399=CARTESIAN_POINT('Ctrl Pts',(24.5201079187022,-14.3687049636423,-3.5625467730433));
#2400=CARTESIAN_POINT('Ctrl Pts',(24.2419892861928,-14.3204157089525,3.75194826258395));
#2401=CARTESIAN_POINT('Ctrl Pts',(23.9638706536835,-10.7759047886635,10.1504333812887));
#2402=CARTESIAN_POINT('Ctrl Pts',(23.6857520211741,-4.6005378545362,14.0707666205967));
#2403=CARTESIAN_POINT('Ctrl Pts',(23.4076333886648,2.69801575568572,14.555828139422));
#2404=CARTESIAN_POINT('Ctrl Pts',(23.1295147561554,9.3378691346536,11.4871938203555));
#2405=CARTESIAN_POINT('Ctrl Pts',(22.8513961236461,13.6979520765993,5.61404762622113));
#2406=CARTESIAN_POINT('Ctrl Pts',(22.5732774911367,14.713783161768,-1.62972602324811));
#2407=CARTESIAN_POINT('Ctrl Pts',(22.2951588586274,12.1373548796987,-8.4756143356382));
#2408=CARTESIAN_POINT('Ctrl Pts',(22.017040226118,6.59768279551716,-13.2522452275892));
#2409=CARTESIAN_POINT('Ctrl Pts',(21.7389215936087,-0.552763864049106,-14.7934402338652));
#2410=CARTESIAN_POINT('Ctrl Pts',(21.4608029610993,-7.56825738833775,-12.7229281985601));
#2411=CARTESIAN_POINT('Ctrl Pts',(21.18268432859,-12.736017858794,-7.54620904457139));
#2412=CARTESIAN_POINT('Ctrl Pts',(20.9045656960806,-14.7943754683215,-0.527139773727961));
#2413=CARTESIAN_POINT('Ctrl Pts',(20.6264470635713,-13.2407977063337,6.62062670361518));
#2414=CARTESIAN_POINT('Ctrl Pts',(20.3483284310619,-8.45457888376689,12.1520170232148));
#2415=CARTESIAN_POINT('Ctrl Pts',(20.0702097985525,-1.60423828996347,14.716583888735));
#2416=CARTESIAN_POINT('Ctrl Pts',(19.7920911660432,5.63776500675412,13.6882076106527));
#2417=CARTESIAN_POINT('Ctrl Pts',(19.5139725335338,11.5033504203515,9.31795851372267));
#2418=CARTESIAN_POINT('Ctrl Pts',(19.2358539010245,14.5604794623136,2.67280000805583));
#2419=CARTESIAN_POINT('Ctrl Pts',(18.9577352685151,14.0627770499177,-4.62490249416084));
#2420=CARTESIAN_POINT('Ctrl Pts',(18.6796166360058,10.1317535719269,-10.7934698765645));
#2421=CARTESIAN_POINT('Ctrl Pts',(18.4014980034964,3.72713862788366,-14.3268928620002));
#2422=CARTESIAN_POINT('Ctrl Pts',(18.1233793709871,-3.58742890719452,-14.3625128320692));
#2423=CARTESIAN_POINT('Ctrl Pts',(17.8452607384777,-10.0261531629468,-10.8916334441238));
#2424=CARTESIAN_POINT('Ctrl Pts',(17.5671421059684,-14.0170666771511,-4.76164375616666));
#2425=CARTESIAN_POINT('Ctrl Pts',(17.289023473459,-14.5858207714439,2.53086538809575));
#2426=CARTESIAN_POINT('Ctrl Pts',(17.0109048409497,-11.5935528638757,9.20548282963949));
#2427=CARTESIAN_POINT('Ctrl Pts',(16.7327862084403,-5.7708136223154,13.6326509044154));
#2428=CARTESIAN_POINT('Ctrl Pts',(16.454667575931,1.46084076166944,14.7315100094218));
#2429=CARTESIAN_POINT('Ctrl Pts',(16.1765489434216,8.33581327486909,12.2337816777909));
#2430=CARTESIAN_POINT('Ctrl Pts',(15.8984303109123,13.1757163467717,6.74926804947532));
#2431=CARTESIAN_POINT('Ctrl Pts',(15.6203116784029,14.7987554513569,-0.383029309729288));
#2432=CARTESIAN_POINT('Ctrl Pts',(15.3421930458936,12.8090116145454,-7.42181143784651));
#2433=CARTESIAN_POINT('Ctrl Pts',(15.0640744133842,7.6916046688464,-12.6486173023479));
#2434=CARTESIAN_POINT('Ctrl Pts',(14.7859557808749,0.69722529351508,-14.7873507978479));
#2435=CARTESIAN_POINT('Ctrl Pts',(14.5078371483655,-6.46917060754332,-13.3158967514656));
#2436=CARTESIAN_POINT('Ctrl Pts',(14.3224247266926,-10.1908889543801,-10.1673782351153));
#2437=CARTESIAN_POINT('Ctrl Pts',(14.2297185158562,-11.5627433870131,-8.2430394107511));
#2438=CARTESIAN_POINT('Ctrl Pts',(50.,13.3997277538071,-6.44068464422468));
#2439=CARTESIAN_POINT('Ctrl Pts',(49.9072937891636,12.3278316560101,-8.670745062371));
#2440=CARTESIAN_POINT('Ctrl Pts',(49.7218813674907,9.05012810013187,-12.583061959327));
#2441=CARTESIAN_POINT('Ctrl Pts',(49.4437627349813,1.91943108406664,-15.3799072266233));
#2442=CARTESIAN_POINT('Ctrl Pts',(49.165644102472,-5.67802370156632,-14.4215776307854));
#2443=CARTESIAN_POINT('Ctrl Pts',(48.8875254699625,-11.8901357609986,-9.94247663577401));
#2444=CARTESIAN_POINT('Ctrl Pts',(48.6094068374533,-15.1989068668091,-3.03591964392987));
#2445=CARTESIAN_POINT('Ctrl Pts',(48.3312882049438,-14.797208366357,4.61179625232081));
#2446=CARTESIAN_POINT('Ctrl Pts',(48.0531695724346,-10.7827671496718,11.1335960297605));
#2447=CARTESIAN_POINT('Ctrl Pts',(47.7750509399252,-4.13585298833707,14.9372024639179));
#2448=CARTESIAN_POINT('Ctrl Pts',(47.4969323074159,3.52082807646573,15.0940082946699));
#2449=CARTESIAN_POINT('Ctrl Pts',(47.2188136749064,10.3179105530922,11.5657231771735));
#2450=CARTESIAN_POINT('Ctrl Pts',(46.9406950423972,14.5959604005033,5.2137550853879));
#2451=CARTESIAN_POINT('Ctrl Pts',(46.6625764098878,15.3105126107477,-2.41111268455263));
#2452=CARTESIAN_POINT('Ctrl Pts',(46.3844577773784,12.2871203770179,-9.44732512813927));
#2453=CARTESIAN_POINT('Ctrl Pts',(46.1063391448691,6.2639192500906,-14.177044439554));
#2454=CARTESIAN_POINT('Ctrl Pts',(45.8282205123597,-1.28857010433178,-15.4455450196508));
#2455=CARTESIAN_POINT('Ctrl Pts',(45.5501018798504,-8.52646501873211,-12.9431321261521));
#2456=CARTESIAN_POINT('Ctrl Pts',(45.271983247341,-13.6826875758634,-7.28075096230953));
#2457=CARTESIAN_POINT('Ctrl Pts',(44.9938646148317,-15.4983850525123,0.159170715922541));
#2458=CARTESIAN_POINT('Ctrl Pts',(44.7157459823223,-13.5302684861707,7.56023206770127));
#2459=CARTESIAN_POINT('Ctrl Pts',(44.437627349813,-8.25883876520887,13.115519684434));
#2460=CARTESIAN_POINT('Ctrl Pts',(44.1595087173036,-0.97107573887829,15.4687519286954));
#2461=CARTESIAN_POINT('Ctrl Pts',(43.8813900847942,6.55376811297122,14.0454048653536));
#2462=CARTESIAN_POINT('Ctrl Pts',(43.603271452285,12.4785588306319,9.1929779634495));
#2463=CARTESIAN_POINT('Ctrl Pts',(43.3251528197755,15.3568033696829,2.09615471279959));
#2464=CARTESIAN_POINT('Ctrl Pts',(43.0470341872663,14.485800000083,-5.5124289272844));
#2465=CARTESIAN_POINT('Ctrl Pts',(42.7689155547568,10.0781976352443,-11.7751945522559));
#2466=CARTESIAN_POINT('Ctrl Pts',(42.4907969222475,3.21007920462161,-15.163135092029));
#2467=CARTESIAN_POINT('Ctrl Pts',(42.2126782897381,-4.44175589265179,-14.8491103743372));
#2468=CARTESIAN_POINT('Ctrl Pts',(41.9345596572288,-11.0091697341944,-10.9097871694473));
#2469=CARTESIAN_POINT('Ctrl Pts',(41.6564410247194,-14.8887776819013,-4.3069215755601));
#2470=CARTESIAN_POINT('Ctrl Pts',(41.3783223922101,-15.1334026679518,3.34744649078093));
#2471=CARTESIAN_POINT('Ctrl Pts',(41.1002037597008,-11.68332134399,10.1845607019705));
#2472=CARTESIAN_POINT('Ctrl Pts',(40.8220851271914,-5.38084508686207,14.5351911053909));
#2473=CARTESIAN_POINT('Ctrl Pts',(40.5439664946821,2.23532398158156,15.3371640473853));
#2474=CARTESIAN_POINT('Ctrl Pts',(40.2658478621727,9.30575553144571,12.394683872855));
#2475=CARTESIAN_POINT('Ctrl Pts',(39.9877292296633,14.1042569387041,6.42613496014986));
#2476=CARTESIAN_POINT('Ctrl Pts',(39.709610597154,15.4593102164891,-1.11130641562081));
#2477=CARTESIAN_POINT('Ctrl Pts',(39.4314919646446,13.0400893102977,-8.37743069792302));
#2478=CARTESIAN_POINT('Ctrl Pts',(39.1533733321353,7.43722878814812,-13.598268355632));
#2479=CARTESIAN_POINT('Ctrl Pts',(38.8752546996259,0.0186248581527735,-15.4991911864362));
#2480=CARTESIAN_POINT('Ctrl Pts',(38.5971360671166,-7.4045261907193,-13.6161031947468));
#2481=CARTESIAN_POINT('Ctrl Pts',(38.3190174346072,-13.0199179246641,-8.40874613447532));
#2482=CARTESIAN_POINT('Ctrl Pts',(38.0408988020979,-15.4565947345668,-1.14845702157506));
#2483=CARTESIAN_POINT('Ctrl Pts',(37.7627801695886,-14.1196603249575,6.39221922550106));
#2484=CARTESIAN_POINT('Ctrl Pts',(37.4846615370791,-9.33551716510513,12.3722832807478));
#2485=CARTESIAN_POINT('Ctrl Pts',(37.2065429045698,-2.27217778388827,15.3317475337108));
#2486=CARTESIAN_POINT('Ctrl Pts',(36.9284242720605,5.34589669424039,14.5480810711775));
#2487=CARTESIAN_POINT('Ctrl Pts',(36.6503056395511,11.6588107479567,10.2126101591304));
#2488=CARTESIAN_POINT('Ctrl Pts',(36.3721870070418,15.125313945971,3.38380737555465));
#2489=CARTESIAN_POINT('Ctrl Pts',(36.0940683745323,14.8990856345338,-4.27112649939943));
#2490=CARTESIAN_POINT('Ctrl Pts',(35.8159497420231,11.0353577524305,-10.8832970002163));
#2491=CARTESIAN_POINT('Ctrl Pts',(35.5378311095137,4.47743036901191,-14.8383924873853));
#2492=CARTESIAN_POINT('Ctrl Pts',(35.2597124770044,-3.17362792488469,-15.1708061787578));
#2493=CARTESIAN_POINT('Ctrl Pts',(34.981593844495,-10.0498688576766,-11.7993817745908));
#2494=CARTESIAN_POINT('Ctrl Pts',(34.7034752119857,-14.4725099822817,-5.54722715703969));
#2495=CARTESIAN_POINT('Ctrl Pts',(34.4253565794763,-15.3617967696925,2.0592412014399));
#2496=CARTESIAN_POINT('Ctrl Pts',(34.147237946967,-12.5006165469065,9.16296132624445));
#2497=CARTESIAN_POINT('Ctrl Pts',(33.8691193144576,-6.58750492122682,14.0296134384329));
#2498=CARTESIAN_POINT('Ctrl Pts',(33.5910006819482,0.933896428433184,15.471041069689));
#2499=CARTESIAN_POINT('Ctrl Pts',(33.3128820494389,8.22729399713636,13.1353305174909));
#2500=CARTESIAN_POINT('Ctrl Pts',(33.0347634169295,13.5120596862454,7.59272792574475));
#2501=CARTESIAN_POINT('Ctrl Pts',(32.7566447844202,15.4979577459471,0.19641798258469));
#2502=CARTESIAN_POINT('Ctrl Pts',(32.4785261519108,13.700146118363,-7.24784593203702));
#2503=CARTESIAN_POINT('Ctrl Pts',(32.2004075194015,8.55754697522165,-12.9226028371191));
#2504=CARTESIAN_POINT('Ctrl Pts',(31.9222888868921,1.32568717462258,-15.4424035640209));
#2505=CARTESIAN_POINT('Ctrl Pts',(31.6441702543828,-6.2298291675128,-14.1920577388428));
#2506=CARTESIAN_POINT('Ctrl Pts',(31.3660516218734,-12.2643796277134,-9.47682787995921));
#2507=CARTESIAN_POINT('Ctrl Pts',(31.0879329893641,-15.3046741500267,-2.44790185271951));
#2508=CARTESIAN_POINT('Ctrl Pts',(30.8098143568547,-14.6084477196131,5.17866097967159));
#2509=CARTESIAN_POINT('Ctrl Pts',(30.5316957243453,-10.3456787770185,11.5408927281122));
#2510=CARTESIAN_POINT('Ctrl Pts',(30.253577091836,-3.55709026181677,15.0855024174978));
#2511=CARTESIAN_POINT('Ctrl Pts',(29.9754584593266,4.09993505666019,14.9471002823361));
#2512=CARTESIAN_POINT('Ctrl Pts',(29.6973398268173,10.7559921027089,11.1594761617877));
#2513=CARTESIAN_POINT('Ctrl Pts',(29.419221194308,14.786054667257,4.64734996486515));
#2514=CARTESIAN_POINT('Ctrl Pts',(29.1411025617986,15.2062133206999,-2.99939173240386));
#2515=CARTESIAN_POINT('Ctrl Pts',(28.8629839292893,11.9138894915066,-9.91385452300021));
#2516=CARTESIAN_POINT('Ctrl Pts',(28.5848652967799,5.71287925206337,-14.4079243810615));
#2517=CARTESIAN_POINT('Ctrl Pts',(28.3067466642706,-1.88288743998269,-15.3844079901502));
#2518=CARTESIAN_POINT('Ctrl Pts',(28.0286280317612,-9.01896134130641,-12.6049042298251));
#2519=CARTESIAN_POINT('Ctrl Pts',(27.7505093992519,-13.9531237420468,-6.74800801408635));
#2520=CARTESIAN_POINT('Ctrl Pts',(27.4723907667425,-15.4807360452761,0.756363547199625));
#2521=CARTESIAN_POINT('Ctrl Pts',(27.1942721342331,-13.2288432097628,8.07607464369645));
#2522=CARTESIAN_POINT('Ctrl Pts',(26.9161535017238,-7.74722791501428,13.4240729270914));
#2523=CARTESIAN_POINT('Ctrl Pts',(26.6380348692144,-0.374185259824321,15.4946848858043));
#2524=CARTESIAN_POINT('Ctrl Pts',(26.3599162367051,7.09021190901482,13.7823862013915));
#2525=CARTESIAN_POINT('Ctrl Pts',(26.0817976041957,12.8235872280839,8.7052217044006));
#2526=CARTESIAN_POINT('Ctrl Pts',(25.8036789716864,15.4261802843517,1.50274287678291));
#2527=CARTESIAN_POINT('Ctrl Pts',(25.525560339177,14.2625875801131,-6.06661930886108));
#2528=CARTESIAN_POINT('Ctrl Pts',(25.2474417066677,9.61689151249772,-12.154862070624));
#2529=CARTESIAN_POINT('Ctrl Pts',(24.9693230741583,2.62330379529194,-15.2755867814186));
#2530=CARTESIAN_POINT('Ctrl Pts',(24.691204441649,-5.01074379060431,-14.6668920015102));
#2531=CARTESIAN_POINT('Ctrl Pts',(24.4130858091396,-11.4214560098794,-10.4773859780688));
#2532=CARTESIAN_POINT('Ctrl Pts',(24.1349671766303,-15.0437057455225,-3.72990506061162));
#2533=CARTESIAN_POINT('Ctrl Pts',(23.8568485441209,-14.9931479993608,3.92820409198724));
#2534=CARTESIAN_POINT('Ctrl Pts',(23.5787299116116,-11.2821260644306,10.6272717940844));
#2535=CARTESIAN_POINT('Ctrl Pts',(23.3006112791022,-4.81665800292393,14.7317711087945));
#2536=CARTESIAN_POINT('Ctrl Pts',(23.0224926465929,2.82476084156651,15.2396194344542));
#2537=CARTESIAN_POINT('Ctrl Pts',(22.7443740140835,9.77653559644923,12.0268294263457));
#2538=CARTESIAN_POINT('Ctrl Pts',(22.4662553815742,14.3414428007292,5.87777957331041));
#2539=CARTESIAN_POINT('Ctrl Pts',(22.1881367490648,15.4049947332868,-1.70628590409514));
#2540=CARTESIAN_POINT('Ctrl Pts',(21.9100181165554,12.7075331980987,-8.87377452599265));
#2541=CARTESIAN_POINT('Ctrl Pts',(21.6318994840461,6.90762311768543,-13.8747979150391));
#2542=CARTESIAN_POINT('Ctrl Pts',(21.3537808515367,-0.578731133985532,-15.4883938674616));
#2543=CARTESIAN_POINT('Ctrl Pts',(21.0756622190274,-7.92379253694891,-13.3206150815161));
#2544=CARTESIAN_POINT('Ctrl Pts',(20.797543586518,-13.3343196566582,-7.90070842487091));
#2545=CARTESIAN_POINT('Ctrl Pts',(20.5194249540087,-15.4893730365655,-0.551903296977094));
#2546=CARTESIAN_POINT('Ctrl Pts',(20.2413063214993,-13.8628126218817,6.9316448651534));
#2547=CARTESIAN_POINT('Ctrl Pts',(19.96318768899,-8.8517508885823,12.722884127303));
#2548=CARTESIAN_POINT('Ctrl Pts',(19.6850690564806,-1.67960082978791,15.4079270304195));
#2549=CARTESIAN_POINT('Ctrl Pts',(19.4069504239713,5.90261112874249,14.3312405675621));
#2550=CARTESIAN_POINT('Ctrl Pts',(19.1288317914619,12.0437450173334,9.75568963132901));
#2551=CARTESIAN_POINT('Ctrl Pts',(18.8507131589526,15.2444892632303,2.79836053002442));
#2552=CARTESIAN_POINT('Ctrl Pts',(18.5725945264433,14.72340621087,-4.84216722383391));
#2553=CARTESIAN_POINT('Ctrl Pts',(18.2944758939339,10.6077144605507,-11.3005163100682));
#2554=CARTESIAN_POINT('Ctrl Pts',(18.0163572614245,3.90222897140201,-14.9999294305869));
#2555=CARTESIAN_POINT('Ctrl Pts',(17.7382386289152,-3.75595608646522,-15.0372227252671));
#2556=CARTESIAN_POINT('Ctrl Pts',(17.4601199964058,-10.4971532455127,-11.4032913220843));
#2557=CARTESIAN_POINT('Ctrl Pts',(17.1820013638965,-14.6755484951497,-4.98533220036402));
#2558=CARTESIAN_POINT('Ctrl Pts',(16.9038827313871,-15.2710210347942,2.64975822639401));
#2559=CARTESIAN_POINT('Ctrl Pts',(16.6257640988778,-12.1381849144111,9.6379301603707));
#2560=CARTESIAN_POINT('Ctrl Pts',(16.3476454663684,-6.04190998882893,14.2730739657049));
#2561=CARTESIAN_POINT('Ctrl Pts',(16.0695268338591,1.529466894562,15.4235543376892));
#2562=CARTESIAN_POINT('Ctrl Pts',(15.7914082013497,8.72740601007949,12.808489852171));
#2563=CARTESIAN_POINT('Ctrl Pts',(15.5132895688404,13.7946739256493,7.066329414577));
#2564=CARTESIAN_POINT('Ctrl Pts',(15.235170936331,15.4939587787129,-0.401022934360332));
#2565=CARTESIAN_POINT('Ctrl Pts',(14.9570523038216,13.410742450888,-7.77046697334465));
#2566=CARTESIAN_POINT('Ctrl Pts',(14.6789336713123,8.05293432092864,-13.242813271323));
#2567=CARTESIAN_POINT('Ctrl Pts',(14.4008150388029,0.729978949426363,-15.4820183671063));
#2568=CARTESIAN_POINT('Ctrl Pts',(14.1226964062936,-6.77307379361731,-13.941439605983));
#2569=CARTESIAN_POINT('Ctrl Pts',(13.9372839846207,-10.6696278546266,-10.6450126688197));
#2570=CARTESIAN_POINT('Ctrl Pts',(13.8445777737843,-12.1059280961893,-8.63027389440192));
#2571=CARTESIAN_POINT('',(15.,13.4001518615879,-6.44124005320718));
#2572=CARTESIAN_POINT('Ctrl Pts',(15.,13.400151861588,-6.4412400532068));
#2573=CARTESIAN_POINT('Ctrl Pts',(15.,13.2378101547631,-6.73017323314058));
#2574=CARTESIAN_POINT('Ctrl Pts',(15.,13.0659401705635,-7.01328413685596));
#2575=CARTESIAN_POINT('Ctrl Pts',(15.,12.8846972100126,-7.29004318425617));
#2576=CARTESIAN_POINT('Ctrl Pts',(15.,12.8568880079173,-7.33250799644784));
#2577=CARTESIAN_POINT('Ctrl Pts',(15.,12.8288580594087,-7.37482321227326));
#2578=CARTESIAN_POINT('Ctrl Pts',(15.,12.8006078374838,-7.4169868541604));
#2579=CARTESIAN_POINT('Ctrl Pts',(15.,12.6155316057808,-7.69321434632273));
#2580=CARTESIAN_POINT('Ctrl Pts',(15.,12.4210043458252,-7.96293930281174));
#2581=CARTESIAN_POINT('Ctrl Pts',(15.,12.2174622701482,-8.22577315932971));
#2582=CARTESIAN_POINT('Ctrl Pts',(15.,12.0142270594419,-8.48821076114974));
#2583=CARTESIAN_POINT('Ctrl Pts',(15.,11.8020037007386,-8.74377839720612));
#2584=CARTESIAN_POINT('Ctrl Pts',(15.,11.5811933237266,-8.99204939313122));
#2585=CARTESIAN_POINT('Ctrl Pts',(15.,11.4347380023281,-9.15671832307092));
#2586=CARTESIAN_POINT('Ctrl Pts',(15.,11.2845044333155,-9.3181765057361));
#2587=CARTESIAN_POINT('Ctrl Pts',(15.,11.1306032036327,-9.47628853023251));
#2588=CARTESIAN_POINT('Ctrl Pts',(15.,11.0941918761231,-9.51369608518845));
#2589=CARTESIAN_POINT('Ctrl Pts',(15.,11.0575723917419,-9.55091908009961));
#2590=CARTESIAN_POINT('Ctrl Pts',(15.,11.0207657718467,-9.5879361776769));
#2591=CARTESIAN_POINT('Ctrl Pts',(15.,10.7889489517452,-9.82107863613162));
#2592=CARTESIAN_POINT('Ctrl Pts',(15.,10.5495698336608,-10.0462049692516));
#2593=CARTESIAN_POINT('Ctrl Pts',(15.,10.3030562638062,-10.2629434641461));
#2594=CARTESIAN_POINT('Ctrl Pts',(15.,10.0576286083942,-10.4787272064808));
#2595=CARTESIAN_POINT('Ctrl Pts',(15.,9.8051287178412,-10.6861971749069));
#2596=CARTESIAN_POINT('Ctrl Pts',(15.,9.54594948807389,-10.8849444338402));
#2597=CARTESIAN_POINT('Ctrl Pts',(15.,9.28885980149291,-11.0820893615177));
#2598=CARTESIAN_POINT('Ctrl Pts',(15.,9.02519755888169,-11.2706519466171));
#2599=CARTESIAN_POINT('Ctrl Pts',(15.,8.75532464823598,-11.4501870056889));
#2600=CARTESIAN_POINT('Ctrl Pts',(15.,8.54270831855083,-11.5916316776211));
#2601=CARTESIAN_POINT('Ctrl Pts',(15.,8.32623659537432,-11.7274722142204));
#2602=CARTESIAN_POINT('Ctrl Pts',(15.,8.10607978535726,-11.8574687388334));
#2603=CARTESIAN_POINT('Ctrl Pts',(15.,8.07906944855004,-11.8734175978002));
#2604=CARTESIAN_POINT('Ctrl Pts',(15.,8.0520055618136,-11.8892773080693));
#2605=CARTESIAN_POINT('Ctrl Pts',(15.,8.02489618747775,-11.9050430168729));
#2606=CARTESIAN_POINT('Ctrl Pts',(15.,7.83113638723731,-12.0177258309648));
#2607=CARTESIAN_POINT('Ctrl Pts',(15.,7.63494119663251,-12.1256739037469));
#2608=CARTESIAN_POINT('Ctrl Pts',(15.,7.43644409750126,-12.2287702917663));
#2609=CARTESIAN_POINT('Ctrl Pts',(15.,7.15128489963871,-12.3768776617925));
#2610=CARTESIAN_POINT('Ctrl Pts',(15.,6.86137580917153,-12.5149743891231));
#2611=CARTESIAN_POINT('Ctrl Pts',(15.,6.56727810814414,-12.6429831432893));
#2612=CARTESIAN_POINT('Ctrl Pts',(15.,6.27183201172421,-12.7715787990659));
#2613=CARTESIAN_POINT('Ctrl Pts',(15.,5.97215820193405,-12.8899938938234));
#2614=CARTESIAN_POINT('Ctrl Pts',(15.,5.66880872499172,-12.9981000252494));
#2615=CARTESIAN_POINT('Ctrl Pts',(15.,5.36601952240064,-13.1060064889745));
#2616=CARTESIAN_POINT('Ctrl Pts',(15.,5.05956760681314,-13.2036421144896));
#2617=CARTESIAN_POINT('Ctrl Pts',(15.,4.74999423924188,-13.2908280262803));
#2618=CARTESIAN_POINT('Ctrl Pts',(15.,4.44283778250716,-13.3773332575052));
#2619=CARTESIAN_POINT('Ctrl Pts',(15.,4.13260784067714,-13.4535513360369));
#2620=CARTESIAN_POINT('Ctrl Pts',(15.,3.81983437096685,-13.5192563596001));
#2621=CARTESIAN_POINT('Ctrl Pts',(15.,3.55963820095429,-13.5739163520144));
#2622=CARTESIAN_POINT('Ctrl Pts',(15.,3.29768162677716,-13.6212998330262));
#2623=CARTESIAN_POINT('Ctrl Pts',(15.,3.03427476572253,-13.6612491080399));
#2624=CARTESIAN_POINT('Ctrl Pts',(15.,3.00064377316255,-13.6663497108313));
#2625=CARTESIAN_POINT('Ctrl Pts',(15.,2.96698914796214,-13.6713290914882));
#2626=CARTESIAN_POINT('Ctrl Pts',(15.,2.9333115441385,-13.6761868917565));
#2627=CARTESIAN_POINT('Ctrl Pts',(15.,2.9002026795965,-13.6809626546611));
#2628=CARTESIAN_POINT('Ctrl Pts',(15.,2.8670792923126,-13.6856197860568));
#2629=CARTESIAN_POINT('Ctrl Pts',(15.,2.83394784665857,-13.6901573496994));
#2630=CARTESIAN_POINT('Ctrl Pts',(15.,2.52041604877309,-13.7330975371497));
#2631=CARTESIAN_POINT('Ctrl Pts',(15.,2.20599762489429,-13.7653582200175));
#2632=CARTESIAN_POINT('Ctrl Pts',(15.,1.8912146144241,-13.7868335520686));
#2633=CARTESIAN_POINT('Ctrl Pts',(15.,1.57783047871668,-13.8082134491724));
#2634=CARTESIAN_POINT('Ctrl Pts',(15.,1.2640844033533,-13.8189036731406));
#2635=CARTESIAN_POINT('Ctrl Pts',(15.,0.950489282447811,-13.818748364376));
#2636=CARTESIAN_POINT('Ctrl Pts',(15.,0.850672440173283,-13.8186989298362));
#2637=CARTESIAN_POINT('Ctrl Pts',(15.,0.750870910593859,-13.8175502983971));
#2638=CARTESIAN_POINT('Ctrl Pts',(15.,0.651101333011764,-13.8152963351597));
#2639=CARTESIAN_POINT('Ctrl Pts',(15.,0.335670082580155,-13.8081702105472));
#2640=CARTESIAN_POINT('Ctrl Pts',(15.,0.0205571909082594,-13.7899992928246));
#2641=CARTESIAN_POINT('Ctrl Pts',(15.,-0.293682907984675,-13.7609216319883));
#2642=CARTESIAN_POINT('Ctrl Pts',(15.,-0.606807575991986,-13.7319471856083));
#2643=CARTESIAN_POINT('Ctrl Pts',(15.,-0.919066215666157,-13.6921430534869));
#2644=CARTESIAN_POINT('Ctrl Pts',(15.,-1.22989201641185,-13.6415976683942));
#2645=CARTESIAN_POINT('Ctrl Pts',(15.,-1.43193689714232,-13.6087418492247));
#2646=CARTESIAN_POINT('Ctrl Pts',(15.,-1.63337596298327,-13.571346517002));
#2647=CARTESIAN_POINT('Ctrl Pts',(15.,-1.83404761913321,-13.5294256833532));
#2648=CARTESIAN_POINT('Ctrl Pts',(15.,-2.02017798301725,-13.4905425636786));
#2649=CARTESIAN_POINT('Ctrl Pts',(15.,-2.20564811956418,-13.4477659488711));
#2650=CARTESIAN_POINT('Ctrl Pts',(15.,-2.3903245995658,-13.4011010924139));
#2651=CARTESIAN_POINT('Ctrl Pts',(15.,-2.42076282013984,-13.3934098304087));
#2652=CARTESIAN_POINT('Ctrl Pts',(15.,-2.45117104110948,-13.3856150537452));
#2653=CARTESIAN_POINT('Ctrl Pts',(15.,-2.4815458847694,-13.3777176966933));
#2654=CARTESIAN_POINT('Ctrl Pts',(15.,-2.78182007538602,-13.2996474184283));
#2655=CARTESIAN_POINT('Ctrl Pts',(15.,-3.07892413320484,-13.2115337432096));
#2656=CARTESIAN_POINT('Ctrl Pts',(15.,-3.37234591116754,-13.1135546755326));
#2657=CARTESIAN_POINT('Ctrl Pts',(15.,-3.66537363884945,-13.0157071886788));
#2658=CARTESIAN_POINT('Ctrl Pts',(15.,-3.95472953897032,-12.9080205501738));
#2659=CARTESIAN_POINT('Ctrl Pts',(15.,-4.23988557483274,-12.7906233775763));
#2660=CARTESIAN_POINT('Ctrl Pts',(15.,-4.52180073063345,-12.6745604574867));
#2661=CARTESIAN_POINT('Ctrl Pts',(15.,-4.79961143771496,-12.549006183268));
#2662=CARTESIAN_POINT('Ctrl Pts',(15.,-5.07278207420475,-12.4140412952565));
#2663=CARTESIAN_POINT('Ctrl Pts',(15.,-5.33037109637176,-12.286774785296));
#2664=CARTESIAN_POINT('Ctrl Pts',(15.,-5.58383444834703,-12.1511401122327));
#2665=CARTESIAN_POINT('Ctrl Pts',(15.,-5.83269608796896,-12.0071721281976));
#2666=CARTESIAN_POINT('Ctrl Pts',(15.,-6.0691353192184,-11.8703905835549));
#2667=CARTESIAN_POINT('Ctrl Pts',(15.,-6.30142067982284,-11.7260861959419));
#2668=CARTESIAN_POINT('Ctrl Pts',(15.,-6.52923555776726,-11.5744953221124));
#2669=CARTESIAN_POINT('Ctrl Pts',(15.,-6.62890456686795,-11.508174314812));
#2670=CARTESIAN_POINT('Ctrl Pts',(15.,-6.72771756309801,-11.4404583868047));
#2671=CARTESIAN_POINT('Ctrl Pts',(15.,-6.825646395188,-11.3713662865986));
#2672=CARTESIAN_POINT('Ctrl Pts',(15.,-6.89097584288995,-11.3252741536619));
#2673=CARTESIAN_POINT('Ctrl Pts',(15.,-6.95591178316022,-11.2785695596716));
#2674=CARTESIAN_POINT('Ctrl Pts',(15.,-7.02044559364272,-11.2312579329123));
#2675=CARTESIAN_POINT('Ctrl Pts',(15.,-7.05740698918429,-11.2041604511846));
#2676=CARTESIAN_POINT('Ctrl Pts',(15.,-7.09424167114111,-11.1768598734245));
#2677=CARTESIAN_POINT('Ctrl Pts',(15.,-7.13092012411116,-11.1493782800828));
#2678=CARTESIAN_POINT('Ctrl Pts',(15.,-7.37292628869116,-10.9680534295881));
#2679=CARTESIAN_POINT('Ctrl Pts',(15.,-7.60831169158928,-10.7787249097654));
#2680=CARTESIAN_POINT('Ctrl Pts',(15.,-7.83673410007679,-10.5818067794423));
#2681=CARTESIAN_POINT('Ctrl Pts',(15.,-8.06622343953999,-10.3839688704763));
#2682=CARTESIAN_POINT('Ctrl Pts',(15.,-8.28868501222441,-10.1784698282018));
#2683=CARTESIAN_POINT('Ctrl Pts',(15.,-8.50373630303386,-9.96569084977743));
#2684=CARTESIAN_POINT('Ctrl Pts',(15.,-8.7176943919017,-9.753993522114));
#2685=CARTESIAN_POINT('Ctrl Pts',(15.,-8.92431770355681,-9.53508959056772));
#2686=CARTESIAN_POINT('Ctrl Pts',(15.,-9.12318873650679,-9.30932346833064));
#2687=CARTESIAN_POINT('Ctrl Pts',(15.,-9.32036105892774,-9.08548578827671));
#2688=CARTESIAN_POINT('Ctrl Pts',(15.,-9.5099132853402,-8.8549021733911));
#2689=CARTESIAN_POINT('Ctrl Pts',(15.,-9.69139339457459,-8.61788494958257));
#2690=CARTESIAN_POINT('Ctrl Pts',(15.,-9.86952339696635,-8.38524304286336));
#2691=CARTESIAN_POINT('Ctrl Pts',(15.,-10.0398767548124,-8.14640241153722));
#2692=CARTESIAN_POINT('Ctrl Pts',(15.,-10.201978696949,-7.90164267892973));
#2693=CARTESIAN_POINT('Ctrl Pts',(15.,-10.2962703971604,-7.75927047149881));
#2694=CARTESIAN_POINT('Ctrl Pts',(15.,-10.3877693017516,-7.6148952565658));
#2695=CARTESIAN_POINT('Ctrl Pts',(15.,-10.4763739686608,-7.46857044344946));
#2696=CARTESIAN_POINT('Ctrl Pts',(17.8745853209003,-2.25640396205529E-5,
-14.8659762985403));
#2697=CARTESIAN_POINT('Ctrl Pts',(17.829136423572,-1.21331069404776,-14.8660403478314));
#2698=CARTESIAN_POINT('Ctrl Pts',(17.7836875262436,-2.42658359750344,-14.7192251622282));
#2699=CARTESIAN_POINT('Ctrl Pts',(17.7382386289152,-3.60312476999533,-14.4253519422899));
#2700=CARTESIAN_POINT('Ctrl Pts',(17.6455324180787,-6.00302180614773,-13.8259122575395));
#2701=CARTESIAN_POINT('Ctrl Pts',(17.5528262072423,-8.25008752583017,-12.6146017898119));
#2702=CARTESIAN_POINT('Ctrl Pts',(17.4601199964058,-10.0700195939442,-10.9392867023281));
#2703=CARTESIAN_POINT('Ctrl Pts',(17.3674137855694,-11.8899516620583,-9.26397161484423));
#2704=CARTESIAN_POINT('Ctrl Pts',(17.2747075747329,-13.282750078604,-7.12465190760414));
#2705=CARTESIAN_POINT('Ctrl Pts',(17.1820013638965,-14.0783947101509,-4.78247698285772));
#2706=CARTESIAN_POINT('Ctrl Pts',(17.08929515306,-14.8740393416978,-2.44030205811134));
#2707=CARTESIAN_POINT('Ctrl Pts',(16.9965889422236,-15.072530188246,0.104728084141412));
#2708=CARTESIAN_POINT('Ctrl Pts',(16.9038827313871,-14.6496362581229,2.54193847759719));
#2709=CARTESIAN_POINT('Ctrl Pts',(16.8111765205507,-14.2267423279998,4.97914887105293));
#2710=CARTESIAN_POINT('Ctrl Pts',(16.7184703097142,-13.1824636212055,7.30853951571177));
#2711=CARTESIAN_POINT('Ctrl Pts',(16.6257640988778,-11.644278446878,9.24575880559689));
#2712=CARTESIAN_POINT('Ctrl Pts',(16.5330578880413,-10.1060932725504,11.1829780954821));
#2713=CARTESIAN_POINT('Ctrl Pts',(16.4403516772049,-8.07400163068967,12.7280260305935));
#2714=CARTESIAN_POINT('Ctrl Pts',(16.3476454663684,-5.79605966252747,13.6922967268132));
#2715=CARTESIAN_POINT('Ctrl Pts',(16.254939255532,-3.51811769436526,14.656567423033));
#2716=CARTESIAN_POINT('Ctrl Pts',(16.1622330446955,-0.994325399901604,15.0400608803611));
#2717=CARTESIAN_POINT('Ctrl Pts',(16.0695268338591,1.46722726658316,14.7959635281055));
#2718=CARTESIAN_POINT('Ctrl Pts',(15.9768206230226,3.92877993306786,14.5518661758498));
#2719=CARTESIAN_POINT('Ctrl Pts',(15.8841144121862,6.32809297157363,13.6801780140104));
#2720=CARTESIAN_POINT('Ctrl Pts',(15.7914082013497,8.37229414342149,12.2873071934917));
#2721=CARTESIAN_POINT('Ctrl Pts',(15.6987019905133,10.4164953152694,10.8944363729731));
#2722=CARTESIAN_POINT('Ctrl Pts',(15.6059957796768,12.1055846204594,8.980382893775));
#2723=CARTESIAN_POINT('Ctrl Pts',(15.5132895688404,13.2333434152316,6.77879742935311));
#2724=CARTESIAN_POINT('Ctrl Pts',(15.4205833580039,14.3611022100038,4.57721196493119));
#2725=CARTESIAN_POINT('Ctrl Pts',(15.3278771471675,14.9275304943584,2.08809451528541));
#2726=CARTESIAN_POINT('Ctrl Pts',(15.235170936331,14.8635419152315,-0.384704882701567));
#2727=CARTESIAN_POINT('Ctrl Pts',(15.1567806242207,14.8094345944382,-2.47564911227889));
#2728=CARTESIAN_POINT('Ctrl Pts',(15.0783903121103,14.3045780910052,-4.55492590579352));
#2729=CARTESIAN_POINT('Ctrl Pts',(15.,13.4001518615879,-6.44124005320718));
#2730=CARTESIAN_POINT('',(50.,-10.4766536974754,-7.46910661150397));
#2731=CARTESIAN_POINT('Ctrl Pts',(50.,-10.4766536974755,-7.46910661150374));
#2732=CARTESIAN_POINT('Ctrl Pts',(50.,-10.3204610660461,-7.72761703262463));
#2733=CARTESIAN_POINT('Ctrl Pts',(50.,-10.1553728191232,-7.98014073584222));
#2734=CARTESIAN_POINT('Ctrl Pts',(50.,-9.98169365404918,-8.22619014116114));
#2735=CARTESIAN_POINT('Ctrl Pts',(50.,-9.96386785211434,-8.25144376305374));
#2736=CARTESIAN_POINT('Ctrl Pts',(50.,-9.94595150660854,-8.27662917782814));
#2737=CARTESIAN_POINT('Ctrl Pts',(50.,-9.92794491641024,-8.30174585389283));
#2738=CARTESIAN_POINT('Ctrl Pts',(50.,-9.7547910881759,-8.54327123794537));
#2739=CARTESIAN_POINT('Ctrl Pts',(50.,-9.57329653792852,-8.77844178777677));
#2740=CARTESIAN_POINT('Ctrl Pts',(50.,-9.38396765936689,-9.007000225361));
#2741=CARTESIAN_POINT('Ctrl Pts',(50.,-9.19251089907252,-9.23812744868935));
#2742=CARTESIAN_POINT('Ctrl Pts',(50.,-8.99304240182916,-9.46249354076452));
#2743=CARTESIAN_POINT('Ctrl Pts',(50.,-8.78603643993965,-9.67981072801848));
#2744=CARTESIAN_POINT('Ctrl Pts',(50.,-8.57773039791948,-9.89849275401727));
#2745=CARTESIAN_POINT('Ctrl Pts',(50.,-8.36179153882119,-10.1100375151951));
#2746=CARTESIAN_POINT('Ctrl Pts',(50.,-8.1386587264882,-10.3141231056532));
#2747=CARTESIAN_POINT('Ctrl Pts',(50.,-7.91549091797145,-10.518240704926));
#2748=CARTESIAN_POINT('Ctrl Pts',(50.,-7.68512646923045,-10.7148972387055));
#2749=CARTESIAN_POINT('Ctrl Pts',(50.,-7.44796632324727,-10.9037353087071));
#2750=CARTESIAN_POINT('Ctrl Pts',(50.,-7.35029843813166,-10.9815030755042));
#2751=CARTESIAN_POINT('Ctrl Pts',(50.,-7.25147760718866,-11.0579443954604));
#2752=CARTESIAN_POINT('Ctrl Pts',(50.,-7.15153021772695,-11.1330322897707));
#2753=CARTESIAN_POINT('Ctrl Pts',(50.,-7.12529243655362,-11.1527440576347));
#2754=CARTESIAN_POINT('Ctrl Pts',(50.,-7.09897560049663,-11.1723635931856));
#2755=CARTESIAN_POINT('Ctrl Pts',(50.,-7.07258462193508,-11.1918871080029));
#2756=CARTESIAN_POINT('Ctrl Pts',(50.,-6.82542676525455,-11.3747295162847));
#2757=CARTESIAN_POINT('Ctrl Pts',(50.,-6.57235183759143,-11.5487231762474));
#2758=CARTESIAN_POINT('Ctrl Pts',(50.,-6.31387509111417,-11.7135968814315));
#2759=CARTESIAN_POINT('Ctrl Pts',(50.,-6.05298943032737,-11.8800071527984));
#2760=CARTESIAN_POINT('Ctrl Pts',(50.,-5.78660040613281,-12.0371271589763));
#2761=CARTESIAN_POINT('Ctrl Pts',(50.,-5.51519374264456,-12.1846484294836));
#2762=CARTESIAN_POINT('Ctrl Pts',(50.,-5.31859016012689,-12.2915109873388));
#2763=CARTESIAN_POINT('Ctrl Pts',(50.,-5.11935269224196,-12.3933361366895));
#2764=CARTESIAN_POINT('Ctrl Pts',(50.,-4.91765353745741,-12.4899949220883));
#2765=CARTESIAN_POINT('Ctrl Pts',(50.,-4.64089261014648,-12.62262500231));
#2766=CARTESIAN_POINT('Ctrl Pts',(50.,-4.35949782577865,-12.7455299193157));
#2767=CARTESIAN_POINT('Ctrl Pts',(50.,-4.07401630647246,-12.8586732631099));
#2768=CARTESIAN_POINT('Ctrl Pts',(50.,-3.78716890681961,-12.9723579388615));
#2769=CARTESIAN_POINT('Ctrl Pts',(50.,-3.49619502625956,-13.0761876204588));
#2770=CARTESIAN_POINT('Ctrl Pts',(50.,-3.20162474030145,-13.1700787499334));
#2771=CARTESIAN_POINT('Ctrl Pts',(50.,-3.00344337233233,-13.2332469422679));
#2772=CARTESIAN_POINT('Ctrl Pts',(50.,-2.8036336375754,-13.2919156356617));
#2773=CARTESIAN_POINT('Ctrl Pts',(50.,-2.60235256477405,-13.3460468654564));
#2774=CARTESIAN_POINT('Ctrl Pts',(50.,-2.53406980099021,-13.3644103902824));
#2775=CARTESIAN_POINT('Ctrl Pts',(50.,-2.46561768610768,-13.3822516363542));
#2776=CARTESIAN_POINT('Ctrl Pts',(50.,-2.39700228816989,-13.3995688486392));
#2777=CARTESIAN_POINT('Ctrl Pts',(50.,-2.36702831144508,-13.4071337062888));
#2778=CARTESIAN_POINT('Ctrl Pts',(50.,-2.33703232528029,-13.4145962484803));
#2779=CARTESIAN_POINT('Ctrl Pts',(50.,-2.30701624059588,-13.4219561824352));
#2780=CARTESIAN_POINT('Ctrl Pts',(50.,-2.00471344254814,-13.496080727705));
#2781=CARTESIAN_POINT('Ctrl Pts',(50.,-1.70033033429239,-13.5598121131222));
#2782=CARTESIAN_POINT('Ctrl Pts',(50.,-1.39444625790489,-13.6131704546979));
#2783=CARTESIAN_POINT('Ctrl Pts',(50.,-1.08396553771787,-13.6673306336654));
#2784=CARTESIAN_POINT('Ctrl Pts',(50.,-0.771937890692551,-13.7108039266703));
#2785=CARTESIAN_POINT('Ctrl Pts',(50.,-0.458940620857064,-13.7435661055797));
#2786=CARTESIAN_POINT('Ctrl Pts',(50.,-0.144952799051804,-13.7764319679521));
#2787=CARTESIAN_POINT('Ctrl Pts',(50.,0.170011380753964,-13.7985189989615));
#2788=CARTESIAN_POINT('Ctrl Pts',(50.,0.485389254218976,-13.8097542875728));
#2789=CARTESIAN_POINT('Ctrl Pts',(50.,0.799554126730287,-13.8209463632103));
#2790=CARTESIAN_POINT('Ctrl Pts',(50.,1.11413012201236,-13.821370146074));
#2791=CARTESIAN_POINT('Ctrl Pts',(50.,1.4285720268289,-13.8109032487558));
#2792=CARTESIAN_POINT('Ctrl Pts',(50.,1.52649838737504,-13.8076435523067));
#2793=CARTESIAN_POINT('Ctrl Pts',(50.,1.6244117872146,-13.803327213128));
#2794=CARTESIAN_POINT('Ctrl Pts',(50.,1.72229583430136,-13.7979494999476));
#2795=CARTESIAN_POINT('Ctrl Pts',(50.,2.01645297709529,-13.7817886158095));
#2796=CARTESIAN_POINT('Ctrl Pts',(50.,2.31034529265207,-13.7560454350565));
#2797=CARTESIAN_POINT('Ctrl Pts',(50.,2.60356015317855,-13.7208580416443));
#2798=CARTESIAN_POINT('Ctrl Pts',(50.,2.6737821711592,-13.7124310138721));
#2799=CARTESIAN_POINT('Ctrl Pts',(50.,2.74396531484704,-13.7034621299743));
#2800=CARTESIAN_POINT('Ctrl Pts',(50.,2.81410387049037,-13.6939529503231));
#2801=CARTESIAN_POINT('Ctrl Pts',(50.,2.84783339939401,-13.6893799997262));
#2802=CARTESIAN_POINT('Ctrl Pts',(50.,2.88155261635093,-13.6846820965874));
#2803=CARTESIAN_POINT('Ctrl Pts',(50.,2.91526088371473,-13.6798594038765));
#2804=CARTESIAN_POINT('Ctrl Pts',(50.,2.9488056856297,-13.6750600984141));
#2805=CARTESIAN_POINT('Ctrl Pts',(50.,2.98233166111123,-13.6701383382632));
#2806=CARTESIAN_POINT('Ctrl Pts',(50.,3.01583231951265,-13.6650953820595));
#2807=CARTESIAN_POINT('Ctrl Pts',(50.,3.3280768297251,-13.6180922643599));
#2808=CARTESIAN_POINT('Ctrl Pts',(50.,3.63828234108158,-13.560541773631));
#2809=CARTESIAN_POINT('Ctrl Pts',(50.,3.94594760261479,-13.4927567642278));
#2810=CARTESIAN_POINT('Ctrl Pts',(50.,4.25757797267363,-13.4240981595497));
#2811=CARTESIAN_POINT('Ctrl Pts',(50.,4.56660272710386,-13.3449395088377));
#2812=CARTESIAN_POINT('Ctrl Pts',(50.,4.87250932477615,-13.2555528915401));
#2813=CARTESIAN_POINT('Ctrl Pts',(50.,5.182120875064,-13.1650836784957));
#2814=CARTESIAN_POINT('Ctrl Pts',(50.,5.48853886801848,-13.0641372120704));
#2815=CARTESIAN_POINT('Ctrl Pts',(50.,5.79123188553911,-12.9529421074779));
#2816=CARTESIAN_POINT('Ctrl Pts',(50.,6.09333227636525,-12.8419647059161));
#2817=CARTESIAN_POINT('Ctrl Pts',(50.,6.39172286099053,-12.7207786010183));
#2818=CARTESIAN_POINT('Ctrl Pts',(50.,6.68586639321529,-12.589559769287));
#2819=CARTESIAN_POINT('Ctrl Pts',(50.,6.98087545217141,-12.4579548219554));
#2820=CARTESIAN_POINT('Ctrl Pts',(50.,7.27161305332607,-12.3162579061429));
#2821=CARTESIAN_POINT('Ctrl Pts',(50.,7.55751899593916,-12.1645968545587));
#2822=CARTESIAN_POINT('Ctrl Pts',(50.,7.70047196724571,-12.0887663287666));
#2823=CARTESIAN_POINT('Ctrl Pts',(50.,7.84221668142208,-12.0104440040969));
#2824=CARTESIAN_POINT('Ctrl Pts',(50.,7.98268065791102,-11.9296413541791));
#2825=CARTESIAN_POINT('Ctrl Pts',(50.,8.01387874779886,-11.9116944869586));
#2826=CARTESIAN_POINT('Ctrl Pts',(50.,8.0450136493015,-11.8936252495476));
#2827=CARTESIAN_POINT('Ctrl Pts',(50.,8.07608455516094,-11.875433747994));
#2828=CARTESIAN_POINT('Ctrl Pts',(50.,8.1057740733112,-11.8580510260999));
#2829=CARTESIAN_POINT('Ctrl Pts',(50.,8.13540074804058,-11.8405592312586));
#2830=CARTESIAN_POINT('Ctrl Pts',(50.,8.16495741618155,-11.8229624880743));
#2831=CARTESIAN_POINT('Ctrl Pts',(50.,8.24373426198701,-11.7760622110237));
#2832=CARTESIAN_POINT('Ctrl Pts',(50.,8.32202801859617,-11.7284081221718));
#2833=CARTESIAN_POINT('Ctrl Pts',(50.,8.39982694861218,-11.6800056470729));
#2834=CARTESIAN_POINT('Ctrl Pts',(50.,8.67406896505151,-11.5093864320139));
#2835=CARTESIAN_POINT('Ctrl Pts',(50.,8.94216366568341,-11.3294719696323));
#2836=CARTESIAN_POINT('Ctrl Pts',(50.,9.20380867888827,-11.1407602222201));
#2837=CARTESIAN_POINT('Ctrl Pts',(50.,9.46814775161064,-10.9501053814809));
#2838=CARTESIAN_POINT('Ctrl Pts',(50.,9.72590408256713,-10.750470864759));
#2839=CARTESIAN_POINT('Ctrl Pts',(50.,9.97674590673054,-10.5423201554644));
#2840=CARTESIAN_POINT('Ctrl Pts',(50.,10.2289468063428,-10.3330416736399));
#2841=CARTESIAN_POINT('Ctrl Pts',(50.,10.4741585318478,-10.1151541177475));
#2842=CARTESIAN_POINT('Ctrl Pts',(50.,10.7120169579505,-9.88908316086054));
#2843=CARTESIAN_POINT('Ctrl Pts',(50.,10.7918905560204,-9.81316783155509));
#2844=CARTESIAN_POINT('Ctrl Pts',(50.,10.8709347140787,-9.73632935811932));
#2845=CARTESIAN_POINT('Ctrl Pts',(50.,10.9491348258984,-9.65858282746646));
#2846=CARTESIAN_POINT('Ctrl Pts',(50.,10.9883890436158,-9.61955629451151));
#2847=CARTESIAN_POINT('Ctrl Pts',(50.,11.0274305756507,-9.58030094584518));
#2848=CARTESIAN_POINT('Ctrl Pts',(50.,11.0662575314965,-9.54081864390728));
#2849=CARTESIAN_POINT('Ctrl Pts',(50.,11.0937657683087,-9.51284610555236));
#2850=CARTESIAN_POINT('Ctrl Pts',(50.,11.1211627313252,-9.48476324555518));
#2851=CARTESIAN_POINT('Ctrl Pts',(50.,11.1484424554796,-9.45657644041217));
#2852=CARTESIAN_POINT('Ctrl Pts',(50.,11.3792798514722,-9.21806344578862));
#2853=CARTESIAN_POINT('Ctrl Pts',(50.,11.6018434709315,-8.97199082132466));
#2854=CARTESIAN_POINT('Ctrl Pts',(50.,11.8158014538761,-8.71884846319037));
#2855=CARTESIAN_POINT('Ctrl Pts',(50.,12.0305392220316,-8.46478350958008));
#2856=CARTESIAN_POINT('Ctrl Pts',(50.,12.2366089702001,-8.2035968102159));
#2857=CARTESIAN_POINT('Ctrl Pts',(50.,12.433646255393,-7.93573958175594));
#2858=CARTESIAN_POINT('Ctrl Pts',(50.,12.6299587624945,-7.66886763408004));
#2859=CARTESIAN_POINT('Ctrl Pts',(50.,12.8173055586221,-7.39537370953865));
#2860=CARTESIAN_POINT('Ctrl Pts',(50.,12.9952909732634,-7.11566660853772));
#2861=CARTESIAN_POINT('Ctrl Pts',(50.,13.1360283195665,-6.89449547933961));
#2862=CARTESIAN_POINT('Ctrl Pts',(50.,13.2709119074948,-6.66943879472214));
#2863=CARTESIAN_POINT('Ctrl Pts',(50.,13.3997277538071,-6.44068464422468));
#2864=CARTESIAN_POINT('Ctrl Pts',(50.,-10.4766536974754,-7.46910661150397));
#2865=CARTESIAN_POINT('Ctrl Pts',(49.9216096878897,-11.5261087525648,-5.9939892922079));
#2866=CARTESIAN_POINT('Ctrl Pts',(49.7505131649429,-13.1351194553257,-2.28659129008977));
#2867=CARTESIAN_POINT('Ctrl Pts',(49.4867104311596,-12.805386526866,3.99101182682479));
#2868=CARTESIAN_POINT('Ctrl Pts',(49.2085917986503,-9.33132100070127,9.63492552549395));
#2869=CARTESIAN_POINT('Ctrl Pts',(48.9304731661409,-3.57913430849306,12.9265363063625));
#2870=CARTESIAN_POINT('Ctrl Pts',(48.6523545336316,3.04689663736128,13.0622348261597));
#2871=CARTESIAN_POINT('Ctrl Pts',(48.3742359011222,8.92903779623573,10.0088849247516));
#2872=CARTESIAN_POINT('Ctrl Pts',(48.096117268613,12.6312281365334,4.51194221719548));
#2873=CARTESIAN_POINT('Ctrl Pts',(47.8179986361034,13.2495959407342,-2.08655775610523));
#2874=CARTESIAN_POINT('Ctrl Pts',(47.5398800035943,10.6331763285552,-8.17564008802172));
#2875=CARTESIAN_POINT('Ctrl Pts',(47.277216307265,5.7103985180643,-12.0412518757457));
#2876=CARTESIAN_POINT('Ctrl Pts',(47.1072588217723,1.78376348350452,-12.8646579027686));
#2877=CARTESIAN_POINT('Ctrl Pts',(47.0300075471161,-0.000300067369403863,
-12.8664329756645));
#2878=CARTESIAN_POINT('Origin',(56.4699924528839,0.,0.));
#2879=CARTESIAN_POINT('',(50.,-10.4763739686608,7.46857044344948));
#2880=CARTESIAN_POINT('Origin',(50.,0.,0.));
#2881=CARTESIAN_POINT('Ctrl Pts',(50.,-10.4763739686608,7.46857044344948));
#2882=CARTESIAN_POINT('Ctrl Pts',(49.9072937891636,-9.23341115388699,9.21210936770643));
#2883=CARTESIAN_POINT('Ctrl Pts',(49.7218813674907,-5.86136195118483,12.0648095781891));
#2884=CARTESIAN_POINT('Ctrl Pts',(49.4437627349813,0.631716854770409,13.3980164106752));
#2885=CARTESIAN_POINT('Ctrl Pts',(49.1656441024719,6.96894604349556,11.46022507053));
#2886=CARTESIAN_POINT('Ctrl Pts',(48.8875254699625,11.6055496152955,6.72450056933963));
#2887=CARTESIAN_POINT('Ctrl Pts',(48.6094068374533,13.4083490721154,0.347041974465584));
#2888=CARTESIAN_POINT('Ctrl Pts',(48.3312882049439,11.9378011180586,-6.11514530168812));
#2889=CARTESIAN_POINT('Ctrl Pts',(48.0531695724346,7.55262790639693,-11.084365399813));
#2890=CARTESIAN_POINT('Ctrl Pts',(47.8494043217479,2.98888554870707,-12.7424066788041));
#2891=CARTESIAN_POINT('Ctrl Pts',(47.7383452818977,0.424191390920531,-12.8666614294385));
#2892=CARTESIAN_POINT('Ctrl Pts',(47.7199924528839,0.000325910765717682,
-12.8662239988789));
#2893=CARTESIAN_POINT('Ctrl Pts',(51.1554222262157,-12.1059280961894,8.63027389440178));
#2894=CARTESIAN_POINT('Ctrl Pts',(51.0627160153793,-10.6696278546267,10.6450126688196));
#2895=CARTESIAN_POINT('Ctrl Pts',(50.8773035937064,-6.77307115410803,13.941437913985));
#2896=CARTESIAN_POINT('Ctrl Pts',(50.5991849611971,0.729977647216232,15.4820192353187));
#2897=CARTESIAN_POINT('Ctrl Pts',(50.3210663286877,8.05293510532862,13.2428129317455));
#2898=CARTESIAN_POINT('Ctrl Pts',(50.0429476961784,13.4107420735272,7.77046720733062));
#2899=CARTESIAN_POINT('Ctrl Pts',(49.764829063669,15.4939590970315,0.401022834981726));
#2900=CARTESIAN_POINT('Ctrl Pts',(49.4867104311597,13.7946738436544,-7.06632939425785));
#2901=CARTESIAN_POINT('Ctrl Pts',(49.2085917986502,8.72740612788597,-12.8084899339631));
#2902=CARTESIAN_POINT('Ctrl Pts',(48.930473166141,1.52946685698907,-15.4235543919093));
#2903=CARTESIAN_POINT('Ctrl Pts',(48.6523545336315,-6.04190999083661,-14.2730740346307));
#2904=CARTESIAN_POINT('Ctrl Pts',(48.3742359011223,-12.1381849807132,-9.63793019908354));
#2905=CARTESIAN_POINT('Ctrl Pts',(48.0961172686128,-15.2710210942045,-2.64975823965665));
#2906=CARTESIAN_POINT('Ctrl Pts',(47.8179986361036,-14.6755485631219,4.98533222298204));
#2907=CARTESIAN_POINT('Ctrl Pts',(47.5398800035941,-10.4971532892196,11.4032913714215));
#2908=CARTESIAN_POINT('Ctrl Pts',(47.2617613710849,-3.75595610399095,15.0372227911198));
#2909=CARTESIAN_POINT('Ctrl Pts',(46.9836427385754,3.90222898903909,14.9999294959458));
#2910=CARTESIAN_POINT('Ctrl Pts',(46.7055241060662,10.6077145065275,11.3005163594478));
#2911=CARTESIAN_POINT('Ctrl Pts',(46.4274054735567,14.7234062753046,4.84216724494013));
#2912=CARTESIAN_POINT('Ctrl Pts',(46.1492868410475,15.2444893296769,-2.79836054222386));
#2913=CARTESIAN_POINT('Ctrl Pts',(45.871168208538,12.0437450699489,-9.75568967391673));
#2914=CARTESIAN_POINT('Ctrl Pts',(45.5930495760288,5.90261115448035,-14.3312406301098));
#2915=CARTESIAN_POINT('Ctrl Pts',(45.3149309435193,-1.67960083710534,-15.4079270976722));
#2916=CARTESIAN_POINT('Ctrl Pts',(45.03681231101,-8.85175092722443,-12.7228841828336));
#2917=CARTESIAN_POINT('Ctrl Pts',(44.7586936785006,-13.8628126823848,-6.93164489540845));
#2918=CARTESIAN_POINT('Ctrl Pts',(44.4805750459914,-15.4893731041738,0.551903299386083));
#2919=CARTESIAN_POINT('Ctrl Pts',(44.2024564134819,-13.3343197148574,7.9007084593548));
#2920=CARTESIAN_POINT('Ctrl Pts',(43.9243377809726,-7.92379257153453,13.3206151396565));
#2921=CARTESIAN_POINT('Ctrl Pts',(43.6462191484632,-0.578731136511403,15.4883939350636));
#2922=CARTESIAN_POINT('Ctrl Pts',(43.3681005159539,6.90762314783477,13.8747979755984));
#2923=CARTESIAN_POINT('Ctrl Pts',(43.0899818834446,12.7075332535632,8.87377456472409));
#2924=CARTESIAN_POINT('Ctrl Pts',(42.8118632509352,15.4049948005248,1.70628591154272));
#2925=CARTESIAN_POINT('Ctrl Pts',(42.5337446184259,14.3414428633253,-5.87777959896494));
#2926=CARTESIAN_POINT('Ctrl Pts',(42.2556259859165,9.77653563912092,-12.026829478839));
#2927=CARTESIAN_POINT('Ctrl Pts',(41.9775073534072,2.82476085389585,-15.2396195009704));
#2928=CARTESIAN_POINT('Ctrl Pts',(41.6993887208977,-4.81665802394703,-14.7317711730941));
#2929=CARTESIAN_POINT('Ctrl Pts',(41.4212700883885,-11.2821261136735,-10.6272718404693));
#2930=CARTESIAN_POINT('Ctrl Pts',(41.1431514558791,-14.9931480648012,-3.9282041091328));
#2931=CARTESIAN_POINT('Ctrl Pts',(40.8650328233697,-15.0437058111837,3.72990507689133));
#2932=CARTESIAN_POINT('Ctrl Pts',(40.5869141908604,-11.4214560597307,10.4773860237993));
#2933=CARTESIAN_POINT('Ctrl Pts',(40.308795558351,-5.01074381247478,14.6668920655266));
#2934=CARTESIAN_POINT('Ctrl Pts',(40.0306769258417,2.62330380674167,15.2755868480919));
#2935=CARTESIAN_POINT('Ctrl Pts',(39.7525582933323,9.61689155447234,12.1548621236763));
#2936=CARTESIAN_POINT('Ctrl Pts',(39.4744396608229,14.2625876423648,6.06661933534019));
#2937=CARTESIAN_POINT('Ctrl Pts',(39.1963210283136,15.4261803516822,-1.50274288334177));
#2938=CARTESIAN_POINT('Ctrl Pts',(38.9182023958043,12.823587284055,-8.70522174239612));
#2939=CARTESIAN_POINT('Ctrl Pts',(38.6400837632949,7.09021193996152,-13.7823862615474));
#2940=CARTESIAN_POINT('Ctrl Pts',(38.3619651307856,-0.374185261457371,-15.4946849534339));
#2941=CARTESIAN_POINT('Ctrl Pts',(38.0838464982762,-7.74722794882837,-13.4240729856834));
#2942=CARTESIAN_POINT('Ctrl Pts',(37.8057278657669,-13.2288432675025,-8.0760746789462));
#2943=CARTESIAN_POINT('Ctrl Pts',(37.5276092332575,-15.4807361128447,-0.756363550501116));
#2944=CARTESIAN_POINT('Ctrl Pts',(37.2494906007482,-13.953123802948,6.74800804353916));
#2945=CARTESIAN_POINT('Ctrl Pts',(36.9713719682388,-9.01896138067158,12.6049042848416));
#2946=CARTESIAN_POINT('Ctrl Pts',(36.6932533357295,-1.8828874482011,15.3844080572984));
#2947=CARTESIAN_POINT('Ctrl Pts',(36.4151347032201,5.71287927699815,14.4079244439478));
#2948=CARTESIAN_POINT('Ctrl Pts',(36.1370160707108,11.913889543507,9.91385456627128));
#2949=CARTESIAN_POINT('Ctrl Pts',(35.8588974382014,15.2062133870703,2.99939174549548));
#2950=CARTESIAN_POINT('Ctrl Pts',(35.580778805692,14.7860547317936,-4.64734998514919));
#2951=CARTESIAN_POINT('Ctrl Pts',(35.3026601731827,10.7559921496557,-11.1594762104951));
#2952=CARTESIAN_POINT('Ctrl Pts',(35.0245415406733,4.0999350745554,-14.9471003475755));
#2953=CARTESIAN_POINT('Ctrl Pts',(34.746422908164,-3.55709027734216,-15.0855024833414));
#2954=CARTESIAN_POINT('Ctrl Pts',(34.4683042756546,-10.3456788221741,-11.5408927784847));
#2955=CARTESIAN_POINT('Ctrl Pts',(34.1901856431453,-14.6084477833745,-5.17866100227495));
#2956=CARTESIAN_POINT('Ctrl Pts',(33.9120670106359,-15.3046742168269,2.4479018634037));
#2957=CARTESIAN_POINT('Ctrl Pts',(33.6339483781266,-12.2643796812438,9.47682792132245));
#2958=CARTESIAN_POINT('Ctrl Pts',(33.3558297456172,-6.22982919470433,14.1920578007867));
#2959=CARTESIAN_POINT('Ctrl Pts',(33.0777111131079,1.32568718040854,15.4424036314223));
#2960=CARTESIAN_POINT('Ctrl Pts',(32.7995924805985,8.55754701257253,12.9226028935224));
#2961=CARTESIAN_POINT('Ctrl Pts',(32.5214738480892,13.7001461781599,7.24784596367181));
#2962=CARTESIAN_POINT('Ctrl Pts',(32.2433552155798,15.4979578135909,-0.196417983441802));
#2963=CARTESIAN_POINT('Ctrl Pts',(31.9652365830704,13.5120597452215,-7.59272795888451));
#2964=CARTESIAN_POINT('Ctrl Pts',(31.6871179505611,8.22729403304615,-13.1353305748225));
#2965=CARTESIAN_POINT('Ctrl Pts',(31.4089993180517,0.933896432509531,-15.4710411372153));
#2966=CARTESIAN_POINT('Ctrl Pts',(31.1308806855424,-6.58750494997903,-14.0296134996679));
#2967=CARTESIAN_POINT('Ctrl Pts',(30.8527620530331,-12.5006166014677,-9.16296136623817));
#2968=CARTESIAN_POINT('Ctrl Pts',(30.5746434205237,-15.361796836742,-2.05924121042812));
#2969=CARTESIAN_POINT('Ctrl Pts',(30.2965247880144,-14.4725100454499,5.54722718125142));
#2970=CARTESIAN_POINT('Ctrl Pts',(30.018406155505,-10.0498689015413,11.7993818260914));
#2971=CARTESIAN_POINT('Ctrl Pts',(29.7402875229957,-3.17362793873679,15.1708062449736));
#2972=CARTESIAN_POINT('Ctrl Pts',(29.4621688904863,4.47743038855431,14.8383925521504));
#2973=CARTESIAN_POINT('Ctrl Pts',(29.184050257977,11.0353578005962,10.8832970477187));
#2974=CARTESIAN_POINT('Ctrl Pts',(28.9059316254676,14.8990856995636,4.27112651804183));
#2975=CARTESIAN_POINT('Ctrl Pts',(28.6278129929583,15.1253140119884,-3.38380739032367));
#2976=CARTESIAN_POINT('Ctrl Pts',(28.3496943604489,11.658810798844,-10.2126102037051));
#2977=CARTESIAN_POINT('Ctrl Pts',(28.0715757279395,5.34589671757377,-14.5480811346753));
#2978=CARTESIAN_POINT('Ctrl Pts',(27.7934570954302,-2.27217779380546,-15.3317476006292));
#2979=CARTESIAN_POINT('Ctrl Pts',(27.5153384629208,-9.33551720585164,-12.3722833347491));
#2980=CARTESIAN_POINT('Ctrl Pts',(27.2372198304115,-14.1196603865853,-6.39221925340136));
#2981=CARTESIAN_POINT('Ctrl Pts',(26.9591011979021,-15.4565948020301,1.14845702658744));
#2982=CARTESIAN_POINT('Ctrl Pts',(26.6809825653928,-13.0199179814922,8.40874617117669));
#2983=CARTESIAN_POINT('Ctrl Pts',(26.4028639328835,-7.404526223038,13.6161032541768));
#2984=CARTESIAN_POINT('Ctrl Pts',(26.124745300374,0.018624858233818,15.4991912540854));
#2985=CARTESIAN_POINT('Ctrl Pts',(25.8466266678648,7.43722882060911,13.5982684149844));
#2986=CARTESIAN_POINT('Ctrl Pts',(25.5685080353553,13.0400893672135,8.37743073448815));
#2987=CARTESIAN_POINT('Ctrl Pts',(25.290389402846,15.4593102839642,1.11130642047161));
#2988=CARTESIAN_POINT('Ctrl Pts',(25.0122707703366,14.1042570002649,-6.42613498819773));
#2989=CARTESIAN_POINT('Ctrl Pts',(24.7341521378273,9.30575557206266,-12.3946839269539));
#2990=CARTESIAN_POINT('Ctrl Pts',(24.4560335053179,2.23532399133831,-15.3371641143273));
#2991=CARTESIAN_POINT('Ctrl Pts',(24.1779148728086,-5.38084511034755,-14.5351911688326));
#2992=CARTESIAN_POINT('Ctrl Pts',(23.8997962402992,-11.6833213949838,-10.1845607464232));
#2993=CARTESIAN_POINT('Ctrl Pts',(23.6216776077899,-15.1334027340044,-3.34744650539183));
#2994=CARTESIAN_POINT('Ctrl Pts',(23.3435589752806,-14.8887777468863,4.30692159435822));
#2995=CARTESIAN_POINT('Ctrl Pts',(23.0654403427712,-11.0091697822463,10.909787217065));
#2996=CARTESIAN_POINT('Ctrl Pts',(22.7873217102618,-4.44175591203878,14.8491104391489));
#2997=CARTESIAN_POINT('Ctrl Pts',(22.5092030777525,3.21007921863206,15.1631351582115));
#2998=CARTESIAN_POINT('Ctrl Pts',(22.2310844452431,10.0781976792329,11.7751946036512));
#2999=CARTESIAN_POINT('Ctrl Pts',(21.9529658127338,14.4858000633079,5.51242895134473));
#3000=CARTESIAN_POINT('Ctrl Pts',(21.6748471802244,15.3568034367126,-2.09615472194844));
#3001=CARTESIAN_POINT('Ctrl Pts',(21.3967285477151,12.4785588850934,-9.19297800357352));
#3002=CARTESIAN_POINT('Ctrl Pts',(21.1186099152058,6.55376814158386,-14.0454049266576));
#3003=CARTESIAN_POINT('Ctrl Pts',(20.8404912826964,-0.971075743129918,-15.4687519962113));
#3004=CARTESIAN_POINT('Ctrl Pts',(20.562372650187,-8.25883880123031,-13.11551974168));
#3005=CARTESIAN_POINT('Ctrl Pts',(20.2842540176777,-13.5302685452747,-7.56023210069859));
#3006=CARTESIAN_POINT('Ctrl Pts',(20.0061353851683,-15.4983851200659,-0.159170716618926));
#3007=CARTESIAN_POINT('Ctrl Pts',(19.728016752659,-13.6826876357581,7.28075099408856));
#3008=CARTESIAN_POINT('Ctrl Pts',(19.4498981201496,-8.52646505562042,12.9431321826452));
#3009=CARTESIAN_POINT('Ctrl Pts',(19.1717794876403,-1.28857011057164,15.4455450870593));
#3010=CARTESIAN_POINT('Ctrl Pts',(18.8936608551309,6.26391927858332,14.1770445014563));
#3011=CARTESIAN_POINT('Ctrl Pts',(18.6155422226215,12.287120428494,9.44732516930562));
#3012=CARTESIAN_POINT('Ctrl Pts',(18.3374235901122,15.3105126815803,2.41111269525515));
#3013=CARTESIAN_POINT('Ctrl Pts',(18.0593049576029,14.5959604567841,-5.21375510858169));
#3014=CARTESIAN_POINT('Ctrl Pts',(17.7811863250935,10.3179106118266,-11.5657232266199));
#3015=CARTESIAN_POINT('Ctrl Pts',(17.5030676925841,3.52082806669695,-15.0940083629293));
#3016=CARTESIAN_POINT('Ctrl Pts',(17.2249490600748,-4.13585296055463,-14.9372025237487));
#3017=CARTESIAN_POINT('Ctrl Pts',(16.9468304275654,-10.7827672796947,-11.1335960902774));
#3018=CARTESIAN_POINT('Ctrl Pts',(16.6687117950561,-14.7972082820984,-4.61179624627456));
#3019=CARTESIAN_POINT('Ctrl Pts',(16.3905931625468,-15.1989071974082,3.03591960025842));
#3020=CARTESIAN_POINT('Ctrl Pts',(16.1124745300374,-11.8901353492794,9.94247680201916));
#3021=CARTESIAN_POINT('Ctrl Pts',(15.834355897528,-5.67802453236676,14.4215774298682));
#3022=CARTESIAN_POINT('Ctrl Pts',(15.5562372650187,1.91943251519947,15.379907860186));
#3023=CARTESIAN_POINT('Ctrl Pts',(15.2781186325093,9.05012521086124,12.5830607419596));
#3024=CARTESIAN_POINT('Ctrl Pts',(15.0927062108364,12.3278316560099,8.67074506237128));
#3025=CARTESIAN_POINT('Ctrl Pts',(15.,13.3997277538069,6.44068464422503));
#3026=CARTESIAN_POINT('Ctrl Pts',(50.7702814841438,-11.5627433870132,8.24303941075101));
#3027=CARTESIAN_POINT('Ctrl Pts',(50.6775752733074,-10.1908889543801,10.1673782351152));
#3028=CARTESIAN_POINT('Ctrl Pts',(50.4921628516345,-6.46916808646696,13.3158951353864));
#3029=CARTESIAN_POINT('Ctrl Pts',(50.2140442191251,0.697224049734292,14.7873516271042));
#3030=CARTESIAN_POINT('Ctrl Pts',(49.9359255866158,7.69160541805093,12.648616978007));
#3031=CARTESIAN_POINT('Ctrl Pts',(49.6578069541064,12.8090112541166,7.42181166133362));
#3032=CARTESIAN_POINT('Ctrl Pts',(49.3796883215971,14.7987557553928,0.383029214809681));
#3033=CARTESIAN_POINT('Ctrl Pts',(49.1015696890878,13.1757162684558,-6.74926803006794));
#3034=CARTESIAN_POINT('Ctrl Pts',(48.8234510565783,8.33581338738962,-12.2337817559131));
#3035=CARTESIAN_POINT('Ctrl Pts',(48.5453324240691,1.46084072578231,-14.7315100612091));
#3036=CARTESIAN_POINT('Ctrl Pts',(48.2672137915596,-5.77081362423304,-13.6326509702486));
#3037=CARTESIAN_POINT('Ctrl Pts',(47.9890951590504,-11.593552927203,-9.20548286661526));
#3038=CARTESIAN_POINT('Ctrl Pts',(47.7109765265409,-14.5858208281885,-2.53086540076324));
#3039=CARTESIAN_POINT('Ctrl Pts',(47.4328578940317,-14.0170667420734,4.76164377776987));
#3040=CARTESIAN_POINT('Ctrl Pts',(47.1547392615223,-10.0261532046927,10.8916334912474));
#3041=CARTESIAN_POINT('Ctrl Pts',(46.8766206290129,-3.58742892393382,14.3625128949671));
#3042=CARTESIAN_POINT('Ctrl Pts',(46.5985019965036,3.72713864472944,14.3268929244264));
#3043=CARTESIAN_POINT('Ctrl Pts',(46.3203833639941,10.1317536158407,10.7934699237285));
#3044=CARTESIAN_POINT('Ctrl Pts',(46.0422647314849,14.0627771114612,4.62490251431997));
#3045=CARTESIAN_POINT('Ctrl Pts',(45.7641460989754,14.5604795257787,-2.67280001970795));
#3046=CARTESIAN_POINT('Ctrl Pts',(45.4860274664662,11.5033504706061,-9.31795855439957));
#3047=CARTESIAN_POINT('Ctrl Pts',(45.2079088339567,5.63776503133708,-13.6882076703939));
#3048=CARTESIAN_POINT('Ctrl Pts',(44.9297902014475,-1.60423829695264,-14.7165839529701));
#3049=CARTESIAN_POINT('Ctrl Pts',(44.651671568938,-8.45457892067522,-12.1520170762538));
#3050=CARTESIAN_POINT('Ctrl Pts',(44.3735529364288,-13.2407977641221,-6.62062673251267));
#3051=CARTESIAN_POINT('Ctrl Pts',(44.0954343039194,-14.7943755328963,0.527139776028932));
#3052=CARTESIAN_POINT('Ctrl Pts',(43.81731567141,-12.7360179143819,7.54620907750806));
#3053=CARTESIAN_POINT('Ctrl Pts',(43.5391970389007,-7.56825742137148,12.7229282540917));
#3054=CARTESIAN_POINT('Ctrl Pts',(43.2610784063913,-0.552763866461577,14.793440298434));
#3055=CARTESIAN_POINT('Ctrl Pts',(42.982959773882,6.59768282431377,13.2522452854312));
#3056=CARTESIAN_POINT('Ctrl Pts',(42.7048411413726,12.1373549326746,8.47561437263173));
#3057=CARTESIAN_POINT('Ctrl Pts',(42.4267225088633,14.7137832259891,1.62972603036147));
#3058=CARTESIAN_POINT('Ctrl Pts',(42.1486038763539,13.6979521363867,-5.61404765072464));
#3059=CARTESIAN_POINT('Ctrl Pts',(41.8704852438446,9.33786917541059,-11.4871938704935));
#3060=CARTESIAN_POINT('Ctrl Pts',(41.5923666113352,2.6980157674618,-14.5558282029537));
#3061=CARTESIAN_POINT('Ctrl Pts',(41.3142479788259,-4.60053787461606,-14.0707666820113));
#3062=CARTESIAN_POINT('Ctrl Pts',(41.0361293463165,-10.775904835697,-10.1504334255923));
#3063=CARTESIAN_POINT('Ctrl Pts',(40.7580107138071,-14.3204157714566,-3.75194827896014));
#3064=CARTESIAN_POINT('Ctrl Pts',(40.4798920812978,-14.3687050263573,3.56254678859261));
#3065=CARTESIAN_POINT('Ctrl Pts',(40.2017734487884,-10.9089831424228,10.0072728829443));
#3066=CARTESIAN_POINT('Ctrl Pts',(39.9236548162791,-4.78591516663205,14.0087986556013));
#3067=CARTESIAN_POINT('Ctrl Pts',(39.6455361837698,2.50559796014955,14.5901817198235));
#3068=CARTESIAN_POINT('Ctrl Pts',(39.3674175512604,9.18538821159034,11.609481778174));
#3069=CARTESIAN_POINT('Ctrl Pts',(39.0892989187511,13.6226350952275,5.79441427735816));
#3070=CARTESIAN_POINT('Ctrl Pts',(38.8111802862417,14.7340181959641,-1.43531583854452));
#3071=CARTESIAN_POINT('Ctrl Pts',(38.5330616537323,12.2482016982379,-8.31462440009522));
#3072=CARTESIAN_POINT('Ctrl Pts',(38.254943021223,6.77207898228948,-13.1639800217491));
#3073=CARTESIAN_POINT('Ctrl Pts',(37.9768243887136,-0.357395824843563,-14.7994490431151));
#3074=CARTESIAN_POINT('Ctrl Pts',(37.6987057562043,-7.399615132457,-12.8217440173671));
#3075=CARTESIAN_POINT('Ctrl Pts',(37.420587123695,-12.6352741230387,-7.71370673483544));
#3076=CARTESIAN_POINT('Ctrl Pts',(37.1424684911856,-14.7861260774575,-0.722426035595489));
#3077=CARTESIAN_POINT('Ctrl Pts',(36.8643498586762,-13.3270566865086,6.44522954051782));
#3078=CARTESIAN_POINT('Ctrl Pts',(36.5862312261669,-8.61428675550395,12.039330855547));
#3079=CARTESIAN_POINT('Ctrl Pts',(36.3081125936576,-1.79840357692444,14.694120195843));
#3080=CARTESIAN_POINT('Ctrl Pts',(36.0299939611482,5.45654629335758,13.7614507339823));
#3081=CARTESIAN_POINT('Ctrl Pts',(35.7518753286389,11.3793214727711,9.46902669627175));
#3082=CARTESIAN_POINT('Ctrl Pts',(35.4737566961295,14.5239209985233,2.86481109046121));
#3083=CARTESIAN_POINT('Ctrl Pts',(35.1956380636202,14.12261457458,-4.43882657165581));
#3084=CARTESIAN_POINT('Ctrl Pts',(34.9175194311108,10.2733781425932,-10.6587581497408));
#3085=CARTESIAN_POINT('Ctrl Pts',(34.6394007986014,3.91597379348559,-14.2764341837908));
#3086=CARTESIAN_POINT('Ctrl Pts',(34.3612821660921,-3.39748607083615,-14.4086263104382));
#3087=CARTESIAN_POINT('Ctrl Pts',(34.0831635335827,-9.88147529332432,-11.023060817341));
#3088=CARTESIAN_POINT('Ctrl Pts',(33.8050449010734,-13.952976728394,-4.94629802703734));
#3089=CARTESIAN_POINT('Ctrl Pts',(33.526926268564,-14.6179639582289,2.33806618197561));
#3090=CARTESIAN_POINT('Ctrl Pts',(33.2488076360547,-11.71408535788,9.05160913780957));
#3091=CARTESIAN_POINT('Ctrl Pts',(32.9706890035453,-5.9503010220227,13.555269879375));
#3092=CARTESIAN_POINT('Ctrl Pts',(32.6925703710359,1.26620450383664,14.7495135482442));
#3093=CARTESIAN_POINT('Ctrl Pts',(32.4144517385266,8.17357573433995,12.3427745450683));
#3094=CARTESIAN_POINT('Ctrl Pts',(32.1363331060172,13.0854299946235,6.92264007523022));
#3095=CARTESIAN_POINT('Ctrl Pts',(31.8582144735079,14.8025750522766,-0.187604842940324));
#3096=CARTESIAN_POINT('Ctrl Pts',(31.5800958409985,12.9057828712171,-7.25204745133231));
#3097=CARTESIAN_POINT('Ctrl Pts',(31.3019772084892,7.85814098000149,-12.5459572808853));
#3098=CARTESIAN_POINT('Ctrl Pts',(31.0238585759798,0.891993138680003,-14.77686610875));
#3099=CARTESIAN_POINT('Ctrl Pts',(30.7457399434705,-6.291928110928,-13.4001143428812));
#3100=CARTESIAN_POINT('Ctrl Pts',(30.4676213109612,-11.9397224891585,-8.75182556026228));
#3101=CARTESIAN_POINT('Ctrl Pts',(30.1895026784518,-14.6725235252793,-1.96684446652523));
#3102=CARTESIAN_POINT('Ctrl Pts',(29.9113840459425,-13.8231384237432,5.29832689378562));
#3103=CARTESIAN_POINT('Ctrl Pts',(29.6332654134331,-9.59893816139745,11.2699516382744));
#3104=CARTESIAN_POINT('Ctrl Pts',(29.3551467809238,-3.03122942494757,14.4901025506623));
#3105=CARTESIAN_POINT('Ctrl Pts',(29.0770281484144,4.27653115107835,14.1726040327539));
#3106=CARTESIAN_POINT('Ctrl Pts',(28.7989095159051,10.5402088479555,10.3949709569992));
#3107=CARTESIAN_POINT('Ctrl Pts',(28.5207908833957,14.2305739201771,4.07948399405493));
#3108=CARTESIAN_POINT('Ctrl Pts',(28.2426722508863,14.4466515230392,-3.23197826837477));
#3109=CARTESIAN_POINT('Ctrl Pts',(27.964553618377,11.135687936822,-9.75437737270267));
#3110=CARTESIAN_POINT('Ctrl Pts',(27.6864349858676,5.10602999023581,-13.895318689911));
#3111=CARTESIAN_POINT('Ctrl Pts',(27.4083163533583,-2.17022673112627,-14.6438225778272));
#3112=CARTESIAN_POINT('Ctrl Pts',(27.1301977208489,-8.91663893743818,-11.8171474482947));
#3113=CARTESIAN_POINT('Ctrl Pts',(26.8520790883396,-13.4861208876048,-6.10540474991505));
#3114=CARTESIAN_POINT('Ctrl Pts',(26.5739604558302,-14.7630679707385,1.09692654573283));
#3115=CARTESIAN_POINT('Ctrl Pts',(26.2958418233208,-12.4357231716369,8.03145148486807));
#3116=CARTESIAN_POINT('Ctrl Pts',(26.0177231908115,-7.07229019858029,13.0051580191262));
#3117=CARTESIAN_POINT('Ctrl Pts',(25.7396045583021,0.017789173590515,14.8037531491402));
#3118=CARTESIAN_POINT('Ctrl Pts',(25.4614859257928,7.10352545297797,12.9881234169633));
#3119=CARTESIAN_POINT('Ctrl Pts',(25.1833672932834,12.4549894810849,8.00154115039346));
#3120=CARTESIAN_POINT('Ctrl Pts',(24.9052486607741,14.7656616108565,1.06144286188994));
#3121=CARTESIAN_POINT('Ctrl Pts',(24.6271300282647,13.4714086406875,-6.13779870890086));
#3122=CARTESIAN_POINT('Ctrl Pts',(24.3490113957554,8.88821268779037,-11.8385429412568));
#3123=CARTESIAN_POINT('Ctrl Pts',(24.070892763246,2.13502653355544,-14.6489960562623));
#3124=CARTESIAN_POINT('Ctrl Pts',(23.7927741307367,-5.13941027254228,-13.8830070880145));
#3125=CARTESIAN_POINT('Ctrl Pts',(23.5146554982274,-11.1590987592866,-9.72758647537376));
#3126=CARTESIAN_POINT('Ctrl Pts',(23.236536865718,-14.4543773096337,-3.19724887146677));
#3127=CARTESIAN_POINT('Ctrl Pts',(22.9584182332086,-14.2207284782824,4.11367296979286));
#3128=CARTESIAN_POINT('Ctrl Pts',(22.6802996006993,-10.5151958680675,10.4202725305751));
#3129=CARTESIAN_POINT('Ctrl Pts',(22.4021809681899,-4.24245736391077,14.1828410154975));
#3130=CARTESIAN_POINT('Ctrl Pts',(22.1240623356806,3.06604516085886,14.4827756603135));
#3131=CARTESIAN_POINT('Ctrl Pts',(21.8459437031712,9.62599584622046,11.2468496799529));
#3132=CARTESIAN_POINT('Ctrl Pts',(21.5678250706619,13.8358321275948,5.26509003664117));
#3133=CARTESIAN_POINT('Ctrl Pts',(21.2897064381525,14.6677541756921,-2.00210169404487));
#3134=CARTESIAN_POINT('Ctrl Pts',(21.0115878056432,11.9186544874231,-8.78049537162186));
#3135=CARTESIAN_POINT('Ctrl Pts',(20.7334691731339,6.25970505003822,-13.4151972193485));
#3136=CARTESIAN_POINT('Ctrl Pts',(20.4553505406244,-0.927504239075992,-14.7746796799363));
#3137=CARTESIAN_POINT('Ctrl Pts',(20.1772319081151,-7.88827035602443,-12.5270353462687));
#3138=CARTESIAN_POINT('Ctrl Pts',(19.8991132756058,-12.9231746548728,-7.2210096600651));
#3139=CARTESIAN_POINT('Ctrl Pts',(19.6209946430964,-14.8029831858025,-0.152028835490159));
#3140=CARTESIAN_POINT('Ctrl Pts',(19.3428760105871,-13.0687548050718,6.95406867945026));
#3141=CARTESIAN_POINT('Ctrl Pts',(19.0647573780777,-8.1438884035258,12.3623826990371));
#3142=CARTESIAN_POINT('Ctrl Pts',(18.7866387455684,-1.23075285152276,14.7525140489167));
#3143=CARTESIAN_POINT('Ctrl Pts',(18.508520113059,5.98286150716709,13.5409302165115));
#3144=CARTESIAN_POINT('Ctrl Pts',(18.2304014805497,11.7358057433635,9.02343015408594));
#3145=CARTESIAN_POINT('Ctrl Pts',(17.9522828480403,14.6235404550642,2.30292771862575));
#3146=CARTESIAN_POINT('Ctrl Pts',(17.674164215531,13.9410496996021,-4.97981748481026));
#3147=CARTESIAN_POINT('Ctrl Pts',(17.3960455830216,9.85495302357234,-11.0467771402607));
#3148=CARTESIAN_POINT('Ctrl Pts',(17.1179269505122,3.36285092076705,-14.4167505370298));
#3149=CARTESIAN_POINT('Ctrl Pts',(16.8398083180029,-3.95028006851994,-14.2669804685456));
#3150=CARTESIAN_POINT('Ctrl Pts',(16.5616896854935,-10.2989518908706,-10.6340392528065));
#3151=CARTESIAN_POINT('Ctrl Pts',(16.2835710529842,-14.1332676727154,-4.40486810471378));
#3152=CARTESIAN_POINT('Ctrl Pts',(16.0054524204748,-14.5169426325915,2.89969996537827));
#3153=CARTESIAN_POINT('Ctrl Pts',(15.7273337879655,-11.3566331129827,9.49636467188884));
#3154=CARTESIAN_POINT('Ctrl Pts',(15.4492151554561,-5.42325545726544,13.7744911197677));
#3155=CARTESIAN_POINT('Ctrl Pts',(15.1710965229468,1.83330889177569,14.6898219194953));
#3156=CARTESIAN_POINT('Ctrl Pts',(14.8929778904374,8.64405228595953,12.0184674174858));
#3157=CARTESIAN_POINT('Ctrl Pts',(14.7075654687645,11.7746902859607,8.28169466510947));
#3158=CARTESIAN_POINT('Ctrl Pts',(14.6148592579281,12.7984911393847,6.15169553181898));
#3159=CARTESIAN_POINT('Ctrl Pts',(50.3851407420719,-11.019558677837,7.85580492710025));
#3160=CARTESIAN_POINT('Ctrl Pts',(50.2924345312355,-9.71215005413357,9.68974380141081));
#3161=CARTESIAN_POINT('Ctrl Pts',(50.1070221095626,-6.1652650188259,12.6903523567878));
#3162=CARTESIAN_POINT('Ctrl Pts',(49.8289034770532,0.664470452252353,14.0926840188897));
#3163=CARTESIAN_POINT('Ctrl Pts',(49.5507848445439,7.33027573077324,12.0544210242685));
#3164=CARTESIAN_POINT('Ctrl Pts',(49.2726662120345,12.207280434706,7.07315611533663));
#3165=CARTESIAN_POINT('Ctrl Pts',(48.9945475795252,14.1035524137541,0.365035594637633));
#3166=CARTESIAN_POINT('Ctrl Pts',(48.7164289470158,12.5567586932572,-6.43220666587803));
#3167=CARTESIAN_POINT('Ctrl Pts',(48.4383103145065,7.94422064689328,-11.6590735778631));
#3168=CARTESIAN_POINT('Ctrl Pts',(48.1601916819971,1.39221459457556,-14.0394657305088));
#3169=CARTESIAN_POINT('Ctrl Pts',(47.8820730494878,-5.49971725762947,-12.9922279058665));
#3170=CARTESIAN_POINT('Ctrl Pts',(47.6039544169784,-11.0489208736927,-8.77303553414698));
#3171=CARTESIAN_POINT('Ctrl Pts',(47.325835784469,-13.9006205621726,-2.41197256186982));
#3172=CARTESIAN_POINT('Ctrl Pts',(47.0477171519597,-13.358584921025,4.53795533255771));
#3173=CARTESIAN_POINT('Ctrl Pts',(46.7695985194503,-9.55515312016565,10.3799756110733));
#3174=CARTESIAN_POINT('Ctrl Pts',(46.491479886941,-3.41890174387669,13.6878029988144));
#3175=CARTESIAN_POINT('Ctrl Pts',(46.2133612544317,3.55204830041979,13.6538563529071));
#3176=CARTESIAN_POINT('Ctrl Pts',(45.9352426219223,9.655792725154,10.2864234880091));
#3177=CARTESIAN_POINT('Ctrl Pts',(45.6571239894129,13.4021479476178,4.40763778369981));
#3178=CARTESIAN_POINT('Ctrl Pts',(45.3790053569036,13.8764697218805,-2.54723949719204));
#3179=CARTESIAN_POINT('Ctrl Pts',(45.1008867243942,10.9629558712633,-8.88022743488239));
#3180=CARTESIAN_POINT('Ctrl Pts',(44.822768091885,5.37291890819381,-13.0451747106781));
#3181=CARTESIAN_POINT('Ctrl Pts',(44.5446494593755,-1.52887575679994,-14.025240808268));
#3182=CARTESIAN_POINT('Ctrl Pts',(44.2665308268662,-8.05740691412599,-11.581149969674));
#3183=CARTESIAN_POINT('Ctrl Pts',(43.9884121943568,-12.6187828458595,-6.30960856961688));
#3184=CARTESIAN_POINT('Ctrl Pts',(43.7102935618475,-14.0993779616187,0.502376252671782));
#3185=CARTESIAN_POINT('Ctrl Pts',(43.4321749293382,-12.1377161139064,7.19170969566132));
#3186=CARTESIAN_POINT('Ctrl Pts',(43.1540562968287,-7.21272227120843,12.125241368527));
#3187=CARTESIAN_POINT('Ctrl Pts',(42.8759376643194,-0.526796596411758,14.0984866618043));
#3188=CARTESIAN_POINT('Ctrl Pts',(42.5978190318101,6.28774250079277,12.629692595264));
#3189=CARTESIAN_POINT('Ctrl Pts',(42.3197003993007,11.567176611786,8.07745418053938));
#3190=CARTESIAN_POINT('Ctrl Pts',(42.0415817667914,14.0225716514533,1.5531661491802));
#3191=CARTESIAN_POINT('Ctrl Pts',(41.763463134282,13.0544614094482,-5.35031570248432));
#3192=CARTESIAN_POINT('Ctrl Pts',(41.4853445017727,8.89920271170027,-10.947558262148));
#3193=CARTESIAN_POINT('Ctrl Pts',(41.2072258692633,2.57127068102773,-13.872036904937));
#3194=CARTESIAN_POINT('Ctrl Pts',(40.929107236754,-4.38441772528509,-13.4097621909284));
#3195=CARTESIAN_POINT('Ctrl Pts',(40.6509886042446,-10.2696835577205,-9.67359501071526));
#3196=CARTESIAN_POINT('Ctrl Pts',(40.3728699717353,-13.647683478112,-3.57569244878748));
#3197=CARTESIAN_POINT('Ctrl Pts',(40.0947513392259,-13.6937042415309,3.39518850029389));
#3198=CARTESIAN_POINT('Ctrl Pts',(39.8166327067165,-10.3965102251149,9.53715974208936));
#3199=CARTESIAN_POINT('Ctrl Pts',(39.5385140742072,-4.5610865207893,13.3507052456761));
#3200=CARTESIAN_POINT('Ctrl Pts',(39.2603954416979,2.38789211355742,13.9047765915551));
#3201=CARTESIAN_POINT('Ctrl Pts',(38.9822768091885,8.75388486870836,11.0641014326717));
#3202=CARTESIAN_POINT('Ctrl Pts',(38.7041581766791,12.9826825480902,5.52220921937609));
#3203=CARTESIAN_POINT('Ctrl Pts',(38.4260395441698,14.0418560402459,-1.36788879374724));
#3204=CARTESIAN_POINT('Ctrl Pts',(38.1479209116605,11.6728161124208,-7.92402705779433));
#3205=CARTESIAN_POINT('Ctrl Pts',(37.8698022791511,6.45394602461743,-12.5455737819509));
#3206=CARTESIAN_POINT('Ctrl Pts',(37.5916836466417,-0.340606388229743,-14.1042131327964));
#3207=CARTESIAN_POINT('Ctrl Pts',(37.3135650141324,-7.05200231608565,-12.2194150490509));
#3208=CARTESIAN_POINT('Ctrl Pts',(37.035446381623,-12.0417049785749,-7.35133879072468));
#3209=CARTESIAN_POINT('Ctrl Pts',(36.7573277491137,-14.0915160420704,-0.688488520689871));
#3210=CARTESIAN_POINT('Ctrl Pts',(36.4792091166043,-12.7009895700692,6.1424510374965));
#3211=CARTESIAN_POINT('Ctrl Pts',(36.201090484095,-8.20961213033632,11.4737574262524));
#3212=CARTESIAN_POINT('Ctrl Pts',(35.9229718515856,-1.71391970564778,14.0038323343876));
#3213=CARTESIAN_POINT('Ctrl Pts',(35.6448532190763,5.20021330971699,13.1149770240169));
#3214=CARTESIAN_POINT('Ctrl Pts',(35.3667345865669,10.8447534020353,9.02419882627222));
#3215=CARTESIAN_POINT('Ctrl Pts',(35.0886159540576,13.8416286099764,2.73023043542696));
#3216=CARTESIAN_POINT('Ctrl Pts',(34.8104973215482,13.4591744173664,-4.23030315816242));
#3217=CARTESIAN_POINT('Ctrl Pts',(34.5323786890389,9.79076413553071,-10.1580400889864));
#3218=CARTESIAN_POINT('Ctrl Pts',(34.2542600565295,3.73201251241579,-13.6057680200061));
#3219=CARTESIAN_POINT('Ctrl Pts',(33.9761414240201,-3.23788186433013,-13.7317501375349));
#3220=CARTESIAN_POINT('Ctrl Pts',(33.6980227915108,-9.41727176447455,-10.5052288561972));
#3221=CARTESIAN_POINT('Ctrl Pts',(33.4199041590015,-13.2975056734134,-4.71393505179973));
#3222=CARTESIAN_POINT('Ctrl Pts',(33.1417855264921,-13.9312536996308,2.22823050054752));
#3223=CARTESIAN_POINT('Ctrl Pts',(32.8636668939828,-11.1637910345162,8.6263903542967));
#3224=CARTESIAN_POINT('Ctrl Pts',(32.5855482614734,-5.67077284934106,12.9184819579633));
#3225=CARTESIAN_POINT('Ctrl Pts',(32.307429628964,1.20672182726473,14.0566234650663));
#3226=CARTESIAN_POINT('Ctrl Pts',(32.0293109964547,7.78960445610737,11.7629461966142));
#3227=CARTESIAN_POINT('Ctrl Pts',(31.7511923639453,12.4707138110872,6.59743418678864));
#3228=CARTESIAN_POINT('Ctrl Pts',(31.473073731436,14.1071922909623,-0.17879170243886));
#3229=CARTESIAN_POINT('Ctrl Pts',(31.1949550989266,12.2995059972127,-6.9113669437801));
#3230=CARTESIAN_POINT('Ctrl Pts',(30.9168364664173,7.48898792695681,-11.9565839869481));
#3231=CARTESIAN_POINT('Ctrl Pts',(30.6387178339079,0.850089844850486,-14.0826910802847));
#3232=CARTESIAN_POINT('Ctrl Pts',(30.3605992013986,-5.99635127187698,-12.7706151860945));
#3233=CARTESIAN_POINT('Ctrl Pts',(30.0824805688893,-11.3788283768493,-8.34068975428639));
#3234=CARTESIAN_POINT('Ctrl Pts',(29.8043619363798,-13.9832502138167,-1.87444772262234));
#3235=CARTESIAN_POINT('Ctrl Pts',(29.5262433038706,-13.1737668020365,5.04942660631979));
#3236=CARTESIAN_POINT('Ctrl Pts',(29.2481246713611,-9.14800742125361,10.7405214504575));
#3237=CARTESIAN_POINT('Ctrl Pts',(28.9700060388518,-2.88883091115835,13.8093988563508));
#3238=CARTESIAN_POINT('Ctrl Pts',(28.6918874063425,4.0756319136024,13.5068155133575));
#3239=CARTESIAN_POINT('Ctrl Pts',(28.4137687738331,10.0450598953148,9.90664486627972));
#3240=CARTESIAN_POINT('Ctrl Pts',(28.1356501413238,13.5620621407907,3.88784147006804));
#3241=CARTESIAN_POINT('Ctrl Pts',(27.8575315088144,13.7679890340899,-3.08014914642589));
#3242=CARTESIAN_POINT('Ctrl Pts',(27.5794128763051,10.6125650748001,-9.29614454170021));
#3243=CARTESIAN_POINT('Ctrl Pts',(27.3012942437957,4.86616326289785,-13.2425562451466));
#3244=CARTESIAN_POINT('Ctrl Pts',(27.0231756112864,-2.06827566844707,-13.9558975550252));
#3245=CARTESIAN_POINT('Ctrl Pts',(26.745056978777,-8.49776066902473,-11.2620115618403));
#3246=CARTESIAN_POINT('Ctrl Pts',(26.4669383462677,-12.8525813886243,-5.81859024642873));
#3247=CARTESIAN_POINT('Ctrl Pts',(26.1888197137583,-14.0695411394468,1.04539606487824));
#3248=CARTESIAN_POINT('Ctrl Pts',(25.910701081249,-11.8515283617817,7.65415679855942));
#3249=CARTESIAN_POINT('Ctrl Pts',(25.6325824487396,-6.7400541741226,12.3942127840755));
#3250=CARTESIAN_POINT('Ctrl Pts',(25.3544638162302,0.0169534889472253,14.1083150441951));
#3251=CARTESIAN_POINT('Ctrl Pts',(25.0763451837209,6.76982208534681,12.3779784189422));
#3252=CARTESIAN_POINT('Ctrl Pts',(24.7982265512115,11.8698895949563,7.62565156629877));
#3253=CARTESIAN_POINT('Ctrl Pts',(24.5201079187022,14.0720129377487,1.01157930330826));
#3254=CARTESIAN_POINT('Ctrl Pts',(24.2419892861929,12.8385602811101,-5.84946242960398));
#3255=CARTESIAN_POINT('Ctrl Pts',(23.9638706536835,8.47066980351809,-11.2824019555597));
#3256=CARTESIAN_POINT('Ctrl Pts',(23.6857520211742,2.03472907577256,-13.9608279981974));
#3257=CARTESIAN_POINT('Ctrl Pts',(23.4076333886648,-4.89797543473699,-13.2308230071965));
#3258=CARTESIAN_POINT('Ctrl Pts',(23.1295147561554,-10.6348761235893,-9.27061220432428));
#3259=CARTESIAN_POINT('Ctrl Pts',(22.8513961236461,-13.775351885263,-3.04705123754172));
#3260=CARTESIAN_POINT('Ctrl Pts',(22.5732774911367,-13.5526792096784,3.9204243452275));
#3261=CARTESIAN_POINT('Ctrl Pts',(22.2951588586273,-10.0212219538888,9.93075784408518));
#3262=CARTESIAN_POINT('Ctrl Pts',(22.017040226118,-4.04315881578275,13.516571591846));
#3263=CARTESIAN_POINT('Ctrl Pts',(21.7389215936087,2.92201110308565,13.8024161624156));
#3264=CARTESIAN_POINT('Ctrl Pts',(21.4608029610993,9.17379401320799,10.7185047562547));
#3265=CARTESIAN_POINT('Ctrl Pts',(21.18268432859,13.1858641918816,5.01775112193759));
#3266=CARTESIAN_POINT('Ctrl Pts',(20.9045656960806,13.9787049146716,-1.9080486661413));
#3267=CARTESIAN_POINT('Ctrl Pts',(20.6264470635712,11.3587500897527,-8.36801273967018));
#3268=CARTESIAN_POINT('Ctrl Pts',(20.3483284310619,5.96564195849258,-12.7849895120394));
#3269=CARTESIAN_POINT('Ctrl Pts',(20.0702097985525,-0.883932735022066,-14.0806073636613));
#3270=CARTESIAN_POINT('Ctrl Pts',(19.7920911660432,-7.51770191081856,-11.9385509508574));
#3271=CARTESIAN_POINT('Ctrl Pts',(19.5139725335338,-12.316080764471,-6.88178721943163));
#3272=CARTESIAN_POINT('Ctrl Pts',(19.2358539010245,-14.1075812515391,-0.144886954361392));
#3273=CARTESIAN_POINT('Ctrl Pts',(18.9577352685152,-12.4548219743855,6.62738636481197));
#3274=CARTESIAN_POINT('Ctrl Pts',(18.6796166360058,-7.76131175143116,11.781633215429));
#3275=CARTESIAN_POINT('Ctrl Pts',(18.4014980034965,-1.1729355924739,14.0594830107741));
#3276=CARTESIAN_POINT('Ctrl Pts',(18.1233793709871,5.70180373575086,12.9048159315666));
#3277=CARTESIAN_POINT('Ctrl Pts',(17.8452607384778,11.1844910582329,8.59953513886627));
#3278=CARTESIAN_POINT('Ctrl Pts',(17.5671421059684,13.9365682285482,2.19474274199634));
#3279=CARTESIAN_POINT('Ctrl Pts',(17.289023473459,13.2861389424202,-4.74587986103881));
#3280=CARTESIAN_POINT('Ctrl Pts',(17.0109048409497,9.39199543531808,-10.5278310539015));
#3281=CARTESIAN_POINT('Ctrl Pts',(16.7327862084403,3.20487377483716,-13.7394927111303));
#3282=CARTESIAN_POINT('Ctrl Pts',(16.454667575931,-3.76470717648523,-13.5967584133426));
#3283=CARTESIAN_POINT('Ctrl Pts',(16.1765489434216,-9.81513650204641,-10.1344824153356));
#3284=CARTESIAN_POINT('Ctrl Pts',(15.8984303109123,-13.4693270633324,-4.19793996315301));
#3285=CARTESIAN_POINT('Ctrl Pts',(15.620311678403,-13.8349780677748,2.76348033049812));
#3286=CARTESIAN_POINT('Ctrl Pts',(15.3421930458936,-10.823130876686,9.05025254175853));
#3287=CARTESIAN_POINT('Ctrl Pts',(15.0640744133842,-5.16848638216412,13.1274048096672));
#3288=CARTESIAN_POINT('Ctrl Pts',(14.7859557808749,1.74718526835191,13.9997359788047));
#3289=CARTESIAN_POINT('Ctrl Pts',(14.5078371483655,8.23797936105782,11.453874093012));
#3290=CARTESIAN_POINT('Ctrl Pts',(14.3224247266926,11.2215489159116,7.89264426784767));
#3291=CARTESIAN_POINT('Ctrl Pts',(14.2297185158562,12.1972545249625,5.86270641941293));
#3292=CARTESIAN_POINT('Ctrl Pts',(50.,-10.4763739686608,7.46857044344948));
#3293=CARTESIAN_POINT('Ctrl Pts',(49.9072937891636,-9.23341115388699,9.21210936770643));
#3294=CARTESIAN_POINT('Ctrl Pts',(49.7218813674907,-5.86136195118483,12.0648095781891));
#3295=CARTESIAN_POINT('Ctrl Pts',(49.4437627349813,0.631716854770409,13.3980164106752));
#3296=CARTESIAN_POINT('Ctrl Pts',(49.1656441024719,6.96894604349556,11.46022507053));
#3297=CARTESIAN_POINT('Ctrl Pts',(48.8875254699625,11.6055496152955,6.72450056933963));
#3298=CARTESIAN_POINT('Ctrl Pts',(48.6094068374533,13.4083490721154,0.347041974465584));
#3299=CARTESIAN_POINT('Ctrl Pts',(48.3312882049439,11.9378011180586,-6.11514530168812));
#3300=CARTESIAN_POINT('Ctrl Pts',(48.0531695724346,7.55262790639693,-11.084365399813));
#3301=CARTESIAN_POINT('Ctrl Pts',(47.7750509399252,1.32358846336881,-13.3474213998086));
#3302=CARTESIAN_POINT('Ctrl Pts',(47.4969323074158,-5.22862089102592,-12.3518048414843));
#3303=CARTESIAN_POINT('Ctrl Pts',(47.2188136749065,-10.5042888201824,-8.34058820167871));
#3304=CARTESIAN_POINT('Ctrl Pts',(46.9406950423971,-13.2154202961567,-2.29307972297641));
#3305=CARTESIAN_POINT('Ctrl Pts',(46.6625764098878,-12.7001030999765,4.31426688734555));
#3306=CARTESIAN_POINT('Ctrl Pts',(46.3844577773785,-9.08415303563867,9.86831773089913));
#3307=CARTESIAN_POINT('Ctrl Pts',(46.1063391448691,-3.25037456381955,13.0130931026618));
#3308=CARTESIAN_POINT('Ctrl Pts',(45.8282205123597,3.37695795611013,12.9808197813878));
#3309=CARTESIAN_POINT('Ctrl Pts',(45.5501018798504,9.17983183446726,9.77937705228976));
#3310=CARTESIAN_POINT('Ctrl Pts',(45.2719832473411,12.7415187837744,4.19037305307965));
#3311=CARTESIAN_POINT('Ctrl Pts',(44.9938646148317,13.1924599179823,-2.42167897467612));
#3312=CARTESIAN_POINT('Ctrl Pts',(44.7157459823223,10.4225612719206,-8.44249631536523));
#3313=CARTESIAN_POINT('Ctrl Pts',(44.437627349813,5.10807278505054,-12.4021417509622));
#3314=CARTESIAN_POINT('Ctrl Pts',(44.1595087173036,-1.45351321664723,-13.3338976635659));
#3315=CARTESIAN_POINT('Ctrl Pts',(43.8813900847942,-7.66023490757678,-11.0102828630941));
#3316=CARTESIAN_POINT('Ctrl Pts',(43.6032714522849,-11.9967679275968,-5.99859040672108));
#3317=CARTESIAN_POINT('Ctrl Pts',(43.3251528197756,-13.4043803903412,0.477612729314622));
#3318=CARTESIAN_POINT('Ctrl Pts',(43.0470341872662,-11.5394143134309,6.83721031381459));
#3319=CARTESIAN_POINT('Ctrl Pts',(42.7689155547569,-6.85718712104538,11.5275544829623));
#3320=CARTESIAN_POINT('Ctrl Pts',(42.4907969222475,-0.50082932636193,13.4035330251747));
#3321=CARTESIAN_POINT('Ctrl Pts',(42.2126782897381,5.97780217727175,12.0071399050967));
#3322=CARTESIAN_POINT('Ctrl Pts',(41.9345596572288,10.9969982908974,7.67929398844703));
#3323=CARTESIAN_POINT('Ctrl Pts',(41.6564410247195,13.3313600769176,1.47660626799894));
#3324=CARTESIAN_POINT('Ctrl Pts',(41.3783223922101,12.4109706825097,-5.08658375424401));
#3325=CARTESIAN_POINT('Ctrl Pts',(41.1002037597008,8.46053624798995,-10.4079226538024));
#3326=CARTESIAN_POINT('Ctrl Pts',(40.8220851271914,2.44452559459367,-13.1882456069203));
#3327=CARTESIAN_POINT('Ctrl Pts',(40.5439664946821,-4.16829757595412,-12.7487576998456));
#3328=CARTESIAN_POINT('Ctrl Pts',(40.2658478621727,-9.76346227974397,-9.19675659583825));
#3329=CARTESIAN_POINT('Ctrl Pts',(39.9877292296634,-12.9749511847674,-3.39943661861484));
#3330=CARTESIAN_POINT('Ctrl Pts',(39.7096105971539,-13.0187034567045,3.22783021199518));
#3331=CARTESIAN_POINT('Ctrl Pts',(39.4314919646447,-9.88403730780701,9.0670466012344));
#3332=CARTESIAN_POINT('Ctrl Pts',(39.1533733321352,-4.33625787494656,12.6926118357508));
#3333=CARTESIAN_POINT('Ctrl Pts',(38.875254699626,2.2701862669653,13.2193714632867));
#3334=CARTESIAN_POINT('Ctrl Pts',(38.5971360671166,8.32238152582637,10.5187210871693));
#3335=CARTESIAN_POINT('Ctrl Pts',(38.3190174346072,12.3427300009529,5.25000416139405));
#3336=CARTESIAN_POINT('Ctrl Pts',(38.0408988020979,13.3496938845276,-1.30046174894998));
#3337=CARTESIAN_POINT('Ctrl Pts',(37.7627801695885,11.0974305266038,-7.53342971549343));
#3338=CARTESIAN_POINT('Ctrl Pts',(37.4846615370792,6.13581306694538,-11.9271675421526));
#3339=CARTESIAN_POINT('Ctrl Pts',(37.2065429045698,-0.323816951615924,-13.4089772224776));
#3340=CARTESIAN_POINT('Ctrl Pts',(36.9284242720605,-6.70438949971429,-11.6170860807346));
#3341=CARTESIAN_POINT('Ctrl Pts',(36.6503056395511,-11.4481358341111,-6.98897084661391));
#3342=CARTESIAN_POINT('Ctrl Pts',(36.3721870070418,-13.3969060066832,-0.654551005784248));
#3343=CARTESIAN_POINT('Ctrl Pts',(36.0940683745324,-12.0749224536298,5.83967253447517));
#3344=CARTESIAN_POINT('Ctrl Pts',(35.8159497420231,-7.8049375051687,10.9081839969579));
#3345=CARTESIAN_POINT('Ctrl Pts',(35.5378311095137,-1.62943583437112,13.3135444729322));
#3346=CARTESIAN_POINT('Ctrl Pts',(35.2597124770044,4.94388032607641,12.4685033140514));
#3347=CARTESIAN_POINT('Ctrl Pts',(34.981593844495,10.3101853312994,8.5793709562727));
#3348=CARTESIAN_POINT('Ctrl Pts',(34.7034752119856,13.1593362214294,2.5956497803927));
#3349=CARTESIAN_POINT('Ctrl Pts',(34.4253565794763,12.7957342601528,-4.02177974466904));
#3350=CARTESIAN_POINT('Ctrl Pts',(34.1472379469669,9.30815012846822,-9.65732202823196));
#3351=CARTESIAN_POINT('Ctrl Pts',(33.8691193144576,3.54805123134598,-12.9351018562214));
#3352=CARTESIAN_POINT('Ctrl Pts',(33.5910006819482,-3.07827765782411,-13.0548739646317));
#3353=CARTESIAN_POINT('Ctrl Pts',(33.3128820494389,-8.95306823562479,-9.98739689505347));
#3354=CARTESIAN_POINT('Ctrl Pts',(33.0347634169295,-12.6420346184329,-4.48157207656212));
#3355=CARTESIAN_POINT('Ctrl Pts',(32.7566447844202,-13.2445434410328,2.11839481911943));
#3356=CARTESIAN_POINT('Ctrl Pts',(32.4785261519108,-10.6134967111525,8.20117157078383));
#3357=CARTESIAN_POINT('Ctrl Pts',(32.2004075194015,-5.39124467665942,12.2816940365516));
#3358=CARTESIAN_POINT('Ctrl Pts',(31.9222888868921,1.14723915069281,13.3637333818883));
#3359=CARTESIAN_POINT('Ctrl Pts',(31.6441702543828,7.40563317787481,11.1831178481601));
#3360=CARTESIAN_POINT('Ctrl Pts',(31.3660516218734,11.8559976275509,6.27222829834705));
#3361=CARTESIAN_POINT('Ctrl Pts',(31.0879329893641,13.4118095296481,-0.169978561937387));
#3362=CARTESIAN_POINT('Ctrl Pts',(30.8098143568548,11.6932291232083,-6.5706864362279));
#3363=CARTESIAN_POINT('Ctrl Pts',(30.5316957243454,7.11983487391215,-11.3672106930109));
#3364=CARTESIAN_POINT('Ctrl Pts',(30.253577091836,0.808186551020957,-13.3885160518194));
#3365=CARTESIAN_POINT('Ctrl Pts',(29.9754584593267,-5.70077443282595,-12.1411160293078));
#3366=CARTESIAN_POINT('Ctrl Pts',(29.6973398268173,-10.8179342645401,-7.9295539483105));
#3367=CARTESIAN_POINT('Ctrl Pts',(29.419221194308,-13.293976902354,-1.78205097871945));
#3368=CARTESIAN_POINT('Ctrl Pts',(29.1411025617986,-12.5243951803298,4.800526318854));
#3369=CARTESIAN_POINT('Ctrl Pts',(28.8629839292893,-8.69707668110978,10.2110912626405));
#3370=CARTESIAN_POINT('Ctrl Pts',(28.5848652967799,-2.74643239736912,13.1286951620395));
#3371=CARTESIAN_POINT('Ctrl Pts',(28.3067466642705,3.87473267612645,12.841026993961));
#3372=CARTESIAN_POINT('Ctrl Pts',(28.0286280317612,9.54991094267412,9.41831877556024));
#3373=CARTESIAN_POINT('Ctrl Pts',(27.7505093992519,12.8935503614042,3.69619894608114));
#3374=CARTESIAN_POINT('Ctrl Pts',(27.4723907667425,13.0893265451407,-2.92832002447699));
#3375=CARTESIAN_POINT('Ctrl Pts',(27.1942721342332,10.0894422127781,-8.83791171069776));
#3376=CARTESIAN_POINT('Ctrl Pts',(26.9161535017238,4.62629653555989,-12.5897938003823));
#3377=CARTESIAN_POINT('Ctrl Pts',(26.6380348692144,-1.96632460576787,-13.2679725322232));
#3378=CARTESIAN_POINT('Ctrl Pts',(26.3599162367051,-8.07888240061129,-10.7068756753859));
#3379=CARTESIAN_POINT('Ctrl Pts',(26.0817976041957,-12.2190418896438,-5.53177574294242));
#3380=CARTESIAN_POINT('Ctrl Pts',(25.8036789716864,-13.3760143081551,0.993865584023639));
#3381=CARTESIAN_POINT('Ctrl Pts',(25.525560339177,-11.2673335519264,7.27686211225078));
#3382=CARTESIAN_POINT('Ctrl Pts',(25.2474417066677,-6.4078181496649,11.7832675490249));
#3383=CARTESIAN_POINT('Ctrl Pts',(24.9693230741583,0.0161178043039305,13.4128769392499));
#3384=CARTESIAN_POINT('Ctrl Pts',(24.691204441649,6.43611871771566,11.7678334209211));
#3385=CARTESIAN_POINT('Ctrl Pts',(24.4130858091396,11.2847897088278,7.24976198220407));
#3386=CARTESIAN_POINT('Ctrl Pts',(24.1349671766303,13.378364264641,0.961715744726582));
#3387=CARTESIAN_POINT('Ctrl Pts',(23.8568485441209,12.2057119215328,-5.56112615030709));
#3388=CARTESIAN_POINT('Ctrl Pts',(23.5787299116116,8.0531269192458,-10.7262609698626));
#3389=CARTESIAN_POINT('Ctrl Pts',(23.3006112791022,1.93443161798969,-13.2726599401325));
#3390=CARTESIAN_POINT('Ctrl Pts',(23.0224926465928,-4.65654059693171,-12.5786389263784));
#3391=CARTESIAN_POINT('Ctrl Pts',(22.7443740140835,-10.1106534878921,-8.81363793327483));
#3392=CARTESIAN_POINT('Ctrl Pts',(22.4662553815741,-13.0963264608923,-2.89685360361666));
#3393=CARTESIAN_POINT('Ctrl Pts',(22.1881367490648,-12.8846299410744,3.72717572066214));
#3394=CARTESIAN_POINT('Ctrl Pts',(21.9100181165555,-9.52724803971005,9.4412431575953));
#3395=CARTESIAN_POINT('Ctrl Pts',(21.6318994840461,-3.84386026765472,12.8503021681946));
#3396=CARTESIAN_POINT('Ctrl Pts',(21.3537808515368,2.77797704531245,13.1220566645176));
#3397=CARTESIAN_POINT('Ctrl Pts',(21.0756622190274,8.72159218019552,10.1901598325564));
#3398=CARTESIAN_POINT('Ctrl Pts',(20.7975435865181,12.5358962561685,4.77041220723402));
#3399=CARTESIAN_POINT('Ctrl Pts',(20.5194249540087,13.2896556536511,-1.81399563823773));
#3400=CARTESIAN_POINT('Ctrl Pts',(20.2413063214994,10.7988456920823,-7.95553010771852));
#3401=CARTESIAN_POINT('Ctrl Pts',(19.96318768899,5.67157886694693,-12.1547818047303));
#3402=CARTESIAN_POINT('Ctrl Pts',(19.6850690564807,-0.84036123096813,-13.3865350473863));
#3403=CARTESIAN_POINT('Ctrl Pts',(19.4069504239713,-7.14713346561269,-11.350066555446));
#3404=CARTESIAN_POINT('Ctrl Pts',(19.1288317914619,-11.7089868740692,-6.54256477879816));
#3405=CARTESIAN_POINT('Ctrl Pts',(18.8507131589526,-13.4121793172757,-0.137745073232617));
#3406=CARTESIAN_POINT('Ctrl Pts',(18.5725945264432,-11.8408891436993,6.30070405017366));
#3407=CARTESIAN_POINT('Ctrl Pts',(18.2944758939339,-7.37873509933654,11.2008837318209));
#3408=CARTESIAN_POINT('Ctrl Pts',(18.0163572614245,-1.11511833342503,13.3664519726315));
#3409=CARTESIAN_POINT('Ctrl Pts',(17.7382386289152,5.42074596433464,12.2687016466217));
#3410=CARTESIAN_POINT('Ctrl Pts',(17.4601199964058,10.6331763731023,8.1756401236466));
#3411=CARTESIAN_POINT('Ctrl Pts',(17.1820013638965,13.2495960020321,2.08655776536693));
#3412=CARTESIAN_POINT('Ctrl Pts',(16.9038827313871,12.6312281852382,-4.51194223726737));
#3413=CARTESIAN_POINT('Ctrl Pts',(16.6257640988778,8.92903784706383,-10.0088849675423));
#3414=CARTESIAN_POINT('Ctrl Pts',(16.3476454663684,3.04689662890727,-13.0622348852309));
#3415=CARTESIAN_POINT('Ctrl Pts',(16.0695268338591,-3.57913428445054,-12.9265363581395));
#3416=CARTESIAN_POINT('Ctrl Pts',(15.7914082013497,-9.33132111322223,-9.63492557786469));
#3417=CARTESIAN_POINT('Ctrl Pts',(15.5132895688404,-12.8053864539494,-3.99101182159223));
#3418=CARTESIAN_POINT('Ctrl Pts',(15.235170936331,-13.1530135029581,2.62726069561796));
#3419=CARTESIAN_POINT('Ctrl Pts',(14.9570523038217,-10.2896286403893,8.60414041162822));
#3420=CARTESIAN_POINT('Ctrl Pts',(14.6789336713123,-4.9137173070628,12.4803184995668));
#3421=CARTESIAN_POINT('Ctrl Pts',(14.400815038803,1.66106164492813,13.3096500381141));
#3422=CARTESIAN_POINT('Ctrl Pts',(14.1226964062936,7.83190643615611,10.8892807685383));
#3423=CARTESIAN_POINT('Ctrl Pts',(13.9372839846207,10.6684075458625,7.50359387058587));
#3424=CARTESIAN_POINT('Ctrl Pts',(13.8445777737843,11.5960179105403,5.57371730700688));
#3425=CARTESIAN_POINT('',(15.,13.3997277538069,6.44068464422503));
#3426=CARTESIAN_POINT('Ctrl Pts',(15.,-10.4766536128427,7.4691066771349));
#3427=CARTESIAN_POINT('Ctrl Pts',(15.,-10.3203036198462,7.72787754196909));
#3428=CARTESIAN_POINT('Ctrl Pts',(15.,-10.154960927227,7.98078090635163));
#3429=CARTESIAN_POINT('Ctrl Pts',(15.,-9.98090137456687,8.22731238369105));
#3430=CARTESIAN_POINT('Ctrl Pts',(15.,-9.96333790951099,8.25218862243378));
#3431=CARTESIAN_POINT('Ctrl Pts',(15.,-9.94568564836894,8.27699997455689));
#3432=CARTESIAN_POINT('Ctrl Pts',(15.,-9.92794484598384,8.3017459148776));
#3433=CARTESIAN_POINT('Ctrl Pts',(15.,-9.75388537749502,8.54453455126397));
#3434=CARTESIAN_POINT('Ctrl Pts',(15.,-9.57130693717839,8.78102835010547));
#3435=CARTESIAN_POINT('Ctrl Pts',(15.,-9.38069601361954,9.0109481835175));
#3436=CARTESIAN_POINT('Ctrl Pts',(15.,-9.18854308492116,9.24272802347155));
#3437=CARTESIAN_POINT('Ctrl Pts',(15.,-8.98822683232792,9.4678275580569));
#3438=CARTESIAN_POINT('Ctrl Pts',(15.,-8.7801987063698,9.68593535116));
#3439=CARTESIAN_POINT('Ctrl Pts',(15.,-8.69707231272623,9.77308950006518));
#3440=CARTESIAN_POINT('Ctrl Pts',(15.,-8.61271404230479,9.85912692961725));
#3441=CARTESIAN_POINT('Ctrl Pts',(15.,-8.52715082563075,9.94402639157545));
#3442=CARTESIAN_POINT('Ctrl Pts',(15.,-8.47773552012138,9.99305835897131));
#3443=CARTESIAN_POINT('Ctrl Pts',(15.,-8.42791829711654,10.0417107524529));
#3444=CARTESIAN_POINT('Ctrl Pts',(15.,-8.37770419462302,10.0899793460589));
#3445=CARTESIAN_POINT('Ctrl Pts',(15.,-8.34948500094679,10.1171052075959));
#3446=CARTESIAN_POINT('Ctrl Pts',(15.,-8.32113994135188,10.1441102916922));
#3447=CARTESIAN_POINT('Ctrl Pts',(15.,-8.29268170333686,10.170982856505));
#3448=CARTESIAN_POINT('Ctrl Pts',(15.,-8.07175718804629,10.3795976116684));
#3449=CARTESIAN_POINT('Ctrl Pts',(15.,-7.8438500352572,10.5803883287126));
#3450=CARTESIAN_POINT('Ctrl Pts',(15.,-7.60946097223832,10.7730737447922));
#3451=CARTESIAN_POINT('Ctrl Pts',(15.,-7.37254705220506,10.9678347829939));
#3452=CARTESIAN_POINT('Ctrl Pts',(15.,-7.12901045999781,11.15431543551));
#3453=CARTESIAN_POINT('Ctrl Pts',(15.,-6.87932370571842,11.3321964791414));
#3454=CARTESIAN_POINT('Ctrl Pts',(15.,-6.62966897848781,11.5100547061644));
#3455=CARTESIAN_POINT('Ctrl Pts',(15.,-6.37386521753378,11.6793159716144));
#3456=CARTESIAN_POINT('Ctrl Pts',(15.,-6.1123466625706,11.8396257209808));
#3457=CARTESIAN_POINT('Ctrl Pts',(15.,-6.01322570366415,11.9003864424581));
#3458=CARTESIAN_POINT('Ctrl Pts',(15.,-5.91328342069728,11.9598608203966));
#3459=CARTESIAN_POINT('Ctrl Pts',(15.,-5.81254223351025,12.0180280142098));
#3460=CARTESIAN_POINT('Ctrl Pts',(15.,-5.76070874429279,12.0479562759021));
#3461=CARTESIAN_POINT('Ctrl Pts',(15.,-5.70866374924251,12.0775384694286));
#3462=CARTESIAN_POINT('Ctrl Pts',(15.,-5.65641024012452,12.1067716616162));
#3463=CARTESIAN_POINT('Ctrl Pts',(15.,-5.62500572002638,12.1243409002584));
#3464=CARTESIAN_POINT('Ctrl Pts',(15.,-5.59352588287381,12.1417840767211));
#3465=CARTESIAN_POINT('Ctrl Pts',(15.,-5.56197137119667,12.1591005427071));
#3466=CARTESIAN_POINT('Ctrl Pts',(15.,-5.53241379497856,12.17532113165));
#3467=CARTESIAN_POINT('Ctrl Pts',(15.,-5.50279484313579,12.1914282416713));
#3468=CARTESIAN_POINT('Ctrl Pts',(15.,-5.47312213652071,12.2074177018093));
#3469=CARTESIAN_POINT('Ctrl Pts',(15.,-5.29004158387456,12.3060726454429));
#3470=CARTESIAN_POINT('Ctrl Pts',(15.,-5.10483499279404,12.4002934521313));
#3471=CARTESIAN_POINT('Ctrl Pts',(15.,-4.91765376019978,12.4899949215074));
#3472=CARTESIAN_POINT('Ctrl Pts',(15.,-4.64243268734868,12.6218870684702));
#3473=CARTESIAN_POINT('Ctrl Pts',(15.,-4.36294420669405,12.7440109289631));
#3474=CARTESIAN_POINT('Ctrl Pts',(15.,-4.07976464834755,12.8563936053735));
#3475=CARTESIAN_POINT('Ctrl Pts',(15.,-3.79315139294693,12.9701389792441));
#3476=CARTESIAN_POINT('Ctrl Pts',(15.,-3.50275652934814,13.0739057369476));
#3477=CARTESIAN_POINT('Ctrl Pts',(15.,-3.20914356553768,13.1676798855364));
#3478=CARTESIAN_POINT('Ctrl Pts',(15.,-2.9133115700121,13.2621627487782));
#3479=CARTESIAN_POINT('Ctrl Pts',(15.,-2.6142121114764,13.3465016111475));
#3480=CARTESIAN_POINT('Ctrl Pts',(15.,-2.31239492602463,13.4206362864727));
#3481=CARTESIAN_POINT('Ctrl Pts',(15.,-2.01004995243745,13.4949006012086));
#3482=CARTESIAN_POINT('Ctrl Pts',(15.,-1.70497715863859,13.5589251988915));
#3483=CARTESIAN_POINT('Ctrl Pts',(15.,-1.39771097746381,13.6126006934708));
#3484=CARTESIAN_POINT('Ctrl Pts',(15.,-1.14061914872336,13.6575113667092));
#3485=CARTESIAN_POINT('Ctrl Pts',(15.,-0.88199128116043,13.6951760502221));
#3486=CARTESIAN_POINT('Ctrl Pts',(15.,-0.622135164691772,13.7255029672034));
#3487=CARTESIAN_POINT('Ctrl Pts',(15.,-0.577778645399859,13.7306796645866));
#3488=CARTESIAN_POINT('Ctrl Pts',(15.,-0.533380837361554,13.7356430347584));
#3489=CARTESIAN_POINT('Ctrl Pts',(15.,-0.488975259896375,13.740389277638));
#3490=CARTESIAN_POINT('Ctrl Pts',(15.,-0.174264054600722,13.7740268498202));
#3491=CARTESIAN_POINT('Ctrl Pts',(15.,0.141093276796398,13.796794978335));
#3492=CARTESIAN_POINT('Ctrl Pts',(15.,0.456513423822636,13.8086954197639));
#3493=CARTESIAN_POINT('Ctrl Pts',(15.,0.774447923737732,13.820690724852));
#3494=CARTESIAN_POINT('Ctrl Pts',(15.,1.09244681668599,13.8216446035665));
#3495=CARTESIAN_POINT('Ctrl Pts',(15.,1.40993499620261,13.8115110658062));
#3496=CARTESIAN_POINT('Ctrl Pts',(15.,1.51411688822859,13.8081858045685));
#3497=CARTESIAN_POINT('Ctrl Pts',(15.,1.61824392735543,13.8036662719756));
#3498=CARTESIAN_POINT('Ctrl Pts',(15.,1.72229614672924,13.797949673889));
#3499=CARTESIAN_POINT('Ctrl Pts',(15.,2.03693190487287,13.7806636786088));
#3500=CARTESIAN_POINT('Ctrl Pts',(15.,2.35088313980827,13.752436265545));
#3501=CARTESIAN_POINT('Ctrl Pts',(15.,2.66364401356673,13.7135143614231));
#3502=CARTESIAN_POINT('Ctrl Pts',(15.,2.97834208539107,13.6743513803517));
#3503=CARTESIAN_POINT('Ctrl Pts',(15.,3.29183557718003,13.624360947388));
#3504=CARTESIAN_POINT('Ctrl Pts',(15.,3.60361026293884,13.5637414919554));
#3505=CARTESIAN_POINT('Ctrl Pts',(15.,3.81542067981575,13.5225584430662));
#3506=CARTESIAN_POINT('Ctrl Pts',(15.,4.02643781198447,13.4764685327418));
#3507=CARTESIAN_POINT('Ctrl Pts',(15.,4.23649862333491,13.4255203930606));
#3508=CARTESIAN_POINT('Ctrl Pts',(15.,4.33743571649963,13.401039115051));
#3509=CARTESIAN_POINT('Ctrl Pts',(15.,4.43815196933899,13.3754359434844));
#3510=CARTESIAN_POINT('Ctrl Pts',(15.,4.53862906990674,13.3487153921953));
#3511=CARTESIAN_POINT('Ctrl Pts',(15.,4.5894927902754,13.3351888608645));
#3512=CARTESIAN_POINT('Ctrl Pts',(15.,4.64029522262518,13.3213759799755));
#3513=CARTESIAN_POINT('Ctrl Pts',(15.,4.69103397342819,13.3072772799177));
#3514=CARTESIAN_POINT('Ctrl Pts',(15.,4.72396580657772,13.2981265611755));
#3515=CARTESIAN_POINT('Ctrl Pts',(15.,4.75687081285712,13.2888554369309));
#3516=CARTESIAN_POINT('Ctrl Pts',(15.,4.78974833480034,13.2794640439003));
#3517=CARTESIAN_POINT('Ctrl Pts',(15.,4.81911570208536,13.2710753189556));
#3518=CARTESIAN_POINT('Ctrl Pts',(15.,4.84845723369037,13.2625917329219));
#3519=CARTESIAN_POINT('Ctrl Pts',(15.,4.87776468013331,13.2540157913823));
#3520=CARTESIAN_POINT('Ctrl Pts',(15.,5.1883185810574,13.1631415453301));
#3521=CARTESIAN_POINT('Ctrl Pts',(15.,5.49530764133618,13.0618268116185));
#3522=CARTESIAN_POINT('Ctrl Pts',(15.,5.79820878232012,12.950376397415));
#3523=CARTESIAN_POINT('Ctrl Pts',(15.,6.1023079319104,12.8384851840949));
#3524=CARTESIAN_POINT('Ctrl Pts',(15.,6.40228734852068,12.716377837802));
#3525=CARTESIAN_POINT('Ctrl Pts',(15.,6.69761957830918,12.5843092880484));
#3526=CARTESIAN_POINT('Ctrl Pts',(15.,6.99357657875297,12.4519613493693));
#3527=CARTESIAN_POINT('Ctrl Pts',(15.,7.28486731100525,12.3096098855453));
#3528=CARTESIAN_POINT('Ctrl Pts',(15.,7.5709538883335,12.1574597234107));
#3529=CARTESIAN_POINT('Ctrl Pts',(15.,7.8524585928377,12.0077463505151));
#3530=CARTESIAN_POINT('Ctrl Pts',(15.,8.12892503779779,11.8485453675196));
#3531=CARTESIAN_POINT('Ctrl Pts',(15.,8.39982554860742,11.6800050621232));
#3532=CARTESIAN_POINT('Ctrl Pts',(15.,8.65829319621526,11.5191998420345));
#3533=CARTESIAN_POINT('Ctrl Pts',(15.,8.91169433814347,11.3498923749524));
#3534=CARTESIAN_POINT('Ctrl Pts',(15.,9.15973553418181,11.172419556349));
#3535=CARTESIAN_POINT('Ctrl Pts',(15.,9.26825355744858,11.09477519821));
#3536=CARTESIAN_POINT('Ctrl Pts',(15.,9.37574537212885,11.0155674902529));
#3537=CARTESIAN_POINT('Ctrl Pts',(15.,9.48218498283363,10.9348226338029));
#3538=CARTESIAN_POINT('Ctrl Pts',(15.,9.53809208217302,10.8924116302226));
#3539=CARTESIAN_POINT('Ctrl Pts',(15.,9.59370887929206,10.8495765316006));
#3540=CARTESIAN_POINT('Ctrl Pts',(15.,9.64903150060531,10.8063210086516));
#3541=CARTESIAN_POINT('Ctrl Pts',(15.,9.67496262552098,10.7860460407947));
#3542=CARTESIAN_POINT('Ctrl Pts',(15.,9.7008307432068,10.7656774129241));
#3543=CARTESIAN_POINT('Ctrl Pts',(15.,9.72663024022709,10.7452196306706));
#3544=CARTESIAN_POINT('Ctrl Pts',(15.,9.98086355941742,10.543624619671));
#3545=CARTESIAN_POINT('Ctrl Pts',(15.,10.2279437427446,10.3337676360925));
#3546=CARTESIAN_POINT('Ctrl Pts',(15.,10.4675856690388,10.1161647441264));
#3547=CARTESIAN_POINT('Ctrl Pts',(15.,10.7102513608832,9.89581617180904));
#3548=CARTESIAN_POINT('Ctrl Pts',(15.,10.9452903466017,9.66752470268087));
#3549=CARTESIAN_POINT('Ctrl Pts',(15.,11.1723875805952,9.43177612050949));
#3550=CARTESIAN_POINT('Ctrl Pts',(15.,11.4018375577023,9.19358516665668));
#3551=CARTESIAN_POINT('Ctrl Pts',(15.,11.6231808541179,8.94778146266173));
#3552=CARTESIAN_POINT('Ctrl Pts',(15.,11.8360662650265,8.69481989363009));
#3553=CARTESIAN_POINT('Ctrl Pts',(15.,12.0489044861532,8.44191439796319));
#3554=CARTESIAN_POINT('Ctrl Pts',(15.,12.2532890170611,8.18185380157228));
#3555=CARTESIAN_POINT('Ctrl Pts',(15.,12.4488358822654,7.91505243189692));
#3556=CARTESIAN_POINT('Ctrl Pts',(15.,12.6424907689268,7.65083245091379));
#3557=CARTESIAN_POINT('Ctrl Pts',(15.,12.8274785579785,7.38000105593543));
#3558=CARTESIAN_POINT('Ctrl Pts',(15.,13.0033878697302,7.10292764739002));
#3559=CARTESIAN_POINT('Ctrl Pts',(15.,13.1411412914096,6.88595328882176));
#3560=CARTESIAN_POINT('Ctrl Pts',(15.,13.2733267869385,6.66515039611655));
#3561=CARTESIAN_POINT('Ctrl Pts',(15.,13.3997277538069,6.44068464422503));
#3562=CARTESIAN_POINT('Ctrl Pts',(50.,13.4001517781477,6.4412401446055));
#3563=CARTESIAN_POINT('Ctrl Pts',(50.,13.2378864755346,6.73003734031816));
#3564=CARTESIAN_POINT('Ctrl Pts',(50.,13.0661974751685,7.01284762471133));
#3565=CARTESIAN_POINT('Ctrl Pts',(50.,12.8852701705868,7.28916817621618));
#3566=CARTESIAN_POINT('Ctrl Pts',(50.,12.8572705150485,7.3319305457666));
#3567=CARTESIAN_POINT('Ctrl Pts',(50.,12.829049517823,7.37453743951283));
#3568=CARTESIAN_POINT('Ctrl Pts',(50.,12.8006077700355,7.41698693657733));
#3569=CARTESIAN_POINT('Ctrl Pts',(50.,12.6167695131243,7.69136675336635));
#3570=CARTESIAN_POINT('Ctrl Pts',(50.,12.4237118767645,7.95917336447537));
#3571=CARTESIAN_POINT('Ctrl Pts',(50.,12.2218890585277,8.22005395415396));
#3572=CARTESIAN_POINT('Ctrl Pts',(50.,12.0194551253432,8.48172448438189));
#3573=CARTESIAN_POINT('Ctrl Pts',(50.,11.8082023740865,8.73642738160533));
#3574=CARTESIAN_POINT('Ctrl Pts',(50.,11.5885515252865,8.98376989849931));
#3575=CARTESIAN_POINT('Ctrl Pts',(50.,11.3696278695591,9.23029354414449));
#3576=CARTESIAN_POINT('Ctrl Pts',(50.,11.1423611355001,9.46950581638678));
#3577=CARTESIAN_POINT('Ctrl Pts',(50.,10.9071378885095,9.70097589869962));
#3578=CARTESIAN_POINT('Ctrl Pts',(50.,10.6740308889,9.93036349995785));
#3579=CARTESIAN_POINT('Ctrl Pts',(50.,10.4331094095288,10.1521478888969));
#3580=CARTESIAN_POINT('Ctrl Pts',(50.,10.1847275273252,10.3658637530968));
#3581=CARTESIAN_POINT('Ctrl Pts',(50.,10.0794770955119,10.4564246538873));
#3582=CARTESIAN_POINT('Ctrl Pts',(50.,9.97288684766042,10.5455361818012));
#3583=CARTESIAN_POINT('Ctrl Pts',(50.,9.86498283190003,10.6331602074606));
#3584=CARTESIAN_POINT('Ctrl Pts',(50.,9.82605552785157,10.6647713302233));
#3585=CARTESIAN_POINT('Ctrl Pts',(50.,9.78695723692141,10.6961888433969));
#3586=CARTESIAN_POINT('Ctrl Pts',(50.,9.74768916868463,10.7274109020248));
#3587=CARTESIAN_POINT('Ctrl Pts',(50.,9.72092478341433,10.7486912767306));
#3588=CARTESIAN_POINT('Ctrl Pts',(50.,9.69408076302475,10.7698814094478));
#3589=CARTESIAN_POINT('Ctrl Pts',(50.,9.66717071337745,10.7909704683471));
#3590=CARTESIAN_POINT('Ctrl Pts',(50.,9.41107152899537,10.9916720967086));
#3591=CARTESIAN_POINT('Ctrl Pts',(50.,9.14871866707091,11.1834436269384));
#3592=CARTESIAN_POINT('Ctrl Pts',(50.,8.88053205669113,11.3659414398558));
#3593=CARTESIAN_POINT('Ctrl Pts',(50.,8.61356040174276,11.5476124899877));
#3594=CARTESIAN_POINT('Ctrl Pts',(50.,8.34080723641671,11.7200939687405));
#3595=CARTESIAN_POINT('Ctrl Pts',(50.,8.06265852690727,11.8830040558327));
#3596=CARTESIAN_POINT('Ctrl Pts',(50.,7.85682616119401,12.0035588794876));
#3597=CARTESIAN_POINT('Ctrl Pts',(50.,7.64803851336966,12.1188714337557));
#3598=CARTESIAN_POINT('Ctrl Pts',(50.,7.43644433141647,12.2287702506778));
#3599=CARTESIAN_POINT('Ctrl Pts',(50.,7.14882804354993,12.3781537992814));
#3600=CARTESIAN_POINT('Ctrl Pts',(50.,6.85602636159497,12.5175365879508));
#3601=CARTESIAN_POINT('Ctrl Pts',(50.,6.55859129264242,12.6467607742415));
#3602=CARTESIAN_POINT('Ctrl Pts',(50.,6.26261612718653,12.775350688178));
#3603=CARTESIAN_POINT('Ctrl Pts',(50.,5.96205233956462,12.8938815412456));
#3604=CARTESIAN_POINT('Ctrl Pts',(50.,5.65743827101888,13.002146823792));
#3605=CARTESIAN_POINT('Ctrl Pts',(50.,5.45701646850697,13.0733803133711));
#3606=CARTESIAN_POINT('Ctrl Pts',(50.,5.2548411934958,13.1401687697972));
#3607=CARTESIAN_POINT('Ctrl Pts',(50.,5.0510663691672,13.2024410255398));
#3608=CARTESIAN_POINT('Ctrl Pts',(50.,5.00347753978961,13.2169838610606));
#3609=CARTESIAN_POINT('Ctrl Pts',(50.,4.95580147767697,13.2312803437307));
#3610=CARTESIAN_POINT('Ctrl Pts',(50.,4.90804015501623,13.2453294886164));
#3611=CARTESIAN_POINT('Ctrl Pts',(50.,4.87520727165674,13.2549873856266));
#3612=CARTESIAN_POINT('Ctrl Pts',(50.,4.84233409690088,13.2645283978127));
#3613=CARTESIAN_POINT('Ctrl Pts',(50.,4.80942127304566,13.2739521969869));
#3614=CARTESIAN_POINT('Ctrl Pts',(50.,4.77843557473245,13.2828242098978));
#3615=CARTESIAN_POINT('Ctrl Pts',(50.,4.74742312484639,13.2915899243849));
#3616=CARTESIAN_POINT('Ctrl Pts',(50.,4.71638751197244,13.3002484166548));
#3617=CARTESIAN_POINT('Ctrl Pts',(50.,4.40970554877663,13.385808299697));
#3618=CARTESIAN_POINT('Ctrl Pts',(50.,4.10066730770978,13.4609298946287));
#3619=CARTESIAN_POINT('Ctrl Pts',(50.,3.78981066810139,13.5255297591283));
#3620=CARTESIAN_POINT('Ctrl Pts',(50.,3.47853748737567,13.5902161860374));
#3621=CARTESIAN_POINT('Ctrl Pts',(50.,3.16544042863788,13.6443527537662));
#3622=CARTESIAN_POINT('Ctrl Pts',(50.,2.85105002614446,13.6878046123097));
#3623=CARTESIAN_POINT('Ctrl Pts',(50.,2.53829222873252,13.7310308287074));
#3624=CARTESIAN_POINT('Ctrl Pts',(50.,2.22425390126328,13.763683053639));
#3625=CARTESIAN_POINT('Ctrl Pts',(50.,1.9094568301486,13.7855771756518));
#3626=CARTESIAN_POINT('Ctrl Pts',(50.,1.59898427917814,13.8071705274847));
#3627=CARTESIAN_POINT('Ctrl Pts',(50.,1.28777316105309,13.8182992904353));
#3628=CARTESIAN_POINT('Ctrl Pts',(50.,0.976331749025592,13.8187368561084));
#3629=CARTESIAN_POINT('Ctrl Pts',(50.,0.86794203106456,13.8188891403521));
#3630=CARTESIAN_POINT('Ctrl Pts',(50.,0.759524524786921,13.8177460381395));
#3631=CARTESIAN_POINT('Ctrl Pts',(50.,0.651101056289798,13.8152965586039));
#3632=CARTESIAN_POINT('Ctrl Pts',(50.,0.367866643211422,13.8088977880402));
#3633=CARTESIAN_POINT('Ctrl Pts',(50.,0.0845904465691381,13.7935862104266));
#3634=CARTESIAN_POINT('Ctrl Pts',(50.,-0.198313661103299,13.769409238818));
#3635=CARTESIAN_POINT('Ctrl Pts',(50.,-0.286453399702672,13.7618768209424));
#3636=CARTESIAN_POINT('Ctrl Pts',(50.,-0.374556907169036,13.7534836641729));
#3637=CARTESIAN_POINT('Ctrl Pts',(50.,-0.4626113324287,13.7442306273695));
#3638=CARTESIAN_POINT('Ctrl Pts',(50.,-0.496791334138091,13.7406388849576));
#3639=CARTESIAN_POINT('Ctrl Pts',(50.,-0.53096615032078,13.7369173267481));
#3640=CARTESIAN_POINT('Ctrl Pts',(50.,-0.565127977882333,13.7330667892688));
#3641=CARTESIAN_POINT('Ctrl Pts',(50.,-0.874140143826075,13.698236599801));
#3642=CARTESIAN_POINT('Ctrl Pts',(50.,-1.18145427049097,13.6529305652771));
#3643=CARTESIAN_POINT('Ctrl Pts',(50.,-1.48655868368409,13.5973567355322));
#3644=CARTESIAN_POINT('Ctrl Pts',(50.,-1.79338623761405,13.5414690410059));
#3645=CARTESIAN_POINT('Ctrl Pts',(50.,-2.09797964415926,13.4751970632965));
#3646=CARTESIAN_POINT('Ctrl Pts',(50.,-2.3998083483411,13.3987006983309));
#3647=CARTESIAN_POINT('Ctrl Pts',(50.,-2.7003792371873,13.322523117827));
#3648=CARTESIAN_POINT('Ctrl Pts',(50.,-2.99820897887082,13.2362059385273));
#3649=CARTESIAN_POINT('Ctrl Pts',(50.,-3.29275493638441,13.1398593031626));
#3650=CARTESIAN_POINT('Ctrl Pts',(50.,-3.58487935511845,13.0443047584984));
#3651=CARTESIAN_POINT('Ctrl Pts',(50.,-3.87377427364898,12.9388847288438));
#3652=CARTESIAN_POINT('Ctrl Pts',(50.,-4.15888395778502,12.8236634300103));
#3653=CARTESIAN_POINT('Ctrl Pts',(50.,-4.44641079751615,12.7074652867458));
#3654=CARTESIAN_POINT('Ctrl Pts',(50.,-4.7300885551728,12.5812988403338));
#3655=CARTESIAN_POINT('Ctrl Pts',(50.,-5.00931178973915,12.4451886337413));
#3656=CARTESIAN_POINT('Ctrl Pts',(50.,-5.14892340702233,12.377133530445));
#3657=CARTESIAN_POINT('Ctrl Pts',(50.,-5.2874207847545,12.3065918574084));
#3658=CARTESIAN_POINT('Ctrl Pts',(50.,-5.42472423201869,12.233563028033));
#3659=CARTESIAN_POINT('Ctrl Pts',(50.,-5.46225960677851,12.2135987479403));
#3660=CARTESIAN_POINT('Ctrl Pts',(50.,-5.49970573753392,12.1934485789465));
#3661=CARTESIAN_POINT('Ctrl Pts',(50.,-5.53706095764258,12.1731124786594));
#3662=CARTESIAN_POINT('Ctrl Pts',(50.,-5.56990571128433,12.1552318664714));
#3663=CARTESIAN_POINT('Ctrl Pts',(50.,-5.60267399602609,12.1372108542643));
#3664=CARTESIAN_POINT('Ctrl Pts',(50.,-5.63535771369652,12.1190535546384));
#3665=CARTESIAN_POINT('Ctrl Pts',(50.,-5.70147641257946,12.0823215941376));
#3666=CARTESIAN_POINT('Ctrl Pts',(50.,-5.76725810829962,12.0450269568611));
#3667=CARTESIAN_POINT('Ctrl Pts',(50.,-5.83269490047711,12.0071713719892));
#3668=CARTESIAN_POINT('Ctrl Pts',(50.,-6.09794606791467,11.8537219477867));
#3669=CARTESIAN_POINT('Ctrl Pts',(50.,-6.35753255403222,11.6910587462055));
#3670=CARTESIAN_POINT('Ctrl Pts',(50.,-6.61107469422802,11.5195934501021));
#3671=CARTESIAN_POINT('Ctrl Pts',(50.,-6.86506548304621,11.3478247422311));
#3672=CARTESIAN_POINT('Ctrl Pts',(50.,-7.11299094088943,11.1672222890146));
#3673=CARTESIAN_POINT('Ctrl Pts',(50.,-7.35443354474375,10.978161833042));
#3674=CARTESIAN_POINT('Ctrl Pts',(50.,-7.59471851844098,10.7900078537303));
#3675=CARTESIAN_POINT('Ctrl Pts',(50.,-7.82858303005417,10.593476292788));
#3676=CARTESIAN_POINT('Ctrl Pts',(50.,-8.0555741480002,10.3889070403249));
#3677=CARTESIAN_POINT('Ctrl Pts',(50.,-8.11631680798169,10.3341644554278));
#3678=CARTESIAN_POINT('Ctrl Pts',(50.,-8.17656702085607,10.2788461495957));
#3679=CARTESIAN_POINT('Ctrl Pts',(50.,-8.23631554803966,10.2229583323232));
#3680=CARTESIAN_POINT('Ctrl Pts',(50.,-8.2670299693915,10.1942285535478));
#3681=CARTESIAN_POINT('Ctrl Pts',(50.,-8.29761181164903,10.1653482741883));
#3682=CARTESIAN_POINT('Ctrl Pts',(50.,-8.32805979406567,10.1363183262088));
#3683=CARTESIAN_POINT('Ctrl Pts',(50.,-8.35228708859704,10.1132193539911));
#3684=CARTESIAN_POINT('Ctrl Pts',(50.,-8.37642838559066,10.0900267776198));
#3685=CARTESIAN_POINT('Ctrl Pts',(50.,-8.40047636991808,10.0667476147707));
#3686=CARTESIAN_POINT('Ctrl Pts',(50.,-8.61778286049304,9.85638847974422));
#3687=CARTESIAN_POINT('Ctrl Pts',(50.,-8.82762857432355,9.63881398150524));
#3688=CARTESIAN_POINT('Ctrl Pts',(50.,-9.02962443800751,9.41439904250063));
#3689=CARTESIAN_POINT('Ctrl Pts',(50.,-9.23061730204788,9.1910984238575));
#3690=CARTESIAN_POINT('Ctrl Pts',(50.,-9.4238384286316,8.96102463957198));
#3691=CARTESIAN_POINT('Ctrl Pts',(50.,-9.60886200891268,8.72451834282158));
#3692=CARTESIAN_POINT('Ctrl Pts',(50.,-9.79108419699083,8.4915929242201));
#3693=CARTESIAN_POINT('Ctrl Pts',(50.,-9.96535543909872,8.25242782407642));
#3694=CARTESIAN_POINT('Ctrl Pts',(50.,-10.1312233602147,8.00732775985606));
#3695=CARTESIAN_POINT('Ctrl Pts',(50.,-10.2506959786148,7.83078520572365));
#3696=CARTESIAN_POINT('Ctrl Pts',(50.,-10.3658079075016,7.65116306300876));
#3697=CARTESIAN_POINT('Ctrl Pts',(50.,-10.4763739686608,7.46857044344948));
#3698=CARTESIAN_POINT('Ctrl Pts',(15.,13.3997277538068,6.44068464422522));
#3699=CARTESIAN_POINT('Ctrl Pts',(15.0927062108365,12.3278316560098,8.6707450623714));
#3700=CARTESIAN_POINT('Ctrl Pts',(15.1854124216729,10.6889784334355,10.6269029021654));
#3701=CARTESIAN_POINT('Ctrl Pts',(15.2781186325093,8.68110303953817,12.0711230084335));
#3702=CARTESIAN_POINT('Ctrl Pts',(15.3708248433458,6.67322764564075,13.5153431147016));
#3703=CARTESIAN_POINT('Ctrl Pts',(15.4635310541822,4.29633008042023,14.4476254874438));
#3704=CARTESIAN_POINT('Ctrl Pts',(15.5562372650187,1.84163845654895,14.7540449354286));
#3705=CARTESIAN_POINT('Ctrl Pts',(15.6489434758551,-0.613053167322435,15.0604643834134));
#3706=CARTESIAN_POINT('Ctrl Pts',(15.7416496866916,-3.14553884984464,14.7410209066408));
#3707=CARTESIAN_POINT('Ctrl Pts',(15.834355897528,-5.44713349392449,13.8347823969463));
#3708=CARTESIAN_POINT('Ctrl Pts',(15.9270621083645,-7.74872813800438,12.9285438872518));
#3709=CARTESIAN_POINT('Ctrl Pts',(16.019768319201,-9.81943174364197,11.4355103446354));
#3710=CARTESIAN_POINT('Ctrl Pts',(16.1124745300374,-11.4062455211489,9.53790070636703));
#3711=CARTESIAN_POINT('Ctrl Pts',(16.2051807408739,-12.9930592986558,7.64029106809876));
#3712=CARTESIAN_POINT('Ctrl Pts',(16.2978869517103,-14.095983248032,5.33810533417856));
#3713=CARTESIAN_POINT('Ctrl Pts',(16.3905931625468,-14.5804954035018,2.91239315946297));
#3714=CARTESIAN_POINT('Ctrl Pts',(16.4832993733832,-15.0650075589716,0.486680984747373));
#3715=CARTESIAN_POINT('Ctrl Pts',(16.5760055842197,-14.931107920535,-2.06255763076358));
#3716=CARTESIAN_POINT('Ctrl Pts',(16.6687117950561,-14.1950846009161,-4.42414357918621));
#3717=CARTESIAN_POINT('Ctrl Pts',(16.7614180058926,-13.4590612812972,-6.78572952760881));
#3718=CARTESIAN_POINT('Ctrl Pts',(16.854124216729,-12.120914280496,-8.95966280894313));
#3719=CARTESIAN_POINT('Ctrl Pts',(16.9468304275654,-10.3440217269054,-10.6805638551888));
#3720=CARTESIAN_POINT('Ctrl Pts',(17.0395366384019,-8.56712917331468,-12.4014649014346));
#3721=CARTESIAN_POINT('Ctrl Pts',(17.1322428492384,-6.35149106693457,-13.6693337125916));
#3722=CARTESIAN_POINT('Ctrl Pts',(17.2249490600748,-3.96755850920252,-14.3294024247003));
#3723=CARTESIAN_POINT('Ctrl Pts',(17.2751042664164,-2.67782151899733,-14.6865077594642));
#3724=CARTESIAN_POINT('Ctrl Pts',(17.325259472758,-1.33882568891583,-14.8657134218663));
#3725=CARTESIAN_POINT('Ctrl Pts',(17.3754146790996,9.29199084453991E-5,
-14.8660088567737));
#3726=CARTESIAN_POINT('Origin',(50.,0.,15.));
#3727=CARTESIAN_POINT('',(50.,-1.22464679914735E-15,-10.));
#3728=CARTESIAN_POINT('Origin',(50.,0.,0.));
#3729=CARTESIAN_POINT('Origin',(32.5,0.,0.));
#3730=CARTESIAN_POINT('Origin',(15.,0.,0.));
#3731=CARTESIAN_POINT('Origin',(15.,0.,50.));
#3732=CARTESIAN_POINT('',(15.,-6.12323399573677E-15,-50.));
#3733=CARTESIAN_POINT('Origin',(15.,0.,0.));
#3734=CARTESIAN_POINT('Origin',(12.5,0.,0.));
#3735=CARTESIAN_POINT('',(10.,-6.73555739531044E-15,-55.));
#3736=CARTESIAN_POINT('Origin',(10.,0.,0.));
#3737=CARTESIAN_POINT('',(12.5,-6.4293956955236E-15,-52.5));
#3738=CARTESIAN_POINT('Origin',(0.,0.,0.));
#3739=CARTESIAN_POINT('',(-10.,-6.73555739531044E-15,-55.));
#3740=CARTESIAN_POINT('Origin',(-10.,0.,0.));
#3741=CARTESIAN_POINT('',(0.,-6.73555739531044E-15,-55.));
#3742=CARTESIAN_POINT('Origin',(-12.5,0.,0.));
#3743=CARTESIAN_POINT('',(-15.,-6.12323399573677E-15,-50.));
#3744=CARTESIAN_POINT('Origin',(-15.,0.,0.));
#3745=CARTESIAN_POINT('',(-12.5,-6.4293956955236E-15,-52.5));
#3746=CARTESIAN_POINT('Origin',(-15.,0.,30.));
#3747=CARTESIAN_POINT('',(-15.,-3.67394039744206E-15,-30.));
#3748=CARTESIAN_POINT('Origin',(-15.,0.,0.));
#3749=CARTESIAN_POINT('Origin',(-25.,0.,0.));
#3750=CARTESIAN_POINT('',(-35.,-3.67394039744206E-15,-30.));
#3751=CARTESIAN_POINT('Origin',(-35.,0.,0.));
#3752=CARTESIAN_POINT('',(-25.,-3.67394039744206E-15,-30.));
#3753=CARTESIAN_POINT('Origin',(-37.5,0.,0.));
#3754=CARTESIAN_POINT('',(-40.,-3.06161699786838E-15,-25.));
#3755=CARTESIAN_POINT('Origin',(-40.,0.,0.));
#3756=CARTESIAN_POINT('',(-37.5,-3.36777869765522E-15,-27.5));
#3757=CARTESIAN_POINT('Origin',(-40.,0.,15.));
#3758=CARTESIAN_POINT('',(-40.,-1.83697019872103E-15,-15.));
#3759=CARTESIAN_POINT('Origin',(-40.,0.,0.));
#3760=CARTESIAN_POINT('Origin',(-25.,0.,0.));
#3761=CARTESIAN_POINT('',(-10.,-1.83697019872103E-15,-15.));
#3762=CARTESIAN_POINT('',(-25.,-1.83697019872103E-15,-15.));
#3763=CARTESIAN_POINT('Origin',(-10.,0.,0.));
#3764=CARTESIAN_POINT('Origin',(-10.,0.,20.));
#3765=CARTESIAN_POINT('',(-10.,-2.44929359829471E-15,-20.));
#3766=CARTESIAN_POINT('Origin',(-10.,0.,0.));
#3767=CARTESIAN_POINT('Origin',(-7.5,0.,0.));
#3768=CARTESIAN_POINT('',(-5.,-2.44929359829471E-15,-20.));
#3769=CARTESIAN_POINT('',(-7.5,-2.44929359829471E-15,-20.));
#3770=CARTESIAN_POINT('Origin',(-5.,0.,0.));
#3771=CARTESIAN_POINT('Origin',(-2.5,0.,0.));
#3772=CARTESIAN_POINT('',(-5.55111512312578E-16,-1.83697019872103E-15,-15.));
#3773=CARTESIAN_POINT('',(-2.5,-2.14313189850787E-15,-17.5));
#3774=CARTESIAN_POINT('Origin',(0.,0.,0.));
#3775=CARTESIAN_POINT('Origin',(0.,0.,5.));
#3776=CARTESIAN_POINT('',(0.,-1.22464679914735E-15,-10.));
#3777=CARTESIAN_POINT('Origin',(0.,0.,0.));
#3778=CARTESIAN_POINT('Origin',(20.,0.,0.));
#3779=CARTESIAN_POINT('',(20.,-1.22464679914735E-15,-10.));
#3780=UNCERTAINTY_MEASURE_WITH_UNIT(LENGTH_MEASURE(0.01),#3784,
'DISTANCE_ACCURACY_VALUE',
'Maximum model space distance between geometric entities at asserted c
onnectivities');
#3781=UNCERTAINTY_MEASURE_WITH_UNIT(LENGTH_MEASURE(0.01),#3784,
'DISTANCE_ACCURACY_VALUE',
'Maximum model space distance between geometric entities at asserted c
onnectivities');
#3782=(
GEOMETRIC_REPRESENTATION_CONTEXT(3)
GLOBAL_UNCERTAINTY_ASSIGNED_CONTEXT((#3780))
GLOBAL_UNIT_ASSIGNED_CONTEXT((#3784,#3786,#3787))
REPRESENTATION_CONTEXT('','3D')
);
#3783=(
GEOMETRIC_REPRESENTATION_CONTEXT(3)
GLOBAL_UNCERTAINTY_ASSIGNED_CONTEXT((#3781))
GLOBAL_UNIT_ASSIGNED_CONTEXT((#3784,#3786,#3787))
REPRESENTATION_CONTEXT('','3D')
);
#3784=(
LENGTH_UNIT()
NAMED_UNIT(*)
SI_UNIT(.MILLI.,.METRE.)
);
#3785=(
LENGTH_UNIT()
NAMED_UNIT(*)
SI_UNIT($,.METRE.)
);
#3786=(
NAMED_UNIT(*)
PLANE_ANGLE_UNIT()
SI_UNIT($,.RADIAN.)
);
#3787=(
NAMED_UNIT(*)
SI_UNIT($,.STERADIAN.)
SOLID_ANGLE_UNIT()
);
#3788=SHAPE_DEFINITION_REPRESENTATION(#3789,#3790);
#3789=PRODUCT_DEFINITION_SHAPE('',$,#3792);
#3790=SHAPE_REPRESENTATION('',(#667),#3782);
#3791=PRODUCT_DEFINITION_CONTEXT('part definition',#3796,'design');
#3792=PRODUCT_DEFINITION('(Unsaved)','(Unsaved)',#3793,#3791);
#3793=PRODUCT_DEFINITION_FORMATION('',$,#3798);
#3794=PRODUCT_RELATED_PRODUCT_CATEGORY('(Unsaved)','(Unsaved)',(#3798));
#3795=APPLICATION_PROTOCOL_DEFINITION('international standard',
'automotive_design',2009,#3796);
#3796=APPLICATION_CONTEXT(
'Core Data for Automotive Mechanical Design Process');
#3797=PRODUCT_CONTEXT('part definition',#3796,'mechanical');
#3798=PRODUCT('(Unsaved)','(Unsaved)',$,(#3797));
#3799=PRESENTATION_STYLE_ASSIGNMENT((#3800));
#3800=SURFACE_STYLE_USAGE(.BOTH.,#3801);
#3801=SURFACE_SIDE_STYLE('',(#3802));
#3802=SURFACE_STYLE_FILL_AREA(#3803);
#3803=FILL_AREA_STYLE('Steel - Satin',(#3804));
#3804=FILL_AREA_STYLE_COLOUR('Steel - Satin',#3805);
#3805=COLOUR_RGB('Steel - Satin',0.627450980392157,0.627450980392157,0.627450980392157);
ENDSEC;
END-ISO-10303-21;
