ISO-10303-21;
HEADER;
/* Generated by software containing ST-Developer
 * from STEP Tools, Inc. (www.steptools.com) 
 */

FILE_DESCRIPTION(
/* description */ (''),
/* implementation_level */ '2;1');

FILE_NAME(
/* name */ 'Untitled.step',
/* time_stamp */ '2024-10-31T13:51:07+03:00',
/* author */ (''),
/* organization */ (''),
/* preprocessor_version */ 'ST-DEVELOPER v20',
/* originating_system */ 'Autodesk Translation Framework v13.14.0.145',

/* authorisation */ '');

FILE_SCHEMA (('AUTOMOTIVE_DESIGN { 1 0 10303 214 3 1 1 }'));
ENDSEC;

DATA;
#10=MECHANICAL_DESIGN_GEOMETRIC_PRESENTATION_REPRESENTATION('',(#13),#5637);
#11=SHAPE_REPRESENTATION_RELATIONSHIP('SRR','None',#5644,#12);
#12=ADVANCED_BREP_SHAPE_REPRESENTATION('',(#14),#5636);
#13=STYLED_ITEM('',(#5653),#14);
#14=MANIFOLD_SOLID_BREP('Body1',#979);
#15=TOROIDAL_SURFACE('',#1075,22.5,7.5);
#16=TOROIDAL_SURFACE('',#1079,50.,10.);
#17=(
BOUNDED_CURVE()
B_SPLINE_CURVE(2,(#4066,#4067,#4068),.UNSPECIFIED.,.F.,.F.)
B_SPLINE_CURVE_WITH_KNOTS((3,3),(2.25257941590005,4.45562451659933),
 .UNSPECIFIED.)
CURVE()
GEOMETRIC_REPRESENTATION_ITEM()
RATIONAL_B_SPLINE_CURVE((1.08921464952063,1.11078535047937,1.08921464952063))
REPRESENTATION_ITEM('')
);
#18=(
BOUNDED_CURVE()
B_SPLINE_CURVE(2,(#4075,#4076,#4077),.UNSPECIFIED.,.F.,.F.)
B_SPLINE_CURVE_WITH_KNOTS((3,3),(1.39133150928965,2.29650424268593),
 .UNSPECIFIED.)
CURVE()
GEOMETRIC_REPRESENTATION_ITEM()
RATIONAL_B_SPLINE_CURVE((1.01053786884919,1.00869679884321,1.))
REPRESENTATION_ITEM('')
);
#19=(
BOUNDED_CURVE()
B_SPLINE_CURVE(2,(#4079,#4080,#4081),.UNSPECIFIED.,.F.,.F.)
B_SPLINE_CURVE_WITH_KNOTS((3,3),(0.,0.905172733396281),.UNSPECIFIED.)
CURVE()
GEOMETRIC_REPRESENTATION_ITEM()
RATIONAL_B_SPLINE_CURVE((1.,1.00869679884321,1.01053786884919))
REPRESENTATION_ITEM('')
);
#20=FACE_BOUND('',#133,.T.);
#21=FACE_BOUND('',#136,.T.);
#22=FACE_BOUND('',#138,.T.);
#23=FACE_BOUND('',#142,.T.);
#24=FACE_BOUND('',#152,.T.);
#25=CONICAL_SURFACE('',#1027,44.4525,0.785398163397448);
#26=CONICAL_SURFACE('',#1060,20.,0.785398163397448);
#27=CONICAL_SURFACE('',#1077,45.,0.785398163397448);
#28=CONICAL_SURFACE('',#1078,41.0557280900008,1.10714871779409);
#29=B_SPLINE_SURFACE_WITH_KNOTS('',3,3,((#2988,#2989,#2990,#2991,#2992,
#2993,#2994,#2995,#2996,#2997,#2998,#2999,#3000,#3001,#3002,#3003,#3004,
#3005,#3006,#3007,#3008,#3009,#3010,#3011,#3012,#3013,#3014,#3015,#3016,
#3017,#3018,#3019,#3020,#3021,#3022,#3023,#3024,#3025,#3026,#3027,#3028,
#3029,#3030,#3031,#3032,#3033,#3034,#3035,#3036,#3037,#3038,#3039,#3040,
#3041,#3042,#3043,#3044,#3045,#3046,#3047,#3048,#3049,#3050,#3051,#3052,
#3053,#3054,#3055,#3056,#3057,#3058),(#3059,#3060,#3061,#3062,#3063,#3064,
#3065,#3066,#3067,#3068,#3069,#3070,#3071,#3072,#3073,#3074,#3075,#3076,
#3077,#3078,#3079,#3080,#3081,#3082,#3083,#3084,#3085,#3086,#3087,#3088,
#3089,#3090,#3091,#3092,#3093,#3094,#3095,#3096,#3097,#3098,#3099,#3100,
#3101,#3102,#3103,#3104,#3105,#3106,#3107,#3108,#3109,#3110,#3111,#3112,
#3113,#3114,#3115,#3116,#3117,#3118,#3119,#3120,#3121,#3122,#3123,#3124,
#3125,#3126,#3127,#3128,#3129),(#3130,#3131,#3132,#3133,#3134,#3135,#3136,
#3137,#3138,#3139,#3140,#3141,#3142,#3143,#3144,#3145,#3146,#3147,#3148,
#3149,#3150,#3151,#3152,#3153,#3154,#3155,#3156,#3157,#3158,#3159,#3160,
#3161,#3162,#3163,#3164,#3165,#3166,#3167,#3168,#3169,#3170,#3171,#3172,
#3173,#3174,#3175,#3176,#3177,#3178,#3179,#3180,#3181,#3182,#3183,#3184,
#3185,#3186,#3187,#3188,#3189,#3190,#3191,#3192,#3193,#3194,#3195,#3196,
#3197,#3198,#3199,#3200),(#3201,#3202,#3203,#3204,#3205,#3206,#3207,#3208,
#3209,#3210,#3211,#3212,#3213,#3214,#3215,#3216,#3217,#3218,#3219,#3220,
#3221,#3222,#3223,#3224,#3225,#3226,#3227,#3228,#3229,#3230,#3231,#3232,
#3233,#3234,#3235,#3236,#3237,#3238,#3239,#3240,#3241,#3242,#3243,#3244,
#3245,#3246,#3247,#3248,#3249,#3250,#3251,#3252,#3253,#3254,#3255,#3256,
#3257,#3258,#3259,#3260,#3261,#3262,#3263,#3264,#3265,#3266,#3267,#3268,
#3269,#3270,#3271)),.UNSPECIFIED.,.F.,.F.,.F.,(4,4),(4,1,1,1,1,1,1,1,1,
1,1,1,1,1,1,1,1,1,1,1,1,1,1,1,1,1,1,1,1,1,1,1,1,1,1,1,1,1,1,1,1,1,1,1,1,
1,1,1,1,1,1,1,1,1,1,1,1,1,1,1,1,1,1,1,1,1,1,1,4),(0.,0.38844126111078),
(16.0302456732399,16.5221545000487,17.0140633268574,17.5059721536661,17.9978809804748,
18.4897898072835,18.9816986340922,19.4736074609009,19.9655162877097,20.4574251145184,
20.9493339413271,21.4412427681358,21.9331515949445,22.4250604217532,22.9169692485619,
23.4088780753707,23.9007869021794,24.3926957289881,24.8846045557968,25.3765133826055,
25.8684222094142,26.3603310362229,26.8522398630317,27.3441486898404,27.8360575166491,
28.3279663434578,28.8198751702665,29.3117839970752,29.8036928238839,30.2956016506927,
30.7875104775014,31.2794193043101,31.7713281311188,32.2632369579275,32.7551457847362,
33.2470546115449,33.7389634383537,34.2308722651624,34.7227810919711,35.2146899187798,
35.7065987455885,36.1985075723972,36.6904163992059,37.1823252260147,37.6742340528234,
38.1661428796321,38.6580517064408,39.1499605332495,39.6418693600582,40.1337781868669,
40.6256870136757,41.1175958404844,41.6095046672931,42.1014134941018,42.5933223209105,
43.0852311477192,43.5771399745279,44.0690488013366,44.5609576281454,45.0528664549541,
45.5447752817628,46.0366841085715,46.5285929353802,47.0205017621889,47.5124105889977,
48.0043194158064,48.4962282426151,48.9881370694238,49.4800458962325),
 .UNSPECIFIED.);
#30=B_SPLINE_SURFACE_WITH_KNOTS('',3,3,((#3662,#3663,#3664,#3665,#3666,
#3667,#3668,#3669,#3670,#3671,#3672,#3673,#3674,#3675,#3676,#3677,#3678,
#3679,#3680,#3681,#3682,#3683,#3684,#3685,#3686,#3687,#3688,#3689,#3690,
#3691,#3692,#3693,#3694,#3695,#3696,#3697,#3698,#3699,#3700,#3701,#3702,
#3703,#3704,#3705,#3706,#3707,#3708,#3709,#3710,#3711,#3712,#3713,#3714,
#3715,#3716,#3717,#3718,#3719,#3720,#3721,#3722,#3723,#3724,#3725,#3726,
#3727,#3728,#3729,#3730,#3731,#3732),(#3733,#3734,#3735,#3736,#3737,#3738,
#3739,#3740,#3741,#3742,#3743,#3744,#3745,#3746,#3747,#3748,#3749,#3750,
#3751,#3752,#3753,#3754,#3755,#3756,#3757,#3758,#3759,#3760,#3761,#3762,
#3763,#3764,#3765,#3766,#3767,#3768,#3769,#3770,#3771,#3772,#3773,#3774,
#3775,#3776,#3777,#3778,#3779,#3780,#3781,#3782,#3783,#3784,#3785,#3786,
#3787,#3788,#3789,#3790,#3791,#3792,#3793,#3794,#3795,#3796,#3797,#3798,
#3799,#3800,#3801,#3802,#3803),(#3804,#3805,#3806,#3807,#3808,#3809,#3810,
#3811,#3812,#3813,#3814,#3815,#3816,#3817,#3818,#3819,#3820,#3821,#3822,
#3823,#3824,#3825,#3826,#3827,#3828,#3829,#3830,#3831,#3832,#3833,#3834,
#3835,#3836,#3837,#3838,#3839,#3840,#3841,#3842,#3843,#3844,#3845,#3846,
#3847,#3848,#3849,#3850,#3851,#3852,#3853,#3854,#3855,#3856,#3857,#3858,
#3859,#3860,#3861,#3862,#3863,#3864,#3865,#3866,#3867,#3868,#3869,#3870,
#3871,#3872,#3873,#3874),(#3875,#3876,#3877,#3878,#3879,#3880,#3881,#3882,
#3883,#3884,#3885,#3886,#3887,#3888,#3889,#3890,#3891,#3892,#3893,#3894,
#3895,#3896,#3897,#3898,#3899,#3900,#3901,#3902,#3903,#3904,#3905,#3906,
#3907,#3908,#3909,#3910,#3911,#3912,#3913,#3914,#3915,#3916,#3917,#3918,
#3919,#3920,#3921,#3922,#3923,#3924,#3925,#3926,#3927,#3928,#3929,#3930,
#3931,#3932,#3933,#3934,#3935,#3936,#3937,#3938,#3939,#3940,#3941,#3942,
#3943,#3944,#3945)),.UNSPECIFIED.,.F.,.F.,.F.,(4,4),(4,1,1,1,1,1,1,1,1,
1,1,1,1,1,1,1,1,1,1,1,1,1,1,1,1,1,1,1,1,1,1,1,1,1,1,1,1,1,1,1,1,1,1,1,1,
1,1,1,1,1,1,1,1,1,1,1,1,1,1,1,1,1,1,1,1,1,1,1,4),(0.,0.38844126111078),
(18.5877949315463,19.079703758355,19.5716125851637,20.0635214119725,20.5554302387812,
21.0473390655899,21.5392478923986,22.0311567192073,22.523065546016,23.0149743728247,
23.5068831996335,23.9987920264422,24.4907008532509,24.9826096800596,25.4745185068683,
25.966427333677,26.4583361604857,26.9502449872945,27.4421538141032,27.9340626409119,
28.4259714677206,28.9178802945293,29.409789121338,29.9016979481467,30.3936067749555,
30.8855156017642,31.3774244285729,31.8693332553816,32.3612420821903,32.853150908999,
33.3450597358078,33.8369685626165,34.3288773894252,34.8207862162339,35.3126950430426,
35.8046038698513,36.29651269666,36.7884215234687,37.2803303502775,37.7722391770862,
38.2641480038949,38.7560568307036,39.2479656575123,39.739874484321,40.2317833111297,
40.7236921379385,41.2156009647472,41.7075097915559,42.1994186183646,42.6913274451733,
43.183236271982,43.6751450987908,44.1670539255995,44.6589627524082,45.1508715792169,
45.6427804060256,46.1346892328343,46.626598059643,47.1185068864518,47.6104157132605,
48.1023245400692,48.5942333668779,49.0861421936866,49.5780510204953,50.069959847304,
50.5618686741128,51.0537775009215,51.5456863277302,52.0375951545389),
 .UNSPECIFIED.);
#31=B_SPLINE_SURFACE_WITH_KNOTS('',3,3,((#4428,#4429,#4430,#4431,#4432,
#4433,#4434,#4435,#4436,#4437,#4438,#4439,#4440,#4441,#4442,#4443,#4444,
#4445,#4446,#4447,#4448,#4449,#4450,#4451,#4452,#4453,#4454,#4455,#4456,
#4457,#4458,#4459,#4460,#4461,#4462,#4463,#4464,#4465,#4466,#4467,#4468,
#4469,#4470,#4471,#4472,#4473,#4474,#4475,#4476,#4477,#4478,#4479,#4480,
#4481,#4482,#4483,#4484,#4485,#4486,#4487,#4488,#4489,#4490,#4491,#4492,
#4493,#4494,#4495,#4496,#4497,#4498,#4499,#4500,#4501,#4502,#4503,#4504,
#4505,#4506,#4507,#4508,#4509,#4510,#4511,#4512,#4513,#4514,#4515,#4516,
#4517,#4518,#4519,#4520,#4521,#4522,#4523,#4524),(#4525,#4526,#4527,#4528,
#4529,#4530,#4531,#4532,#4533,#4534,#4535,#4536,#4537,#4538,#4539,#4540,
#4541,#4542,#4543,#4544,#4545,#4546,#4547,#4548,#4549,#4550,#4551,#4552,
#4553,#4554,#4555,#4556,#4557,#4558,#4559,#4560,#4561,#4562,#4563,#4564,
#4565,#4566,#4567,#4568,#4569,#4570,#4571,#4572,#4573,#4574,#4575,#4576,
#4577,#4578,#4579,#4580,#4581,#4582,#4583,#4584,#4585,#4586,#4587,#4588,
#4589,#4590,#4591,#4592,#4593,#4594,#4595,#4596,#4597,#4598,#4599,#4600,
#4601,#4602,#4603,#4604,#4605,#4606,#4607,#4608,#4609,#4610,#4611,#4612,
#4613,#4614,#4615,#4616,#4617,#4618,#4619,#4620,#4621),(#4622,#4623,#4624,
#4625,#4626,#4627,#4628,#4629,#4630,#4631,#4632,#4633,#4634,#4635,#4636,
#4637,#4638,#4639,#4640,#4641,#4642,#4643,#4644,#4645,#4646,#4647,#4648,
#4649,#4650,#4651,#4652,#4653,#4654,#4655,#4656,#4657,#4658,#4659,#4660,
#4661,#4662,#4663,#4664,#4665,#4666,#4667,#4668,#4669,#4670,#4671,#4672,
#4673,#4674,#4675,#4676,#4677,#4678,#4679,#4680,#4681,#4682,#4683,#4684,
#4685,#4686,#4687,#4688,#4689,#4690,#4691,#4692,#4693,#4694,#4695,#4696,
#4697,#4698,#4699,#4700,#4701,#4702,#4703,#4704,#4705,#4706,#4707,#4708,
#4709,#4710,#4711,#4712,#4713,#4714,#4715,#4716,#4717,#4718),(#4719,#4720,
#4721,#4722,#4723,#4724,#4725,#4726,#4727,#4728,#4729,#4730,#4731,#4732,
#4733,#4734,#4735,#4736,#4737,#4738,#4739,#4740,#4741,#4742,#4743,#4744,
#4745,#4746,#4747,#4748,#4749,#4750,#4751,#4752,#4753,#4754,#4755,#4756,
#4757,#4758,#4759,#4760,#4761,#4762,#4763,#4764,#4765,#4766,#4767,#4768,
#4769,#4770,#4771,#4772,#4773,#4774,#4775,#4776,#4777,#4778,#4779,#4780,
#4781,#4782,#4783,#4784,#4785,#4786,#4787,#4788,#4789,#4790,#4791,#4792,
#4793,#4794,#4795,#4796,#4797,#4798,#4799,#4800,#4801,#4802,#4803,#4804,
#4805,#4806,#4807,#4808,#4809,#4810,#4811,#4812,#4813,#4814,#4815)),
 .UNSPECIFIED.,.F.,.F.,.F.,(4,4),(4,1,1,1,1,1,1,1,1,1,1,1,1,1,1,1,1,1,1,
1,1,1,1,1,1,1,1,1,1,1,1,1,1,1,1,1,1,1,1,1,1,1,1,1,1,1,1,1,1,1,1,1,1,1,1,
1,1,1,1,1,1,1,1,1,1,1,1,1,1,1,1,1,1,1,1,1,1,1,1,1,1,1,1,1,1,1,1,1,1,1,1,
1,1,1,4),(0.,0.397447925310138),(8.29508325674548,8.78596178116968,9.27684030559388,
9.76771883001808,10.2585973544423,10.7494758788665,11.2403544032907,11.7312329277149,
12.2221114521391,12.7129899765633,13.2038685009875,13.6947470254117,14.1856255498359,
14.6765040742601,15.1673825986843,15.6582611231085,16.1491396475327,16.6400181719569,
17.1308966963811,17.6217752208053,18.1126537452295,18.6035322696537,19.0944107940779,
19.5852893185021,20.0761678429263,20.5670463673505,21.0579248917747,21.5488034161989,
22.0396819406231,22.5305604650473,23.0214389894715,23.5123175138957,24.0031960383199,
24.4940745627441,24.9849530871683,25.4758316115925,25.9667101360167,26.4575886604408,
26.948467184865,27.4393457092892,27.9302242337134,28.4211027581376,28.9119812825618,
29.402859806986,29.8937383314102,30.3846168558344,30.8754953802586,31.3663739046828,
31.857252429107,32.3481309535312,32.8390094779554,33.3298880023796,33.8207665268038,
34.311645051228,34.8025235756522,35.2934021000764,35.7842806245006,36.2751591489248,
36.766037673349,37.2569161977732,37.7477947221974,38.2386732466216,38.7295517710458,
39.22043029547,39.7113088198942,40.2021873443184,40.6930658687426,41.1839443931668,
41.674822917591,42.1657014420152,42.6565799664394,43.1474584908636,43.6383370152878,
44.129215539712,44.6200940641362,45.1109725885604,45.6018511129846,46.0927296374088,
46.583608161833,47.0744866862572,47.5653652106814,48.0562437351056,48.5471222595298,
49.038000783954,49.5288793083782,50.0197578328024,50.5106363572266,51.0015148816508,
51.492393406075,51.9832719304992,52.4741504549234,52.9650289793476,53.4559075037718,
53.946786028196,54.4376645526202),.UNSPECIFIED.);
#32=B_SPLINE_SURFACE_WITH_KNOTS('',3,3,((#5208,#5209,#5210,#5211,#5212,
#5213,#5214,#5215,#5216,#5217,#5218,#5219,#5220,#5221,#5222,#5223,#5224,
#5225,#5226,#5227,#5228,#5229,#5230,#5231,#5232,#5233,#5234,#5235,#5236,
#5237,#5238,#5239,#5240,#5241,#5242,#5243,#5244,#5245,#5246,#5247,#5248,
#5249,#5250,#5251,#5252,#5253,#5254,#5255,#5256,#5257,#5258,#5259,#5260,
#5261,#5262,#5263,#5264,#5265,#5266,#5267,#5268,#5269,#5270,#5271,#5272,
#5273,#5274,#5275,#5276,#5277,#5278,#5279,#5280,#5281,#5282,#5283,#5284,
#5285,#5286,#5287,#5288,#5289,#5290,#5291,#5292,#5293,#5294,#5295,#5296,
#5297,#5298,#5299,#5300,#5301,#5302,#5303,#5304),(#5305,#5306,#5307,#5308,
#5309,#5310,#5311,#5312,#5313,#5314,#5315,#5316,#5317,#5318,#5319,#5320,
#5321,#5322,#5323,#5324,#5325,#5326,#5327,#5328,#5329,#5330,#5331,#5332,
#5333,#5334,#5335,#5336,#5337,#5338,#5339,#5340,#5341,#5342,#5343,#5344,
#5345,#5346,#5347,#5348,#5349,#5350,#5351,#5352,#5353,#5354,#5355,#5356,
#5357,#5358,#5359,#5360,#5361,#5362,#5363,#5364,#5365,#5366,#5367,#5368,
#5369,#5370,#5371,#5372,#5373,#5374,#5375,#5376,#5377,#5378,#5379,#5380,
#5381,#5382,#5383,#5384,#5385,#5386,#5387,#5388,#5389,#5390,#5391,#5392,
#5393,#5394,#5395,#5396,#5397,#5398,#5399,#5400,#5401),(#5402,#5403,#5404,
#5405,#5406,#5407,#5408,#5409,#5410,#5411,#5412,#5413,#5414,#5415,#5416,
#5417,#5418,#5419,#5420,#5421,#5422,#5423,#5424,#5425,#5426,#5427,#5428,
#5429,#5430,#5431,#5432,#5433,#5434,#5435,#5436,#5437,#5438,#5439,#5440,
#5441,#5442,#5443,#5444,#5445,#5446,#5447,#5448,#5449,#5450,#5451,#5452,
#5453,#5454,#5455,#5456,#5457,#5458,#5459,#5460,#5461,#5462,#5463,#5464,
#5465,#5466,#5467,#5468,#5469,#5470,#5471,#5472,#5473,#5474,#5475,#5476,
#5477,#5478,#5479,#5480,#5481,#5482,#5483,#5484,#5485,#5486,#5487,#5488,
#5489,#5490,#5491,#5492,#5493,#5494,#5495,#5496,#5497,#5498),(#5499,#5500,
#5501,#5502,#5503,#5504,#5505,#5506,#5507,#5508,#5509,#5510,#5511,#5512,
#5513,#5514,#5515,#5516,#5517,#5518,#5519,#5520,#5521,#5522,#5523,#5524,
#5525,#5526,#5527,#5528,#5529,#5530,#5531,#5532,#5533,#5534,#5535,#5536,
#5537,#5538,#5539,#5540,#5541,#5542,#5543,#5544,#5545,#5546,#5547,#5548,
#5549,#5550,#5551,#5552,#5553,#5554,#5555,#5556,#5557,#5558,#5559,#5560,
#5561,#5562,#5563,#5564,#5565,#5566,#5567,#5568,#5569,#5570,#5571,#5572,
#5573,#5574,#5575,#5576,#5577,#5578,#5579,#5580,#5581,#5582,#5583,#5584,
#5585,#5586,#5587,#5588,#5589,#5590,#5591,#5592,#5593,#5594,#5595)),
 .UNSPECIFIED.,.F.,.F.,.F.,(4,4),(4,1,1,1,1,1,1,1,1,1,1,1,1,1,1,1,1,1,1,
1,1,1,1,1,1,1,1,1,1,1,1,1,1,1,1,1,1,1,1,1,1,1,1,1,1,1,1,1,1,1,1,1,1,1,1,
1,1,1,1,1,1,1,1,1,1,1,1,1,1,1,1,1,1,1,1,1,1,1,1,1,1,1,1,1,1,1,1,1,1,1,1,
1,1,1,4),(0.,0.397447925310138),(11.6150328478183,12.1059113722425,12.5967898966667,
13.0876684210909,13.5785469455151,14.0694254699393,14.5603039943635,15.0511825187877,
15.5420610432119,16.0329395676361,16.5238180920603,17.0146966164845,17.5055751409087,
17.9964536653329,18.4873321897571,18.9782107141813,19.4690892386055,19.9599677630297,
20.4508462874539,20.9417248118781,21.4326033363023,21.9234818607265,22.4143603851507,
22.9052389095749,23.3961174339991,23.8869959584233,24.3778744828475,24.8687530072717,
25.3596315316959,25.8505100561201,26.3413885805443,26.8322671049685,27.3231456293927,
27.8140241538169,28.3049026782411,28.7957812026653,29.2866597270895,29.7775382515137,
30.2684167759379,30.7592953003621,31.2501738247863,31.7410523492105,32.2319308736347,
32.7228093980589,33.2136879224831,33.7045664469073,34.1954449713315,34.6863234957557,
35.1772020201799,35.6680805446041,36.1589590690283,36.6498375934525,37.1407161178767,
37.6315946423009,38.1224731667251,38.6133516911493,39.1042302155735,39.5951087399977,
40.0859872644219,40.5768657888461,41.0677443132703,41.5586228376945,42.0495013621187,
42.5403798865429,43.0312584109671,43.5221369353913,44.0130154598155,44.5038939842397,
44.9947725086639,45.4856510330881,45.9765295575123,46.4674080819365,46.9582866063607,
47.4491651307849,47.9400436552091,48.4309221796333,48.9218007040575,49.4126792284817,
49.9035577529059,50.3944362773301,50.8853148017543,51.3761933261785,51.8670718506027,
52.3579503750269,52.8488288994511,53.3397074238753,53.8305859482995,54.3214644727237,
54.8123429971479,55.3032215215721,55.7941000459963,56.2849785704205,56.7758570948447,
57.2667356192689,57.7576141436931),.UNSPECIFIED.);
#33=PLANE('',#1023);
#34=PLANE('',#1024);
#35=PLANE('',#1029);
#36=PLANE('',#1032);
#37=PLANE('',#1035);
#38=PLANE('',#1042);
#39=PLANE('',#1050);
#40=PLANE('',#1052);
#41=PLANE('',#1054);
#42=PLANE('',#1055);
#43=PLANE('',#1058);
#44=PLANE('',#1065);
#45=PLANE('',#1068);
#46=FACE_OUTER_BOUND('',#103,.T.);
#47=FACE_OUTER_BOUND('',#104,.T.);
#48=FACE_OUTER_BOUND('',#105,.T.);
#49=FACE_OUTER_BOUND('',#106,.T.);
#50=FACE_OUTER_BOUND('',#107,.T.);
#51=FACE_OUTER_BOUND('',#108,.T.);
#52=FACE_OUTER_BOUND('',#109,.T.);
#53=FACE_OUTER_BOUND('',#110,.T.);
#54=FACE_OUTER_BOUND('',#111,.T.);
#55=FACE_OUTER_BOUND('',#112,.T.);
#56=FACE_OUTER_BOUND('',#113,.T.);
#57=FACE_OUTER_BOUND('',#114,.T.);
#58=FACE_OUTER_BOUND('',#115,.T.);
#59=FACE_OUTER_BOUND('',#116,.T.);
#60=FACE_OUTER_BOUND('',#117,.T.);
#61=FACE_OUTER_BOUND('',#118,.T.);
#62=FACE_OUTER_BOUND('',#119,.T.);
#63=FACE_OUTER_BOUND('',#120,.T.);
#64=FACE_OUTER_BOUND('',#121,.T.);
#65=FACE_OUTER_BOUND('',#122,.T.);
#66=FACE_OUTER_BOUND('',#123,.T.);
#67=FACE_OUTER_BOUND('',#124,.T.);
#68=FACE_OUTER_BOUND('',#125,.T.);
#69=FACE_OUTER_BOUND('',#126,.T.);
#70=FACE_OUTER_BOUND('',#127,.T.);
#71=FACE_OUTER_BOUND('',#128,.T.);
#72=FACE_OUTER_BOUND('',#129,.T.);
#73=FACE_OUTER_BOUND('',#130,.T.);
#74=FACE_OUTER_BOUND('',#131,.T.);
#75=FACE_OUTER_BOUND('',#132,.T.);
#76=FACE_OUTER_BOUND('',#134,.T.);
#77=FACE_OUTER_BOUND('',#135,.T.);
#78=FACE_OUTER_BOUND('',#137,.T.);
#79=FACE_OUTER_BOUND('',#139,.T.);
#80=FACE_OUTER_BOUND('',#140,.T.);
#81=FACE_OUTER_BOUND('',#141,.T.);
#82=FACE_OUTER_BOUND('',#143,.T.);
#83=FACE_OUTER_BOUND('',#144,.T.);
#84=FACE_OUTER_BOUND('',#145,.T.);
#85=FACE_OUTER_BOUND('',#146,.T.);
#86=FACE_OUTER_BOUND('',#147,.T.);
#87=FACE_OUTER_BOUND('',#148,.T.);
#88=FACE_OUTER_BOUND('',#149,.T.);
#89=FACE_OUTER_BOUND('',#150,.T.);
#90=FACE_OUTER_BOUND('',#151,.T.);
#91=FACE_OUTER_BOUND('',#153,.T.);
#92=FACE_OUTER_BOUND('',#154,.T.);
#93=FACE_OUTER_BOUND('',#155,.T.);
#94=FACE_OUTER_BOUND('',#156,.T.);
#95=FACE_OUTER_BOUND('',#157,.T.);
#96=FACE_OUTER_BOUND('',#158,.T.);
#97=FACE_OUTER_BOUND('',#159,.T.);
#98=FACE_OUTER_BOUND('',#160,.T.);
#99=FACE_OUTER_BOUND('',#161,.T.);
#100=FACE_OUTER_BOUND('',#162,.T.);
#101=FACE_OUTER_BOUND('',#163,.T.);
#102=FACE_OUTER_BOUND('',#164,.T.);
#103=EDGE_LOOP('',(#594,#595,#596,#597));
#104=EDGE_LOOP('',(#598,#599,#600,#601));
#105=EDGE_LOOP('',(#602,#603,#604,#605));
#106=EDGE_LOOP('',(#606,#607,#608,#609));
#107=EDGE_LOOP('',(#610,#611,#612,#613));
#108=EDGE_LOOP('',(#614,#615,#616,#617));
#109=EDGE_LOOP('',(#618,#619,#620,#621));
#110=EDGE_LOOP('',(#622,#623,#624,#625));
#111=EDGE_LOOP('',(#626,#627,#628,#629));
#112=EDGE_LOOP('',(#630,#631,#632,#633));
#113=EDGE_LOOP('',(#634,#635,#636,#637));
#114=EDGE_LOOP('',(#638,#639,#640,#641));
#115=EDGE_LOOP('',(#642,#643,#644,#645));
#116=EDGE_LOOP('',(#646,#647,#648,#649));
#117=EDGE_LOOP('',(#650,#651,#652,#653,#654,#655,#656,#657));
#118=EDGE_LOOP('',(#658,#659,#660,#661));
#119=EDGE_LOOP('',(#662,#663,#664,#665));
#120=EDGE_LOOP('',(#666,#667,#668,#669,#670,#671,#672,#673));
#121=EDGE_LOOP('',(#674,#675,#676,#677));
#122=EDGE_LOOP('',(#678,#679,#680,#681));
#123=EDGE_LOOP('',(#682,#683,#684,#685));
#124=EDGE_LOOP('',(#686,#687,#688,#689));
#125=EDGE_LOOP('',(#690,#691,#692,#693));
#126=EDGE_LOOP('',(#694,#695,#696,#697));
#127=EDGE_LOOP('',(#698,#699,#700,#701,#702,#703,#704,#705,#706,#707,#708,
#709,#710,#711));
#128=EDGE_LOOP('',(#712,#713,#714,#715));
#129=EDGE_LOOP('',(#716,#717,#718,#719));
#130=EDGE_LOOP('',(#720,#721,#722,#723,#724,#725,#726,#727,#728,#729,#730,
#731,#732,#733));
#131=EDGE_LOOP('',(#734,#735,#736,#737));
#132=EDGE_LOOP('',(#738));
#133=EDGE_LOOP('',(#739));
#134=EDGE_LOOP('',(#740,#741,#742,#743));
#135=EDGE_LOOP('',(#744));
#136=EDGE_LOOP('',(#745));
#137=EDGE_LOOP('',(#746));
#138=EDGE_LOOP('',(#747));
#139=EDGE_LOOP('',(#748,#749,#750,#751));
#140=EDGE_LOOP('',(#752,#753,#754,#755));
#141=EDGE_LOOP('',(#756));
#142=EDGE_LOOP('',(#757));
#143=EDGE_LOOP('',(#758,#759,#760,#761,#762,#763,#764,#765,#766,#767));
#144=EDGE_LOOP('',(#768,#769,#770,#771));
#145=EDGE_LOOP('',(#772,#773,#774,#775,#776,#777));
#146=EDGE_LOOP('',(#778,#779,#780,#781));
#147=EDGE_LOOP('',(#782,#783,#784,#785));
#148=EDGE_LOOP('',(#786,#787,#788,#789));
#149=EDGE_LOOP('',(#790,#791,#792,#793));
#150=EDGE_LOOP('',(#794,#795,#796,#797));
#151=EDGE_LOOP('',(#798));
#152=EDGE_LOOP('',(#799));
#153=EDGE_LOOP('',(#800,#801,#802,#803));
#154=EDGE_LOOP('',(#804,#805,#806,#807,#808));
#155=EDGE_LOOP('',(#809,#810,#811,#812,#813));
#156=EDGE_LOOP('',(#814,#815,#816,#817,#818,#819,#820,#821,#822,#823,#824,
#825,#826,#827,#828,#829,#830,#831));
#157=EDGE_LOOP('',(#832,#833,#834,#835,#836));
#158=EDGE_LOOP('',(#837,#838,#839,#840));
#159=EDGE_LOOP('',(#841,#842,#843,#844,#845,#846,#847,#848,#849,#850,#851,
#852,#853,#854,#855,#856,#857,#858));
#160=EDGE_LOOP('',(#859,#860,#861,#862));
#161=EDGE_LOOP('',(#863,#864,#865,#866,#867));
#162=EDGE_LOOP('',(#868,#869,#870,#871,#872,#873));
#163=EDGE_LOOP('',(#874,#875,#876,#877,#878,#879,#880,#881,#882,#883));
#164=EDGE_LOOP('',(#884,#885,#886,#887));
#165=CIRCLE('',#994,39.81);
#166=CIRCLE('',#1002,36.368);
#167=CIRCLE('',#1010,46.9525);
#168=CIRCLE('',#1011,46.9525);
#169=CIRCLE('',#1015,46.9525);
#170=CIRCLE('',#1016,46.9525);
#171=CIRCLE('',#1018,50.3165);
#172=CIRCLE('',#1025,50.3165);
#173=CIRCLE('',#1028,41.9525);
#174=CIRCLE('',#1030,22.5);
#175=CIRCLE('',#1033,60.);
#176=CIRCLE('',#1034,55.);
#177=CIRCLE('',#1036,50.);
#178=CIRCLE('',#1038,55.);
#179=CIRCLE('',#1040,50.);
#180=CIRCLE('',#1041,50.);
#181=CIRCLE('',#1043,60.);
#182=CIRCLE('',#1045,60.);
#183=CIRCLE('',#1046,60.);
#184=CIRCLE('',#1047,60.);
#185=CIRCLE('',#1049,6.);
#186=CIRCLE('',#1051,6.);
#187=CIRCLE('',#1057,60.);
#188=CIRCLE('',#1059,25.);
#189=CIRCLE('',#1061,15.);
#190=CIRCLE('',#1063,15.);
#191=CIRCLE('',#1064,15.);
#192=CIRCLE('',#1066,39.81);
#193=CIRCLE('',#1067,39.81);
#194=CIRCLE('',#1069,39.81);
#195=CIRCLE('',#1070,39.81);
#196=CIRCLE('',#1071,36.368);
#197=CIRCLE('',#1074,39.81);
#198=CIRCLE('',#1076,7.5);
#199=CIRCLE('',#1080,10.);
#200=B_SPLINE_CURVE_WITH_KNOTS('',3,(#1308,#1309,#1310,#1311,#1312,#1313,
#1314,#1315,#1316,#1317,#1318,#1319,#1320,#1321,#1322,#1323),
 .UNSPECIFIED.,.F.,.F.,(4,3,3,3,3,4),(-4.09293042013064,-3.92702819539359,
-3.4361496709694,-2.9452711465452,-2.454392622121,-2.08103247056473),
 .UNSPECIFIED.);
#201=B_SPLINE_CURVE_WITH_KNOTS('',3,(#1326,#1327,#1328,#1329,#1330,#1331,
#1332,#1333,#1334,#1335),.UNSPECIFIED.,.F.,.F.,(4,3,3,4),(0.,0.490878524424201,
0.981757048848401,1.12969470402388),.UNSPECIFIED.);
#202=B_SPLINE_CURVE_WITH_KNOTS('',3,(#1340,#1341,#1342,#1343,#1344,#1345,
#1346,#1347,#1348,#1349,#1350,#1351,#1352,#1353,#1354,#1355,#1356,#1357,
#1358,#1359,#1360,#1361,#1362,#1363,#1364,#1365,#1366,#1367,#1368,#1369,
#1370,#1371,#1372,#1373,#1374,#1375,#1376,#1377,#1378,#1379,#1380,#1381,
#1382),.UNSPECIFIED.,.F.,.F.,(4,3,3,3,3,3,3,3,3,3,3,3,3,3,4),(-10.3761157273102,
-10.3084490129082,-9.81757048848399,-9.32669196405979,-8.83581343963559,
-8.34493491521139,-7.85405639078719,-7.36317786636299,-6.87229934193879,
-6.38142081751459,-5.89054229309039,-5.39966376866619,-4.90878524424199,
-4.4179067198178,-4.09293042013064),.UNSPECIFIED.);
#203=B_SPLINE_CURVE_WITH_KNOTS('',3,(#1383,#1384,#1385,#1386,#1387,#1388,
#1389,#1390,#1391,#1392,#1393,#1394,#1395,#1396,#1397,#1398,#1399,#1400,
#1401,#1402,#1403,#1404,#1405,#1406,#1407,#1408,#1409,#1410,#1411,#1412,
#1413,#1414,#1415,#1416,#1417,#1418,#1419,#1420,#1421,#1422,#1423,#1424,
#1425),.UNSPECIFIED.,.F.,.F.,(4,3,3,3,3,3,3,3,3,3,3,3,3,3,4),(1.12969470402388,
1.4726355732726,1.9635140976968,2.454392622121,2.9452711465452,3.4361496709694,
3.9270281953936,4.4179067198178,4.90878524424199,5.39966376866619,5.89054229309039,
6.38142081751459,6.87229934193879,7.36317786636299,7.41288001120347),
 .UNSPECIFIED.);
#204=B_SPLINE_CURVE_WITH_KNOTS('',3,(#1430,#1431,#1432,#1433,#1434,#1435,
#1436,#1437,#1438,#1439,#1440,#1441,#1442,#1443,#1444,#1445,#1446,#1447,
#1448,#1449,#1450,#1451,#1452,#1453,#1454,#1455,#1456,#1457,#1458,#1459,
#1460,#1461,#1462,#1463,#1464,#1465,#1466,#1467,#1468,#1469),
 .UNSPECIFIED.,.F.,.F.,(4,3,3,3,3,3,3,3,3,3,3,3,3,4),(-16.6593010344898,
-16.1989913059986,-15.7081127815744,-15.2172342571502,-14.726355732726,
-14.2354772083018,-13.7445986838776,-13.2537201594534,-12.7628416350292,
-12.271963110605,-11.7810845861808,-11.2902060617566,-10.7993275373324,
-10.3761157273102),.UNSPECIFIED.);
#205=B_SPLINE_CURVE_WITH_KNOTS('',3,(#1470,#1471,#1472,#1473,#1474,#1475,
#1476,#1477,#1478,#1479,#1480,#1481,#1482,#1483,#1484,#1485,#1486,#1487,
#1488,#1489,#1490,#1491,#1492,#1493,#1494,#1495,#1496,#1497,#1498,#1499,
#1500,#1501,#1502,#1503,#1504,#1505,#1506,#1507,#1508,#1509),
 .UNSPECIFIED.,.F.,.F.,(4,3,3,3,3,3,3,3,3,3,3,3,3,4),(7.41288001120347,
7.85405639078719,8.34493491521139,8.83581343963558,9.32669196405979,9.81757048848399,
10.3084490129082,10.7993275373324,11.2902060617566,11.7810845861808,12.271963110605,
12.7628416350292,13.2537201594534,13.6960653183831),.UNSPECIFIED.);
#206=B_SPLINE_CURVE_WITH_KNOTS('',3,(#1514,#1515,#1516,#1517,#1518,#1519,
#1520,#1521,#1522,#1523,#1524,#1525,#1526,#1527,#1528,#1529,#1530,#1531,
#1532,#1533,#1534,#1535,#1536,#1537,#1538,#1539,#1540,#1541,#1542,#1543,
#1544,#1545,#1546,#1547,#1548,#1549,#1550,#1551,#1552,#1553,#1554,#1555,
#1556),.UNSPECIFIED.,.F.,.F.,(4,3,3,3,3,3,3,3,3,3,3,3,3,3,4),(-22.9424863416694,
-22.5804121235132,-22.089533599089,-21.5986550746648,-21.1077765502406,
-20.6168980258164,-20.1260195013922,-19.635140976968,-19.1442624525438,
-18.6533839281196,-18.1625054036954,-17.6716268792712,-17.180748354847,
-16.6898698304228,-16.6593010344898),.UNSPECIFIED.);
#207=B_SPLINE_CURVE_WITH_KNOTS('',3,(#1557,#1558,#1559,#1560,#1561,#1562,
#1563,#1564,#1565,#1566,#1567,#1568,#1569,#1570,#1571,#1572,#1573,#1574,
#1575,#1576,#1577,#1578,#1579,#1580,#1581,#1582,#1583,#1584,#1585,#1586,
#1587,#1588,#1589,#1590,#1591,#1592,#1593,#1594,#1595,#1596,#1597,#1598,
#1599),.UNSPECIFIED.,.F.,.F.,(4,3,3,3,3,3,3,3,3,3,3,3,3,3,4),(13.6960653183831,
13.7445986838776,14.2354772083018,14.726355732726,15.2172342571502,15.7081127815744,
16.1989913059986,16.6898698304228,17.180748354847,17.6716268792712,18.1625054036954,
18.6533839281196,19.1442624525438,19.635140976968,19.9792506255626),
 .UNSPECIFIED.);
#208=B_SPLINE_CURVE_WITH_KNOTS('',3,(#1604,#1605,#1606,#1607,#1608,#1609,
#1610,#1611,#1612,#1613,#1614,#1615,#1616,#1617,#1618,#1619,#1620,#1621,
#1622,#1623,#1624,#1625,#1626,#1627,#1628,#1629,#1630,#1631,#1632,#1633,
#1634,#1635,#1636,#1637,#1638,#1639,#1640,#1641,#1642,#1643,#1644,#1645,
#1646),.UNSPECIFIED.,.F.,.F.,(4,3,3,3,3,3,3,3,3,3,3,3,3,3,4),(-29.225671648849,
-28.9618329410278,-28.4709544166036,-27.9800758921794,-27.4891973677552,
-26.998318843331,-26.5074403189068,-26.0165617944826,-25.5256832700584,
-25.0348047456342,-24.54392622121,-24.0530476967858,-23.5621691723616,-23.0712906479374,
-22.9424863416694),.UNSPECIFIED.);
#209=B_SPLINE_CURVE_WITH_KNOTS('',3,(#1647,#1648,#1649,#1650,#1651,#1652,
#1653,#1654,#1655,#1656,#1657,#1658,#1659,#1660,#1661,#1662,#1663,#1664,
#1665,#1666,#1667,#1668,#1669,#1670,#1671,#1672,#1673,#1674,#1675,#1676,
#1677,#1678,#1679,#1680,#1681,#1682,#1683,#1684,#1685,#1686,#1687,#1688,
#1689),.UNSPECIFIED.,.F.,.F.,(4,3,3,3,3,3,3,3,3,3,3,3,3,3,4),(19.9792506255626,
20.1260195013922,20.6168980258164,21.1077765502406,21.5986550746648,22.089533599089,
22.5804121235132,23.0712906479374,23.5621691723616,24.0530476967858,24.54392622121,
25.0348047456342,25.5256832700584,26.0165617944826,26.2624359327422),
 .UNSPECIFIED.);
#210=B_SPLINE_CURVE_WITH_KNOTS('',3,(#1694,#1695,#1696,#1697,#1698,#1699,
#1700,#1701,#1702,#1703,#1704,#1705,#1706,#1707,#1708,#1709,#1710,#1711,
#1712,#1713,#1714,#1715,#1716,#1717,#1718,#1719,#1720,#1721,#1722,#1723,
#1724,#1725,#1726,#1727,#1728,#1729,#1730,#1731,#1732,#1733,#1734,#1735,
#1736),.UNSPECIFIED.,.F.,.F.,(4,3,3,3,3,3,3,3,3,3,3,3,3,3,4),(-35.5088569560286,
-35.3432537585424,-34.8523752341182,-34.361496709694,-33.8706181852698,
-33.3797396608456,-32.8888611364214,-32.3979826119972,-31.907104087573,
-31.4162255631488,-30.9253470387246,-30.4344685143004,-29.9435899898762,
-29.452711465452,-29.225671648849),.UNSPECIFIED.);
#211=B_SPLINE_CURVE_WITH_KNOTS('',3,(#1737,#1738,#1739,#1740,#1741,#1742,
#1743,#1744,#1745,#1746,#1747,#1748,#1749,#1750,#1751,#1752,#1753,#1754,
#1755,#1756,#1757,#1758,#1759,#1760,#1761,#1762,#1763,#1764,#1765,#1766,
#1767,#1768,#1769,#1770,#1771,#1772,#1773,#1774,#1775,#1776,#1777,#1778,
#1779),.UNSPECIFIED.,.F.,.F.,(4,3,3,3,3,3,3,3,3,3,3,3,3,3,4),(26.2624359327422,
26.5074403189068,26.998318843331,27.4891973677552,27.9800758921794,28.4709544166036,
28.9618329410278,29.452711465452,29.9435899898762,30.4344685143004,30.9253470387246,
31.4162255631488,31.907104087573,32.3979826119972,32.5456212399218),
 .UNSPECIFIED.);
#212=B_SPLINE_CURVE_WITH_KNOTS('',3,(#1784,#1785,#1786,#1787,#1788,#1789,
#1790,#1791,#1792,#1793,#1794,#1795,#1796,#1797,#1798,#1799,#1800,#1801,
#1802,#1803,#1804,#1805,#1806,#1807,#1808,#1809,#1810,#1811,#1812,#1813,
#1814,#1815,#1816,#1817,#1818,#1819,#1820,#1821,#1822,#1823,#1824,#1825,
#1826),.UNSPECIFIED.,.F.,.F.,(4,3,3,3,3,3,3,3,3,3,3,3,3,3,4),(-41.7920422632082,
-41.724674576057,-41.2337960516328,-40.7429175272085,-40.2520390027844,
-39.7611604783602,-39.2702819539359,-38.7794034295117,-38.2885249050875,
-37.7976463806634,-37.3067678562392,-36.815889331815,-36.3250108073908,
-35.8341322829666,-35.5088569560286),.UNSPECIFIED.);
#213=B_SPLINE_CURVE_WITH_KNOTS('',3,(#1827,#1828,#1829,#1830,#1831,#1832,
#1833,#1834,#1835,#1836,#1837,#1838,#1839,#1840,#1841,#1842,#1843,#1844,
#1845,#1846,#1847,#1848,#1849,#1850,#1851,#1852,#1853,#1854,#1855,#1856,
#1857,#1858,#1859,#1860,#1861,#1862,#1863,#1864,#1865,#1866,#1867,#1868,
#1869),.UNSPECIFIED.,.F.,.F.,(4,3,3,3,3,3,3,3,3,3,3,3,3,3,4),(32.5456212399218,
32.8888611364214,33.3797396608456,33.8706181852698,34.361496709694,34.8523752341181,
35.3432537585423,35.8341322829666,36.3250108073907,36.8158893318149,37.3067678562391,
37.7976463806633,38.2885249050875,38.7794034295117,38.8288065471014),
 .UNSPECIFIED.);
#214=B_SPLINE_CURVE_WITH_KNOTS('',3,(#1875,#1876,#1877,#1878,#1879,#1880,
#1881,#1882),.UNSPECIFIED.,.F.,.F.,(4,1,1,1,1,4),(53.4070751110265,53.8305859482995,
54.3214644727237,54.8123429971479,55.3032215215721,55.6765816731283),
 .UNSPECIFIED.);
#215=B_SPLINE_CURVE_WITH_KNOTS('',3,(#1885,#1886,#1887,#1888,#1889,#1890),
 .UNSPECIFIED.,.F.,.F.,(4,1,1,4),(53.4070751110265,53.4559075037718,53.946786028196,
54.4376645526202),.UNSPECIFIED.);
#216=B_SPLINE_CURVE_WITH_KNOTS('',3,(#1895,#1896,#1897,#1898,#1899,#1900,
#1901,#1902,#1903,#1904,#1905,#1906,#1907,#1908,#1909,#1910,#1911),
 .UNSPECIFIED.,.F.,.F.,(4,1,1,1,1,1,1,1,1,1,1,1,1,1,4),(47.1238898038469,
47.4491651307849,47.9400436552091,48.4309221796333,48.9218007040575,49.4126792284817,
49.9035577529059,50.3944362773301,50.8853148017543,51.3761933261785,51.8670718506027,
52.3579503750269,52.8488288994511,53.3397074238753,53.4070751110265),
 .UNSPECIFIED.);
#217=B_SPLINE_CURVE_WITH_KNOTS('',3,(#1912,#1913,#1914,#1915,#1916,#1917,
#1918,#1919,#1920,#1921,#1922,#1923,#1924,#1925,#1926,#1927),
 .UNSPECIFIED.,.F.,.F.,(4,1,1,1,1,1,1,1,1,1,1,1,1,4),(47.1238898038469,
47.5653652106814,48.0562437351056,48.5471222595298,49.038000783954,49.5288793083782,
50.0197578328024,50.5106363572266,51.0015148816508,51.492393406075,51.9832719304992,
52.4741504549234,52.9650289793476,53.4070751110265),.UNSPECIFIED.);
#218=B_SPLINE_CURVE_WITH_KNOTS('',3,(#1932,#1933,#1934,#1935,#1936,#1937,
#1938,#1939,#1940,#1941,#1942,#1943,#1944,#1945,#1946,#1947,#1948),
 .UNSPECIFIED.,.F.,.F.,(4,1,1,1,1,1,1,1,1,1,1,1,1,1,4),(40.8407044966673,
41.0677443132703,41.5586228376945,42.0495013621187,42.5403798865429,43.0312584109671,
43.5221369353913,44.0130154598155,44.5038939842397,44.9947725086639,45.4856510330881,
45.9765295575123,46.4674080819365,46.9582866063607,47.1238898038469),
 .UNSPECIFIED.);
#219=B_SPLINE_CURVE_WITH_KNOTS('',3,(#1949,#1950,#1951,#1952,#1953,#1954,
#1955,#1956,#1957,#1958,#1959,#1960,#1961,#1962,#1963,#1964,#1965),
 .UNSPECIFIED.,.F.,.F.,(4,1,1,1,1,1,1,1,1,1,1,1,1,1,4),(40.8407044966673,
41.1839443931668,41.674822917591,42.1657014420152,42.6565799664394,43.1474584908636,
43.6383370152878,44.129215539712,44.6200940641362,45.1109725885604,45.6018511129846,
46.0927296374088,46.583608161833,47.0744866862572,47.1238898038469),
 .UNSPECIFIED.);
#220=B_SPLINE_CURVE_WITH_KNOTS('',3,(#1970,#1971,#1972,#1973,#1974,#1975,
#1976,#1977,#1978,#1979,#1980,#1981,#1982,#1983,#1984,#1985,#1986),
 .UNSPECIFIED.,.F.,.F.,(4,1,1,1,1,1,1,1,1,1,1,1,1,1,4),(34.5575191894877,
34.6863234957557,35.1772020201799,35.6680805446041,36.1589590690283,36.6498375934525,
37.1407161178767,37.6315946423009,38.1224731667251,38.6133516911493,39.1042302155735,
39.5951087399977,40.0859872644219,40.5768657888461,40.8407044966673),
 .UNSPECIFIED.);
#221=B_SPLINE_CURVE_WITH_KNOTS('',3,(#1987,#1988,#1989,#1990,#1991,#1992,
#1993,#1994,#1995,#1996,#1997,#1998,#1999,#2000,#2001,#2002,#2003),
 .UNSPECIFIED.,.F.,.F.,(4,1,1,1,1,1,1,1,1,1,1,1,1,1,4),(34.5575191894877,
34.8025235756522,35.2934021000764,35.7842806245006,36.2751591489248,36.766037673349,
37.2569161977732,37.7477947221974,38.2386732466216,38.7295517710458,39.22043029547,
39.7113088198942,40.2021873443184,40.6930658687426,40.8407044966673),
 .UNSPECIFIED.);
#222=B_SPLINE_CURVE_WITH_KNOTS('',3,(#2008,#2009,#2010,#2011,#2012,#2013,
#2014,#2015,#2016,#2017,#2018,#2019,#2020,#2021,#2022,#2023,#2024),
 .UNSPECIFIED.,.F.,.F.,(4,1,1,1,1,1,1,1,1,1,1,1,1,1,4),(28.2743338823081,
28.3049026782411,28.7957812026653,29.2866597270895,29.7775382515137,30.2684167759379,
30.7592953003621,31.2501738247863,31.7410523492105,32.2319308736347,32.7228093980589,
33.2136879224831,33.7045664469073,34.1954449713315,34.5575191894877),
 .UNSPECIFIED.);
#223=B_SPLINE_CURVE_WITH_KNOTS('',3,(#2025,#2026,#2027,#2028,#2029,#2030,
#2031,#2032,#2033,#2034,#2035,#2036,#2037,#2038,#2039,#2040,#2041),
 .UNSPECIFIED.,.F.,.F.,(4,1,1,1,1,1,1,1,1,1,1,1,1,1,4),(28.2743338823081,
28.4211027581376,28.9119812825618,29.402859806986,29.8937383314102,30.3846168558344,
30.8754953802586,31.3663739046828,31.857252429107,32.3481309535312,32.8390094779554,
33.3298880023796,33.8207665268038,34.311645051228,34.5575191894877),
 .UNSPECIFIED.);
#224=B_SPLINE_CURVE_WITH_KNOTS('',3,(#2046,#2047,#2048,#2049,#2050,#2051,
#2052,#2053,#2054,#2055,#2056,#2057,#2058,#2059,#2060,#2061),
 .UNSPECIFIED.,.F.,.F.,(4,1,1,1,1,1,1,1,1,1,1,1,1,4),(21.9911485751285,
22.4143603851507,22.9052389095749,23.3961174339991,23.8869959584233,24.3778744828475,
24.8687530072717,25.3596315316959,25.8505100561201,26.3413885805443,26.8322671049685,
27.3231456293927,27.8140241538169,28.2743338823081),.UNSPECIFIED.);
#225=B_SPLINE_CURVE_WITH_KNOTS('',3,(#2062,#2063,#2064,#2065,#2066,#2067,
#2068,#2069,#2070,#2071,#2072,#2073,#2074,#2075,#2076,#2077,#2078),
 .UNSPECIFIED.,.F.,.F.,(4,1,1,1,1,1,1,1,1,1,1,1,1,1,4),(21.9911485751285,
22.0396819406231,22.5305604650473,23.0214389894715,23.5123175138957,24.0031960383199,
24.4940745627441,24.9849530871683,25.4758316115925,25.9667101360167,26.4575886604408,
26.948467184865,27.4393457092892,27.9302242337134,28.2743338823081),
 .UNSPECIFIED.);
#226=B_SPLINE_CURVE_WITH_KNOTS('',3,(#2083,#2084,#2085,#2086,#2087,#2088,
#2089,#2090,#2091,#2092,#2093,#2094,#2095,#2096,#2097,#2098,#2099),
 .UNSPECIFIED.,.F.,.F.,(4,1,1,1,1,1,1,1,1,1,1,1,1,1,4),(15.7079632679489,
16.0329395676361,16.5238180920603,17.0146966164845,17.5055751409087,17.9964536653329,
18.4873321897571,18.9782107141813,19.4690892386055,19.9599677630297,20.4508462874539,
20.9417248118781,21.4326033363023,21.9234818607265,21.9911485751285),
 .UNSPECIFIED.);
#227=B_SPLINE_CURVE_WITH_KNOTS('',3,(#2100,#2101,#2102,#2103,#2104,#2105,
#2106,#2107,#2108,#2109,#2110,#2111,#2112,#2113,#2114,#2115),
 .UNSPECIFIED.,.F.,.F.,(4,1,1,1,1,1,1,1,1,1,1,1,1,4),(15.7079632679489,
16.1491396475327,16.6400181719569,17.1308966963811,17.6217752208053,18.1126537452295,
18.6035322696537,19.0944107940779,19.5852893185021,20.0761678429263,20.5670463673505,
21.0579248917747,21.5488034161989,21.9911485751285),.UNSPECIFIED.);
#228=B_SPLINE_CURVE_WITH_KNOTS('',3,(#2121,#2122,#2123,#2124,#2125,#2126,
#2127,#2128,#2129,#2130,#2131,#2132,#2133,#2134,#2135,#2136,#2137,#2138,
#2139,#2140,#2141,#2142,#2143,#2144,#2145,#2146,#2147,#2148,#2149,#2150,
#2151,#2152,#2153,#2154,#2155,#2156,#2157,#2158,#2159,#2160,#2161,#2162,
#2163),.UNSPECIFIED.,.F.,.F.,(4,3,3,3,3,3,3,3,3,3,3,3,3,3,4),(24.8104588234274,
25.0873501672444,25.5792589940531,26.0711678208619,26.5630766476706,27.0549854744793,
27.546894301288,28.0388031280967,28.5307119549054,29.0226207817141,29.5145296085228,
30.0064384353316,30.4983472621403,30.990256088949,31.0936441306069),
 .UNSPECIFIED.);
#229=B_SPLINE_CURVE_WITH_KNOTS('',3,(#2168,#2169,#2170,#2171),
 .UNSPECIFIED.,.F.,.F.,(4,4),(31.0936441306069,31.4159265358979),
 .UNSPECIFIED.);
#230=B_SPLINE_CURVE_WITH_KNOTS('',3,(#2174,#2175,#2176,#2177,#2178,#2179,
#2180,#2181,#2182,#2183,#2184,#2185,#2186,#2187,#2188,#2189,#2190,#2191,
#2192,#2193,#2194,#2195,#2196,#2197,#2198,#2199,#2200,#2201,#2202,#2203,
#2204),.UNSPECIFIED.,.F.,.F.,(4,3,3,3,3,3,3,3,3,3,4),(-33.4498002229926,
-32.9578913961839,-32.4659825693752,-31.9740737425664,-31.4821649157577,
-30.990256088949,-30.4983472621403,-30.0064384353316,-29.5145296085229,
-29.0226207817141,-28.5360948723006),.UNSPECIFIED.);
#231=B_SPLINE_CURVE_WITH_KNOTS('',3,(#2209,#2210,#2211,#2212,#2213,#2214,
#2215,#2216,#2217,#2218,#2219,#2220,#2221,#2222,#2223,#2224,#2225,#2226,
#2227,#2228,#2229,#2230,#2231,#2232,#2233,#2234,#2235,#2236,#2237,#2238,
#2239,#2240,#2241,#2242,#2243,#2244,#2245,#2246,#2247,#2248,#2249,#2250,
#2251),.UNSPECIFIED.,.F.,.F.,(4,3,3,3,3,3,3,3,3,3,3,3,3,3,4),(18.5272735162478,
18.6925354187311,19.1844442455399,19.6763530723486,20.1682618991573,20.660170725966,
21.1520795527747,21.6439883795834,22.1358972063921,22.6278060332009,23.1197148600096,
23.6116236868183,24.103532513627,24.5954413404357,24.8104588234274),
 .UNSPECIFIED.);
#232=B_SPLINE_CURVE_WITH_KNOTS('',3,(#2252,#2253,#2254,#2255,#2256,#2257,
#2258,#2259,#2260,#2261,#2262,#2263,#2264,#2265,#2266,#2267,#2268,#2269,
#2270,#2271,#2272,#2273,#2274,#2275,#2276,#2277,#2278,#2279,#2280,#2281,
#2282,#2283,#2284,#2285,#2286,#2287,#2288,#2289,#2290,#2291,#2292,#2293,
#2294),.UNSPECIFIED.,.F.,.F.,(4,3,3,3,3,3,3,3,3,3,3,3,3,3,4),(-28.5360948723006,
-28.5307119549054,-28.0388031280967,-27.546894301288,-27.0549854744793,
-26.5630766476706,-26.0711678208619,-25.5792589940531,-25.0873501672444,
-24.5954413404357,-24.103532513627,-23.6116236868183,-23.1197148600096,
-22.6278060332009,-22.252909565121),.UNSPECIFIED.);
#233=B_SPLINE_CURVE_WITH_KNOTS('',3,(#2299,#2300,#2301,#2302,#2303,#2304,
#2305,#2306,#2307,#2308,#2309,#2310,#2311,#2312,#2313,#2314,#2315,#2316,
#2317,#2318,#2319,#2320,#2321,#2322,#2323,#2324,#2325,#2326,#2327,#2328,
#2329,#2330,#2331,#2332,#2333,#2334,#2335,#2336,#2337,#2338,#2339,#2340,
#2341),.UNSPECIFIED.,.F.,.F.,(4,3,3,3,3,3,3,3,3,3,3,3,3,3,4),(12.2440882090682,
12.2977206702179,12.7896294970266,13.2815383238353,13.773447150644,14.2653559774527,
14.7572648042614,15.2491736310701,15.7410824578789,16.2329912846876,16.7249001114963,
17.216808938305,17.7087177651137,18.2006265919224,18.5272735162478),
 .UNSPECIFIED.);
#234=B_SPLINE_CURVE_WITH_KNOTS('',3,(#2342,#2343,#2344,#2345,#2346,#2347,
#2348,#2349,#2350,#2351,#2352,#2353,#2354,#2355,#2356,#2357,#2358,#2359,
#2360,#2361,#2362,#2363,#2364,#2365,#2366,#2367,#2368,#2369,#2370,#2371,
#2372,#2373,#2374,#2375,#2376,#2377,#2378,#2379,#2380,#2381,#2382,#2383,
#2384),.UNSPECIFIED.,.F.,.F.,(4,3,3,3,3,3,3,3,3,3,3,3,3,3,4),(-22.252909565121,
-22.1358972063922,-21.6439883795834,-21.1520795527747,-20.660170725966,
-20.1682618991573,-19.6763530723486,-19.1844442455399,-18.6925354187312,
-18.2006265919224,-17.7087177651137,-17.216808938305,-16.7249001114963,
-16.2329912846876,-15.9697242579414),.UNSPECIFIED.);
#235=B_SPLINE_CURVE_WITH_KNOTS('',3,(#2391,#2392,#2393,#2394,#2395,#2396,
#2397,#2398,#2399,#2400),.UNSPECIFIED.,.F.,.F.,(4,3,3,4),(-3.40335364358222,
-2.95145296085229,-2.45954413404357,-2.03387368709464),.UNSPECIFIED.);
#236=B_SPLINE_CURVE_WITH_KNOTS('',3,(#2404,#2405,#2406,#2407,#2408,#2409,
#2410,#2411,#2412,#2413,#2414,#2415,#2416,#2417,#2418,#2419,#2420,#2421,
#2422,#2423,#2424,#2425,#2426,#2427,#2428,#2429,#2430,#2431,#2432,#2433,
#2434,#2435,#2436,#2437,#2438,#2439,#2440,#2441,#2442,#2443),
 .UNSPECIFIED.,.F.,.F.,(4,3,3,3,3,3,3,3,3,3,3,3,3,4),(0.,0.491908826808715,
0.983817653617429,1.47572648042614,1.96763530723486,2.45954413404358,2.95145296085229,
3.443361787661,3.93527061446972,4.42717944127843,4.91908826808715,5.41099709489586,
5.90290592170457,5.9609029018886),.UNSPECIFIED.);
#237=B_SPLINE_CURVE_WITH_KNOTS('',3,(#2446,#2447,#2448,#2449,#2450,#2451,
#2452,#2453,#2454,#2455,#2456,#2457,#2458,#2459,#2460,#2461,#2462,#2463,
#2464,#2465,#2466,#2467,#2468,#2469,#2470,#2471,#2472,#2473,#2474,#2475,
#2476,#2477,#2478,#2479,#2480,#2481,#2482,#2483,#2484,#2485,#2486,#2487,
#2488),.UNSPECIFIED.,.F.,.F.,(4,3,3,3,3,3,3,3,3,3,3,3,3,3,4),(-9.68653895076182,
-9.34626770936557,-8.85435888255686,-8.36245005574814,-7.87054122893943,
-7.37863240213072,-6.886723575322,-6.39481474851329,-5.90290592170457,-5.41099709489586,
-4.91908826808715,-4.42717944127843,-3.93527061446971,-3.443361787661,-3.40335364358222),
 .UNSPECIFIED.);
#238=B_SPLINE_CURVE_WITH_KNOTS('',3,(#2494,#2495,#2496,#2497,#2498,#2499,
#2500,#2501,#2502),.UNSPECIFIED.,.F.,.F.,(4,1,1,1,1,1,4),(47.1238898038469,
47.6104157132605,48.1023245400692,48.5942333668779,49.0861421936866,49.5780510204953,
50.0037214674442),.UNSPECIFIED.);
#239=B_SPLINE_CURVE_WITH_KNOTS('',3,(#2505,#2506,#2507,#2508,#2509,#2510,
#2511,#2512),.UNSPECIFIED.,.F.,.F.,(4,1,1,1,1,4),(47.1238898038469,47.5124105889977,
48.0043194158064,48.4962282426151,48.9881370694238,49.4800458962325),
 .UNSPECIFIED.);
#240=B_SPLINE_CURVE_WITH_KNOTS('',3,(#2517,#2518,#2519,#2520,#2521,#2522,
#2523,#2524,#2525,#2526,#2527,#2528,#2529,#2530,#2531,#2532,#2533),
 .UNSPECIFIED.,.F.,.F.,(4,1,1,1,1,1,1,1,1,1,1,1,1,1,4),(40.8407044966673,
41.2156009647472,41.7075097915559,42.1994186183646,42.6913274451733,43.183236271982,
43.6751450987908,44.1670539255995,44.6589627524082,45.1508715792169,45.6427804060256,
46.1346892328343,46.626598059643,47.1185068864518,47.1238898038469),
 .UNSPECIFIED.);
#241=B_SPLINE_CURVE_WITH_KNOTS('',3,(#2534,#2535,#2536,#2537,#2538,#2539,
#2540,#2541,#2542,#2543,#2544,#2545,#2546,#2547,#2548,#2549,#2550),
 .UNSPECIFIED.,.F.,.F.,(4,1,1,1,1,1,1,1,1,1,1,1,1,1,4),(40.8407044966673,
41.1175958404844,41.6095046672931,42.1014134941018,42.5933223209105,43.0852311477192,
43.5771399745279,44.0690488013366,44.5609576281454,45.0528664549541,45.5447752817628,
46.0366841085715,46.5285929353802,47.0205017621889,47.1238898038469),
 .UNSPECIFIED.);
#242=B_SPLINE_CURVE_WITH_KNOTS('',3,(#2555,#2556,#2557,#2558,#2559,#2560,
#2561,#2562,#2563,#2564,#2565,#2566,#2567,#2568,#2569,#2570,#2571),
 .UNSPECIFIED.,.F.,.F.,(4,1,1,1,1,1,1,1,1,1,1,1,1,1,4),(34.5575191894877,
34.8207862162339,35.3126950430426,35.8046038698513,36.29651269666,36.7884215234687,
37.2803303502775,37.7722391770862,38.2641480038949,38.7560568307036,39.2479656575123,
39.739874484321,40.2317833111297,40.7236921379385,40.8407044966673),
 .UNSPECIFIED.);
#243=B_SPLINE_CURVE_WITH_KNOTS('',3,(#2572,#2573,#2574,#2575,#2576,#2577,
#2578,#2579,#2580,#2581,#2582,#2583,#2584,#2585,#2586,#2587,#2588),
 .UNSPECIFIED.,.F.,.F.,(4,1,1,1,1,1,1,1,1,1,1,1,1,1,4),(34.5575191894877,
34.7227810919711,35.2146899187798,35.7065987455885,36.1985075723972,36.6904163992059,
37.1823252260147,37.6742340528234,38.1661428796321,38.6580517064408,39.1499605332495,
39.6418693600582,40.1337781868669,40.6256870136757,40.8407044966673),
 .UNSPECIFIED.);
#244=B_SPLINE_CURVE_WITH_KNOTS('',3,(#2593,#2594,#2595,#2596,#2597,#2598,
#2599,#2600,#2601,#2602,#2603,#2604,#2605,#2606,#2607,#2608,#2609),
 .UNSPECIFIED.,.F.,.F.,(4,1,1,1,1,1,1,1,1,1,1,1,1,1,4),(28.2743338823081,
28.4259714677206,28.9178802945293,29.409789121338,29.9016979481467,30.3936067749555,
30.8855156017642,31.3774244285729,31.8693332553816,32.3612420821903,32.853150908999,
33.3450597358078,33.8369685626165,34.3288773894252,34.5575191894877),
 .UNSPECIFIED.);
#245=B_SPLINE_CURVE_WITH_KNOTS('',3,(#2610,#2611,#2612,#2613,#2614,#2615,
#2616,#2617,#2618,#2619,#2620,#2621,#2622,#2623,#2624,#2625,#2626),
 .UNSPECIFIED.,.F.,.F.,(4,1,1,1,1,1,1,1,1,1,1,1,1,1,4),(28.2743338823081,
28.3279663434578,28.8198751702665,29.3117839970752,29.8036928238839,30.2956016506927,
30.7875104775014,31.2794193043101,31.7713281311188,32.2632369579275,32.7551457847362,
33.2470546115449,33.7389634383537,34.2308722651624,34.5575191894877),
 .UNSPECIFIED.);
#246=B_SPLINE_CURVE_WITH_KNOTS('',3,(#2631,#2632,#2633,#2634,#2635,#2636,
#2637,#2638,#2639,#2640,#2641,#2642,#2643,#2644,#2645,#2646,#2647),
 .UNSPECIFIED.,.F.,.F.,(4,1,1,1,1,1,1,1,1,1,1,1,1,1,4),(21.9911485751285,
22.0311567192073,22.523065546016,23.0149743728247,23.5068831996335,23.9987920264422,
24.4907008532509,24.9826096800596,25.4745185068683,25.966427333677,26.4583361604857,
26.9502449872945,27.4421538141032,27.9340626409119,28.2743338823081),
 .UNSPECIFIED.);
#247=B_SPLINE_CURVE_WITH_KNOTS('',3,(#2648,#2649,#2650,#2651,#2652,#2653,
#2654,#2655,#2656,#2657,#2658,#2659,#2660,#2661,#2662,#2663),
 .UNSPECIFIED.,.F.,.F.,(4,1,1,1,1,1,1,1,1,1,1,1,1,4),(21.9911485751285,
22.4250604217532,22.9169692485619,23.4088780753707,23.9007869021794,24.3926957289881,
24.8846045557968,25.3765133826055,25.8684222094142,26.3603310362229,26.8522398630317,
27.3441486898404,27.8360575166491,28.2743338823081),.UNSPECIFIED.);
#248=B_SPLINE_CURVE_WITH_KNOTS('',3,(#2665,#2666,#2667,#2668,#2669,#2670,
#2671,#2672,#2673,#2674,#2675,#2676,#2677,#2678,#2679,#2680,#2681,#2682,
#2683,#2684,#2685,#2686,#2687,#2688,#2689,#2690,#2691,#2692,#2693,#2694,
#2695,#2696,#2697,#2698,#2699,#2700,#2701,#2702,#2703,#2704,#2705,#2706,
#2707,#2708,#2709,#2710,#2711,#2712,#2713,#2714,#2715,#2716,#2717,#2718,
#2719,#2720,#2721,#2722,#2723,#2724,#2725,#2726,#2727,#2728,#2729,#2730,
#2731,#2732,#2733,#2734,#2735,#2736,#2737,#2738,#2739,#2740,#2741,#2742,
#2743,#2744,#2745,#2746,#2747,#2748,#2749,#2750,#2751,#2752,#2753,#2754,
#2755,#2756,#2757,#2758,#2759,#2760,#2761,#2762,#2763,#2764,#2765,#2766,
#2767,#2768,#2769,#2770,#2771,#2772,#2773,#2774,#2775,#2776,#2777,#2778,
#2779,#2780,#2781,#2782,#2783,#2784,#2785,#2786,#2787,#2788,#2789,#2790,
#2791,#2792,#2793,#2794,#2795,#2796,#2797,#2798,#2799,#2800,#2801,#2802,
#2803,#2804,#2805,#2806,#2807,#2808,#2809,#2810,#2811,#2812,#2813,#2814,
#2815,#2816,#2817,#2818,#2819,#2820,#2821,#2822,#2823,#2824),
 .UNSPECIFIED.,.F.,.F.,(4,3,3,3,3,3,3,3,3,3,3,3,3,3,3,3,3,3,3,3,3,3,3,3,
3,3,3,3,3,3,3,3,3,3,3,3,3,3,3,3,3,3,3,3,3,3,3,3,3,3,3,3,3,4),(-9.91690465790891,
-9.66708257862074,-9.58394663722471,-9.33436143638141,-9.08383052748189,
-8.83991581391549,-8.73108359509564,-8.70197685414322,-8.4530912364776,
-8.20392875279552,-7.95533420050375,-7.70898093940304,-7.56486390928995,
-7.53140745520134,-7.50932049705686,-7.26221140071166,-7.13251281895069,
-6.88738361857027,-6.64057780574976,-6.39297353586098,-6.14598382311139,
-5.90039921401065,-5.75228049119932,-5.6226766087394,-5.59747916367663,
-5.35270777788189,-5.10776259374588,-4.86371457575373,-4.71544943152,-4.47064317206441,
-4.22546572014256,-3.98159013757372,-3.77607989725729,-3.72671033352517,
-3.7029668140731,-3.46146607619739,-3.2189525739527,-2.97648802035734,-2.73487042158116,
-2.49558083009565,-2.33750821504228,-2.09493134468065,-1.96399813563811,
-1.8976969294438,-1.85499738642448,-1.83295774025233,-1.59467357615873,
-1.35493440354173,-1.11451498100584,-0.874241025979534,-0.635703921657512,
-0.398823223355111,-0.165268452921423,0.),.UNSPECIFIED.);
#249=B_SPLINE_CURVE_WITH_KNOTS('',3,(#2825,#2826,#2827,#2828,#2829,#2830,
#2831,#2832,#2833,#2834,#2835,#2836,#2837,#2838,#2839,#2840,#2841,#2842,
#2843,#2844,#2845,#2846,#2847,#2848,#2849,#2850,#2851,#2852,#2853,#2854,
#2855,#2856,#2857,#2858,#2859,#2860,#2861,#2862,#2863,#2864,#2865,#2866,
#2867,#2868,#2869,#2870,#2871,#2872,#2873,#2874,#2875,#2876,#2877,#2878,
#2879,#2880,#2881,#2882,#2883,#2884,#2885,#2886,#2887,#2888,#2889,#2890,
#2891,#2892,#2893,#2894,#2895,#2896,#2897,#2898,#2899,#2900,#2901,#2902,
#2903,#2904,#2905,#2906,#2907,#2908,#2909,#2910,#2911,#2912,#2913,#2914,
#2915,#2916,#2917,#2918,#2919,#2920,#2921,#2922,#2923,#2924,#2925,#2926,
#2927,#2928,#2929,#2930,#2931,#2932,#2933,#2934,#2935,#2936,#2937,#2938,
#2939,#2940,#2941,#2942,#2943,#2944,#2945,#2946,#2947,#2948,#2949,#2950,
#2951,#2952,#2953,#2954,#2955,#2956,#2957,#2958,#2959,#2960,#2961,#2962,
#2963,#2964,#2965,#2966,#2967,#2968,#2969,#2970,#2971,#2972,#2973,#2974,
#2975,#2976,#2977,#2978,#2979,#2980,#2981,#2982,#2983,#2984,#2985,#2986,
#2987),.UNSPECIFIED.,.F.,.F.,(4,3,3,3,3,3,3,3,3,3,3,3,3,3,3,3,3,3,3,3,3,
3,3,3,3,3,3,3,3,3,3,3,3,3,3,3,3,3,3,3,3,3,3,3,3,3,3,3,3,3,3,3,3,3,4),(-9.9313005187042,
-9.69143338901333,-9.61909863309338,-9.38203398770545,-9.14324695652799,
-8.90994299815629,-8.84804738784936,-8.8157992345291,-8.78548539568115,
-8.54550013885946,-8.30435224077702,-8.06283987198815,-7.82232187072253,
-7.68594522543049,-7.66200426106141,-7.64259332410262,-7.39950799953183,
-7.27681528955435,-7.03783917235523,-6.79658149337365,-6.5532120848258,
-6.3095503371633,-6.06642984943903,-5.91940337452869,-5.79075520898215,
-5.77125844702946,-5.52648740543556,-5.28076321446888,-5.03476378498013,
-4.89021805015632,-4.64597639469092,-4.40045987545269,-4.15474141847674,
-3.9434166636163,-3.89389389715995,-3.86730664943638,-3.62202233426375,
-3.37490481165888,-3.12642351916862,-2.87802828965016,-2.63101240744862,
-2.46414337959324,-2.21621007249128,-2.07769694296057,-2.0079168523226,
-1.96394500527719,-1.93978182392108,-1.69341781068671,-1.44489752718165,
-1.19484172551601,-0.944000465157108,-0.69358486739304,-0.444245438403217,
-0.19771770671026,0.),.UNSPECIFIED.);
#250=B_SPLINE_CURVE_WITH_KNOTS('',3,(#3272,#3273,#3274,#3275,#3276,#3277,
#3278,#3279,#3280,#3281,#3282,#3283,#3284,#3285,#3286,#3287,#3288,#3289,
#3290,#3291,#3292,#3293,#3294,#3295,#3296,#3297,#3298,#3299,#3300,#3301,
#3302,#3303,#3304,#3305,#3306,#3307,#3308,#3309,#3310,#3311),
 .UNSPECIFIED.,.F.,.F.,(4,3,3,3,3,3,3,3,3,3,3,3,3,4),(5.9609029018886,6.39481474851329,
6.886723575322,7.37863240213071,7.87054122893942,8.36245005574814,8.85435888255685,
9.34626770936557,9.83817653617428,10.330085362983,10.8219941897917,11.3139030166004,
11.8058118434091,12.2440882090682),.UNSPECIFIED.);
#251=B_SPLINE_CURVE_WITH_KNOTS('',3,(#3313,#3314,#3315,#3316,#3317,#3318,
#3319,#3320,#3321,#3322,#3323,#3324,#3325,#3326,#3327,#3328,#3329,#3330,
#3331,#3332,#3333,#3334,#3335,#3336,#3337,#3338,#3339,#3340,#3341,#3342,
#3343,#3344,#3345,#3346,#3347,#3348,#3349,#3350,#3351,#3352,#3353,#3354,
#3355,#3356,#3357,#3358,#3359,#3360,#3361,#3362,#3363,#3364,#3365,#3366,
#3367,#3368,#3369,#3370,#3371,#3372,#3373,#3374,#3375,#3376,#3377,#3378,
#3379,#3380,#3381,#3382,#3383,#3384,#3385,#3386,#3387,#3388,#3389,#3390,
#3391,#3392,#3393,#3394,#3395,#3396,#3397,#3398,#3399,#3400,#3401,#3402,
#3403,#3404,#3405,#3406,#3407,#3408,#3409,#3410,#3411,#3412,#3413,#3414,
#3415,#3416,#3417,#3418,#3419,#3420,#3421,#3422,#3423,#3424,#3425,#3426,
#3427,#3428,#3429,#3430,#3431,#3432,#3433,#3434,#3435,#3436,#3437,#3438,
#3439,#3440,#3441,#3442,#3443,#3444,#3445,#3446,#3447,#3448,#3449,#3450,
#3451,#3452,#3453,#3454,#3455,#3456,#3457,#3458,#3459,#3460,#3461,#3462,
#3463,#3464,#3465,#3466,#3467,#3468,#3469,#3470,#3471,#3472),
 .UNSPECIFIED.,.F.,.F.,(4,3,3,3,3,3,3,3,3,3,3,3,3,3,3,3,3,3,3,3,3,3,3,3,
3,3,3,3,3,3,3,3,3,3,3,3,3,3,3,3,3,3,3,3,3,3,3,3,3,3,3,3,3,4),(-9.91690465790904,
-9.66708256676247,-9.58394663722484,-9.33436142746981,-9.0838305180192,
-8.83991580563566,-8.73108357114261,-8.70197684620399,-8.45309122715198,
-8.2039287460992,-7.95533419607087,-7.70898092954822,-7.56486390189889,
-7.53140743943004,-7.50932049391267,-7.26221140030404,-7.13251281895089,
-6.88738361757882,-6.64057780274382,-6.39297354768425,-6.14598387019534,
-5.90039932194655,-5.75228058564323,-5.62267669137784,-5.59747915956239,
-5.35270778016177,-5.1077626157261,-4.86371464717471,-4.71544943152005,
-4.47064320083005,-4.22546573128762,-3.98159004428348,-3.77607981562833,
-3.72671018895794,-3.70296679143298,-3.46146609702893,-3.21895260183888,
-2.97648798075403,-2.73487026770776,-2.4955804911962,-2.33750821504231,
-2.09493137053615,-1.96399815987764,-1.89769689457778,-1.85499739685006,
-1.832957743389,-1.5946734452906,-1.35493419440672,-1.11451476034604,-0.874240865561199,
-0.635703925057978,-0.398823439361689,-0.165268941084726,0.),
 .UNSPECIFIED.);
#252=B_SPLINE_CURVE_WITH_KNOTS('',3,(#3473,#3474,#3475,#3476,#3477,#3478,
#3479,#3480,#3481,#3482,#3483,#3484),.UNSPECIFIED.,.F.,.F.,(4,1,1,1,1,1,
1,1,1,4),(18.0641193603346,18.4897898072835,18.9816986340922,19.4736074609009,
19.9655162877097,20.4574251145184,20.9493339413271,21.4412427681358,21.9331515949445,
21.9911485751285),.UNSPECIFIED.);
#253=B_SPLINE_CURVE_WITH_KNOTS('',3,(#3487,#3488,#3489,#3490,#3491,#3492,
#3493,#3494,#3495,#3496,#3497,#3498,#3499,#3500,#3501,#3502,#3503,#3504,
#3505,#3506,#3507,#3508,#3509,#3510,#3511,#3512,#3513,#3514,#3515,#3516,
#3517,#3518,#3519,#3520,#3521,#3522,#3523,#3524,#3525,#3526,#3527,#3528,
#3529,#3530,#3531,#3532,#3533,#3534,#3535,#3536,#3537,#3538,#3539,#3540,
#3541,#3542,#3543,#3544,#3545,#3546,#3547,#3548,#3549,#3550,#3551,#3552,
#3553,#3554,#3555,#3556,#3557,#3558,#3559,#3560,#3561,#3562,#3563,#3564,
#3565,#3566,#3567,#3568,#3569,#3570,#3571,#3572,#3573,#3574,#3575,#3576,
#3577,#3578,#3579,#3580,#3581,#3582,#3583,#3584,#3585,#3586,#3587,#3588,
#3589,#3590,#3591,#3592,#3593,#3594,#3595,#3596,#3597,#3598,#3599,#3600,
#3601,#3602,#3603,#3604,#3605,#3606,#3607,#3608,#3609,#3610,#3611,#3612,
#3613,#3614,#3615,#3616,#3617,#3618,#3619,#3620,#3621,#3622,#3623,#3624,
#3625,#3626,#3627,#3628,#3629,#3630,#3631,#3632,#3633,#3634,#3635,#3636,
#3637,#3638,#3639,#3640,#3641,#3642,#3643,#3644,#3645,#3646,#3647,#3648,
#3649),.UNSPECIFIED.,.F.,.F.,(4,3,3,3,3,3,3,3,3,3,3,3,3,3,3,3,3,3,3,3,3,
3,3,3,3,3,3,3,3,3,3,3,3,3,3,3,3,3,3,3,3,3,3,3,3,3,3,3,3,3,3,3,3,3,4),(-9.93130051870435,
-9.69143339444925,-9.61909863309347,-9.3820340133927,-9.14324699474423,
-8.90994303159549,-8.84804748172658,-8.81579894320961,-8.78548539390644,
-8.5455001511184,-8.30435225650593,-8.0628398838658,-7.82232187570982,-7.68594522917095,
-7.66200422306921,-7.64259331705359,-7.39950799490932,-7.27681528955434,
-7.03783915034612,-6.79658146249518,-6.55321205221865,-6.30955029667013,
-6.06642978673386,-5.91940331966166,-5.7907551609735,-5.77125845636861,
-5.52648741290294,-5.2807632195737,-5.0347637744975,-4.89021805015632,-4.64597634382049,
-4.40045979593241,-4.15474137231238,-3.9434166232225,-3.8938938329573,-3.86730667321544,
-3.62202230170264,-3.37490473661172,-3.12642344921431,-2.8780282637791,
-2.63101249651528,-2.4641433795933,-2.21621012903198,-2.07769699596748,
-2.00791682265361,-1.96394501350065,-1.93978182151134,-1.69341798128659,
-1.44489783735889,-1.1948421265454,-0.944000894617298,-0.69358521389923,
-0.444245639832938,-0.197717675376325,0.),.UNSPECIFIED.);
#254=B_SPLINE_CURVE_WITH_KNOTS('',3,(#3652,#3653,#3654,#3655,#3656,#3657,
#3658,#3659,#3660,#3661),.UNSPECIFIED.,.F.,.F.,(4,1,1,1,1,1,1,4),(18.5877949315463,
19.079703758355,19.5716125851637,20.0635214119725,20.5554302387812,21.0473390655899,
21.5392478923986,21.9911485751285),.UNSPECIFIED.);
#255=B_SPLINE_CURVE_WITH_KNOTS('',3,(#3946,#3947,#3948,#3949,#3950,#3951,
#3952,#3953,#3954,#3955,#3956,#3957,#3958,#3959,#3960,#3961,#3962,#3963,
#3964,#3965,#3966,#3967,#3968,#3969,#3970,#3971,#3972,#3973,#3974,#3975,
#3976,#3977,#3978,#3979,#3980,#3981,#3982,#3983,#3984,#3985,#3986,#3987,
#3988),.UNSPECIFIED.,.F.,.F.,(4,3,3,3,3,3,3,3,3,3,3,3,3,3,4),(-15.9697242579414,
-15.7410824578789,-15.2491736310701,-14.7572648042614,-14.2653559774527,
-13.773447150644,-13.2815383238353,-12.7896294970266,-12.2977206702179,
-11.8058118434091,-11.3139030166004,-10.8219941897917,-10.330085362983,
-9.83817653617428,-9.68653895076182),.UNSPECIFIED.);
#256=B_SPLINE_CURVE_WITH_KNOTS('',3,(#4026,#4027,#4028,#4029,#4030,#4031,
#4032,#4033,#4034,#4035),.UNSPECIFIED.,.F.,.F.,(4,2,2,2,4),(-0.907026427031537,
-0.679725911189483,-0.452425395347428,-0.226212697673714,0.),
 .UNSPECIFIED.);
#257=B_SPLINE_CURVE_WITH_KNOTS('',3,(#4039,#4040,#4041,#4042,#4043,#4044,
#4045,#4046,#4047,#4048),.UNSPECIFIED.,.F.,.F.,(4,2,2,2,4),(1.81143968168358,
2.03798507753145,2.26453047337932,2.49149841336064,2.71846635334195),
 .UNSPECIFIED.);
#258=B_SPLINE_CURVE_WITH_KNOTS('',3,(#4101,#4102,#4103,#4104,#4105,#4106,
#4107,#4108,#4109,#4110,#4111,#4112,#4113,#4114,#4115,#4116,#4117,#4118,
#4119,#4120,#4121,#4122,#4123,#4124,#4125,#4126,#4127,#4128,#4129,#4130,
#4131,#4132,#4133,#4134,#4135,#4136,#4137,#4138,#4139,#4140,#4141,#4142,
#4143,#4144,#4145,#4146,#4147,#4148,#4149,#4150,#4151,#4152,#4153,#4154,
#4155,#4156,#4157,#4158,#4159,#4160,#4161,#4162,#4163,#4164,#4165,#4166,
#4167,#4168,#4169,#4170,#4171,#4172,#4173,#4174,#4175,#4176,#4177,#4178,
#4179,#4180,#4181,#4182,#4183,#4184,#4185,#4186,#4187,#4188,#4189,#4190,
#4191,#4192,#4193,#4194,#4195,#4196,#4197,#4198,#4199,#4200,#4201,#4202,
#4203,#4204,#4205,#4206,#4207,#4208,#4209,#4210,#4211,#4212,#4213,#4214,
#4215,#4216,#4217,#4218,#4219,#4220,#4221,#4222,#4223,#4224,#4225,#4226,
#4227,#4228,#4229,#4230,#4231,#4232,#4233,#4234,#4235,#4236,#4237,#4238,
#4239,#4240,#4241,#4242,#4243,#4244,#4245,#4246,#4247,#4248,#4249,#4250,
#4251,#4252,#4253,#4254,#4255,#4256,#4257,#4258,#4259,#4260,#4261,#4262,
#4263),.UNSPECIFIED.,.F.,.F.,(4,3,3,3,3,3,3,3,3,3,3,3,3,3,3,3,3,3,3,3,3,
3,3,3,3,3,3,3,3,3,3,3,3,3,3,3,3,3,3,3,3,3,3,3,3,3,3,3,3,3,3,3,3,3,4),(-7.96307015424314,
-7.76507342495175,-7.56681652910359,-7.53280938822384,-7.33631445781681,
-7.13312676449346,-7.0442321486645,-7.00691836687529,-6.9831744028592,-6.78497787102317,
-6.58548198829704,-6.38539281517067,-6.18587495051167,-6.06710944069126,
-6.02657918016067,-6.00643799673373,-5.80467795093621,-5.71081291123005,
-5.51257445628384,-5.30426502297673,-5.10214683971116,-4.89983201506277,
-4.69810083864192,-4.59160060754006,-4.55303354284356,-4.53522896161205,
-4.33155603094324,-4.12697699894512,-3.92209705615866,-3.846098989827,-3.64289003489956,
-3.43029472219088,-3.24427382357078,-3.08150553727819,-3.06137148751395,
-3.0464506739626,-2.84191225413306,-2.63569005642353,-2.42823360908002,
-2.22084742241762,-2.01461227625783,-1.94212753323008,-1.73521838367367,
-1.62676723469406,-1.57593075860987,-1.55303375465522,-1.53048246292656,
-1.32454181869524,-1.1166459031092,-0.907361666830691,-0.697388190667132,
-0.487834242698544,-0.279292822199345,-0.0730906933571855,0.),
 .UNSPECIFIED.);
#259=B_SPLINE_CURVE_WITH_KNOTS('',3,(#4268,#4269,#4270,#4271,#4272,#4273,
#4274,#4275,#4276,#4277,#4278,#4279,#4280,#4281,#4282,#4283,#4284,#4285,
#4286,#4287,#4288,#4289,#4290,#4291,#4292,#4293,#4294,#4295,#4296,#4297,
#4298,#4299,#4300,#4301,#4302,#4303,#4304,#4305,#4306,#4307,#4308,#4309,
#4310,#4311,#4312,#4313,#4314,#4315,#4316,#4317,#4318,#4319,#4320,#4321,
#4322,#4323,#4324,#4325,#4326,#4327,#4328,#4329,#4330,#4331,#4332,#4333,
#4334,#4335,#4336,#4337,#4338,#4339,#4340,#4341,#4342,#4343,#4344,#4345,
#4346,#4347,#4348,#4349,#4350,#4351,#4352,#4353,#4354,#4355,#4356,#4357,
#4358,#4359,#4360,#4361,#4362,#4363,#4364,#4365,#4366,#4367,#4368,#4369,
#4370,#4371,#4372,#4373,#4374,#4375,#4376,#4377,#4378,#4379,#4380,#4381,
#4382,#4383,#4384,#4385,#4386,#4387,#4388,#4389,#4390,#4391,#4392,#4393,
#4394,#4395,#4396,#4397,#4398,#4399,#4400,#4401,#4402,#4403,#4404,#4405,
#4406,#4407,#4408,#4409,#4410,#4411,#4412,#4413,#4414,#4415,#4416,#4417,
#4418,#4419,#4420,#4421,#4422,#4423,#4424,#4425,#4426,#4427),
 .UNSPECIFIED.,.F.,.F.,(4,3,3,3,3,3,3,3,3,3,3,3,3,3,3,3,3,3,3,3,3,3,3,3,
3,3,3,3,3,3,3,3,3,3,3,3,3,3,3,3,3,3,3,3,3,3,3,3,3,3,3,3,3,4),(-7.94800355269552,
-7.7385286842878,-7.53003654359911,-7.48103003130823,-7.27148949399082,
-7.05687824766599,-6.96298582739887,-6.91037502450996,-6.89103603147766,
-6.68328719483363,-6.4751820067294,-6.2675167693167,-6.06185439913356,-5.9350406801982,
-5.88248180259639,-5.86148472234393,-5.65574880202529,-5.55459952339213,
-5.35019137580645,-5.13938626720878,-4.93327809744019,-4.72797204087992,
-4.52416910481739,-4.41661678009336,-4.37945688452692,-4.35741356757079,
-4.15409269780303,-3.95072143156865,-3.74827621254897,-3.66375050702514,
-3.46031272812464,-3.2542590410961,-3.052118118025,-2.89708875725892,-2.87672836539994,
-2.67656003782111,-2.47562864995723,-2.27499165016881,-2.07525852938195,
-1.8776177253616,-1.81188323189637,-1.61102180051914,-1.5103329379867,-1.46313503367461,
-1.44001609074748,-1.42063703167863,-1.22363218431542,-1.02546462902939,
-0.826877637523757,-0.620158228142818,-0.423766620511444,-0.229002493504877,
-0.0369952825605873,0.),.UNSPECIFIED.);
#260=B_SPLINE_CURVE_WITH_KNOTS('',3,(#4816,#4817,#4818,#4819,#4820,#4821,
#4822,#4823,#4824,#4825,#4826,#4827,#4828,#4829,#4830,#4831,#4832,#4833,
#4834,#4835,#4836,#4837,#4838,#4839,#4840,#4841,#4842,#4843,#4844,#4845,
#4846,#4847,#4848,#4849),.UNSPECIFIED.,.F.,.F.,(4,3,3,3,3,3,3,3,3,3,3,4),
(38.8288065471014,39.2702819539359,39.7611604783601,40.2520390027843,40.7429175272085,
41.2337960516327,41.7246745760569,42.2155531004811,42.7064316249053,43.1973101493295,
43.6881886737537,44.06154882531),.UNSPECIFIED.);
#261=B_SPLINE_CURVE_WITH_KNOTS('',3,(#4851,#4852,#4853,#4854,#4855,#4856,
#4857,#4858,#4859,#4860,#4861,#4862,#4863,#4864,#4865,#4866,#4867,#4868,
#4869,#4870,#4871,#4872,#4873,#4874,#4875,#4876,#4877,#4878,#4879,#4880,
#4881,#4882,#4883,#4884,#4885,#4886,#4887,#4888,#4889,#4890,#4891,#4892,
#4893,#4894,#4895,#4896,#4897,#4898,#4899,#4900,#4901,#4902,#4903,#4904,
#4905,#4906,#4907,#4908,#4909,#4910,#4911,#4912,#4913,#4914,#4915,#4916,
#4917,#4918,#4919,#4920,#4921,#4922,#4923,#4924,#4925,#4926,#4927,#4928,
#4929,#4930,#4931,#4932,#4933,#4934,#4935,#4936,#4937,#4938,#4939,#4940,
#4941,#4942,#4943,#4944,#4945,#4946,#4947,#4948,#4949,#4950,#4951,#4952,
#4953,#4954,#4955,#4956,#4957,#4958,#4959,#4960,#4961,#4962,#4963,#4964,
#4965,#4966,#4967,#4968,#4969,#4970,#4971,#4972,#4973,#4974,#4975,#4976,
#4977,#4978,#4979,#4980,#4981,#4982,#4983,#4984,#4985,#4986,#4987,#4988,
#4989,#4990,#4991,#4992,#4993,#4994,#4995,#4996,#4997,#4998,#4999,#5000,
#5001,#5002,#5003,#5004,#5005,#5006,#5007,#5008,#5009,#5010,#5011,#5012,
#5013),.UNSPECIFIED.,.F.,.F.,(4,3,3,3,3,3,3,3,3,3,3,3,3,3,3,3,3,3,3,3,3,
3,3,3,3,3,3,3,3,3,3,3,3,3,3,3,3,3,3,3,3,3,3,3,3,3,3,3,3,3,3,3,3,3,4),(-7.96307015424318,
-7.76507342803463,-7.56681652137903,-7.53280938822395,-7.33631443091951,
-7.13312674095833,-7.04423212660031,-7.00691829178551,-6.9831743781214,
-6.78497781974451,-6.58548192644468,-6.3853927549032,-6.18587489935459,
-6.06710940232346,-6.02657900619677,-6.00643794216789,-5.80467789063776,
-5.71081291123005,-5.51257448632448,-5.30426504926229,-5.10214686728248,
-4.89983205063812,-4.69810089947591,-4.59160066076979,-4.55303353027231,
-4.53522895998672,-4.33155603243657,-4.12697700191409,-3.92209707290985,
-3.84609898982699,-3.64289008973489,-3.43029477017179,-3.24427386555408,
-3.08150557401358,-3.06137160107065,-3.04645087134915,-2.84191251284455,
-2.63569036405279,-2.42823391804565,-2.22084769049399,-2.01461243137593,
-1.94212753323009,-1.73521831819854,-1.62676717331114,-1.57593069914516,
-1.5530336717744,-1.5304824561108,-1.32454163886833,-1.11664558182357,-0.907361252901231,
-0.697387748179607,-0.487833882876041,-0.279292609727327,-0.0730907108209248,
0.),.UNSPECIFIED.);
#262=B_SPLINE_CURVE_WITH_KNOTS('',3,(#5014,#5015,#5016,#5017,#5018,#5019,
#5020,#5021,#5022,#5023,#5024,#5025,#5026,#5027,#5028),.UNSPECIFIED.,.F.,
 .F.,(4,1,1,1,1,1,1,1,1,1,1,1,4),(10.3761157273102,10.7494758788665,11.2403544032907,
11.7312329277149,12.2221114521391,12.7129899765633,13.2038685009875,13.6947470254117,
14.1856255498359,14.6765040742601,15.1673825986843,15.6582611231085,15.7079632679489),
 .UNSPECIFIED.);
#263=B_SPLINE_CURVE_WITH_KNOTS('',3,(#5034,#5035,#5036,#5037,#5038,#5039,
#5040,#5041,#5042,#5043,#5044,#5045,#5046,#5047,#5048,#5049,#5050,#5051,
#5052,#5053,#5054,#5055,#5056,#5057,#5058,#5059,#5060,#5061,#5062,#5063,
#5064,#5065,#5066,#5067,#5068,#5069,#5070,#5071,#5072,#5073,#5074,#5075,
#5076,#5077,#5078,#5079,#5080,#5081,#5082,#5083,#5084,#5085,#5086,#5087,
#5088,#5089,#5090,#5091,#5092,#5093,#5094,#5095,#5096,#5097,#5098,#5099,
#5100,#5101,#5102,#5103,#5104,#5105,#5106,#5107,#5108,#5109,#5110,#5111,
#5112,#5113,#5114,#5115,#5116,#5117,#5118,#5119,#5120,#5121,#5122,#5123,
#5124,#5125,#5126,#5127,#5128,#5129,#5130,#5131,#5132,#5133,#5134,#5135,
#5136,#5137,#5138,#5139,#5140,#5141,#5142,#5143,#5144,#5145,#5146,#5147,
#5148,#5149,#5150,#5151,#5152,#5153,#5154,#5155,#5156,#5157,#5158,#5159,
#5160,#5161,#5162,#5163,#5164,#5165,#5166,#5167,#5168,#5169,#5170,#5171,
#5172,#5173,#5174,#5175,#5176,#5177,#5178,#5179,#5180,#5181,#5182,#5183,
#5184,#5185,#5186,#5187,#5188,#5189,#5190,#5191,#5192,#5193),
 .UNSPECIFIED.,.F.,.F.,(4,3,3,3,3,3,3,3,3,3,3,3,3,3,3,3,3,3,3,3,3,3,3,3,
3,3,3,3,3,3,3,3,3,3,3,3,3,3,3,3,3,3,3,3,3,3,3,3,3,3,3,3,3,4),(-7.94800355269551,
-7.73852869554705,-7.5300365721118,-7.48103003130815,-7.27148949787107,
-7.05687825106119,-6.96298583058187,-6.91037503210359,-6.89103603687119,
-6.68328720344049,-6.47518201320506,-6.26751677439359,-6.06185441423424,
-5.93504069152369,-5.88248182153689,-5.86148472656845,-5.65574880368035,
-5.55459952339203,-5.35019138029724,-5.13938627113822,-4.93327807895208,
-4.72797197210836,-4.52416895287665,-4.41661664714521,-4.37945310002866,
-4.35741329689771,-4.15409241892104,-3.95072112739229,-3.74827584728234,
-3.66375050702507,-3.46031270081201,-3.25425901719756,-3.05211821723939,
-2.89708884407151,-2.87672838165384,-2.67656000944832,-2.47562861981734,
-2.27499170059302,-2.07525871191394,-1.87761811016184,-1.81188323189635,
-1.61102176446573,-1.51033290418662,-1.46313500093079,-1.44001603814613,
-1.42063702215022,-1.22363229993303,-1.02546480901973,-0.826877810629474,
-0.620158357972105,-0.423766569118514,-0.229002215988067,-0.0369947315805977,
0.),.UNSPECIFIED.);
#264=B_SPLINE_CURVE_WITH_KNOTS('',3,(#5196,#5197,#5198,#5199,#5200,#5201,
#5202,#5203,#5204,#5205,#5206,#5207),.UNSPECIFIED.,.F.,.F.,(4,1,1,1,1,1,
1,1,1,4),(11.6150328478183,12.1059113722425,12.5967898966667,13.0876684210909,
13.5785469455151,14.0694254699393,14.5603039943635,15.0511825187877,15.5420610432119,
15.7079632679489),.UNSPECIFIED.);
#265=B_SPLINE_CURVE_WITH_KNOTS('',3,(#5596,#5597,#5598,#5599,#5600,#5601,
#5602,#5603,#5604,#5605,#5606,#5607,#5608,#5609,#5610,#5611,#5612,#5613,
#5614,#5615,#5616,#5617,#5618,#5619,#5620,#5621,#5622,#5623),
 .UNSPECIFIED.,.F.,.F.,(4,3,3,3,3,3,3,3,3,4),(-46.1425812958747,-45.6517027714505,
-45.1608242470263,-44.6699457226021,-44.1790671981779,-43.6881886737537,
-43.1973101493295,-42.7064316249053,-42.2155531004811,-41.7920422632082),
 .UNSPECIFIED.);
#266=LINE('',#1306,#309);
#267=LINE('',#1339,#310);
#268=LINE('',#1429,#311);
#269=LINE('',#1513,#312);
#270=LINE('',#1603,#313);
#271=LINE('',#1693,#314);
#272=LINE('',#1783,#315);
#273=LINE('',#1873,#316);
#274=LINE('',#1894,#317);
#275=LINE('',#1931,#318);
#276=LINE('',#1969,#319);
#277=LINE('',#2007,#320);
#278=LINE('',#2045,#321);
#279=LINE('',#2082,#322);
#280=LINE('',#2119,#323);
#281=LINE('',#2165,#324);
#282=LINE('',#2208,#325);
#283=LINE('',#2298,#326);
#284=LINE('',#2389,#327);
#285=LINE('',#2445,#328);
#286=LINE('',#2492,#329);
#287=LINE('',#2516,#330);
#288=LINE('',#2554,#331);
#289=LINE('',#2592,#332);
#290=LINE('',#2630,#333);
#291=LINE('',#3991,#334);
#292=LINE('',#4008,#335);
#293=LINE('',#4013,#336);
#294=LINE('',#4020,#337);
#295=LINE('',#4024,#338);
#296=LINE('',#4050,#339);
#297=LINE('',#4056,#340);
#298=LINE('',#4057,#341);
#299=LINE('',#4060,#342);
#300=LINE('',#4064,#343);
#301=LINE('',#4069,#344);
#302=LINE('',#4071,#345);
#303=LINE('',#4073,#346);
#304=LINE('',#4085,#347);
#305=LINE('',#4091,#348);
#306=LINE('',#4097,#349);
#307=LINE('',#5629,#350);
#308=LINE('',#5631,#351);
#309=VECTOR('',#1085,40.);
#310=VECTOR('',#1090,40.);
#311=VECTOR('',#1093,40.);
#312=VECTOR('',#1096,40.);
#313=VECTOR('',#1099,40.);
#314=VECTOR('',#1102,40.);
#315=VECTOR('',#1105,40.);
#316=VECTOR('',#1108,36.368);
#317=VECTOR('',#1113,36.368);
#318=VECTOR('',#1116,36.368);
#319=VECTOR('',#1119,36.368);
#320=VECTOR('',#1122,36.368);
#321=VECTOR('',#1125,36.368);
#322=VECTOR('',#1128,36.368);
#323=VECTOR('',#1131,40.);
#324=VECTOR('',#1132,40.);
#325=VECTOR('',#1139,40.);
#326=VECTOR('',#1142,40.);
#327=VECTOR('',#1147,40.);
#328=VECTOR('',#1150,40.);
#329=VECTOR('',#1153,50.3165);
#330=VECTOR('',#1158,50.3165);
#331=VECTOR('',#1161,50.3165);
#332=VECTOR('',#1164,50.3165);
#333=VECTOR('',#1167,50.3165);
#334=VECTOR('',#1178,44.4525);
#335=VECTOR('',#1201,50.);
#336=VECTOR('',#1206,50.);
#337=VECTOR('',#1215,60.);
#338=VECTOR('',#1218,10.);
#339=VECTOR('',#1221,10.);
#340=VECTOR('',#1228,10.);
#341=VECTOR('',#1229,10.);
#342=VECTOR('',#1232,10.);
#343=VECTOR('',#1235,10.);
#344=VECTOR('',#1236,10.);
#345=VECTOR('',#1239,10.);
#346=VECTOR('',#1242,10.);
#347=VECTOR('',#1251,60.);
#348=VECTOR('',#1258,20.);
#349=VECTOR('',#1265,15.);
#350=VECTOR('',#1294,45.);
#351=VECTOR('',#1297,50.);
#352=VERTEX_POINT('',#1304);
#353=VERTEX_POINT('',#1305);
#354=VERTEX_POINT('',#1307);
#355=VERTEX_POINT('',#1324);
#356=VERTEX_POINT('',#1337);
#357=VERTEX_POINT('',#1338);
#358=VERTEX_POINT('',#1427);
#359=VERTEX_POINT('',#1428);
#360=VERTEX_POINT('',#1511);
#361=VERTEX_POINT('',#1512);
#362=VERTEX_POINT('',#1601);
#363=VERTEX_POINT('',#1602);
#364=VERTEX_POINT('',#1691);
#365=VERTEX_POINT('',#1692);
#366=VERTEX_POINT('',#1781);
#367=VERTEX_POINT('',#1782);
#368=VERTEX_POINT('',#1871);
#369=VERTEX_POINT('',#1872);
#370=VERTEX_POINT('',#1874);
#371=VERTEX_POINT('',#1883);
#372=VERTEX_POINT('',#1892);
#373=VERTEX_POINT('',#1893);
#374=VERTEX_POINT('',#1929);
#375=VERTEX_POINT('',#1930);
#376=VERTEX_POINT('',#1967);
#377=VERTEX_POINT('',#1968);
#378=VERTEX_POINT('',#2005);
#379=VERTEX_POINT('',#2006);
#380=VERTEX_POINT('',#2043);
#381=VERTEX_POINT('',#2044);
#382=VERTEX_POINT('',#2080);
#383=VERTEX_POINT('',#2081);
#384=VERTEX_POINT('',#2117);
#385=VERTEX_POINT('',#2118);
#386=VERTEX_POINT('',#2120);
#387=VERTEX_POINT('',#2164);
#388=VERTEX_POINT('',#2167);
#389=VERTEX_POINT('',#2172);
#390=VERTEX_POINT('',#2206);
#391=VERTEX_POINT('',#2207);
#392=VERTEX_POINT('',#2296);
#393=VERTEX_POINT('',#2297);
#394=VERTEX_POINT('',#2386);
#395=VERTEX_POINT('',#2388);
#396=VERTEX_POINT('',#2390);
#397=VERTEX_POINT('',#2401);
#398=VERTEX_POINT('',#2403);
#399=VERTEX_POINT('',#2444);
#400=VERTEX_POINT('',#2490);
#401=VERTEX_POINT('',#2491);
#402=VERTEX_POINT('',#2493);
#403=VERTEX_POINT('',#2503);
#404=VERTEX_POINT('',#2514);
#405=VERTEX_POINT('',#2515);
#406=VERTEX_POINT('',#2552);
#407=VERTEX_POINT('',#2553);
#408=VERTEX_POINT('',#2590);
#409=VERTEX_POINT('',#2591);
#410=VERTEX_POINT('',#2628);
#411=VERTEX_POINT('',#2629);
#412=VERTEX_POINT('',#3312);
#413=VERTEX_POINT('',#3486);
#414=VERTEX_POINT('',#3990);
#415=VERTEX_POINT('',#3994);
#416=VERTEX_POINT('',#3998);
#417=VERTEX_POINT('',#4000);
#418=VERTEX_POINT('',#4003);
#419=VERTEX_POINT('',#4006);
#420=VERTEX_POINT('',#4010);
#421=VERTEX_POINT('',#4012);
#422=VERTEX_POINT('',#4016);
#423=VERTEX_POINT('',#4019);
#424=VERTEX_POINT('',#4021);
#425=VERTEX_POINT('',#4023);
#426=VERTEX_POINT('',#4025);
#427=VERTEX_POINT('',#4036);
#428=VERTEX_POINT('',#4038);
#429=VERTEX_POINT('',#4049);
#430=VERTEX_POINT('',#4053);
#431=VERTEX_POINT('',#4054);
#432=VERTEX_POINT('',#4059);
#433=VERTEX_POINT('',#4061);
#434=VERTEX_POINT('',#4063);
#435=VERTEX_POINT('',#4065);
#436=VERTEX_POINT('',#4083);
#437=VERTEX_POINT('',#4087);
#438=VERTEX_POINT('',#4090);
#439=VERTEX_POINT('',#4094);
#440=VERTEX_POINT('',#4095);
#441=VERTEX_POINT('',#4100);
#442=VERTEX_POINT('',#4264);
#443=VERTEX_POINT('',#4266);
#444=VERTEX_POINT('',#4850);
#445=VERTEX_POINT('',#5030);
#446=VERTEX_POINT('',#5033);
#447=EDGE_CURVE('',#352,#353,#266,.T.);
#448=EDGE_CURVE('',#352,#354,#200,.T.);
#449=EDGE_CURVE('',#354,#355,#165,.F.);
#450=EDGE_CURVE('',#355,#353,#201,.T.);
#451=EDGE_CURVE('',#356,#357,#267,.T.);
#452=EDGE_CURVE('',#356,#352,#202,.T.);
#453=EDGE_CURVE('',#353,#357,#203,.T.);
#454=EDGE_CURVE('',#358,#359,#268,.T.);
#455=EDGE_CURVE('',#358,#356,#204,.T.);
#456=EDGE_CURVE('',#357,#359,#205,.T.);
#457=EDGE_CURVE('',#360,#361,#269,.T.);
#458=EDGE_CURVE('',#360,#358,#206,.T.);
#459=EDGE_CURVE('',#359,#361,#207,.T.);
#460=EDGE_CURVE('',#362,#363,#270,.T.);
#461=EDGE_CURVE('',#362,#360,#208,.T.);
#462=EDGE_CURVE('',#361,#363,#209,.T.);
#463=EDGE_CURVE('',#364,#365,#271,.T.);
#464=EDGE_CURVE('',#364,#362,#210,.T.);
#465=EDGE_CURVE('',#363,#365,#211,.T.);
#466=EDGE_CURVE('',#366,#367,#272,.T.);
#467=EDGE_CURVE('',#366,#364,#212,.T.);
#468=EDGE_CURVE('',#365,#367,#213,.T.);
#469=EDGE_CURVE('',#368,#369,#273,.T.);
#470=EDGE_CURVE('',#368,#370,#214,.T.);
#471=EDGE_CURVE('',#371,#370,#166,.T.);
#472=EDGE_CURVE('',#369,#371,#215,.T.);
#473=EDGE_CURVE('',#372,#373,#274,.T.);
#474=EDGE_CURVE('',#372,#368,#216,.T.);
#475=EDGE_CURVE('',#373,#369,#217,.T.);
#476=EDGE_CURVE('',#374,#375,#275,.T.);
#477=EDGE_CURVE('',#374,#372,#218,.T.);
#478=EDGE_CURVE('',#375,#373,#219,.T.);
#479=EDGE_CURVE('',#376,#377,#276,.T.);
#480=EDGE_CURVE('',#376,#374,#220,.T.);
#481=EDGE_CURVE('',#377,#375,#221,.T.);
#482=EDGE_CURVE('',#378,#379,#277,.T.);
#483=EDGE_CURVE('',#378,#376,#222,.T.);
#484=EDGE_CURVE('',#379,#377,#223,.T.);
#485=EDGE_CURVE('',#380,#381,#278,.T.);
#486=EDGE_CURVE('',#380,#378,#224,.T.);
#487=EDGE_CURVE('',#381,#379,#225,.T.);
#488=EDGE_CURVE('',#382,#383,#279,.T.);
#489=EDGE_CURVE('',#382,#380,#226,.T.);
#490=EDGE_CURVE('',#383,#381,#227,.T.);
#491=EDGE_CURVE('',#384,#385,#280,.T.);
#492=EDGE_CURVE('',#384,#386,#228,.T.);
#493=EDGE_CURVE('',#386,#387,#281,.T.);
#494=EDGE_CURVE('',#387,#387,#167,.T.);
#495=EDGE_CURVE('',#386,#388,#229,.T.);
#496=EDGE_CURVE('',#388,#389,#168,.T.);
#497=EDGE_CURVE('',#389,#385,#230,.T.);
#498=EDGE_CURVE('',#390,#391,#282,.T.);
#499=EDGE_CURVE('',#390,#384,#231,.T.);
#500=EDGE_CURVE('',#385,#391,#232,.T.);
#501=EDGE_CURVE('',#392,#393,#283,.T.);
#502=EDGE_CURVE('',#392,#390,#233,.T.);
#503=EDGE_CURVE('',#391,#393,#234,.T.);
#504=EDGE_CURVE('',#394,#394,#169,.T.);
#505=EDGE_CURVE('',#394,#395,#284,.T.);
#506=EDGE_CURVE('',#395,#396,#235,.T.);
#507=EDGE_CURVE('',#396,#397,#170,.T.);
#508=EDGE_CURVE('',#397,#398,#236,.T.);
#509=EDGE_CURVE('',#398,#399,#285,.T.);
#510=EDGE_CURVE('',#399,#395,#237,.T.);
#511=EDGE_CURVE('',#400,#401,#286,.T.);
#512=EDGE_CURVE('',#400,#402,#238,.T.);
#513=EDGE_CURVE('',#403,#402,#171,.T.);
#514=EDGE_CURVE('',#401,#403,#239,.T.);
#515=EDGE_CURVE('',#404,#405,#287,.T.);
#516=EDGE_CURVE('',#404,#400,#240,.T.);
#517=EDGE_CURVE('',#405,#401,#241,.T.);
#518=EDGE_CURVE('',#406,#407,#288,.T.);
#519=EDGE_CURVE('',#406,#404,#242,.T.);
#520=EDGE_CURVE('',#407,#405,#243,.T.);
#521=EDGE_CURVE('',#408,#409,#289,.T.);
#522=EDGE_CURVE('',#408,#406,#244,.T.);
#523=EDGE_CURVE('',#409,#407,#245,.T.);
#524=EDGE_CURVE('',#410,#411,#290,.T.);
#525=EDGE_CURVE('',#410,#408,#246,.T.);
#526=EDGE_CURVE('',#411,#409,#247,.T.);
#527=EDGE_CURVE('',#402,#389,#248,.T.);
#528=EDGE_CURVE('',#388,#403,#249,.T.);
#529=EDGE_CURVE('',#398,#392,#250,.T.);
#530=EDGE_CURVE('',#412,#397,#251,.T.);
#531=EDGE_CURVE('',#412,#411,#252,.T.);
#532=EDGE_CURVE('',#396,#413,#253,.T.);
#533=EDGE_CURVE('',#413,#412,#172,.T.);
#534=EDGE_CURVE('',#413,#410,#254,.T.);
#535=EDGE_CURVE('',#393,#399,#255,.T.);
#536=EDGE_CURVE('',#387,#414,#291,.T.);
#537=EDGE_CURVE('',#414,#414,#173,.T.);
#538=EDGE_CURVE('',#415,#415,#174,.T.);
#539=EDGE_CURVE('',#416,#416,#175,.T.);
#540=EDGE_CURVE('',#417,#417,#176,.T.);
#541=EDGE_CURVE('',#418,#418,#177,.T.);
#542=EDGE_CURVE('',#419,#419,#178,.F.);
#543=EDGE_CURVE('',#419,#417,#292,.T.);
#544=EDGE_CURVE('',#420,#420,#179,.T.);
#545=EDGE_CURVE('',#420,#421,#293,.T.);
#546=EDGE_CURVE('',#421,#421,#180,.T.);
#547=EDGE_CURVE('',#422,#422,#181,.T.);
#548=EDGE_CURVE('',#422,#423,#294,.T.);
#549=EDGE_CURVE('',#423,#424,#182,.F.);
#550=EDGE_CURVE('',#424,#425,#295,.T.);
#551=EDGE_CURVE('',#426,#425,#256,.T.);
#552=EDGE_CURVE('',#426,#427,#183,.T.);
#553=EDGE_CURVE('',#428,#427,#257,.T.);
#554=EDGE_CURVE('',#428,#429,#296,.T.);
#555=EDGE_CURVE('',#429,#423,#184,.F.);
#556=EDGE_CURVE('',#430,#431,#185,.T.);
#557=EDGE_CURVE('',#430,#428,#297,.T.);
#558=EDGE_CURVE('',#427,#431,#298,.T.);
#559=EDGE_CURVE('',#432,#431,#299,.T.);
#560=EDGE_CURVE('',#432,#433,#186,.T.);
#561=EDGE_CURVE('',#434,#433,#300,.T.);
#562=EDGE_CURVE('',#435,#434,#17,.T.);
#563=EDGE_CURVE('',#430,#435,#301,.T.);
#564=EDGE_CURVE('',#432,#426,#302,.T.);
#565=EDGE_CURVE('',#425,#433,#303,.T.);
#566=EDGE_CURVE('',#434,#424,#18,.T.);
#567=EDGE_CURVE('',#429,#435,#19,.T.);
#568=EDGE_CURVE('',#436,#436,#187,.T.);
#569=EDGE_CURVE('',#436,#416,#304,.T.);
#570=EDGE_CURVE('',#437,#437,#188,.T.);
#571=EDGE_CURVE('',#437,#438,#305,.T.);
#572=EDGE_CURVE('',#438,#438,#189,.T.);
#573=EDGE_CURVE('',#439,#440,#190,.T.);
#574=EDGE_CURVE('',#439,#438,#306,.T.);
#575=EDGE_CURVE('',#440,#439,#191,.T.);
#576=EDGE_CURVE('',#370,#441,#258,.T.);
#577=EDGE_CURVE('',#442,#441,#192,.T.);
#578=EDGE_CURVE('',#443,#442,#193,.T.);
#579=EDGE_CURVE('',#443,#371,#259,.T.);
#580=EDGE_CURVE('',#367,#443,#260,.T.);
#581=EDGE_CURVE('',#444,#355,#261,.T.);
#582=EDGE_CURVE('',#444,#383,#262,.T.);
#583=EDGE_CURVE('',#355,#445,#194,.F.);
#584=EDGE_CURVE('',#445,#354,#195,.F.);
#585=EDGE_CURVE('',#354,#446,#263,.T.);
#586=EDGE_CURVE('',#446,#444,#196,.T.);
#587=EDGE_CURVE('',#446,#382,#264,.T.);
#588=EDGE_CURVE('',#441,#366,#265,.T.);
#589=EDGE_CURVE('',#441,#443,#197,.T.);
#590=EDGE_CURVE('',#415,#440,#198,.T.);
#591=EDGE_CURVE('',#445,#420,#307,.T.);
#592=EDGE_CURVE('',#423,#442,#308,.T.);
#593=EDGE_CURVE('',#418,#436,#199,.T.);
#594=ORIENTED_EDGE('',*,*,#447,.F.);
#595=ORIENTED_EDGE('',*,*,#448,.T.);
#596=ORIENTED_EDGE('',*,*,#449,.T.);
#597=ORIENTED_EDGE('',*,*,#450,.T.);
#598=ORIENTED_EDGE('',*,*,#451,.F.);
#599=ORIENTED_EDGE('',*,*,#452,.T.);
#600=ORIENTED_EDGE('',*,*,#447,.T.);
#601=ORIENTED_EDGE('',*,*,#453,.T.);
#602=ORIENTED_EDGE('',*,*,#454,.F.);
#603=ORIENTED_EDGE('',*,*,#455,.T.);
#604=ORIENTED_EDGE('',*,*,#451,.T.);
#605=ORIENTED_EDGE('',*,*,#456,.T.);
#606=ORIENTED_EDGE('',*,*,#457,.F.);
#607=ORIENTED_EDGE('',*,*,#458,.T.);
#608=ORIENTED_EDGE('',*,*,#454,.T.);
#609=ORIENTED_EDGE('',*,*,#459,.T.);
#610=ORIENTED_EDGE('',*,*,#460,.F.);
#611=ORIENTED_EDGE('',*,*,#461,.T.);
#612=ORIENTED_EDGE('',*,*,#457,.T.);
#613=ORIENTED_EDGE('',*,*,#462,.T.);
#614=ORIENTED_EDGE('',*,*,#463,.F.);
#615=ORIENTED_EDGE('',*,*,#464,.T.);
#616=ORIENTED_EDGE('',*,*,#460,.T.);
#617=ORIENTED_EDGE('',*,*,#465,.T.);
#618=ORIENTED_EDGE('',*,*,#466,.F.);
#619=ORIENTED_EDGE('',*,*,#467,.T.);
#620=ORIENTED_EDGE('',*,*,#463,.T.);
#621=ORIENTED_EDGE('',*,*,#468,.T.);
#622=ORIENTED_EDGE('',*,*,#469,.F.);
#623=ORIENTED_EDGE('',*,*,#470,.T.);
#624=ORIENTED_EDGE('',*,*,#471,.F.);
#625=ORIENTED_EDGE('',*,*,#472,.F.);
#626=ORIENTED_EDGE('',*,*,#473,.F.);
#627=ORIENTED_EDGE('',*,*,#474,.T.);
#628=ORIENTED_EDGE('',*,*,#469,.T.);
#629=ORIENTED_EDGE('',*,*,#475,.F.);
#630=ORIENTED_EDGE('',*,*,#476,.F.);
#631=ORIENTED_EDGE('',*,*,#477,.T.);
#632=ORIENTED_EDGE('',*,*,#473,.T.);
#633=ORIENTED_EDGE('',*,*,#478,.F.);
#634=ORIENTED_EDGE('',*,*,#479,.F.);
#635=ORIENTED_EDGE('',*,*,#480,.T.);
#636=ORIENTED_EDGE('',*,*,#476,.T.);
#637=ORIENTED_EDGE('',*,*,#481,.F.);
#638=ORIENTED_EDGE('',*,*,#482,.F.);
#639=ORIENTED_EDGE('',*,*,#483,.T.);
#640=ORIENTED_EDGE('',*,*,#479,.T.);
#641=ORIENTED_EDGE('',*,*,#484,.F.);
#642=ORIENTED_EDGE('',*,*,#485,.F.);
#643=ORIENTED_EDGE('',*,*,#486,.T.);
#644=ORIENTED_EDGE('',*,*,#482,.T.);
#645=ORIENTED_EDGE('',*,*,#487,.F.);
#646=ORIENTED_EDGE('',*,*,#488,.F.);
#647=ORIENTED_EDGE('',*,*,#489,.T.);
#648=ORIENTED_EDGE('',*,*,#485,.T.);
#649=ORIENTED_EDGE('',*,*,#490,.F.);
#650=ORIENTED_EDGE('',*,*,#491,.F.);
#651=ORIENTED_EDGE('',*,*,#492,.T.);
#652=ORIENTED_EDGE('',*,*,#493,.T.);
#653=ORIENTED_EDGE('',*,*,#494,.F.);
#654=ORIENTED_EDGE('',*,*,#493,.F.);
#655=ORIENTED_EDGE('',*,*,#495,.T.);
#656=ORIENTED_EDGE('',*,*,#496,.T.);
#657=ORIENTED_EDGE('',*,*,#497,.T.);
#658=ORIENTED_EDGE('',*,*,#498,.F.);
#659=ORIENTED_EDGE('',*,*,#499,.T.);
#660=ORIENTED_EDGE('',*,*,#491,.T.);
#661=ORIENTED_EDGE('',*,*,#500,.T.);
#662=ORIENTED_EDGE('',*,*,#501,.F.);
#663=ORIENTED_EDGE('',*,*,#502,.T.);
#664=ORIENTED_EDGE('',*,*,#498,.T.);
#665=ORIENTED_EDGE('',*,*,#503,.T.);
#666=ORIENTED_EDGE('',*,*,#504,.F.);
#667=ORIENTED_EDGE('',*,*,#505,.T.);
#668=ORIENTED_EDGE('',*,*,#506,.T.);
#669=ORIENTED_EDGE('',*,*,#507,.T.);
#670=ORIENTED_EDGE('',*,*,#508,.T.);
#671=ORIENTED_EDGE('',*,*,#509,.T.);
#672=ORIENTED_EDGE('',*,*,#510,.T.);
#673=ORIENTED_EDGE('',*,*,#505,.F.);
#674=ORIENTED_EDGE('',*,*,#511,.F.);
#675=ORIENTED_EDGE('',*,*,#512,.T.);
#676=ORIENTED_EDGE('',*,*,#513,.F.);
#677=ORIENTED_EDGE('',*,*,#514,.F.);
#678=ORIENTED_EDGE('',*,*,#515,.F.);
#679=ORIENTED_EDGE('',*,*,#516,.T.);
#680=ORIENTED_EDGE('',*,*,#511,.T.);
#681=ORIENTED_EDGE('',*,*,#517,.F.);
#682=ORIENTED_EDGE('',*,*,#518,.F.);
#683=ORIENTED_EDGE('',*,*,#519,.T.);
#684=ORIENTED_EDGE('',*,*,#515,.T.);
#685=ORIENTED_EDGE('',*,*,#520,.F.);
#686=ORIENTED_EDGE('',*,*,#521,.F.);
#687=ORIENTED_EDGE('',*,*,#522,.T.);
#688=ORIENTED_EDGE('',*,*,#518,.T.);
#689=ORIENTED_EDGE('',*,*,#523,.F.);
#690=ORIENTED_EDGE('',*,*,#524,.F.);
#691=ORIENTED_EDGE('',*,*,#525,.T.);
#692=ORIENTED_EDGE('',*,*,#521,.T.);
#693=ORIENTED_EDGE('',*,*,#526,.F.);
#694=ORIENTED_EDGE('',*,*,#513,.T.);
#695=ORIENTED_EDGE('',*,*,#527,.T.);
#696=ORIENTED_EDGE('',*,*,#496,.F.);
#697=ORIENTED_EDGE('',*,*,#528,.T.);
#698=ORIENTED_EDGE('',*,*,#528,.F.);
#699=ORIENTED_EDGE('',*,*,#495,.F.);
#700=ORIENTED_EDGE('',*,*,#492,.F.);
#701=ORIENTED_EDGE('',*,*,#499,.F.);
#702=ORIENTED_EDGE('',*,*,#502,.F.);
#703=ORIENTED_EDGE('',*,*,#529,.F.);
#704=ORIENTED_EDGE('',*,*,#508,.F.);
#705=ORIENTED_EDGE('',*,*,#530,.F.);
#706=ORIENTED_EDGE('',*,*,#531,.T.);
#707=ORIENTED_EDGE('',*,*,#526,.T.);
#708=ORIENTED_EDGE('',*,*,#523,.T.);
#709=ORIENTED_EDGE('',*,*,#520,.T.);
#710=ORIENTED_EDGE('',*,*,#517,.T.);
#711=ORIENTED_EDGE('',*,*,#514,.T.);
#712=ORIENTED_EDGE('',*,*,#507,.F.);
#713=ORIENTED_EDGE('',*,*,#532,.T.);
#714=ORIENTED_EDGE('',*,*,#533,.T.);
#715=ORIENTED_EDGE('',*,*,#530,.T.);
#716=ORIENTED_EDGE('',*,*,#524,.T.);
#717=ORIENTED_EDGE('',*,*,#531,.F.);
#718=ORIENTED_EDGE('',*,*,#533,.F.);
#719=ORIENTED_EDGE('',*,*,#534,.T.);
#720=ORIENTED_EDGE('',*,*,#527,.F.);
#721=ORIENTED_EDGE('',*,*,#512,.F.);
#722=ORIENTED_EDGE('',*,*,#516,.F.);
#723=ORIENTED_EDGE('',*,*,#519,.F.);
#724=ORIENTED_EDGE('',*,*,#522,.F.);
#725=ORIENTED_EDGE('',*,*,#525,.F.);
#726=ORIENTED_EDGE('',*,*,#534,.F.);
#727=ORIENTED_EDGE('',*,*,#532,.F.);
#728=ORIENTED_EDGE('',*,*,#506,.F.);
#729=ORIENTED_EDGE('',*,*,#510,.F.);
#730=ORIENTED_EDGE('',*,*,#535,.F.);
#731=ORIENTED_EDGE('',*,*,#503,.F.);
#732=ORIENTED_EDGE('',*,*,#500,.F.);
#733=ORIENTED_EDGE('',*,*,#497,.F.);
#734=ORIENTED_EDGE('',*,*,#494,.T.);
#735=ORIENTED_EDGE('',*,*,#536,.T.);
#736=ORIENTED_EDGE('',*,*,#537,.T.);
#737=ORIENTED_EDGE('',*,*,#536,.F.);
#738=ORIENTED_EDGE('',*,*,#537,.F.);
#739=ORIENTED_EDGE('',*,*,#538,.F.);
#740=ORIENTED_EDGE('',*,*,#509,.F.);
#741=ORIENTED_EDGE('',*,*,#529,.T.);
#742=ORIENTED_EDGE('',*,*,#501,.T.);
#743=ORIENTED_EDGE('',*,*,#535,.T.);
#744=ORIENTED_EDGE('',*,*,#539,.F.);
#745=ORIENTED_EDGE('',*,*,#540,.T.);
#746=ORIENTED_EDGE('',*,*,#541,.T.);
#747=ORIENTED_EDGE('',*,*,#504,.T.);
#748=ORIENTED_EDGE('',*,*,#542,.T.);
#749=ORIENTED_EDGE('',*,*,#543,.T.);
#750=ORIENTED_EDGE('',*,*,#540,.F.);
#751=ORIENTED_EDGE('',*,*,#543,.F.);
#752=ORIENTED_EDGE('',*,*,#544,.F.);
#753=ORIENTED_EDGE('',*,*,#545,.T.);
#754=ORIENTED_EDGE('',*,*,#546,.F.);
#755=ORIENTED_EDGE('',*,*,#545,.F.);
#756=ORIENTED_EDGE('',*,*,#547,.F.);
#757=ORIENTED_EDGE('',*,*,#542,.F.);
#758=ORIENTED_EDGE('',*,*,#547,.T.);
#759=ORIENTED_EDGE('',*,*,#548,.T.);
#760=ORIENTED_EDGE('',*,*,#549,.T.);
#761=ORIENTED_EDGE('',*,*,#550,.T.);
#762=ORIENTED_EDGE('',*,*,#551,.F.);
#763=ORIENTED_EDGE('',*,*,#552,.T.);
#764=ORIENTED_EDGE('',*,*,#553,.F.);
#765=ORIENTED_EDGE('',*,*,#554,.T.);
#766=ORIENTED_EDGE('',*,*,#555,.T.);
#767=ORIENTED_EDGE('',*,*,#548,.F.);
#768=ORIENTED_EDGE('',*,*,#556,.F.);
#769=ORIENTED_EDGE('',*,*,#557,.T.);
#770=ORIENTED_EDGE('',*,*,#553,.T.);
#771=ORIENTED_EDGE('',*,*,#558,.T.);
#772=ORIENTED_EDGE('',*,*,#556,.T.);
#773=ORIENTED_EDGE('',*,*,#559,.F.);
#774=ORIENTED_EDGE('',*,*,#560,.T.);
#775=ORIENTED_EDGE('',*,*,#561,.F.);
#776=ORIENTED_EDGE('',*,*,#562,.F.);
#777=ORIENTED_EDGE('',*,*,#563,.F.);
#778=ORIENTED_EDGE('',*,*,#558,.F.);
#779=ORIENTED_EDGE('',*,*,#552,.F.);
#780=ORIENTED_EDGE('',*,*,#564,.F.);
#781=ORIENTED_EDGE('',*,*,#559,.T.);
#782=ORIENTED_EDGE('',*,*,#560,.F.);
#783=ORIENTED_EDGE('',*,*,#564,.T.);
#784=ORIENTED_EDGE('',*,*,#551,.T.);
#785=ORIENTED_EDGE('',*,*,#565,.T.);
#786=ORIENTED_EDGE('',*,*,#565,.F.);
#787=ORIENTED_EDGE('',*,*,#550,.F.);
#788=ORIENTED_EDGE('',*,*,#566,.F.);
#789=ORIENTED_EDGE('',*,*,#561,.T.);
#790=ORIENTED_EDGE('',*,*,#557,.F.);
#791=ORIENTED_EDGE('',*,*,#563,.T.);
#792=ORIENTED_EDGE('',*,*,#567,.F.);
#793=ORIENTED_EDGE('',*,*,#554,.F.);
#794=ORIENTED_EDGE('',*,*,#568,.F.);
#795=ORIENTED_EDGE('',*,*,#569,.T.);
#796=ORIENTED_EDGE('',*,*,#539,.T.);
#797=ORIENTED_EDGE('',*,*,#569,.F.);
#798=ORIENTED_EDGE('',*,*,#546,.T.);
#799=ORIENTED_EDGE('',*,*,#570,.F.);
#800=ORIENTED_EDGE('',*,*,#570,.T.);
#801=ORIENTED_EDGE('',*,*,#571,.T.);
#802=ORIENTED_EDGE('',*,*,#572,.T.);
#803=ORIENTED_EDGE('',*,*,#571,.F.);
#804=ORIENTED_EDGE('',*,*,#573,.F.);
#805=ORIENTED_EDGE('',*,*,#574,.T.);
#806=ORIENTED_EDGE('',*,*,#572,.F.);
#807=ORIENTED_EDGE('',*,*,#574,.F.);
#808=ORIENTED_EDGE('',*,*,#575,.F.);
#809=ORIENTED_EDGE('',*,*,#471,.T.);
#810=ORIENTED_EDGE('',*,*,#576,.T.);
#811=ORIENTED_EDGE('',*,*,#577,.F.);
#812=ORIENTED_EDGE('',*,*,#578,.F.);
#813=ORIENTED_EDGE('',*,*,#579,.T.);
#814=ORIENTED_EDGE('',*,*,#579,.F.);
#815=ORIENTED_EDGE('',*,*,#580,.F.);
#816=ORIENTED_EDGE('',*,*,#468,.F.);
#817=ORIENTED_EDGE('',*,*,#465,.F.);
#818=ORIENTED_EDGE('',*,*,#462,.F.);
#819=ORIENTED_EDGE('',*,*,#459,.F.);
#820=ORIENTED_EDGE('',*,*,#456,.F.);
#821=ORIENTED_EDGE('',*,*,#453,.F.);
#822=ORIENTED_EDGE('',*,*,#450,.F.);
#823=ORIENTED_EDGE('',*,*,#581,.F.);
#824=ORIENTED_EDGE('',*,*,#582,.T.);
#825=ORIENTED_EDGE('',*,*,#490,.T.);
#826=ORIENTED_EDGE('',*,*,#487,.T.);
#827=ORIENTED_EDGE('',*,*,#484,.T.);
#828=ORIENTED_EDGE('',*,*,#481,.T.);
#829=ORIENTED_EDGE('',*,*,#478,.T.);
#830=ORIENTED_EDGE('',*,*,#475,.T.);
#831=ORIENTED_EDGE('',*,*,#472,.T.);
#832=ORIENTED_EDGE('',*,*,#583,.T.);
#833=ORIENTED_EDGE('',*,*,#584,.T.);
#834=ORIENTED_EDGE('',*,*,#585,.T.);
#835=ORIENTED_EDGE('',*,*,#586,.T.);
#836=ORIENTED_EDGE('',*,*,#581,.T.);
#837=ORIENTED_EDGE('',*,*,#488,.T.);
#838=ORIENTED_EDGE('',*,*,#582,.F.);
#839=ORIENTED_EDGE('',*,*,#586,.F.);
#840=ORIENTED_EDGE('',*,*,#587,.T.);
#841=ORIENTED_EDGE('',*,*,#576,.F.);
#842=ORIENTED_EDGE('',*,*,#470,.F.);
#843=ORIENTED_EDGE('',*,*,#474,.F.);
#844=ORIENTED_EDGE('',*,*,#477,.F.);
#845=ORIENTED_EDGE('',*,*,#480,.F.);
#846=ORIENTED_EDGE('',*,*,#483,.F.);
#847=ORIENTED_EDGE('',*,*,#486,.F.);
#848=ORIENTED_EDGE('',*,*,#489,.F.);
#849=ORIENTED_EDGE('',*,*,#587,.F.);
#850=ORIENTED_EDGE('',*,*,#585,.F.);
#851=ORIENTED_EDGE('',*,*,#448,.F.);
#852=ORIENTED_EDGE('',*,*,#452,.F.);
#853=ORIENTED_EDGE('',*,*,#455,.F.);
#854=ORIENTED_EDGE('',*,*,#458,.F.);
#855=ORIENTED_EDGE('',*,*,#461,.F.);
#856=ORIENTED_EDGE('',*,*,#464,.F.);
#857=ORIENTED_EDGE('',*,*,#467,.F.);
#858=ORIENTED_EDGE('',*,*,#588,.F.);
#859=ORIENTED_EDGE('',*,*,#466,.T.);
#860=ORIENTED_EDGE('',*,*,#580,.T.);
#861=ORIENTED_EDGE('',*,*,#589,.F.);
#862=ORIENTED_EDGE('',*,*,#588,.T.);
#863=ORIENTED_EDGE('',*,*,#538,.T.);
#864=ORIENTED_EDGE('',*,*,#590,.T.);
#865=ORIENTED_EDGE('',*,*,#575,.T.);
#866=ORIENTED_EDGE('',*,*,#573,.T.);
#867=ORIENTED_EDGE('',*,*,#590,.F.);
#868=ORIENTED_EDGE('',*,*,#583,.F.);
#869=ORIENTED_EDGE('',*,*,#449,.F.);
#870=ORIENTED_EDGE('',*,*,#584,.F.);
#871=ORIENTED_EDGE('',*,*,#591,.T.);
#872=ORIENTED_EDGE('',*,*,#544,.T.);
#873=ORIENTED_EDGE('',*,*,#591,.F.);
#874=ORIENTED_EDGE('',*,*,#566,.T.);
#875=ORIENTED_EDGE('',*,*,#549,.F.);
#876=ORIENTED_EDGE('',*,*,#592,.T.);
#877=ORIENTED_EDGE('',*,*,#577,.T.);
#878=ORIENTED_EDGE('',*,*,#589,.T.);
#879=ORIENTED_EDGE('',*,*,#578,.T.);
#880=ORIENTED_EDGE('',*,*,#592,.F.);
#881=ORIENTED_EDGE('',*,*,#555,.F.);
#882=ORIENTED_EDGE('',*,*,#567,.T.);
#883=ORIENTED_EDGE('',*,*,#562,.T.);
#884=ORIENTED_EDGE('',*,*,#541,.F.);
#885=ORIENTED_EDGE('',*,*,#593,.T.);
#886=ORIENTED_EDGE('',*,*,#568,.T.);
#887=ORIENTED_EDGE('',*,*,#593,.F.);
#888=CYLINDRICAL_SURFACE('',#993,39.81);
#889=CYLINDRICAL_SURFACE('',#995,39.81);
#890=CYLINDRICAL_SURFACE('',#996,39.81);
#891=CYLINDRICAL_SURFACE('',#997,39.81);
#892=CYLINDRICAL_SURFACE('',#998,39.81);
#893=CYLINDRICAL_SURFACE('',#999,39.81);
#894=CYLINDRICAL_SURFACE('',#1000,39.81);
#895=CYLINDRICAL_SURFACE('',#1001,36.368);
#896=CYLINDRICAL_SURFACE('',#1003,36.368);
#897=CYLINDRICAL_SURFACE('',#1004,36.368);
#898=CYLINDRICAL_SURFACE('',#1005,36.368);
#899=CYLINDRICAL_SURFACE('',#1006,36.368);
#900=CYLINDRICAL_SURFACE('',#1007,36.368);
#901=CYLINDRICAL_SURFACE('',#1008,36.368);
#902=CYLINDRICAL_SURFACE('',#1009,46.9525);
#903=CYLINDRICAL_SURFACE('',#1012,46.9525);
#904=CYLINDRICAL_SURFACE('',#1013,46.9525);
#905=CYLINDRICAL_SURFACE('',#1014,46.9525);
#906=CYLINDRICAL_SURFACE('',#1017,50.3165);
#907=CYLINDRICAL_SURFACE('',#1019,50.3165);
#908=CYLINDRICAL_SURFACE('',#1020,50.3165);
#909=CYLINDRICAL_SURFACE('',#1021,50.3165);
#910=CYLINDRICAL_SURFACE('',#1022,50.3165);
#911=CYLINDRICAL_SURFACE('',#1026,50.3165);
#912=CYLINDRICAL_SURFACE('',#1031,46.9525);
#913=CYLINDRICAL_SURFACE('',#1037,55.);
#914=CYLINDRICAL_SURFACE('',#1039,50.);
#915=CYLINDRICAL_SURFACE('',#1044,60.);
#916=CYLINDRICAL_SURFACE('',#1048,6.);
#917=CYLINDRICAL_SURFACE('',#1053,6.);
#918=CYLINDRICAL_SURFACE('',#1056,60.);
#919=CYLINDRICAL_SURFACE('',#1062,15.);
#920=CYLINDRICAL_SURFACE('',#1072,36.368);
#921=CYLINDRICAL_SURFACE('',#1073,39.81);
#922=ADVANCED_FACE('',(#46),#888,.T.);
#923=ADVANCED_FACE('',(#47),#889,.T.);
#924=ADVANCED_FACE('',(#48),#890,.T.);
#925=ADVANCED_FACE('',(#49),#891,.T.);
#926=ADVANCED_FACE('',(#50),#892,.T.);
#927=ADVANCED_FACE('',(#51),#893,.T.);
#928=ADVANCED_FACE('',(#52),#894,.T.);
#929=ADVANCED_FACE('',(#53),#895,.T.);
#930=ADVANCED_FACE('',(#54),#896,.T.);
#931=ADVANCED_FACE('',(#55),#897,.T.);
#932=ADVANCED_FACE('',(#56),#898,.T.);
#933=ADVANCED_FACE('',(#57),#899,.T.);
#934=ADVANCED_FACE('',(#58),#900,.T.);
#935=ADVANCED_FACE('',(#59),#901,.T.);
#936=ADVANCED_FACE('',(#60),#902,.F.);
#937=ADVANCED_FACE('',(#61),#903,.F.);
#938=ADVANCED_FACE('',(#62),#904,.F.);
#939=ADVANCED_FACE('',(#63),#905,.F.);
#940=ADVANCED_FACE('',(#64),#906,.F.);
#941=ADVANCED_FACE('',(#65),#907,.F.);
#942=ADVANCED_FACE('',(#66),#908,.F.);
#943=ADVANCED_FACE('',(#67),#909,.F.);
#944=ADVANCED_FACE('',(#68),#910,.F.);
#945=ADVANCED_FACE('',(#69),#33,.T.);
#946=ADVANCED_FACE('',(#70),#29,.F.);
#947=ADVANCED_FACE('',(#71),#34,.F.);
#948=ADVANCED_FACE('',(#72),#911,.F.);
#949=ADVANCED_FACE('',(#73),#30,.F.);
#950=ADVANCED_FACE('',(#74),#25,.F.);
#951=ADVANCED_FACE('',(#75,#20),#35,.T.);
#952=ADVANCED_FACE('',(#76),#912,.F.);
#953=ADVANCED_FACE('',(#77,#21),#36,.F.);
#954=ADVANCED_FACE('',(#78,#22),#37,.T.);
#955=ADVANCED_FACE('',(#79),#913,.T.);
#956=ADVANCED_FACE('',(#80),#914,.T.);
#957=ADVANCED_FACE('',(#81,#23),#38,.F.);
#958=ADVANCED_FACE('',(#82),#915,.T.);
#959=ADVANCED_FACE('',(#83),#916,.F.);
#960=ADVANCED_FACE('',(#84),#39,.F.);
#961=ADVANCED_FACE('',(#85),#40,.F.);
#962=ADVANCED_FACE('',(#86),#917,.F.);
#963=ADVANCED_FACE('',(#87),#41,.F.);
#964=ADVANCED_FACE('',(#88),#42,.F.);
#965=ADVANCED_FACE('',(#89),#918,.T.);
#966=ADVANCED_FACE('',(#90,#24),#43,.T.);
#967=ADVANCED_FACE('',(#91),#26,.F.);
#968=ADVANCED_FACE('',(#92),#919,.F.);
#969=ADVANCED_FACE('',(#93),#44,.F.);
#970=ADVANCED_FACE('',(#94),#31,.F.);
#971=ADVANCED_FACE('',(#95),#45,.T.);
#972=ADVANCED_FACE('',(#96),#920,.T.);
#973=ADVANCED_FACE('',(#97),#32,.F.);
#974=ADVANCED_FACE('',(#98),#921,.T.);
#975=ADVANCED_FACE('',(#99),#15,.T.);
#976=ADVANCED_FACE('',(#100),#27,.T.);
#977=ADVANCED_FACE('',(#101),#28,.T.);
#978=ADVANCED_FACE('',(#102),#16,.T.);
#979=CLOSED_SHELL('',(#922,#923,#924,#925,#926,#927,#928,#929,#930,#931,
#932,#933,#934,#935,#936,#937,#938,#939,#940,#941,#942,#943,#944,#945,#946,
#947,#948,#949,#950,#951,#952,#953,#954,#955,#956,#957,#958,#959,#960,#961,
#962,#963,#964,#965,#966,#967,#968,#969,#970,#971,#972,#973,#974,#975,#976,
#977,#978));
#980=DERIVED_UNIT_ELEMENT(#982,1.);
#981=DERIVED_UNIT_ELEMENT(#5639,-3.);
#982=(
MASS_UNIT()
NAMED_UNIT(*)
SI_UNIT(.KILO.,.GRAM.)
);
#983=DERIVED_UNIT((#980,#981));
#984=MEASURE_REPRESENTATION_ITEM('density measure',
POSITIVE_RATIO_MEASURE(7850.),#983);
#985=PROPERTY_DEFINITION_REPRESENTATION(#990,#987);
#986=PROPERTY_DEFINITION_REPRESENTATION(#991,#988);
#987=REPRESENTATION('material name',(#989),#5636);
#988=REPRESENTATION('density',(#984),#5636);
#989=DESCRIPTIVE_REPRESENTATION_ITEM('Steel','Steel');
#990=PROPERTY_DEFINITION('material property','material name',#5646);
#991=PROPERTY_DEFINITION('material property','density of part',#5646);
#992=AXIS2_PLACEMENT_3D('',#1302,#1081,#1082);
#993=AXIS2_PLACEMENT_3D('',#1303,#1083,#1084);
#994=AXIS2_PLACEMENT_3D('',#1325,#1086,#1087);
#995=AXIS2_PLACEMENT_3D('',#1336,#1088,#1089);
#996=AXIS2_PLACEMENT_3D('',#1426,#1091,#1092);
#997=AXIS2_PLACEMENT_3D('',#1510,#1094,#1095);
#998=AXIS2_PLACEMENT_3D('',#1600,#1097,#1098);
#999=AXIS2_PLACEMENT_3D('',#1690,#1100,#1101);
#1000=AXIS2_PLACEMENT_3D('',#1780,#1103,#1104);
#1001=AXIS2_PLACEMENT_3D('',#1870,#1106,#1107);
#1002=AXIS2_PLACEMENT_3D('',#1884,#1109,#1110);
#1003=AXIS2_PLACEMENT_3D('',#1891,#1111,#1112);
#1004=AXIS2_PLACEMENT_3D('',#1928,#1114,#1115);
#1005=AXIS2_PLACEMENT_3D('',#1966,#1117,#1118);
#1006=AXIS2_PLACEMENT_3D('',#2004,#1120,#1121);
#1007=AXIS2_PLACEMENT_3D('',#2042,#1123,#1124);
#1008=AXIS2_PLACEMENT_3D('',#2079,#1126,#1127);
#1009=AXIS2_PLACEMENT_3D('',#2116,#1129,#1130);
#1010=AXIS2_PLACEMENT_3D('',#2166,#1133,#1134);
#1011=AXIS2_PLACEMENT_3D('',#2173,#1135,#1136);
#1012=AXIS2_PLACEMENT_3D('',#2205,#1137,#1138);
#1013=AXIS2_PLACEMENT_3D('',#2295,#1140,#1141);
#1014=AXIS2_PLACEMENT_3D('',#2385,#1143,#1144);
#1015=AXIS2_PLACEMENT_3D('',#2387,#1145,#1146);
#1016=AXIS2_PLACEMENT_3D('',#2402,#1148,#1149);
#1017=AXIS2_PLACEMENT_3D('',#2489,#1151,#1152);
#1018=AXIS2_PLACEMENT_3D('',#2504,#1154,#1155);
#1019=AXIS2_PLACEMENT_3D('',#2513,#1156,#1157);
#1020=AXIS2_PLACEMENT_3D('',#2551,#1159,#1160);
#1021=AXIS2_PLACEMENT_3D('',#2589,#1162,#1163);
#1022=AXIS2_PLACEMENT_3D('',#2627,#1165,#1166);
#1023=AXIS2_PLACEMENT_3D('',#2664,#1168,#1169);
#1024=AXIS2_PLACEMENT_3D('',#3485,#1170,#1171);
#1025=AXIS2_PLACEMENT_3D('',#3650,#1172,#1173);
#1026=AXIS2_PLACEMENT_3D('',#3651,#1174,#1175);
#1027=AXIS2_PLACEMENT_3D('',#3989,#1176,#1177);
#1028=AXIS2_PLACEMENT_3D('',#3992,#1179,#1180);
#1029=AXIS2_PLACEMENT_3D('',#3993,#1181,#1182);
#1030=AXIS2_PLACEMENT_3D('',#3995,#1183,#1184);
#1031=AXIS2_PLACEMENT_3D('',#3996,#1185,#1186);
#1032=AXIS2_PLACEMENT_3D('',#3997,#1187,#1188);
#1033=AXIS2_PLACEMENT_3D('',#3999,#1189,#1190);
#1034=AXIS2_PLACEMENT_3D('',#4001,#1191,#1192);
#1035=AXIS2_PLACEMENT_3D('',#4002,#1193,#1194);
#1036=AXIS2_PLACEMENT_3D('',#4004,#1195,#1196);
#1037=AXIS2_PLACEMENT_3D('',#4005,#1197,#1198);
#1038=AXIS2_PLACEMENT_3D('',#4007,#1199,#1200);
#1039=AXIS2_PLACEMENT_3D('',#4009,#1202,#1203);
#1040=AXIS2_PLACEMENT_3D('',#4011,#1204,#1205);
#1041=AXIS2_PLACEMENT_3D('',#4014,#1207,#1208);
#1042=AXIS2_PLACEMENT_3D('',#4015,#1209,#1210);
#1043=AXIS2_PLACEMENT_3D('',#4017,#1211,#1212);
#1044=AXIS2_PLACEMENT_3D('',#4018,#1213,#1214);
#1045=AXIS2_PLACEMENT_3D('',#4022,#1216,#1217);
#1046=AXIS2_PLACEMENT_3D('',#4037,#1219,#1220);
#1047=AXIS2_PLACEMENT_3D('',#4051,#1222,#1223);
#1048=AXIS2_PLACEMENT_3D('',#4052,#1224,#1225);
#1049=AXIS2_PLACEMENT_3D('',#4055,#1226,#1227);
#1050=AXIS2_PLACEMENT_3D('',#4058,#1230,#1231);
#1051=AXIS2_PLACEMENT_3D('',#4062,#1233,#1234);
#1052=AXIS2_PLACEMENT_3D('',#4070,#1237,#1238);
#1053=AXIS2_PLACEMENT_3D('',#4072,#1240,#1241);
#1054=AXIS2_PLACEMENT_3D('',#4074,#1243,#1244);
#1055=AXIS2_PLACEMENT_3D('',#4078,#1245,#1246);
#1056=AXIS2_PLACEMENT_3D('',#4082,#1247,#1248);
#1057=AXIS2_PLACEMENT_3D('',#4084,#1249,#1250);
#1058=AXIS2_PLACEMENT_3D('',#4086,#1252,#1253);
#1059=AXIS2_PLACEMENT_3D('',#4088,#1254,#1255);
#1060=AXIS2_PLACEMENT_3D('',#4089,#1256,#1257);
#1061=AXIS2_PLACEMENT_3D('',#4092,#1259,#1260);
#1062=AXIS2_PLACEMENT_3D('',#4093,#1261,#1262);
#1063=AXIS2_PLACEMENT_3D('',#4096,#1263,#1264);
#1064=AXIS2_PLACEMENT_3D('',#4098,#1266,#1267);
#1065=AXIS2_PLACEMENT_3D('',#4099,#1268,#1269);
#1066=AXIS2_PLACEMENT_3D('',#4265,#1270,#1271);
#1067=AXIS2_PLACEMENT_3D('',#4267,#1272,#1273);
#1068=AXIS2_PLACEMENT_3D('',#5029,#1274,#1275);
#1069=AXIS2_PLACEMENT_3D('',#5031,#1276,#1277);
#1070=AXIS2_PLACEMENT_3D('',#5032,#1278,#1279);
#1071=AXIS2_PLACEMENT_3D('',#5194,#1280,#1281);
#1072=AXIS2_PLACEMENT_3D('',#5195,#1282,#1283);
#1073=AXIS2_PLACEMENT_3D('',#5624,#1284,#1285);
#1074=AXIS2_PLACEMENT_3D('',#5625,#1286,#1287);
#1075=AXIS2_PLACEMENT_3D('',#5626,#1288,#1289);
#1076=AXIS2_PLACEMENT_3D('',#5627,#1290,#1291);
#1077=AXIS2_PLACEMENT_3D('',#5628,#1292,#1293);
#1078=AXIS2_PLACEMENT_3D('',#5630,#1295,#1296);
#1079=AXIS2_PLACEMENT_3D('',#5632,#1298,#1299);
#1080=AXIS2_PLACEMENT_3D('',#5633,#1300,#1301);
#1081=DIRECTION('axis',(0.,0.,1.));
#1082=DIRECTION('refdir',(1.,0.,0.));
#1083=DIRECTION('center_axis',(1.,0.,0.));
#1084=DIRECTION('ref_axis',(0.,0.,-1.));
#1085=DIRECTION('',(-1.,0.,0.));
#1086=DIRECTION('center_axis',(-1.,0.,0.));
#1087=DIRECTION('ref_axis',(0.,0.,-1.));
#1088=DIRECTION('center_axis',(1.,0.,0.));
#1089=DIRECTION('ref_axis',(0.,0.,-1.));
#1090=DIRECTION('',(-1.,0.,0.));
#1091=DIRECTION('center_axis',(1.,0.,0.));
#1092=DIRECTION('ref_axis',(0.,0.,-1.));
#1093=DIRECTION('',(-1.,0.,0.));
#1094=DIRECTION('center_axis',(1.,0.,0.));
#1095=DIRECTION('ref_axis',(0.,0.,-1.));
#1096=DIRECTION('',(-1.,0.,0.));
#1097=DIRECTION('center_axis',(1.,0.,0.));
#1098=DIRECTION('ref_axis',(0.,0.,-1.));
#1099=DIRECTION('',(-1.,0.,0.));
#1100=DIRECTION('center_axis',(1.,0.,0.));
#1101=DIRECTION('ref_axis',(0.,0.,-1.));
#1102=DIRECTION('',(-1.,0.,0.));
#1103=DIRECTION('center_axis',(1.,0.,0.));
#1104=DIRECTION('ref_axis',(0.,0.,-1.));
#1105=DIRECTION('',(-1.,0.,0.));
#1106=DIRECTION('center_axis',(1.,0.,0.));
#1107=DIRECTION('ref_axis',(0.,-0.906430798648184,0.422354362191295));
#1108=DIRECTION('',(1.,0.,0.));
#1109=DIRECTION('center_axis',(1.,0.,0.));
#1110=DIRECTION('ref_axis',(0.,1.58239321388859E-14,-1.));
#1111=DIRECTION('center_axis',(1.,0.,0.));
#1112=DIRECTION('ref_axis',(0.,1.58239321388859E-14,-1.));
#1113=DIRECTION('',(1.,0.,0.));
#1114=DIRECTION('center_axis',(1.,0.,0.));
#1115=DIRECTION('ref_axis',(0.,1.58239321388859E-14,-1.));
#1116=DIRECTION('',(1.,0.,0.));
#1117=DIRECTION('center_axis',(1.,0.,0.));
#1118=DIRECTION('ref_axis',(0.,1.58239321388859E-14,-1.));
#1119=DIRECTION('',(1.,0.,0.));
#1120=DIRECTION('center_axis',(1.,0.,0.));
#1121=DIRECTION('ref_axis',(0.,1.58239321388859E-14,-1.));
#1122=DIRECTION('',(1.,0.,0.));
#1123=DIRECTION('center_axis',(1.,0.,0.));
#1124=DIRECTION('ref_axis',(0.,1.58239321388859E-14,-1.));
#1125=DIRECTION('',(1.,0.,0.));
#1126=DIRECTION('center_axis',(1.,0.,0.));
#1127=DIRECTION('ref_axis',(0.,1.58239321388859E-14,-1.));
#1128=DIRECTION('',(1.,0.,0.));
#1129=DIRECTION('center_axis',(-1.,0.,0.));
#1130=DIRECTION('ref_axis',(0.,0.,-1.));
#1131=DIRECTION('',(-1.,0.,0.));
#1132=DIRECTION('',(-1.,0.,0.));
#1133=DIRECTION('center_axis',(1.,0.,0.));
#1134=DIRECTION('ref_axis',(0.,0.,-1.));
#1135=DIRECTION('center_axis',(1.,0.,0.));
#1136=DIRECTION('ref_axis',(0.,0.,-1.));
#1137=DIRECTION('center_axis',(-1.,0.,0.));
#1138=DIRECTION('ref_axis',(0.,0.,-1.));
#1139=DIRECTION('',(-1.,0.,0.));
#1140=DIRECTION('center_axis',(-1.,0.,0.));
#1141=DIRECTION('ref_axis',(0.,0.,-1.));
#1142=DIRECTION('',(-1.,0.,0.));
#1143=DIRECTION('center_axis',(-1.,0.,0.));
#1144=DIRECTION('ref_axis',(0.,0.,-1.));
#1145=DIRECTION('center_axis',(-1.,0.,0.));
#1146=DIRECTION('ref_axis',(0.,0.,-1.));
#1147=DIRECTION('',(-1.,0.,0.));
#1148=DIRECTION('center_axis',(-1.,0.,0.));
#1149=DIRECTION('ref_axis',(0.,0.,-1.));
#1150=DIRECTION('',(-1.,0.,0.));
#1151=DIRECTION('center_axis',(-1.,0.,0.));
#1152=DIRECTION('ref_axis',(0.,-0.99144699755279,0.130509965303645));
#1153=DIRECTION('',(-1.,0.,0.));
#1154=DIRECTION('center_axis',(1.,0.,0.));
#1155=DIRECTION('ref_axis',(0.,7.4728213973452E-15,-1.));
#1156=DIRECTION('center_axis',(-1.,0.,0.));
#1157=DIRECTION('ref_axis',(0.,7.4728213973452E-15,-1.));
#1158=DIRECTION('',(-1.,0.,0.));
#1159=DIRECTION('center_axis',(-1.,0.,0.));
#1160=DIRECTION('ref_axis',(0.,7.4728213973452E-15,-1.));
#1161=DIRECTION('',(-1.,0.,0.));
#1162=DIRECTION('center_axis',(-1.,0.,0.));
#1163=DIRECTION('ref_axis',(0.,7.4728213973452E-15,-1.));
#1164=DIRECTION('',(-1.,0.,0.));
#1165=DIRECTION('center_axis',(-1.,0.,0.));
#1166=DIRECTION('ref_axis',(0.,7.4728213973452E-15,-1.));
#1167=DIRECTION('',(-1.,0.,0.));
#1168=DIRECTION('center_axis',(1.,0.,0.));
#1169=DIRECTION('ref_axis',(0.,0.,-1.));
#1170=DIRECTION('center_axis',(1.,0.,0.));
#1171=DIRECTION('ref_axis',(0.,0.,-1.));
#1172=DIRECTION('center_axis',(-1.,0.,0.));
#1173=DIRECTION('ref_axis',(0.,7.4728213973452E-15,-1.));
#1174=DIRECTION('center_axis',(-1.,0.,0.));
#1175=DIRECTION('ref_axis',(0.,0.923871153051704,-0.382703661543648));
#1176=DIRECTION('center_axis',(1.,0.,0.));
#1177=DIRECTION('ref_axis',(0.,0.,-1.));
#1178=DIRECTION('',(-0.707106781186548,8.65956056235493E-17,-0.707106781186548));
#1179=DIRECTION('center_axis',(-1.,0.,0.));
#1180=DIRECTION('ref_axis',(0.,0.,-1.));
#1181=DIRECTION('center_axis',(1.,0.,0.));
#1182=DIRECTION('ref_axis',(0.,0.,-1.));
#1183=DIRECTION('center_axis',(1.,0.,0.));
#1184=DIRECTION('ref_axis',(0.,0.,-1.));
#1185=DIRECTION('center_axis',(-1.,0.,0.));
#1186=DIRECTION('ref_axis',(0.,0.,-1.));
#1187=DIRECTION('center_axis',(1.,0.,0.));
#1188=DIRECTION('ref_axis',(0.,0.,-1.));
#1189=DIRECTION('center_axis',(1.,0.,0.));
#1190=DIRECTION('ref_axis',(0.,0.,-1.));
#1191=DIRECTION('center_axis',(1.,0.,0.));
#1192=DIRECTION('ref_axis',(0.,1.,0.));
#1193=DIRECTION('center_axis',(1.,0.,0.));
#1194=DIRECTION('ref_axis',(0.,0.,-1.));
#1195=DIRECTION('center_axis',(1.,0.,0.));
#1196=DIRECTION('ref_axis',(0.,0.,-1.));
#1197=DIRECTION('center_axis',(1.,0.,0.));
#1198=DIRECTION('ref_axis',(0.,1.,0.));
#1199=DIRECTION('center_axis',(-1.,0.,0.));
#1200=DIRECTION('ref_axis',(0.,1.,0.));
#1201=DIRECTION('',(1.,0.,0.));
#1202=DIRECTION('center_axis',(1.,0.,0.));
#1203=DIRECTION('ref_axis',(0.,0.,-1.));
#1204=DIRECTION('center_axis',(1.,0.,0.));
#1205=DIRECTION('ref_axis',(0.,0.,-1.));
#1206=DIRECTION('',(-1.,0.,0.));
#1207=DIRECTION('center_axis',(-1.,0.,0.));
#1208=DIRECTION('ref_axis',(0.,0.,-1.));
#1209=DIRECTION('center_axis',(-1.,0.,0.));
#1210=DIRECTION('ref_axis',(0.,0.,1.));
#1211=DIRECTION('center_axis',(-1.,0.,0.));
#1212=DIRECTION('ref_axis',(0.,0.,-1.));
#1213=DIRECTION('center_axis',(1.,0.,0.));
#1214=DIRECTION('ref_axis',(0.,0.,-1.));
#1215=DIRECTION('',(-1.,0.,0.));
#1216=DIRECTION('center_axis',(-1.,0.,0.));
#1217=DIRECTION('ref_axis',(0.,0.,-1.));
#1218=DIRECTION('',(1.,0.,0.));
#1219=DIRECTION('center_axis',(1.,0.,0.));
#1220=DIRECTION('ref_axis',(0.,0.,-1.));
#1221=DIRECTION('',(-1.,0.,0.));
#1222=DIRECTION('center_axis',(-1.,0.,0.));
#1223=DIRECTION('ref_axis',(0.,0.,-1.));
#1224=DIRECTION('center_axis',(0.,1.,0.));
#1225=DIRECTION('ref_axis',(0.707106781186547,0.,-0.707106781186548));
#1226=DIRECTION('center_axis',(0.,-1.,0.));
#1227=DIRECTION('ref_axis',(0.707106781186547,0.,-0.707106781186548));
#1228=DIRECTION('',(0.,-1.,0.));
#1229=DIRECTION('',(0.,1.,0.));
#1230=DIRECTION('center_axis',(0.,1.,0.));
#1231=DIRECTION('ref_axis',(0.,0.,1.));
#1232=DIRECTION('',(0.,0.,-1.));
#1233=DIRECTION('center_axis',(0.,-1.,0.));
#1234=DIRECTION('ref_axis',(0.707106781186547,0.,0.707106781186548));
#1235=DIRECTION('',(1.,0.,0.));
#1236=DIRECTION('',(-1.,0.,0.));
#1237=DIRECTION('center_axis',(1.,0.,0.));
#1238=DIRECTION('ref_axis',(0.,0.,-1.));
#1239=DIRECTION('',(0.,-1.,0.));
#1240=DIRECTION('center_axis',(0.,1.,0.));
#1241=DIRECTION('ref_axis',(0.707106781186547,0.,0.707106781186548));
#1242=DIRECTION('',(0.,1.,0.));
#1243=DIRECTION('center_axis',(0.,0.,1.));
#1244=DIRECTION('ref_axis',(1.,0.,0.));
#1245=DIRECTION('center_axis',(0.,0.,-1.));
#1246=DIRECTION('ref_axis',(-1.,0.,0.));
#1247=DIRECTION('center_axis',(1.,0.,0.));
#1248=DIRECTION('ref_axis',(0.,0.,-1.));
#1249=DIRECTION('center_axis',(1.,0.,0.));
#1250=DIRECTION('ref_axis',(0.,0.,-1.));
#1251=DIRECTION('',(-1.,0.,0.));
#1252=DIRECTION('center_axis',(-1.,0.,0.));
#1253=DIRECTION('ref_axis',(0.,0.,1.));
#1254=DIRECTION('center_axis',(-1.,0.,0.));
#1255=DIRECTION('ref_axis',(0.,0.,-1.));
#1256=DIRECTION('center_axis',(-1.,0.,0.));
#1257=DIRECTION('ref_axis',(0.,0.,-1.));
#1258=DIRECTION('',(0.707106781186547,-8.65956056235493E-17,-0.707106781186547));
#1259=DIRECTION('center_axis',(1.,0.,0.));
#1260=DIRECTION('ref_axis',(0.,0.,-1.));
#1261=DIRECTION('center_axis',(-1.,0.,0.));
#1262=DIRECTION('ref_axis',(0.,0.,-1.));
#1263=DIRECTION('center_axis',(-1.,0.,0.));
#1264=DIRECTION('ref_axis',(0.,0.,-1.));
#1265=DIRECTION('',(-1.,0.,0.));
#1266=DIRECTION('center_axis',(-1.,0.,0.));
#1267=DIRECTION('ref_axis',(0.,0.,-1.));
#1268=DIRECTION('center_axis',(1.,0.,0.));
#1269=DIRECTION('ref_axis',(0.,0.,-1.));
#1270=DIRECTION('center_axis',(1.,0.,0.));
#1271=DIRECTION('ref_axis',(0.,0.,-1.));
#1272=DIRECTION('center_axis',(1.,0.,0.));
#1273=DIRECTION('ref_axis',(0.,0.,-1.));
#1274=DIRECTION('center_axis',(1.,0.,0.));
#1275=DIRECTION('ref_axis',(0.,0.,-1.));
#1276=DIRECTION('center_axis',(-1.,0.,0.));
#1277=DIRECTION('ref_axis',(0.,0.,-1.));
#1278=DIRECTION('center_axis',(-1.,0.,0.));
#1279=DIRECTION('ref_axis',(0.,0.,-1.));
#1280=DIRECTION('center_axis',(-1.,0.,0.));
#1281=DIRECTION('ref_axis',(0.,1.58239321388859E-14,-1.));
#1282=DIRECTION('center_axis',(1.,0.,0.));
#1283=DIRECTION('ref_axis',(0.,1.58239321388859E-14,-1.));
#1284=DIRECTION('center_axis',(1.,0.,0.));
#1285=DIRECTION('ref_axis',(0.,-0.50140303090253,-0.865213846746431));
#1286=DIRECTION('center_axis',(1.,0.,0.));
#1287=DIRECTION('ref_axis',(0.,0.,-1.));
#1288=DIRECTION('center_axis',(-1.,0.,0.));
#1289=DIRECTION('ref_axis',(0.,0.,1.));
#1290=DIRECTION('center_axis',(0.,-1.,1.22464679914735E-16));
#1291=DIRECTION('ref_axis',(0.,-1.22464679914735E-16,-1.));
#1292=DIRECTION('center_axis',(-1.,0.,0.));
#1293=DIRECTION('ref_axis',(0.,0.,-1.));
#1294=DIRECTION('',(-0.707106781186547,-8.65956056235493E-17,0.707106781186548));
#1295=DIRECTION('center_axis',(1.,0.,0.));
#1296=DIRECTION('ref_axis',(0.,0.,-1.));
#1297=DIRECTION('',(-0.447213595499958,1.09535739652841E-16,-0.894427190999916));
#1298=DIRECTION('center_axis',(1.,0.,0.));
#1299=DIRECTION('ref_axis',(0.,0.,-1.));
#1300=DIRECTION('center_axis',(0.,-1.,-1.22464679914735E-16));
#1301=DIRECTION('ref_axis',(0.,-1.22464679914735E-16,1.));
#1302=CARTESIAN_POINT('',(0.,0.,0.));
#1303=CARTESIAN_POINT('Origin',(-10.,0.,0.));
#1304=CARTESIAN_POINT('',(-17.8887789779808,0.000794142751792126,39.8080929869249));
#1305=CARTESIAN_POINT('',(-18.7312210220192,0.000548170757783143,39.8087229369489));
#1306=CARTESIAN_POINT('',(-10.,-4.87531890740561E-15,39.81));
#1307=CARTESIAN_POINT('',(-19.81,35.9992282922851,-16.9967099258132));
#1308=CARTESIAN_POINT('Ctrl Pts',(-17.8887789779808,0.000794142751792126,
39.8080929869249));
#1309=CARTESIAN_POINT('Ctrl Pts',(-17.9415872962545,2.20257934783605,39.8097308238538));
#1310=CARTESIAN_POINT('Ctrl Pts',(-17.9943956145282,4.4040991174523,39.6300290318401));
#1311=CARTESIAN_POINT('Ctrl Pts',(-18.0472039328019,6.57484625665188,39.2665560455055));
#1312=CARTESIAN_POINT('Ctrl Pts',(-18.2034554200414,12.9977447697808,38.1910967894116));
#1313=CARTESIAN_POINT('Ctrl Pts',(-18.3597069072809,19.151236661196,35.5067670545848));
#1314=CARTESIAN_POINT('Ctrl Pts',(-18.5159583945205,24.3087551386,31.5305376916575));
#1315=CARTESIAN_POINT('Ctrl Pts',(-18.67220988176,29.466273616004,27.5543083287303));
#1316=CARTESIAN_POINT('Ctrl Pts',(-18.8284613689996,33.6278186793969,22.2861793377026));
#1317=CARTESIAN_POINT('Ctrl Pts',(-18.9847128562391,36.3019068179906,16.348211115718));
#1318=CARTESIAN_POINT('Ctrl Pts',(-19.1409643434786,38.9759949565843,10.4102428937334));
#1319=CARTESIAN_POINT('Ctrl Pts',(-19.2972158307181,40.1626261703787,3.80243544079177));
#1320=CARTESIAN_POINT('Ctrl Pts',(-19.4534673179577,39.7218463243177,-2.69494496804214));
#1321=CARTESIAN_POINT('Ctrl Pts',(-19.5723115453051,39.3865910178826,-7.6368253181889));
#1322=CARTESIAN_POINT('Ctrl Pts',(-19.6911557726526,38.1098686579138,-12.5148229613718));
#1323=CARTESIAN_POINT('Ctrl Pts',(-19.81,35.9989945552086,-16.9971016151213));
#1324=CARTESIAN_POINT('',(-19.81,35.9994620293616,16.9963182365051));
#1325=CARTESIAN_POINT('Origin',(-19.81,0.,0.));
#1326=CARTESIAN_POINT('Ctrl Pts',(-19.81,35.9994620293616,16.996318236505));
#1327=CARTESIAN_POINT('Ctrl Pts',(-19.6537485127605,33.2184194905017,22.8867725035177));
#1328=CARTESIAN_POINT('Ctrl Pts',(-19.4974970255209,28.9659585977813,28.079118861647));
#1329=CARTESIAN_POINT('Ctrl Pts',(-19.3412455382814,23.7387630061678,31.9620328170777));
#1330=CARTESIAN_POINT('Ctrl Pts',(-19.1849940510419,18.5115674145543,35.8449467725084));
#1331=CARTESIAN_POINT('Ctrl Pts',(-19.0287425638023,12.3096371240478,38.4184283252404));
#1332=CARTESIAN_POINT('Ctrl Pts',(-18.8724910765628,5.86814433027492,39.3783643210038));
#1333=CARTESIAN_POINT('Ctrl Pts',(-18.8254010583816,3.9268507264076,39.6676633497164));
#1334=CARTESIAN_POINT('Ctrl Pts',(-18.7783110402004,1.96379865827034,39.8104107567413));
#1335=CARTESIAN_POINT('Ctrl Pts',(-18.7312210220192,0.000548170757783143,
39.8087229369489));
#1336=CARTESIAN_POINT('Origin',(-10.,0.,0.));
#1337=CARTESIAN_POINT('',(-11.8887789779808,0.00075822793753344,39.811771108879));
#1338=CARTESIAN_POINT('',(-12.7312210220192,0.000599732284075038,39.8123644419343));
#1339=CARTESIAN_POINT('',(-10.,-4.87531890740561E-15,39.81));
#1340=CARTESIAN_POINT('Ctrl Pts',(-11.8887789779808,0.00075822793753344,
39.811771108879));
#1341=CARTESIAN_POINT('Ctrl Pts',(-11.9103179621406,0.89856321264439,39.8125582718115));
#1342=CARTESIAN_POINT('Ctrl Pts',(-11.9318569463003,1.79631607629729,39.7827860382878));
#1343=CARTESIAN_POINT('Ctrl Pts',(-11.9533959304601,2.69197303865875,39.7220872038483));
#1344=CARTESIAN_POINT('Ctrl Pts',(-12.1096474176996,9.18938867291063,39.2817561703823));
#1345=CARTESIAN_POINT('Ctrl Pts',(-12.2658989049391,15.5765060345384,37.2138911146395));
#1346=CARTESIAN_POINT('Ctrl Pts',(-12.4221503921787,21.0991283058518,33.7626674819486));
#1347=CARTESIAN_POINT('Ctrl Pts',(-12.5784018794182,26.6217505771651,30.3114438492576));
#1348=CARTESIAN_POINT('Ctrl Pts',(-12.7346533666577,31.279877758164,25.4768616396185));
#1349=CARTESIAN_POINT('Ctrl Pts',(-12.8909048538973,34.5234738356945,19.8297928568942));
#1350=CARTESIAN_POINT('Ctrl Pts',(-13.0471563411368,37.767069913225,14.18272407417));
#1351=CARTESIAN_POINT('Ctrl Pts',(-13.2034078283763,39.5961348872872,7.72316871836063));
#1352=CARTESIAN_POINT('Ctrl Pts',(-13.3596593156159,39.7946910215488,1.21387714428747));
#1353=CARTESIAN_POINT('Ctrl Pts',(-13.5159108028554,39.9932471558104,-5.29541442978564));
#1354=CARTESIAN_POINT('Ctrl Pts',(-13.6721622900949,38.5612944502714,-11.8544422221226));
#1355=CARTESIAN_POINT('Ctrl Pts',(-13.8284137773345,35.6679192787994,-17.6887100741309));
#1356=CARTESIAN_POINT('Ctrl Pts',(-13.984665264574,32.7745441073275,-23.5229779261392));
#1357=CARTESIAN_POINT('Ctrl Pts',(-14.1409167518135,28.4197464699225,-28.632485837819));
#1358=CARTESIAN_POINT('Ctrl Pts',(-14.2971682390531,23.1177448500246,-32.4138983280013));
#1359=CARTESIAN_POINT('Ctrl Pts',(-14.4534197262926,17.8157432301266,-36.1953108181836));
#1360=CARTESIAN_POINT('Ctrl Pts',(-14.6096712135321,11.5665376277356,-38.6486278868685));
#1361=CARTESIAN_POINT('Ctrl Pts',(-14.7659227007717,5.10804031187757,-39.4841595400591));
#1362=CARTESIAN_POINT('Ctrl Pts',(-14.9221741880112,-1.3504570039805,-40.3196911932498));
#1363=CARTESIAN_POINT('Ctrl Pts',(-15.0784256752507,-8.01824603330563,-39.537437430946));
#1364=CARTESIAN_POINT('Ctrl Pts',(-15.2346771624903,-14.1079883985633,-37.2297675364212));
#1365=CARTESIAN_POINT('Ctrl Pts',(-15.3909286497298,-20.1977307638209,-34.9220976418963));
#1366=CARTESIAN_POINT('Ctrl Pts',(-15.5471801369693,-25.709426465011,-31.0890116151503));
#1367=CARTESIAN_POINT('Ctrl Pts',(-15.7034316242089,-29.9922485107905,-26.1831238013361));
#1368=CARTESIAN_POINT('Ctrl Pts',(-15.8596831114484,-34.2750705565699,-21.2772359875219));
#1369=CARTESIAN_POINT('Ctrl Pts',(-16.0159345986879,-37.3290189469388,-15.2985463866396));
#1370=CARTESIAN_POINT('Ctrl Pts',(-16.1721860859275,-38.7934821338881,-8.95302437117499));
#1371=CARTESIAN_POINT('Ctrl Pts',(-16.328437573167,-40.2579453208374,-2.60750235571031));
#1372=CARTESIAN_POINT('Ctrl Pts',(-16.4846890604065,-40.1329233043672,4.10485207433672));
#1373=CARTESIAN_POINT('Ctrl Pts',(-16.6409405476461,-38.4331757953555,10.3914379963912));
#1374=CARTESIAN_POINT('Ctrl Pts',(-16.7971920348856,-36.7334282863439,16.6780239184457));
#1375=CARTESIAN_POINT('Ctrl Pts',(-16.9534435221252,-33.4589552847909,22.5388413325077));
#1376=CARTESIAN_POINT('Ctrl Pts',(-17.1096950093647,-28.9964154911685,27.2818390578306));
#1377=CARTESIAN_POINT('Ctrl Pts',(-17.2659464966042,-24.5338756975461,32.0248367831534));
#1378=CARTESIAN_POINT('Ctrl Pts',(-17.4221979838437,-18.8832691118543,35.6500148197373));
#1379=CARTESIAN_POINT('Ctrl Pts',(-17.5784494710833,-12.7118132515871,37.7293094493488));
#1380=CARTESIAN_POINT('Ctrl Pts',(-17.6818926400491,-8.62612445209276,39.1058648313206));
#1381=CARTESIAN_POINT('Ctrl Pts',(-17.785335809015,-4.31215590832995,39.8048847226265));
#1382=CARTESIAN_POINT('Ctrl Pts',(-17.8887789779808,0.000794142751792126,
39.8080929869249));
#1383=CARTESIAN_POINT('Ctrl Pts',(-18.7312210220192,0.000548170757783143,
39.8087229369489));
#1384=CARTESIAN_POINT('Ctrl Pts',(-18.6220595529608,-4.55055024932927,39.8048103266939));
#1385=CARTESIAN_POINT('Ctrl Pts',(-18.5128980839025,-9.10271493429648,39.0247325380942));
#1386=CARTESIAN_POINT('Ctrl Pts',(-18.4037366148442,-13.3873674104985,37.4948539923128));
#1387=CARTESIAN_POINT('Ctrl Pts',(-18.2474851276047,-19.52033106046,35.3050172290638));
#1388=CARTESIAN_POINT('Ctrl Pts',(-18.0912336403651,-25.1052030633437,31.5789532637712));
#1389=CARTESIAN_POINT('Ctrl Pts',(-17.9349821531256,-29.4818943092472,26.7565659080232));
#1390=CARTESIAN_POINT('Ctrl Pts',(-17.7787306658861,-33.8585855551507,21.9341785522752));
#1391=CARTESIAN_POINT('Ctrl Pts',(-17.6224791786465,-37.027096044074,16.0154678060719));
#1392=CARTESIAN_POINT('Ctrl Pts',(-17.466227691407,-38.6136023365272,9.69935836002717));
#1393=CARTESIAN_POINT('Ctrl Pts',(-17.3099762041675,-40.2001086289803,3.3832489139824));
#1394=CARTESIAN_POINT('Ctrl Pts',(-17.1537247169279,-40.2046107249632,-3.33025923190383));
#1395=CARTESIAN_POINT('Ctrl Pts',(-16.9974732296884,-38.6264144715419,-9.64844812745465));
#1396=CARTESIAN_POINT('Ctrl Pts',(-16.8412217424488,-37.0482182181205,-15.9666370230055));
#1397=CARTESIAN_POINT('Ctrl Pts',(-16.6849702552093,-33.8873236152948,-21.8895066682209));
#1398=CARTESIAN_POINT('Ctrl Pts',(-16.5287187679698,-29.5170554144811,-26.7176691118996));
#1399=CARTESIAN_POINT('Ctrl Pts',(-16.3724672807303,-25.1467872136674,-31.5458315555782));
#1400=CARTESIAN_POINT('Ctrl Pts',(-16.2162157934907,-19.5671454148658,-35.2792867977201));
#1401=CARTESIAN_POINT('Ctrl Pts',(-16.0599643062512,-13.436936606575,-37.4771900426698));
#1402=CARTESIAN_POINT('Ctrl Pts',(-15.9037128190117,-7.30672779828419,-39.6750932876195));
#1403=CARTESIAN_POINT('Ctrl Pts',(-15.7474613317721,-0.625951980504248,
-40.337444535377));
#1404=CARTESIAN_POINT('Ctrl Pts',(-15.5912098445326,5.81649664404704,-39.3860301123745));
#1405=CARTESIAN_POINT('Ctrl Pts',(-15.4349583572931,12.2589452685983,-38.4346156893721));
#1406=CARTESIAN_POINT('Ctrl Pts',(-15.2787068700535,18.4630666999209,-35.8694355956098));
#1407=CARTESIAN_POINT('Ctrl Pts',(-15.122455382814,23.6962837050977,-31.9933900453234));
#1408=CARTESIAN_POINT('Ctrl Pts',(-14.9662038955744,28.9295007102746,-28.1173444950369));
#1409=CARTESIAN_POINT('Ctrl Pts',(-14.8099524083349,33.1918132893058,-22.9304334882264));
#1410=CARTESIAN_POINT('Ctrl Pts',(-14.6537009210954,35.9799178058426,-17.0451316543536));
#1411=CARTESIAN_POINT('Ctrl Pts',(-14.4974494338558,38.7680223223794,-11.1598298204808));
#1412=CARTESIAN_POINT('Ctrl Pts',(-14.3411979466163,40.0819187764218,-4.57613715954584));
#1413=CARTESIAN_POINT('Ctrl Pts',(-14.1849464593768,39.7664640005912,1.92853736933955));
#1414=CARTESIAN_POINT('Ctrl Pts',(-14.0286949721372,39.4510092247607,8.43321189822495));
#1415=CARTESIAN_POINT('Ctrl Pts',(-13.8724434848977,37.5062032190573,14.8588682950608));
#1416=CARTESIAN_POINT('Ctrl Pts',(-13.7161919976582,34.1616889837205,20.446759205264));
#1417=CARTESIAN_POINT('Ctrl Pts',(-13.5599405104186,30.8171747483837,26.0346501154672));
#1418=CARTESIAN_POINT('Ctrl Pts',(-13.4036890231791,26.0729522834135,30.7847755390378));
#1419=CARTESIAN_POINT('Ctrl Pts',(-13.2474375359396,20.4892246066741,34.1362361166523));
#1420=CARTESIAN_POINT('Ctrl Pts',(-13.0911860487,14.9054969299348,37.4876966942669));
#1421=CARTESIAN_POINT('Ctrl Pts',(-12.9349345614605,8.48226404142628,39.4404924259253));
#1422=CARTESIAN_POINT('Ctrl Pts',(-12.778683074221,1.97798690749401,39.7640354072254));
#1423=CARTESIAN_POINT('Ctrl Pts',(-12.7628623901537,1.31941964877657,39.7967945916643));
#1424=CARTESIAN_POINT('Ctrl Pts',(-12.7470417060865,0.660021536701252,39.812850923095));
#1425=CARTESIAN_POINT('Ctrl Pts',(-12.7312210220192,0.000599732284075038,
39.8123644419343));
#1426=CARTESIAN_POINT('Origin',(-10.,0.,0.));
#1427=CARTESIAN_POINT('',(-5.88877897798083,-0.000389856582487802,39.8128570014418));
#1428=CARTESIAN_POINT('',(-6.73122102201918,-0.000587965679221637,39.812399202771));
#1429=CARTESIAN_POINT('',(-10.,-4.87531890740561E-15,39.81));
#1430=CARTESIAN_POINT('Ctrl Pts',(-5.88877897798083,-0.000389856582487802,
39.8128570014418));
#1431=CARTESIAN_POINT('Ctrl Pts',(-6.03530011526616,6.10653693926523,39.8096905337027));
#1432=CARTESIAN_POINT('Ctrl Pts',(-6.18182125255149,12.2148940732602,38.3820267049027));
#1433=CARTESIAN_POINT('Ctrl Pts',(-6.32834238983683,17.6860436039256,35.6692415439476));
#1434=CARTESIAN_POINT('Ctrl Pts',(-6.48459387707636,23.5205277399009,32.7763025194906));
#1435=CARTESIAN_POINT('Ctrl Pts',(-6.6408453643159,28.6303611912338,28.4218868140766));
#1436=CARTESIAN_POINT('Ctrl Pts',(-6.79709685155543,32.4121700301031,23.1201679193768));
#1437=CARTESIAN_POINT('Ctrl Pts',(-6.95334833879497,36.1939788689723,17.8184490246769));
#1438=CARTESIAN_POINT('Ctrl Pts',(-7.1095998260345,38.6477630953778,11.5694269406913));
#1439=CARTESIAN_POINT('Ctrl Pts',(-7.26585131327403,39.4837775658072,5.1109920577337));
#1440=CARTESIAN_POINT('Ctrl Pts',(-7.42210280051357,40.3197920362366,-1.34744282522393));
#1441=CARTESIAN_POINT('Ctrl Pts',(-7.5783542877531,39.5380367506898,-8.0152905071536));
#1442=CARTESIAN_POINT('Ctrl Pts',(-7.73460577499264,37.230822106693,-14.1052052782082));
#1443=CARTESIAN_POINT('Ctrl Pts',(-7.89085726223218,34.9236074626963,-20.1951200492627));
#1444=CARTESIAN_POINT('Ctrl Pts',(-8.04710874947171,31.0909334602496,-25.7071019094422));
#1445=CARTESIAN_POINT('Ctrl Pts',(-8.20336023671124,26.1853658412748,-29.990290869527));
#1446=CARTESIAN_POINT('Ctrl Pts',(-8.35961172395077,21.2797982223,-34.2734798296118));
#1447=CARTESIAN_POINT('Ctrl Pts',(-8.5158632111903,15.3013369867969,-37.327875889602));
#1448=CARTESIAN_POINT('Ctrl Pts',(-8.67211469842984,8.95592444622282,-38.7928130971977));
#1449=CARTESIAN_POINT('Ctrl Pts',(-8.82836618566937,2.61051190564861,-40.2577503047933));
#1450=CARTESIAN_POINT('Ctrl Pts',(-8.98461767290891,-4.10185193999669,-40.1332286599944));
#1451=CARTESIAN_POINT('Ctrl Pts',(-9.14086916014845,-10.3885648704204,-38.4339517954366));
#1452=CARTESIAN_POINT('Ctrl Pts',(-9.29712064738798,-16.6752778008439,-36.7346749308789));
#1453=CARTESIAN_POINT('Ctrl Pts',(-9.45337213462751,-22.5363398160459,-33.4606428465625));
#1454=CARTESIAN_POINT('Ctrl Pts',(-9.60962362186704,-27.2796712147427,-28.9984563226059));
#1455=CARTESIAN_POINT('Ctrl Pts',(-9.76587510910658,-32.0230026134396,-24.5362697986494));
#1456=CARTESIAN_POINT('Ctrl Pts',(-9.92212659634612,-35.6486033956314,-18.8859288350526));
#1457=CARTESIAN_POINT('Ctrl Pts',(-10.0783780835857,-37.7283592192669,-12.7146309937535));
#1458=CARTESIAN_POINT('Ctrl Pts',(-10.2346295708252,-39.8081150429024,-6.54333315245451));
#1459=CARTESIAN_POINT('Ctrl Pts',(-10.3908810580647,-40.3420259079818,0.148921566546907));
#1460=CARTESIAN_POINT('Ctrl Pts',(-10.5471325453042,-39.2670471191742,6.57190544753575));
#1461=CARTESIAN_POINT('Ctrl Pts',(-10.7033840325438,-38.1920683303666,12.9948893285246));
#1462=CARTESIAN_POINT('Ctrl Pts',(-10.8596355197833,-35.5081998876721,19.1486023715009));
#1463=CARTESIAN_POINT('Ctrl Pts',(-11.0158870070229,-31.5323554937195,24.3064083671916));
#1464=CARTESIAN_POINT('Ctrl Pts',(-11.1721384942624,-27.5565110997668,29.4642143628824));
#1465=CARTESIAN_POINT('Ctrl Pts',(-11.3283899815019,-22.288690754556,33.6261133112877));
#1466=CARTESIAN_POINT('Ctrl Pts',(-11.4846414687414,-16.3509236285126,36.3006642798957));
#1467=CARTESIAN_POINT('Ctrl Pts',(-11.6193539718212,-11.2316669328757,38.6065332476792));
#1468=CARTESIAN_POINT('Ctrl Pts',(-11.754066474901,-5.61443494321592,39.8068479106364));
#1469=CARTESIAN_POINT('Ctrl Pts',(-11.8887789779808,0.00075822793753344,
39.811771108879));
#1470=CARTESIAN_POINT('Ctrl Pts',(-12.7312210220192,0.000599732284075038,
39.8123644419343));
#1471=CARTESIAN_POINT('Ctrl Pts',(-12.5907902188469,-5.85269543686943,39.8080462380042));
#1472=CARTESIAN_POINT('Ctrl Pts',(-12.4503594156746,-11.7078573391478,38.5003103968239));
#1473=CARTESIAN_POINT('Ctrl Pts',(-12.3099286125024,-17.0003760992028,36.0010855101205));
#1474=CARTESIAN_POINT('Ctrl Pts',(-12.1536771252628,-22.8891405926115,33.2203024007736));
#1475=CARTESIAN_POINT('Ctrl Pts',(-11.9974256380233,-28.0813482000728,28.9644459511379));
#1476=CARTESIAN_POINT('Ctrl Pts',(-11.8411741507838,-31.9638982811516,23.7360516960313));
#1477=CARTESIAN_POINT('Ctrl Pts',(-11.6849226635442,-35.8464483622303,18.5076574409246));
#1478=CARTESIAN_POINT('Ctrl Pts',(-11.5286711763047,-38.4193409169265,12.306725380347));
#1479=CARTESIAN_POINT('Ctrl Pts',(-11.3724196890652,-39.3787663247091,5.86546738310255));
#1480=CARTESIAN_POINT('Ctrl Pts',(-11.2161682018256,-40.3381917324918,-0.575790614141942));
#1481=CARTESIAN_POINT('Ctrl Pts',(-11.0599167145861,-39.6841499933608,-7.25737454805322));
#1482=CARTESIAN_POINT('Ctrl Pts',(-10.9036652273466,-37.4938709971022,-13.3903167159654));
#1483=CARTESIAN_POINT('Ctrl Pts',(-10.747413740107,-35.3035920008436,-19.5232588838775));
#1484=CARTESIAN_POINT('Ctrl Pts',(-10.5911622528675,-31.5770757474573,-25.1075592857906));
#1485=CARTESIAN_POINT('Ctrl Pts',(-10.434910765628,-26.7543527580734,-29.4838184929224));
#1486=CARTESIAN_POINT('Ctrl Pts',(-10.2786592783884,-21.9316297686894,-33.8600777000542));
#1487=CARTESIAN_POINT('Ctrl Pts',(-10.1224077911489,-16.0127000433077,-37.0282957124048));
#1488=CARTESIAN_POINT('Ctrl Pts',(-9.96615630390936,-9.6964763641237,-38.6143663738858));
#1489=CARTESIAN_POINT('Ctrl Pts',(-9.80990481666983,-3.38025268493963,-40.2004370353667));
#1490=CARTESIAN_POINT('Ctrl Pts',(-9.6536533294303,3.3332649480468,-40.2043603459779));
#1491=CARTESIAN_POINT('Ctrl Pts',(-9.49740184219076,9.65133807804889,-38.6256730379666));
#1492=CARTESIAN_POINT('Ctrl Pts',(-9.34115035495122,15.969411208051,-37.0469857299553));
#1493=CARTESIAN_POINT('Ctrl Pts',(-9.18489886771168,21.8920398350687,-33.8856878033215));
#1494=CARTESIAN_POINT('Ctrl Pts',(-9.02864738047215,26.7198744124875,-29.5150682828444));
#1495=CARTESIAN_POINT('Ctrl Pts',(-8.87239589323262,31.5477089899062,-25.1444487623674));
#1496=CARTESIAN_POINT('Ctrl Pts',(-8.71614440599309,35.2807495177259,-19.5645076480471));
#1497=CARTESIAN_POINT('Ctrl Pts',(-8.55989291875356,37.4781950691809,-13.4341296217052));
#1498=CARTESIAN_POINT('Ctrl Pts',(-8.40364143151403,39.675640620636,-7.30375159536319));
#1499=CARTESIAN_POINT('Ctrl Pts',(-8.24738994427449,40.3374911957264,-0.62293665699953));
#1500=CARTESIAN_POINT('Ctrl Pts',(-8.09113845703495,39.3855948571149,5.81943829779288));
#1501=CARTESIAN_POINT('Ctrl Pts',(-7.93488696979542,38.4336985185033,12.2618132525852));
#1502=CARTESIAN_POINT('Ctrl Pts',(-7.77863548255588,35.86805526619,18.4657482238064));
#1503=CARTESIAN_POINT('Ctrl Pts',(-7.62238399531635,31.9916186626719,23.6986767496866));
#1504=CARTESIAN_POINT('Ctrl Pts',(-7.46613250807682,28.115182059154,28.9316052755667));
#1505=CARTESIAN_POINT('Ctrl Pts',(-7.30988102083729,22.9279521044313,33.1935273561059));
#1506=CARTESIAN_POINT('Ctrl Pts',(-7.15362953359775,17.0424417779217,35.9811912336484));
#1507=CARTESIAN_POINT('Ctrl Pts',(-7.0128266964049,11.738834324701,38.4932376149817));
#1508=CARTESIAN_POINT('Ctrl Pts',(-6.87202385921204,5.86819910399985,39.8081354420808));
#1509=CARTESIAN_POINT('Ctrl Pts',(-6.73122102201918,-0.000587965679221637,
39.812399202771));
#1510=CARTESIAN_POINT('Origin',(-10.,0.,0.));
#1511=CARTESIAN_POINT('',(0.111221022019182,-0.000945040712754253,39.809387488718));
#1512=CARTESIAN_POINT('',(-0.731221022019187,-0.000892413791959271,39.808723367804));
#1513=CARTESIAN_POINT('',(-10.,-4.87531890740561E-15,39.81));
#1514=CARTESIAN_POINT('Ctrl Pts',(0.111221022019182,-0.000945040712754253,
39.809387488718));
#1515=CARTESIAN_POINT('Ctrl Pts',(-0.00403078115221282,4.80390186314812,
39.8048631699063));
#1516=CARTESIAN_POINT('Ctrl Pts',(-0.119282584323607,9.61034611302518,38.9333526032653));
#1517=CARTESIAN_POINT('Ctrl Pts',(-0.234534387495002,14.1024219812016,37.2318764628453));
#1518=CARTESIAN_POINT('Ctrl Pts',(-0.390785874734538,20.192509215252,34.9251170879152));
#1519=CARTESIAN_POINT('Ctrl Pts',(-0.547037361974073,25.7047775785212,31.0928551543819));
#1520=CARTESIAN_POINT('Ctrl Pts',(-0.703288849213609,29.9883332512372,26.187607746665));
#1521=CARTESIAN_POINT('Ctrl Pts',(-0.859540336453143,34.2718889239532,21.2823603389482));
#1522=CARTESIAN_POINT('Ctrl Pts',(-1.01579182369268,37.326731906116,15.3041274570477));
#1523=CARTESIAN_POINT('Ctrl Pts',(-1.17204331093221,38.792143472434,8.95882444824895));
#1524=CARTESIAN_POINT('Ctrl Pts',(-1.32829479817174,40.2575550387521,2.61352143945015));
#1525=CARTESIAN_POINT('Ctrl Pts',(-1.48454628541128,40.1335351892254,-4.09885169624698));
#1526=CARTESIAN_POINT('Ctrl Pts',(-1.64079777265081,38.4347283040376,-10.3856916416415));
#1527=CARTESIAN_POINT('Ctrl Pts',(-1.79704925989034,36.7359214188498,-16.672531587036));
#1528=CARTESIAN_POINT('Ctrl Pts',(-1.95330074712988,33.4623274980009,-22.5338383421279));
#1529=CARTESIAN_POINT('Ctrl Pts',(-2.10955223436941,29.0004955828477,-27.277503306382));
#1530=CARTESIAN_POINT('Ctrl Pts',(-2.26580372160894,24.5386636676946,-32.021168270636));
#1531=CARTESIAN_POINT('Ctrl Pts',(-2.42205520884848,18.8885937582372,-35.6471914440521));
#1532=CARTESIAN_POINT('Ctrl Pts',(-2.57830669608801,12.7174514101027,-37.7274086084921));
#1533=CARTESIAN_POINT('Ctrl Pts',(-2.73455818332755,6.54630906196814,-39.8076257729322));
#1534=CARTESIAN_POINT('Ctrl Pts',(-2.89080967056708,-0.14590572484349,-40.3420369283961));
#1535=CARTESIAN_POINT('Ctrl Pts',(-3.04706115780662,-6.56896994987983,-39.2675383042791));
#1536=CARTESIAN_POINT('Ctrl Pts',(-3.20331264504615,-12.9920341749161,-38.193039680162));
#1537=CARTESIAN_POINT('Ctrl Pts',(-3.35956413228568,-19.145947838177,-35.5096312764639));
#1538=CARTESIAN_POINT('Ctrl Pts',(-3.51581561952522,-24.3040510408958,-31.5341724749831));
#1539=CARTESIAN_POINT('Ctrl Pts',(-3.67206710676475,-29.4621542436147,-27.5587136735022));
#1540=CARTESIAN_POINT('Ctrl Pts',(-3.82831859400429,-33.6244469857915,-22.2912044742385));
#1541=CARTESIAN_POINT('Ctrl Pts',(-3.98457008124382,-36.2994418354978,-16.3536373052529));
#1542=CARTESIAN_POINT('Ctrl Pts',(-4.14082156848336,-38.974436685204,-10.4160701362673));
#1543=CARTESIAN_POINT('Ctrl Pts',(-4.29707305572289,-40.1621336424397,-3.80844499755974));
#1544=CARTESIAN_POINT('Ctrl Pts',(-4.45332454296242,-39.7222883362342,2.68900353542454));
#1545=CARTESIAN_POINT('Ctrl Pts',(-4.60957603020196,-39.2824430300287,9.18645206840882));
#1546=CARTESIAN_POINT('Ctrl Pts',(-4.7658275174415,-37.2150554603821,15.5737239956697));
#1547=CARTESIAN_POINT('Ctrl Pts',(-4.92207900468103,-33.7642446910766,21.0966042556985));
#1548=CARTESIAN_POINT('Ctrl Pts',(-5.07833049192056,-30.3134339217711,26.6194845157272));
#1549=CARTESIAN_POINT('Ctrl Pts',(-5.23458197916009,-25.4791999528067,31.2779731085236));
#1550=CARTESIAN_POINT('Ctrl Pts',(-5.39083346639963,-19.832373666565,34.5219913306025));
#1551=CARTESIAN_POINT('Ctrl Pts',(-5.54708495363916,-14.1855473803232,37.7660095526814));
#1552=CARTESIAN_POINT('Ctrl Pts',(-5.7033364408787,-7.72612877680418,39.5955574040429));
#1553=CARTESIAN_POINT('Ctrl Pts',(-5.85958792811823,-1.21685206473582,39.7946001579737));
#1554=CARTESIAN_POINT('Ctrl Pts',(-5.86931827807243,-0.811495664767321,
39.806995276163));
#1555=CARTESIAN_POINT('Ctrl Pts',(-5.87904862802663,-0.40594591469956,39.8130672839975));
#1556=CARTESIAN_POINT('Ctrl Pts',(-5.88877897798083,-0.000389856582487802,
39.8128570014418));
#1557=CARTESIAN_POINT('Ctrl Pts',(-6.73122102201918,-0.000587965679221637,
39.812399202771));
#1558=CARTESIAN_POINT('Ctrl Pts',(-6.7157723719725,-0.644501394169068,39.8128670154095));
#1559=CARTESIAN_POINT('Ctrl Pts',(-6.70032372192583,-1.28839257441611,39.7975572727555));
#1560=CARTESIAN_POINT('Ctrl Pts',(-6.68487507187915,-1.93151013453992,39.7663200830312));
#1561=CARTESIAN_POINT('Ctrl Pts',(-6.52862358463961,-8.43616102219499,39.4503793803258));
#1562=CARTESIAN_POINT('Ctrl Pts',(-6.37237209740008,-14.8616720992085,37.5050923003691));
#1563=CARTESIAN_POINT('Ctrl Pts',(-6.21612061016055,-20.4493129894286,34.160160166574));
#1564=CARTESIAN_POINT('Ctrl Pts',(-6.05986912292101,-26.0369538796487,30.8152280327788));
#1565=CARTESIAN_POINT('Ctrl Pts',(-5.90361763568148,-30.7867245830755,26.0706508451452));
#1566=CARTESIAN_POINT('Ctrl Pts',(-5.74736614844195,-34.1377677189446,20.4866727292003));
#1567=CARTESIAN_POINT('Ctrl Pts',(-5.59111466120241,-37.4888108548137,14.9026946132552));
#1568=CARTESIAN_POINT('Ctrl Pts',(-5.43486317396288,-39.4411264231251,8.47931556899869));
#1569=CARTESIAN_POINT('Ctrl Pts',(-5.27861168672334,-39.7641831699806,1.97501422019034));
#1570=CARTESIAN_POINT('Ctrl Pts',(-5.12236019948381,-40.087239916836,-4.52928712861794));
#1571=CARTESIAN_POINT('Ctrl Pts',(-4.96610871224428,-38.7810378422355,-11.114510781978));
#1572=CARTESIAN_POINT('Ctrl Pts',(-4.80985722500474,-35.999814512581,-17.0030673528516));
#1573=CARTESIAN_POINT('Ctrl Pts',(-4.65360573776521,-33.2185911829266,-22.8916239237252));
#1574=CARTESIAN_POINT('Ctrl Pts',(-4.49735425052567,-28.9623465982181,-28.0835134121123));
#1575=CARTESIAN_POINT('Ctrl Pts',(-4.34110276328614,-23.7336621120955,-31.965672636356));
#1576=CARTESIAN_POINT('Ctrl Pts',(-4.18485127604661,-18.5049776259728,-35.8478318605998));
#1577=CARTESIAN_POINT('Ctrl Pts',(-4.02859978880707,-12.3038532384361,-38.4202608207002));
#1578=CARTESIAN_POINT('Ctrl Pts',(-3.87234830156754,-5.86252353486458,-39.3792046916767));
#1579=CARTESIAN_POINT('Ctrl Pts',(-3.716096814328,0.5788061687069,-40.3381485626531));
#1580=CARTESIAN_POINT('Ctrl Pts',(-3.55984532708847,7.26034118831311,-39.6836073445055));
#1581=CARTESIAN_POINT('Ctrl Pts',(-3.40359383984894,13.3931196004318,-37.4928698783428));
#1582=CARTESIAN_POINT('Ctrl Pts',(-3.2473423526094,19.5258980125504,-35.30213241218));
#1583=CARTESIAN_POINT('Ctrl Pts',(-3.09109086536987,25.1099198171816,-31.5751986980022));
#1584=CARTESIAN_POINT('Ctrl Pts',(-2.93483937813033,29.4858184808807,-26.7521485652716));
#1585=CARTESIAN_POINT('Ctrl Pts',(-2.7785878908908,33.8617171445798,-21.929098432541));
#1586=CARTESIAN_POINT('Ctrl Pts',(-2.62233640365127,37.0294926673469,-16.0099318812576));
#1587=CARTESIAN_POINT('Ctrl Pts',(-2.46608491641174,38.6150911435459,-9.69358965097333));
#1588=CARTESIAN_POINT('Ctrl Pts',(-2.3098334291722,40.2006896197448,-3.37724742068902));
#1589=CARTESIAN_POINT('Ctrl Pts',(-2.15358194193267,40.2041110493757,3.3362704885962));
#1590=CARTESIAN_POINT('Ctrl Pts',(-1.99733045469313,38.6249514268177,9.65422558374211));
#1591=CARTESIAN_POINT('Ctrl Pts',(-1.8410789674536,37.0457918042598,15.972180678888));
#1592=CARTESIAN_POINT('Ctrl Pts',(-1.68482748021406,33.8840511295131,21.8945729598946));
#1593=CARTESIAN_POINT('Ctrl Pts',(-1.52857599297453,29.5130707076976,26.722080790018));
#1594=CARTESIAN_POINT('Ctrl Pts',(-1.37232450573499,25.1420902858821,31.5495886201415));
#1595=CARTESIAN_POINT('Ctrl Pts',(-1.21607301849546,19.5618701169978,35.2822119993817));
#1596=CARTESIAN_POINT('Ctrl Pts',(-1.05982153125592,13.431327833774,37.479199257288));
#1597=CARTESIAN_POINT('Ctrl Pts',(-0.950288028177012,9.13377019820742,39.0193043457554));
#1598=CARTESIAN_POINT('Ctrl Pts',(-0.840754525098099,4.56577774787304,39.8047796288731));
#1599=CARTESIAN_POINT('Ctrl Pts',(-0.731221022019187,-0.000892413791959271,
39.808723367804));
#1600=CARTESIAN_POINT('Origin',(-10.,0.,0.));
#1601=CARTESIAN_POINT('',(6.11122102201918,-0.000211705606603108,39.8068828785926));
#1602=CARTESIAN_POINT('',(5.26877897798082,-5.04426155381281E-6,39.806810782151));
#1603=CARTESIAN_POINT('',(-10.,-4.87531890740561E-15,39.81));
#1604=CARTESIAN_POINT('Ctrl Pts',(6.11122102201918,-0.000211705606603108,
39.8068828785926));
#1605=CARTESIAN_POINT('Ctrl Pts',(6.02723855296173,3.50164934676707,39.8062122560614));
#1606=CARTESIAN_POINT('Ctrl Pts',(5.94325608390428,7.00368248490118,39.348331274662));
#1607=CARTESIAN_POINT('Ctrl Pts',(5.85927361484683,10.3828183548383,38.435504597844));
#1608=CARTESIAN_POINT('Ctrl Pts',(5.70302212760729,16.6697852800537,36.737167701519));
#1609=CARTESIAN_POINT('Ctrl Pts',(5.54677064036776,22.5313367422148,33.4640119624283));
#1610=CARTESIAN_POINT('Ctrl Pts',(5.39051915312822,27.2753352455461,29.0025346810157));
#1611=CARTESIAN_POINT('Ctrl Pts',(5.23426766588868,32.0193337488775,24.541057399603));
#1612=CARTESIAN_POINT('Ctrl Pts',(5.07801617864915,35.6457792933792,18.8912585758685));
#1613=CARTESIAN_POINT('Ctrl Pts',(4.92176469140961,37.7264577869387,12.7202717553825));
#1614=CARTESIAN_POINT('Ctrl Pts',(4.76551320417008,39.8071362804982,6.54928493489688));
#1615=CARTESIAN_POINT('Ctrl Pts',(4.60926171693054,40.3420477231157,-0.142889882340098));
#1616=CARTESIAN_POINT('Ctrl Pts',(4.45301022969101,39.2680292698099,-6.56603441552065));
#1617=CARTESIAN_POINT('Ctrl Pts',(4.29675874245148,38.1940108165041,-12.9891789487013));
#1618=CARTESIAN_POINT('Ctrl Pts',(4.14050725521195,35.511062467275,-19.1432931978255));
#1619=CARTESIAN_POINT('Ctrl Pts',(3.98425576797242,31.5359892802574,-24.3016935787599));
#1620=CARTESIAN_POINT('Ctrl Pts',(3.82800428073288,27.5609160932399,-29.4600939596942));
#1621=CARTESIAN_POINT('Ctrl Pts',(3.67175279349335,22.2937180684338,-33.6227804724387));
#1622=CARTESIAN_POINT('Ctrl Pts',(3.51550130625382,16.3563508901284,-36.2982191882666));
#1623=CARTESIAN_POINT('Ctrl Pts',(3.35924981901428,10.4189837118229,-38.9736579040945));
#1624=CARTESIAN_POINT('Ctrl Pts',(3.20299833177475,3.81144738001799,-40.1618488230058));
#1625=CARTESIAN_POINT('Ctrl Pts',(3.04674684453522,-2.68603401624362,-39.722489246572));
#1626=CARTESIAN_POINT('Ctrl Pts',(2.89049535729568,-9.18351541250532,-39.2831296701383));
#1627=CARTESIAN_POINT('Ctrl Pts',(2.73424387005614,-15.5709418732237,-37.2162195983594));
#1628=CARTESIAN_POINT('Ctrl Pts',(2.57799238281661,-21.0940800894341,-33.7658217116212));
#1629=CARTESIAN_POINT('Ctrl Pts',(2.42174089557707,-26.6172183056445,-30.315423824883));
#1630=CARTESIAN_POINT('Ctrl Pts',(2.26548940833754,-31.2760682773469,-25.4815381231855));
#1631=CARTESIAN_POINT('Ctrl Pts',(2.109237921098,-34.5205086290958,-19.8349543651851));
#1632=CARTESIAN_POINT('Ctrl Pts',(1.95298643385847,-37.7649489808446,-14.1883706071848));
#1633=CARTESIAN_POINT('Ctrl Pts',(1.79673494661894,-39.59497971264,-7.72908879288157));
#1634=CARTESIAN_POINT('Ctrl Pts',(1.64048345937941,-39.7945090787942,-1.21982697880383));
#1635=CARTESIAN_POINT('Ctrl Pts',(1.48423197213987,-39.9940384449484,5.2894348352741));
#1636=CARTESIAN_POINT('Ctrl Pts',(1.32798048490034,-38.5630664454613,11.8486766491266));
#1637=CARTESIAN_POINT('Ctrl Pts',(1.1717289976608,-35.6705635965254,17.683377035699));
#1638=CARTESIAN_POINT('Ctrl Pts',(1.01547751042127,-32.7780607475895,23.5180774222714));
#1639=CARTESIAN_POINT('Ctrl Pts',(0.859226023181738,-28.4240270492049,28.6282363815637));
#1640=CARTESIAN_POINT('Ctrl Pts',(0.702974535942205,-23.1225908852945,32.4104415494721));
#1641=CARTESIAN_POINT('Ctrl Pts',(0.546723048702674,-17.8211547213841,36.1926467173804));
#1642=CARTESIAN_POINT('Ctrl Pts',(0.390471561463142,-11.5723160919481,38.6468980939047));
#1643=CARTESIAN_POINT('Ctrl Pts',(0.234220074223611,-5.1139437248144,39.4833953740035));
#1644=CARTESIAN_POINT('Ctrl Pts',(0.193220390155468,-3.41929600449553,39.7028884797257));
#1645=CARTESIAN_POINT('Ctrl Pts',(0.152220706087325,-1.71022159546765,39.8109969701907));
#1646=CARTESIAN_POINT('Ctrl Pts',(0.111221022019182,-0.000945040712754253,
39.809387488718));
#1647=CARTESIAN_POINT('Ctrl Pts',(-0.731221022019187,-0.000892413791959271,
39.808723367804));
#1648=CARTESIAN_POINT('Ctrl Pts',(-0.684503037858565,-1.94865833273409,
39.8104054424909));
#1649=CARTESIAN_POINT('Ctrl Pts',(-0.637785053697944,-3.89618370436221,
39.6699133322817));
#1650=CARTESIAN_POINT('Ctrl Pts',(-0.591067069537322,-5.82238262307424,
39.3851597043396));
#1651=CARTESIAN_POINT('Ctrl Pts',(-0.434815582297789,-12.2646863991354,
38.4327817569125));
#1652=CARTESIAN_POINT('Ctrl Pts',(-0.278564095058256,-18.4684295536944,
35.8666747254863));
#1653=CARTESIAN_POINT('Ctrl Pts',(-0.122312607818723,-23.7010682749038,
31.9898469357726));
#1654=CARTESIAN_POINT('Ctrl Pts',(0.0339388794208104,-28.9337069961133,
28.1130191460589));
#1655=CARTESIAN_POINT('Ctrl Pts',(0.190190366660343,-33.1952412839731,22.9254705980578));
#1656=CARTESIAN_POINT('Ctrl Pts',(0.346441853899876,-35.9824651717352,17.0397518911125));
#1657=CARTESIAN_POINT('Ctrl Pts',(0.50269334113941,-38.7696890594973,11.1540331841673));
#1658=CARTESIAN_POINT('Ctrl Pts',(0.658944828378943,-40.0826025471615,4.57014431827784));
#1659=CARTESIAN_POINT('Ctrl Pts',(0.815196315618476,-39.7661755783704,-1.93448293247361));
#1660=CARTESIAN_POINT('Ctrl Pts',(0.971447802858012,-39.4497486095792,-8.43911018322516));
#1661=CARTESIAN_POINT('Ctrl Pts',(1.12769929009755,-37.5039811843325,-14.8644758188387));
#1662=CARTESIAN_POINT('Ctrl Pts',(1.28395077733708,-34.1586313456614,-20.4518666369847));
#1663=CARTESIAN_POINT('Ctrl Pts',(1.44020226457662,-30.8132815069904,-26.0392574551305));
#1664=CARTESIAN_POINT('Ctrl Pts',(1.59645375181615,-26.068349254895,-30.7886734558087));
#1665=CARTESIAN_POINT('Ctrl Pts',(1.75270523905568,-20.4841206412492,-34.1392991419062));
#1666=CARTESIAN_POINT('Ctrl Pts',(1.90895672629522,-14.8998920276034,-37.4899248280037));
#1667=CARTESIAN_POINT('Ctrl Pts',(2.06520821353475,-8.47636705240708,-39.4417601995205));
#1668=CARTESIAN_POINT('Ctrl Pts',(2.22145970077429,-1.97204157108112,-39.764330704637));
#1669=CARTESIAN_POINT('Ctrl Pts',(2.37771118801382,4.53228391024485,-40.0869012097536));
#1670=CARTESIAN_POINT('Ctrl Pts',(2.53396267525336,11.1174098977005,-38.78020684847));
#1671=CARTESIAN_POINT('Ctrl Pts',(2.69021416249289,17.0057585367285,-35.9985433168662));
#1672=CARTESIAN_POINT('Ctrl Pts',(2.84646564973242,22.8941071757565,-33.2168797852625));
#1673=CARTESIAN_POINT('Ctrl Pts',(3.00271713697196,28.0856784663569,-28.9602470833386));
#1674=CARTESIAN_POINT('Ctrl Pts',(3.15896862421149,31.9674467999663,-23.7312723939771));
#1675=CARTESIAN_POINT('Ctrl Pts',(3.31522011145102,35.8492151335757,-18.5022977046154));
#1676=CARTESIAN_POINT('Ctrl Pts',(3.47147159869056,38.4211805101941,-12.300981027816));
#1677=CARTESIAN_POINT('Ctrl Pts',(3.6277230859301,39.3796428452132,-5.85957965465594));
#1678=CARTESIAN_POINT('Ctrl Pts',(3.78397457316963,40.3381051802323,0.581821718503986));
#1679=CARTESIAN_POINT('Ctrl Pts',(3.94022606040916,39.6830644736521,7.2633077880245));
#1680=CARTESIAN_POINT('Ctrl Pts',(4.0964775476487,37.4918685466443,13.395922410456));
#1681=CARTESIAN_POINT('Ctrl Pts',(4.25272903488823,35.3006726196364,19.5285370328875));
#1682=CARTESIAN_POINT('Ctrl Pts',(4.40898052212776,31.5733214722009,25.1122802082301));
#1683=CARTESIAN_POINT('Ctrl Pts',(4.56523200936729,26.7499442247108,29.4878183038466));
#1684=CARTESIAN_POINT('Ctrl Pts',(4.72148349660683,21.9265669772206,33.8633563994632));
#1685=CARTESIAN_POINT('Ctrl Pts',(4.87773498384636,16.0071636296758,37.0306894153538));
#1686=CARTESIAN_POINT('Ctrl Pts',(5.0339864710859,9.69070288275293,38.6158156975094));
#1687=CARTESIAN_POINT('Ctrl Pts',(5.11225064005087,6.52687666969465,39.4097831237987));
#1688=CARTESIAN_POINT('Ctrl Pts',(5.19051480901585,3.26343403654373,39.8067959261268));
#1689=CARTESIAN_POINT('Ctrl Pts',(5.26877897798082,-5.04426155381281E-6,
39.806810782151));
#1690=CARTESIAN_POINT('Origin',(-10.,0.,0.));
#1691=CARTESIAN_POINT('',(12.1112210220192,0.000790126326488672,39.8081017208097));
#1692=CARTESIAN_POINT('',(11.2687789779808,0.000888710712479386,39.8086927699934));
#1693=CARTESIAN_POINT('',(-10.,-4.87531890740561E-15,39.81));
#1694=CARTESIAN_POINT('Ctrl Pts',(12.1112210220192,0.000790126326488671,
39.8081017208097));
#1695=CARTESIAN_POINT('Ctrl Pts',(12.0585078870757,2.19860437360735,39.8097412196714));
#1696=CARTESIAN_POINT('Ctrl Pts',(12.0057947521322,4.39615424782618,39.6306898040014));
#1697=CARTESIAN_POINT('Ctrl Pts',(11.9530816171886,6.56309884400308,39.2685200157963));
#1698=CARTESIAN_POINT('Ctrl Pts',(11.7968301299491,12.9863236489998,38.1949817392183));
#1699=CARTESIAN_POINT('Ctrl Pts',(11.6405786427096,19.1406384505061,35.5124934596329));
#1700=CARTESIAN_POINT('Ctrl Pts',(11.4843271554701,24.2993359810497,31.5378059093376));
#1701=CARTESIAN_POINT('Ctrl Pts',(11.3280756682305,29.4580335115932,27.5631183590423));
#1702=CARTESIAN_POINT('Ctrl Pts',(11.171824180991,33.621113771174,22.2962315380373));
#1703=CARTESIAN_POINT('Ctrl Pts',(11.0155726937515,36.2969963380578,16.3590643835708));
#1704=CARTESIAN_POINT('Ctrl Pts',(10.8593212065119,38.9728789049416,10.4218972291042));
#1705=CARTESIAN_POINT('Ctrl Pts',(10.7030697192724,40.1615637791285,3.81444974117627));
#1706=CARTESIAN_POINT('Ctrl Pts',(10.5468182320329,39.7226899349802,-2.68306448203942));
#1707=CARTESIAN_POINT('Ctrl Pts',(10.3905667447933,39.2838160908319,-9.18057870525522));
#1708=CARTESIAN_POINT('Ctrl Pts',(10.2343152575538,37.2173835283485,-15.5681596637587));
#1709=CARTESIAN_POINT('Ctrl Pts',(10.0780637703142,33.7673985434306,-21.0915558052902));
#1710=CARTESIAN_POINT('Ctrl Pts',(9.92181228307471,30.3174135585126,-26.6149519468216));
#1711=CARTESIAN_POINT('Ctrl Pts',(9.76556079583518,25.4838761511601,-31.274163271381));
#1712=CARTESIAN_POINT('Ctrl Pts',(9.60930930859564,19.8375349529728,-34.519025734665));
#1713=CARTESIAN_POINT('Ctrl Pts',(9.45305782135611,14.1911937547855,-37.7638881979489));
#1714=CARTESIAN_POINT('Ctrl Pts',(9.29680633411657,7.73204876576335,-39.5944017999575));
#1715=CARTESIAN_POINT('Ctrl Pts',(9.14055484687704,1.22280188604582,-39.7944177772215));
#1716=CARTESIAN_POINT('Ctrl Pts',(8.9843033596375,-5.2864449936717,-39.9944337544856));
#1717=CARTESIAN_POINT('Ctrl Pts',(8.82805187239797,-11.8457937640846,-38.5639521070051));
#1718=CARTESIAN_POINT('Ctrl Pts',(8.67180038515844,-17.6807103686426,-35.6718854497545));
#1719=CARTESIAN_POINT('Ctrl Pts',(8.51554889791891,-23.5156269732007,-32.7798187925039));
#1720=CARTESIAN_POINT('Ctrl Pts',(8.35929741067937,-28.6261114119038,-28.4261671254832));
#1721=CARTESIAN_POINT('Ctrl Pts',(8.20304592343984,-32.4087128877158,-23.1250137219899));
#1722=CARTESIAN_POINT('Ctrl Pts',(8.0467944362003,-36.1913143635276,-17.8238603184968));
#1723=CARTESIAN_POINT('Ctrl Pts',(7.89054294896077,-38.6460328764483,-11.5752051785311));
#1724=CARTESIAN_POINT('Ctrl Pts',(7.73429146172124,-39.4830129615415,-5.11689536331414));
#1725=CARTESIAN_POINT('Ctrl Pts',(7.5780399744817,-40.3199930466347,1.34141445190284));
#1726=CARTESIAN_POINT('Ctrl Pts',(7.42178848724216,-39.5392347039004,8.00937894237117));
#1727=CARTESIAN_POINT('Ctrl Pts',(7.26553700000263,-37.232930610927,14.0996386053823));
#1728=CARTESIAN_POINT('Ctrl Pts',(7.10928551276309,-34.9266265179535,20.1898982683934));
#1729=CARTESIAN_POINT('Ctrl Pts',(6.95303402552356,-31.0947766747408,25.7024531039474));
#1730=CARTESIAN_POINT('Ctrl Pts',(6.79678253828403,-26.1898495056992,29.9863754653554));
#1731=CARTESIAN_POINT('Ctrl Pts',(6.64053105104449,-21.2849223366576,34.2702978267633));
#1732=CARTESIAN_POINT('Ctrl Pts',(6.48427956380496,-15.3069178417871,37.3255877140253));
#1733=CARTESIAN_POINT('Ctrl Pts',(6.32802807656543,-8.96172440021702,38.7914736308767));
#1734=CARTESIAN_POINT('Ctrl Pts',(6.25575905838335,-6.0269625729924,39.4694712477275));
#1735=CARTESIAN_POINT('Ctrl Pts',(6.18349004020127,-3.0136508543412,39.8074599660782));
#1736=CARTESIAN_POINT('Ctrl Pts',(6.11122102201918,-0.000211705606603108,
39.8068828785926));
#1737=CARTESIAN_POINT('Ctrl Pts',(5.26877897798082,-5.04426155381281E-6,
39.806810782151));
#1738=CARTESIAN_POINT('Ctrl Pts',(5.34676629625538,-3.25190007656314,39.8068255856237));
#1739=CARTESIAN_POINT('Ctrl Pts',(5.42475361452994,-6.50379158160669,39.4126461462329));
#1740=CARTESIAN_POINT('Ctrl Pts',(5.5027409328045,-9.65711303502231,38.6242295997553));
#1741=CARTESIAN_POINT('Ctrl Pts',(5.65899242004404,-15.9749500595739,37.0445976714247));
#1742=CARTESIAN_POINT('Ctrl Pts',(5.81524390728357,-21.8971059623764,33.8824142663427));
#1743=CARTESIAN_POINT('Ctrl Pts',(5.9714953945231,-26.7242870184459,29.5110729676427));
#1744=CARTESIAN_POINT('Ctrl Pts',(6.12774688176264,-31.5514680745155,25.1397316689427));
#1745=CARTESIAN_POINT('Ctrl Pts',(6.28399836900217,-35.2836742838521,19.5592324766245));
#1746=CARTESIAN_POINT('Ctrl Pts',(6.44024985624171,-37.4802032358186,13.4285259707663));
#1747=CARTESIAN_POINT('Ctrl Pts',(6.59650134348124,-39.676732187785,7.29781946490828));
#1748=CARTESIAN_POINT('Ctrl Pts',(6.75275283072078,-40.3375838823813,0.616905645510379));
#1749=CARTESIAN_POINT('Ctrl Pts',(6.90900431796031,-39.3847243315192,-5.82532691580935));
#1750=CARTESIAN_POINT('Ctrl Pts',(7.06525580519984,-38.4318647806571,-12.267559477129));
#1751=CARTESIAN_POINT('Ctrl Pts',(7.22150729243937,-35.8652939843365,-18.4711107803705));
#1752=CARTESIAN_POINT('Ctrl Pts',(7.3777587796789,-31.9880750300634,-23.7034596676697));
#1753=CARTESIAN_POINT('Ctrl Pts',(7.53401026691844,-28.1108560757902,-28.935808554969));
#1754=CARTESIAN_POINT('Ctrl Pts',(7.69026175415798,-22.9229889635645,-33.196955026326));
#1755=CARTESIAN_POINT('Ctrl Pts',(7.84651324139751,-17.0370619090917,-35.9837389087292));
#1756=CARTESIAN_POINT('Ctrl Pts',(8.00276472863704,-11.1511348546188,-38.7705227911324));
#1757=CARTESIAN_POINT('Ctrl Pts',(8.15901621587658,-4.56714785789877,-40.0829440845816));
#1758=CARTESIAN_POINT('Ctrl Pts',(8.31526770311611,1.9374557196051,-39.766030851474));
#1759=CARTESIAN_POINT('Ctrl Pts',(8.47151919035564,8.44205929710906,-39.4491176183664));
#1760=CARTESIAN_POINT('Ctrl Pts',(8.62777067759518,14.8672794553969,-37.5028698587018));
#1761=CARTESIAN_POINT('Ctrl Pts',(8.78402216483472,20.4544201702392,-34.1571023338501));
#1762=CARTESIAN_POINT('Ctrl Pts',(8.94027365207425,26.0415608850815,-30.8113348089984));
#1763=CARTESIAN_POINT('Ctrl Pts',(9.09652513931379,30.7906221564784,-26.0660475189595));
#1764=CARTESIAN_POINT('Ctrl Pts',(9.25277662655333,34.1408303740806,-20.481568438821));
#1765=CARTESIAN_POINT('Ctrl Pts',(9.40902811379286,37.4910385916827,-14.8970893586825));
#1766=CARTESIAN_POINT('Ctrl Pts',(9.56527960103239,39.4423937554901,-8.47341848844439));
#1767=CARTESIAN_POINT('Ctrl Pts',(9.72153108827193,39.7644780170651,-1.96906891095058));
#1768=CARTESIAN_POINT('Ctrl Pts',(9.87778257551146,40.08656227864,4.53528066654318));
#1769=CARTESIAN_POINT('Ctrl Pts',(10.034034062751,38.7793756379824,11.1203089512926));
#1770=CARTESIAN_POINT('Ctrl Pts',(10.1902855499905,35.9972719199734,17.0084496255673));
#1771=CARTESIAN_POINT('Ctrl Pts',(10.3465370372301,33.2151682019645,22.8965902998421));
#1772=CARTESIAN_POINT('Ctrl Pts',(10.5027885244696,28.9581474066042,28.0878433636422));
#1773=CARTESIAN_POINT('Ctrl Pts',(10.6590400117091,23.7288825432299,31.9692207849237));
#1774=CARTESIAN_POINT('Ctrl Pts',(10.8152914989487,18.4996176798556,35.8505982062053));
#1775=CARTESIAN_POINT('Ctrl Pts',(10.9715429861882,12.2981087484674,38.4220999849683));
#1776=CARTESIAN_POINT('Ctrl Pts',(11.1277944734277,5.85663574170954,39.3800807786735));
#1777=CARTESIAN_POINT('Ctrl Pts',(11.1747893082788,3.91927203722271,39.6682069910124));
#1778=CARTESIAN_POINT('Ctrl Pts',(11.2217841431298,1.96020141476725,39.8103756569586));
#1779=CARTESIAN_POINT('Ctrl Pts',(11.2687789779808,0.000888710712479386,
39.8086927699934));
#1780=CARTESIAN_POINT('Origin',(-10.,0.,0.));
#1781=CARTESIAN_POINT('',(18.1112210220192,0.000757218625692668,39.8117820141155));
#1782=CARTESIAN_POINT('',(17.2687789779808,0.000596661371518302,39.812373390882));
#1783=CARTESIAN_POINT('',(-10.,-4.87531890740561E-15,39.81));
#1784=CARTESIAN_POINT('Ctrl Pts',(18.1112210220192,0.000757218625692668,
39.8117820141155));
#1785=CARTESIAN_POINT('Ctrl Pts',(18.0897772211896,0.894594584547164,39.8125641904411));
#1786=CARTESIAN_POINT('Ctrl Pts',(18.0683334203601,1.78838030721285,39.7830548221457));
#1787=CARTESIAN_POINT('Ctrl Pts',(18.0468896195305,2.68009763076357,39.722890936556));
#1788=CARTESIAN_POINT('Ctrl Pts',(17.890638132291,9.17764716078564,39.2845033262523));
#1789=CARTESIAN_POINT('Ctrl Pts',(17.7343866450514,15.5653772739907,37.2185472318385));
#1790=CARTESIAN_POINT('Ctrl Pts',(17.5781351578119,21.0890300184261,33.7689749118294));
#1791=CARTESIAN_POINT('Ctrl Pts',(17.4218836705723,26.6126827628617,30.3194025918203));
#1792=CARTESIAN_POINT('Ctrl Pts',(17.2656321833328,31.2722581385275,25.4862140462157));
#1793=CARTESIAN_POINT('Ctrl Pts',(17.1093806960933,34.5175433581661,19.8401155709001));
#1794=CARTESIAN_POINT('Ctrl Pts',(16.9531292088537,37.7628285778046,14.1940170955847));
#1795=CARTESIAN_POINT('Ctrl Pts',(16.7968777216142,39.5938236414161,7.73500869055818));
#1796=CARTESIAN_POINT('Ctrl Pts',(16.6406262343747,39.7943258883773,1.22577671407751));
#1797=CARTESIAN_POINT('Ctrl Pts',(16.4843747471351,39.9948281353385,-5.28345526240335));
#1798=CARTESIAN_POINT('Ctrl Pts',(16.3281232598956,38.5648375656493,-11.8429108103384));
#1799=CARTESIAN_POINT('Ctrl Pts',(16.1718717726561,35.6732072909204,-17.6780435656249));
#1800=CARTESIAN_POINT('Ctrl Pts',(16.0156202854165,32.7815770161915,-23.5131763209113));
#1801=CARTESIAN_POINT('Ctrl Pts',(15.859368798177,28.4283070364228,-28.6239862835492));
#1802=CARTESIAN_POINT('Ctrl Pts',(15.7031173109375,23.1274363333124,-32.4069840639103));
#1803=CARTESIAN_POINT('Ctrl Pts',(15.5468658236979,17.8265656302021,-36.1899818442714));
#1804=CARTESIAN_POINT('Ctrl Pts',(15.3906143364584,11.5780942037501,-38.6451674423557));
#1805=CARTESIAN_POINT('Ctrl Pts',(15.2343628492189,5.11984702256532,-39.4826303186368));
#1806=CARTESIAN_POINT('Ctrl Pts',(15.0781113619793,-1.33840015861943,-40.3200931949179));
#1807=CARTESIAN_POINT('Ctrl Pts',(14.9218598747398,-8.00642309453695,-39.5398333493957));
#1808=CARTESIAN_POINT('Ctrl Pts',(14.7656083875003,-14.0968551760965,-37.2339845559537));
#1809=CARTESIAN_POINT('Ctrl Pts',(14.6093569002607,-20.1872872576559,-34.9281357625118));
#1810=CARTESIAN_POINT('Ctrl Pts',(14.4531054130212,-25.7001284848575,-31.0966980211502));
#1811=CARTESIAN_POINT('Ctrl Pts',(14.2968539257817,-29.9844174988903,-26.1920911157902));
#1812=CARTESIAN_POINT('Ctrl Pts',(14.1406024385421,-34.2687065129231,-21.2874842104302));
#1813=CARTESIAN_POINT('Ctrl Pts',(13.9843509513026,-37.3244433137872,-15.3097081410718));
#1814=CARTESIAN_POINT('Ctrl Pts',(13.8280994640631,-38.7908035792041,-8.96462430342561));
#1815=CARTESIAN_POINT('Ctrl Pts',(13.6718479768235,-40.2571638446209,-2.61954046577943));
#1816=CARTESIAN_POINT('Ctrl Pts',(13.515596489584,-40.1341475745905,4.09285114015457));
#1817=CARTESIAN_POINT('Ctrl Pts',(13.3593450023445,-38.4362806734247,10.3799450106893));
#1818=CARTESIAN_POINT('Ctrl Pts',(13.2030935151049,-36.738413772259,16.6670388812241));
#1819=CARTESIAN_POINT('Ctrl Pts',(13.0468420278654,-33.4656962399579,22.5288350163597));
#1820=CARTESIAN_POINT('Ctrl Pts',(12.8905905406259,-29.0045736188592,27.2731670319308));
#1821=CARTESIAN_POINT('Ctrl Pts',(12.7343390533863,-24.5434509977605,32.0174990475019));
#1822=CARTESIAN_POINT('Ctrl Pts',(12.5780875661468,-18.8939232878642,35.6443669435086));
#1823=CARTESIAN_POINT('Ctrl Pts',(12.4218360789073,-12.7230920286724,37.7255067547267));
#1824=CARTESIAN_POINT('Ctrl Pts',(12.3182977266112,-8.63405766387291,39.1045514650074));
#1825=CARTESIAN_POINT('Ctrl Pts',(12.2147593743152,-4.31612379010115,39.8048814416345));
#1826=CARTESIAN_POINT('Ctrl Pts',(12.1112210220192,0.000790126326488671,
39.8081017208097));
#1827=CARTESIAN_POINT('Ctrl Pts',(11.2687789779808,0.000888710712479386,
39.8086927699934));
#1828=CARTESIAN_POINT('Ctrl Pts',(11.3780356303693,-4.55424905508388,39.8047802847862));
#1829=CARTESIAN_POINT('Ctrl Pts',(11.4872922827578,-9.11069527139881,39.0233504684684));
#1830=CARTESIAN_POINT('Ctrl Pts',(11.5965489351463,-13.3987251456326,37.4908670054191));
#1831=CARTESIAN_POINT('Ctrl Pts',(11.7528004223859,-19.5311759440892,35.299212629812));
#1832=CARTESIAN_POINT('Ctrl Pts',(11.9090519096254,-25.1146404588748,31.5714440699507));
#1833=CARTESIAN_POINT('Ctrl Pts',(12.0653033968649,-29.4898179619856,26.7477397346562));
#1834=CARTESIAN_POINT('Ctrl Pts',(12.2215548841045,-33.8649954650964,21.9240353993617));
#1835=CARTESIAN_POINT('Ctrl Pts',(12.377806371344,-37.0318859565324,16.0043952886342));
#1836=CARTESIAN_POINT('Ctrl Pts',(12.5340578585835,-38.6165400357278,9.68781606037402));
#1837=CARTESIAN_POINT('Ctrl Pts',(12.6903093458231,-40.2011941149232,3.37123683211402));
#1838=CARTESIAN_POINT('Ctrl Pts',(12.8465608330626,-40.203611781878,-3.34228151367859));
#1839=CARTESIAN_POINT('Ctrl Pts',(13.0028123203021,-38.6235075567165,-9.66000043233042));
#1840=CARTESIAN_POINT('Ctrl Pts',(13.1590638075417,-37.043403331555,-15.9777193509822));
#1841=CARTESIAN_POINT('Ctrl Pts',(13.3153152947812,-33.8807772142771,-21.8996388424935));
#1842=CARTESIAN_POINT('Ctrl Pts',(13.4715667820207,-29.5090750629003,-26.7264930975276));
#1843=CARTESIAN_POINT('Ctrl Pts',(13.6278182692603,-25.1373729115234,-31.5533473525618));
#1844=CARTESIAN_POINT('Ctrl Pts',(13.7840697564998,-19.5565947260476,-35.285136371119));
#1845=CARTESIAN_POINT('Ctrl Pts',(13.9403212437393,-13.4257240322498,-37.4812070048787));
#1846=CARTESIAN_POINT('Ctrl Pts',(14.0965727309789,-7.29485333845191,-39.6772776386384));
#1847=CARTESIAN_POINT('Ctrl Pts',(14.2528242182184,-0.61389013633221,-40.3376298876005));
#1848=CARTESIAN_POINT('Ctrl Pts',(14.4090757054579,5.82827117508663,-39.3842887386118));
#1849=CARTESIAN_POINT('Ctrl Pts',(14.5653271926975,12.2704324865054,-38.4309475896231));
#1850=CARTESIAN_POINT('Ctrl Pts',(14.721578679937,18.4737919072235,-35.8639130426837));
#1851=CARTESIAN_POINT('Ctrl Pts',(14.8778301671765,23.7058509297267,-31.9863029455515));
#1852=CARTESIAN_POINT('Ctrl Pts',(15.0340816544161,28.9379099522299,-28.1086928484193));
#1853=CARTESIAN_POINT('Ctrl Pts',(15.1903331416556,33.1986685765184,-22.9205072010944));
#1854=CARTESIAN_POINT('Ctrl Pts',(15.3465846288952,35.9850124411946,-17.0343718319249));
#1855=CARTESIAN_POINT('Ctrl Pts',(15.5028361161347,38.7713563058707,-11.1482364627554));
#1856=CARTESIAN_POINT('Ctrl Pts',(15.6590876033742,40.0832854109345,-4.56415137174147));
#1857=CARTESIAN_POINT('Ctrl Pts',(15.8153390906137,39.7658859090306,1.94042849604058));
#1858=CARTESIAN_POINT('Ctrl Pts',(15.9715905778533,39.4484864071268,8.44500836382264));
#1859=CARTESIAN_POINT('Ctrl Pts',(16.1278420650928,37.5017582982553,14.8700830083727));
#1860=CARTESIAN_POINT('Ctrl Pts',(16.2840935523324,34.1555731181082,20.4569735889265));
#1861=CARTESIAN_POINT('Ctrl Pts',(16.4403450395719,30.8093879379611,26.0438641694803));
#1862=CARTESIAN_POINT('Ctrl Pts',(16.5965965268114,26.0637456865382,30.7925706860379));
#1863=CARTESIAN_POINT('Ctrl Pts',(16.7528480140509,20.4790161473555,34.1423614159552));
#1864=CARTESIAN_POINT('Ctrl Pts',(16.9090995012905,14.8942866081728,37.4921521458726));
#1865=CARTESIAN_POINT('Ctrl Pts',(17.06535098853,8.47046978123041,39.4430270891496));
#1866=CARTESIAN_POINT('Ctrl Pts',(17.2216024757696,1.96609619024464,39.7646251062926));
#1867=CARTESIAN_POINT('Ctrl Pts',(17.2373279765066,1.31148141821008,39.796991453295));
#1868=CARTESIAN_POINT('Ctrl Pts',(17.2530534772437,0.65605069784265,39.8128550794214));
#1869=CARTESIAN_POINT('Ctrl Pts',(17.2687789779808,0.000596661371518302,
39.812373390882));
#1870=CARTESIAN_POINT('Origin',(-30.9015393514301,0.,0.));
#1871=CARTESIAN_POINT('',(20.0984606485699,0.000691748982352267,36.3696279399486));
#1872=CARTESIAN_POINT('',(21.2815393514302,-0.000232952034564526,36.3701922392509));
#1873=CARTESIAN_POINT('',(-30.9015393514301,-5.79938559506142E-13,36.368));
#1874=CARTESIAN_POINT('',(22.2656797749979,-27.8453800139488,-23.393596792364));
#1875=CARTESIAN_POINT('Ctrl Pts',(20.0984606485699,0.00069174898235172,
36.3696279399486));
#1876=CARTESIAN_POINT('Ctrl Pts',(20.2332683349798,-5.13263178679685,36.3651358877094));
#1877=CARTESIAN_POINT('Ctrl Pts',(20.5243275086293,-16.2198600550106,33.9941920902357));
#1878=CARTESIAN_POINT('Ctrl Pts',(20.9716381695184,-29.9931912476516,23.1056992876601));
#1879=CARTESIAN_POINT('Ctrl Pts',(21.4403926312369,-37.3437133736757,6.2385028869287));
#1880=CARTESIAN_POINT('Ctrl Pts',(21.8717398330635,-35.9919971983953,-10.638338316002));
#1881=CARTESIAN_POINT('Ctrl Pts',(22.1468355476505,-30.7533256889905,-19.9252648437482));
#1882=CARTESIAN_POINT('Ctrl Pts',(22.2656797749979,-27.8453800139488,-23.393596792364));
#1883=CARTESIAN_POINT('',(22.2656797749979,-31.1892802965974,18.7045507452139));
#1884=CARTESIAN_POINT('Origin',(22.2656797749979,0.,0.));
#1885=CARTESIAN_POINT('Ctrl Pts',(21.2815393514302,-0.000232952034564665,
36.3701922392509));
#1886=CARTESIAN_POINT('Ctrl Pts',(21.297083184807,-0.592110969101488,36.3706242187729));
#1887=CARTESIAN_POINT('Ctrl Pts',(21.4688785054234,-7.13357975644271,36.214136756403));
#1888=CARTESIAN_POINT('Ctrl Pts',(21.7969253132793,-19.4586144654967,32.4794609898183));
#1889=CARTESIAN_POINT('Ctrl Pts',(22.1094282877584,-28.1287262066547,23.8079333751628));
#1890=CARTESIAN_POINT('Ctrl Pts',(22.2656797749979,-31.1892802965974,18.7045507452139));
#1891=CARTESIAN_POINT('Origin',(-30.9015393514301,0.,0.));
#1892=CARTESIAN_POINT('',(14.0984606485699,0.000721811460428319,36.3662658473351));
#1893=CARTESIAN_POINT('',(15.2815393514301,0.000545073618365977,36.3701681858729));
#1894=CARTESIAN_POINT('',(-30.9015393514301,-5.79938559506142E-13,36.368));
#1895=CARTESIAN_POINT('Ctrl Pts',(14.0984606485699,0.000721811460429322,
36.3662658473351));
#1896=CARTESIAN_POINT('Ctrl Pts',(14.2019990008659,-3.94294875655365,36.3633239957137));
#1897=CARTESIAN_POINT('Ctrl Pts',(14.4617888404015,-13.8404175301343,34.7580437210496));
#1898=CARTESIAN_POINT('Ctrl Pts',(14.8778301671766,-27.5824729876932,25.9359576417377));
#1899=CARTESIAN_POINT('Ctrl Pts',(15.3465846288952,-36.5517413535353,9.87101402134514));
#1900=CARTESIAN_POINT('Ctrl Pts',(15.8153390906138,-36.8888819495011,-8.52508680191096));
#1901=CARTESIAN_POINT('Ctrl Pts',(16.2840935523324,-28.5142748678262,-24.907887110157));
#1902=CARTESIAN_POINT('Ctrl Pts',(16.752848014051,-13.4056833266907,-35.408394101705));
#1903=CARTESIAN_POINT('Ctrl Pts',(17.2216024757696,4.86881992375741,-37.5467882284532));
#1904=CARTESIAN_POINT('Ctrl Pts',(17.6903569374882,21.9934927826274,-30.8180625441178));
#1905=CARTESIAN_POINT('Ctrl Pts',(18.1591113992068,33.9241425659151,-16.8112850971537));
#1906=CARTESIAN_POINT('Ctrl Pts',(18.6278658609254,37.8432003683608,1.16567642261262));
#1907=CARTESIAN_POINT('Ctrl Pts',(19.096620322644,32.8251424577788,18.8673507009855));
#1908=CARTESIAN_POINT('Ctrl Pts',(19.5653747843626,20.0550266128498,32.1132739132343));
#1909=CARTESIAN_POINT('Ctrl Pts',(19.8993215596712,7.58329105654612,36.1469537374958));
#1910=CARTESIAN_POINT('Ctrl Pts',(20.0770168477403,0.817247321045454,36.3703424887707));
#1911=CARTESIAN_POINT('Ctrl Pts',(20.0984606485699,0.00069174898235172,
36.3696279399486));
#1912=CARTESIAN_POINT('Ctrl Pts',(15.2815393514301,0.000545073618365144,
36.3701681858729));
#1913=CARTESIAN_POINT('Ctrl Pts',(15.4220653379326,-5.35029095424235,36.3662358942899));
#1914=CARTESIAN_POINT('Ctrl Pts',(15.7188428116746,-16.654338250233,33.8396795669765));
#1915=CARTESIAN_POINT('Ctrl Pts',(16.1718717726561,-30.4034503533267,22.5631773882589));
#1916=CARTESIAN_POINT('Ctrl Pts',(16.6406262343747,-37.4496816830114,5.56668402316099));
#1917=CARTESIAN_POINT('Ctrl Pts',(17.1093806960933,-35.6517314539173,-12.7444479947758));
#1918=CARTESIAN_POINT('Ctrl Pts',(17.5781351578119,-25.4341906371602,-28.0458270489619));
#1919=CARTESIAN_POINT('Ctrl Pts',(18.0468896195305,-9.21008467891869,-36.7238513779892));
#1920=CARTESIAN_POINT('Ctrl Pts',(18.5156440812491,9.18913318435536,-36.7291012517988));
#1921=CARTESIAN_POINT('Ctrl Pts',(18.9843985429677,25.4181481253763,-28.0603392320623));
#1922=CARTESIAN_POINT('Ctrl Pts',(19.4531530046863,35.6445214631701,-12.7647917796206));
#1923=CARTESIAN_POINT('Ctrl Pts',(19.9219074664049,37.4527136615606,5.54530687001795));
#1924=CARTESIAN_POINT('Ctrl Pts',(20.3906619281235,30.4165957290877,22.5458270729262));
#1925=CARTESIAN_POINT('Ctrl Pts',(20.8438725564652,16.6676299511411,33.834684460994));
#1926=CARTESIAN_POINT('Ctrl Pts',(21.1408316975675,5.35763245576453,36.3662818251603));
#1927=CARTESIAN_POINT('Ctrl Pts',(21.2815393514302,-0.000232952034564665,
36.3701922392509));
#1928=CARTESIAN_POINT('Origin',(-30.9015393514301,0.,0.));
#1929=CARTESIAN_POINT('',(8.09846064856988,-0.000193401394197289,36.3651523870549));
#1930=CARTESIAN_POINT('',(9.28153935143014,0.000811872172055139,36.3668057939995));
#1931=CARTESIAN_POINT('',(-30.9015393514301,-5.79938559506142E-13,36.368));
#1932=CARTESIAN_POINT('Ctrl Pts',(8.09846064856988,-0.000193401394196768,
36.3651523870549));
#1933=CARTESIAN_POINT('Ctrl Pts',(8.17072966675196,-2.75308852727161,36.3656795791593));
#1934=CARTESIAN_POINT('Ctrl Pts',(8.39925017217357,-11.4575984091538,35.3893364678115));
#1935=CARTESIAN_POINT('Ctrl Pts',(8.78402216483472,-24.9057554134393,28.5161368687209));
#1936=CARTESIAN_POINT('Ctrl Pts',(9.25277662655333,-35.4073918187112,13.4083302176716));
#1937=CARTESIAN_POINT('Ctrl Pts',(9.72153108827193,-37.5471521358595,-4.8660128561304));
#1938=CARTESIAN_POINT('Ctrl Pts',(10.1902855499905,-30.8197065535009,-21.991189203551));
#1939=CARTESIAN_POINT('Ctrl Pts',(10.6590400117091,-16.8138212432707,-33.9228850457671));
#1940=CARTESIAN_POINT('Ctrl Pts',(11.1277944734277,1.16284764010365,-37.8432887048154));
#1941=CARTESIAN_POINT('Ctrl Pts',(11.5965489351463,18.8648962430244,-32.8265502965374));
#1942=CARTESIAN_POINT('Ctrl Pts',(12.0653033968649,32.1117755520368,-20.0574321765996));
#1943=CARTESIAN_POINT('Ctrl Pts',(12.5340578585835,37.7750776946439,-2.55151323923306));
#1944=CARTESIAN_POINT('Ctrl Pts',(13.0028123203021,34.5173466091557,15.5569758520229));
#1945=CARTESIAN_POINT('Ctrl Pts',(13.4715667820208,23.1079341841042,29.9915003362965));
#1946=CARTESIAN_POINT('Ctrl Pts',(13.8367828914433,9.96680411290384,35.7193398332093));
#1947=CARTESIAN_POINT('Ctrl Pts',(14.0457475136264,2.00851152623336,36.3677635939967));
#1948=CARTESIAN_POINT('Ctrl Pts',(14.0984606485699,0.000721811460429322,
36.3662658473351));
#1949=CARTESIAN_POINT('Ctrl Pts',(9.28153935143014,0.000811872172054862,
36.3668057939995));
#1950=CARTESIAN_POINT('Ctrl Pts',(9.39079600381864,-4.16048554723199,36.3632315849561));
#1951=CARTESIAN_POINT('Ctrl Pts',(9.65630414344667,-14.2758943535203,34.6284405504048));
#1952=CARTESIAN_POINT('Ctrl Pts',(10.0780637703142,-28.0439256890751,25.4362921615405));
#1953=CARTESIAN_POINT('Ctrl Pts',(10.5468182320328,-36.7231625686941,9.21282030419788));
#1954=CARTESIAN_POINT('Ctrl Pts',(11.0155726937515,-36.7297884701118,-9.18636848252328));
#1955=CARTESIAN_POINT('Ctrl Pts',(11.48432715547,-28.062238610793,-25.4160872517226));
#1956=CARTESIAN_POINT('Ctrl Pts',(11.9530816171887,-12.7674578233485,-35.6434951663339));
#1957=CARTESIAN_POINT('Ctrl Pts',(12.4218360789073,5.54250975273956,-37.4532683833837));
#1958=CARTESIAN_POINT('Ctrl Pts',(12.8905905406259,22.5435478396024,-30.4180074637837));
#1959=CARTESIAN_POINT('Ctrl Pts',(13.3593450023445,34.2206593428522,-16.1991728276183));
#1960=CARTESIAN_POINT('Ctrl Pts',(13.8280994640631,37.8161557778906,1.84528885964596));
#1961=CARTESIAN_POINT('Ctrl Pts',(14.2968539257816,32.4809178077747,19.4539636654484));
#1962=CARTESIAN_POINT('Ctrl Pts',(14.7656083875003,19.4749255395198,32.4683539136897));
#1963=CARTESIAN_POINT('Ctrl Pts',(15.0938368627164,7.14749724684282,36.2121205277007));
#1964=CARTESIAN_POINT('Ctrl Pts',(15.265813850693,0.599328102967411,36.3706082272896));
#1965=CARTESIAN_POINT('Ctrl Pts',(15.2815393514301,0.000545073618365144,
36.3701681858729));
#1966=CARTESIAN_POINT('Origin',(-30.9015393514301,0.,0.));
#1967=CARTESIAN_POINT('',(2.09846064856987,-0.000863331842077936,36.367440446865));
#1968=CARTESIAN_POINT('',(3.28153935143013,-4.60813128544402E-6,36.3650865241212));
#1969=CARTESIAN_POINT('',(-30.9015393514301,-5.79938559506142E-13,36.368));
#1970=CARTESIAN_POINT('Ctrl Pts',(2.09846064856987,-0.000863331842079068,
36.367440446865));
#1971=CARTESIAN_POINT('Ctrl Pts',(2.13946033263802,-1.56235465923032,36.3689107714618));
#1972=CARTESIAN_POINT('Ctrl Pts',(2.33671150394569,-9.07386540183682,35.8937658139308));
#1973=CARTESIAN_POINT('Ctrl Pts',(2.6902141624929,-21.9888851590714,30.8213504585846));
#1974=CARTESIAN_POINT('Ctrl Pts',(3.1589686242115,-33.9216280032954,16.816357163065));
#1975=CARTESIAN_POINT('Ctrl Pts',(3.6277230859301,-37.8433755298475,-1.16001859324112));
#1976=CARTESIAN_POINT('Ctrl Pts',(4.0964775476487,-32.8279604843361,-18.8624421819815));
#1977=CARTESIAN_POINT('Ctrl Pts',(4.5652320093673,-20.0598326945191,-32.1102760327224));
#1978=CARTESIAN_POINT('Ctrl Pts',(5.03398647108591,-2.55433717655334,-37.7748868458689));
#1979=CARTESIAN_POINT('Ctrl Pts',(5.50274093280451,15.5543954018251,-34.5185095030681));
#1980=CARTESIAN_POINT('Ctrl Pts',(5.97149539452312,29.9897727768172,-23.1101761876581));
#1981=CARTESIAN_POINT('Ctrl Pts',(6.4402498562417,37.3427091419087,-6.24410030128654));
#1982=CARTESIAN_POINT('Ctrl Pts',(6.90900431796032,35.8767212485316,12.0965940282748));
#1983=CARTESIAN_POINT('Ctrl Pts',(7.3777587796789,25.9380195482727,27.580534014829));
#1984=CARTESIAN_POINT('Ctrl Pts',(7.77424422321544,12.3504146260372,35.1680042125769));
#1985=CARTESIAN_POINT('Ctrl Pts',(8.01447817951243,3.19889433416787,36.3645397470093));
#1986=CARTESIAN_POINT('Ctrl Pts',(8.09846064856988,-0.000193401394196768,
36.3651523870549));
#1987=CARTESIAN_POINT('Ctrl Pts',(3.28153935143013,-4.60813128599913E-6,
36.3650865241213));
#1988=CARTESIAN_POINT('Ctrl Pts',(3.35952666970469,-2.97073855776064,36.3651000476755));
#1989=CARTESIAN_POINT('Ctrl Pts',(3.59376547521879,-11.8934766704677,35.2835264768344));
#1990=CARTESIAN_POINT('Ctrl Pts',(3.98425576797242,-25.4139893371722,28.064138557205));
#1991=CARTESIAN_POINT('Ctrl Pts',(4.45301022969102,-35.6425406123157,12.7701223834125));
#1992=CARTESIAN_POINT('Ctrl Pts',(4.92176469140963,-37.4536826190284,-5.53970985350283));
#1993=CARTESIAN_POINT('Ctrl Pts',(5.39051915312822,-30.4196926626919,-22.5412738170509));
#1994=CARTESIAN_POINT('Ctrl Pts',(5.85927361484682,-16.2017310095325,-34.2194482609329));
#1995=CARTESIAN_POINT('Ctrl Pts',(6.32802807656542,1.84246183875047,-37.816293596288));
#1996=CARTESIAN_POINT('Ctrl Pts',(6.79678253828403,19.4515354421122,-32.4823720798239));
#1997=CARTESIAN_POINT('Ctrl Pts',(7.26553700000264,32.4668979378289,-19.477352625104));
#1998=CARTESIAN_POINT('Ctrl Pts',(7.73429146172124,37.8148168976893,-1.87252502835772));
#1999=CARTESIAN_POINT('Ctrl Pts',(8.20304592343983,34.2323177456597,16.1745215925742));
#2000=CARTESIAN_POINT('Ctrl Pts',(8.67180038515843,22.565450203409,30.4017628453459));
#2001=CARTESIAN_POINT('Ctrl Pts',(9.03129819448854,9.53088038046345,35.8066441179449));
#2002=CARTESIAN_POINT('Ctrl Pts',(9.23454451657911,1.79072105129968,36.3683431773994));
#2003=CARTESIAN_POINT('Ctrl Pts',(9.28153935143014,0.000811872172054862,
36.3668057939995));
#2004=CARTESIAN_POINT('Origin',(-30.9015393514301,0.,0.));
#2005=CARTESIAN_POINT('',(-3.90153935143013,-0.000356149313959747,36.3706099831307));
#2006=CARTESIAN_POINT('',(-2.71846064856987,-0.000815255081463295,36.3668337463023));
#2007=CARTESIAN_POINT('',(-30.9015393514301,-5.79938559506142E-13,36.368));
#2008=CARTESIAN_POINT('Ctrl Pts',(-3.90153935143013,-0.00035614931395804,
36.3706099831307));
#2009=CARTESIAN_POINT('Ctrl Pts',(-3.89180900147593,-0.370847551514495,
36.370802084512));
#2010=CARTESIAN_POINT('Ctrl Pts',(-3.7258271642822,-6.69064975757816,36.2761801830035));
#2011=CARTESIAN_POINT('Ctrl Pts',(-3.40359383984893,-18.8599880155835,32.8293704886612));
#2012=CARTESIAN_POINT('Ctrl Pts',(-2.93483937813033,-32.1087763338425,20.0622331003552));
#2013=CARTESIAN_POINT('Ctrl Pts',(-2.46608491641173,-37.7746957862093,2.55716109955426));
#2014=CARTESIAN_POINT('Ctrl Pts',(-1.99733045469312,-34.5196722036362,-15.5518148646141));
#2015=CARTESIAN_POINT('Ctrl Pts',(-1.52857599297452,-23.112418062906,-29.9880450499058));
#2016=CARTESIAN_POINT('Ctrl Pts',(-1.05982153125592,-6.24689190574922,-37.3422422485261));
#2017=CARTESIAN_POINT('Ctrl Pts',(-0.591067069537315,12.0939119651452,-35.8776254510948));
#2018=CARTESIAN_POINT('Ctrl Pts',(-0.122312607818714,27.5785948940935,-25.9400813086082));
#2019=CARTESIAN_POINT('Ctrl Pts',(0.346441853899887,36.5502651061081,-9.87647889194026));
#2020=CARTESIAN_POINT('Ctrl Pts',(0.815196315618486,36.8901561300408,8.51957131145338));
#2021=CARTESIAN_POINT('Ctrl Pts',(1.28395077733709,28.5179986639294,24.9036235683453));
#2022=CARTESIAN_POINT('Ctrl Pts',(1.71170555498755,14.7323151824377,34.4877632640633));
#2023=CARTESIAN_POINT('Ctrl Pts',(1.98320884539848,4.38855320168238,36.3633073037717));
#2024=CARTESIAN_POINT('Ctrl Pts',(2.09846064856987,-0.000863331842079068,
36.367440446865));
#2025=CARTESIAN_POINT('Ctrl Pts',(-2.71846064856987,-0.000815255081463295,
36.3668337463023));
#2026=CARTESIAN_POINT('Ctrl Pts',(-2.67174266440925,-1.78017599208437,36.3683703876541));
#2027=CARTESIAN_POINT('Ctrl Pts',(-2.46877319300909,-9.50977546608905,35.8107664883699));
#2028=CARTESIAN_POINT('Ctrl Pts',(-2.10955223436941,-22.5389996747994,30.4213776914738));
#2029=CARTESIAN_POINT('Ctrl Pts',(-1.64079777265081,-34.2182369755445,16.2042891011419));
#2030=CARTESIAN_POINT('Ctrl Pts',(-1.17204331093221,-37.8164312271928,-1.83963480802678));
#2031=CARTESIAN_POINT('Ctrl Pts',(-0.703288849213604,-32.4838261238491,
-19.4491071091565));
#2032=CARTESIAN_POINT('Ctrl Pts',(-0.234534387495002,-19.4797796924846,
-32.465441782304));
#2033=CARTESIAN_POINT('Ctrl Pts',(0.2342200742236,-1.87535193830697,-37.8146768080251));
#2034=CARTESIAN_POINT('Ctrl Pts',(0.702974535942206,16.171962448414,-34.2335268056768));
#2035=CARTESIAN_POINT('Ctrl Pts',(1.1717289976608,30.4000758392621,-22.5677228792587));
#2036=CARTESIAN_POINT('Ctrl Pts',(1.64048345937941,37.4488502791157,-5.57228317301607));
#2037=CARTESIAN_POINT('Ctrl Pts',(2.10923792109801,35.6536339703811,12.7391173828485));
#2038=CARTESIAN_POINT('Ctrl Pts',(2.57799238281661,25.4383885649602,28.0420240746992));
#2039=CARTESIAN_POINT('Ctrl Pts',(2.96875952626065,11.9145787409028,35.2782955097465));
#2040=CARTESIAN_POINT('Ctrl Pts',(3.20327518246516,2.98127528362272,36.3650729525591));
#2041=CARTESIAN_POINT('Ctrl Pts',(3.28153935143013,-4.60813128599913E-6,
36.3650865241213));
#2042=CARTESIAN_POINT('Origin',(-30.9015393514301,0.,0.));
#2043=CARTESIAN_POINT('',(-9.90153935143013,0.000692671028139503,36.3696179775863));
#2044=CARTESIAN_POINT('',(-8.71846064856987,-0.000537129761830624,36.3701917660481));
#2045=CARTESIAN_POINT('',(-30.9015393514301,-5.79938559506142E-13,36.368));
#2046=CARTESIAN_POINT('Ctrl Pts',(-9.90153935143013,0.000692671028141301,
36.3696179775863));
#2047=CARTESIAN_POINT('Ctrl Pts',(-9.76682684835034,-5.12900703378242,36.3651204424522));
#2048=CARTESIAN_POINT('Ctrl Pts',(-9.47586285803103,-16.2126094718315,33.9967278695146));
#2049=CARTESIAN_POINT('Ctrl Pts',(-9.02864738047215,-29.9863171562659,23.1146598089351));
#2050=CARTESIAN_POINT('Ctrl Pts',(-8.55989291875356,-37.3417751460107,6.24968347532823));
#2051=CARTESIAN_POINT('Ctrl Pts',(-8.09113845703495,-35.8785294533803,-12.0912298344415));
#2052=CARTESIAN_POINT('Ctrl Pts',(-7.62238399531635,-25.9421429238588,-27.5766556192254));
#2053=CARTESIAN_POINT('Ctrl Pts',(-7.15362953359775,-9.8792112457228,-36.5495266698977));
#2054=CARTESIAN_POINT('Ctrl Pts',(-6.68487507187914,8.516813497188,-36.8907929229533));
#2055=CARTESIAN_POINT('Ctrl Pts',(-6.21612061016055,24.9014915840587,-28.5198602997639));
#2056=CARTESIAN_POINT('Ctrl Pts',(-5.74736614844194,35.4053866949089,-13.4136239553021));
#2057=CARTESIAN_POINT('Ctrl Pts',(-5.27861168672334,37.5478792514096,4.86039899092378));
#2058=CARTESIAN_POINT('Ctrl Pts',(-4.80985722500474,30.8229941914309,21.9865809917066));
#2059=CARTESIAN_POINT('Ctrl Pts',(-4.35083311324034,17.1095884736494,33.6726505673493));
#2060=CARTESIAN_POINT('Ctrl Pts',(-4.04806048871546,5.57856155255462,36.3677172903717));
#2061=CARTESIAN_POINT('Ctrl Pts',(-3.90153935143013,-0.00035614931395804,
36.3706099831307));
#2062=CARTESIAN_POINT('Ctrl Pts',(-8.71846064856987,-0.00053712976182882,
36.3701917660481));
#2063=CARTESIAN_POINT('Ctrl Pts',(-8.70301199852319,-0.588777360038613,
36.3706191312839));
#2064=CARTESIAN_POINT('Ctrl Pts',(-8.53131186123698,-7.12639962776994,36.2151746748934));
#2065=CARTESIAN_POINT('Ctrl Pts',(-8.20336023671123,-19.4466786674916,32.4852799863341));
#2066=CARTESIAN_POINT('Ctrl Pts',(-7.73460577499263,-32.4639854453533,19.4822066510018));
#2067=CARTESIAN_POINT('Ctrl Pts',(-7.26585131327403,-37.8145365070225,1.87817883777512));
#2068=CARTESIAN_POINT('Ctrl Pts',(-6.79709685155542,-34.2347356743871,-16.1694032138754));
#2069=CARTESIAN_POINT('Ctrl Pts',(-6.32834238983683,-22.5699954289705,-30.3983886632847));
#2070=CARTESIAN_POINT('Ctrl Pts',(-5.85958792811823,-5.57508271412971,-37.4484336083436));
#2071=CARTESIAN_POINT('Ctrl Pts',(-5.39083346639961,12.7364519952175,-35.6545862065658));
#2072=CARTESIAN_POINT('Ctrl Pts',(-4.92207900468102,28.0401223034938,-25.4404848262176));
#2073=CARTESIAN_POINT('Ctrl Pts',(-4.45332454296242,36.721784715852,-9.21831081438079));
#2074=CARTESIAN_POINT('Ctrl Pts',(-3.98457008124382,36.7311615472622,9.18087677604005));
#2075=CARTESIAN_POINT('Ctrl Pts',(-3.51581561952521,28.0660383476248,25.4118912806103));
#2076=CARTESIAN_POINT('Ctrl Pts',(-3.09377914196723,14.2969747739839,34.6220527168558));
#2077=CARTESIAN_POINT('Ctrl Pts',(-2.82799415164878,4.17101746130724,36.3632309857538));
#2078=CARTESIAN_POINT('Ctrl Pts',(-2.71846064856987,-0.000815255081463295,
36.3668337463023));
#2079=CARTESIAN_POINT('Origin',(-30.9015393514301,0.,0.));
#2080=CARTESIAN_POINT('',(-15.9015393514301,0.000725480622965108,36.3662578685879));
#2081=CARTESIAN_POINT('',(-14.7184606485699,0.000547879018029385,36.3701600106573));
#2082=CARTESIAN_POINT('',(-30.9015393514301,-5.79938559506142E-13,36.368));
#2083=CARTESIAN_POINT('Ctrl Pts',(-15.9015393514301,0.000725480622965624,
36.3662578685879));
#2084=CARTESIAN_POINT('Ctrl Pts',(-15.7980961824643,-3.93932394057127,36.3633269930289));
#2085=CARTESIAN_POINT('Ctrl Pts',(-15.5384015262589,-13.8331759813175,34.7601629207924));
#2086=CARTESIAN_POINT('Ctrl Pts',(-15.122455382814,-27.5747111699773,25.9442047047285));
#2087=CARTESIAN_POINT('Ctrl Pts',(-14.6537009210954,-36.548790606336,9.88194338486377));
#2088=CARTESIAN_POINT('Ctrl Pts',(-14.1849464593768,-36.8914281869682,-8.51405555348965));
#2089=CARTESIAN_POINT('Ctrl Pts',(-13.7161919976582,-28.521722455172,-24.8993595026146));
#2090=CARTESIAN_POINT('Ctrl Pts',(-13.2474375359396,-13.4162703631689,-35.4043838146492));
#2091=CARTESIAN_POINT('Ctrl Pts',(-12.778683074221,4.85759183867713,-37.5482425054903));
#2092=CARTESIAN_POINT('Ctrl Pts',(-12.3099286125024,21.9842767932932,-30.8246377463393));
#2093=CARTESIAN_POINT('Ctrl Pts',(-11.8411741507838,33.9191133024975,-16.8214287235836));
#2094=CARTESIAN_POINT('Ctrl Pts',(-11.3724196890652,37.8435485696447,1.15436048151895));
#2095=CARTESIAN_POINT('Ctrl Pts',(-10.9036652273466,32.830780297098,18.8575337430165));
#2096=CARTESIAN_POINT('Ctrl Pts',(-10.434910765628,20.0646334004465,32.1072764559146));
#2097=CARTESIAN_POINT('Ctrl Pts',(-10.1008688069891,7.59053979104733,36.1458341990224));
#2098=CARTESIAN_POINT('Ctrl Pts',(-9.92307833558987,0.820872818825653,36.3703370818698));
#2099=CARTESIAN_POINT('Ctrl Pts',(-9.90153935143013,0.000692671028141301,
36.3696179775863));
#2100=CARTESIAN_POINT('Ctrl Pts',(-14.7184606485699,0.000547879018029593,
36.3701600106573));
#2101=CARTESIAN_POINT('Ctrl Pts',(-14.5780298453976,-5.34666736116724,36.3662151616111));
#2102=CARTESIAN_POINT('Ctrl Pts',(-14.2813475549858,-16.647108370974,33.842289781526));
#2103=CARTESIAN_POINT('Ctrl Pts',(-13.8284137773345,-30.3967012712485,22.5722678470393));
#2104=CARTESIAN_POINT('Ctrl Pts',(-13.3596593156159,-37.4480167519713,5.57788222691202));
#2105=CARTESIAN_POINT('Ctrl Pts',(-12.8909048538972,-35.6555382313447,-12.733786537857));
#2106=CARTESIAN_POINT('Ctrl Pts',(-12.4221503921787,-25.4425809515292,-28.0382203748407));
#2107=CARTESIAN_POINT('Ctrl Pts',(-11.95339593046,-9.22105598900609,-36.7210954820876));
#2108=CARTESIAN_POINT('Ctrl Pts',(-11.4846414687415,9.17813084418537,-36.731847777514));
#2109=CARTESIAN_POINT('Ctrl Pts',(-11.0158870070228,25.4097930828727,-28.0679379812956));
#2110=CARTESIAN_POINT('Ctrl Pts',(-10.5471325453042,35.6406309062147,-12.7754512860732));
#2111=CARTESIAN_POINT('Ctrl Pts',(-10.0783780835856,37.4545104627245,5.53410995570578));
#2112=CARTESIAN_POINT('Ctrl Pts',(-9.60962362186704,30.4230625501298,22.5367254066002));
#2113=CARTESIAN_POINT('Ctrl Pts',(-9.15631781019511,16.6753681625886,33.8320801100144));
#2114=CARTESIAN_POINT('Ctrl Pts',(-8.85926348576273,5.3608305705669,36.3662966530418));
#2115=CARTESIAN_POINT('Ctrl Pts',(-8.71846064856987,-0.00053712976182882,
36.3701917660481));
#2116=CARTESIAN_POINT('Origin',(120.,0.,0.));
#2117=CARTESIAN_POINT('',(86.3077570272416,0.000417218816175334,46.9489571587386));
#2118=CARTESIAN_POINT('',(84.6922429727584,8.38378150730748E-5,46.956302932344));
#2119=CARTESIAN_POINT('',(120.,5.75002288369661E-15,46.9525));
#2120=CARTESIAN_POINT('',(80.3077570272416,0.00111622214366864,46.952986679685));
#2121=CARTESIAN_POINT('Ctrl Pts',(86.3077570272416,0.000417218816175334,
46.9489571587386));
#2122=CARTESIAN_POINT('Ctrl Pts',(86.219619775106,-4.33402358933926,46.9475699899834));
#2123=CARTESIAN_POINT('Ctrl Pts',(86.1314825229703,-8.66883796333903,46.3521028640153));
#2124=CARTESIAN_POINT('Ctrl Pts',(86.0433452708346,-12.836294955806,45.1677465240648));
#2125=CARTESIAN_POINT('Ctrl Pts',(85.8867658281603,-20.2399531983494,43.0636889190954));
#2126=CARTESIAN_POINT('Ctrl Pts',(85.730186385486,-27.1154151521208,39.1010392731031));
#2127=CARTESIAN_POINT('Ctrl Pts',(85.5736069428117,-32.6474772986425,33.7496373602638));
#2128=CARTESIAN_POINT('Ctrl Pts',(85.4170275001374,-38.1795394451644,28.3982354474245));
#2129=CARTESIAN_POINT('Ctrl Pts',(85.2604480574632,-42.3682017844366,21.6580812677381));
#2130=CARTESIAN_POINT('Ctrl Pts',(85.1038686147889,-44.7168267875521,14.3283354386897));
#2131=CARTESIAN_POINT('Ctrl Pts',(84.9472891721146,-47.0654517906676,6.99858960964134));
#2132=CARTESIAN_POINT('Ctrl Pts',(84.7907097294403,-47.5740394576263,-0.920747868769022));
#2133=CARTESIAN_POINT('Ctrl Pts',(84.634130286766,-46.1822880634184,-8.49070446473539));
#2134=CARTESIAN_POINT('Ctrl Pts',(84.4775508440917,-44.7905366692104,-16.0606610607017));
#2135=CARTESIAN_POINT('Ctrl Pts',(84.3209714014175,-41.4984462138357,-23.2812367742239));
#2136=CARTESIAN_POINT('Ctrl Pts',(84.1643919587432,-36.6963502165298,-29.2963083795602));
#2137=CARTESIAN_POINT('Ctrl Pts',(84.0078125160689,-31.8942542192238,-35.3113799848964));
#2138=CARTESIAN_POINT('Ctrl Pts',(83.8512330733946,-25.5821526799866,-40.1209474820466));
#2139=CARTESIAN_POINT('Ctrl Pts',(83.6946536307203,-18.5084532636226,-43.1547555743451));
#2140=CARTESIAN_POINT('Ctrl Pts',(83.538074188046,-11.4347538472586,-46.1885636666436));
#2141=CARTESIAN_POINT('Ctrl Pts',(83.3814947453717,-3.59945655376772,-47.4466123540904));
#2142=CARTESIAN_POINT('Ctrl Pts',(83.2249153026975,4.06843049328578,-46.7797361842689));
#2143=CARTESIAN_POINT('Ctrl Pts',(83.0683358600232,11.7363175403396,-46.1128600144474));
#2144=CARTESIAN_POINT('Ctrl Pts',(82.9117564173489,19.2367943409558,-43.5210589873577));
#2145=CARTESIAN_POINT('Ctrl Pts',(82.7551769746746,25.6805505956009,-39.3116399934547));
#2146=CARTESIAN_POINT('Ctrl Pts',(82.5985975320003,32.1243068502458,-35.1022209995518));
#2147=CARTESIAN_POINT('Ctrl Pts',(82.442018089326,37.5113425589196,-29.2751840388356));
#2148=CARTESIAN_POINT('Ctrl Pts',(82.2854386466518,41.2029337307115,-22.5214147272731));
#2149=CARTESIAN_POINT('Ctrl Pts',(82.1288592039775,44.8945249025034,-15.7676454157107));
#2150=CARTESIAN_POINT('Ctrl Pts',(81.9722797613032,46.8906715374137,-8.08714375330181));
#2151=CARTESIAN_POINT('Ctrl Pts',(81.8157003186289,46.9546939915708,-0.39058299841411));
#2152=CARTESIAN_POINT('Ctrl Pts',(81.6591208759546,47.0187164457279,7.30597775647359));
#2153=CARTESIAN_POINT('Ctrl Pts',(81.5025414332803,45.1506147191317,15.0185976038401));
#2154=CARTESIAN_POINT('Ctrl Pts',(81.345961990606,41.5718889107002,21.8328508613457));
#2155=CARTESIAN_POINT('Ctrl Pts',(81.1893825479318,37.9931631022686,28.6471041188513));
#2156=CARTESIAN_POINT('Ctrl Pts',(81.0328031052575,32.7038132120016,34.5629907864961));
#2157=CARTESIAN_POINT('Ctrl Pts',(80.8762236625832,26.3309726026305,38.8790065559547));
#2158=CARTESIAN_POINT('Ctrl Pts',(80.719644219909,19.9581319932595,43.1950223254133));
#2159=CARTESIAN_POINT('Ctrl Pts',(80.5630647772346,12.5018006647845,45.9111671966859));
#2160=CARTESIAN_POINT('Ctrl Pts',(80.4064853345603,4.84607318051041,46.7055462254201));
#2161=CARTESIAN_POINT('Ctrl Pts',(80.3735758987874,3.23701347487141,46.872506620597));
#2162=CARTESIAN_POINT('Ctrl Pts',(80.3406664630145,1.61914554892937,46.9545740204995));
#2163=CARTESIAN_POINT('Ctrl Pts',(80.3077570272416,0.00111622214366864,
46.952986679685));
#2164=CARTESIAN_POINT('',(40.,-5.75002288369661E-15,46.9525));
#2165=CARTESIAN_POINT('',(120.,5.75002288369661E-15,46.9525));
#2166=CARTESIAN_POINT('Origin',(40.,0.,0.));
#2167=CARTESIAN_POINT('',(80.,-14.8728963436517,44.5370277102737));
#2168=CARTESIAN_POINT('Ctrl Pts',(80.3077570272416,0.00111622214366864,
46.952986679685));
#2169=CARTESIAN_POINT('Ctrl Pts',(80.2051713514944,-5.04262360410292,46.9480386024457));
#2170=CARTESIAN_POINT('Ctrl Pts',(80.1025856757472,-10.0879317636889,46.1302167143237));
#2171=CARTESIAN_POINT('Ctrl Pts',(80.,-14.8728963436517,44.5370277102737));
#2172=CARTESIAN_POINT('',(80.,46.00425699931,9.38858850900567));
#2173=CARTESIAN_POINT('Origin',(80.,0.,0.));
#2174=CARTESIAN_POINT('Ctrl Pts',(80.,46.0042569993102,9.38858850900502));
#2175=CARTESIAN_POINT('Ctrl Pts',(80.1565794426743,47.5437001855949,1.84528847942621));
#2176=CARTESIAN_POINT('Ctrl Pts',(80.3131588853486,47.1920811506614,-6.08020048845796));
#2177=CARTESIAN_POINT('Ctrl Pts',(80.4697383280228,44.9876320926555,-13.4536618250278));
#2178=CARTESIAN_POINT('Ctrl Pts',(80.6263177706971,42.7831830346495,-20.8271231615979));
#2179=CARTESIAN_POINT('Ctrl Pts',(80.7828972133714,38.7259039535709,-27.6485568668536));
#2180=CARTESIAN_POINT('Ctrl Pts',(80.9394766560457,33.2990009063013,-33.107015719696));
#2181=CARTESIAN_POINT('Ctrl Pts',(81.09605609872,27.8720978590317,-38.5654745725384));
#2182=CARTESIAN_POINT('Ctrl Pts',(81.2526355413943,21.075570845571,-42.6609585729674));
#2183=CARTESIAN_POINT('Ctrl Pts',(81.4092149840686,13.7144319631409,-44.908829510092));
#2184=CARTESIAN_POINT('Ctrl Pts',(81.5657944267429,6.35329308071079,-47.1567004472167));
#2185=CARTESIAN_POINT('Ctrl Pts',(81.7223738694172,-1.57245767068885,-47.5569583210369));
#2186=CARTESIAN_POINT('Ctrl Pts',(81.8789533120914,-9.12268310189544,-46.0616788239504));
#2187=CARTESIAN_POINT('Ctrl Pts',(82.0355327547657,-16.6729085331019,-44.5663993268639));
#2188=CARTESIAN_POINT('Ctrl Pts',(82.1921121974399,-23.8476086441154,-41.1755824588707));
#2189=CARTESIAN_POINT('Ctrl Pts',(82.3486916401142,-29.7963002493885,-36.2914993553399));
#2190=CARTESIAN_POINT('Ctrl Pts',(82.5052710827885,-35.7449918546617,-31.4074162518092));
#2191=CARTESIAN_POINT('Ctrl Pts',(82.6618505254629,-40.4676749541944,-25.030066912741));
#2192=CARTESIAN_POINT('Ctrl Pts',(82.8184299681371,-43.4042952030996,-17.9154797539691));
#2193=CARTESIAN_POINT('Ctrl Pts',(82.9750094108114,-46.3409154520049,-10.8008925951973));
#2194=CARTESIAN_POINT('Ctrl Pts',(83.1315888534856,-47.4914728502825,-2.94906761672187));
#2195=CARTESIAN_POINT('Ctrl Pts',(83.2881682961599,-46.7195986912368,4.70896972588859));
#2196=CARTESIAN_POINT('Ctrl Pts',(83.4447477388342,-45.9477245321911,12.367007068499));
#2197=CARTESIAN_POINT('Ctrl Pts',(83.6013271815086,-43.2534188158221,19.8312567752446));
#2198=CARTESIAN_POINT('Ctrl Pts',(83.7579066241829,-38.9561128808768,26.2167330364776));
#2199=CARTESIAN_POINT('Ctrl Pts',(83.9144860668571,-34.6588069459316,32.6022092977105));
#2200=CARTESIAN_POINT('Ctrl Pts',(84.0710655095313,-28.7585007924101,37.9089121134309));
#2201=CARTESIAN_POINT('Ctrl Pts',(84.2276449522056,-21.9547888303702,41.5076269463929));
#2202=CARTESIAN_POINT('Ctrl Pts',(84.3825109590565,-15.2255293226793,45.0669613421301));
#2203=CARTESIAN_POINT('Ctrl Pts',(84.5373769659075,-7.61252761525602,46.9554839689295));
#2204=CARTESIAN_POINT('Ctrl Pts',(84.6922429727584,8.38378150730748E-5,
46.956302932344));
#2205=CARTESIAN_POINT('Origin',(120.,0.,0.));
#2206=CARTESIAN_POINT('',(92.3077570272416,-0.000947210325363099,46.9502773310117));
#2207=CARTESIAN_POINT('',(90.6922429727584,0.00113675205584474,46.952341735245));
#2208=CARTESIAN_POINT('',(120.,5.75002288369661E-15,46.9525));
#2209=CARTESIAN_POINT('Ctrl Pts',(92.3077570272416,-0.000947210325363099,
46.9502773310117));
#2210=CARTESIAN_POINT('Ctrl Pts',(92.2551525298717,-2.58773872917874,46.9522321477791));
#2211=CARTESIAN_POINT('Ctrl Pts',(92.2025480325017,-5.17421570701063,46.7419491225898));
#2212=CARTESIAN_POINT('Ctrl Pts',(92.1499435351317,-7.72481536208251,46.3165523606587));
#2213=CARTESIAN_POINT('Ctrl Pts',(91.9933640924574,-15.3167797841997,45.0503414618048));
#2214=CARTESIAN_POINT('Ctrl Pts',(91.8367846497831,-22.590878436148,41.8782666817262));
#2215=CARTESIAN_POINT('Ctrl Pts',(91.6802052071088,-28.6846425967622,37.1764317014383));
#2216=CARTESIAN_POINT('Ctrl Pts',(91.5236257644345,-34.7784067573765,32.4745967211504));
#2217=CARTESIAN_POINT('Ctrl Pts',(91.3670463217603,-39.6918364266567,26.2430015406533));
#2218=CARTESIAN_POINT('Ctrl Pts',(91.210466879086,-42.8423605389429,19.2205082765037));
#2219=CARTESIAN_POINT('Ctrl Pts',(91.0538874364117,-45.9928846512291,12.1980150123541));
#2220=CARTESIAN_POINT('Ctrl Pts',(90.8973079937373,-47.3805032065214,4.38462366455209));
#2221=CARTESIAN_POINT('Ctrl Pts',(90.7407285510631,-46.8406903084661,-3.29325467923828));
#2222=CARTESIAN_POINT('Ctrl Pts',(90.5841491083888,-46.3008774104108,-10.9711330230285));
#2223=CARTESIAN_POINT('Ctrl Pts',(90.4275696657145,-43.8336330590081,-18.5134983628071));
#2224=CARTESIAN_POINT('Ctrl Pts',(90.2709902230403,-39.7314912412754,-25.0260743765252));
#2225=CARTESIAN_POINT('Ctrl Pts',(90.114410780366,-35.6293494235427,-31.5386503902433));
#2226=CARTESIAN_POINT('Ctrl Pts',(89.9578313376917,-29.8923101394801,-37.021437077901));
#2227=CARTESIAN_POINT('Ctrl Pts',(89.8012518950174,-23.2005974513705,-40.8243563679566));
#2228=CARTESIAN_POINT('Ctrl Pts',(89.6446724523431,-16.5088847632609,-44.6272756580123));
#2229=CARTESIAN_POINT('Ctrl Pts',(89.4880930096687,-8.86249867110433,-46.750327550466));
#2230=CARTESIAN_POINT('Ctrl Pts',(89.3315135669945,-1.16804893512224,-46.9417879573761));
#2231=CARTESIAN_POINT('Ctrl Pts',(89.1749341243202,6.52640080086008,-47.1332483642863));
#2232=CARTESIAN_POINT('Ctrl Pts',(89.018354681646,14.268914180668,-45.3931172856528));
#2233=CARTESIAN_POINT('Ctrl Pts',(88.8617752389717,21.1414839112589,-41.9277170019473));
#2234=CARTESIAN_POINT('Ctrl Pts',(88.7051957962974,28.0140536418496,-38.4623167182418));
#2235=CARTESIAN_POINT('Ctrl Pts',(88.548616353623,34.0166797232233,-33.2716472294644));
#2236=CARTESIAN_POINT('Ctrl Pts',(88.3920369109487,38.4376482388237,-26.9711511214007));
#2237=CARTESIAN_POINT('Ctrl Pts',(88.2354574682745,42.858616754424,-20.670655013337));
#2238=CARTESIAN_POINT('Ctrl Pts',(88.0788780256003,45.6979277042508,-13.2603322859871));
#2239=CARTESIAN_POINT('Ctrl Pts',(87.922298582926,46.6189322471059,-5.6188033508289));
#2240=CARTESIAN_POINT('Ctrl Pts',(87.7657191402517,47.539936789961,2.02272558432929));
#2241=CARTESIAN_POINT('Ctrl Pts',(87.6091396975774,46.5426349258444,9.89546072729573));
#2242=CARTESIAN_POINT('Ctrl Pts',(87.4525602549031,43.745273835693,17.0659547649946));
#2243=CARTESIAN_POINT('Ctrl Pts',(87.2959808122288,40.9479127455416,24.2364488026935));
#2244=CARTESIAN_POINT('Ctrl Pts',(87.1394013695546,36.3504924293553,30.7047017351249));
#2245=CARTESIAN_POINT('Ctrl Pts',(86.9828219268803,30.498115643962,35.7037916329023));
#2246=CARTESIAN_POINT('Ctrl Pts',(86.8262424842061,24.6457388585688,40.7028815306798));
#2247=CARTESIAN_POINT('Ctrl Pts',(86.6696630415317,17.5384056039686,44.2328083938035));
#2248=CARTESIAN_POINT('Ctrl Pts',(86.5130835988574,10.0188117110107,45.875039043392));
#2249=CARTESIAN_POINT('Ctrl Pts',(86.4446414083188,6.73193401362825,46.5928718642769));
#2250=CARTESIAN_POINT('Ctrl Pts',(86.3761992177802,3.36628824930081,46.9500343521609));
#2251=CARTESIAN_POINT('Ctrl Pts',(86.3077570272416,0.000417218816175334,
46.9489571587386));
#2252=CARTESIAN_POINT('Ctrl Pts',(84.6922429727584,8.38378150730748E-5,
46.956302932344));
#2253=CARTESIAN_POINT('Ctrl Pts',(84.6939564085818,0.084309688525573,46.9563119933464));
#2254=CARTESIAN_POINT('Ctrl Pts',(84.6956698444052,0.168535491464313,46.9560899770388));
#2255=CARTESIAN_POINT('Ctrl Pts',(84.6973832802286,0.252760049194609,46.9556365896709));
#2256=CARTESIAN_POINT('Ctrl Pts',(84.8539627229028,7.9494791961613,46.9142045497833));
#2257=CARTESIAN_POINT('Ctrl Pts',(85.0105421655771,15.6357997195361,44.9406136198045));
#2258=CARTESIAN_POINT('Ctrl Pts',(85.1671216082514,22.4003739106187,41.2688632145292));
#2259=CARTESIAN_POINT('Ctrl Pts',(85.3237010509256,29.1649481017011,37.597112809254));
#2260=CARTESIAN_POINT('Ctrl Pts',(85.4802804935999,35.0077759604914,32.2272029286826));
#2261=CARTESIAN_POINT('Ctrl Pts',(85.6368599362742,39.2360918936021,25.7958299222423));
#2262=CARTESIAN_POINT('Ctrl Pts',(85.7934393789485,43.4644078267127,19.364456915802));
#2263=CARTESIAN_POINT('Ctrl Pts',(85.9500188216228,46.0782118341439,11.8716207834927));
#2264=CARTESIAN_POINT('Ctrl Pts',(86.1065982642971,46.7675920239538,4.20572444103435));
#2265=CARTESIAN_POINT('Ctrl Pts',(86.2631777069714,47.4569722137637,-3.46017190142394));
#2266=CARTESIAN_POINT('Ctrl Pts',(86.4197571496456,46.2219285859525,-11.2991284540315));
#2267=CARTESIAN_POINT('Ctrl Pts',(86.5763365923199,43.2088970461112,-18.3817025030372));
#2268=CARTESIAN_POINT('Ctrl Pts',(86.7329160349942,40.1958655062699,-25.464276552043));
#2269=CARTESIAN_POINT('Ctrl Pts',(86.8894954776685,35.4048460543986,-31.7904680974468));
#2270=CARTESIAN_POINT('Ctrl Pts',(87.0460749203428,29.4038957462437,-36.6101992228785));
#2271=CARTESIAN_POINT('Ctrl Pts',(87.2026543630171,23.4029454380886,-41.4299303483104));
#2272=CARTESIAN_POINT('Ctrl Pts',(87.3592338056913,16.19206427365,-44.74320105377));
#2273=CARTESIAN_POINT('Ctrl Pts',(87.5158132483656,8.62622555325597,-46.1571663604988));
#2274=CARTESIAN_POINT('Ctrl Pts',(87.6723926910399,1.06038683286221,-47.5711316672276));
#2275=CARTESIAN_POINT('Ctrl Pts',(87.8289721337142,-6.86040944348705,-47.0857915752257));
#2276=CARTESIAN_POINT('Ctrl Pts',(87.9855515763885,-14.1970175443416,-44.7586915011556));
#2277=CARTESIAN_POINT('Ctrl Pts',(88.1421310190628,-21.5336256451961,-42.4315914270855));
#2278=CARTESIAN_POINT('Ctrl Pts',(88.2987104617371,-28.286045570556,-38.2627313709472));
#2279=CARTESIAN_POINT('Ctrl Pts',(88.4552899044114,-33.6536625056328,-32.7464009182445));
#2280=CARTESIAN_POINT('Ctrl Pts',(88.6118693470856,-39.0212794407097,-27.2300704655417));
#2281=CARTESIAN_POINT('Ctrl Pts',(88.7684487897599,-43.0040933855034,-20.3662696162745));
#2282=CARTESIAN_POINT('Ctrl Pts',(88.9250282324342,-45.1298736856398,-12.9688192877096));
#2283=CARTESIAN_POINT('Ctrl Pts',(89.0816076751085,-47.2556539857762,-5.57136895914473));
#2284=CARTESIAN_POINT('Ctrl Pts',(89.2381871177828,-47.5244006412553,2.35973084871772));
#2285=CARTESIAN_POINT('Ctrl Pts',(89.3947665604571,-45.9042491370669,9.88411270507698));
#2286=CARTESIAN_POINT('Ctrl Pts',(89.5513460031314,-44.2840976328785,17.4084945614362));
#2287=CARTESIAN_POINT('Ctrl Pts',(89.7079254458055,-40.7750479690226,24.5261584662923));
#2288=CARTESIAN_POINT('Ctrl Pts',(89.8645048884798,-35.7931579612517,30.3931837081852));
#2289=CARTESIAN_POINT('Ctrl Pts',(90.0210843311541,-30.811267953481,36.260208950078));
#2290=CARTESIAN_POINT('Ctrl Pts',(90.1776637738285,-24.3565376017953,40.8765955290077));
#2291=CARTESIAN_POINT('Ctrl Pts',(90.3342432165028,-17.1942855096384,43.694991916249));
#2292=CARTESIAN_POINT('Ctrl Pts',(90.453576468588,-11.7357475316413,45.8429648609117));
#2293=CARTESIAN_POINT('Ctrl Pts',(90.5729097206732,-5.86625551210209,46.9466005171748));
#2294=CARTESIAN_POINT('Ctrl Pts',(90.6922429727584,0.00113675205584474,
46.952341735245));
#2295=CARTESIAN_POINT('Origin',(120.,0.,0.));
#2296=CARTESIAN_POINT('',(98.3077570272416,-0.000759051821366675,46.9551838765042));
#2297=CARTESIAN_POINT('',(96.6922429727584,0.000237177310109526,46.9487918865039));
#2298=CARTESIAN_POINT('',(120.,5.75002288369661E-15,46.9525));
#2299=CARTESIAN_POINT('Ctrl Pts',(98.3077570272416,-0.000759051821366675,
46.9551838765042));
#2300=CARTESIAN_POINT('Ctrl Pts',(98.2906852846373,-0.839997890788179,46.955836369712));
#2301=CARTESIAN_POINT('Ctrl Pts',(98.273613542033,-1.67920245420225,46.9337863060354));
#2302=CARTESIAN_POINT('Ctrl Pts',(98.2565417994287,-2.51717574161395,46.8888005950706));
#2303=CARTESIAN_POINT('Ctrl Pts',(98.0999623567544,-10.2029400692543,46.4761984539511));
#2304=CARTESIAN_POINT('Ctrl Pts',(97.9433829140802,-17.7851259981856,44.1341851857668));
#2305=CARTESIAN_POINT('Ctrl Pts',(97.7868034714059,-24.36473579481,40.1404464923352));
#2306=CARTESIAN_POINT('Ctrl Pts',(97.6302240287316,-30.9443455914343,36.1467077989035));
#2307=CARTESIAN_POINT('Ctrl Pts',(97.4736445860572,-36.5213792557517,30.5012436802244));
#2308=CARTESIAN_POINT('Ctrl Pts',(97.317065143383,-40.434584126457,23.8734203975139));
#2309=CARTESIAN_POINT('Ctrl Pts',(97.1604857007087,-44.3477889971622,17.2455971148033));
#2310=CARTESIAN_POINT('Ctrl Pts',(97.0039062580345,-46.5971650742552,9.63541466806134));
#2311=CARTESIAN_POINT('Ctrl Pts',(96.8473268153602,-46.9160103783526,1.94519025656482));
#2312=CARTESIAN_POINT('Ctrl Pts',(96.6907473726859,-47.2348556824499,-5.74503415493179));
#2313=CARTESIAN_POINT('Ctrl Pts',(96.5341679300115,-45.6231702135515,-13.5153005311829));
#2314=CARTESIAN_POINT('Ctrl Pts',(96.3775884873373,-42.272046830282,-20.4443109870237));
#2315=CARTESIAN_POINT('Ctrl Pts',(96.221009044663,-38.9209234470126,-27.3733214428644));
#2316=CARTESIAN_POINT('Ctrl Pts',(96.0644296019888,-33.830362149372,-33.4610759782949));
#2317=CARTESIAN_POINT('Ctrl Pts',(95.9078501593145,-27.6039359850245,-37.985767243674));
#2318=CARTESIAN_POINT('Ctrl Pts',(95.7512707166402,-21.3775098206769,-42.5104585090531));
#2319=CARTESIAN_POINT('Ctrl Pts',(95.5946912739659,-14.0152187896225,-45.4720865043809));
#2320=CARTESIAN_POINT('Ctrl Pts',(95.4381118312916,-6.38998832691826,-46.5194996118577));
#2321=CARTESIAN_POINT('Ctrl Pts',(95.2815323886173,1.23524213578608,-47.5669127193345));
#2322=CARTESIAN_POINT('Ctrl Pts',(95.1249529459431,9.12341203014012,-46.7001109389601));
#2323=CARTESIAN_POINT('Ctrl Pts',(94.9683735032689,16.3392439937337,-44.0218684368244));
#2324=CARTESIAN_POINT('Ctrl Pts',(94.8117940605946,23.5550759573272,-41.3436259346886));
#2325=CARTESIAN_POINT('Ctrl Pts',(94.6552146179202,30.0985699901603,-36.8539427107916));
#2326=CARTESIAN_POINT('Ctrl Pts',(94.4986351752459,35.1938830358655,-31.0851474471915));
#2327=CARTESIAN_POINT('Ctrl Pts',(94.3420557325715,40.2891960815706,-25.3163521835914));
#2328=CARTESIAN_POINT('Ctrl Pts',(94.1854762898973,43.9363281401479,-18.2684448802882));
#2329=CARTESIAN_POINT('Ctrl Pts',(94.0288968472231,45.7028493707352,-10.7770754080924));
#2330=CARTESIAN_POINT('Ctrl Pts',(93.8723174045488,47.4693706013224,-3.28570593589653));
#2331=CARTESIAN_POINT('Ctrl Pts',(93.7157379618745,47.3552810039197,4.64912570519203));
#2332=CARTESIAN_POINT('Ctrl Pts',(93.5591585192002,45.3741078502728,12.0866096051636));
#2333=CARTESIAN_POINT('Ctrl Pts',(93.402579076526,43.3929346966257,19.5240935051352));
#2334=CARTESIAN_POINT('Ctrl Pts',(93.2459996338517,39.5446779867344,26.4642296639898));
#2335=CARTESIAN_POINT('Ctrl Pts',(93.0894201911774,34.285614326416,32.0841463220714));
#2336=CARTESIAN_POINT('Ctrl Pts',(92.9328407485031,29.0265506660977,37.7040629801531));
#2337=CARTESIAN_POINT('Ctrl Pts',(92.7762613058288,22.3566800553522,42.0037601374617));
#2338=CARTESIAN_POINT('Ctrl Pts',(92.6196818631545,15.0668296538365,44.4734352073016));
#2339=CARTESIAN_POINT('Ctrl Pts',(92.5157069178502,10.2260805501962,46.1133971711471));
#2340=CARTESIAN_POINT('Ctrl Pts',(92.4117319725459,5.11195225898453,46.9464135555434));
#2341=CARTESIAN_POINT('Ctrl Pts',(92.3077570272416,-0.000947210325363099,
46.9502773310117));
#2342=CARTESIAN_POINT('Ctrl Pts',(90.6922429727584,0.00113675205584474,
46.952341735245));
#2343=CARTESIAN_POINT('Ctrl Pts',(90.7294891633474,1.83246210951457,46.9541336792231));
#2344=CARTESIAN_POINT('Ctrl Pts',(90.7667353539365,3.66358291226843,46.8489705584493));
#2345=CARTESIAN_POINT('Ctrl Pts',(90.8039815445256,5.4819397926689,46.6352239072383));
#2346=CARTESIAN_POINT('Ctrl Pts',(90.9605609871998,13.1261391701914,45.7366533154334));
#2347=CARTESIAN_POINT('Ctrl Pts',(91.1171404298742,20.5447640926082,42.9191059362706));
#2348=CARTESIAN_POINT('Ctrl Pts',(91.2737198725484,26.8582097795554,38.5166501683439));
#2349=CARTESIAN_POINT('Ctrl Pts',(91.4302993152228,33.1716554665024,34.1141944004172));
#2350=CARTESIAN_POINT('Ctrl Pts',(91.586878757897,38.3799219179797,28.1268302437267));
#2351=CARTESIAN_POINT('Ctrl Pts',(91.7434582005713,41.8654801283902,21.2644620524725));
#2352=CARTESIAN_POINT('Ctrl Pts',(91.9000376432455,45.3510383388007,14.4020938612183));
#2353=CARTESIAN_POINT('Ctrl Pts',(92.0566170859198,47.1138883081444,6.66472163540044));
#2354=CARTESIAN_POINT('Ctrl Pts',(92.2131965285941,46.9450140427178,-1.03025690344824));
#2355=CARTESIAN_POINT('Ctrl Pts',(92.3697759712684,46.7761397772911,-8.72523544229704));
#2356=CARTESIAN_POINT('Ctrl Pts',(92.5263554139428,44.6755412770939,-16.3778202941767));
#2357=CARTESIAN_POINT('Ctrl Pts',(92.682934856617,40.8922803968685,-23.0806667300366));
#2358=CARTESIAN_POINT('Ctrl Pts',(92.8395142992913,37.109019516643,-29.7835131658966));
#2359=CARTESIAN_POINT('Ctrl Pts',(92.9960937419655,31.6430962563892,-35.5366211857368));
#2360=CARTESIAN_POINT('Ctrl Pts',(93.1526731846398,25.142589239999,-39.6578615039664));
#2361=CARTESIAN_POINT('Ctrl Pts',(93.3092526273141,18.6420822236089,-43.7791018221959));
#2362=CARTESIAN_POINT('Ctrl Pts',(93.4658320699884,11.1069914510825,-46.2684744388147));
#2363=CARTESIAN_POINT('Ctrl Pts',(93.6224115126627,3.43073072024047,-46.8308216827771));
#2364=CARTESIAN_POINT('Ctrl Pts',(93.778990955337,-4.24553001060155,-47.3931689267394));
#2365=CARTESIAN_POINT('Ctrl Pts',(93.9355703980113,-12.0629606997592,-46.0284907980452));
#2366=CARTESIAN_POINT('Ctrl Pts',(94.0921498406856,-19.0946713266385,-42.8985932133762));
#2367=CARTESIAN_POINT('Ctrl Pts',(94.2487292833598,-26.1263819535179,-39.7686956287071));
#2368=CARTESIAN_POINT('Ctrl Pts',(94.4053087260341,-32.372372518119,-34.8735785880631));
#2369=CARTESIAN_POINT('Ctrl Pts',(94.5618881687084,-37.092074085046,-28.7936418819921));
#2370=CARTESIAN_POINT('Ctrl Pts',(94.7184676113827,-41.8117756519731,-22.7137051759211));
#2371=CARTESIAN_POINT('Ctrl Pts',(94.875047054057,-45.0051882212261,-15.448948804423));
#2372=CARTESIAN_POINT('Ctrl Pts',(95.0316264967313,-46.2936781521924,-7.8607338016389));
#2373=CARTESIAN_POINT('Ctrl Pts',(95.1882059394055,-47.5821680831587,-0.272518798854887));
#2374=CARTESIAN_POINT('Ctrl Pts',(95.3447853820798,-46.9657353758384,7.63915483521519));
#2375=CARTESIAN_POINT('Ctrl Pts',(95.5013648247541,-44.5174686635054,14.9362229681001));
#2376=CARTESIAN_POINT('Ctrl Pts',(95.6579442674284,-42.0692019511724,22.233291100985));
#2377=CARTESIAN_POINT('Ctrl Pts',(95.8145237101026,-37.7891012338267,28.9157537326847));
#2378=CARTESIAN_POINT('Ctrl Pts',(95.9711031527769,-32.1846456052737,34.1912907042412));
#2379=CARTESIAN_POINT('Ctrl Pts',(96.1276825954512,-26.5801899767206,39.4668276757977));
#2380=CARTESIAN_POINT('Ctrl Pts',(96.2842620381255,-19.6513794369603,43.335438987211));
#2381=CARTESIAN_POINT('Ctrl Pts',(96.4408414807998,-12.2197428999309,45.3384346467606));
#2382=CARTESIAN_POINT('Ctrl Pts',(96.5246419781193,-8.24236996345629,46.4104274290331));
#2383=CARTESIAN_POINT('Ctrl Pts',(96.6084424754389,-4.12097085105877,46.9480455179939));
#2384=CARTESIAN_POINT('Ctrl Pts',(96.6922429727584,0.000237177310109526,
46.9487918865039));
#2385=CARTESIAN_POINT('Origin',(120.,0.,0.));
#2386=CARTESIAN_POINT('',(120.,5.75002288369661E-15,46.9525));
#2387=CARTESIAN_POINT('Origin',(120.,0.,0.));
#2388=CARTESIAN_POINT('',(108.692242972758,-0.000597372677257901,46.9556442436));
#2389=CARTESIAN_POINT('',(120.,5.75002288369661E-15,46.9525));
#2390=CARTESIAN_POINT('',(110.,46.0066455401758,9.38820812355427));
#2391=CARTESIAN_POINT('Ctrl Pts',(108.692242972758,-0.000597372677257901,
46.9556442436));
#2392=CARTESIAN_POINT('Ctrl Pts',(108.836087427645,7.07053473586876,46.9511303282859));
#2393=CARTESIAN_POINT('Ctrl Pts',(108.979931882531,14.1436835040989,45.3304672805596));
#2394=CARTESIAN_POINT('Ctrl Pts',(109.123776337417,20.504721006457,42.2427943363132));
#2395=CARTESIAN_POINT('Ctrl Pts',(109.280355780091,27.4289205366915,38.881760300255));
#2396=CARTESIAN_POINT('Ctrl Pts',(109.436935222765,33.5093364421522,33.7824600867209));
#2397=CARTESIAN_POINT('Ctrl Pts',(109.59351466544,38.025152643287,27.5495952867746));
#2398=CARTESIAN_POINT('Ctrl Pts',(109.72900977696,41.9328879712888,22.1560219240483));
#2399=CARTESIAN_POINT('Ctrl Pts',(109.86450488848,44.6690188521688,15.913612078183));
#2400=CARTESIAN_POINT('Ctrl Pts',(110.,46.0066455401758,9.38820812355427));
#2401=CARTESIAN_POINT('',(110.,-14.8713723451774,44.5351494981334));
#2402=CARTESIAN_POINT('Origin',(110.,0.,0.));
#2403=CARTESIAN_POINT('',(104.307757027242,0.000806816190343175,46.9550170567103));
#2404=CARTESIAN_POINT('Ctrl Pts',(110.,-14.8713723451774,44.5351494981334));
#2405=CARTESIAN_POINT('Ctrl Pts',(109.843420557326,-22.1737833923033,42.0966963903495));
#2406=CARTESIAN_POINT('Ctrl Pts',(109.686841114651,-28.8616472924944,37.8294360214143));
#2407=CARTESIAN_POINT('Ctrl Pts',(109.530261671977,-34.1450275873739,32.2335963671028));
#2408=CARTESIAN_POINT('Ctrl Pts',(109.373682229303,-39.4284078822533,26.6377567127913));
#2409=CARTESIAN_POINT('Ctrl Pts',(109.217102786629,-43.3073045718211,19.7133377731034));
#2410=CARTESIAN_POINT('Ctrl Pts',(109.060523343954,-45.3210175024942,12.2842736676386));
#2411=CARTESIAN_POINT('Ctrl Pts',(108.90394390128,-47.3347304331673,4.85520956217376));
#2412=CARTESIAN_POINT('Ctrl Pts',(108.747364458606,-47.4832596049457,-3.07849970906799));
#2413=CARTESIAN_POINT('Ctrl Pts',(108.590785015931,-45.7494033377791,-10.5773689707133));
#2414=CARTESIAN_POINT('Ctrl Pts',(108.434205573257,-44.0155470706125,-18.0762382323586));
#2415=CARTESIAN_POINT('Ctrl Pts',(108.277626130583,-40.3993053645008,-25.1402674844076));
#2416=CARTESIAN_POINT('Ctrl Pts',(108.121046687909,-35.3292426569225,-30.9313145238577));
#2417=CARTESIAN_POINT('Ctrl Pts',(107.964467245234,-30.2591799493441,-36.722361563308));
#2418=CARTESIAN_POINT('Ctrl Pts',(107.80788780256,-23.7352962402989,-41.2404263901595));
#2419=CARTESIAN_POINT('Ctrl Pts',(107.651308359886,-16.5312103345045,-43.9501030529178));
#2420=CARTESIAN_POINT('Ctrl Pts',(107.494728917211,-9.32712442871007,-46.6597797156761));
#2421=CARTESIAN_POINT('Ctrl Pts',(107.338149474537,-1.44283632616636,-47.5610682143412));
#2422=CARTESIAN_POINT('Ctrl Pts',(107.181570031863,6.18688704447779,-46.5469622819505));
#2423=CARTESIAN_POINT('Ctrl Pts',(107.024990589189,13.816610415122,-45.5328563495597));
#2424=CARTESIAN_POINT('Ctrl Pts',(106.868411146514,21.1917690538666,-42.6033559861131));
#2425=CARTESIAN_POINT('Ctrl Pts',(106.71183170384,27.4378868905168,-38.1058747087712));
#2426=CARTESIAN_POINT('Ctrl Pts',(106.555252261166,33.6840047271669,-33.6083934314294));
#2427=CARTESIAN_POINT('Ctrl Pts',(106.398672818491,38.8010817617227,-27.5429312401923));
#2428=CARTESIAN_POINT('Ctrl Pts',(106.242093375817,42.1824134681366,-20.6286169416147));
#2429=CARTESIAN_POINT('Ctrl Pts',(106.085513933143,45.5637451745505,-13.7143026430371));
#2430=CARTESIAN_POINT('Ctrl Pts',(105.928934490469,47.2093315528226,-5.95113623711899));
#2431=CARTESIAN_POINT('Ctrl Pts',(105.772355047794,46.9240540365898,1.74040860330075));
#2432=CARTESIAN_POINT('Ctrl Pts',(105.61577560512,46.6387765203569,9.43195344372048));
#2433=CARTESIAN_POINT('Ctrl Pts',(105.459196162446,44.4226351096191,17.0518767186419));
#2434=CARTESIAN_POINT('Ctrl Pts',(105.302616719771,40.5383943177629,23.6967150467268));
#2435=CARTESIAN_POINT('Ctrl Pts',(105.146037277097,36.6541535259067,30.3415533748118));
#2436=CARTESIAN_POINT('Ctrl Pts',(104.989457834423,31.1018133529323,36.0113067560602));
#2437=CARTESIAN_POINT('Ctrl Pts',(104.832878391749,24.5396970968101,40.0337246649036));
#2438=CARTESIAN_POINT('Ctrl Pts',(104.676298949074,17.9775808406878,44.056142573747));
#2439=CARTESIAN_POINT('Ctrl Pts',(104.5197195064,10.4056885014177,46.4312250101852));
#2440=CARTESIAN_POINT('Ctrl Pts',(104.363140063726,2.72179809155733,46.8773675246591));
#2441=CARTESIAN_POINT('Ctrl Pts',(104.344679051564,1.81585289287483,46.9299685701396));
#2442=CARTESIAN_POINT('Ctrl Pts',(104.326218039403,0.908350825189206,46.9557557003662));
#2443=CARTESIAN_POINT('Ctrl Pts',(104.307757027242,0.000806816190343175,
46.9550170567103));
#2444=CARTESIAN_POINT('',(102.692242972758,-0.00103931180619465,46.9508031859732));
#2445=CARTESIAN_POINT('',(120.,5.75002288369661E-15,46.9525));
#2446=CARTESIAN_POINT('Ctrl Pts',(102.692242972758,-0.00103931180619465,
46.9508031859732));
#2447=CARTESIAN_POINT('Ctrl Pts',(102.800554672879,5.32494583226981,46.9463096253511));
#2448=CARTESIAN_POINT('Ctrl Pts',(102.908866372999,10.6524203907408,46.0409446940652));
#2449=CARTESIAN_POINT('Ctrl Pts',(103.01717807312,15.6713326646383,44.264038508854));
#2450=CARTESIAN_POINT('Ctrl Pts',(103.173757515794,22.9268598681078,41.6952765020215));
#2451=CARTESIAN_POINT('Ctrl Pts',(103.330336958468,29.5375327991677,37.305108804109));
#2452=CARTESIAN_POINT('Ctrl Pts',(103.486916401143,34.7195431809489,31.6140648200712));
#2453=CARTESIAN_POINT('Ctrl Pts',(103.643495843817,39.90155356273,25.9230208360335));
#2454=CARTESIAN_POINT('Ctrl Pts',(103.800075286491,43.6549013952323,18.9311005658706));
#2455=CARTESIAN_POINT('Ctrl Pts',(103.956654729165,45.5345631701721,11.4673156820404));
#2456=CARTESIAN_POINT('Ctrl Pts',(104.11323417184,47.4142249451118,4.00353079821016));
#2457=CARTESIAN_POINT('Ctrl Pts',(104.269813614514,47.420200662489,-3.93211869928746));
#2458=CARTESIAN_POINT('Ctrl Pts',(104.426393057188,45.5517817426645,-11.3987259724528));
#2459=CARTESIAN_POINT('Ctrl Pts',(104.582972499863,43.6833628228399,-18.8653332456181));
#2460=CARTESIAN_POINT('Ctrl Pts',(104.739551942537,39.9405492658136,-25.8628982944511));
#2461=CARTESIAN_POINT('Ctrl Pts',(104.896131385211,34.7671157023804,-31.5617400967075));
#2462=CARTESIAN_POINT('Ctrl Pts',(105.052710827885,29.5936821389473,-37.2605818989639));
#2463=CARTESIAN_POINT('Ctrl Pts',(105.20929027056,22.9896285691074,-41.6607004546436));
#2464=CARTESIAN_POINT('Ctrl Pts',(105.365869713234,15.7379781904655,-44.2403866769723));
#2465=CARTESIAN_POINT('Ctrl Pts',(105.522449155908,8.48632781182368,-46.8200728993011));
#2466=CARTESIAN_POINT('Ctrl Pts',(105.679028598583,0.58708062437987,-47.5793267882788));
#2467=CARTESIAN_POINT('Ctrl Pts',(105.835608041257,-7.02317215105309,-46.4281254707701));
#2468=CARTESIAN_POINT('Ctrl Pts',(105.992187483931,-14.6334249264861,-45.2769241532614));
#2469=CARTESIAN_POINT('Ctrl Pts',(106.148766926605,-21.9546832899083,-42.2152676292664));
#2470=CARTESIAN_POINT('Ctrl Pts',(106.30534636928,-28.1188878465202,-37.6061683070112));
#2471=CARTESIAN_POINT('Ctrl Pts',(106.461925811954,-34.283092403132,-32.9970689847562));
#2472=CARTESIAN_POINT('Ctrl Pts',(106.618505254628,-39.2902431529336,-26.8405268642411));
#2473=CARTESIAN_POINT('Ctrl Pts',(106.775084697303,-42.5466549534153,-19.8665038351007));
#2474=CARTESIAN_POINT('Ctrl Pts',(106.931664139977,-45.803066753897,-12.8924808059603));
#2475=CARTESIAN_POINT('Ctrl Pts',(107.088243582651,-47.3087396050587,-5.10097686819457));
#2476=CARTESIAN_POINT('Ctrl Pts',(107.244823025325,-46.8851539549743,2.58418919626057));
#2477=CARTESIAN_POINT('Ctrl Pts',(107.401402468,-46.4615683048898,10.2693552607157));
#2478=CARTESIAN_POINT('Ctrl Pts',(107.557981910674,-44.1087241535591,17.8481834518603));
#2479=CARTESIAN_POINT('Ctrl Pts',(107.714561353348,-40.1055839567263,24.4220798212814));
#2480=CARTESIAN_POINT('Ctrl Pts',(107.871140796023,-36.1024437598936,30.9959761907026));
#2481=CARTESIAN_POINT('Ctrl Pts',(108.027720238697,-30.4490075175587,36.5649407384004));
#2482=CARTESIAN_POINT('Ctrl Pts',(108.184299681371,-23.8156016561529,40.4686661461556));
#2483=CARTESIAN_POINT('Ctrl Pts',(108.340879124045,-17.1821957947472,44.3723915539107));
#2484=CARTESIAN_POINT('Ctrl Pts',(108.49745856672,-9.56882031427063,46.6108778217233));
#2485=CARTESIAN_POINT('Ctrl Pts',(108.654038009394,-1.87814099652823,46.9187370263385));
#2486=CARTESIAN_POINT('Ctrl Pts',(108.666772997182,-1.2526392989797,46.943775965961));
#2487=CARTESIAN_POINT('Ctrl Pts',(108.67950798497,-0.62662623921891,46.9560438742736));
#2488=CARTESIAN_POINT('Ctrl Pts',(108.692242972758,-0.000597372677257901,
46.9556442436));
#2489=CARTESIAN_POINT('Origin',(127.750036667204,0.,0.));
#2490=CARTESIAN_POINT('',(82.7500366672045,8.98445316421821E-5,50.3205754005705));
#2491=CARTESIAN_POINT('',(82.2499633327955,0.00119619597376719,50.3170215487646));
#2492=CARTESIAN_POINT('',(127.750036667204,-3.6984422377259E-13,50.3165));
#2493=CARTESIAN_POINT('',(80.,-13.0207499926216,-48.6050864746428));
#2494=CARTESIAN_POINT('Ctrl Pts',(82.7500366672045,8.98445316395782E-5,
50.3205754005705));
#2495=CARTESIAN_POINT('Ctrl Pts',(82.5951706603536,-8.15794144620762,50.3196977609847));
#2496=CARTESIAN_POINT('Ctrl Pts',(82.2837252108283,-24.565105454417,46.2496473837597));
#2497=CARTESIAN_POINT('Ctrl Pts',(81.8157003186289,-43.4650468935335,29.2511442820094));
#2498=CARTESIAN_POINT('Ctrl Pts',(81.3459619906061,-52.127079814742,5.25402461621155));
#2499=CARTESIAN_POINT('Ctrl Pts',(80.8762236625832,-48.4281060861588,-19.9891265384313));
#2500=CARTESIAN_POINT('Ctrl Pts',(80.4275696657145,-33.9264598808101,-39.5716523810464));
#2501=CARTESIAN_POINT('Ctrl Pts',(80.1354951115201,-19.9143157340364,-46.7518132476871));
#2502=CARTESIAN_POINT('Ctrl Pts',(80.,-13.0207499926216,-48.6050864746428));
#2503=CARTESIAN_POINT('',(80.,-35.5805044902218,-35.5777721684664));
#2504=CARTESIAN_POINT('Origin',(80.,0.,0.));
#2505=CARTESIAN_POINT('Ctrl Pts',(82.2499633327955,0.00119619597376969,
50.3170215487646));
#2506=CARTESIAN_POINT('Ctrl Pts',(82.1262933258941,-6.514818276818,50.3106291209204));
#2507=CARTESIAN_POINT('Ctrl Pts',(81.8460438763186,-21.2863384015884,47.4272753659341));
#2508=CARTESIAN_POINT('Ctrl Pts',(81.4092149840685,-40.3943621861879,33.3631603946014));
#2509=CARTESIAN_POINT('Ctrl Pts',(80.9394766560458,-51.3627086572015,10.330573612249));
#2510=CARTESIAN_POINT('Ctrl Pts',(80.4697383280228,-50.1519347802801,-15.1571511442284));
#2511=CARTESIAN_POINT('Ctrl Pts',(80.1565794426743,-41.4141778795078,-29.7436507614507));
#2512=CARTESIAN_POINT('Ctrl Pts',(80.,-35.5805044902218,-35.5777721684664));
#2513=CARTESIAN_POINT('Origin',(127.750036667204,0.,0.));
#2514=CARTESIAN_POINT('',(88.7500366672045,0.00121819679004104,50.3163303960695));
#2515=CARTESIAN_POINT('',(88.2499633327955,0.00044711124109309,50.312703325226));
#2516=CARTESIAN_POINT('',(127.750036667204,-3.6984422377259E-13,50.3165));
#2517=CARTESIAN_POINT('Ctrl Pts',(88.7500366672045,0.00121819679004209,
50.3163303960695));
#2518=CARTESIAN_POINT('Ctrl Pts',(88.6307034151193,-6.28655440018556,50.3101778376534));
#2519=CARTESIAN_POINT('Ctrl Pts',(88.3547907203598,-20.8298364164277,47.575616731039));
#2520=CARTESIAN_POINT('Ctrl Pts',(87.922298582926,-39.9359907080971,33.9110034255443));
#2521=CARTESIAN_POINT('Ctrl Pts',(87.4525602549031,-51.217377050341,11.0281365365382));
#2522=CARTESIAN_POINT('Ctrl Pts',(86.9828219268803,-50.3533725080643,-14.4698784881554));
#2523=CARTESIAN_POINT('Ctrl Pts',(86.5130835988574,-37.5488621292852,-36.5365907249152));
#2524=CARTESIAN_POINT('Ctrl Pts',(86.0433452708345,-15.8402329503676,-49.939228306387));
#2525=CARTESIAN_POINT('Ctrl Pts',(85.5736069428118,9.62465683221633,-51.4995678882545));
#2526=CARTESIAN_POINT('Ctrl Pts',(85.1038686147888,32.8072116766104,-40.8475992741497));
#2527=CARTESIAN_POINT('Ctrl Pts',(84.6341302867661,48.2100547786874,-20.5092690322463));
#2528=CARTESIAN_POINT('Ctrl Pts',(84.1643919587431,52.1806467193995,4.69251089721095));
#2529=CARTESIAN_POINT('Ctrl Pts',(83.6946536307204,43.7774220131598,28.7815342240623));
#2530=CARTESIAN_POINT('Ctrl Pts',(83.2249153026974,24.9930773271372,46.0454756865474));
#2531=CARTESIAN_POINT('Ctrl Pts',(82.9100429815255,8.42889751542946,50.2986049880784));
#2532=CARTESIAN_POINT('Ctrl Pts',(82.7517501030279,0.0903502144223089,50.3205851107654));
#2533=CARTESIAN_POINT('Ctrl Pts',(82.7500366672045,8.98445316395782E-5,
50.3205754005705));
#2534=CARTESIAN_POINT('Ctrl Pts',(88.2499633327955,0.000447111241094478,
50.312703325226));
#2535=CARTESIAN_POINT('Ctrl Pts',(88.1618260806598,-4.64454284506682,50.3112167701613));
#2536=CARTESIAN_POINT('Ctrl Pts',(87.9171093858499,-17.5426594709584,48.5394213078946));
#2537=CARTESIAN_POINT('Ctrl Pts',(87.5158132483656,-36.4262173025638,37.6559455124331));
#2538=CARTESIAN_POINT('Ctrl Pts',(87.0460749203428,-49.8925180486788,15.9867499776573));
#2539=CARTESIAN_POINT('Ctrl Pts',(86.5763365923199,-51.5275972038589,-9.47344985615988));
#2540=CARTESIAN_POINT('Ctrl Pts',(86.1065982642971,-40.9437218363368,-32.6871721003073));
#2541=CARTESIAN_POINT('Ctrl Pts',(85.6368599362743,-20.6506901277571,-48.1496460667857));
#2542=CARTESIAN_POINT('Ctrl Pts',(85.1671216082513,4.53932550088449,-52.1941979084501));
#2543=CARTESIAN_POINT('Ctrl Pts',(84.6973832802286,28.6529131227287,-43.8617114777236));
#2544=CARTESIAN_POINT('Ctrl Pts',(84.2276449522056,45.9719131058271,-25.1281335915277));
#2545=CARTESIAN_POINT('Ctrl Pts',(83.7579066241829,52.3894060288108,-0.43577672682848));
#2546=CARTESIAN_POINT('Ctrl Pts',(83.2881682961598,46.3835698842216,24.3598381957008));
#2547=CARTESIAN_POINT('Ctrl Pts',(82.8184299681372,29.3786240078389,43.3790626147974));
#2548=CARTESIAN_POINT('Ctrl Pts',(82.4723616470156,11.7180829827879,49.8123319822547));
#2549=CARTESIAN_POINT('Ctrl Pts',(82.2828727685684,1.73515227118208,50.3187226175915));
#2550=CARTESIAN_POINT('Ctrl Pts',(82.2499633327955,0.00119619597376969,
50.3170215487646));
#2551=CARTESIAN_POINT('Origin',(127.750036667204,0.,0.));
#2552=CARTESIAN_POINT('',(94.7500366672045,0.000254170324070912,50.3125262117518));
#2553=CARTESIAN_POINT('',(94.2499633327955,-0.00101507498647457,50.3141180837197));
#2554=CARTESIAN_POINT('',(127.750036667204,-3.6984422377259E-13,50.3165));
#2555=CARTESIAN_POINT('Ctrl Pts',(94.7500366672045,0.000254170324071878,
50.3125262117518));
#2556=CARTESIAN_POINT('Ctrl Pts',(94.666236169885,-4.41622554341701,50.3117263682688));
#2557=CARTESIAN_POINT('Ctrl Pts',(94.4258562298911,-17.085390837646,48.6590903947901));
#2558=CARTESIAN_POINT('Ctrl Pts',(94.0288968472231,-35.9098157603431,38.1487173994687));
#2559=CARTESIAN_POINT('Ctrl Pts',(93.5591585192001,-49.6700854634043,16.6649967664084));
#2560=CARTESIAN_POINT('Ctrl Pts',(93.0894201911774,-51.6518800207474,-8.77056426284597));
#2561=CARTESIAN_POINT('Ctrl Pts',(92.6196818631545,-41.3852481987473,-32.1263246994454));
#2562=CARTESIAN_POINT('Ctrl Pts',(92.1499435351316,-21.3047593487128,-47.8638353693073));
#2563=CARTESIAN_POINT('Ctrl Pts',(91.6802052071088,3.82781620771134,-52.251194534151));
#2564=CARTESIAN_POINT('Ctrl Pts',(91.2104668790859,28.0526856942665,-44.2480093620663));
#2565=CARTESIAN_POINT('Ctrl Pts',(90.7407285510631,45.6253044722587,-25.7521086317351));
#2566=CARTESIAN_POINT('Ctrl Pts',(90.2709902230403,52.3786039409879,-1.14950265550807));
#2567=CARTESIAN_POINT('Ctrl Pts',(89.8012518950174,46.7111459473252,23.7256896942304));
#2568=CARTESIAN_POINT('Ctrl Pts',(89.3315135669945,29.9668785128482,42.9747099970974));
#2569=CARTESIAN_POINT('Ctrl Pts',(88.9811084910569,12.1754523448094,49.7317824593881));
#2570=CARTESIAN_POINT('Ctrl Pts',(88.7872828577935,1.9637522971805,50.3182507272377));
#2571=CARTESIAN_POINT('Ctrl Pts',(88.7500366672045,0.00121819679004209,
50.3163303960695));
#2572=CARTESIAN_POINT('Ctrl Pts',(94.2499633327955,-0.0010150749864743,
50.3141180837197));
#2573=CARTESIAN_POINT('Ctrl Pts',(94.1973588354255,-2.7731421280379,50.3162129570039));
#2574=CARTESIAN_POINT('Ctrl Pts',(93.9881748953813,-13.7952785835521,49.4201028358702));
#2575=CARTESIAN_POINT('Ctrl Pts',(93.6224115126626,-32.0047094330058,41.4793696782757));
#2576=CARTESIAN_POINT('Ctrl Pts',(93.1526731846399,-47.8010941167394,21.4451611335029));
#2577=CARTESIAN_POINT('Ctrl Pts',(92.6829348566169,-52.2622053911569,-3.67442818027241));
#2578=CARTESIAN_POINT('Ctrl Pts',(92.2131965285942,-44.3301612780198,-27.922684968663));
#2579=CARTESIAN_POINT('Ctrl Pts',(91.7434582005713,-25.8859205792366,-45.5495186646021));
#2580=CARTESIAN_POINT('Ctrl Pts',(91.2737198725484,-1.30324324750804,-52.3750044564116));
#2581=CARTESIAN_POINT('Ctrl Pts',(90.8039815445257,23.5884776070851,-46.7805863475958));
#2582=CARTESIAN_POINT('Ctrl Pts',(90.3342432165027,42.8865640917312,-30.0928921034936));
#2583=CARTESIAN_POINT('Ctrl Pts',(89.8645048884798,52.0147802297619,-6.26914447488771));
#2584=CARTESIAN_POINT('Ctrl Pts',(89.394766560457,48.8085139449534,19.0412316171887));
#2585=CARTESIAN_POINT('Ctrl Pts',(88.9250282324343,34.0280805704119,39.8362807844117));
#2586=CARTESIAN_POINT('Ctrl Pts',(88.543427156547,15.4657189190774,49.0554600023908));
#2587=CARTESIAN_POINT('Ctrl Pts',(88.3184055233341,3.60747228999378,50.313857696193));
#2588=CARTESIAN_POINT('Ctrl Pts',(88.2499633327955,0.000447111241094478,
50.312703325226));
#2589=CARTESIAN_POINT('Origin',(127.750036667204,0.,0.));
#2590=CARTESIAN_POINT('',(100.750036667204,-0.00111377525079443,50.314681614547));
#2591=CARTESIAN_POINT('',(100.249963332796,-0.000813435513791205,50.3193761678743));
#2592=CARTESIAN_POINT('',(127.750036667204,-3.6984422377259E-13,50.3165));
#2593=CARTESIAN_POINT('Ctrl Pts',(100.750036667204,-0.00111377525079587,
50.314681614547));
#2594=CARTESIAN_POINT('Ctrl Pts',(100.701768924651,-2.54462271446708,50.3168275859124));
#2595=CARTESIAN_POINT('Ctrl Pts',(100.496921739423,-13.3378706888423,49.5122604915414));
#2596=CARTESIAN_POINT('Ctrl Pts',(100.13549511152,-31.4366283319118,41.9115486028104));
#2597=CARTESIAN_POINT('Ctrl Pts',(99.6657567834973,-47.5044908417089,22.0944078215203));
#2598=CARTESIAN_POINT('Ctrl Pts',(99.1960184554744,-52.3074147212066,-2.96207231455733));
#2599=CARTESIAN_POINT('Ctrl Pts',(98.7262801274516,-44.7064625337876,-27.3161438503584));
#2600=CARTESIAN_POINT('Ctrl Pts',(98.2565417994287,-26.5040798706732,-45.1926239267892));
#2601=CARTESIAN_POINT('Ctrl Pts',(97.7868034714059,-2.01667387557066,-52.3523880414398));
#2602=CARTESIAN_POINT('Ctrl Pts',(97.317065143383,22.9489544315662,-47.0976113796112));
#2603=CARTESIAN_POINT('Ctrl Pts',(96.8473268153601,42.4726011744468,-30.6743811126353));
#2604=CARTESIAN_POINT('Ctrl Pts',(96.3775884873373,51.9245423294917,-6.97720653546502));
#2605=CARTESIAN_POINT('Ctrl Pts',(95.9078501593145,49.063399551351,18.3745022145148));
#2606=CARTESIAN_POINT('Ctrl Pts',(95.4381118312916,34.5676475956894,39.3689883901826));
#2607=CARTESIAN_POINT('Ctrl Pts',(95.0521740005883,15.923102562558,48.9478404392417));
#2608=CARTESIAN_POINT('Ctrl Pts',(94.8228156125592,3.83587264548906,50.3132208587646));
#2609=CARTESIAN_POINT('Ctrl Pts',(94.7500366672045,0.000254170324071878,
50.3125262117518));
#2610=CARTESIAN_POINT('Ctrl Pts',(100.249963332796,-0.000813435513794258,
50.3193761678743));
#2611=CARTESIAN_POINT('Ctrl Pts',(100.232891590191,-0.900181116486616,50.3200754101829));
#2612=CARTESIAN_POINT('Ctrl Pts',(100.059240404913,-10.0480395976047,50.0797158234896));
#2613=CARTESIAN_POINT('Ctrl Pts',(99.7290097769597,-27.1848006087168,44.7864505253404));
#2614=CARTESIAN_POINT('Ctrl Pts',(99.2592714489369,-45.1146327393143,26.6366185465841));
#2615=CARTESIAN_POINT('Ctrl Pts',(98.7895331209141,-52.3462432850608,2.170333785507));
#2616=CARTESIAN_POINT('Ctrl Pts',(98.3197947928911,-47.1647701859185,-22.8106113049975));
#2617=CARTESIAN_POINT('Ctrl Pts',(97.8500564648685,-30.7989178330473,-42.3823807154859));
#2618=CARTESIAN_POINT('Ctrl Pts',(97.3803181368454,-7.12958925646079,-51.9038388930216));
#2619=CARTESIAN_POINT('Ctrl Pts',(96.9105798088228,18.2304086449883,-49.1171226298488));
#2620=CARTESIAN_POINT('Ctrl Pts',(96.4408414807997,39.2673534830508,-34.6830576108265));
#2621=CARTESIAN_POINT('Ctrl Pts',(95.971103152777,50.992666526578,-12.0244540544672));
#2622=CARTESIAN_POINT('Ctrl Pts',(95.501364824754,50.6258752442578,13.4855585924952));
#2623=CARTESIAN_POINT('Ctrl Pts',(95.0316264967314,38.2539583872269,35.7976843176647));
#2624=CARTESIAN_POINT('Ctrl Pts',(94.6144926660783,19.2120801992923,48.0729313640733));
#2625=CARTESIAN_POINT('Ctrl Pts',(94.3539382780998,5.47820767454806,50.3099774808049));
#2626=CARTESIAN_POINT('Ctrl Pts',(94.2499633327955,-0.0010150749864743,
50.3141180837197));
#2627=CARTESIAN_POINT('Origin',(127.750036667204,0.,0.));
#2628=CARTESIAN_POINT('',(106.750036667204,-0.000640172564441128,50.319869518835));
#2629=CARTESIAN_POINT('',(106.249963332796,0.00086462205083071,50.3191973959632));
#2630=CARTESIAN_POINT('',(127.750036667204,-3.6984422377259E-13,50.3165));
#2631=CARTESIAN_POINT('Ctrl Pts',(106.750036667204,-0.000640172564438865,
50.319869518835));
#2632=CARTESIAN_POINT('Ctrl Pts',(106.737301679416,-0.67152205240763,50.3202977817984));
#2633=CARTESIAN_POINT('Ctrl Pts',(106.567987248954,-9.59081724271831,50.1455073458772));
#2634=CARTESIAN_POINT('Ctrl Pts',(106.242093375817,-26.5720965245685,45.1526680225324));
#2635=CARTESIAN_POINT('Ctrl Pts',(105.772355047794,-44.7475584075848,27.2487776228156));
#2636=CARTESIAN_POINT('Ctrl Pts',(105.302616719771,-52.3118126692597,2.8832949320287));
#2637=CARTESIAN_POINT('Ctrl Pts',(104.832878391749,-47.4711638423295,-22.165927657903));
#2638=CARTESIAN_POINT('Ctrl Pts',(104.363140063726,-31.3734714488002,-41.9588450706221));
#2639=CARTESIAN_POINT('Ctrl Pts',(103.893401735703,-7.83606046260385,-51.8018890292781));
#2640=CARTESIAN_POINT('Ctrl Pts',(103.42366340768,17.5595502784866,-49.3609328519873));
#2641=CARTESIAN_POINT('Ctrl Pts',(102.953925079657,38.7911904326967,-35.2148129239627));
#2642=CARTESIAN_POINT('Ctrl Pts',(102.484186751634,50.8241138132696,-12.7180567269801));
#2643=CARTESIAN_POINT('Ctrl Pts',(102.014448423611,50.8049022366713,12.7945852797823));
#2644=CARTESIAN_POINT('Ctrl Pts',(101.544710095589,38.7381117858475,35.2731938484624));
#2645=CARTESIAN_POINT('Ctrl Pts',(101.12323951012,19.6690247524735,47.9370316749056));
#2646=CARTESIAN_POINT('Ctrl Pts',(100.858348367325,5.70646157221502,50.309866104339));
#2647=CARTESIAN_POINT('Ctrl Pts',(100.750036667204,-0.00111377525079587,
50.314681614547));
#2648=CARTESIAN_POINT('Ctrl Pts',(106.249963332796,0.000864622050830294,
50.3191973959632));
#2649=CARTESIAN_POINT('Ctrl Pts',(106.111844902283,-7.27551792032502,50.313275199629));
#2650=CARTESIAN_POINT('Ctrl Pts',(105.817147029095,-22.8062176938669,46.9056579501774));
#2651=CARTESIAN_POINT('Ctrl Pts',(105.365869713234,-41.8665755946902,31.4964978014128));
#2652=CARTESIAN_POINT('Ctrl Pts',(104.896131385211,-51.7786647541631,7.98807914093574));
#2653=CARTESIAN_POINT('Ctrl Pts',(104.426393057188,-49.4122627398595,-17.4145867116055));
#2654=CARTESIAN_POINT('Ctrl Pts',(103.956654729165,-35.32852406143,-38.6876584852134));
#2655=CARTESIAN_POINT('Ctrl Pts',(103.486916401143,-12.8671847355408,-50.7865641050441));
#2656=CARTESIAN_POINT('Ctrl Pts',(103.01717807312,12.6454039572474,-50.8422392583073));
#2657=CARTESIAN_POINT('Ctrl Pts',(102.547439745097,35.1593350992019,-38.8414815679857));
#2658=CARTESIAN_POINT('Ctrl Pts',(102.077701417074,49.3357860367186,-17.6300808545102));
#2659=CARTESIAN_POINT('Ctrl Pts',(101.607963089051,51.8130356469814,7.76201467347974));
#2660=CARTESIAN_POINT('Ctrl Pts',(101.138224761028,42.0036433716137,31.3134711961976));
#2661=CARTESIAN_POINT('Ctrl Pts',(100.68555817561,22.9522504067229,46.8533660001005));
#2662=CARTESIAN_POINT('Ctrl Pts',(100.389471032866,7.3486833087788,50.3136620654232));
#2663=CARTESIAN_POINT('Ctrl Pts',(100.249963332796,-0.000813435513794258,
50.3193761678743));
#2664=CARTESIAN_POINT('Origin',(80.,-5.40893098392417E-15,0.));
#2665=CARTESIAN_POINT('Ctrl Pts',(80.,-13.0207499926216,-48.6050864746428));
#2666=CARTESIAN_POINT('Ctrl Pts',(80.,-12.2090110801766,-48.7949476697747));
#2667=CARTESIAN_POINT('Ctrl Pts',(80.,-11.3931835460057,-48.9643380534993));
#2668=CARTESIAN_POINT('Ctrl Pts',(80.,-10.5739670560369,-49.1129402825504));
#2669=CARTESIAN_POINT('Ctrl Pts',(80.,-10.3013477011154,-49.1623922214699));
#2670=CARTESIAN_POINT('Ctrl Pts',(80.,-10.0283529408105,-49.2095416048285));
#2671=CARTESIAN_POINT('Ctrl Pts',(80.,-9.75500829283594,-49.2543754826058));
#2672=CARTESIAN_POINT('Ctrl Pts',(80.,-8.93439114796981,-49.3889727723185));
#2673=CARTESIAN_POINT('Ctrl Pts',(80.,-8.1106208780118,-49.5027047280284));
#2674=CARTESIAN_POINT('Ctrl Pts',(80.,-7.28448242154625,-49.5956819295317));
#2675=CARTESIAN_POINT('Ctrl Pts',(80.,-6.45521362806077,-49.6890114327268));
#2676=CARTESIAN_POINT('Ctrl Pts',(80.,-5.6235582244198,-49.7614285803573));
#2677=CARTESIAN_POINT('Ctrl Pts',(80.,-4.79030897315144,-49.8129928263453));
#2678=CARTESIAN_POINT('Ctrl Pts',(80.,-3.97906475045133,-49.8631953276882));
#2679=CARTESIAN_POINT('Ctrl Pts',(80.,-3.16630936861603,-49.8936315243006));
#2680=CARTESIAN_POINT('Ctrl Pts',(80.,-2.35277942418354,-49.9043091564409));
#2681=CARTESIAN_POINT('Ctrl Pts',(80.,-1.98979078920364,-49.9090734053072));
#2682=CARTESIAN_POINT('Ctrl Pts',(80.,-1.62664805181499,-49.9099034024505));
#2683=CARTESIAN_POINT('Ctrl Pts',(80.,-1.26341727635121,-49.9067968809279));
#2684=CARTESIAN_POINT('Ctrl Pts',(80.,-1.16627266051948,-49.9059660541911));
#2685=CARTESIAN_POINT('Ctrl Pts',(80.,-1.06911874445966,-49.9048535744055));
#2686=CARTESIAN_POINT('Ctrl Pts',(80.,-0.97198191087878,-49.9034598298529));
#2687=CARTESIAN_POINT('Ctrl Pts',(80.,-0.141385285053012,-49.8915422134354));
#2688=CARTESIAN_POINT('Ctrl Pts',(80.,0.688335898912696,-49.8590621420122));
#2689=CARTESIAN_POINT('Ctrl Pts',(80.,1.51640283995578,-49.8061341432224));
#2690=CARTESIAN_POINT('Ctrl Pts',(80.,2.34539094148005,-49.7531472661241));
#2691=CARTESIAN_POINT('Ctrl Pts',(80.,3.17272156075919,-49.6796668933797));
#2692=CARTESIAN_POINT('Ctrl Pts',(80.,3.99761006096367,-49.5857558251242));
#2693=CARTESIAN_POINT('Ctrl Pts',(80.,4.82061834202016,-49.4920588141487));
#2694=CARTESIAN_POINT('Ctrl Pts',(80.,5.64119605806079,-49.3780240666399));
#2695=CARTESIAN_POINT('Ctrl Pts',(80.,6.45855414436954,-49.2436630699747));
#2696=CARTESIAN_POINT('Ctrl Pts',(80.,7.26854305278646,-49.1105134518995));
#2697=CARTESIAN_POINT('Ctrl Pts',(79.9999999999999,8.07537052331452,-48.9574023290774));
#2698=CARTESIAN_POINT('Ctrl Pts',(79.9999999999999,8.87825285716983,-48.7842923746927));
#2699=CARTESIAN_POINT('Ctrl Pts',(79.9999999999999,9.34794023605208,-48.6830227897176));
#2700=CARTESIAN_POINT('Ctrl Pts',(80.,9.81627715690543,-48.5749081671733));
#2701=CARTESIAN_POINT('Ctrl Pts',(80.,10.2831033565191,-48.4599334651076));
#2702=CARTESIAN_POINT('Ctrl Pts',(80.,10.391476040181,-48.4332423388889));
#2703=CARTESIAN_POINT('Ctrl Pts',(80.,10.4997672951495,-48.4061814814854));
#2704=CARTESIAN_POINT('Ctrl Pts',(80.,10.607975093969,-48.3787506619606));
#2705=CARTESIAN_POINT('Ctrl Pts',(80.,10.6794106716037,-48.36064164894));
#2706=CARTESIAN_POINT('Ctrl Pts',(80.,10.7508020332615,-48.3423733739531));
#2707=CARTESIAN_POINT('Ctrl Pts',(80.,10.8221415536526,-48.3239477313307));
#2708=CARTESIAN_POINT('Ctrl Pts',(80.,11.620288781634,-48.1178014676309));
#2709=CARTESIAN_POINT('Ctrl Pts',(80.,12.412226348998,-47.8918909190292));
#2710=CARTESIAN_POINT('Ctrl Pts',(80.,13.1972089619106,-47.6463245611027));
#2711=CARTESIAN_POINT('Ctrl Pts',(80.,13.609217799738,-47.5174357066561));
#2712=CARTESIAN_POINT('Ctrl Pts',(80.,14.0193105761473,-47.3831311712458));
#2713=CARTESIAN_POINT('Ctrl Pts',(80.,14.4273785310154,-47.2434209793207));
#2714=CARTESIAN_POINT('Ctrl Pts',(80.,15.1986234445648,-46.9793699221185));
#2715=CARTESIAN_POINT('Ctrl Pts',(80.,15.9626366087004,-46.6960125217667));
#2716=CARTESIAN_POINT('Ctrl Pts',(80.,16.7188177661606,-46.3938462629076));
#2717=CARTESIAN_POINT('Ctrl Pts',(80.,17.480170982819,-46.0896132747164));
#2718=CARTESIAN_POINT('Ctrl Pts',(80.,18.2335850698675,-45.7663130514769));
#2719=CARTESIAN_POINT('Ctrl Pts',(80.,18.9784278923238,-45.4244043802944));
#2720=CARTESIAN_POINT('Ctrl Pts',(80.,19.7256804028241,-45.0813895787819));
#2721=CARTESIAN_POINT('Ctrl Pts',(80.,20.4643064800204,-44.7196454994014));
#2722=CARTESIAN_POINT('Ctrl Pts',(80.,21.1936425801141,-44.3395895936469));
#2723=CARTESIAN_POINT('Ctrl Pts',(80.,21.9211684581652,-43.9604769917792));
#2724=CARTESIAN_POINT('Ctrl Pts',(80.,22.6394507711654,-43.5631430829966));
#2725=CARTESIAN_POINT('Ctrl Pts',(80.,23.3478003556078,-43.1479605328217));
#2726=CARTESIAN_POINT('Ctrl Pts',(80.,24.0521201989947,-42.7351399211651));
#2727=CARTESIAN_POINT('Ctrl Pts',(80.,24.7466203321192,-42.3046728928404));
#2728=CARTESIAN_POINT('Ctrl Pts',(80.,25.4305879996081,-41.856888619037));
#2729=CARTESIAN_POINT('Ctrl Pts',(80.,25.8431074067634,-41.5868178072967));
#2730=CARTESIAN_POINT('Ctrl Pts',(80.,26.2517947978593,-41.3104469369683));
#2731=CARTESIAN_POINT('Ctrl Pts',(80.,26.6564867742375,-41.0278422618841));
#2732=CARTESIAN_POINT('Ctrl Pts',(80.,27.0105922535685,-40.7805631711854));
#2733=CARTESIAN_POINT('Ctrl Pts',(80.,27.3616386753079,-40.5285112496725));
#2734=CARTESIAN_POINT('Ctrl Pts',(80.,27.7095129396187,-40.2717282690857));
#2735=CARTESIAN_POINT('Ctrl Pts',(80.,27.7771462735694,-40.2218048028779));
#2736=CARTESIAN_POINT('Ctrl Pts',(80.,27.8446640049475,-40.1716992517024));
#2737=CARTESIAN_POINT('Ctrl Pts',(80.,27.9120399010146,-40.1214309516969));
#2738=CARTESIAN_POINT('Ctrl Pts',(80.,28.5665384586433,-39.6331178936369));
#2739=CARTESIAN_POINT('Ctrl Pts',(80.,29.2080496885175,-39.1291627582609));
#2740=CARTESIAN_POINT('Ctrl Pts',(80.,29.8359781095333,-38.6100387547137));
#2741=CARTESIAN_POINT('Ctrl Pts',(80.,30.4643523870682,-38.0905461505212));
#2742=CARTESIAN_POINT('Ctrl Pts',(80.,31.0791249182857,-37.5558628675157));
#2743=CARTESIAN_POINT('Ctrl Pts',(80.,31.6796704339932,-37.0064193933558));
#2744=CARTESIAN_POINT('Ctrl Pts',(80.,32.2780163183568,-36.4589883779618));
#2745=CARTESIAN_POINT('Ctrl Pts',(80.,32.8622395448432,-35.8969048173064));
#2746=CARTESIAN_POINT('Ctrl Pts',(80.,33.4316882803225,-35.3205551990456));
#2747=CARTESIAN_POINT('Ctrl Pts',(80.,33.7776423249166,-34.9704086992562));
#2748=CARTESIAN_POINT('Ctrl Pts',(80.,34.1181426420409,-34.6149960535857));
#2749=CARTESIAN_POINT('Ctrl Pts',(80.,34.4530362307239,-34.2543974604955));
#2750=CARTESIAN_POINT('Ctrl Pts',(80.,35.0059918642603,-33.6589993094629));
#2751=CARTESIAN_POINT('Ctrl Pts',(80.,35.5436644124516,-33.0494643991193));
#2752=CARTESIAN_POINT('Ctrl Pts',(80.,36.0656845162262,-32.4264859038015));
#2753=CARTESIAN_POINT('Ctrl Pts',(80.,36.5884961435926,-31.8025628046789));
#2754=CARTESIAN_POINT('Ctrl Pts',(80.,37.0956080439891,-31.165154926719));
#2755=CARTESIAN_POINT('Ctrl Pts',(80.,37.5866044261764,-30.51493177887));
#2756=CARTESIAN_POINT('Ctrl Pts',(80.,38.0749936634677,-29.8681612551598));
#2757=CARTESIAN_POINT('Ctrl Pts',(80.,38.5474382397692,-29.2087107853605));
#2758=CARTESIAN_POINT('Ctrl Pts',(80.,39.0034818892852,-28.5372188137064));
#2759=CARTESIAN_POINT('Ctrl Pts',(80.,39.3877829292648,-27.9713627529578));
#2760=CARTESIAN_POINT('Ctrl Pts',(80.,39.7604366433197,-27.3969553392087));
#2761=CARTESIAN_POINT('Ctrl Pts',(80.,40.1211424614346,-26.8143704415862));
#2762=CARTESIAN_POINT('Ctrl Pts',(80.,40.2077945370126,-26.6744165288846));
#2763=CARTESIAN_POINT('Ctrl Pts',(80.,40.2937569806104,-26.5339906660876));
#2764=CARTESIAN_POINT('Ctrl Pts',(80.,40.3790253989676,-26.393097989704));
#2765=CARTESIAN_POINT('Ctrl Pts',(80.,40.4200339110318,-26.3253378608011));
#2766=CARTESIAN_POINT('Ctrl Pts',(80.,40.4608840860361,-26.2574660492059));
#2767=CARTESIAN_POINT('Ctrl Pts',(80.,40.5015608606158,-26.1895076104889));
#2768=CARTESIAN_POINT('Ctrl Pts',(80.,40.9152935886234,-25.4982868701032));
#2769=CARTESIAN_POINT('Ctrl Pts',(80.,41.3113687475206,-24.7976518365279));
#2770=CARTESIAN_POINT('Ctrl Pts',(80.,41.6895037080091,-24.0883179024843));
#2771=CARTESIAN_POINT('Ctrl Pts',(80.,42.0692244260321,-23.3760092854628));
#2772=CARTESIAN_POINT('Ctrl Pts',(80.,42.4308543804912,-22.6549282680907));
#2773=CARTESIAN_POINT('Ctrl Pts',(80.,42.7740641389634,-21.925769452328));
#2774=CARTESIAN_POINT('Ctrl Pts',(80.,43.1172046243685,-21.1967578091511));
#2775=CARTESIAN_POINT('Ctrl Pts',(80.,43.4419325399378,-20.4596712244699));
#2776=CARTESIAN_POINT('Ctrl Pts',(80.,43.7478724924344,-19.7151800960562));
#2777=CARTESIAN_POINT('Ctrl Pts',(80.,44.0527437637018,-18.9732895553972));
#2778=CARTESIAN_POINT('Ctrl Pts',(80.,44.3389582643975,-18.2240457076549));
#2779=CARTESIAN_POINT('Ctrl Pts',(80.,44.6060960547447,-17.4680943773719));
#2780=CARTESIAN_POINT('Ctrl Pts',(80.,44.8706599484607,-16.719426706132));
#2781=CARTESIAN_POINT('Ctrl Pts',(80.,45.1165130816953,-15.9641797916635));
#2782=CARTESIAN_POINT('Ctrl Pts',(80.,45.3431979559398,-15.2029696363781));
#2783=CARTESIAN_POINT('Ctrl Pts',(80.,45.4929440048273,-14.7001208534278));
#2784=CARTESIAN_POINT('Ctrl Pts',(80.,45.6343243771109,-14.19466960557));
#2785=CARTESIAN_POINT('Ctrl Pts',(80.,45.7671947699734,-13.6867919575599));
#2786=CARTESIAN_POINT('Ctrl Pts',(80.,45.9710965277411,-12.9074073036189));
#2787=CARTESIAN_POINT('Ctrl Pts',(80.,46.1549598764357,-12.1223082582944));
#2788=CARTESIAN_POINT('Ctrl Pts',(80.,46.3187111848255,-11.3322669842774));
#2789=CARTESIAN_POINT('Ctrl Pts',(80.,46.4070975353478,-10.9058345749182));
#2790=CARTESIAN_POINT('Ctrl Pts',(80.,46.4896235391878,-10.4779623203825));
#2791=CARTESIAN_POINT('Ctrl Pts',(80.,46.5662713183582,-10.0487722529317));
#2792=CARTESIAN_POINT('Ctrl Pts',(80.,46.6050837804393,-9.83144145223803));
#2793=CARTESIAN_POINT('Ctrl Pts',(80.,46.6423889080283,-9.61377275465179));
#2794=CARTESIAN_POINT('Ctrl Pts',(80.,46.6781839477091,-9.39578208035102));
#2795=CARTESIAN_POINT('Ctrl Pts',(80.,46.7012367988481,-9.25539093651815));
#2796=CARTESIAN_POINT('Ctrl Pts',(80.,46.723663310344,-9.11486624866643));
#2797=CARTESIAN_POINT('Ctrl Pts',(80.,46.7454626828869,-8.97421228320141));
#2798=CARTESIAN_POINT('Ctrl Pts',(80.,46.7567145704634,-8.90161282633706));
#2799=CARTESIAN_POINT('Ctrl Pts',(80.,46.7677997818416,-8.82897606470603));
#2800=CARTESIAN_POINT('Ctrl Pts',(80.,46.7787146339752,-8.75632682826361));
#2801=CARTESIAN_POINT('Ctrl Pts',(80.,46.8967218105215,-7.97087127046992));
#2802=CARTESIAN_POINT('Ctrl Pts',(80.,46.9949111278784,-7.18338034605003));
#2803=CARTESIAN_POINT('Ctrl Pts',(80.,47.073400754608,-6.39461323268478));
#2804=CARTESIAN_POINT('Ctrl Pts',(80.,47.1523696539587,-5.60102975698472));
#2805=CARTESIAN_POINT('Ctrl Pts',(80.,47.2113975726944,-4.80615402459278));
#2806=CARTESIAN_POINT('Ctrl Pts',(80.,47.2505528711374,-4.01074802530981));
#2807=CARTESIAN_POINT('Ctrl Pts',(80.,47.2898192711091,-3.21308509462682));
#2808=CARTESIAN_POINT('Ctrl Pts',(80.,47.3091001169967,-2.41488843686501));
#2809=CARTESIAN_POINT('Ctrl Pts',(80.,47.3084120738477,-1.61692198907155));
#2810=CARTESIAN_POINT('Ctrl Pts',(80.,47.3077244470042,-0.819438356645752));
#2811=CARTESIAN_POINT('Ctrl Pts',(80.,47.2870920655633,-0.0221842099802928));
#2812=CARTESIAN_POINT('Ctrl Pts',(80.,47.2464796268845,0.774075744916475));
#2813=CARTESIAN_POINT('Ctrl Pts',(80.,47.2061607603606,1.56457983391714));
#2814=CARTESIAN_POINT('Ctrl Pts',(80.,47.146149576072,2.35410447459626));
#2815=CARTESIAN_POINT('Ctrl Pts',(80.,47.0663611302522,3.14189283764064));
#2816=CARTESIAN_POINT('Ctrl Pts',(80.,46.987126736861,3.92421078386898));
#2817=CARTESIAN_POINT('Ctrl Pts',(80.,46.8883887317728,4.70481688280387));
#2818=CARTESIAN_POINT('Ctrl Pts',(80.,46.770015059026,5.48295534995029));
#2819=CARTESIAN_POINT('Ctrl Pts',(80.,46.6533034140423,6.25016834941553));
#2820=CARTESIAN_POINT('Ctrl Pts',(80.,46.5175035084045,7.01498287243869));
#2821=CARTESIAN_POINT('Ctrl Pts',(80.,46.3624424866366,7.77665476748116));
#2822=CARTESIAN_POINT('Ctrl Pts',(80.,46.2527179234072,8.31563042399912));
#2823=CARTESIAN_POINT('Ctrl Pts',(80.,46.1333478107027,8.85303207823794));
#2824=CARTESIAN_POINT('Ctrl Pts',(80.,46.00425699931,9.38858850900567));
#2825=CARTESIAN_POINT('Ctrl Pts',(80.,-14.8728963436517,44.5370277102737));
#2826=CARTESIAN_POINT('Ctrl Pts',(80.,-15.6388766787067,44.3116207550497));
#2827=CARTESIAN_POINT('Ctrl Pts',(80.,-16.3984379437718,44.0667265896826));
#2828=CARTESIAN_POINT('Ctrl Pts',(80.,-17.1508079543767,43.8024857641117));
#2829=CARTESIAN_POINT('Ctrl Pts',(80.,-17.3776939856088,43.7228008333485));
#2830=CARTESIAN_POINT('Ctrl Pts',(80.,-17.6039260226687,43.6413561686648));
#2831=CARTESIAN_POINT('Ctrl Pts',(80.,-17.8294827947425,43.5581546989791));
#2832=CARTESIAN_POINT('Ctrl Pts',(80.,-18.5687060838304,43.2854762796502));
#2833=CARTESIAN_POINT('Ctrl Pts',(80.,-19.300677369071,42.9939321280855));
#2834=CARTESIAN_POINT('Ctrl Pts',(80.,-20.024825880116,42.6840450147402));
#2835=CARTESIAN_POINT('Ctrl Pts',(80.,-20.7542356695895,42.371906426235));
#2836=CARTESIAN_POINT('Ctrl Pts',(80.,-21.4757089811334,42.041157198349));
#2837=CARTESIAN_POINT('Ctrl Pts',(80.,-22.1886470579279,41.6922811366587));
#2838=CARTESIAN_POINT('Ctrl Pts',(80.,-22.8852145162604,41.3514160328374));
#2839=CARTESIAN_POINT('Ctrl Pts',(80.,-23.5736344808954,40.993246619929));
#2840=CARTESIAN_POINT('Ctrl Pts',(80.,-24.2533291483969,40.6181806157445));
#2841=CARTESIAN_POINT('Ctrl Pts',(80.,-24.4336523480588,40.5186754920578));
#2842=CARTESIAN_POINT('Ctrl Pts',(80.,-24.6133613045441,40.4179808893834));
#2843=CARTESIAN_POINT('Ctrl Pts',(80.,-24.792444956357,40.3161039411291));
#2844=CARTESIAN_POINT('Ctrl Pts',(80.,-24.8857491023567,40.2630251617002));
#2845=CARTESIAN_POINT('Ctrl Pts',(80.,-24.9788835073314,40.2096254312111));
#2846=CARTESIAN_POINT('Ctrl Pts',(80.,-25.0718465934026,40.1559057376007));
#2847=CARTESIAN_POINT('Ctrl Pts',(80.,-25.1592335510986,40.1054082682139));
#2848=CARTESIAN_POINT('Ctrl Pts',(80.,-25.2464730168373,40.0546257490197));
#2849=CARTESIAN_POINT('Ctrl Pts',(80.,-25.3335386798946,40.0035737574418));
#2850=CARTESIAN_POINT('Ctrl Pts',(80.,-26.0228105208502,39.5994109797896));
#2851=CARTESIAN_POINT('Ctrl Pts',(80.,-26.7014696749799,39.1782043344174));
#2852=CARTESIAN_POINT('Ctrl Pts',(80.,-27.3689341201806,38.7404915717165));
#2853=CARTESIAN_POINT('Ctrl Pts',(80.,-28.0396321877893,38.3006582499238));
#2854=CARTESIAN_POINT('Ctrl Pts',(80.,-28.6990272025886,37.8441582866477));
#2855=CARTESIAN_POINT('Ctrl Pts',(80.,-29.3465093172342,37.3714882516651));
#2856=CARTESIAN_POINT('Ctrl Pts',(80.,-29.9949700357391,36.898103823636));
#2857=CARTESIAN_POINT('Ctrl Pts',(80.,-30.6314822025046,36.4085001767673));
#2858=CARTESIAN_POINT('Ctrl Pts',(80.,-31.2554080620224,35.9031303914823));
#2859=CARTESIAN_POINT('Ctrl Pts',(80.,-31.8767650609276,35.3998413414583));
#2860=CARTESIAN_POINT('Ctrl Pts',(80.,-32.4856395399144,34.8809154466716));
#2861=CARTESIAN_POINT('Ctrl Pts',(80.,-33.0813711426536,34.346758659912));
#2862=CARTESIAN_POINT('Ctrl Pts',(80.,-33.4191582398709,34.0438852356572));
#2863=CARTESIAN_POINT('Ctrl Pts',(80.,-33.7527192814822,33.7361143019125));
#2864=CARTESIAN_POINT('Ctrl Pts',(80.,-34.0819288386565,33.4235143769293));
#2865=CARTESIAN_POINT('Ctrl Pts',(80.,-34.1397216833287,33.3686373585822));
#2866=CARTESIAN_POINT('Ctrl Pts',(80.,-34.1973804145393,33.3136115113214));
#2867=CARTESIAN_POINT('Ctrl Pts',(80.,-34.2549043410343,33.2584371938534));
#2868=CARTESIAN_POINT('Ctrl Pts',(80.,-34.3015437868646,33.2137027720647));
#2869=CARTESIAN_POINT('Ctrl Pts',(80.,-34.3480879342712,33.1688771565364));
#2870=CARTESIAN_POINT('Ctrl Pts',(80.,-34.3945354578023,33.1239616262187));
#2871=CARTESIAN_POINT('Ctrl Pts',(80.,-34.9762029660245,32.5614794395655));
#2872=CARTESIAN_POINT('Ctrl Pts',(80.,-35.5427724032104,31.9848487258492));
#2873=CARTESIAN_POINT('Ctrl Pts',(80.,-36.0936637049757,31.3946040935416));
#2874=CARTESIAN_POINT('Ctrl Pts',(80.,-36.3717156475845,31.0966893032705));
#2875=CARTESIAN_POINT('Ctrl Pts',(80.,-36.6457731879193,30.7953055644446));
#2876=CARTESIAN_POINT('Ctrl Pts',(80.,-36.9157593924437,30.4905171640713));
#2877=CARTESIAN_POINT('Ctrl Pts',(80.,-37.4416280839611,29.8968621009308));
#2878=CARTESIAN_POINT('Ctrl Pts',(80.,-37.9520531310619,29.2902931231042));
#2879=CARTESIAN_POINT('Ctrl Pts',(80.,-38.4468152156676,28.6715577669458));
#2880=CARTESIAN_POINT('Ctrl Pts',(80.,-38.9463009114729,28.0469151973026));
#2881=CARTESIAN_POINT('Ctrl Pts',(80.,-39.4298233947394,27.4098725284996));
#2882=CARTESIAN_POINT('Ctrl Pts',(80.,-39.8971225297124,26.7611586501182));
#2883=CARTESIAN_POINT('Ctrl Pts',(80.,-40.3685119361486,26.1067665761957));
#2884=CARTESIAN_POINT('Ctrl Pts',(80.,-40.8233930139589,25.4404977557837));
#2885=CARTESIAN_POINT('Ctrl Pts',(80.,-41.2614598680637,24.7630643756452));
#2886=CARTESIAN_POINT('Ctrl Pts',(80.,-41.7000529348796,24.0848172520056));
#2887=CARTESIAN_POINT('Ctrl Pts',(80.,-42.1217915885244,23.3953783528385));
#2888=CARTESIAN_POINT('Ctrl Pts',(80.,-42.5263263550599,22.6954318659684));
#2889=CARTESIAN_POINT('Ctrl Pts',(80.,-42.9299625051123,21.9970402107281));
#2890=CARTESIAN_POINT('Ctrl Pts',(80.,-43.3164713243816,21.2881872072858));
#2891=CARTESIAN_POINT('Ctrl Pts',(80.,-43.6854601500037,20.5695278606315));
#2892=CARTESIAN_POINT('Ctrl Pts',(80.,-43.9086051708959,20.1349205126905));
#2893=CARTESIAN_POINT('Ctrl Pts',(80.,-44.1253418971431,19.6967263446584));
#2894=CARTESIAN_POINT('Ctrl Pts',(80.,-44.3355748807554,19.2550867509447));
#2895=CARTESIAN_POINT('Ctrl Pts',(80.,-44.5195287414162,18.8686521064453));
#2896=CARTESIAN_POINT('Ctrl Pts',(80.,-44.6985030843336,18.4795795072208));
#2897=CARTESIAN_POINT('Ctrl Pts',(80.,-44.8724296875495,18.0879623713503));
#2898=CARTESIAN_POINT('Ctrl Pts',(80.,-44.8987884433525,18.0286123911759));
#2899=CARTESIAN_POINT('Ctrl Pts',(80.,-44.925031797341,17.9692026890332));
#2900=CARTESIAN_POINT('Ctrl Pts',(80.,-44.9511522064287,17.9097503376292));
#2901=CARTESIAN_POINT('Ctrl Pts',(80.,-45.2790794671068,17.1633590130762));
#2902=CARTESIAN_POINT('Ctrl Pts',(80.,-45.5878965433591,16.4096561311251));
#2903=CARTESIAN_POINT('Ctrl Pts',(80.,-45.8773652165215,15.6494019271276));
#2904=CARTESIAN_POINT('Ctrl Pts',(80.,-46.1679610936312,14.8861872592902));
#2905=CARTESIAN_POINT('Ctrl Pts',(80.,-46.4390578201687,14.1163697725774));
#2906=CARTESIAN_POINT('Ctrl Pts',(80.,-46.6903733990353,13.340685485961));
#2907=CARTESIAN_POINT('Ctrl Pts',(80.,-46.9419704794026,12.5641323463604));
#2908=CARTESIAN_POINT('Ctrl Pts',(80.,-47.1737422934478,11.7816988648996));
#2909=CARTESIAN_POINT('Ctrl Pts',(80.,-47.3853615188813,10.9940961826531));
#2910=CARTESIAN_POINT('Ctrl Pts',(80.,-47.5097059391375,10.5313121481895));
#2911=CARTESIAN_POINT('Ctrl Pts',(80.,-47.6270916870883,10.0667429257489));
#2912=CARTESIAN_POINT('Ctrl Pts',(80.,-47.7374447560517,9.60052921443701));
#2913=CARTESIAN_POINT('Ctrl Pts',(80.,-47.9239104188551,8.81275910976894));
#2914=CARTESIAN_POINT('Ctrl Pts',(80.,-48.0902995294424,8.02029447090862));
#2915=CARTESIAN_POINT('Ctrl Pts',(80.,-48.2367001490039,7.22390299609158));
#2916=CARTESIAN_POINT('Ctrl Pts',(80.,-48.3838649332441,6.42335461102797));
#2917=CARTESIAN_POINT('Ctrl Pts',(80.,-48.5108320728445,5.61883786690878));
#2918=CARTESIAN_POINT('Ctrl Pts',(80.,-48.6176397781893,4.81112084802646));
#2919=CARTESIAN_POINT('Ctrl Pts',(80.,-48.724535333046,4.00273948057807));
#2920=CARTESIAN_POINT('Ctrl Pts',(80.,-48.8112383038891,3.19115213256102));
#2921=CARTESIAN_POINT('Ctrl Pts',(80.,-48.8777352297011,2.37712359037144));
#2922=CARTESIAN_POINT('Ctrl Pts',(80.,-48.9349244482855,1.67703624551052));
#2923=CARTESIAN_POINT('Ctrl Pts',(80.,-48.9771674809592,0.97514302980421));
#2924=CARTESIAN_POINT('Ctrl Pts',(80.,-49.004424943786,0.271931123974349));
#2925=CARTESIAN_POINT('Ctrl Pts',(80.,-49.0108125767288,0.107137373215074));
#2926=CARTESIAN_POINT('Ctrl Pts',(80.,-49.0163771191322,-0.0577287852394709));
#2927=CARTESIAN_POINT('Ctrl Pts',(80.,-49.0211178365723,-0.222661056040257));
#2928=CARTESIAN_POINT('Ctrl Pts',(80.,-49.0236629817244,-0.311208111367985));
#2929=CARTESIAN_POINT('Ctrl Pts',(80.,-49.0259707949103,-0.399780561207109));
#2930=CARTESIAN_POINT('Ctrl Pts',(80.,-49.0280404186543,-0.488342347926975));
#2931=CARTESIAN_POINT('Ctrl Pts',(80.,-49.0471340175105,-1.30538130705112));
#2932=CARTESIAN_POINT('Ctrl Pts',(80.,-49.0459747149888,-2.12196259132432));
#2933=CARTESIAN_POINT('Ctrl Pts',(80.,-49.024733518789,-2.93730235165371));
#2934=CARTESIAN_POINT('Ctrl Pts',(80.,-49.0033335700056,-3.75873580332816));
#2935=CARTESIAN_POINT('Ctrl Pts',(80.,-48.961550486963,-4.57890952044139));
#2936=CARTESIAN_POINT('Ctrl Pts',(80.,-48.8995083714671,-5.39703689013675));
#2937=CARTESIAN_POINT('Ctrl Pts',(80.,-48.8371238635425,-6.21967926733718));
#2938=CARTESIAN_POINT('Ctrl Pts',(80.,-48.7542561455991,-7.04025308686283));
#2939=CARTESIAN_POINT('Ctrl Pts',(80.,-48.6509794814294,-7.85796722574577));
#2940=CARTESIAN_POINT('Ctrl Pts',(80.,-48.5477385877459,-8.67539814447893));
#2941=CARTESIAN_POINT('Ctrl Pts',(80.,-48.4241028843073,-9.48997181245069));
#2942=CARTESIAN_POINT('Ctrl Pts',(80.,-48.280094545563,-10.3008998005779));
#2943=CARTESIAN_POINT('Ctrl Pts',(80.,-48.136885890114,-11.1073246774867));
#2944=CARTESIAN_POINT('Ctrl Pts',(80.,-47.9735301928089,-11.9101446887694));
#2945=CARTESIAN_POINT('Ctrl Pts',(80.,-47.7899981590472,-12.708579698559));
#2946=CARTESIAN_POINT('Ctrl Pts',(80.,-47.6660149892964,-13.2479542225849));
#2947=CARTESIAN_POINT('Ctrl Pts',(80.,-47.532823217702,-13.7853275311134));
#2948=CARTESIAN_POINT('Ctrl Pts',(80.,-47.3904006118026,-14.3204563516894));
#2949=CARTESIAN_POINT('Ctrl Pts',(80.,-47.1787896967004,-15.1155485261699));
#2950=CARTESIAN_POINT('Ctrl Pts',(80.,-46.9468030209404,-15.9056867401147));
#2951=CARTESIAN_POINT('Ctrl Pts',(80.,-46.6948074320769,-16.6902158760543));
#2952=CARTESIAN_POINT('Ctrl Pts',(80.,-46.5540248238449,-17.1285094925805));
#2953=CARTESIAN_POINT('Ctrl Pts',(80.,-46.4069962869526,-17.5650521317794));
#2954=CARTESIAN_POINT('Ctrl Pts',(80.,-46.253779291001,-17.9997267672221));
#2955=CARTESIAN_POINT('Ctrl Pts',(80.,-46.176591692244,-18.2187069863679));
#2956=CARTESIAN_POINT('Ctrl Pts',(80.,-46.0978334283476,-18.4372130827516));
#2957=CARTESIAN_POINT('Ctrl Pts',(80.,-46.0175114151725,-18.6552298676128));
#2958=CARTESIAN_POINT('Ctrl Pts',(80.,-45.9668965872836,-18.7926129037998));
#2959=CARTESIAN_POINT('Ctrl Pts',(80.,-45.9156608081696,-18.929801637313));
#2960=CARTESIAN_POINT('Ctrl Pts',(80.,-45.8638057504905,-19.0667922341));
#2961=CARTESIAN_POINT('Ctrl Pts',(80.,-45.8353106281083,-19.142070596431));
#2962=CARTESIAN_POINT('Ctrl Pts',(80.,-45.8066269030909,-19.217293224503));
#2963=CARTESIAN_POINT('Ctrl Pts',(80.,-45.7777651795906,-19.2924327886692));
#2964=CARTESIAN_POINT('Ctrl Pts',(80.,-45.4834955664296,-20.058544018306));
#2965=CARTESIAN_POINT('Ctrl Pts',(80.,-45.1705404812924,-20.8165183016298));
#2966=CARTESIAN_POINT('Ctrl Pts',(80.,-44.8394421302274,-21.5657627875985));
#2967=CARTESIAN_POINT('Ctrl Pts',(80.,-44.5054458821778,-22.3215649423979));
#2968=CARTESIAN_POINT('Ctrl Pts',(80.,-44.1529872580607,-23.0684841931543));
#2969=CARTESIAN_POINT('Ctrl Pts',(80.,-43.7825694882217,-23.8059057865922));
#2970=CARTESIAN_POINT('Ctrl Pts',(80.,-43.4098630391467,-24.5478836449463));
#2971=CARTESIAN_POINT('Ctrl Pts',(80.,-43.0189746793699,-25.2802465092876));
#2972=CARTESIAN_POINT('Ctrl Pts',(80.,-42.610365412864,-26.0023561218485));
#2973=CARTESIAN_POINT('Ctrl Pts',(80.,-42.2004726500409,-26.7267339772133));
#2974=CARTESIAN_POINT('Ctrl Pts',(80.,-41.7727472985165,-27.4407944635141));
#2975=CARTESIAN_POINT('Ctrl Pts',(80.,-41.3276054899614,-28.1438752766715));
#2976=CARTESIAN_POINT('Ctrl Pts',(80.,-40.8832190603938,-28.8457630037996));
#2977=CARTESIAN_POINT('Ctrl Pts',(80.,-40.4214750188628,-29.5367086740722));
#2978=CARTESIAN_POINT('Ctrl Pts',(80.,-39.9427414084173,-30.2160295857193));
#2979=CARTESIAN_POINT('Ctrl Pts',(80.,-39.4660651704653,-30.892431094744));
#2980=CARTESIAN_POINT('Ctrl Pts',(80.,-38.9725448512649,-31.5573079139935));
#2981=CARTESIAN_POINT('Ctrl Pts',(80.,-38.4625014594902,-32.2099569251462));
#2982=CARTESIAN_POINT('Ctrl Pts',(80.,-37.9582096154421,-32.8552462841657));
#2983=CARTESIAN_POINT('Ctrl Pts',(80.,-37.4377649899251,-33.4885823699413));
#2984=CARTESIAN_POINT('Ctrl Pts',(80.,-36.9014400411119,-34.1092519923022));
#2985=CARTESIAN_POINT('Ctrl Pts',(80.,-36.471302067576,-34.6070352376807));
#2986=CARTESIAN_POINT('Ctrl Pts',(80.,-36.0309487971385,-35.0966705977661));
#2987=CARTESIAN_POINT('Ctrl Pts',(80.,-35.5805044902218,-35.5777721684664));
#2988=CARTESIAN_POINT('Ctrl Pts',(111.942206305554,-15.9368597328389,47.725953883666));
#2989=CARTESIAN_POINT('Ctrl Pts',(111.78562686288,-23.7624657272526,45.1127932256008));
#2990=CARTESIAN_POINT('Ctrl Pts',(111.472467977531,-38.0965226543158,35.9668007287784));
#2991=CARTESIAN_POINT('Ctrl Pts',(111.002729649508,-50.5669452269565,13.705204930122));
#2992=CARTESIAN_POINT('Ctrl Pts',(110.532991321485,-51.0444576962683,-11.8011993644162));
#2993=CARTESIAN_POINT('Ctrl Pts',(110.063252993463,-39.4184553020039,-34.5116340288571));
#2994=CARTESIAN_POINT('Ctrl Pts',(109.59351466544,-18.444556490684,-49.0369442164043));
#2995=CARTESIAN_POINT('Ctrl Pts',(109.123776337417,6.90296168055146,-51.934533231457));
#2996=CARTESIAN_POINT('Ctrl Pts',(108.654038009394,30.6136588519306,-42.5163634830497));
#2997=CARTESIAN_POINT('Ctrl Pts',(108.184299681371,47.0647577247845,-23.0162626356798));
#2998=CARTESIAN_POINT('Ctrl Pts',(107.714561353348,52.3552202349166,1.9418564717189));
#2999=CARTESIAN_POINT('Ctrl Pts',(107.244823025325,45.2304571684099,26.4394574170943));
#3000=CARTESIAN_POINT('Ctrl Pts',(106.775084697302,27.3800131464636,44.6673779329941));
#3001=CARTESIAN_POINT('Ctrl Pts',(106.30534636928,3.03682880768243,52.3031269610356));
#3002=CARTESIAN_POINT('Ctrl Pts',(105.835608041257,-22.0264898266781,47.5360213274279));
#3003=CARTESIAN_POINT('Ctrl Pts',(105.365869713234,-41.8665755946902,31.4964978014128));
#3004=CARTESIAN_POINT('Ctrl Pts',(104.896131385211,-51.7786647541631,7.98807914093574));
#3005=CARTESIAN_POINT('Ctrl Pts',(104.426393057188,-49.4122627398595,-17.4145867116055));
#3006=CARTESIAN_POINT('Ctrl Pts',(103.956654729165,-35.32852406143,-38.6876584852134));
#3007=CARTESIAN_POINT('Ctrl Pts',(103.486916401143,-12.8671847355408,-50.7865641050441));
#3008=CARTESIAN_POINT('Ctrl Pts',(103.01717807312,12.6454039572474,-50.8422392583073));
#3009=CARTESIAN_POINT('Ctrl Pts',(102.547439745097,35.1593350992019,-38.8414815679857));
#3010=CARTESIAN_POINT('Ctrl Pts',(102.077701417074,49.3357860367186,-17.6300808545102));
#3011=CARTESIAN_POINT('Ctrl Pts',(101.607963089051,51.8130356469814,7.76201467347974));
#3012=CARTESIAN_POINT('Ctrl Pts',(101.138224761028,42.0036433716137,31.3134711961976));
#3013=CARTESIAN_POINT('Ctrl Pts',(100.668486433005,22.2337514332467,47.4394333015891));
#3014=CARTESIAN_POINT('Ctrl Pts',(100.198748104983,-2.80852299028939,52.3158841407129));
#3015=CARTESIAN_POINT('Ctrl Pts',(99.7290097769597,-27.1848006087168,44.7864505253404));
#3016=CARTESIAN_POINT('Ctrl Pts',(99.2592714489369,-45.1146327393143,26.6366185465841));
#3017=CARTESIAN_POINT('Ctrl Pts',(98.7895331209141,-52.3462432850608,2.170333785507));
#3018=CARTESIAN_POINT('Ctrl Pts',(98.3197947928911,-47.1647701859185,-22.8106113049975));
#3019=CARTESIAN_POINT('Ctrl Pts',(97.8500564648685,-30.7989178330473,-42.3823807154859));
#3020=CARTESIAN_POINT('Ctrl Pts',(97.3803181368454,-7.12958925646079,-51.9038388930216));
#3021=CARTESIAN_POINT('Ctrl Pts',(96.9105798088228,18.2304086449883,-49.1171226298488));
#3022=CARTESIAN_POINT('Ctrl Pts',(96.4408414807997,39.2673534830508,-34.6830576108265));
#3023=CARTESIAN_POINT('Ctrl Pts',(95.971103152777,50.992666526578,-12.0244540544672));
#3024=CARTESIAN_POINT('Ctrl Pts',(95.501364824754,50.6258752442578,13.4855585924952));
#3025=CARTESIAN_POINT('Ctrl Pts',(95.0316264967314,38.2539583872269,35.7976843176647));
#3026=CARTESIAN_POINT('Ctrl Pts',(94.5618881687083,16.8107203539655,49.6209554117951));
#3027=CARTESIAN_POINT('Ctrl Pts',(94.0921498406856,-8.61891411939569,51.6774017748731));
#3028=CARTESIAN_POINT('Ctrl Pts',(93.6224115126626,-32.0047094330058,41.4793696782757));
#3029=CARTESIAN_POINT('Ctrl Pts',(93.1526731846399,-47.8010941167394,21.4451611335029));
#3030=CARTESIAN_POINT('Ctrl Pts',(92.6829348566169,-52.2622053911569,-3.67442818027241));
#3031=CARTESIAN_POINT('Ctrl Pts',(92.2131965285942,-44.3301612780198,-27.922684968663));
#3032=CARTESIAN_POINT('Ctrl Pts',(91.7434582005713,-25.8859205792366,-45.5495186646021));
#3033=CARTESIAN_POINT('Ctrl Pts',(91.2737198725484,-1.30324324750804,-52.3750044564116));
#3034=CARTESIAN_POINT('Ctrl Pts',(90.8039815445257,23.5884776070851,-46.7805863475958));
#3035=CARTESIAN_POINT('Ctrl Pts',(90.3342432165027,42.8865640917312,-30.0928921034936));
#3036=CARTESIAN_POINT('Ctrl Pts',(89.8645048884798,52.0147802297619,-6.26914447488771));
#3037=CARTESIAN_POINT('Ctrl Pts',(89.394766560457,48.8085139449534,19.0412316171887));
#3038=CARTESIAN_POINT('Ctrl Pts',(88.9250282324343,34.0280805704119,39.8362807844117));
#3039=CARTESIAN_POINT('Ctrl Pts',(88.4552899044113,11.178426108663,51.1847860828533));
#3040=CARTESIAN_POINT('Ctrl Pts',(87.9855515763885,-14.3220153071255,50.3956288676905));
#3041=CARTESIAN_POINT('Ctrl Pts',(87.5158132483656,-36.4262173025638,37.6559455124331));
#3042=CARTESIAN_POINT('Ctrl Pts',(87.0460749203428,-49.8925180486788,15.9867499776573));
#3043=CARTESIAN_POINT('Ctrl Pts',(86.5763365923199,-51.5275972038589,-9.47344985615988));
#3044=CARTESIAN_POINT('Ctrl Pts',(86.1065982642971,-40.9437218363368,-32.6871721003073));
#3045=CARTESIAN_POINT('Ctrl Pts',(85.6368599362743,-20.6506901277571,-48.1496460667857));
#3046=CARTESIAN_POINT('Ctrl Pts',(85.1671216082513,4.53932550088449,-52.1941979084501));
#3047=CARTESIAN_POINT('Ctrl Pts',(84.6973832802286,28.6529131227287,-43.8617114777236));
#3048=CARTESIAN_POINT('Ctrl Pts',(84.2276449522056,45.9719131058271,-25.1281335915277));
#3049=CARTESIAN_POINT('Ctrl Pts',(83.7579066241829,52.3894060288108,-0.43577672682848));
#3050=CARTESIAN_POINT('Ctrl Pts',(83.2881682961598,46.3835698842216,24.3598381957008));
#3051=CARTESIAN_POINT('Ctrl Pts',(82.8184299681372,29.3786240078389,43.3790626147974));
#3052=CARTESIAN_POINT('Ctrl Pts',(82.3486916401142,5.4069614580779,52.1113071224628));
#3053=CARTESIAN_POINT('Ctrl Pts',(81.8789533120915,-19.8467946977651,48.4868254473584));
#3054=CARTESIAN_POINT('Ctrl Pts',(81.4092149840685,-40.3943621861879,33.3631603946014));
#3055=CARTESIAN_POINT('Ctrl Pts',(80.9394766560458,-51.3627086572015,10.330573612249));
#3056=CARTESIAN_POINT('Ctrl Pts',(80.4697383280228,-50.1519347802801,-15.1571511442284));
#3057=CARTESIAN_POINT('Ctrl Pts',(80.1565794426743,-41.4141778795078,-29.7436507614507));
#3058=CARTESIAN_POINT('Ctrl Pts',(80.,-35.5805044902218,-35.5777721684664));
#3059=CARTESIAN_POINT('Ctrl Pts',(111.294804203703,-15.5816972702851,46.6623524218218));
#3060=CARTESIAN_POINT('Ctrl Pts',(111.138224761028,-23.2329049489361,44.1074276138503));
#3061=CARTESIAN_POINT('Ctrl Pts',(110.82506587568,-37.2475188337724,35.1652590366786));
#3062=CARTESIAN_POINT('Ctrl Pts',(110.355327547657,-49.4400305717673,13.3997762312198));
#3063=CARTESIAN_POINT('Ctrl Pts',(109.885589219634,-49.9069013897535,-11.5382025697141));
#3064=CARTESIAN_POINT('Ctrl Pts',(109.415850891611,-38.539991420799,-33.7425215980569));
#3065=CARTESIAN_POINT('Ctrl Pts',(108.946112563588,-18.0335085042073,-47.9441265499398));
#3066=CARTESIAN_POINT('Ctrl Pts',(108.476374235566,6.74912504582675,-50.7771410586401));
#3067=CARTESIAN_POINT('Ctrl Pts',(108.006635907543,29.9314151321575,-41.568860862922));
#3068=CARTESIAN_POINT('Ctrl Pts',(107.53689757952,46.0158914152824,-22.5033314401049));
#3069=CARTESIAN_POINT('Ctrl Pts',(107.067159251497,51.1884528003094,1.8985810374123));
#3070=CARTESIAN_POINT('Ctrl Pts',(106.597420923474,44.2224693452336,25.8502382759173));
#3071=CARTESIAN_POINT('Ctrl Pts',(106.127682595451,26.7698331576283,43.6719386677657));
#3072=CARTESIAN_POINT('Ctrl Pts',(105.657944267428,2.96915125917085,51.1375204562315));
#3073=CARTESIAN_POINT('Ctrl Pts',(105.188205939406,-21.5356163108535,46.476652626336));
#3074=CARTESIAN_POINT('Ctrl Pts',(104.718467611383,-40.9335538867645,30.7945794869834));
#3075=CARTESIAN_POINT('Ctrl Pts',(104.24872928336,-50.6247462037007,7.81006001380973));
#3076=CARTESIAN_POINT('Ctrl Pts',(103.778990955337,-48.3110808753494,-17.0264922184283));
#3077=CARTESIAN_POINT('Ctrl Pts',(103.309252627314,-34.5412067470788,-37.8254808486908));
#3078=CARTESIAN_POINT('Ctrl Pts',(102.839514299291,-12.5804318185033,-49.6547551116432));
#3079=CARTESIAN_POINT('Ctrl Pts',(102.369775971268,12.3635935576622,-49.7091895107762));
#3080=CARTESIAN_POINT('Ctrl Pts',(101.900037643245,34.3757882621887,-37.9758758919503));
#3081=CARTESIAN_POINT('Ctrl Pts',(101.430299315223,48.2363085013342,-17.2371839453149));
#3082=CARTESIAN_POINT('Ctrl Pts',(100.9605609872,50.6583511205904,7.5890335283843));
#3083=CARTESIAN_POINT('Ctrl Pts',(100.490822659177,41.0675670261995,30.6156317392666));
#3084=CARTESIAN_POINT('Ctrl Pts',(100.021084331154,21.7382589684063,46.3822171224925));
#3085=CARTESIAN_POINT('Ctrl Pts',(99.5513460031312,-2.74593337363394,51.1499933345204));
#3086=CARTESIAN_POINT('Ctrl Pts',(99.0816076751085,-26.5789710481835,43.7883576560878));
#3087=CARTESIAN_POINT('Ctrl Pts',(98.6118693470856,-44.1092261328993,26.0430055515712));
#3088=CARTESIAN_POINT('Ctrl Pts',(98.1421310190627,-51.1796759071566,2.12196659744445));
#3089=CARTESIAN_POINT('Ctrl Pts',(97.6723926910399,-46.11367503883,-22.3022631724763));
#3090=CARTESIAN_POINT('Ctrl Pts',(97.2026543630171,-30.1125455059421,-41.4378639815656));
#3091=CARTESIAN_POINT('Ctrl Pts',(96.7329160349942,-6.97070209049643,-50.7471307619173));
#3092=CARTESIAN_POINT('Ctrl Pts',(96.2631777069714,17.8241330714902,-48.0225181394277));
#3093=CARTESIAN_POINT('Ctrl Pts',(95.7934393789485,38.392256996365,-33.9101249028492));
#3094=CARTESIAN_POINT('Ctrl Pts',(95.3237010509256,49.8562644172937,-11.7564818953065));
#3095=CARTESIAN_POINT('Ctrl Pts',(94.8539627229028,49.4976472983442,13.185024843757));
#3096=CARTESIAN_POINT('Ctrl Pts',(94.3842243948801,37.401446017099,34.9999114860579));
#3097=CARTESIAN_POINT('Ctrl Pts',(93.914486066857,16.4360833841793,48.5151227061201));
#3098=CARTESIAN_POINT('Ctrl Pts',(93.4447477388343,-8.42683645701423,50.5257399305433));
#3099=CARTESIAN_POINT('Ctrl Pts',(92.9750094108113,-31.291465318036,40.5549770860662));
#3100=CARTESIAN_POINT('Ctrl Pts',(92.5052710827887,-46.7358181098052,20.9672428757207));
#3101=CARTESIAN_POINT('Ctrl Pts',(92.0355327547656,-51.0975108480425,-3.59254134793154));
#3102=CARTESIAN_POINT('Ctrl Pts',(91.5657944267429,-43.3422370878816,-27.300411213304));
#3103=CARTESIAN_POINT('Ctrl Pts',(91.09605609872,-25.3090373379636,-44.5344203649209));
#3104=CARTESIAN_POINT('Ctrl Pts',(90.6263177706971,-1.27419969132125,-51.207796118581));
#3105=CARTESIAN_POINT('Ctrl Pts',(90.1565794426743,23.0627942582152,-45.7380529674036));
#3106=CARTESIAN_POINT('Ctrl Pts',(89.6868411146515,41.9308113293531,-29.4222539825581));
#3107=CARTESIAN_POINT('Ctrl Pts',(89.2171027866286,50.8555997045338,-6.12943283613751));
#3108=CARTESIAN_POINT('Ctrl Pts',(88.7473644586057,47.7207869838782,18.6168863682132));
#3109=CARTESIAN_POINT('Ctrl Pts',(88.2776261305829,33.2697444179976,38.9485054121266));
#3110=CARTESIAN_POINT('Ctrl Pts',(87.80788780256,10.9293081888981,50.0441024742112));
#3111=CARTESIAN_POINT('Ctrl Pts',(87.3381494745372,-14.0028406196097,49.2725321001562));
#3112=CARTESIAN_POINT('Ctrl Pts',(86.8684111465143,-35.6144372370066,36.8167602173257));
#3113=CARTESIAN_POINT('Ctrl Pts',(86.3986728184915,-48.7806334070222,15.6304756811221));
#3114=CARTESIAN_POINT('Ctrl Pts',(85.9289344904685,-50.379273844101,-9.26232835316633));
#3115=CARTESIAN_POINT('Ctrl Pts',(85.4591961624458,-40.0312664770449,-31.9587188961203));
#3116=CARTESIAN_POINT('Ctrl Pts',(84.989457834423,-20.1904771320878,-47.0766023709228));
#3117=CARTESIAN_POINT('Ctrl Pts',(84.5197195064,4.43816391383069,-51.0310189528125));
#3118=CARTESIAN_POINT('Ctrl Pts',(84.0499811783773,28.0143657956766,-42.8842269719049));
#3119=CARTESIAN_POINT('Ctrl Pts',(83.5802428503543,44.9474014930824,-24.5681380870584));
#3120=CARTESIAN_POINT('Ctrl Pts',(83.1105045223315,51.2218767433153,-0.426065181516605));
#3121=CARTESIAN_POINT('Ctrl Pts',(82.6407661943087,45.3498842536595,23.8169646142027));
#3122=CARTESIAN_POINT('Ctrl Pts',(82.1710278662858,28.7239037791375,42.4123342279118));
#3123=CARTESIAN_POINT('Ctrl Pts',(81.7012895382629,5.28646408415499,50.9499754376281));
#3124=CARTESIAN_POINT('Ctrl Pts',(81.2315512102401,-19.4044969931468,47.4062675070875));
#3125=CARTESIAN_POINT('Ctrl Pts',(80.7618128822173,-39.4941496356704,32.6196423864766));
#3126=CARTESIAN_POINT('Ctrl Pts',(80.2920745541944,-50.2180599374454,10.1003505930829));
#3127=CARTESIAN_POINT('Ctrl Pts',(79.8223362261715,-49.0342688814142,-14.8193649544816));
#3128=CARTESIAN_POINT('Ctrl Pts',(79.509177340823,-40.4912381255724,-29.0807956929575));
#3129=CARTESIAN_POINT('Ctrl Pts',(79.3525978981487,-34.7875716411226,-34.7849002107937));
#3130=CARTESIAN_POINT('Ctrl Pts',(110.647402101851,-15.2265348077312,45.5987509599776));
#3131=CARTESIAN_POINT('Ctrl Pts',(110.490822659177,-22.7033441706197,43.1020620020999));
#3132=CARTESIAN_POINT('Ctrl Pts',(110.177663773828,-36.398515013229,34.3637173445789));
#3133=CARTESIAN_POINT('Ctrl Pts',(109.707925445806,-48.3131159165781,13.0943475323177));
#3134=CARTESIAN_POINT('Ctrl Pts',(109.238187117783,-48.7693450832388,-11.2752057750119));
#3135=CARTESIAN_POINT('Ctrl Pts',(108.76844878976,-37.6615275395941,-32.9734091672566));
#3136=CARTESIAN_POINT('Ctrl Pts',(108.298710461737,-17.6224605177306,-46.8513088834753));
#3137=CARTESIAN_POINT('Ctrl Pts',(107.828972133714,6.59528841110207,-49.6197488858233));
#3138=CARTESIAN_POINT('Ctrl Pts',(107.359233805691,29.2491714123843,-40.6213582427942));
#3139=CARTESIAN_POINT('Ctrl Pts',(106.889495477669,44.9670251057805,-21.99040024453));
#3140=CARTESIAN_POINT('Ctrl Pts',(106.419757149646,50.021685365702,1.85530560310569));
#3141=CARTESIAN_POINT('Ctrl Pts',(105.950018821623,43.2144815220575,25.2610191347402));
#3142=CARTESIAN_POINT('Ctrl Pts',(105.4802804936,26.1596531687929,42.6764994025373));
#3143=CARTESIAN_POINT('Ctrl Pts',(105.010542165577,2.9014737106593,49.9719139514274));
#3144=CARTESIAN_POINT('Ctrl Pts',(104.540803837554,-21.0447427950291,45.4172839252442));
#3145=CARTESIAN_POINT('Ctrl Pts',(104.071065509531,-40.0005321788387,30.0926611725541));
#3146=CARTESIAN_POINT('Ctrl Pts',(103.601327181509,-49.4708276532385,7.63204088668375));
#3147=CARTESIAN_POINT('Ctrl Pts',(103.131588853486,-47.2098990108391,-16.6383977252512));
#3148=CARTESIAN_POINT('Ctrl Pts',(102.661850525463,-33.7538894327276,-36.9633032121683));
#3149=CARTESIAN_POINT('Ctrl Pts',(102.19211219744,-12.2936789014658,-48.5229461182423));
#3150=CARTESIAN_POINT('Ctrl Pts',(101.722373869417,12.0817831580771,-48.5761397632451));
#3151=CARTESIAN_POINT('Ctrl Pts',(101.252635541394,33.5922414251756,-37.1102702159149));
#3152=CARTESIAN_POINT('Ctrl Pts',(100.782897213371,47.1368309659497,-16.8442870361196));
#3153=CARTESIAN_POINT('Ctrl Pts',(100.313158885349,49.5036665941995,7.41605238328882));
#3154=CARTESIAN_POINT('Ctrl Pts',(99.8434205573258,40.1314906807852,29.9177922823356));
#3155=CARTESIAN_POINT('Ctrl Pts',(99.3736822293027,21.2427665035657,45.3250009433958));
#3156=CARTESIAN_POINT('Ctrl Pts',(98.9039439012801,-2.6833437569785,49.9841025283279));
#3157=CARTESIAN_POINT('Ctrl Pts',(98.4342055732571,-25.9731414876502,42.7902647868351));
#3158=CARTESIAN_POINT('Ctrl Pts',(97.9644672452343,-43.1038195264842,25.4493925565582));
#3159=CARTESIAN_POINT('Ctrl Pts',(97.4947289172115,-50.0131085292524,2.07359940938191));
#3160=CARTESIAN_POINT('Ctrl Pts',(97.0249905891886,-45.0625798917416,-21.7939150399551));
#3161=CARTESIAN_POINT('Ctrl Pts',(96.5552522611658,-29.4261731788369,-40.4933472476454));
#3162=CARTESIAN_POINT('Ctrl Pts',(96.0855139331429,-6.8118149245321,-49.590422630813));
#3163=CARTESIAN_POINT('Ctrl Pts',(95.6157756051201,17.4178574979922,-46.9279136490067));
#3164=CARTESIAN_POINT('Ctrl Pts',(95.1460372770972,37.5171605096792,-33.1371921948719));
#3165=CARTESIAN_POINT('Ctrl Pts',(94.6762989490744,48.7198623080094,-11.4885097361458));
#3166=CARTESIAN_POINT('Ctrl Pts',(94.2065606210514,48.3694193524306,12.8844910950189));
#3167=CARTESIAN_POINT('Ctrl Pts',(93.7368222930287,36.548933646971,34.2021386544512));
#3168=CARTESIAN_POINT('Ctrl Pts',(93.2670839650058,16.0614464143931,47.4092900004452));
#3169=CARTESIAN_POINT('Ctrl Pts',(92.797345636983,-8.23475879463281,49.3740780862134));
#3170=CARTESIAN_POINT('Ctrl Pts',(92.3276073089601,-30.5782212030662,39.6305844938568));
#3171=CARTESIAN_POINT('Ctrl Pts',(91.8578689809373,-45.6705421028711,20.4893246179384));
#3172=CARTESIAN_POINT('Ctrl Pts',(91.3881306529144,-49.932816304928,-3.51065451559068));
#3173=CARTESIAN_POINT('Ctrl Pts',(90.9183923248915,-42.3543128977435,-26.6781374579448));
#3174=CARTESIAN_POINT('Ctrl Pts',(90.4486539968687,-24.7321540966905,-43.5193220652397));
#3175=CARTESIAN_POINT('Ctrl Pts',(89.9789156688458,-1.24515613513445,-50.0405877807504));
#3176=CARTESIAN_POINT('Ctrl Pts',(89.509177340823,22.5371109093454,-44.6955195872115));
#3177=CARTESIAN_POINT('Ctrl Pts',(89.0394390128,40.9750585669751,-28.7516158616226));
#3178=CARTESIAN_POINT('Ctrl Pts',(88.5697006847773,49.6964191793058,-5.98972119738733));
#3179=CARTESIAN_POINT('Ctrl Pts',(88.0999623567544,46.6330600228029,18.1925411192377));
#3180=CARTESIAN_POINT('Ctrl Pts',(87.6302240287316,32.5114082655833,38.0607300398413));
#3181=CARTESIAN_POINT('Ctrl Pts',(87.1604857007087,10.6801902691333,48.9034188655692));
#3182=CARTESIAN_POINT('Ctrl Pts',(86.6907473726859,-13.6836659320939,48.149435332622));
#3183=CARTESIAN_POINT('Ctrl Pts',(86.2210090446629,-34.8026571714494,35.9775749222182));
#3184=CARTESIAN_POINT('Ctrl Pts',(85.7512707166402,-47.6687487653655,15.2742013845869));
#3185=CARTESIAN_POINT('Ctrl Pts',(85.2815323886173,-49.230950484343,-9.05120685017283));
#3186=CARTESIAN_POINT('Ctrl Pts',(84.8117940605945,-39.1188111177529,-31.2302656919332));
#3187=CARTESIAN_POINT('Ctrl Pts',(84.3420557325716,-19.7302641364186,-46.0035586750598));
#3188=CARTESIAN_POINT('Ctrl Pts',(83.8723174045487,4.33700232677692,-49.8678399971749));
#3189=CARTESIAN_POINT('Ctrl Pts',(83.402579076526,27.3758184686244,-41.9067424660864));
#3190=CARTESIAN_POINT('Ctrl Pts',(82.932840748503,43.9228898803377,-24.008142582589));
#3191=CARTESIAN_POINT('Ctrl Pts',(82.4631024204802,50.0543474578196,-0.416353636204757));
#3192=CARTESIAN_POINT('Ctrl Pts',(81.9933640924574,44.3161986230975,23.2740910327047));
#3193=CARTESIAN_POINT('Ctrl Pts',(81.5236257644345,28.069183550436,41.4456058410263));
#3194=CARTESIAN_POINT('Ctrl Pts',(81.0538874364117,5.16596671023211,49.7886437527933));
#3195=CARTESIAN_POINT('Ctrl Pts',(80.5841491083887,-18.9621992885285,46.3257095668167));
#3196=CARTESIAN_POINT('Ctrl Pts',(80.114410780366,-38.593937085153,31.8761243783517));
#3197=CARTESIAN_POINT('Ctrl Pts',(79.644672452343,-49.0734112176893,9.87012757391687));
#3198=CARTESIAN_POINT('Ctrl Pts',(79.1749341243203,-47.9166029825482,-14.4815787647348));
#3199=CARTESIAN_POINT('Ctrl Pts',(78.8617752389717,-39.5682983716371,-28.4179406244643));
#3200=CARTESIAN_POINT('Ctrl Pts',(78.7051957962974,-33.9946387920233,-33.992028253121));
#3201=CARTESIAN_POINT('Ctrl Pts',(110.,-14.8713723451774,44.5351494981334));
#3202=CARTESIAN_POINT('Ctrl Pts',(109.843420557326,-22.1737833923033,42.0966963903495));
#3203=CARTESIAN_POINT('Ctrl Pts',(109.530261671977,-35.5495111926856,33.5621756524792));
#3204=CARTESIAN_POINT('Ctrl Pts',(109.060523343954,-47.1862012613889,12.7889188334155));
#3205=CARTESIAN_POINT('Ctrl Pts',(108.590785015931,-47.6317887767241,-11.0122089803097));
#3206=CARTESIAN_POINT('Ctrl Pts',(108.121046687909,-36.7830636583892,-32.2042967364564));
#3207=CARTESIAN_POINT('Ctrl Pts',(107.651308359886,-17.211412531254,-45.7584912170109));
#3208=CARTESIAN_POINT('Ctrl Pts',(107.181570031863,6.44145177637736,-48.4623567130063));
#3209=CARTESIAN_POINT('Ctrl Pts',(106.71183170384,28.5669276926112,-39.6738556226664));
#3210=CARTESIAN_POINT('Ctrl Pts',(106.242093375817,43.9181587962784,-21.4774690489552));
#3211=CARTESIAN_POINT('Ctrl Pts',(105.772355047794,48.8549179310947,1.81203016879911));
#3212=CARTESIAN_POINT('Ctrl Pts',(105.302616719771,42.2064936988814,24.6717999935632));
#3213=CARTESIAN_POINT('Ctrl Pts',(104.832878391749,25.5494731799575,41.6810601373089));
#3214=CARTESIAN_POINT('Ctrl Pts',(104.363140063726,2.83379616214778,48.8063074466234));
#3215=CARTESIAN_POINT('Ctrl Pts',(103.893401735703,-20.5538692792047,44.3579152241523));
#3216=CARTESIAN_POINT('Ctrl Pts',(103.42366340768,-39.0675104709129,29.3907428581248));
#3217=CARTESIAN_POINT('Ctrl Pts',(102.953925079657,-48.3169091027763,7.45402175955771));
#3218=CARTESIAN_POINT('Ctrl Pts',(102.484186751634,-46.1087171463288,-16.2503032320741));
#3219=CARTESIAN_POINT('Ctrl Pts',(102.014448423612,-32.9665721183765,-36.1011255756458));
#3220=CARTESIAN_POINT('Ctrl Pts',(101.544710095589,-12.0069259844282,-47.3911371248414));
#3221=CARTESIAN_POINT('Ctrl Pts',(101.074971767566,11.7999727584919,-47.443090015714));
#3222=CARTESIAN_POINT('Ctrl Pts',(100.605233439543,32.8086945881625,-36.2446645398795));
#3223=CARTESIAN_POINT('Ctrl Pts',(100.13549511152,46.0373534305652,-16.4513901269244));
#3224=CARTESIAN_POINT('Ctrl Pts',(99.6657567834973,48.3489820678086,7.24307123819339));
#3225=CARTESIAN_POINT('Ctrl Pts',(99.1960184554744,39.195414335371,29.2199528254045));
#3226=CARTESIAN_POINT('Ctrl Pts',(98.7262801274515,20.7472740387252,44.2677847642992));
#3227=CARTESIAN_POINT('Ctrl Pts',(98.2565417994287,-2.62075414032302,48.8182117221354));
#3228=CARTESIAN_POINT('Ctrl Pts',(97.7868034714059,-25.3673119271169,41.7921719175825));
#3229=CARTESIAN_POINT('Ctrl Pts',(97.3170651433829,-42.0984129200691,24.8557795615453));
#3230=CARTESIAN_POINT('Ctrl Pts',(96.8473268153603,-48.8465411513483,2.02523222131937));
#3231=CARTESIAN_POINT('Ctrl Pts',(96.3775884873372,-44.0114847446531,-21.2855669074339));
#3232=CARTESIAN_POINT('Ctrl Pts',(95.9078501593146,-28.7398008517316,-39.5488305137251));
#3233=CARTESIAN_POINT('Ctrl Pts',(95.4381118312915,-6.65292775856776,-48.4337144997088));
#3234=CARTESIAN_POINT('Ctrl Pts',(94.9683735032689,17.0115819244942,-45.8333091585856));
#3235=CARTESIAN_POINT('Ctrl Pts',(94.4986351752458,36.6420640229933,-32.3642594868946));
#3236=CARTESIAN_POINT('Ctrl Pts',(94.0288968472231,47.5834601987251,-11.2205375769851));
#3237=CARTESIAN_POINT('Ctrl Pts',(93.5591585192002,47.241191406517,12.5839573462807));
#3238=CARTESIAN_POINT('Ctrl Pts',(93.0894201911774,35.696421276843,33.4043658228444));
#3239=CARTESIAN_POINT('Ctrl Pts',(92.6196818631544,15.6868094446069,46.3034572947703));
#3240=CARTESIAN_POINT('Ctrl Pts',(92.1499435351317,-8.04268113225138,48.2224162418835));
#3241=CARTESIAN_POINT('Ctrl Pts',(91.6802052071087,-29.8649770880964,38.7061919016474));
#3242=CARTESIAN_POINT('Ctrl Pts',(91.2104668790861,-44.6052660959369,20.0114063601561));
#3243=CARTESIAN_POINT('Ctrl Pts',(90.740728551063,-48.7681217618136,-3.42876768324982));
#3244=CARTESIAN_POINT('Ctrl Pts',(90.2709902230403,-41.3663887076054,-26.0558637025857));
#3245=CARTESIAN_POINT('Ctrl Pts',(89.8012518950174,-24.1552708554174,-42.5042237655586));
#3246=CARTESIAN_POINT('Ctrl Pts',(89.3315135669944,-1.21611257894768,-48.8733794429197));
#3247=CARTESIAN_POINT('Ctrl Pts',(88.8617752389718,22.0114275604755,-43.6529862070194));
#3248=CARTESIAN_POINT('Ctrl Pts',(88.3920369109487,40.0193058045971,-28.0809777406871));
#3249=CARTESIAN_POINT('Ctrl Pts',(87.9222985829261,48.5372386540777,-5.85000955863713));
#3250=CARTESIAN_POINT('Ctrl Pts',(87.452560254903,45.5453330617278,17.7681958702623));
#3251=CARTESIAN_POINT('Ctrl Pts',(86.9828219268804,31.753072113169,37.1729546675562));
#3252=CARTESIAN_POINT('Ctrl Pts',(86.5130835988573,10.4310723493684,47.762735256927));
#3253=CARTESIAN_POINT('Ctrl Pts',(86.0433452708347,-13.364491244578,47.0263385650877));
#3254=CARTESIAN_POINT('Ctrl Pts',(85.5736069428116,-33.9908771058923,35.1383896271108));
#3255=CARTESIAN_POINT('Ctrl Pts',(85.103868614789,-46.5568641237088,14.9179270880517));
#3256=CARTESIAN_POINT('Ctrl Pts',(84.6341302867659,-48.0826271245851,-8.84008534717929));
#3257=CARTESIAN_POINT('Ctrl Pts',(84.1643919587433,-38.206355758461,-30.5018124877462));
#3258=CARTESIAN_POINT('Ctrl Pts',(83.6946536307202,-19.2700511407493,-44.9305149791968));
#3259=CARTESIAN_POINT('Ctrl Pts',(83.2249153026975,4.23584073972312,-48.7046610415372));
#3260=CARTESIAN_POINT('Ctrl Pts',(82.7551769746746,26.7372711415723,-40.9292579602678));
#3261=CARTESIAN_POINT('Ctrl Pts',(82.2854386466518,42.8983782675931,-23.4481470781197));
#3262=CARTESIAN_POINT('Ctrl Pts',(81.8157003186289,48.886818172324,-0.406642090892931));
#3263=CARTESIAN_POINT('Ctrl Pts',(81.345961990606,43.2825129925355,22.7312174512067));
#3264=CARTESIAN_POINT('Ctrl Pts',(80.8762236625833,27.4144633217345,40.4788774541407));
#3265=CARTESIAN_POINT('Ctrl Pts',(80.4064853345603,5.04546933630922,48.6273120679585));
#3266=CARTESIAN_POINT('Ctrl Pts',(79.9367470065376,-18.5199015839102,45.2451516265459));
#3267=CARTESIAN_POINT('Ctrl Pts',(79.4670086785146,-37.6937245346355,31.1326063702269));
#3268=CARTESIAN_POINT('Ctrl Pts',(78.9972703504918,-47.9287624979332,9.63990455475084));
#3269=CARTESIAN_POINT('Ctrl Pts',(78.527532022469,-46.7989370836823,-14.143792574988));
#3270=CARTESIAN_POINT('Ctrl Pts',(78.2143731371204,-38.6453586177017,-27.755085555971));
#3271=CARTESIAN_POINT('Ctrl Pts',(78.0577936944461,-33.2017059429241,-33.1991562954482));
#3272=CARTESIAN_POINT('Ctrl Pts',(104.307757027242,0.000806816190343175,
46.9550170567103));
#3273=CARTESIAN_POINT('Ctrl Pts',(104.169638596729,-6.78910009945169,46.9494907994511));
#3274=CARTESIAN_POINT('Ctrl Pts',(104.031520166216,-13.5813546701032,45.4591906729205));
#3275=CARTESIAN_POINT('Ctrl Pts',(103.893401735703,-19.741531904264,42.6047852002262));
#3276=CARTESIAN_POINT('Ctrl Pts',(103.736822293029,-26.7250830097741,39.3688577688098));
#3277=CARTESIAN_POINT('Ctrl Pts',(103.580242850354,-32.8962967403435,34.3798003134673));
#3278=CARTESIAN_POINT('Ctrl Pts',(103.42366340768,-37.5234700442721,28.2291514027015));
#3279=CARTESIAN_POINT('Ctrl Pts',(103.267083965006,-42.1506433482007,22.0785024919358));
#3280=CARTESIAN_POINT('Ctrl Pts',(103.110504522332,-45.2337762254885,14.7662621257467));
#3281=CARTESIAN_POINT('Ctrl Pts',(102.953925079657,-46.4073106713912,7.15942111071359));
#3282=CARTESIAN_POINT('Ctrl Pts',(102.797345636983,-47.5808451172938,-0.4474199043195));
#3283=CARTESIAN_POINT('Ctrl Pts',(102.640766194309,-46.8447811318113,-8.34886156819671));
#3284=CARTESIAN_POINT('Ctrl Pts',(102.484186751634,-44.2863916344114,-15.6080527907306));
#3285=CARTESIAN_POINT('Ctrl Pts',(102.32760730896,-41.7280021370115,-22.8672440132646));
#3286=CARTESIAN_POINT('Ctrl Pts',(102.171027866286,-37.347287127694,-29.4841847944552));
#3287=CARTESIAN_POINT('Ctrl Pts',(102.014448423612,-31.6636552673772,-34.6743237765831));
#3288=CARTESIAN_POINT('Ctrl Pts',(101.857868980937,-25.9800234070605,-39.864462758711));
#3289=CARTESIAN_POINT('Ctrl Pts',(101.701289538263,-18.9934746957444,-43.6277999417761));
#3290=CARTESIAN_POINT('Ctrl Pts',(101.544710095589,-11.5323838829331,-45.5181273484542));
#3291=CARTESIAN_POINT('Ctrl Pts',(101.388130652914,-4.07129307012165,-47.4084547551323));
#3292=CARTESIAN_POINT('Ctrl Pts',(101.23155121024,3.86433984418517,-47.4257723854232));
#3293=CARTESIAN_POINT('Ctrl Pts',(101.074971767566,11.333609939617,-45.5680269545962));
#3294=CARTESIAN_POINT('Ctrl Pts',(100.918392324892,18.8028800350488,-43.7102815237692));
#3295=CARTESIAN_POINT('Ctrl Pts',(100.761812882217,25.8057873116056,-39.9774730318244));
#3296=CARTESIAN_POINT('Ctrl Pts',(100.605233439543,31.5120174236178,-34.8121897170261));
#3297=CARTESIAN_POINT('Ctrl Pts',(100.448653996869,37.2182475356301,-29.6469064022278));
#3298=CARTESIAN_POINT('Ctrl Pts',(100.292074554194,41.6278004830976,-23.0491482645761));
#3299=CARTESIAN_POINT('Ctrl Pts',(100.13549511152,44.217848396372,-15.8011923015639));
#3300=CARTESIAN_POINT('Ctrl Pts',(99.9789156688458,46.8078963096463,-8.55323633855177));
#3301=CARTESIAN_POINT('Ctrl Pts',(99.8223362261716,47.5784391887275,-0.655082550179219));
#3302=CARTESIAN_POINT('Ctrl Pts',(99.6657567834973,46.4381160061951,6.95680794187557));
#3303=CARTESIAN_POINT('Ctrl Pts',(99.509177340823,45.2977928236628,14.5686984339304));
#3304=CARTESIAN_POINT('Ctrl Pts',(99.3525978981487,42.2466035795169,21.8943256296675));
#3305=CARTESIAN_POINT('Ctrl Pts',(99.1960184554744,37.646318908003,28.0651112173518));
#3306=CARTESIAN_POINT('Ctrl Pts',(99.0394390128001,33.0460342364891,34.2358968050361));
#3307=CARTESIAN_POINT('Ctrl Pts',(98.8828595701258,26.8966541376072,39.2518407846677));
#3308=CARTESIAN_POINT('Ctrl Pts',(98.7262801274515,19.9272927249915,42.5182172674561));
#3309=CARTESIAN_POINT('Ctrl Pts',(98.5867724273816,13.7177957116896,45.4284631010959));
#3310=CARTESIAN_POINT('Ctrl Pts',(98.4472647273116,6.85737388442024,46.9498518006377));
#3311=CARTESIAN_POINT('Ctrl Pts',(98.3077570272416,-0.000759051821366675,
46.9551838765042));
#3312=CARTESIAN_POINT('',(110.,-35.5828648725866,-35.5788432346828));
#3313=CARTESIAN_POINT('Ctrl Pts',(110.,-35.5828648725863,-35.5788432346831));
#3314=CARTESIAN_POINT('Ctrl Pts',(110.,-36.1531589736319,-34.9707872855617));
#3315=CARTESIAN_POINT('Ctrl Pts',(110.,-36.7077691400358,-34.34895508725));
#3316=CARTESIAN_POINT('Ctrl Pts',(110.,-37.2460707112104,-33.7137938982436));
#3317=CARTESIAN_POINT('Ctrl Pts',(110.,-37.4252069968998,-33.5024246169606));
#3318=CARTESIAN_POINT('Ctrl Pts',(110.,-37.6025369140169,-33.2895789487959));
#3319=CARTESIAN_POINT('Ctrl Pts',(110.,-37.7780364886604,-33.0752725177811));
#3320=CARTESIAN_POINT('Ctrl Pts',(110.,-38.3049097478266,-32.4318958714363));
#3321=CARTESIAN_POINT('Ctrl Pts',(110.,-38.8152896574857,-31.7753558809363));
#3322=CARTESIAN_POINT('Ctrl Pts',(110.,-39.3088795137636,-31.1063876101048));
#3323=CARTESIAN_POINT('Ctrl Pts',(110.,-39.8043396242015,-30.4348845613083));
#3324=CARTESIAN_POINT('Ctrl Pts',(110.,-40.2828824074192,-29.7508584770427));
#3325=CARTESIAN_POINT('Ctrl Pts',(110.,-40.7441629712997,-29.0550256338296));
#3326=CARTESIAN_POINT('Ctrl Pts',(110.,-41.1932617125039,-28.3775688354189));
#3327=CARTESIAN_POINT('Ctrl Pts',(110.,-41.6259979109153,-27.6889201867808));
#3328=CARTESIAN_POINT('Ctrl Pts',(110.,-42.0420099720335,-26.9897214666344));
#3329=CARTESIAN_POINT('Ctrl Pts',(110.,-42.2276302724456,-26.6777461932915));
#3330=CARTESIAN_POINT('Ctrl Pts',(110.,-42.4099204611701,-26.3636703371823));
#3331=CARTESIAN_POINT('Ctrl Pts',(110.,-42.5888455428399,-26.0475499780078));
#3332=CARTESIAN_POINT('Ctrl Pts',(110.,-42.6366983059577,-25.9630049129832));
#3333=CARTESIAN_POINT('Ctrl Pts',(110.,-42.684311800754,-25.8783109673812));
#3334=CARTESIAN_POINT('Ctrl Pts',(110.,-42.7316731721566,-25.793491183398));
#3335=CARTESIAN_POINT('Ctrl Pts',(110.,-43.1366505189913,-25.0682146540384));
#3336=CARTESIAN_POINT('Ctrl Pts',(110.,-43.5233825366336,-24.333415051832));
#3337=CARTESIAN_POINT('Ctrl Pts',(110.,-43.8915790089272,-23.5898240992135));
#3338=CARTESIAN_POINT('Ctrl Pts',(110.,-44.2601850654001,-22.8454059711251));
#3339=CARTESIAN_POINT('Ctrl Pts',(110.,-44.610214494176,-22.0921765140981));
#3340=CARTESIAN_POINT('Ctrl Pts',(110.,-44.9413293639028,-21.3308466406893));
#3341=CARTESIAN_POINT('Ctrl Pts',(110.,-45.271689503598,-20.5712521122374));
#3342=CARTESIAN_POINT('Ctrl Pts',(110.,-45.5832213660466,-19.8035936407882));
#3343=CARTESIAN_POINT('Ctrl Pts',(110.,-45.8755403678022,-19.028560317185));
#3344=CARTESIAN_POINT('Ctrl Pts',(110.,-46.1652238743026,-18.2605145538656));
#3345=CARTESIAN_POINT('Ctrl Pts',(110.,-46.4360394927402,-17.48522591469));
#3346=CARTESIAN_POINT('Ctrl Pts',(110.,-46.6875630482587,-16.7033544364728));
#3347=CARTESIAN_POINT('Ctrl Pts',(110.,-46.8347047026673,-16.2459584577835));
#3348=CARTESIAN_POINT('Ctrl Pts',(110.,-46.9752431526995,-15.7863094873924));
#3349=CARTESIAN_POINT('Ctrl Pts',(110.,-47.1090852401503,-15.3245387957453));
#3350=CARTESIAN_POINT('Ctrl Pts',(110.,-47.1401563970329,-15.2173397085431));
#3351=CARTESIAN_POINT('Ctrl Pts',(110.,-47.1708666428405,-15.1100262747633));
#3352=CARTESIAN_POINT('Ctrl Pts',(110.,-47.2012147638487,-15.0026001347602));
#3353=CARTESIAN_POINT('Ctrl Pts',(110.,-47.2212496762632,-14.9316806433884));
#3354=CARTESIAN_POINT('Ctrl Pts',(110.,-47.2411245559785,-14.8607198131581));
#3355=CARTESIAN_POINT('Ctrl Pts',(110.,-47.2608372309022,-14.7897251948796));
#3356=CARTESIAN_POINT('Ctrl Pts',(110.,-47.4813829477907,-13.9954362896933));
#3357=CARTESIAN_POINT('Ctrl Pts',(110.,-47.6817074649098,-13.1966429519947));
#3358=CARTESIAN_POINT('Ctrl Pts',(110.,-47.861532078478,-12.39404486013));
#3359=CARTESIAN_POINT('Ctrl Pts',(110.,-47.9559154819035,-11.9727902944181));
#3360=CARTESIAN_POINT('Ctrl Pts',(110.,-48.0446507383066,-11.5504872414588));
#3361=CARTESIAN_POINT('Ctrl Pts',(110.,-48.1276921491292,-11.1272349020967));
#3362=CARTESIAN_POINT('Ctrl Pts',(110.,-48.2846397001618,-10.327291627126));
#3363=CARTESIAN_POINT('Ctrl Pts',(110.,-48.4212515963451,-9.52395804124528));
#3364=CARTESIAN_POINT('Ctrl Pts',(110.,-48.5376585420195,-8.71800273036478));
#3365=CARTESIAN_POINT('Ctrl Pts',(110.,-48.6548616778303,-7.90653491621182));
#3366=CARTESIAN_POINT('Ctrl Pts',(110.,-48.7515825408775,-7.09240895977578));
#3367=CARTESIAN_POINT('Ctrl Pts',(110.,-48.8279023835709,-6.2764017051961));
#3368=CARTESIAN_POINT('Ctrl Pts',(110.,-48.9044691281955,-5.45775458973616));
#3369=CARTESIAN_POINT('Ctrl Pts',(110.,-48.9605026291244,-4.63721353888637));
#3370=CARTESIAN_POINT('Ctrl Pts',(110.,-48.9960326366491,-3.81556192970275));
#3371=CARTESIAN_POINT('Ctrl Pts',(110.,-49.0314744552785,-2.99594973882311));
#3372=CARTESIAN_POINT('Ctrl Pts',(110.,-49.0465143820524,-2.17523205551094));
#3373=CARTESIAN_POINT('Ctrl Pts',(110.,-49.0411305716401,-1.35419205094823));
#3374=CARTESIAN_POINT('Ctrl Pts',(110.,-49.0357773898335,-0.537822959475666));
#3375=CARTESIAN_POINT('Ctrl Pts',(110.,-49.0102321159329,0.278865217583072));
#3376=CARTESIAN_POINT('Ctrl Pts',(110.,-48.964423441536,1.0950906253374));
#3377=CARTESIAN_POINT('Ctrl Pts',(110.,-48.9367949811472,1.58737842111822));
#3378=CARTESIAN_POINT('Ctrl Pts',(110.,-48.9017944994351,2.07949761946161));
#3379=CARTESIAN_POINT('Ctrl Pts',(110.,-48.8593976742591,2.5712735847673));
#3380=CARTESIAN_POINT('Ctrl Pts',(110.,-48.8223004522302,3.00157755440977));
#3381=CARTESIAN_POINT('Ctrl Pts',(110.,-48.7795403065101,3.43161871421899));
#3382=CARTESIAN_POINT('Ctrl Pts',(110.,-48.7310968623546,3.86127823011563));
#3383=CARTESIAN_POINT('Ctrl Pts',(110.,-48.7216785093624,3.94481244321147));
#3384=CARTESIAN_POINT('Ctrl Pts',(110.,-48.7120446633381,4.02833758382766));
#3385=CARTESIAN_POINT('Ctrl Pts',(110.,-48.7021989535211,4.11182126544366));
#3386=CARTESIAN_POINT('Ctrl Pts',(110.,-48.6065567298802,4.92279021495243));
#3387=CARTESIAN_POINT('Ctrl Pts',(110.,-48.4908744020862,5.73033283058888));
#3388=CARTESIAN_POINT('Ctrl Pts',(110.,-48.3552640393601,6.53369680057456));
#3389=CARTESIAN_POINT('Ctrl Pts',(110.,-48.2195573947414,7.33763115029999));
#3390=CARTESIAN_POINT('Ctrl Pts',(110.,-48.063894360051,8.13738135980067));
#3391=CARTESIAN_POINT('Ctrl Pts',(110.,-47.888335112561,8.93219068089798));
#3392=CARTESIAN_POINT('Ctrl Pts',(110.,-47.7134189111775,9.72408873957735));
#3393=CARTESIAN_POINT('Ctrl Pts',(110.,-47.518751904747,10.511082464666));
#3394=CARTESIAN_POINT('Ctrl Pts',(110.,-47.3043428834697,11.2924141032327));
#3395=CARTESIAN_POINT('Ctrl Pts',(110.,-47.1740840660467,11.7670925223056));
#3396=CARTESIAN_POINT('Ctrl Pts',(110.,-47.0365377584175,12.2396809335615));
#3397=CARTESIAN_POINT('Ctrl Pts',(110.,-46.8916969136823,12.7100067335411));
#3398=CARTESIAN_POINT('Ctrl Pts',(110.,-46.6525447896118,13.4865792140173));
#3399=CARTESIAN_POINT('Ctrl Pts',(110.,-46.3935083248995,14.2569844985166));
#3400=CARTESIAN_POINT('Ctrl Pts',(110.,-46.1150031489436,15.020556134727));
#3401=CARTESIAN_POINT('Ctrl Pts',(110.,-45.8360756310334,15.7852856967678));
#3402=CARTESIAN_POINT('Ctrl Pts',(110.,-45.5376200782666,16.5431612568795));
#3403=CARTESIAN_POINT('Ctrl Pts',(110.,-45.220008409366,17.2934879836511));
#3404=CARTESIAN_POINT('Ctrl Pts',(110.,-44.9040831161561,18.0398308116055));
#3405=CARTESIAN_POINT('Ctrl Pts',(110.,-44.5692043158449,18.7787051059009));
#3406=CARTESIAN_POINT('Ctrl Pts',(110.,-44.2156967873467,19.509396514613));
#3407=CARTESIAN_POINT('Ctrl Pts',(110.,-43.9178015198625,20.125138741013));
#3408=CARTESIAN_POINT('Ctrl Pts',(110.,-43.6066769003223,20.7350697571486));
#3409=CARTESIAN_POINT('Ctrl Pts',(110.,-43.2824964253403,21.3387423326262));
#3410=CARTESIAN_POINT('Ctrl Pts',(110.,-43.2046187005748,21.4837623147338));
#3411=CARTESIAN_POINT('Ctrl Pts',(110.,-43.1259874371162,21.6284210320435));
#3412=CARTESIAN_POINT('Ctrl Pts',(110.,-43.0466048867098,21.7727121116785));
#3413=CARTESIAN_POINT('Ctrl Pts',(110.,-43.0084273354913,21.842106204649));
#3414=CARTESIAN_POINT('Ctrl Pts',(110.,-42.9700738975408,21.911419015805));
#3415=CARTESIAN_POINT('Ctrl Pts',(110.,-42.9315587397876,21.9806249724043));
#3416=CARTESIAN_POINT('Ctrl Pts',(110.,-42.5398103670994,22.6845379889826));
#3417=CARTESIAN_POINT('Ctrl Pts',(110.,-42.1310801995646,23.3778662534759));
#3418=CARTESIAN_POINT('Ctrl Pts',(110.,-41.7058464729805,24.0600073144539));
#3419=CARTESIAN_POINT('Ctrl Pts',(110.,-41.2788294096918,24.7450091249814));
#3420=CARTESIAN_POINT('Ctrl Pts',(110.,-40.835169847063,25.4187300853929));
#3421=CARTESIAN_POINT('Ctrl Pts',(110.,-40.3753046142476,26.0805376067413));
#3422=CARTESIAN_POINT('Ctrl Pts',(110.,-39.9155320587563,26.7422117530361));
#3423=CARTESIAN_POINT('Ctrl Pts',(110.,-39.4395601103275,27.3919776289339));
#3424=CARTESIAN_POINT('Ctrl Pts',(110.,-38.9477816566295,28.0291749437501));
#3425=CARTESIAN_POINT('Ctrl Pts',(110.,-38.4577209427146,28.6641465832258));
#3426=CARTESIAN_POINT('Ctrl Pts',(110.,-37.9519636859172,29.2866376543326));
#3427=CARTESIAN_POINT('Ctrl Pts',(110.,-37.4308592197432,29.8959615741096));
#3428=CARTESIAN_POINT('Ctrl Pts',(110.,-36.9147754869827,30.4994147843411));
#3429=CARTESIAN_POINT('Ctrl Pts',(110.,-36.3836385693159,31.0899536372664));
#3430=CARTESIAN_POINT('Ctrl Pts',(110.,-35.8377531943176,31.666873933358));
#3431=CARTESIAN_POINT('Ctrl Pts',(110.,-35.477147133319,32.0479813324791));
#3432=CARTESIAN_POINT('Ctrl Pts',(110.,-35.1101044665684,32.4231451198647));
#3433=CARTESIAN_POINT('Ctrl Pts',(110.,-34.736705519395,32.7921522971365));
#3434=CARTESIAN_POINT('Ctrl Pts',(110.,-34.163689551313,33.3584286793122));
#3435=CARTESIAN_POINT('Ctrl Pts',(110.,-33.5757055883969,33.9102085402559));
#3436=CARTESIAN_POINT('Ctrl Pts',(110.,-32.9733855243713,34.4470420217705));
#3437=CARTESIAN_POINT('Ctrl Pts',(110.,-32.6482774128059,34.736803113629));
#3438=CARTESIAN_POINT('Ctrl Pts',(110.,-32.3189921886712,35.022208930772));
#3439=CARTESIAN_POINT('Ctrl Pts',(110.,-31.9856265955492,35.3031829726221));
#3440=CARTESIAN_POINT('Ctrl Pts',(110.,-31.8168186932587,35.4454611188417));
#3441=CARTESIAN_POINT('Ctrl Pts',(110.,-31.6469644953095,35.5866028241485));
#3442=CARTESIAN_POINT('Ctrl Pts',(110.,-31.4760764122454,35.7265977436812));
#3443=CARTESIAN_POINT('Ctrl Pts',(110.,-31.3660206647194,35.8167576029455));
#3444=CARTESIAN_POINT('Ctrl Pts',(110.,-31.2555360960584,35.9064418101825));
#3445=CARTESIAN_POINT('Ctrl Pts',(110.,-31.1446260013945,35.9956475399194));
#3446=CARTESIAN_POINT('Ctrl Pts',(110.,-31.0873789567732,36.0416917201736));
#3447=CARTESIAN_POINT('Ctrl Pts',(110.,-31.0300162671656,36.0876102071635));
#3448=CARTESIAN_POINT('Ctrl Pts',(110.,-30.9725575944352,36.1333873962713));
#3449=CARTESIAN_POINT('Ctrl Pts',(110.,-30.3513364157348,36.6283128448381));
#3450=CARTESIAN_POINT('Ctrl Pts',(110.,-29.7184436231147,37.1070932169961));
#3451=CARTESIAN_POINT('Ctrl Pts',(110.,-29.0745957662829,37.5694512500514));
#3452=CARTESIAN_POINT('Ctrl Pts',(110.,-28.4268166045341,38.0346324196433));
#3453=CARTESIAN_POINT('Ctrl Pts',(110.,-27.7679478236505,38.4831903285804));
#3454=CARTESIAN_POINT('Ctrl Pts',(110.,-27.0986835040291,38.9148031729745));
#3455=CARTESIAN_POINT('Ctrl Pts',(110.,-26.4275203617103,39.3476405802825));
#3456=CARTESIAN_POINT('Ctrl Pts',(110.,-25.7459022229481,39.7634368590825));
#3457=CARTESIAN_POINT('Ctrl Pts',(110.,-25.0544990062726,40.1618244626641));
#3458=CARTESIAN_POINT('Ctrl Pts',(110.,-24.3635143344782,40.5599709000374));
#3459=CARTESIAN_POINT('Ctrl Pts',(110.,-23.6627560306478,40.9407299357273));
#3460=CARTESIAN_POINT('Ctrl Pts',(110.,-22.9528686948356,41.3036886335787));
#3461=CARTESIAN_POINT('Ctrl Pts',(110.,-22.2481131768122,41.6640234814075));
#3462=CARTESIAN_POINT('Ctrl Pts',(110.,-21.5343597361725,42.0068145681846));
#3463=CARTESIAN_POINT('Ctrl Pts',(110.,-20.812221330268,42.3316099064152));
#3464=CARTESIAN_POINT('Ctrl Pts',(110.,-20.0950976178161,42.6541497918922));
#3465=CARTESIAN_POINT('Ctrl Pts',(110.,-19.3697046111387,42.9589431391679));
#3466=CARTESIAN_POINT('Ctrl Pts',(110.,-18.6366308063578,43.2454976833071));
#3467=CARTESIAN_POINT('Ctrl Pts',(110.,-17.9138499315537,43.528028777368));
#3468=CARTESIAN_POINT('Ctrl Pts',(110.,-17.183602075754,43.7928297238397));
#3469=CARTESIAN_POINT('Ctrl Pts',(110.,-16.4464452605877,44.0393787416339));
#3470=CARTESIAN_POINT('Ctrl Pts',(110.,-15.9248148610248,44.2138429262115));
#3471=CARTESIAN_POINT('Ctrl Pts',(110.,-15.3997247857003,44.3791667440765));
#3472=CARTESIAN_POINT('Ctrl Pts',(110.,-14.8713723451774,44.5351494981334));
#3473=CARTESIAN_POINT('Ctrl Pts',(110.,-35.5828648725866,-35.5788432346828));
#3474=CARTESIAN_POINT('Ctrl Pts',(109.86450488848,-30.5311003097516,-40.6222096635503));
#3475=CARTESIAN_POINT('Ctrl Pts',(109.572430334285,-17.306826322256,-49.167003278434));
#3476=CARTESIAN_POINT('Ctrl Pts',(109.123776337417,6.90296168055146,-51.934533231457));
#3477=CARTESIAN_POINT('Ctrl Pts',(108.654038009394,30.6136588519306,-42.5163634830497));
#3478=CARTESIAN_POINT('Ctrl Pts',(108.184299681371,47.0647577247845,-23.0162626356798));
#3479=CARTESIAN_POINT('Ctrl Pts',(107.714561353348,52.3552202349166,1.9418564717189));
#3480=CARTESIAN_POINT('Ctrl Pts',(107.244823025325,45.2304571684099,26.4394574170943));
#3481=CARTESIAN_POINT('Ctrl Pts',(106.775084697302,27.3800131464636,44.6673779329941));
#3482=CARTESIAN_POINT('Ctrl Pts',(106.443464799793,10.1945211099277,50.057967031288));
#3483=CARTESIAN_POINT('Ctrl Pts',(106.268424344957,0.973431325182533,50.3199889611304));
#3484=CARTESIAN_POINT('Ctrl Pts',(106.249963332796,0.000864622050830294,
50.3191973959632));
#3485=CARTESIAN_POINT('Origin',(110.,5.40893098392417E-15,0.));
#3486=CARTESIAN_POINT('',(110.,-13.0210022628362,-48.6025068522315));
#3487=CARTESIAN_POINT('Ctrl Pts',(110.,46.0066455401757,9.38820812355492));
#3488=CARTESIAN_POINT('Ctrl Pts',(110.,46.1944275534881,8.61214623345763));
#3489=CARTESIAN_POINT('Ctrl Pts',(110.,46.3621236103577,7.83189980880809));
#3490=CARTESIAN_POINT('Ctrl Pts',(110.,46.5094693376704,7.04820785443719));
#3491=CARTESIAN_POINT('Ctrl Pts',(110.,46.5539031801782,6.81187629932348));
#3492=CARTESIAN_POINT('Ctrl Pts',(110.,46.5964860506757,6.57523125196653));
#3493=CARTESIAN_POINT('Ctrl Pts',(110.,46.6372098502524,6.33829259785626));
#3494=CARTESIAN_POINT('Ctrl Pts',(110.,46.7706750318397,5.56176730246208));
#3495=CARTESIAN_POINT('Ctrl Pts',(110.,46.8841760082947,4.78208955216364));
#3496=CARTESIAN_POINT('Ctrl Pts',(110.,46.9778801279992,4.00001503619172));
#3497=CARTESIAN_POINT('Ctrl Pts',(110.,47.0722650573386,3.21225833818422));
#3498=CARTESIAN_POINT('Ctrl Pts',(110.,47.1465644602315,2.42206950566525));
#3499=CARTESIAN_POINT('Ctrl Pts',(110.,47.2008979473012,1.63020898257944));
#3500=CARTESIAN_POINT('Ctrl Pts',(110.,47.2539838224748,0.856531253603238));
#3501=CARTESIAN_POINT('Ctrl Pts',(110.,47.2880099768655,0.0812573027559553));
#3502=CARTESIAN_POINT('Ctrl Pts',(110.,47.3030406037936,-0.694908616090261));
#3503=CARTESIAN_POINT('Ctrl Pts',(110.,47.3070282296617,-0.90082546245719));
#3504=CARTESIAN_POINT('Ctrl Pts',(110.,47.3096786174736,-1.10680509809103));
#3505=CARTESIAN_POINT('Ctrl Pts',(110.,47.3109924142116,-1.31283437674503));
#3506=CARTESIAN_POINT('Ctrl Pts',(110.,47.3116769226262,-1.42017881656938));
#3507=CARTESIAN_POINT('Ctrl Pts',(110.,47.3119986000784,-1.52753673222122));
#3508=CARTESIAN_POINT('Ctrl Pts',(110.,47.3119575132141,-1.63490626317617));
#3509=CARTESIAN_POINT('Ctrl Pts',(110.,47.3119188916596,-1.7358333662307));
#3510=CARTESIAN_POINT('Ctrl Pts',(110.,47.3115596698702,-1.83677526200861));
#3511=CARTESIAN_POINT('Ctrl Pts',(110.,47.3108801829258,-1.93770137665038));
#3512=CARTESIAN_POINT('Ctrl Pts',(110.,47.3055008445418,-2.73670969744212));
#3513=CARTESIAN_POINT('Ctrl Pts',(110.,47.2800547424214,-3.53504909555739));
#3514=CARTESIAN_POINT('Ctrl Pts',(110.,47.2347165721186,-4.33194664733024));
#3515=CARTESIAN_POINT('Ctrl Pts',(110.,47.1891587528666,-5.13270491312736));
#3516=CARTESIAN_POINT('Ctrl Pts',(110.,47.1235156737562,-5.93200776595324));
#3517=CARTESIAN_POINT('Ctrl Pts',(110.,47.0379124542986,-6.72907877495659));
#3518=CARTESIAN_POINT('Ctrl Pts',(110.,46.952179851615,-7.52735450054989));
#3519=CARTESIAN_POINT('Ctrl Pts',(110.,46.8464267189187,-8.32339208055753));
#3520=CARTESIAN_POINT('Ctrl Pts',(110.,46.7207265587679,-9.11641265954204));
#3521=CARTESIAN_POINT('Ctrl Pts',(110.,46.5955439363877,-9.90616818220533));
#3522=CARTESIAN_POINT('Ctrl Pts',(110.,46.4505781512824,-10.6929319394768));
#3523=CARTESIAN_POINT('Ctrl Pts',(110.,46.2858505918623,-11.4759290668362));
#3524=CARTESIAN_POINT('Ctrl Pts',(110.,46.1924480549027,-11.9198979958054));
#3525=CARTESIAN_POINT('Ctrl Pts',(110.,46.0926911237771,-12.3626558044553));
#3526=CARTESIAN_POINT('Ctrl Pts',(110.,45.9865764228262,-12.8040596086066));
#3527=CARTESIAN_POINT('Ctrl Pts',(110.,45.9679479203119,-12.8815483241361));
#3528=CARTESIAN_POINT('Ctrl Pts',(110.,45.9491234708126,-12.9589953081883));
#3529=CARTESIAN_POINT('Ctrl Pts',(110.,45.9301030393516,-13.0363997827593));
#3530=CARTESIAN_POINT('Ctrl Pts',(110.,45.9146816403553,-13.0991578379013));
#3531=CARTESIAN_POINT('Ctrl Pts',(110.,45.8991336165071,-13.1618789590177));
#3532=CARTESIAN_POINT('Ctrl Pts',(110.,45.8834594126567,-13.2245613588716));
#3533=CARTESIAN_POINT('Ctrl Pts',(110.,45.6871693018675,-14.009541274235));
#3534=CARTESIAN_POINT('Ctrl Pts',(110.,45.4710771773882,-14.7885201268709));
#3535=CARTESIAN_POINT('Ctrl Pts',(110.,45.2353559926709,-15.5607282593999));
#3536=CARTESIAN_POINT('Ctrl Pts',(110.,45.1163801959945,-15.9504856665579));
#3537=CARTESIAN_POINT('Ctrl Pts',(110.,44.992403002622,-16.33851829021));
#3538=CARTESIAN_POINT('Ctrl Pts',(110.,44.8634416201102,-16.7247273601237));
#3539=CARTESIAN_POINT('Ctrl Pts',(110.,44.6122555922981,-17.476970553296));
#3540=CARTESIAN_POINT('Ctrl Pts',(110.,44.342163967372,-18.2222960974203));
#3541=CARTESIAN_POINT('Ctrl Pts',(110.,44.0537044700437,-18.9601402943865));
#3542=CARTESIAN_POINT('Ctrl Pts',(110.,43.7624909974575,-19.7050288240283));
#3543=CARTESIAN_POINT('Ctrl Pts',(110.,43.4525571213743,-20.4422928433551));
#3544=CARTESIAN_POINT('Ctrl Pts',(110.,43.1244040089649,-21.1713426286696));
#3545=CARTESIAN_POINT('Ctrl Pts',(110.,42.7933785806818,-21.9067737682727));
#3546=CARTESIAN_POINT('Ctrl Pts',(110.,42.4438134268519,-22.6338466424811));
#3547=CARTESIAN_POINT('Ctrl Pts',(110.,42.0761723698399,-23.3519402504183));
#3548=CARTESIAN_POINT('Ctrl Pts',(110.,41.70808968738,-24.0708964617159));
#3549=CARTESIAN_POINT('Ctrl Pts',(110.,41.3218874365177,-24.780852209085));
#3550=CARTESIAN_POINT('Ctrl Pts',(110.,40.9179834024236,-25.481162750683));
#3551=CARTESIAN_POINT('Ctrl Pts',(110.,40.5149765599538,-26.17991769318));
#3552=CARTESIAN_POINT('Ctrl Pts',(110.,40.0943462549274,-26.8690706087272));
#3553=CARTESIAN_POINT('Ctrl Pts',(110.,39.6564634050394,-27.5479539440631));
#3554=CARTESIAN_POINT('Ctrl Pts',(110.,39.3916549426541,-27.9585067944778));
#3555=CARTESIAN_POINT('Ctrl Pts',(110.,39.12053605537,-28.365303312904));
#3556=CARTESIAN_POINT('Ctrl Pts',(110.,38.8431814698991,-28.7681901429889));
#3557=CARTESIAN_POINT('Ctrl Pts',(110.,38.600496207612,-29.1207161193131));
#3558=CARTESIAN_POINT('Ctrl Pts',(110.,38.3530366501096,-29.4702486880858));
#3559=CARTESIAN_POINT('Ctrl Pts',(110.,38.1008495885438,-29.8166820591542));
#3560=CARTESIAN_POINT('Ctrl Pts',(110.,38.0626304900767,-29.8691842416174));
#3561=CARTESIAN_POINT('Ctrl Pts',(110.,38.0243019705897,-29.9216163446542));
#3562=CARTESIAN_POINT('Ctrl Pts',(110.,37.9858750438582,-29.9739632995179));
#3563=CARTESIAN_POINT('Ctrl Pts',(110.,37.5034448514812,-30.6311522462599));
#3564=CARTESIAN_POINT('Ctrl Pts',(110.,37.0051275670362,-31.275447083214));
#3565=CARTESIAN_POINT('Ctrl Pts',(110.,36.4914624624084,-31.9062613946863));
#3566=CARTESIAN_POINT('Ctrl Pts',(110.,35.9757971218971,-32.5395321265193));
#3567=CARTESIAN_POINT('Ctrl Pts',(110.,35.4446639897825,-33.1592175302525));
#3568=CARTESIAN_POINT('Ctrl Pts',(110.,34.8985594767212,-33.7647053851819));
#3569=CARTESIAN_POINT('Ctrl Pts',(110.,34.3518432362626,-34.3708714866754));
#3570=CARTESIAN_POINT('Ctrl Pts',(110.,33.7901218262202,-34.9628086010014));
#3571=CARTESIAN_POINT('Ctrl Pts',(110.,33.2138474498251,-35.5398776935652));
#3572=CARTESIAN_POINT('Ctrl Pts',(110.,32.8752369414579,-35.878955165686));
#3573=CARTESIAN_POINT('Ctrl Pts',(110.,32.5316010757291,-36.2128988570845));
#3574=CARTESIAN_POINT('Ctrl Pts',(110.,32.1830246978803,-36.5415743276915));
#3575=CARTESIAN_POINT('Ctrl Pts',(110.,31.594028449792,-37.0969436278745));
#3576=CARTESIAN_POINT('Ctrl Pts',(110.,30.9909283218534,-37.6372734208122));
#3577=CARTESIAN_POINT('Ctrl Pts',(110.,30.3744331940788,-38.1622561117398));
#3578=CARTESIAN_POINT('Ctrl Pts',(110.,29.7547202145399,-38.6899789970374));
#3579=CARTESIAN_POINT('Ctrl Pts',(110.,29.1214717006233,-39.2021944125958));
#3580=CARTESIAN_POINT('Ctrl Pts',(110.,28.4753719410857,-39.6985513985581));
#3581=CARTESIAN_POINT('Ctrl Pts',(110.,27.8287409266774,-40.1953165135476));
#3582=CARTESIAN_POINT('Ctrl Pts',(110.,27.1692371568782,-40.676197351358));
#3583=CARTESIAN_POINT('Ctrl Pts',(110.,26.497516228177,-41.1407998526132));
#3584=CARTESIAN_POINT('Ctrl Pts',(110.,25.9198173538927,-41.5403710591912));
#3585=CARTESIAN_POINT('Ctrl Pts',(110.,25.3330814545044,-41.927901432742));
#3586=CARTESIAN_POINT('Ctrl Pts',(110.,24.737710750693,-42.3031132698486));
#3587=CARTESIAN_POINT('Ctrl Pts',(110.,24.5981889075493,-42.3910420959519));
#3588=CARTESIAN_POINT('Ctrl Pts',(110.,24.4581928117315,-42.4782943080451));
#3589=CARTESIAN_POINT('Ctrl Pts',(110.,24.3177275479897,-42.5648661223463));
#3590=CARTESIAN_POINT('Ctrl Pts',(110.,24.2423163608316,-42.6113436863858));
#3591=CARTESIAN_POINT('Ctrl Pts',(110.,24.1667645163349,-42.6576284134506));
#3592=CARTESIAN_POINT('Ctrl Pts',(110.,24.0911028123904,-42.7037015322302));
#3593=CARTESIAN_POINT('Ctrl Pts',(110.,23.3930728731343,-43.1287569384188));
#3594=CARTESIAN_POINT('Ctrl Pts',(110.,22.6853128365732,-43.5360439712855));
#3595=CARTESIAN_POINT('Ctrl Pts',(110.,21.968587043131,-43.9253187944065));
#3596=CARTESIAN_POINT('Ctrl Pts',(110.,21.2465046217321,-44.3175029594537));
#3597=CARTESIAN_POINT('Ctrl Pts',(110.,20.515321595048,-44.6914049293013));
#3598=CARTESIAN_POINT('Ctrl Pts',(110.,19.775781243924,-45.0467388638662));
#3599=CARTESIAN_POINT('Ctrl Pts',(110.,19.0321597273313,-45.4040337145346));
#3600=CARTESIAN_POINT('Ctrl Pts',(110.,18.2800880354447,-45.7425552882781));
#3601=CARTESIAN_POINT('Ctrl Pts',(110.,17.5202884355759,-46.0619723290365));
#3602=CARTESIAN_POINT('Ctrl Pts',(110.,16.7607521160414,-46.3812786876817));
#3603=CARTESIAN_POINT('Ctrl Pts',(110.,15.9934928548378,-46.6814939768406));
#3604=CARTESIAN_POINT('Ctrl Pts',(110.,15.2192045413119,-46.9622431768821));
#3605=CARTESIAN_POINT('Ctrl Pts',(110.,14.4492160992497,-47.241433286527));
#3606=CARTESIAN_POINT('Ctrl Pts',(110.,13.672276059286,-47.5013730952315));
#3607=CARTESIAN_POINT('Ctrl Pts',(110.,12.8890453935319,-47.7416471569441));
#3608=CARTESIAN_POINT('Ctrl Pts',(110.,12.3599414784728,-47.9039619797644));
#3609=CARTESIAN_POINT('Ctrl Pts',(110.,11.8279663692281,-48.0573012817636));
#3610=CARTESIAN_POINT('Ctrl Pts',(110.,11.2933196309044,-48.2015241698604));
#3611=CARTESIAN_POINT('Ctrl Pts',(110.,10.4989443373829,-48.4158097735163));
#3612=CARTESIAN_POINT('Ctrl Pts',(110.,9.69867143809795,-48.6099724285372));
#3613=CARTESIAN_POINT('Ctrl Pts',(110.,8.89325170141746,-48.7840022857532));
#3614=CARTESIAN_POINT('Ctrl Pts',(110.,8.44328699959942,-48.8812277313728));
#3615=CARTESIAN_POINT('Ctrl Pts',(110.,7.99171572820032,-48.9721685423411));
#3616=CARTESIAN_POINT('Ctrl Pts',(110.,7.53866796932389,-49.0568159773619));
#3617=CARTESIAN_POINT('Ctrl Pts',(110.,7.31043148059225,-49.0994596787616));
#3618=CARTESIAN_POINT('Ctrl Pts',(110.,7.08182026162787,-49.1405060762936));
#3619=CARTESIAN_POINT('Ctrl Pts',(110.,6.85285092419896,-49.1799535651116));
#3620=CARTESIAN_POINT('Ctrl Pts',(110.,6.70856644439382,-49.204811305749));
#3621=CARTESIAN_POINT('Ctrl Pts',(110.,6.56413976059628,-49.2290341355903));
#3622=CARTESIAN_POINT('Ctrl Pts',(110.,6.41957502949434,-49.2526215862336));
#3623=CARTESIAN_POINT('Ctrl Pts',(110.,6.34013446473735,-49.2655832566632));
#3624=CARTESIAN_POINT('Ctrl Pts',(110.,6.26064786599513,-49.2783537248312));
#3625=CARTESIAN_POINT('Ctrl Pts',(110.,6.18114420353356,-49.2909285093909));
#3626=CARTESIAN_POINT('Ctrl Pts',(110.,5.37053823704387,-49.4191388971374));
#3627=CARTESIAN_POINT('Ctrl Pts',(110.,4.5576363490468,-49.527098718042));
#3628=CARTESIAN_POINT('Ctrl Pts',(110.,3.74322306168809,-49.6149811207978));
#3629=CARTESIAN_POINT('Ctrl Pts',(110.,2.92168160817617,-49.7036327157788));
#3630=CARTESIAN_POINT('Ctrl Pts',(110.,2.09860179421318,-49.771853976202));
#3631=CARTESIAN_POINT('Ctrl Pts',(110.,1.27476762229663,-49.8197733459595));
#3632=CARTESIAN_POINT('Ctrl Pts',(110.,0.445843108592187,-49.8679888019668));
#3633=CARTESIAN_POINT('Ctrl Pts',(110.,-0.383845529267694,-49.8956507708539));
#3634=CARTESIAN_POINT('Ctrl Pts',(110.,-1.21351504603809,-49.9028393753748));
#3635=CARTESIAN_POINT('Ctrl Pts',(110.,-2.04579087370397,-49.9100505620661));
#3636=CARTESIAN_POINT('Ctrl Pts',(110.,-2.87804789407111,-49.8966595961281));
#3637=CARTESIAN_POINT('Ctrl Pts',(110.,-3.70950447276034,-49.8626957167315));
#3638=CARTESIAN_POINT('Ctrl Pts',(110.,-4.53955048847939,-49.828789456929));
#3639=CARTESIAN_POINT('Ctrl Pts',(110.,-5.36879921591759,-49.7743800348439));
#3640=CARTESIAN_POINT('Ctrl Pts',(110.,-6.19647539904733,-49.6994448447656));
#3641=CARTESIAN_POINT('Ctrl Pts',(110.,-7.02059482469435,-49.6248316722872));
#3642=CARTESIAN_POINT('Ctrl Pts',(110.,-7.84315562352127,-49.5298687519724));
#3643=CARTESIAN_POINT('Ctrl Pts',(110.,-8.66338837484666,-49.414482536676));
#3644=CARTESIAN_POINT('Ctrl Pts',(110.,-9.47437199556597,-49.3003974425233));
#3645=CARTESIAN_POINT('Ctrl Pts',(110.,-10.2830801755461,-49.1663469876339));
#3646=CARTESIAN_POINT('Ctrl Pts',(110.,-11.0887590460165,-49.0122105424989));
#3647=CARTESIAN_POINT('Ctrl Pts',(110.,-11.7349208464449,-48.8885917080595));
#3648=CARTESIAN_POINT('Ctrl Pts',(110.,-12.3791340290732,-48.7520522559616));
#3649=CARTESIAN_POINT('Ctrl Pts',(110.,-13.0210022628366,-48.6025068522315));
#3650=CARTESIAN_POINT('Origin',(110.,0.,0.));
#3651=CARTESIAN_POINT('Origin',(127.750036667204,0.,0.));
#3652=CARTESIAN_POINT('Ctrl Pts',(110.,-13.0210022628366,-48.6025068522315));
#3653=CARTESIAN_POINT('Ctrl Pts',(109.843420557326,-5.05166822095533,-50.7375555012266));
#3654=CARTESIAN_POINT('Ctrl Pts',(109.530261671977,11.9494861391563,-51.01143545967));
#3655=CARTESIAN_POINT('Ctrl Pts',(109.060523343954,34.6278948516383,-39.3161191038062));
#3656=CARTESIAN_POINT('Ctrl Pts',(108.590785015932,49.0905243081813,-18.300965883127));
#3657=CARTESIAN_POINT('Ctrl Pts',(108.121046687909,51.9142202988923,7.0555855620696));
#3658=CARTESIAN_POINT('Ctrl Pts',(107.651308359886,42.4262344709794,30.7382187052703));
#3659=CARTESIAN_POINT('Ctrl Pts',(107.194305019651,23.4080252607098,46.6877129166564));
#3660=CARTESIAN_POINT('Ctrl Pts',(106.893881122091,7.57711646956669,50.3150321955849));
#3661=CARTESIAN_POINT('Ctrl Pts',(106.750036667204,-0.000640172564438865,
50.319869518835));
#3662=CARTESIAN_POINT('Ctrl Pts',(111.942206305554,-12.1504597646067,-45.353098943277));
#3663=CARTESIAN_POINT('Ctrl Pts',(111.78562686288,-4.71392986683106,-47.3454050792751));
#3664=CARTESIAN_POINT('Ctrl Pts',(111.472467977531,11.1505817763306,-47.6009743010773));
#3665=CARTESIAN_POINT('Ctrl Pts',(111.002729649508,32.3127847330706,-36.6875693305667));
#3666=CARTESIAN_POINT('Ctrl Pts',(110.532991321485,45.8084891154966,-17.0774219317226));
#3667=CARTESIAN_POINT('Ctrl Pts',(110.063252993462,48.44340183804,6.58387171411113));
#3668=CARTESIAN_POINT('Ctrl Pts',(109.59351466544,39.5897523476128,28.6831598731868));
#3669=CARTESIAN_POINT('Ctrl Pts',(109.123776337417,21.3485046312309,43.9810605137892));
#3670=CARTESIAN_POINT('Ctrl Pts',(108.654038009394,-1.95544483379409,48.849364089536));
#3671=CARTESIAN_POINT('Ctrl Pts',(108.184299681371,-24.7955712752239,42.133905286098));
#3672=CARTESIAN_POINT('Ctrl Pts',(107.714561353348,-41.7558800022284,25.4270116430048));
#3673=CARTESIAN_POINT('Ctrl Pts',(107.244823025325,-48.8144124562205,2.69052706957116));
#3674=CARTESIAN_POINT('Ctrl Pts',(106.775084697303,-44.2973939027352,-20.683984743726));
#3675=CARTESIAN_POINT('Ctrl Pts',(106.30534636928,-29.2759416533303,-39.1536111052714));
#3676=CARTESIAN_POINT('Ctrl Pts',(105.835608041257,-7.31216656306395,-48.3385806772565));
#3677=CARTESIAN_POINT('Ctrl Pts',(105.365869713234,16.3855749992675,-46.0608190103234));
#3678=CARTESIAN_POINT('Ctrl Pts',(104.896131385211,36.1977357087872,-32.8604633432842));
#3679=CARTESIAN_POINT('Ctrl Pts',(104.426393057188,47.4261763798662,-11.8677681967851));
#3680=CARTESIAN_POINT('Ctrl Pts',(103.956654729165,47.4082492277347,11.9391802957078));
#3681=CARTESIAN_POINT('Ctrl Pts',(103.486916401143,36.1482057302277,32.9149411061964));
#3682=CARTESIAN_POINT('Ctrl Pts',(103.01717807312,16.3161869370478,46.0854441999341));
#3683=CARTESIAN_POINT('Ctrl Pts',(102.547439745097,-7.38495749058902,48.3275131471913));
#3684=CARTESIAN_POINT('Ctrl Pts',(102.077701417074,-29.3348760695615,39.1094767277823));
#3685=CARTESIAN_POINT('Ctrl Pts',(101.607963089051,-44.3284927656998,20.6172464944885));
#3686=CARTESIAN_POINT('Ctrl Pts',(101.138224761028,-48.8103085408852,-2.76403764866899));
#3687=CARTESIAN_POINT('Ctrl Pts',(100.668486433005,-41.7175316669018,-25.4898739803832));
#3688=CARTESIAN_POINT('Ctrl Pts',(100.198748104983,-24.7321019969152,-42.1711898665958));
#3689=CARTESIAN_POINT('Ctrl Pts',(99.7290097769597,-1.88184552070855,-48.8522750890007));
#3690=CARTESIAN_POINT('Ctrl Pts',(99.2592714489369,21.4146608557454,-43.9488159609908));
#3691=CARTESIAN_POINT('Ctrl Pts',(98.7895331209141,39.6330191218231,-28.6235902574903));
#3692=CARTESIAN_POINT('Ctrl Pts',(98.3197947928912,48.4530337707404,-6.51073285813641));
#3693=CARTESIAN_POINT('Ctrl Pts',(97.8500564648684,45.7831778330132,17.1460418595691));
#3694=CARTESIAN_POINT('Ctrl Pts',(97.3803181368455,32.2565654156511,36.7369039458239));
#3695=CARTESIAN_POINT('Ctrl Pts',(96.9105798088227,11.080818705695,47.6161903216819));
#3696=CARTESIAN_POINT('Ctrl Pts',(96.4408414807998,-12.7225688971999,47.2040502986243));
#3697=CARTESIAN_POINT('Ctrl Pts',(95.9711031527769,-33.5090005164808,35.5982163643845));
#3698=CARTESIAN_POINT('Ctrl Pts',(95.5013648247541,-46.3493026685182,15.5508284692853));
#3699=CARTESIAN_POINT('Ctrl Pts',(95.0316264967312,-48.198600790479,-8.18419243292509));
#3700=CARTESIAN_POINT('Ctrl Pts',(94.5618881687085,-38.6183630827201,-29.9784615474191));
#3701=CARTESIAN_POINT('Ctrl Pts',(94.0921498406855,-19.8803913889169,-44.663812669351));
#3702=CARTESIAN_POINT('Ctrl Pts',(93.6224115126628,3.57190067855606,-48.7578470554336));
#3703=CARTESIAN_POINT('Ctrl Pts',(93.1526731846397,26.1771729961355,-41.289729205577));
#3704=CARTESIAN_POINT('Ctrl Pts',(92.6829348566171,42.5749427768968,-24.0304051460563));
#3705=CARTESIAN_POINT('Ctrl Pts',(92.2131965285941,48.8767382774882,-1.0726505904175));
#3706=CARTESIAN_POINT('Ctrl Pts',(91.7434582005713,43.588188369457,22.1394660870361));
#3707=CARTESIAN_POINT('Ctrl Pts',(91.2737198725485,27.963389015025,40.1015585571079));
#3708=CARTESIAN_POINT('Ctrl Pts',(90.8039815445255,5.70751424777457,48.5542006945962));
#3709=CARTESIAN_POINT('Ctrl Pts',(90.3342432165029,-17.9018072501099,45.4929821079374));
#3710=CARTESIAN_POINT('Ctrl Pts',(89.8645048884797,-37.2659983051669,31.643822371148));
#3711=CARTESIAN_POINT('Ctrl Pts',(89.3947665604572,-47.7931472967344,10.2908306565801));
#3712=CARTESIAN_POINT('Ctrl Pts',(88.9250282324341,-46.986907330297,-13.5024687670072));
#3713=CARTESIAN_POINT('Ctrl Pts',(88.4552899044114,-35.0384654959161,-34.0938713148088));
#3714=CARTESIAN_POINT('Ctrl Pts',(87.9855515763885,-14.7812057198362,-46.6004514832239));
#3715=CARTESIAN_POINT('Ctrl Pts',(87.5158132483656,8.98118310921146,-48.0564717592295));
#3716=CARTESIAN_POINT('Ctrl Pts',(87.0460749203428,30.613826602527,-38.1166596428511));
#3717=CARTESIAN_POINT('Ctrl Pts',(86.5763365923199,44.9868849581415,-19.1380850066388));
#3718=CARTESIAN_POINT('Ctrl Pts',(86.1065982642971,48.6920158415748,4.37878465118392));
#3719=CARTESIAN_POINT('Ctrl Pts',(85.6368599362742,40.8506038192817,26.8572930481112));
#3720=CARTESIAN_POINT('Ctrl Pts',(85.1671216082513,23.3221202429106,42.9670226898257));
#3721=CARTESIAN_POINT('Ctrl Pts',(84.6973832802286,0.263158672786614,48.8877954797622));
#3722=CARTESIAN_POINT('Ctrl Pts',(84.2276449522056,-22.8581946388886,43.2156149291512));
#3723=CARTESIAN_POINT('Ctrl Pts',(83.7579066241829,-40.5591130994531,27.29550648199));
#3724=CARTESIAN_POINT('Ctrl Pts',(83.2881682961599,-48.6420302485601,4.90275736175352));
#3725=CARTESIAN_POINT('Ctrl Pts',(82.8184299681372,-45.1903580537273,-18.6527175736726));
#3726=CARTESIAN_POINT('Ctrl Pts',(82.3486916401142,-31.0223087551289,-37.7847655908775));
#3727=CARTESIAN_POINT('Ctrl Pts',(81.8789533120914,-9.49820842208835,-47.9572161948571));
#3728=CARTESIAN_POINT('Ctrl Pts',(81.4092149840686,14.2790438321104,-46.7564425733964));
#3729=CARTESIAN_POINT('Ctrl Pts',(80.9394766560456,34.6686248724922,-34.4699905721094));
#3730=CARTESIAN_POINT('Ctrl Pts',(80.4697383280229,46.8404621157281,-14.0056894563421));
#3731=CARTESIAN_POINT('Ctrl Pts',(80.1565794426743,47.543700185595,1.84528847942666));
#3732=CARTESIAN_POINT('Ctrl Pts',(80.,46.00425699931,9.38858850900567));
#3733=CARTESIAN_POINT('Ctrl Pts',(111.294804203703,-12.44064059735,-46.4362349129285));
#3734=CARTESIAN_POINT('Ctrl Pts',(111.138224761028,-4.82650931820582,-48.4761218865923));
#3735=CARTESIAN_POINT('Ctrl Pts',(110.82506587568,11.4168832306058,-48.7377946872748));
#3736=CARTESIAN_POINT('Ctrl Pts',(110.355327547657,33.0844881059265,-37.5637525883132));
#3737=CARTESIAN_POINT('Ctrl Pts',(109.885589219634,46.9025008463914,-17.4852699155241));
#3738=CARTESIAN_POINT('Ctrl Pts',(109.415850891611,49.6003413249908,6.74110966343064));
#3739=CARTESIAN_POINT('Ctrl Pts',(108.946112563588,40.535246388735,29.3681794838812));
#3740=CARTESIAN_POINT('Ctrl Pts',(108.476374235566,21.858355860874,45.0314290605005));
#3741=CARTESIAN_POINT('Ctrl Pts',(108.006635907543,-2.00214533906277,50.0159988856753));
#3742=CARTESIAN_POINT('Ctrl Pts',(107.53689757952,-25.3877463583388,43.1401595315761));
#3743=CARTESIAN_POINT('Ctrl Pts',(107.067159251497,-42.7531061373473,26.0342669696084));
#3744=CARTESIAN_POINT('Ctrl Pts',(106.597420923474,-49.9802125272335,2.75478302372368));
#3745=CARTESIAN_POINT('Ctrl Pts',(106.127682595451,-45.3553172159334,-21.1779657151184));
#3746=CARTESIAN_POINT('Ctrl Pts',(105.657944267428,-29.9751182518202,-40.0886890937216));
#3747=CARTESIAN_POINT('Ctrl Pts',(105.188205939406,-7.48679786291059,-49.4930167945971));
#3748=CARTESIAN_POINT('Ctrl Pts',(104.718467611383,16.7769000923405,-47.1608569575446));
#3749=CARTESIAN_POINT('Ctrl Pts',(104.24872928336,37.0622206167571,-33.6452465368437));
#3750=CARTESIAN_POINT('Ctrl Pts',(103.778990955337,48.5588221910007,-12.15119770685));
#3751=CARTESIAN_POINT('Ctrl Pts',(103.309252627314,48.5404668973802,12.2243152903993));
#3752=CARTESIAN_POINT('Ctrl Pts',(102.839514299291,37.0115077487677,33.7010253536184));
#3753=CARTESIAN_POINT('Ctrl Pts',(102.369775971268,16.7058548841307,47.1860702531337));
#3754=CARTESIAN_POINT('Ctrl Pts',(101.900037643246,-7.56132720464999,49.4816849465429));
#3755=CARTESIAN_POINT('Ctrl Pts',(101.430299315223,-30.0354601570116,40.043500686125));
#3756=CARTESIAN_POINT('Ctrl Pts',(100.9605609872,-45.3871587910362,21.1096336034991));
#3757=CARTESIAN_POINT('Ctrl Pts',(100.490822659177,-49.9760106009923,-2.83004920396514));
#3758=CARTESIAN_POINT('Ctrl Pts',(100.021084331154,-42.7138419558638,-26.0986306037082));
#3759=CARTESIAN_POINT('Ctrl Pts',(99.5513460031313,-25.3227612881679,-43.178334553327));
#3760=CARTESIAN_POINT('Ctrl Pts',(99.0816076751085,-1.92678830566259,-50.0189794064803));
#3761=CARTESIAN_POINT('Ctrl Pts',(98.6118693470856,21.9260920476857,-44.9984144338644));
#3762=CARTESIAN_POINT('Ctrl Pts',(98.1421310190627,40.5795464726977,-29.3071872092052));
#3763=CARTESIAN_POINT('Ctrl Pts',(97.6723926910399,49.6102032903241,-6.66622408391266));
#3764=CARTESIAN_POINT('Ctrl Pts',(97.2026543630171,46.8765850724592,17.555528644551));
#3765=CARTESIAN_POINT('Ctrl Pts',(96.7329160349942,33.0269261423305,37.6142654272768));
#3766=CARTESIAN_POINT('Ctrl Pts',(96.2631777069713,11.3454540579195,48.7533741013326));
#3767=CARTESIAN_POINT('Ctrl Pts',(95.7934393789486,-13.0264130075254,48.3313912297395));
#3768=CARTESIAN_POINT('Ctrl Pts',(95.3237010509256,-34.309272264435,36.4483833760793));
#3769=CARTESIAN_POINT('Ctrl Pts',(94.8539627229029,-47.4562302668135,15.9222179016596));
#3770=CARTESIAN_POINT('Ctrl Pts',(94.3842243948799,-49.3496938672352,-8.37964970956539));
#3771=CARTESIAN_POINT('Ctrl Pts',(93.9144860668572,-39.5406581213958,-30.6944159314278));
#3772=CARTESIAN_POINT('Ctrl Pts',(93.4447477388342,-20.3551807088489,-45.7304869026698));
#3773=CARTESIAN_POINT('Ctrl Pts',(92.9750094108114,3.65720585494117,-49.9222962150061));
#3774=CARTESIAN_POINT('Ctrl Pts',(92.5052710827886,26.8023438955125,-42.2758225910734));
#3775=CARTESIAN_POINT('Ctrl Pts',(92.0355327547656,43.5917300086842,-24.6043063079493));
#3776=CARTESIAN_POINT('Ctrl Pts',(91.565794426743,50.0440268319881,-1.09826794544769));
#3777=CARTESIAN_POINT('Ctrl Pts',(91.0960560987198,44.6291742287464,22.6682072894342));
#3778=CARTESIAN_POINT('Ctrl Pts',(90.6263177706972,28.6312188476327,41.0592757037711));
#3779=CARTESIAN_POINT('Ctrl Pts',(90.1565794426742,5.84382277184685,49.7137863122354));
#3780=CARTESIAN_POINT('Ctrl Pts',(89.6868411146516,-18.3293434451252,46.5794588082275));
#3781=CARTESIAN_POINT('Ctrl Pts',(89.2171027866284,-38.1559957728103,32.3995493892801));
#3782=CARTESIAN_POINT('Ctrl Pts',(88.747364458606,-48.9345572146033,10.5365992832328));
#3783=CARTESIAN_POINT('Ctrl Pts',(88.2776261305827,-48.1090623895528,-13.8249386740566));
#3784=CARTESIAN_POINT('Ctrl Pts',(87.8078878025601,-35.8752643737058,-34.9081111181776));
#3785=CARTESIAN_POINT('Ctrl Pts',(87.3381494745371,-15.13421479668,-47.7133770909449));
#3786=CARTESIAN_POINT('Ctrl Pts',(86.8684111465143,9.19567435021307,-49.2041704689045));
#3787=CARTESIAN_POINT('Ctrl Pts',(86.3986728184915,31.3449549605548,-39.026972853284));
#3788=CARTESIAN_POINT('Ctrl Pts',(85.9289344904687,46.0612748983234,-19.595146348508));
#3789=CARTESIAN_POINT('Ctrl Pts',(85.4591961624457,49.8548928008498,4.48336006652628));
#3790=CARTESIAN_POINT('Ctrl Pts',(84.9894578344229,41.8262098839077,27.4987067734282));
#3791=CARTESIAN_POINT('Ctrl Pts',(84.5197195064,23.8791059376528,43.9931736887329));
#3792=CARTESIAN_POINT('Ctrl Pts',(84.0499811783772,0.269443505154471,50.0553481055997));
#3793=CARTESIAN_POINT('Ctrl Pts',(83.5802428503543,-23.4041007267094,44.2477028806033));
#3794=CARTESIAN_POINT('Ctrl Pts',(83.1105045223316,-41.5277576974799,27.9473857486632));
#3795=CARTESIAN_POINT('Ctrl Pts',(82.6407661943086,-49.8037134372875,5.01984644657283));
#3796=CARTESIAN_POINT('Ctrl Pts',(82.1710278662859,-46.2696073978711,-19.0981872285921));
#3797=CARTESIAN_POINT('Ctrl Pts',(81.7012895382629,-31.7631926033603,-38.6871524105194));
#3798=CARTESIAN_POINT('Ctrl Pts',(81.2315512102401,-9.72504741278396,-49.1025444541226));
#3799=CARTESIAN_POINT('Ctrl Pts',(80.7618128822172,14.6200601319256,-47.8730936059428));
#3800=CARTESIAN_POINT('Ctrl Pts',(80.2920745541944,35.4965911083764,-35.2932129655537));
#3801=CARTESIAN_POINT('Ctrl Pts',(79.8223362261715,47.9591197275507,-14.3401774270298));
#3802=CARTESIAN_POINT('Ctrl Pts',(79.509177340823,48.6791527346203,1.88935819843197));
#3803=CARTESIAN_POINT('Ctrl Pts',(79.3525978981487,47.1029441160463,9.61280952488551));
#3804=CARTESIAN_POINT('Ctrl Pts',(110.647402101851,-12.7308214300933,-47.51937088258));
#3805=CARTESIAN_POINT('Ctrl Pts',(110.490822659177,-4.93908876958057,-49.6068386939094));
#3806=CARTESIAN_POINT('Ctrl Pts',(110.177663773828,11.683184684881,-49.8746150734724));
#3807=CARTESIAN_POINT('Ctrl Pts',(109.707925445806,33.8561914787824,-38.4399358460597));
#3808=CARTESIAN_POINT('Ctrl Pts',(109.238187117783,47.9965125772864,-17.8931178993255));
#3809=CARTESIAN_POINT('Ctrl Pts',(108.76844878976,50.7572808119416,6.8983476127501));
#3810=CARTESIAN_POINT('Ctrl Pts',(108.298710461737,41.4807404298572,30.0531990945758));
#3811=CARTESIAN_POINT('Ctrl Pts',(107.828972133714,22.3682070905172,46.0817976072118));
#3812=CARTESIAN_POINT('Ctrl Pts',(107.359233805691,-2.04884584433146,51.1826336818147));
#3813=CARTESIAN_POINT('Ctrl Pts',(106.889495477668,-25.9799214414536,44.1464137770542));
#3814=CARTESIAN_POINT('Ctrl Pts',(106.419757149646,-43.750332272466,26.641522296212));
#3815=CARTESIAN_POINT('Ctrl Pts',(105.950018821623,-51.1460125982466,2.8190389778762));
#3816=CARTESIAN_POINT('Ctrl Pts',(105.4802804936,-46.4132405291314,-21.6719466865107));
#3817=CARTESIAN_POINT('Ctrl Pts',(105.010542165577,-30.6742948503103,-41.0237670821718));
#3818=CARTESIAN_POINT('Ctrl Pts',(104.540803837554,-7.6614291627572,-50.6474529119376));
#3819=CARTESIAN_POINT('Ctrl Pts',(104.071065509531,17.1682251854136,-48.2608949047659));
#3820=CARTESIAN_POINT('Ctrl Pts',(103.601327181508,37.9267055247269,-34.4300297304032));
#3821=CARTESIAN_POINT('Ctrl Pts',(103.131588853486,49.6914680021352,-12.4346272169151));
#3822=CARTESIAN_POINT('Ctrl Pts',(102.661850525463,49.6726845670257,12.5094502850908));
#3823=CARTESIAN_POINT('Ctrl Pts',(102.19211219744,37.8748097673076,34.4871096010404));
#3824=CARTESIAN_POINT('Ctrl Pts',(101.722373869417,17.0955228312136,48.2866963063335));
#3825=CARTESIAN_POINT('Ctrl Pts',(101.252635541394,-7.73769691871095,50.6358567458943));
#3826=CARTESIAN_POINT('Ctrl Pts',(100.782897213371,-30.7360442444617,40.9775246444677));
#3827=CARTESIAN_POINT('Ctrl Pts',(100.313158885349,-46.4458248163725,21.6020207125097));
#3828=CARTESIAN_POINT('Ctrl Pts',(99.8434205573257,-51.1417126610994,-2.89606075926123));
#3829=CARTESIAN_POINT('Ctrl Pts',(99.3736822293029,-43.7101522448257,-26.7073872270333));
#3830=CARTESIAN_POINT('Ctrl Pts',(98.90394390128,-25.9134205794206,-44.1854792400581));
#3831=CARTESIAN_POINT('Ctrl Pts',(98.4342055732572,-1.97173109061663,-51.18568372396));
#3832=CARTESIAN_POINT('Ctrl Pts',(97.9644672452343,22.437523239626,-46.0480129067378));
#3833=CARTESIAN_POINT('Ctrl Pts',(97.4947289172115,41.5260738235722,-29.9907841609203));
#3834=CARTESIAN_POINT('Ctrl Pts',(97.0249905891886,50.767372809908,-6.82171530968882));
#3835=CARTESIAN_POINT('Ctrl Pts',(96.5552522611658,47.9699923119051,17.9650154295329));
#3836=CARTESIAN_POINT('Ctrl Pts',(96.0855139331429,33.79728686901,38.4916269087297));
#3837=CARTESIAN_POINT('Ctrl Pts',(95.61577560512,11.610089410144,49.8905578809832));
#3838=CARTESIAN_POINT('Ctrl Pts',(95.1460372770972,-13.330257117851,49.4587321608549));
#3839=CARTESIAN_POINT('Ctrl Pts',(94.6762989490744,-35.109544012389,37.2985503877739));
#3840=CARTESIAN_POINT('Ctrl Pts',(94.2065606210515,-48.5631578651089,16.2936073340341));
#3841=CARTESIAN_POINT('Ctrl Pts',(93.7368222930286,-50.5007869439913,-8.57510698620569));
#3842=CARTESIAN_POINT('Ctrl Pts',(93.2670839650058,-40.4629531600715,-31.4103703154366));
#3843=CARTESIAN_POINT('Ctrl Pts',(92.797345636983,-20.8299700287808,-46.7971611359886));
#3844=CARTESIAN_POINT('Ctrl Pts',(92.32760730896,3.74251103132625,-51.0867453745785));
#3845=CARTESIAN_POINT('Ctrl Pts',(91.8578689809373,27.4275147948895,-43.2619159765699));
#3846=CARTESIAN_POINT('Ctrl Pts',(91.3881306529143,44.6085172404714,-25.1782074698421));
#3847=CARTESIAN_POINT('Ctrl Pts',(90.9183923248916,51.211315386488,-1.1238853004779));
#3848=CARTESIAN_POINT('Ctrl Pts',(90.4486539968686,45.6701600880358,23.1969484918323));
#3849=CARTESIAN_POINT('Ctrl Pts',(89.978915668846,29.2990486802405,42.0169928504342));
#3850=CARTESIAN_POINT('Ctrl Pts',(89.5091773408229,5.98013129591914,50.8733719298747));
#3851=CARTESIAN_POINT('Ctrl Pts',(89.0394390128002,-18.7568796401405,47.6659355085175));
#3852=CARTESIAN_POINT('Ctrl Pts',(88.5697006847772,-39.0459932404537,33.1552764074122));
#3853=CARTESIAN_POINT('Ctrl Pts',(88.0999623567545,-50.0759671324721,10.7823679098855));
#3854=CARTESIAN_POINT('Ctrl Pts',(87.6302240287315,-49.2312174488086,-14.147408581106));
#3855=CARTESIAN_POINT('Ctrl Pts',(87.1604857007087,-36.7120632514955,-35.7223509215464));
#3856=CARTESIAN_POINT('Ctrl Pts',(86.6907473726858,-15.4872238735238,-48.8263026986659));
#3857=CARTESIAN_POINT('Ctrl Pts',(86.221009044663,9.41016559121469,-50.3518691785794));
#3858=CARTESIAN_POINT('Ctrl Pts',(85.7512707166402,32.0760833185826,-39.9372860637168));
#3859=CARTESIAN_POINT('Ctrl Pts',(85.2815323886173,47.1356648385055,-20.0522076903771));
#3860=CARTESIAN_POINT('Ctrl Pts',(84.8117940605945,51.0177697601246,4.58793548186863));
#3861=CARTESIAN_POINT('Ctrl Pts',(84.3420557325717,42.8018159485338,28.1401204987453));
#3862=CARTESIAN_POINT('Ctrl Pts',(83.8723174045487,24.436091632395,45.0193246876402));
#3863=CARTESIAN_POINT('Ctrl Pts',(83.402579076526,0.275728337522359,51.2229007314373));
#3864=CARTESIAN_POINT('Ctrl Pts',(82.932840748503,-23.9500068145303,45.2797908320555));
#3865=CARTESIAN_POINT('Ctrl Pts',(82.4631024204803,-42.4964022955067,28.5992650153363));
#3866=CARTESIAN_POINT('Ctrl Pts',(81.9933640924573,-50.9653966260147,5.13693553139221));
#3867=CARTESIAN_POINT('Ctrl Pts',(81.5236257644346,-47.348856742015,-19.5436568835117));
#3868=CARTESIAN_POINT('Ctrl Pts',(81.0538874364116,-32.5040764515917,-39.5895392301613));
#3869=CARTESIAN_POINT('Ctrl Pts',(80.5841491083888,-9.95188640347957,-50.2478727133882));
#3870=CARTESIAN_POINT('Ctrl Pts',(80.1144107803659,14.9610764317408,-48.9897446384893));
#3871=CARTESIAN_POINT('Ctrl Pts',(79.6446724523432,36.3245573442607,-36.1164353589979));
#3872=CARTESIAN_POINT('Ctrl Pts',(79.1749341243202,49.0777773393734,-14.6746653977175));
#3873=CARTESIAN_POINT('Ctrl Pts',(78.8617752389717,49.8146052836457,1.93342791743731));
#3874=CARTESIAN_POINT('Ctrl Pts',(78.7051957962974,48.2016312327826,9.83703054076536));
#3875=CARTESIAN_POINT('Ctrl Pts',(110.,-13.0210022628366,-48.6025068522315));
#3876=CARTESIAN_POINT('Ctrl Pts',(109.843420557326,-5.05166822095533,-50.7375555012266));
#3877=CARTESIAN_POINT('Ctrl Pts',(109.530261671977,11.9494861391563,-51.01143545967));
#3878=CARTESIAN_POINT('Ctrl Pts',(109.060523343954,34.6278948516383,-39.3161191038062));
#3879=CARTESIAN_POINT('Ctrl Pts',(108.590785015932,49.0905243081813,-18.300965883127));
#3880=CARTESIAN_POINT('Ctrl Pts',(108.121046687909,51.9142202988923,7.0555855620696));
#3881=CARTESIAN_POINT('Ctrl Pts',(107.651308359886,42.4262344709794,30.7382187052703));
#3882=CARTESIAN_POINT('Ctrl Pts',(107.181570031863,22.8780583201603,47.1321661539231));
#3883=CARTESIAN_POINT('Ctrl Pts',(106.71183170384,-2.09554634960013,52.349268477954));
#3884=CARTESIAN_POINT('Ctrl Pts',(106.242093375817,-26.5720965245685,45.1526680225324));
#3885=CARTESIAN_POINT('Ctrl Pts',(105.772355047794,-44.7475584075848,27.2487776228156));
#3886=CARTESIAN_POINT('Ctrl Pts',(105.302616719771,-52.3118126692597,2.8832949320287));
#3887=CARTESIAN_POINT('Ctrl Pts',(104.832878391749,-47.4711638423295,-22.165927657903));
#3888=CARTESIAN_POINT('Ctrl Pts',(104.363140063726,-31.3734714488002,-41.9588450706221));
#3889=CARTESIAN_POINT('Ctrl Pts',(103.893401735703,-7.83606046260385,-51.8018890292781));
#3890=CARTESIAN_POINT('Ctrl Pts',(103.42366340768,17.5595502784866,-49.3609328519873));
#3891=CARTESIAN_POINT('Ctrl Pts',(102.953925079657,38.7911904326967,-35.2148129239627));
#3892=CARTESIAN_POINT('Ctrl Pts',(102.484186751634,50.8241138132696,-12.7180567269801));
#3893=CARTESIAN_POINT('Ctrl Pts',(102.014448423611,50.8049022366713,12.7945852797823));
#3894=CARTESIAN_POINT('Ctrl Pts',(101.544710095589,38.7381117858475,35.2731938484624));
#3895=CARTESIAN_POINT('Ctrl Pts',(101.074971767566,17.4851907782965,49.3873223595331));
#3896=CARTESIAN_POINT('Ctrl Pts',(100.605233439543,-7.91406663277189,51.7900285452458));
#3897=CARTESIAN_POINT('Ctrl Pts',(100.13549511152,-31.4366283319118,41.9115486028104));
#3898=CARTESIAN_POINT('Ctrl Pts',(99.6657567834973,-47.5044908417089,22.0944078215203));
#3899=CARTESIAN_POINT('Ctrl Pts',(99.1960184554744,-52.3074147212066,-2.96207231455733));
#3900=CARTESIAN_POINT('Ctrl Pts',(98.7262801274516,-44.7064625337876,-27.3161438503584));
#3901=CARTESIAN_POINT('Ctrl Pts',(98.2565417994287,-26.5040798706732,-45.1926239267892));
#3902=CARTESIAN_POINT('Ctrl Pts',(97.7868034714059,-2.01667387557066,-52.3523880414398));
#3903=CARTESIAN_POINT('Ctrl Pts',(97.317065143383,22.9489544315662,-47.0976113796112));
#3904=CARTESIAN_POINT('Ctrl Pts',(96.8473268153601,42.4726011744468,-30.6743811126353));
#3905=CARTESIAN_POINT('Ctrl Pts',(96.3775884873373,51.9245423294917,-6.97720653546502));
#3906=CARTESIAN_POINT('Ctrl Pts',(95.9078501593145,49.063399551351,18.3745022145148));
#3907=CARTESIAN_POINT('Ctrl Pts',(95.4381118312916,34.5676475956894,39.3689883901826));
#3908=CARTESIAN_POINT('Ctrl Pts',(94.9683735032688,11.8747247623684,51.0277416606338));
#3909=CARTESIAN_POINT('Ctrl Pts',(94.4986351752459,-13.6341012281765,50.5860730919701));
#3910=CARTESIAN_POINT('Ctrl Pts',(94.0288968472231,-35.9098157603431,38.1487173994687));
#3911=CARTESIAN_POINT('Ctrl Pts',(93.5591585192001,-49.6700854634043,16.6649967664084));
#3912=CARTESIAN_POINT('Ctrl Pts',(93.0894201911774,-51.6518800207474,-8.77056426284597));
#3913=CARTESIAN_POINT('Ctrl Pts',(92.6196818631545,-41.3852481987473,-32.1263246994454));
#3914=CARTESIAN_POINT('Ctrl Pts',(92.1499435351316,-21.3047593487128,-47.8638353693073));
#3915=CARTESIAN_POINT('Ctrl Pts',(91.6802052071088,3.82781620771134,-52.251194534151));
#3916=CARTESIAN_POINT('Ctrl Pts',(91.2104668790859,28.0526856942665,-44.2480093620663));
#3917=CARTESIAN_POINT('Ctrl Pts',(90.7407285510631,45.6253044722587,-25.7521086317351));
#3918=CARTESIAN_POINT('Ctrl Pts',(90.2709902230403,52.3786039409879,-1.14950265550807));
#3919=CARTESIAN_POINT('Ctrl Pts',(89.8012518950174,46.7111459473252,23.7256896942304));
#3920=CARTESIAN_POINT('Ctrl Pts',(89.3315135669945,29.9668785128482,42.9747099970974));
#3921=CARTESIAN_POINT('Ctrl Pts',(88.8617752389717,6.11643981999146,52.032957547514));
#3922=CARTESIAN_POINT('Ctrl Pts',(88.3920369109489,-19.1844158351558,48.7524122088075));
#3923=CARTESIAN_POINT('Ctrl Pts',(87.922298582926,-39.9359907080971,33.9110034255443));
#3924=CARTESIAN_POINT('Ctrl Pts',(87.4525602549031,-51.217377050341,11.0281365365382));
#3925=CARTESIAN_POINT('Ctrl Pts',(86.9828219268803,-50.3533725080643,-14.4698784881554));
#3926=CARTESIAN_POINT('Ctrl Pts',(86.5130835988574,-37.5488621292852,-36.5365907249152));
#3927=CARTESIAN_POINT('Ctrl Pts',(86.0433452708345,-15.8402329503676,-49.939228306387));
#3928=CARTESIAN_POINT('Ctrl Pts',(85.5736069428118,9.62465683221633,-51.4995678882545));
#3929=CARTESIAN_POINT('Ctrl Pts',(85.1038686147888,32.8072116766104,-40.8475992741497));
#3930=CARTESIAN_POINT('Ctrl Pts',(84.6341302867661,48.2100547786874,-20.5092690322463));
#3931=CARTESIAN_POINT('Ctrl Pts',(84.1643919587431,52.1806467193995,4.69251089721095));
#3932=CARTESIAN_POINT('Ctrl Pts',(83.6946536307204,43.7774220131598,28.7815342240623));
#3933=CARTESIAN_POINT('Ctrl Pts',(83.2249153026974,24.9930773271372,46.0454756865474));
#3934=CARTESIAN_POINT('Ctrl Pts',(82.7551769746747,0.282013169890162,52.3904533572749));
#3935=CARTESIAN_POINT('Ctrl Pts',(82.2854386466517,-24.4959129023511,46.3118787835076));
#3936=CARTESIAN_POINT('Ctrl Pts',(81.8157003186289,-43.4650468935335,29.2511442820094));
#3937=CARTESIAN_POINT('Ctrl Pts',(81.3459619906061,-52.127079814742,5.25402461621155));
#3938=CARTESIAN_POINT('Ctrl Pts',(80.8762236625832,-48.4281060861588,-19.9891265384313));
#3939=CARTESIAN_POINT('Ctrl Pts',(80.4064853345604,-33.244960299823,-40.4919260498032));
#3940=CARTESIAN_POINT('Ctrl Pts',(79.9367470065375,-10.1787253941752,-51.3932009726538));
#3941=CARTESIAN_POINT('Ctrl Pts',(79.4670086785146,15.302092731556,-50.1063956710357));
#3942=CARTESIAN_POINT('Ctrl Pts',(78.9972703504918,37.1525235801449,-36.9396577524422));
#3943=CARTESIAN_POINT('Ctrl Pts',(78.5275320224689,50.1964349511961,-15.0091533684051));
#3944=CARTESIAN_POINT('Ctrl Pts',(78.2143731371204,50.9500578326711,1.97749763644261));
#3945=CARTESIAN_POINT('Ctrl Pts',(78.0577936944461,49.3003183495188,10.0612515566452));
#3946=CARTESIAN_POINT('Ctrl Pts',(96.6922429727584,0.000237177310109526,
46.9487918865039));
#3947=CARTESIAN_POINT('Ctrl Pts',(96.7650219181132,3.57941848871273,46.9494400916428));
#3948=CARTESIAN_POINT('Ctrl Pts',(96.8378008634679,7.15845567398952,46.5451499997815));
#3949=CARTESIAN_POINT('Ctrl Pts',(96.9105798088227,10.642878556872,45.7342859218626));
#3950=CARTESIAN_POINT('Ctrl Pts',(97.067159251497,18.1394009423471,43.9897615297292));
#3951=CARTESIAN_POINT('Ctrl Pts',(97.2237386941712,25.1979831789991,40.3633327377766));
#3952=CARTESIAN_POINT('Ctrl Pts',(97.3803181368455,30.9817097002188,35.2849746607578));
#3953=CARTESIAN_POINT('Ctrl Pts',(97.5368975795198,36.7654362214384,30.206616583739));
#3954=CARTESIAN_POINT('Ctrl Pts',(97.6934770221941,41.2743070272258,23.6763292216541));
#3955=CARTESIAN_POINT('Ctrl Pts',(97.8500564648684,43.9737184197406,16.4683897543274));
#3956=CARTESIAN_POINT('Ctrl Pts',(98.0066359075427,46.6731298122556,9.26045028700064));
#3957=CARTESIAN_POINT('Ctrl Pts',(98.1632153502169,47.563081791498,1.37485871443211));
#3958=CARTESIAN_POINT('Ctrl Pts',(98.3197947928912,46.538055339633,-6.25341330507781));
#3959=CARTESIAN_POINT('Ctrl Pts',(98.4763742355655,45.5130288877679,-13.8816853245878));
#3960=CARTESIAN_POINT('Ctrl Pts',(98.6329536782398,42.5730240047955,-21.2526377910391));
#3961=CARTESIAN_POINT('Ctrl Pts',(98.7895331209141,38.0666285189629,-27.4923183081815));
#3962=CARTESIAN_POINT('Ctrl Pts',(98.9461125635884,33.5602330331305,-33.7319988253238));
#3963=CARTESIAN_POINT('Ctrl Pts',(99.1026920062626,27.4874469444379,-38.8404073931573));
#3964=CARTESIAN_POINT('Ctrl Pts',(99.2592714489369,20.5683028373494,-42.2118548650757));
#3965=CARTESIAN_POINT('Ctrl Pts',(99.4158508916112,13.6491587302608,-45.5833023369941));
#3966=CARTESIAN_POINT('Ctrl Pts',(99.5724303342855,5.88365660477622,-47.2177887129974));
#3967=CARTESIAN_POINT('Ctrl Pts',(99.7290097769597,-1.80747053733383,-46.9215176972649));
#3968=CARTESIAN_POINT('Ctrl Pts',(99.885589219634,-9.49859767944399,-46.6252466815324));
#3969=CARTESIAN_POINT('Ctrl Pts',(100.042168662308,-17.1153498381796,-44.3982182740641));
#3970=CARTESIAN_POINT('Ctrl Pts',(100.198748104983,-23.7546308625452,-40.5044847559612));
#3971=CARTESIAN_POINT('Ctrl Pts',(100.355327547657,-30.3939118869108,-36.6107512378582));
#3972=CARTESIAN_POINT('Ctrl Pts',(100.511906990331,-36.0557217769064,-31.0503126091206));
#3973=CARTESIAN_POINT('Ctrl Pts',(100.668486433005,-40.0687562009014,-24.4824539061328));
#3974=CARTESIAN_POINT('Ctrl Pts',(100.82506587568,-44.0817906248963,-17.914595203145));
#3975=CARTESIAN_POINT('Ctrl Pts',(100.981645318354,-46.4460495828907,-10.339316425907));
#3976=CARTESIAN_POINT('Ctrl Pts',(101.138224761028,-46.8812097660237,-2.65479634676178));
#3977=CARTESIAN_POINT('Ctrl Pts',(101.294804203703,-47.3163699491567,5.0297237323835));
#3978=CARTESIAN_POINT('Ctrl Pts',(101.451383646377,-45.8224313574283,12.823485113436));
#3979=CARTESIAN_POINT('Ctrl Pts',(101.607963089051,-42.576525945541,19.8024041761779));
#3980=CARTESIAN_POINT('Ctrl Pts',(101.764542531726,-39.3306205336537,26.7813232389198));
#3981=CARTESIAN_POINT('Ctrl Pts',(101.9211219744,-34.3327483016076,32.945399983351));
#3982=CARTESIAN_POINT('Ctrl Pts',(102.077701417074,-28.1754924224225,37.5637777588015));
#3983=CARTESIAN_POINT('Ctrl Pts',(102.234280859748,-22.0182365432373,42.182155534252));
#3984=CARTESIAN_POINT('Ctrl Pts',(102.390860302423,-14.7015970169131,45.2548343407217));
#3985=CARTESIAN_POINT('Ctrl Pts',(102.547439745097,-7.09308651581146,46.4174955860803));
#3986=CARTESIAN_POINT('Ctrl Pts',(102.595707487651,-4.7476596844668,46.7759017261827));
#3987=CARTESIAN_POINT('Ctrl Pts',(102.643975230205,-2.3744973915323,46.9528056845677));
#3988=CARTESIAN_POINT('Ctrl Pts',(102.692242972758,-0.00103931180619465,
46.9508031859732));
#3989=CARTESIAN_POINT('Origin',(37.5,0.,0.));
#3990=CARTESIAN_POINT('',(35.,5.13769948412293E-15,41.9525));
#3991=CARTESIAN_POINT('',(37.5,-5.44386118390977E-15,44.4525));
#3992=CARTESIAN_POINT('Origin',(35.,0.,0.));
#3993=CARTESIAN_POINT('Origin',(35.,0.,0.));
#3994=CARTESIAN_POINT('',(35.,-2.75545529808154E-15,-22.5));
#3995=CARTESIAN_POINT('Origin',(35.,0.,0.));
#3996=CARTESIAN_POINT('Origin',(120.,0.,0.));
#3997=CARTESIAN_POINT('Origin',(80.,50.,0.));
#3998=CARTESIAN_POINT('',(80.,-7.34788079488412E-15,60.));
#3999=CARTESIAN_POINT('Origin',(80.,0.,0.));
#4000=CARTESIAN_POINT('',(80.,-55.,-6.73555739531044E-15));
#4001=CARTESIAN_POINT('Origin',(80.,0.,0.));
#4002=CARTESIAN_POINT('Origin',(120.,0.,0.));
#4003=CARTESIAN_POINT('',(120.,-6.12323399573677E-15,50.));
#4004=CARTESIAN_POINT('Origin',(120.,0.,0.));
#4005=CARTESIAN_POINT('Origin',(75.,0.,0.));
#4006=CARTESIAN_POINT('',(70.,-55.,6.73555739531044E-15));
#4007=CARTESIAN_POINT('Origin',(70.,0.,0.));
#4008=CARTESIAN_POINT('',(75.,-55.,-6.73555739531044E-15));
#4009=CARTESIAN_POINT('Origin',(-55.,0.,0.));
#4010=CARTESIAN_POINT('',(-30.,-6.12323399573677E-15,50.));
#4011=CARTESIAN_POINT('Origin',(-30.,0.,0.));
#4012=CARTESIAN_POINT('',(-40.,-6.12323399573677E-15,50.));
#4013=CARTESIAN_POINT('',(-55.,-6.12323399573677E-15,50.));
#4014=CARTESIAN_POINT('Origin',(-40.,0.,0.));
#4015=CARTESIAN_POINT('Origin',(70.,70.,0.));
#4016=CARTESIAN_POINT('',(70.,7.34788079488412E-15,60.));
#4017=CARTESIAN_POINT('Origin',(70.,0.,0.));
#4018=CARTESIAN_POINT('Origin',(60.,0.,0.));
#4019=CARTESIAN_POINT('',(32.3606797749979,-7.34788079488412E-15,60.));
#4020=CARTESIAN_POINT('',(60.,-7.34788079488412E-15,60.));
#4021=CARTESIAN_POINT('',(32.3606797749979,-59.1607978309962,10.));
#4022=CARTESIAN_POINT('Origin',(32.3606797749979,0.,0.));
#4023=CARTESIAN_POINT('',(54.,-59.1607978309962,10.));
#4024=CARTESIAN_POINT('',(60.,-59.1607978309962,10.));
#4025=CARTESIAN_POINT('',(60.,-59.8665181883831,4.));
#4026=CARTESIAN_POINT('Ctrl Pts',(60.,-59.8665181883831,4.));
#4027=CARTESIAN_POINT('Ctrl Pts',(60.,-59.8160069626404,4.7559828036604));
#4028=CARTESIAN_POINT('Ctrl Pts',(59.8484920788871,-59.7463738340889,5.5609347997288));
#4029=CARTESIAN_POINT('Ctrl Pts',(59.2343431693196,-59.5901692761385,7.04023492775436));
#4030=CARTESIAN_POINT('Ctrl Pts',(58.771758174827,-59.5043922264365,7.71469007853091));
#4031=CARTESIAN_POINT('Ctrl Pts',(57.7067470475659,-59.3569227512754,8.77736280737652));
#4032=CARTESIAN_POINT('Ctrl Pts',(57.0337661658483,-59.2854018356526,9.2378023746309));
#4033=CARTESIAN_POINT('Ctrl Pts',(55.5574574534803,-59.1869071066932,9.84915688737236));
#4034=CARTESIAN_POINT('Ctrl Pts',(54.7540423255791,-59.1607978309962,10.));
#4035=CARTESIAN_POINT('Ctrl Pts',(54.,-59.1607978309962,10.));
#4036=CARTESIAN_POINT('',(60.,-59.8665181883831,-4.));
#4037=CARTESIAN_POINT('Origin',(60.,0.,0.));
#4038=CARTESIAN_POINT('',(54.,-59.1607978309962,-10.));
#4039=CARTESIAN_POINT('Ctrl Pts',(54.,-59.1607978309962,-10.));
#4040=CARTESIAN_POINT('Ctrl Pts',(54.7551513194929,-59.1607978309962,-10.));
#4041=CARTESIAN_POINT('Ctrl Pts',(55.5596692384319,-59.1869847129936,-9.84871677804585));
#4042=CARTESIAN_POINT('Ctrl Pts',(57.0376584526455,-59.2857317636296,-9.23571275625377));
#4043=CARTESIAN_POINT('Ctrl Pts',(57.71121750839,-59.3574228399317,-8.77406386584862));
#4044=CARTESIAN_POINT('Ctrl Pts',(58.7750550568005,-59.5049689337262,-7.71022631743811));
#4045=CARTESIAN_POINT('Ctrl Pts',(59.2364306162929,-59.5906174831831,-7.03635058467853));
#4046=CARTESIAN_POINT('Ctrl Pts',(59.8489310615888,-59.7465685488058,-5.55872900881635));
#4047=CARTESIAN_POINT('Ctrl Pts',(60.,-59.8160808683872,-4.75487668372617));
#4048=CARTESIAN_POINT('Ctrl Pts',(60.,-59.8665181883831,-4.));
#4049=CARTESIAN_POINT('',(32.3606797749979,-59.1607978309962,-10.));
#4050=CARTESIAN_POINT('',(60.,-59.1607978309962,-10.));
#4051=CARTESIAN_POINT('Origin',(32.3606797749979,0.,0.));
#4052=CARTESIAN_POINT('Origin',(54.,-70.,-4.));
#4053=CARTESIAN_POINT('',(54.,-50.,-10.));
#4054=CARTESIAN_POINT('',(60.,-50.,-4.));
#4055=CARTESIAN_POINT('Origin',(54.,-50.,-4.));
#4056=CARTESIAN_POINT('',(54.,-70.,-10.));
#4057=CARTESIAN_POINT('',(60.,-70.,-4.));
#4058=CARTESIAN_POINT('Origin',(40.,-50.,0.));
#4059=CARTESIAN_POINT('',(60.,-50.,4.));
#4060=CARTESIAN_POINT('',(60.,-50.,10.));
#4061=CARTESIAN_POINT('',(54.,-50.,10.));
#4062=CARTESIAN_POINT('Origin',(54.,-50.,4.));
#4063=CARTESIAN_POINT('',(27.8557773429618,-50.,10.));
#4064=CARTESIAN_POINT('',(20.,-50.,10.));
#4065=CARTESIAN_POINT('',(27.8557773429618,-50.,-10.));
#4066=CARTESIAN_POINT('Ctrl Pts',(27.8557773429618,-50.,-10.));
#4067=CARTESIAN_POINT('Ctrl Pts',(26.8751966672709,-50.,3.33066907387547E-15));
#4068=CARTESIAN_POINT('Ctrl Pts',(27.8557773429618,-50.,10.));
#4069=CARTESIAN_POINT('',(60.,-50.,-10.));
#4070=CARTESIAN_POINT('Origin',(60.,-70.,10.));
#4071=CARTESIAN_POINT('',(60.,-70.,4.));
#4072=CARTESIAN_POINT('Origin',(54.,-70.,4.));
#4073=CARTESIAN_POINT('',(54.,-70.,10.));
#4074=CARTESIAN_POINT('Origin',(20.,-70.,10.));
#4075=CARTESIAN_POINT('Ctrl Pts',(27.8557773429618,-50.,10.));
#4076=CARTESIAN_POINT('Ctrl Pts',(29.9192023643692,-54.2085777795967,10.));
#4077=CARTESIAN_POINT('Ctrl Pts',(32.3606797749979,-59.1607978309962,10.));
#4078=CARTESIAN_POINT('Origin',(60.,-70.,-10.));
#4079=CARTESIAN_POINT('Ctrl Pts',(32.3606797749979,-59.1607978309962,-10.));
#4080=CARTESIAN_POINT('Ctrl Pts',(29.9192023643692,-54.2085777795967,-10.));
#4081=CARTESIAN_POINT('Ctrl Pts',(27.8557773429618,-50.,-10.));
#4082=CARTESIAN_POINT('Origin',(60.,0.,0.));
#4083=CARTESIAN_POINT('',(110.,-7.34788079488412E-15,60.));
#4084=CARTESIAN_POINT('Origin',(110.,0.,0.));
#4085=CARTESIAN_POINT('',(60.,-7.34788079488412E-15,60.));
#4086=CARTESIAN_POINT('Origin',(-40.,0.,0.));
#4087=CARTESIAN_POINT('',(-40.,3.06161699786838E-15,25.));
#4088=CARTESIAN_POINT('Origin',(-40.,0.,0.));
#4089=CARTESIAN_POINT('Origin',(-35.,0.,0.));
#4090=CARTESIAN_POINT('',(-30.,-1.83697019872103E-15,15.));
#4091=CARTESIAN_POINT('',(-35.,2.44929359829471E-15,20.));
#4092=CARTESIAN_POINT('Origin',(-30.,0.,0.));
#4093=CARTESIAN_POINT('Origin',(35.,0.,0.));
#4094=CARTESIAN_POINT('',(27.5,1.83697019872103E-15,15.));
#4095=CARTESIAN_POINT('',(27.5,-1.83697019872103E-15,-15.));
#4096=CARTESIAN_POINT('Origin',(27.5,0.,0.));
#4097=CARTESIAN_POINT('',(35.,1.83697019872103E-15,15.));
#4098=CARTESIAN_POINT('Origin',(27.5,0.,0.));
#4099=CARTESIAN_POINT('Origin',(22.2656797749979,3.59810362502843E-15,0.));
#4100=CARTESIAN_POINT('',(22.2656797749979,37.2320450755296,-14.0929386393943));
#4101=CARTESIAN_POINT('Ctrl Pts',(22.2656797749979,-27.8453800139488,-23.393596792364));
#4102=CARTESIAN_POINT('Ctrl Pts',(22.2656797749979,-27.4454102234537,-23.9172366221981));
#4103=CARTESIAN_POINT('Ctrl Pts',(22.2656797749979,-27.0316065380981,-24.429521523212));
#4104=CARTESIAN_POINT('Ctrl Pts',(22.2656797749979,-26.6044089294229,-24.9298572914693));
#4105=CARTESIAN_POINT('Ctrl Pts',(22.2656797749979,-26.1766499855614,-25.4308504980313));
#4106=CARTESIAN_POINT('Ctrl Pts',(22.2656797749979,-25.73546167377,-25.9198635820695));
#4107=CARTESIAN_POINT('Ctrl Pts',(22.2656797749979,-25.2812388297367,-26.3962772403485));
#4108=CARTESIAN_POINT('Ctrl Pts',(22.2656797749979,-25.2033256747781,-26.4779968008451));
#4109=CARTESIAN_POINT('Ctrl Pts',(22.2656797749979,-25.1250289009385,-26.559345588106));
#4110=CARTESIAN_POINT('Ctrl Pts',(22.2656797749979,-25.0463503699761,-26.6403203949303));
#4111=CARTESIAN_POINT('Ctrl Pts',(22.2656797749979,-24.5917419534483,-27.1081968061795));
#4112=CARTESIAN_POINT('Ctrl Pts',(22.2656797749979,-24.1243915608688,-27.5635902203669));
#4113=CARTESIAN_POINT('Ctrl Pts',(22.2656797749979,-23.6449486535512,-28.0061969447668));
#4114=CARTESIAN_POINT('Ctrl Pts',(22.2656797749979,-23.1491755655824,-28.4638791821351));
#4115=CARTESIAN_POINT('Ctrl Pts',(22.2656797749979,-22.6404719908924,-28.9078893552787));
#4116=CARTESIAN_POINT('Ctrl Pts',(22.2656797749979,-22.1195137661484,-29.3378521747625));
#4117=CARTESIAN_POINT('Ctrl Pts',(22.2656797749979,-21.8915945428229,-29.5259609082866));
#4118=CARTESIAN_POINT('Ctrl Pts',(22.2656797749979,-21.6613291868324,-29.7113803456993));
#4119=CARTESIAN_POINT('Ctrl Pts',(22.2656797749979,-21.4287720293374,-29.8940764140301));
#4120=CARTESIAN_POINT('Ctrl Pts',(22.2656797749979,-21.3311554645166,-29.9707636370286));
#4121=CARTESIAN_POINT('Ctrl Pts',(22.2656797749979,-21.2331350857028,-30.0469710023262));
#4122=CARTESIAN_POINT('Ctrl Pts',(22.2656797749979,-21.1347148454235,-30.1226959006048));
#4123=CARTESIAN_POINT('Ctrl Pts',(22.2656797749979,-21.0720868690675,-30.1708820981338));
#4124=CARTESIAN_POINT('Ctrl Pts',(22.2656797749979,-21.009294663987,-30.2188746499738));
#4125=CARTESIAN_POINT('Ctrl Pts',(22.2656797749979,-20.9463590935835,-30.2666579297679));
#4126=CARTESIAN_POINT('Ctrl Pts',(22.2656797749979,-20.4210208739567,-30.6655163650539));
#4127=CARTESIAN_POINT('Ctrl Pts',(22.2656797749979,-19.8854161052973,-31.0500139815809));
#4128=CARTESIAN_POINT('Ctrl Pts',(22.2656797749979,-19.3402371322222,-31.4198744762707));
#4129=CARTESIAN_POINT('Ctrl Pts',(22.2656797749979,-18.7914840361422,-31.7921597286419));
#4130=CARTESIAN_POINT('Ctrl Pts',(22.2656797749979,-18.2330304417842,-32.1496156079337));
#4131=CARTESIAN_POINT('Ctrl Pts',(22.2656797749979,-17.6655428774916,-32.491925093613));
#4132=CARTESIAN_POINT('Ctrl Pts',(22.2656797749979,-17.0963676346387,-32.8352525899348));
#4133=CARTESIAN_POINT('Ctrl Pts',(22.2656797749979,-16.5181042295016,-33.1633437568761));
#4134=CARTESIAN_POINT('Ctrl Pts',(22.2656797749979,-15.9313910427421,-33.4758390297592));
#4135=CARTESIAN_POINT('Ctrl Pts',(22.2656797749979,-15.3463530801154,-33.7874420444925));
#4136=CARTESIAN_POINT('Ctrl Pts',(22.2656797749979,-14.7529131131597,-34.0835383506512));
#4137=CARTESIAN_POINT('Ctrl Pts',(22.2656797749979,-14.1516761399075,-34.3637280529453));
#4138=CARTESIAN_POINT('Ctrl Pts',(22.2656797749979,-13.7937822952977,-34.5305144853095));
#4139=CARTESIAN_POINT('Ctrl Pts',(22.2656797749979,-13.4331251753527,-34.6916637663406));
#4140=CARTESIAN_POINT('Ctrl Pts',(22.2656797749979,-13.069828566219,-34.8470836485734));
#4141=CARTESIAN_POINT('Ctrl Pts',(22.2656797749979,-12.9458489172423,-34.9001226859847));
#4142=CARTESIAN_POINT('Ctrl Pts',(22.2656797749979,-12.8215618507204,-34.9524944230496));
#4143=CARTESIAN_POINT('Ctrl Pts',(22.2656797749979,-12.6969722221513,-35.0041950279682));
#4144=CARTESIAN_POINT('Ctrl Pts',(22.2656797749979,-12.6350584192482,-35.0298872232148));
#4145=CARTESIAN_POINT('Ctrl Pts',(22.2656797749979,-12.5730685654109,-35.0554141922772));
#4146=CARTESIAN_POINT('Ctrl Pts',(22.2656797749979,-12.511022602215,-35.0807676479558));
#4147=CARTESIAN_POINT('Ctrl Pts',(22.2656797749979,-11.8894902865304,-35.3347405288144));
#4148=CARTESIAN_POINT('Ctrl Pts',(22.2656797749979,-11.2618896007431,-35.5714894585505));
#4149=CARTESIAN_POINT('Ctrl Pts',(22.2656797749979,-10.6289071325539,-35.790726909308));
#4150=CARTESIAN_POINT('Ctrl Pts',(22.2656797749979,-10.3344240287509,-35.8927229806266));
#4151=CARTESIAN_POINT('Ctrl Pts',(22.2656797749979,-10.0387755852131,-35.9909283271722));
#4152=CARTESIAN_POINT('Ctrl Pts',(22.2656797749979,-9.74202847144079,-36.0853110564608));
#4153=CARTESIAN_POINT('Ctrl Pts',(22.2656797749979,-9.11531282173643,-36.2846428469372));
#4154=CARTESIAN_POINT('Ctrl Pts',(22.2656797749979,-8.48369840943185,-36.4669275207326));
#4155=CARTESIAN_POINT('Ctrl Pts',(22.2656797749979,-7.84790762725436,-36.6322656652986));
#4156=CARTESIAN_POINT('Ctrl Pts',(22.2656797749979,-7.17981718247558,-36.8060033753102));
#4157=CARTESIAN_POINT('Ctrl Pts',(22.2656797749979,-6.50711496644188,-36.9610294599617));
#4158=CARTESIAN_POINT('Ctrl Pts',(22.2656797749979,-5.83061213744754,-37.0974061699579));
#4159=CARTESIAN_POINT('Ctrl Pts',(22.2656797749979,-5.17421592629382,-37.2297295718632));
#4160=CARTESIAN_POINT('Ctrl Pts',(22.2656797749979,-4.51424108750692,-37.3444954891904));
#4161=CARTESIAN_POINT('Ctrl Pts',(22.2656797749979,-3.85141077600455,-37.4417098307998));
#4162=CARTESIAN_POINT('Ctrl Pts',(22.2656797749979,-3.18793559491692,-37.5390187525318));
#4163=CARTESIAN_POINT('Ctrl Pts',(22.2656797749979,-2.52159891639704,-37.6187419948607));
#4164=CARTESIAN_POINT('Ctrl Pts',(22.2656797749979,-1.8531154735036,-37.6808343144229));
#4165=CARTESIAN_POINT('Ctrl Pts',(22.2656797749979,-1.1865605060803,-37.7427475068632));
#4166=CARTESIAN_POINT('Ctrl Pts',(22.2656797749979,-0.517870673182487,-37.7871313923296));
#4167=CARTESIAN_POINT('Ctrl Pts',(22.2656797749979,0.152248919613993,-37.8138895525639));
#4168=CARTESIAN_POINT('Ctrl Pts',(22.2656797749979,0.506026123340922,-37.8280160267131));
#4169=CARTESIAN_POINT('Ctrl Pts',(22.2656797749979,0.860201833082546,-37.8372291384695));
#4170=CARTESIAN_POINT('Ctrl Pts',(22.2656797749979,1.21467200922095,-37.8415088192994));
#4171=CARTESIAN_POINT('Ctrl Pts',(22.2656797749979,1.34303674678696,-37.8430586255837));
#4172=CARTESIAN_POINT('Ctrl Pts',(22.2656797749979,1.47144009633045,-37.8439614274604));
#4173=CARTESIAN_POINT('Ctrl Pts',(22.2656797749979,1.59987710044055,-37.8442161389515));
#4174=CARTESIAN_POINT('Ctrl Pts',(22.2656797749979,1.65917036247138,-37.8443337271441));
#4175=CARTESIAN_POINT('Ctrl Pts',(22.2656797749979,1.71846277927158,-37.8443131627879));
#4176=CARTESIAN_POINT('Ctrl Pts',(22.2656797749979,1.77774570149319,-37.84415450589));
#4177=CARTESIAN_POINT('Ctrl Pts',(22.2656797749979,2.45590411198821,-37.8423395732642));
#4178=CARTESIAN_POINT('Ctrl Pts',(22.2656797749979,3.13315133091553,-37.8224588708747));
#4179=CARTESIAN_POINT('Ctrl Pts',(22.2656797749979,3.80874237368999,-37.7846030960226));
#4180=CARTESIAN_POINT('Ctrl Pts',(22.2656797749979,4.48733898986056,-37.7465789081773));
#4181=CARTESIAN_POINT('Ctrl Pts',(22.2656797749979,5.16426512408732,-37.6904194299884));
#4182=CARTESIAN_POINT('Ctrl Pts',(22.2656797749979,5.83878046199158,-37.6161659487573));
#4183=CARTESIAN_POINT('Ctrl Pts',(22.2656797749979,6.51428792963708,-37.5418032497175));
#4184=CARTESIAN_POINT('Ctrl Pts',(22.2656797749979,7.18737797988106,-37.449293334223));
#4185=CARTESIAN_POINT('Ctrl Pts',(22.2656797749979,7.85731462041313,-37.3386260924673));
#4186=CARTESIAN_POINT('Ctrl Pts',(22.2656797749979,8.10582059202122,-37.2975752396347));
#4187=CARTESIAN_POINT('Ctrl Pts',(22.2656797749979,8.35389270544713,-37.2540254954969));
#4188=CARTESIAN_POINT('Ctrl Pts',(22.2656797749979,8.60149345775832,-37.2079745197206));
#4189=CARTESIAN_POINT('Ctrl Pts',(22.2656797749979,9.26354569862501,-37.0848401939067));
#4190=CARTESIAN_POINT('Ctrl Pts',(22.2656797749979,9.92222832396685,-36.9438268680037));
#4191=CARTESIAN_POINT('Ctrl Pts',(22.2656797749979,10.5769206899774,-36.7853046796964));
#4192=CARTESIAN_POINT('Ctrl Pts',(22.2656797749979,11.261853735028,-36.6194602452989));
#4193=CARTESIAN_POINT('Ctrl Pts',(22.2656797749979,11.9424199494237,-36.4344523458828));
#4194=CARTESIAN_POINT('Ctrl Pts',(22.2656797749979,12.617898074793,-36.2306454302977));
#4195=CARTESIAN_POINT('Ctrl Pts',(22.2656797749979,13.208941434491,-36.0523143791607));
#4196=CARTESIAN_POINT('Ctrl Pts',(22.2656797749979,13.7960892868403,-35.8595893401756));
#4197=CARTESIAN_POINT('Ctrl Pts',(22.2656797749979,14.3788469390984,-35.6526781322412));
#4198=CARTESIAN_POINT('Ctrl Pts',(22.2656797749979,14.8887598848243,-35.4716308252986));
#4199=CARTESIAN_POINT('Ctrl Pts',(22.2656797749979,15.3953115356871,-35.2797216849988));
#4200=CARTESIAN_POINT('Ctrl Pts',(22.2656797749979,15.8981611439212,-35.0770695981993));
#4201=CARTESIAN_POINT('Ctrl Pts',(22.2656797749979,15.9603624441052,-35.0520020172019));
#4202=CARTESIAN_POINT('Ctrl Pts',(22.2656797749979,16.0225070863056,-35.0267700340774));
#4203=CARTESIAN_POINT('Ctrl Pts',(22.2656797749979,16.0845944145389,-35.0013738543008));
#4204=CARTESIAN_POINT('Ctrl Pts',(22.2656797749979,16.1306056968848,-34.9825534149059));
#4205=CARTESIAN_POINT('Ctrl Pts',(22.2656797749979,16.1765822930223,-34.9636441015324));
#4206=CARTESIAN_POINT('Ctrl Pts',(22.2656797749979,16.2225161480552,-34.9446492946636));
#4207=CARTESIAN_POINT('Ctrl Pts',(22.2656797749979,16.8521894626357,-34.6842635074856));
#4208=CARTESIAN_POINT('Ctrl Pts',(22.2656797749979,17.4742660939855,-34.4076388096328));
#4209=CARTESIAN_POINT('Ctrl Pts',(22.2656797749979,18.0881389315341,-34.1152256909882));
#4210=CARTESIAN_POINT('Ctrl Pts',(22.2656797749979,18.7070652231273,-33.8204054023781));
#4211=CARTESIAN_POINT('Ctrl Pts',(22.2656797749979,19.317652525369,-33.5095355652617));
#4212=CARTESIAN_POINT('Ctrl Pts',(22.2656797749979,19.9192727854241,-33.1830252890561));
#4213=CARTESIAN_POINT('Ctrl Pts',(22.2656797749979,20.5244937712693,-32.8545608333618));
#4214=CARTESIAN_POINT('Ctrl Pts',(22.2656797749979,21.1206405056205,-32.5102680244482));
#4215=CARTESIAN_POINT('Ctrl Pts',(22.2656797749979,21.7070610910662,-32.1505122756767));
#4216=CARTESIAN_POINT('Ctrl Pts',(22.2656797749979,22.2932830694776,-31.7908783678229));
#4217=CARTESIAN_POINT('Ctrl Pts',(22.2656797749979,22.8697859266864,-31.415791805734));
#4218=CARTESIAN_POINT('Ctrl Pts',(22.2656797749979,23.4358993110576,-31.0255692396735));
#4219=CARTESIAN_POINT('Ctrl Pts',(22.2656797749979,23.9988706373923,-30.6375124976044));
#4220=CARTESIAN_POINT('Ctrl Pts',(22.2656797749979,24.5515679130191,-30.234487083921));
#4221=CARTESIAN_POINT('Ctrl Pts',(22.2656797749979,25.0933066222561,-29.8167596229229));
#4222=CARTESIAN_POINT('Ctrl Pts',(22.2656797749979,25.2837096251313,-29.6699424182422));
#4223=CARTESIAN_POINT('Ctrl Pts',(22.2656797749979,25.4727586723752,-29.5213086983308));
#4224=CARTESIAN_POINT('Ctrl Pts',(22.2656797749979,25.6604231507872,-29.3708687904952));
#4225=CARTESIAN_POINT('Ctrl Pts',(22.2656797749979,26.1961151600048,-28.9414350629354));
#4226=CARTESIAN_POINT('Ctrl Pts',(22.2656797749979,26.7205279072475,-28.4972867817485));
#4227=CARTESIAN_POINT('Ctrl Pts',(22.2656797749979,27.233245263828,-28.0389873734521));
#4228=CARTESIAN_POINT('Ctrl Pts',(22.2656797749979,27.5019853680822,-27.7987703626868));
#4229=CARTESIAN_POINT('Ctrl Pts',(22.2656797749979,27.7675117928909,-27.554664945195));
#4230=CARTESIAN_POINT('Ctrl Pts',(22.2656797749979,28.0297605135114,-27.3067482858638));
#4231=CARTESIAN_POINT('Ctrl Pts',(22.2656797749979,28.1526896013023,-27.1905373518023));
#4232=CARTESIAN_POINT('Ctrl Pts',(22.2656797749979,28.274898448287,-27.0734889497279));
#4233=CARTESIAN_POINT('Ctrl Pts',(22.2656797749979,28.3963802314428,-26.9556108380535));
#4234=CARTESIAN_POINT('Ctrl Pts',(22.2656797749979,28.4510962362408,-26.902517944976));
#4235=CARTESIAN_POINT('Ctrl Pts',(22.2656797749979,28.5056647434557,-26.8492567315464));
#4236=CARTESIAN_POINT('Ctrl Pts',(22.2656797749979,28.5600851196639,-26.7958278990123));
#4237=CARTESIAN_POINT('Ctrl Pts',(22.2656797749979,28.6136838255157,-26.7432057659339));
#4238=CARTESIAN_POINT('Ctrl Pts',(22.2656797749979,28.667142659745,-26.6904172012497));
#4239=CARTESIAN_POINT('Ctrl Pts',(22.2656797749979,28.7204385589979,-26.6374852952599));
#4240=CARTESIAN_POINT('Ctrl Pts',(22.2656797749979,29.207142024108,-26.154105852916));
#4241=CARTESIAN_POINT('Ctrl Pts',(22.2656797749979,29.6805680364732,-25.6584770343193));
#4242=CARTESIAN_POINT('Ctrl Pts',(22.2656797749979,30.1404170705608,-25.1512939313035));
#4243=CARTESIAN_POINT('Ctrl Pts',(22.2656797749979,30.6046320696438,-24.6392954573509));
#4244=CARTESIAN_POINT('Ctrl Pts',(22.2656797749979,31.0550113691113,-24.1155219806762));
#4245=CARTESIAN_POINT('Ctrl Pts',(22.2656797749979,31.4912204492438,-23.5806418207622));
#4246=CARTESIAN_POINT('Ctrl Pts',(22.2656797749979,31.9303425163413,-23.0421897523192));
#4247=CARTESIAN_POINT('Ctrl Pts',(22.2656797749979,32.3551047935491,-22.4924818546659));
#4248=CARTESIAN_POINT('Ctrl Pts',(22.2656797749979,32.7651346618973,-21.9321572365683));
#4249=CARTESIAN_POINT('Ctrl Pts',(22.2656797749979,33.1765148896627,-21.3699872904028));
#4250=CARTESIAN_POINT('Ctrl Pts',(22.2656797749979,33.573065824744,-20.7971302385864));
#4251=CARTESIAN_POINT('Ctrl Pts',(22.2656797749979,33.9543749711584,-20.2141936502263));
#4252=CARTESIAN_POINT('Ctrl Pts',(22.2656797749979,34.334922259738,-19.6324217724723));
#4253=CARTESIAN_POINT('Ctrl Pts',(22.2656797749979,34.7002888898401,-19.0406102253488));
#4254=CARTESIAN_POINT('Ctrl Pts',(22.2656797749979,35.0500244205451,-18.4393306704199));
#4255=CARTESIAN_POINT('Ctrl Pts',(22.2656797749979,35.3980700912629,-17.8409563915407));
#4256=CARTESIAN_POINT('Ctrl Pts',(22.2656797749979,35.730635614515,-17.233205005322));
#4257=CARTESIAN_POINT('Ctrl Pts',(22.2656797749979,36.047232923085,-16.6166135110396));
#4258=CARTESIAN_POINT('Ctrl Pts',(22.2656797749979,36.3602788343315,-16.0069385676032));
#4259=CARTESIAN_POINT('Ctrl Pts',(22.2656797749979,36.6577129704954,-15.3886203533598));
#4260=CARTESIAN_POINT('Ctrl Pts',(22.2656797749979,36.9390168586177,-14.7621577137452));
#4261=CARTESIAN_POINT('Ctrl Pts',(22.2656797749979,37.0387282260142,-14.5401008952782));
#4262=CARTESIAN_POINT('Ctrl Pts',(22.2656797749979,37.1364124970972,-14.3170206271238));
#4263=CARTESIAN_POINT('Ctrl Pts',(22.2656797749979,37.2320450755297,-14.092938639394));
#4264=CARTESIAN_POINT('',(22.2656797749979,-4.87531890740561E-15,39.81));
#4265=CARTESIAN_POINT('Origin',(22.2656797749979,0.,0.));
#4266=CARTESIAN_POINT('',(22.2656797749979,34.5403624853199,19.7937469363101));
#4267=CARTESIAN_POINT('Origin',(22.2656797749979,0.,0.));
#4268=CARTESIAN_POINT('Ctrl Pts',(22.2656797749979,34.5403624853199,19.7937469363101));
#4269=CARTESIAN_POINT('Ctrl Pts',(22.2656797749979,34.1683207253736,20.3859706437017));
#4270=CARTESIAN_POINT('Ctrl Pts',(22.2656797749979,33.7810482475384,20.967824850452));
#4271=CARTESIAN_POINT('Ctrl Pts',(22.2656797749979,33.3788485341303,21.5386536952088));
#4272=CARTESIAN_POINT('Ctrl Pts',(22.2656797749979,32.9785356953146,22.1068045608228));
#4273=CARTESIAN_POINT('Ctrl Pts',(22.2656797749979,32.563435102369,22.6640336449603));
#4274=CARTESIAN_POINT('Ctrl Pts',(22.2656797749979,32.1338040508441,23.2096642809765));
#4275=CARTESIAN_POINT('Ctrl Pts',(22.2656797749979,32.0328183765758,23.3379158993919));
#4276=CARTESIAN_POINT('Ctrl Pts',(22.2656797749979,31.9310297279751,23.4655265646302));
#4277=CARTESIAN_POINT('Ctrl Pts',(22.2656797749979,31.8284411306159,23.5924872124925));
#4278=CARTESIAN_POINT('Ctrl Pts',(22.2656797749979,31.3897959626902,24.1353416440286));
#4279=CARTESIAN_POINT('Ctrl Pts',(22.2656797749979,30.9365287173552,24.6663153831067));
#4280=CARTESIAN_POINT('Ctrl Pts',(22.2656797749979,30.4692384306768,25.1849607476795));
#4281=CARTESIAN_POINT('Ctrl Pts',(22.2656797749979,29.9906401026234,25.716156904359));
#4282=CARTESIAN_POINT('Ctrl Pts',(22.2656797749979,29.4973315412153,26.2344212683044));
#4283=CARTESIAN_POINT('Ctrl Pts',(22.2656797749979,28.9899220222143,26.7392280444478));
#4284=CARTESIAN_POINT('Ctrl Pts',(22.2656797749979,28.7679303576514,26.9600810090105));
#4285=CARTESIAN_POINT('Ctrl Pts',(22.2656797749979,28.5432392725911,27.1783574949052));
#4286=CARTESIAN_POINT('Ctrl Pts',(22.2656797749979,28.3158980231087,27.3940105112033));
#4287=CARTESIAN_POINT('Ctrl Pts',(22.2656797749979,28.1885117481462,27.514847510618));
#4288=CARTESIAN_POINT('Ctrl Pts',(22.2656797749979,28.0602933818697,27.6348607847817));
#4289=CARTESIAN_POINT('Ctrl Pts',(22.2656797749979,27.9312514602872,27.7540418063857));
#4290=CARTESIAN_POINT('Ctrl Pts',(22.2656797749979,27.8838174603228,27.7978510778627));
#4291=CARTESIAN_POINT('Ctrl Pts',(22.2656797749979,27.8362732685114,27.8415468622321));
#4292=CARTESIAN_POINT('Ctrl Pts',(22.2656797749979,27.7886284932402,27.8851204390782));
#4293=CARTESIAN_POINT('Ctrl Pts',(22.2656797749979,27.2768052241476,28.3532089214041));
#4294=CARTESIAN_POINT('Ctrl Pts',(22.2656797749979,26.7530919717879,28.8074619903541));
#4295=CARTESIAN_POINT('Ctrl Pts',(22.2656797749979,26.2181081186067,29.2474777481327));
#4296=CARTESIAN_POINT('Ctrl Pts',(22.2656797749979,25.6822066079294,29.6882482646879));
#4297=CARTESIAN_POINT('Ctrl Pts',(22.2656797749979,25.1349954110771,30.1147328599864));
#4298=CARTESIAN_POINT('Ctrl Pts',(22.2656797749979,24.5770643111506,30.5264868322225));
#4299=CARTESIAN_POINT('Ctrl Pts',(22.2656797749979,24.0203127213338,30.9373703242631));
#4300=CARTESIAN_POINT('Ctrl Pts',(22.2656797749979,23.4528861083163,31.3335856587237));
#4301=CARTESIAN_POINT('Ctrl Pts',(22.2656797749979,22.8753438079821,31.7146465498403));
#4302=CARTESIAN_POINT('Ctrl Pts',(22.2656797749979,22.3033717251837,32.0920322260736));
#4303=CARTESIAN_POINT('Ctrl Pts',(22.2656797749979,21.7214777369549,32.454554550645));
#4304=CARTESIAN_POINT('Ctrl Pts',(22.2656797749979,21.1301849182007,32.8016944751905));
#4305=CARTESIAN_POINT('Ctrl Pts',(22.2656797749979,20.7655871492495,33.0157448373609));
#4306=CARTESIAN_POINT('Ctrl Pts',(22.2656797749979,20.3974154838513,33.2239457393639));
#4307=CARTESIAN_POINT('Ctrl Pts',(22.2656797749979,20.0257896533625,33.4261660442774));
#4308=CARTESIAN_POINT('Ctrl Pts',(22.2656797749979,19.8717665973217,33.5099777355027));
#4309=CARTESIAN_POINT('Ctrl Pts',(22.2656797749979,19.7171501800609,33.5927620220984));
#4310=CARTESIAN_POINT('Ctrl Pts',(22.2656797749979,19.5619488389122,33.6745091874053));
#4311=CARTESIAN_POINT('Ctrl Pts',(22.2656797749979,19.4999464681599,33.7071668823311));
#4312=CARTESIAN_POINT('Ctrl Pts',(22.2656797749979,19.4378486659125,33.7396601009516));
#4313=CARTESIAN_POINT('Ctrl Pts',(22.2656797749979,19.3756763403037,33.7719777214478));
#4314=CARTESIAN_POINT('Ctrl Pts',(22.2656797749979,18.766492564575,34.0886358146377));
#4315=CARTESIAN_POINT('Ctrl Pts',(22.2656797749979,18.1497411906291,34.3886591794006));
#4316=CARTESIAN_POINT('Ctrl Pts',(22.2656797749979,17.5260031435759,34.6716544486653));
#4317=CARTESIAN_POINT('Ctrl Pts',(22.2656797749979,17.2193447174839,34.8107879908216));
#4318=CARTESIAN_POINT('Ctrl Pts',(22.2656797749979,16.9109970609332,34.9458049069234));
#4319=CARTESIAN_POINT('Ctrl Pts',(22.2656797749979,16.6010268849241,35.076654455376));
#4320=CARTESIAN_POINT('Ctrl Pts',(22.2656797749979,15.9746217306707,35.3410825775834));
#4321=CARTESIAN_POINT('Ctrl Pts',(22.2656797749979,15.3415916349637,35.5884948673006));
#4322=CARTESIAN_POINT('Ctrl Pts',(22.2656797749979,14.7026656810469,35.8188530146587));
#4323=CARTESIAN_POINT('Ctrl Pts',(22.2656797749979,14.0437445142923,36.0564202292916));
#4324=CARTESIAN_POINT('Ctrl Pts',(22.2656797749979,13.3785522689161,36.27584950535));
#4325=CARTESIAN_POINT('Ctrl Pts',(22.2656797749979,12.7078710193262,36.4770443361467));
#4326=CARTESIAN_POINT('Ctrl Pts',(22.2656797749979,12.0521331874936,36.6737563542675));
#4327=CARTESIAN_POINT('Ctrl Pts',(22.2656797749979,11.3911477006646,36.8530372937213));
#4328=CARTESIAN_POINT('Ctrl Pts',(22.2656797749979,10.7256362614791,37.0147450584791));
#4329=CARTESIAN_POINT('Ctrl Pts',(22.2656797749979,10.0627147997616,37.175823503525));
#4330=CARTESIAN_POINT('Ctrl Pts',(22.2656797749979,9.39530207764508,37.3194653105963));
#4331=CARTESIAN_POINT('Ctrl Pts',(22.2656797749979,8.72410942285982,37.445478598331));
#4332=CARTESIAN_POINT('Ctrl Pts',(22.2656797749979,8.0578308142271,37.5705692968399));
#4333=CARTESIAN_POINT('Ctrl Pts',(22.2656797749979,7.38782697410103,37.6782886583877));
#4334=CARTESIAN_POINT('Ctrl Pts',(22.2656797749979,6.71479854751657,37.7683980861844));
#4335=CARTESIAN_POINT('Ctrl Pts',(22.2656797749979,6.35962323315159,37.8159512697957));
#4336=CARTESIAN_POINT('Ctrl Pts',(22.2656797749979,6.00360570549684,37.8585993053553));
#4337=CARTESIAN_POINT('Ctrl Pts',(22.2656797749979,5.64685012469008,37.8963013439074));
#4338=CARTESIAN_POINT('Ctrl Pts',(22.2656797749979,5.52358918951698,37.909327597118));
#4339=CARTESIAN_POINT('Ctrl Pts',(22.2656797749979,5.40024015915811,37.9217633921273));
#4340=CARTESIAN_POINT('Ctrl Pts',(22.2656797749979,5.27680736054583,37.9336069321126));
#4341=CARTESIAN_POINT('Ctrl Pts',(22.2656797749979,5.20358680216919,37.940632541356));
#4342=CARTESIAN_POINT('Ctrl Pts',(22.2656797749979,5.13033157295471,37.9474501806699));
#4343=CARTESIAN_POINT('Ctrl Pts',(22.2656797749979,5.05707355004038,37.9540567611037));
#4344=CARTESIAN_POINT('Ctrl Pts',(22.2656797749979,4.38136376616115,38.0149938552198));
#4345=CARTESIAN_POINT('Ctrl Pts',(22.2656797749979,3.70498078822293,38.0580234352252));
#4346=CARTESIAN_POINT('Ctrl Pts',(22.2656797749979,3.02863049625271,38.0830955089912));
#4347=CARTESIAN_POINT('Ctrl Pts',(22.2656797749979,2.35211255958889,38.1081737972886));
#4348=CARTESIAN_POINT('Ctrl Pts',(22.2656797749979,1.67562685603787,38.1152857133275));
#4349=CARTESIAN_POINT('Ctrl Pts',(22.2656797749979,0.999873695895684,38.1043294678303));
#4350=CARTESIAN_POINT('Ctrl Pts',(22.2656797749979,0.327197564988536,38.0934231113899));
#4351=CARTESIAN_POINT('Ctrl Pts',(22.2656797749979,-0.344753133768561,38.0646127650657));
#4352=CARTESIAN_POINT('Ctrl Pts',(22.2656797749979,-1.01528673984674,38.0177465233815));
#4353=CARTESIAN_POINT('Ctrl Pts',(22.2656797749979,-1.29525050686307,37.9981787501202));
#4354=CARTESIAN_POINT('Ctrl Pts',(22.2656797749979,-1.57496718790683,37.9754627422407));
#4355=CARTESIAN_POINT('Ctrl Pts',(22.2656797749979,-1.85438610673619,37.9495847662609));
#4356=CARTESIAN_POINT('Ctrl Pts',(22.2656797749979,-2.52689589387303,37.8873012523507));
#4357=CARTESIAN_POINT('Ctrl Pts',(22.2656797749979,-3.19768178659555,37.806704659433));
#4358=CARTESIAN_POINT('Ctrl Pts',(22.2656797749979,-3.86604659384796,37.7080368841257));
#4359=CARTESIAN_POINT('Ctrl Pts',(22.2656797749979,-4.54300558130245,37.6081003875572));
#4360=CARTESIAN_POINT('Ctrl Pts',(22.2656797749979,-5.21748132855289,37.489624909764));
#4361=CARTESIAN_POINT('Ctrl Pts',(22.2656797749979,-5.88873124196428,37.352810609507));
#4362=CARTESIAN_POINT('Ctrl Pts',(22.2656797749979,-6.54723475658273,37.2185942829655));
#4363=CARTESIAN_POINT('Ctrl Pts',(22.2656797749979,-7.20263415824982,37.0667286793781));
#4364=CARTESIAN_POINT('Ctrl Pts',(22.2656797749979,-7.85420459892223,36.8973571330359));
#4365=CARTESIAN_POINT('Ctrl Pts',(22.2656797749979,-8.35391810263461,36.76745982099));
#4366=CARTESIAN_POINT('Ctrl Pts',(22.2656797749979,-8.8513790197444,36.6272647147654));
#4367=CARTESIAN_POINT('Ctrl Pts',(22.2656797749979,-9.34624853647674,36.4768193638809));
#4368=CARTESIAN_POINT('Ctrl Pts',(22.2656797749979,-9.41124098197187,36.4570610014505));
#4369=CARTESIAN_POINT('Ctrl Pts',(22.2656797749979,-9.47619227236465,36.4371246883276));
#4370=CARTESIAN_POINT('Ctrl Pts',(22.2656797749979,-9.54107604079919,36.417018529598));
#4371=CARTESIAN_POINT('Ctrl Pts',(22.2656797749979,-10.1789653066104,36.2193496342837));
#4372=CARTESIAN_POINT('Ctrl Pts',(22.2656797749979,-10.8108017218983,36.005127201101));
#4373=CARTESIAN_POINT('Ctrl Pts',(22.2656797749979,-11.4359407097122,35.7746632933857));
#4374=CARTESIAN_POINT('Ctrl Pts',(22.2656797749979,-12.0634627855002,35.5433208358155));
#4375=CARTESIAN_POINT('Ctrl Pts',(22.2656797749979,-12.684236721856,35.295612678381));
#4376=CARTESIAN_POINT('Ctrl Pts',(22.2656797749979,-13.2975964235916,35.0318039766358));
#4377=CARTESIAN_POINT('Ctrl Pts',(22.2656797749979,-13.9100574813469,34.7683817856136));
#4378=CARTESIAN_POINT('Ctrl Pts',(22.2656797749979,-14.5151264442397,34.4889059968055));
#4379=CARTESIAN_POINT('Ctrl Pts',(22.2656797749979,-15.1121195221521,34.1935931118833));
#4380=CARTESIAN_POINT('Ctrl Pts',(22.2656797749979,-15.7064231185243,33.8996106252219));
#4381=CARTESIAN_POINT('Ctrl Pts',(22.2656797749979,-16.2927238362321,33.5899332057164));
#4382=CARTESIAN_POINT('Ctrl Pts',(22.2656797749979,-16.870320412463,33.2647304137037));
#4383=CARTESIAN_POINT('Ctrl Pts',(22.2656797749979,-17.441866339728,32.9429343038253));
#4384=CARTESIAN_POINT('Ctrl Pts',(22.2656797749979,-18.0048898839643,32.6059361584375));
#4385=CARTESIAN_POINT('Ctrl Pts',(22.2656797749979,-18.5586798354286,32.2538604041123));
#4386=CARTESIAN_POINT('Ctrl Pts',(22.2656797749979,-18.7428680253425,32.1367615009446));
#4387=CARTESIAN_POINT('Ctrl Pts',(22.2656797749979,-18.9260345102697,32.0179943990488));
#4388=CARTESIAN_POINT('Ctrl Pts',(22.2656797749979,-19.1081522304344,31.897562751166));
#4389=CARTESIAN_POINT('Ctrl Pts',(22.2656797749979,-19.6646397611522,31.5295661043273));
#4390=CARTESIAN_POINT('Ctrl Pts',(22.2656797749979,-20.2113380541804,31.1460299288864));
#4391=CARTESIAN_POINT('Ctrl Pts',(22.2656797749979,-20.7477023234374,30.7474406738134));
#4392=CARTESIAN_POINT('Ctrl Pts',(22.2656797749979,-21.0165737927097,30.5476337798976));
#4393=CARTESIAN_POINT('Ctrl Pts',(22.2656797749979,-21.2828478128199,30.3440437452764));
#4394=CARTESIAN_POINT('Ctrl Pts',(22.2656797749979,-21.5464516651055,30.1367290642185));
#4395=CARTESIAN_POINT('Ctrl Pts',(22.2656797749979,-21.6700159708643,30.0395503074726));
#4396=CARTESIAN_POINT('Ctrl Pts',(22.2656797749979,-21.7929935291748,29.9415531222244));
#4397=CARTESIAN_POINT('Ctrl Pts',(22.2656797749979,-21.915376630335,29.8427434074587));
#4398=CARTESIAN_POINT('Ctrl Pts',(22.2656797749979,-21.9753235278129,29.794343458571));
#4399=CARTESIAN_POINT('Ctrl Pts',(22.2656797749979,-22.0351277930562,29.7457485556251));
#4400=CARTESIAN_POINT('Ctrl Pts',(22.2656797749979,-22.0947885073208,29.6969593852846));
#4401=CARTESIAN_POINT('Ctrl Pts',(22.2656797749979,-22.14479808213,29.6560626964986));
#4402=CARTESIAN_POINT('Ctrl Pts',(22.2656797749979,-22.1947090109699,29.6150276396182));
#4403=CARTESIAN_POINT('Ctrl Pts',(22.2656797749979,-22.2445019662861,29.573870248416));
#4404=CARTESIAN_POINT('Ctrl Pts',(22.2656797749979,-22.7506902970499,29.1554698739267));
#4405=CARTESIAN_POINT('Ctrl Pts',(22.2656797749979,-23.2450891686912,28.7241056021058));
#4406=CARTESIAN_POINT('Ctrl Pts',(22.2656797749979,-23.7273018147276,28.2803715501391));
#4407=CARTESIAN_POINT('Ctrl Pts',(22.2656797749979,-24.2123604438529,27.8340186128772));
#4408=CARTESIAN_POINT('Ctrl Pts',(22.2656797749979,-24.6850889038127,27.3751491154478));
#4409=CARTESIAN_POINT('Ctrl Pts',(22.2656797749979,-25.1450506579703,26.904326011546));
#4410=CARTESIAN_POINT('Ctrl Pts',(22.2656797749979,-25.6059859550423,26.4325063758834));
#4411=CARTESIAN_POINT('Ctrl Pts',(22.2656797749979,-26.0541007569455,25.9486821157564));
#4412=CARTESIAN_POINT('Ctrl Pts',(22.2656797749979,-26.4889182416554,25.4533832875298));
#4413=CARTESIAN_POINT('Ctrl Pts',(22.2656797749979,-26.9415421166949,24.9378012725057));
#4414=CARTESIAN_POINT('Ctrl Pts',(22.2656797749979,-27.3797579502893,24.4097854538878));
#4415=CARTESIAN_POINT('Ctrl Pts',(22.2656797749979,-27.8029794589906,23.8698981965818));
#4416=CARTESIAN_POINT('Ctrl Pts',(22.2656797749979,-28.2050566162684,23.3569839679686));
#4417=CARTESIAN_POINT('Ctrl Pts',(22.2656797749979,-28.5936001778516,22.8333542845815));
#4418=CARTESIAN_POINT('Ctrl Pts',(22.2656797749979,-28.9680615973314,22.2994665494959));
#4419=CARTESIAN_POINT('Ctrl Pts',(22.2656797749979,-29.339419886732,21.770003096869));
#4420=CARTESIAN_POINT('Ctrl Pts',(22.2656797749979,-29.6969286779837,21.2304505460946));
#4421=CARTESIAN_POINT('Ctrl Pts',(22.2656797749979,-30.0400053251285,20.6812365997915));
#4422=CARTESIAN_POINT('Ctrl Pts',(22.2656797749979,-30.378225669762,20.1397968610567));
#4423=CARTESIAN_POINT('Ctrl Pts',(22.2656797749979,-30.7024197092716,19.5889669672672));
#4424=CARTESIAN_POINT('Ctrl Pts',(22.2656797749979,-31.0119800676566,19.0291439130073));
#4425=CARTESIAN_POINT('Ctrl Pts',(22.2656797749979,-31.0716250824021,18.921279151187));
#4426=CARTESIAN_POINT('Ctrl Pts',(22.2656797749979,-31.1307266805669,18.8130804951658));
#4427=CARTESIAN_POINT('Ctrl Pts',(22.2656797749979,-31.1892802965974,18.7045507452139));
#4428=CARTESIAN_POINT('Ctrl Pts',(-21.7972396265507,32.8869237649792,15.5268048637332));
#4429=CARTESIAN_POINT('Ctrl Pts',(-21.6409881393112,30.3463320781352,20.9079664006012));
#4430=CARTESIAN_POINT('Ctrl Pts',(-21.3284851648321,22.5767516839401,30.3947914371471));
#4431=CARTESIAN_POINT('Ctrl Pts',(-20.8597307031135,5.57963029696619,37.4477211364508));
#4432=CARTESIAN_POINT('Ctrl Pts',(-20.3909762413949,-12.7305896761099,35.6564270503983));
#4433=CARTESIAN_POINT('Ctrl Pts',(-19.9222217796763,-28.0365900529656,25.444709319444));
#4434=CARTESIAN_POINT('Ctrl Pts',(-19.4534673179577,-36.7202667267533,9.22378449518459));
#4435=CARTESIAN_POINT('Ctrl Pts',(-18.9847128562391,-36.7326052517501,-9.17537633748981));
#4436=CARTESIAN_POINT('Ctrl Pts',(-18.5159583945205,-28.0698008119939,-25.4076991149724));
#4437=CARTESIAN_POINT('Ctrl Pts',(-18.0472039328019,-12.7781344262502,-35.6396735118238));
#4438=CARTESIAN_POINT('Ctrl Pts',(-17.5784494710833,5.53131960095566,-37.4549252208247));
#4439=CARTESIAN_POINT('Ctrl Pts',(-17.1096950093647,22.5344460677484,-30.4247466488619));
#4440=CARTESIAN_POINT('Ctrl Pts',(-16.640940547646,34.2158163672365,-16.209405315351));
#4441=CARTESIAN_POINT('Ctrl Pts',(-16.1721860859275,37.8167045541703,1.83398087100024));
#4442=CARTESIAN_POINT('Ctrl Pts',(-15.7034316242088,32.4867343344701,19.4442500375508));
#4443=CARTESIAN_POINT('Ctrl Pts',(-15.2346771624903,19.4846331584311,32.4625289678006));
#4444=CARTESIAN_POINT('Ctrl Pts',(-14.7659227007717,1.88100590226863,37.8143959737505));
#4445=CARTESIAN_POINT('Ctrl Pts',(-14.2971682390531,-16.1668439789989,34.235944362514));
#4446=CARTESIAN_POINT('Ctrl Pts',(-13.8284137773345,-30.3967012712485,22.5722678470393));
#4447=CARTESIAN_POINT('Ctrl Pts',(-13.3596593156159,-37.4480167519713,5.57788222691202));
#4448=CARTESIAN_POINT('Ctrl Pts',(-12.8909048538972,-35.6555382313447,-12.733786537857));
#4449=CARTESIAN_POINT('Ctrl Pts',(-12.4221503921787,-25.4425809515292,-28.0382203748407));
#4450=CARTESIAN_POINT('Ctrl Pts',(-11.95339593046,-9.22105598900609,-36.7210954820876));
#4451=CARTESIAN_POINT('Ctrl Pts',(-11.4846414687415,9.17813084418537,-36.731847777514));
#4452=CARTESIAN_POINT('Ctrl Pts',(-11.0158870070228,25.4097930828727,-28.0679379812956));
#4453=CARTESIAN_POINT('Ctrl Pts',(-10.5471325453042,35.6406309062147,-12.7754512860732));
#4454=CARTESIAN_POINT('Ctrl Pts',(-10.0783780835856,37.4545104627245,5.53410995570578));
#4455=CARTESIAN_POINT('Ctrl Pts',(-9.60962362186704,30.4230625501298,22.5367254066002));
#4456=CARTESIAN_POINT('Ctrl Pts',(-9.14086916014843,16.2068471022508,34.2170254989176));
#4457=CARTESIAN_POINT('Ctrl Pts',(-8.67211469842984,-1.83680776705243,37.8165686467609));
#4458=CARTESIAN_POINT('Ctrl Pts',(-8.20336023671123,-19.4466786674916,32.4852799863341));
#4459=CARTESIAN_POINT('Ctrl Pts',(-7.73460577499263,-32.4639854453533,19.4822066510018));
#4460=CARTESIAN_POINT('Ctrl Pts',(-7.26585131327403,-37.8145365070225,1.87817883777512));
#4461=CARTESIAN_POINT('Ctrl Pts',(-6.79709685155542,-34.2347356743871,-16.1694032138754));
#4462=CARTESIAN_POINT('Ctrl Pts',(-6.32834238983683,-22.5699954289705,-30.3983886632847));
#4463=CARTESIAN_POINT('Ctrl Pts',(-5.85958792811823,-5.57508271412971,-37.4484336083436));
#4464=CARTESIAN_POINT('Ctrl Pts',(-5.39083346639961,12.7364519952175,-35.6545862065658));
#4465=CARTESIAN_POINT('Ctrl Pts',(-4.92207900468102,28.0401223034938,-25.4404848262176));
#4466=CARTESIAN_POINT('Ctrl Pts',(-4.45332454296242,36.721784715852,-9.21831081438079));
#4467=CARTESIAN_POINT('Ctrl Pts',(-3.98457008124382,36.7311615472622,9.18087677604005));
#4468=CARTESIAN_POINT('Ctrl Pts',(-3.51581561952521,28.0660383476248,25.4118912806103));
#4469=CARTESIAN_POINT('Ctrl Pts',(-3.04706115780661,12.7727868704594,35.6415858590737));
#4470=CARTESIAN_POINT('Ctrl Pts',(-2.57830669608801,-5.53690992008925,37.4540966454235));
#4471=CARTESIAN_POINT('Ctrl Pts',(-2.10955223436941,-22.5389996747994,30.4213776914738));
#4472=CARTESIAN_POINT('Ctrl Pts',(-1.64079777265081,-34.2182369755445,16.2042891011419));
#4473=CARTESIAN_POINT('Ctrl Pts',(-1.17204331093221,-37.8164312271928,-1.83963480802678));
#4474=CARTESIAN_POINT('Ctrl Pts',(-0.703288849213604,-32.4838261238491,
-19.4491071091565));
#4475=CARTESIAN_POINT('Ctrl Pts',(-0.234534387495002,-19.4797796924846,
-32.465441782304));
#4476=CARTESIAN_POINT('Ctrl Pts',(0.2342200742236,-1.87535193830697,-37.8146768080251));
#4477=CARTESIAN_POINT('Ctrl Pts',(0.702974535942206,16.171962448414,-34.2335268056768));
#4478=CARTESIAN_POINT('Ctrl Pts',(1.1717289976608,30.4000758392621,-22.5677228792587));
#4479=CARTESIAN_POINT('Ctrl Pts',(1.64048345937941,37.4488502791157,-5.57228317301607));
#4480=CARTESIAN_POINT('Ctrl Pts',(2.10923792109801,35.6536339703811,12.7391173828485));
#4481=CARTESIAN_POINT('Ctrl Pts',(2.57799238281661,25.4383885649602,28.0420240746992));
#4482=CARTESIAN_POINT('Ctrl Pts',(3.04674684453522,9.21556558504249,36.722473744775));
#4483=CARTESIAN_POINT('Ctrl Pts',(3.51550130625382,-9.18362265494773,36.7304751115397));
#4484=CARTESIAN_POINT('Ctrl Pts',(3.98425576797242,-25.4139893371722,28.064138557205));
#4485=CARTESIAN_POINT('Ctrl Pts',(4.45301022969102,-35.6425406123157,12.7701223834125));
#4486=CARTESIAN_POINT('Ctrl Pts',(4.92176469140963,-37.4536826190284,-5.53970985350283));
#4487=CARTESIAN_POINT('Ctrl Pts',(5.39051915312822,-30.4196926626919,-22.5412738170509));
#4488=CARTESIAN_POINT('Ctrl Pts',(5.85927361484682,-16.2017310095325,-34.2194482609329));
#4489=CARTESIAN_POINT('Ctrl Pts',(6.32802807656542,1.84246183875047,-37.816293596288));
#4490=CARTESIAN_POINT('Ctrl Pts',(6.79678253828403,19.4515354421122,-32.4823720798239));
#4491=CARTESIAN_POINT('Ctrl Pts',(7.26553700000264,32.4668979378289,-19.477352625104));
#4492=CARTESIAN_POINT('Ctrl Pts',(7.73429146172124,37.8148168976893,-1.87252502835772));
#4493=CARTESIAN_POINT('Ctrl Pts',(8.20304592343983,34.2323177456597,16.1745215925742));
#4494=CARTESIAN_POINT('Ctrl Pts',(8.67180038515843,22.565450203409,30.4017628453459));
#4495=CARTESIAN_POINT('Ctrl Pts',(9.14055484687704,5.56948360079202,37.4492667406025));
#4496=CARTESIAN_POINT('Ctrl Pts',(9.60930930859563,-12.7417826993447,35.6526815349421));
#4497=CARTESIAN_POINT('Ctrl Pts',(10.0780637703142,-28.0439256890751,25.4362921615405));
#4498=CARTESIAN_POINT('Ctrl Pts',(10.5468182320328,-36.7231625686941,9.21282030419788));
#4499=CARTESIAN_POINT('Ctrl Pts',(11.0155726937515,-36.7297884701118,-9.18636848252328));
#4500=CARTESIAN_POINT('Ctrl Pts',(11.48432715547,-28.062238610793,-25.4160872517226));
#4501=CARTESIAN_POINT('Ctrl Pts',(11.9530816171887,-12.7674578233485,-35.6434951663339));
#4502=CARTESIAN_POINT('Ctrl Pts',(12.4218360789073,5.54250975273956,-37.4532683833837));
#4503=CARTESIAN_POINT('Ctrl Pts',(12.8905905406259,22.5435478396024,-30.4180074637837));
#4504=CARTESIAN_POINT('Ctrl Pts',(13.3593450023445,34.2206593428522,-16.1991728276183));
#4505=CARTESIAN_POINT('Ctrl Pts',(13.8280994640631,37.8161557778906,1.84528885964596));
#4506=CARTESIAN_POINT('Ctrl Pts',(14.2968539257816,32.4809178077747,19.4539636654484));
#4507=CARTESIAN_POINT('Ctrl Pts',(14.7656083875003,19.4749255395198,32.4683539136897));
#4508=CARTESIAN_POINT('Ctrl Pts',(15.2343628492188,1.86969793121162,37.8149567725521));
#4509=CARTESIAN_POINT('Ctrl Pts',(15.7031173109375,-16.1770803017717,34.2311085010982));
#4510=CARTESIAN_POINT('Ctrl Pts',(16.1718717726561,-30.4034503533267,22.5631773882589));
#4511=CARTESIAN_POINT('Ctrl Pts',(16.6406262343747,-37.4496816830114,5.56668402316099));
#4512=CARTESIAN_POINT('Ctrl Pts',(17.1093806960933,-35.6517314539173,-12.7444479947758));
#4513=CARTESIAN_POINT('Ctrl Pts',(17.5781351578119,-25.4341906371602,-28.0458270489619));
#4514=CARTESIAN_POINT('Ctrl Pts',(18.0468896195305,-9.21008467891869,-36.7238513779892));
#4515=CARTESIAN_POINT('Ctrl Pts',(18.5156440812491,9.18913318435536,-36.7291012517988));
#4516=CARTESIAN_POINT('Ctrl Pts',(18.9843985429677,25.4181481253763,-28.0603392320623));
#4517=CARTESIAN_POINT('Ctrl Pts',(19.4531530046863,35.6445214631701,-12.7647917796206));
#4518=CARTESIAN_POINT('Ctrl Pts',(19.9219074664049,37.4527136615606,5.54530687001795));
#4519=CARTESIAN_POINT('Ctrl Pts',(20.3906619281235,30.4165957290877,22.5458270729262));
#4520=CARTESIAN_POINT('Ctrl Pts',(20.8594163898421,16.1960795950996,34.2218601079931));
#4521=CARTESIAN_POINT('Ctrl Pts',(21.3281708515607,-1.84705760119924,37.8160345724146));
#4522=CARTESIAN_POINT('Ctrl Pts',(21.7969253132793,-19.4586144654967,32.4794609898183));
#4523=CARTESIAN_POINT('Ctrl Pts',(22.1094282877584,-28.1287262066547,23.8079333751628));
#4524=CARTESIAN_POINT('Ctrl Pts',(22.2656797749979,-31.1892802965974,18.7045507452139));
#4525=CARTESIAN_POINT('Ctrl Pts',(-21.1348264177005,33.9244365197733,16.0166426546571));
#4526=CARTESIAN_POINT('Ctrl Pts',(-20.9785749304609,31.3036945489241,21.5675684349067));
#4527=CARTESIAN_POINT('Ctrl Pts',(-20.6660719559819,23.289000357647,31.3536826980235));
#4528=CARTESIAN_POINT('Ctrl Pts',(-20.1973174942632,5.75565580915788,38.6291173836247));
#4529=CARTESIAN_POINT('Ctrl Pts',(-19.7285630325447,-13.1322128032654,36.7813117650511));
#4530=CARTESIAN_POINT('Ctrl Pts',(-19.259808570826,-28.9210850573862,26.2474359791222));
#4531=CARTESIAN_POINT('Ctrl Pts',(-18.7910541091075,-37.8787133288346,9.51477535007926));
#4532=CARTESIAN_POINT('Ctrl Pts',(-18.3222996473888,-37.8914411081488,-9.46484001758989));
#4533=CARTESIAN_POINT('Ctrl Pts',(-17.8535451856703,-28.9553435454856,-26.209258181127));
#4534=CARTESIAN_POINT('Ctrl Pts',(-17.3847907239516,-13.1812574895215,-36.7640296878365));
#4535=CARTESIAN_POINT('Ctrl Pts',(-16.916036262233,5.70582101306236,-38.6365487415946));
#4536=CARTESIAN_POINT('Ctrl Pts',(-16.4472818005144,23.2453600889134,-31.3845829331904));
#4537=CARTESIAN_POINT('Ctrl Pts',(-15.9785273387958,35.2952528676034,-16.7207777040393));
#4538=CARTESIAN_POINT('Ctrl Pts',(-15.5097728770773,39.0097414462682,1.89183908112985));
#4539=CARTESIAN_POINT('Ctrl Pts',(-15.0410184153586,33.5116219607647,20.0576749223328));
#4540=CARTESIAN_POINT('Ctrl Pts',(-14.57226395364,20.0993320451018,33.4866529660699));
#4541=CARTESIAN_POINT('Ctrl Pts',(-14.1035094919214,1.94034765248505,39.0073600350282));
#4542=CARTESIAN_POINT('Ctrl Pts',(-13.6347550302028,-16.676873647716,35.316015858479));
#4543=CARTESIAN_POINT('Ctrl Pts',(-13.1660005684842,-31.3556527833437,23.2843750651937));
#4544=CARTESIAN_POINT('Ctrl Pts',(-12.6972461067656,-38.6294223251884,5.75385259119776));
#4545=CARTESIAN_POINT('Ctrl Pts',(-12.228491645047,-36.7803949056397,-13.1355105192262));
#4546=CARTESIAN_POINT('Ctrl Pts',(-11.7597371833284,-26.2452404657098,-28.9227668124616));
#4547=CARTESIAN_POINT('Ctrl Pts',(-11.2909827216098,-9.51196076531271,-37.8795682296436));
#4548=CARTESIAN_POINT('Ctrl Pts',(-10.8222282598912,9.46768142313462,-37.8906597372057));
#4549=CARTESIAN_POINT('Ctrl Pts',(-10.3534737981726,26.2114182092773,-28.9534219464264));
#4550=CARTESIAN_POINT('Ctrl Pts',(-9.88471933645402,36.7650172859916,-13.1784897019577));
#4551=CARTESIAN_POINT('Ctrl Pts',(-9.41596487473541,38.6361208987553,5.70869939759182));
#4552=CARTESIAN_POINT('Ctrl Pts',(-8.94721041301681,31.3828457047121,23.247711336076));
#4553=CARTESIAN_POINT('Ctrl Pts',(-8.47845595129821,16.7181387847368,35.2965001448268));
#4554=CARTESIAN_POINT('Ctrl Pts',(-8.00970148957961,-1.89475515976209,39.0096012512681));
#4555=CARTESIAN_POINT('Ctrl Pts',(-7.54094702786101,-20.0601801704017,33.5101217310268));
#4556=CARTESIAN_POINT('Ctrl Pts',(-7.0721925661424,-33.488155392403,20.0968289865051));
#4557=CARTESIAN_POINT('Ctrl Pts',(-6.6034381044238,-39.0075050018271,1.93743140009751));
#4558=CARTESIAN_POINT('Ctrl Pts',(-6.1346836427052,-35.3147690388031,-16.6795136210296));
#4559=CARTESIAN_POINT('Ctrl Pts',(-5.6659291809866,-23.2820309571502,-31.357393409023));
#4560=CARTESIAN_POINT('Ctrl Pts',(-5.19717471926799,-5.75096475971956,-38.629852332496));
#4561=CARTESIAN_POINT('Ctrl Pts',(-4.72842025754939,13.1382600661181,-36.7794128464965));
#4562=CARTESIAN_POINT('Ctrl Pts',(-4.25966579583079,28.9247287429335,-26.2430782120865));
#4563=CARTESIAN_POINT('Ctrl Pts',(-3.79091133411219,37.8802792072726,-9.50912898624527));
#4564=CARTESIAN_POINT('Ctrl Pts',(-3.32215687239359,37.8899518578437,9.47051398332052));
#4565=CARTESIAN_POINT('Ctrl Pts',(-2.85340241067499,28.9514623833387,26.2135826007073));
#4566=CARTESIAN_POINT('Ctrl Pts',(-2.38464794895638,13.1757412296775,36.7660023655898));
#4567=CARTESIAN_POINT('Ctrl Pts',(-1.91589348723778,-5.7115876949183,38.6356940263953));
#4568=CARTESIAN_POINT('Ctrl Pts',(-1.44713902551918,-23.2500573526174,31.3811076923358));
#4569=CARTESIAN_POINT('Ctrl Pts',(-0.978384563800579,-35.297749840974,16.7155000841135));
#4570=CARTESIAN_POINT('Ctrl Pts',(-0.509630102081976,-39.0094594964038,
-1.89767138788843));
#4571=CARTESIAN_POINT('Ctrl Pts',(-0.0408756403633745,-33.5086220022614,
-20.0626852242551));
#4572=CARTESIAN_POINT('Ctrl Pts',(0.427878821355227,-20.0943254625896,-33.4896576736983));
#4573=CARTESIAN_POINT('Ctrl Pts',(0.89663328307383,-1.9345153179416,-39.0076497290292));
#4574=CARTESIAN_POINT('Ctrl Pts',(1.36538774479243,16.6821535939947,-35.3135220328467));
#4575=CARTESIAN_POINT('Ctrl Pts',(1.83414220651103,31.3591338118271,-23.2796867133107));
#4576=CARTESIAN_POINT('Ctrl Pts',(2.30289666822964,38.630282148348,-5.74807689901625));
#4577=CARTESIAN_POINT('Ctrl Pts',(2.77165112994824,36.778430569278,13.1410095410807));
#4578=CARTESIAN_POINT('Ctrl Pts',(3.24040559166684,26.2409158182286,28.9266905109904));
#4579=CARTESIAN_POINT('Ctrl Pts',(3.70916005338545,9.50629715073868,37.880989973598));
#4580=CARTESIAN_POINT('Ctrl Pts',(4.17791451510404,-9.47334648888898,37.8892437665287));
#4581=CARTESIAN_POINT('Ctrl Pts',(4.64666897682265,-26.2157468465078,28.9495026585569));
#4582=CARTESIAN_POINT('Ctrl Pts',(5.11542343854124,-36.7669872392733,13.1729926837105));
#4583=CARTESIAN_POINT('Ctrl Pts',(5.58417790025986,-38.6352669383448,-5.71447596029778));
#4584=CARTESIAN_POINT('Ctrl Pts',(6.05293236197844,-31.3793695044666,-23.2524032392379));
#4585=CARTESIAN_POINT('Ctrl Pts',(6.52168682369706,-16.7128612901346,-35.2989993398497));
#4586=CARTESIAN_POINT('Ctrl Pts',(6.99044128541565,1.90058760544077,-39.0093175235356));
#4587=CARTESIAN_POINT('Ctrl Pts',(7.45919574713426,20.0651901659697,-33.5071220862283));
#4588=CARTESIAN_POINT('Ctrl Pts',(7.92795020885286,33.4911597678443,-20.0918218263762));
#4589=CARTESIAN_POINT('Ctrl Pts',(8.39670467057146,39.0077942382254,-1.93159922497389));
#4590=CARTESIAN_POINT('Ctrl Pts',(8.86545913229006,35.312274829548,16.6847934737301));
#4591=CARTESIAN_POINT('Ctrl Pts',(9.33421359400866,23.277342339354,31.360874039378));
#4592=CARTESIAN_POINT('Ctrl Pts',(9.80296805572727,5.74518900622102,38.6307117483121));
#4593=CARTESIAN_POINT('Ctrl Pts',(10.2717225174459,-13.1437589426643,36.7774480865192));
#4594=CARTESIAN_POINT('Ctrl Pts',(10.7404769791645,-28.9286521172702,26.2387532777234));
#4595=CARTESIAN_POINT('Ctrl Pts',(11.2092314408831,-37.8817005284522,9.50346526210092));
#4596=CARTESIAN_POINT('Ctrl Pts',(11.6779859026017,-37.8885354630188,-9.47617894150594));
#4597=CARTESIAN_POINT('Ctrl Pts',(12.1467403643203,-28.9475427728618,-26.2179109458166));
#4598=CARTESIAN_POINT('Ctrl Pts',(12.6154948260389,-13.1702440624228,-36.7679719074481));
#4599=CARTESIAN_POINT('Ctrl Pts',(13.0842492877575,5.71736419042219,-38.6348396344433));
#4600=CARTESIAN_POINT('Ctrl Pts',(13.5530037494761,23.2547490023821,-31.3776311411039));
#4601=CARTESIAN_POINT('Ctrl Pts',(14.0217582111947,35.3002486288371,-16.710222403002));
#4602=CARTESIAN_POINT('Ctrl Pts',(14.4905126729133,39.0091753572598,1.90350381285481));
#4603=CARTESIAN_POINT('Ctrl Pts',(14.9592671346319,33.5056219349778,20.0676949946065));
#4604=CARTESIAN_POINT('Ctrl Pts',(15.4280215963505,20.0893181713851,33.4926616766582));
#4605=CARTESIAN_POINT('Ctrl Pts',(15.8967760580691,1.92868293890366,39.0079385258437));
#4606=CARTESIAN_POINT('Ctrl Pts',(16.3655305197877,-16.6874329047807,35.3110274358832));
#4607=CARTESIAN_POINT('Ctrl Pts',(16.8342849815063,-31.3626147846596,23.2749978217021));
#4608=CARTESIAN_POINT('Ctrl Pts',(17.3030394432249,-38.6311397812747,5.74230110784829));
#4609=CARTESIAN_POINT('Ctrl Pts',(17.7717939049435,-36.7764680324514,-13.1465083225183));
#4610=CARTESIAN_POINT('Ctrl Pts',(18.2405483666621,-26.2365854547022,-28.9306134610323));
#4611=CARTESIAN_POINT('Ctrl Pts',(18.7093028283807,-9.50064333364119,-37.8824110682208));
#4612=CARTESIAN_POINT('Ctrl Pts',(19.1780572900993,9.47903086382223,-37.8878265644244));
#4613=CARTESIAN_POINT('Ctrl Pts',(19.6468117518179,26.2200368356668,-28.945583472757));
#4614=CARTESIAN_POINT('Ctrl Pts',(20.1155662135365,36.7690305817747,-13.1674939106649));
#4615=CARTESIAN_POINT('Ctrl Pts',(20.5843206752551,38.6342674123221,5.72024955082344));
#4616=CARTESIAN_POINT('Ctrl Pts',(21.0530751369737,31.3761748691698,23.2571001406873));
#4617=CARTESIAN_POINT('Ctrl Pts',(21.5218295986923,16.7070315855522,35.3014872755737));
#4618=CARTESIAN_POINT('Ctrl Pts',(21.9905840604109,-1.90532835445601,39.0090503280079));
#4619=CARTESIAN_POINT('Ctrl Pts',(22.4593385221295,-20.0724925175409,33.5041191575019));
#4620=CARTESIAN_POINT('Ctrl Pts',(22.7718414966086,-29.0161279114804,24.5590232222565));
#4621=CARTESIAN_POINT('Ctrl Pts',(22.9280929838481,-32.1732359974048,19.2946396848039));
#4622=CARTESIAN_POINT('Ctrl Pts',(-20.4724132088502,34.9619492745674,16.5064804455811));
#4623=CARTESIAN_POINT('Ctrl Pts',(-20.3161617216107,32.2610570197129,22.2271704692122));
#4624=CARTESIAN_POINT('Ctrl Pts',(-20.0036587471316,24.001249031354,32.3125739588999));
#4625=CARTESIAN_POINT('Ctrl Pts',(-19.534904285413,5.93168132134956,39.8105136307986));
#4626=CARTESIAN_POINT('Ctrl Pts',(-19.0661498236944,-13.5338359304208,37.9061964797038));
#4627=CARTESIAN_POINT('Ctrl Pts',(-18.5973953619758,-29.8055800618067,27.0501626388003));
#4628=CARTESIAN_POINT('Ctrl Pts',(-18.1286409002572,-39.037159930916,9.80576620497392));
#4629=CARTESIAN_POINT('Ctrl Pts',(-17.6598864385386,-39.0502769645475,-9.75430369768996));
#4630=CARTESIAN_POINT('Ctrl Pts',(-17.19113197682,-29.8408862789774,-27.0108172472816));
#4631=CARTESIAN_POINT('Ctrl Pts',(-16.7223775151014,-13.5843805527928,-37.8883858638493));
#4632=CARTESIAN_POINT('Ctrl Pts',(-16.2536230533828,5.88032242516901,-39.8181722623645));
#4633=CARTESIAN_POINT('Ctrl Pts',(-15.7848685916642,23.9562741100784,-32.344419217519));
#4634=CARTESIAN_POINT('Ctrl Pts',(-15.3161141299456,36.3746893679702,-17.2321500927275));
#4635=CARTESIAN_POINT('Ctrl Pts',(-14.847359668227,40.2027783383662,1.94969729125947));
#4636=CARTESIAN_POINT('Ctrl Pts',(-14.3786052065084,34.5365095870593,20.6710998071147));
#4637=CARTESIAN_POINT('Ctrl Pts',(-13.9098507447898,20.7140309317726,34.5107769643392));
#4638=CARTESIAN_POINT('Ctrl Pts',(-13.4410962830712,1.99968940270143,40.200324096306));
#4639=CARTESIAN_POINT('Ctrl Pts',(-12.9723418213526,-17.1869033164331,36.3960873544441));
#4640=CARTESIAN_POINT('Ctrl Pts',(-12.503587359634,-32.3146042954389,23.996482283348));
#4641=CARTESIAN_POINT('Ctrl Pts',(-12.0348328979154,-39.8108278984056,5.92982295548353));
#4642=CARTESIAN_POINT('Ctrl Pts',(-11.5660784361968,-37.9052515799348,-13.5372345005953));
#4643=CARTESIAN_POINT('Ctrl Pts',(-11.0973239744782,-27.0478999798905,-29.8073132500826));
#4644=CARTESIAN_POINT('Ctrl Pts',(-10.6285695127596,-9.80286554161936,-39.0380409771995));
#4645=CARTESIAN_POINT('Ctrl Pts',(-10.159815051041,9.75723200208391,-39.0494716968975));
#4646=CARTESIAN_POINT('Ctrl Pts',(-9.69106058932237,27.0130433356819,-29.838905911557));
#4647=CARTESIAN_POINT('Ctrl Pts',(-9.22230612760379,37.8894036657686,-13.5815281178423));
#4648=CARTESIAN_POINT('Ctrl Pts',(-8.75355166588518,39.817731334786,5.88328883947793));
#4649=CARTESIAN_POINT('Ctrl Pts',(-8.28479720416659,32.3426288592944,23.9586972655516));
#4650=CARTESIAN_POINT('Ctrl Pts',(-7.81604274244797,17.2294304672227,36.375974790736));
#4651=CARTESIAN_POINT('Ctrl Pts',(-7.34728828072939,-1.95270255247172,40.2026338557753));
#4652=CARTESIAN_POINT('Ctrl Pts',(-6.87853381901076,-20.6736816733118,34.5349634757196));
#4653=CARTESIAN_POINT('Ctrl Pts',(-6.40977935729218,-34.5123253394526,20.7114513220084));
#4654=CARTESIAN_POINT('Ctrl Pts',(-5.94102489557356,-40.2004734966318,1.99668396241993));
#4655=CARTESIAN_POINT('Ctrl Pts',(-5.47227043385497,-36.3948024032191,-17.1896240281839));
#4656=CARTESIAN_POINT('Ctrl Pts',(-5.00351597213636,-23.9940664853299,-32.3163981547612));
#4657=CARTESIAN_POINT('Ctrl Pts',(-4.53476151041777,-5.92684680530942,-39.8112710566483));
#4658=CARTESIAN_POINT('Ctrl Pts',(-4.06600704869916,13.5400681370186,-37.9042394864272));
#4659=CARTESIAN_POINT('Ctrl Pts',(-3.59725258698056,29.8093351823731,-27.0456715979554));
#4660=CARTESIAN_POINT('Ctrl Pts',(-3.12849812526196,39.0387736986933,-9.79994715810975));
#4661=CARTESIAN_POINT('Ctrl Pts',(-2.65974366354336,39.0487421684251,9.76015119060099));
#4662=CARTESIAN_POINT('Ctrl Pts',(-2.19098920182475,29.8368864190525,27.0152739208042));
#4663=CARTESIAN_POINT('Ctrl Pts',(-1.72223474010615,13.5786955888955,37.8904188721059));
#4664=CARTESIAN_POINT('Ctrl Pts',(-1.25348027838755,-5.88626546974728,39.8172914073671));
#4665=CARTESIAN_POINT('Ctrl Pts',(-0.784725816668951,-23.9611150304354,
32.3408376931979));
#4666=CARTESIAN_POINT('Ctrl Pts',(-0.315971354950349,-36.3772627064035,
17.2267110670851));
#4667=CARTESIAN_POINT('Ctrl Pts',(0.152783106768252,-40.2024877656148,-1.95570796775009));
#4668=CARTESIAN_POINT('Ctrl Pts',(0.621537568486855,-34.5334178806736,-20.6762633393537));
#4669=CARTESIAN_POINT('Ctrl Pts',(1.09029203020546,-20.7088712326946,-34.5138735650926));
#4670=CARTESIAN_POINT('Ctrl Pts',(1.55904649192406,-1.99367869757617,-40.2006226500332));
#4671=CARTESIAN_POINT('Ctrl Pts',(2.02780095364266,17.1923447395754,-36.3935172600165));
#4672=CARTESIAN_POINT('Ctrl Pts',(2.49655541536126,32.3181917843923,-23.9916505473627));
#4673=CARTESIAN_POINT('Ctrl Pts',(2.96530987707987,39.8117140175802,-5.92387062501643));
#4674=CARTESIAN_POINT('Ctrl Pts',(3.43406433879847,37.903227168175,13.5429016993128));
#4675=CARTESIAN_POINT('Ctrl Pts',(3.90281880051707,27.0434430714969,29.8113569472815));
#4676=CARTESIAN_POINT('Ctrl Pts',(4.37157326223567,9.79702871643489,39.0395062024212));
#4677=CARTESIAN_POINT('Ctrl Pts',(4.84032772395429,-9.76307032283025,39.0480124215177));
#4678=CARTESIAN_POINT('Ctrl Pts',(5.30908218567286,-27.0175043558434,29.8348667599088));
#4679=CARTESIAN_POINT('Ctrl Pts',(5.77783664739149,-37.891433866231,13.5758629840084));
#4680=CARTESIAN_POINT('Ctrl Pts',(6.24659110911007,-39.8168512576612,-5.8892420670927));
#4681=CARTESIAN_POINT('Ctrl Pts',(6.71534557082869,-32.3390463462412,-23.9635326614249));
#4682=CARTESIAN_POINT('Ctrl Pts',(7.18410003254727,-17.2239915707367,-36.3785504187664));
#4683=CARTESIAN_POINT('Ctrl Pts',(7.65285449426589,1.95871337213106,-40.2023414507833));
#4684=CARTESIAN_POINT('Ctrl Pts',(8.12160895598449,20.6788448898272,-34.5318720926328));
#4685=CARTESIAN_POINT('Ctrl Pts',(8.59036341770309,34.5154215978597,-20.7062910276485));
#4686=CARTESIAN_POINT('Ctrl Pts',(9.0591178794217,40.2007715787615,-1.99067342159003));
#4687=CARTESIAN_POINT('Ctrl Pts',(9.52787234114029,36.3922319134364,17.195065354886));
#4688=CARTESIAN_POINT('Ctrl Pts',(9.99662680285889,23.9892344752989,32.3199852334102));
#4689=CARTESIAN_POINT('Ctrl Pts',(10.4653812645775,5.92089441165003,39.8121567560218));
#4690=CARTESIAN_POINT('Ctrl Pts',(10.9341357262961,-13.5457351859839,37.9022146380963));
#4691=CARTESIAN_POINT('Ctrl Pts',(11.4028901880147,-29.8133785454653,27.0412143939064));
#4692=CARTESIAN_POINT('Ctrl Pts',(11.8716446497333,-39.0402384882103,9.79411022000392));
#4693=CARTESIAN_POINT('Ctrl Pts',(12.3403991114519,-39.0472824559258,-9.76598940048858));
#4694=CARTESIAN_POINT('Ctrl Pts',(12.8091535731705,-29.8328469349306,-27.0197346399105));
#4695=CARTESIAN_POINT('Ctrl Pts',(13.2779080348891,-13.5730303014972,-37.8924486485622));
#4696=CARTESIAN_POINT('Ctrl Pts',(13.7466624966077,5.89221862810482,-39.8164108855029));
#4697=CARTESIAN_POINT('Ctrl Pts',(14.2154169583263,23.9659501651617,-32.3372548184241));
#4698=CARTESIAN_POINT('Ctrl Pts',(14.6841714200449,36.379837914822,-17.2212719783858));
#4699=CARTESIAN_POINT('Ctrl Pts',(15.1529258817635,40.2021949366291,1.96171876606368));
#4700=CARTESIAN_POINT('Ctrl Pts',(15.6216803434821,34.5303260621808,20.6814263237647));
#4701=CARTESIAN_POINT('Ctrl Pts',(16.0904348052007,20.7037108032504,34.5169694396267));
#4702=CARTESIAN_POINT('Ctrl Pts',(16.5591892669193,1.98766794659569,40.2009202791353));
#4703=CARTESIAN_POINT('Ctrl Pts',(17.0279437286379,-17.1977855077897,36.3909463706682));
#4704=CARTESIAN_POINT('Ctrl Pts',(17.4966981903566,-32.3217792159925,23.9868182551453));
#4705=CARTESIAN_POINT('Ctrl Pts',(17.9654526520751,-39.8125978795381,5.91791819253556));
#4706=CARTESIAN_POINT('Ctrl Pts',(18.4342071137937,-37.9012046109855,-13.5485686502607));
#4707=CARTESIAN_POINT('Ctrl Pts',(18.9029615755123,-27.0389802722442,-29.8153998731027));
#4708=CARTESIAN_POINT('Ctrl Pts',(19.3717160372309,-9.79120198836365,-39.0409707584525));
#4709=CARTESIAN_POINT('Ctrl Pts',(19.8404704989495,9.76892854328904,-39.0465518770499));
#4710=CARTESIAN_POINT('Ctrl Pts',(20.3092249606682,27.0219255459574,-29.8308277134517));
#4711=CARTESIAN_POINT('Ctrl Pts',(20.7779794223867,37.8935397003792,-13.5701960417092));
#4712=CARTESIAN_POINT('Ctrl Pts',(21.2467338841054,39.8158211630837,5.8951922316289));
#4713=CARTESIAN_POINT('Ctrl Pts',(21.7154883458239,32.3357540092519,23.9683732084484));
#4714=CARTESIAN_POINT('Ctrl Pts',(22.1842428075426,17.2179835760047,36.3811144431543));
#4715=CARTESIAN_POINT('Ctrl Pts',(22.6529972692611,-1.96359910771277,40.2020660836012));
#4716=CARTESIAN_POINT('Ctrl Pts',(23.1217517309797,-20.6863705695852,34.5287773251855));
#4717=CARTESIAN_POINT('Ctrl Pts',(23.4342547054588,-29.9035296163061,25.3101130693502));
#4718=CARTESIAN_POINT('Ctrl Pts',(23.5905061926984,-33.1571916982121,19.8847286243939));
#4719=CARTESIAN_POINT('Ctrl Pts',(-19.81,35.9994620293616,16.996318236505));
#4720=CARTESIAN_POINT('Ctrl Pts',(-19.6537485127605,33.2184194905017,22.8867725035177));
#4721=CARTESIAN_POINT('Ctrl Pts',(-19.3412455382814,24.7134977050609,33.2714652197763));
#4722=CARTESIAN_POINT('Ctrl Pts',(-18.8724910765628,6.10770683354121,40.9919098779725));
#4723=CARTESIAN_POINT('Ctrl Pts',(-18.4037366148442,-13.9354590575763,39.0310811943565));
#4724=CARTESIAN_POINT('Ctrl Pts',(-17.9349821531256,-30.6900750662274,27.8528892984785));
#4725=CARTESIAN_POINT('Ctrl Pts',(-17.466227691407,-40.1956065329973,10.0967570598686));
#4726=CARTESIAN_POINT('Ctrl Pts',(-16.9974732296884,-40.2091128209462,-10.04376737779));
#4727=CARTESIAN_POINT('Ctrl Pts',(-16.5287187679698,-30.7264290124691,-27.8123763134362));
#4728=CARTESIAN_POINT('Ctrl Pts',(-16.0599643062512,-13.9875036160641,-39.0127420398621));
#4729=CARTESIAN_POINT('Ctrl Pts',(-15.5912098445326,6.0548238372757,-40.9997957831344));
#4730=CARTESIAN_POINT('Ctrl Pts',(-15.122455382814,24.6671881312434,-33.3042555018476));
#4731=CARTESIAN_POINT('Ctrl Pts',(-14.6537009210954,37.4541258683371,-17.7435224814157));
#4732=CARTESIAN_POINT('Ctrl Pts',(-14.1849464593768,41.3958152304641,2.00755550138906));
#4733=CARTESIAN_POINT('Ctrl Pts',(-13.7161919976582,35.561397213354,21.2845246918966));
#4734=CARTESIAN_POINT('Ctrl Pts',(-13.2474375359396,21.3287298184433,35.5349009626084));
#4735=CARTESIAN_POINT('Ctrl Pts',(-12.778683074221,2.05903115291785,41.3932881575837));
#4736=CARTESIAN_POINT('Ctrl Pts',(-12.3099286125023,-17.6969329851502,37.4761588504092));
#4737=CARTESIAN_POINT('Ctrl Pts',(-11.8411741507838,-33.2735558075341,24.7085895015024));
#4738=CARTESIAN_POINT('Ctrl Pts',(-11.3724196890652,-40.9922334716228,6.10579331976929));
#4739=CARTESIAN_POINT('Ctrl Pts',(-10.9036652273466,-39.0301082542298,-13.9389584819645));
#4740=CARTESIAN_POINT('Ctrl Pts',(-10.434910765628,-27.8505594940711,-30.6918596877036));
#4741=CARTESIAN_POINT('Ctrl Pts',(-9.96615630390936,-10.093770317926,-40.1965137247555));
#4742=CARTESIAN_POINT('Ctrl Pts',(-9.49740184219076,10.0467825810332,-40.2082836565891));
#4743=CARTESIAN_POINT('Ctrl Pts',(-9.02864738047214,27.8146684620864,-30.7243898766877));
#4744=CARTESIAN_POINT('Ctrl Pts',(-8.55989291875357,39.0137900455457,-13.9845665337268));
#4745=CARTESIAN_POINT('Ctrl Pts',(-8.09113845703495,40.9993417708167,6.05787828136398));
#4746=CARTESIAN_POINT('Ctrl Pts',(-7.62238399531635,33.3024120138767,24.6696831950273));
#4747=CARTESIAN_POINT('Ctrl Pts',(-7.15362953359775,17.7407221497087,37.4554494366451));
#4748=CARTESIAN_POINT('Ctrl Pts',(-6.68487507187915,-2.01064994518137,41.3956664602825));
#4749=CARTESIAN_POINT('Ctrl Pts',(-6.21612061016055,-21.2871831762219,35.5598052204124));
#4750=CARTESIAN_POINT('Ctrl Pts',(-5.74736614844194,-35.5364952865023,21.3260736575116));
#4751=CARTESIAN_POINT('Ctrl Pts',(-5.27861168672334,-41.3934419914365,2.05593652474235));
#4752=CARTESIAN_POINT('Ctrl Pts',(-4.80985722500474,-37.4748357676351,-17.6997344353381));
#4753=CARTESIAN_POINT('Ctrl Pts',(-4.34110276328614,-24.7061020135096,-33.2754029004994));
#4754=CARTESIAN_POINT('Ctrl Pts',(-3.87234830156754,-6.1027288508993,-40.9926897808007));
#4755=CARTESIAN_POINT('Ctrl Pts',(-3.40359383984893,13.9418762079193,-39.0290661263579));
#4756=CARTESIAN_POINT('Ctrl Pts',(-2.93483937813033,30.6939416218128,-27.8482649838243));
#4757=CARTESIAN_POINT('Ctrl Pts',(-2.46608491641173,40.197268190114,-10.0907653299742));
#4758=CARTESIAN_POINT('Ctrl Pts',(-1.99733045469313,40.2075324790065,10.0497883978814));
#4759=CARTESIAN_POINT('Ctrl Pts',(-1.52857599297453,30.7223104547664,27.8169652409012));
#4760=CARTESIAN_POINT('Ctrl Pts',(-1.05982153125592,13.9816499481135,39.014835378622));
#4761=CARTESIAN_POINT('Ctrl Pts',(-0.591067069537321,-6.06094324457631,
40.9988887883389));
#4762=CARTESIAN_POINT('Ctrl Pts',(-0.122312607818721,-24.6721727082534,
33.30056769406));
#4763=CARTESIAN_POINT('Ctrl Pts',(0.34644185389988,-37.456775571833,17.7379220500566));
#4764=CARTESIAN_POINT('Ctrl Pts',(0.815196315618481,-41.3955160348258,-2.01374454761173));
#4765=CARTESIAN_POINT('Ctrl Pts',(1.28395077733708,-35.5582137590858,-21.2898414544523));
#4766=CARTESIAN_POINT('Ctrl Pts',(1.75270523905568,-21.3234170027996,-35.538089456487));
#4767=CARTESIAN_POINT('Ctrl Pts',(2.22145970077429,-2.05284207721081,-41.3935955710372));
#4768=CARTESIAN_POINT('Ctrl Pts',(2.69021416249289,17.7025358851561,-37.4735124871864));
#4769=CARTESIAN_POINT('Ctrl Pts',(3.15896862421149,33.2772497569573,-24.7036143814147));
#4770=CARTESIAN_POINT('Ctrl Pts',(3.6277230859301,40.9931458868125,-6.09966435101662));
#4771=CARTESIAN_POINT('Ctrl Pts',(4.0964775476487,39.0280237670719,13.944793857545));
#4772=CARTESIAN_POINT('Ctrl Pts',(4.5652320093673,27.8459703247653,30.6960233835727));
#4773=CARTESIAN_POINT('Ctrl Pts',(5.0339864710859,10.0877602821311,40.1980224312443));
#4774=CARTESIAN_POINT('Ctrl Pts',(5.50274093280451,-10.0527941567715,40.2067810765067));
#4775=CARTESIAN_POINT('Ctrl Pts',(5.9714953945231,-27.8192618651789,30.7202308612607));
#4776=CARTESIAN_POINT('Ctrl Pts',(6.44024985624171,-39.0158804931887,13.9787332843064));
#4777=CARTESIAN_POINT('Ctrl Pts',(6.90900431796031,-40.9984355769776,-6.06400817388763));
#4778=CARTESIAN_POINT('Ctrl Pts',(7.3777587796789,-33.2987231880159,-24.6746620836119));
#4779=CARTESIAN_POINT('Ctrl Pts',(7.84651324139751,-17.7351218513388,-37.4581014976831));
#4780=CARTESIAN_POINT('Ctrl Pts',(8.31526770311611,2.01683913882135,-41.3953653780309));
#4781=CARTESIAN_POINT('Ctrl Pts',(8.78402216483472,21.2924996136847,-35.5566220990373));
#4782=CARTESIAN_POINT('Ctrl Pts',(9.25277662655332,35.5396834278752,-21.3207602289207));
#4783=CARTESIAN_POINT('Ctrl Pts',(9.72153108827192,41.3937489192976,-2.04974761820621));
#4784=CARTESIAN_POINT('Ctrl Pts',(10.1902855499905,37.4721889973248,17.705337236042));
#4785=CARTESIAN_POINT('Ctrl Pts',(10.6590400117091,24.7011266112439,33.2790964274423));
#4786=CARTESIAN_POINT('Ctrl Pts',(11.1277944734277,6.09659981707905,40.9936017637314));
#4787=CARTESIAN_POINT('Ctrl Pts',(11.5965489351463,-13.9477114293035,39.0269811896734));
#4788=CARTESIAN_POINT('Ctrl Pts',(12.065303396865,-30.6981049736603,27.8436755100893));
#4789=CARTESIAN_POINT('Ctrl Pts',(12.5340578585835,-40.1987764479683,10.0847551779069));
#4790=CARTESIAN_POINT('Ctrl Pts',(13.0028123203021,-40.2060294488328,-10.0557998594712));
#4791=CARTESIAN_POINT('Ctrl Pts',(13.4715667820207,-30.7181510969993,-27.8215583340045));
#4792=CARTESIAN_POINT('Ctrl Pts',(13.9403212437393,-13.9758165405715,-39.0169253896764));
#4793=CARTESIAN_POINT('Ctrl Pts',(14.409075705458,6.0670730657875,-40.9979821365625));
#4794=CARTESIAN_POINT('Ctrl Pts',(14.8778301671765,24.6771513279413,-33.2968784957444));
#4795=CARTESIAN_POINT('Ctrl Pts',(15.3465846288952,37.4594272008069,-17.7323215537694));
#4796=CARTESIAN_POINT('Ctrl Pts',(15.8153390906137,41.3952145159983,2.01993371927253));
#4797=CARTESIAN_POINT('Ctrl Pts',(16.2840935523324,35.5550301893839,21.2951576529228));
#4798=CARTESIAN_POINT('Ctrl Pts',(16.7528480140509,21.3181034351156,35.5412772025953));
#4799=CARTESIAN_POINT('Ctrl Pts',(17.2216024757696,2.04665295428775,41.3939020324268));
#4800=CARTESIAN_POINT('Ctrl Pts',(17.6903569374882,-17.7081381107988,37.4708653054532));
#4801=CARTESIAN_POINT('Ctrl Pts',(18.1591113992068,-33.2809436473255,24.6986386885885));
#4802=CARTESIAN_POINT('Ctrl Pts',(18.6278658609254,-40.9940559778014,6.09353527722287));
#4803=CARTESIAN_POINT('Ctrl Pts',(19.096620322644,-39.0259411895195,-13.9506289780032));
#4804=CARTESIAN_POINT('Ctrl Pts',(19.5653747843626,-27.8413750897863,-30.700186285173));
#4805=CARTESIAN_POINT('Ctrl Pts',(20.0341292460811,-10.0817606430861,-40.1995304486842));
#4806=CARTESIAN_POINT('Ctrl Pts',(20.5028837077998,10.0588262227559,-40.2052771896753));
#4807=CARTESIAN_POINT('Ctrl Pts',(20.9716381695184,27.823814256248,-30.7160719541465));
#4808=CARTESIAN_POINT('Ctrl Pts',(21.440392631237,39.0180488189838,-13.9728981727535));
#4809=CARTESIAN_POINT('Ctrl Pts',(21.9091470929556,40.9973749138453,6.0701349124344));
#4810=CARTESIAN_POINT('Ctrl Pts',(22.3779015546742,33.2953331493341,24.6796462762095));
#4811=CARTESIAN_POINT('Ctrl Pts',(22.8466560163927,17.7289355664573,37.4607416107349));
#4812=CARTESIAN_POINT('Ctrl Pts',(23.3154104781114,-2.02186986096954,41.3950818391945));
#4813=CARTESIAN_POINT('Ctrl Pts',(23.7841649398299,-21.3002486216295,35.5534354928692));
#4814=CARTESIAN_POINT('Ctrl Pts',(24.096667914309,-30.7909313211318,26.0612029164439));
#4815=CARTESIAN_POINT('Ctrl Pts',(24.2529194015486,-34.1411473990195,20.4748175639839));
#4816=CARTESIAN_POINT('Ctrl Pts',(17.2687789779808,0.000596661371518302,
39.812373390882));
#4817=CARTESIAN_POINT('Ctrl Pts',(17.4093049644833,-5.85666197999292,39.8080689328993));
#4818=CARTESIAN_POINT('Ctrl Pts',(17.5498309509857,-11.715782538271,38.4985027455516));
#4819=CARTESIAN_POINT('Ctrl Pts',(17.6903569374882,-17.0111405227058,35.9960003238045));
#4820=CARTESIAN_POINT('Ctrl Pts',(17.8466084247277,-22.8990732896412,33.2134564331648));
#4821=CARTESIAN_POINT('Ctrl Pts',(18.0028599119672,-28.0900084684833,28.9560475608767));
#4822=CARTESIAN_POINT('Ctrl Pts',(18.1591113992068,-31.9709947796504,23.7264925561717));
#4823=CARTESIAN_POINT('Ctrl Pts',(18.3153628864463,-35.8519810908175,18.4969375514667));
#4824=CARTESIAN_POINT('Ctrl Pts',(18.4716143736858,-38.4230185343094,12.2952364143448));
#4825=CARTESIAN_POINT('Ctrl Pts',(18.6278658609254,-39.3805181246751,5.85369180324613));
#4826=CARTESIAN_POINT('Ctrl Pts',(18.7841173481649,-40.3380177150408,-0.587852807852498));
#4827=CARTESIAN_POINT('Ctrl Pts',(18.9403688354044,-39.6819794522802,-7.26924089292786));
#4828=CARTESIAN_POINT('Ctrl Pts',(19.096620322644,-37.4898659709443,-13.4015278199938));
#4829=CARTESIAN_POINT('Ctrl Pts',(19.2528718098835,-35.2977524896085,-19.5338147470598));
#4830=CARTESIAN_POINT('Ctrl Pts',(19.409123297123,-31.5695637896974,-25.1170005161164));
#4831=CARTESIAN_POINT('Ctrl Pts',(19.5653747843626,-26.7455336986252,-29.4918174278965));
#4832=CARTESIAN_POINT('Ctrl Pts',(19.7216262716021,-21.9215036075529,-33.8666343396767));
#4833=CARTESIAN_POINT('Ctrl Pts',(19.8778777588416,-16.0016321253195,-37.0330823941805));
#4834=CARTESIAN_POINT('Ctrl Pts',(20.0341292460812,-9.68493190656247,-38.6172642115975));
#4835=CARTESIAN_POINT('Ctrl Pts',(20.1903807333207,-3.36823168780542,-40.2014460290146));
#4836=CARTESIAN_POINT('Ctrl Pts',(20.3466322205602,3.34529726747528,-40.203361609345));
#4837=CARTESIAN_POINT('Ctrl Pts',(20.5028837077998,9.662893084031,-38.6227851935886));
#4838=CARTESIAN_POINT('Ctrl Pts',(20.6591351950393,15.9804889005865,-37.0422087778324));
#4839=CARTESIAN_POINT('Ctrl Pts',(20.8153866822788,21.9021515784171,-33.8791403659895));
#4840=CARTESIAN_POINT('Ctrl Pts',(20.9716381695184,26.7286886777884,-29.5070771965026));
#4841=CARTESIAN_POINT('Ctrl Pts',(21.1278896567579,31.5552257771598,-25.1350140270157));
#4842=CARTESIAN_POINT('Ctrl Pts',(21.2841411439974,35.2866372980718,-19.5539560998846));
#4843=CARTESIAN_POINT('Ctrl Pts',(21.440392631237,37.4822307410047,-13.422921622121));
#4844=CARTESIAN_POINT('Ctrl Pts',(21.5966441184765,39.6778241839376,-7.29188714435754));
#4845=CARTESIAN_POINT('Ctrl Pts',(21.752895605716,40.3375995488914,-0.610876115961569));
#4846=CARTESIAN_POINT('Ctrl Pts',(21.9091470929556,39.3838136039498,5.83121462553226));
#4847=CARTESIAN_POINT('Ctrl Pts',(22.027991320303,38.6583680054214,10.7310418860644));
#4848=CARTESIAN_POINT('Ctrl Pts',(22.1468355476505,36.9994675167325,15.4926523284319));
#4849=CARTESIAN_POINT('Ctrl Pts',(22.2656797749979,34.5403624853199,19.7937469363101));
#4850=CARTESIAN_POINT('',(-19.81,-29.6105685829721,21.1150574754867));
#4851=CARTESIAN_POINT('Ctrl Pts',(-19.81,-29.610020981372,21.1156862280957));
#4852=CARTESIAN_POINT('Ctrl Pts',(-19.81,-29.2527624981336,21.6693475724587));
#4853=CARTESIAN_POINT('Ctrl Pts',(-19.81,-28.8808145948154,22.2127848383193));
#4854=CARTESIAN_POINT('Ctrl Pts',(-19.81,-28.4945688219044,22.7453708542224));
#4855=CARTESIAN_POINT('Ctrl Pts',(-19.81,-28.1078154971777,23.2786567224432));
#4856=CARTESIAN_POINT('Ctrl Pts',(-19.81,-27.7067265140981,23.8010632527829));
#4857=CARTESIAN_POINT('Ctrl Pts',(-19.81,-27.2916464419776,24.3119418264778));
#4858=CARTESIAN_POINT('Ctrl Pts',(-19.81,-27.2204474934984,24.3995731527948));
#4859=CARTESIAN_POINT('Ctrl Pts',(-19.81,-27.1488367771491,24.4868652403129));
#4860=CARTESIAN_POINT('Ctrl Pts',(-19.81,-27.0768158949448,24.5738147445043));
#4861=CARTESIAN_POINT('Ctrl Pts',(-19.81,-26.6606755484701,25.0762134335029));
#4862=CARTESIAN_POINT('Ctrl Pts',(-19.81,-26.2308449663172,25.5671770659204));
#4863=CARTESIAN_POINT('Ctrl Pts',(-19.81,-25.7879475247138,26.0463514863223));
#4864=CARTESIAN_POINT('Ctrl Pts',(-19.81,-25.3299647383684,26.5418468664867));
#4865=CARTESIAN_POINT('Ctrl Pts',(-19.81,-24.8580096615011,27.024736783832));
#4866=CARTESIAN_POINT('Ctrl Pts',(-19.81,-24.3727262940234,27.4945936231226));
#4867=CARTESIAN_POINT('Ctrl Pts',(-19.81,-24.160414820752,27.7001559903122));
#4868=CARTESIAN_POINT('Ctrl Pts',(-19.81,-23.9455516717903,27.9032232426453));
#4869=CARTESIAN_POINT('Ctrl Pts',(-19.81,-23.7281883098942,28.1037571128864));
#4870=CARTESIAN_POINT('Ctrl Pts',(-19.81,-23.6369492552096,28.1879319277836));
#4871=CARTESIAN_POINT('Ctrl Pts',(-19.81,-23.5452696631606,28.2716603592914));
#4872=CARTESIAN_POINT('Ctrl Pts',(-19.81,-23.4531532672837,28.3549394933601));
#4873=CARTESIAN_POINT('Ctrl Pts',(-19.81,-23.3945368382406,28.4079325073229));
#4874=CARTESIAN_POINT('Ctrl Pts',(-19.81,-23.3357413661078,28.4607454859056));
#4875=CARTESIAN_POINT('Ctrl Pts',(-19.81,-23.2767864115661,28.5133612001679));
#4876=CARTESIAN_POINT('Ctrl Pts',(-19.81,-22.7846742326421,28.9525581089353));
#4877=CARTESIAN_POINT('Ctrl Pts',(-19.81,-22.2811908004506,29.3782520600277));
#4878=CARTESIAN_POINT('Ctrl Pts',(-19.81,-21.7670044082704,29.7901128066999));
#4879=CARTESIAN_POINT('Ctrl Pts',(-19.81,-21.2494471183223,30.2046736257442));
#4880=CARTESIAN_POINT('Ctrl Pts',(-19.81,-20.7210457523413,30.6052195933142));
#4881=CARTESIAN_POINT('Ctrl Pts',(-19.81,-20.1824396446066,30.9913819169373));
#4882=CARTESIAN_POINT('Ctrl Pts',(-19.81,-19.6422317831754,31.3786926436706));
#4883=CARTESIAN_POINT('Ctrl Pts',(-19.81,-19.0917580388506,31.7515343650826));
#4884=CARTESIAN_POINT('Ctrl Pts',(-19.81,-18.5316263182702,32.1094981065855));
#4885=CARTESIAN_POINT('Ctrl Pts',(-19.81,-17.9730939456586,32.466439751746));
#4886=CARTESIAN_POINT('Ctrl Pts',(-19.81,-17.4049582856049,32.808588541175));
#4887=CARTESIAN_POINT('Ctrl Pts',(-19.81,-16.8277907739284,33.1354979391692));
#4888=CARTESIAN_POINT('Ctrl Pts',(-19.81,-16.4842245993321,33.3300948439433));
#4889=CARTESIAN_POINT('Ctrl Pts',(-19.81,-16.1374575324677,33.5192910589621));
#4890=CARTESIAN_POINT('Ctrl Pts',(-19.81,-15.7876056669459,33.7029848266164));
#4891=CARTESIAN_POINT('Ctrl Pts',(-19.81,-15.6682137976764,33.7656729082154));
#4892=CARTESIAN_POINT('Ctrl Pts',(-19.81,-15.5484626433919,33.8277201177687));
#4893=CARTESIAN_POINT('Ctrl Pts',(-19.81,-15.4283567410011,33.8891222510692));
#4894=CARTESIAN_POINT('Ctrl Pts',(-19.81,-15.3686716428655,33.9196352589967));
#4895=CARTESIAN_POINT('Ctrl Pts',(-19.81,-15.308897652781,33.9499895820694));
#4896=CARTESIAN_POINT('Ctrl Pts',(-19.81,-15.2490539932963,33.9801753805293));
#4897=CARTESIAN_POINT('Ctrl Pts',(-19.81,-14.6495792185731,34.2825570344488));
#4898=CARTESIAN_POINT('Ctrl Pts',(-19.81,-14.0426915047014,34.5682492295662));
#4899=CARTESIAN_POINT('Ctrl Pts',(-19.81,-13.4290525172273,34.8369109854637));
#4900=CARTESIAN_POINT('Ctrl Pts',(-19.81,-13.143568792941,34.9619006947431));
#4901=CARTESIAN_POINT('Ctrl Pts',(-19.81,-12.8566232770242,35.0832038422551));
#4902=CARTESIAN_POINT('Ctrl Pts',(-19.81,-12.5682799043094,35.200783357678));
#4903=CARTESIAN_POINT('Ctrl Pts',(-19.81,-11.9593122531189,35.4491057680772));
#4904=CARTESIAN_POINT('Ctrl Pts',(-19.81,-11.3441115960848,35.6808224103782));
#4905=CARTESIAN_POINT('Ctrl Pts',(-19.81,-10.7234060282611,35.89597636284));
#4906=CARTESIAN_POINT('Ctrl Pts',(-19.81,-10.0711670515021,36.1220606789374));
#4907=CARTESIAN_POINT('Ctrl Pts',(-19.81,-9.4128493852156,36.3298572143367));
#4908=CARTESIAN_POINT('Ctrl Pts',(-19.81,-8.7492665776642,36.5193638030833));
#4909=CARTESIAN_POINT('Ctrl Pts',(-19.81,-8.10540640240335,36.7032379843534));
#4910=CARTESIAN_POINT('Ctrl Pts',(-19.81,-7.4565888188323,36.869893108272));
#4911=CARTESIAN_POINT('Ctrl Pts',(-19.81,-6.80353518676167,37.0192778112732));
#4912=CARTESIAN_POINT('Ctrl Pts',(-19.81,-6.1498462185693,37.1688078461325));
#4913=CARTESIAN_POINT('Ctrl Pts',(-19.81,-5.49191249639868,37.3010339415526));
#4914=CARTESIAN_POINT('Ctrl Pts',(-19.81,-4.83044293491802,37.4158544090527));
#4915=CARTESIAN_POINT('Ctrl Pts',(-19.81,-4.17088167139065,37.530343626748));
#4916=CARTESIAN_POINT('Ctrl Pts',(-19.81,-3.50780447547056,37.6275275743184));
#4917=CARTESIAN_POINT('Ctrl Pts',(-19.81,-2.84190661291043,37.7072543112651));
#4918=CARTESIAN_POINT('Ctrl Pts',(-19.81,-2.49035812420172,37.7493445708367));
#4919=CARTESIAN_POINT('Ctrl Pts',(-19.81,-2.13802339863154,37.7865684370185));
#4920=CARTESIAN_POINT('Ctrl Pts',(-19.81,-1.78500456151065,37.8188976671878));
#4921=CARTESIAN_POINT('Ctrl Pts',(-19.81,-1.65716519021232,37.8306051117342));
#4922=CARTESIAN_POINT('Ctrl Pts',(-19.81,-1.52923610585068,37.8416706371027));
#4923=CARTESIAN_POINT('Ctrl Pts',(-19.81,-1.40122216437447,37.8520927682258));
#4924=CARTESIAN_POINT('Ctrl Pts',(-19.81,-1.34212434742132,37.8569041597843));
#4925=CARTESIAN_POINT('Ctrl Pts',(-19.81,-1.28301643585429,37.8615777656183));
#4926=CARTESIAN_POINT('Ctrl Pts',(-19.81,-1.22390705657846,37.8661129607908));
#4927=CARTESIAN_POINT('Ctrl Pts',(-19.81,-0.547733460154974,37.9179927008225));
#4928=CARTESIAN_POINT('Ctrl Pts',(-19.81,0.12896203117107,37.9517912304833));
#4929=CARTESIAN_POINT('Ctrl Pts',(-19.81,0.805429583864704,37.9675399802831));
#4930=CARTESIAN_POINT('Ctrl Pts',(-19.81,1.48490661488007,37.9833587933415));
#4931=CARTESIAN_POINT('Ctrl Pts',(-19.81,2.16415413040128,37.980966978594));
#4932=CARTESIAN_POINT('Ctrl Pts',(-19.81,2.8424308640989,37.9603470813515));
#4933=CARTESIAN_POINT('Ctrl Pts',(-19.81,3.5217052192969,37.9396968559969));
#4934=CARTESIAN_POINT('Ctrl Pts',(-19.81,4.20000640523985,37.9007649797363));
#4935=CARTESIAN_POINT('Ctrl Pts',(-19.81,4.8766015332315,37.8434831042665));
#4936=CARTESIAN_POINT('Ctrl Pts',(-19.81,5.1275774731417,37.8222349871266));
#4937=CARTESIAN_POINT('Ctrl Pts',(-19.81,5.37831874526545,37.7984614708593));
#4938=CARTESIAN_POINT('Ctrl Pts',(-19.81,5.62878814927927,37.7721572532768));
#4939=CARTESIAN_POINT('Ctrl Pts',(-19.81,6.29851046373388,37.7018232276556));
#4940=CARTESIAN_POINT('Ctrl Pts',(-19.81,6.96628915713838,37.6133995452181));
#4941=CARTESIAN_POINT('Ctrl Pts',(-19.81,7.63147624077263,37.5072060500494));
#4942=CARTESIAN_POINT('Ctrl Pts',(-19.81,8.32738897171297,37.396107372626));
#4943=CARTESIAN_POINT('Ctrl Pts',(-19.81,9.02046569182573,37.2655596485811));
#4944=CARTESIAN_POINT('Ctrl Pts',(-19.81,9.70995856472856,37.1158690863258));
#4945=CARTESIAN_POINT('Ctrl Pts',(-19.81,10.3132648285185,36.9848898443524));
#4946=CARTESIAN_POINT('Ctrl Pts',(-19.81,10.9138273483686,36.8392533837038));
#4947=CARTESIAN_POINT('Ctrl Pts',(-19.81,11.5111365389058,36.6791277098502));
#4948=CARTESIAN_POINT('Ctrl Pts',(-19.81,12.0337820806259,36.5390177452284));
#4949=CARTESIAN_POINT('Ctrl Pts',(-19.81,12.5539367876864,36.3878139269161));
#4950=CARTESIAN_POINT('Ctrl Pts',(-19.81,13.0712515747032,36.2256077941009));
#4951=CARTESIAN_POINT('Ctrl Pts',(-19.81,13.1352419368689,36.2055433585872));
#4952=CARTESIAN_POINT('Ctrl Pts',(-19.81,13.1991888346884,36.185310552697));
#4953=CARTESIAN_POINT('Ctrl Pts',(-19.81,13.2630915979866,36.1649095293294));
#4954=CARTESIAN_POINT('Ctrl Pts',(-19.81,13.3104481660287,36.1497908959343));
#4955=CARTESIAN_POINT('Ctrl Pts',(-19.81,13.3577771932955,36.1345809224013));
#4956=CARTESIAN_POINT('Ctrl Pts',(-19.81,13.4050703823518,36.1192823409723));
#4957=CARTESIAN_POINT('Ctrl Pts',(-19.81,14.0533812517638,35.909564264756));
#4958=CARTESIAN_POINT('Ctrl Pts',(-19.81,14.6954048988443,35.6830568375351));
#4959=CARTESIAN_POINT('Ctrl Pts',(-19.81,15.3305004643937,35.4401610747806));
#4960=CARTESIAN_POINT('Ctrl Pts',(-19.81,15.9708242314037,35.1952657578638));
#4961=CARTESIAN_POINT('Ctrl Pts',(-19.81,16.6041058181603,34.9337110921862));
#4962=CARTESIAN_POINT('Ctrl Pts',(-19.81,17.2296867649837,34.6558551848301));
#4963=CARTESIAN_POINT('Ctrl Pts',(-19.81,17.8590119886716,34.3763362321865));
#4964=CARTESIAN_POINT('Ctrl Pts',(-19.81,18.4805445732231,34.0803202184949));
#4965=CARTESIAN_POINT('Ctrl Pts',(-19.81,19.0936057482561,33.7681198044911));
#4966=CARTESIAN_POINT('Ctrl Pts',(-19.81,19.7064594184868,33.4560250619731));
#4967=CARTESIAN_POINT('Ctrl Pts',(-19.81,20.3108478670731,33.1277567222608));
#4968=CARTESIAN_POINT('Ctrl Pts',(-19.81,20.9060777874307,32.7835773752043));
#4969=CARTESIAN_POINT('Ctrl Pts',(-19.81,21.4980042538554,32.4413081818193));
#4970=CARTESIAN_POINT('Ctrl Pts',(-19.81,22.0808739976535,32.083303914916));
#4971=CARTESIAN_POINT('Ctrl Pts',(-19.81,22.6539835523131,31.7097761741872));
#4972=CARTESIAN_POINT('Ctrl Pts',(-19.81,22.8554126768651,31.5784934810281));
#4973=CARTESIAN_POINT('Ctrl Pts',(-19.81,23.0556359076516,31.445292777567));
#4974=CARTESIAN_POINT('Ctrl Pts',(-19.81,23.2546219101996,31.3101819353192));
#4975=CARTESIAN_POINT('Ctrl Pts',(-19.81,23.8226304008321,30.9245060355547));
#4976=CARTESIAN_POINT('Ctrl Pts',(-19.81,24.3805600111303,30.5232688147417));
#4977=CARTESIAN_POINT('Ctrl Pts',(-19.81,24.9279513014054,30.1069989825071));
#4978=CARTESIAN_POINT('Ctrl Pts',(-19.81,25.2148655991697,29.8888117940774));
#4979=CARTESIAN_POINT('Ctrl Pts',(-19.81,25.4988841563063,29.6664939858782));
#4980=CARTESIAN_POINT('Ctrl Pts',(-19.81,25.7799370384231,29.4401174111748));
#4981=CARTESIAN_POINT('Ctrl Pts',(-19.81,25.9116805769153,29.3340033917826));
#4982=CARTESIAN_POINT('Ctrl Pts',(-19.81,26.0427724387549,29.2269975134143));
#4983=CARTESIAN_POINT('Ctrl Pts',(-19.81,26.1732052079507,29.1191069698926));
#4984=CARTESIAN_POINT('Ctrl Pts',(-19.81,26.2319528440785,29.0705124761046));
#4985=CARTESIAN_POINT('Ctrl Pts',(-19.81,26.290566771424,29.0217385128886));
#4986=CARTESIAN_POINT('Ctrl Pts',(-19.81,26.3490463030172,28.9727857291401));
#4987=CARTESIAN_POINT('Ctrl Pts',(-19.81,26.4066426236012,28.9245722748008));
#4988=CARTESIAN_POINT('Ctrl Pts',(-19.81,26.4641126889659,28.8761818391662));
#4989=CARTESIAN_POINT('Ctrl Pts',(-19.81,26.5214316802646,28.8276356140133));
#4990=CARTESIAN_POINT('Ctrl Pts',(-19.81,27.0448766283177,28.3843047784973));
#4991=CARTESIAN_POINT('Ctrl Pts',(-19.81,27.5560555754882,27.9277118457241));
#4992=CARTESIAN_POINT('Ctrl Pts',(-19.81,28.0546148948658,27.4585260098017));
#4993=CARTESIAN_POINT('Ctrl Pts',(-19.81,28.5579076276488,26.9848856377007));
#4994=CARTESIAN_POINT('Ctrl Pts',(-19.81,29.0483403014194,26.4984118581445));
#4995=CARTESIAN_POINT('Ctrl Pts',(-19.81,29.52552652444,25.9997444060215));
#4996=CARTESIAN_POINT('Ctrl Pts',(-19.81,30.0058992639497,25.4977469917536));
#4997=CARTESIAN_POINT('Ctrl Pts',(-19.81,30.4728483911175,24.9833922247331));
#4998=CARTESIAN_POINT('Ctrl Pts',(-19.81,30.9259518472457,24.457287703999));
#4999=CARTESIAN_POINT('Ctrl Pts',(-19.81,31.3805473784766,23.9294507147831));
#5000=CARTESIAN_POINT('Ctrl Pts',(-19.81,31.8212062396924,23.3897861445844));
#5001=CARTESIAN_POINT('Ctrl Pts',(-19.81,32.2474691176161,22.8388669941744));
#5002=CARTESIAN_POINT('Ctrl Pts',(-19.81,32.6728800942189,22.2890488750206));
#5003=CARTESIAN_POINT('Ctrl Pts',(-19.81,33.083952884903,21.7280207692194));
#5004=CARTESIAN_POINT('Ctrl Pts',(-19.81,33.4801931941361,21.1563168778248));
#5005=CARTESIAN_POINT('Ctrl Pts',(-19.81,33.8745188174818,20.5873755356892));
#5006=CARTESIAN_POINT('Ctrl Pts',(-19.81,34.2541552503427,20.0078609803975));
#5007=CARTESIAN_POINT('Ctrl Pts',(-19.81,34.6185734337848,19.4182698803211));
#5008=CARTESIAN_POINT('Ctrl Pts',(-19.81,34.9789036470188,18.8352926951413));
#5009=CARTESIAN_POINT('Ctrl Pts',(-19.81,35.3243553607974,18.2424634115396));
#5010=CARTESIAN_POINT('Ctrl Pts',(-19.81,35.6543722274596,17.6402382562596));
#5011=CARTESIAN_POINT('Ctrl Pts',(-19.81,35.7713506233675,17.4267724011579));
#5012=CARTESIAN_POINT('Ctrl Pts',(-19.81,35.8863893039991,17.2121258230885));
#5013=CARTESIAN_POINT('Ctrl Pts',(-19.81,35.9994620293616,16.996318236505));
#5014=CARTESIAN_POINT('Ctrl Pts',(-19.81,-29.610020981372,21.1156862280957));
#5015=CARTESIAN_POINT('Ctrl Pts',(-19.6911557726526,-32.2342559284761,17.4280221557968));
#5016=CARTESIAN_POINT('Ctrl Pts',(-19.4160600580656,-36.7212513582585,7.75550579647972));
#5017=CARTESIAN_POINT('Ctrl Pts',(-18.9847128562391,-36.7326052517501,-9.17537633748981));
#5018=CARTESIAN_POINT('Ctrl Pts',(-18.5159583945205,-28.0698008119939,-25.4076991149724));
#5019=CARTESIAN_POINT('Ctrl Pts',(-18.0472039328019,-12.7781344262502,-35.6396735118238));
#5020=CARTESIAN_POINT('Ctrl Pts',(-17.5784494710833,5.53131960095566,-37.4549252208247));
#5021=CARTESIAN_POINT('Ctrl Pts',(-17.1096950093647,22.5344460677484,-30.4247466488619));
#5022=CARTESIAN_POINT('Ctrl Pts',(-16.640940547646,34.2158163672365,-16.209405315351));
#5023=CARTESIAN_POINT('Ctrl Pts',(-16.1721860859275,37.8167045541703,1.83398087100024));
#5024=CARTESIAN_POINT('Ctrl Pts',(-15.7034316242088,32.4867343344701,19.4442500375508));
#5025=CARTESIAN_POINT('Ctrl Pts',(-15.2346771624903,19.4846331584311,32.4625289678006));
#5026=CARTESIAN_POINT('Ctrl Pts',(-14.9063535039439,7.15475093557395,36.2110683395745));
#5027=CARTESIAN_POINT('Ctrl Pts',(-14.7342813326371,0.602955620365527,36.370604430322));
#5028=CARTESIAN_POINT('Ctrl Pts',(-14.7184606485699,0.000547879018029593,
36.3701600106573));
#5029=CARTESIAN_POINT('Origin',(-19.81,-3.59810362502843E-15,0.));
#5030=CARTESIAN_POINT('',(-19.81,-4.87531890740561E-15,39.81));
#5031=CARTESIAN_POINT('Origin',(-19.81,0.,0.));
#5032=CARTESIAN_POINT('Origin',(-19.81,0.,0.));
#5033=CARTESIAN_POINT('',(-19.81,-29.6105685829722,-21.1150574754865));
#5034=CARTESIAN_POINT('Ctrl Pts',(-19.81,35.9989945552088,-16.997101615121));
#5035=CARTESIAN_POINT('Ctrl Pts',(-19.81,35.6750061880038,-17.6169205051359));
#5036=CARTESIAN_POINT('Ctrl Pts',(-19.81,35.3350139620658,-18.2276082438334));
#5037=CARTESIAN_POINT('Ctrl Pts',(-19.81,34.9792684812263,-18.8284870032837));
#5038=CARTESIAN_POINT('Ctrl Pts',(-19.81,34.6251919504559,-19.4265467904596));
#5039=CARTESIAN_POINT('Ctrl Pts',(-19.81,34.2555094097513,-20.0148898117241));
#5040=CARTESIAN_POINT('Ctrl Pts',(-19.81,33.8704237740182,-20.5928211557695));
#5041=CARTESIAN_POINT('Ctrl Pts',(-19.81,33.7799085324373,-20.7286652132188));
#5042=CARTESIAN_POINT('Ctrl Pts',(-19.81,33.688542091753,-20.8639338994367));
#5043=CARTESIAN_POINT('Ctrl Pts',(-19.81,33.5963267504179,-20.9986179391398));
#5044=CARTESIAN_POINT('Ctrl Pts',(-19.81,33.2020354681203,-21.5744954661401));
#5045=CARTESIAN_POINT('Ctrl Pts',(-19.81,32.7922274120144,-22.1396872097152));
#5046=CARTESIAN_POINT('Ctrl Pts',(-19.81,32.3674642992231,-22.6936994660788));
#5047=CARTESIAN_POINT('Ctrl Pts',(-19.81,31.9324222587182,-23.2611183760906));
#5048=CARTESIAN_POINT('Ctrl Pts',(-19.81,31.4816923535203,-23.8168106785294));
#5049=CARTESIAN_POINT('Ctrl Pts',(-19.81,31.0158403245178,-24.3602039909179));
#5050=CARTESIAN_POINT('Ctrl Pts',(-19.81,30.8120300618292,-24.5979385650878));
#5051=CARTESIAN_POINT('Ctrl Pts',(-19.81,30.6053248738608,-24.8333184577491));
#5052=CARTESIAN_POINT('Ctrl Pts',(-19.81,30.3957701422116,-25.0662929257428));
#5053=CARTESIAN_POINT('Ctrl Pts',(-19.81,30.278350208838,-25.1968356545768));
#5054=CARTESIAN_POINT('Ctrl Pts',(-19.81,30.1600355825272,-25.3266231194842));
#5055=CARTESIAN_POINT('Ctrl Pts',(-19.81,30.0408340974565,-25.4556461441059));
#5056=CARTESIAN_POINT('Ctrl Pts',(-19.81,29.9970172952381,-25.5030732071842));
#5057=CARTESIAN_POINT('Ctrl Pts',(-19.81,29.9530816623532,-25.5503958631051));
#5058=CARTESIAN_POINT('Ctrl Pts',(-19.81,29.9090360866586,-25.5976046581291));
#5059=CARTESIAN_POINT('Ctrl Pts',(-19.81,29.4358772250742,-26.1047443505517));
#5060=CARTESIAN_POINT('Ctrl Pts',(-19.81,28.9497703661742,-26.5990333718633));
#5061=CARTESIAN_POINT('Ctrl Pts',(-19.81,28.4513011342447,-27.0800220480419));
#5062=CARTESIAN_POINT('Ctrl Pts',(-19.81,27.9519768654912,-27.5618357762072));
#5063=CARTESIAN_POINT('Ctrl Pts',(-19.81,27.4402474120028,-28.0303037953802));
#5064=CARTESIAN_POINT('Ctrl Pts',(-19.81,26.9166655029485,-28.4849361051774));
#5065=CARTESIAN_POINT('Ctrl Pts',(-19.81,26.3941904889512,-28.9386072850197));
#5066=CARTESIAN_POINT('Ctrl Pts',(-19.81,25.8599127037671,-29.3785014719333));
#5067=CARTESIAN_POINT('Ctrl Pts',(-19.81,25.3143512327597,-29.8040896225687));
#5068=CARTESIAN_POINT('Ctrl Pts',(-19.81,24.7740515640161,-30.2255730832407));
#5069=CARTESIAN_POINT('Ctrl Pts',(-19.81,24.2226844295159,-30.6330253458415));
#5070=CARTESIAN_POINT('Ctrl Pts',(-19.81,23.660730173548,-31.0258875781142));
#5071=CARTESIAN_POINT('Ctrl Pts',(-19.81,23.3142228635223,-31.2681308459065));
#5072=CARTESIAN_POINT('Ctrl Pts',(-19.81,22.963689784807,-31.5048259514856));
#5073=CARTESIAN_POINT('Ctrl Pts',(-19.81,22.6092399118869,-31.7358326900775));
#5074=CARTESIAN_POINT('Ctrl Pts',(-19.81,22.4623355833217,-31.831575113533));
#5075=CARTESIAN_POINT('Ctrl Pts',(-19.81,22.314758418792,-31.9263403325436));
#5076=CARTESIAN_POINT('Ctrl Pts',(-19.81,22.1665160599518,-32.0201179929459));
#5077=CARTESIAN_POINT('Ctrl Pts',(-19.81,22.1072937272095,-32.057581858548));
#5078=CARTESIAN_POINT('Ctrl Pts',(-19.81,22.0479632411281,-32.0948893189856));
#5079=CARTESIAN_POINT('Ctrl Pts',(-19.81,21.9885445637555,-32.1320276320523));
#5080=CARTESIAN_POINT('Ctrl Pts',(-19.81,21.4063422903263,-32.4959201193119));
#5081=CARTESIAN_POINT('Ctrl Pts',(-19.81,20.8152792370839,-32.8438291984559));
#5082=CARTESIAN_POINT('Ctrl Pts',(-19.81,20.2159033669752,-33.1753167440587));
#5083=CARTESIAN_POINT('Ctrl Pts',(-19.81,19.9212225108922,-33.3382913291072));
#5084=CARTESIAN_POINT('Ctrl Pts',(-19.81,19.6245318230673,-33.4972959406985));
#5085=CARTESIAN_POINT('Ctrl Pts',(-19.81,19.3258937883947,-33.6522747148451));
#5086=CARTESIAN_POINT('Ctrl Pts',(-19.81,18.7223892854371,-33.965464520567));
#5087=CARTESIAN_POINT('Ctrl Pts',(-19.81,18.1109335347729,-34.2622163797611));
#5088=CARTESIAN_POINT('Ctrl Pts',(-19.81,17.492250291898,-34.5424343860037));
#5089=CARTESIAN_POINT('Ctrl Pts',(-19.81,16.854205316906,-34.831421832883));
#5090=CARTESIAN_POINT('Ctrl Pts',(-19.81,16.2084730048334,-35.1028247367782));
#5091=CARTESIAN_POINT('Ctrl Pts',(-19.81,15.555825328136,-35.3564849822027));
#5092=CARTESIAN_POINT('Ctrl Pts',(-19.81,14.9177191962911,-35.6044934618003));
#5093=CARTESIAN_POINT('Ctrl Pts',(-19.81,14.2730018912272,-35.8355410172232));
#5094=CARTESIAN_POINT('Ctrl Pts',(-19.81,13.6223815945485,-36.0494288659606));
#5095=CARTESIAN_POINT('Ctrl Pts',(-19.81,12.9742932350913,-36.2624843542442));
#5096=CARTESIAN_POINT('Ctrl Pts',(-19.81,12.3203472749271,-36.4585134928827));
#5097=CARTESIAN_POINT('Ctrl Pts',(-19.81,11.6612376121789,-36.637268691526));
#5098=CARTESIAN_POINT('Ctrl Pts',(-19.81,11.0069534248355,-36.8147151871365));
#5099=CARTESIAN_POINT('Ctrl Pts',(-19.81,10.3475804236322,-36.975139781786));
#5100=CARTESIAN_POINT('Ctrl Pts',(-19.81,9.68379815949759,-37.11824916184));
#5101=CARTESIAN_POINT('Ctrl Pts',(-19.81,9.33350250008855,-37.1937718103985));
#5102=CARTESIAN_POINT('Ctrl Pts',(-19.81,8.9819789341351,-37.2644713876708));
#5103=CARTESIAN_POINT('Ctrl Pts',(-19.81,8.62932805987756,-37.3302989272812));
#5104=CARTESIAN_POINT('Ctrl Pts',(-19.81,8.507473327968,-37.3530449284315));
#5105=CARTESIAN_POINT('Ctrl Pts',(-19.81,8.38548400465279,-37.3752091850676));
#5106=CARTESIAN_POINT('Ctrl Pts',(-19.81,8.26336426222103,-37.3967895628404));
#5107=CARTESIAN_POINT('Ctrl Pts',(-19.81,8.19094127543891,-37.40958778353));
#5108=CARTESIAN_POINT('Ctrl Pts',(-19.81,8.11846728002116,-37.4221814968369));
#5109=CARTESIAN_POINT('Ctrl Pts',(-19.81,8.04597379833512,-37.4345651017131));
#5110=CARTESIAN_POINT('Ctrl Pts',(-19.81,7.37720927914148,-37.5488059323134));
#5111=CARTESIAN_POINT('Ctrl Pts',(-19.81,6.70635594827635,-37.6452487613048));
#5112=CARTESIAN_POINT('Ctrl Pts',(-19.81,6.03411350617844,-37.7237878735024));
#5113=CARTESIAN_POINT('Ctrl Pts',(-19.81,5.36170438110287,-37.8023464595271));
#5114=CARTESIAN_POINT('Ctrl Pts',(-19.81,4.68790499120798,-37.862992523415));
#5115=CARTESIAN_POINT('Ctrl Pts',(-19.81,4.01340538412473,-37.9055691563268));
#5116=CARTESIAN_POINT('Ctrl Pts',(-19.81,3.34197697914401,-37.947951924864));
#5117=CARTESIAN_POINT('Ctrl Pts',(-19.81,2.66985426530822,-37.9724294752964));
#5118=CARTESIAN_POINT('Ctrl Pts',(-19.81,1.9977147003782,-37.978795624532));
#5119=CARTESIAN_POINT('Ctrl Pts',(-19.81,1.71708170466088,-37.9814536313275));
#5120=CARTESIAN_POINT('Ctrl Pts',(-19.81,1.43644577181266,-37.9809537545975));
#5121=CARTESIAN_POINT('Ctrl Pts',(-19.81,1.15585633065181,-37.9772782924943));
#5122=CARTESIAN_POINT('Ctrl Pts',(-19.81,0.480526303200135,-37.9684320938891));
#5123=CARTESIAN_POINT('Ctrl Pts',(-19.81,-0.194535101646028,-37.9411938367992));
#5124=CARTESIAN_POINT('Ctrl Pts',(-19.81,-0.868613721028409,-37.8957494570802));
#5125=CARTESIAN_POINT('Ctrl Pts',(-19.81,-1.55135988878853,-37.8497207369765));
#5126=CARTESIAN_POINT('Ctrl Pts',(-19.81,-2.23309834751885,-37.7850146489754));
#5127=CARTESIAN_POINT('Ctrl Pts',(-19.81,-2.91307297859286,-37.7017719273057));
#5128=CARTESIAN_POINT('Ctrl Pts',(-19.81,-3.58013514154716,-37.6201099543001));
#5129=CARTESIAN_POINT('Ctrl Pts',(-19.81,-4.24550022651399,-37.5206083858703));
#5130=CARTESIAN_POINT('Ctrl Pts',(-19.81,-4.90843430526478,-37.4033527151944));
#5131=CARTESIAN_POINT('Ctrl Pts',(-19.81,-5.41686335423277,-37.3134249364925));
#5132=CARTESIAN_POINT('Ctrl Pts',(-19.81,-5.92386215608727,-37.213053353303));
#5133=CARTESIAN_POINT('Ctrl Pts',(-19.81,-6.42908919186001,-37.10225853982));
#5134=CARTESIAN_POINT('Ctrl Pts',(-19.81,-6.4954421407499,-37.0877075319052));
#5135=CARTESIAN_POINT('Ctrl Pts',(-19.81,-6.56176815174881,-37.0729758723962));
#5136=CARTESIAN_POINT('Ctrl Pts',(-19.81,-6.62804029886171,-37.058069553541));
#5137=CARTESIAN_POINT('Ctrl Pts',(-19.81,-7.27957696527079,-36.9115221166705));
#5138=CARTESIAN_POINT('Ctrl Pts',(-19.81,-7.92639030148372,-36.7479938958326));
#5139=CARTESIAN_POINT('Ctrl Pts',(-19.81,-8.56781303866955,-36.5677449390088));
#5140=CARTESIAN_POINT('Ctrl Pts',(-19.81,-9.21168080111166,-36.3868088951419));
#5141=CARTESIAN_POINT('Ctrl Pts',(-19.81,-9.85011724875626,-36.1890242721899));
#5142=CARTESIAN_POINT('Ctrl Pts',(-19.81,-10.4824373760707,-35.9746026537973));
#5143=CARTESIAN_POINT('Ctrl Pts',(-19.81,-11.1138308210715,-35.7604952761079));
#5144=CARTESIAN_POINT('Ctrl Pts',(-19.81,-11.7391263043686,-35.5297994685718));
#5145=CARTESIAN_POINT('Ctrl Pts',(-19.81,-12.357625033779,-35.2826769125965));
#5146=CARTESIAN_POINT('Ctrl Pts',(-19.81,-12.9733372376791,-35.0366677191449));
#5147=CARTESIAN_POINT('Ctrl Pts',(-19.81,-13.5823142136565,-34.7743792826198));
#5148=CARTESIAN_POINT('Ctrl Pts',(-19.81,-14.1838434685798,-34.4959251071501));
#5149=CARTESIAN_POINT('Ctrl Pts',(-19.81,-14.7790711508009,-34.2203879955083));
#5150=CARTESIAN_POINT('Ctrl Pts',(-19.81,-15.3670067075169,-33.92902186811));
#5151=CARTESIAN_POINT('Ctrl Pts',(-19.81,-15.9469313040206,-33.6218944496292));
#5152=CARTESIAN_POINT('Ctrl Pts',(-19.81,-16.139813092562,-33.5197444698839));
#5153=CARTESIAN_POINT('Ctrl Pts',(-19.81,-16.331808437262,-33.4158506169314));
#5154=CARTESIAN_POINT('Ctrl Pts',(-19.81,-16.5228900732886,-33.3102143895773));
#5155=CARTESIAN_POINT('Ctrl Pts',(-19.81,-17.1067648567228,-32.9874291620076));
#5156=CARTESIAN_POINT('Ctrl Pts',(-19.81,-17.6821113232797,-32.6483781429651));
#5157=CARTESIAN_POINT('Ctrl Pts',(-19.81,-18.2483478950662,-32.2935031312731));
#5158=CARTESIAN_POINT('Ctrl Pts',(-19.81,-18.5321938501457,-32.1156095764471));
#5159=CARTESIAN_POINT('Ctrl Pts',(-19.81,-18.8137500060956,-31.9337391127317));
#5160=CARTESIAN_POINT('Ctrl Pts',(-19.81,-19.0929392428647,-31.7479442945681));
#5161=CARTESIAN_POINT('Ctrl Pts',(-19.81,-19.2238091976003,-31.6608529735539));
#5162=CARTESIAN_POINT('Ctrl Pts',(-19.81,-19.3541590387567,-31.5728993397416));
#5163=CARTESIAN_POINT('Ctrl Pts',(-19.81,-19.4839806139473,-31.4840886633184));
#5164=CARTESIAN_POINT('Ctrl Pts',(-19.81,-19.5475711541712,-31.4405865036572));
#5165=CARTESIAN_POINT('Ctrl Pts',(-19.81,-19.611034943506,-31.3968787092339));
#5166=CARTESIAN_POINT('Ctrl Pts',(-19.81,-19.674371011742,-31.3529658918324));
#5167=CARTESIAN_POINT('Ctrl Pts',(-19.81,-19.7274612256455,-31.3161568360466));
#5168=CARTESIAN_POINT('Ctrl Pts',(-19.81,-19.7804640577233,-31.2792020372951));
#5169=CARTESIAN_POINT('Ctrl Pts',(-19.81,-19.8333589718371,-31.2421159488182));
#5170=CARTESIAN_POINT('Ctrl Pts',(-19.81,-20.3710822424043,-30.8651032790283));
#5171=CARTESIAN_POINT('Ctrl Pts',(-19.81,-20.8980793812457,-30.4742340467981));
#5172=CARTESIAN_POINT('Ctrl Pts',(-19.81,-21.4139078425295,-30.0700690983608));
#5173=CARTESIAN_POINT('Ctrl Pts',(-19.81,-21.9327808459978,-29.6635186723329));
#5174=CARTESIAN_POINT('Ctrl Pts',(-19.81,-22.4403532935037,-29.2435148066759));
#5175=CARTESIAN_POINT('Ctrl Pts',(-19.81,-22.9361454607654,-28.8105841340074));
#5176=CARTESIAN_POINT('Ctrl Pts',(-19.81,-23.4329871872672,-28.3767369757269));
#5177=CARTESIAN_POINT('Ctrl Pts',(-19.81,-23.9179990435197,-27.9299078848213));
#5178=CARTESIAN_POINT('Ctrl Pts',(-19.81,-24.3906637502482,-27.4705875110725));
#5179=CARTESIAN_POINT('Ctrl Pts',(-19.81,-24.8826848304668,-26.9924572355488));
#5180=CARTESIAN_POINT('Ctrl Pts',(-19.81,-25.3613274602846,-26.5007915132259));
#5181=CARTESIAN_POINT('Ctrl Pts',(-19.81,-25.8259626857375,-25.9961045362095));
#5182=CARTESIAN_POINT('Ctrl Pts',(-19.81,-26.2673848253478,-25.516631622784));
#5183=CARTESIAN_POINT('Ctrl Pts',(-19.81,-26.6961641681021,-25.0254054371333));
#5184=CARTESIAN_POINT('Ctrl Pts',(-19.81,-27.1117176855644,-24.5228385264047));
#5185=CARTESIAN_POINT('Ctrl Pts',(-19.81,-27.5238276443977,-24.0244362263686));
#5186=CARTESIAN_POINT('Ctrl Pts',(-19.81,-27.9229303096529,-23.5148800374016));
#5187=CARTESIAN_POINT('Ctrl Pts',(-19.81,-28.3084110110766,-22.9945501999127));
#5188=CARTESIAN_POINT('Ctrl Pts',(-19.81,-28.6884352741327,-22.4815855759834));
#5189=CARTESIAN_POINT('Ctrl Pts',(-19.81,-29.0552206577522,-21.9581498169805));
#5190=CARTESIAN_POINT('Ctrl Pts',(-19.81,-29.4081302695481,-21.4245905938467));
#5191=CARTESIAN_POINT('Ctrl Pts',(-19.81,-29.4761265583432,-21.3217879332988));
#5192=CARTESIAN_POINT('Ctrl Pts',(-19.81,-29.5436075870297,-21.2186094171893));
#5193=CARTESIAN_POINT('Ctrl Pts',(-19.81,-29.6105685829721,-21.1150574754866));
#5194=CARTESIAN_POINT('Origin',(-19.81,0.,0.));
#5195=CARTESIAN_POINT('Origin',(-30.9015393514301,0.,0.));
#5196=CARTESIAN_POINT('Ctrl Pts',(-19.81,-29.6105685829723,-21.1150574754864));
#5197=CARTESIAN_POINT('Ctrl Pts',(-19.6537485127605,-26.155592497406,-25.9601215466101));
#5198=CARTESIAN_POINT('Ctrl Pts',(-19.3412455382814,-16.8261878971443,-33.9180342614423));
#5199=CARTESIAN_POINT('Ctrl Pts',(-18.8724910765628,1.15259184677387,-37.8435652174773));
#5200=CARTESIAN_POINT('Ctrl Pts',(-18.4037366148442,18.8545428478068,-32.8322234976017));
#5201=CARTESIAN_POINT('Ctrl Pts',(-17.9349821531256,32.1060510411581,-20.0670165597326));
#5202=CARTESIAN_POINT('Ctrl Pts',(-17.466227691407,37.774172131314,-2.56281761712799));
#5203=CARTESIAN_POINT('Ctrl Pts',(-16.9974732296884,34.52206934433,15.5466580007003));
#5204=CARTESIAN_POINT('Ctrl Pts',(-16.5287187679698,23.1168643054851,29.9845867984164));
#5205=CARTESIAN_POINT('Ctrl Pts',(-16.163407475217,9.97406696152167,35.7178521267454));
#5206=CARTESIAN_POINT('Ctrl Pts',(-15.9543476697038,2.01214282145448,36.3677540970087));
#5207=CARTESIAN_POINT('Ctrl Pts',(-15.9015393514301,0.000725480622965624,
36.3662578685879));
#5208=CARTESIAN_POINT('Ctrl Pts',(-21.7972396265507,-32.4130206579446,-23.1134634321137));
#5209=CARTESIAN_POINT('Ctrl Pts',(-21.6409881393112,-28.6310530499817,-28.417082016348));
#5210=CARTESIAN_POINT('Ctrl Pts',(-21.3284851648321,-18.4186796135426,-37.128160579301));
#5211=CARTESIAN_POINT('Ctrl Pts',(-20.8597307031135,1.26167733777127,-41.4252180847934));
#5212=CARTESIAN_POINT('Ctrl Pts',(-20.3909762413949,20.6390054655517,-35.9395847294194));
#5213=CARTESIAN_POINT('Ctrl Pts',(-19.9222217796763,35.1446846664239,-21.9662321063285));
#5214=CARTESIAN_POINT('Ctrl Pts',(-19.4534673179577,41.3492573841732,-2.8053720121499));
#5215=CARTESIAN_POINT('Ctrl Pts',(-18.9847128562391,37.7893637427898,17.018050346675));
#5216=CARTESIAN_POINT('Ctrl Pts',(-18.5159583945205,25.3047285526111,32.8224373197579));
#5217=CARTESIAN_POINT('Ctrl Pts',(-18.0472039328019,6.84425287836567,40.8754265242384));
#5218=CARTESIAN_POINT('Ctrl Pts',(-17.5784494710833,-13.2326625261626,39.2751928563212));
#5219=CARTESIAN_POINT('Ctrl Pts',(-17.1096950093647,-30.1844822832379,28.3996587465696));
#5220=CARTESIAN_POINT('Ctrl Pts',(-16.6409405476461,-40.0079012878969,10.8172065043838));
#5221=CARTESIAN_POINT('Ctrl Pts',(-16.1721860859275,-40.3829673373076,-9.3198567857573));
#5222=CARTESIAN_POINT('Ctrl Pts',(-15.7034316242089,-31.2211221662011,-27.2559255884043));
#5223=CARTESIAN_POINT('Ctrl Pts',(-15.2346771624903,-14.6860350626308,-38.7551836686423));
#5224=CARTESIAN_POINT('Ctrl Pts',(-14.7659227007717,5.31733202534466,-41.1019449555535));
#5225=CARTESIAN_POINT('Ctrl Pts',(-14.2971682390531,24.0649488325176,-33.7419937494987));
#5226=CARTESIAN_POINT('Ctrl Pts',(-13.8284137773345,37.1293417447324,-18.4134700144596));
#5227=CARTESIAN_POINT('Ctrl Pts',(-13.3596593156159,41.4251998613494,1.26361336255134));
#5228=CARTESIAN_POINT('Ctrl Pts',(-12.8909048538973,35.9380049391629,20.6422794299793));
#5229=CARTESIAN_POINT('Ctrl Pts',(-12.4221503921787,21.9636233961663,35.1460260588967));
#5230=CARTESIAN_POINT('Ctrl Pts',(-11.9533959304601,2.80227131128278,41.3496212261251));
#5231=CARTESIAN_POINT('Ctrl Pts',(-11.4846414687414,-17.0208704093452,37.788012259693));
#5232=CARTESIAN_POINT('Ctrl Pts',(-11.0158870070229,-32.8243314449775,25.3023154144772));
#5233=CARTESIAN_POINT('Ctrl Pts',(-10.5471325453042,-40.8759367730612,6.84117628554828));
#5234=CARTESIAN_POINT('Ctrl Pts',(-10.0783780835857,-39.274204177823,-13.2355878714561));
#5235=CARTESIAN_POINT('Ctrl Pts',(-9.60962362186704,-28.3974018312479,-30.186610762246));
#5236=CARTESIAN_POINT('Ctrl Pts',(-9.14086916014845,-10.8142157856419,-40.0087070151954));
#5237=CARTESIAN_POINT('Ctrl Pts',(-8.67211469842984,9.32287575129376,-40.3822719495923));
#5238=CARTESIAN_POINT('Ctrl Pts',(-8.20336023671124,27.258259457803,-31.2190837696217));
#5239=CARTESIAN_POINT('Ctrl Pts',(-7.73460577499264,38.756281465143,-14.6831381890832));
#5240=CARTESIAN_POINT('Ctrl Pts',(-7.26585131327403,41.1015473217834,5.32040485670573));
#5241=CARTESIAN_POINT('Ctrl Pts',(-6.79709685155544,33.7401946425667,24.0674711086625));
#5242=CARTESIAN_POINT('Ctrl Pts',(-6.32834238983683,18.410694288568,37.1307182249047));
#5243=CARTESIAN_POINT('Ctrl Pts',(-5.85958792811824,-1.26671017328508,41.4251052554043));
#5244=CARTESIAN_POINT('Ctrl Pts',(-5.39083346639962,-20.6449659838423,35.93646170132));
#5245=CARTESIAN_POINT('Ctrl Pts',(-4.92207900468103,-35.1476678907355,21.9609959229307));
#5246=CARTESIAN_POINT('Ctrl Pts',(-4.45332454296242,-41.3498305996753,2.79918014114761));
#5247=CARTESIAN_POINT('Ctrl Pts',(-3.98457008124383,-37.7867397279684,-17.0236952749748));
#5248=CARTESIAN_POINT('Ctrl Pts',(-3.51581561952521,-25.2998615014378,-32.8262228727659));
#5249=CARTESIAN_POINT('Ctrl Pts',(-3.04706115780662,-6.83812051165525,-40.8764480838601));
#5250=CARTESIAN_POINT('Ctrl Pts',(-2.57830669608801,13.2385238487799,-39.2732146174682));
#5251=CARTESIAN_POINT('Ctrl Pts',(-2.10955223436941,30.1887335771519,-28.3951450972199));
#5252=CARTESIAN_POINT('Ctrl Pts',(-1.64079777265081,40.0095153396987,-10.8112248319441));
#5253=CARTESIAN_POINT('Ctrl Pts',(-1.17204331093221,40.3815748882788,9.3258945751473));
#5254=CARTESIAN_POINT('Ctrl Pts',(-0.703288849213607,31.2170459417903,27.2605932208487));
#5255=CARTESIAN_POINT('Ctrl Pts',(-0.234534387495002,14.6802408519828,38.7573790214484));
#5256=CARTESIAN_POINT('Ctrl Pts',(0.234220074223601,-5.32347746251166,41.1011494704292));
#5257=CARTESIAN_POINT('Ctrl Pts',(0.702974535942205,-24.0699933508202,33.7383953408561));
#5258=CARTESIAN_POINT('Ctrl Pts',(1.1717289976608,-37.1320944459742,18.407918462979));
#5259=CARTESIAN_POINT('Ctrl Pts',(1.6404834593794,-41.4250104444354,-1.26980697857806));
#5260=CARTESIAN_POINT('Ctrl Pts',(2.10923792109801,-35.9349182490492,-20.6476524214881));
#5261=CARTESIAN_POINT('Ctrl Pts',(2.57799238281661,-21.9583683339421,-35.1493095265805));
#5262=CARTESIAN_POINT('Ctrl Pts',(3.04674684453522,-2.796088951787,-41.3500397419171));
#5263=CARTESIAN_POINT('Ctrl Pts',(3.51550130625381,17.0265200436278,-37.7854669851832));
#5264=CARTESIAN_POINT('Ctrl Pts',(3.98425576797242,32.8281141180459,-25.2974074469497));
#5265=CARTESIAN_POINT('Ctrl Pts',(4.45301022969101,40.8769591657332,-6.83506469957708));
#5266=CARTESIAN_POINT('Ctrl Pts',(4.92176469140962,39.2722248378806,13.2414597521342));
#5267=CARTESIAN_POINT('Ctrl Pts',(5.39051915312822,28.3928882043758,30.1908562233376));
#5268=CARTESIAN_POINT('Ctrl Pts',(5.85927361484682,10.8082338178928,40.0103234406097));
#5269=CARTESIAN_POINT('Ctrl Pts',(6.32802807656543,-9.32891334691667,40.3808776012874));
#5270=CARTESIAN_POINT('Ctrl Pts',(6.79678253828403,-27.2629268315282,31.2150079395012));
#5271=CARTESIAN_POINT('Ctrl Pts',(7.26553700000263,-38.7584763611662,14.6773434328396));
#5272=CARTESIAN_POINT('Ctrl Pts',(7.73429146172124,-41.1007513893689,-5.32655003856548));
#5273=CARTESIAN_POINT('Ctrl Pts',(8.20304592343984,-33.7365958506069,-24.0725154584625));
#5274=CARTESIAN_POINT('Ctrl Pts',(8.67180038515843,-18.4051425344976,-37.1334704595246));
#5275=CARTESIAN_POINT('Ctrl Pts',(9.14055484687704,1.27290377674121,-41.4249154019661));
#5276=CARTESIAN_POINT('Ctrl Pts',(9.60930930859564,20.6503387438077,-35.9333745959403));
#5277=CARTESIAN_POINT('Ctrl Pts',(10.0780637703142,35.1509509658651,-21.9557406222623));
#5278=CARTESIAN_POINT('Ctrl Pts',(10.5468182320329,41.3502486533153,-2.79299774675179));
#5279=CARTESIAN_POINT('Ctrl Pts',(11.0155726937514,37.7841940307548,17.0293447170322));
#5280=CARTESIAN_POINT('Ctrl Pts',(11.4843271554701,25.2949532520124,32.8300051800474));
#5281=CARTESIAN_POINT('Ctrl Pts',(11.9530816171886,6.83200884749348,40.8774700188038));
#5282=CARTESIAN_POINT('Ctrl Pts',(12.4218360789073,-13.2443955779679,39.2712348395152));
#5283=CARTESIAN_POINT('Ctrl Pts',(12.8905905406259,-30.1929787076569,28.3906311514952));
#5284=CARTESIAN_POINT('Ctrl Pts',(13.3593450023445,-40.01113130456,10.8052427460887));
#5285=CARTESIAN_POINT('Ctrl Pts',(13.8280994640631,-40.3801801146513,-9.33193207171343));
#5286=CARTESIAN_POINT('Ctrl Pts',(14.2968539257817,-31.212969712059,-27.2652602797885));
#5287=CARTESIAN_POINT('Ctrl Pts',(14.7656083875003,-14.6744460304542,-38.7595735038736));
#5288=CARTESIAN_POINT('Ctrl Pts',(15.2343628492189,5.32962277729817,-41.10035304044));
#5289=CARTESIAN_POINT('Ctrl Pts',(15.7031173109375,24.0750370566541,-33.7347962461871));
#5290=CARTESIAN_POINT('Ctrl Pts',(16.1718717726561,37.1348469959601,-18.4023663582735));
#5291=CARTESIAN_POINT('Ctrl Pts',(16.6406262343747,41.4248187050276,1.27600028553141));
#5292=CARTESIAN_POINT('Ctrl Pts',(17.1093806960933,35.9318335141931,20.6530255006113));
#5293=CARTESIAN_POINT('Ctrl Pts',(17.5781351578119,21.9531073871962,35.1525911374245));
#5294=CARTESIAN_POINT('Ctrl Pts',(18.0468896195305,2.78991704758082,41.350459420666));
#5295=CARTESIAN_POINT('Ctrl Pts',(18.5156440812491,-17.0321897929364,37.7829167992471));
#5296=CARTESIAN_POINT('Ctrl Pts',(18.9843985429677,-32.8318561254127,25.2925068368278));
#5297=CARTESIAN_POINT('Ctrl Pts',(19.4531530046863,-40.8780584416529,6.82893752553437));
#5298=CARTESIAN_POINT('Ctrl Pts',(19.9219074664049,-39.2700930417643,-13.2473012663081));
#5299=CARTESIAN_POINT('Ctrl Pts',(20.3906619281235,-28.3886694043263,-30.1951595906254));
#5300=CARTESIAN_POINT('Ctrl Pts',(20.8594163898421,-10.801674334683,-40.0118248608787));
#5301=CARTESIAN_POINT('Ctrl Pts',(21.3281708515607,9.33380885430021,-40.3797044980363));
#5302=CARTESIAN_POINT('Ctrl Pts',(21.7969253132793,27.2699970483804,-31.2105002793934));
#5303=CARTESIAN_POINT('Ctrl Pts',(22.1094282877584,34.9260714341609,-20.1850757553844));
#5304=CARTESIAN_POINT('Ctrl Pts',(22.2656797749979,37.2320450755297,-14.092938639394));
#5305=CARTESIAN_POINT('Ctrl Pts',(-21.1348264177005,-31.4788699662871,-22.447328113238));
#5306=CARTESIAN_POINT('Ctrl Pts',(-20.9785749304609,-27.8058995324564,-27.5980951931021));
#5307=CARTESIAN_POINT('Ctrl Pts',(-20.6660719559819,-17.8878490414099,-36.0581184733481));
#5308=CARTESIAN_POINT('Ctrl Pts',(-20.1973174942633,1.22531550743881,-40.2313337956881));
#5309=CARTESIAN_POINT('Ctrl Pts',(-19.7285630325447,20.0441845929701,-34.9037976521468));
#5310=CARTESIAN_POINT('Ctrl Pts',(-19.259808570826,34.1318067913353,-21.3331602574632));
#5311=CARTESIAN_POINT('Ctrl Pts',(-18.7910541091075,40.1575622998868,-2.72452054714258));
#5312=CARTESIAN_POINT('Ctrl Pts',(-18.3222996473888,36.7002656099699,16.5275862313501));
#5313=CARTESIAN_POINT('Ctrl Pts',(-17.8535451856703,24.5754404702358,31.8764871459775));
#5314=CARTESIAN_POINT('Ctrl Pts',(-17.3847907239516,6.64699994018148,39.6973873540431));
#5315=CARTESIAN_POINT('Ctrl Pts',(-16.9160362622331,-12.8512941562802,38.1432727875658));
#5316=CARTESIAN_POINT('Ctrl Pts',(-16.4472818005144,-29.3145585788177,27.5811740659559));
#5317=CARTESIAN_POINT('Ctrl Pts',(-15.9785273387958,-38.8548643940433,10.5054521312104));
#5318=CARTESIAN_POINT('Ctrl Pts',(-15.5097728770773,-39.2191209538611,-9.0512563750014));
#5319=CARTESIAN_POINT('Ctrl Pts',(-15.0410184153586,-30.3213222625248,-26.4704035598077));
#5320=CARTESIAN_POINT('Ctrl Pts',(-14.57226395364,-14.2627801628101,-37.6382503839779));
#5321=CARTESIAN_POINT('Ctrl Pts',(-14.1035094919214,5.16408529645546,-39.9173774721991));
#5322=CARTESIAN_POINT('Ctrl Pts',(-13.6347550302028,23.3713914861094,-32.7695417484455));
#5323=CARTESIAN_POINT('Ctrl Pts',(-13.1660005684842,36.0592655973208,-17.8827895841676));
#5324=CARTESIAN_POINT('Ctrl Pts',(-12.6972461067656,40.2313160974478,1.22719573554055));
#5325=CARTESIAN_POINT('Ctrl Pts',(-12.228491645047,34.9022633918079,20.0473642009917));
#5326=CARTESIAN_POINT('Ctrl Pts',(-11.7597371833284,21.3306267309263,34.1331095245694));
#5327=CARTESIAN_POINT('Ctrl Pts',(-11.2909827216098,2.72150920918584,40.1579156558301));
#5328=CARTESIAN_POINT('Ctrl Pts',(-10.8222282598912,-16.5303250191671,36.6989530769261));
#5329=CARTESIAN_POINT('Ctrl Pts',(-10.3534737981726,-31.8783266820737,24.5730968792965));
#5330=CARTESIAN_POINT('Ctrl Pts',(-9.88471933645402,-39.6978828973777,6.64401201547494));
#5331=CARTESIAN_POINT('Ctrl Pts',(-9.41596487473541,-38.1423126030088,-12.8541351924512));
#5332=CARTESIAN_POINT('Ctrl Pts',(-8.94721041301681,-27.5789821954515,-29.3166257145725));
#5333=CARTESIAN_POINT('Ctrl Pts',(-8.47845595129822,-10.5025476056689,-38.8556469000962));
#5334=CARTESIAN_POINT('Ctrl Pts',(-8.00970148957961,9.05418833325852,-39.2184456073793));
#5335=CARTESIAN_POINT('Ctrl Pts',(-7.54094702786101,26.4726701665549,-30.3193426130024));
#5336=CARTESIAN_POINT('Ctrl Pts',(-7.07219256614241,37.6393165417316,-14.2599667778228));
#5337=CARTESIAN_POINT('Ctrl Pts',(-6.6034381044238,39.9169912983255,5.16706956811173));
#5338=CARTESIAN_POINT('Ctrl Pts',(-6.1346836427052,32.7677944921882,23.3738410696773));
#5339=CARTESIAN_POINT('Ctrl Pts',(-5.6659291809866,17.8800938553331,36.0606024070187));
#5340=CARTESIAN_POINT('Ctrl Pts',(-5.19717471926799,-1.23020329547844,40.2312242180678));
#5341=CARTESIAN_POINT('Ctrl Pts',(-4.7284202575494,-20.049973327756,34.9007646304337));
#5342=CARTESIAN_POINT('Ctrl Pts',(-4.25966579583079,-34.1347040384378,21.3280749820722));
#5343=CARTESIAN_POINT('Ctrl Pts',(-3.79091133411219,-40.1581189951866,2.71850712728317));
#5344=CARTESIAN_POINT('Ctrl Pts',(-3.32215687239359,-36.6977172198577,-16.5330684715213));
#5345=CARTESIAN_POINT('Ctrl Pts',(-2.85340241067498,-24.5707136885939,-31.8801635984792));
#5346=CARTESIAN_POINT('Ctrl Pts',(-2.38464794895639,-6.64104430968658,-39.6983794720821));
#5347=CARTESIAN_POINT('Ctrl Pts',(-1.91589348723778,12.856986554235,-38.1413515620104));
#5348=CARTESIAN_POINT('Ctrl Pts',(-1.44713902551918,29.3186873494658,-27.576790501016));
#5349=CARTESIAN_POINT('Ctrl Pts',(-0.978384563800578,38.8564319285018,-10.4996428519428));
#5350=CARTESIAN_POINT('Ctrl Pts',(-0.509630102081977,39.2177686355328,9.05712015391598));
#5351=CARTESIAN_POINT('Ctrl Pts',(-0.0408756403633747,30.3173635158366,
26.4749366700143));
#5352=CARTESIAN_POINT('Ctrl Pts',(0.42787882135523,14.2571529426424,37.6403824662125));
#5353=CARTESIAN_POINT('Ctrl Pts',(0.896633283073833,-5.17005362071344,39.9166049131386));
#5354=CARTESIAN_POINT('Ctrl Pts',(1.36538774479244,-23.3762906202373,32.7660470467656));
#5355=CARTESIAN_POINT('Ctrl Pts',(1.83414220651104,-36.0619389650813,17.8773980296743));
#5356=CARTESIAN_POINT('Ctrl Pts',(2.30289666822963,-40.2311321395728,-1.23321085013243));
#5357=CARTESIAN_POINT('Ctrl Pts',(2.77165112994824,-34.8992656608115,-20.0525823416525));
#5358=CARTESIAN_POINT('Ctrl Pts',(3.24040559166684,-21.3255231208011,-34.1362983619612));
#5359=CARTESIAN_POINT('Ctrl Pts',(3.70916005338545,-2.71550502670911,-40.1583221099011));
#5360=CARTESIAN_POINT('Ctrl Pts',(4.17791451510405,16.5358118296936,-36.6964811578115));
#5361=CARTESIAN_POINT('Ctrl Pts',(4.64666897682265,31.8820003376364,-24.5683303605192));
#5362=CARTESIAN_POINT('Ctrl Pts',(5.11542343854124,39.6988758244584,-6.63807656681358));
#5363=CARTESIAN_POINT('Ctrl Pts',(5.58417790025985,38.1403903080976,12.8598378441811));
#5364=CARTESIAN_POINT('Ctrl Pts',(6.05293236197845,27.5745986523415,29.3207488205013));
#5365=CARTESIAN_POINT('Ctrl Pts',(6.52168682369706,10.4967380396026,38.8572167397592));
#5366=CARTESIAN_POINT('Ctrl Pts',(6.99044128541566,-9.06005192399038,39.2170914445124));
#5367=CARTESIAN_POINT('Ctrl Pts',(7.45919574713426,-26.4772030254986,30.3153842492412));
#5368=CARTESIAN_POINT('Ctrl Pts',(7.92795020885287,-37.6414481803478,14.2543390277836));
#5369=CARTESIAN_POINT('Ctrl Pts',(8.39670467057146,-39.9162183048658,-5.17303764442044));
#5370=CARTESIAN_POINT('Ctrl Pts',(8.86545913229007,-32.7642994182382,-23.3787400401587));
#5371=CARTESIAN_POINT('Ctrl Pts',(9.33421359400868,-17.8747021040887,-36.0632753216054));
#5372=CARTESIAN_POINT('Ctrl Pts',(9.80296805572726,1.23621839786203,-40.2310398362492));
#5373=CARTESIAN_POINT('Ctrl Pts',(10.2717225174459,20.0551912435466,-34.8977664961393));
#5374=CARTESIAN_POINT('Ctrl Pts',(10.7404769791645,34.137892494589,-21.3229711403747));
#5375=CARTESIAN_POINT('Ctrl Pts',(11.2092314408831,40.1585250004249,-2.71250291091224));
#5376=CARTESIAN_POINT('Ctrl Pts',(11.6779859026017,36.6952448902217,16.5385550953625));
#5377=CARTESIAN_POINT('Ctrl Pts',(12.1467403643203,24.565946896043,31.8838368987971));
#5378=CARTESIAN_POINT('Ctrl Pts',(12.6154948260389,6.63510878508808,39.6993719546263));
#5379=CARTESIAN_POINT('Ctrl Pts',(13.0842492877575,-12.8626890588407,38.1394288417121));
#5380=CARTESIAN_POINT('Ctrl Pts',(13.5530037494761,-29.3228101343357,27.5724066482428));
#5381=CARTESIAN_POINT('Ctrl Pts',(14.0217582111947,-38.8580013208851,10.4938331711741));
#5382=CARTESIAN_POINT('Ctrl Pts',(14.4905126729133,-39.2164140596012,-9.06298364844593));
#5383=CARTESIAN_POINT('Ctrl Pts',(14.9592671346319,-30.3134047639814,-26.4794692232447));
#5384=CARTESIAN_POINT('Ctrl Pts',(15.4280215963505,-14.2515251291996,-37.6425137031508));
#5385=CARTESIAN_POINT('Ctrl Pts',(15.8967760580691,5.1760218261179,-39.9158314364444));
#5386=CARTESIAN_POINT('Ctrl Pts',(16.3655305197877,23.3811889653118,-32.7625516788306));
#5387=CARTESIAN_POINT('Ctrl Pts',(16.8342849815063,36.0646121859451,-17.8720059379003));
#5388=CARTESIAN_POINT('Ctrl Pts',(17.3030394432249,40.2309459261387,1.23922566455849));
#5389=CARTESIAN_POINT('Ctrl Pts',(17.7717939049435,34.8962698287217,20.0578005674027));
#5390=CARTESIAN_POINT('Ctrl Pts',(18.2405483666621,21.3204137957474,34.1394853960278));
#5391=CARTESIAN_POINT('Ctrl Pts',(18.7093028283807,2.70951099819812,40.1587296934121));
#5392=CARTESIAN_POINT('Ctrl Pts',(19.1780572900993,-16.5413181755263,36.6940044688191));
#5393=CARTESIAN_POINT('Ctrl Pts',(19.6468117518179,-31.8856344994923,24.5635709871052));
#5394=CARTESIAN_POINT('Ctrl Pts',(20.1155662135365,-39.6999434189938,6.6321259793325));
#5395=CARTESIAN_POINT('Ctrl Pts',(20.5843206752552,-38.1383199508345,-12.8655110045762));
#5396=CARTESIAN_POINT('Ctrl Pts',(21.0530751369737,-27.5705014390773,-29.3249281637567));
#5397=CARTESIAN_POINT('Ctrl Pts',(21.5218295986923,-10.4903676022039,-38.8586748887516));
#5398=CARTESIAN_POINT('Ctrl Pts',(21.9905840604109,9.06480634172801,-39.2159521503662));
#5399=CARTESIAN_POINT('Ctrl Pts',(22.4593385221295,26.484069477079,-30.3110065009318));
#5400=CARTESIAN_POINT('Ctrl Pts',(22.7718414966086,33.9194940425811,-19.6033372411917));
#5401=CARTESIAN_POINT('Ctrl Pts',(22.9280929838481,36.159008994562,-13.6867769145611));
#5402=CARTESIAN_POINT('Ctrl Pts',(-20.4724132088502,-30.5447192746297,-21.7811927943622));
#5403=CARTESIAN_POINT('Ctrl Pts',(-20.3161617216107,-26.9807460149312,-26.7791083698561));
#5404=CARTESIAN_POINT('Ctrl Pts',(-20.0036587471317,-17.3570184692771,-34.9880763673952));
#5405=CARTESIAN_POINT('Ctrl Pts',(-19.534904285413,1.18895367710636,-39.0374495065827));
#5406=CARTESIAN_POINT('Ctrl Pts',(-19.0661498236944,19.4493637203884,-33.8680105748742));
#5407=CARTESIAN_POINT('Ctrl Pts',(-18.5973953619758,33.1189289162468,-20.7000884085979));
#5408=CARTESIAN_POINT('Ctrl Pts',(-18.1286409002572,38.9658672156003,-2.64366908213529));
#5409=CARTESIAN_POINT('Ctrl Pts',(-17.6598864385386,35.61116747715,16.0371221160252));
#5410=CARTESIAN_POINT('Ctrl Pts',(-17.19113197682,23.8461523878604,30.930536972197));
#5411=CARTESIAN_POINT('Ctrl Pts',(-16.7223775151014,6.44974700199733,38.5193481838478));
#5412=CARTESIAN_POINT('Ctrl Pts',(-16.2536230533828,-12.4699257863979,37.0113527188104));
#5413=CARTESIAN_POINT('Ctrl Pts',(-15.7848685916642,-28.4446348743975,26.7626893853422));
#5414=CARTESIAN_POINT('Ctrl Pts',(-15.3161141299456,-37.7018275001897,10.1936977580371));
#5415=CARTESIAN_POINT('Ctrl Pts',(-14.847359668227,-38.0552745704146,-8.78265596424554));
#5416=CARTESIAN_POINT('Ctrl Pts',(-14.3786052065084,-29.4215223588484,-25.6848815312112));
#5417=CARTESIAN_POINT('Ctrl Pts',(-13.9098507447898,-13.8395252629895,-36.5213170993136));
#5418=CARTESIAN_POINT('Ctrl Pts',(-13.4410962830712,5.01083856756628,-38.7328099888447));
#5419=CARTESIAN_POINT('Ctrl Pts',(-12.9723418213526,22.6778341397013,-31.7970897473924));
#5420=CARTESIAN_POINT('Ctrl Pts',(-12.503587359634,34.9891894499091,-17.3521091538756));
#5421=CARTESIAN_POINT('Ctrl Pts',(-12.0348328979154,39.0374323335463,1.19077810852977));
#5422=CARTESIAN_POINT('Ctrl Pts',(-11.5660784361968,33.866521844453,19.4524489720041));
#5423=CARTESIAN_POINT('Ctrl Pts',(-11.0973239744782,20.6976300656864,33.120192990242));
#5424=CARTESIAN_POINT('Ctrl Pts',(-10.6285695127596,2.6407471070889,38.9662100855352));
#5425=CARTESIAN_POINT('Ctrl Pts',(-10.159815051041,-16.0397796289891,35.609893894159));
#5426=CARTESIAN_POINT('Ctrl Pts',(-9.69106058932239,-30.9323219191698,23.8438783441158));
#5427=CARTESIAN_POINT('Ctrl Pts',(-9.22230612760378,-38.5198290216942,6.4468477454016));
#5428=CARTESIAN_POINT('Ctrl Pts',(-8.75355166588519,-37.0104210281945,-12.4726825134464));
#5429=CARTESIAN_POINT('Ctrl Pts',(-8.28479720416658,-26.7605625596552,-28.4466406668989));
#5430=CARTESIAN_POINT('Ctrl Pts',(-7.81604274244798,-10.1908794256958,-37.7025867849969));
#5431=CARTESIAN_POINT('Ctrl Pts',(-7.34728828072938,8.78550091522325,-38.0546192651663));
#5432=CARTESIAN_POINT('Ctrl Pts',(-6.87853381901077,25.6870808753068,-29.4196014563832));
#5433=CARTESIAN_POINT('Ctrl Pts',(-6.40977935729218,36.5223516183202,-13.8367953665625));
#5434=CARTESIAN_POINT('Ctrl Pts',(-5.94102489557357,38.7324352748676,5.01373427951777));
#5435=CARTESIAN_POINT('Ctrl Pts',(-5.47227043385497,31.7953943418095,22.6802110306919));
#5436=CARTESIAN_POINT('Ctrl Pts',(-5.00351597213637,17.3494934220981,34.9904865891328));
#5437=CARTESIAN_POINT('Ctrl Pts',(-4.53476151041776,-1.19369641767184,39.0373431807313));
#5438=CARTESIAN_POINT('Ctrl Pts',(-4.06600704869917,-19.4549806716697,33.8650675595475));
#5439=CARTESIAN_POINT('Ctrl Pts',(-3.59725258698056,-33.1217401861402,20.6951540412137));
#5440=CARTESIAN_POINT('Ctrl Pts',(-3.12849812526196,-38.966407390698,2.6378341134187));
#5441=CARTESIAN_POINT('Ctrl Pts',(-2.65974366354335,-35.6086947117469,-16.0424416680677));
#5442=CARTESIAN_POINT('Ctrl Pts',(-2.19098920182476,-23.84156587575,-30.9341043241925));
#5443=CARTESIAN_POINT('Ctrl Pts',(-1.72223474010615,-6.44396810771788,-38.5203108603041));
#5444=CARTESIAN_POINT('Ctrl Pts',(-1.25348027838755,12.4754492596901,-37.0094885065526));
#5445=CARTESIAN_POINT('Ctrl Pts',(-0.784725816668945,28.4486411217797,-26.7584359048121));
#5446=CARTESIAN_POINT('Ctrl Pts',(-0.315971354950346,37.7033485173049,-10.1880608719416));
#5447=CARTESIAN_POINT('Ctrl Pts',(0.152783106768255,38.0539623827868,8.78834573268469));
#5448=CARTESIAN_POINT('Ctrl Pts',(0.621537568486857,29.417681089883,25.6892801191798));
#5449=CARTESIAN_POINT('Ctrl Pts',(1.09029203020546,13.8340650333019,36.5233859109766));
#5450=CARTESIAN_POINT('Ctrl Pts',(1.55904649192406,-5.0166297789152,38.732060355848));
#5451=CARTESIAN_POINT('Ctrl Pts',(2.02780095364267,-22.6825878896543,31.7936987526751));
#5452=CARTESIAN_POINT('Ctrl Pts',(2.49655541536126,-34.9917834841883,17.3468775963697));
#5453=CARTESIAN_POINT('Ctrl Pts',(2.96530987707987,-39.0372538347101,-1.19661472168678));
#5454=CARTESIAN_POINT('Ctrl Pts',(3.43406433879847,-33.8636130725738,-19.457512261817));
#5455=CARTESIAN_POINT('Ctrl Pts',(3.90281880051708,-20.6926779076601,-33.1232871973418));
#5456=CARTESIAN_POINT('Ctrl Pts',(4.37157326223568,-2.63492110163124,-38.966604477885));
#5457=CARTESIAN_POINT('Ctrl Pts',(4.84032772395428,16.0451036157594,-35.6074953304398));
#5458=CARTESIAN_POINT('Ctrl Pts',(5.30908218567288,30.9358865572268,-23.8392532740886));
#5459=CARTESIAN_POINT('Ctrl Pts',(5.77783664739148,38.5207924831835,-6.44108843405008));
#5460=CARTESIAN_POINT('Ctrl Pts',(6.24659110911008,37.0085557783146,12.478215936228));
#5461=CARTESIAN_POINT('Ctrl Pts',(6.71534557082868,26.7563091003071,28.4506414176651));
#5462=CARTESIAN_POINT('Ctrl Pts',(7.18410003254729,10.1852422613125,37.7041100389087));
#5463=CARTESIAN_POINT('Ctrl Pts',(7.65285449426589,-8.79119050106411,38.0533052877375));
#5464=CARTESIAN_POINT('Ctrl Pts',(8.1216089559845,-25.691479219469,29.415760558981));
#5465=CARTESIAN_POINT('Ctrl Pts',(8.59036341770309,-36.5244199995295,13.8313346227276));
#5466=CARTESIAN_POINT('Ctrl Pts',(9.0591178794217,-38.7316852203627,-5.01952525027543));
#5467=CARTESIAN_POINT('Ctrl Pts',(9.5278723411403,-31.7920029858695,-22.6849646218548));
#5468=CARTESIAN_POINT('Ctrl Pts',(9.99662680285891,-17.3442616736797,-34.9930801836863));
#5469=CARTESIAN_POINT('Ctrl Pts',(10.4653812645775,1.19953301898285,-39.0371642705323));
#5470=CARTESIAN_POINT('Ctrl Pts',(10.9341357262961,19.4600437432855,-33.8621583963384));
#5471=CARTESIAN_POINT('Ctrl Pts',(11.4028901880147,33.1248340233129,-20.6902016584872));
#5472=CARTESIAN_POINT('Ctrl Pts',(11.8716446497333,38.9668013475344,-2.63200807507262));
#5473=CARTESIAN_POINT('Ctrl Pts',(12.3403991114519,35.6062957496887,16.0477654736926));
#5474=CARTESIAN_POINT('Ctrl Pts',(12.8091535731705,23.8369405400736,30.9376686175468));
#5475=CARTESIAN_POINT('Ctrl Pts',(13.2779080348891,6.4382087226827,38.5212738904487));
#5476=CARTESIAN_POINT('Ctrl Pts',(13.7466624966077,-12.4809825397135,37.0076228439092));
#5477=CARTESIAN_POINT('Ctrl Pts',(14.2154169583263,-28.4526415610145,26.7541821449902));
#5478=CARTESIAN_POINT('Ctrl Pts',(14.6841714200449,-37.7048713372102,10.1824235962597));
#5479=CARTESIAN_POINT('Ctrl Pts',(15.1529258817635,-38.0526480045512,-8.79403522517846));
#5480=CARTESIAN_POINT('Ctrl Pts',(15.6216803434822,-29.4138398159038,-25.6936781667009));
#5481=CARTESIAN_POINT('Ctrl Pts',(16.0904348052007,-13.8286042279452,-36.5254539024279));
#5482=CARTESIAN_POINT('Ctrl Pts',(16.5591892669193,5.02242087493767,-38.7313098324488));
#5483=CARTESIAN_POINT('Ctrl Pts',(17.0279437286379,22.6873408739696,-31.7903071114743));
#5484=CARTESIAN_POINT('Ctrl Pts',(17.4966981903565,34.9943773759301,-17.341645517527));
#5485=CARTESIAN_POINT('Ctrl Pts',(17.9654526520751,39.0370731472497,1.20245104358554));
#5486=CARTESIAN_POINT('Ctrl Pts',(18.4342071137937,33.8607061432502,19.4625756341941));
#5487=CARTESIAN_POINT('Ctrl Pts',(18.9029615755123,20.6877202042986,33.1263796546311));
#5488=CARTESIAN_POINT('Ctrl Pts',(19.371716037231,2.62910494881543,38.9669999661582));
#5489=CARTESIAN_POINT('Ctrl Pts',(19.8404704989495,-16.0504465581162,35.6050921383912));
#5490=CARTESIAN_POINT('Ctrl Pts',(20.3092249606682,-30.9394128735719,23.8346351373827));
#5491=CARTESIAN_POINT('Ctrl Pts',(20.7779794223867,-38.5218283963348,6.4353144331306));
#5492=CARTESIAN_POINT('Ctrl Pts',(21.2467338841054,-37.0065468599046,-12.4837207428444));
#5493=CARTESIAN_POINT('Ctrl Pts',(21.7154883458239,-26.7523334738282,-28.454696736888));
#5494=CARTESIAN_POINT('Ctrl Pts',(22.1842428075426,-10.1790608697248,-37.7055249166245));
#5495=CARTESIAN_POINT('Ctrl Pts',(22.6529972692612,8.79580382915579,-38.0521998026961));
#5496=CARTESIAN_POINT('Ctrl Pts',(23.1217517309798,25.6981419057776,-29.4115127224701));
#5497=CARTESIAN_POINT('Ctrl Pts',(23.4342547054588,32.9129166510012,-19.021598726999));
#5498=CARTESIAN_POINT('Ctrl Pts',(23.5905061926984,35.0859729135943,-13.2806151897281));
#5499=CARTESIAN_POINT('Ctrl Pts',(-19.81,-29.6105685829723,-21.1150574754864));
#5500=CARTESIAN_POINT('Ctrl Pts',(-19.6537485127605,-26.155592497406,-25.9601215466101));
#5501=CARTESIAN_POINT('Ctrl Pts',(-19.3412455382814,-16.8261878971443,-33.9180342614423));
#5502=CARTESIAN_POINT('Ctrl Pts',(-18.8724910765628,1.15259184677387,-37.8435652174773));
#5503=CARTESIAN_POINT('Ctrl Pts',(-18.4037366148442,18.8545428478068,-32.8322234976017));
#5504=CARTESIAN_POINT('Ctrl Pts',(-17.9349821531256,32.1060510411581,-20.0670165597326));
#5505=CARTESIAN_POINT('Ctrl Pts',(-17.466227691407,37.774172131314,-2.56281761712799));
#5506=CARTESIAN_POINT('Ctrl Pts',(-16.9974732296884,34.52206934433,15.5466580007003));
#5507=CARTESIAN_POINT('Ctrl Pts',(-16.5287187679698,23.1168643054851,29.9845867984164));
#5508=CARTESIAN_POINT('Ctrl Pts',(-16.0599643062512,6.25249406381312,37.3413090136525));
#5509=CARTESIAN_POINT('Ctrl Pts',(-15.5912098445326,-12.0885574165155,35.879432650055));
#5510=CARTESIAN_POINT('Ctrl Pts',(-15.122455382814,-27.5747111699773,25.9442047047285));
#5511=CARTESIAN_POINT('Ctrl Pts',(-14.6537009210954,-36.548790606336,9.88194338486377));
#5512=CARTESIAN_POINT('Ctrl Pts',(-14.1849464593768,-36.8914281869682,-8.51405555348965));
#5513=CARTESIAN_POINT('Ctrl Pts',(-13.7161919976582,-28.521722455172,-24.8993595026146));
#5514=CARTESIAN_POINT('Ctrl Pts',(-13.2474375359396,-13.4162703631689,-35.4043838146492));
#5515=CARTESIAN_POINT('Ctrl Pts',(-12.778683074221,4.85759183867713,-37.5482425054903));
#5516=CARTESIAN_POINT('Ctrl Pts',(-12.3099286125024,21.9842767932932,-30.8246377463393));
#5517=CARTESIAN_POINT('Ctrl Pts',(-11.8411741507838,33.9191133024975,-16.8214287235836));
#5518=CARTESIAN_POINT('Ctrl Pts',(-11.3724196890652,37.8435485696447,1.15436048151895));
#5519=CARTESIAN_POINT('Ctrl Pts',(-10.9036652273466,32.830780297098,18.8575337430165));
#5520=CARTESIAN_POINT('Ctrl Pts',(-10.434910765628,20.0646334004465,32.1072764559146));
#5521=CARTESIAN_POINT('Ctrl Pts',(-9.96615630390935,2.55998500499195,37.7745045152403));
#5522=CARTESIAN_POINT('Ctrl Pts',(-9.49740184219077,-15.549234238811,34.520834711392));
#5523=CARTESIAN_POINT('Ctrl Pts',(-9.02864738047215,-29.9863171562659,23.1146598089351));
#5524=CARTESIAN_POINT('Ctrl Pts',(-8.55989291875356,-37.3417751460107,6.24968347532823));
#5525=CARTESIAN_POINT('Ctrl Pts',(-8.09113845703495,-35.8785294533803,-12.0912298344415));
#5526=CARTESIAN_POINT('Ctrl Pts',(-7.62238399531635,-25.9421429238588,-27.5766556192254));
#5527=CARTESIAN_POINT('Ctrl Pts',(-7.15362953359775,-9.8792112457228,-36.5495266698977));
#5528=CARTESIAN_POINT('Ctrl Pts',(-6.68487507187914,8.516813497188,-36.8907929229533));
#5529=CARTESIAN_POINT('Ctrl Pts',(-6.21612061016055,24.9014915840587,-28.5198602997639));
#5530=CARTESIAN_POINT('Ctrl Pts',(-5.74736614844194,35.4053866949089,-13.4136239553021));
#5531=CARTESIAN_POINT('Ctrl Pts',(-5.27861168672334,37.5478792514096,4.86039899092378));
#5532=CARTESIAN_POINT('Ctrl Pts',(-4.80985722500474,30.8229941914309,21.9865809917066));
#5533=CARTESIAN_POINT('Ctrl Pts',(-4.34110276328614,16.8188929888631,33.9203707712468));
#5534=CARTESIAN_POINT('Ctrl Pts',(-3.87234830156753,-1.15718953986521,37.8434621433948));
#5535=CARTESIAN_POINT('Ctrl Pts',(-3.40359383984893,-18.8599880155835,32.8293704886612));
#5536=CARTESIAN_POINT('Ctrl Pts',(-2.93483937813033,-32.1087763338425,20.0622331003552));
#5537=CARTESIAN_POINT('Ctrl Pts',(-2.46608491641173,-37.7746957862093,2.55716109955426));
#5538=CARTESIAN_POINT('Ctrl Pts',(-1.99733045469312,-34.5196722036362,-15.5518148646141));
#5539=CARTESIAN_POINT('Ctrl Pts',(-1.52857599297452,-23.112418062906,-29.9880450499058));
#5540=CARTESIAN_POINT('Ctrl Pts',(-1.05982153125592,-6.24689190574922,-37.3422422485261));
#5541=CARTESIAN_POINT('Ctrl Pts',(-0.591067069537315,12.0939119651452,-35.8776254510948));
#5542=CARTESIAN_POINT('Ctrl Pts',(-0.122312607818714,27.5785948940935,-25.9400813086082));
#5543=CARTESIAN_POINT('Ctrl Pts',(0.346441853899887,36.5502651061081,-9.87647889194026));
#5544=CARTESIAN_POINT('Ctrl Pts',(0.815196315618486,36.8901561300408,8.51957131145338));
#5545=CARTESIAN_POINT('Ctrl Pts',(1.28395077733709,28.5179986639294,24.9036235683453));
#5546=CARTESIAN_POINT('Ctrl Pts',(1.75270523905569,13.4109771239615,35.4063893557407));
#5547=CARTESIAN_POINT('Ctrl Pts',(2.2214597007743,-4.86320593711696,37.5475157985574));
#5548=CARTESIAN_POINT('Ctrl Pts',(2.6902141624929,-21.9888851590714,30.8213504585846));
#5549=CARTESIAN_POINT('Ctrl Pts',(3.1589686242115,-33.9216280032954,16.816357163065));
#5550=CARTESIAN_POINT('Ctrl Pts',(3.6277230859301,-37.8433755298475,-1.16001859324112));
#5551=CARTESIAN_POINT('Ctrl Pts',(4.0964775476487,-32.8279604843361,-18.8624421819815));
#5552=CARTESIAN_POINT('Ctrl Pts',(4.5652320093673,-20.0598326945191,-32.1102760327224));
#5553=CARTESIAN_POINT('Ctrl Pts',(5.03398647108591,-2.55433717655334,-37.7748868458689));
#5554=CARTESIAN_POINT('Ctrl Pts',(5.50274093280451,15.5543954018251,-34.5185095030681));
#5555=CARTESIAN_POINT('Ctrl Pts',(5.97149539452312,29.9897727768172,-23.1101761876581));
#5556=CARTESIAN_POINT('Ctrl Pts',(6.4402498562417,37.3427091419087,-6.24410030128654));
#5557=CARTESIAN_POINT('Ctrl Pts',(6.90900431796032,35.8767212485316,12.0965940282748));
#5558=CARTESIAN_POINT('Ctrl Pts',(7.3777587796789,25.9380195482727,27.580534014829));
#5559=CARTESIAN_POINT('Ctrl Pts',(7.84651324139752,9.87374648302242,36.5510033380582));
#5560=CARTESIAN_POINT('Ctrl Pts',(8.31526770311612,-8.52232907813787,36.8895191309625));
#5561=CARTESIAN_POINT('Ctrl Pts',(8.78402216483472,-24.9057554134393,28.5161368687209));
#5562=CARTESIAN_POINT('Ctrl Pts',(9.25277662655333,-35.4073918187112,13.4083302176716));
#5563=CARTESIAN_POINT('Ctrl Pts',(9.72153108827193,-37.5471521358595,-4.8660128561304));
#5564=CARTESIAN_POINT('Ctrl Pts',(10.1902855499905,-30.8197065535009,-21.991189203551));
#5565=CARTESIAN_POINT('Ctrl Pts',(10.6590400117091,-16.8138212432707,-33.9228850457671));
#5566=CARTESIAN_POINT('Ctrl Pts',(11.1277944734277,1.16284764010365,-37.8432887048154));
#5567=CARTESIAN_POINT('Ctrl Pts',(11.5965489351463,18.8648962430244,-32.8265502965374));
#5568=CARTESIAN_POINT('Ctrl Pts',(12.0653033968649,32.1117755520368,-20.0574321765996));
#5569=CARTESIAN_POINT('Ctrl Pts',(12.5340578585835,37.7750776946439,-2.55151323923306));
#5570=CARTESIAN_POINT('Ctrl Pts',(13.0028123203021,34.5173466091557,15.5569758520229));
#5571=CARTESIAN_POINT('Ctrl Pts',(13.4715667820208,23.1079341841042,29.9915003362965));
#5572=CARTESIAN_POINT('Ctrl Pts',(13.9403212437393,6.24130866027732,37.3431758262712));
#5573=CARTESIAN_POINT('Ctrl Pts',(14.409075705458,-12.0992760205863,35.8758168461062));
#5574=CARTESIAN_POINT('Ctrl Pts',(14.8778301671766,-27.5824729876932,25.9359576417377));
#5575=CARTESIAN_POINT('Ctrl Pts',(15.3465846288952,-36.5517413535353,9.87101402134514));
#5576=CARTESIAN_POINT('Ctrl Pts',(15.8153390906138,-36.8888819495011,-8.52508680191096));
#5577=CARTESIAN_POINT('Ctrl Pts',(16.2840935523324,-28.5142748678262,-24.907887110157));
#5578=CARTESIAN_POINT('Ctrl Pts',(16.752848014051,-13.4056833266907,-35.408394101705));
#5579=CARTESIAN_POINT('Ctrl Pts',(17.2216024757696,4.86881992375741,-37.5467882284532));
#5580=CARTESIAN_POINT('Ctrl Pts',(17.6903569374882,21.9934927826274,-30.8180625441178));
#5581=CARTESIAN_POINT('Ctrl Pts',(18.1591113992068,33.9241425659151,-16.8112850971537));
#5582=CARTESIAN_POINT('Ctrl Pts',(18.6278658609254,37.8432003683608,1.16567642261262));
#5583=CARTESIAN_POINT('Ctrl Pts',(19.096620322644,32.8251424577788,18.8673507009855));
#5584=CARTESIAN_POINT('Ctrl Pts',(19.5653747843626,20.0550266128498,32.1132739132343));
#5585=CARTESIAN_POINT('Ctrl Pts',(20.0341292460812,2.54869889943274,37.7752702389043));
#5586=CARTESIAN_POINT('Ctrl Pts',(20.5028837077998,-15.5595749407061,34.5161798079632));
#5587=CARTESIAN_POINT('Ctrl Pts',(20.9716381695184,-29.9931912476516,23.1056992876601));
#5588=CARTESIAN_POINT('Ctrl Pts',(21.4403926312369,-37.3437133736757,6.2385028869287));
#5589=CARTESIAN_POINT('Ctrl Pts',(21.9091470929556,-35.8747737689748,-12.1019304811126));
#5590=CARTESIAN_POINT('Ctrl Pts',(22.3779015546742,-25.9341655085792,-27.5844653100193));
#5591=CARTESIAN_POINT('Ctrl Pts',(22.8466560163928,-9.86775413724571,-36.5523749444973));
#5592=CARTESIAN_POINT('Ctrl Pts',(23.3154104781114,8.52680131658359,-36.888447455026));
#5593=CARTESIAN_POINT('Ctrl Pts',(23.78416493983,24.9122143344762,-28.5120189440085));
#5594=CARTESIAN_POINT('Ctrl Pts',(24.0966679143091,31.9063392594214,-18.4398602128063));
#5595=CARTESIAN_POINT('Ctrl Pts',(24.2529194015486,34.0129368326266,-12.8744534648952));
#5596=CARTESIAN_POINT('Ctrl Pts',(22.2656797749979,37.2320450755297,-14.092938639394));
#5597=CARTESIAN_POINT('Ctrl Pts',(22.1094282877584,34.9260714341609,-20.1850757553844));
#5598=CARTESIAN_POINT('Ctrl Pts',(21.9531768005188,31.0980342412707,-25.6977880173889));
#5599=CARTESIAN_POINT('Ctrl Pts',(21.7969253132793,26.1946509458122,-29.9823448514982));
#5600=CARTESIAN_POINT('Ctrl Pts',(21.6406738260398,21.2912676503537,-34.2669016856077));
#5601=CARTESIAN_POINT('Ctrl Pts',(21.4844223388002,15.3125382523269,-37.323303091822));
#5602=CARTESIAN_POINT('Ctrl Pts',(21.3281708515607,8.96725968848293,-38.7901905220696));
#5603=CARTESIAN_POINT('Ctrl Pts',(21.1719193643211,2.62198112463897,-40.2570779523172));
#5604=CARTESIAN_POINT('Ctrl Pts',(21.0156678770816,-4.08984660502218,-40.1344514065979));
#5605=CARTESIAN_POINT('Ctrl Pts',(20.8594163898421,-10.3769263147933,-38.4370272553627));
#5606=CARTESIAN_POINT('Ctrl Pts',(20.7031649026026,-16.6640060245643,-36.7396031041275));
#5607=CARTESIAN_POINT('Ctrl Pts',(20.546913415363,-22.5263377144453,-33.4673813473765));
#5608=CARTESIAN_POINT('Ctrl Pts',(20.3906619281235,-27.2710741656254,-29.0066274149481));
#5609=CARTESIAN_POINT('Ctrl Pts',(20.2344104408839,-32.0158106168057,-24.5458734825196));
#5610=CARTESIAN_POINT('Ctrl Pts',(20.0781589536444,-35.642951829285,-18.8965873744138));
#5611=CARTESIAN_POINT('Ctrl Pts',(19.9219074664049,-37.7245166688394,-12.7259045217204));
#5612=CARTESIAN_POINT('Ctrl Pts',(19.7656559791654,-39.8060815083939,-6.55522166902709));
#5613=CARTESIAN_POINT('Ctrl Pts',(19.6094044919258,-40.3420699750234,0.136857928253789));
#5614=CARTESIAN_POINT('Ctrl Pts',(19.4531530046863,-39.2690304889647,6.56015927877648));
#5615=CARTESIAN_POINT('Ctrl Pts',(19.2969015174467,-38.1959910029061,12.983460629299));
#5616=CARTESIAN_POINT('Ctrl Pts',(19.1406500302072,-35.5139235641594,19.1379837330633));
#5617=CARTESIAN_POINT('Ctrl Pts',(18.9843985429677,-31.5396121227067,24.296980278682));
#5618=CARTESIAN_POINT('Ctrl Pts',(18.8281470557282,-27.5653006812539,29.4559768243008));
#5619=CARTESIAN_POINT('Ctrl Pts',(18.6718955684886,-22.2987452370951,33.619446811774));
#5620=CARTESIAN_POINT('Ctrl Pts',(18.5156440812491,-16.3617830415961,36.2957722424137));
#5621=CARTESIAN_POINT('Ctrl Pts',(18.3808363948391,-11.2396037137816,38.6048013963672));
#5622=CARTESIAN_POINT('Ctrl Pts',(18.2460287084292,-5.61840275605992,39.8068648176889));
#5623=CARTESIAN_POINT('Ctrl Pts',(18.1112210220192,0.000757218625692668,
39.8117820141155));
#5624=CARTESIAN_POINT('Origin',(-10.,0.,0.));
#5625=CARTESIAN_POINT('Origin',(22.2656797749979,0.,0.));
#5626=CARTESIAN_POINT('Origin',(27.5,0.,0.));
#5627=CARTESIAN_POINT('Origin',(27.5,-2.75545529808154E-15,-22.5));
#5628=CARTESIAN_POINT('Origin',(-25.,0.,0.));
#5629=CARTESIAN_POINT('',(-25.,-5.51091059616309E-15,45.));
#5630=CARTESIAN_POINT('Origin',(22.8885438199983,0.,0.));
#5631=CARTESIAN_POINT('',(22.8885438199983,-5.02787659920836E-15,41.0557280900008));
#5632=CARTESIAN_POINT('Origin',(110.,0.,0.));
#5633=CARTESIAN_POINT('Origin',(110.,-6.12323399573677E-15,50.));
#5634=UNCERTAINTY_MEASURE_WITH_UNIT(LENGTH_MEASURE(0.01),#5638,
'DISTANCE_ACCURACY_VALUE',
'Maximum model space distance between geometric entities at asserted c
onnectivities');
#5635=UNCERTAINTY_MEASURE_WITH_UNIT(LENGTH_MEASURE(0.01),#5638,
'DISTANCE_ACCURACY_VALUE',
'Maximum model space distance between geometric entities at asserted c
onnectivities');
#5636=(
GEOMETRIC_REPRESENTATION_CONTEXT(3)
GLOBAL_UNCERTAINTY_ASSIGNED_CONTEXT((#5634))
GLOBAL_UNIT_ASSIGNED_CONTEXT((#5638,#5640,#5641))
REPRESENTATION_CONTEXT('','3D')
);
#5637=(
GEOMETRIC_REPRESENTATION_CONTEXT(3)
GLOBAL_UNCERTAINTY_ASSIGNED_CONTEXT((#5635))
GLOBAL_UNIT_ASSIGNED_CONTEXT((#5638,#5640,#5641))
REPRESENTATION_CONTEXT('','3D')
);
#5638=(
LENGTH_UNIT()
NAMED_UNIT(*)
SI_UNIT(.MILLI.,.METRE.)
);
#5639=(
LENGTH_UNIT()
NAMED_UNIT(*)
SI_UNIT($,.METRE.)
);
#5640=(
NAMED_UNIT(*)
PLANE_ANGLE_UNIT()
SI_UNIT($,.RADIAN.)
);
#5641=(
NAMED_UNIT(*)
SI_UNIT($,.STERADIAN.)
SOLID_ANGLE_UNIT()
);
#5642=SHAPE_DEFINITION_REPRESENTATION(#5643,#5644);
#5643=PRODUCT_DEFINITION_SHAPE('',$,#5646);
#5644=SHAPE_REPRESENTATION('',(#992),#5636);
#5645=PRODUCT_DEFINITION_CONTEXT('part definition',#5650,'design');
#5646=PRODUCT_DEFINITION('(Unsaved)','(Unsaved)',#5647,#5645);
#5647=PRODUCT_DEFINITION_FORMATION('',$,#5652);
#5648=PRODUCT_RELATED_PRODUCT_CATEGORY('(Unsaved)','(Unsaved)',(#5652));
#5649=APPLICATION_PROTOCOL_DEFINITION('international standard',
'automotive_design',2009,#5650);
#5650=APPLICATION_CONTEXT(
'Core Data for Automotive Mechanical Design Process');
#5651=PRODUCT_CONTEXT('part definition',#5650,'mechanical');
#5652=PRODUCT('(Unsaved)','(Unsaved)',$,(#5651));
#5653=PRESENTATION_STYLE_ASSIGNMENT((#5654));
#5654=SURFACE_STYLE_USAGE(.BOTH.,#5655);
#5655=SURFACE_SIDE_STYLE('',(#5656));
#5656=SURFACE_STYLE_FILL_AREA(#5657);
#5657=FILL_AREA_STYLE('Steel - Satin',(#5658));
#5658=FILL_AREA_STYLE_COLOUR('Steel - Satin',#5659);
#5659=COLOUR_RGB('Steel - Satin',0.627450980392157,0.627450980392157,0.627450980392157);
ENDSEC;
END-ISO-10303-21;
