ISO-10303-21;
HEADER;
/* Generated by software containing ST-Developer
 * from STEP Tools, Inc. (www.steptools.com) 
 */

FILE_DESCRIPTION(
/* description */ (''),
/* implementation_level */ '2;1');

FILE_NAME(
/* name */ 'ex-lathing_01.step',
/* time_stamp */ '2024-10-31T13:38:04+03:00',
/* author */ (''),
/* organization */ (''),
/* preprocessor_version */ 'ST-DEVELOPER v20',
/* originating_system */ 'Autodesk Translation Framework v13.14.0.145',

/* authorisation */ '');

FILE_SCHEMA (('AUTOMOTIVE_DESIGN { 1 0 10303 214 3 1 1 }'));
ENDSEC;

DATA;
#10=MECHANICAL_DESIGN_GEOMETRIC_PRESENTATION_REPRESENTATION('',(#13),#8718);
#11=SHAPE_REPRESENTATION_RELATIONSHIP('SRR','None',#8725,#12);
#12=ADVANCED_BREP_SHAPE_REPRESENTATION('',(#14),#8717);
#13=STYLED_ITEM('',(#8734),#14);
#14=MANIFOLD_SOLID_BREP('Body1',#1896);
#15=TOROIDAL_SURFACE('',#2027,22.5,7.5);
#16=TOROIDAL_SURFACE('',#2033,50.,10.);
#17=B_SPLINE_SURFACE_WITH_KNOTS('',3,3,((#5799,#5800,#5801,#5802,#5803,
#5804,#5805),(#5806,#5807,#5808,#5809,#5810,#5811,#5812),(#5813,#5814,#5815,
#5816,#5817,#5818,#5819),(#5820,#5821,#5822,#5823,#5824,#5825,#5826)),
 .UNSPECIFIED.,.F.,.F.,.F.,(4,4),(4,1,1,1,4),(0.0499926665591077,0.387719573274293),
(56.5486677646163,56.9907512517229,57.4328347388296,57.8749182259363,58.317001713043),
 .UNSPECIFIED.);
#18=B_SPLINE_SURFACE_WITH_KNOTS('',3,3,((#5827,#5828,#5829,#5830,#5831,
#5832,#5833,#5834,#5835,#5836,#5837),(#5838,#5839,#5840,#5841,#5842,#5843,
#5844,#5845,#5846,#5847,#5848),(#5849,#5850,#5851,#5852,#5853,#5854,#5855,
#5856,#5857,#5858,#5859),(#5860,#5861,#5862,#5863,#5864,#5865,#5866,#5867,
#5868,#5869,#5870)),.UNSPECIFIED.,.F.,.F.,.F.,(4,4),(4,1,1,1,1,1,1,1,4),
(0.,0.387719573274293),(44.3518733662124,44.6210993052029,44.8903252441935,
45.159551183184,45.4287771221745,45.9672290001556,46.2364549391461,46.5056808781367,
46.7749068171272),.UNSPECIFIED.);
#19=B_SPLINE_SURFACE_WITH_KNOTS('',3,3,((#5882,#5883,#5884,#5885,#5886,
#5887,#5888,#5889,#5890,#5891,#5892,#5893),(#5894,#5895,#5896,#5897,#5898,
#5899,#5900,#5901,#5902,#5903,#5904,#5905),(#5906,#5907,#5908,#5909,#5910,
#5911,#5912,#5913,#5914,#5915,#5916,#5917),(#5918,#5919,#5920,#5921,#5922,
#5923,#5924,#5925,#5926,#5927,#5928,#5929)),.UNSPECIFIED.,.F.,.F.,.F.,(4,
4),(4,1,1,1,1,1,1,1,1,4),(0.,0.387719573274293),(50.5569879040887,50.8487825464201,
51.1405771887515,51.4323718310828,51.7241664734142,52.0159611157455,52.3077557580769,
52.5995504004082,52.8913450427396,53.183139685071),.UNSPECIFIED.);
#20=B_SPLINE_SURFACE_WITH_KNOTS('',3,3,((#5942,#5943,#5944,#5945,#5946,
#5947,#5948,#5949,#5950,#5951,#5952,#5953,#5954,#5955,#5956,#5957,#5958,
#5959,#5960,#5961,#5962,#5963,#5964,#5965,#5966,#5967,#5968,#5969,#5970,
#5971,#5972),(#5973,#5974,#5975,#5976,#5977,#5978,#5979,#5980,#5981,#5982,
#5983,#5984,#5985,#5986,#5987,#5988,#5989,#5990,#5991,#5992,#5993,#5994,
#5995,#5996,#5997,#5998,#5999,#6000,#6001,#6002,#6003),(#6004,#6005,#6006,
#6007,#6008,#6009,#6010,#6011,#6012,#6013,#6014,#6015,#6016,#6017,#6018,
#6019,#6020,#6021,#6022,#6023,#6024,#6025,#6026,#6027,#6028,#6029,#6030,
#6031,#6032,#6033,#6034),(#6035,#6036,#6037,#6038,#6039,#6040,#6041,#6042,
#6043,#6044,#6045,#6046,#6047,#6048,#6049,#6050,#6051,#6052,#6053,#6054,
#6055,#6056,#6057,#6058,#6059,#6060,#6061,#6062,#6063,#6064,#6065)),
 .UNSPECIFIED.,.F.,.F.,.F.,(4,4),(4,1,1,1,1,1,1,1,1,1,1,1,1,1,1,1,1,1,1,
1,1,1,1,1,1,1,1,1,4),(0.,0.387719573274293),(14.3990047267599,14.8889361320057,
15.3788675372515,15.8687989424973,16.3587303477431,16.8486617529889,17.3385931582347,
17.8285245634805,18.3184559687263,18.8083873739721,19.2983187792179,19.7882501844637,
20.2781815897095,20.7681129949553,21.2580444002011,21.7479758054469,22.2379072106927,
22.7278386159385,23.2177700211843,23.7077014264301,24.1976328316759,24.6875642369217,
25.1774956421675,25.6674270474133,26.1573584526591,26.6472898579049,27.1372212631507,
27.6271526683965,28.1170840736423),.UNSPECIFIED.);
#21=B_SPLINE_SURFACE_WITH_KNOTS('',3,3,((#6092,#6093,#6094,#6095,#6096,
#6097,#6098,#6099,#6100,#6101,#6102,#6103),(#6104,#6105,#6106,#6107,#6108,
#6109,#6110,#6111,#6112,#6113,#6114,#6115),(#6116,#6117,#6118,#6119,#6120,
#6121,#6122,#6123,#6124,#6125,#6126,#6127),(#6128,#6129,#6130,#6131,#6132,
#6133,#6134,#6135,#6136,#6137,#6138,#6139)),.UNSPECIFIED.,.F.,.F.,.F.,(4,
4),(4,1,1,1,1,1,1,1,1,4),(0.,0.387719573274293),(53.6161604921751,53.9419946335575,
54.2678287749398,54.5936629163222,54.9194970577045,55.2453311990869,55.5711653404692,
55.8969994818516,56.2228336232339,56.5486677646163),.UNSPECIFIED.);
#22=B_SPLINE_SURFACE_WITH_KNOTS('',3,3,((#6152,#6153,#6154,#6155,#6156,
#6157,#6158,#6159,#6160,#6161,#6162),(#6163,#6164,#6165,#6166,#6167,#6168,
#6169,#6170,#6171,#6172,#6173),(#6174,#6175,#6176,#6177,#6178,#6179,#6180,
#6181,#6182,#6183,#6184),(#6185,#6186,#6187,#6188,#6189,#6190,#6191,#6192,
#6193,#6194,#6195)),.UNSPECIFIED.,.F.,.F.,.F.,(4,4),(4,1,1,1,1,1,1,1,4),
(0.,0.387719573274293),(31.712640843929,31.990173375759,32.267705907589,
32.5452384394189,32.8227709712489,33.3778360349088,33.6553685667388,33.9329010985688,
34.2104336303987),.UNSPECIFIED.);
#23=B_SPLINE_SURFACE_WITH_KNOTS('',3,3,((#6207,#6208,#6209,#6210,#6211,
#6212,#6213,#6214,#6215,#6216,#6217,#6218),(#6219,#6220,#6221,#6222,#6223,
#6224,#6225,#6226,#6227,#6228,#6229,#6230),(#6231,#6232,#6233,#6234,#6235,
#6236,#6237,#6238,#6239,#6240,#6241,#6242),(#6243,#6244,#6245,#6246,#6247,
#6248,#6249,#6250,#6251,#6252,#6253,#6254)),.UNSPECIFIED.,.F.,.F.,.F.,(4,
4),(4,1,1,1,1,1,1,1,1,4),(0.,0.387719573274293),(28.4510781234773,28.749293489118,
29.0475088547587,29.3457242203994,29.6439395860401,29.9421549516808,30.2403703173215,
30.5385856829622,30.8368010486029,31.1350164142436),.UNSPECIFIED.);
#24=B_SPLINE_SURFACE_WITH_KNOTS('',3,3,((#6267,#6268,#6269,#6270,#6271,
#6272,#6273,#6274,#6275,#6276,#6277),(#6278,#6279,#6280,#6281,#6282,#6283,
#6284,#6285,#6286,#6287,#6288),(#6289,#6290,#6291,#6292,#6293,#6294,#6295,
#6296,#6297,#6298,#6299),(#6300,#6301,#6302,#6303,#6304,#6305,#6306,#6307,
#6308,#6309,#6310)),.UNSPECIFIED.,.F.,.F.,.F.,(4,4),(4,1,1,1,1,1,1,1,4),
(0.,0.387719573274293),(47.4649145979101,47.7424178262215,48.0199210545329,
48.2974242828443,48.8524307394671,49.1299339677784,49.4074371960898,49.6849404244012,
49.9624436527126),.UNSPECIFIED.);
#25=B_SPLINE_SURFACE_WITH_KNOTS('',3,3,((#6322,#6323,#6324,#6325,#6326,
#6327,#6328,#6329,#6330,#6331),(#6332,#6333,#6334,#6335,#6336,#6337,#6338,
#6339,#6340,#6341),(#6342,#6343,#6344,#6345,#6346,#6347,#6348,#6349,#6350,
#6351),(#6352,#6353,#6354,#6355,#6356,#6357,#6358,#6359,#6360,#6361)),
 .UNSPECIFIED.,.F.,.F.,.F.,(4,4),(4,1,1,1,1,1,1,4),(0.,0.387719573274293),
(38.075277223462,38.6050891254069,38.8699950763794,39.1349010273519,39.6647129292969,
39.9296188802693,40.1945248312418,40.4594307822143),.UNSPECIFIED.);
#26=B_SPLINE_SURFACE_WITH_KNOTS('',3,3,((#6372,#6373,#6374,#6375,#6376,
#6377,#6378,#6379,#6380,#6381),(#6382,#6383,#6384,#6385,#6386,#6387,#6388,
#6389,#6390,#6391),(#6392,#6393,#6394,#6395,#6396,#6397,#6398,#6399,#6400,
#6401),(#6402,#6403,#6404,#6405,#6406,#6407,#6408,#6409,#6410,#6411)),
 .UNSPECIFIED.,.F.,.F.,.F.,(4,4),(4,1,1,1,1,1,1,4),(0.,0.387719573274293),
(34.9119465767009,35.1802302449878,35.7167975815617,35.9850812498487,36.5216485864226,
36.7899322547095,37.0582159229965,37.3264995912834),.UNSPECIFIED.);
#27=B_SPLINE_SURFACE_WITH_KNOTS('',3,3,((#6422,#6423,#6424,#6425,#6426,
#6427,#6428,#6429,#6430),(#6431,#6432,#6433,#6434,#6435,#6436,#6437,#6438,
#6439),(#6440,#6441,#6442,#6443,#6444,#6445,#6446,#6447,#6448),(#6449,#6450,
#6451,#6452,#6453,#6454,#6455,#6456,#6457)),.UNSPECIFIED.,.F.,.F.,.F.,(4,
4),(4,1,1,1,1,1,4),(0.,0.387719573274293),(53.4797549163806,53.7334745038285,
54.2409136787244,54.7483528536203,55.0020724410683,55.2557920285162,55.7632312034121),
 .UNSPECIFIED.);
#28=B_SPLINE_SURFACE_WITH_KNOTS('',3,3,((#6467,#6468,#6469,#6470,#6471,
#6472,#6473,#6474,#6475,#6476,#6477),(#6478,#6479,#6480,#6481,#6482,#6483,
#6484,#6485,#6486,#6487,#6488),(#6489,#6490,#6491,#6492,#6493,#6494,#6495,
#6496,#6497,#6498,#6499),(#6500,#6501,#6502,#6503,#6504,#6505,#6506,#6507,
#6508,#6509,#6510)),.UNSPECIFIED.,.F.,.F.,.F.,(4,4),(4,1,1,1,1,1,1,1,4),
(0.,0.387719573274293),(44.348364630202,44.6186493420783,44.8889340539545,
45.1592187658308,45.6997881895834,45.9700729014597,46.240357613336,46.5106423252123,
46.7809270370885),.UNSPECIFIED.);
#29=B_SPLINE_SURFACE_WITH_KNOTS('',3,3,((#6522,#6523,#6524,#6525,#6526,
#6527,#6528,#6529,#6530,#6531,#6532,#6533),(#6534,#6535,#6536,#6537,#6538,
#6539,#6540,#6541,#6542,#6543,#6544,#6545),(#6546,#6547,#6548,#6549,#6550,
#6551,#6552,#6553,#6554,#6555,#6556,#6557),(#6558,#6559,#6560,#6561,#6562,
#6563,#6564,#6565,#6566,#6567,#6568,#6569)),.UNSPECIFIED.,.F.,.F.,.F.,(4,
4),(4,1,1,1,1,1,1,1,1,4),(0.,0.387719573274293),(50.5142370590681,50.8252961145988,
51.1363551701296,51.4474142256603,51.7584732811911,52.0695323367218,52.3805913922525,
52.6916504477833,53.002709503314,53.3137685588448),.UNSPECIFIED.);
#30=B_SPLINE_SURFACE_WITH_KNOTS('',3,3,((#6582,#6583,#6584,#6585,#6586,
#6587,#6588,#6589,#6590,#6591,#6592,#6593),(#6594,#6595,#6596,#6597,#6598,
#6599,#6600,#6601,#6602,#6603,#6604,#6605),(#6606,#6607,#6608,#6609,#6610,
#6611,#6612,#6613,#6614,#6615,#6616,#6617),(#6618,#6619,#6620,#6621,#6622,
#6623,#6624,#6625,#6626,#6627,#6628,#6629)),.UNSPECIFIED.,.F.,.F.,.F.,(4,
4),(4,1,1,1,1,1,1,1,1,4),(0.,0.387719573274293),(25.2579247271733,25.5662114126517,
25.8744980981302,26.1827847836086,26.4910714690871,26.7993581545655,27.107644840044,
27.4159315255224,27.7242182110009,28.0325048964793),.UNSPECIFIED.);
#31=B_SPLINE_SURFACE_WITH_KNOTS('',3,3,((#6642,#6643,#6644,#6645,#6646,
#6647,#6648,#6649,#6650,#6651,#6652,#6653,#6654,#6655,#6656,#6657,#6658,
#6659,#6660,#6661,#6662,#6663,#6664,#6665,#6666,#6667,#6668,#6669,#6670,
#6671,#6672),(#6673,#6674,#6675,#6676,#6677,#6678,#6679,#6680,#6681,#6682,
#6683,#6684,#6685,#6686,#6687,#6688,#6689,#6690,#6691,#6692,#6693,#6694,
#6695,#6696,#6697,#6698,#6699,#6700,#6701,#6702,#6703),(#6704,#6705,#6706,
#6707,#6708,#6709,#6710,#6711,#6712,#6713,#6714,#6715,#6716,#6717,#6718,
#6719,#6720,#6721,#6722,#6723,#6724,#6725,#6726,#6727,#6728,#6729,#6730,
#6731,#6732,#6733,#6734),(#6735,#6736,#6737,#6738,#6739,#6740,#6741,#6742,
#6743,#6744,#6745,#6746,#6747,#6748,#6749,#6750,#6751,#6752,#6753,#6754,
#6755,#6756,#6757,#6758,#6759,#6760,#6761,#6762,#6763,#6764,#6765)),
 .UNSPECIFIED.,.F.,.F.,.F.,(4,4),(4,1,1,1,1,1,1,1,1,1,1,1,1,1,1,1,1,1,1,
1,1,1,1,1,1,1,1,1,4),(0.,0.387719573274293),(11.845234217129,12.3159205279537,
12.7866068387783,13.2572931496029,13.7279794604275,14.1986657712521,14.6693520820767,
15.1400383929013,15.6107247037259,16.0814110145505,16.5520973253751,17.0227836361997,
17.4934699470243,17.9641562578489,18.4348425686735,18.9055288794981,19.3762151903227,
19.8469015011473,20.3175878119719,20.7882741227966,21.2589604336212,21.7296467444458,
22.2003330552704,22.671019366095,23.1417056769196,23.6123919877442,24.0830782985688,
24.5537646093934,25.024450920218),.UNSPECIFIED.);
#32=B_SPLINE_SURFACE_WITH_KNOTS('',3,3,((#6783,#6784,#6785,#6786,#6787,
#6788,#6789,#6790,#6791,#6792,#6793),(#6794,#6795,#6796,#6797,#6798,#6799,
#6800,#6801,#6802,#6803,#6804),(#6805,#6806,#6807,#6808,#6809,#6810,#6811,
#6812,#6813,#6814,#6815),(#6816,#6817,#6818,#6819,#6820,#6821,#6822,#6823,
#6824,#6825,#6826)),.UNSPECIFIED.,.F.,.F.,.F.,(4,4),(4,1,1,1,1,1,1,1,4),
(0.,0.387719573274293),(47.4545339622936,47.7373241901594,48.0201144180253,
48.3029046458911,48.8684851016228,49.1512753294886,49.4340655573545,49.7168557852203,
49.9996460130862),.UNSPECIFIED.);
#33=B_SPLINE_SURFACE_WITH_KNOTS('',3,3,((#6838,#6839,#6840,#6841,#6842,
#6843,#6844,#6845,#6846,#6847,#6848),(#6849,#6850,#6851,#6852,#6853,#6854,
#6855,#6856,#6857,#6858,#6859),(#6860,#6861,#6862,#6863,#6864,#6865,#6866,
#6867,#6868,#6869,#6870),(#6871,#6872,#6873,#6874,#6875,#6876,#6877,#6878,
#6879,#6880,#6881)),.UNSPECIFIED.,.F.,.F.,.F.,(4,4),(4,1,1,1,1,1,1,1,4),
(0.,0.387719573274293),(31.7370740279164,32.0112787162198,32.2854834045233,
32.5596880928267,32.8338927811301,33.382302157737,33.6565068460404,33.9307115343438,
34.2049162226472),.UNSPECIFIED.);
#34=B_SPLINE_SURFACE_WITH_KNOTS('',3,3,((#6893,#6894,#6895,#6896,#6897,
#6898,#6899,#6900,#6901,#6902,#6903),(#6904,#6905,#6906,#6907,#6908,#6909,
#6910,#6911,#6912,#6913,#6914),(#6915,#6916,#6917,#6918,#6919,#6920,#6921,
#6922,#6923,#6924,#6925),(#6926,#6927,#6928,#6929,#6930,#6931,#6932,#6933,
#6934,#6935,#6936)),.UNSPECIFIED.,.F.,.F.,.F.,(4,4),(4,1,1,1,1,1,1,1,4),
(0.,0.387719573274293),(28.529939457421,28.8160735647406,29.3883417793798,
29.6744758866994,29.9606099940189,30.2467441013385,30.5328782086581,30.8190123159777,
31.1051464232973),.UNSPECIFIED.);
#35=B_SPLINE_SURFACE_WITH_KNOTS('',3,3,((#6948,#6949,#6950,#6951,#6952,
#6953,#6954,#6955,#6956,#6957),(#6958,#6959,#6960,#6961,#6962,#6963,#6964,
#6965,#6966,#6967),(#6968,#6969,#6970,#6971,#6972,#6973,#6974,#6975,#6976,
#6977),(#6978,#6979,#6980,#6981,#6982,#6983,#6984,#6985,#6986,#6987)),
 .UNSPECIFIED.,.F.,.F.,.F.,(4,4),(4,1,1,1,1,1,1,4),(0.,0.387719573274293),
(41.2208847569903,41.7521101875758,42.0177229028685,42.2833356181612,42.8145610487467,
43.0801737640394,43.3457864793322,43.6113991946249),.UNSPECIFIED.);
#36=B_SPLINE_SURFACE_WITH_KNOTS('',3,3,((#6998,#6999,#7000,#7001,#7002,
#7003,#7004,#7005,#7006,#7007),(#7008,#7009,#7010,#7011,#7012,#7013,#7014,
#7015,#7016,#7017),(#7018,#7019,#7020,#7021,#7022,#7023,#7024,#7025,#7026,
#7027),(#7028,#7029,#7030,#7031,#7032,#7033,#7034,#7035,#7036,#7037)),
 .UNSPECIFIED.,.F.,.F.,.F.,(4,4),(4,1,1,1,1,1,1,4),(0.,0.387719573274293),
(38.0772077929899,38.3419127026737,38.8713225220412,39.136027431725,39.4007323414088,
39.6654372510926,40.1948470704601,40.4595519801439),.UNSPECIFIED.);
#37=B_SPLINE_SURFACE_WITH_KNOTS('',3,3,((#7048,#7049,#7050,#7051,#7052,
#7053,#7054,#7055,#7056,#7057,#7058),(#7059,#7060,#7061,#7062,#7063,#7064,
#7065,#7066,#7067,#7068,#7069),(#7070,#7071,#7072,#7073,#7074,#7075,#7076,
#7077,#7078,#7079,#7080),(#7081,#7082,#7083,#7084,#7085,#7086,#7087,#7088,
#7089,#7090,#7091)),.UNSPECIFIED.,.F.,.F.,.F.,(4,4),(4,1,1,1,1,1,1,1,4),
(0.,0.387719573274293),(34.9168424953711,35.1842962534486,35.4517500115261,
35.7192037696036,35.9866575276812,36.5215650438362,36.7890188019137,37.0564725599912,
37.3239263180688),.UNSPECIFIED.);
#38=B_SPLINE_SURFACE_WITH_KNOTS('',3,3,((#7139,#7140,#7141,#7142,#7143,
#7144,#7145,#7146,#7147,#7148),(#7149,#7150,#7151,#7152,#7153,#7154,#7155,
#7156,#7157,#7158),(#7159,#7160,#7161,#7162,#7163,#7164,#7165,#7166,#7167,
#7168),(#7169,#7170,#7171,#7172,#7173,#7174,#7175,#7176,#7177,#7178)),
 .UNSPECIFIED.,.F.,.F.,.F.,(4,4),(4,1,1,1,1,1,1,4),(0.,0.387719573274293),
(41.2216541129046,41.7520704809647,42.0172786649948,42.2824868490249,42.812903217085,
43.0781114011151,43.3433195851451,43.6085277691752),.UNSPECIFIED.);
#39=B_SPLINE_SURFACE_WITH_KNOTS('',3,3,((#7508,#7509,#7510,#7511,#7512,
#7513,#7514,#7515,#7516,#7517,#7518,#7519,#7520,#7521,#7522,#7523,#7524,
#7525,#7526,#7527,#7528,#7529,#7530,#7531,#7532,#7533,#7534,#7535,#7536,
#7537,#7538,#7539,#7540,#7541,#7542,#7543,#7544,#7545,#7546,#7547,#7548,
#7549,#7550,#7551,#7552,#7553,#7554,#7555,#7556,#7557,#7558,#7559,#7560,
#7561,#7562,#7563,#7564,#7565,#7566,#7567,#7568,#7569,#7570,#7571,#7572,
#7573,#7574,#7575,#7576,#7577,#7578,#7579,#7580,#7581,#7582,#7583,#7584,
#7585,#7586,#7587,#7588,#7589,#7590,#7591,#7592,#7593,#7594,#7595,#7596,
#7597,#7598,#7599,#7600,#7601,#7602,#7603,#7604),(#7605,#7606,#7607,#7608,
#7609,#7610,#7611,#7612,#7613,#7614,#7615,#7616,#7617,#7618,#7619,#7620,
#7621,#7622,#7623,#7624,#7625,#7626,#7627,#7628,#7629,#7630,#7631,#7632,
#7633,#7634,#7635,#7636,#7637,#7638,#7639,#7640,#7641,#7642,#7643,#7644,
#7645,#7646,#7647,#7648,#7649,#7650,#7651,#7652,#7653,#7654,#7655,#7656,
#7657,#7658,#7659,#7660,#7661,#7662,#7663,#7664,#7665,#7666,#7667,#7668,
#7669,#7670,#7671,#7672,#7673,#7674,#7675,#7676,#7677,#7678,#7679,#7680,
#7681,#7682,#7683,#7684,#7685,#7686,#7687,#7688,#7689,#7690,#7691,#7692,
#7693,#7694,#7695,#7696,#7697,#7698,#7699,#7700,#7701),(#7702,#7703,#7704,
#7705,#7706,#7707,#7708,#7709,#7710,#7711,#7712,#7713,#7714,#7715,#7716,
#7717,#7718,#7719,#7720,#7721,#7722,#7723,#7724,#7725,#7726,#7727,#7728,
#7729,#7730,#7731,#7732,#7733,#7734,#7735,#7736,#7737,#7738,#7739,#7740,
#7741,#7742,#7743,#7744,#7745,#7746,#7747,#7748,#7749,#7750,#7751,#7752,
#7753,#7754,#7755,#7756,#7757,#7758,#7759,#7760,#7761,#7762,#7763,#7764,
#7765,#7766,#7767,#7768,#7769,#7770,#7771,#7772,#7773,#7774,#7775,#7776,
#7777,#7778,#7779,#7780,#7781,#7782,#7783,#7784,#7785,#7786,#7787,#7788,
#7789,#7790,#7791,#7792,#7793,#7794,#7795,#7796,#7797,#7798),(#7799,#7800,
#7801,#7802,#7803,#7804,#7805,#7806,#7807,#7808,#7809,#7810,#7811,#7812,
#7813,#7814,#7815,#7816,#7817,#7818,#7819,#7820,#7821,#7822,#7823,#7824,
#7825,#7826,#7827,#7828,#7829,#7830,#7831,#7832,#7833,#7834,#7835,#7836,
#7837,#7838,#7839,#7840,#7841,#7842,#7843,#7844,#7845,#7846,#7847,#7848,
#7849,#7850,#7851,#7852,#7853,#7854,#7855,#7856,#7857,#7858,#7859,#7860,
#7861,#7862,#7863,#7864,#7865,#7866,#7867,#7868,#7869,#7870,#7871,#7872,
#7873,#7874,#7875,#7876,#7877,#7878,#7879,#7880,#7881,#7882,#7883,#7884,
#7885,#7886,#7887,#7888,#7889,#7890,#7891,#7892,#7893,#7894,#7895)),
 .UNSPECIFIED.,.F.,.F.,.F.,(4,4),(4,1,1,1,1,1,1,1,1,1,1,1,1,1,1,1,1,1,1,
1,1,1,1,1,1,1,1,1,1,1,1,1,1,1,1,1,1,1,1,1,1,1,1,1,1,1,1,1,1,1,1,1,1,1,1,
1,1,1,1,1,1,1,1,1,1,1,1,1,1,1,1,1,1,1,1,1,1,1,1,1,1,1,1,1,1,1,1,1,1,1,1,
1,1,1,4),(0.,0.397447925310138),(8.29508325674548,8.78596178116968,9.27684030559388,
9.76771883001808,10.2585973544423,10.7494758788665,11.2403544032907,11.7312329277149,
12.2221114521391,12.7129899765633,13.2038685009875,13.6947470254117,14.1856255498359,
14.6765040742601,15.1673825986843,15.6582611231085,16.1491396475327,16.6400181719569,
17.1308966963811,17.6217752208053,18.1126537452295,18.6035322696537,19.0944107940779,
19.5852893185021,20.0761678429263,20.5670463673505,21.0579248917747,21.5488034161989,
22.0396819406231,22.5305604650473,23.0214389894715,23.5123175138957,24.0031960383199,
24.4940745627441,24.9849530871683,25.4758316115925,25.9667101360167,26.4575886604409,
26.9484671848651,27.4393457092892,27.9302242337134,28.4211027581376,28.9119812825618,
29.402859806986,29.8937383314102,30.3846168558344,30.8754953802586,31.3663739046828,
31.857252429107,32.3481309535312,32.8390094779554,33.3298880023796,33.8207665268038,
34.311645051228,34.8025235756522,35.2934021000764,35.7842806245006,36.2751591489248,
36.766037673349,37.2569161977732,37.7477947221974,38.2386732466216,38.7295517710458,
39.22043029547,39.7113088198942,40.2021873443184,40.6930658687426,41.1839443931668,
41.674822917591,42.1657014420152,42.6565799664394,43.1474584908636,43.6383370152878,
44.129215539712,44.6200940641362,45.1109725885604,45.6018511129846,46.0927296374088,
46.583608161833,47.0744866862572,47.5653652106814,48.0562437351056,48.5471222595298,
49.038000783954,49.5288793083782,50.0197578328024,50.5106363572266,51.0015148816508,
51.492393406075,51.9832719304992,52.4741504549234,52.9650289793476,53.4559075037718,
53.946786028196,54.4376645526202),.UNSPECIFIED.);
#40=B_SPLINE_SURFACE_WITH_KNOTS('',3,3,((#8288,#8289,#8290,#8291,#8292,
#8293,#8294,#8295,#8296,#8297,#8298,#8299,#8300,#8301,#8302,#8303,#8304,
#8305,#8306,#8307,#8308,#8309,#8310,#8311,#8312,#8313,#8314,#8315,#8316,
#8317,#8318,#8319,#8320,#8321,#8322,#8323,#8324,#8325,#8326,#8327,#8328,
#8329,#8330,#8331,#8332,#8333,#8334,#8335,#8336,#8337,#8338,#8339,#8340,
#8341,#8342,#8343,#8344,#8345,#8346,#8347,#8348,#8349,#8350,#8351,#8352,
#8353,#8354,#8355,#8356,#8357,#8358,#8359,#8360,#8361,#8362,#8363,#8364,
#8365,#8366,#8367,#8368,#8369,#8370,#8371,#8372,#8373,#8374,#8375,#8376,
#8377,#8378,#8379,#8380,#8381,#8382,#8383,#8384),(#8385,#8386,#8387,#8388,
#8389,#8390,#8391,#8392,#8393,#8394,#8395,#8396,#8397,#8398,#8399,#8400,
#8401,#8402,#8403,#8404,#8405,#8406,#8407,#8408,#8409,#8410,#8411,#8412,
#8413,#8414,#8415,#8416,#8417,#8418,#8419,#8420,#8421,#8422,#8423,#8424,
#8425,#8426,#8427,#8428,#8429,#8430,#8431,#8432,#8433,#8434,#8435,#8436,
#8437,#8438,#8439,#8440,#8441,#8442,#8443,#8444,#8445,#8446,#8447,#8448,
#8449,#8450,#8451,#8452,#8453,#8454,#8455,#8456,#8457,#8458,#8459,#8460,
#8461,#8462,#8463,#8464,#8465,#8466,#8467,#8468,#8469,#8470,#8471,#8472,
#8473,#8474,#8475,#8476,#8477,#8478,#8479,#8480,#8481),(#8482,#8483,#8484,
#8485,#8486,#8487,#8488,#8489,#8490,#8491,#8492,#8493,#8494,#8495,#8496,
#8497,#8498,#8499,#8500,#8501,#8502,#8503,#8504,#8505,#8506,#8507,#8508,
#8509,#8510,#8511,#8512,#8513,#8514,#8515,#8516,#8517,#8518,#8519,#8520,
#8521,#8522,#8523,#8524,#8525,#8526,#8527,#8528,#8529,#8530,#8531,#8532,
#8533,#8534,#8535,#8536,#8537,#8538,#8539,#8540,#8541,#8542,#8543,#8544,
#8545,#8546,#8547,#8548,#8549,#8550,#8551,#8552,#8553,#8554,#8555,#8556,
#8557,#8558,#8559,#8560,#8561,#8562,#8563,#8564,#8565,#8566,#8567,#8568,
#8569,#8570,#8571,#8572,#8573,#8574,#8575,#8576,#8577,#8578),(#8579,#8580,
#8581,#8582,#8583,#8584,#8585,#8586,#8587,#8588,#8589,#8590,#8591,#8592,
#8593,#8594,#8595,#8596,#8597,#8598,#8599,#8600,#8601,#8602,#8603,#8604,
#8605,#8606,#8607,#8608,#8609,#8610,#8611,#8612,#8613,#8614,#8615,#8616,
#8617,#8618,#8619,#8620,#8621,#8622,#8623,#8624,#8625,#8626,#8627,#8628,
#8629,#8630,#8631,#8632,#8633,#8634,#8635,#8636,#8637,#8638,#8639,#8640,
#8641,#8642,#8643,#8644,#8645,#8646,#8647,#8648,#8649,#8650,#8651,#8652,
#8653,#8654,#8655,#8656,#8657,#8658,#8659,#8660,#8661,#8662,#8663,#8664,
#8665,#8666,#8667,#8668,#8669,#8670,#8671,#8672,#8673,#8674,#8675)),
 .UNSPECIFIED.,.F.,.F.,.F.,(4,4),(4,1,1,1,1,1,1,1,1,1,1,1,1,1,1,1,1,1,1,
1,1,1,1,1,1,1,1,1,1,1,1,1,1,1,1,1,1,1,1,1,1,1,1,1,1,1,1,1,1,1,1,1,1,1,1,
1,1,1,1,1,1,1,1,1,1,1,1,1,1,1,1,1,1,1,1,1,1,1,1,1,1,1,1,1,1,1,1,1,1,1,1,
1,1,1,4),(0.,0.397447925310138),(11.6150328478183,12.1059113722425,12.5967898966667,
13.0876684210909,13.5785469455151,14.0694254699393,14.5603039943635,15.0511825187877,
15.5420610432119,16.0329395676361,16.5238180920603,17.0146966164845,17.5055751409087,
17.9964536653329,18.4873321897571,18.9782107141813,19.4690892386055,19.9599677630297,
20.4508462874539,20.9417248118781,21.4326033363023,21.9234818607265,22.4143603851507,
22.9052389095749,23.3961174339991,23.8869959584233,24.3778744828475,24.8687530072717,
25.3596315316959,25.8505100561201,26.3413885805443,26.8322671049685,27.3231456293927,
27.8140241538169,28.3049026782411,28.7957812026653,29.2866597270895,29.7775382515137,
30.2684167759379,30.7592953003621,31.2501738247863,31.7410523492105,32.2319308736347,
32.7228093980589,33.2136879224831,33.7045664469073,34.1954449713315,34.6863234957557,
35.1772020201799,35.6680805446041,36.1589590690283,36.6498375934525,37.1407161178767,
37.6315946423009,38.1224731667251,38.6133516911493,39.1042302155735,39.5951087399977,
40.0859872644219,40.5768657888461,41.0677443132703,41.5586228376945,42.0495013621187,
42.5403798865429,43.0312584109671,43.5221369353913,44.0130154598155,44.5038939842397,
44.9947725086639,45.4856510330881,45.9765295575123,46.4674080819365,46.9582866063607,
47.4491651307849,47.9400436552091,48.4309221796333,48.9218007040575,49.4126792284817,
49.9035577529059,50.3944362773301,50.8853148017543,51.3761933261785,51.8670718506027,
52.3579503750269,52.8488288994511,53.3397074238753,53.8305859482995,54.3214644727237,
54.8123429971479,55.3032215215721,55.7941000459963,56.2849785704205,56.7758570948447,
57.2667356192689,57.7576141436931),.UNSPECIFIED.);
#41=CONICAL_SURFACE('',#1970,49.5,0.785398163397457);
#42=CONICAL_SURFACE('',#1977,37.5,0.785398163397448);
#43=CONICAL_SURFACE('',#2011,20.,0.785398163397448);
#44=CONICAL_SURFACE('',#2031,45.,0.785398163397448);
#45=CONICAL_SURFACE('',#2032,41.0557280900008,1.10714871779409);
#46=(
BOUNDED_CURVE()
B_SPLINE_CURVE(2,(#3459,#3460,#3461),.UNSPECIFIED.,.F.,.F.)
B_SPLINE_CURVE_WITH_KNOTS((3,3),(2.25257941590005,4.45562451659933),
 .UNSPECIFIED.)
CURVE()
GEOMETRIC_REPRESENTATION_ITEM()
RATIONAL_B_SPLINE_CURVE((1.08921464952063,1.11078535047937,1.08921464952063))
REPRESENTATION_ITEM('')
);
#47=(
BOUNDED_CURVE()
B_SPLINE_CURVE(2,(#3468,#3469,#3470),.UNSPECIFIED.,.F.,.F.)
B_SPLINE_CURVE_WITH_KNOTS((3,3),(1.39133150928965,2.29650424268593),
 .UNSPECIFIED.)
CURVE()
GEOMETRIC_REPRESENTATION_ITEM()
RATIONAL_B_SPLINE_CURVE((1.01053786884919,1.00869679884321,1.))
REPRESENTATION_ITEM('')
);
#48=(
BOUNDED_CURVE()
B_SPLINE_CURVE(2,(#3472,#3473,#3474),.UNSPECIFIED.,.F.,.F.)
B_SPLINE_CURVE_WITH_KNOTS((3,3),(0.,0.905172733396281),.UNSPECIFIED.)
CURVE()
GEOMETRIC_REPRESENTATION_ITEM()
RATIONAL_B_SPLINE_CURVE((1.,1.00869679884321,1.01053786884919))
REPRESENTATION_ITEM('')
);
#49=(
BOUNDED_CURVE()
B_SPLINE_CURVE(2,(#3501,#3502,#3503),.UNSPECIFIED.,.F.,.F.)
B_SPLINE_CURVE_WITH_KNOTS((3,3),(0.,0.141785376208898),.UNSPECIFIED.)
CURVE()
GEOMETRIC_REPRESENTATION_ITEM()
RATIONAL_B_SPLINE_CURVE((1.,1.00005154531654,1.))
REPRESENTATION_ITEM('')
);
#50=(
BOUNDED_CURVE()
B_SPLINE_CURVE(2,(#3534,#3535,#3536),.UNSPECIFIED.,.F.,.F.)
B_SPLINE_CURVE_WITH_KNOTS((3,3),(0.,0.141785376208898),.UNSPECIFIED.)
CURVE()
GEOMETRIC_REPRESENTATION_ITEM()
RATIONAL_B_SPLINE_CURVE((1.,1.00005154531654,1.))
REPRESENTATION_ITEM('')
);
#51=FACE_BOUND('',#199,.T.);
#52=FACE_BOUND('',#218,.T.);
#53=FACE_BOUND('',#224,.T.);
#54=FACE_BOUND('',#228,.T.);
#55=FACE_BOUND('',#272,.T.);
#56=PLANE('',#1937);
#57=PLANE('',#1939);
#58=PLANE('',#1941);
#59=PLANE('',#1944);
#60=PLANE('',#1951);
#61=PLANE('',#1953);
#62=PLANE('',#1955);
#63=PLANE('',#1956);
#64=PLANE('',#1961);
#65=PLANE('',#1964);
#66=PLANE('',#1966);
#67=PLANE('',#1967);
#68=PLANE('',#1968);
#69=PLANE('',#1973);
#70=PLANE('',#1979);
#71=PLANE('',#1983);
#72=PLANE('',#2017);
#73=PLANE('',#2020);
#74=PLANE('',#2029);
#75=FACE_OUTER_BOUND('',#179,.T.);
#76=FACE_OUTER_BOUND('',#180,.T.);
#77=FACE_OUTER_BOUND('',#181,.T.);
#78=FACE_OUTER_BOUND('',#182,.T.);
#79=FACE_OUTER_BOUND('',#183,.T.);
#80=FACE_OUTER_BOUND('',#184,.T.);
#81=FACE_OUTER_BOUND('',#185,.T.);
#82=FACE_OUTER_BOUND('',#186,.T.);
#83=FACE_OUTER_BOUND('',#187,.T.);
#84=FACE_OUTER_BOUND('',#188,.T.);
#85=FACE_OUTER_BOUND('',#189,.T.);
#86=FACE_OUTER_BOUND('',#190,.T.);
#87=FACE_OUTER_BOUND('',#191,.T.);
#88=FACE_OUTER_BOUND('',#192,.T.);
#89=FACE_OUTER_BOUND('',#193,.T.);
#90=FACE_OUTER_BOUND('',#194,.T.);
#91=FACE_OUTER_BOUND('',#195,.T.);
#92=FACE_OUTER_BOUND('',#196,.T.);
#93=FACE_OUTER_BOUND('',#197,.T.);
#94=FACE_OUTER_BOUND('',#198,.T.);
#95=FACE_OUTER_BOUND('',#200,.T.);
#96=FACE_OUTER_BOUND('',#201,.T.);
#97=FACE_OUTER_BOUND('',#202,.T.);
#98=FACE_OUTER_BOUND('',#203,.T.);
#99=FACE_OUTER_BOUND('',#204,.T.);
#100=FACE_OUTER_BOUND('',#205,.T.);
#101=FACE_OUTER_BOUND('',#206,.T.);
#102=FACE_OUTER_BOUND('',#207,.T.);
#103=FACE_OUTER_BOUND('',#208,.T.);
#104=FACE_OUTER_BOUND('',#209,.T.);
#105=FACE_OUTER_BOUND('',#210,.T.);
#106=FACE_OUTER_BOUND('',#211,.T.);
#107=FACE_OUTER_BOUND('',#212,.T.);
#108=FACE_OUTER_BOUND('',#213,.T.);
#109=FACE_OUTER_BOUND('',#214,.T.);
#110=FACE_OUTER_BOUND('',#215,.T.);
#111=FACE_OUTER_BOUND('',#216,.T.);
#112=FACE_OUTER_BOUND('',#217,.T.);
#113=FACE_OUTER_BOUND('',#219,.T.);
#114=FACE_OUTER_BOUND('',#220,.T.);
#115=FACE_OUTER_BOUND('',#221,.T.);
#116=FACE_OUTER_BOUND('',#222,.T.);
#117=FACE_OUTER_BOUND('',#223,.T.);
#118=FACE_OUTER_BOUND('',#225,.T.);
#119=FACE_OUTER_BOUND('',#226,.T.);
#120=FACE_OUTER_BOUND('',#227,.T.);
#121=FACE_OUTER_BOUND('',#229,.T.);
#122=FACE_OUTER_BOUND('',#230,.T.);
#123=FACE_OUTER_BOUND('',#231,.T.);
#124=FACE_OUTER_BOUND('',#232,.T.);
#125=FACE_OUTER_BOUND('',#233,.T.);
#126=FACE_OUTER_BOUND('',#234,.T.);
#127=FACE_OUTER_BOUND('',#235,.T.);
#128=FACE_OUTER_BOUND('',#236,.T.);
#129=FACE_OUTER_BOUND('',#237,.T.);
#130=FACE_OUTER_BOUND('',#238,.T.);
#131=FACE_OUTER_BOUND('',#239,.T.);
#132=FACE_OUTER_BOUND('',#240,.T.);
#133=FACE_OUTER_BOUND('',#241,.T.);
#134=FACE_OUTER_BOUND('',#242,.T.);
#135=FACE_OUTER_BOUND('',#243,.T.);
#136=FACE_OUTER_BOUND('',#244,.T.);
#137=FACE_OUTER_BOUND('',#245,.T.);
#138=FACE_OUTER_BOUND('',#246,.T.);
#139=FACE_OUTER_BOUND('',#247,.T.);
#140=FACE_OUTER_BOUND('',#248,.T.);
#141=FACE_OUTER_BOUND('',#249,.T.);
#142=FACE_OUTER_BOUND('',#250,.T.);
#143=FACE_OUTER_BOUND('',#251,.T.);
#144=FACE_OUTER_BOUND('',#252,.T.);
#145=FACE_OUTER_BOUND('',#253,.T.);
#146=FACE_OUTER_BOUND('',#254,.T.);
#147=FACE_OUTER_BOUND('',#255,.T.);
#148=FACE_OUTER_BOUND('',#256,.T.);
#149=FACE_OUTER_BOUND('',#257,.T.);
#150=FACE_OUTER_BOUND('',#258,.T.);
#151=FACE_OUTER_BOUND('',#259,.T.);
#152=FACE_OUTER_BOUND('',#260,.T.);
#153=FACE_OUTER_BOUND('',#261,.T.);
#154=FACE_OUTER_BOUND('',#262,.T.);
#155=FACE_OUTER_BOUND('',#263,.T.);
#156=FACE_OUTER_BOUND('',#264,.T.);
#157=FACE_OUTER_BOUND('',#265,.T.);
#158=FACE_OUTER_BOUND('',#266,.T.);
#159=FACE_OUTER_BOUND('',#267,.T.);
#160=FACE_OUTER_BOUND('',#268,.T.);
#161=FACE_OUTER_BOUND('',#269,.T.);
#162=FACE_OUTER_BOUND('',#270,.T.);
#163=FACE_OUTER_BOUND('',#271,.T.);
#164=FACE_OUTER_BOUND('',#273,.T.);
#165=FACE_OUTER_BOUND('',#274,.T.);
#166=FACE_OUTER_BOUND('',#275,.T.);
#167=FACE_OUTER_BOUND('',#276,.T.);
#168=FACE_OUTER_BOUND('',#277,.T.);
#169=FACE_OUTER_BOUND('',#278,.T.);
#170=FACE_OUTER_BOUND('',#279,.T.);
#171=FACE_OUTER_BOUND('',#280,.T.);
#172=FACE_OUTER_BOUND('',#281,.T.);
#173=FACE_OUTER_BOUND('',#282,.T.);
#174=FACE_OUTER_BOUND('',#283,.T.);
#175=FACE_OUTER_BOUND('',#284,.T.);
#176=FACE_OUTER_BOUND('',#285,.T.);
#177=FACE_OUTER_BOUND('',#286,.T.);
#178=FACE_OUTER_BOUND('',#287,.T.);
#179=EDGE_LOOP('',(#1140,#1141,#1142,#1143));
#180=EDGE_LOOP('',(#1144,#1145,#1146,#1147));
#181=EDGE_LOOP('',(#1148,#1149,#1150,#1151));
#182=EDGE_LOOP('',(#1152,#1153,#1154,#1155));
#183=EDGE_LOOP('',(#1156,#1157,#1158,#1159));
#184=EDGE_LOOP('',(#1160,#1161,#1162,#1163));
#185=EDGE_LOOP('',(#1164,#1165,#1166,#1167));
#186=EDGE_LOOP('',(#1168,#1169,#1170,#1171));
#187=EDGE_LOOP('',(#1172,#1173,#1174,#1175));
#188=EDGE_LOOP('',(#1176,#1177,#1178,#1179));
#189=EDGE_LOOP('',(#1180,#1181,#1182,#1183));
#190=EDGE_LOOP('',(#1184,#1185,#1186,#1187));
#191=EDGE_LOOP('',(#1188,#1189,#1190,#1191));
#192=EDGE_LOOP('',(#1192,#1193,#1194,#1195));
#193=EDGE_LOOP('',(#1196,#1197,#1198,#1199));
#194=EDGE_LOOP('',(#1200,#1201,#1202,#1203));
#195=EDGE_LOOP('',(#1204,#1205,#1206,#1207,#1208));
#196=EDGE_LOOP('',(#1209,#1210,#1211,#1212));
#197=EDGE_LOOP('',(#1213,#1214,#1215,#1216,#1217,#1218,#1219,#1220));
#198=EDGE_LOOP('',(#1221));
#199=EDGE_LOOP('',(#1222));
#200=EDGE_LOOP('',(#1223,#1224,#1225,#1226,#1227));
#201=EDGE_LOOP('',(#1228,#1229,#1230,#1231,#1232));
#202=EDGE_LOOP('',(#1233,#1234,#1235,#1236,#1237,#1238,#1239));
#203=EDGE_LOOP('',(#1240,#1241,#1242,#1243,#1244,#1245,#1246,#1247,#1248,
#1249));
#204=EDGE_LOOP('',(#1250,#1251,#1252,#1253));
#205=EDGE_LOOP('',(#1254,#1255,#1256,#1257,#1258,#1259));
#206=EDGE_LOOP('',(#1260,#1261,#1262,#1263));
#207=EDGE_LOOP('',(#1264,#1265,#1266,#1267));
#208=EDGE_LOOP('',(#1268,#1269,#1270,#1271));
#209=EDGE_LOOP('',(#1272,#1273,#1274,#1275));
#210=EDGE_LOOP('',(#1276,#1277,#1278,#1279));
#211=EDGE_LOOP('',(#1280,#1281,#1282,#1283));
#212=EDGE_LOOP('',(#1284,#1285,#1286,#1287,#1288));
#213=EDGE_LOOP('',(#1289,#1290,#1291,#1292));
#214=EDGE_LOOP('',(#1293,#1294,#1295,#1296));
#215=EDGE_LOOP('',(#1297,#1298,#1299,#1300,#1301));
#216=EDGE_LOOP('',(#1302,#1303,#1304,#1305,#1306,#1307));
#217=EDGE_LOOP('',(#1308,#1309,#1310,#1311));
#218=EDGE_LOOP('',(#1312,#1313,#1314,#1315));
#219=EDGE_LOOP('',(#1316,#1317,#1318,#1319,#1320));
#220=EDGE_LOOP('',(#1321,#1322,#1323,#1324,#1325,#1326,#1327));
#221=EDGE_LOOP('',(#1328,#1329,#1330,#1331,#1332,#1333,#1334,#1335));
#222=EDGE_LOOP('',(#1336,#1337,#1338,#1339));
#223=EDGE_LOOP('',(#1340));
#224=EDGE_LOOP('',(#1341));
#225=EDGE_LOOP('',(#1342,#1343,#1344,#1345,#1346,#1347,#1348,#1349,#1350,
#1351,#1352,#1353,#1354,#1355,#1356,#1357,#1358,#1359,#1360,#1361,#1362,
#1363,#1364,#1365,#1366,#1367,#1368,#1369,#1370,#1371,#1372,#1373,#1374,
#1375,#1376,#1377,#1378,#1379,#1380,#1381,#1382,#1383,#1384,#1385,#1386,
#1387));
#226=EDGE_LOOP('',(#1388,#1389,#1390,#1391,#1392,#1393,#1394,#1395,#1396,
#1397,#1398,#1399,#1400,#1401,#1402,#1403,#1404,#1405,#1406,#1407,#1408,
#1409,#1410,#1411,#1412,#1413,#1414,#1415,#1416,#1417,#1418,#1419,#1420,
#1421,#1422,#1423,#1424,#1425,#1426,#1427,#1428,#1429,#1430,#1431,#1432,
#1433,#1434));
#227=EDGE_LOOP('',(#1435,#1436,#1437,#1438,#1439,#1440));
#228=EDGE_LOOP('',(#1441));
#229=EDGE_LOOP('',(#1442,#1443,#1444));
#230=EDGE_LOOP('',(#1445,#1446,#1447,#1448));
#231=EDGE_LOOP('',(#1449,#1450,#1451,#1452,#1453));
#232=EDGE_LOOP('',(#1454,#1455,#1456,#1457));
#233=EDGE_LOOP('',(#1458,#1459,#1460,#1461,#1462));
#234=EDGE_LOOP('',(#1463,#1464,#1465,#1466));
#235=EDGE_LOOP('',(#1467,#1468,#1469,#1470));
#236=EDGE_LOOP('',(#1471,#1472,#1473,#1474));
#237=EDGE_LOOP('',(#1475,#1476,#1477,#1478));
#238=EDGE_LOOP('',(#1479,#1480,#1481,#1482));
#239=EDGE_LOOP('',(#1483,#1484,#1485,#1486));
#240=EDGE_LOOP('',(#1487,#1488,#1489));
#241=EDGE_LOOP('',(#1490,#1491,#1492,#1493));
#242=EDGE_LOOP('',(#1494,#1495,#1496,#1497));
#243=EDGE_LOOP('',(#1498,#1499,#1500,#1501,#1502,#1503,#1504,#1505,#1506,
#1507));
#244=EDGE_LOOP('',(#1508,#1509,#1510,#1511,#1512));
#245=EDGE_LOOP('',(#1513,#1514,#1515,#1516));
#246=EDGE_LOOP('',(#1517,#1518,#1519,#1520));
#247=EDGE_LOOP('',(#1521,#1522,#1523,#1524));
#248=EDGE_LOOP('',(#1525,#1526,#1527,#1528));
#249=EDGE_LOOP('',(#1529,#1530,#1531,#1532));
#250=EDGE_LOOP('',(#1533,#1534,#1535,#1536));
#251=EDGE_LOOP('',(#1537,#1538,#1539,#1540));
#252=EDGE_LOOP('',(#1541,#1542,#1543,#1544));
#253=EDGE_LOOP('',(#1545,#1546,#1547,#1548));
#254=EDGE_LOOP('',(#1549,#1550,#1551,#1552,#1553,#1554,#1555,#1556));
#255=EDGE_LOOP('',(#1557,#1558,#1559,#1560));
#256=EDGE_LOOP('',(#1561,#1562,#1563,#1564));
#257=EDGE_LOOP('',(#1565,#1566,#1567,#1568));
#258=EDGE_LOOP('',(#1569,#1570,#1571,#1572));
#259=EDGE_LOOP('',(#1573,#1574,#1575,#1576));
#260=EDGE_LOOP('',(#1577,#1578,#1579,#1580));
#261=EDGE_LOOP('',(#1581,#1582,#1583,#1584));
#262=EDGE_LOOP('',(#1585,#1586,#1587,#1588));
#263=EDGE_LOOP('',(#1589,#1590,#1591,#1592));
#264=EDGE_LOOP('',(#1593,#1594,#1595,#1596));
#265=EDGE_LOOP('',(#1597,#1598,#1599,#1600));
#266=EDGE_LOOP('',(#1601,#1602,#1603,#1604));
#267=EDGE_LOOP('',(#1605,#1606,#1607,#1608));
#268=EDGE_LOOP('',(#1609,#1610,#1611,#1612));
#269=EDGE_LOOP('',(#1613,#1614,#1615,#1616));
#270=EDGE_LOOP('',(#1617,#1618,#1619,#1620));
#271=EDGE_LOOP('',(#1621,#1622,#1623,#1624,#1625,#1626,#1627,#1628,#1629,
#1630,#1631,#1632,#1633,#1634,#1635));
#272=EDGE_LOOP('',(#1636,#1637));
#273=EDGE_LOOP('',(#1638,#1639,#1640,#1641));
#274=EDGE_LOOP('',(#1642,#1643,#1644,#1645,#1646));
#275=EDGE_LOOP('',(#1647,#1648,#1649,#1650));
#276=EDGE_LOOP('',(#1651,#1652,#1653,#1654));
#277=EDGE_LOOP('',(#1655,#1656,#1657,#1658,#1659));
#278=EDGE_LOOP('',(#1660,#1661,#1662,#1663,#1664,#1665,#1666,#1667,#1668,
#1669,#1670,#1671,#1672,#1673,#1674,#1675,#1676,#1677));
#279=EDGE_LOOP('',(#1678,#1679,#1680,#1681,#1682));
#280=EDGE_LOOP('',(#1683,#1684,#1685,#1686));
#281=EDGE_LOOP('',(#1687,#1688,#1689,#1690,#1691,#1692,#1693,#1694,#1695,
#1696,#1697,#1698,#1699,#1700,#1701,#1702,#1703,#1704));
#282=EDGE_LOOP('',(#1705,#1706,#1707,#1708));
#283=EDGE_LOOP('',(#1709,#1710,#1711,#1712,#1713));
#284=EDGE_LOOP('',(#1714,#1715,#1716,#1717));
#285=EDGE_LOOP('',(#1718,#1719,#1720,#1721,#1722,#1723));
#286=EDGE_LOOP('',(#1724,#1725,#1726,#1727,#1728,#1729,#1730,#1731,#1732,
#1733));
#287=EDGE_LOOP('',(#1734,#1735,#1736,#1737));
#288=CIRCLE('',#1911,39.81);
#289=CIRCLE('',#1919,36.368);
#290=CIRCLE('',#1928,40.31025);
#291=CIRCLE('',#1931,36.9525);
#292=CIRCLE('',#1933,55.);
#293=CIRCLE('',#1934,55.);
#294=CIRCLE('',#1935,55.);
#295=CIRCLE('',#1936,55.);
#296=CIRCLE('',#1938,60.);
#297=CIRCLE('',#1940,60.);
#298=CIRCLE('',#1942,40.);
#299=CIRCLE('',#1943,40.);
#300=CIRCLE('',#1946,60.);
#301=CIRCLE('',#1947,60.);
#302=CIRCLE('',#1948,60.);
#303=CIRCLE('',#1950,6.);
#304=CIRCLE('',#1952,6.);
#305=CIRCLE('',#1958,60.);
#306=CIRCLE('',#1960,3.5);
#307=CIRCLE('',#1963,3.5);
#308=CIRCLE('',#1965,50.);
#309=CIRCLE('',#1969,49.);
#310=CIRCLE('',#1971,50.);
#311=CIRCLE('',#1972,50.);
#312=CIRCLE('',#1975,40.);
#313=CIRCLE('',#1976,40.);
#314=CIRCLE('',#1978,35.);
#315=CIRCLE('',#1980,22.5);
#316=CIRCLE('',#1984,40.31025);
#317=CIRCLE('',#1985,36.9525);
#318=CIRCLE('',#1986,36.9525);
#319=CIRCLE('',#1987,25.);
#320=CIRCLE('',#2010,50.);
#321=CIRCLE('',#2012,15.);
#322=CIRCLE('',#2014,15.);
#323=CIRCLE('',#2015,15.);
#324=CIRCLE('',#2018,39.81);
#325=CIRCLE('',#2019,39.81);
#326=CIRCLE('',#2021,39.81);
#327=CIRCLE('',#2022,39.81);
#328=CIRCLE('',#2023,36.368);
#329=CIRCLE('',#2026,39.81);
#330=CIRCLE('',#2028,7.5);
#331=CIRCLE('',#2030,50.);
#332=B_SPLINE_CURVE_WITH_KNOTS('',3,(#2353,#2354,#2355,#2356,#2357,#2358,
#2359,#2360,#2361,#2362,#2363,#2364,#2365,#2366,#2367,#2368),
 .UNSPECIFIED.,.F.,.F.,(4,3,3,3,3,4),(-4.09293042013064,-3.92702819539359,
-3.4361496709694,-2.9452711465452,-2.454392622121,-2.08103247056473),
 .UNSPECIFIED.);
#333=B_SPLINE_CURVE_WITH_KNOTS('',3,(#2371,#2372,#2373,#2374,#2375,#2376,
#2377,#2378,#2379,#2380),.UNSPECIFIED.,.F.,.F.,(4,3,3,4),(0.,0.490878524424198,
0.981757048848399,1.12969470402388),.UNSPECIFIED.);
#334=B_SPLINE_CURVE_WITH_KNOTS('',3,(#2385,#2386,#2387,#2388,#2389,#2390,
#2391,#2392,#2393,#2394,#2395,#2396,#2397,#2398,#2399,#2400,#2401,#2402,
#2403,#2404,#2405,#2406,#2407,#2408,#2409,#2410,#2411,#2412,#2413,#2414,
#2415,#2416,#2417,#2418,#2419,#2420,#2421,#2422,#2423,#2424,#2425,#2426,
#2427),.UNSPECIFIED.,.F.,.F.,(4,3,3,3,3,3,3,3,3,3,3,3,3,3,4),(-10.3761157273102,
-10.3084490129082,-9.81757048848399,-9.32669196405979,-8.83581343963559,
-8.34493491521139,-7.85405639078719,-7.36317786636299,-6.87229934193879,
-6.38142081751459,-5.89054229309039,-5.39966376866619,-4.90878524424199,
-4.4179067198178,-4.09293042013064),.UNSPECIFIED.);
#335=B_SPLINE_CURVE_WITH_KNOTS('',3,(#2428,#2429,#2430,#2431,#2432,#2433,
#2434,#2435,#2436,#2437,#2438,#2439,#2440,#2441,#2442,#2443,#2444,#2445,
#2446,#2447,#2448,#2449,#2450,#2451,#2452,#2453,#2454,#2455,#2456,#2457,
#2458,#2459,#2460,#2461,#2462,#2463,#2464,#2465,#2466,#2467,#2468,#2469,
#2470),.UNSPECIFIED.,.F.,.F.,(4,3,3,3,3,3,3,3,3,3,3,3,3,3,4),(1.12969470402388,
1.4726355732726,1.9635140976968,2.454392622121,2.94527114654519,3.4361496709694,
3.9270281953936,4.41790671981779,4.90878524424199,5.39966376866619,5.89054229309039,
6.38142081751459,6.87229934193879,7.36317786636299,7.41288001120347),
 .UNSPECIFIED.);
#336=B_SPLINE_CURVE_WITH_KNOTS('',3,(#2475,#2476,#2477,#2478,#2479,#2480,
#2481,#2482,#2483,#2484,#2485,#2486,#2487,#2488,#2489,#2490,#2491,#2492,
#2493,#2494,#2495,#2496,#2497,#2498,#2499,#2500,#2501,#2502,#2503,#2504,
#2505,#2506,#2507,#2508,#2509,#2510,#2511,#2512,#2513,#2514),
 .UNSPECIFIED.,.F.,.F.,(4,3,3,3,3,3,3,3,3,3,3,3,3,4),(-16.6593010344898,
-16.1989913059986,-15.7081127815744,-15.2172342571502,-14.726355732726,
-14.2354772083018,-13.7445986838776,-13.2537201594534,-12.7628416350292,
-12.271963110605,-11.7810845861808,-11.2902060617566,-10.7993275373324,
-10.3761157273102),.UNSPECIFIED.);
#337=B_SPLINE_CURVE_WITH_KNOTS('',3,(#2515,#2516,#2517,#2518,#2519,#2520,
#2521,#2522,#2523,#2524,#2525,#2526,#2527,#2528,#2529,#2530,#2531,#2532,
#2533,#2534,#2535,#2536,#2537,#2538,#2539,#2540,#2541,#2542,#2543,#2544,
#2545,#2546,#2547,#2548,#2549,#2550,#2551,#2552,#2553,#2554),
 .UNSPECIFIED.,.F.,.F.,(4,3,3,3,3,3,3,3,3,3,3,3,3,4),(7.41288001120347,
7.85405639078719,8.34493491521139,8.83581343963558,9.32669196405979,9.81757048848399,
10.3084490129082,10.7993275373324,11.2902060617566,11.7810845861808,12.271963110605,
12.7628416350292,13.2537201594534,13.6960653183831),.UNSPECIFIED.);
#338=B_SPLINE_CURVE_WITH_KNOTS('',3,(#2559,#2560,#2561,#2562,#2563,#2564,
#2565,#2566,#2567,#2568,#2569,#2570,#2571,#2572,#2573,#2574,#2575,#2576,
#2577,#2578,#2579,#2580,#2581,#2582,#2583,#2584,#2585,#2586,#2587,#2588,
#2589,#2590,#2591,#2592,#2593,#2594,#2595,#2596,#2597,#2598,#2599,#2600,
#2601),.UNSPECIFIED.,.F.,.F.,(4,3,3,3,3,3,3,3,3,3,3,3,3,3,4),(-22.9424863416694,
-22.5804121235132,-22.089533599089,-21.5986550746648,-21.1077765502406,
-20.6168980258164,-20.1260195013922,-19.635140976968,-19.1442624525438,
-18.6533839281196,-18.1625054036954,-17.6716268792712,-17.180748354847,
-16.6898698304228,-16.6593010344898),.UNSPECIFIED.);
#339=B_SPLINE_CURVE_WITH_KNOTS('',3,(#2602,#2603,#2604,#2605,#2606,#2607,
#2608,#2609,#2610,#2611,#2612,#2613,#2614,#2615,#2616,#2617,#2618,#2619,
#2620,#2621,#2622,#2623,#2624,#2625,#2626,#2627,#2628,#2629,#2630,#2631,
#2632,#2633,#2634,#2635,#2636,#2637,#2638,#2639,#2640,#2641,#2642,#2643,
#2644),.UNSPECIFIED.,.F.,.F.,(4,3,3,3,3,3,3,3,3,3,3,3,3,3,4),(13.6960653183831,
13.7445986838776,14.2354772083018,14.726355732726,15.2172342571502,15.7081127815744,
16.1989913059986,16.6898698304228,17.180748354847,17.6716268792712,18.1625054036954,
18.6533839281196,19.1442624525438,19.635140976968,19.9792506255626),
 .UNSPECIFIED.);
#340=B_SPLINE_CURVE_WITH_KNOTS('',3,(#2649,#2650,#2651,#2652,#2653,#2654,
#2655,#2656,#2657,#2658,#2659,#2660,#2661,#2662,#2663,#2664,#2665,#2666,
#2667,#2668,#2669,#2670,#2671,#2672,#2673,#2674,#2675,#2676,#2677,#2678,
#2679,#2680,#2681,#2682,#2683,#2684,#2685,#2686,#2687,#2688,#2689,#2690,
#2691),.UNSPECIFIED.,.F.,.F.,(4,3,3,3,3,3,3,3,3,3,3,3,3,3,4),(-29.225671648849,
-28.9618329410278,-28.4709544166036,-27.9800758921794,-27.4891973677552,
-26.998318843331,-26.5074403189068,-26.0165617944826,-25.5256832700584,
-25.0348047456342,-24.54392622121,-24.0530476967858,-23.5621691723616,-23.0712906479374,
-22.9424863416694),.UNSPECIFIED.);
#341=B_SPLINE_CURVE_WITH_KNOTS('',3,(#2692,#2693,#2694,#2695,#2696,#2697,
#2698,#2699,#2700,#2701,#2702,#2703,#2704,#2705,#2706,#2707,#2708,#2709,
#2710,#2711,#2712,#2713,#2714,#2715,#2716,#2717,#2718,#2719,#2720,#2721,
#2722,#2723,#2724,#2725,#2726,#2727,#2728,#2729,#2730,#2731,#2732,#2733,
#2734),.UNSPECIFIED.,.F.,.F.,(4,3,3,3,3,3,3,3,3,3,3,3,3,3,4),(19.9792506255626,
20.1260195013922,20.6168980258164,21.1077765502406,21.5986550746648,22.089533599089,
22.5804121235132,23.0712906479374,23.5621691723616,24.0530476967858,24.54392622121,
25.0348047456342,25.5256832700584,26.0165617944826,26.2624359327422),
 .UNSPECIFIED.);
#342=B_SPLINE_CURVE_WITH_KNOTS('',3,(#2739,#2740,#2741,#2742,#2743,#2744,
#2745,#2746,#2747,#2748,#2749,#2750,#2751,#2752,#2753,#2754,#2755,#2756,
#2757,#2758,#2759,#2760,#2761,#2762,#2763,#2764,#2765,#2766,#2767,#2768,
#2769,#2770,#2771,#2772,#2773,#2774,#2775,#2776,#2777,#2778,#2779,#2780,
#2781),.UNSPECIFIED.,.F.,.F.,(4,3,3,3,3,3,3,3,3,3,3,3,3,3,4),(-35.5088569560286,
-35.3432537585424,-34.8523752341182,-34.361496709694,-33.8706181852698,
-33.3797396608456,-32.8888611364214,-32.3979826119972,-31.907104087573,
-31.4162255631488,-30.9253470387246,-30.4344685143004,-29.9435899898762,
-29.452711465452,-29.225671648849),.UNSPECIFIED.);
#343=B_SPLINE_CURVE_WITH_KNOTS('',3,(#2782,#2783,#2784,#2785,#2786,#2787,
#2788,#2789,#2790,#2791,#2792,#2793,#2794,#2795,#2796,#2797,#2798,#2799,
#2800,#2801,#2802,#2803,#2804,#2805,#2806,#2807,#2808,#2809,#2810,#2811,
#2812,#2813,#2814,#2815,#2816,#2817,#2818,#2819,#2820,#2821,#2822,#2823,
#2824),.UNSPECIFIED.,.F.,.F.,(4,3,3,3,3,3,3,3,3,3,3,3,3,3,4),(26.2624359327422,
26.5074403189068,26.998318843331,27.4891973677552,27.9800758921794,28.4709544166036,
28.9618329410278,29.452711465452,29.9435899898762,30.4344685143004,30.9253470387246,
31.4162255631488,31.907104087573,32.3979826119972,32.5456212399218),
 .UNSPECIFIED.);
#344=B_SPLINE_CURVE_WITH_KNOTS('',3,(#2829,#2830,#2831,#2832,#2833,#2834,
#2835,#2836,#2837,#2838,#2839,#2840,#2841,#2842,#2843,#2844,#2845,#2846,
#2847,#2848,#2849,#2850,#2851,#2852,#2853,#2854,#2855,#2856,#2857,#2858,
#2859,#2860,#2861,#2862,#2863,#2864,#2865,#2866,#2867,#2868,#2869,#2870,
#2871),.UNSPECIFIED.,.F.,.F.,(4,3,3,3,3,3,3,3,3,3,3,3,3,3,4),(-41.7920422632082,
-41.724674576057,-41.2337960516328,-40.7429175272085,-40.2520390027844,
-39.7611604783602,-39.2702819539359,-38.7794034295117,-38.2885249050875,
-37.7976463806634,-37.3067678562392,-36.815889331815,-36.3250108073908,
-35.8341322829666,-35.5088569560286),.UNSPECIFIED.);
#345=B_SPLINE_CURVE_WITH_KNOTS('',3,(#2872,#2873,#2874,#2875,#2876,#2877,
#2878,#2879,#2880,#2881,#2882,#2883,#2884,#2885,#2886,#2887,#2888,#2889,
#2890,#2891,#2892,#2893,#2894,#2895,#2896,#2897,#2898,#2899,#2900,#2901,
#2902,#2903,#2904,#2905,#2906,#2907,#2908,#2909,#2910,#2911,#2912,#2913,
#2914),.UNSPECIFIED.,.F.,.F.,(4,3,3,3,3,3,3,3,3,3,3,3,3,3,4),(32.5456212399218,
32.8888611364214,33.3797396608456,33.8706181852697,34.361496709694,34.8523752341182,
35.3432537585424,35.8341322829666,36.3250108073907,36.8158893318149,37.3067678562391,
37.7976463806633,38.2885249050875,38.7794034295117,38.8288065471014),
 .UNSPECIFIED.);
#346=B_SPLINE_CURVE_WITH_KNOTS('',3,(#2920,#2921,#2922,#2923,#2924,#2925,
#2926,#2927),.UNSPECIFIED.,.F.,.F.,(4,1,1,1,1,4),(53.4070751110265,53.8305859482995,
54.3214644727237,54.8123429971479,55.3032215215721,55.6765816731283),
 .UNSPECIFIED.);
#347=B_SPLINE_CURVE_WITH_KNOTS('',3,(#2930,#2931,#2932,#2933,#2934,#2935),
 .UNSPECIFIED.,.F.,.F.,(4,1,1,4),(53.4070751110265,53.4559075037718,53.946786028196,
54.4376645526202),.UNSPECIFIED.);
#348=B_SPLINE_CURVE_WITH_KNOTS('',3,(#2940,#2941,#2942,#2943,#2944,#2945,
#2946,#2947,#2948,#2949,#2950,#2951,#2952,#2953,#2954,#2955,#2956),
 .UNSPECIFIED.,.F.,.F.,(4,1,1,1,1,1,1,1,1,1,1,1,1,1,4),(47.1238898038469,
47.4491651307849,47.9400436552091,48.4309221796333,48.9218007040575,49.4126792284817,
49.9035577529059,50.3944362773301,50.8853148017543,51.3761933261785,51.8670718506027,
52.3579503750269,52.8488288994511,53.3397074238753,53.4070751110265),
 .UNSPECIFIED.);
#349=B_SPLINE_CURVE_WITH_KNOTS('',3,(#2957,#2958,#2959,#2960,#2961,#2962,
#2963,#2964,#2965,#2966,#2967,#2968,#2969,#2970,#2971,#2972),
 .UNSPECIFIED.,.F.,.F.,(4,1,1,1,1,1,1,1,1,1,1,1,1,4),(47.1238898038469,
47.5653652106814,48.0562437351056,48.5471222595298,49.038000783954,49.5288793083782,
50.0197578328024,50.5106363572266,51.0015148816508,51.492393406075,51.9832719304992,
52.4741504549234,52.9650289793476,53.4070751110265),.UNSPECIFIED.);
#350=B_SPLINE_CURVE_WITH_KNOTS('',3,(#2977,#2978,#2979,#2980,#2981,#2982,
#2983,#2984,#2985,#2986,#2987,#2988,#2989,#2990,#2991,#2992,#2993),
 .UNSPECIFIED.,.F.,.F.,(4,1,1,1,1,1,1,1,1,1,1,1,1,1,4),(40.8407044966673,
41.0677443132703,41.5586228376945,42.0495013621187,42.5403798865429,43.0312584109671,
43.5221369353913,44.0130154598155,44.5038939842397,44.9947725086639,45.4856510330881,
45.9765295575123,46.4674080819365,46.9582866063607,47.1238898038469),
 .UNSPECIFIED.);
#351=B_SPLINE_CURVE_WITH_KNOTS('',3,(#2994,#2995,#2996,#2997,#2998,#2999,
#3000,#3001,#3002,#3003,#3004,#3005,#3006,#3007,#3008,#3009,#3010),
 .UNSPECIFIED.,.F.,.F.,(4,1,1,1,1,1,1,1,1,1,1,1,1,1,4),(40.8407044966673,
41.1839443931668,41.674822917591,42.1657014420152,42.6565799664394,43.1474584908636,
43.6383370152878,44.129215539712,44.6200940641362,45.1109725885604,45.6018511129846,
46.0927296374088,46.583608161833,47.0744866862572,47.1238898038469),
 .UNSPECIFIED.);
#352=B_SPLINE_CURVE_WITH_KNOTS('',3,(#3015,#3016,#3017,#3018,#3019,#3020,
#3021,#3022,#3023,#3024,#3025,#3026,#3027,#3028,#3029,#3030,#3031),
 .UNSPECIFIED.,.F.,.F.,(4,1,1,1,1,1,1,1,1,1,1,1,1,1,4),(34.5575191894877,
34.6863234957557,35.1772020201799,35.6680805446041,36.1589590690283,36.6498375934525,
37.1407161178767,37.6315946423009,38.1224731667251,38.6133516911493,39.1042302155735,
39.5951087399977,40.0859872644219,40.5768657888461,40.8407044966673),
 .UNSPECIFIED.);
#353=B_SPLINE_CURVE_WITH_KNOTS('',3,(#3032,#3033,#3034,#3035,#3036,#3037,
#3038,#3039,#3040,#3041,#3042,#3043,#3044,#3045,#3046,#3047,#3048),
 .UNSPECIFIED.,.F.,.F.,(4,1,1,1,1,1,1,1,1,1,1,1,1,1,4),(34.5575191894877,
34.8025235756522,35.2934021000764,35.7842806245006,36.2751591489248,36.766037673349,
37.2569161977732,37.7477947221974,38.2386732466216,38.7295517710458,39.22043029547,
39.7113088198942,40.2021873443184,40.6930658687426,40.8407044966673),
 .UNSPECIFIED.);
#354=B_SPLINE_CURVE_WITH_KNOTS('',3,(#3053,#3054,#3055,#3056,#3057,#3058,
#3059,#3060,#3061,#3062,#3063,#3064,#3065,#3066,#3067,#3068,#3069),
 .UNSPECIFIED.,.F.,.F.,(4,1,1,1,1,1,1,1,1,1,1,1,1,1,4),(28.2743338823081,
28.3049026782411,28.7957812026653,29.2866597270895,29.7775382515137,30.2684167759379,
30.7592953003621,31.2501738247863,31.7410523492105,32.2319308736347,32.7228093980589,
33.2136879224831,33.7045664469073,34.1954449713315,34.5575191894877),
 .UNSPECIFIED.);
#355=B_SPLINE_CURVE_WITH_KNOTS('',3,(#3070,#3071,#3072,#3073,#3074,#3075,
#3076,#3077,#3078,#3079,#3080,#3081,#3082,#3083,#3084,#3085,#3086),
 .UNSPECIFIED.,.F.,.F.,(4,1,1,1,1,1,1,1,1,1,1,1,1,1,4),(28.2743338823081,
28.4211027581376,28.9119812825618,29.402859806986,29.8937383314102,30.3846168558344,
30.8754953802586,31.3663739046828,31.857252429107,32.3481309535312,32.8390094779554,
33.3298880023796,33.8207665268038,34.311645051228,34.5575191894877),
 .UNSPECIFIED.);
#356=B_SPLINE_CURVE_WITH_KNOTS('',3,(#3091,#3092,#3093,#3094,#3095,#3096,
#3097,#3098,#3099,#3100,#3101,#3102,#3103,#3104,#3105,#3106),
 .UNSPECIFIED.,.F.,.F.,(4,1,1,1,1,1,1,1,1,1,1,1,1,4),(21.9911485751285,
22.4143603851507,22.9052389095749,23.3961174339991,23.8869959584233,24.3778744828475,
24.8687530072717,25.3596315316959,25.8505100561201,26.3413885805443,26.8322671049685,
27.3231456293927,27.8140241538169,28.2743338823081),.UNSPECIFIED.);
#357=B_SPLINE_CURVE_WITH_KNOTS('',3,(#3107,#3108,#3109,#3110,#3111,#3112,
#3113,#3114,#3115,#3116,#3117,#3118,#3119,#3120,#3121,#3122,#3123),
 .UNSPECIFIED.,.F.,.F.,(4,1,1,1,1,1,1,1,1,1,1,1,1,1,4),(21.9911485751285,
22.0396819406231,22.5305604650473,23.0214389894715,23.5123175138957,24.0031960383199,
24.4940745627441,24.9849530871683,25.4758316115925,25.9667101360167,26.4575886604409,
26.9484671848651,27.4393457092892,27.9302242337134,28.2743338823081),
 .UNSPECIFIED.);
#358=B_SPLINE_CURVE_WITH_KNOTS('',3,(#3128,#3129,#3130,#3131,#3132,#3133,
#3134,#3135,#3136,#3137,#3138,#3139,#3140,#3141,#3142,#3143,#3144),
 .UNSPECIFIED.,.F.,.F.,(4,1,1,1,1,1,1,1,1,1,1,1,1,1,4),(15.7079632679489,
16.0329395676361,16.5238180920603,17.0146966164845,17.5055751409087,17.9964536653329,
18.4873321897571,18.9782107141813,19.4690892386055,19.9599677630297,20.4508462874539,
20.9417248118781,21.4326033363023,21.9234818607265,21.9911485751285),
 .UNSPECIFIED.);
#359=B_SPLINE_CURVE_WITH_KNOTS('',3,(#3145,#3146,#3147,#3148,#3149,#3150,
#3151,#3152,#3153,#3154,#3155,#3156,#3157,#3158,#3159,#3160),
 .UNSPECIFIED.,.F.,.F.,(4,1,1,1,1,1,1,1,1,1,1,1,1,4),(15.7079632679489,
16.1491396475327,16.6400181719569,17.1308966963811,17.6217752208053,18.1126537452295,
18.6035322696537,19.0944107940779,19.5852893185021,20.0761678429263,20.5670463673505,
21.0579248917747,21.5488034161989,21.9911485751285),.UNSPECIFIED.);
#360=B_SPLINE_CURVE_WITH_KNOTS('',3,(#3166,#3167,#3168,#3169,#3170,#3171,
#3172,#3173,#3174,#3175),.UNSPECIFIED.,.F.,.F.,(4,1,1,1,1,1,1,4),(21.9911485751286,
22.2003330552704,22.671019366095,23.1417056769196,23.6123919877442,24.0830782985688,
24.5537646093934,25.024450920218),.UNSPECIFIED.);
#361=B_SPLINE_CURVE_WITH_KNOTS('',3,(#3177,#3178,#3179,#3180,#3181,#3182),
 .UNSPECIFIED.,.F.,.F.,(4,2,4),(6.4240184934498,6.56696344279913,6.61640877656531),
 .UNSPECIFIED.);
#362=B_SPLINE_CURVE_WITH_KNOTS('',3,(#3183,#3184,#3185,#3186,#3187,#3188,
#3189,#3190,#3191,#3192),.UNSPECIFIED.,.F.,.F.,(4,1,1,1,1,1,1,4),(21.9911485751286,
22.2379072106927,22.7278386159385,23.2177700211843,23.7077014264301,24.1976328316759,
24.6875642369217,25.0731905163048),.UNSPECIFIED.);
#363=B_SPLINE_CURVE_WITH_KNOTS('',3,(#3198,#3199,#3200,#3201,#3202,#3203),
 .UNSPECIFIED.,.F.,.F.,(4,1,1,4),(14.3990047267599,14.8889361320057,15.3788675372515,
15.707963267949),.UNSPECIFIED.);
#364=B_SPLINE_CURVE_WITH_KNOTS('',3,(#3206,#3207,#3208,#3209,#3210,#3211,
#3212,#3213),.UNSPECIFIED.,.F.,.F.,(4,1,1,1,1,4),(13.8753291555482,14.1986657712521,
14.6693520820767,15.1400383929013,15.6107247037259,15.707963267949),
 .UNSPECIFIED.);
#365=B_SPLINE_CURVE_WITH_KNOTS('',3,(#3219,#3220,#3221,#3222,#3223,#3224,
#3225,#3226),.UNSPECIFIED.,.F.,.F.,(4,2,2,4),(2.28910308414942,2.57508660634206,
2.86107012853469,2.93711103291732),.UNSPECIFIED.);
#366=B_SPLINE_CURVE_WITH_KNOTS('',3,(#3228,#3229,#3230,#3231,#3232,#3233,
#3234,#3235,#3236,#3237,#3238,#3239,#3240,#3241,#3242,#3243,#3244,#3245,
#3246,#3247,#3248,#3249,#3250,#3251,#3252,#3253,#3254,#3255),
 .UNSPECIFIED.,.F.,.F.,(4,3,3,3,3,3,3,3,3,4),(14.0520733967174,14.3502887623581,
14.6485041279988,14.9467194936395,15.2449348592802,15.5431502249209,15.8413655905616,
16.1395809562023,16.437796321843,16.7360116874837),.UNSPECIFIED.);
#367=B_SPLINE_CURVE_WITH_KNOTS('',3,(#3257,#3258,#3259,#3260),
 .UNSPECIFIED.,.F.,.F.,(4,4),(5.77457461938584,6.02527755228144),
 .UNSPECIFIED.);
#368=B_SPLINE_CURVE_WITH_KNOTS('',3,(#3261,#3262,#3263,#3264,#3265,#3266,
#3267,#3268,#3269,#3270,#3271,#3272,#3273,#3274,#3275,#3276,#3277,#3278,
#3279,#3280,#3281,#3282),.UNSPECIFIED.,.F.,.F.,(4,3,3,3,3,3,3,4),(-13.062305446331,
-12.7085303922643,-12.2378440814397,-11.7671577706151,-11.2964714597905,
-10.8257851489659,-10.3550988381413,-10.1459143579995),.UNSPECIFIED.);
#369=B_SPLINE_CURVE_WITH_KNOTS('',3,(#3288,#3289,#3290,#3291,#3292,#3293,
#3294,#3295,#3296,#3297,#3298,#3299,#3300,#3301,#3302,#3303,#3304,#3305,
#3306,#3307,#3308,#3309,#3310,#3311,#3312,#3313,#3314,#3315),
 .UNSPECIFIED.,.F.,.F.,(4,3,3,3,3,3,3,3,3,4),(-3.8627290508199,-3.76549048659684,
-3.29480417577224,-2.82411786494763,-2.35343155412303,-1.88274524329842,
-1.41205893247382,-0.94137262164921,-0.470686310824606,0.),
 .UNSPECIFIED.);
#370=B_SPLINE_CURVE_WITH_KNOTS('',3,(#3318,#3319,#3320,#3321,#3322,#3323,
#3324,#3325,#3326,#3327,#3328,#3329,#3330,#3331,#3332,#3333,#3334,#3335,
#3336,#3337,#3338,#3339,#3340,#3341,#3342,#3343,#3344,#3345,#3346,#3347,
#3348,#3349,#3350,#3351,#3352,#3353,#3354),.UNSPECIFIED.,.F.,.F.,(4,3,3,
3,3,3,3,3,3,3,3,3,4),(2.03009493841914,2.44965702622899,2.93958843147478,
3.42951983672058,3.91945124196638,4.40938264721217,4.89931405245797,5.38924545770377,
5.87917686294957,6.36910826819537,6.85903967344116,7.34897107868696,7.59214384836861),
 .UNSPECIFIED.);
#371=B_SPLINE_CURVE_WITH_KNOTS('',3,(#3390,#3391,#3392,#3393,#3394,#3395,
#3396,#3397,#3398,#3399,#3400,#3401,#3402,#3403,#3404,#3405,#3406,#3407),
 .UNSPECIFIED.,.F.,.F.,(4,2,2,2,2,2,2,2,4),(-1.48415240173978,-1.29788558014148,
-1.11161875854317,-0.925917268377781,-0.740215778212392,-0.554996596286034,
-0.369777414359675,-0.184888707179837,0.),.UNSPECIFIED.);
#372=B_SPLINE_CURVE_WITH_KNOTS('',3,(#3419,#3420,#3421,#3422,#3423,#3424,
#3425,#3426,#3427,#3428),.UNSPECIFIED.,.F.,.F.,(4,2,2,2,4),(-0.907026427031537,
-0.679725911189483,-0.452425395347428,-0.226212697673714,0.),
 .UNSPECIFIED.);
#373=B_SPLINE_CURVE_WITH_KNOTS('',3,(#3432,#3433,#3434,#3435,#3436,#3437,
#3438,#3439,#3440,#3441),.UNSPECIFIED.,.F.,.F.,(4,2,2,2,4),(1.81143968168358,
2.03798507753145,2.26453047337932,2.49149841336064,2.71846635334195),
 .UNSPECIFIED.);
#374=B_SPLINE_CURVE_WITH_KNOTS('',3,(#3486,#3487,#3488,#3489,#3490,#3491,
#3492,#3493,#3494,#3495),.UNSPECIFIED.,.F.,.F.,(4,2,2,2,4),(-0.527903665443041,
-0.395846501585807,-0.263789337728573,-0.131894668864287,0.),
 .UNSPECIFIED.);
#375=B_SPLINE_CURVE_WITH_KNOTS('',3,(#3514,#3515,#3516,#3517,#3518,#3519,
#3520,#3521,#3522,#3523),.UNSPECIFIED.,.F.,.F.,(4,2,2,2,4),(1.05533208020736,
1.18722674907165,1.31912141793593,1.45117858179317,1.5832357456504),
 .UNSPECIFIED.);
#376=B_SPLINE_CURVE_WITH_KNOTS('',3,(#3542,#3543,#3544,#3545,#3546,#3547,
#3548,#3549,#3550,#3551,#3552,#3553,#3554,#3555,#3556,#3557,#3558,#3559,
#3560,#3561,#3562,#3563,#3564,#3565,#3566,#3567,#3568,#3569,#3570,#3571,
#3572,#3573,#3574,#3575,#3576,#3577,#3578,#3579,#3580,#3581,#3582,#3583,
#3584,#3585,#3586,#3587,#3588,#3589,#3590,#3591,#3592,#3593,#3594,#3595,
#3596,#3597,#3598,#3599,#3600,#3601,#3602,#3603,#3604,#3605,#3606,#3607,
#3608,#3609,#3610,#3611,#3612,#3613,#3614,#3615,#3616,#3617,#3618,#3619,
#3620,#3621,#3622,#3623,#3624,#3625,#3626,#3627,#3628,#3629,#3630,#3631,
#3632,#3633,#3634,#3635,#3636,#3637,#3638,#3639,#3640,#3641,#3642,#3643,
#3644,#3645,#3646,#3647,#3648,#3649,#3650,#3651,#3652,#3653,#3654,#3655,
#3656,#3657,#3658,#3659,#3660,#3661,#3662,#3663,#3664,#3665,#3666,#3667,
#3668,#3669,#3670,#3671,#3672,#3673,#3674,#3675,#3676,#3677,#3678,#3679,
#3680,#3681,#3682,#3683,#3684,#3685,#3686,#3687,#3688,#3689,#3690,#3691,
#3692,#3693,#3694,#3695),.UNSPECIFIED.,.F.,.F.,(4,3,3,3,3,3,3,3,3,3,3,3,
3,3,3,3,3,3,3,3,3,3,3,3,3,3,3,3,3,3,3,3,3,3,3,3,3,3,3,3,3,3,3,3,3,3,3,3,
3,3,3,4),(0.,0.207903973393639,0.427287771134139,0.639160943090209,0.851136445263725,
1.06242578629412,1.27231544018222,1.44498016896608,1.50972944226002,1.55048556916689,
1.57237142029827,1.78142808353569,1.96297435531764,2.17102981251308,2.38564447058128,
2.59491437407839,2.8031826259926,3.00976656509459,3.06465284709234,3.08935390147865,
3.10904971618874,3.31567614113001,3.52239729407465,3.72811161788793,3.88794707705872,
4.09478974465171,4.30467015619748,4.48831551630002,4.56866036134489,4.60628839761979,
4.62190490997233,4.82526745426593,5.0294885183947,5.23352326958535,5.43669727614908,
5.63762416436387,5.77383303701787,5.97781583416287,6.08024847844599,6.09887600763181,
6.30061596641861,6.50282519405124,6.70470707147337,6.9055090343218,6.96888577123548,
6.99025962844532,7.01163962031428,7.21192585603565,7.41433199936421,7.61673814269278,
7.81725706457879,7.87806746877959),.UNSPECIFIED.);
#377=B_SPLINE_CURVE_WITH_KNOTS('',3,(#3696,#3697,#3698,#3699,#3700,#3701,
#3702,#3703,#3704,#3705,#3706,#3707,#3708,#3709,#3710,#3711,#3712,#3713,
#3714,#3715,#3716,#3717,#3718,#3719,#3720,#3721,#3722,#3723,#3724,#3725,
#3726,#3727,#3728,#3729,#3730,#3731,#3732,#3733,#3734,#3735,#3736,#3737,
#3738,#3739,#3740,#3741,#3742,#3743,#3744,#3745,#3746,#3747,#3748,#3749,
#3750,#3751,#3752,#3753,#3754,#3755,#3756,#3757,#3758,#3759,#3760,#3761,
#3762,#3763,#3764,#3765,#3766,#3767,#3768,#3769,#3770,#3771,#3772,#3773,
#3774,#3775,#3776,#3777,#3778,#3779,#3780,#3781,#3782,#3783,#3784,#3785,
#3786,#3787,#3788,#3789,#3790,#3791,#3792,#3793,#3794,#3795,#3796,#3797,
#3798,#3799,#3800,#3801,#3802,#3803,#3804,#3805,#3806,#3807,#3808,#3809,
#3810,#3811,#3812,#3813,#3814,#3815,#3816,#3817,#3818,#3819,#3820,#3821,
#3822,#3823,#3824,#3825,#3826,#3827,#3828,#3829,#3830,#3831,#3832,#3833,
#3834,#3835,#3836,#3837,#3838,#3839,#3840,#3841,#3842,#3843,#3844,#3845,
#3846),.UNSPECIFIED.,.F.,.F.,(4,3,3,3,3,3,3,3,3,3,3,3,3,3,3,3,3,3,3,3,3,
3,3,3,3,3,3,3,3,3,3,3,3,3,3,3,3,3,3,3,3,3,3,3,3,3,3,3,3,3,4),(0.,0.194385595241054,
0.392389533834695,0.592020949756415,0.792664698738329,0.993593813837932,
1.193432715604,1.33610212166603,1.44310417621255,1.46532084882172,1.66809998813587,
1.76411033985211,1.96345208995972,2.16564857679416,2.36880041742419,2.57216869714566,
2.77496890710354,2.87370575347038,2.91831583452875,2.93487916976178,3.13943054188148,
3.35214710995988,3.56486367803828,3.76880589127759,3.97446646468901,4.18023011673772,
4.33292000237779,4.39972182734533,4.42825525583895,4.44823210800114,4.65402164760054,
4.86198294966982,5.07045591689688,5.27856829053216,5.40174920185829,5.60946944398744,
5.81718487696322,5.90806037889013,5.95641420871502,5.97774063961762,6.18642544444466,
6.39630051350701,6.61502361207867,6.77906593600743,6.90879811248297,6.930328885656,
7.14212443328113,7.27119290779368,7.48122351853184,7.69269014682413,7.86370642538043),
 .UNSPECIFIED.);
#378=B_SPLINE_CURVE_WITH_KNOTS('',3,(#3856,#3857,#3858,#3859,#3860,#3861,
#3862,#3863,#3864,#3865,#3866,#3867,#3868,#3869,#3870,#3871,#3872,#3873),
 .UNSPECIFIED.,.F.,.F.,(4,2,2,2,2,2,2,2,4),(0.,0.184888707179837,0.369777414359675,
0.554996596286034,0.740215778212393,0.925917268377781,1.11161875854317,
1.29788558014148,1.48415240173978),.UNSPECIFIED.);
#379=B_SPLINE_CURVE_WITH_KNOTS('',3,(#3889,#3890,#3891,#3892,#3893,#3894,
#3895,#3896,#3897,#3898,#3899,#3900,#3901,#3902,#3903,#3904,#3905,#3906,
#3907,#3908,#3909,#3910,#3911,#3912,#3913,#3914,#3915,#3916,#3917,#3918,
#3919,#3920,#3921,#3922,#3923,#3924,#3925,#3926),.UNSPECIFIED.,.F.,.F.,
(4,2,2,2,2,2,2,2,2,2,2,2,2,2,2,2,2,2,4),(0.,0.284457940491937,0.568915880983874,
1.13783176196775,1.70657815990575,1.99095135887475,2.27532455784376,2.55969775681276,
2.84407095578176,3.41281735371976,3.98173323470364,4.26619117519557,4.55064911568751,
4.83510705617945,5.11956499667139,5.68848087765526,6.25722727559326,6.54160047456226,
6.82597367353127),.UNSPECIFIED.);
#380=B_SPLINE_CURVE_WITH_KNOTS('',3,(#3927,#3928,#3929,#3930,#3931,#3932,
#3933,#3934,#3935,#3936,#3937,#3938,#3939,#3940),.UNSPECIFIED.,.F.,.F.,
(4,2,2,2,2,2,4),(6.82597367353127,7.11034687250027,7.39472007146927,7.96346646940727,
8.53238235039115,8.81684029088309,9.10129823137502),.UNSPECIFIED.);
#381=B_SPLINE_CURVE_WITH_KNOTS('',3,(#3943,#3944,#3945,#3946,#3947,#3948,
#3949,#3950),.UNSPECIFIED.,.F.,.F.,(4,2,2,4),(1.71545304693852,1.71713603976416,
2.00311956195679,2.28910308414942),.UNSPECIFIED.);
#382=B_SPLINE_CURVE_WITH_KNOTS('',3,(#3952,#3953,#3954,#3955,#3956,#3957,
#3958,#3959,#3960,#3961,#3962,#3963,#3964,#3965,#3966,#3967,#3968,#3969,
#3970,#3971,#3972,#3973),.UNSPECIFIED.,.F.,.F.,(4,3,3,3,3,3,3,4),(-0.469334651681256,
-0.377336832643865,-0.290311632845088,-0.248805098254465,-0.170225313508956,
-0.0941190796726398,-0.0210742475344574,0.),.UNSPECIFIED.);
#383=B_SPLINE_CURVE_WITH_KNOTS('',3,(#3975,#3976,#3977,#3978),
 .UNSPECIFIED.,.F.,.F.,(4,4),(1.27235018702834,1.34895904917071),
 .UNSPECIFIED.);
#384=B_SPLINE_CURVE_WITH_KNOTS('',3,(#3980,#3981,#3982,#3983,#3984,#3985,
#3986,#3987,#3988,#3989,#3990,#3991,#3992,#3993,#3994,#3995),
 .UNSPECIFIED.,.F.,.F.,(4,3,3,3,3,4),(-0.480750778338047,-0.358899782979498,
-0.243067420229454,-0.134023548836528,-0.0251402768188474,0.),
 .UNSPECIFIED.);
#385=B_SPLINE_CURVE_WITH_KNOTS('',3,(#3997,#3998,#3999,#4000),
 .UNSPECIFIED.,.F.,.F.,(4,4),(0.816663788212074,1.00967900233658),
 .UNSPECIFIED.);
#386=B_SPLINE_CURVE_WITH_KNOTS('',3,(#4002,#4003,#4004,#4005,#4006,#4007,
#4008,#4009,#4010,#4011,#4012,#4013,#4014),.UNSPECIFIED.,.F.,.F.,(4,3,3,
3,4),(-0.38797549892193,-0.284142702062556,-0.193787533072088,-0.0956667241477382,
0.),.UNSPECIFIED.);
#387=B_SPLINE_CURVE_WITH_KNOTS('',3,(#4016,#4017,#4018,#4019,#4020,#4021),
 .UNSPECIFIED.,.F.,.F.,(4,2,4),(0.552822562370661,0.571242689426001,0.604016200648985),
 .UNSPECIFIED.);
#388=B_SPLINE_CURVE_WITH_KNOTS('',3,(#4023,#4024,#4025,#4026,#4027,#4028,
#4029),.UNSPECIFIED.,.F.,.F.,(4,3,4),(-0.433858662049305,-0.217424404346639,
0.),.UNSPECIFIED.);
#389=B_SPLINE_CURVE_WITH_KNOTS('',3,(#4031,#4032,#4033,#4034,#4035,#4036),
 .UNSPECIFIED.,.F.,.F.,(4,2,4),(0.205359205814165,0.286292248844724,0.363665107821204),
 .UNSPECIFIED.);
#390=B_SPLINE_CURVE_WITH_KNOTS('',3,(#4038,#4039,#4040,#4041,#4042,#4043,
#4044,#4045,#4046,#4047,#4048,#4049,#4050),.UNSPECIFIED.,.F.,.F.,(4,3,3,
3,4),(-0.408826290710149,-0.26422134095958,-0.203803534469183,-0.0684459345006899,
0.),.UNSPECIFIED.);
#391=B_SPLINE_CURVE_WITH_KNOTS('',3,(#4052,#4053,#4054,#4055,#4056,#4057,
#4058),.UNSPECIFIED.,.F.,.F.,(4,3,4),(9.0980410272971,9.13649759721619,
9.14789651135119),.UNSPECIFIED.);
#392=B_SPLINE_CURVE_WITH_KNOTS('',3,(#4060,#4061,#4062,#4063,#4064,#4065,
#4066,#4067,#4068,#4069,#4070,#4071,#4072),.UNSPECIFIED.,.F.,.F.,(4,3,3,
3,4),(-0.404988707300186,-0.270056946969731,-0.20303466776414,-0.0582405247485076,
0.),.UNSPECIFIED.);
#393=B_SPLINE_CURVE_WITH_KNOTS('',3,(#4074,#4075,#4076,#4077,#4078,#4079),
 .UNSPECIFIED.,.F.,.F.,(4,2,4),(8.77004868406481,8.87012008775297,8.93043841306037),
 .UNSPECIFIED.);
#394=B_SPLINE_CURVE_WITH_KNOTS('',3,(#4081,#4082,#4083,#4084,#4085,#4086,
#4087,#4088,#4089,#4090),.UNSPECIFIED.,.F.,.F.,(4,3,3,4),(-0.441625022970687,
-0.255345514872827,-0.220161877233135,0.),.UNSPECIFIED.);
#395=B_SPLINE_CURVE_WITH_KNOTS('',3,(#4092,#4093,#4094,#4095),
 .UNSPECIFIED.,.F.,.F.,(4,4),(8.49668367972266,8.54962137227088),
 .UNSPECIFIED.);
#396=B_SPLINE_CURVE_WITH_KNOTS('',3,(#4097,#4098,#4099,#4100,#4101,#4102,
#4103,#4104,#4105,#4106,#4107,#4108,#4109),.UNSPECIFIED.,.F.,.F.,(4,3,3,
3,4),(-0.387611587536802,-0.290701041420219,-0.193790495303635,-0.0932621229660016,
0.),.UNSPECIFIED.);
#397=B_SPLINE_CURVE_WITH_KNOTS('',3,(#4111,#4112,#4113,#4114),
 .UNSPECIFIED.,.F.,.F.,(4,4),(8.09332252010362,8.30067261194974),
 .UNSPECIFIED.);
#398=B_SPLINE_CURVE_WITH_KNOTS('',3,(#4116,#4117,#4118,#4119,#4120,#4121,
#4122,#4123,#4124,#4125,#4126,#4127,#4128,#4129,#4130,#4131,#4132,#4133,
#4134),.UNSPECIFIED.,.F.,.F.,(4,3,3,3,3,3,4),(-0.505680486487856,-0.408195818712205,
-0.310257475842161,-0.248287015114437,-0.138825010950975,-0.0293256019180507,
0.),.UNSPECIFIED.);
#399=B_SPLINE_CURVE_WITH_KNOTS('',3,(#4136,#4137,#4138,#4139),
 .UNSPECIFIED.,.F.,.F.,(4,4),(7.68821204188705,7.77613715612467),
 .UNSPECIFIED.);
#400=B_SPLINE_CURVE_WITH_KNOTS('',3,(#4141,#4142,#4143,#4144,#4145,#4146),
 .UNSPECIFIED.,.F.,.F.,(4,2,4),(-0.591670661991087,-0.24773696630324,0.),
 .UNSPECIFIED.);
#401=B_SPLINE_CURVE_WITH_KNOTS('',3,(#4148,#4149,#4150,#4151,#4152,#4153),
 .UNSPECIFIED.,.F.,.F.,(4,2,4),(6.86730925244827,7.1532927746409,7.20562769671956),
 .UNSPECIFIED.);
#402=B_SPLINE_CURVE_WITH_KNOTS('',3,(#4155,#4156,#4157,#4158),
 .UNSPECIFIED.,.F.,.F.,(4,4),(6.60344494740728,6.86730925244827),
 .UNSPECIFIED.);
#403=B_SPLINE_CURVE_WITH_KNOTS('',3,(#4160,#4161,#4162,#4163,#4164,#4165,
#4166,#4167,#4168,#4169,#4170,#4171,#4172,#4173,#4174,#4175,#4176,#4177,
#4178,#4179,#4180,#4181,#4182,#4183,#4184,#4185,#4186,#4187,#4188,#4189,
#4190,#4191,#4192,#4193),.UNSPECIFIED.,.F.,.F.,(4,3,3,3,3,3,3,3,3,3,3,4),
(-0.597605891563478,-0.519304365480512,-0.443264188190501,-0.367609715253374,
-0.29600472199584,-0.291955242316247,-0.225554522639438,-0.159920509085402,
-0.0946641289599233,-0.0298783372688623,-0.00371738809234248,0.),
 .UNSPECIFIED.);
#404=B_SPLINE_CURVE_WITH_KNOTS('',3,(#4195,#4196,#4197,#4198),
 .UNSPECIFIED.,.F.,.F.,(4,4),(5.9982322230736,6.08540960128916),
 .UNSPECIFIED.);
#405=B_SPLINE_CURVE_WITH_KNOTS('',3,(#4200,#4201,#4202,#4203,#4204,#4205,
#4206,#4207,#4208,#4209,#4210,#4211,#4212,#4213,#4214,#4215,#4216,#4217,
#4218,#4219,#4220,#4221),.UNSPECIFIED.,.F.,.F.,(4,3,3,3,3,3,3,4),(-0.498310070950656,
-0.390218643965624,-0.282144945734028,-0.258526181388893,-0.161723533487731,
-0.0653660578191308,-0.00513937827818103,0.),.UNSPECIFIED.);
#406=B_SPLINE_CURVE_WITH_KNOTS('',3,(#4223,#4224,#4225,#4226),
 .UNSPECIFIED.,.F.,.F.,(4,4),(5.51109775909959,5.72095246723944),
 .UNSPECIFIED.);
#407=B_SPLINE_CURVE_WITH_KNOTS('',3,(#4228,#4229,#4230,#4231,#4232,#4233,
#4234,#4235,#4236,#4237,#4238,#4239,#4240,#4241,#4242,#4243),
 .UNSPECIFIED.,.F.,.F.,(4,3,3,3,3,4),(-0.387788337926176,-0.287429796538157,
-0.199978153308776,-0.102976118463706,-0.00597408361863492,0.),
 .UNSPECIFIED.);
#408=B_SPLINE_CURVE_WITH_KNOTS('',3,(#4245,#4246,#4247,#4248),
 .UNSPECIFIED.,.F.,.F.,(4,4),(5.22428192050942,5.27730249375308),
 .UNSPECIFIED.);
#409=B_SPLINE_CURVE_WITH_KNOTS('',3,(#4250,#4251,#4252,#4253,#4254,#4255,
#4256,#4257,#4258,#4259,#4260,#4261,#4262),.UNSPECIFIED.,.F.,.F.,(4,3,3,
3,4),(-0.439327880221984,-0.227127238711987,-0.0227197813905666,-0.00694387350352135,
0.),.UNSPECIFIED.);
#410=B_SPLINE_CURVE_WITH_KNOTS('',3,(#4264,#4265,#4266,#4267),
 .UNSPECIFIED.,.F.,.F.,(4,4),(4.88098220453442,5.04060678970814),
 .UNSPECIFIED.);
#411=B_SPLINE_CURVE_WITH_KNOTS('',3,(#4269,#4270,#4271,#4272,#4273,#4274,
#4275,#4276,#4277,#4278,#4279,#4280,#4281,#4282,#4283,#4284),
 .UNSPECIFIED.,.F.,.F.,(4,3,3,3,3,4),(-0.404138844213818,-0.269140829700195,
-0.209005641103018,-0.0825735681283141,-0.0075148532482348,0.),
 .UNSPECIFIED.);
#412=B_SPLINE_CURVE_WITH_KNOTS('',3,(#4286,#4287,#4288,#4289),
 .UNSPECIFIED.,.F.,.F.,(4,4),(4.629259728079,4.67846731995865),
 .UNSPECIFIED.);
#413=B_SPLINE_CURVE_WITH_KNOTS('',3,(#4291,#4292,#4293,#4294,#4295,#4296,
#4297,#4298,#4299,#4300,#4301,#4302,#4303,#4304,#4305,#4306),
 .UNSPECIFIED.,.F.,.F.,(4,3,3,3,3,4),(-0.409455383809278,-0.260781899751795,
-0.212348526053334,-0.053442216768115,-0.00714343836083288,0.),
 .UNSPECIFIED.);
#414=B_SPLINE_CURVE_WITH_KNOTS('',3,(#4308,#4309,#4310,#4311,#4312,#4313),
 .UNSPECIFIED.,.F.,.F.,(4,2,4),(4.29097139886292,4.29191391945412,4.4504696943675),
 .UNSPECIFIED.);
#415=B_SPLINE_CURVE_WITH_KNOTS('',3,(#4315,#4316,#4317,#4318,#4319,#4320,
#4321,#4322,#4323,#4324,#4325,#4326,#4327),.UNSPECIFIED.,.F.,.F.,(4,3,3,
3,4),(-0.435531483195255,-0.240250471936705,-0.225245315176319,-0.00803256510605803,
0.),.UNSPECIFIED.);
#416=B_SPLINE_CURVE_WITH_KNOTS('',3,(#4329,#4330,#4331,#4332),
 .UNSPECIFIED.,.F.,.F.,(4,4),(4.03335112510678,4.08453954345834),
 .UNSPECIFIED.);
#417=B_SPLINE_CURVE_WITH_KNOTS('',3,(#4334,#4335,#4336,#4337,#4338,#4339,
#4340,#4341,#4342,#4343,#4344,#4345,#4346,#4347,#4348,#4349),
 .UNSPECIFIED.,.F.,.F.,(4,3,3,3,3,4),(-0.388328651281297,-0.289882357140739,
-0.200630562719241,-0.0960278477313746,-0.00622544371444595,0.),
 .UNSPECIFIED.);
#418=B_SPLINE_CURVE_WITH_KNOTS('',3,(#4351,#4352,#4353,#4354),
 .UNSPECIFIED.,.F.,.F.,(4,4),(3.6464109461556,3.83794236072695),
 .UNSPECIFIED.);
#419=B_SPLINE_CURVE_WITH_KNOTS('',3,(#4356,#4357,#4358,#4359,#4360,#4361,
#4362,#4363,#4364,#4365,#4366,#4367,#4368,#4369,#4370,#4371,#4372,#4373,
#4374),.UNSPECIFIED.,.F.,.F.,(4,3,3,3,3,3,4),(-0.487088195623614,-0.377032326635154,
-0.266795713364009,-0.24795636544467,-0.125268896250531,-0.00705137378108508,
0.),.UNSPECIFIED.);
#420=B_SPLINE_CURVE_WITH_KNOTS('',3,(#4376,#4377,#4378,#4379),
 .UNSPECIFIED.,.F.,.F.,(4,4),(3.28982820881713,3.36751633198555),
 .UNSPECIFIED.);
#421=B_SPLINE_CURVE_WITH_KNOTS('',3,(#4380,#4381,#4382,#4383,#4384,#4385,
#4386,#4387,#4388,#4389,#4390,#4391,#4392,#4393,#4394,#4395,#4396,#4397,
#4398,#4399,#4400,#4401,#4402,#4403,#4404),.UNSPECIFIED.,.F.,.F.,(4,3,3,
3,3,3,3,3,4),(-0.463909596844508,-0.390973655764677,-0.315693465457537,
-0.236630269702835,-0.223201562621456,-0.137191178143953,-0.046494619326076,
-0.00448803920429631,0.),.UNSPECIFIED.);
#422=B_SPLINE_CURVE_WITH_KNOTS('',3,(#4408,#4409,#4410,#4411),
 .UNSPECIFIED.,.F.,.F.,(4,4),(8.90125288396868,8.95028840273982),
 .UNSPECIFIED.);
#423=B_SPLINE_CURVE_WITH_KNOTS('',3,(#4413,#4414,#4415,#4416,#4417,#4418,
#4419,#4420,#4421,#4422,#4423,#4424,#4425,#4426,#4427,#4428),
 .UNSPECIFIED.,.F.,.F.,(4,3,3,3,3,4),(-0.39678222483649,-0.281187074816203,
-0.205703980700182,-0.0819213921037015,-0.00680410233124798,0.),
 .UNSPECIFIED.);
#424=B_SPLINE_CURVE_WITH_KNOTS('',3,(#4430,#4431,#4432,#4433,#4434,#4435),
 .UNSPECIFIED.,.F.,.F.,(4,2,4),(8.56556107339063,8.58382783890825,8.73225303189865),
 .UNSPECIFIED.);
#425=B_SPLINE_CURVE_WITH_KNOTS('',3,(#4437,#4438,#4439,#4440,#4441,#4442,
#4443,#4444,#4445,#4446,#4447,#4448,#4449,#4450,#4451,#4452),
 .UNSPECIFIED.,.F.,.F.,(4,3,3,3,3,4),(-0.455485969532609,-0.301855822902174,
-0.234599134637716,-0.0591646285739311,-0.0077656632350722,0.),
 .UNSPECIFIED.);
#426=B_SPLINE_CURVE_WITH_KNOTS('',3,(#4454,#4455,#4456,#4457),
 .UNSPECIFIED.,.F.,.F.,(4,4),(8.27173876354907,8.33044499850334),
 .UNSPECIFIED.);
#427=B_SPLINE_CURVE_WITH_KNOTS('',3,(#4459,#4460,#4461,#4462,#4463,#4464,
#4465,#4466,#4467,#4468,#4469,#4470,#4471,#4472,#4473,#4474,#4475,#4476,
#4477),.UNSPECIFIED.,.F.,.F.,(4,3,3,3,3,3,4),(-0.393266578439827,-0.297027144336364,
-0.206423017169715,-0.2007877102329,-0.10311563065058,-0.00544355106826008,
0.),.UNSPECIFIED.);
#428=B_SPLINE_CURVE_WITH_KNOTS('',3,(#4479,#4480,#4481,#4482,#4483,#4484),
 .UNSPECIFIED.,.F.,.F.,(4,2,4),(7.7855220177127,8.0112433412188,8.03997773716569),
 .UNSPECIFIED.);
#429=B_SPLINE_CURVE_WITH_KNOTS('',3,(#4486,#4487,#4488,#4489,#4490,#4491,
#4492,#4493,#4494,#4495,#4496,#4497,#4498,#4499,#4500,#4501,#4502,#4503,
#4504,#4505,#4506,#4507,#4508,#4509,#4510,#4511,#4512,#4513,#4514,#4515,
#4516),.UNSPECIFIED.,.F.,.F.,(4,3,3,3,3,3,3,3,3,3,4),(-0.602538151963554,
-0.530660910721525,-0.457933534974614,-0.384677104737379,-0.310589529452489,
-0.285350429659784,-0.201775367925149,-0.117838100510042,-0.0333251761348958,
-0.00573962302121142,0.),.UNSPECIFIED.);
#430=B_SPLINE_CURVE_WITH_KNOTS('',3,(#4518,#4519,#4520,#4521),
 .UNSPECIFIED.,.F.,.F.,(4,4),(7.15665528654825,7.34848822695321),
 .UNSPECIFIED.);
#431=B_SPLINE_CURVE_WITH_KNOTS('',3,(#4523,#4524,#4525,#4526,#4527,#4528,
#4529,#4530,#4531,#4532,#4533,#4534,#4535,#4536,#4537,#4538,#4539,#4540,
#4541,#4542,#4543,#4544,#4545,#4546,#4547,#4548),.UNSPECIFIED.,.F.,.F.,
(4,2,2,2,2,2,2,2,2,2,2,2,4),(-0.315270360745056,-0.30641493052528,-0.290625297871341,
-0.282058667677326,-0.280523458828627,-0.279705868414185,-0.279032519458952,
-0.278250334440745,-0.276913318149869,-0.271992539784369,-0.206190852688972,
-0.00339141762108159,0.),.UNSPECIFIED.);
#432=B_SPLINE_CURVE_WITH_KNOTS('',3,(#4552,#4553,#4554,#4555,#4556,#4557,
#4558,#4559,#4560,#4561,#4562,#4563,#4564,#4565),.UNSPECIFIED.,.F.,.F.,
(4,2,2,2,2,2,4),(0.,0.284457940491937,0.568915880983874,1.13783176196775,
1.70657815990575,1.99095135887475,2.27532455784376),.UNSPECIFIED.);
#433=B_SPLINE_CURVE_WITH_KNOTS('',3,(#4567,#4568,#4569,#4570,#4571,#4572,
#4573,#4574,#4575,#4576,#4577,#4578,#4579,#4580),.UNSPECIFIED.,.F.,.F.,
(4,2,2,2,2,2,4),(6.82597367353127,7.11034687250027,7.39472007146927,7.96346646940727,
8.53238235039115,8.81684029088309,9.10129823137502),.UNSPECIFIED.);
#434=B_SPLINE_CURVE_WITH_KNOTS('',3,(#4581,#4582,#4583,#4584,#4585,#4586,
#4587,#4588,#4589,#4590,#4591,#4592,#4593,#4594,#4595,#4596,#4597,#4598,
#4599,#4600,#4601,#4602,#4603,#4604,#4605,#4606),.UNSPECIFIED.,.F.,.F.,
(4,2,2,2,2,2,2,2,2,2,2,2,4),(2.27532455784376,2.55969775681276,2.84407095578176,
3.41281735371976,3.98173323470364,4.26619117519557,4.55064911568751,4.83510705617945,
5.11956499667139,5.68848087765526,6.25722727559326,6.54160047456226,6.82597367353127),
 .UNSPECIFIED.);
#435=B_SPLINE_CURVE_WITH_KNOTS('',3,(#4607,#4608,#4609,#4610,#4611,#4612),
 .UNSPECIFIED.,.F.,.F.,(4,2,4),(-0.559751559285674,-0.379765129862778,-0.315270360745056),
 .UNSPECIFIED.);
#436=B_SPLINE_CURVE_WITH_KNOTS('',3,(#4613,#4614,#4615,#4616,#4617,#4618),
 .UNSPECIFIED.,.F.,.F.,(4,2,4),(-0.591831445297019,-0.317893288408008,0.),
 .UNSPECIFIED.);
#437=B_SPLINE_CURVE_WITH_KNOTS('',3,(#4620,#4621,#4622,#4623,#4624,#4625,
#4626,#4627,#4628,#4629,#4630,#4631,#4632,#4633,#4634,#4635),
 .UNSPECIFIED.,.F.,.F.,(4,3,3,3,3,4),(-0.394950275235107,-0.297004570999144,
-0.199058866763181,-0.106723918722272,-0.013166270145214,0.),
 .UNSPECIFIED.);
#438=B_SPLINE_CURVE_WITH_KNOTS('',3,(#4637,#4638,#4639,#4640),
 .UNSPECIFIED.,.F.,.F.,(4,4),(5.44421016891827,5.50333075888878),
 .UNSPECIFIED.);
#439=B_SPLINE_CURVE_WITH_KNOTS('',3,(#4642,#4643,#4644,#4645,#4646,#4647,
#4648,#4649,#4650,#4651,#4652,#4653,#4654),.UNSPECIFIED.,.F.,.F.,(4,3,3,
3,4),(-0.451749823562715,-0.267451698386145,-0.226763855853652,-0.0715814561270488,
0.),.UNSPECIFIED.);
#440=B_SPLINE_CURVE_WITH_KNOTS('',3,(#4656,#4657,#4658,#4659,#4660,#4661),
 .UNSPECIFIED.,.F.,.F.,(4,2,4),(5.07831965313062,5.15079066598829,5.24501590193826),
 .UNSPECIFIED.);
#441=B_SPLINE_CURVE_WITH_KNOTS('',3,(#4663,#4664,#4665,#4666,#4667,#4668,
#4669,#4670,#4671,#4672,#4673,#4674,#4675),.UNSPECIFIED.,.F.,.F.,(4,3,3,
3,4),(-0.395762005956137,-0.27635171823322,-0.197289556592019,-0.085385707884708,
0.),.UNSPECIFIED.);
#442=B_SPLINE_CURVE_WITH_KNOTS('',3,(#4677,#4678,#4679,#4680,#4681,#4682),
 .UNSPECIFIED.,.F.,.F.,(4,2,4),(4.82473755943824,4.8538701433211,4.87342989486143),
 .UNSPECIFIED.);
#443=B_SPLINE_CURVE_WITH_KNOTS('',3,(#4684,#4685,#4686,#4687,#4688,#4689,
#4690,#4691,#4692,#4693),.UNSPECIFIED.,.F.,.F.,(4,3,3,4),(-0.418816736704988,
-0.223302501143777,-0.209876527835559,0.),.UNSPECIFIED.);
#444=B_SPLINE_CURVE_WITH_KNOTS('',3,(#4695,#4696,#4697,#4698,#4699,#4700),
 .UNSPECIFIED.,.F.,.F.,(4,2,4),(4.48764347471474,4.57820616829885,4.648747347998),
 .UNSPECIFIED.);
#445=B_SPLINE_CURVE_WITH_KNOTS('',3,(#4702,#4703,#4704,#4705,#4706,#4707,
#4708,#4709,#4710,#4711,#4712,#4713,#4714),.UNSPECIFIED.,.F.,.F.,(4,3,3,
3,4),(-0.424226877953425,-0.241841948845961,-0.211553154008975,-0.0348851426184219,
0.),.UNSPECIFIED.);
#446=B_SPLINE_CURVE_WITH_KNOTS('',3,(#4716,#4717,#4718,#4719,#4720,#4721),
 .UNSPECIFIED.,.F.,.F.,(4,2,4),(4.23461455679867,4.2826274538951,4.28390793158297),
 .UNSPECIFIED.);
#447=B_SPLINE_CURVE_WITH_KNOTS('',3,(#4723,#4724,#4725,#4726,#4727,#4728,
#4729,#4730,#4731,#4732,#4733,#4734,#4735),.UNSPECIFIED.,.F.,.F.,(4,3,3,
3,4),(-0.393246283544109,-0.284435860751412,-0.197137629869104,-0.0807045538264201,
0.),.UNSPECIFIED.);
#448=B_SPLINE_CURVE_WITH_KNOTS('',3,(#4737,#4738,#4739,#4740,#4741,#4742),
 .UNSPECIFIED.,.F.,.F.,(4,2,4),(3.87981547871036,4.0056216706094,4.05227193285431),
 .UNSPECIFIED.);
#449=B_SPLINE_CURVE_WITH_KNOTS('',3,(#4744,#4745,#4746,#4747,#4748,#4749,
#4750,#4751,#4752,#4753,#4754,#4755,#4756),.UNSPECIFIED.,.F.,.F.,(4,3,3,
3,4),(-0.463844980840724,-0.325644271234861,-0.230642830080507,-0.0746480708708622,
0.),.UNSPECIFIED.);
#450=B_SPLINE_CURVE_WITH_KNOTS('',3,(#4758,#4759,#4760,#4761),
 .UNSPECIFIED.,.F.,.F.,(4,4),(3.57914423412883,3.64262934692983),
 .UNSPECIFIED.);
#451=B_SPLINE_CURVE_WITH_KNOTS('',3,(#4763,#4764,#4765,#4766,#4767,#4768,
#4769,#4770,#4771,#4772,#4773,#4774,#4775,#4776,#4777,#4778,#4779,#4780,
#4781),.UNSPECIFIED.,.F.,.F.,(4,3,3,3,3,3,4),(-0.402845210838774,-0.31144903161752,
-0.220428533529503,-0.198568599160707,-0.0992842995803533,-0.00604076967210226,
0.),.UNSPECIFIED.);
#452=B_SPLINE_CURVE_WITH_KNOTS('',3,(#4783,#4784,#4785,#4786),
 .UNSPECIFIED.,.F.,.F.,(4,4),(3.0200823677694,3.30982080500002),
 .UNSPECIFIED.);
#453=B_SPLINE_CURVE_WITH_KNOTS('',3,(#4788,#4789,#4790,#4791,#4792,#4793,
#4794,#4795,#4796,#4797,#4798,#4799,#4800,#4801,#4802,#4803,#4804,#4805,
#4806,#4807,#4808,#4809,#4810,#4811,#4812,#4813,#4814,#4815,#4816,#4817),
 .UNSPECIFIED.,.F.,.F.,(4,2,2,2,2,2,2,2,2,2,2,2,2,2,4),(-0.866093960938672,
-0.857148065865397,-0.835946947445688,-0.832181776236644,-0.831009683917794,
-0.830271504293939,-0.829589334890319,-0.828710967115904,-0.827266223044024,
-0.819384398944779,-0.722324372850605,-0.562332679897183,-0.333703413530028,
-0.00510711902745661,0.),.UNSPECIFIED.);
#454=B_SPLINE_CURVE_WITH_KNOTS('',3,(#4819,#4820,#4821,#4822,#4823,#4824,
#4825,#4826,#4827,#4828),.UNSPECIFIED.,.F.,.F.,(4,2,2,2,4),(-1.64953076399288,
-1.30150658884707,-1.08153105398592,-0.930278937567908,-0.866093960938672),
 .UNSPECIFIED.);
#455=B_SPLINE_CURVE_WITH_KNOTS('',3,(#4830,#4831,#4832,#4833),
 .UNSPECIFIED.,.F.,.F.,(4,4),(1.34586161119302,1.63282918165194),
 .UNSPECIFIED.);
#456=B_SPLINE_CURVE_WITH_KNOTS('',3,(#4835,#4836,#4837,#4838,#4839,#4840,
#4841,#4842,#4843,#4844,#4845,#4846,#4847,#4848,#4849,#4850,#4851,#4852,
#4853),.UNSPECIFIED.,.F.,.F.,(4,3,3,3,3,3,4),(-0.4056061714535,-0.308164840871331,
-0.210723510289161,-0.117515850354909,-0.0245796685252792,-0.00493819908098893,
0.),.UNSPECIFIED.);
#457=B_SPLINE_CURVE_WITH_KNOTS('',3,(#4855,#4856,#4857,#4858),
 .UNSPECIFIED.,.F.,.F.,(4,4),(0.996485294575736,1.06066902625106),
 .UNSPECIFIED.);
#458=B_SPLINE_CURVE_WITH_KNOTS('',3,(#4860,#4861,#4862,#4863,#4864,#4865,
#4866,#4867,#4868,#4869,#4870,#4871,#4872,#4873,#4874,#4875),
 .UNSPECIFIED.,.F.,.F.,(4,3,3,3,3,4),(-0.459343667203591,-0.301446540654081,
-0.237100410343751,-0.0990934707018199,-0.00629830518221835,0.),
 .UNSPECIFIED.);
#459=B_SPLINE_CURVE_WITH_KNOTS('',3,(#4877,#4878,#4879,#4880),
 .UNSPECIFIED.,.F.,.F.,(4,4),(0.6018368322996,0.774612794648294),
 .UNSPECIFIED.);
#460=B_SPLINE_CURVE_WITH_KNOTS('',3,(#4882,#4883,#4884,#4885,#4886,#4887,
#4888,#4889,#4890,#4891,#4892,#4893,#4894,#4895,#4896,#4897),
 .UNSPECIFIED.,.F.,.F.,(4,3,3,3,3,4),(-0.39233594643487,-0.27885629156935,
-0.202518043911681,-0.0958432117102362,-0.00684587633570787,0.),
 .UNSPECIFIED.);
#461=B_SPLINE_CURVE_WITH_KNOTS('',3,(#4899,#4900,#4901,#4902),
 .UNSPECIFIED.,.F.,.F.,(4,4),(0.353995457408445,0.403065425825482),
 .UNSPECIFIED.);
#462=B_SPLINE_CURVE_WITH_KNOTS('',3,(#4904,#4905,#4906,#4907,#4908,#4909,
#4910,#4911,#4912,#4913),.UNSPECIFIED.,.F.,.F.,(4,3,3,4),(-0.423681675244243,
-0.219466830794747,-0.00720475571177019,0.),.UNSPECIFIED.);
#463=B_SPLINE_CURVE_WITH_KNOTS('',3,(#4915,#4916,#4917,#4918),
 .UNSPECIFIED.,.F.,.F.,(4,4),(0.00877015321378815,0.168579477068725),
 .UNSPECIFIED.);
#464=B_SPLINE_CURVE_WITH_KNOTS('',3,(#4919,#4920,#4921,#4922,#4923,#4924,
#4925,#4926,#4927,#4928,#4929,#4930,#4931,#4932,#4933,#4934),
 .UNSPECIFIED.,.F.,.F.,(4,3,3,3,3,4),(-0.418907103485941,-0.25016085642225,
-0.216850543898977,-0.0561187381004394,-0.00792906723620206,0.),
 .UNSPECIFIED.);
#465=B_SPLINE_CURVE_WITH_KNOTS('',3,(#4937,#4938,#4939,#4940,#4941,#4942,
#4943,#4944,#4945,#4946,#4947,#4948,#4949,#4950,#4951,#4952),
 .UNSPECIFIED.,.F.,.F.,(4,3,3,3,3,4),(-1.05422080996113,-0.844237928969811,
-0.632706629434159,-0.421082795335358,-0.210541397667679,0.),
 .UNSPECIFIED.);
#466=B_SPLINE_CURVE_WITH_KNOTS('',3,(#4956,#4957,#4958,#4959,#4960,#4961,
#4962,#4963,#4964,#4965,#4966,#4967,#4968,#4969,#4970,#4971,#4972,#4973,
#4974,#4975,#4976,#4977,#4978,#4979,#4980,#4981,#4982,#4983,#4984,#4985,
#4986,#4987,#4988,#4989,#4990,#4991,#4992,#4993,#4994,#4995,#4996,#4997,
#4998,#4999,#5000,#5001,#5002,#5003,#5004,#5005,#5006,#5007,#5008,#5009,
#5010,#5011,#5012,#5013,#5014,#5015,#5016,#5017,#5018,#5019,#5020,#5021,
#5022,#5023,#5024,#5025,#5026,#5027,#5028,#5029,#5030,#5031,#5032,#5033,
#5034,#5035,#5036,#5037,#5038,#5039,#5040,#5041,#5042,#5043,#5044,#5045,
#5046,#5047,#5048,#5049,#5050,#5051,#5052,#5053,#5054,#5055,#5056,#5057,
#5058,#5059,#5060,#5061,#5062,#5063,#5064,#5065,#5066,#5067,#5068,#5069,
#5070,#5071,#5072,#5073,#5074,#5075,#5076,#5077,#5078,#5079,#5080,#5081,
#5082,#5083,#5084,#5085,#5086,#5087,#5088,#5089,#5090,#5091,#5092,#5093,
#5094,#5095,#5096,#5097,#5098,#5099,#5100,#5101,#5102,#5103,#5104,#5105,
#5106,#5107,#5108,#5109,#5110,#5111,#5112,#5113,#5114,#5115),
 .UNSPECIFIED.,.F.,.F.,(4,3,3,3,3,3,3,3,3,3,3,3,3,3,3,3,3,3,3,3,3,3,3,3,
3,3,3,3,3,3,3,3,3,3,3,3,3,3,3,3,3,3,3,3,3,3,3,3,3,3,3,3,3,4),(-7.86370642538057,
-7.6539345173409,-7.44264532586564,-7.23068947470002,-7.05666254194558,
-6.97915956112605,-6.94184522127262,-6.9168340254172,-6.89596066100495,
-6.68564934646811,-6.47385551301721,-6.26501770698592,-6.05174585982521,
-5.99842789803504,-5.96594704071988,-5.94784629779986,-5.83847401266451,
-5.63271378207125,-5.42483474415397,-5.21655161367124,-5.00886510921554,
-4.83880870912432,-4.63234844260743,-4.43701967404589,-4.42174258723051,
-4.21644325436274,-4.01109009027561,-3.85103336836129,-3.64540154067485,
-3.43928289488506,-3.23417135317767,-3.06799365898939,-2.99529091778202,
-2.95579942598885,-2.93503481830657,-2.91800554129572,-2.71513276076791,
-2.51177163755944,-2.30894266287918,-2.1068462312753,-1.90474979967142,
-1.70131458987626,-1.48880665962378,-1.46658292740185,-1.4434361898669,
-1.24409327818175,-1.04352411310121,-0.842482592536933,-0.632174731366799,
-0.433288127146202,-0.236042191978839,-0.0415995564222095,-0.00125114785639632,
0.),.UNSPECIFIED.);
#467=B_SPLINE_CURVE_WITH_KNOTS('',3,(#5119,#5120,#5121,#5122,#5123,#5124,
#5125,#5126,#5127,#5128,#5129,#5130,#5131,#5132,#5133,#5134,#5135,#5136,
#5137,#5138,#5139,#5140,#5141,#5142,#5143,#5144,#5145,#5146,#5147,#5148,
#5149,#5150,#5151,#5152,#5153,#5154,#5155,#5156,#5157,#5158,#5159,#5160,
#5161,#5162,#5163,#5164,#5165,#5166,#5167,#5168,#5169,#5170,#5171,#5172,
#5173,#5174,#5175,#5176,#5177,#5178,#5179,#5180,#5181,#5182,#5183,#5184,
#5185,#5186,#5187,#5188,#5189,#5190,#5191,#5192,#5193,#5194,#5195,#5196,
#5197,#5198,#5199,#5200,#5201,#5202,#5203,#5204,#5205,#5206,#5207,#5208,
#5209,#5210,#5211,#5212,#5213,#5214,#5215,#5216,#5217,#5218,#5219,#5220,
#5221,#5222,#5223,#5224,#5225,#5226,#5227,#5228,#5229,#5230,#5231,#5232,
#5233,#5234,#5235,#5236,#5237,#5238,#5239,#5240,#5241,#5242,#5243,#5244,
#5245,#5246,#5247,#5248,#5249,#5250,#5251,#5252,#5253,#5254,#5255,#5256,
#5257,#5258,#5259,#5260,#5261,#5262,#5263),.UNSPECIFIED.,.F.,.F.,(4,3,3,
3,3,3,3,3,3,3,3,3,3,3,3,3,3,3,3,3,3,3,3,3,3,3,3,3,3,3,3,3,3,3,3,3,3,3,3,
3,3,3,3,3,3,3,3,3,4),(-7.87806746877959,-7.68168548641591,-7.48251479395661,
-7.28234288952303,-7.08188579695655,-7.02815205476915,-6.99420432754745,
-6.97230447802337,-6.77059706360541,-6.56848384665594,-6.36690199876553,
-6.22214592195806,-6.11648428843636,-6.09773096302319,-6.08007388962017,
-5.88009356879699,-5.67810749496073,-5.47465036349012,-5.27039598924218,
-5.06641508288755,-4.86337378551977,-4.69746678556529,-4.64961216481618,
-4.61190288603349,-4.59596846020935,-4.5315597856108,-4.33079483181067,
-4.12654740586848,-3.92075657294444,-3.71407580017823,-3.5072610107824,
-3.30169898564529,-3.17850898282247,-3.13231273176391,-3.10628695184605,
-3.08653630518176,-2.87806878611312,-2.808938974354,-2.60359450097348,-2.39544983108277,
-2.18633892685572,-1.97699602842955,-1.76819948467152,-1.58970481599392,
-1.56259474748599,-1.54827437771179,-1.33770047668272,-1.12599173000884,
-1.05422080996113),.UNSPECIFIED.);
#468=B_SPLINE_CURVE_WITH_KNOTS('',3,(#5267,#5268,#5269,#5270),
 .UNSPECIFIED.,.F.,.F.,(4,4),(-41.8879020478639,-41.6345206992515),
 .UNSPECIFIED.);
#469=B_SPLINE_CURVE_WITH_KNOTS('',3,(#5272,#5273,#5274,#5275,#5276,#5277,
#5278,#5279,#5280,#5281,#5282,#5283,#5284,#5285,#5286,#5287,#5288,#5289,
#5290,#5291,#5292,#5293,#5294,#5295,#5296,#5297,#5298,#5299),
 .UNSPECIFIED.,.F.,.F.,(4,3,3,3,3,3,3,3,3,4),(36.2231271517046,36.4497778196602,
36.7415724619915,37.0333671043229,37.3251617466543,37.6169563889856,37.908751031317,
38.2005456736483,38.4923403159797,38.7011583319791),.UNSPECIFIED.);
#470=B_SPLINE_CURVE_WITH_KNOTS('',3,(#5300,#5301,#5302,#5303,#5304,#5305,
#5306,#5307,#5308,#5309,#5310,#5311,#5312,#5313,#5314,#5315,#5316,#5317,
#5318,#5319,#5320,#5321,#5322,#5323,#5324),.UNSPECIFIED.,.F.,.F.,(4,3,3,
3,3,3,3,3,4),(-34.934895481253,-34.6654081080832,-34.3951233962069,-34.1248386843306,
-33.8545539724543,-33.3139845487018,-33.0436998368255,-32.7734151249492,
-32.5176011266703),.UNSPECIFIED.);
#471=B_SPLINE_CURVE_WITH_KNOTS('',3,(#5326,#5327,#5328,#5329,#5330,#5331,
#5332,#5333,#5334,#5335,#5336,#5337,#5338),.UNSPECIFIED.,.F.,.F.,(4,3,3,
3,4),(42.3285466977994,42.591746524963,43.0338300120697,43.4759134991764,
43.9179969862831),.UNSPECIFIED.);
#472=B_SPLINE_CURVE_WITH_KNOTS('',3,(#5339,#5340,#5341,#5342,#5343,#5344,
#5345,#5346,#5347,#5348,#5349,#5350,#5351,#5352,#5353,#5354,#5355,#5356,
#5357,#5358,#5359,#5360,#5361,#5362,#5363,#5364,#5365,#5366),
 .UNSPECIFIED.,.F.,.F.,(4,3,3,3,3,3,3,3,3,4),(-41.4685343417157,-41.157475286185,
-40.8464162306542,-40.5353571751235,-40.2242981195927,-39.913239064062,
-39.6021800085313,-39.2911209530005,-38.9800618974698,-38.669002841939),
 .UNSPECIFIED.);
#473=B_SPLINE_CURVE_WITH_KNOTS('',3,(#5368,#5369,#5370,#5371,#5372,#5373,
#5374,#5375,#5376,#5377,#5378,#5379,#5380,#5381,#5382,#5383,#5384,#5385,
#5386,#5387,#5388,#5389,#5390,#5391,#5392),.UNSPECIFIED.,.F.,.F.,(4,3,3,
3,3,3,3,3,4),(17.3136361171691,17.5911686489991,17.868701180829,18.146233712659,
18.423766244489,18.9788313081489,19.2563638399789,19.5338963718088,19.808423722459),
 .UNSPECIFIED.);
#474=B_SPLINE_CURVE_WITH_KNOTS('',3,(#5393,#5394,#5395,#5396,#5397,#5398,
#5399,#5400,#5401,#5402,#5403,#5404,#5405,#5406,#5407,#5408,#5409,#5410,
#5411,#5412,#5413,#5414,#5415,#5416,#5417,#5418,#5419,#5420),
 .UNSPECIFIED.,.F.,.F.,(4,3,3,3,3,3,3,3,3,4),(-16.1122348899146,-15.8789839938718,
-15.5706973083934,-15.2624106229149,-14.9541239374365,-14.645837251958,
-14.3375505664796,-14.0292638810011,-13.7209771955227,-13.5305623800838),
 .UNSPECIFIED.);
#475=B_SPLINE_CURVE_WITH_KNOTS('',3,(#5422,#5423,#5424,#5425,#5426,#5427,
#5428,#5429,#5430,#5431,#5432,#5433,#5434,#5435,#5436,#5437,#5438,#5439,
#5440,#5441,#5442,#5443,#5444,#5445,#5446,#5447,#5448,#5449,#5450,#5451,
#5452,#5453,#5454,#5455,#5456,#5457,#5458,#5459,#5460,#5461),
 .UNSPECIFIED.,.F.,.F.,(4,3,3,3,3,3,3,3,3,3,3,3,3,4),(7.59214384836861,
7.83890248393275,8.32883388917855,8.81876529442435,9.30869669967015,9.79862810491595,
10.2885595101617,10.7784909154075,11.2684223206533,11.7583537258991,12.2482851311449,
12.7382165363907,13.2281479416365,13.7180793468823),.UNSPECIFIED.);
#476=B_SPLINE_CURVE_WITH_KNOTS('',3,(#5462,#5463,#5464,#5465,#5466,#5467,
#5468,#5469,#5470,#5471,#5472,#5473,#5474,#5475,#5476,#5477,#5478,#5479,
#5480,#5481,#5482,#5483,#5484,#5485,#5486,#5487,#5488,#5489,#5490,#5491,
#5492,#5493,#5494,#5495,#5496,#5497,#5498,#5499,#5500,#5501,#5502,#5503,
#5504),.UNSPECIFIED.,.F.,.F.,(4,3,3,3,3,3,3,3,3,3,3,3,3,3,4),(-10.1459143579995,
-9.88441252731671,-9.41372621649211,-8.9430399056675,-8.4723535948429,-8.00166728401829,
-7.53098097319368,-7.06029466236908,-6.58960835154448,-6.11892204071987,
-5.64823572989526,-5.17754941907066,-4.70686310824605,-4.23617679742145,
-3.8627290508199),.UNSPECIFIED.);
#477=B_SPLINE_CURVE_WITH_KNOTS('',3,(#5506,#5507,#5508,#5509,#5510,#5511,
#5512,#5513,#5514,#5515,#5516,#5517,#5518,#5519,#5520,#5521,#5522,#5523,
#5524,#5525,#5526,#5527,#5528,#5529,#5530),.UNSPECIFIED.,.F.,.F.,(4,3,3,
3,3,3,3,3,4),(-38.1544117959571,-37.8716215680913,-37.5888313402254,-37.3060411123596,
-37.0232508844937,-36.4576704287621,-36.1748802008962,-35.8920899730304,
-35.6092997451645),.UNSPECIFIED.);
#478=B_SPLINE_CURVE_WITH_KNOTS('',3,(#5531,#5532,#5533,#5534,#5535,#5536,
#5537,#5538,#5539,#5540,#5541,#5542,#5543,#5544,#5545,#5546,#5547,#5548,
#5549,#5550,#5551,#5552,#5553,#5554,#5555,#5556,#5557,#5558),
 .UNSPECIFIED.,.F.,.F.,(4,3,3,3,3,3,3,3,3,4),(39.299672109988,39.5429899067976,
39.8688240481799,40.1946581895622,40.5204923309446,40.8463264723269,41.1721606137093,
41.4979947550916,41.823828896474,41.9517250916003),.UNSPECIFIED.);
#479=B_SPLINE_CURVE_WITH_KNOTS('',3,(#5560,#5561,#5562,#5563,#5564,#5565,
#5566,#5567,#5568,#5569,#5570,#5571,#5572,#5573,#5574,#5575,#5576,#5577,
#5578,#5579,#5580,#5581),.UNSPECIFIED.,.F.,.F.,(4,3,3,3,3,3,3,4),(23.6994695353425,
24.206084398647,24.4709903496195,24.735896300592,25.2657082025369,25.5306141535094,
25.7955201044819,26.0280095745867),.UNSPECIFIED.);
#480=B_SPLINE_CURVE_WITH_KNOTS('',3,(#5582,#5583,#5584,#5585,#5586,#5587,
#5588,#5589,#5590,#5591,#5592,#5593,#5594,#5595,#5596,#5597,#5598,#5599,
#5600,#5601,#5602,#5603,#5604,#5605,#5606),.UNSPECIFIED.,.F.,.F.,(4,3,3,
3,3,3,3,3,4),(-22.3079570395665,-22.0854773172148,-21.8112726289113,-21.5370679406079,
-20.9886585640011,-20.7144538756976,-20.4402491873942,-20.1660444990908,
-19.9525704967986),.UNSPECIFIED.);
#481=B_SPLINE_CURVE_WITH_KNOTS('',3,(#5608,#5609,#5610,#5611,#5612,#5613,
#5614,#5615,#5616,#5617,#5618,#5619,#5620,#5621,#5622,#5623,#5624,#5625,
#5626,#5627,#5628,#5629,#5630,#5631,#5632),.UNSPECIFIED.,.F.,.F.,(4,3,3,
3,3,3,3,3,4),(-19.1985301723839,-18.9737780988486,-18.6876439915291,-18.4015098842095,
-18.1153757768899,-17.8292416695703,-17.5431075622507,-16.9708393476116,
-16.7599355817797),.UNSPECIFIED.);
#482=B_SPLINE_CURVE_WITH_KNOTS('',3,(#5633,#5634,#5635,#5636,#5637,#5638,
#5639,#5640,#5641,#5642,#5643,#5644,#5645,#5646,#5647,#5648,#5649,#5650,
#5651,#5652,#5653,#5654),.UNSPECIFIED.,.F.,.F.,(4,3,3,3,3,3,3,4),(20.5203158272128,
20.7812255182279,21.3177928548018,21.5860765230887,22.1226438596626,22.3909275279496,
22.6592111962365,22.9080353355872),.UNSPECIFIED.);
#483=B_SPLINE_CURVE_WITH_KNOTS('',3,(#5656,#5657,#5658,#5659,#5660,#5661,
#5662,#5663,#5664,#5665,#5666,#5667,#5668,#5669,#5670,#5671,#5672,#5673,
#5674,#5675,#5676,#5677),.UNSPECIFIED.,.F.,.F.,(4,3,3,3,3,3,3,4),(-31.7477306934125,
-31.5005522622031,-31.2349395469104,-30.9693268316176,-30.4381014010322,
-30.1724886857394,-29.9068759704467,-29.4040256704675),.UNSPECIFIED.);
#484=B_SPLINE_CURVE_WITH_KNOTS('',3,(#5678,#5679,#5680,#5681,#5682,#5683,
#5684,#5685,#5686,#5687,#5688,#5689,#5690,#5691,#5692,#5693,#5694,#5695,
#5696,#5697,#5698,#5699,#5700,#5701,#5702),.UNSPECIFIED.,.F.,.F.,(4,3,3,
3,3,3,3,3,4),(33.1207216854146,33.3434130994616,33.620916327773,33.8984195560844,
34.4534260127071,34.7309292410185,35.0084324693299,35.2859356976413,35.4986575582981),
 .UNSPECIFIED.);
#485=B_SPLINE_CURVE_WITH_KNOTS('',3,(#5704,#5705,#5706,#5707,#5708,#5709,
#5710,#5711,#5712,#5713,#5714,#5715,#5716,#5717,#5718,#5719,#5720,#5721,
#5722,#5723,#5724,#5725,#5726,#5727,#5728),.UNSPECIFIED.,.F.,.F.,(4,3,3,
3,3,3,3,3,4),(29.9983986453713,30.222094578443,30.4913205174335,30.7605464564241,
31.0297723954146,31.5682242733957,31.8374502123862,32.1066761513767,32.3223315646562),
 .UNSPECIFIED.);
#486=B_SPLINE_CURVE_WITH_KNOTS('',3,(#5729,#5730,#5731,#5732,#5733,#5734,
#5735,#5736,#5737,#5738,#5739,#5740,#5741,#5742,#5743,#5744,#5745,#5746,
#5747,#5748,#5749,#5750),.UNSPECIFIED.,.F.,.F.,(4,3,3,3,3,3,3,4),(-28.5826989280548,
-28.3496128533311,-27.8202030339635,-27.5554981242797,-27.290793214596,
-27.0260883049122,-26.4966784855446,-26.2718624335762),.UNSPECIFIED.);
#487=B_SPLINE_CURVE_WITH_KNOTS('',3,(#5752,#5753,#5754,#5755,#5756,#5757,
#5758,#5759,#5760,#5761,#5762,#5763,#5764,#5765,#5766,#5767,#5768,#5769,
#5770,#5771,#5772,#5773,#5774,#5775,#5776),.UNSPECIFIED.,.F.,.F.,(4,3,3,
3,3,3,3,3,4),(-25.4363830630634,-25.2112383428622,-24.9437845847847,-24.6763308267071,
-24.1414233105521,-23.8739695524746,-23.6065157943971,-23.3390620363196,
-23.1217942750509),.UNSPECIFIED.);
#488=B_SPLINE_CURVE_WITH_KNOTS('',3,(#5777,#5778,#5779,#5780,#5781,#5782,
#5783,#5784,#5785,#5786,#5787,#5788,#5789,#5790,#5791,#5792,#5793,#5794,
#5795,#5796,#5797,#5798),.UNSPECIFIED.,.F.,.F.,(4,3,3,3,3,3,3,4),(26.8580445116937,
27.3530657542048,27.6182739382349,27.8834821222649,28.4138984903251,28.6791066743551,
28.9443148583852,29.1661233839387),.UNSPECIFIED.);
#489=B_SPLINE_CURVE_WITH_KNOTS('',3,(#5871,#5872,#5873,#5874,#5875,#5876,
#5877,#5878,#5879,#5880,#5881),.UNSPECIFIED.,.F.,.F.,(4,1,1,1,1,1,1,1,4),
(44.3518733662124,44.6210993052029,44.8903252441935,45.159551183184,45.4287771221745,
45.9672290001556,46.2364549391461,46.5056808781367,46.7749068171272),
 .UNSPECIFIED.);
#490=B_SPLINE_CURVE_WITH_KNOTS('',3,(#5930,#5931,#5932,#5933,#5934,#5935,
#5936,#5937,#5938,#5939,#5940,#5941),.UNSPECIFIED.,.F.,.F.,(4,1,1,1,1,1,
1,1,1,4),(50.5569879040887,50.8487825464201,51.1405771887515,51.4323718310828,
51.7241664734142,52.0159611157455,52.3077557580769,52.5995504004082,52.8913450427396,
53.183139685071),.UNSPECIFIED.);
#491=B_SPLINE_CURVE_WITH_KNOTS('',3,(#6066,#6067,#6068,#6069,#6070,#6071,
#6072,#6073,#6074),.UNSPECIFIED.,.F.,.F.,(4,1,1,1,1,1,4),(25.2096735546256,
25.6674270474133,26.1573584526591,26.6472898579049,27.1372212631507,27.6271526683965,
28.0480233710726),.UNSPECIFIED.);
#492=B_SPLINE_CURVE_WITH_KNOTS('',3,(#6075,#6076,#6077,#6078,#6079,#6080,
#6081,#6082,#6083,#6084,#6085,#6086,#6087,#6088,#6089,#6090,#6091),
 .UNSPECIFIED.,.F.,.F.,(4,1,1,1,1,1,1,1,1,1,1,1,1,1,4),(15.707963267949,
15.8687989424973,16.3587303477431,16.8486617529889,17.3385931582347,17.8285245634805,
18.3184559687263,18.8083873739721,19.2983187792179,19.7882501844637,20.2781815897095,
20.7681129949553,21.2580444002011,21.7479758054469,21.9911485751286),
 .UNSPECIFIED.);
#493=B_SPLINE_CURVE_WITH_KNOTS('',3,(#6140,#6141,#6142,#6143,#6144,#6145,
#6146,#6147,#6148,#6149,#6150,#6151),.UNSPECIFIED.,.F.,.F.,(4,1,1,1,1,1,
1,1,1,4),(53.6161604921751,53.9419946335575,54.2678287749398,54.5936629163222,
54.9194970577045,55.2453311990869,55.5711653404692,55.8969994818516,56.2228336232339,
56.2869067746238),.UNSPECIFIED.);
#494=B_SPLINE_CURVE_WITH_KNOTS('',3,(#6196,#6197,#6198,#6199,#6200,#6201,
#6202,#6203,#6204,#6205,#6206),.UNSPECIFIED.,.F.,.F.,(4,1,1,1,1,1,1,1,4),
(31.7284110742732,31.990173375759,32.267705907589,32.5452384394189,32.8227709712489,
33.3778360349088,33.6553685667388,33.9329010985688,34.2104336303987),
 .UNSPECIFIED.);
#495=B_SPLINE_CURVE_WITH_KNOTS('',3,(#6255,#6256,#6257,#6258,#6259,#6260,
#6261,#6262,#6263,#6264,#6265,#6266),.UNSPECIFIED.,.F.,.F.,(4,1,1,1,1,1,
1,1,1,4),(28.5149619755111,28.749293489118,29.0475088547587,29.3457242203994,
29.6439395860401,29.9421549516808,30.2403703173215,30.5385856829622,30.8368010486029,
31.1143959262223),.UNSPECIFIED.);
#496=B_SPLINE_CURVE_WITH_KNOTS('',3,(#6311,#6312,#6313,#6314,#6315,#6316,
#6317,#6318,#6319,#6320,#6321),.UNSPECIFIED.,.F.,.F.,(4,1,1,1,1,1,1,1,4),
(47.4649145979101,47.7424178262215,48.0199210545329,48.2974242828443,48.8524307394671,
49.1299339677784,49.4074371960898,49.6849404244012,49.9624436527126),
 .UNSPECIFIED.);
#497=B_SPLINE_CURVE_WITH_KNOTS('',3,(#6362,#6363,#6364,#6365,#6366,#6367,
#6368,#6369,#6370,#6371),.UNSPECIFIED.,.F.,.F.,(4,1,1,1,1,1,1,4),(38.075277223462,
38.6050891254069,38.8699950763794,39.1349010273519,39.6647129292969,39.9296188802693,
40.1945248312418,40.4594307822143),.UNSPECIFIED.);
#498=B_SPLINE_CURVE_WITH_KNOTS('',3,(#6412,#6413,#6414,#6415,#6416,#6417,
#6418,#6419,#6420,#6421),.UNSPECIFIED.,.F.,.F.,(4,1,1,1,1,1,1,4),(34.9119465767009,
35.1802302449878,35.7167975815617,35.9850812498487,36.5216485864226,36.7899322547095,
37.0582159229965,37.3264995912834),.UNSPECIFIED.);
#499=B_SPLINE_CURVE_WITH_KNOTS('',3,(#6458,#6459,#6460,#6461,#6462,#6463,
#6464,#6465,#6466),.UNSPECIFIED.,.F.,.F.,(4,1,1,1,1,1,4),(53.596788022426,
53.7334745038285,54.2409136787244,54.7483528536203,55.0020724410683,55.2557920285162,
55.7632312034121),.UNSPECIFIED.);
#500=B_SPLINE_CURVE_WITH_KNOTS('',3,(#6511,#6512,#6513,#6514,#6515,#6516,
#6517,#6518,#6519,#6520,#6521),.UNSPECIFIED.,.F.,.F.,(4,1,1,1,1,1,1,1,4),
(44.348364630202,44.6186493420783,44.8889340539545,45.1592187658308,45.6997881895834,
45.9700729014597,46.240357613336,46.5106423252123,46.7809270370885),
 .UNSPECIFIED.);
#501=B_SPLINE_CURVE_WITH_KNOTS('',3,(#6570,#6571,#6572,#6573,#6574,#6575,
#6576,#6577,#6578,#6579,#6580,#6581),.UNSPECIFIED.,.F.,.F.,(4,1,1,1,1,1,
1,1,1,4),(50.5461081103131,50.8252961145988,51.1363551701296,51.4474142256603,
51.7584732811911,52.0695323367218,52.3805913922525,52.6916504477833,53.002709503314,
53.2019880869313),.UNSPECIFIED.);
#502=B_SPLINE_CURVE_WITH_KNOTS('',3,(#6630,#6631,#6632,#6633,#6634,#6635,
#6636,#6637,#6638,#6639,#6640,#6641),.UNSPECIFIED.,.F.,.F.,(4,1,1,1,1,1,
1,1,1,4),(25.2579247271733,25.5662114126517,25.8744980981302,26.1827847836086,
26.4910714690871,26.7993581545655,27.107644840044,27.4159315255224,27.7242182110009,
28.0325048964793),.UNSPECIFIED.);
#503=B_SPLINE_CURVE_WITH_KNOTS('',3,(#6766,#6767,#6768,#6769,#6770,#6771,
#6772,#6773,#6774,#6775,#6776,#6777,#6778,#6779,#6780,#6781,#6782),
 .UNSPECIFIED.,.F.,.F.,(4,1,1,1,1,1,1,1,1,1,1,1,1,1,4),(15.707963267949,
16.0814110145505,16.5520973253751,17.0227836361997,17.4934699470243,17.9641562578489,
18.4348425686735,18.9055288794981,19.3762151903227,19.8469015011473,20.3175878119719,
20.7882741227966,21.2589604336212,21.7296467444458,21.9911485751286),
 .UNSPECIFIED.);
#504=B_SPLINE_CURVE_WITH_KNOTS('',3,(#6827,#6828,#6829,#6830,#6831,#6832,
#6833,#6834,#6835,#6836,#6837),.UNSPECIFIED.,.F.,.F.,(4,1,1,1,1,1,1,1,4),
(47.4582831471049,47.7373241901594,48.0201144180253,48.3029046458911,48.8684851016228,
49.1512753294886,49.4340655573545,49.7168557852203,49.9727510766604),
 .UNSPECIFIED.);
#505=B_SPLINE_CURVE_WITH_KNOTS('',3,(#6882,#6883,#6884,#6885,#6886,#6887,
#6888,#6889,#6890,#6891,#6892),.UNSPECIFIED.,.F.,.F.,(4,1,1,1,1,1,1,1,4),
(31.7370740279164,32.0112787162198,32.2854834045233,32.5596880928267,32.8338927811301,
33.382302157737,33.6565068460404,33.9307115343438,34.2049162226472),
 .UNSPECIFIED.);
#506=B_SPLINE_CURVE_WITH_KNOTS('',3,(#6937,#6938,#6939,#6940,#6941,#6942,
#6943,#6944,#6945,#6946,#6947),.UNSPECIFIED.,.F.,.F.,(4,1,1,1,1,1,1,1,4),
(28.529939457421,28.8160735647406,29.3883417793798,29.6744758866994,29.9606099940189,
30.2467441013385,30.5328782086581,30.8190123159777,31.1051464232973),
 .UNSPECIFIED.);
#507=B_SPLINE_CURVE_WITH_KNOTS('',3,(#6988,#6989,#6990,#6991,#6992,#6993,
#6994,#6995,#6996,#6997),.UNSPECIFIED.,.F.,.F.,(4,1,1,1,1,1,1,4),(41.2208847569903,
41.7521101875758,42.0177229028685,42.2833356181612,42.8145610487467,43.0801737640394,
43.3457864793322,43.6113991946249),.UNSPECIFIED.);
#508=B_SPLINE_CURVE_WITH_KNOTS('',3,(#7038,#7039,#7040,#7041,#7042,#7043,
#7044,#7045,#7046,#7047),.UNSPECIFIED.,.F.,.F.,(4,1,1,1,1,1,1,4),(38.0772077929899,
38.3419127026737,38.8713225220412,39.136027431725,39.4007323414088,39.6654372510926,
40.1948470704601,40.4595519801439),.UNSPECIFIED.);
#509=B_SPLINE_CURVE_WITH_KNOTS('',3,(#7092,#7093,#7094,#7095,#7096,#7097,
#7098,#7099,#7100,#7101,#7102),.UNSPECIFIED.,.F.,.F.,(4,1,1,1,1,1,1,1,4),
(34.9168424953711,35.1842962534486,35.4517500115261,35.7192037696036,35.9866575276812,
36.5215650438362,36.7890188019137,37.0564725599912,37.3239263180688),
 .UNSPECIFIED.);
#510=B_SPLINE_CURVE_WITH_KNOTS('',3,(#7129,#7130,#7131,#7132,#7133,#7134,
#7135,#7136,#7137,#7138),.UNSPECIFIED.,.F.,.F.,(4,1,1,1,1,1,1,4),(41.2216541129046,
41.7520704809647,42.0172786649948,42.2824868490249,42.812903217085,43.0781114011151,
43.3433195851451,43.6085277691752),.UNSPECIFIED.);
#511=B_SPLINE_CURVE_WITH_KNOTS('',3,(#7181,#7182,#7183,#7184,#7185,#7186,
#7187,#7188,#7189,#7190,#7191,#7192,#7193,#7194,#7195,#7196,#7197,#7198,
#7199,#7200,#7201,#7202,#7203,#7204,#7205,#7206,#7207,#7208,#7209,#7210,
#7211,#7212,#7213,#7214,#7215,#7216,#7217,#7218,#7219,#7220,#7221,#7222,
#7223,#7224,#7225,#7226,#7227,#7228,#7229,#7230,#7231,#7232,#7233,#7234,
#7235,#7236,#7237,#7238,#7239,#7240,#7241,#7242,#7243,#7244,#7245,#7246,
#7247,#7248,#7249,#7250,#7251,#7252,#7253,#7254,#7255,#7256,#7257,#7258,
#7259,#7260,#7261,#7262,#7263,#7264,#7265,#7266,#7267,#7268,#7269,#7270,
#7271,#7272,#7273,#7274,#7275,#7276,#7277,#7278,#7279,#7280,#7281,#7282,
#7283,#7284,#7285,#7286,#7287,#7288,#7289,#7290,#7291,#7292,#7293,#7294,
#7295,#7296,#7297,#7298,#7299,#7300,#7301,#7302,#7303,#7304,#7305,#7306,
#7307,#7308,#7309,#7310,#7311,#7312,#7313,#7314,#7315,#7316,#7317,#7318,
#7319,#7320,#7321,#7322,#7323,#7324,#7325,#7326,#7327,#7328,#7329,#7330,
#7331,#7332,#7333,#7334,#7335,#7336,#7337,#7338,#7339,#7340,#7341,#7342,
#7343),.UNSPECIFIED.,.F.,.F.,(4,3,3,3,3,3,3,3,3,3,3,3,3,3,3,3,3,3,3,3,3,
3,3,3,3,3,3,3,3,3,3,3,3,3,3,3,3,3,3,3,3,3,3,3,3,3,3,3,3,3,3,3,3,3,4),(-7.96307015424314,
-7.76507342495175,-7.56681652910359,-7.53280938822384,-7.33631445781681,
-7.13312676449346,-7.0442321486645,-7.00691836687529,-6.9831744028592,-6.78497787102317,
-6.58548198829704,-6.38539281517067,-6.18587495051167,-6.06710944069126,
-6.02657918016067,-6.00643799673373,-5.80467795093621,-5.71081291123005,
-5.51257445628384,-5.30426502297673,-5.10214683971116,-4.89983201506277,
-4.69810083864192,-4.59160060754006,-4.55303354284356,-4.53522896161205,
-4.33155603094324,-4.12697699894512,-3.92209705615866,-3.846098989827,-3.64289003489956,
-3.43029472219088,-3.24427382357078,-3.08150553727819,-3.06137148751395,
-3.0464506739626,-2.84191225413306,-2.63569005642353,-2.42823360908002,
-2.22084742241762,-2.01461227625783,-1.94212753323008,-1.73521838367367,
-1.62676723469406,-1.57593075860987,-1.55303375465522,-1.53048246292656,
-1.32454181869524,-1.1166459031092,-0.907361666830691,-0.697388190667132,
-0.487834242698544,-0.279292822199345,-0.0730906933571855,0.),
 .UNSPECIFIED.);
#512=B_SPLINE_CURVE_WITH_KNOTS('',3,(#7348,#7349,#7350,#7351,#7352,#7353,
#7354,#7355,#7356,#7357,#7358,#7359,#7360,#7361,#7362,#7363,#7364,#7365,
#7366,#7367,#7368,#7369,#7370,#7371,#7372,#7373,#7374,#7375,#7376,#7377,
#7378,#7379,#7380,#7381,#7382,#7383,#7384,#7385,#7386,#7387,#7388,#7389,
#7390,#7391,#7392,#7393,#7394,#7395,#7396,#7397,#7398,#7399,#7400,#7401,
#7402,#7403,#7404,#7405,#7406,#7407,#7408,#7409,#7410,#7411,#7412,#7413,
#7414,#7415,#7416,#7417,#7418,#7419,#7420,#7421,#7422,#7423,#7424,#7425,
#7426,#7427,#7428,#7429,#7430,#7431,#7432,#7433,#7434,#7435,#7436,#7437,
#7438,#7439,#7440,#7441,#7442,#7443,#7444,#7445,#7446,#7447,#7448,#7449,
#7450,#7451,#7452,#7453,#7454,#7455,#7456,#7457,#7458,#7459,#7460,#7461,
#7462,#7463,#7464,#7465,#7466,#7467,#7468,#7469,#7470,#7471,#7472,#7473,
#7474,#7475,#7476,#7477,#7478,#7479,#7480,#7481,#7482,#7483,#7484,#7485,
#7486,#7487,#7488,#7489,#7490,#7491,#7492,#7493,#7494,#7495,#7496,#7497,
#7498,#7499,#7500,#7501,#7502,#7503,#7504,#7505,#7506,#7507),
 .UNSPECIFIED.,.F.,.F.,(4,3,3,3,3,3,3,3,3,3,3,3,3,3,3,3,3,3,3,3,3,3,3,3,
3,3,3,3,3,3,3,3,3,3,3,3,3,3,3,3,3,3,3,3,3,3,3,3,3,3,3,3,3,4),(-7.94800355269552,
-7.73852868421576,-7.53003654345954,-7.48103003130829,-7.27148949406522,
-7.05687824773108,-6.96298582745989,-6.91037502461454,-6.89103602891787,
-6.68328719224377,-6.47518200414406,-6.26751676673679,-6.06185439651702,
-5.93504067823579,-5.88248179921373,-5.86148472116314,-5.65574880082709,
-5.5545995233921,-5.3501913758546,-5.13938626725091,-4.93327809748348,-4.72797204091362,
-4.52416910481806,-4.41661678009394,-4.37945688440919,-4.35741356834479,
-4.15409269856928,-3.95072143227202,-3.74827621323213,-3.66375050702511,
-3.46031272817396,-3.25425904113926,-3.05211811806603,-2.89708875729482,
-2.87672836633358,-2.67656003875074,-2.47562865093738,-2.27499165113916,
-2.07525853037564,-1.87761772638272,-1.81188323189637,-1.61102180051928,
-1.51033293798683,-1.46313503367474,-1.44001609074911,-1.42063703282294,
-1.22363218546964,-1.02546463018114,-0.826877638653757,-0.620158228990318,
-0.423766621338684,-0.229002494454679,-0.0369952834703111,0.),
 .UNSPECIFIED.);
#513=B_SPLINE_CURVE_WITH_KNOTS('',3,(#7896,#7897,#7898,#7899,#7900,#7901,
#7902,#7903,#7904,#7905,#7906,#7907,#7908,#7909,#7910,#7911,#7912,#7913,
#7914,#7915,#7916,#7917,#7918,#7919,#7920,#7921,#7922,#7923,#7924,#7925,
#7926,#7927,#7928,#7929),.UNSPECIFIED.,.F.,.F.,(4,3,3,3,3,3,3,3,3,3,3,4),
(38.8288065471014,39.2702819539359,39.7611604783601,40.2520390027843,40.7429175272085,
41.2337960516327,41.7246745760569,42.2155531004811,42.7064316249053,43.1973101493295,
43.6881886737537,44.06154882531),.UNSPECIFIED.);
#514=B_SPLINE_CURVE_WITH_KNOTS('',3,(#7931,#7932,#7933,#7934,#7935,#7936,
#7937,#7938,#7939,#7940,#7941,#7942,#7943,#7944,#7945,#7946,#7947,#7948,
#7949,#7950,#7951,#7952,#7953,#7954,#7955,#7956,#7957,#7958,#7959,#7960,
#7961,#7962,#7963,#7964,#7965,#7966,#7967,#7968,#7969,#7970,#7971,#7972,
#7973,#7974,#7975,#7976,#7977,#7978,#7979,#7980,#7981,#7982,#7983,#7984,
#7985,#7986,#7987,#7988,#7989,#7990,#7991,#7992,#7993,#7994,#7995,#7996,
#7997,#7998,#7999,#8000,#8001,#8002,#8003,#8004,#8005,#8006,#8007,#8008,
#8009,#8010,#8011,#8012,#8013,#8014,#8015,#8016,#8017,#8018,#8019,#8020,
#8021,#8022,#8023,#8024,#8025,#8026,#8027,#8028,#8029,#8030,#8031,#8032,
#8033,#8034,#8035,#8036,#8037,#8038,#8039,#8040,#8041,#8042,#8043,#8044,
#8045,#8046,#8047,#8048,#8049,#8050,#8051,#8052,#8053,#8054,#8055,#8056,
#8057,#8058,#8059,#8060,#8061,#8062,#8063,#8064,#8065,#8066,#8067,#8068,
#8069,#8070,#8071,#8072,#8073,#8074,#8075,#8076,#8077,#8078,#8079,#8080,
#8081,#8082,#8083,#8084,#8085,#8086,#8087,#8088,#8089,#8090,#8091,#8092,
#8093),.UNSPECIFIED.,.F.,.F.,(4,3,3,3,3,3,3,3,3,3,3,3,3,3,3,3,3,3,3,3,3,
3,3,3,3,3,3,3,3,3,3,3,3,3,3,3,3,3,3,3,3,3,3,3,3,3,3,3,3,3,3,3,3,3,4),(-7.96307015424318,
-7.76507342805858,-7.56681652140277,-7.53280938822394,-7.33631443090911,
-7.13312674094922,-7.04423212659177,-7.00691829176187,-6.98317437820196,
-6.78497781982873,-6.58548192654323,-6.38539275499313,-6.18587489944287,
-6.06710940238967,-6.02657900649249,-6.00643794192388,-5.80467789038559,
-5.71081291123004,-5.51257448631539,-5.30426504925434,-5.10214686727339,
-4.89983205063843,-4.69810089946986,-4.5916006607645,-4.55303353027503,
-4.53522895998803,-4.33155603242681,-4.12697700191561,-3.92209707291395,
-3.84609898982699,-3.64289008973228,-3.4302947701695,-3.24427386555207,
-3.08150557401182,-3.06137160117922,-3.04645087119507,-2.84191251270653,
-2.63569036389061,-2.42823391788328,-2.22084769032636,-2.01461243120053,
-1.94212753323007,-1.73521831821793,-1.62676717332931,-1.57593069916277,
-1.55303367179854,-1.53048245620034,-1.324541638962,-1.11664558192605,-0.907361252997611,
-0.697387748261622,-0.487833882960077,-0.279292609804221,-0.0730907108962157,
0.),.UNSPECIFIED.);
#515=B_SPLINE_CURVE_WITH_KNOTS('',3,(#8094,#8095,#8096,#8097,#8098,#8099,
#8100,#8101,#8102,#8103,#8104,#8105,#8106,#8107,#8108),.UNSPECIFIED.,.F.,
 .F.,(4,1,1,1,1,1,1,1,1,1,1,1,4),(10.3761157273102,10.7494758788665,11.2403544032907,
11.7312329277149,12.2221114521391,12.7129899765633,13.2038685009875,13.6947470254117,
14.1856255498359,14.6765040742601,15.1673825986843,15.6582611231085,15.7079632679489),
 .UNSPECIFIED.);
#516=B_SPLINE_CURVE_WITH_KNOTS('',3,(#8114,#8115,#8116,#8117,#8118,#8119,
#8120,#8121,#8122,#8123,#8124,#8125,#8126,#8127,#8128,#8129,#8130,#8131,
#8132,#8133,#8134,#8135,#8136,#8137,#8138,#8139,#8140,#8141,#8142,#8143,
#8144,#8145,#8146,#8147,#8148,#8149,#8150,#8151,#8152,#8153,#8154,#8155,
#8156,#8157,#8158,#8159,#8160,#8161,#8162,#8163,#8164,#8165,#8166,#8167,
#8168,#8169,#8170,#8171,#8172,#8173,#8174,#8175,#8176,#8177,#8178,#8179,
#8180,#8181,#8182,#8183,#8184,#8185,#8186,#8187,#8188,#8189,#8190,#8191,
#8192,#8193,#8194,#8195,#8196,#8197,#8198,#8199,#8200,#8201,#8202,#8203,
#8204,#8205,#8206,#8207,#8208,#8209,#8210,#8211,#8212,#8213,#8214,#8215,
#8216,#8217,#8218,#8219,#8220,#8221,#8222,#8223,#8224,#8225,#8226,#8227,
#8228,#8229,#8230,#8231,#8232,#8233,#8234,#8235,#8236,#8237,#8238,#8239,
#8240,#8241,#8242,#8243,#8244,#8245,#8246,#8247,#8248,#8249,#8250,#8251,
#8252,#8253,#8254,#8255,#8256,#8257,#8258,#8259,#8260,#8261,#8262,#8263,
#8264,#8265,#8266,#8267,#8268,#8269,#8270,#8271,#8272,#8273),
 .UNSPECIFIED.,.F.,.F.,(4,3,3,3,3,3,3,3,3,3,3,3,3,3,3,3,3,3,3,3,3,3,3,3,
3,3,3,3,3,3,3,3,3,3,3,3,3,3,3,3,3,3,3,3,3,3,3,3,3,3,3,3,3,4),(-7.94800355269551,
-7.73852869554705,-7.5300365721118,-7.48103003130815,-7.27148949787107,
-7.05687825106119,-6.96298583058187,-6.91037503210359,-6.89103603687119,
-6.68328720344049,-6.47518201320506,-6.26751677439359,-6.06185441423424,
-5.93504069152369,-5.88248182153689,-5.86148472656845,-5.65574880368035,
-5.55459952339203,-5.35019138029724,-5.13938627113822,-4.93327807895208,
-4.72797197210836,-4.52416895287665,-4.41661664714521,-4.37945310002866,
-4.35741329689771,-4.15409241892104,-3.95072112739229,-3.74827584728234,
-3.66375050702507,-3.46031270081201,-3.25425901719756,-3.05211821723939,
-2.89708884407151,-2.87672838165384,-2.67656000944832,-2.47562861981734,
-2.27499170059302,-2.07525871191394,-1.87761811016184,-1.81188323189635,
-1.61102176446573,-1.51033290418662,-1.46313500093079,-1.44001603814613,
-1.42063702215022,-1.22363229993303,-1.02546480901973,-0.826877810629474,
-0.620158357972105,-0.423766569118514,-0.229002215988067,-0.0369947315805977,
0.),.UNSPECIFIED.);
#517=B_SPLINE_CURVE_WITH_KNOTS('',3,(#8276,#8277,#8278,#8279,#8280,#8281,
#8282,#8283,#8284,#8285,#8286,#8287),.UNSPECIFIED.,.F.,.F.,(4,1,1,1,1,1,
1,1,1,4),(11.6150328478183,12.1059113722425,12.5967898966667,13.0876684210909,
13.5785469455151,14.0694254699393,14.5603039943635,15.0511825187877,15.5420610432119,
15.7079632679489),.UNSPECIFIED.);
#518=B_SPLINE_CURVE_WITH_KNOTS('',3,(#8676,#8677,#8678,#8679,#8680,#8681,
#8682,#8683,#8684,#8685,#8686,#8687,#8688,#8689,#8690,#8691,#8692,#8693,
#8694,#8695,#8696,#8697,#8698,#8699,#8700,#8701,#8702,#8703),
 .UNSPECIFIED.,.F.,.F.,(4,3,3,3,3,3,3,3,3,4),(-46.1425812958747,-45.6517027714505,
-45.1608242470263,-44.6699457226021,-44.1790671981779,-43.6881886737537,
-43.1973101493295,-42.7064316249053,-42.2155531004811,-41.7920422632082),
 .UNSPECIFIED.);
#519=LINE('',#2351,#582);
#520=LINE('',#2384,#583);
#521=LINE('',#2474,#584);
#522=LINE('',#2558,#585);
#523=LINE('',#2648,#586);
#524=LINE('',#2738,#587);
#525=LINE('',#2828,#588);
#526=LINE('',#2918,#589);
#527=LINE('',#2939,#590);
#528=LINE('',#2976,#591);
#529=LINE('',#3014,#592);
#530=LINE('',#3052,#593);
#531=LINE('',#3090,#594);
#532=LINE('',#3127,#595);
#533=LINE('',#3164,#596);
#534=LINE('',#3196,#597);
#535=LINE('',#3217,#598);
#536=LINE('',#3286,#599);
#537=LINE('',#3359,#600);
#538=LINE('',#3363,#601);
#539=LINE('',#3367,#602);
#540=LINE('',#3374,#603);
#541=LINE('',#3377,#604);
#542=LINE('',#3380,#605);
#543=LINE('',#3385,#606);
#544=LINE('',#3388,#607);
#545=LINE('',#3409,#608);
#546=LINE('',#3410,#609);
#547=LINE('',#3413,#610);
#548=LINE('',#3417,#611);
#549=LINE('',#3443,#612);
#550=LINE('',#3449,#613);
#551=LINE('',#3450,#614);
#552=LINE('',#3453,#615);
#553=LINE('',#3457,#616);
#554=LINE('',#3462,#617);
#555=LINE('',#3464,#618);
#556=LINE('',#3466,#619);
#557=LINE('',#3477,#620);
#558=LINE('',#3484,#621);
#559=LINE('',#3496,#622);
#560=LINE('',#3499,#623);
#561=LINE('',#3505,#624);
#562=LINE('',#3506,#625);
#563=LINE('',#3512,#626);
#564=LINE('',#3524,#627);
#565=LINE('',#3526,#628);
#566=LINE('',#3530,#629);
#567=LINE('',#3532,#630);
#568=LINE('',#3537,#631);
#569=LINE('',#3539,#632);
#570=LINE('',#3853,#633);
#571=LINE('',#3855,#634);
#572=LINE('',#3876,#635);
#573=LINE('',#3881,#636);
#574=LINE('',#3941,#637);
#575=LINE('',#4550,#638);
#576=LINE('',#7116,#639);
#577=LINE('',#7117,#640);
#578=LINE('',#7120,#641);
#579=LINE('',#7126,#642);
#580=LINE('',#8711,#643);
#581=LINE('',#8713,#644);
#582=VECTOR('',#2038,40.);
#583=VECTOR('',#2043,40.);
#584=VECTOR('',#2046,40.);
#585=VECTOR('',#2049,40.);
#586=VECTOR('',#2052,40.);
#587=VECTOR('',#2055,40.);
#588=VECTOR('',#2058,40.);
#589=VECTOR('',#2061,36.368);
#590=VECTOR('',#2066,36.368);
#591=VECTOR('',#2069,36.368);
#592=VECTOR('',#2072,36.368);
#593=VECTOR('',#2075,36.368);
#594=VECTOR('',#2078,36.368);
#595=VECTOR('',#2081,36.368);
#596=VECTOR('',#2084,40.31025);
#597=VECTOR('',#2087,40.31025);
#598=VECTOR('',#2092,40.);
#599=VECTOR('',#2095,40.);
#600=VECTOR('',#2102,50.);
#601=VECTOR('',#2105,10.);
#602=VECTOR('',#2108,10.);
#603=VECTOR('',#2117,10.);
#604=VECTOR('',#2120,10.);
#605=VECTOR('',#2123,10.);
#606=VECTOR('',#2128,10.);
#607=VECTOR('',#2131,10.);
#608=VECTOR('',#2132,10.);
#609=VECTOR('',#2133,10.);
#610=VECTOR('',#2136,60.);
#611=VECTOR('',#2139,10.);
#612=VECTOR('',#2142,10.);
#613=VECTOR('',#2149,10.);
#614=VECTOR('',#2150,10.);
#615=VECTOR('',#2153,10.);
#616=VECTOR('',#2156,10.);
#617=VECTOR('',#2157,10.);
#618=VECTOR('',#2160,10.);
#619=VECTOR('',#2163,10.);
#620=VECTOR('',#2170,10.);
#621=VECTOR('',#2177,10.);
#622=VECTOR('',#2178,10.);
#623=VECTOR('',#2181,10.);
#624=VECTOR('',#2182,10.);
#625=VECTOR('',#2183,10.);
#626=VECTOR('',#2188,10.);
#627=VECTOR('',#2189,10.);
#628=VECTOR('',#2192,10.);
#629=VECTOR('',#2197,10.);
#630=VECTOR('',#2198,10.);
#631=VECTOR('',#2199,10.);
#632=VECTOR('',#2202,10.);
#633=VECTOR('',#2215,10.);
#634=VECTOR('',#2216,10.);
#635=VECTOR('',#2219,40.);
#636=VECTOR('',#2226,37.5);
#637=VECTOR('',#2235,15.);
#638=VECTOR('',#2238,15.);
#639=VECTOR('',#2295,50.);
#640=VECTOR('',#2296,50.);
#641=VECTOR('',#2299,20.);
#642=VECTOR('',#2306,15.);
#643=VECTOR('',#2341,45.);
#644=VECTOR('',#2344,50.);
#645=VERTEX_POINT('',#2349);
#646=VERTEX_POINT('',#2350);
#647=VERTEX_POINT('',#2352);
#648=VERTEX_POINT('',#2369);
#649=VERTEX_POINT('',#2382);
#650=VERTEX_POINT('',#2383);
#651=VERTEX_POINT('',#2472);
#652=VERTEX_POINT('',#2473);
#653=VERTEX_POINT('',#2556);
#654=VERTEX_POINT('',#2557);
#655=VERTEX_POINT('',#2646);
#656=VERTEX_POINT('',#2647);
#657=VERTEX_POINT('',#2736);
#658=VERTEX_POINT('',#2737);
#659=VERTEX_POINT('',#2826);
#660=VERTEX_POINT('',#2827);
#661=VERTEX_POINT('',#2916);
#662=VERTEX_POINT('',#2917);
#663=VERTEX_POINT('',#2919);
#664=VERTEX_POINT('',#2928);
#665=VERTEX_POINT('',#2937);
#666=VERTEX_POINT('',#2938);
#667=VERTEX_POINT('',#2974);
#668=VERTEX_POINT('',#2975);
#669=VERTEX_POINT('',#3012);
#670=VERTEX_POINT('',#3013);
#671=VERTEX_POINT('',#3050);
#672=VERTEX_POINT('',#3051);
#673=VERTEX_POINT('',#3088);
#674=VERTEX_POINT('',#3089);
#675=VERTEX_POINT('',#3125);
#676=VERTEX_POINT('',#3126);
#677=VERTEX_POINT('',#3162);
#678=VERTEX_POINT('',#3163);
#679=VERTEX_POINT('',#3165);
#680=VERTEX_POINT('',#3176);
#681=VERTEX_POINT('',#3194);
#682=VERTEX_POINT('',#3195);
#683=VERTEX_POINT('',#3197);
#684=VERTEX_POINT('',#3204);
#685=VERTEX_POINT('',#3215);
#686=VERTEX_POINT('',#3216);
#687=VERTEX_POINT('',#3218);
#688=VERTEX_POINT('',#3227);
#689=VERTEX_POINT('',#3256);
#690=VERTEX_POINT('',#3284);
#691=VERTEX_POINT('',#3285);
#692=VERTEX_POINT('',#3287);
#693=VERTEX_POINT('',#3316);
#694=VERTEX_POINT('',#3356);
#695=VERTEX_POINT('',#3358);
#696=VERTEX_POINT('',#3360);
#697=VERTEX_POINT('',#3362);
#698=VERTEX_POINT('',#3364);
#699=VERTEX_POINT('',#3366);
#700=VERTEX_POINT('',#3370);
#701=VERTEX_POINT('',#3373);
#702=VERTEX_POINT('',#3375);
#703=VERTEX_POINT('',#3379);
#704=VERTEX_POINT('',#3381);
#705=VERTEX_POINT('',#3383);
#706=VERTEX_POINT('',#3387);
#707=VERTEX_POINT('',#3389);
#708=VERTEX_POINT('',#3408);
#709=VERTEX_POINT('',#3412);
#710=VERTEX_POINT('',#3414);
#711=VERTEX_POINT('',#3416);
#712=VERTEX_POINT('',#3418);
#713=VERTEX_POINT('',#3429);
#714=VERTEX_POINT('',#3431);
#715=VERTEX_POINT('',#3442);
#716=VERTEX_POINT('',#3446);
#717=VERTEX_POINT('',#3447);
#718=VERTEX_POINT('',#3452);
#719=VERTEX_POINT('',#3454);
#720=VERTEX_POINT('',#3456);
#721=VERTEX_POINT('',#3458);
#722=VERTEX_POINT('',#3476);
#723=VERTEX_POINT('',#3480);
#724=VERTEX_POINT('',#3481);
#725=VERTEX_POINT('',#3483);
#726=VERTEX_POINT('',#3485);
#727=VERTEX_POINT('',#3498);
#728=VERTEX_POINT('',#3500);
#729=VERTEX_POINT('',#3504);
#730=VERTEX_POINT('',#3508);
#731=VERTEX_POINT('',#3509);
#732=VERTEX_POINT('',#3511);
#733=VERTEX_POINT('',#3513);
#734=VERTEX_POINT('',#3529);
#735=VERTEX_POINT('',#3531);
#736=VERTEX_POINT('',#3533);
#737=VERTEX_POINT('',#3848);
#738=VERTEX_POINT('',#3852);
#739=VERTEX_POINT('',#3854);
#740=VERTEX_POINT('',#3875);
#741=VERTEX_POINT('',#3880);
#742=VERTEX_POINT('',#3884);
#743=VERTEX_POINT('',#3887);
#744=VERTEX_POINT('',#3888);
#745=VERTEX_POINT('',#3942);
#746=VERTEX_POINT('',#3951);
#747=VERTEX_POINT('',#3974);
#748=VERTEX_POINT('',#3979);
#749=VERTEX_POINT('',#3996);
#750=VERTEX_POINT('',#4001);
#751=VERTEX_POINT('',#4015);
#752=VERTEX_POINT('',#4022);
#753=VERTEX_POINT('',#4030);
#754=VERTEX_POINT('',#4037);
#755=VERTEX_POINT('',#4051);
#756=VERTEX_POINT('',#4059);
#757=VERTEX_POINT('',#4073);
#758=VERTEX_POINT('',#4080);
#759=VERTEX_POINT('',#4091);
#760=VERTEX_POINT('',#4096);
#761=VERTEX_POINT('',#4110);
#762=VERTEX_POINT('',#4115);
#763=VERTEX_POINT('',#4135);
#764=VERTEX_POINT('',#4140);
#765=VERTEX_POINT('',#4147);
#766=VERTEX_POINT('',#4154);
#767=VERTEX_POINT('',#4159);
#768=VERTEX_POINT('',#4194);
#769=VERTEX_POINT('',#4199);
#770=VERTEX_POINT('',#4222);
#771=VERTEX_POINT('',#4227);
#772=VERTEX_POINT('',#4244);
#773=VERTEX_POINT('',#4249);
#774=VERTEX_POINT('',#4263);
#775=VERTEX_POINT('',#4268);
#776=VERTEX_POINT('',#4285);
#777=VERTEX_POINT('',#4290);
#778=VERTEX_POINT('',#4307);
#779=VERTEX_POINT('',#4314);
#780=VERTEX_POINT('',#4328);
#781=VERTEX_POINT('',#4333);
#782=VERTEX_POINT('',#4350);
#783=VERTEX_POINT('',#4355);
#784=VERTEX_POINT('',#4375);
#785=VERTEX_POINT('',#4406);
#786=VERTEX_POINT('',#4407);
#787=VERTEX_POINT('',#4412);
#788=VERTEX_POINT('',#4429);
#789=VERTEX_POINT('',#4436);
#790=VERTEX_POINT('',#4453);
#791=VERTEX_POINT('',#4458);
#792=VERTEX_POINT('',#4478);
#793=VERTEX_POINT('',#4485);
#794=VERTEX_POINT('',#4517);
#795=VERTEX_POINT('',#4522);
#796=VERTEX_POINT('',#4549);
#797=VERTEX_POINT('',#4551);
#798=VERTEX_POINT('',#4566);
#799=VERTEX_POINT('',#4619);
#800=VERTEX_POINT('',#4636);
#801=VERTEX_POINT('',#4641);
#802=VERTEX_POINT('',#4655);
#803=VERTEX_POINT('',#4662);
#804=VERTEX_POINT('',#4676);
#805=VERTEX_POINT('',#4683);
#806=VERTEX_POINT('',#4694);
#807=VERTEX_POINT('',#4701);
#808=VERTEX_POINT('',#4715);
#809=VERTEX_POINT('',#4722);
#810=VERTEX_POINT('',#4736);
#811=VERTEX_POINT('',#4743);
#812=VERTEX_POINT('',#4757);
#813=VERTEX_POINT('',#4762);
#814=VERTEX_POINT('',#4782);
#815=VERTEX_POINT('',#4787);
#816=VERTEX_POINT('',#4818);
#817=VERTEX_POINT('',#4829);
#818=VERTEX_POINT('',#4834);
#819=VERTEX_POINT('',#4854);
#820=VERTEX_POINT('',#4859);
#821=VERTEX_POINT('',#4876);
#822=VERTEX_POINT('',#4881);
#823=VERTEX_POINT('',#4898);
#824=VERTEX_POINT('',#4903);
#825=VERTEX_POINT('',#4914);
#826=VERTEX_POINT('',#4936);
#827=VERTEX_POINT('',#4953);
#828=VERTEX_POINT('',#4955);
#829=VERTEX_POINT('',#5117);
#830=VERTEX_POINT('',#5264);
#831=VERTEX_POINT('',#7114);
#832=VERTEX_POINT('',#7119);
#833=VERTEX_POINT('',#7123);
#834=VERTEX_POINT('',#7124);
#835=VERTEX_POINT('',#7180);
#836=VERTEX_POINT('',#7344);
#837=VERTEX_POINT('',#7346);
#838=VERTEX_POINT('',#7930);
#839=VERTEX_POINT('',#8110);
#840=VERTEX_POINT('',#8113);
#841=EDGE_CURVE('',#645,#646,#519,.T.);
#842=EDGE_CURVE('',#645,#647,#332,.T.);
#843=EDGE_CURVE('',#647,#648,#288,.F.);
#844=EDGE_CURVE('',#648,#646,#333,.T.);
#845=EDGE_CURVE('',#649,#650,#520,.T.);
#846=EDGE_CURVE('',#649,#645,#334,.T.);
#847=EDGE_CURVE('',#646,#650,#335,.T.);
#848=EDGE_CURVE('',#651,#652,#521,.T.);
#849=EDGE_CURVE('',#651,#649,#336,.T.);
#850=EDGE_CURVE('',#650,#652,#337,.T.);
#851=EDGE_CURVE('',#653,#654,#522,.T.);
#852=EDGE_CURVE('',#653,#651,#338,.T.);
#853=EDGE_CURVE('',#652,#654,#339,.T.);
#854=EDGE_CURVE('',#655,#656,#523,.T.);
#855=EDGE_CURVE('',#655,#653,#340,.T.);
#856=EDGE_CURVE('',#654,#656,#341,.T.);
#857=EDGE_CURVE('',#657,#658,#524,.T.);
#858=EDGE_CURVE('',#657,#655,#342,.T.);
#859=EDGE_CURVE('',#656,#658,#343,.T.);
#860=EDGE_CURVE('',#659,#660,#525,.T.);
#861=EDGE_CURVE('',#659,#657,#344,.T.);
#862=EDGE_CURVE('',#658,#660,#345,.T.);
#863=EDGE_CURVE('',#661,#662,#526,.T.);
#864=EDGE_CURVE('',#661,#663,#346,.T.);
#865=EDGE_CURVE('',#664,#663,#289,.T.);
#866=EDGE_CURVE('',#662,#664,#347,.T.);
#867=EDGE_CURVE('',#665,#666,#527,.T.);
#868=EDGE_CURVE('',#665,#661,#348,.T.);
#869=EDGE_CURVE('',#666,#662,#349,.T.);
#870=EDGE_CURVE('',#667,#668,#528,.T.);
#871=EDGE_CURVE('',#667,#665,#350,.T.);
#872=EDGE_CURVE('',#668,#666,#351,.T.);
#873=EDGE_CURVE('',#669,#670,#529,.T.);
#874=EDGE_CURVE('',#669,#667,#352,.T.);
#875=EDGE_CURVE('',#670,#668,#353,.T.);
#876=EDGE_CURVE('',#671,#672,#530,.T.);
#877=EDGE_CURVE('',#671,#669,#354,.T.);
#878=EDGE_CURVE('',#672,#670,#355,.T.);
#879=EDGE_CURVE('',#673,#674,#531,.T.);
#880=EDGE_CURVE('',#673,#671,#356,.T.);
#881=EDGE_CURVE('',#674,#672,#357,.T.);
#882=EDGE_CURVE('',#675,#676,#532,.T.);
#883=EDGE_CURVE('',#675,#673,#358,.T.);
#884=EDGE_CURVE('',#676,#674,#359,.T.);
#885=EDGE_CURVE('',#677,#678,#533,.T.);
#886=EDGE_CURVE('',#678,#679,#360,.T.);
#887=EDGE_CURVE('',#679,#680,#361,.T.);
#888=EDGE_CURVE('',#677,#680,#362,.T.);
#889=EDGE_CURVE('',#681,#682,#534,.T.);
#890=EDGE_CURVE('',#683,#681,#363,.T.);
#891=EDGE_CURVE('',#684,#683,#290,.T.);
#892=EDGE_CURVE('',#684,#682,#364,.T.);
#893=EDGE_CURVE('',#685,#686,#535,.T.);
#894=EDGE_CURVE('',#686,#687,#365,.T.);
#895=EDGE_CURVE('',#687,#688,#366,.T.);
#896=EDGE_CURVE('',#688,#689,#367,.T.);
#897=EDGE_CURVE('',#689,#685,#368,.T.);
#898=EDGE_CURVE('',#690,#691,#536,.T.);
#899=EDGE_CURVE('',#690,#692,#369,.T.);
#900=EDGE_CURVE('',#693,#692,#291,.T.);
#901=EDGE_CURVE('',#693,#691,#370,.T.);
#902=EDGE_CURVE('',#694,#694,#292,.F.);
#903=EDGE_CURVE('',#694,#695,#537,.T.);
#904=EDGE_CURVE('',#696,#695,#293,.T.);
#905=EDGE_CURVE('',#697,#696,#538,.F.);
#906=EDGE_CURVE('',#698,#697,#294,.F.);
#907=EDGE_CURVE('',#699,#698,#539,.F.);
#908=EDGE_CURVE('',#695,#699,#295,.T.);
#909=EDGE_CURVE('',#700,#700,#296,.T.);
#910=EDGE_CURVE('',#701,#699,#540,.T.);
#911=EDGE_CURVE('',#702,#701,#297,.T.);
#912=EDGE_CURVE('',#696,#702,#541,.T.);
#913=EDGE_CURVE('',#703,#697,#542,.T.);
#914=EDGE_CURVE('',#704,#703,#298,.T.);
#915=EDGE_CURVE('',#705,#704,#299,.T.);
#916=EDGE_CURVE('',#705,#698,#543,.T.);
#917=EDGE_CURVE('',#706,#702,#544,.T.);
#918=EDGE_CURVE('',#707,#706,#371,.T.);
#919=EDGE_CURVE('',#708,#707,#545,.T.);
#920=EDGE_CURVE('',#703,#708,#546,.T.);
#921=EDGE_CURVE('',#700,#709,#547,.T.);
#922=EDGE_CURVE('',#709,#710,#300,.F.);
#923=EDGE_CURVE('',#710,#711,#548,.T.);
#924=EDGE_CURVE('',#712,#711,#372,.T.);
#925=EDGE_CURVE('',#712,#713,#301,.T.);
#926=EDGE_CURVE('',#714,#713,#373,.T.);
#927=EDGE_CURVE('',#714,#715,#549,.T.);
#928=EDGE_CURVE('',#715,#709,#302,.F.);
#929=EDGE_CURVE('',#716,#717,#303,.T.);
#930=EDGE_CURVE('',#716,#714,#550,.T.);
#931=EDGE_CURVE('',#713,#717,#551,.T.);
#932=EDGE_CURVE('',#718,#717,#552,.T.);
#933=EDGE_CURVE('',#718,#719,#304,.T.);
#934=EDGE_CURVE('',#720,#719,#553,.T.);
#935=EDGE_CURVE('',#721,#720,#46,.T.);
#936=EDGE_CURVE('',#716,#721,#554,.T.);
#937=EDGE_CURVE('',#718,#712,#555,.T.);
#938=EDGE_CURVE('',#711,#719,#556,.T.);
#939=EDGE_CURVE('',#720,#710,#47,.T.);
#940=EDGE_CURVE('',#715,#721,#48,.T.);
#941=EDGE_CURVE('',#701,#722,#557,.T.);
#942=EDGE_CURVE('',#706,#722,#305,.T.);
#943=EDGE_CURVE('',#723,#724,#306,.T.);
#944=EDGE_CURVE('',#723,#725,#558,.T.);
#945=EDGE_CURVE('',#725,#726,#374,.T.);
#946=EDGE_CURVE('',#726,#724,#559,.T.);
#947=EDGE_CURVE('',#727,#726,#560,.T.);
#948=EDGE_CURVE('',#728,#727,#49,.T.);
#949=EDGE_CURVE('',#729,#728,#561,.T.);
#950=EDGE_CURVE('',#729,#724,#562,.T.);
#951=EDGE_CURVE('',#730,#731,#307,.T.);
#952=EDGE_CURVE('',#730,#732,#563,.T.);
#953=EDGE_CURVE('',#732,#733,#375,.T.);
#954=EDGE_CURVE('',#733,#731,#564,.T.);
#955=EDGE_CURVE('',#723,#731,#565,.T.);
#956=EDGE_CURVE('',#725,#733,#308,.T.);
#957=EDGE_CURVE('',#730,#734,#566,.T.);
#958=EDGE_CURVE('',#735,#734,#567,.T.);
#959=EDGE_CURVE('',#736,#735,#50,.T.);
#960=EDGE_CURVE('',#732,#736,#568,.T.);
#961=EDGE_CURVE('',#734,#729,#569,.T.);
#962=EDGE_CURVE('',#735,#728,#309,.T.);
#963=EDGE_CURVE('',#683,#693,#376,.T.);
#964=EDGE_CURVE('',#692,#684,#377,.T.);
#965=EDGE_CURVE('',#727,#737,#310,.T.);
#966=EDGE_CURVE('',#737,#736,#311,.T.);
#967=EDGE_CURVE('',#738,#705,#570,.T.);
#968=EDGE_CURVE('',#739,#738,#571,.T.);
#969=EDGE_CURVE('',#722,#739,#378,.T.);
#970=EDGE_CURVE('',#704,#740,#572,.T.);
#971=EDGE_CURVE('',#740,#740,#312,.T.);
#972=EDGE_CURVE('',#738,#708,#313,.T.);
#973=EDGE_CURVE('',#740,#741,#573,.T.);
#974=EDGE_CURVE('',#741,#741,#314,.T.);
#975=EDGE_CURVE('',#742,#742,#315,.T.);
#976=EDGE_CURVE('',#743,#744,#379,.T.);
#977=EDGE_CURVE('',#744,#743,#380,.T.);
#978=EDGE_CURVE('',#744,#686,#574,.T.);
#979=EDGE_CURVE('',#745,#686,#381,.T.);
#980=EDGE_CURVE('',#746,#745,#382,.T.);
#981=EDGE_CURVE('',#747,#746,#383,.T.);
#982=EDGE_CURVE('',#748,#747,#384,.T.);
#983=EDGE_CURVE('',#749,#748,#385,.T.);
#984=EDGE_CURVE('',#750,#749,#386,.T.);
#985=EDGE_CURVE('',#751,#750,#387,.T.);
#986=EDGE_CURVE('',#752,#751,#388,.T.);
#987=EDGE_CURVE('',#753,#752,#389,.T.);
#988=EDGE_CURVE('',#754,#753,#390,.T.);
#989=EDGE_CURVE('',#755,#754,#391,.T.);
#990=EDGE_CURVE('',#756,#755,#392,.T.);
#991=EDGE_CURVE('',#757,#756,#393,.T.);
#992=EDGE_CURVE('',#758,#757,#394,.T.);
#993=EDGE_CURVE('',#759,#758,#395,.T.);
#994=EDGE_CURVE('',#760,#759,#396,.T.);
#995=EDGE_CURVE('',#761,#760,#397,.T.);
#996=EDGE_CURVE('',#762,#761,#398,.T.);
#997=EDGE_CURVE('',#763,#762,#399,.T.);
#998=EDGE_CURVE('',#764,#763,#400,.T.);
#999=EDGE_CURVE('',#765,#764,#401,.T.);
#1000=EDGE_CURVE('',#766,#765,#402,.T.);
#1001=EDGE_CURVE('',#767,#766,#403,.T.);
#1002=EDGE_CURVE('',#768,#767,#404,.T.);
#1003=EDGE_CURVE('',#769,#768,#405,.T.);
#1004=EDGE_CURVE('',#770,#769,#406,.T.);
#1005=EDGE_CURVE('',#771,#770,#407,.T.);
#1006=EDGE_CURVE('',#772,#771,#408,.T.);
#1007=EDGE_CURVE('',#773,#772,#409,.T.);
#1008=EDGE_CURVE('',#774,#773,#410,.T.);
#1009=EDGE_CURVE('',#775,#774,#411,.T.);
#1010=EDGE_CURVE('',#776,#775,#412,.T.);
#1011=EDGE_CURVE('',#777,#776,#413,.T.);
#1012=EDGE_CURVE('',#778,#777,#414,.T.);
#1013=EDGE_CURVE('',#779,#778,#415,.T.);
#1014=EDGE_CURVE('',#780,#779,#416,.T.);
#1015=EDGE_CURVE('',#781,#780,#417,.T.);
#1016=EDGE_CURVE('',#782,#781,#418,.T.);
#1017=EDGE_CURVE('',#783,#782,#419,.T.);
#1018=EDGE_CURVE('',#784,#783,#420,.T.);
#1019=EDGE_CURVE('',#687,#784,#421,.T.);
#1020=EDGE_CURVE('',#785,#786,#422,.T.);
#1021=EDGE_CURVE('',#787,#785,#423,.T.);
#1022=EDGE_CURVE('',#788,#787,#424,.T.);
#1023=EDGE_CURVE('',#789,#788,#425,.T.);
#1024=EDGE_CURVE('',#790,#789,#426,.T.);
#1025=EDGE_CURVE('',#791,#790,#427,.T.);
#1026=EDGE_CURVE('',#792,#791,#428,.T.);
#1027=EDGE_CURVE('',#793,#792,#429,.T.);
#1028=EDGE_CURVE('',#794,#793,#430,.T.);
#1029=EDGE_CURVE('',#795,#794,#431,.T.);
#1030=EDGE_CURVE('',#795,#796,#575,.T.);
#1031=EDGE_CURVE('',#797,#796,#432,.T.);
#1032=EDGE_CURVE('',#798,#797,#433,.T.);
#1033=EDGE_CURVE('',#796,#798,#434,.T.);
#1034=EDGE_CURVE('',#680,#795,#435,.T.);
#1035=EDGE_CURVE('',#689,#679,#436,.T.);
#1036=EDGE_CURVE('',#799,#688,#437,.T.);
#1037=EDGE_CURVE('',#800,#799,#438,.T.);
#1038=EDGE_CURVE('',#801,#800,#439,.T.);
#1039=EDGE_CURVE('',#802,#801,#440,.T.);
#1040=EDGE_CURVE('',#803,#802,#441,.T.);
#1041=EDGE_CURVE('',#804,#803,#442,.T.);
#1042=EDGE_CURVE('',#805,#804,#443,.T.);
#1043=EDGE_CURVE('',#806,#805,#444,.T.);
#1044=EDGE_CURVE('',#807,#806,#445,.T.);
#1045=EDGE_CURVE('',#808,#807,#446,.T.);
#1046=EDGE_CURVE('',#809,#808,#447,.T.);
#1047=EDGE_CURVE('',#810,#809,#448,.T.);
#1048=EDGE_CURVE('',#811,#810,#449,.T.);
#1049=EDGE_CURVE('',#812,#811,#450,.T.);
#1050=EDGE_CURVE('',#813,#812,#451,.T.);
#1051=EDGE_CURVE('',#814,#813,#452,.T.);
#1052=EDGE_CURVE('',#815,#814,#453,.T.);
#1053=EDGE_CURVE('',#816,#815,#454,.T.);
#1054=EDGE_CURVE('',#817,#816,#455,.T.);
#1055=EDGE_CURVE('',#818,#817,#456,.T.);
#1056=EDGE_CURVE('',#819,#818,#457,.T.);
#1057=EDGE_CURVE('',#820,#819,#458,.T.);
#1058=EDGE_CURVE('',#821,#820,#459,.T.);
#1059=EDGE_CURVE('',#822,#821,#460,.T.);
#1060=EDGE_CURVE('',#823,#822,#461,.T.);
#1061=EDGE_CURVE('',#824,#823,#462,.T.);
#1062=EDGE_CURVE('',#825,#824,#463,.T.);
#1063=EDGE_CURVE('',#786,#825,#464,.T.);
#1064=EDGE_CURVE('',#815,#826,#465,.T.);
#1065=EDGE_CURVE('',#826,#827,#316,.T.);
#1066=EDGE_CURVE('',#827,#828,#466,.T.);
#1067=EDGE_CURVE('',#765,#828,#317,.T.);
#1068=EDGE_CURVE('',#829,#765,#318,.T.);
#1069=EDGE_CURVE('',#829,#815,#467,.T.);
#1070=EDGE_CURVE('',#830,#830,#319,.T.);
#1071=EDGE_CURVE('',#828,#766,#468,.T.);
#1072=EDGE_CURVE('',#820,#761,#469,.T.);
#1073=EDGE_CURVE('',#760,#821,#470,.T.);
#1074=EDGE_CURVE('',#816,#829,#471,.T.);
#1075=EDGE_CURVE('',#764,#817,#472,.T.);
#1076=EDGE_CURVE('',#791,#749,#473,.T.);
#1077=EDGE_CURVE('',#748,#792,#474,.T.);
#1078=EDGE_CURVE('',#691,#745,#475,.T.);
#1079=EDGE_CURVE('',#685,#690,#476,.T.);
#1080=EDGE_CURVE('',#813,#770,#477,.T.);
#1081=EDGE_CURVE('',#769,#814,#478,.T.);
#1082=EDGE_CURVE('',#787,#753,#479,.T.);
#1083=EDGE_CURVE('',#752,#788,#480,.T.);
#1084=EDGE_CURVE('',#801,#782,#481,.T.);
#1085=EDGE_CURVE('',#781,#802,#482,.T.);
#1086=EDGE_CURVE('',#809,#774,#483,.T.);
#1087=EDGE_CURVE('',#773,#810,#484,.T.);
#1088=EDGE_CURVE('',#824,#757,#485,.T.);
#1089=EDGE_CURVE('',#756,#825,#486,.T.);
#1090=EDGE_CURVE('',#805,#778,#487,.T.);
#1091=EDGE_CURVE('',#777,#806,#488,.T.);
#1092=EDGE_CURVE('',#823,#758,#489,.T.);
#1093=EDGE_CURVE('',#819,#762,#490,.T.);
#1094=EDGE_CURVE('',#794,#746,#491,.T.);
#1095=EDGE_CURVE('',#681,#677,#492,.T.);
#1096=EDGE_CURVE('',#768,#826,#493,.T.);
#1097=EDGE_CURVE('',#790,#750,#494,.T.);
#1098=EDGE_CURVE('',#784,#799,#495,.T.);
#1099=EDGE_CURVE('',#772,#811,#496,.T.);
#1100=EDGE_CURVE('',#785,#754,#497,.T.);
#1101=EDGE_CURVE('',#780,#803,#498,.T.);
#1102=EDGE_CURVE('',#767,#827,#499,.T.);
#1103=EDGE_CURVE('',#822,#759,#500,.T.);
#1104=EDGE_CURVE('',#818,#763,#501,.T.);
#1105=EDGE_CURVE('',#793,#747,#502,.T.);
#1106=EDGE_CURVE('',#682,#678,#503,.T.);
#1107=EDGE_CURVE('',#771,#812,#504,.T.);
#1108=EDGE_CURVE('',#789,#751,#505,.T.);
#1109=EDGE_CURVE('',#783,#800,#506,.T.);
#1110=EDGE_CURVE('',#775,#808,#507,.T.);
#1111=EDGE_CURVE('',#786,#755,#508,.T.);
#1112=EDGE_CURVE('',#779,#804,#509,.T.);
#1113=EDGE_CURVE('',#831,#831,#320,.T.);
#1114=EDGE_CURVE('',#831,#798,#576,.T.);
#1115=EDGE_CURVE('',#796,#737,#577,.T.);
#1116=EDGE_CURVE('',#830,#832,#578,.T.);
#1117=EDGE_CURVE('',#832,#832,#321,.T.);
#1118=EDGE_CURVE('',#833,#834,#322,.T.);
#1119=EDGE_CURVE('',#833,#832,#579,.T.);
#1120=EDGE_CURVE('',#834,#833,#323,.T.);
#1121=EDGE_CURVE('',#776,#807,#510,.T.);
#1122=EDGE_CURVE('',#663,#835,#511,.T.);
#1123=EDGE_CURVE('',#836,#835,#324,.T.);
#1124=EDGE_CURVE('',#837,#836,#325,.T.);
#1125=EDGE_CURVE('',#837,#664,#512,.T.);
#1126=EDGE_CURVE('',#660,#837,#513,.T.);
#1127=EDGE_CURVE('',#838,#648,#514,.T.);
#1128=EDGE_CURVE('',#838,#676,#515,.T.);
#1129=EDGE_CURVE('',#648,#839,#326,.F.);
#1130=EDGE_CURVE('',#839,#647,#327,.F.);
#1131=EDGE_CURVE('',#647,#840,#516,.T.);
#1132=EDGE_CURVE('',#840,#838,#328,.T.);
#1133=EDGE_CURVE('',#840,#675,#517,.T.);
#1134=EDGE_CURVE('',#835,#659,#518,.T.);
#1135=EDGE_CURVE('',#835,#837,#329,.T.);
#1136=EDGE_CURVE('',#742,#834,#330,.T.);
#1137=EDGE_CURVE('',#707,#739,#331,.T.);
#1138=EDGE_CURVE('',#839,#831,#580,.T.);
#1139=EDGE_CURVE('',#709,#836,#581,.T.);
#1140=ORIENTED_EDGE('',*,*,#841,.F.);
#1141=ORIENTED_EDGE('',*,*,#842,.T.);
#1142=ORIENTED_EDGE('',*,*,#843,.T.);
#1143=ORIENTED_EDGE('',*,*,#844,.T.);
#1144=ORIENTED_EDGE('',*,*,#845,.F.);
#1145=ORIENTED_EDGE('',*,*,#846,.T.);
#1146=ORIENTED_EDGE('',*,*,#841,.T.);
#1147=ORIENTED_EDGE('',*,*,#847,.T.);
#1148=ORIENTED_EDGE('',*,*,#848,.F.);
#1149=ORIENTED_EDGE('',*,*,#849,.T.);
#1150=ORIENTED_EDGE('',*,*,#845,.T.);
#1151=ORIENTED_EDGE('',*,*,#850,.T.);
#1152=ORIENTED_EDGE('',*,*,#851,.F.);
#1153=ORIENTED_EDGE('',*,*,#852,.T.);
#1154=ORIENTED_EDGE('',*,*,#848,.T.);
#1155=ORIENTED_EDGE('',*,*,#853,.T.);
#1156=ORIENTED_EDGE('',*,*,#854,.F.);
#1157=ORIENTED_EDGE('',*,*,#855,.T.);
#1158=ORIENTED_EDGE('',*,*,#851,.T.);
#1159=ORIENTED_EDGE('',*,*,#856,.T.);
#1160=ORIENTED_EDGE('',*,*,#857,.F.);
#1161=ORIENTED_EDGE('',*,*,#858,.T.);
#1162=ORIENTED_EDGE('',*,*,#854,.T.);
#1163=ORIENTED_EDGE('',*,*,#859,.T.);
#1164=ORIENTED_EDGE('',*,*,#860,.F.);
#1165=ORIENTED_EDGE('',*,*,#861,.T.);
#1166=ORIENTED_EDGE('',*,*,#857,.T.);
#1167=ORIENTED_EDGE('',*,*,#862,.T.);
#1168=ORIENTED_EDGE('',*,*,#863,.F.);
#1169=ORIENTED_EDGE('',*,*,#864,.T.);
#1170=ORIENTED_EDGE('',*,*,#865,.F.);
#1171=ORIENTED_EDGE('',*,*,#866,.F.);
#1172=ORIENTED_EDGE('',*,*,#867,.F.);
#1173=ORIENTED_EDGE('',*,*,#868,.T.);
#1174=ORIENTED_EDGE('',*,*,#863,.T.);
#1175=ORIENTED_EDGE('',*,*,#869,.F.);
#1176=ORIENTED_EDGE('',*,*,#870,.F.);
#1177=ORIENTED_EDGE('',*,*,#871,.T.);
#1178=ORIENTED_EDGE('',*,*,#867,.T.);
#1179=ORIENTED_EDGE('',*,*,#872,.F.);
#1180=ORIENTED_EDGE('',*,*,#873,.F.);
#1181=ORIENTED_EDGE('',*,*,#874,.T.);
#1182=ORIENTED_EDGE('',*,*,#870,.T.);
#1183=ORIENTED_EDGE('',*,*,#875,.F.);
#1184=ORIENTED_EDGE('',*,*,#876,.F.);
#1185=ORIENTED_EDGE('',*,*,#877,.T.);
#1186=ORIENTED_EDGE('',*,*,#873,.T.);
#1187=ORIENTED_EDGE('',*,*,#878,.F.);
#1188=ORIENTED_EDGE('',*,*,#879,.F.);
#1189=ORIENTED_EDGE('',*,*,#880,.T.);
#1190=ORIENTED_EDGE('',*,*,#876,.T.);
#1191=ORIENTED_EDGE('',*,*,#881,.F.);
#1192=ORIENTED_EDGE('',*,*,#882,.F.);
#1193=ORIENTED_EDGE('',*,*,#883,.T.);
#1194=ORIENTED_EDGE('',*,*,#879,.T.);
#1195=ORIENTED_EDGE('',*,*,#884,.F.);
#1196=ORIENTED_EDGE('',*,*,#885,.T.);
#1197=ORIENTED_EDGE('',*,*,#886,.T.);
#1198=ORIENTED_EDGE('',*,*,#887,.T.);
#1199=ORIENTED_EDGE('',*,*,#888,.F.);
#1200=ORIENTED_EDGE('',*,*,#889,.F.);
#1201=ORIENTED_EDGE('',*,*,#890,.F.);
#1202=ORIENTED_EDGE('',*,*,#891,.F.);
#1203=ORIENTED_EDGE('',*,*,#892,.T.);
#1204=ORIENTED_EDGE('',*,*,#893,.T.);
#1205=ORIENTED_EDGE('',*,*,#894,.T.);
#1206=ORIENTED_EDGE('',*,*,#895,.T.);
#1207=ORIENTED_EDGE('',*,*,#896,.T.);
#1208=ORIENTED_EDGE('',*,*,#897,.T.);
#1209=ORIENTED_EDGE('',*,*,#898,.F.);
#1210=ORIENTED_EDGE('',*,*,#899,.T.);
#1211=ORIENTED_EDGE('',*,*,#900,.F.);
#1212=ORIENTED_EDGE('',*,*,#901,.T.);
#1213=ORIENTED_EDGE('',*,*,#902,.T.);
#1214=ORIENTED_EDGE('',*,*,#903,.T.);
#1215=ORIENTED_EDGE('',*,*,#904,.F.);
#1216=ORIENTED_EDGE('',*,*,#905,.F.);
#1217=ORIENTED_EDGE('',*,*,#906,.F.);
#1218=ORIENTED_EDGE('',*,*,#907,.F.);
#1219=ORIENTED_EDGE('',*,*,#908,.F.);
#1220=ORIENTED_EDGE('',*,*,#903,.F.);
#1221=ORIENTED_EDGE('',*,*,#909,.F.);
#1222=ORIENTED_EDGE('',*,*,#902,.F.);
#1223=ORIENTED_EDGE('',*,*,#910,.F.);
#1224=ORIENTED_EDGE('',*,*,#911,.F.);
#1225=ORIENTED_EDGE('',*,*,#912,.F.);
#1226=ORIENTED_EDGE('',*,*,#904,.T.);
#1227=ORIENTED_EDGE('',*,*,#908,.T.);
#1228=ORIENTED_EDGE('',*,*,#906,.T.);
#1229=ORIENTED_EDGE('',*,*,#913,.F.);
#1230=ORIENTED_EDGE('',*,*,#914,.F.);
#1231=ORIENTED_EDGE('',*,*,#915,.F.);
#1232=ORIENTED_EDGE('',*,*,#916,.T.);
#1233=ORIENTED_EDGE('',*,*,#905,.T.);
#1234=ORIENTED_EDGE('',*,*,#912,.T.);
#1235=ORIENTED_EDGE('',*,*,#917,.F.);
#1236=ORIENTED_EDGE('',*,*,#918,.F.);
#1237=ORIENTED_EDGE('',*,*,#919,.F.);
#1238=ORIENTED_EDGE('',*,*,#920,.F.);
#1239=ORIENTED_EDGE('',*,*,#913,.T.);
#1240=ORIENTED_EDGE('',*,*,#909,.T.);
#1241=ORIENTED_EDGE('',*,*,#921,.T.);
#1242=ORIENTED_EDGE('',*,*,#922,.T.);
#1243=ORIENTED_EDGE('',*,*,#923,.T.);
#1244=ORIENTED_EDGE('',*,*,#924,.F.);
#1245=ORIENTED_EDGE('',*,*,#925,.T.);
#1246=ORIENTED_EDGE('',*,*,#926,.F.);
#1247=ORIENTED_EDGE('',*,*,#927,.T.);
#1248=ORIENTED_EDGE('',*,*,#928,.T.);
#1249=ORIENTED_EDGE('',*,*,#921,.F.);
#1250=ORIENTED_EDGE('',*,*,#929,.F.);
#1251=ORIENTED_EDGE('',*,*,#930,.T.);
#1252=ORIENTED_EDGE('',*,*,#926,.T.);
#1253=ORIENTED_EDGE('',*,*,#931,.T.);
#1254=ORIENTED_EDGE('',*,*,#929,.T.);
#1255=ORIENTED_EDGE('',*,*,#932,.F.);
#1256=ORIENTED_EDGE('',*,*,#933,.T.);
#1257=ORIENTED_EDGE('',*,*,#934,.F.);
#1258=ORIENTED_EDGE('',*,*,#935,.F.);
#1259=ORIENTED_EDGE('',*,*,#936,.F.);
#1260=ORIENTED_EDGE('',*,*,#931,.F.);
#1261=ORIENTED_EDGE('',*,*,#925,.F.);
#1262=ORIENTED_EDGE('',*,*,#937,.F.);
#1263=ORIENTED_EDGE('',*,*,#932,.T.);
#1264=ORIENTED_EDGE('',*,*,#933,.F.);
#1265=ORIENTED_EDGE('',*,*,#937,.T.);
#1266=ORIENTED_EDGE('',*,*,#924,.T.);
#1267=ORIENTED_EDGE('',*,*,#938,.T.);
#1268=ORIENTED_EDGE('',*,*,#938,.F.);
#1269=ORIENTED_EDGE('',*,*,#923,.F.);
#1270=ORIENTED_EDGE('',*,*,#939,.F.);
#1271=ORIENTED_EDGE('',*,*,#934,.T.);
#1272=ORIENTED_EDGE('',*,*,#930,.F.);
#1273=ORIENTED_EDGE('',*,*,#936,.T.);
#1274=ORIENTED_EDGE('',*,*,#940,.F.);
#1275=ORIENTED_EDGE('',*,*,#927,.F.);
#1276=ORIENTED_EDGE('',*,*,#911,.T.);
#1277=ORIENTED_EDGE('',*,*,#941,.T.);
#1278=ORIENTED_EDGE('',*,*,#942,.F.);
#1279=ORIENTED_EDGE('',*,*,#917,.T.);
#1280=ORIENTED_EDGE('',*,*,#943,.F.);
#1281=ORIENTED_EDGE('',*,*,#944,.T.);
#1282=ORIENTED_EDGE('',*,*,#945,.T.);
#1283=ORIENTED_EDGE('',*,*,#946,.T.);
#1284=ORIENTED_EDGE('',*,*,#946,.F.);
#1285=ORIENTED_EDGE('',*,*,#947,.F.);
#1286=ORIENTED_EDGE('',*,*,#948,.F.);
#1287=ORIENTED_EDGE('',*,*,#949,.F.);
#1288=ORIENTED_EDGE('',*,*,#950,.T.);
#1289=ORIENTED_EDGE('',*,*,#951,.F.);
#1290=ORIENTED_EDGE('',*,*,#952,.T.);
#1291=ORIENTED_EDGE('',*,*,#953,.T.);
#1292=ORIENTED_EDGE('',*,*,#954,.T.);
#1293=ORIENTED_EDGE('',*,*,#944,.F.);
#1294=ORIENTED_EDGE('',*,*,#955,.T.);
#1295=ORIENTED_EDGE('',*,*,#954,.F.);
#1296=ORIENTED_EDGE('',*,*,#956,.F.);
#1297=ORIENTED_EDGE('',*,*,#952,.F.);
#1298=ORIENTED_EDGE('',*,*,#957,.T.);
#1299=ORIENTED_EDGE('',*,*,#958,.F.);
#1300=ORIENTED_EDGE('',*,*,#959,.F.);
#1301=ORIENTED_EDGE('',*,*,#960,.F.);
#1302=ORIENTED_EDGE('',*,*,#943,.T.);
#1303=ORIENTED_EDGE('',*,*,#950,.F.);
#1304=ORIENTED_EDGE('',*,*,#961,.F.);
#1305=ORIENTED_EDGE('',*,*,#957,.F.);
#1306=ORIENTED_EDGE('',*,*,#951,.T.);
#1307=ORIENTED_EDGE('',*,*,#955,.F.);
#1308=ORIENTED_EDGE('',*,*,#958,.T.);
#1309=ORIENTED_EDGE('',*,*,#961,.T.);
#1310=ORIENTED_EDGE('',*,*,#949,.T.);
#1311=ORIENTED_EDGE('',*,*,#962,.F.);
#1312=ORIENTED_EDGE('',*,*,#963,.T.);
#1313=ORIENTED_EDGE('',*,*,#900,.T.);
#1314=ORIENTED_EDGE('',*,*,#964,.T.);
#1315=ORIENTED_EDGE('',*,*,#891,.T.);
#1316=ORIENTED_EDGE('',*,*,#959,.T.);
#1317=ORIENTED_EDGE('',*,*,#962,.T.);
#1318=ORIENTED_EDGE('',*,*,#948,.T.);
#1319=ORIENTED_EDGE('',*,*,#965,.T.);
#1320=ORIENTED_EDGE('',*,*,#966,.T.);
#1321=ORIENTED_EDGE('',*,*,#907,.T.);
#1322=ORIENTED_EDGE('',*,*,#916,.F.);
#1323=ORIENTED_EDGE('',*,*,#967,.F.);
#1324=ORIENTED_EDGE('',*,*,#968,.F.);
#1325=ORIENTED_EDGE('',*,*,#969,.F.);
#1326=ORIENTED_EDGE('',*,*,#941,.F.);
#1327=ORIENTED_EDGE('',*,*,#910,.T.);
#1328=ORIENTED_EDGE('',*,*,#967,.T.);
#1329=ORIENTED_EDGE('',*,*,#915,.T.);
#1330=ORIENTED_EDGE('',*,*,#970,.T.);
#1331=ORIENTED_EDGE('',*,*,#971,.F.);
#1332=ORIENTED_EDGE('',*,*,#970,.F.);
#1333=ORIENTED_EDGE('',*,*,#914,.T.);
#1334=ORIENTED_EDGE('',*,*,#920,.T.);
#1335=ORIENTED_EDGE('',*,*,#972,.F.);
#1336=ORIENTED_EDGE('',*,*,#971,.T.);
#1337=ORIENTED_EDGE('',*,*,#973,.T.);
#1338=ORIENTED_EDGE('',*,*,#974,.T.);
#1339=ORIENTED_EDGE('',*,*,#973,.F.);
#1340=ORIENTED_EDGE('',*,*,#974,.F.);
#1341=ORIENTED_EDGE('',*,*,#975,.F.);
#1342=ORIENTED_EDGE('',*,*,#976,.F.);
#1343=ORIENTED_EDGE('',*,*,#977,.F.);
#1344=ORIENTED_EDGE('',*,*,#978,.T.);
#1345=ORIENTED_EDGE('',*,*,#979,.F.);
#1346=ORIENTED_EDGE('',*,*,#980,.F.);
#1347=ORIENTED_EDGE('',*,*,#981,.F.);
#1348=ORIENTED_EDGE('',*,*,#982,.F.);
#1349=ORIENTED_EDGE('',*,*,#983,.F.);
#1350=ORIENTED_EDGE('',*,*,#984,.F.);
#1351=ORIENTED_EDGE('',*,*,#985,.F.);
#1352=ORIENTED_EDGE('',*,*,#986,.F.);
#1353=ORIENTED_EDGE('',*,*,#987,.F.);
#1354=ORIENTED_EDGE('',*,*,#988,.F.);
#1355=ORIENTED_EDGE('',*,*,#989,.F.);
#1356=ORIENTED_EDGE('',*,*,#990,.F.);
#1357=ORIENTED_EDGE('',*,*,#991,.F.);
#1358=ORIENTED_EDGE('',*,*,#992,.F.);
#1359=ORIENTED_EDGE('',*,*,#993,.F.);
#1360=ORIENTED_EDGE('',*,*,#994,.F.);
#1361=ORIENTED_EDGE('',*,*,#995,.F.);
#1362=ORIENTED_EDGE('',*,*,#996,.F.);
#1363=ORIENTED_EDGE('',*,*,#997,.F.);
#1364=ORIENTED_EDGE('',*,*,#998,.F.);
#1365=ORIENTED_EDGE('',*,*,#999,.F.);
#1366=ORIENTED_EDGE('',*,*,#1000,.F.);
#1367=ORIENTED_EDGE('',*,*,#1001,.F.);
#1368=ORIENTED_EDGE('',*,*,#1002,.F.);
#1369=ORIENTED_EDGE('',*,*,#1003,.F.);
#1370=ORIENTED_EDGE('',*,*,#1004,.F.);
#1371=ORIENTED_EDGE('',*,*,#1005,.F.);
#1372=ORIENTED_EDGE('',*,*,#1006,.F.);
#1373=ORIENTED_EDGE('',*,*,#1007,.F.);
#1374=ORIENTED_EDGE('',*,*,#1008,.F.);
#1375=ORIENTED_EDGE('',*,*,#1009,.F.);
#1376=ORIENTED_EDGE('',*,*,#1010,.F.);
#1377=ORIENTED_EDGE('',*,*,#1011,.F.);
#1378=ORIENTED_EDGE('',*,*,#1012,.F.);
#1379=ORIENTED_EDGE('',*,*,#1013,.F.);
#1380=ORIENTED_EDGE('',*,*,#1014,.F.);
#1381=ORIENTED_EDGE('',*,*,#1015,.F.);
#1382=ORIENTED_EDGE('',*,*,#1016,.F.);
#1383=ORIENTED_EDGE('',*,*,#1017,.F.);
#1384=ORIENTED_EDGE('',*,*,#1018,.F.);
#1385=ORIENTED_EDGE('',*,*,#1019,.F.);
#1386=ORIENTED_EDGE('',*,*,#894,.F.);
#1387=ORIENTED_EDGE('',*,*,#978,.F.);
#1388=ORIENTED_EDGE('',*,*,#1020,.F.);
#1389=ORIENTED_EDGE('',*,*,#1021,.F.);
#1390=ORIENTED_EDGE('',*,*,#1022,.F.);
#1391=ORIENTED_EDGE('',*,*,#1023,.F.);
#1392=ORIENTED_EDGE('',*,*,#1024,.F.);
#1393=ORIENTED_EDGE('',*,*,#1025,.F.);
#1394=ORIENTED_EDGE('',*,*,#1026,.F.);
#1395=ORIENTED_EDGE('',*,*,#1027,.F.);
#1396=ORIENTED_EDGE('',*,*,#1028,.F.);
#1397=ORIENTED_EDGE('',*,*,#1029,.F.);
#1398=ORIENTED_EDGE('',*,*,#1030,.T.);
#1399=ORIENTED_EDGE('',*,*,#1031,.F.);
#1400=ORIENTED_EDGE('',*,*,#1032,.F.);
#1401=ORIENTED_EDGE('',*,*,#1033,.F.);
#1402=ORIENTED_EDGE('',*,*,#1030,.F.);
#1403=ORIENTED_EDGE('',*,*,#1034,.F.);
#1404=ORIENTED_EDGE('',*,*,#887,.F.);
#1405=ORIENTED_EDGE('',*,*,#1035,.F.);
#1406=ORIENTED_EDGE('',*,*,#896,.F.);
#1407=ORIENTED_EDGE('',*,*,#1036,.F.);
#1408=ORIENTED_EDGE('',*,*,#1037,.F.);
#1409=ORIENTED_EDGE('',*,*,#1038,.F.);
#1410=ORIENTED_EDGE('',*,*,#1039,.F.);
#1411=ORIENTED_EDGE('',*,*,#1040,.F.);
#1412=ORIENTED_EDGE('',*,*,#1041,.F.);
#1413=ORIENTED_EDGE('',*,*,#1042,.F.);
#1414=ORIENTED_EDGE('',*,*,#1043,.F.);
#1415=ORIENTED_EDGE('',*,*,#1044,.F.);
#1416=ORIENTED_EDGE('',*,*,#1045,.F.);
#1417=ORIENTED_EDGE('',*,*,#1046,.F.);
#1418=ORIENTED_EDGE('',*,*,#1047,.F.);
#1419=ORIENTED_EDGE('',*,*,#1048,.F.);
#1420=ORIENTED_EDGE('',*,*,#1049,.F.);
#1421=ORIENTED_EDGE('',*,*,#1050,.F.);
#1422=ORIENTED_EDGE('',*,*,#1051,.F.);
#1423=ORIENTED_EDGE('',*,*,#1052,.F.);
#1424=ORIENTED_EDGE('',*,*,#1053,.F.);
#1425=ORIENTED_EDGE('',*,*,#1054,.F.);
#1426=ORIENTED_EDGE('',*,*,#1055,.F.);
#1427=ORIENTED_EDGE('',*,*,#1056,.F.);
#1428=ORIENTED_EDGE('',*,*,#1057,.F.);
#1429=ORIENTED_EDGE('',*,*,#1058,.F.);
#1430=ORIENTED_EDGE('',*,*,#1059,.F.);
#1431=ORIENTED_EDGE('',*,*,#1060,.F.);
#1432=ORIENTED_EDGE('',*,*,#1061,.F.);
#1433=ORIENTED_EDGE('',*,*,#1062,.F.);
#1434=ORIENTED_EDGE('',*,*,#1063,.F.);
#1435=ORIENTED_EDGE('',*,*,#1064,.T.);
#1436=ORIENTED_EDGE('',*,*,#1065,.T.);
#1437=ORIENTED_EDGE('',*,*,#1066,.T.);
#1438=ORIENTED_EDGE('',*,*,#1067,.F.);
#1439=ORIENTED_EDGE('',*,*,#1068,.F.);
#1440=ORIENTED_EDGE('',*,*,#1069,.T.);
#1441=ORIENTED_EDGE('',*,*,#1070,.F.);
#1442=ORIENTED_EDGE('',*,*,#1000,.T.);
#1443=ORIENTED_EDGE('',*,*,#1067,.T.);
#1444=ORIENTED_EDGE('',*,*,#1071,.T.);
#1445=ORIENTED_EDGE('',*,*,#1058,.T.);
#1446=ORIENTED_EDGE('',*,*,#1072,.T.);
#1447=ORIENTED_EDGE('',*,*,#995,.T.);
#1448=ORIENTED_EDGE('',*,*,#1073,.T.);
#1449=ORIENTED_EDGE('',*,*,#1054,.T.);
#1450=ORIENTED_EDGE('',*,*,#1074,.T.);
#1451=ORIENTED_EDGE('',*,*,#1068,.T.);
#1452=ORIENTED_EDGE('',*,*,#999,.T.);
#1453=ORIENTED_EDGE('',*,*,#1075,.T.);
#1454=ORIENTED_EDGE('',*,*,#1026,.T.);
#1455=ORIENTED_EDGE('',*,*,#1076,.T.);
#1456=ORIENTED_EDGE('',*,*,#983,.T.);
#1457=ORIENTED_EDGE('',*,*,#1077,.T.);
#1458=ORIENTED_EDGE('',*,*,#898,.T.);
#1459=ORIENTED_EDGE('',*,*,#1078,.T.);
#1460=ORIENTED_EDGE('',*,*,#979,.T.);
#1461=ORIENTED_EDGE('',*,*,#893,.F.);
#1462=ORIENTED_EDGE('',*,*,#1079,.T.);
#1463=ORIENTED_EDGE('',*,*,#1051,.T.);
#1464=ORIENTED_EDGE('',*,*,#1080,.T.);
#1465=ORIENTED_EDGE('',*,*,#1004,.T.);
#1466=ORIENTED_EDGE('',*,*,#1081,.T.);
#1467=ORIENTED_EDGE('',*,*,#1022,.T.);
#1468=ORIENTED_EDGE('',*,*,#1082,.T.);
#1469=ORIENTED_EDGE('',*,*,#987,.T.);
#1470=ORIENTED_EDGE('',*,*,#1083,.T.);
#1471=ORIENTED_EDGE('',*,*,#1039,.T.);
#1472=ORIENTED_EDGE('',*,*,#1084,.T.);
#1473=ORIENTED_EDGE('',*,*,#1016,.T.);
#1474=ORIENTED_EDGE('',*,*,#1085,.T.);
#1475=ORIENTED_EDGE('',*,*,#1047,.T.);
#1476=ORIENTED_EDGE('',*,*,#1086,.T.);
#1477=ORIENTED_EDGE('',*,*,#1008,.T.);
#1478=ORIENTED_EDGE('',*,*,#1087,.T.);
#1479=ORIENTED_EDGE('',*,*,#1062,.T.);
#1480=ORIENTED_EDGE('',*,*,#1088,.T.);
#1481=ORIENTED_EDGE('',*,*,#991,.T.);
#1482=ORIENTED_EDGE('',*,*,#1089,.T.);
#1483=ORIENTED_EDGE('',*,*,#1043,.T.);
#1484=ORIENTED_EDGE('',*,*,#1090,.T.);
#1485=ORIENTED_EDGE('',*,*,#1012,.T.);
#1486=ORIENTED_EDGE('',*,*,#1091,.T.);
#1487=ORIENTED_EDGE('',*,*,#1053,.T.);
#1488=ORIENTED_EDGE('',*,*,#1069,.F.);
#1489=ORIENTED_EDGE('',*,*,#1074,.F.);
#1490=ORIENTED_EDGE('',*,*,#1061,.T.);
#1491=ORIENTED_EDGE('',*,*,#1092,.T.);
#1492=ORIENTED_EDGE('',*,*,#992,.T.);
#1493=ORIENTED_EDGE('',*,*,#1088,.F.);
#1494=ORIENTED_EDGE('',*,*,#1057,.T.);
#1495=ORIENTED_EDGE('',*,*,#1093,.T.);
#1496=ORIENTED_EDGE('',*,*,#996,.T.);
#1497=ORIENTED_EDGE('',*,*,#1072,.F.);
#1498=ORIENTED_EDGE('',*,*,#1034,.T.);
#1499=ORIENTED_EDGE('',*,*,#1029,.T.);
#1500=ORIENTED_EDGE('',*,*,#1094,.T.);
#1501=ORIENTED_EDGE('',*,*,#980,.T.);
#1502=ORIENTED_EDGE('',*,*,#1078,.F.);
#1503=ORIENTED_EDGE('',*,*,#901,.F.);
#1504=ORIENTED_EDGE('',*,*,#963,.F.);
#1505=ORIENTED_EDGE('',*,*,#890,.T.);
#1506=ORIENTED_EDGE('',*,*,#1095,.T.);
#1507=ORIENTED_EDGE('',*,*,#888,.T.);
#1508=ORIENTED_EDGE('',*,*,#1052,.T.);
#1509=ORIENTED_EDGE('',*,*,#1081,.F.);
#1510=ORIENTED_EDGE('',*,*,#1003,.T.);
#1511=ORIENTED_EDGE('',*,*,#1096,.T.);
#1512=ORIENTED_EDGE('',*,*,#1064,.F.);
#1513=ORIENTED_EDGE('',*,*,#1025,.T.);
#1514=ORIENTED_EDGE('',*,*,#1097,.T.);
#1515=ORIENTED_EDGE('',*,*,#984,.T.);
#1516=ORIENTED_EDGE('',*,*,#1076,.F.);
#1517=ORIENTED_EDGE('',*,*,#1036,.T.);
#1518=ORIENTED_EDGE('',*,*,#895,.F.);
#1519=ORIENTED_EDGE('',*,*,#1019,.T.);
#1520=ORIENTED_EDGE('',*,*,#1098,.T.);
#1521=ORIENTED_EDGE('',*,*,#1048,.T.);
#1522=ORIENTED_EDGE('',*,*,#1087,.F.);
#1523=ORIENTED_EDGE('',*,*,#1007,.T.);
#1524=ORIENTED_EDGE('',*,*,#1099,.T.);
#1525=ORIENTED_EDGE('',*,*,#1021,.T.);
#1526=ORIENTED_EDGE('',*,*,#1100,.T.);
#1527=ORIENTED_EDGE('',*,*,#988,.T.);
#1528=ORIENTED_EDGE('',*,*,#1082,.F.);
#1529=ORIENTED_EDGE('',*,*,#1040,.T.);
#1530=ORIENTED_EDGE('',*,*,#1085,.F.);
#1531=ORIENTED_EDGE('',*,*,#1015,.T.);
#1532=ORIENTED_EDGE('',*,*,#1101,.T.);
#1533=ORIENTED_EDGE('',*,*,#1001,.T.);
#1534=ORIENTED_EDGE('',*,*,#1071,.F.);
#1535=ORIENTED_EDGE('',*,*,#1066,.F.);
#1536=ORIENTED_EDGE('',*,*,#1102,.F.);
#1537=ORIENTED_EDGE('',*,*,#1059,.T.);
#1538=ORIENTED_EDGE('',*,*,#1073,.F.);
#1539=ORIENTED_EDGE('',*,*,#994,.T.);
#1540=ORIENTED_EDGE('',*,*,#1103,.F.);
#1541=ORIENTED_EDGE('',*,*,#1055,.T.);
#1542=ORIENTED_EDGE('',*,*,#1075,.F.);
#1543=ORIENTED_EDGE('',*,*,#998,.T.);
#1544=ORIENTED_EDGE('',*,*,#1104,.F.);
#1545=ORIENTED_EDGE('',*,*,#1027,.T.);
#1546=ORIENTED_EDGE('',*,*,#1077,.F.);
#1547=ORIENTED_EDGE('',*,*,#982,.T.);
#1548=ORIENTED_EDGE('',*,*,#1105,.F.);
#1549=ORIENTED_EDGE('',*,*,#1035,.T.);
#1550=ORIENTED_EDGE('',*,*,#886,.F.);
#1551=ORIENTED_EDGE('',*,*,#1106,.F.);
#1552=ORIENTED_EDGE('',*,*,#892,.F.);
#1553=ORIENTED_EDGE('',*,*,#964,.F.);
#1554=ORIENTED_EDGE('',*,*,#899,.F.);
#1555=ORIENTED_EDGE('',*,*,#1079,.F.);
#1556=ORIENTED_EDGE('',*,*,#897,.F.);
#1557=ORIENTED_EDGE('',*,*,#1050,.T.);
#1558=ORIENTED_EDGE('',*,*,#1107,.F.);
#1559=ORIENTED_EDGE('',*,*,#1005,.T.);
#1560=ORIENTED_EDGE('',*,*,#1080,.F.);
#1561=ORIENTED_EDGE('',*,*,#1023,.T.);
#1562=ORIENTED_EDGE('',*,*,#1083,.F.);
#1563=ORIENTED_EDGE('',*,*,#986,.T.);
#1564=ORIENTED_EDGE('',*,*,#1108,.F.);
#1565=ORIENTED_EDGE('',*,*,#1038,.T.);
#1566=ORIENTED_EDGE('',*,*,#1109,.F.);
#1567=ORIENTED_EDGE('',*,*,#1017,.T.);
#1568=ORIENTED_EDGE('',*,*,#1084,.F.);
#1569=ORIENTED_EDGE('',*,*,#1046,.T.);
#1570=ORIENTED_EDGE('',*,*,#1110,.F.);
#1571=ORIENTED_EDGE('',*,*,#1009,.T.);
#1572=ORIENTED_EDGE('',*,*,#1086,.F.);
#1573=ORIENTED_EDGE('',*,*,#1063,.T.);
#1574=ORIENTED_EDGE('',*,*,#1089,.F.);
#1575=ORIENTED_EDGE('',*,*,#990,.T.);
#1576=ORIENTED_EDGE('',*,*,#1111,.F.);
#1577=ORIENTED_EDGE('',*,*,#1042,.T.);
#1578=ORIENTED_EDGE('',*,*,#1112,.F.);
#1579=ORIENTED_EDGE('',*,*,#1013,.T.);
#1580=ORIENTED_EDGE('',*,*,#1090,.F.);
#1581=ORIENTED_EDGE('',*,*,#1002,.T.);
#1582=ORIENTED_EDGE('',*,*,#1102,.T.);
#1583=ORIENTED_EDGE('',*,*,#1065,.F.);
#1584=ORIENTED_EDGE('',*,*,#1096,.F.);
#1585=ORIENTED_EDGE('',*,*,#1060,.T.);
#1586=ORIENTED_EDGE('',*,*,#1103,.T.);
#1587=ORIENTED_EDGE('',*,*,#993,.T.);
#1588=ORIENTED_EDGE('',*,*,#1092,.F.);
#1589=ORIENTED_EDGE('',*,*,#1056,.T.);
#1590=ORIENTED_EDGE('',*,*,#1104,.T.);
#1591=ORIENTED_EDGE('',*,*,#997,.T.);
#1592=ORIENTED_EDGE('',*,*,#1093,.F.);
#1593=ORIENTED_EDGE('',*,*,#1028,.T.);
#1594=ORIENTED_EDGE('',*,*,#1105,.T.);
#1595=ORIENTED_EDGE('',*,*,#981,.T.);
#1596=ORIENTED_EDGE('',*,*,#1094,.F.);
#1597=ORIENTED_EDGE('',*,*,#889,.T.);
#1598=ORIENTED_EDGE('',*,*,#1106,.T.);
#1599=ORIENTED_EDGE('',*,*,#885,.F.);
#1600=ORIENTED_EDGE('',*,*,#1095,.F.);
#1601=ORIENTED_EDGE('',*,*,#1024,.T.);
#1602=ORIENTED_EDGE('',*,*,#1108,.T.);
#1603=ORIENTED_EDGE('',*,*,#985,.T.);
#1604=ORIENTED_EDGE('',*,*,#1097,.F.);
#1605=ORIENTED_EDGE('',*,*,#1037,.T.);
#1606=ORIENTED_EDGE('',*,*,#1098,.F.);
#1607=ORIENTED_EDGE('',*,*,#1018,.T.);
#1608=ORIENTED_EDGE('',*,*,#1109,.T.);
#1609=ORIENTED_EDGE('',*,*,#1049,.T.);
#1610=ORIENTED_EDGE('',*,*,#1099,.F.);
#1611=ORIENTED_EDGE('',*,*,#1006,.T.);
#1612=ORIENTED_EDGE('',*,*,#1107,.T.);
#1613=ORIENTED_EDGE('',*,*,#1020,.T.);
#1614=ORIENTED_EDGE('',*,*,#1111,.T.);
#1615=ORIENTED_EDGE('',*,*,#989,.T.);
#1616=ORIENTED_EDGE('',*,*,#1100,.F.);
#1617=ORIENTED_EDGE('',*,*,#1041,.T.);
#1618=ORIENTED_EDGE('',*,*,#1101,.F.);
#1619=ORIENTED_EDGE('',*,*,#1014,.T.);
#1620=ORIENTED_EDGE('',*,*,#1112,.T.);
#1621=ORIENTED_EDGE('',*,*,#1113,.F.);
#1622=ORIENTED_EDGE('',*,*,#1114,.T.);
#1623=ORIENTED_EDGE('',*,*,#1032,.T.);
#1624=ORIENTED_EDGE('',*,*,#1031,.T.);
#1625=ORIENTED_EDGE('',*,*,#1115,.T.);
#1626=ORIENTED_EDGE('',*,*,#965,.F.);
#1627=ORIENTED_EDGE('',*,*,#947,.T.);
#1628=ORIENTED_EDGE('',*,*,#945,.F.);
#1629=ORIENTED_EDGE('',*,*,#956,.T.);
#1630=ORIENTED_EDGE('',*,*,#953,.F.);
#1631=ORIENTED_EDGE('',*,*,#960,.T.);
#1632=ORIENTED_EDGE('',*,*,#966,.F.);
#1633=ORIENTED_EDGE('',*,*,#1115,.F.);
#1634=ORIENTED_EDGE('',*,*,#1033,.T.);
#1635=ORIENTED_EDGE('',*,*,#1114,.F.);
#1636=ORIENTED_EDGE('',*,*,#976,.T.);
#1637=ORIENTED_EDGE('',*,*,#977,.T.);
#1638=ORIENTED_EDGE('',*,*,#1070,.T.);
#1639=ORIENTED_EDGE('',*,*,#1116,.T.);
#1640=ORIENTED_EDGE('',*,*,#1117,.T.);
#1641=ORIENTED_EDGE('',*,*,#1116,.F.);
#1642=ORIENTED_EDGE('',*,*,#1118,.F.);
#1643=ORIENTED_EDGE('',*,*,#1119,.T.);
#1644=ORIENTED_EDGE('',*,*,#1117,.F.);
#1645=ORIENTED_EDGE('',*,*,#1119,.F.);
#1646=ORIENTED_EDGE('',*,*,#1120,.F.);
#1647=ORIENTED_EDGE('',*,*,#1045,.T.);
#1648=ORIENTED_EDGE('',*,*,#1121,.F.);
#1649=ORIENTED_EDGE('',*,*,#1010,.T.);
#1650=ORIENTED_EDGE('',*,*,#1110,.T.);
#1651=ORIENTED_EDGE('',*,*,#1044,.T.);
#1652=ORIENTED_EDGE('',*,*,#1091,.F.);
#1653=ORIENTED_EDGE('',*,*,#1011,.T.);
#1654=ORIENTED_EDGE('',*,*,#1121,.T.);
#1655=ORIENTED_EDGE('',*,*,#865,.T.);
#1656=ORIENTED_EDGE('',*,*,#1122,.T.);
#1657=ORIENTED_EDGE('',*,*,#1123,.F.);
#1658=ORIENTED_EDGE('',*,*,#1124,.F.);
#1659=ORIENTED_EDGE('',*,*,#1125,.T.);
#1660=ORIENTED_EDGE('',*,*,#1125,.F.);
#1661=ORIENTED_EDGE('',*,*,#1126,.F.);
#1662=ORIENTED_EDGE('',*,*,#862,.F.);
#1663=ORIENTED_EDGE('',*,*,#859,.F.);
#1664=ORIENTED_EDGE('',*,*,#856,.F.);
#1665=ORIENTED_EDGE('',*,*,#853,.F.);
#1666=ORIENTED_EDGE('',*,*,#850,.F.);
#1667=ORIENTED_EDGE('',*,*,#847,.F.);
#1668=ORIENTED_EDGE('',*,*,#844,.F.);
#1669=ORIENTED_EDGE('',*,*,#1127,.F.);
#1670=ORIENTED_EDGE('',*,*,#1128,.T.);
#1671=ORIENTED_EDGE('',*,*,#884,.T.);
#1672=ORIENTED_EDGE('',*,*,#881,.T.);
#1673=ORIENTED_EDGE('',*,*,#878,.T.);
#1674=ORIENTED_EDGE('',*,*,#875,.T.);
#1675=ORIENTED_EDGE('',*,*,#872,.T.);
#1676=ORIENTED_EDGE('',*,*,#869,.T.);
#1677=ORIENTED_EDGE('',*,*,#866,.T.);
#1678=ORIENTED_EDGE('',*,*,#1129,.T.);
#1679=ORIENTED_EDGE('',*,*,#1130,.T.);
#1680=ORIENTED_EDGE('',*,*,#1131,.T.);
#1681=ORIENTED_EDGE('',*,*,#1132,.T.);
#1682=ORIENTED_EDGE('',*,*,#1127,.T.);
#1683=ORIENTED_EDGE('',*,*,#882,.T.);
#1684=ORIENTED_EDGE('',*,*,#1128,.F.);
#1685=ORIENTED_EDGE('',*,*,#1132,.F.);
#1686=ORIENTED_EDGE('',*,*,#1133,.T.);
#1687=ORIENTED_EDGE('',*,*,#1122,.F.);
#1688=ORIENTED_EDGE('',*,*,#864,.F.);
#1689=ORIENTED_EDGE('',*,*,#868,.F.);
#1690=ORIENTED_EDGE('',*,*,#871,.F.);
#1691=ORIENTED_EDGE('',*,*,#874,.F.);
#1692=ORIENTED_EDGE('',*,*,#877,.F.);
#1693=ORIENTED_EDGE('',*,*,#880,.F.);
#1694=ORIENTED_EDGE('',*,*,#883,.F.);
#1695=ORIENTED_EDGE('',*,*,#1133,.F.);
#1696=ORIENTED_EDGE('',*,*,#1131,.F.);
#1697=ORIENTED_EDGE('',*,*,#842,.F.);
#1698=ORIENTED_EDGE('',*,*,#846,.F.);
#1699=ORIENTED_EDGE('',*,*,#849,.F.);
#1700=ORIENTED_EDGE('',*,*,#852,.F.);
#1701=ORIENTED_EDGE('',*,*,#855,.F.);
#1702=ORIENTED_EDGE('',*,*,#858,.F.);
#1703=ORIENTED_EDGE('',*,*,#861,.F.);
#1704=ORIENTED_EDGE('',*,*,#1134,.F.);
#1705=ORIENTED_EDGE('',*,*,#860,.T.);
#1706=ORIENTED_EDGE('',*,*,#1126,.T.);
#1707=ORIENTED_EDGE('',*,*,#1135,.F.);
#1708=ORIENTED_EDGE('',*,*,#1134,.T.);
#1709=ORIENTED_EDGE('',*,*,#975,.T.);
#1710=ORIENTED_EDGE('',*,*,#1136,.T.);
#1711=ORIENTED_EDGE('',*,*,#1120,.T.);
#1712=ORIENTED_EDGE('',*,*,#1118,.T.);
#1713=ORIENTED_EDGE('',*,*,#1136,.F.);
#1714=ORIENTED_EDGE('',*,*,#968,.T.);
#1715=ORIENTED_EDGE('',*,*,#972,.T.);
#1716=ORIENTED_EDGE('',*,*,#919,.T.);
#1717=ORIENTED_EDGE('',*,*,#1137,.T.);
#1718=ORIENTED_EDGE('',*,*,#1129,.F.);
#1719=ORIENTED_EDGE('',*,*,#843,.F.);
#1720=ORIENTED_EDGE('',*,*,#1130,.F.);
#1721=ORIENTED_EDGE('',*,*,#1138,.T.);
#1722=ORIENTED_EDGE('',*,*,#1113,.T.);
#1723=ORIENTED_EDGE('',*,*,#1138,.F.);
#1724=ORIENTED_EDGE('',*,*,#939,.T.);
#1725=ORIENTED_EDGE('',*,*,#922,.F.);
#1726=ORIENTED_EDGE('',*,*,#1139,.T.);
#1727=ORIENTED_EDGE('',*,*,#1123,.T.);
#1728=ORIENTED_EDGE('',*,*,#1135,.T.);
#1729=ORIENTED_EDGE('',*,*,#1124,.T.);
#1730=ORIENTED_EDGE('',*,*,#1139,.F.);
#1731=ORIENTED_EDGE('',*,*,#928,.F.);
#1732=ORIENTED_EDGE('',*,*,#940,.T.);
#1733=ORIENTED_EDGE('',*,*,#935,.T.);
#1734=ORIENTED_EDGE('',*,*,#969,.T.);
#1735=ORIENTED_EDGE('',*,*,#1137,.F.);
#1736=ORIENTED_EDGE('',*,*,#918,.T.);
#1737=ORIENTED_EDGE('',*,*,#942,.T.);
#1738=CYLINDRICAL_SURFACE('',#1910,39.81);
#1739=CYLINDRICAL_SURFACE('',#1912,39.81);
#1740=CYLINDRICAL_SURFACE('',#1913,39.81);
#1741=CYLINDRICAL_SURFACE('',#1914,39.81);
#1742=CYLINDRICAL_SURFACE('',#1915,39.81);
#1743=CYLINDRICAL_SURFACE('',#1916,39.81);
#1744=CYLINDRICAL_SURFACE('',#1917,39.81);
#1745=CYLINDRICAL_SURFACE('',#1918,36.368);
#1746=CYLINDRICAL_SURFACE('',#1920,36.368);
#1747=CYLINDRICAL_SURFACE('',#1921,36.368);
#1748=CYLINDRICAL_SURFACE('',#1922,36.368);
#1749=CYLINDRICAL_SURFACE('',#1923,36.368);
#1750=CYLINDRICAL_SURFACE('',#1924,36.368);
#1751=CYLINDRICAL_SURFACE('',#1925,36.368);
#1752=CYLINDRICAL_SURFACE('',#1926,40.31025);
#1753=CYLINDRICAL_SURFACE('',#1927,40.31025);
#1754=CYLINDRICAL_SURFACE('',#1929,36.9525);
#1755=CYLINDRICAL_SURFACE('',#1930,36.9525);
#1756=CYLINDRICAL_SURFACE('',#1932,55.);
#1757=CYLINDRICAL_SURFACE('',#1945,60.);
#1758=CYLINDRICAL_SURFACE('',#1949,6.);
#1759=CYLINDRICAL_SURFACE('',#1954,6.);
#1760=CYLINDRICAL_SURFACE('',#1957,60.);
#1761=CYLINDRICAL_SURFACE('',#1959,3.5);
#1762=CYLINDRICAL_SURFACE('',#1962,3.5);
#1763=CYLINDRICAL_SURFACE('',#1974,40.);
#1764=CYLINDRICAL_SURFACE('',#1981,15.);
#1765=CYLINDRICAL_SURFACE('',#1982,15.);
#1766=CYLINDRICAL_SURFACE('',#1988,36.9525);
#1767=CYLINDRICAL_SURFACE('',#1989,36.9525);
#1768=CYLINDRICAL_SURFACE('',#1990,36.9525);
#1769=CYLINDRICAL_SURFACE('',#1991,36.9525);
#1770=CYLINDRICAL_SURFACE('',#1992,36.9525);
#1771=CYLINDRICAL_SURFACE('',#1993,36.9525);
#1772=CYLINDRICAL_SURFACE('',#1994,36.9525);
#1773=CYLINDRICAL_SURFACE('',#1995,36.9525);
#1774=CYLINDRICAL_SURFACE('',#1996,36.9525);
#1775=CYLINDRICAL_SURFACE('',#1997,36.9525);
#1776=CYLINDRICAL_SURFACE('',#1998,36.9525);
#1777=CYLINDRICAL_SURFACE('',#1999,40.31025);
#1778=CYLINDRICAL_SURFACE('',#2000,40.31025);
#1779=CYLINDRICAL_SURFACE('',#2001,40.31025);
#1780=CYLINDRICAL_SURFACE('',#2002,40.31025);
#1781=CYLINDRICAL_SURFACE('',#2003,40.31025);
#1782=CYLINDRICAL_SURFACE('',#2004,40.31025);
#1783=CYLINDRICAL_SURFACE('',#2005,40.31025);
#1784=CYLINDRICAL_SURFACE('',#2006,40.31025);
#1785=CYLINDRICAL_SURFACE('',#2007,40.31025);
#1786=CYLINDRICAL_SURFACE('',#2008,40.31025);
#1787=CYLINDRICAL_SURFACE('',#2009,50.);
#1788=CYLINDRICAL_SURFACE('',#2013,15.);
#1789=CYLINDRICAL_SURFACE('',#2016,40.31025);
#1790=CYLINDRICAL_SURFACE('',#2024,36.368);
#1791=CYLINDRICAL_SURFACE('',#2025,39.81);
#1792=ADVANCED_FACE('',(#75),#1738,.T.);
#1793=ADVANCED_FACE('',(#76),#1739,.T.);
#1794=ADVANCED_FACE('',(#77),#1740,.T.);
#1795=ADVANCED_FACE('',(#78),#1741,.T.);
#1796=ADVANCED_FACE('',(#79),#1742,.T.);
#1797=ADVANCED_FACE('',(#80),#1743,.T.);
#1798=ADVANCED_FACE('',(#81),#1744,.T.);
#1799=ADVANCED_FACE('',(#82),#1745,.T.);
#1800=ADVANCED_FACE('',(#83),#1746,.T.);
#1801=ADVANCED_FACE('',(#84),#1747,.T.);
#1802=ADVANCED_FACE('',(#85),#1748,.T.);
#1803=ADVANCED_FACE('',(#86),#1749,.T.);
#1804=ADVANCED_FACE('',(#87),#1750,.T.);
#1805=ADVANCED_FACE('',(#88),#1751,.T.);
#1806=ADVANCED_FACE('',(#89),#1752,.F.);
#1807=ADVANCED_FACE('',(#90),#1753,.F.);
#1808=ADVANCED_FACE('',(#91),#1754,.F.);
#1809=ADVANCED_FACE('',(#92),#1755,.F.);
#1810=ADVANCED_FACE('',(#93),#1756,.T.);
#1811=ADVANCED_FACE('',(#94,#51),#56,.F.);
#1812=ADVANCED_FACE('',(#95),#57,.F.);
#1813=ADVANCED_FACE('',(#96),#58,.F.);
#1814=ADVANCED_FACE('',(#97),#59,.F.);
#1815=ADVANCED_FACE('',(#98),#1757,.T.);
#1816=ADVANCED_FACE('',(#99),#1758,.F.);
#1817=ADVANCED_FACE('',(#100),#60,.F.);
#1818=ADVANCED_FACE('',(#101),#61,.F.);
#1819=ADVANCED_FACE('',(#102),#1759,.F.);
#1820=ADVANCED_FACE('',(#103),#62,.F.);
#1821=ADVANCED_FACE('',(#104),#63,.F.);
#1822=ADVANCED_FACE('',(#105),#1760,.T.);
#1823=ADVANCED_FACE('',(#106),#1761,.F.);
#1824=ADVANCED_FACE('',(#107),#64,.F.);
#1825=ADVANCED_FACE('',(#108),#1762,.F.);
#1826=ADVANCED_FACE('',(#109),#65,.F.);
#1827=ADVANCED_FACE('',(#110),#66,.F.);
#1828=ADVANCED_FACE('',(#111),#67,.F.);
#1829=ADVANCED_FACE('',(#112,#52),#68,.T.);
#1830=ADVANCED_FACE('',(#113),#41,.T.);
#1831=ADVANCED_FACE('',(#114),#69,.F.);
#1832=ADVANCED_FACE('',(#115),#1763,.F.);
#1833=ADVANCED_FACE('',(#116),#42,.F.);
#1834=ADVANCED_FACE('',(#117,#53),#70,.T.);
#1835=ADVANCED_FACE('',(#118),#1764,.F.);
#1836=ADVANCED_FACE('',(#119),#1765,.F.);
#1837=ADVANCED_FACE('',(#120,#54),#71,.T.);
#1838=ADVANCED_FACE('',(#121),#1766,.F.);
#1839=ADVANCED_FACE('',(#122),#1767,.F.);
#1840=ADVANCED_FACE('',(#123),#1768,.F.);
#1841=ADVANCED_FACE('',(#124),#1769,.F.);
#1842=ADVANCED_FACE('',(#125),#1770,.F.);
#1843=ADVANCED_FACE('',(#126),#1771,.F.);
#1844=ADVANCED_FACE('',(#127),#1772,.F.);
#1845=ADVANCED_FACE('',(#128),#1773,.F.);
#1846=ADVANCED_FACE('',(#129),#1774,.F.);
#1847=ADVANCED_FACE('',(#130),#1775,.F.);
#1848=ADVANCED_FACE('',(#131),#1776,.F.);
#1849=ADVANCED_FACE('',(#132),#17,.F.);
#1850=ADVANCED_FACE('',(#133),#18,.F.);
#1851=ADVANCED_FACE('',(#134),#19,.F.);
#1852=ADVANCED_FACE('',(#135),#20,.F.);
#1853=ADVANCED_FACE('',(#136),#21,.F.);
#1854=ADVANCED_FACE('',(#137),#22,.F.);
#1855=ADVANCED_FACE('',(#138),#23,.F.);
#1856=ADVANCED_FACE('',(#139),#24,.F.);
#1857=ADVANCED_FACE('',(#140),#25,.F.);
#1858=ADVANCED_FACE('',(#141),#26,.F.);
#1859=ADVANCED_FACE('',(#142),#27,.F.);
#1860=ADVANCED_FACE('',(#143),#28,.F.);
#1861=ADVANCED_FACE('',(#144),#29,.F.);
#1862=ADVANCED_FACE('',(#145),#30,.F.);
#1863=ADVANCED_FACE('',(#146),#31,.F.);
#1864=ADVANCED_FACE('',(#147),#32,.F.);
#1865=ADVANCED_FACE('',(#148),#33,.F.);
#1866=ADVANCED_FACE('',(#149),#34,.F.);
#1867=ADVANCED_FACE('',(#150),#35,.F.);
#1868=ADVANCED_FACE('',(#151),#36,.F.);
#1869=ADVANCED_FACE('',(#152),#37,.F.);
#1870=ADVANCED_FACE('',(#153),#1777,.F.);
#1871=ADVANCED_FACE('',(#154),#1778,.F.);
#1872=ADVANCED_FACE('',(#155),#1779,.F.);
#1873=ADVANCED_FACE('',(#156),#1780,.F.);
#1874=ADVANCED_FACE('',(#157),#1781,.F.);
#1875=ADVANCED_FACE('',(#158),#1782,.F.);
#1876=ADVANCED_FACE('',(#159),#1783,.F.);
#1877=ADVANCED_FACE('',(#160),#1784,.F.);
#1878=ADVANCED_FACE('',(#161),#1785,.F.);
#1879=ADVANCED_FACE('',(#162),#1786,.F.);
#1880=ADVANCED_FACE('',(#163,#55),#1787,.T.);
#1881=ADVANCED_FACE('',(#164),#43,.F.);
#1882=ADVANCED_FACE('',(#165),#1788,.F.);
#1883=ADVANCED_FACE('',(#166),#1789,.F.);
#1884=ADVANCED_FACE('',(#167),#38,.F.);
#1885=ADVANCED_FACE('',(#168),#72,.F.);
#1886=ADVANCED_FACE('',(#169),#39,.F.);
#1887=ADVANCED_FACE('',(#170),#73,.T.);
#1888=ADVANCED_FACE('',(#171),#1790,.T.);
#1889=ADVANCED_FACE('',(#172),#40,.F.);
#1890=ADVANCED_FACE('',(#173),#1791,.T.);
#1891=ADVANCED_FACE('',(#174),#15,.T.);
#1892=ADVANCED_FACE('',(#175),#74,.T.);
#1893=ADVANCED_FACE('',(#176),#44,.T.);
#1894=ADVANCED_FACE('',(#177),#45,.T.);
#1895=ADVANCED_FACE('',(#178),#16,.T.);
#1896=CLOSED_SHELL('',(#1792,#1793,#1794,#1795,#1796,#1797,#1798,#1799,
#1800,#1801,#1802,#1803,#1804,#1805,#1806,#1807,#1808,#1809,#1810,#1811,
#1812,#1813,#1814,#1815,#1816,#1817,#1818,#1819,#1820,#1821,#1822,#1823,
#1824,#1825,#1826,#1827,#1828,#1829,#1830,#1831,#1832,#1833,#1834,#1835,
#1836,#1837,#1838,#1839,#1840,#1841,#1842,#1843,#1844,#1845,#1846,#1847,
#1848,#1849,#1850,#1851,#1852,#1853,#1854,#1855,#1856,#1857,#1858,#1859,
#1860,#1861,#1862,#1863,#1864,#1865,#1866,#1867,#1868,#1869,#1870,#1871,
#1872,#1873,#1874,#1875,#1876,#1877,#1878,#1879,#1880,#1881,#1882,#1883,
#1884,#1885,#1886,#1887,#1888,#1889,#1890,#1891,#1892,#1893,#1894,#1895));
#1897=DERIVED_UNIT_ELEMENT(#1899,1.);
#1898=DERIVED_UNIT_ELEMENT(#8720,-3.);
#1899=(
MASS_UNIT()
NAMED_UNIT(*)
SI_UNIT(.KILO.,.GRAM.)
);
#1900=DERIVED_UNIT((#1897,#1898));
#1901=MEASURE_REPRESENTATION_ITEM('density measure',
POSITIVE_RATIO_MEASURE(7850.),#1900);
#1902=PROPERTY_DEFINITION_REPRESENTATION(#1907,#1904);
#1903=PROPERTY_DEFINITION_REPRESENTATION(#1908,#1905);
#1904=REPRESENTATION('material name',(#1906),#8717);
#1905=REPRESENTATION('density',(#1901),#8717);
#1906=DESCRIPTIVE_REPRESENTATION_ITEM('Steel','Steel');
#1907=PROPERTY_DEFINITION('material property','material name',#8727);
#1908=PROPERTY_DEFINITION('material property','density of part',#8727);
#1909=AXIS2_PLACEMENT_3D('',#2347,#2034,#2035);
#1910=AXIS2_PLACEMENT_3D('',#2348,#2036,#2037);
#1911=AXIS2_PLACEMENT_3D('',#2370,#2039,#2040);
#1912=AXIS2_PLACEMENT_3D('',#2381,#2041,#2042);
#1913=AXIS2_PLACEMENT_3D('',#2471,#2044,#2045);
#1914=AXIS2_PLACEMENT_3D('',#2555,#2047,#2048);
#1915=AXIS2_PLACEMENT_3D('',#2645,#2050,#2051);
#1916=AXIS2_PLACEMENT_3D('',#2735,#2053,#2054);
#1917=AXIS2_PLACEMENT_3D('',#2825,#2056,#2057);
#1918=AXIS2_PLACEMENT_3D('',#2915,#2059,#2060);
#1919=AXIS2_PLACEMENT_3D('',#2929,#2062,#2063);
#1920=AXIS2_PLACEMENT_3D('',#2936,#2064,#2065);
#1921=AXIS2_PLACEMENT_3D('',#2973,#2067,#2068);
#1922=AXIS2_PLACEMENT_3D('',#3011,#2070,#2071);
#1923=AXIS2_PLACEMENT_3D('',#3049,#2073,#2074);
#1924=AXIS2_PLACEMENT_3D('',#3087,#2076,#2077);
#1925=AXIS2_PLACEMENT_3D('',#3124,#2079,#2080);
#1926=AXIS2_PLACEMENT_3D('',#3161,#2082,#2083);
#1927=AXIS2_PLACEMENT_3D('',#3193,#2085,#2086);
#1928=AXIS2_PLACEMENT_3D('',#3205,#2088,#2089);
#1929=AXIS2_PLACEMENT_3D('',#3214,#2090,#2091);
#1930=AXIS2_PLACEMENT_3D('',#3283,#2093,#2094);
#1931=AXIS2_PLACEMENT_3D('',#3317,#2096,#2097);
#1932=AXIS2_PLACEMENT_3D('',#3355,#2098,#2099);
#1933=AXIS2_PLACEMENT_3D('',#3357,#2100,#2101);
#1934=AXIS2_PLACEMENT_3D('',#3361,#2103,#2104);
#1935=AXIS2_PLACEMENT_3D('',#3365,#2106,#2107);
#1936=AXIS2_PLACEMENT_3D('',#3368,#2109,#2110);
#1937=AXIS2_PLACEMENT_3D('',#3369,#2111,#2112);
#1938=AXIS2_PLACEMENT_3D('',#3371,#2113,#2114);
#1939=AXIS2_PLACEMENT_3D('',#3372,#2115,#2116);
#1940=AXIS2_PLACEMENT_3D('',#3376,#2118,#2119);
#1941=AXIS2_PLACEMENT_3D('',#3378,#2121,#2122);
#1942=AXIS2_PLACEMENT_3D('',#3382,#2124,#2125);
#1943=AXIS2_PLACEMENT_3D('',#3384,#2126,#2127);
#1944=AXIS2_PLACEMENT_3D('',#3386,#2129,#2130);
#1945=AXIS2_PLACEMENT_3D('',#3411,#2134,#2135);
#1946=AXIS2_PLACEMENT_3D('',#3415,#2137,#2138);
#1947=AXIS2_PLACEMENT_3D('',#3430,#2140,#2141);
#1948=AXIS2_PLACEMENT_3D('',#3444,#2143,#2144);
#1949=AXIS2_PLACEMENT_3D('',#3445,#2145,#2146);
#1950=AXIS2_PLACEMENT_3D('',#3448,#2147,#2148);
#1951=AXIS2_PLACEMENT_3D('',#3451,#2151,#2152);
#1952=AXIS2_PLACEMENT_3D('',#3455,#2154,#2155);
#1953=AXIS2_PLACEMENT_3D('',#3463,#2158,#2159);
#1954=AXIS2_PLACEMENT_3D('',#3465,#2161,#2162);
#1955=AXIS2_PLACEMENT_3D('',#3467,#2164,#2165);
#1956=AXIS2_PLACEMENT_3D('',#3471,#2166,#2167);
#1957=AXIS2_PLACEMENT_3D('',#3475,#2168,#2169);
#1958=AXIS2_PLACEMENT_3D('',#3478,#2171,#2172);
#1959=AXIS2_PLACEMENT_3D('',#3479,#2173,#2174);
#1960=AXIS2_PLACEMENT_3D('',#3482,#2175,#2176);
#1961=AXIS2_PLACEMENT_3D('',#3497,#2179,#2180);
#1962=AXIS2_PLACEMENT_3D('',#3507,#2184,#2185);
#1963=AXIS2_PLACEMENT_3D('',#3510,#2186,#2187);
#1964=AXIS2_PLACEMENT_3D('',#3525,#2190,#2191);
#1965=AXIS2_PLACEMENT_3D('',#3527,#2193,#2194);
#1966=AXIS2_PLACEMENT_3D('',#3528,#2195,#2196);
#1967=AXIS2_PLACEMENT_3D('',#3538,#2200,#2201);
#1968=AXIS2_PLACEMENT_3D('',#3540,#2203,#2204);
#1969=AXIS2_PLACEMENT_3D('',#3541,#2205,#2206);
#1970=AXIS2_PLACEMENT_3D('',#3847,#2207,#2208);
#1971=AXIS2_PLACEMENT_3D('',#3849,#2209,#2210);
#1972=AXIS2_PLACEMENT_3D('',#3850,#2211,#2212);
#1973=AXIS2_PLACEMENT_3D('',#3851,#2213,#2214);
#1974=AXIS2_PLACEMENT_3D('',#3874,#2217,#2218);
#1975=AXIS2_PLACEMENT_3D('',#3877,#2220,#2221);
#1976=AXIS2_PLACEMENT_3D('',#3878,#2222,#2223);
#1977=AXIS2_PLACEMENT_3D('',#3879,#2224,#2225);
#1978=AXIS2_PLACEMENT_3D('',#3882,#2227,#2228);
#1979=AXIS2_PLACEMENT_3D('',#3883,#2229,#2230);
#1980=AXIS2_PLACEMENT_3D('',#3885,#2231,#2232);
#1981=AXIS2_PLACEMENT_3D('',#3886,#2233,#2234);
#1982=AXIS2_PLACEMENT_3D('',#4405,#2236,#2237);
#1983=AXIS2_PLACEMENT_3D('',#4935,#2239,#2240);
#1984=AXIS2_PLACEMENT_3D('',#4954,#2241,#2242);
#1985=AXIS2_PLACEMENT_3D('',#5116,#2243,#2244);
#1986=AXIS2_PLACEMENT_3D('',#5118,#2245,#2246);
#1987=AXIS2_PLACEMENT_3D('',#5265,#2247,#2248);
#1988=AXIS2_PLACEMENT_3D('',#5266,#2249,#2250);
#1989=AXIS2_PLACEMENT_3D('',#5271,#2251,#2252);
#1990=AXIS2_PLACEMENT_3D('',#5325,#2253,#2254);
#1991=AXIS2_PLACEMENT_3D('',#5367,#2255,#2256);
#1992=AXIS2_PLACEMENT_3D('',#5421,#2257,#2258);
#1993=AXIS2_PLACEMENT_3D('',#5505,#2259,#2260);
#1994=AXIS2_PLACEMENT_3D('',#5559,#2261,#2262);
#1995=AXIS2_PLACEMENT_3D('',#5607,#2263,#2264);
#1996=AXIS2_PLACEMENT_3D('',#5655,#2265,#2266);
#1997=AXIS2_PLACEMENT_3D('',#5703,#2267,#2268);
#1998=AXIS2_PLACEMENT_3D('',#5751,#2269,#2270);
#1999=AXIS2_PLACEMENT_3D('',#7103,#2271,#2272);
#2000=AXIS2_PLACEMENT_3D('',#7104,#2273,#2274);
#2001=AXIS2_PLACEMENT_3D('',#7105,#2275,#2276);
#2002=AXIS2_PLACEMENT_3D('',#7106,#2277,#2278);
#2003=AXIS2_PLACEMENT_3D('',#7107,#2279,#2280);
#2004=AXIS2_PLACEMENT_3D('',#7108,#2281,#2282);
#2005=AXIS2_PLACEMENT_3D('',#7109,#2283,#2284);
#2006=AXIS2_PLACEMENT_3D('',#7110,#2285,#2286);
#2007=AXIS2_PLACEMENT_3D('',#7111,#2287,#2288);
#2008=AXIS2_PLACEMENT_3D('',#7112,#2289,#2290);
#2009=AXIS2_PLACEMENT_3D('',#7113,#2291,#2292);
#2010=AXIS2_PLACEMENT_3D('',#7115,#2293,#2294);
#2011=AXIS2_PLACEMENT_3D('',#7118,#2297,#2298);
#2012=AXIS2_PLACEMENT_3D('',#7121,#2300,#2301);
#2013=AXIS2_PLACEMENT_3D('',#7122,#2302,#2303);
#2014=AXIS2_PLACEMENT_3D('',#7125,#2304,#2305);
#2015=AXIS2_PLACEMENT_3D('',#7127,#2307,#2308);
#2016=AXIS2_PLACEMENT_3D('',#7128,#2309,#2310);
#2017=AXIS2_PLACEMENT_3D('',#7179,#2311,#2312);
#2018=AXIS2_PLACEMENT_3D('',#7345,#2313,#2314);
#2019=AXIS2_PLACEMENT_3D('',#7347,#2315,#2316);
#2020=AXIS2_PLACEMENT_3D('',#8109,#2317,#2318);
#2021=AXIS2_PLACEMENT_3D('',#8111,#2319,#2320);
#2022=AXIS2_PLACEMENT_3D('',#8112,#2321,#2322);
#2023=AXIS2_PLACEMENT_3D('',#8274,#2323,#2324);
#2024=AXIS2_PLACEMENT_3D('',#8275,#2325,#2326);
#2025=AXIS2_PLACEMENT_3D('',#8704,#2327,#2328);
#2026=AXIS2_PLACEMENT_3D('',#8705,#2329,#2330);
#2027=AXIS2_PLACEMENT_3D('',#8706,#2331,#2332);
#2028=AXIS2_PLACEMENT_3D('',#8707,#2333,#2334);
#2029=AXIS2_PLACEMENT_3D('',#8708,#2335,#2336);
#2030=AXIS2_PLACEMENT_3D('',#8709,#2337,#2338);
#2031=AXIS2_PLACEMENT_3D('',#8710,#2339,#2340);
#2032=AXIS2_PLACEMENT_3D('',#8712,#2342,#2343);
#2033=AXIS2_PLACEMENT_3D('',#8714,#2345,#2346);
#2034=DIRECTION('axis',(0.,0.,1.));
#2035=DIRECTION('refdir',(1.,0.,0.));
#2036=DIRECTION('center_axis',(1.,0.,0.));
#2037=DIRECTION('ref_axis',(0.,0.,-1.));
#2038=DIRECTION('',(-1.,0.,0.));
#2039=DIRECTION('center_axis',(-1.,0.,0.));
#2040=DIRECTION('ref_axis',(0.,0.,-1.));
#2041=DIRECTION('center_axis',(1.,0.,0.));
#2042=DIRECTION('ref_axis',(0.,0.,-1.));
#2043=DIRECTION('',(-1.,0.,0.));
#2044=DIRECTION('center_axis',(1.,0.,0.));
#2045=DIRECTION('ref_axis',(0.,0.,-1.));
#2046=DIRECTION('',(-1.,0.,0.));
#2047=DIRECTION('center_axis',(1.,0.,0.));
#2048=DIRECTION('ref_axis',(0.,0.,-1.));
#2049=DIRECTION('',(-1.,0.,0.));
#2050=DIRECTION('center_axis',(1.,0.,0.));
#2051=DIRECTION('ref_axis',(0.,0.,-1.));
#2052=DIRECTION('',(-1.,0.,0.));
#2053=DIRECTION('center_axis',(1.,0.,0.));
#2054=DIRECTION('ref_axis',(0.,0.,-1.));
#2055=DIRECTION('',(-1.,0.,0.));
#2056=DIRECTION('center_axis',(1.,0.,0.));
#2057=DIRECTION('ref_axis',(0.,0.,-1.));
#2058=DIRECTION('',(-1.,0.,0.));
#2059=DIRECTION('center_axis',(1.,0.,0.));
#2060=DIRECTION('ref_axis',(0.,-0.906430798648184,0.422354362191295));
#2061=DIRECTION('',(1.,0.,0.));
#2062=DIRECTION('center_axis',(1.,0.,0.));
#2063=DIRECTION('ref_axis',(0.,1.58239321388859E-14,-1.));
#2064=DIRECTION('center_axis',(1.,0.,0.));
#2065=DIRECTION('ref_axis',(0.,1.58239321388859E-14,-1.));
#2066=DIRECTION('',(1.,0.,0.));
#2067=DIRECTION('center_axis',(1.,0.,0.));
#2068=DIRECTION('ref_axis',(0.,1.58239321388859E-14,-1.));
#2069=DIRECTION('',(1.,0.,0.));
#2070=DIRECTION('center_axis',(1.,0.,0.));
#2071=DIRECTION('ref_axis',(0.,1.58239321388859E-14,-1.));
#2072=DIRECTION('',(1.,0.,0.));
#2073=DIRECTION('center_axis',(1.,0.,0.));
#2074=DIRECTION('ref_axis',(0.,1.58239321388859E-14,-1.));
#2075=DIRECTION('',(1.,0.,0.));
#2076=DIRECTION('center_axis',(1.,0.,0.));
#2077=DIRECTION('ref_axis',(0.,1.58239321388859E-14,-1.));
#2078=DIRECTION('',(1.,0.,0.));
#2079=DIRECTION('center_axis',(1.,0.,0.));
#2080=DIRECTION('ref_axis',(0.,1.58239321388859E-14,-1.));
#2081=DIRECTION('',(1.,0.,0.));
#2082=DIRECTION('center_axis',(1.,0.,0.));
#2083=DIRECTION('ref_axis',(0.,-1.27881209388759E-14,1.));
#2084=DIRECTION('',(1.,-1.58109073531699E-30,1.22464679914735E-16));
#2085=DIRECTION('center_axis',(1.,0.,0.));
#2086=DIRECTION('ref_axis',(0.,-0.793363520026879,-0.608748162289267));
#2087=DIRECTION('',(1.,-1.58109073531699E-30,1.22464679914735E-16));
#2088=DIRECTION('center_axis',(1.,0.,0.));
#2089=DIRECTION('ref_axis',(0.,-1.27881209388759E-14,1.));
#2090=DIRECTION('center_axis',(1.,0.,0.));
#2091=DIRECTION('ref_axis',(0.,0.,1.));
#2092=DIRECTION('',(1.,0.,0.));
#2093=DIRECTION('center_axis',(1.,0.,0.));
#2094=DIRECTION('ref_axis',(0.,0.,1.));
#2095=DIRECTION('',(1.,0.,0.));
#2096=DIRECTION('center_axis',(1.,0.,0.));
#2097=DIRECTION('ref_axis',(0.,0.,1.));
#2098=DIRECTION('center_axis',(1.,0.,0.));
#2099=DIRECTION('ref_axis',(0.,1.,0.));
#2100=DIRECTION('center_axis',(-1.,0.,0.));
#2101=DIRECTION('ref_axis',(0.,1.,0.));
#2102=DIRECTION('',(1.,0.,0.));
#2103=DIRECTION('center_axis',(1.,0.,0.));
#2104=DIRECTION('ref_axis',(0.,1.,0.));
#2105=DIRECTION('',(-1.,0.,0.));
#2106=DIRECTION('center_axis',(-1.,0.,0.));
#2107=DIRECTION('ref_axis',(0.,1.,0.));
#2108=DIRECTION('',(1.,0.,0.));
#2109=DIRECTION('center_axis',(1.,0.,0.));
#2110=DIRECTION('ref_axis',(0.,1.,0.));
#2111=DIRECTION('center_axis',(-1.,0.,0.));
#2112=DIRECTION('ref_axis',(0.,0.,1.));
#2113=DIRECTION('center_axis',(-1.,0.,0.));
#2114=DIRECTION('ref_axis',(0.,0.,-1.));
#2115=DIRECTION('center_axis',(1.,0.,0.));
#2116=DIRECTION('ref_axis',(0.,0.,-1.));
#2117=DIRECTION('',(0.,0.,-1.));
#2118=DIRECTION('center_axis',(1.,0.,0.));
#2119=DIRECTION('ref_axis',(0.,0.,-1.));
#2120=DIRECTION('',(0.,0.,1.));
#2121=DIRECTION('center_axis',(-1.,0.,0.));
#2122=DIRECTION('ref_axis',(0.,-1.,0.));
#2123=DIRECTION('',(0.,0.,1.));
#2124=DIRECTION('center_axis',(1.,0.,0.));
#2125=DIRECTION('ref_axis',(0.,0.,-1.));
#2126=DIRECTION('center_axis',(1.,0.,0.));
#2127=DIRECTION('ref_axis',(0.,0.,-1.));
#2128=DIRECTION('',(0.,0.,1.));
#2129=DIRECTION('center_axis',(0.,-1.,0.));
#2130=DIRECTION('ref_axis',(1.,0.,0.));
#2131=DIRECTION('',(-1.,0.,0.));
#2132=DIRECTION('',(0.,0.,1.));
#2133=DIRECTION('',(1.,0.,0.));
#2134=DIRECTION('center_axis',(1.,0.,0.));
#2135=DIRECTION('ref_axis',(0.,0.,-1.));
#2136=DIRECTION('',(-1.,0.,0.));
#2137=DIRECTION('center_axis',(-1.,0.,0.));
#2138=DIRECTION('ref_axis',(0.,0.,-1.));
#2139=DIRECTION('',(1.,0.,0.));
#2140=DIRECTION('center_axis',(1.,0.,0.));
#2141=DIRECTION('ref_axis',(0.,0.,-1.));
#2142=DIRECTION('',(-1.,0.,0.));
#2143=DIRECTION('center_axis',(-1.,0.,0.));
#2144=DIRECTION('ref_axis',(0.,0.,-1.));
#2145=DIRECTION('center_axis',(0.,1.,0.));
#2146=DIRECTION('ref_axis',(0.707106781186547,0.,-0.707106781186548));
#2147=DIRECTION('center_axis',(0.,-1.,0.));
#2148=DIRECTION('ref_axis',(0.707106781186547,0.,-0.707106781186548));
#2149=DIRECTION('',(0.,-1.,0.));
#2150=DIRECTION('',(0.,1.,0.));
#2151=DIRECTION('center_axis',(0.,1.,0.));
#2152=DIRECTION('ref_axis',(0.,0.,1.));
#2153=DIRECTION('',(0.,0.,-1.));
#2154=DIRECTION('center_axis',(0.,-1.,0.));
#2155=DIRECTION('ref_axis',(0.707106781186547,0.,0.707106781186548));
#2156=DIRECTION('',(1.,0.,0.));
#2157=DIRECTION('',(-1.,0.,0.));
#2158=DIRECTION('center_axis',(1.,0.,0.));
#2159=DIRECTION('ref_axis',(0.,0.,-1.));
#2160=DIRECTION('',(0.,-1.,0.));
#2161=DIRECTION('center_axis',(0.,1.,0.));
#2162=DIRECTION('ref_axis',(0.707106781186547,0.,0.707106781186548));
#2163=DIRECTION('',(0.,1.,0.));
#2164=DIRECTION('center_axis',(0.,0.,1.));
#2165=DIRECTION('ref_axis',(1.,0.,0.));
#2166=DIRECTION('center_axis',(0.,0.,-1.));
#2167=DIRECTION('ref_axis',(-1.,0.,0.));
#2168=DIRECTION('center_axis',(1.,0.,0.));
#2169=DIRECTION('ref_axis',(0.,0.,-1.));
#2170=DIRECTION('',(1.,0.,0.));
#2171=DIRECTION('center_axis',(1.,0.,0.));
#2172=DIRECTION('ref_axis',(0.,0.,-1.));
#2173=DIRECTION('center_axis',(0.,1.,0.));
#2174=DIRECTION('ref_axis',(0.707106781186547,0.,0.707106781186548));
#2175=DIRECTION('center_axis',(0.,-1.,0.));
#2176=DIRECTION('ref_axis',(0.707106781186547,0.,0.707106781186548));
#2177=DIRECTION('',(0.,-1.,0.));
#2178=DIRECTION('',(0.,1.,0.));
#2179=DIRECTION('center_axis',(0.,0.,1.));
#2180=DIRECTION('ref_axis',(1.,0.,0.));
#2181=DIRECTION('',(1.,0.,0.));
#2182=DIRECTION('',(0.,-1.,0.));
#2183=DIRECTION('',(1.,0.,0.));
#2184=DIRECTION('center_axis',(0.,1.,0.));
#2185=DIRECTION('ref_axis',(0.707106781186547,0.,-0.707106781186548));
#2186=DIRECTION('center_axis',(0.,-1.,0.));
#2187=DIRECTION('ref_axis',(0.707106781186547,0.,-0.707106781186548));
#2188=DIRECTION('',(0.,-1.,0.));
#2189=DIRECTION('',(0.,1.,0.));
#2190=DIRECTION('center_axis',(1.,0.,0.));
#2191=DIRECTION('ref_axis',(0.,0.,-1.));
#2192=DIRECTION('',(0.,0.,-1.));
#2193=DIRECTION('center_axis',(1.,0.,0.));
#2194=DIRECTION('ref_axis',(0.,0.,-1.));
#2195=DIRECTION('center_axis',(0.,0.,-1.));
#2196=DIRECTION('ref_axis',(-1.,0.,0.));
#2197=DIRECTION('',(-1.,0.,0.));
#2198=DIRECTION('',(0.,1.,0.));
#2199=DIRECTION('',(-1.,0.,0.));
#2200=DIRECTION('center_axis',(0.,1.,0.));
#2201=DIRECTION('ref_axis',(0.,0.,1.));
#2202=DIRECTION('',(0.,0.,1.));
#2203=DIRECTION('center_axis',(-1.,0.,0.));
#2204=DIRECTION('ref_axis',(0.,0.,1.));
#2205=DIRECTION('center_axis',(1.,0.,0.));
#2206=DIRECTION('ref_axis',(0.,0.,1.));
#2207=DIRECTION('center_axis',(1.,0.,0.));
#2208=DIRECTION('ref_axis',(0.,1.,-1.83697019872103E-16));
#2209=DIRECTION('center_axis',(-1.,0.,0.));
#2210=DIRECTION('ref_axis',(0.,0.,1.));
#2211=DIRECTION('center_axis',(-1.,0.,0.));
#2212=DIRECTION('ref_axis',(0.,0.,1.));
#2213=DIRECTION('center_axis',(0.,1.,0.));
#2214=DIRECTION('ref_axis',(-1.,0.,0.));
#2215=DIRECTION('',(-1.,0.,0.));
#2216=DIRECTION('',(0.,0.,-1.));
#2217=DIRECTION('center_axis',(-1.,0.,0.));
#2218=DIRECTION('ref_axis',(0.,0.,-1.));
#2219=DIRECTION('',(-1.,0.,0.));
#2220=DIRECTION('center_axis',(1.,0.,0.));
#2221=DIRECTION('ref_axis',(0.,0.,-1.));
#2222=DIRECTION('center_axis',(-1.,0.,0.));
#2223=DIRECTION('ref_axis',(0.,0.,-1.));
#2224=DIRECTION('center_axis',(1.,0.,0.));
#2225=DIRECTION('ref_axis',(0.,0.,-1.));
#2226=DIRECTION('',(-0.707106781186547,8.65956056235493E-17,-0.707106781186547));
#2227=DIRECTION('center_axis',(-1.,0.,0.));
#2228=DIRECTION('ref_axis',(0.,0.,-1.));
#2229=DIRECTION('center_axis',(1.,0.,0.));
#2230=DIRECTION('ref_axis',(0.,0.,-1.));
#2231=DIRECTION('center_axis',(1.,0.,0.));
#2232=DIRECTION('ref_axis',(0.,0.,-1.));
#2233=DIRECTION('center_axis',(0.,0.,1.));
#2234=DIRECTION('ref_axis',(1.,0.,0.));
#2235=DIRECTION('',(0.,0.,1.));
#2236=DIRECTION('center_axis',(0.,0.,1.));
#2237=DIRECTION('ref_axis',(1.,0.,0.));
#2238=DIRECTION('',(0.,0.,1.));
#2239=DIRECTION('center_axis',(-1.,0.,0.));
#2240=DIRECTION('ref_axis',(0.,0.,1.));
#2241=DIRECTION('center_axis',(-1.,0.,0.));
#2242=DIRECTION('ref_axis',(0.,-1.27881209388759E-14,1.));
#2243=DIRECTION('center_axis',(1.,0.,0.));
#2244=DIRECTION('ref_axis',(0.,0.,1.));
#2245=DIRECTION('center_axis',(1.,0.,0.));
#2246=DIRECTION('ref_axis',(0.,0.,1.));
#2247=DIRECTION('center_axis',(-1.,0.,0.));
#2248=DIRECTION('ref_axis',(0.,0.,-1.));
#2249=DIRECTION('center_axis',(1.,0.,0.));
#2250=DIRECTION('ref_axis',(0.,0.,1.));
#2251=DIRECTION('center_axis',(1.,0.,0.));
#2252=DIRECTION('ref_axis',(0.,0.,1.));
#2253=DIRECTION('center_axis',(1.,0.,0.));
#2254=DIRECTION('ref_axis',(0.,0.,1.));
#2255=DIRECTION('center_axis',(1.,0.,0.));
#2256=DIRECTION('ref_axis',(0.,0.,1.));
#2257=DIRECTION('center_axis',(1.,0.,0.));
#2258=DIRECTION('ref_axis',(0.,0.,1.));
#2259=DIRECTION('center_axis',(1.,0.,0.));
#2260=DIRECTION('ref_axis',(0.,0.,1.));
#2261=DIRECTION('center_axis',(1.,0.,0.));
#2262=DIRECTION('ref_axis',(0.,0.,1.));
#2263=DIRECTION('center_axis',(1.,0.,0.));
#2264=DIRECTION('ref_axis',(0.,0.,1.));
#2265=DIRECTION('center_axis',(1.,0.,0.));
#2266=DIRECTION('ref_axis',(0.,0.,1.));
#2267=DIRECTION('center_axis',(1.,0.,0.));
#2268=DIRECTION('ref_axis',(0.,0.,1.));
#2269=DIRECTION('center_axis',(1.,0.,0.));
#2270=DIRECTION('ref_axis',(0.,0.,1.));
#2271=DIRECTION('center_axis',(1.,0.,0.));
#2272=DIRECTION('ref_axis',(0.,-1.27881209388759E-14,1.));
#2273=DIRECTION('center_axis',(1.,0.,0.));
#2274=DIRECTION('ref_axis',(0.,-1.27881209388759E-14,1.));
#2275=DIRECTION('center_axis',(1.,0.,0.));
#2276=DIRECTION('ref_axis',(0.,-1.27881209388759E-14,1.));
#2277=DIRECTION('center_axis',(1.,0.,0.));
#2278=DIRECTION('ref_axis',(0.,-1.27881209388759E-14,1.));
#2279=DIRECTION('center_axis',(1.,0.,0.));
#2280=DIRECTION('ref_axis',(0.,-1.27881209388759E-14,1.));
#2281=DIRECTION('center_axis',(1.,0.,0.));
#2282=DIRECTION('ref_axis',(0.,-1.27881209388759E-14,1.));
#2283=DIRECTION('center_axis',(1.,0.,0.));
#2284=DIRECTION('ref_axis',(0.,-1.27881209388759E-14,1.));
#2285=DIRECTION('center_axis',(1.,0.,0.));
#2286=DIRECTION('ref_axis',(0.,-1.27881209388759E-14,1.));
#2287=DIRECTION('center_axis',(1.,0.,0.));
#2288=DIRECTION('ref_axis',(0.,-1.27881209388759E-14,1.));
#2289=DIRECTION('center_axis',(1.,0.,0.));
#2290=DIRECTION('ref_axis',(0.,-1.27881209388759E-14,1.));
#2291=DIRECTION('center_axis',(1.,0.,0.));
#2292=DIRECTION('ref_axis',(0.,0.,-1.));
#2293=DIRECTION('center_axis',(1.,0.,0.));
#2294=DIRECTION('ref_axis',(0.,0.,-1.));
#2295=DIRECTION('',(-1.,0.,0.));
#2296=DIRECTION('',(-1.,0.,0.));
#2297=DIRECTION('center_axis',(-1.,0.,0.));
#2298=DIRECTION('ref_axis',(0.,0.,-1.));
#2299=DIRECTION('',(0.707106781186547,-8.65956056235493E-17,-0.707106781186547));
#2300=DIRECTION('center_axis',(1.,0.,0.));
#2301=DIRECTION('ref_axis',(0.,0.,-1.));
#2302=DIRECTION('center_axis',(-1.,0.,0.));
#2303=DIRECTION('ref_axis',(0.,0.,-1.));
#2304=DIRECTION('center_axis',(-1.,0.,0.));
#2305=DIRECTION('ref_axis',(0.,0.,-1.));
#2306=DIRECTION('',(-1.,0.,0.));
#2307=DIRECTION('center_axis',(-1.,0.,0.));
#2308=DIRECTION('ref_axis',(0.,0.,-1.));
#2309=DIRECTION('center_axis',(1.,0.,0.));
#2310=DIRECTION('ref_axis',(0.,-1.27881209388759E-14,1.));
#2311=DIRECTION('center_axis',(1.,0.,0.));
#2312=DIRECTION('ref_axis',(0.,0.,-1.));
#2313=DIRECTION('center_axis',(1.,0.,0.));
#2314=DIRECTION('ref_axis',(0.,0.,-1.));
#2315=DIRECTION('center_axis',(1.,0.,0.));
#2316=DIRECTION('ref_axis',(0.,0.,-1.));
#2317=DIRECTION('center_axis',(1.,0.,0.));
#2318=DIRECTION('ref_axis',(0.,0.,-1.));
#2319=DIRECTION('center_axis',(-1.,0.,0.));
#2320=DIRECTION('ref_axis',(0.,0.,-1.));
#2321=DIRECTION('center_axis',(-1.,0.,0.));
#2322=DIRECTION('ref_axis',(0.,0.,-1.));
#2323=DIRECTION('center_axis',(-1.,0.,0.));
#2324=DIRECTION('ref_axis',(0.,1.58239321388859E-14,-1.));
#2325=DIRECTION('center_axis',(1.,0.,0.));
#2326=DIRECTION('ref_axis',(0.,1.58239321388859E-14,-1.));
#2327=DIRECTION('center_axis',(1.,0.,0.));
#2328=DIRECTION('ref_axis',(0.,-0.50140303090253,-0.865213846746431));
#2329=DIRECTION('center_axis',(1.,0.,0.));
#2330=DIRECTION('ref_axis',(0.,0.,-1.));
#2331=DIRECTION('center_axis',(-1.,0.,0.));
#2332=DIRECTION('ref_axis',(0.,0.,1.));
#2333=DIRECTION('center_axis',(0.,-1.,1.22464679914735E-16));
#2334=DIRECTION('ref_axis',(0.,-1.22464679914735E-16,-1.));
#2335=DIRECTION('center_axis',(1.,0.,0.));
#2336=DIRECTION('ref_axis',(0.,0.,-1.));
#2337=DIRECTION('center_axis',(1.,0.,0.));
#2338=DIRECTION('ref_axis',(0.,0.,-1.));
#2339=DIRECTION('center_axis',(-1.,0.,0.));
#2340=DIRECTION('ref_axis',(0.,0.,-1.));
#2341=DIRECTION('',(-0.707106781186547,-8.65956056235493E-17,0.707106781186548));
#2342=DIRECTION('center_axis',(1.,0.,0.));
#2343=DIRECTION('ref_axis',(0.,0.,-1.));
#2344=DIRECTION('',(-0.447213595499958,1.09535739652841E-16,-0.894427190999916));
#2345=DIRECTION('center_axis',(1.,0.,0.));
#2346=DIRECTION('ref_axis',(0.,0.,-1.));
#2347=CARTESIAN_POINT('',(0.,0.,0.));
#2348=CARTESIAN_POINT('Origin',(-10.,0.,0.));
#2349=CARTESIAN_POINT('',(-17.8887789779808,0.000794142751792126,39.8080929869249));
#2350=CARTESIAN_POINT('',(-18.7312210220192,0.000548170757786609,39.8087229369489));
#2351=CARTESIAN_POINT('',(-10.,-4.87531890740561E-15,39.81));
#2352=CARTESIAN_POINT('',(-19.81,35.9992282922851,-16.9967099258132));
#2353=CARTESIAN_POINT('Ctrl Pts',(-17.8887789779808,0.000794142751792126,
39.8080929869249));
#2354=CARTESIAN_POINT('Ctrl Pts',(-17.9415872962545,2.20257934783605,39.8097308238538));
#2355=CARTESIAN_POINT('Ctrl Pts',(-17.9943956145282,4.4040991174523,39.6300290318401));
#2356=CARTESIAN_POINT('Ctrl Pts',(-18.0472039328019,6.57484625665188,39.2665560455055));
#2357=CARTESIAN_POINT('Ctrl Pts',(-18.2034554200414,12.9977447697808,38.1910967894116));
#2358=CARTESIAN_POINT('Ctrl Pts',(-18.3597069072809,19.151236661196,35.5067670545848));
#2359=CARTESIAN_POINT('Ctrl Pts',(-18.5159583945205,24.3087551386,31.5305376916575));
#2360=CARTESIAN_POINT('Ctrl Pts',(-18.67220988176,29.466273616004,27.5543083287303));
#2361=CARTESIAN_POINT('Ctrl Pts',(-18.8284613689996,33.6278186793969,22.2861793377026));
#2362=CARTESIAN_POINT('Ctrl Pts',(-18.9847128562391,36.3019068179906,16.348211115718));
#2363=CARTESIAN_POINT('Ctrl Pts',(-19.1409643434786,38.9759949565843,10.4102428937334));
#2364=CARTESIAN_POINT('Ctrl Pts',(-19.2972158307181,40.1626261703787,3.80243544079177));
#2365=CARTESIAN_POINT('Ctrl Pts',(-19.4534673179577,39.7218463243177,-2.69494496804214));
#2366=CARTESIAN_POINT('Ctrl Pts',(-19.5723115453051,39.3865910178826,-7.6368253181889));
#2367=CARTESIAN_POINT('Ctrl Pts',(-19.6911557726526,38.1098686579138,-12.5148229613718));
#2368=CARTESIAN_POINT('Ctrl Pts',(-19.81,35.9989945552086,-16.9971016151213));
#2369=CARTESIAN_POINT('',(-19.81,35.9994620293616,16.9963182365051));
#2370=CARTESIAN_POINT('Origin',(-19.81,0.,0.));
#2371=CARTESIAN_POINT('Ctrl Pts',(-19.81,35.9994620293616,16.996318236505));
#2372=CARTESIAN_POINT('Ctrl Pts',(-19.6537485127605,33.2184194905017,22.8867725035177));
#2373=CARTESIAN_POINT('Ctrl Pts',(-19.4974970255209,28.9659585977813,28.0791188616469));
#2374=CARTESIAN_POINT('Ctrl Pts',(-19.3412455382814,23.7387630061679,31.9620328170776));
#2375=CARTESIAN_POINT('Ctrl Pts',(-19.1849940510419,18.5115674145544,35.8449467725083));
#2376=CARTESIAN_POINT('Ctrl Pts',(-19.0287425638023,12.3096371240479,38.4184283252404));
#2377=CARTESIAN_POINT('Ctrl Pts',(-18.8724910765628,5.86814433027499,39.3783643210038));
#2378=CARTESIAN_POINT('Ctrl Pts',(-18.8254010583816,3.92685072640765,39.6676633497164));
#2379=CARTESIAN_POINT('Ctrl Pts',(-18.7783110402004,1.96379865827037,39.8104107567413));
#2380=CARTESIAN_POINT('Ctrl Pts',(-18.7312210220192,0.000548170757786609,
39.8087229369489));
#2381=CARTESIAN_POINT('Origin',(-10.,0.,0.));
#2382=CARTESIAN_POINT('',(-11.8887789779808,0.00075822793753344,39.811771108879));
#2383=CARTESIAN_POINT('',(-12.7312210220192,0.000599732284070391,39.8123644419343));
#2384=CARTESIAN_POINT('',(-10.,-4.87531890740561E-15,39.81));
#2385=CARTESIAN_POINT('Ctrl Pts',(-11.8887789779808,0.00075822793753344,
39.811771108879));
#2386=CARTESIAN_POINT('Ctrl Pts',(-11.9103179621406,0.89856321264439,39.8125582718115));
#2387=CARTESIAN_POINT('Ctrl Pts',(-11.9318569463003,1.79631607629729,39.7827860382878));
#2388=CARTESIAN_POINT('Ctrl Pts',(-11.9533959304601,2.69197303865875,39.7220872038483));
#2389=CARTESIAN_POINT('Ctrl Pts',(-12.1096474176996,9.18938867291063,39.2817561703823));
#2390=CARTESIAN_POINT('Ctrl Pts',(-12.2658989049391,15.5765060345384,37.2138911146395));
#2391=CARTESIAN_POINT('Ctrl Pts',(-12.4221503921787,21.0991283058518,33.7626674819486));
#2392=CARTESIAN_POINT('Ctrl Pts',(-12.5784018794182,26.6217505771651,30.3114438492576));
#2393=CARTESIAN_POINT('Ctrl Pts',(-12.7346533666577,31.279877758164,25.4768616396185));
#2394=CARTESIAN_POINT('Ctrl Pts',(-12.8909048538973,34.5234738356945,19.8297928568942));
#2395=CARTESIAN_POINT('Ctrl Pts',(-13.0471563411368,37.767069913225,14.18272407417));
#2396=CARTESIAN_POINT('Ctrl Pts',(-13.2034078283763,39.5961348872872,7.72316871836063));
#2397=CARTESIAN_POINT('Ctrl Pts',(-13.3596593156159,39.7946910215488,1.21387714428747));
#2398=CARTESIAN_POINT('Ctrl Pts',(-13.5159108028554,39.9932471558104,-5.29541442978564));
#2399=CARTESIAN_POINT('Ctrl Pts',(-13.6721622900949,38.5612944502714,-11.8544422221226));
#2400=CARTESIAN_POINT('Ctrl Pts',(-13.8284137773345,35.6679192787994,-17.6887100741309));
#2401=CARTESIAN_POINT('Ctrl Pts',(-13.984665264574,32.7745441073275,-23.5229779261392));
#2402=CARTESIAN_POINT('Ctrl Pts',(-14.1409167518135,28.4197464699225,-28.632485837819));
#2403=CARTESIAN_POINT('Ctrl Pts',(-14.2971682390531,23.1177448500246,-32.4138983280013));
#2404=CARTESIAN_POINT('Ctrl Pts',(-14.4534197262926,17.8157432301266,-36.1953108181836));
#2405=CARTESIAN_POINT('Ctrl Pts',(-14.6096712135321,11.5665376277356,-38.6486278868685));
#2406=CARTESIAN_POINT('Ctrl Pts',(-14.7659227007717,5.10804031187757,-39.4841595400591));
#2407=CARTESIAN_POINT('Ctrl Pts',(-14.9221741880112,-1.3504570039805,-40.3196911932498));
#2408=CARTESIAN_POINT('Ctrl Pts',(-15.0784256752507,-8.01824603330563,-39.537437430946));
#2409=CARTESIAN_POINT('Ctrl Pts',(-15.2346771624903,-14.1079883985633,-37.2297675364212));
#2410=CARTESIAN_POINT('Ctrl Pts',(-15.3909286497298,-20.1977307638209,-34.9220976418963));
#2411=CARTESIAN_POINT('Ctrl Pts',(-15.5471801369693,-25.709426465011,-31.0890116151503));
#2412=CARTESIAN_POINT('Ctrl Pts',(-15.7034316242089,-29.9922485107905,-26.1831238013361));
#2413=CARTESIAN_POINT('Ctrl Pts',(-15.8596831114484,-34.2750705565699,-21.2772359875219));
#2414=CARTESIAN_POINT('Ctrl Pts',(-16.0159345986879,-37.3290189469388,-15.2985463866396));
#2415=CARTESIAN_POINT('Ctrl Pts',(-16.1721860859275,-38.7934821338881,-8.95302437117499));
#2416=CARTESIAN_POINT('Ctrl Pts',(-16.328437573167,-40.2579453208374,-2.60750235571031));
#2417=CARTESIAN_POINT('Ctrl Pts',(-16.4846890604065,-40.1329233043672,4.10485207433672));
#2418=CARTESIAN_POINT('Ctrl Pts',(-16.6409405476461,-38.4331757953555,10.3914379963912));
#2419=CARTESIAN_POINT('Ctrl Pts',(-16.7971920348856,-36.7334282863439,16.6780239184457));
#2420=CARTESIAN_POINT('Ctrl Pts',(-16.9534435221252,-33.4589552847909,22.5388413325077));
#2421=CARTESIAN_POINT('Ctrl Pts',(-17.1096950093647,-28.9964154911685,27.2818390578306));
#2422=CARTESIAN_POINT('Ctrl Pts',(-17.2659464966042,-24.5338756975461,32.0248367831534));
#2423=CARTESIAN_POINT('Ctrl Pts',(-17.4221979838437,-18.8832691118543,35.6500148197373));
#2424=CARTESIAN_POINT('Ctrl Pts',(-17.5784494710833,-12.7118132515871,37.7293094493488));
#2425=CARTESIAN_POINT('Ctrl Pts',(-17.6818926400491,-8.62612445209276,39.1058648313206));
#2426=CARTESIAN_POINT('Ctrl Pts',(-17.785335809015,-4.31215590832995,39.8048847226265));
#2427=CARTESIAN_POINT('Ctrl Pts',(-17.8887789779808,0.000794142751792126,
39.8080929869249));
#2428=CARTESIAN_POINT('Ctrl Pts',(-18.7312210220192,0.000548170757786609,
39.8087229369489));
#2429=CARTESIAN_POINT('Ctrl Pts',(-18.6220595529609,-4.55055024932922,39.804810326694));
#2430=CARTESIAN_POINT('Ctrl Pts',(-18.5128980839025,-9.10271493429639,39.0247325380942));
#2431=CARTESIAN_POINT('Ctrl Pts',(-18.4037366148442,-13.3873674104984,37.4948539923129));
#2432=CARTESIAN_POINT('Ctrl Pts',(-18.2474851276047,-19.5203310604599,35.3050172290639));
#2433=CARTESIAN_POINT('Ctrl Pts',(-18.0912336403651,-25.1052030633436,31.5789532637712));
#2434=CARTESIAN_POINT('Ctrl Pts',(-17.9349821531256,-29.4818943092471,26.7565659080232));
#2435=CARTESIAN_POINT('Ctrl Pts',(-17.7787306658861,-33.8585855551507,21.9341785522753));
#2436=CARTESIAN_POINT('Ctrl Pts',(-17.6224791786465,-37.027096044074,16.0154678060719));
#2437=CARTESIAN_POINT('Ctrl Pts',(-17.466227691407,-38.6136023365271,9.69935836002716));
#2438=CARTESIAN_POINT('Ctrl Pts',(-17.3099762041675,-40.2001086289803,3.38324891398243));
#2439=CARTESIAN_POINT('Ctrl Pts',(-17.1537247169279,-40.2046107249633,-3.33025923190375));
#2440=CARTESIAN_POINT('Ctrl Pts',(-16.9974732296884,-38.6264144715419,-9.64844812745452));
#2441=CARTESIAN_POINT('Ctrl Pts',(-16.8412217424489,-37.0482182181206,-15.9666370230053));
#2442=CARTESIAN_POINT('Ctrl Pts',(-16.6849702552093,-33.8873236152949,-21.8895066682208));
#2443=CARTESIAN_POINT('Ctrl Pts',(-16.5287187679698,-29.5170554144812,-26.7176691118995));
#2444=CARTESIAN_POINT('Ctrl Pts',(-16.3724672807302,-25.1467872136675,-31.5458315555781));
#2445=CARTESIAN_POINT('Ctrl Pts',(-16.2162157934907,-19.5671454148659,-35.2792867977201));
#2446=CARTESIAN_POINT('Ctrl Pts',(-16.0599643062512,-13.436936606575,-37.4771900426698));
#2447=CARTESIAN_POINT('Ctrl Pts',(-15.9037128190117,-7.30672779828424,-39.6750932876195));
#2448=CARTESIAN_POINT('Ctrl Pts',(-15.7474613317721,-0.625951980504275,
-40.337444535377));
#2449=CARTESIAN_POINT('Ctrl Pts',(-15.5912098445326,5.81649664404698,-39.3860301123745));
#2450=CARTESIAN_POINT('Ctrl Pts',(-15.4349583572931,12.2589452685982,-38.4346156893721));
#2451=CARTESIAN_POINT('Ctrl Pts',(-15.2787068700535,18.4630666999208,-35.8694355956098));
#2452=CARTESIAN_POINT('Ctrl Pts',(-15.122455382814,23.6962837050977,-31.9933900453234));
#2453=CARTESIAN_POINT('Ctrl Pts',(-14.9662038955745,28.9295007102746,-28.117344495037));
#2454=CARTESIAN_POINT('Ctrl Pts',(-14.8099524083349,33.1918132893058,-22.9304334882264));
#2455=CARTESIAN_POINT('Ctrl Pts',(-14.6537009210954,35.9799178058426,-17.0451316543536));
#2456=CARTESIAN_POINT('Ctrl Pts',(-14.4974494338558,38.7680223223794,-11.1598298204809));
#2457=CARTESIAN_POINT('Ctrl Pts',(-14.3411979466163,40.0819187764217,-4.57613715954593));
#2458=CARTESIAN_POINT('Ctrl Pts',(-14.1849464593768,39.7664640005912,1.92853736933942));
#2459=CARTESIAN_POINT('Ctrl Pts',(-14.0286949721373,39.4510092247607,8.43321189822482));
#2460=CARTESIAN_POINT('Ctrl Pts',(-13.8724434848977,37.5062032190574,14.8588682950607));
#2461=CARTESIAN_POINT('Ctrl Pts',(-13.7161919976582,34.1616889837206,20.4467592052639));
#2462=CARTESIAN_POINT('Ctrl Pts',(-13.5599405104186,30.8171747483838,26.0346501154672));
#2463=CARTESIAN_POINT('Ctrl Pts',(-13.4036890231791,26.0729522834135,30.7847755390378));
#2464=CARTESIAN_POINT('Ctrl Pts',(-13.2474375359396,20.4892246066741,34.1362361166523));
#2465=CARTESIAN_POINT('Ctrl Pts',(-13.0911860487,14.9054969299348,37.4876966942669));
#2466=CARTESIAN_POINT('Ctrl Pts',(-12.9349345614605,8.48226404142627,39.4404924259253));
#2467=CARTESIAN_POINT('Ctrl Pts',(-12.778683074221,1.977986907494,39.7640354072254));
#2468=CARTESIAN_POINT('Ctrl Pts',(-12.7628623901537,1.31941964877657,39.7967945916643));
#2469=CARTESIAN_POINT('Ctrl Pts',(-12.7470417060865,0.660021536701247,39.8128509230949));
#2470=CARTESIAN_POINT('Ctrl Pts',(-12.7312210220192,0.000599732284070391,
39.8123644419343));
#2471=CARTESIAN_POINT('Origin',(-10.,0.,0.));
#2472=CARTESIAN_POINT('',(-5.88877897798083,-0.000389856582487802,39.8128570014418));
#2473=CARTESIAN_POINT('',(-6.73122102201918,-0.000587965679221604,39.812399202771));
#2474=CARTESIAN_POINT('',(-10.,-4.87531890740561E-15,39.81));
#2475=CARTESIAN_POINT('Ctrl Pts',(-5.88877897798083,-0.000389856582487802,
39.8128570014418));
#2476=CARTESIAN_POINT('Ctrl Pts',(-6.03530011526616,6.10653693926523,39.8096905337027));
#2477=CARTESIAN_POINT('Ctrl Pts',(-6.18182125255149,12.2148940732602,38.3820267049027));
#2478=CARTESIAN_POINT('Ctrl Pts',(-6.32834238983683,17.6860436039256,35.6692415439476));
#2479=CARTESIAN_POINT('Ctrl Pts',(-6.48459387707636,23.5205277399009,32.7763025194906));
#2480=CARTESIAN_POINT('Ctrl Pts',(-6.6408453643159,28.6303611912338,28.4218868140766));
#2481=CARTESIAN_POINT('Ctrl Pts',(-6.79709685155543,32.4121700301031,23.1201679193768));
#2482=CARTESIAN_POINT('Ctrl Pts',(-6.95334833879497,36.1939788689723,17.8184490246769));
#2483=CARTESIAN_POINT('Ctrl Pts',(-7.1095998260345,38.6477630953778,11.5694269406913));
#2484=CARTESIAN_POINT('Ctrl Pts',(-7.26585131327403,39.4837775658072,5.1109920577337));
#2485=CARTESIAN_POINT('Ctrl Pts',(-7.42210280051357,40.3197920362366,-1.34744282522393));
#2486=CARTESIAN_POINT('Ctrl Pts',(-7.5783542877531,39.5380367506898,-8.0152905071536));
#2487=CARTESIAN_POINT('Ctrl Pts',(-7.73460577499264,37.230822106693,-14.1052052782082));
#2488=CARTESIAN_POINT('Ctrl Pts',(-7.89085726223218,34.9236074626963,-20.1951200492627));
#2489=CARTESIAN_POINT('Ctrl Pts',(-8.04710874947171,31.0909334602496,-25.7071019094422));
#2490=CARTESIAN_POINT('Ctrl Pts',(-8.20336023671124,26.1853658412748,-29.990290869527));
#2491=CARTESIAN_POINT('Ctrl Pts',(-8.35961172395077,21.2797982223,-34.2734798296118));
#2492=CARTESIAN_POINT('Ctrl Pts',(-8.5158632111903,15.3013369867969,-37.327875889602));
#2493=CARTESIAN_POINT('Ctrl Pts',(-8.67211469842984,8.95592444622282,-38.7928130971977));
#2494=CARTESIAN_POINT('Ctrl Pts',(-8.82836618566937,2.61051190564861,-40.2577503047933));
#2495=CARTESIAN_POINT('Ctrl Pts',(-8.98461767290891,-4.10185193999669,-40.1332286599944));
#2496=CARTESIAN_POINT('Ctrl Pts',(-9.14086916014845,-10.3885648704204,-38.4339517954366));
#2497=CARTESIAN_POINT('Ctrl Pts',(-9.29712064738798,-16.6752778008439,-36.7346749308789));
#2498=CARTESIAN_POINT('Ctrl Pts',(-9.45337213462751,-22.5363398160459,-33.4606428465625));
#2499=CARTESIAN_POINT('Ctrl Pts',(-9.60962362186704,-27.2796712147427,-28.9984563226059));
#2500=CARTESIAN_POINT('Ctrl Pts',(-9.76587510910658,-32.0230026134396,-24.5362697986494));
#2501=CARTESIAN_POINT('Ctrl Pts',(-9.92212659634612,-35.6486033956314,-18.8859288350526));
#2502=CARTESIAN_POINT('Ctrl Pts',(-10.0783780835857,-37.7283592192669,-12.7146309937535));
#2503=CARTESIAN_POINT('Ctrl Pts',(-10.2346295708252,-39.8081150429024,-6.54333315245451));
#2504=CARTESIAN_POINT('Ctrl Pts',(-10.3908810580647,-40.3420259079818,0.148921566546907));
#2505=CARTESIAN_POINT('Ctrl Pts',(-10.5471325453042,-39.2670471191742,6.57190544753575));
#2506=CARTESIAN_POINT('Ctrl Pts',(-10.7033840325438,-38.1920683303666,12.9948893285246));
#2507=CARTESIAN_POINT('Ctrl Pts',(-10.8596355197833,-35.5081998876721,19.1486023715009));
#2508=CARTESIAN_POINT('Ctrl Pts',(-11.0158870070229,-31.5323554937195,24.3064083671916));
#2509=CARTESIAN_POINT('Ctrl Pts',(-11.1721384942624,-27.5565110997668,29.4642143628824));
#2510=CARTESIAN_POINT('Ctrl Pts',(-11.3283899815019,-22.288690754556,33.6261133112877));
#2511=CARTESIAN_POINT('Ctrl Pts',(-11.4846414687414,-16.3509236285126,36.3006642798957));
#2512=CARTESIAN_POINT('Ctrl Pts',(-11.6193539718212,-11.2316669328757,38.6065332476792));
#2513=CARTESIAN_POINT('Ctrl Pts',(-11.754066474901,-5.61443494321592,39.8068479106364));
#2514=CARTESIAN_POINT('Ctrl Pts',(-11.8887789779808,0.00075822793753344,
39.811771108879));
#2515=CARTESIAN_POINT('Ctrl Pts',(-12.7312210220192,0.000599732284070391,
39.8123644419343));
#2516=CARTESIAN_POINT('Ctrl Pts',(-12.5907902188469,-5.85269543686944,39.8080462380042));
#2517=CARTESIAN_POINT('Ctrl Pts',(-12.4503594156746,-11.7078573391478,38.5003103968239));
#2518=CARTESIAN_POINT('Ctrl Pts',(-12.3099286125024,-17.0003760992028,36.0010855101205));
#2519=CARTESIAN_POINT('Ctrl Pts',(-12.1536771252628,-22.8891405926115,33.2203024007736));
#2520=CARTESIAN_POINT('Ctrl Pts',(-11.9974256380233,-28.0813482000728,28.9644459511379));
#2521=CARTESIAN_POINT('Ctrl Pts',(-11.8411741507838,-31.9638982811516,23.7360516960313));
#2522=CARTESIAN_POINT('Ctrl Pts',(-11.6849226635442,-35.8464483622303,18.5076574409246));
#2523=CARTESIAN_POINT('Ctrl Pts',(-11.5286711763047,-38.4193409169265,12.306725380347));
#2524=CARTESIAN_POINT('Ctrl Pts',(-11.3724196890652,-39.3787663247091,5.86546738310255));
#2525=CARTESIAN_POINT('Ctrl Pts',(-11.2161682018256,-40.3381917324918,-0.575790614141933));
#2526=CARTESIAN_POINT('Ctrl Pts',(-11.0599167145861,-39.6841499933608,-7.25737454805322));
#2527=CARTESIAN_POINT('Ctrl Pts',(-10.9036652273466,-37.4938709971022,-13.3903167159654));
#2528=CARTESIAN_POINT('Ctrl Pts',(-10.747413740107,-35.3035920008436,-19.5232588838775));
#2529=CARTESIAN_POINT('Ctrl Pts',(-10.5911622528675,-31.5770757474573,-25.1075592857906));
#2530=CARTESIAN_POINT('Ctrl Pts',(-10.434910765628,-26.7543527580734,-29.4838184929224));
#2531=CARTESIAN_POINT('Ctrl Pts',(-10.2786592783884,-21.9316297686894,-33.8600777000542));
#2532=CARTESIAN_POINT('Ctrl Pts',(-10.1224077911489,-16.0127000433077,-37.0282957124048));
#2533=CARTESIAN_POINT('Ctrl Pts',(-9.96615630390936,-9.6964763641237,-38.6143663738858));
#2534=CARTESIAN_POINT('Ctrl Pts',(-9.80990481666983,-3.38025268493963,-40.2004370353667));
#2535=CARTESIAN_POINT('Ctrl Pts',(-9.6536533294303,3.3332649480468,-40.2043603459779));
#2536=CARTESIAN_POINT('Ctrl Pts',(-9.49740184219076,9.65133807804889,-38.6256730379666));
#2537=CARTESIAN_POINT('Ctrl Pts',(-9.34115035495122,15.969411208051,-37.0469857299553));
#2538=CARTESIAN_POINT('Ctrl Pts',(-9.18489886771168,21.8920398350687,-33.8856878033215));
#2539=CARTESIAN_POINT('Ctrl Pts',(-9.02864738047215,26.7198744124875,-29.5150682828444));
#2540=CARTESIAN_POINT('Ctrl Pts',(-8.87239589323262,31.5477089899062,-25.1444487623674));
#2541=CARTESIAN_POINT('Ctrl Pts',(-8.71614440599309,35.2807495177259,-19.5645076480471));
#2542=CARTESIAN_POINT('Ctrl Pts',(-8.55989291875356,37.4781950691809,-13.4341296217052));
#2543=CARTESIAN_POINT('Ctrl Pts',(-8.40364143151403,39.675640620636,-7.30375159536319));
#2544=CARTESIAN_POINT('Ctrl Pts',(-8.24738994427449,40.3374911957264,-0.62293665699953));
#2545=CARTESIAN_POINT('Ctrl Pts',(-8.09113845703495,39.3855948571149,5.81943829779288));
#2546=CARTESIAN_POINT('Ctrl Pts',(-7.93488696979542,38.4336985185033,12.2618132525852));
#2547=CARTESIAN_POINT('Ctrl Pts',(-7.77863548255588,35.86805526619,18.4657482238064));
#2548=CARTESIAN_POINT('Ctrl Pts',(-7.62238399531635,31.9916186626719,23.6986767496866));
#2549=CARTESIAN_POINT('Ctrl Pts',(-7.46613250807682,28.115182059154,28.9316052755667));
#2550=CARTESIAN_POINT('Ctrl Pts',(-7.30988102083729,22.9279521044313,33.1935273561059));
#2551=CARTESIAN_POINT('Ctrl Pts',(-7.15362953359775,17.0424417779217,35.9811912336484));
#2552=CARTESIAN_POINT('Ctrl Pts',(-7.0128266964049,11.738834324701,38.4932376149817));
#2553=CARTESIAN_POINT('Ctrl Pts',(-6.87202385921204,5.86819910399985,39.8081354420808));
#2554=CARTESIAN_POINT('Ctrl Pts',(-6.73122102201918,-0.000587965679221604,
39.812399202771));
#2555=CARTESIAN_POINT('Origin',(-10.,0.,0.));
#2556=CARTESIAN_POINT('',(0.111221022019182,-0.000945040712754253,39.809387488718));
#2557=CARTESIAN_POINT('',(-0.731221022019187,-0.000892413791963436,39.808723367804));
#2558=CARTESIAN_POINT('',(-10.,-4.87531890740561E-15,39.81));
#2559=CARTESIAN_POINT('Ctrl Pts',(0.111221022019182,-0.000945040712754253,
39.809387488718));
#2560=CARTESIAN_POINT('Ctrl Pts',(-0.00403078115221282,4.80390186314812,
39.8048631699063));
#2561=CARTESIAN_POINT('Ctrl Pts',(-0.119282584323607,9.61034611302518,38.9333526032653));
#2562=CARTESIAN_POINT('Ctrl Pts',(-0.234534387495002,14.1024219812016,37.2318764628453));
#2563=CARTESIAN_POINT('Ctrl Pts',(-0.390785874734538,20.192509215252,34.9251170879152));
#2564=CARTESIAN_POINT('Ctrl Pts',(-0.547037361974073,25.7047775785212,31.0928551543819));
#2565=CARTESIAN_POINT('Ctrl Pts',(-0.703288849213609,29.9883332512372,26.187607746665));
#2566=CARTESIAN_POINT('Ctrl Pts',(-0.859540336453143,34.2718889239532,21.2823603389482));
#2567=CARTESIAN_POINT('Ctrl Pts',(-1.01579182369268,37.326731906116,15.3041274570477));
#2568=CARTESIAN_POINT('Ctrl Pts',(-1.17204331093221,38.792143472434,8.95882444824895));
#2569=CARTESIAN_POINT('Ctrl Pts',(-1.32829479817174,40.2575550387521,2.61352143945015));
#2570=CARTESIAN_POINT('Ctrl Pts',(-1.48454628541128,40.1335351892254,-4.09885169624698));
#2571=CARTESIAN_POINT('Ctrl Pts',(-1.64079777265081,38.4347283040376,-10.3856916416415));
#2572=CARTESIAN_POINT('Ctrl Pts',(-1.79704925989034,36.7359214188498,-16.672531587036));
#2573=CARTESIAN_POINT('Ctrl Pts',(-1.95330074712988,33.4623274980009,-22.5338383421279));
#2574=CARTESIAN_POINT('Ctrl Pts',(-2.10955223436941,29.0004955828477,-27.277503306382));
#2575=CARTESIAN_POINT('Ctrl Pts',(-2.26580372160894,24.5386636676946,-32.021168270636));
#2576=CARTESIAN_POINT('Ctrl Pts',(-2.42205520884848,18.8885937582372,-35.6471914440521));
#2577=CARTESIAN_POINT('Ctrl Pts',(-2.57830669608801,12.7174514101027,-37.7274086084921));
#2578=CARTESIAN_POINT('Ctrl Pts',(-2.73455818332755,6.54630906196814,-39.8076257729322));
#2579=CARTESIAN_POINT('Ctrl Pts',(-2.89080967056708,-0.14590572484349,-40.3420369283961));
#2580=CARTESIAN_POINT('Ctrl Pts',(-3.04706115780662,-6.56896994987983,-39.2675383042791));
#2581=CARTESIAN_POINT('Ctrl Pts',(-3.20331264504615,-12.9920341749161,-38.193039680162));
#2582=CARTESIAN_POINT('Ctrl Pts',(-3.35956413228568,-19.145947838177,-35.5096312764639));
#2583=CARTESIAN_POINT('Ctrl Pts',(-3.51581561952522,-24.3040510408958,-31.5341724749831));
#2584=CARTESIAN_POINT('Ctrl Pts',(-3.67206710676475,-29.4621542436147,-27.5587136735022));
#2585=CARTESIAN_POINT('Ctrl Pts',(-3.82831859400429,-33.6244469857915,-22.2912044742385));
#2586=CARTESIAN_POINT('Ctrl Pts',(-3.98457008124382,-36.2994418354978,-16.3536373052529));
#2587=CARTESIAN_POINT('Ctrl Pts',(-4.14082156848336,-38.974436685204,-10.4160701362673));
#2588=CARTESIAN_POINT('Ctrl Pts',(-4.29707305572289,-40.1621336424397,-3.80844499755974));
#2589=CARTESIAN_POINT('Ctrl Pts',(-4.45332454296242,-39.7222883362342,2.68900353542454));
#2590=CARTESIAN_POINT('Ctrl Pts',(-4.60957603020196,-39.2824430300287,9.18645206840882));
#2591=CARTESIAN_POINT('Ctrl Pts',(-4.7658275174415,-37.2150554603821,15.5737239956697));
#2592=CARTESIAN_POINT('Ctrl Pts',(-4.92207900468103,-33.7642446910766,21.0966042556985));
#2593=CARTESIAN_POINT('Ctrl Pts',(-5.07833049192056,-30.3134339217711,26.6194845157272));
#2594=CARTESIAN_POINT('Ctrl Pts',(-5.23458197916009,-25.4791999528067,31.2779731085236));
#2595=CARTESIAN_POINT('Ctrl Pts',(-5.39083346639963,-19.832373666565,34.5219913306025));
#2596=CARTESIAN_POINT('Ctrl Pts',(-5.54708495363916,-14.1855473803232,37.7660095526814));
#2597=CARTESIAN_POINT('Ctrl Pts',(-5.7033364408787,-7.72612877680418,39.5955574040429));
#2598=CARTESIAN_POINT('Ctrl Pts',(-5.85958792811823,-1.21685206473582,39.7946001579737));
#2599=CARTESIAN_POINT('Ctrl Pts',(-5.86931827807243,-0.811495664767321,
39.806995276163));
#2600=CARTESIAN_POINT('Ctrl Pts',(-5.87904862802663,-0.40594591469956,39.8130672839975));
#2601=CARTESIAN_POINT('Ctrl Pts',(-5.88877897798083,-0.000389856582487802,
39.8128570014418));
#2602=CARTESIAN_POINT('Ctrl Pts',(-6.73122102201918,-0.000587965679221604,
39.812399202771));
#2603=CARTESIAN_POINT('Ctrl Pts',(-6.7157723719725,-0.644501394169068,39.8128670154095));
#2604=CARTESIAN_POINT('Ctrl Pts',(-6.70032372192583,-1.28839257441611,39.7975572727555));
#2605=CARTESIAN_POINT('Ctrl Pts',(-6.68487507187915,-1.93151013453993,39.7663200830312));
#2606=CARTESIAN_POINT('Ctrl Pts',(-6.52862358463961,-8.436161022195,39.4503793803258));
#2607=CARTESIAN_POINT('Ctrl Pts',(-6.37237209740008,-14.8616720992085,37.5050923003691));
#2608=CARTESIAN_POINT('Ctrl Pts',(-6.21612061016055,-20.4493129894286,34.160160166574));
#2609=CARTESIAN_POINT('Ctrl Pts',(-6.05986912292101,-26.0369538796487,30.8152280327788));
#2610=CARTESIAN_POINT('Ctrl Pts',(-5.90361763568148,-30.7867245830755,26.0706508451452));
#2611=CARTESIAN_POINT('Ctrl Pts',(-5.74736614844195,-34.1377677189446,20.4866727292003));
#2612=CARTESIAN_POINT('Ctrl Pts',(-5.59111466120241,-37.4888108548137,14.9026946132552));
#2613=CARTESIAN_POINT('Ctrl Pts',(-5.43486317396288,-39.4411264231251,8.47931556899869));
#2614=CARTESIAN_POINT('Ctrl Pts',(-5.27861168672334,-39.7641831699806,1.97501422019034));
#2615=CARTESIAN_POINT('Ctrl Pts',(-5.12236019948381,-40.087239916836,-4.52928712861794));
#2616=CARTESIAN_POINT('Ctrl Pts',(-4.96610871224427,-38.7810378422355,-11.114510781978));
#2617=CARTESIAN_POINT('Ctrl Pts',(-4.80985722500474,-35.9998145125811,-17.0030673528516));
#2618=CARTESIAN_POINT('Ctrl Pts',(-4.65360573776521,-33.2185911829266,-22.8916239237252));
#2619=CARTESIAN_POINT('Ctrl Pts',(-4.49735425052568,-28.9623465982181,-28.0835134121123));
#2620=CARTESIAN_POINT('Ctrl Pts',(-4.34110276328614,-23.7336621120955,-31.9656726363561));
#2621=CARTESIAN_POINT('Ctrl Pts',(-4.18485127604661,-18.5049776259729,-35.8478318605998));
#2622=CARTESIAN_POINT('Ctrl Pts',(-4.02859978880707,-12.3038532384362,-38.4202608207002));
#2623=CARTESIAN_POINT('Ctrl Pts',(-3.87234830156754,-5.86252353486473,-39.3792046916766));
#2624=CARTESIAN_POINT('Ctrl Pts',(-3.71609681432801,0.578806168706705,-40.3381485626531));
#2625=CARTESIAN_POINT('Ctrl Pts',(-3.55984532708848,7.26034118831289,-39.6836073445055));
#2626=CARTESIAN_POINT('Ctrl Pts',(-3.40359383984894,13.3931196004315,-37.4928698783429));
#2627=CARTESIAN_POINT('Ctrl Pts',(-3.24734235260941,19.5258980125503,-35.3021324121801));
#2628=CARTESIAN_POINT('Ctrl Pts',(-3.09109086536987,25.1099198171815,-31.5751986980022));
#2629=CARTESIAN_POINT('Ctrl Pts',(-2.93483937813034,29.4858184808807,-26.7521485652716));
#2630=CARTESIAN_POINT('Ctrl Pts',(-2.7785878908908,33.8617171445798,-21.9290984325409));
#2631=CARTESIAN_POINT('Ctrl Pts',(-2.62233640365127,37.029492667347,-16.0099318812575));
#2632=CARTESIAN_POINT('Ctrl Pts',(-2.46608491641173,38.6150911435459,-9.6935896509732));
#2633=CARTESIAN_POINT('Ctrl Pts',(-2.3098334291722,40.2006896197449,-3.37724742068888));
#2634=CARTESIAN_POINT('Ctrl Pts',(-2.15358194193266,40.2041110493756,3.33627048859635));
#2635=CARTESIAN_POINT('Ctrl Pts',(-1.99733045469313,38.6249514268177,9.65422558374225));
#2636=CARTESIAN_POINT('Ctrl Pts',(-1.84107896745359,37.0457918042597,15.9721806788881));
#2637=CARTESIAN_POINT('Ctrl Pts',(-1.68482748021406,33.8840511295131,21.8945729598947));
#2638=CARTESIAN_POINT('Ctrl Pts',(-1.52857599297453,29.5130707076976,26.722080790018));
#2639=CARTESIAN_POINT('Ctrl Pts',(-1.372324505735,25.1420902858822,31.5495886201414));
#2640=CARTESIAN_POINT('Ctrl Pts',(-1.21607301849546,19.5618701169979,35.2822119993817));
#2641=CARTESIAN_POINT('Ctrl Pts',(-1.05982153125593,13.4313278337741,37.4791992572879));
#2642=CARTESIAN_POINT('Ctrl Pts',(-0.950288028177015,9.1337701982075,39.0193043457554));
#2643=CARTESIAN_POINT('Ctrl Pts',(-0.840754525098101,4.56577774787308,39.8047796288731));
#2644=CARTESIAN_POINT('Ctrl Pts',(-0.731221022019187,-0.000892413791963436,
39.808723367804));
#2645=CARTESIAN_POINT('Origin',(-10.,0.,0.));
#2646=CARTESIAN_POINT('',(6.11122102201918,-0.000211705606603108,39.8068828785926));
#2647=CARTESIAN_POINT('',(5.26877897798082,-5.04426155380838E-6,39.806810782151));
#2648=CARTESIAN_POINT('',(-10.,-4.87531890740561E-15,39.81));
#2649=CARTESIAN_POINT('Ctrl Pts',(6.11122102201918,-0.000211705606603108,
39.8068828785926));
#2650=CARTESIAN_POINT('Ctrl Pts',(6.02723855296173,3.50164934676707,39.8062122560614));
#2651=CARTESIAN_POINT('Ctrl Pts',(5.94325608390428,7.00368248490118,39.348331274662));
#2652=CARTESIAN_POINT('Ctrl Pts',(5.85927361484683,10.3828183548383,38.435504597844));
#2653=CARTESIAN_POINT('Ctrl Pts',(5.70302212760729,16.6697852800537,36.737167701519));
#2654=CARTESIAN_POINT('Ctrl Pts',(5.54677064036776,22.5313367422148,33.4640119624283));
#2655=CARTESIAN_POINT('Ctrl Pts',(5.39051915312822,27.2753352455461,29.0025346810157));
#2656=CARTESIAN_POINT('Ctrl Pts',(5.23426766588868,32.0193337488775,24.541057399603));
#2657=CARTESIAN_POINT('Ctrl Pts',(5.07801617864915,35.6457792933792,18.8912585758685));
#2658=CARTESIAN_POINT('Ctrl Pts',(4.92176469140961,37.7264577869387,12.7202717553825));
#2659=CARTESIAN_POINT('Ctrl Pts',(4.76551320417008,39.8071362804982,6.54928493489688));
#2660=CARTESIAN_POINT('Ctrl Pts',(4.60926171693054,40.3420477231157,-0.142889882340098));
#2661=CARTESIAN_POINT('Ctrl Pts',(4.45301022969101,39.2680292698099,-6.56603441552065));
#2662=CARTESIAN_POINT('Ctrl Pts',(4.29675874245148,38.1940108165041,-12.9891789487013));
#2663=CARTESIAN_POINT('Ctrl Pts',(4.14050725521195,35.511062467275,-19.1432931978255));
#2664=CARTESIAN_POINT('Ctrl Pts',(3.98425576797242,31.5359892802574,-24.3016935787599));
#2665=CARTESIAN_POINT('Ctrl Pts',(3.82800428073288,27.5609160932399,-29.4600939596942));
#2666=CARTESIAN_POINT('Ctrl Pts',(3.67175279349335,22.2937180684338,-33.6227804724387));
#2667=CARTESIAN_POINT('Ctrl Pts',(3.51550130625382,16.3563508901284,-36.2982191882666));
#2668=CARTESIAN_POINT('Ctrl Pts',(3.35924981901428,10.4189837118229,-38.9736579040945));
#2669=CARTESIAN_POINT('Ctrl Pts',(3.20299833177475,3.81144738001799,-40.1618488230058));
#2670=CARTESIAN_POINT('Ctrl Pts',(3.04674684453522,-2.68603401624362,-39.722489246572));
#2671=CARTESIAN_POINT('Ctrl Pts',(2.89049535729568,-9.18351541250532,-39.2831296701383));
#2672=CARTESIAN_POINT('Ctrl Pts',(2.73424387005614,-15.5709418732237,-37.2162195983594));
#2673=CARTESIAN_POINT('Ctrl Pts',(2.57799238281661,-21.0940800894341,-33.7658217116212));
#2674=CARTESIAN_POINT('Ctrl Pts',(2.42174089557707,-26.6172183056445,-30.315423824883));
#2675=CARTESIAN_POINT('Ctrl Pts',(2.26548940833754,-31.2760682773469,-25.4815381231855));
#2676=CARTESIAN_POINT('Ctrl Pts',(2.109237921098,-34.5205086290958,-19.8349543651851));
#2677=CARTESIAN_POINT('Ctrl Pts',(1.95298643385847,-37.7649489808446,-14.1883706071848));
#2678=CARTESIAN_POINT('Ctrl Pts',(1.79673494661894,-39.59497971264,-7.72908879288157));
#2679=CARTESIAN_POINT('Ctrl Pts',(1.64048345937941,-39.7945090787942,-1.21982697880383));
#2680=CARTESIAN_POINT('Ctrl Pts',(1.48423197213987,-39.9940384449484,5.2894348352741));
#2681=CARTESIAN_POINT('Ctrl Pts',(1.32798048490034,-38.5630664454613,11.8486766491266));
#2682=CARTESIAN_POINT('Ctrl Pts',(1.1717289976608,-35.6705635965254,17.683377035699));
#2683=CARTESIAN_POINT('Ctrl Pts',(1.01547751042127,-32.7780607475895,23.5180774222714));
#2684=CARTESIAN_POINT('Ctrl Pts',(0.859226023181738,-28.4240270492049,28.6282363815637));
#2685=CARTESIAN_POINT('Ctrl Pts',(0.702974535942205,-23.1225908852945,32.4104415494721));
#2686=CARTESIAN_POINT('Ctrl Pts',(0.546723048702674,-17.8211547213841,36.1926467173804));
#2687=CARTESIAN_POINT('Ctrl Pts',(0.390471561463142,-11.5723160919481,38.6468980939047));
#2688=CARTESIAN_POINT('Ctrl Pts',(0.234220074223611,-5.1139437248144,39.4833953740035));
#2689=CARTESIAN_POINT('Ctrl Pts',(0.193220390155468,-3.41929600449553,39.7028884797257));
#2690=CARTESIAN_POINT('Ctrl Pts',(0.152220706087325,-1.71022159546765,39.8109969701907));
#2691=CARTESIAN_POINT('Ctrl Pts',(0.111221022019182,-0.000945040712754253,
39.809387488718));
#2692=CARTESIAN_POINT('Ctrl Pts',(-0.731221022019187,-0.000892413791963436,
39.808723367804));
#2693=CARTESIAN_POINT('Ctrl Pts',(-0.684503037858567,-1.94865833273404,
39.810405442491));
#2694=CARTESIAN_POINT('Ctrl Pts',(-0.637785053697947,-3.89618370436211,
39.6699133322818));
#2695=CARTESIAN_POINT('Ctrl Pts',(-0.591067069537326,-5.8223826230741,39.3851597043396));
#2696=CARTESIAN_POINT('Ctrl Pts',(-0.434815582297792,-12.2646863991353,
38.4327817569126));
#2697=CARTESIAN_POINT('Ctrl Pts',(-0.278564095058257,-18.4684295536944,
35.8666747254863));
#2698=CARTESIAN_POINT('Ctrl Pts',(-0.122312607818723,-23.7010682749038,
31.9898469357726));
#2699=CARTESIAN_POINT('Ctrl Pts',(0.0339388794208118,-28.9337069961133,
28.1130191460588));
#2700=CARTESIAN_POINT('Ctrl Pts',(0.190190366660346,-33.1952412839732,22.9254705980577));
#2701=CARTESIAN_POINT('Ctrl Pts',(0.346441853899881,-35.9824651717353,17.0397518911124));
#2702=CARTESIAN_POINT('Ctrl Pts',(0.502693341139415,-38.7696890594973,11.1540331841671));
#2703=CARTESIAN_POINT('Ctrl Pts',(0.658944828378949,-40.0826025471616,4.5701443182776));
#2704=CARTESIAN_POINT('Ctrl Pts',(0.815196315618484,-39.7661755783703,-1.9344829324739));
#2705=CARTESIAN_POINT('Ctrl Pts',(0.971447802858017,-39.4497486095791,-8.43911018322535));
#2706=CARTESIAN_POINT('Ctrl Pts',(1.12769929009755,-37.5039811843325,-14.8644758188388));
#2707=CARTESIAN_POINT('Ctrl Pts',(1.28395077733708,-34.1586313456614,-20.4518666369847));
#2708=CARTESIAN_POINT('Ctrl Pts',(1.44020226457662,-30.8132815069904,-26.0392574551305));
#2709=CARTESIAN_POINT('Ctrl Pts',(1.59645375181615,-26.068349254895,-30.7886734558087));
#2710=CARTESIAN_POINT('Ctrl Pts',(1.75270523905568,-20.4841206412492,-34.1392991419062));
#2711=CARTESIAN_POINT('Ctrl Pts',(1.90895672629522,-14.8998920276034,-37.4899248280037));
#2712=CARTESIAN_POINT('Ctrl Pts',(2.06520821353475,-8.47636705240708,-39.4417601995205));
#2713=CARTESIAN_POINT('Ctrl Pts',(2.22145970077429,-1.97204157108112,-39.764330704637));
#2714=CARTESIAN_POINT('Ctrl Pts',(2.37771118801382,4.53228391024485,-40.0869012097536));
#2715=CARTESIAN_POINT('Ctrl Pts',(2.53396267525336,11.1174098977005,-38.78020684847));
#2716=CARTESIAN_POINT('Ctrl Pts',(2.69021416249289,17.0057585367285,-35.9985433168662));
#2717=CARTESIAN_POINT('Ctrl Pts',(2.84646564973242,22.8941071757565,-33.2168797852625));
#2718=CARTESIAN_POINT('Ctrl Pts',(3.00271713697196,28.0856784663569,-28.9602470833386));
#2719=CARTESIAN_POINT('Ctrl Pts',(3.15896862421149,31.9674467999663,-23.7312723939771));
#2720=CARTESIAN_POINT('Ctrl Pts',(3.31522011145102,35.8492151335757,-18.5022977046154));
#2721=CARTESIAN_POINT('Ctrl Pts',(3.47147159869056,38.4211805101941,-12.300981027816));
#2722=CARTESIAN_POINT('Ctrl Pts',(3.6277230859301,39.3796428452132,-5.85957965465594));
#2723=CARTESIAN_POINT('Ctrl Pts',(3.78397457316963,40.3381051802323,0.581821718503988));
#2724=CARTESIAN_POINT('Ctrl Pts',(3.94022606040916,39.6830644736521,7.2633077880245));
#2725=CARTESIAN_POINT('Ctrl Pts',(4.0964775476487,37.4918685466443,13.395922410456));
#2726=CARTESIAN_POINT('Ctrl Pts',(4.25272903488823,35.3006726196364,19.5285370328875));
#2727=CARTESIAN_POINT('Ctrl Pts',(4.40898052212776,31.5733214722009,25.1122802082301));
#2728=CARTESIAN_POINT('Ctrl Pts',(4.56523200936729,26.7499442247108,29.4878183038466));
#2729=CARTESIAN_POINT('Ctrl Pts',(4.72148349660683,21.9265669772206,33.8633563994632));
#2730=CARTESIAN_POINT('Ctrl Pts',(4.87773498384637,16.0071636296758,37.0306894153538));
#2731=CARTESIAN_POINT('Ctrl Pts',(5.0339864710859,9.69070288275293,38.6158156975094));
#2732=CARTESIAN_POINT('Ctrl Pts',(5.11225064005087,6.52687666969465,39.4097831237987));
#2733=CARTESIAN_POINT('Ctrl Pts',(5.19051480901585,3.26343403654373,39.8067959261268));
#2734=CARTESIAN_POINT('Ctrl Pts',(5.26877897798082,-5.04426155380838E-6,
39.806810782151));
#2735=CARTESIAN_POINT('Origin',(-10.,0.,0.));
#2736=CARTESIAN_POINT('',(12.1112210220192,0.000790126326488672,39.8081017208097));
#2737=CARTESIAN_POINT('',(11.2687789779808,0.000888710712481413,39.8086927699934));
#2738=CARTESIAN_POINT('',(-10.,-4.87531890740561E-15,39.81));
#2739=CARTESIAN_POINT('Ctrl Pts',(12.1112210220192,0.000790126326488671,
39.8081017208097));
#2740=CARTESIAN_POINT('Ctrl Pts',(12.0585078870757,2.19860437360735,39.8097412196714));
#2741=CARTESIAN_POINT('Ctrl Pts',(12.0057947521322,4.39615424782618,39.6306898040014));
#2742=CARTESIAN_POINT('Ctrl Pts',(11.9530816171886,6.56309884400308,39.2685200157963));
#2743=CARTESIAN_POINT('Ctrl Pts',(11.7968301299491,12.9863236489998,38.1949817392183));
#2744=CARTESIAN_POINT('Ctrl Pts',(11.6405786427096,19.1406384505061,35.5124934596329));
#2745=CARTESIAN_POINT('Ctrl Pts',(11.4843271554701,24.2993359810497,31.5378059093376));
#2746=CARTESIAN_POINT('Ctrl Pts',(11.3280756682305,29.4580335115932,27.5631183590423));
#2747=CARTESIAN_POINT('Ctrl Pts',(11.171824180991,33.621113771174,22.2962315380373));
#2748=CARTESIAN_POINT('Ctrl Pts',(11.0155726937515,36.2969963380578,16.3590643835708));
#2749=CARTESIAN_POINT('Ctrl Pts',(10.8593212065119,38.9728789049416,10.4218972291042));
#2750=CARTESIAN_POINT('Ctrl Pts',(10.7030697192724,40.1615637791285,3.81444974117627));
#2751=CARTESIAN_POINT('Ctrl Pts',(10.5468182320329,39.7226899349802,-2.68306448203942));
#2752=CARTESIAN_POINT('Ctrl Pts',(10.3905667447933,39.2838160908319,-9.18057870525522));
#2753=CARTESIAN_POINT('Ctrl Pts',(10.2343152575538,37.2173835283485,-15.5681596637587));
#2754=CARTESIAN_POINT('Ctrl Pts',(10.0780637703142,33.7673985434306,-21.0915558052902));
#2755=CARTESIAN_POINT('Ctrl Pts',(9.92181228307471,30.3174135585126,-26.6149519468216));
#2756=CARTESIAN_POINT('Ctrl Pts',(9.76556079583518,25.4838761511601,-31.274163271381));
#2757=CARTESIAN_POINT('Ctrl Pts',(9.60930930859564,19.8375349529728,-34.519025734665));
#2758=CARTESIAN_POINT('Ctrl Pts',(9.45305782135611,14.1911937547855,-37.7638881979489));
#2759=CARTESIAN_POINT('Ctrl Pts',(9.29680633411657,7.73204876576335,-39.5944017999575));
#2760=CARTESIAN_POINT('Ctrl Pts',(9.14055484687704,1.22280188604582,-39.7944177772215));
#2761=CARTESIAN_POINT('Ctrl Pts',(8.9843033596375,-5.2864449936717,-39.9944337544856));
#2762=CARTESIAN_POINT('Ctrl Pts',(8.82805187239797,-11.8457937640846,-38.5639521070051));
#2763=CARTESIAN_POINT('Ctrl Pts',(8.67180038515844,-17.6807103686426,-35.6718854497545));
#2764=CARTESIAN_POINT('Ctrl Pts',(8.51554889791891,-23.5156269732007,-32.7798187925039));
#2765=CARTESIAN_POINT('Ctrl Pts',(8.35929741067937,-28.6261114119038,-28.4261671254832));
#2766=CARTESIAN_POINT('Ctrl Pts',(8.20304592343984,-32.4087128877158,-23.1250137219899));
#2767=CARTESIAN_POINT('Ctrl Pts',(8.0467944362003,-36.1913143635276,-17.8238603184968));
#2768=CARTESIAN_POINT('Ctrl Pts',(7.89054294896077,-38.6460328764483,-11.5752051785311));
#2769=CARTESIAN_POINT('Ctrl Pts',(7.73429146172124,-39.4830129615415,-5.11689536331414));
#2770=CARTESIAN_POINT('Ctrl Pts',(7.5780399744817,-40.3199930466347,1.34141445190284));
#2771=CARTESIAN_POINT('Ctrl Pts',(7.42178848724216,-39.5392347039004,8.00937894237117));
#2772=CARTESIAN_POINT('Ctrl Pts',(7.26553700000263,-37.232930610927,14.0996386053823));
#2773=CARTESIAN_POINT('Ctrl Pts',(7.10928551276309,-34.9266265179535,20.1898982683934));
#2774=CARTESIAN_POINT('Ctrl Pts',(6.95303402552356,-31.0947766747408,25.7024531039474));
#2775=CARTESIAN_POINT('Ctrl Pts',(6.79678253828403,-26.1898495056992,29.9863754653554));
#2776=CARTESIAN_POINT('Ctrl Pts',(6.64053105104449,-21.2849223366576,34.2702978267633));
#2777=CARTESIAN_POINT('Ctrl Pts',(6.48427956380496,-15.3069178417871,37.3255877140253));
#2778=CARTESIAN_POINT('Ctrl Pts',(6.32802807656543,-8.96172440021702,38.7914736308767));
#2779=CARTESIAN_POINT('Ctrl Pts',(6.25575905838335,-6.0269625729924,39.4694712477275));
#2780=CARTESIAN_POINT('Ctrl Pts',(6.18349004020127,-3.0136508543412,39.8074599660782));
#2781=CARTESIAN_POINT('Ctrl Pts',(6.11122102201918,-0.000211705606603108,
39.8068828785926));
#2782=CARTESIAN_POINT('Ctrl Pts',(5.26877897798082,-5.04426155380838E-6,
39.806810782151));
#2783=CARTESIAN_POINT('Ctrl Pts',(5.34676629625538,-3.25190007656314,39.8068255856237));
#2784=CARTESIAN_POINT('Ctrl Pts',(5.42475361452994,-6.50379158160669,39.4126461462329));
#2785=CARTESIAN_POINT('Ctrl Pts',(5.5027409328045,-9.65711303502231,38.6242295997553));
#2786=CARTESIAN_POINT('Ctrl Pts',(5.65899242004404,-15.9749500595739,37.0445976714247));
#2787=CARTESIAN_POINT('Ctrl Pts',(5.81524390728357,-21.8971059623764,33.8824142663427));
#2788=CARTESIAN_POINT('Ctrl Pts',(5.9714953945231,-26.7242870184459,29.5110729676427));
#2789=CARTESIAN_POINT('Ctrl Pts',(6.12774688176264,-31.5514680745155,25.1397316689427));
#2790=CARTESIAN_POINT('Ctrl Pts',(6.28399836900217,-35.2836742838521,19.5592324766245));
#2791=CARTESIAN_POINT('Ctrl Pts',(6.44024985624171,-37.4802032358186,13.4285259707663));
#2792=CARTESIAN_POINT('Ctrl Pts',(6.59650134348124,-39.676732187785,7.29781946490828));
#2793=CARTESIAN_POINT('Ctrl Pts',(6.75275283072078,-40.3375838823813,0.616905645510385));
#2794=CARTESIAN_POINT('Ctrl Pts',(6.90900431796031,-39.3847243315192,-5.82532691580935));
#2795=CARTESIAN_POINT('Ctrl Pts',(7.06525580519984,-38.4318647806571,-12.267559477129));
#2796=CARTESIAN_POINT('Ctrl Pts',(7.22150729243937,-35.8652939843365,-18.4711107803705));
#2797=CARTESIAN_POINT('Ctrl Pts',(7.37775877967891,-31.9880750300634,-23.7034596676697));
#2798=CARTESIAN_POINT('Ctrl Pts',(7.53401026691844,-28.1108560757902,-28.935808554969));
#2799=CARTESIAN_POINT('Ctrl Pts',(7.69026175415798,-22.9229889635644,-33.1969550263262));
#2800=CARTESIAN_POINT('Ctrl Pts',(7.84651324139752,-17.0370619090914,-35.9837389087293));
#2801=CARTESIAN_POINT('Ctrl Pts',(8.00276472863705,-11.1511348546185,-38.7705227911325));
#2802=CARTESIAN_POINT('Ctrl Pts',(8.15901621587659,-4.56714785789829,-40.0829440845817));
#2803=CARTESIAN_POINT('Ctrl Pts',(8.31526770311612,1.93745571960567,-39.7660308514739));
#2804=CARTESIAN_POINT('Ctrl Pts',(8.47151919035565,8.44205929710944,-39.4491176183662));
#2805=CARTESIAN_POINT('Ctrl Pts',(8.62777067759519,14.867279455397,-37.5028698587017));
#2806=CARTESIAN_POINT('Ctrl Pts',(8.78402216483472,20.4544201702392,-34.1571023338501));
#2807=CARTESIAN_POINT('Ctrl Pts',(8.94027365207426,26.0415608850815,-30.8113348089984));
#2808=CARTESIAN_POINT('Ctrl Pts',(9.09652513931379,30.7906221564784,-26.0660475189596));
#2809=CARTESIAN_POINT('Ctrl Pts',(9.25277662655333,34.1408303740806,-20.481568438821));
#2810=CARTESIAN_POINT('Ctrl Pts',(9.40902811379286,37.4910385916827,-14.8970893586825));
#2811=CARTESIAN_POINT('Ctrl Pts',(9.56527960103239,39.4423937554901,-8.47341848844439));
#2812=CARTESIAN_POINT('Ctrl Pts',(9.72153108827192,39.764478017065,-1.96906891095058));
#2813=CARTESIAN_POINT('Ctrl Pts',(9.87778257551145,40.08656227864,4.53528066654319));
#2814=CARTESIAN_POINT('Ctrl Pts',(10.034034062751,38.7793756379824,11.1203089512926));
#2815=CARTESIAN_POINT('Ctrl Pts',(10.1902855499905,35.9972719199735,17.0084496255673));
#2816=CARTESIAN_POINT('Ctrl Pts',(10.3465370372301,33.2151682019645,22.8965902998422));
#2817=CARTESIAN_POINT('Ctrl Pts',(10.5027885244696,28.9581474066041,28.0878433636423));
#2818=CARTESIAN_POINT('Ctrl Pts',(10.6590400117091,23.7288825432297,31.9692207849239));
#2819=CARTESIAN_POINT('Ctrl Pts',(10.8152914989487,18.4996176798554,35.8505982062054));
#2820=CARTESIAN_POINT('Ctrl Pts',(10.9715429861882,12.2981087484671,38.4220999849684));
#2821=CARTESIAN_POINT('Ctrl Pts',(11.1277944734277,5.85663574170925,39.3800807786736));
#2822=CARTESIAN_POINT('Ctrl Pts',(11.1747893082788,3.91927203722252,39.6682069910124));
#2823=CARTESIAN_POINT('Ctrl Pts',(11.2217841431298,1.96020141476715,39.8103756569586));
#2824=CARTESIAN_POINT('Ctrl Pts',(11.2687789779808,0.000888710712481413,
39.8086927699934));
#2825=CARTESIAN_POINT('Origin',(-10.,0.,0.));
#2826=CARTESIAN_POINT('',(18.1112210220192,0.000757218625692668,39.8117820141155));
#2827=CARTESIAN_POINT('',(17.2687789779808,0.000596661371514765,39.8123733908821));
#2828=CARTESIAN_POINT('',(-10.,-4.87531890740561E-15,39.81));
#2829=CARTESIAN_POINT('Ctrl Pts',(18.1112210220192,0.000757218625692668,
39.8117820141155));
#2830=CARTESIAN_POINT('Ctrl Pts',(18.0897772211896,0.894594584547164,39.8125641904411));
#2831=CARTESIAN_POINT('Ctrl Pts',(18.0683334203601,1.78838030721285,39.7830548221457));
#2832=CARTESIAN_POINT('Ctrl Pts',(18.0468896195305,2.68009763076357,39.722890936556));
#2833=CARTESIAN_POINT('Ctrl Pts',(17.890638132291,9.17764716078564,39.2845033262523));
#2834=CARTESIAN_POINT('Ctrl Pts',(17.7343866450514,15.5653772739907,37.2185472318385));
#2835=CARTESIAN_POINT('Ctrl Pts',(17.5781351578119,21.0890300184261,33.7689749118294));
#2836=CARTESIAN_POINT('Ctrl Pts',(17.4218836705723,26.6126827628617,30.3194025918203));
#2837=CARTESIAN_POINT('Ctrl Pts',(17.2656321833328,31.2722581385275,25.4862140462157));
#2838=CARTESIAN_POINT('Ctrl Pts',(17.1093806960933,34.5175433581661,19.8401155709001));
#2839=CARTESIAN_POINT('Ctrl Pts',(16.9531292088537,37.7628285778046,14.1940170955847));
#2840=CARTESIAN_POINT('Ctrl Pts',(16.7968777216142,39.5938236414161,7.73500869055818));
#2841=CARTESIAN_POINT('Ctrl Pts',(16.6406262343747,39.7943258883773,1.22577671407751));
#2842=CARTESIAN_POINT('Ctrl Pts',(16.4843747471351,39.9948281353385,-5.28345526240335));
#2843=CARTESIAN_POINT('Ctrl Pts',(16.3281232598956,38.5648375656493,-11.8429108103384));
#2844=CARTESIAN_POINT('Ctrl Pts',(16.1718717726561,35.6732072909204,-17.6780435656249));
#2845=CARTESIAN_POINT('Ctrl Pts',(16.0156202854165,32.7815770161915,-23.5131763209113));
#2846=CARTESIAN_POINT('Ctrl Pts',(15.859368798177,28.4283070364228,-28.6239862835492));
#2847=CARTESIAN_POINT('Ctrl Pts',(15.7031173109375,23.1274363333124,-32.4069840639103));
#2848=CARTESIAN_POINT('Ctrl Pts',(15.5468658236979,17.8265656302021,-36.1899818442714));
#2849=CARTESIAN_POINT('Ctrl Pts',(15.3906143364584,11.5780942037501,-38.6451674423557));
#2850=CARTESIAN_POINT('Ctrl Pts',(15.2343628492189,5.11984702256532,-39.4826303186368));
#2851=CARTESIAN_POINT('Ctrl Pts',(15.0781113619793,-1.33840015861943,-40.3200931949179));
#2852=CARTESIAN_POINT('Ctrl Pts',(14.9218598747398,-8.00642309453695,-39.5398333493957));
#2853=CARTESIAN_POINT('Ctrl Pts',(14.7656083875003,-14.0968551760965,-37.2339845559537));
#2854=CARTESIAN_POINT('Ctrl Pts',(14.6093569002607,-20.1872872576559,-34.9281357625118));
#2855=CARTESIAN_POINT('Ctrl Pts',(14.4531054130212,-25.7001284848575,-31.0966980211502));
#2856=CARTESIAN_POINT('Ctrl Pts',(14.2968539257817,-29.9844174988903,-26.1920911157902));
#2857=CARTESIAN_POINT('Ctrl Pts',(14.1406024385421,-34.2687065129231,-21.2874842104302));
#2858=CARTESIAN_POINT('Ctrl Pts',(13.9843509513026,-37.3244433137872,-15.3097081410718));
#2859=CARTESIAN_POINT('Ctrl Pts',(13.8280994640631,-38.7908035792041,-8.96462430342561));
#2860=CARTESIAN_POINT('Ctrl Pts',(13.6718479768235,-40.2571638446209,-2.61954046577943));
#2861=CARTESIAN_POINT('Ctrl Pts',(13.515596489584,-40.1341475745905,4.09285114015457));
#2862=CARTESIAN_POINT('Ctrl Pts',(13.3593450023445,-38.4362806734247,10.3799450106893));
#2863=CARTESIAN_POINT('Ctrl Pts',(13.2030935151049,-36.738413772259,16.6670388812241));
#2864=CARTESIAN_POINT('Ctrl Pts',(13.0468420278654,-33.4656962399579,22.5288350163597));
#2865=CARTESIAN_POINT('Ctrl Pts',(12.8905905406259,-29.0045736188592,27.2731670319308));
#2866=CARTESIAN_POINT('Ctrl Pts',(12.7343390533863,-24.5434509977605,32.0174990475019));
#2867=CARTESIAN_POINT('Ctrl Pts',(12.5780875661468,-18.8939232878642,35.6443669435086));
#2868=CARTESIAN_POINT('Ctrl Pts',(12.4218360789073,-12.7230920286724,37.7255067547267));
#2869=CARTESIAN_POINT('Ctrl Pts',(12.3182977266112,-8.63405766387291,39.1045514650074));
#2870=CARTESIAN_POINT('Ctrl Pts',(12.2147593743152,-4.31612379010115,39.8048814416345));
#2871=CARTESIAN_POINT('Ctrl Pts',(12.1112210220192,0.000790126326488671,
39.8081017208097));
#2872=CARTESIAN_POINT('Ctrl Pts',(11.2687789779808,0.000888710712481413,
39.8086927699934));
#2873=CARTESIAN_POINT('Ctrl Pts',(11.3780356303693,-4.55424905508387,39.8047802847862));
#2874=CARTESIAN_POINT('Ctrl Pts',(11.4872922827578,-9.11069527139881,39.0233504684684));
#2875=CARTESIAN_POINT('Ctrl Pts',(11.5965489351463,-13.3987251456325,37.4908670054191));
#2876=CARTESIAN_POINT('Ctrl Pts',(11.7528004223859,-19.5311759440891,35.2992126298121));
#2877=CARTESIAN_POINT('Ctrl Pts',(11.9090519096254,-25.1146404588746,31.5714440699508));
#2878=CARTESIAN_POINT('Ctrl Pts',(12.0653033968649,-29.4898179619854,26.7477397346564));
#2879=CARTESIAN_POINT('Ctrl Pts',(12.2215548841045,-33.8649954650962,21.924035399362));
#2880=CARTESIAN_POINT('Ctrl Pts',(12.377806371344,-37.0318859565322,16.0043952886347));
#2881=CARTESIAN_POINT('Ctrl Pts',(12.5340578585835,-38.6165400357277,9.68781606037457));
#2882=CARTESIAN_POINT('Ctrl Pts',(12.6903093458231,-40.2011941149232,3.37123683211441));
#2883=CARTESIAN_POINT('Ctrl Pts',(12.8465608330626,-40.203611781878,-3.34228151367841));
#2884=CARTESIAN_POINT('Ctrl Pts',(13.0028123203021,-38.6235075567165,-9.66000043233042));
#2885=CARTESIAN_POINT('Ctrl Pts',(13.1590638075417,-37.0434033315549,-15.9777193509824));
#2886=CARTESIAN_POINT('Ctrl Pts',(13.3153152947812,-33.8807772142771,-21.8996388424936));
#2887=CARTESIAN_POINT('Ctrl Pts',(13.4715667820207,-29.5090750629001,-26.7264930975278));
#2888=CARTESIAN_POINT('Ctrl Pts',(13.6278182692603,-25.1373729115232,-31.5533473525619));
#2889=CARTESIAN_POINT('Ctrl Pts',(13.7840697564998,-19.5565947260473,-35.2851363711192));
#2890=CARTESIAN_POINT('Ctrl Pts',(13.9403212437393,-13.4257240322495,-37.4812070048788));
#2891=CARTESIAN_POINT('Ctrl Pts',(14.0965727309789,-7.29485333845171,-39.6772776386385));
#2892=CARTESIAN_POINT('Ctrl Pts',(14.2528242182184,-0.613890136332123,-40.3376298876005));
#2893=CARTESIAN_POINT('Ctrl Pts',(14.4090757054579,5.82827117508663,-39.3842887386118));
#2894=CARTESIAN_POINT('Ctrl Pts',(14.5653271926975,12.2704324865054,-38.4309475896231));
#2895=CARTESIAN_POINT('Ctrl Pts',(14.721578679937,18.4737919072235,-35.8639130426837));
#2896=CARTESIAN_POINT('Ctrl Pts',(14.8778301671765,23.7058509297267,-31.9863029455515));
#2897=CARTESIAN_POINT('Ctrl Pts',(15.0340816544161,28.9379099522299,-28.1086928484193));
#2898=CARTESIAN_POINT('Ctrl Pts',(15.1903331416556,33.1986685765184,-22.9205072010944));
#2899=CARTESIAN_POINT('Ctrl Pts',(15.3465846288951,35.9850124411945,-17.0343718319249));
#2900=CARTESIAN_POINT('Ctrl Pts',(15.5028361161347,38.7713563058707,-11.1482364627555));
#2901=CARTESIAN_POINT('Ctrl Pts',(15.6590876033742,40.0832854109345,-4.56415137174147));
#2902=CARTESIAN_POINT('Ctrl Pts',(15.8153390906137,39.7658859090306,1.94042849604059));
#2903=CARTESIAN_POINT('Ctrl Pts',(15.9715905778533,39.4484864071268,8.44500836382274));
#2904=CARTESIAN_POINT('Ctrl Pts',(16.1278420650928,37.5017582982553,14.8700830083729));
#2905=CARTESIAN_POINT('Ctrl Pts',(16.2840935523323,34.1555731181081,20.4569735889267));
#2906=CARTESIAN_POINT('Ctrl Pts',(16.4403450395719,30.8093879379609,26.0438641694805));
#2907=CARTESIAN_POINT('Ctrl Pts',(16.5965965268114,26.0637456865382,30.7925706860379));
#2908=CARTESIAN_POINT('Ctrl Pts',(16.752848014051,20.4790161473555,34.1423614159552));
#2909=CARTESIAN_POINT('Ctrl Pts',(16.9090995012905,14.8942866081729,37.4921521458725));
#2910=CARTESIAN_POINT('Ctrl Pts',(17.06535098853,8.4704697812303,39.4430270891497));
#2911=CARTESIAN_POINT('Ctrl Pts',(17.2216024757695,1.96609619024463,39.7646251062926));
#2912=CARTESIAN_POINT('Ctrl Pts',(17.2373279765066,1.31148141821008,39.796991453295));
#2913=CARTESIAN_POINT('Ctrl Pts',(17.2530534772437,0.656050697842645,39.8128550794214));
#2914=CARTESIAN_POINT('Ctrl Pts',(17.2687789779808,0.000596661371514765,
39.8123733908821));
#2915=CARTESIAN_POINT('Origin',(-30.9015393514301,0.,0.));
#2916=CARTESIAN_POINT('',(20.0984606485699,0.000691748982352267,36.3696279399486));
#2917=CARTESIAN_POINT('',(21.2815393514301,-0.000232952034564526,36.3701922392509));
#2918=CARTESIAN_POINT('',(-30.9015393514301,-5.79938559506142E-13,36.368));
#2919=CARTESIAN_POINT('',(22.2656797749979,-27.8453800139488,-23.393596792364));
#2920=CARTESIAN_POINT('Ctrl Pts',(20.0984606485699,0.00069174898235172,
36.3696279399486));
#2921=CARTESIAN_POINT('Ctrl Pts',(20.2332683349798,-5.13263178679685,36.3651358877094));
#2922=CARTESIAN_POINT('Ctrl Pts',(20.5243275086293,-16.2198600550106,33.9941920902357));
#2923=CARTESIAN_POINT('Ctrl Pts',(20.9716381695184,-29.9931912476516,23.1056992876601));
#2924=CARTESIAN_POINT('Ctrl Pts',(21.4403926312369,-37.3437133736757,6.2385028869287));
#2925=CARTESIAN_POINT('Ctrl Pts',(21.8717398330635,-35.9919971983953,-10.638338316002));
#2926=CARTESIAN_POINT('Ctrl Pts',(22.1468355476505,-30.7533256889905,-19.9252648437482));
#2927=CARTESIAN_POINT('Ctrl Pts',(22.2656797749979,-27.8453800139488,-23.393596792364));
#2928=CARTESIAN_POINT('',(22.2656797749979,-31.1892802965974,18.7045507452139));
#2929=CARTESIAN_POINT('Origin',(22.2656797749979,0.,0.));
#2930=CARTESIAN_POINT('Ctrl Pts',(21.2815393514301,-0.000232952034563277,
36.3701922392509));
#2931=CARTESIAN_POINT('Ctrl Pts',(21.297083184807,-0.592110969101572,36.3706242187729));
#2932=CARTESIAN_POINT('Ctrl Pts',(21.4688785054234,-7.13357975644279,36.214136756403));
#2933=CARTESIAN_POINT('Ctrl Pts',(21.7969253132793,-19.4586144654967,32.4794609898182));
#2934=CARTESIAN_POINT('Ctrl Pts',(22.1094282877584,-28.1287262066547,23.8079333751628));
#2935=CARTESIAN_POINT('Ctrl Pts',(22.2656797749979,-31.1892802965974,18.7045507452139));
#2936=CARTESIAN_POINT('Origin',(-30.9015393514301,0.,0.));
#2937=CARTESIAN_POINT('',(14.0984606485699,0.000721811460428319,36.3662658473351));
#2938=CARTESIAN_POINT('',(15.2815393514301,0.000545073618364034,36.3701681858729));
#2939=CARTESIAN_POINT('',(-30.9015393514301,-5.79938559506142E-13,36.368));
#2940=CARTESIAN_POINT('Ctrl Pts',(14.0984606485699,0.000721811460429322,
36.3662658473351));
#2941=CARTESIAN_POINT('Ctrl Pts',(14.2019990008659,-3.94294875655365,36.3633239957137));
#2942=CARTESIAN_POINT('Ctrl Pts',(14.4617888404015,-13.8404175301343,34.7580437210496));
#2943=CARTESIAN_POINT('Ctrl Pts',(14.8778301671766,-27.5824729876932,25.9359576417377));
#2944=CARTESIAN_POINT('Ctrl Pts',(15.3465846288952,-36.5517413535353,9.87101402134514));
#2945=CARTESIAN_POINT('Ctrl Pts',(15.8153390906138,-36.8888819495011,-8.52508680191096));
#2946=CARTESIAN_POINT('Ctrl Pts',(16.2840935523324,-28.5142748678262,-24.907887110157));
#2947=CARTESIAN_POINT('Ctrl Pts',(16.752848014051,-13.4056833266907,-35.408394101705));
#2948=CARTESIAN_POINT('Ctrl Pts',(17.2216024757696,4.86881992375741,-37.5467882284532));
#2949=CARTESIAN_POINT('Ctrl Pts',(17.6903569374882,21.9934927826274,-30.8180625441178));
#2950=CARTESIAN_POINT('Ctrl Pts',(18.1591113992068,33.9241425659151,-16.8112850971537));
#2951=CARTESIAN_POINT('Ctrl Pts',(18.6278658609254,37.8432003683608,1.16567642261262));
#2952=CARTESIAN_POINT('Ctrl Pts',(19.096620322644,32.8251424577788,18.8673507009855));
#2953=CARTESIAN_POINT('Ctrl Pts',(19.5653747843626,20.0550266128498,32.1132739132343));
#2954=CARTESIAN_POINT('Ctrl Pts',(19.8993215596712,7.58329105654612,36.1469537374958));
#2955=CARTESIAN_POINT('Ctrl Pts',(20.0770168477403,0.817247321045454,36.3703424887707));
#2956=CARTESIAN_POINT('Ctrl Pts',(20.0984606485699,0.00069174898235172,
36.3696279399486));
#2957=CARTESIAN_POINT('Ctrl Pts',(15.2815393514301,0.000545073618364103,
36.3701681858729));
#2958=CARTESIAN_POINT('Ctrl Pts',(15.4220653379326,-5.35029095424227,36.3662358942899));
#2959=CARTESIAN_POINT('Ctrl Pts',(15.7188428116746,-16.6543382502328,33.8396795669766));
#2960=CARTESIAN_POINT('Ctrl Pts',(16.1718717726561,-30.4034503533266,22.563177388259));
#2961=CARTESIAN_POINT('Ctrl Pts',(16.6406262343747,-37.4496816830114,5.56668402316101));
#2962=CARTESIAN_POINT('Ctrl Pts',(17.1093806960933,-35.6517314539172,-12.7444479947759));
#2963=CARTESIAN_POINT('Ctrl Pts',(17.5781351578119,-25.43419063716,-28.0458270489621));
#2964=CARTESIAN_POINT('Ctrl Pts',(18.0468896195305,-9.21008467891869,-36.7238513779891));
#2965=CARTESIAN_POINT('Ctrl Pts',(18.5156440812491,9.18913318435519,-36.7291012517989));
#2966=CARTESIAN_POINT('Ctrl Pts',(18.9843985429677,25.4181481253761,-28.0603392320624));
#2967=CARTESIAN_POINT('Ctrl Pts',(19.4531530046863,35.6445214631702,-12.7647917796206));
#2968=CARTESIAN_POINT('Ctrl Pts',(19.9219074664049,37.4527136615605,5.5453068700181));
#2969=CARTESIAN_POINT('Ctrl Pts',(20.3906619281235,30.4165957290876,22.5458270729264));
#2970=CARTESIAN_POINT('Ctrl Pts',(20.8438725564652,16.6676299511409,33.834684460994));
#2971=CARTESIAN_POINT('Ctrl Pts',(21.1408316975675,5.35763245576444,36.3662818251603));
#2972=CARTESIAN_POINT('Ctrl Pts',(21.2815393514301,-0.000232952034563277,
36.3701922392509));
#2973=CARTESIAN_POINT('Origin',(-30.9015393514301,0.,0.));
#2974=CARTESIAN_POINT('',(8.09846064856988,-0.000193401394197289,36.3651523870549));
#2975=CARTESIAN_POINT('',(9.28153935143014,0.000811872172050698,36.3668057939995));
#2976=CARTESIAN_POINT('',(-30.9015393514301,-5.79938559506142E-13,36.368));
#2977=CARTESIAN_POINT('Ctrl Pts',(8.09846064856988,-0.000193401394196768,
36.3651523870549));
#2978=CARTESIAN_POINT('Ctrl Pts',(8.17072966675196,-2.75308852727161,36.3656795791593));
#2979=CARTESIAN_POINT('Ctrl Pts',(8.39925017217357,-11.4575984091538,35.3893364678115));
#2980=CARTESIAN_POINT('Ctrl Pts',(8.78402216483472,-24.9057554134393,28.5161368687209));
#2981=CARTESIAN_POINT('Ctrl Pts',(9.25277662655333,-35.4073918187112,13.4083302176716));
#2982=CARTESIAN_POINT('Ctrl Pts',(9.72153108827193,-37.5471521358595,-4.8660128561304));
#2983=CARTESIAN_POINT('Ctrl Pts',(10.1902855499905,-30.8197065535009,-21.991189203551));
#2984=CARTESIAN_POINT('Ctrl Pts',(10.6590400117091,-16.8138212432707,-33.9228850457671));
#2985=CARTESIAN_POINT('Ctrl Pts',(11.1277944734277,1.16284764010365,-37.8432887048154));
#2986=CARTESIAN_POINT('Ctrl Pts',(11.5965489351463,18.8648962430244,-32.8265502965374));
#2987=CARTESIAN_POINT('Ctrl Pts',(12.0653033968649,32.1117755520368,-20.0574321765996));
#2988=CARTESIAN_POINT('Ctrl Pts',(12.5340578585835,37.7750776946439,-2.55151323923306));
#2989=CARTESIAN_POINT('Ctrl Pts',(13.0028123203021,34.5173466091557,15.5569758520229));
#2990=CARTESIAN_POINT('Ctrl Pts',(13.4715667820208,23.1079341841042,29.9915003362965));
#2991=CARTESIAN_POINT('Ctrl Pts',(13.8367828914433,9.96680411290384,35.7193398332093));
#2992=CARTESIAN_POINT('Ctrl Pts',(14.0457475136264,2.00851152623336,36.3677635939967));
#2993=CARTESIAN_POINT('Ctrl Pts',(14.0984606485699,0.000721811460429322,
36.3662658473351));
#2994=CARTESIAN_POINT('Ctrl Pts',(9.28153935143014,0.000811872172050698,
36.3668057939995));
#2995=CARTESIAN_POINT('Ctrl Pts',(9.39079600381864,-4.160485547232,36.3632315849561));
#2996=CARTESIAN_POINT('Ctrl Pts',(9.65630414344668,-14.2758943535202,34.6284405504048));
#2997=CARTESIAN_POINT('Ctrl Pts',(10.0780637703142,-28.043925689075,25.4362921615406));
#2998=CARTESIAN_POINT('Ctrl Pts',(10.5468182320328,-36.7231625686942,9.21282030419805));
#2999=CARTESIAN_POINT('Ctrl Pts',(11.0155726937514,-36.7297884701118,-9.18636848252329));
#3000=CARTESIAN_POINT('Ctrl Pts',(11.48432715547,-28.0622386107929,-25.4160872517228));
#3001=CARTESIAN_POINT('Ctrl Pts',(11.9530816171886,-12.7674578233483,-35.6434951663339));
#3002=CARTESIAN_POINT('Ctrl Pts',(12.4218360789073,5.54250975273953,-37.4532683833837));
#3003=CARTESIAN_POINT('Ctrl Pts',(12.8905905406259,22.5435478396023,-30.4180074637838));
#3004=CARTESIAN_POINT('Ctrl Pts',(13.3593450023445,34.2206593428522,-16.1991728276185));
#3005=CARTESIAN_POINT('Ctrl Pts',(13.8280994640631,37.8161557778906,1.84528885964599));
#3006=CARTESIAN_POINT('Ctrl Pts',(14.2968539257817,32.4809178077746,19.4539636654485));
#3007=CARTESIAN_POINT('Ctrl Pts',(14.7656083875003,19.4749255395196,32.4683539136898));
#3008=CARTESIAN_POINT('Ctrl Pts',(15.0938368627164,7.14749724684273,36.2121205277007));
#3009=CARTESIAN_POINT('Ctrl Pts',(15.265813850693,0.59932810296741,36.3706082272896));
#3010=CARTESIAN_POINT('Ctrl Pts',(15.2815393514301,0.000545073618364103,
36.3701681858729));
#3011=CARTESIAN_POINT('Origin',(-30.9015393514301,0.,0.));
#3012=CARTESIAN_POINT('',(2.09846064856987,-0.000863331842077936,36.367440446865));
#3013=CARTESIAN_POINT('',(3.28153935143013,-4.60813128544402E-6,36.3650865241212));
#3014=CARTESIAN_POINT('',(-30.9015393514301,-5.79938559506142E-13,36.368));
#3015=CARTESIAN_POINT('Ctrl Pts',(2.09846064856987,-0.000863331842079068,
36.367440446865));
#3016=CARTESIAN_POINT('Ctrl Pts',(2.13946033263802,-1.56235465923032,36.3689107714618));
#3017=CARTESIAN_POINT('Ctrl Pts',(2.33671150394569,-9.07386540183682,35.8937658139308));
#3018=CARTESIAN_POINT('Ctrl Pts',(2.6902141624929,-21.9888851590714,30.8213504585846));
#3019=CARTESIAN_POINT('Ctrl Pts',(3.1589686242115,-33.9216280032954,16.816357163065));
#3020=CARTESIAN_POINT('Ctrl Pts',(3.6277230859301,-37.8433755298475,-1.16001859324112));
#3021=CARTESIAN_POINT('Ctrl Pts',(4.0964775476487,-32.8279604843361,-18.8624421819815));
#3022=CARTESIAN_POINT('Ctrl Pts',(4.5652320093673,-20.0598326945191,-32.1102760327224));
#3023=CARTESIAN_POINT('Ctrl Pts',(5.03398647108591,-2.55433717655334,-37.7748868458689));
#3024=CARTESIAN_POINT('Ctrl Pts',(5.50274093280451,15.5543954018251,-34.5185095030681));
#3025=CARTESIAN_POINT('Ctrl Pts',(5.97149539452312,29.9897727768172,-23.1101761876581));
#3026=CARTESIAN_POINT('Ctrl Pts',(6.4402498562417,37.3427091419087,-6.24410030128654));
#3027=CARTESIAN_POINT('Ctrl Pts',(6.90900431796032,35.8767212485316,12.0965940282748));
#3028=CARTESIAN_POINT('Ctrl Pts',(7.3777587796789,25.9380195482727,27.580534014829));
#3029=CARTESIAN_POINT('Ctrl Pts',(7.77424422321544,12.3504146260372,35.1680042125769));
#3030=CARTESIAN_POINT('Ctrl Pts',(8.01447817951243,3.19889433416787,36.3645397470093));
#3031=CARTESIAN_POINT('Ctrl Pts',(8.09846064856988,-0.000193401394196768,
36.3651523870549));
#3032=CARTESIAN_POINT('Ctrl Pts',(3.28153935143013,-4.60813128599913E-6,
36.3650865241213));
#3033=CARTESIAN_POINT('Ctrl Pts',(3.35952666970469,-2.97073855776064,36.3651000476755));
#3034=CARTESIAN_POINT('Ctrl Pts',(3.59376547521879,-11.8934766704677,35.2835264768343));
#3035=CARTESIAN_POINT('Ctrl Pts',(3.98425576797242,-25.4139893371722,28.064138557205));
#3036=CARTESIAN_POINT('Ctrl Pts',(4.45301022969102,-35.6425406123157,12.7701223834125));
#3037=CARTESIAN_POINT('Ctrl Pts',(4.92176469140963,-37.4536826190284,-5.53970985350284));
#3038=CARTESIAN_POINT('Ctrl Pts',(5.39051915312822,-30.4196926626918,-22.541273817051));
#3039=CARTESIAN_POINT('Ctrl Pts',(5.85927361484683,-16.2017310095324,-34.2194482609331));
#3040=CARTESIAN_POINT('Ctrl Pts',(6.32802807656544,1.84246183875069,-37.816293596288));
#3041=CARTESIAN_POINT('Ctrl Pts',(6.79678253828402,19.4515354421122,-32.4823720798238));
#3042=CARTESIAN_POINT('Ctrl Pts',(7.26553700000265,32.4668979378289,-19.477352625104));
#3043=CARTESIAN_POINT('Ctrl Pts',(7.73429146172123,37.8148168976893,-1.87252502835771));
#3044=CARTESIAN_POINT('Ctrl Pts',(8.20304592343984,34.2323177456596,16.1745215925742));
#3045=CARTESIAN_POINT('Ctrl Pts',(8.67180038515844,22.5654502034089,30.4017628453461));
#3046=CARTESIAN_POINT('Ctrl Pts',(9.03129819448854,9.53088038046328,35.8066441179449));
#3047=CARTESIAN_POINT('Ctrl Pts',(9.2345445165791,1.79072105129959,36.3683431773994));
#3048=CARTESIAN_POINT('Ctrl Pts',(9.28153935143014,0.000811872172050698,
36.3668057939995));
#3049=CARTESIAN_POINT('Origin',(-30.9015393514301,0.,0.));
#3050=CARTESIAN_POINT('',(-3.90153935143013,-0.000356149313959747,36.3706099831307));
#3051=CARTESIAN_POINT('',(-2.71846064856987,-0.000815255081472177,36.3668337463023));
#3052=CARTESIAN_POINT('',(-30.9015393514301,-5.79938559506142E-13,36.368));
#3053=CARTESIAN_POINT('Ctrl Pts',(-3.90153935143013,-0.00035614931395804,
36.3706099831307));
#3054=CARTESIAN_POINT('Ctrl Pts',(-3.89180900147593,-0.370847551514495,
36.370802084512));
#3055=CARTESIAN_POINT('Ctrl Pts',(-3.7258271642822,-6.69064975757816,36.2761801830035));
#3056=CARTESIAN_POINT('Ctrl Pts',(-3.40359383984893,-18.8599880155835,32.8293704886612));
#3057=CARTESIAN_POINT('Ctrl Pts',(-2.93483937813033,-32.1087763338425,20.0622331003552));
#3058=CARTESIAN_POINT('Ctrl Pts',(-2.46608491641173,-37.7746957862093,2.55716109955426));
#3059=CARTESIAN_POINT('Ctrl Pts',(-1.99733045469312,-34.5196722036362,-15.5518148646141));
#3060=CARTESIAN_POINT('Ctrl Pts',(-1.52857599297452,-23.112418062906,-29.9880450499058));
#3061=CARTESIAN_POINT('Ctrl Pts',(-1.05982153125592,-6.24689190574922,-37.3422422485261));
#3062=CARTESIAN_POINT('Ctrl Pts',(-0.591067069537315,12.0939119651452,-35.8776254510948));
#3063=CARTESIAN_POINT('Ctrl Pts',(-0.122312607818714,27.5785948940935,-25.9400813086082));
#3064=CARTESIAN_POINT('Ctrl Pts',(0.346441853899887,36.5502651061081,-9.87647889194026));
#3065=CARTESIAN_POINT('Ctrl Pts',(0.815196315618486,36.8901561300408,8.51957131145338));
#3066=CARTESIAN_POINT('Ctrl Pts',(1.28395077733709,28.5179986639294,24.9036235683453));
#3067=CARTESIAN_POINT('Ctrl Pts',(1.71170555498755,14.7323151824377,34.4877632640633));
#3068=CARTESIAN_POINT('Ctrl Pts',(1.98320884539848,4.38855320168238,36.3633073037717));
#3069=CARTESIAN_POINT('Ctrl Pts',(2.09846064856987,-0.000863331842079068,
36.367440446865));
#3070=CARTESIAN_POINT('Ctrl Pts',(-2.71846064856987,-0.000815255081470512,
36.3668337463023));
#3071=CARTESIAN_POINT('Ctrl Pts',(-2.67174266440925,-1.78017599208433,36.3683703876541));
#3072=CARTESIAN_POINT('Ctrl Pts',(-2.4687731930091,-9.50977546608901,35.8107664883699));
#3073=CARTESIAN_POINT('Ctrl Pts',(-2.10955223436941,-22.5389996747994,30.4213776914738));
#3074=CARTESIAN_POINT('Ctrl Pts',(-1.6407977726508,-34.2182369755445,16.2042891011418));
#3075=CARTESIAN_POINT('Ctrl Pts',(-1.1720433109322,-37.8164312271927,-1.83963480802688));
#3076=CARTESIAN_POINT('Ctrl Pts',(-0.703288849213602,-32.4838261238491,
-19.4491071091565));
#3077=CARTESIAN_POINT('Ctrl Pts',(-0.234534387495003,-19.4797796924846,
-32.465441782304));
#3078=CARTESIAN_POINT('Ctrl Pts',(0.234220074223601,-1.87535193830698,-37.8146768080251));
#3079=CARTESIAN_POINT('Ctrl Pts',(0.702974535942206,16.171962448414,-34.2335268056768));
#3080=CARTESIAN_POINT('Ctrl Pts',(1.1717289976608,30.4000758392621,-22.5677228792587));
#3081=CARTESIAN_POINT('Ctrl Pts',(1.64048345937941,37.4488502791157,-5.57228317301607));
#3082=CARTESIAN_POINT('Ctrl Pts',(2.10923792109801,35.6536339703811,12.7391173828485));
#3083=CARTESIAN_POINT('Ctrl Pts',(2.57799238281661,25.4383885649602,28.0420240746992));
#3084=CARTESIAN_POINT('Ctrl Pts',(2.96875952626065,11.9145787409028,35.2782955097465));
#3085=CARTESIAN_POINT('Ctrl Pts',(3.20327518246516,2.98127528362272,36.3650729525591));
#3086=CARTESIAN_POINT('Ctrl Pts',(3.28153935143013,-4.60813128599913E-6,
36.3650865241213));
#3087=CARTESIAN_POINT('Origin',(-30.9015393514301,0.,0.));
#3088=CARTESIAN_POINT('',(-9.90153935143013,0.000692671028139503,36.3696179775863));
#3089=CARTESIAN_POINT('',(-8.71846064856987,-0.000537129761830624,36.3701917660481));
#3090=CARTESIAN_POINT('',(-30.9015393514301,-5.79938559506142E-13,36.368));
#3091=CARTESIAN_POINT('Ctrl Pts',(-9.90153935143013,0.000692671028141301,
36.3696179775863));
#3092=CARTESIAN_POINT('Ctrl Pts',(-9.76682684835034,-5.12900703378242,36.3651204424522));
#3093=CARTESIAN_POINT('Ctrl Pts',(-9.47586285803103,-16.2126094718315,33.9967278695146));
#3094=CARTESIAN_POINT('Ctrl Pts',(-9.02864738047215,-29.9863171562659,23.1146598089351));
#3095=CARTESIAN_POINT('Ctrl Pts',(-8.55989291875356,-37.3417751460107,6.24968347532823));
#3096=CARTESIAN_POINT('Ctrl Pts',(-8.09113845703495,-35.8785294533803,-12.0912298344415));
#3097=CARTESIAN_POINT('Ctrl Pts',(-7.62238399531635,-25.9421429238588,-27.5766556192254));
#3098=CARTESIAN_POINT('Ctrl Pts',(-7.15362953359775,-9.8792112457228,-36.5495266698977));
#3099=CARTESIAN_POINT('Ctrl Pts',(-6.68487507187914,8.516813497188,-36.8907929229533));
#3100=CARTESIAN_POINT('Ctrl Pts',(-6.21612061016055,24.9014915840587,-28.5198602997639));
#3101=CARTESIAN_POINT('Ctrl Pts',(-5.74736614844194,35.4053866949089,-13.4136239553021));
#3102=CARTESIAN_POINT('Ctrl Pts',(-5.27861168672334,37.5478792514096,4.86039899092378));
#3103=CARTESIAN_POINT('Ctrl Pts',(-4.80985722500474,30.8229941914309,21.9865809917066));
#3104=CARTESIAN_POINT('Ctrl Pts',(-4.35083311324034,17.1095884736494,33.6726505673493));
#3105=CARTESIAN_POINT('Ctrl Pts',(-4.04806048871546,5.57856155255462,36.3677172903717));
#3106=CARTESIAN_POINT('Ctrl Pts',(-3.90153935143013,-0.00035614931395804,
36.3706099831307));
#3107=CARTESIAN_POINT('Ctrl Pts',(-8.71846064856987,-0.000537129761830069,
36.3701917660481));
#3108=CARTESIAN_POINT('Ctrl Pts',(-8.70301199852319,-0.588777360038614,
36.3706191312839));
#3109=CARTESIAN_POINT('Ctrl Pts',(-8.53131186123698,-7.12639962776994,36.2151746748934));
#3110=CARTESIAN_POINT('Ctrl Pts',(-8.20336023671123,-19.4466786674916,32.4852799863341));
#3111=CARTESIAN_POINT('Ctrl Pts',(-7.73460577499263,-32.4639854453533,19.4822066510018));
#3112=CARTESIAN_POINT('Ctrl Pts',(-7.26585131327404,-37.8145365070225,1.87817883777512));
#3113=CARTESIAN_POINT('Ctrl Pts',(-6.79709685155542,-34.2347356743871,-16.1694032138754));
#3114=CARTESIAN_POINT('Ctrl Pts',(-6.32834238983683,-22.5699954289705,-30.3983886632847));
#3115=CARTESIAN_POINT('Ctrl Pts',(-5.85958792811822,-5.57508271412981,-37.4484336083436));
#3116=CARTESIAN_POINT('Ctrl Pts',(-5.39083346639963,12.7364519952174,-35.6545862065659));
#3117=CARTESIAN_POINT('Ctrl Pts',(-4.92207900468102,28.0401223034938,-25.4404848262176));
#3118=CARTESIAN_POINT('Ctrl Pts',(-4.45332454296242,36.721784715852,-9.21831081438072));
#3119=CARTESIAN_POINT('Ctrl Pts',(-3.98457008124381,36.7311615472621,9.18087677604013));
#3120=CARTESIAN_POINT('Ctrl Pts',(-3.51581561952522,28.0660383476248,25.4118912806103));
#3121=CARTESIAN_POINT('Ctrl Pts',(-3.09377914196723,14.2969747739839,34.6220527168558));
#3122=CARTESIAN_POINT('Ctrl Pts',(-2.82799415164879,4.17101746130728,36.3632309857538));
#3123=CARTESIAN_POINT('Ctrl Pts',(-2.71846064856987,-0.000815255081470512,
36.3668337463023));
#3124=CARTESIAN_POINT('Origin',(-30.9015393514301,0.,0.));
#3125=CARTESIAN_POINT('',(-15.9015393514301,0.000725480622965108,36.3662578685879));
#3126=CARTESIAN_POINT('',(-14.7184606485699,0.000547879018029107,36.3701600106573));
#3127=CARTESIAN_POINT('',(-30.9015393514301,-5.79938559506142E-13,36.368));
#3128=CARTESIAN_POINT('Ctrl Pts',(-15.9015393514301,0.000725480622965624,
36.3662578685879));
#3129=CARTESIAN_POINT('Ctrl Pts',(-15.7980961824643,-3.93932394057127,36.3633269930289));
#3130=CARTESIAN_POINT('Ctrl Pts',(-15.5384015262589,-13.8331759813175,34.7601629207924));
#3131=CARTESIAN_POINT('Ctrl Pts',(-15.122455382814,-27.5747111699773,25.9442047047285));
#3132=CARTESIAN_POINT('Ctrl Pts',(-14.6537009210954,-36.548790606336,9.88194338486377));
#3133=CARTESIAN_POINT('Ctrl Pts',(-14.1849464593768,-36.8914281869682,-8.51405555348965));
#3134=CARTESIAN_POINT('Ctrl Pts',(-13.7161919976582,-28.521722455172,-24.8993595026146));
#3135=CARTESIAN_POINT('Ctrl Pts',(-13.2474375359396,-13.4162703631689,-35.4043838146492));
#3136=CARTESIAN_POINT('Ctrl Pts',(-12.778683074221,4.85759183867713,-37.5482425054903));
#3137=CARTESIAN_POINT('Ctrl Pts',(-12.3099286125024,21.9842767932932,-30.8246377463393));
#3138=CARTESIAN_POINT('Ctrl Pts',(-11.8411741507838,33.9191133024975,-16.8214287235836));
#3139=CARTESIAN_POINT('Ctrl Pts',(-11.3724196890652,37.8435485696447,1.15436048151895));
#3140=CARTESIAN_POINT('Ctrl Pts',(-10.9036652273466,32.830780297098,18.8575337430165));
#3141=CARTESIAN_POINT('Ctrl Pts',(-10.434910765628,20.0646334004465,32.1072764559146));
#3142=CARTESIAN_POINT('Ctrl Pts',(-10.1008688069891,7.59053979104733,36.1458341990224));
#3143=CARTESIAN_POINT('Ctrl Pts',(-9.92307833558987,0.820872818825653,36.3703370818698));
#3144=CARTESIAN_POINT('Ctrl Pts',(-9.90153935143013,0.000692671028141301,
36.3696179775863));
#3145=CARTESIAN_POINT('Ctrl Pts',(-14.7184606485699,0.000547879018028968,
36.3701600106573));
#3146=CARTESIAN_POINT('Ctrl Pts',(-14.5780298453976,-5.34666736116724,36.3662151616111));
#3147=CARTESIAN_POINT('Ctrl Pts',(-14.2813475549858,-16.647108370974,33.842289781526));
#3148=CARTESIAN_POINT('Ctrl Pts',(-13.8284137773345,-30.3967012712485,22.5722678470393));
#3149=CARTESIAN_POINT('Ctrl Pts',(-13.3596593156159,-37.4480167519713,5.57788222691204));
#3150=CARTESIAN_POINT('Ctrl Pts',(-12.8909048538972,-35.6555382313447,-12.733786537857));
#3151=CARTESIAN_POINT('Ctrl Pts',(-12.4221503921787,-25.4425809515292,-28.0382203748407));
#3152=CARTESIAN_POINT('Ctrl Pts',(-11.95339593046,-9.22105598900609,-36.7210954820876));
#3153=CARTESIAN_POINT('Ctrl Pts',(-11.4846414687415,9.17813084418537,-36.731847777514));
#3154=CARTESIAN_POINT('Ctrl Pts',(-11.0158870070228,25.4097930828727,-28.0679379812956));
#3155=CARTESIAN_POINT('Ctrl Pts',(-10.5471325453042,35.6406309062147,-12.7754512860732));
#3156=CARTESIAN_POINT('Ctrl Pts',(-10.0783780835856,37.4545104627245,5.53410995570578));
#3157=CARTESIAN_POINT('Ctrl Pts',(-9.60962362186704,30.4230625501298,22.5367254066002));
#3158=CARTESIAN_POINT('Ctrl Pts',(-9.15631781019511,16.6753681625886,33.8320801100144));
#3159=CARTESIAN_POINT('Ctrl Pts',(-8.85926348576273,5.3608305705669,36.3662966530418));
#3160=CARTESIAN_POINT('Ctrl Pts',(-8.71846064856987,-0.000537129761830069,
36.3701917660481));
#3161=CARTESIAN_POINT('Origin',(-93.2499633327955,0.,0.));
#3162=CARTESIAN_POINT('',(-72.7500366672044,-2.09690176045108E-5,-40.3070730323841));
#3163=CARTESIAN_POINT('',(-72.2499633327955,0.000259882803330374,-40.3076971846528));
#3164=CARTESIAN_POINT('',(-93.2499633327955,5.20428933939857E-13,-40.31025));
#3165=CARTESIAN_POINT('',(-69.3533729601162,4.35668275960107,40.0741259467339));
#3166=CARTESIAN_POINT('Ctrl Pts',(-72.2499633327955,0.000259882803331501,
-40.3076971846528));
#3167=CARTESIAN_POINT('Ctrl Pts',(-72.1833778447302,2.81149690479208,-40.30839591502));
#3168=CARTESIAN_POINT('Ctrl Pts',(-71.966968250638,11.9478371900664,-39.3638459680592));
#3169=CARTESIAN_POINT('Ctrl Pts',(-71.6007345505189,26.2976645660744,-32.5285935760122));
#3170=CARTESIAN_POINT('Ctrl Pts',(-71.1512622324384,38.1898013545371,-17.0655474483805));
#3171=CARTESIAN_POINT('Ctrl Pts',(-70.7017899143579,41.7757906413367,2.10950431028146));
#3172=CARTESIAN_POINT('Ctrl Pts',(-70.2523175962773,36.2770296874471,20.8247113060785));
#3173=CARTESIAN_POINT('Ctrl Pts',(-69.8028452781968,22.8866881205202,35.0129193732501));
#3174=CARTESIAN_POINT('Ctrl Pts',(-69.503197066143,10.6441302600639,39.3905823015507));
#3175=CARTESIAN_POINT('Ctrl Pts',(-69.3533729601162,4.35668275960093,40.074125946734));
#3176=CARTESIAN_POINT('',(-69.806903408676,2.39832615946289,40.2391576812339));
#3177=CARTESIAN_POINT('Ctrl Pts',(-69.3533729601162,4.35668275960107,40.0741259467339));
#3178=CARTESIAN_POINT('Ctrl Pts',(-69.4987365265025,3.87777309408601,40.1261908997146));
#3179=CARTESIAN_POINT('Ctrl Pts',(-69.6197731827517,3.39247624177858,40.170212964487));
#3180=CARTESIAN_POINT('Ctrl Pts',(-69.7492390813626,2.7366877360833,40.2175999997726));
#3181=CARTESIAN_POINT('Ctrl Pts',(-69.7795496340256,2.56791016116469,40.2287297280561));
#3182=CARTESIAN_POINT('Ctrl Pts',(-69.806903408676,2.39908554373111,40.2387952555287));
#3183=CARTESIAN_POINT('Ctrl Pts',(-72.7500366672045,-2.09690176045108E-5,
-40.3070730323841));
#3184=CARTESIAN_POINT('Ctrl Pts',(-72.6714909540032,3.31631008902863,-40.3070110013995));
#3185=CARTESIAN_POINT('Ctrl Pts',(-72.4369952309602,13.2171552226097,-39.0980056332919));
#3186=CARTESIAN_POINT('Ctrl Pts',(-72.0465494980756,28.1895723102468,-31.0787040891516));
#3187=CARTESIAN_POINT('Ctrl Pts',(-71.5786994685507,39.4980552210718,-14.1577264310701));
#3188=CARTESIAN_POINT('Ctrl Pts',(-71.1108494390257,41.5138476161773,6.09412772241133));
#3189=CARTESIAN_POINT('Ctrl Pts',(-70.6429994095007,33.7626761884151,24.9122345377878));
#3190=CARTESIAN_POINT('Ctrl Pts',(-70.2083507327175,19.1819666574429,36.9497103641597));
#3191=CARTESIAN_POINT('Ctrl Pts',(-69.9296520657759,7.57001396901224,39.9258110590224));
#3192=CARTESIAN_POINT('Ctrl Pts',(-69.806903408676,2.39815924748822,40.2392373420759));
#3193=CARTESIAN_POINT('Origin',(-93.2499633327955,0.,0.));
#3194=CARTESIAN_POINT('',(-78.7500366672045,0.000890282404808485,-40.3085447362493));
#3195=CARTESIAN_POINT('',(-78.2499633327955,-0.000765789866205494,-40.3106739646491));
#3196=CARTESIAN_POINT('',(-93.2499633327955,5.20428933939857E-13,-40.31025));
#3197=CARTESIAN_POINT('',(-80.,-38.9363109038278,-10.4345554894765));
#3198=CARTESIAN_POINT('Ctrl Pts',(-80.,-38.9363109038278,-10.4345554894764));
#3199=CARTESIAN_POINT('Ctrl Pts',(-79.8440499901584,-37.2322387591363,-16.7932626615429));
#3200=CARTESIAN_POINT('Ctrl Pts',(-79.5321499704751,-30.6514305258226,-28.6540809005887));
#3201=CARTESIAN_POINT('Ctrl Pts',(-79.1154955262098,-15.4301242918176,-38.4979175961499));
#3202=CARTESIAN_POINT('Ctrl Pts',(-78.8547910917863,-4.42144630837804,-40.3051982872359));
#3203=CARTESIAN_POINT('Ctrl Pts',(-78.7500366672045,0.00089028240480904,
-40.3085447362493));
#3204=CARTESIAN_POINT('',(-80.,-38.9349486759963,10.4349054238053));
#3205=CARTESIAN_POINT('Origin',(-80.,0.,0.));
#3206=CARTESIAN_POINT('Ctrl Pts',(-80.,-38.9349486759963,10.4349054238053));
#3207=CARTESIAN_POINT('Ctrl Pts',(-79.8970787586562,-40.0566091876585,6.23725621619175));
#3208=CARTESIAN_POINT('Ctrl Pts',(-79.6443334112857,-41.154655197201,-4.51739096069577));
#3209=CARTESIAN_POINT('Ctrl Pts',(-79.2417639578882,-36.0442764967496,-21.2248725017913));
#3210=CARTESIAN_POINT('Ctrl Pts',(-78.7922916398076,-22.4992379971384,-35.2628140887319));
#3211=CARTESIAN_POINT('Ctrl Pts',(-78.4616914314434,-8.93737723794455,-39.9472509984748));
#3212=CARTESIAN_POINT('Ctrl Pts',(-78.2809153291061,-1.30727828723339,-40.3118026484644));
#3213=CARTESIAN_POINT('Ctrl Pts',(-78.2499633327955,-0.000765789866204875,
-40.3106739646491));
#3214=CARTESIAN_POINT('Origin',(-80.,0.,0.));
#3215=CARTESIAN_POINT('',(-70.3113654664241,0.000238235170308965,-36.9501598282293));
#3216=CARTESIAN_POINT('',(-70.,-1.75115236782938E-15,-36.9525));
#3217=CARTESIAN_POINT('',(-80.,4.52537608454926E-15,-36.9525));
#3218=CARTESIAN_POINT('',(-68.5198562157053,6.49719077037572,-36.3768301030112));
#3219=CARTESIAN_POINT('Ctrl Pts',(-70.,-1.38777878078145E-15,-36.9525));
#3220=CARTESIAN_POINT('Ctrl Pts',(-70.,0.953278407308774,-36.9525));
#3221=CARTESIAN_POINT('Ctrl Pts',(-69.9076568081792,1.93569863879159,-36.9146900214931));
#3222=CARTESIAN_POINT('Ctrl Pts',(-69.5226255111287,3.88310558594686,-36.7608862734648));
#3223=CARTESIAN_POINT('Ctrl Pts',(-69.2300538352215,4.84812286207853,-36.6449880193062));
#3224=CARTESIAN_POINT('Ctrl Pts',(-68.7433690421255,6.01584704389903,-36.4603689384484));
#3225=CARTESIAN_POINT('Ctrl Pts',(-68.6346914257415,6.25823279868297,-36.4195098946202));
#3226=CARTESIAN_POINT('Ctrl Pts',(-68.5198562157053,6.49719077037572,-36.3768301030112));
#3227=CARTESIAN_POINT('',(-65.9568839401309,10.2443493850269,35.5040921856552));
#3228=CARTESIAN_POINT('Ctrl Pts',(-68.5198562157053,6.49719077037591,-36.3768301030112));
#3229=CARTESIAN_POINT('Ctrl Pts',(-68.4249313166099,10.1132340003822,-35.7309760626029));
#3230=CARTESIAN_POINT('Ctrl Pts',(-68.3300064175146,13.6322723717781,-34.5423741923168));
#3231=CARTESIAN_POINT('Ctrl Pts',(-68.2350815184192,16.8988061857818,-32.8627123334206));
#3232=CARTESIAN_POINT('Ctrl Pts',(-68.1401566193239,20.1653399997855,-31.1830504745243));
#3233=CARTESIAN_POINT('Ctrl Pts',(-68.0452317202285,23.1793692563969,-29.0123286270179));
#3234=CARTESIAN_POINT('Ctrl Pts',(-67.9503068211332,25.8081500445215,-26.4468772278699));
#3235=CARTESIAN_POINT('Ctrl Pts',(-67.8553819220379,28.4369308326462,-23.8814258287219));
#3236=CARTESIAN_POINT('Ctrl Pts',(-67.7604570229425,30.680463152284,-20.9212448779323));
#3237=CARTESIAN_POINT('Ctrl Pts',(-67.6655321238472,32.4395287004359,-17.6967602466277));
#3238=CARTESIAN_POINT('Ctrl Pts',(-67.5706072247518,34.1985942485879,-14.4722756153231));
#3239=CARTESIAN_POINT('Ctrl Pts',(-67.4756823256565,35.4731930252539,-10.9834873035036));
#3240=CARTESIAN_POINT('Ctrl Pts',(-67.3807574265611,36.2073469865657,-7.38444716162875));
#3241=CARTESIAN_POINT('Ctrl Pts',(-67.2858325274658,36.9415009478774,-3.78540701975386));
#3242=CARTESIAN_POINT('Ctrl Pts',(-67.1909076283704,37.1352100938348,-0.0761150478236639));
#3243=CARTESIAN_POINT('Ctrl Pts',(-67.0959827292751,36.7794195286504,3.57972854475377));
#3244=CARTESIAN_POINT('Ctrl Pts',(-67.0010578301797,36.4236289634659,7.23557213733111));
#3245=CARTESIAN_POINT('Ctrl Pts',(-66.9061329310844,35.5183386871395,10.8379673505558));
#3246=CARTESIAN_POINT('Ctrl Pts',(-66.8112080319891,34.1040452565829,14.2279893730805));
#3247=CARTESIAN_POINT('Ctrl Pts',(-66.7162831328937,32.6897518260263,17.6180113956052));
#3248=CARTESIAN_POINT('Ctrl Pts',(-66.6213582337983,30.7664552412395,20.7956602274299));
#3249=CARTESIAN_POINT('Ctrl Pts',(-66.526433334703,28.4185627560241,23.6204177138788));
#3250=CARTESIAN_POINT('Ctrl Pts',(-66.4315084356076,26.0706702708086,26.4451752003277));
#3251=CARTESIAN_POINT('Ctrl Pts',(-66.3365835365123,23.2981818851644,28.9170413414007));
#3252=CARTESIAN_POINT('Ctrl Pts',(-66.2416586374169,20.2239238164594,30.9271853879321));
#3253=CARTESIAN_POINT('Ctrl Pts',(-66.1467337383216,17.1496657477545,32.9373294344633));
#3254=CARTESIAN_POINT('Ctrl Pts',(-66.0518088392263,13.7736379959888,34.4857513864529));
#3255=CARTESIAN_POINT('Ctrl Pts',(-65.9568839401309,10.2443493850268,35.5040921856552));
#3256=CARTESIAN_POINT('',(-67.5264171202414,8.25159827728685,36.0194167376469));
#3257=CARTESIAN_POINT('Ctrl Pts',(-65.9568839401309,10.2443493850269,35.5040921856552));
#3258=CARTESIAN_POINT('Ctrl Pts',(-66.5219174308108,9.64001560579096,35.6784666309245));
#3259=CARTESIAN_POINT('Ctrl Pts',(-67.0523107756693,8.97131991567655,35.854537503907));
#3260=CARTESIAN_POINT('Ctrl Pts',(-67.5264171202414,8.25159827728685,36.0194167376469));
#3261=CARTESIAN_POINT('Ctrl Pts',(-67.5264171202414,8.25113490608289,36.0170290829717));
#3262=CARTESIAN_POINT('Ctrl Pts',(-67.639027217436,12.4981855617425,35.040825298576));
#3263=CARTESIAN_POINT('Ctrl Pts',(-67.7516373146306,16.5739331284061,33.3153086424444));
#3264=CARTESIAN_POINT('Ctrl Pts',(-67.8642474118253,20.2204111625257,30.9319509069242));
#3265=CARTESIAN_POINT('Ctrl Pts',(-68.0140715178521,25.0719326976177,27.7609702314582));
#3266=CARTESIAN_POINT('Ctrl Pts',(-68.163895623879,29.1635851247453,23.4255157783753));
#3267=CARTESIAN_POINT('Ctrl Pts',(-68.3137197299058,32.0495324991744,18.398409582828));
#3268=CARTESIAN_POINT('Ctrl Pts',(-68.4635438359327,34.9354798736034,13.3713033872808));
#3269=CARTESIAN_POINT('Ctrl Pts',(-68.6133679419596,36.6157221953339,7.65254544926925));
#3270=CARTESIAN_POINT('Ctrl Pts',(-68.7631920479864,36.9079625685564,1.86353071718438));
#3271=CARTESIAN_POINT('Ctrl Pts',(-68.9130161540132,37.2002029417788,-3.92548401490049));
#3272=CARTESIAN_POINT('Ctrl Pts',(-69.06284026004,36.1044413664933,-9.78475554105867));
#3273=CARTESIAN_POINT('Ctrl Pts',(-69.2126643660669,33.7396356665529,-15.0768930335627));
#3274=CARTESIAN_POINT('Ctrl Pts',(-69.3624884720938,31.3748299666126,-20.3690305260668));
#3275=CARTESIAN_POINT('Ctrl Pts',(-69.5123125781206,27.7409801420173,-25.0940339849166));
#3276=CARTESIAN_POINT('Ctrl Pts',(-69.6621366841475,23.2333358585639,-28.7382059070277));
#3277=CARTESIAN_POINT('Ctrl Pts',(-69.8119607901743,18.7256915751104,-32.3823778291387));
#3278=CARTESIAN_POINT('Ctrl Pts',(-69.9617848962012,13.3442528327986,-34.945718214511));
#3279=CARTESIAN_POINT('Ctrl Pts',(-70.111609002228,7.674166656555,-36.149428548083));
#3280=CARTESIAN_POINT('Ctrl Pts',(-70.1781944902934,5.15424202339775,-36.6843867879529));
#3281=CARTESIAN_POINT('Ctrl Pts',(-70.2447799783587,2.57730575658346,-36.9508003559834));
#3282=CARTESIAN_POINT('Ctrl Pts',(-70.3113654664241,0.000238235170308965,
-36.9501598282293));
#3283=CARTESIAN_POINT('Origin',(-80.,0.,0.));
#3284=CARTESIAN_POINT('',(-76.3113654664241,-0.000702001353174997,-36.9528886493806));
#3285=CARTESIAN_POINT('',(-74.6886345335759,-1.92223476351314E-5,-36.9495876663919));
#3286=CARTESIAN_POINT('',(-80.,4.52537608454926E-15,-36.9525));
#3287=CARTESIAN_POINT('',(-80.,24.3974667176394,27.7533939187927));
#3288=CARTESIAN_POINT('Ctrl Pts',(-76.3113654664241,-0.000702001353174997,
-36.9528886493806));
#3289=CARTESIAN_POINT('Ctrl Pts',(-76.3423174627346,-1.19838504869115,-36.9539233164612));
#3290=CARTESIAN_POINT('Ctrl Pts',(-76.3732694590451,-2.39596950526187,-36.8967050035055));
#3291=CARTESIAN_POINT('Ctrl Pts',(-76.4042214553556,-3.58779462523019,-36.7804469340533));
#3292=CARTESIAN_POINT('Ctrl Pts',(-76.5540455613825,-9.35686138745773,-36.2176961134169));
#3293=CARTESIAN_POINT('Ctrl Pts',(-76.7038696674093,-14.9909826140129,-34.2715999326441));
#3294=CARTESIAN_POINT('Ctrl Pts',(-76.8536937734362,-19.8775046138976,-31.1537828877468));
#3295=CARTESIAN_POINT('Ctrl Pts',(-77.003517879463,-24.7640266137823,-28.0359658428495));
#3296=CARTESIAN_POINT('Ctrl Pts',(-77.1533419854899,-28.9029493869966,-23.7464279338279));
#3297=CARTESIAN_POINT('Ctrl Pts',(-77.3031660915167,-31.8441614636982,-18.7516239003306));
#3298=CARTESIAN_POINT('Ctrl Pts',(-77.4529901975436,-34.7853735403999,-13.7568198668334));
#3299=CARTESIAN_POINT('Ctrl Pts',(-77.6028143035704,-36.5288749205889,-8.05674970886059));
#3300=CARTESIAN_POINT('Ctrl Pts',(-77.7526384095973,-36.8851428473194,-2.2712575821322));
#3301=CARTESIAN_POINT('Ctrl Pts',(-77.9024625156241,-37.2414107740499,3.51423454459619));
#3302=CARTESIAN_POINT('Ctrl Pts',(-78.0522866216509,-36.2104452473218,9.38514864008015));
#3303=CARTESIAN_POINT('Ctrl Pts',(-78.2021107276778,-33.9042093709676,14.7030712909519));
#3304=CARTESIAN_POINT('Ctrl Pts',(-78.3519348337046,-31.5979734946135,20.0209939418236));
#3305=CARTESIAN_POINT('Ctrl Pts',(-78.5017589397315,-28.0164672686332,24.785925148083));
#3306=CARTESIAN_POINT('Ctrl Pts',(-78.6515830457584,-23.549462631221,28.4796990411868));
#3307=CARTESIAN_POINT('Ctrl Pts',(-78.8014071517852,-19.0824579938088,32.1734729342905));
#3308=CARTESIAN_POINT('Ctrl Pts',(-78.9512312578121,-13.7299549449646,34.7960895142385));
#3309=CARTESIAN_POINT('Ctrl Pts',(-79.1010553638389,-8.07336467334455,36.0623736246566));
#3310=CARTESIAN_POINT('Ctrl Pts',(-79.2508794698658,-2.41677440172455,37.3286577350746));
#3311=CARTESIAN_POINT('Ctrl Pts',(-79.4007035758926,3.54390309267128,37.2386093759627));
#3312=CARTESIAN_POINT('Ctrl Pts',(-79.5505276819194,9.15886815613739,35.8017562221248));
#3313=CARTESIAN_POINT('Ctrl Pts',(-79.7003517879463,14.7738332196035,34.364903068287));
#3314=CARTESIAN_POINT('Ctrl Pts',(-79.8501758939731,20.0430858521399,31.5812451197232));
#3315=CARTESIAN_POINT('Ctrl Pts',(-80.,24.3974667176394,27.7533939187926));
#3316=CARTESIAN_POINT('',(-80.,24.3974667176397,-27.7533939187924));
#3317=CARTESIAN_POINT('Origin',(-80.,0.,0.));
#3318=CARTESIAN_POINT('Ctrl Pts',(-80.,24.3980048280052,-27.7550666867219));
#3319=CARTESIAN_POINT('Ctrl Pts',(-79.8664492395822,28.2758720576872,-24.3400137239058));
#3320=CARTESIAN_POINT('Ctrl Pts',(-79.7328984791644,31.4354564499166,-20.105057760248));
#3321=CARTESIAN_POINT('Ctrl Pts',(-79.5993477187466,33.5897334905574,-15.4089333830071));
#3322=CARTESIAN_POINT('Ctrl Pts',(-79.443397708905,36.1053277457948,-9.92517095022634));
#3323=CARTESIAN_POINT('Ctrl Pts',(-79.2874476990634,37.2501130199368,-3.81257216989667));
#3324=CARTESIAN_POINT('Ctrl Pts',(-79.1314976892217,36.8893478503237,2.20985353761422));
#3325=CARTESIAN_POINT('Ctrl Pts',(-78.9755476793801,36.5285826807105,8.23227924512515));
#3326=CARTESIAN_POINT('Ctrl Pts',(-78.8195976695384,34.6622670673421,14.1645318798173));
#3327=CARTESIAN_POINT('Ctrl Pts',(-78.6636476596967,31.5099807168693,19.3087499698227));
#3328=CARTESIAN_POINT('Ctrl Pts',(-78.5076976498551,28.3576943663966,24.4529680598281));
#3329=CARTESIAN_POINT('Ctrl Pts',(-78.3517476400134,23.9194372788194,28.8091516051468));
#3330=CARTESIAN_POINT('Ctrl Pts',(-78.1957976301718,18.7172859489592,31.8648720116543));
#3331=CARTESIAN_POINT('Ctrl Pts',(-78.0398476203301,13.5151346190991,34.9205924181617));
#3332=CARTESIAN_POINT('Ctrl Pts',(-77.8838976104885,7.54908904695605,36.6758496858578));
#3333=CARTESIAN_POINT('Ctrl Pts',(-77.7279476006468,1.52097246495173,36.9241593507439));
#3334=CARTESIAN_POINT('Ctrl Pts',(-77.5719975908051,-4.50714411705262,37.17246901563));
#3335=CARTESIAN_POINT('Ctrl Pts',(-77.4160475809635,-10.5973317089182,35.9138310777059));
#3336=CARTESIAN_POINT('Ctrl Pts',(-77.2600975711218,-16.0331759199094,33.2963076432982));
#3337=CARTESIAN_POINT('Ctrl Pts',(-77.1041475612802,-21.4690201309005,30.6787842088904));
#3338=CARTESIAN_POINT('Ctrl Pts',(-76.9481975514385,-26.2505209610173,26.7023752779989));
#3339=CARTESIAN_POINT('Ctrl Pts',(-76.7922475415969,-29.8152053187971,21.8348440140062));
#3340=CARTESIAN_POINT('Ctrl Pts',(-76.6362975317552,-33.3798896765769,16.9673127500134));
#3341=CARTESIAN_POINT('Ctrl Pts',(-76.4803475219135,-35.7277575620198,11.2086591529195));
#3342=CARTESIAN_POINT('Ctrl Pts',(-76.3243975120719,-36.5826187656334,5.23630217304588));
#3343=CARTESIAN_POINT('Ctrl Pts',(-76.1684475022302,-37.4374799692469,-0.736054806827773));
#3344=CARTESIAN_POINT('Ctrl Pts',(-76.0124974923886,-36.799334491031,-6.92211516948117));
#3345=CARTESIAN_POINT('Ctrl Pts',(-75.856547482547,-34.7432500784909,-12.5941827859059));
#3346=CARTESIAN_POINT('Ctrl Pts',(-75.7005974727053,-32.6871656659508,-18.2662504023306));
#3347=CARTESIAN_POINT('Ctrl Pts',(-75.5446474628636,-29.2131423190863,-23.4243252725267));
#3348=CARTESIAN_POINT('Ctrl Pts',(-75.388697453022,-24.7298464315829,-27.4616379425581));
#3349=CARTESIAN_POINT('Ctrl Pts',(-75.2327474431803,-20.2465505440794,-31.4989506125896));
#3350=CARTESIAN_POINT('Ctrl Pts',(-75.0767974333387,-14.753982115937,-34.4155010824565));
#3351=CARTESIAN_POINT('Ctrl Pts',(-74.920847423497,-8.89825871873555,-35.8682012071391));
#3352=CARTESIAN_POINT('Ctrl Pts',(-74.8434431268567,-5.99182638608537,-36.5892350274934));
#3353=CARTESIAN_POINT('Ctrl Pts',(-74.7660388302163,-2.99592943474191,-36.949643704));
#3354=CARTESIAN_POINT('Ctrl Pts',(-74.6886345335759,-1.92223476351314E-5,
-36.9495876663919));
#3355=CARTESIAN_POINT('Origin',(75.,0.,0.));
#3356=CARTESIAN_POINT('',(70.,-55.,6.73555739531044E-15));
#3357=CARTESIAN_POINT('Origin',(70.,0.,0.));
#3358=CARTESIAN_POINT('',(80.,-55.,-6.73555739531044E-15));
#3359=CARTESIAN_POINT('',(75.,-55.,-6.73555739531044E-15));
#3360=CARTESIAN_POINT('',(80.,-5.,54.7722557505166));
#3361=CARTESIAN_POINT('Origin',(80.,0.,0.));
#3362=CARTESIAN_POINT('',(75.,-5.,54.7722557505166));
#3363=CARTESIAN_POINT('',(75.,-5.,54.7722557505166));
#3364=CARTESIAN_POINT('',(75.,5.,54.7722557505166));
#3365=CARTESIAN_POINT('Origin',(75.,0.,0.));
#3366=CARTESIAN_POINT('',(80.,5.,54.7722557505166));
#3367=CARTESIAN_POINT('',(75.,5.,54.7722557505166));
#3368=CARTESIAN_POINT('Origin',(80.,0.,0.));
#3369=CARTESIAN_POINT('Origin',(70.,70.,0.));
#3370=CARTESIAN_POINT('',(70.,7.34788079488412E-15,60.));
#3371=CARTESIAN_POINT('Origin',(70.,0.,0.));
#3372=CARTESIAN_POINT('Origin',(80.,50.,0.));
#3373=CARTESIAN_POINT('',(80.,5.,59.791303715507));
#3374=CARTESIAN_POINT('',(80.,5.,0.));
#3375=CARTESIAN_POINT('',(80.,-5.,59.791303715507));
#3376=CARTESIAN_POINT('Origin',(80.,0.,0.));
#3377=CARTESIAN_POINT('',(80.,-5.,0.));
#3378=CARTESIAN_POINT('Origin',(75.,5.,0.));
#3379=CARTESIAN_POINT('',(75.,-5.,39.6862696659689));
#3380=CARTESIAN_POINT('',(75.,-5.,0.));
#3381=CARTESIAN_POINT('',(75.,4.89858719658941E-15,40.));
#3382=CARTESIAN_POINT('Origin',(75.,0.,0.));
#3383=CARTESIAN_POINT('',(75.,5.,39.6862696659689));
#3384=CARTESIAN_POINT('Origin',(75.,0.,0.));
#3385=CARTESIAN_POINT('',(75.,5.,0.));
#3386=CARTESIAN_POINT('Origin',(75.,-5.,0.));
#3387=CARTESIAN_POINT('',(110.,-5.,59.791303715507));
#3388=CARTESIAN_POINT('',(60.,-5.,59.791303715507));
#3389=CARTESIAN_POINT('',(120.,-5.,49.749371855331));
#3390=CARTESIAN_POINT('Ctrl Pts',(120.,-5.,49.749371855331));
#3391=CARTESIAN_POINT('Ctrl Pts',(120.,-5.,50.3702612606587));
#3392=CARTESIAN_POINT('Ctrl Pts',(119.938983388136,-5.,51.0483937306553));
#3393=CARTESIAN_POINT('Ctrl Pts',(119.675623829508,-5.,52.3766131912929));
#3394=CARTESIAN_POINT('Ctrl Pts',(119.473267894163,-5.,53.0266976065229));
#3395=CARTESIAN_POINT('Ctrl Pts',(118.999742684966,-5.,54.1726085678658));
#3396=CARTESIAN_POINT('Ctrl Pts',(118.685280643765,-5.,54.7741790866327));
#3397=CARTESIAN_POINT('Ctrl Pts',(117.936653172461,-5.,55.8975114838874));
#3398=CARTESIAN_POINT('Ctrl Pts',(117.502474779622,-5.,56.4192647235069));
#3399=CARTESIAN_POINT('Ctrl Pts',(116.629172341819,-5.,57.2944980363785));
#3400=CARTESIAN_POINT('Ctrl Pts',(116.109823697769,-5.,57.7288327078247));
#3401=CARTESIAN_POINT('Ctrl Pts',(114.991150938831,-5.,58.4780504329851));
#3402=CARTESIAN_POINT('Ctrl Pts',(114.391820452105,-5.,58.7929239727297));
#3403=CARTESIAN_POINT('Ctrl Pts',(113.2523655213,-5.,59.2658307175708));
#3404=CARTESIAN_POINT('Ctrl Pts',(112.607382048652,-5.,59.4676207767129));
#3405=CARTESIAN_POINT('Ctrl Pts',(111.289347536055,-5.,59.730359296112));
#3406=CARTESIAN_POINT('Ctrl Pts',(110.616295690599,-5.,59.791303715507));
#3407=CARTESIAN_POINT('Ctrl Pts',(110.,-5.,59.791303715507));
#3408=CARTESIAN_POINT('',(120.,-5.,39.6862696659689));
#3409=CARTESIAN_POINT('',(120.,-5.,0.));
#3410=CARTESIAN_POINT('',(120.,-5.,39.6862696659689));
#3411=CARTESIAN_POINT('Origin',(60.,0.,0.));
#3412=CARTESIAN_POINT('',(32.3606797749979,-7.34788079488412E-15,60.));
#3413=CARTESIAN_POINT('',(60.,-7.34788079488412E-15,60.));
#3414=CARTESIAN_POINT('',(32.3606797749979,-59.1607978309962,10.));
#3415=CARTESIAN_POINT('Origin',(32.3606797749979,0.,0.));
#3416=CARTESIAN_POINT('',(54.,-59.1607978309962,10.));
#3417=CARTESIAN_POINT('',(60.,-59.1607978309962,10.));
#3418=CARTESIAN_POINT('',(60.,-59.8665181883831,4.));
#3419=CARTESIAN_POINT('Ctrl Pts',(60.,-59.8665181883831,4.));
#3420=CARTESIAN_POINT('Ctrl Pts',(60.,-59.8160069626404,4.7559828036604));
#3421=CARTESIAN_POINT('Ctrl Pts',(59.8484920788871,-59.7463738340889,5.5609347997288));
#3422=CARTESIAN_POINT('Ctrl Pts',(59.2343431693196,-59.5901692761385,7.04023492775436));
#3423=CARTESIAN_POINT('Ctrl Pts',(58.771758174827,-59.5043922264365,7.71469007853091));
#3424=CARTESIAN_POINT('Ctrl Pts',(57.7067470475659,-59.3569227512754,8.77736280737652));
#3425=CARTESIAN_POINT('Ctrl Pts',(57.0337661658483,-59.2854018356526,9.2378023746309));
#3426=CARTESIAN_POINT('Ctrl Pts',(55.5574574534803,-59.1869071066932,9.84915688737236));
#3427=CARTESIAN_POINT('Ctrl Pts',(54.7540423255791,-59.1607978309962,10.));
#3428=CARTESIAN_POINT('Ctrl Pts',(54.,-59.1607978309962,10.));
#3429=CARTESIAN_POINT('',(60.,-59.8665181883831,-4.));
#3430=CARTESIAN_POINT('Origin',(60.,0.,0.));
#3431=CARTESIAN_POINT('',(54.,-59.1607978309962,-10.));
#3432=CARTESIAN_POINT('Ctrl Pts',(54.,-59.1607978309962,-10.));
#3433=CARTESIAN_POINT('Ctrl Pts',(54.7551513194929,-59.1607978309962,-10.));
#3434=CARTESIAN_POINT('Ctrl Pts',(55.5596692384319,-59.1869847129936,-9.84871677804585));
#3435=CARTESIAN_POINT('Ctrl Pts',(57.0376584526455,-59.2857317636296,-9.23571275625377));
#3436=CARTESIAN_POINT('Ctrl Pts',(57.71121750839,-59.3574228399317,-8.77406386584862));
#3437=CARTESIAN_POINT('Ctrl Pts',(58.7750550568005,-59.5049689337262,-7.71022631743811));
#3438=CARTESIAN_POINT('Ctrl Pts',(59.2364306162929,-59.5906174831831,-7.03635058467853));
#3439=CARTESIAN_POINT('Ctrl Pts',(59.8489310615888,-59.7465685488058,-5.55872900881635));
#3440=CARTESIAN_POINT('Ctrl Pts',(60.,-59.8160808683872,-4.75487668372617));
#3441=CARTESIAN_POINT('Ctrl Pts',(60.,-59.8665181883831,-4.));
#3442=CARTESIAN_POINT('',(32.3606797749979,-59.1607978309962,-10.));
#3443=CARTESIAN_POINT('',(60.,-59.1607978309962,-10.));
#3444=CARTESIAN_POINT('Origin',(32.3606797749979,0.,0.));
#3445=CARTESIAN_POINT('Origin',(54.,-70.,-4.));
#3446=CARTESIAN_POINT('',(54.,-50.,-10.));
#3447=CARTESIAN_POINT('',(60.,-50.,-4.));
#3448=CARTESIAN_POINT('Origin',(54.,-50.,-4.));
#3449=CARTESIAN_POINT('',(54.,-70.,-10.));
#3450=CARTESIAN_POINT('',(60.,-70.,-4.));
#3451=CARTESIAN_POINT('Origin',(40.,-50.,0.));
#3452=CARTESIAN_POINT('',(60.,-50.,4.));
#3453=CARTESIAN_POINT('',(60.,-50.,10.));
#3454=CARTESIAN_POINT('',(54.,-50.,10.));
#3455=CARTESIAN_POINT('Origin',(54.,-50.,4.));
#3456=CARTESIAN_POINT('',(27.8557773429618,-50.,10.));
#3457=CARTESIAN_POINT('',(20.,-50.,10.));
#3458=CARTESIAN_POINT('',(27.8557773429618,-50.,-10.));
#3459=CARTESIAN_POINT('Ctrl Pts',(27.8557773429618,-50.,-10.));
#3460=CARTESIAN_POINT('Ctrl Pts',(26.8751966672709,-50.,3.33066907387547E-15));
#3461=CARTESIAN_POINT('Ctrl Pts',(27.8557773429618,-50.,10.));
#3462=CARTESIAN_POINT('',(60.,-50.,-10.));
#3463=CARTESIAN_POINT('Origin',(60.,-70.,10.));
#3464=CARTESIAN_POINT('',(60.,-70.,4.));
#3465=CARTESIAN_POINT('Origin',(54.,-70.,4.));
#3466=CARTESIAN_POINT('',(54.,-70.,10.));
#3467=CARTESIAN_POINT('Origin',(20.,-70.,10.));
#3468=CARTESIAN_POINT('Ctrl Pts',(27.8557773429618,-50.,10.));
#3469=CARTESIAN_POINT('Ctrl Pts',(29.9192023643692,-54.2085777795967,10.));
#3470=CARTESIAN_POINT('Ctrl Pts',(32.3606797749979,-59.1607978309962,10.));
#3471=CARTESIAN_POINT('Origin',(60.,-70.,-10.));
#3472=CARTESIAN_POINT('Ctrl Pts',(32.3606797749979,-59.1607978309962,-10.));
#3473=CARTESIAN_POINT('Ctrl Pts',(29.9192023643692,-54.2085777795967,-10.));
#3474=CARTESIAN_POINT('Ctrl Pts',(27.8557773429618,-50.,-10.));
#3475=CARTESIAN_POINT('Origin',(60.,0.,0.));
#3476=CARTESIAN_POINT('',(110.,5.,59.791303715507));
#3477=CARTESIAN_POINT('',(60.,5.,59.791303715507));
#3478=CARTESIAN_POINT('Origin',(110.,0.,0.));
#3479=CARTESIAN_POINT('Origin',(-48.5,-50.,1.5));
#3480=CARTESIAN_POINT('',(-45.,-45.,1.5));
#3481=CARTESIAN_POINT('',(-48.5,-45.,5.));
#3482=CARTESIAN_POINT('Origin',(-48.5,-45.,1.5));
#3483=CARTESIAN_POINT('',(-45.,-49.9774949352206,1.5));
#3484=CARTESIAN_POINT('',(-45.,-50.,1.5));
#3485=CARTESIAN_POINT('',(-48.5,-49.749371855331,5.));
#3486=CARTESIAN_POINT('Ctrl Pts',(-45.,-49.9774949352206,1.5));
#3487=CARTESIAN_POINT('Ctrl Pts',(-45.,-49.9642892188349,1.93999241585564));
#3488=CARTESIAN_POINT('Ctrl Pts',(-45.0880197192415,-49.9438006827793,2.40901074597878));
#3489=CARTESIAN_POINT('Ctrl Pts',(-45.4455251182191,-49.8947298533035,3.27146638148691));
#3490=CARTESIAN_POINT('Ctrl Pts',(-45.7149972205182,-49.8664760817967,3.66492797528018));
#3491=CARTESIAN_POINT('Ctrl Pts',(-46.3363343791875,-49.8169446099447,4.28589835538261));
#3492=CARTESIAN_POINT('Ctrl Pts',(-46.729586192521,-49.7924067853555,4.55503978166707));
#3493=CARTESIAN_POINT('Ctrl Pts',(-47.5915847204287,-49.7584510557564,4.91209828106));
#3494=CARTESIAN_POINT('Ctrl Pts',(-48.0603511037857,-49.749371855331,5.));
#3495=CARTESIAN_POINT('Ctrl Pts',(-48.5,-49.749371855331,5.));
#3496=CARTESIAN_POINT('',(-48.5,-50.,5.));
#3497=CARTESIAN_POINT('Origin',(-100.,-50.,5.));
#3498=CARTESIAN_POINT('',(-79.,-49.749371855331,5.));
#3499=CARTESIAN_POINT('',(-55.,-49.749371855331,5.));
#3500=CARTESIAN_POINT('',(-80.,-48.7442304278158,5.));
#3501=CARTESIAN_POINT('Ctrl Pts',(-80.,-48.7442304278158,5.));
#3502=CARTESIAN_POINT('Ctrl Pts',(-79.5051025728341,-49.2417246690479,5.));
#3503=CARTESIAN_POINT('Ctrl Pts',(-79.,-49.749371855331,5.));
#3504=CARTESIAN_POINT('',(-80.,-45.,5.));
#3505=CARTESIAN_POINT('',(-80.,-25.,5.));
#3506=CARTESIAN_POINT('',(-100.,-45.,5.));
#3507=CARTESIAN_POINT('Origin',(-48.5,-50.,-1.5));
#3508=CARTESIAN_POINT('',(-48.5,-45.,-5.));
#3509=CARTESIAN_POINT('',(-45.,-45.,-1.5));
#3510=CARTESIAN_POINT('Origin',(-48.5,-45.,-1.5));
#3511=CARTESIAN_POINT('',(-48.5,-49.749371855331,-5.));
#3512=CARTESIAN_POINT('',(-48.5,-50.,-5.));
#3513=CARTESIAN_POINT('',(-45.,-49.9774949352206,-1.5));
#3514=CARTESIAN_POINT('Ctrl Pts',(-48.5,-49.749371855331,-5.));
#3515=CARTESIAN_POINT('Ctrl Pts',(-48.0603511037857,-49.749371855331,-5.));
#3516=CARTESIAN_POINT('Ctrl Pts',(-47.5915847204287,-49.7584510557564,-4.91209828106));
#3517=CARTESIAN_POINT('Ctrl Pts',(-46.729586192521,-49.7924067853555,-4.55503978166707));
#3518=CARTESIAN_POINT('Ctrl Pts',(-46.3363343791875,-49.8169446099447,-4.28589835538261));
#3519=CARTESIAN_POINT('Ctrl Pts',(-45.7149972205182,-49.8664760817967,-3.66492797528017));
#3520=CARTESIAN_POINT('Ctrl Pts',(-45.4455251182191,-49.8947298533035,-3.27146638148691));
#3521=CARTESIAN_POINT('Ctrl Pts',(-45.0880197192415,-49.9438006827793,-2.40901074597877));
#3522=CARTESIAN_POINT('Ctrl Pts',(-45.,-49.9642892188349,-1.93999241585563));
#3523=CARTESIAN_POINT('Ctrl Pts',(-45.,-49.9774949352206,-1.5));
#3524=CARTESIAN_POINT('',(-45.,-50.,-1.5));
#3525=CARTESIAN_POINT('Origin',(-45.,-50.,5.));
#3526=CARTESIAN_POINT('',(-45.,-45.,5.));
#3527=CARTESIAN_POINT('Origin',(-45.,0.,0.));
#3528=CARTESIAN_POINT('Origin',(-45.,-50.,-5.));
#3529=CARTESIAN_POINT('',(-80.,-45.,-5.));
#3530=CARTESIAN_POINT('',(-45.,-45.,-5.));
#3531=CARTESIAN_POINT('',(-80.,-48.7442304278158,-5.));
#3532=CARTESIAN_POINT('',(-80.,-25.,-5.));
#3533=CARTESIAN_POINT('',(-79.,-49.749371855331,-5.));
#3534=CARTESIAN_POINT('Ctrl Pts',(-79.,-49.749371855331,-5.));
#3535=CARTESIAN_POINT('Ctrl Pts',(-79.5051025728341,-49.2417246690479,-5.));
#3536=CARTESIAN_POINT('Ctrl Pts',(-80.,-48.7442304278158,-5.));
#3537=CARTESIAN_POINT('',(-55.,-49.749371855331,-5.));
#3538=CARTESIAN_POINT('Origin',(-72.5,-45.,0.));
#3539=CARTESIAN_POINT('',(-80.,-45.,-25.));
#3540=CARTESIAN_POINT('Origin',(-80.,0.,-50.));
#3541=CARTESIAN_POINT('Origin',(-80.,0.,0.));
#3542=CARTESIAN_POINT('Ctrl Pts',(-80.,-38.9363109038278,-10.4345554894764));
#3543=CARTESIAN_POINT('Ctrl Pts',(-80.,-38.7296279613576,-11.0960307486856));
#3544=CARTESIAN_POINT('Ctrl Pts',(-80.,-38.5058298462406,-11.7511878933482));
#3545=CARTESIAN_POINT('Ctrl Pts',(-80.,-38.2654015043287,-12.3994831085245));
#3546=CARTESIAN_POINT('Ctrl Pts',(-80.,-38.0116974414765,-13.0835752114353));
#3547=CARTESIAN_POINT('Ctrl Pts',(-80.,-37.7394761184822,-13.7600272468063));
#3548=CARTESIAN_POINT('Ctrl Pts',(-80.,-37.4492478133769,-14.4281840548696));
#3549=CARTESIAN_POINT('Ctrl Pts',(-80.,-37.1689555026985,-15.0734664492234));
#3550=CARTESIAN_POINT('Ctrl Pts',(-80.,-36.8718674665613,-15.7110121579651));
#3551=CARTESIAN_POINT('Ctrl Pts',(-80.,-36.5583934740652,-16.3402102861172));
#3552=CARTESIAN_POINT('Ctrl Pts',(-80.,-36.244768080325,-16.9697123035286));
#3553=CARTESIAN_POINT('Ctrl Pts',(-80.,-35.914740638315,-17.5908590662476));
#3554=CARTESIAN_POINT('Ctrl Pts',(-80.,-35.5686764749266,-18.2030124669934));
#3555=CARTESIAN_POINT('Ctrl Pts',(-80.,-35.2237325154274,-18.8131843374544));
#3556=CARTESIAN_POINT('Ctrl Pts',(-80.,-34.8628552109488,-19.4144213428837));
#3557=CARTESIAN_POINT('Ctrl Pts',(-80.,-34.4863656742905,-20.0060597446372));
#3558=CARTESIAN_POINT('Ctrl Pts',(-80.,-34.1123701941762,-20.5937788352707));
#3559=CARTESIAN_POINT('Ctrl Pts',(-80.,-33.722968360252,-21.1720264095468));
#3560=CARTESIAN_POINT('Ctrl Pts',(-80.,-33.3184389433711,-21.7401151713859));
#3561=CARTESIAN_POINT('Ctrl Pts',(-80.,-32.985654736256,-22.2074506982737));
#3562=CARTESIAN_POINT('Ctrl Pts',(-80.,-32.6426322958647,-22.6679107271057));
#3563=CARTESIAN_POINT('Ctrl Pts',(-80.,-32.2895103406682,-23.1210913777019));
#3564=CARTESIAN_POINT('Ctrl Pts',(-80.,-32.1570896074695,-23.2910341216755));
#3565=CARTESIAN_POINT('Ctrl Pts',(-80.,-32.0232484879485,-23.4599529975693));
#3566=CARTESIAN_POINT('Ctrl Pts',(-80.,-31.8879938005612,-23.627825943555));
#3567=CARTESIAN_POINT('Ctrl Pts',(-80.,-31.8028583708726,-23.7334927833936));
#3568=CARTESIAN_POINT('Ctrl Pts',(-80.,-31.7171628783355,-23.8387452158144));
#3569=CARTESIAN_POINT('Ctrl Pts',(-80.,-31.6309089711138,-23.9435776497528));
#3570=CARTESIAN_POINT('Ctrl Pts',(-80.,-31.5845910229617,-23.9998721805888));
#3571=CARTESIAN_POINT('Ctrl Pts',(-80.,-31.5381090296542,-24.056049180107));
#3572=CARTESIAN_POINT('Ctrl Pts',(-80.,-31.491482155134,-24.1120851773439));
#3573=CARTESIAN_POINT('Ctrl Pts',(-80.,-31.0460958301576,-24.6473487379521));
#3574=CARTESIAN_POINT('Ctrl Pts',(-80.,-30.5871978859462,-25.1701123433291));
#3575=CARTESIAN_POINT('Ctrl Pts',(-80.,-30.1151856206516,-25.6797986611999));
#3576=CARTESIAN_POINT('Ctrl Pts',(-80.,-29.7052868608007,-26.1224138323921));
#3577=CARTESIAN_POINT('Ctrl Pts',(-80.,-29.2854973858719,-26.5551667552656));
#3578=CARTESIAN_POINT('Ctrl Pts',(-80.,-28.8560521473392,-26.9776598357642));
#3579=CARTESIAN_POINT('Ctrl Pts',(-80.,-28.3638997909932,-27.4618448876646));
#3580=CARTESIAN_POINT('Ctrl Pts',(-80.,-27.8590664830756,-27.932556114102));
#3581=CARTESIAN_POINT('Ctrl Pts',(-80.,-27.3422181491122,-28.3894730568982));
#3582=CARTESIAN_POINT('Ctrl Pts',(-80.,-26.8090755439533,-28.8607948610249));
#3583=CARTESIAN_POINT('Ctrl Pts',(-80.,-26.2631481147962,-29.3174393789032));
#3584=CARTESIAN_POINT('Ctrl Pts',(-80.,-25.7051313536758,-29.7590097042026));
#3585=CARTESIAN_POINT('Ctrl Pts',(-80.,-25.1610114189027,-30.1895831803779));
#3586=CARTESIAN_POINT('Ctrl Pts',(-80.,-24.605396250922,-30.6058239695142));
#3587=CARTESIAN_POINT('Ctrl Pts',(-80.,-24.0389041878715,-31.0073186590068));
#3588=CARTESIAN_POINT('Ctrl Pts',(-80.,-23.4751235881617,-31.4068916302565));
#3589=CARTESIAN_POINT('Ctrl Pts',(-80.,-22.9005695429547,-31.7918595131691));
#3590=CARTESIAN_POINT('Ctrl Pts',(-80.,-22.3158320339734,-32.1617673239948));
#3591=CARTESIAN_POINT('Ctrl Pts',(-80.,-21.7358234304739,-32.5286836060618));
#3592=CARTESIAN_POINT('Ctrl Pts',(-80.,-21.1457949991926,-32.8807825747689));
#3593=CARTESIAN_POINT('Ctrl Pts',(-80.,-20.5463094839089,-33.2175708631796));
#3594=CARTESIAN_POINT('Ctrl Pts',(-80.,-20.3870350931287,-33.3070505054577));
#3595=CARTESIAN_POINT('Ctrl Pts',(-80.,-20.2270930870259,-33.3954491095633));
#3596=CARTESIAN_POINT('Ctrl Pts',(-80.,-20.0664939193002,-33.4827568087677));
#3597=CARTESIAN_POINT('Ctrl Pts',(-80.,-19.9942177761185,-33.5220488166774));
#3598=CARTESIAN_POINT('Ctrl Pts',(-80.,-19.9218085332706,-33.5611198729511));
#3599=CARTESIAN_POINT('Ctrl Pts',(-80.,-19.8492671416745,-33.5999690607152));
#3600=CARTESIAN_POINT('Ctrl Pts',(-80.,-19.7914250032238,-33.6309461352915));
#3601=CARTESIAN_POINT('Ctrl Pts',(-80.,-19.7334965427177,-33.661783335049));
#3602=CARTESIAN_POINT('Ctrl Pts',(-80.,-19.6755032654909,-33.692469156327));
#3603=CARTESIAN_POINT('Ctrl Pts',(-80.,-19.0671027641475,-34.0143904193156));
#3604=CARTESIAN_POINT('Ctrl Pts',(-80.,-18.4510889760707,-34.3199147928944));
#3605=CARTESIAN_POINT('Ctrl Pts',(-80.,-17.8281113465244,-34.608735326438));
#3606=CARTESIAN_POINT('Ctrl Pts',(-80.,-17.2048481125255,-34.8976882699213));
#3607=CARTESIAN_POINT('Ctrl Pts',(-80.,-16.5746142281859,-35.1699222644694));
#3608=CARTESIAN_POINT('Ctrl Pts',(-80.,-15.9380342049078,-35.4250845947769));
#3609=CARTESIAN_POINT('Ctrl Pts',(-80.,-15.304554625405,-35.6790041646618));
#3610=CARTESIAN_POINT('Ctrl Pts',(-80.,-14.6647901483982,-35.9160181263304));
#3611=CARTESIAN_POINT('Ctrl Pts',(-80.,-14.0193369997786,-36.1357312443412));
#3612=CARTESIAN_POINT('Ctrl Pts',(-80.,-13.5178342435754,-36.306443455587));
#3613=CARTESIAN_POINT('Ctrl Pts',(-80.,-13.0128968287091,-36.4667103257003));
#3614=CARTESIAN_POINT('Ctrl Pts',(-80.,-12.5047987958272,-36.6163254558102));
#3615=CARTESIAN_POINT('Ctrl Pts',(-80.,-11.8472704034086,-36.8099420211503));
#3616=CARTESIAN_POINT('Ctrl Pts',(-80.,-11.1844488528583,-36.9857219249323));
#3617=CARTESIAN_POINT('Ctrl Pts',(-80.,-10.5170708281407,-37.1436208881624));
#3618=CARTESIAN_POINT('Ctrl Pts',(-80.,-9.83989152024308,-37.3038387956717));
#3619=CARTESIAN_POINT('Ctrl Pts',(-80.,-9.15802041798785,-37.4456468364237));
#3620=CARTESIAN_POINT('Ctrl Pts',(-80.,-8.47222646871733,-37.5689439988673));
#3621=CARTESIAN_POINT('Ctrl Pts',(-80.,-7.87215676310562,-37.6768290160053));
#3622=CARTESIAN_POINT('Ctrl Pts',(-80.,-7.26908340333216,-37.7705408228446));
#3623=CARTESIAN_POINT('Ctrl Pts',(-80.,-6.66352574639877,-37.8499770270585));
#3624=CARTESIAN_POINT('Ctrl Pts',(-80.,-6.39859427149041,-37.8847303664021));
#3625=CARTESIAN_POINT('Ctrl Pts',(-80.,-6.13318736330437,-37.91675084758));
#3626=CARTESIAN_POINT('Ctrl Pts',(-80.,-5.86734895885991,-37.9460279399841));
#3627=CARTESIAN_POINT('Ctrl Pts',(-80.,-5.74284841224596,-37.9597393298609));
#3628=CARTESIAN_POINT('Ctrl Pts',(-80.,-5.61825322820832,-37.9728489827458));
#3629=CARTESIAN_POINT('Ctrl Pts',(-80.,-5.49356794638621,-37.9853557269206));
#3630=CARTESIAN_POINT('Ctrl Pts',(-80.,-5.44182064739006,-37.9905463173481));
#3631=CARTESIAN_POINT('Ctrl Pts',(-80.,-5.39006059148383,-37.995632768139));
#3632=CARTESIAN_POINT('Ctrl Pts',(-80.,-5.33829865896988,-38.0006140535752));
#3633=CARTESIAN_POINT('Ctrl Pts',(-80.,-4.66424045340159,-38.06548173064));
#3634=CARTESIAN_POINT('Ctrl Pts',(-80.,-3.98935189983279,-38.1125715640727));
#3635=CARTESIAN_POINT('Ctrl Pts',(-80.,-3.31434843651948,-38.1419416788896));
#3636=CARTESIAN_POINT('Ctrl Pts',(-80.,-2.63649536358861,-38.1714357832357));
#3637=CARTESIAN_POINT('Ctrl Pts',(-80.,-1.95852593805665,-38.1830602603657));
#3638=CARTESIAN_POINT('Ctrl Pts',(-80.,-1.28115805904648,-38.1768218760268));
#3639=CARTESIAN_POINT('Ctrl Pts',(-80.,-0.604408149589423,-38.170589183029));
#3640=CARTESIAN_POINT('Ctrl Pts',(-80.,0.071741780688484,-38.1465261869985));
#3641=CARTESIAN_POINT('Ctrl Pts',(-80.,0.746575337187814,-38.1045878118641));
#3642=CARTESIAN_POINT('Ctrl Pts',(-80.,1.41856202885443,-38.0628263587041));
#3643=CARTESIAN_POINT('Ctrl Pts',(-80.,2.08924388347022,-38.0033399850818));
#3644=CARTESIAN_POINT('Ctrl Pts',(-80.,2.75790618051928,-37.9260332760451));
#3645=CARTESIAN_POINT('Ctrl Pts',(-80.,3.41917302702642,-37.849581584475));
#3646=CARTESIAN_POINT('Ctrl Pts',(-80.,4.07846515328975,-37.7557014741705));
#3647=CARTESIAN_POINT('Ctrl Pts',(-80.,4.73507768389209,-37.6442518491945));
#3648=CARTESIAN_POINT('Ctrl Pts',(-80.,5.18019706715864,-37.5686998515969));
#3649=CARTESIAN_POINT('Ctrl Pts',(-80.,5.62408475244518,-37.4850727439779));
#3650=CARTESIAN_POINT('Ctrl Pts',(-80.,6.06651608486528,-37.3933138789555));
#3651=CARTESIAN_POINT('Ctrl Pts',(-80.,6.72908952059802,-37.2558982349859));
#3652=CARTESIAN_POINT('Ctrl Pts',(-80.,7.38839815260571,-37.1002470451075));
#3653=CARTESIAN_POINT('Ctrl Pts',(-80.,8.04374053078717,-36.9265986818348));
#3654=CARTESIAN_POINT('Ctrl Pts',(-80.,8.37282932478089,-36.8393988724665));
#3655=CARTESIAN_POINT('Ctrl Pts',(-80.,8.70091752561412,-36.747660061107));
#3656=CARTESIAN_POINT('Ctrl Pts',(-80.,9.02791341780434,-36.6514083714303));
#3657=CARTESIAN_POINT('Ctrl Pts',(-80.,9.08737810865604,-36.6339048580612));
#3658=CARTESIAN_POINT('Ctrl Pts',(-80.,9.14680858742023,-36.6162515220248));
#3659=CARTESIAN_POINT('Ctrl Pts',(-80.,9.20619821188021,-36.5984503362532));
#3660=CARTESIAN_POINT('Ctrl Pts',(-80.,9.84940001666066,-36.4056598460019));
#3661=CARTESIAN_POINT('Ctrl Pts',(-80.,10.4869680561891,-36.1957857356229));
#3662=CARTESIAN_POINT('Ctrl Pts',(-80.,11.1182659611871,-35.9691970505174));
#3663=CARTESIAN_POINT('Ctrl Pts',(-80.,11.7510323330224,-35.7420812957556));
#3664=CARTESIAN_POINT('Ctrl Pts',(-80.,12.3774997961434,-35.4981728998604));
#3665=CARTESIAN_POINT('Ctrl Pts',(-80.,12.9970083025978,-35.2377946455475));
#3666=CARTESIAN_POINT('Ctrl Pts',(-80.,13.6155139060573,-34.9778379094676));
#3667=CARTESIAN_POINT('Ctrl Pts',(-80.,14.2270834792647,-34.7014643570407));
#3668=CARTESIAN_POINT('Ctrl Pts',(-80.,14.8310347306883,-34.408950042782));
#3669=CARTESIAN_POINT('Ctrl Pts',(-80.,15.4317553020403,-34.1180004577354));
#3670=CARTESIAN_POINT('Ctrl Pts',(-80.,16.0249392224658,-33.8110820765654));
#3671=CARTESIAN_POINT('Ctrl Pts',(-80.,16.6098839714229,-33.4884255564171));
#3672=CARTESIAN_POINT('Ctrl Pts',(-80.,16.7945031302092,-33.3865893138782));
#3673=CARTESIAN_POINT('Ctrl Pts',(-80.,16.978301288717,-33.283185027391));
#3674=CARTESIAN_POINT('Ctrl Pts',(-80.,17.1612556164277,-33.1782191562275));
#3675=CARTESIAN_POINT('Ctrl Pts',(-80.,17.2229571155399,-33.1428193289184));
#3676=CARTESIAN_POINT('Ctrl Pts',(-80.,17.284562635734,-33.107241886803));
#3677=CARTESIAN_POINT('Ctrl Pts',(-80.,17.3460712914066,-33.0714870682635));
#3678=CARTESIAN_POINT('Ctrl Pts',(-80.,17.4075976011053,-33.0357219874853));
#3679=CARTESIAN_POINT('Ctrl Pts',(-80.,17.4690200105252,-32.999783472904));
#3680=CARTESIAN_POINT('Ctrl Pts',(-80.,17.5303325789907,-32.9636749310464));
#3681=CARTESIAN_POINT('Ctrl Pts',(-80.,18.1047043381398,-32.6254126917347));
#3682=CARTESIAN_POINT('Ctrl Pts',(-80.,18.669582671407,-32.2721493204898));
#3683=CARTESIAN_POINT('Ctrl Pts',(-80.,19.2243200761931,-31.9041910981737));
#3684=CARTESIAN_POINT('Ctrl Pts',(-80.,19.7849290379544,-31.5323382625717));
#3685=CARTESIAN_POINT('Ctrl Pts',(-80.,20.3351817451555,-31.145477695693));
#3686=CARTESIAN_POINT('Ctrl Pts',(-80.,20.8743779115215,-30.7438816777823));
#3687=CARTESIAN_POINT('Ctrl Pts',(-80.,21.4135740778876,-30.3422856598716));
#3688=CARTESIAN_POINT('Ctrl Pts',(-80.,21.9417141356703,-29.925953955243));
#3689=CARTESIAN_POINT('Ctrl Pts',(-80.,22.458059165828,-29.4951183555343));
#3690=CARTESIAN_POINT('Ctrl Pts',(-80.,22.9695898292049,-29.068299838354));
#3691=CARTESIAN_POINT('Ctrl Pts',(-80.,23.4695444667883,-28.6272459893755));
#3692=CARTESIAN_POINT('Ctrl Pts',(-80.,23.9574499692165,-28.1725254283353));
#3693=CARTESIAN_POINT('Ctrl Pts',(-80.,24.1054147125704,-28.0346245217515));
#3694=CARTESIAN_POINT('Ctrl Pts',(-80.,24.2522709988648,-27.8954664886218));
#3695=CARTESIAN_POINT('Ctrl Pts',(-80.,24.3980048280052,-27.7550666867218));
#3696=CARTESIAN_POINT('Ctrl Pts',(-80.,24.3974667176394,27.7533939187926));
#3697=CARTESIAN_POINT('Ctrl Pts',(-80.,23.9304345195606,28.2025294214024));
#3698=CARTESIAN_POINT('Ctrl Pts',(-80.,23.4519837563812,28.6385736211669));
#3699=CARTESIAN_POINT('Ctrl Pts',(-80.,22.9628224470852,29.0613303884471));
#3700=CARTESIAN_POINT('Ctrl Pts',(-80.,22.4645557636504,29.4919564586802));
#3701=CARTESIAN_POINT('Ctrl Pts',(-80.,21.9551758606247,29.9087961312136));
#3702=CARTESIAN_POINT('Ctrl Pts',(-80.,21.4353846343427,30.3116140084833));
#3703=CARTESIAN_POINT('Ctrl Pts',(-80.,20.9113210261973,30.7177428146529));
#3704=CARTESIAN_POINT('Ctrl Pts',(-80.,20.3766739166074,31.1096186610129));
#3705=CARTESIAN_POINT('Ctrl Pts',(-80.,19.8321202144224,31.4869675323094));
#3706=CARTESIAN_POINT('Ctrl Pts',(-80.,19.2848050745487,31.8662299437963));
#3707=CARTESIAN_POINT('Ctrl Pts',(-80.,18.7274822551497,32.2308179567964));
#3708=CARTESIAN_POINT('Ctrl Pts',(-80.,18.1608015220504,32.5804161391157));
#3709=CARTESIAN_POINT('Ctrl Pts',(-80.,17.5933148257371,32.9305115384006));
#3710=CARTESIAN_POINT('Ctrl Pts',(-80.,17.0164431913876,33.2655747083143));
#3711=CARTESIAN_POINT('Ctrl Pts',(-80.,16.4308073030977,33.5852475014008));
#3712=CARTESIAN_POINT('Ctrl Pts',(-80.,15.8483489933965,33.9031857945308));
#3713=CARTESIAN_POINT('Ctrl Pts',(-80.,15.2572208676879,34.2059004923289));
#3714=CARTESIAN_POINT('Ctrl Pts',(-80.,14.6580080869454,34.4929947454262));
#3715=CARTESIAN_POINT('Ctrl Pts',(-80.,14.2302168472128,34.6979576741214));
#3716=CARTESIAN_POINT('Ctrl Pts',(-80.,13.7983044392955,34.8949581865747));
#3717=CARTESIAN_POINT('Ctrl Pts',(-80.,13.3624775194381,35.0838369084037));
#3718=CARTESIAN_POINT('Ctrl Pts',(-80.,13.0356073295451,35.2254959497755));
#3719=CARTESIAN_POINT('Ctrl Pts',(-80.,12.7065351154832,35.3625862311922));
#3720=CARTESIAN_POINT('Ctrl Pts',(-80.,12.3753465490721,35.4950356214724));
#3721=CARTESIAN_POINT('Ctrl Pts',(-80.,12.3065823745613,35.522535885403));
#3722=CARTESIAN_POINT('Ctrl Pts',(-80.,12.2377217952387,35.5498380650762));
#3723=CARTESIAN_POINT('Ctrl Pts',(-80.,12.1687955199791,35.5769298192605));
#3724=CARTESIAN_POINT('Ctrl Pts',(-80.,11.5396819250156,35.8242054888734));
#3725=CARTESIAN_POINT('Ctrl Pts',(-80.,10.9046998250399,36.0541164297515));
#3726=CARTESIAN_POINT('Ctrl Pts',(-80.,10.2645377591995,36.2663930486052));
#3727=CARTESIAN_POINT('Ctrl Pts',(-80.,9.96143860755794,36.3669001959686));
#3728=CARTESIAN_POINT('Ctrl Pts',(-80.,9.65717771866938,36.4634535844173));
#3729=CARTESIAN_POINT('Ctrl Pts',(-80.,9.35182560950948,36.5560214423574));
#3730=CARTESIAN_POINT('Ctrl Pts',(-80.,8.71783747436666,36.7482157055346));
#3731=CARTESIAN_POINT('Ctrl Pts',(-80.,8.07914690503433,36.9232320900776));
#3732=CARTESIAN_POINT('Ctrl Pts',(-80.,7.43648018462002,37.0811725254182));
#3733=CARTESIAN_POINT('Ctrl Pts',(-80.,6.78460995170073,37.2413747968327));
#3734=CARTESIAN_POINT('Ctrl Pts',(-80.,6.12864847924487,37.3840086885439));
#3735=CARTESIAN_POINT('Ctrl Pts',(-80.,5.4693303738064,37.5091322210513));
#3736=CARTESIAN_POINT('Ctrl Pts',(-80.,4.80689707055024,37.6348469470238));
#3737=CARTESIAN_POINT('Ctrl Pts',(-80.,4.14107489207754,37.7428855412854));
#3738=CARTESIAN_POINT('Ctrl Pts',(-80.,3.47259192106811,37.8332566718656));
#3739=CARTESIAN_POINT('Ctrl Pts',(-80.,2.8033967446145,37.9237240843467));
#3740=CARTESIAN_POINT('Ctrl Pts',(-80.,2.13153463656646,37.9964864301138));
#3741=CARTESIAN_POINT('Ctrl Pts',(-80.,1.45772591806992,38.0515011548646));
#3742=CARTESIAN_POINT('Ctrl Pts',(-80.,0.785799353269883,38.1063622066743));
#3743=CARTESIAN_POINT('Ctrl Pts',(-80.,0.111936567813989,38.1435746835087));
#3744=CARTESIAN_POINT('Ctrl Pts',(-80.,-0.563151148056281,38.1630447620946));
#3745=CARTESIAN_POINT('Ctrl Pts',(-80.,-0.891829466978499,38.1725241120346));
#3746=CARTESIAN_POINT('Ctrl Pts',(-80.,-1.22079814494387,38.1777970207856));
#3747=CARTESIAN_POINT('Ctrl Pts',(-80.,-1.54997484090371,38.1788481700985));
#3748=CARTESIAN_POINT('Ctrl Pts',(-80.,-1.69869945212673,38.1793230875967));
#3749=CARTESIAN_POINT('Ctrl Pts',(-80.,-1.84746652187241,38.1789361758905));
#3750=CARTESIAN_POINT('Ctrl Pts',(-80.,-1.99626842993231,38.1776858232451));
#3751=CARTESIAN_POINT('Ctrl Pts',(-80.,-2.05151728463143,38.177221578179));
#3752=CARTESIAN_POINT('Ctrl Pts',(-80.,-2.10677275618599,38.1766382768366));
#3753=CARTESIAN_POINT('Ctrl Pts',(-80.,-2.16202872981645,38.1759359063228));
#3754=CARTESIAN_POINT('Ctrl Pts',(-80.,-2.84442059503608,38.167261877191));
#3755=CARTESIAN_POINT('Ctrl Pts',(-80.,-3.52569659212582,38.1404486409831));
#3756=CARTESIAN_POINT('Ctrl Pts',(-80.,-4.20510905422194,38.0955912263545));
#3757=CARTESIAN_POINT('Ctrl Pts',(-80.,-4.91164201828441,38.0489432122455));
#3758=CARTESIAN_POINT('Ctrl Pts',(-80.,-5.61616013293028,37.9827821106042));
#3759=CARTESIAN_POINT('Ctrl Pts',(-80.,-6.31783874011007,37.8971576701489));
#3760=CARTESIAN_POINT('Ctrl Pts',(-80.,-7.01951734728985,37.8115332296936));
#3761=CARTESIAN_POINT('Ctrl Pts',(-80.,-7.71835701112278,37.7064454959789));
#3762=CARTESIAN_POINT('Ctrl Pts',(-80.,-8.41354118008221,37.5818853500227));
#3763=CARTESIAN_POINT('Ctrl Pts',(-80.,-9.08004966744301,37.4624631908689));
#3764=CARTESIAN_POINT('Ctrl Pts',(-80.,-9.74319853088034,37.3251417429045));
#3765=CARTESIAN_POINT('Ctrl Pts',(-80.,-10.4023677964432,37.1702918670553));
#3766=CARTESIAN_POINT('Ctrl Pts',(-80.,-11.0670910382752,37.014137269368));
#3767=CARTESIAN_POINT('Ctrl Pts',(-80.,-11.7277677736975,36.8401575321636));
#3768=CARTESIAN_POINT('Ctrl Pts',(-80.,-12.3837548347023,36.6486805491315));
#3769=CARTESIAN_POINT('Ctrl Pts',(-80.,-13.0400706813913,36.457107596385));
#3770=CARTESIAN_POINT('Ctrl Pts',(-80.,-13.6916925894004,36.2480196988379));
#3771=CARTESIAN_POINT('Ctrl Pts',(-80.,-14.3379624919373,36.0216949231046));
#3772=CARTESIAN_POINT('Ctrl Pts',(-80.,-14.8175363939772,35.8537473590904));
#3773=CARTESIAN_POINT('Ctrl Pts',(-80.,-15.2941629112946,35.6763070928122));
#3774=CARTESIAN_POINT('Ctrl Pts',(-80.,-15.7675660142516,35.4894706119698));
#3775=CARTESIAN_POINT('Ctrl Pts',(-80.,-15.9746798717953,35.4077296516012));
#3776=CARTESIAN_POINT('Ctrl Pts',(-80.,-16.1811766583906,35.3241900125989));
#3777=CARTESIAN_POINT('Ctrl Pts',(-80.,-16.3870328089954,35.238858925675));
#3778=CARTESIAN_POINT('Ctrl Pts',(-80.,-16.4749612713707,35.2024109922808));
#3779=CARTESIAN_POINT('Ctrl Pts',(-80.,-16.5627728494355,35.1656362123639));
#3780=CARTESIAN_POINT('Ctrl Pts',(-80.,-16.6504656899109,35.1285351212231));
#3781=CARTESIAN_POINT('Ctrl Pts',(-80.,-16.7118612880687,35.1025598686192));
#3782=CARTESIAN_POINT('Ctrl Pts',(-80.,-16.7732013685164,35.0764234866157));
#3783=CARTESIAN_POINT('Ctrl Pts',(-80.,-16.8344625630863,35.0501359958251));
#3784=CARTESIAN_POINT('Ctrl Pts',(-80.,-17.4655386166852,34.7793380451225));
#3785=CARTESIAN_POINT('Ctrl Pts',(-80.,-18.0887379277724,34.4923016797636));
#3786=CARTESIAN_POINT('Ctrl Pts',(-80.,-18.7034485066019,34.1894609989718));
#3787=CARTESIAN_POINT('Ctrl Pts',(-80.,-19.3246463216999,33.8834243441467));
#3788=CARTESIAN_POINT('Ctrl Pts',(-80.,-19.9371757287646,33.5612479484939));
#3789=CARTESIAN_POINT('Ctrl Pts',(-80.,-20.5403985830996,33.2233270149579));
#3790=CARTESIAN_POINT('Ctrl Pts',(-80.,-21.145105598737,32.8845746653553));
#3791=CARTESIAN_POINT('Ctrl Pts',(-80.,-21.7404606531012,32.5300000477604));
#3792=CARTESIAN_POINT('Ctrl Pts',(-80.,-22.3258076683237,32.1599505055209));
#3793=CARTESIAN_POINT('Ctrl Pts',(-80.,-22.9101422147093,31.7905410342477));
#3794=CARTESIAN_POINT('Ctrl Pts',(-80.,-23.4845037473459,31.4057099366624));
#3795=CARTESIAN_POINT('Ctrl Pts',(-80.,-24.0482198780528,31.0057548764941));
#3796=CARTESIAN_POINT('Ctrl Pts',(-80.,-24.3818812817299,30.7690230188902));
#3797=CARTESIAN_POINT('Ctrl Pts',(-80.,-24.711812758876,30.5269917220589));
#3798=CARTESIAN_POINT('Ctrl Pts',(-80.,-25.0378706725213,30.2797151914713));
#3799=CARTESIAN_POINT('Ctrl Pts',(-80.,-25.5877028505868,29.8627322332066));
#3800=CARTESIAN_POINT('Ctrl Pts',(-80.,-26.1265219290417,29.4308360131651));
#3801=CARTESIAN_POINT('Ctrl Pts',(-80.,-26.6539001707418,28.9845993394053));
#3802=CARTESIAN_POINT('Ctrl Pts',(-80.,-27.1812662025445,28.5383729969478));
#3803=CARTESIAN_POINT('Ctrl Pts',(-80.,-27.6971922406294,28.0778065330189));
#3804=CARTESIAN_POINT('Ctrl Pts',(-80.,-28.2012158801629,27.6034342587057));
#3805=CARTESIAN_POINT('Ctrl Pts',(-80.,-28.4217262224588,27.3958963886937));
#3806=CARTESIAN_POINT('Ctrl Pts',(-80.,-28.6399578956359,27.1857155340439));
#3807=CARTESIAN_POINT('Ctrl Pts',(-80.,-28.8558698520126,26.9729343724336));
#3808=CARTESIAN_POINT('Ctrl Pts',(-80.,-28.9707541692866,26.8597159157506));
#3809=CARTESIAN_POINT('Ctrl Pts',(-80.,-29.0849817071164,26.7457612440341));
#3810=CARTESIAN_POINT('Ctrl Pts',(-80.,-29.1985461074101,26.6310766528137));
#3811=CARTESIAN_POINT('Ctrl Pts',(-80.,-29.2486336257024,26.5804950749095));
#3812=CARTESIAN_POINT('Ctrl Pts',(-80.,-29.2985935695136,26.5297700139043));
#3813=CARTESIAN_POINT('Ctrl Pts',(-80.,-29.3484098407132,26.4789179963751));
#3814=CARTESIAN_POINT('Ctrl Pts',(-80.,-29.8358753186446,25.9813174648272));
#3815=CARTESIAN_POINT('Ctrl Pts',(-80.,-30.3099144002822,25.471234841618));
#3816=CARTESIAN_POINT('Ctrl Pts',(-80.,-30.7701456288519,24.9493229989521));
#3817=CARTESIAN_POINT('Ctrl Pts',(-80.,-31.23300185339,24.424434355935));
#3818=CARTESIAN_POINT('Ctrl Pts',(-80.,-31.6818925974409,23.887580861227));
#3819=CARTESIAN_POINT('Ctrl Pts',(-80.,-32.1163988497685,23.3393838763098));
#3820=CARTESIAN_POINT('Ctrl Pts',(-80.,-32.5692232575575,22.7680756990002));
#3821=CARTESIAN_POINT('Ctrl Pts',(-80.,-33.0064253853934,22.1844473096669));
#3822=CARTESIAN_POINT('Ctrl Pts',(-80.,-33.4274896549665,21.5891586044134));
#3823=CARTESIAN_POINT('Ctrl Pts',(-80.,-33.7432878571463,21.1426920754733));
#3824=CARTESIAN_POINT('Ctrl Pts',(-80.,-34.0500076877092,20.6896656693835));
#3825=CARTESIAN_POINT('Ctrl Pts',(-80.,-34.3474141326689,20.2303435846435));
#3826=CARTESIAN_POINT('Ctrl Pts',(-80.,-34.5826167589083,19.8670906610718));
#3827=CARTESIAN_POINT('Ctrl Pts',(-80.,-34.8119941700355,19.4998999347708));
#3828=CARTESIAN_POINT('Ctrl Pts',(-80.,-35.0354228376559,19.1288973936117));
#3829=CARTESIAN_POINT('Ctrl Pts',(-80.,-35.0725037846775,19.0673246074508));
#3830=CARTESIAN_POINT('Ctrl Pts',(-80.,-35.1094159451833,19.0056549805562));
#3831=CARTESIAN_POINT('Ctrl Pts',(-80.,-35.1461573090169,18.9438918137731));
#3832=CARTESIAN_POINT('Ctrl Pts',(-80.,-35.5075775520848,18.3363351957748));
#3833=CARTESIAN_POINT('Ctrl Pts',(-80.,-35.8525236428807,17.7196476738431));
#3834=CARTESIAN_POINT('Ctrl Pts',(-80.,-36.1805675176468,17.0944515139197));
#3835=CARTESIAN_POINT('Ctrl Pts',(-80.,-36.3804778697009,16.7134561835777));
#3836=CARTESIAN_POINT('Ctrl Pts',(-80.,-36.5741105422088,16.3293002662735));
#3837=CARTESIAN_POINT('Ctrl Pts',(-80.,-36.7613614938235,15.9421183630071));
#3838=CARTESIAN_POINT('Ctrl Pts',(-80.,-37.0660713145406,15.312064804871));
#3839=CARTESIAN_POINT('Ctrl Pts',(-80.,-37.3538845310323,14.6739996713496));
#3840=CARTESIAN_POINT('Ctrl Pts',(-80.,-37.6247329794982,14.0286590050618));
#3841=CARTESIAN_POINT('Ctrl Pts',(-80.,-37.8974332681561,13.3789060270547));
#3842=CARTESIAN_POINT('Ctrl Pts',(-80.,-38.1529361846282,12.7217772787966));
#3843=CARTESIAN_POINT('Ctrl Pts',(-80.,-38.3911253151947,12.0579994003384));
#3844=CARTESIAN_POINT('Ctrl Pts',(-80.,-38.5837524877704,11.521192134442));
#3845=CARTESIAN_POINT('Ctrl Pts',(-80.,-38.765055234793,10.9800356403607));
#3846=CARTESIAN_POINT('Ctrl Pts',(-80.,-38.9349486759962,10.4349054238056));
#3847=CARTESIAN_POINT('Origin',(-79.5,0.,0.));
#3848=CARTESIAN_POINT('',(-79.,-6.12323399573677E-15,50.));
#3849=CARTESIAN_POINT('Origin',(-79.,0.,0.));
#3850=CARTESIAN_POINT('Origin',(-79.,0.,0.));
#3851=CARTESIAN_POINT('Origin',(125.,5.,0.));
#3852=CARTESIAN_POINT('',(120.,5.,39.6862696659689));
#3853=CARTESIAN_POINT('',(120.,5.,39.6862696659689));
#3854=CARTESIAN_POINT('',(120.,5.,49.749371855331));
#3855=CARTESIAN_POINT('',(120.,5.,0.));
#3856=CARTESIAN_POINT('Ctrl Pts',(110.,5.,59.791303715507));
#3857=CARTESIAN_POINT('Ctrl Pts',(110.616295690599,5.,59.791303715507));
#3858=CARTESIAN_POINT('Ctrl Pts',(111.289347536055,5.,59.730359296112));
#3859=CARTESIAN_POINT('Ctrl Pts',(112.607382048652,5.,59.4676207767129));
#3860=CARTESIAN_POINT('Ctrl Pts',(113.2523655213,5.,59.2658307175708));
#3861=CARTESIAN_POINT('Ctrl Pts',(114.391820452105,5.,58.7929239727297));
#3862=CARTESIAN_POINT('Ctrl Pts',(114.991150938831,5.,58.4780504329851));
#3863=CARTESIAN_POINT('Ctrl Pts',(116.109823697769,5.,57.7288327078247));
#3864=CARTESIAN_POINT('Ctrl Pts',(116.629172341819,5.,57.2944980363785));
#3865=CARTESIAN_POINT('Ctrl Pts',(117.502474779622,5.,56.4192647235069));
#3866=CARTESIAN_POINT('Ctrl Pts',(117.936653172461,5.,55.8975114838874));
#3867=CARTESIAN_POINT('Ctrl Pts',(118.685280643765,5.,54.7741790866327));
#3868=CARTESIAN_POINT('Ctrl Pts',(118.999742684966,5.,54.1726085678658));
#3869=CARTESIAN_POINT('Ctrl Pts',(119.473267894163,5.,53.0266976065229));
#3870=CARTESIAN_POINT('Ctrl Pts',(119.675623829508,5.,52.3766131912929));
#3871=CARTESIAN_POINT('Ctrl Pts',(119.938983388136,5.,51.0483937306553));
#3872=CARTESIAN_POINT('Ctrl Pts',(120.,5.,50.3702612606587));
#3873=CARTESIAN_POINT('Ctrl Pts',(120.,5.,49.749371855331));
#3874=CARTESIAN_POINT('Origin',(120.,0.,0.));
#3875=CARTESIAN_POINT('',(40.,-4.89858719658941E-15,40.));
#3876=CARTESIAN_POINT('',(120.,4.89858719658941E-15,40.));
#3877=CARTESIAN_POINT('Origin',(40.,0.,0.));
#3878=CARTESIAN_POINT('Origin',(120.,0.,0.));
#3879=CARTESIAN_POINT('Origin',(37.5,0.,0.));
#3880=CARTESIAN_POINT('',(35.,4.28626379701574E-15,35.));
#3881=CARTESIAN_POINT('',(37.5,-4.59242549680258E-15,37.5));
#3882=CARTESIAN_POINT('Origin',(35.,0.,0.));
#3883=CARTESIAN_POINT('Origin',(35.,0.,0.));
#3884=CARTESIAN_POINT('',(35.,-2.75545529808154E-15,-22.5));
#3885=CARTESIAN_POINT('Origin',(35.,0.,0.));
#3886=CARTESIAN_POINT('Origin',(-55.,0.,0.));
#3887=CARTESIAN_POINT('',(-55.,-15.,-47.6969600708473));
#3888=CARTESIAN_POINT('',(-70.,-1.83697019872103E-15,-50.));
#3889=CARTESIAN_POINT('Ctrl Pts',(-55.,-15.,-47.6969600708473));
#3890=CARTESIAN_POINT('Ctrl Pts',(-54.0518068650269,-15.,-47.6969600708473));
#3891=CARTESIAN_POINT('Ctrl Pts',(-53.0732538933644,-14.9086449278522,-47.7260134484896));
#3892=CARTESIAN_POINT('Ctrl Pts',(-51.1306153229479,-14.5261111937532,-47.8438308124571));
#3893=CARTESIAN_POINT('Ctrl Pts',(-50.1665025074989,-14.2350368430691,-47.9324846659459));
#3894=CARTESIAN_POINT('Ctrl Pts',(-47.3976223114193,-13.0843336307883,-48.2642478051604));
#3895=CARTESIAN_POINT('Ctrl Pts',(-45.7188231274767,-11.9320265630731,-48.5743375864508));
#3896=CARTESIAN_POINT('Ctrl Pts',(-43.068368287989,-9.2815717235854,-49.1496781307491));
#3897=CARTESIAN_POINT('Ctrl Pts',(-41.9157554648351,-7.60261209503112,-49.453559749504));
#3898=CARTESIAN_POINT('Ctrl Pts',(-40.7648829417938,-4.83329446431482,-49.7745199394197));
#3899=CARTESIAN_POINT('Ctrl Pts',(-40.473796371343,-3.86904180029746,-49.8595747716897));
#3900=CARTESIAN_POINT('Ctrl Pts',(-40.0913043474612,-1.92636192212412,-49.9723504611442));
#3901=CARTESIAN_POINT('Ctrl Pts',(-40.,-0.947910663230006,-50.));
#3902=CARTESIAN_POINT('Ctrl Pts',(-40.,0.947910663230006,-50.));
#3903=CARTESIAN_POINT('Ctrl Pts',(-40.0913043474612,1.92636192212412,-49.9723504611442));
#3904=CARTESIAN_POINT('Ctrl Pts',(-40.473796371343,3.86904180029746,-49.8595747716897));
#3905=CARTESIAN_POINT('Ctrl Pts',(-40.7648829417938,4.83329446431482,-49.7745199394197));
#3906=CARTESIAN_POINT('Ctrl Pts',(-41.9157554648351,7.60261209503112,-49.453559749504));
#3907=CARTESIAN_POINT('Ctrl Pts',(-43.068368287989,9.2815717235854,-49.1496781307491));
#3908=CARTESIAN_POINT('Ctrl Pts',(-45.7188231274767,11.9320265630731,-48.5743375864508));
#3909=CARTESIAN_POINT('Ctrl Pts',(-47.3976223114193,13.0843336307883,-48.2642478051604));
#3910=CARTESIAN_POINT('Ctrl Pts',(-50.1665025074989,14.2350368430691,-47.9324846659459));
#3911=CARTESIAN_POINT('Ctrl Pts',(-51.1306153229479,14.5261111937533,-47.8438308124571));
#3912=CARTESIAN_POINT('Ctrl Pts',(-53.0732538933644,14.9086449278522,-47.7260134484896));
#3913=CARTESIAN_POINT('Ctrl Pts',(-54.0518068650269,15.,-47.6969600708473));
#3914=CARTESIAN_POINT('Ctrl Pts',(-55.9481931349731,15.,-47.6969600708473));
#3915=CARTESIAN_POINT('Ctrl Pts',(-56.9267461066356,14.9086449278522,-47.7260134484896));
#3916=CARTESIAN_POINT('Ctrl Pts',(-58.8693846770521,14.5261111937532,-47.8438308124571));
#3917=CARTESIAN_POINT('Ctrl Pts',(-59.8334974925011,14.2350368430691,-47.9324846659459));
#3918=CARTESIAN_POINT('Ctrl Pts',(-62.6023776885807,13.0843336307883,-48.2642478051604));
#3919=CARTESIAN_POINT('Ctrl Pts',(-64.2811768725233,11.9320265630731,-48.5743375864508));
#3920=CARTESIAN_POINT('Ctrl Pts',(-66.931631712011,9.2815717235854,-49.1496781307491));
#3921=CARTESIAN_POINT('Ctrl Pts',(-68.0842445351649,7.60261209503112,-49.453559749504));
#3922=CARTESIAN_POINT('Ctrl Pts',(-69.2351170582063,4.83329446431482,-49.7745199394197));
#3923=CARTESIAN_POINT('Ctrl Pts',(-69.526203628657,3.86904180029747,-49.8595747716897));
#3924=CARTESIAN_POINT('Ctrl Pts',(-69.9086956525388,1.92636192212413,-49.9723504611442));
#3925=CARTESIAN_POINT('Ctrl Pts',(-70.,0.947910663230008,-50.));
#3926=CARTESIAN_POINT('Ctrl Pts',(-70.,1.94289029309402E-15,-50.));
#3927=CARTESIAN_POINT('Ctrl Pts',(-70.,1.38777878078145E-15,-50.));
#3928=CARTESIAN_POINT('Ctrl Pts',(-70.,-0.947910663230004,-50.));
#3929=CARTESIAN_POINT('Ctrl Pts',(-69.9086956525388,-1.92636192212412,-49.9723504611442));
#3930=CARTESIAN_POINT('Ctrl Pts',(-69.526203628657,-3.86904180029746,-49.8595747716897));
#3931=CARTESIAN_POINT('Ctrl Pts',(-69.2351170582063,-4.83329446431482,-49.7745199394197));
#3932=CARTESIAN_POINT('Ctrl Pts',(-68.0842445351649,-7.60261209503112,-49.453559749504));
#3933=CARTESIAN_POINT('Ctrl Pts',(-66.931631712011,-9.2815717235854,-49.1496781307491));
#3934=CARTESIAN_POINT('Ctrl Pts',(-64.2811768725233,-11.9320265630731,-48.5743375864508));
#3935=CARTESIAN_POINT('Ctrl Pts',(-62.6023776885807,-13.0843336307883,-48.2642478051604));
#3936=CARTESIAN_POINT('Ctrl Pts',(-59.8334974925011,-14.2350368430691,-47.9324846659459));
#3937=CARTESIAN_POINT('Ctrl Pts',(-58.8693846770521,-14.5261111937532,-47.8438308124571));
#3938=CARTESIAN_POINT('Ctrl Pts',(-56.9267461066356,-14.9086449278522,-47.7260134484896));
#3939=CARTESIAN_POINT('Ctrl Pts',(-55.9481931349731,-15.,-47.6969600708473));
#3940=CARTESIAN_POINT('Ctrl Pts',(-55.,-15.,-47.6969600708473));
#3941=CARTESIAN_POINT('',(-70.,-1.83697019872103E-15,0.));
#3942=CARTESIAN_POINT('',(-68.8387970396725,-5.78685549281748,-36.4965691504729));
#3943=CARTESIAN_POINT('Ctrl Pts',(-68.8387970396725,-5.78685549281748,-36.4965691504729));
#3944=CARTESIAN_POINT('Ctrl Pts',(-68.8410658642421,-5.78142978229528,-36.4974294451107));
#3945=CARTESIAN_POINT('Ctrl Pts',(-68.8433315367657,-5.77600264374025,-36.4982887258396));
#3946=CARTESIAN_POINT('Ctrl Pts',(-69.2300538352215,-4.84812286207853,-36.6449880193062));
#3947=CARTESIAN_POINT('Ctrl Pts',(-69.5226255111287,-3.88310558594686,-36.7608862734648));
#3948=CARTESIAN_POINT('Ctrl Pts',(-69.9076568081792,-1.93569863879159,-36.9146900214931));
#3949=CARTESIAN_POINT('Ctrl Pts',(-70.,-0.953278407308776,-36.9525));
#3950=CARTESIAN_POINT('Ctrl Pts',(-70.,-2.22044604925031E-15,-36.9525));
#3951=CARTESIAN_POINT('',(-66.9661472864252,-9.04476915260883,-39.2816332491577));
#3952=CARTESIAN_POINT('Ctrl Pts',(-66.9661472864252,-9.04462768500041,-39.2810866925089));
#3953=CARTESIAN_POINT('Ctrl Pts',(-67.1028512359128,-8.86380069951667,-39.0743957757456));
#3954=CARTESIAN_POINT('Ctrl Pts',(-67.23767553168,-8.67694010027873,-38.8714165990284));
#3955=CARTESIAN_POINT('Ctrl Pts',(-67.3700813884357,-8.48391856618475,-38.6728456360734));
#3956=CARTESIAN_POINT('Ctrl Pts',(-67.4953305112872,-8.30133013370064,-38.4850077296294));
#3957=CARTESIAN_POINT('Ctrl Pts',(-67.6184155699701,-8.11322940890517,-38.3011141957738));
#3958=CARTESIAN_POINT('Ctrl Pts',(-67.7388805084328,-7.91948451127922,-38.1217150809381));
#3959=CARTESIAN_POINT('Ctrl Pts',(-67.7963360747149,-7.82707818169121,-38.0361509502878));
#3960=CARTESIAN_POINT('Ctrl Pts',(-67.8531956164981,-7.73338749693832,-37.9516086298433));
#3961=CARTESIAN_POINT('Ctrl Pts',(-67.9094096534553,-7.63839542996506,-37.8681445131516));
#3962=CARTESIAN_POINT('Ctrl Pts',(-68.0158335447134,-7.45855733341206,-37.7101310247144));
#3963=CARTESIAN_POINT('Ctrl Pts',(-68.1199820847697,-7.27396568191254,-37.5559307246164));
#3964=CARTESIAN_POINT('Ctrl Pts',(-68.2214431824613,-7.08462856777588,-37.4060146742112));
#3965=CARTESIAN_POINT('Ctrl Pts',(-68.3197104664863,-6.901251446942,-37.2608177126148));
#3966=CARTESIAN_POINT('Ctrl Pts',(-68.4154568369663,-6.7134232376477,-37.1196395442794));
#3967=CARTESIAN_POINT('Ctrl Pts',(-68.5083079062717,-6.52110759567541,-36.9828876308844));
#3968=CARTESIAN_POINT('Ctrl Pts',(-68.5974240066145,-6.33652792227276,-36.8516366143121));
#3969=CARTESIAN_POINT('Ctrl Pts',(-68.6838730500953,-6.14781474377943,-36.7244629399434));
#3970=CARTESIAN_POINT('Ctrl Pts',(-68.7673240357313,-5.95489165057587,-36.6017074103019));
#3971=CARTESIAN_POINT('Ctrl Pts',(-68.7914005744379,-5.89923118970174,-36.5662910729354));
#3972=CARTESIAN_POINT('Ctrl Pts',(-68.8152275587793,-5.84322000076432,-36.5312423665904));
#3973=CARTESIAN_POINT('Ctrl Pts',(-68.8387970396725,-5.78685549281749,-36.4965691504729));
#3974=CARTESIAN_POINT('',(-66.4808930036609,-9.65344994488963,-39.1372860482687));
#3975=CARTESIAN_POINT('Ctrl Pts',(-66.4808930036609,-9.65344994488965,-39.1372860482687));
#3976=CARTESIAN_POINT('Ctrl Pts',(-66.6467631137422,-9.4561798500302,-39.1859439185156));
#3977=CARTESIAN_POINT('Ctrl Pts',(-66.808779682447,-9.2531524720941,-39.2344372465803));
#3978=CARTESIAN_POINT('Ctrl Pts',(-66.9661472864252,-9.04496097943925,-39.28237436743));
#3979=CARTESIAN_POINT('',(-64.6139490380743,-11.5139437660343,-35.1126907519303));
#3980=CARTESIAN_POINT('Ctrl Pts',(-64.6139490380743,-11.5139004001214,-35.112504003562));
#3981=CARTESIAN_POINT('Ctrl Pts',(-64.77469309939,-11.379689661849,-35.4606762190447));
#3982=CARTESIAN_POINT('Ctrl Pts',(-64.9351228705233,-11.2400423159193,-35.8076474822544));
#3983=CARTESIAN_POINT('Ctrl Pts',(-65.0948019014205,-11.0947650593076,-36.1525636233371));
#3984=CARTESIAN_POINT('Ctrl Pts',(-65.2465938451469,-10.9566635375461,-36.4804431901364));
#3985=CARTESIAN_POINT('Ctrl Pts',(-65.3977073802484,-10.8134748930801,-36.8064654106378));
#3986=CARTESIAN_POINT('Ctrl Pts',(-65.5477675880675,-10.6650748897709,-37.1298839601495));
#3987=CARTESIAN_POINT('Ctrl Pts',(-65.6890333415593,-10.5253720425582,-37.4343481865689));
#3988=CARTESIAN_POINT('Ctrl Pts',(-65.8298378369079,-10.3805906142125,-37.7375203968675));
#3989=CARTESIAN_POINT('Ctrl Pts',(-65.9697588457182,-10.230568953568,-38.0385574302074));
#3990=CARTESIAN_POINT('Ctrl Pts',(-66.1094737794295,-10.0807682442219,-38.3391510974153));
#3991=CARTESIAN_POINT('Ctrl Pts',(-66.2483078270769,-9.92574268679506,-38.6376157396622));
#3992=CARTESIAN_POINT('Ctrl Pts',(-66.3858406230879,-9.76538175384556,-38.933099228982));
#3993=CARTESIAN_POINT('Ctrl Pts',(-66.4175958458996,-9.72835569676101,-39.0013240038188));
#3994=CARTESIAN_POINT('Ctrl Pts',(-66.4492816975327,-9.69104541857372,-39.0693898014383));
#3995=CARTESIAN_POINT('Ctrl Pts',(-66.4808930036609,-9.65344994488963,-39.1372860482687));
#3996=CARTESIAN_POINT('',(-63.0229465646428,-12.6740809694781,-34.7110202648829));
#3997=CARTESIAN_POINT('Ctrl Pts',(-63.0229465646427,-12.6740809694781,-34.7110202648829));
#3998=CARTESIAN_POINT('Ctrl Pts',(-63.5843116695425,-12.3187256383332,-34.8407716293054));
#3999=CARTESIAN_POINT('Ctrl Pts',(-64.1169223825031,-11.928997976932,-34.9768068011317));
#4000=CARTESIAN_POINT('Ctrl Pts',(-64.6139490380743,-11.5139907891795,-35.1128932495841));
#4001=CARTESIAN_POINT('',(-61.0814789616334,-13.7118785598186,-37.9064722893504));
#4002=CARTESIAN_POINT('Ctrl Pts',(-61.0814789616334,-13.7118785598186,-37.9064722893504));
#4003=CARTESIAN_POINT('Ctrl Pts',(-61.2545060849292,-13.6351377394033,-37.6166877221907));
#4004=CARTESIAN_POINT('Ctrl Pts',(-61.4277616914241,-13.5543866102998,-37.3277541951028));
#4005=CARTESIAN_POINT('Ctrl Pts',(-61.6010437255131,-13.469464503604,-37.0400996897372));
#4006=CARTESIAN_POINT('Ctrl Pts',(-61.7518335332298,-13.3955653933651,-36.7897831016327));
#4007=CARTESIAN_POINT('Ctrl Pts',(-61.9026433531324,-13.3185086542164,-36.5404347801753));
#4008=CARTESIAN_POINT('Ctrl Pts',(-62.0533400397944,-13.2382172709005,-36.2923226732645));
#4009=CARTESIAN_POINT('Ctrl Pts',(-62.2169884614919,-13.1510251869429,-36.0228863930161));
#4010=CARTESIAN_POINT('Ctrl Pts',(-62.3807758089613,-13.0598751967351,-35.7544592760059));
#4011=CARTESIAN_POINT('Ctrl Pts',(-62.5444903993757,-12.9646045066719,-35.4874713107578));
#4012=CARTESIAN_POINT('Ctrl Pts',(-62.7041103488219,-12.8717166174916,-35.2271609413046));
#4013=CARTESIAN_POINT('Ctrl Pts',(-62.863661135132,-12.7749119444601,-34.9682186542356));
#4014=CARTESIAN_POINT('Ctrl Pts',(-63.0229465646427,-12.6740810710777,-34.711019358466));
#4015=CARTESIAN_POINT('',(-60.5866743635247,-13.9208142562112,-37.8302416791985));
#4016=CARTESIAN_POINT('Ctrl Pts',(-60.5866743635248,-13.9208142562113,-37.8302416791985));
#4017=CARTESIAN_POINT('Ctrl Pts',(-60.6464929064469,-13.8968079937861,-37.8390755302492));
#4018=CARTESIAN_POINT('Ctrl Pts',(-60.70614702789,-13.8724200017332,-37.8480239170418));
#4019=CARTESIAN_POINT('Ctrl Pts',(-60.8714595369502,-13.8035903347697,-37.8732009365386));
#4020=CARTESIAN_POINT('Ctrl Pts',(-60.9767574482537,-13.7583245429616,-37.8896714202115));
#4021=CARTESIAN_POINT('Ctrl Pts',(-61.0814789616334,-13.7118785598185,-37.9064722893504));
#4022=CARTESIAN_POINT('',(-58.6974702012281,-14.5372310457648,-33.9727956319591));
#4023=CARTESIAN_POINT('Ctrl Pts',(-58.6974702012281,-14.537253637522,-33.9727642589694));
#4024=CARTESIAN_POINT('Ctrl Pts',(-59.012654534251,-14.4570520947882,-34.616819009804));
#4025=CARTESIAN_POINT('Ctrl Pts',(-59.3276547267936,-14.3659931189506,-35.2602049754855));
#4026=CARTESIAN_POINT('Ctrl Pts',(-59.641797515642,-14.2637454941276,-35.9016175808797));
#4027=CARTESIAN_POINT('Ctrl Pts',(-59.957377449568,-14.161030105358,-36.5459645301499));
#4028=CARTESIAN_POINT('Ctrl Pts',(-60.2726010517249,-14.046857552746,-37.1893589077658));
#4029=CARTESIAN_POINT('Ctrl Pts',(-60.5866743635247,-13.9208142562112,-37.8302416791985));
#4030=CARTESIAN_POINT('',(-57.0836795705395,-14.8545960605724,-33.8352775860759));
#4031=CARTESIAN_POINT('Ctrl Pts',(-57.0836795705395,-14.8545709950613,-33.8353214378508));
#4032=CARTESIAN_POINT('Ctrl Pts',(-57.3595149741794,-14.8158790264015,-33.8523082011198));
#4033=CARTESIAN_POINT('Ctrl Pts',(-57.6354622844981,-14.7693282479521,-33.8726692486483));
#4034=CARTESIAN_POINT('Ctrl Pts',(-58.173824886288,-14.662836723219,-33.9188987884436));
#4035=CARTESIAN_POINT('Ctrl Pts',(-58.4363146724449,-14.6035733922335,-33.9444858620579));
#4036=CARTESIAN_POINT('Ctrl Pts',(-58.697470201228,-14.5371494492913,-33.9729089443187));
#4037=CARTESIAN_POINT('',(-55.1141262451617,-14.9995658337223,-37.4156288182135));
#4038=CARTESIAN_POINT('Ctrl Pts',(-55.1141262451617,-14.9995658337223,-37.4156288182135));
#4039=CARTESIAN_POINT('Ctrl Pts',(-55.3449660749873,-14.9978094573509,-36.992463101177));
#4040=CARTESIAN_POINT('Ctrl Pts',(-55.5764059903365,-14.9907249732402,-36.5693186437125));
#4041=CARTESIAN_POINT('Ctrl Pts',(-55.8082510341644,-14.9782149335484,-36.1466935402322));
#4042=CARTESIAN_POINT('Ctrl Pts',(-55.9051188731831,-14.9729880781842,-35.9701153403567));
#4043=CARTESIAN_POINT('Ctrl Pts',(-56.0020574344997,-14.9668147147837,-35.7936276992984));
#4044=CARTESIAN_POINT('Ctrl Pts',(-56.0990524986145,-14.9596903848598,-35.6172664538112));
#4045=CARTESIAN_POINT('Ctrl Pts',(-56.3163563010861,-14.9437293254322,-35.2221538818182));
#4046=CARTESIAN_POINT('Ctrl Pts',(-56.5342005313111,-14.922974688969,-34.8272086470587));
#4047=CARTESIAN_POINT('Ctrl Pts',(-56.7524064145653,-14.8973106293731,-34.4328948106331));
#4048=CARTESIAN_POINT('Ctrl Pts',(-56.862746030489,-14.884333149405,-34.2335031323898));
#4049=CARTESIAN_POINT('Ctrl Pts',(-56.9731781209424,-14.8701011467348,-34.0342727518257));
#4050=CARTESIAN_POINT('Ctrl Pts',(-57.0836795705395,-14.8546046076158,-33.8352626331384));
#4051=CARTESIAN_POINT('',(-54.6139371752552,-14.9950310268218,-37.4174464597352));
#4052=CARTESIAN_POINT('Ctrl Pts',(-54.6139371752552,-14.9950310268219,-37.4174464597352));
#4053=CARTESIAN_POINT('Ctrl Pts',(-54.7430929957253,-14.9983562790867,-37.4161138658358));
#4054=CARTESIAN_POINT('Ctrl Pts',(-54.871811433603,-15.,-37.4154547622036));
#4055=CARTESIAN_POINT('Ctrl Pts',(-55.,-15.,-37.4154547622036));
#4056=CARTESIAN_POINT('Ctrl Pts',(-55.03799638045,-15.,-37.4154547622036));
#4057=CARTESIAN_POINT('Ctrl Pts',(-55.0760392616168,-14.9998556237381,-37.4155126441826));
#4058=CARTESIAN_POINT('Ctrl Pts',(-55.1141262451617,-14.9995658337222,-37.4156288182136));
#4059=CARTESIAN_POINT('',(-52.705533072156,-14.823588780782,-33.8489894534797));
#4060=CARTESIAN_POINT('Ctrl Pts',(-52.705533072156,-14.823591791753,-33.848990336626));
#4061=CARTESIAN_POINT('Ctrl Pts',(-52.9186014855149,-14.8565480799452,-34.2436821898226));
#4062=CARTESIAN_POINT('Ctrl Pts',(-53.1314016148308,-14.8847668942024,-34.6392545394239));
#4063=CARTESIAN_POINT('Ctrl Pts',(-53.3437597345489,-14.9083395382351,-35.0352368179685));
#4064=CARTESIAN_POINT('Ctrl Pts',(-53.4492406469483,-14.9200483629484,-35.2319261279433));
#4065=CARTESIAN_POINT('Ctrl Pts',(-53.5546125053194,-14.9306116581451,-35.4287164065721));
#4066=CARTESIAN_POINT('Ctrl Pts',(-53.6598540195119,-14.9400453091118,-35.6255490768428));
#4067=CARTESIAN_POINT('Ctrl Pts',(-53.88721654788,-14.9604256576084,-36.0507840605996));
#4068=CARTESIAN_POINT('Ctrl Pts',(-54.1142671009295,-14.9755547629366,-36.4767729354488));
#4069=CARTESIAN_POINT('Ctrl Pts',(-54.3408170241412,-14.9855137173306,-36.9030150127346));
#4070=CARTESIAN_POINT('Ctrl Pts',(-54.4319421631475,-14.9895195059473,-37.0744622946066));
#4071=CARTESIAN_POINT('Ctrl Pts',(-54.5229863058315,-14.9926894011526,-37.2459504353042));
#4072=CARTESIAN_POINT('Ctrl Pts',(-54.6139371752552,-14.9950310268218,-37.4174464597352));
#4073=CARTESIAN_POINT('',(-51.0730448217501,-14.4769291372243,-33.9985386099974));
#4074=CARTESIAN_POINT('Ctrl Pts',(-51.0730448217501,-14.4768443739655,-33.9986504617754));
#4075=CARTESIAN_POINT('Ctrl Pts',(-51.409729124584,-14.5681725759062,-33.959762325085));
#4076=CARTESIAN_POINT('Ctrl Pts',(-51.7489824921301,-14.6475675348633,-33.9255273680653));
#4077=CARTESIAN_POINT('Ctrl Pts',(-52.2944317186446,-14.7554608387497,-33.8786892952875));
#4078=CARTESIAN_POINT('Ctrl Pts',(-52.4999548439296,-14.7916547140117,-33.862891397733));
#4079=CARTESIAN_POINT('Ctrl Pts',(-52.705533072156,-14.8234753521915,-33.8489561838023));
#4080=CARTESIAN_POINT('',(-49.0832908715529,-13.7837786216027,-37.8803867716942));
#4081=CARTESIAN_POINT('Ctrl Pts',(-49.0832908715529,-13.7837786216027,-37.8803867716942));
#4082=CARTESIAN_POINT('Ctrl Pts',(-49.3610543477006,-13.9030090401977,-37.3380304376731));
#4083=CARTESIAN_POINT('Ctrl Pts',(-49.6399844325152,-14.0128051519349,-36.7935372475704));
#4084=CARTESIAN_POINT('Ctrl Pts',(-49.9195138901004,-14.1134400834572,-36.2480831552824));
#4085=CARTESIAN_POINT('Ctrl Pts',(-49.9723101597799,-14.1324475577669,-36.1450602338236));
#4086=CARTESIAN_POINT('Ctrl Pts',(-50.0251278114593,-14.1511283564658,-36.042002981204));
#4087=CARTESIAN_POINT('Ctrl Pts',(-50.0779630231386,-14.169484517091,-35.938919246946));
#4088=CARTESIAN_POINT('Ctrl Pts',(-50.4085797577255,-14.2843483303051,-35.29387200428));
#4089=CARTESIAN_POINT('Ctrl Pts',(-50.7405370353851,-14.3867198593676,-34.6465164428987));
#4090=CARTESIAN_POINT('Ctrl Pts',(-51.0730448217501,-14.4769514716206,-33.9985091380073));
#4091=CARTESIAN_POINT('',(-48.5774686505519,-13.5554819562182,-37.9626812013738));
#4092=CARTESIAN_POINT('Ctrl Pts',(-48.5774686505519,-13.5554819562182,-37.9626812013739));
#4093=CARTESIAN_POINT('Ctrl Pts',(-48.7445127900228,-13.6346267793944,-37.9344206521044));
#4094=CARTESIAN_POINT('Ctrl Pts',(-48.9131816348329,-13.7107589583184,-37.9069569036151));
#4095=CARTESIAN_POINT('Ctrl Pts',(-49.0832908715529,-13.7837786216027,-37.8803867716943));
#4096=CARTESIAN_POINT('',(-46.6396321865592,-12.4540856759531,-34.7905591536845));
#4097=CARTESIAN_POINT('Ctrl Pts',(-46.6396321865592,-12.4540856347933,-34.7905590894151));
#4098=CARTESIAN_POINT('Ctrl Pts',(-46.8012558193151,-12.562582759215,-35.0483301391327));
#4099=CARTESIAN_POINT('Ctrl Pts',(-46.9630775470194,-12.6666622130497,-35.3082871296292));
#4100=CARTESIAN_POINT('Ctrl Pts',(-47.1248539932655,-12.7664560937408,-35.5699181793908));
#4101=CARTESIAN_POINT('Ctrl Pts',(-47.2866304395116,-12.866249974432,-35.8315492291525));
#4102=CARTESIAN_POINT('Ctrl Pts',(-47.4483616042997,-12.9617579848807,-36.0948541965243));
#4103=CARTESIAN_POINT('Ctrl Pts',(-47.609804111223,-13.0531605206773,-36.3592919181781));
#4104=CARTESIAN_POINT('Ctrl Pts',(-47.7772735260335,-13.1479752598298,-36.633601524385));
#4105=CARTESIAN_POINT('Ctrl Pts',(-47.9448053006829,-13.2385805365488,-36.9097420225247));
#4106=CARTESIAN_POINT('Ctrl Pts',(-48.1121854652711,-13.3250998108574,-37.1872417452073));
#4107=CARTESIAN_POINT('Ctrl Pts',(-48.2674672939619,-13.4053654215688,-37.4446836261216));
#4108=CARTESIAN_POINT('Ctrl Pts',(-48.4226186374346,-13.4821146597311,-37.7032950077024));
#4109=CARTESIAN_POINT('Ctrl Pts',(-48.5774686505519,-13.5554819562182,-37.9626812013738));
#4110=CARTESIAN_POINT('',(-44.9817139548721,-11.1638878963023,-35.2255131807592));
#4111=CARTESIAN_POINT('Ctrl Pts',(-44.9817139548721,-11.1639573950278,-35.2257478491515));
#4112=CARTESIAN_POINT('Ctrl Pts',(-45.4941319923371,-11.623789898177,-35.0800149467305));
#4113=CARTESIAN_POINT('Ctrl Pts',(-46.0493843600782,-12.057855148971,-34.9323990392887));
#4114=CARTESIAN_POINT('Ctrl Pts',(-46.6396321865592,-12.4540856759532,-34.7905591536845));
#4115=CARTESIAN_POINT('',(-42.9638792470497,-8.951636566595,-39.3037461044377));
#4116=CARTESIAN_POINT('Ctrl Pts',(-42.9638792470497,-8.951636566595,-39.3037461044377));
#4117=CARTESIAN_POINT('Ctrl Pts',(-43.0880586312354,-9.11860470163567,-39.0543072289017));
#4118=CARTESIAN_POINT('Ctrl Pts',(-43.2138503387889,-9.2805090081488,-38.8012941833343));
#4119=CARTESIAN_POINT('Ctrl Pts',(-43.3408463437844,-9.43740575831272,-38.5455474636314));
#4120=CARTESIAN_POINT('Ctrl Pts',(-43.4684333640223,-9.5950326760975,-38.2886105473587));
#4121=CARTESIAN_POINT('Ctrl Pts',(-43.5972359169271,-9.74760536344601,-38.028914590065));
#4122=CARTESIAN_POINT('Ctrl Pts',(-43.7268402533961,-9.89523250082241,-37.7673012583156));
#4123=CARTESIAN_POINT('Ctrl Pts',(-43.8088473632565,-9.98864353322338,-37.6017654913635));
#4124=CARTESIAN_POINT('Ctrl Pts',(-43.8911754849905,-10.0800755363496,-37.435461841058));
#4125=CARTESIAN_POINT('Ctrl Pts',(-43.973719801294,-10.1695665055262,-37.2686009839508));
#4126=CARTESIAN_POINT('Ctrl Pts',(-44.1195225948956,-10.3276395733327,-36.9738650142501));
#4127=CARTESIAN_POINT('Ctrl Pts',(-44.2666590288464,-10.4803550692647,-36.6760617685755));
#4128=CARTESIAN_POINT('Ctrl Pts',(-44.4147228276776,-10.6278159143202,-36.3760202702974));
#4129=CARTESIAN_POINT('Ctrl Pts',(-44.562837222212,-10.7753271490401,-36.0758762431723));
#4130=CARTESIAN_POINT('Ctrl Pts',(-44.7118796155252,-10.9175801783315,-35.7734925723772));
#4131=CARTESIAN_POINT('Ctrl Pts',(-44.8614433155143,-11.0547285645835,-35.4696862399801));
#4132=CARTESIAN_POINT('Ctrl Pts',(-44.9014987419866,-11.0914589818017,-35.3883222979941));
#4133=CARTESIAN_POINT('Ctrl Pts',(-44.9415915591597,-11.1278235472419,-35.306856237684));
#4134=CARTESIAN_POINT('Ctrl Pts',(-44.9817139548721,-11.1638258203079,-35.2253035758533));
#4135=CARTESIAN_POINT('',(-42.4458070146881,-8.20927758621571,-39.4654787957141));
#4136=CARTESIAN_POINT('Ctrl Pts',(-42.445807014688,-8.20927758621573,-39.4654787957141));
#4137=CARTESIAN_POINT('Ctrl Pts',(-42.6117835540537,-8.46310034763996,-39.4126807157258));
#4138=CARTESIAN_POINT('Ctrl Pts',(-42.7848172047752,-8.71087474086035,-39.3585808867854));
#4139=CARTESIAN_POINT('Ctrl Pts',(-42.9638792470497,-8.95163656659497,-39.3037461044377));
#4140=CARTESIAN_POINT('',(-40.4004666604395,-3.44290956417151,-36.7917603544997));
#4141=CARTESIAN_POINT('Ctrl Pts',(-40.4004666604395,-3.44290956417135,-36.7917603544997));
#4142=CARTESIAN_POINT('Ctrl Pts',(-40.6542498962806,-4.51906818629732,-37.0856032864324));
#4143=CARTESIAN_POINT('Ctrl Pts',(-41.0131980723934,-5.51050335176492,-37.5323551749743));
#4144=CARTESIAN_POINT('Ctrl Pts',(-41.7472943501004,-7.06276850429463,-38.500955856146));
#4145=CARTESIAN_POINT('Ctrl Pts',(-42.087082715104,-7.66069166763733,-38.9631847529303));
#4146=CARTESIAN_POINT('Ctrl Pts',(-42.445807014688,-8.20927758621565,-39.4654787957139));
#4147=CARTESIAN_POINT('',(-40.,0.,-36.9525));
#4148=CARTESIAN_POINT('Ctrl Pts',(-40.,3.33066907387547E-15,-36.9525));
#4149=CARTESIAN_POINT('Ctrl Pts',(-40.,-0.95327840730877,-36.9525));
#4150=CARTESIAN_POINT('Ctrl Pts',(-40.0923431918208,-1.93569863879158,-36.9146900214931));
#4151=CARTESIAN_POINT('Ctrl Pts',(-40.3200891619647,-3.08758963529608,-36.8237151213361));
#4152=CARTESIAN_POINT('Ctrl Pts',(-40.3586289942667,-3.26549845570184,-36.808362180459));
#4153=CARTESIAN_POINT('Ctrl Pts',(-40.4004666604396,-3.4429095641715,-36.7917603544997));
#4154=CARTESIAN_POINT('',(-40.2419613647137,2.68333666158342,-36.8549448596874));
#4155=CARTESIAN_POINT('Ctrl Pts',(-40.2419613647137,2.68333666158341,-36.8549448596874));
#4156=CARTESIAN_POINT('Ctrl Pts',(-40.0784320556211,1.78394453679288,-36.92042784632));
#4157=CARTESIAN_POINT('Ctrl Pts',(-40.,0.879547683469954,-36.9525));
#4158=CARTESIAN_POINT('Ctrl Pts',(-40.,3.60822483003176E-15,-36.9525));
#4159=CARTESIAN_POINT('',(-42.06880084709,7.60176199837958,-39.5876193723735));
#4160=CARTESIAN_POINT('Ctrl Pts',(-42.06880084709,7.60188776880257,-39.5880441898097));
#4161=CARTESIAN_POINT('Ctrl Pts',(-41.9631681542545,7.4221774928694,-39.4300500747567));
#4162=CARTESIAN_POINT('Ctrl Pts',(-41.8598084959987,7.23771868512682,-39.2758518588284));
#4163=CARTESIAN_POINT('Ctrl Pts',(-41.7591391537883,7.04855814246269,-39.1259417681519));
#4164=CARTESIAN_POINT('Ctrl Pts',(-41.6613771431063,6.8648605580093,-38.980361082272));
#4165=CARTESIAN_POINT('Ctrl Pts',(-41.5661522996367,6.67672917862392,-38.8388244209415));
#4166=CARTESIAN_POINT('Ctrl Pts',(-41.4738467856231,6.48416224845823,-38.7017673174753));
#4167=CARTESIAN_POINT('Ctrl Pts',(-41.3820094798624,6.29257209012334,-38.5654054191399));
#4168=CARTESIAN_POINT('Ctrl Pts',(-41.2930619627971,6.09659171991771,-38.4334778581139));
#4169=CARTESIAN_POINT('Ctrl Pts',(-41.2073806107074,5.89616883239595,-38.3063973129929));
#4170=CARTESIAN_POINT('Ctrl Pts',(-41.1262854368136,5.7064737760101,-38.1861188783773));
#4171=CARTESIAN_POINT('Ctrl Pts',(-41.0481161362058,5.51279902606147,-38.0701824657269));
#4172=CARTESIAN_POINT('Ctrl Pts',(-40.9731918247079,5.31505247403903,-37.9589227881928));
#4173=CARTESIAN_POINT('Ctrl Pts',(-40.9689546275082,5.30386930638976,-37.952630715771));
#4174=CARTESIAN_POINT('Ctrl Pts',(-40.9647278085811,5.29267310282,-37.9463535964234));
#4175=CARTESIAN_POINT('Ctrl Pts',(-40.9605114256453,5.28146384182066,-37.9400914891242));
#4176=CARTESIAN_POINT('Ctrl Pts',(-40.8913739355171,5.09766171011672,-37.8374095486635));
#4177=CARTESIAN_POINT('Ctrl Pts',(-40.8251856244809,4.91066919607857,-37.7389823373957));
#4178=CARTESIAN_POINT('Ctrl Pts',(-40.7622096618634,4.72065497400291,-37.6450717479459));
#4179=CARTESIAN_POINT('Ctrl Pts',(-40.6999608608845,4.53283478036833,-37.5522455115614));
#4180=CARTESIAN_POINT('Ctrl Pts',(-40.6408506528611,4.34206229068019,-37.4638322647618));
#4181=CARTESIAN_POINT('Ctrl Pts',(-40.5851331958006,4.14844971685744,-37.3800898370342));
#4182=CARTESIAN_POINT('Ctrl Pts',(-40.5297363160324,3.95595111696536,-37.2968292317397));
#4183=CARTESIAN_POINT('Ctrl Pts',(-40.4776932583153,3.76064508582571,-37.218185943635));
#4184=CARTESIAN_POINT('Ctrl Pts',(-40.4292538188609,3.56259070346172,-37.1444170599389));
#4185=CARTESIAN_POINT('Ctrl Pts',(-40.3811636945223,3.36596456614513,-37.0711801515597));
#4186=CARTESIAN_POINT('Ctrl Pts',(-40.3366254017407,3.166629608514,-37.0027477147178));
#4187=CARTESIAN_POINT('Ctrl Pts',(-40.2958833714803,2.96459229828071,-36.9393734041082));
#4188=CARTESIAN_POINT('Ctrl Pts',(-40.2794314588746,2.88300824000482,-36.91378242072));
#4189=CARTESIAN_POINT('Ctrl Pts',(-40.2635985648579,2.80098294631476,-36.8890162294723));
#4190=CARTESIAN_POINT('Ctrl Pts',(-40.248400783927,2.71851442699601,-36.8650915586836));
#4191=CARTESIAN_POINT('Ctrl Pts',(-40.2462412273497,2.70679591137041,-36.8616919386735));
#4192=CARTESIAN_POINT('Ctrl Pts',(-40.244094740659,2.69506998043034,-36.8583096916315));
#4193=CARTESIAN_POINT('Ctrl Pts',(-40.2419613647137,2.68333666158336,-36.8549448596874));
#4194=CARTESIAN_POINT('',(-42.5503748355761,8.36700862108692,-39.4323397961262));
#4195=CARTESIAN_POINT('Ctrl Pts',(-42.5503748355761,8.36700862108692,-39.4323397961262));
#4196=CARTESIAN_POINT('Ctrl Pts',(-42.3829793025428,8.11793374440857,-39.4851901126745));
#4197=CARTESIAN_POINT('Ctrl Pts',(-42.2221566717076,7.86246109240506,-39.5369261145977));
#4198=CARTESIAN_POINT('Ctrl Pts',(-42.06880084709,7.60158460242204,-39.5870201782696));
#4199=CARTESIAN_POINT('',(-44.4101753971997,10.6232578540192,-35.3922146604036));
#4200=CARTESIAN_POINT('Ctrl Pts',(-44.4101753971997,10.6231778150002,-35.3919420048888));
#4201=CARTESIAN_POINT('Ctrl Pts',(-44.2714771533115,10.4849321671731,-35.6945688324183));
#4202=CARTESIAN_POINT('Ctrl Pts',(-44.1331894920467,10.3416992820362,-35.9959112012764));
#4203=CARTESIAN_POINT('Ctrl Pts',(-43.9957256137853,10.1933197197764,-36.2951467230042));
#4204=CARTESIAN_POINT('Ctrl Pts',(-43.8582842818375,10.04496449418,-36.5943331652358));
#4205=CARTESIAN_POINT('Ctrl Pts',(-43.7216664626876,9.89146424397188,-36.8914133136193));
#4206=CARTESIAN_POINT('Ctrl Pts',(-43.5862851534345,9.73271009240221,-37.1855522944194));
#4207=CARTESIAN_POINT('Ctrl Pts',(-43.556698498288,9.69801546312524,-37.2498343481097));
#4208=CARTESIAN_POINT('Ctrl Pts',(-43.5271709002142,9.66307009425972,-37.3139758840554));
#4209=CARTESIAN_POINT('Ctrl Pts',(-43.4977066700192,9.62787317305439,-37.3779681160554));
#4210=CARTESIAN_POINT('Ctrl Pts',(-43.3769460976383,9.48361688932778,-37.6402433736506));
#4211=CARTESIAN_POINT('Ctrl Pts',(-43.2567581919542,9.33455589944322,-37.9010759417994));
#4212=CARTESIAN_POINT('Ctrl Pts',(-43.1375600737081,9.18055721035867,-38.1596234894863));
#4213=CARTESIAN_POINT('Ctrl Pts',(-43.018910119108,9.02726672442472,-38.4169820388192));
#4214=CARTESIAN_POINT('Ctrl Pts',(-42.9012408692871,8.86908380389919,-38.6720764045745));
#4215=CARTESIAN_POINT('Ctrl Pts',(-42.784963716695,8.70592765258006,-38.9240647072041));
#4216=CARTESIAN_POINT('Ctrl Pts',(-42.7122865657162,8.60394954270898,-39.0815659145078));
#4217=CARTESIAN_POINT('Ctrl Pts',(-42.6401532615417,8.50002955641788,-39.2378534707899));
#4218=CARTESIAN_POINT('Ctrl Pts',(-42.568664258079,8.39415814945797,-39.3927199363689));
#4219=CARTESIAN_POINT('Ctrl Pts',(-42.5625638216225,8.38512372794638,-39.4059352979874));
#4220=CARTESIAN_POINT('Ctrl Pts',(-42.5564673222403,8.37607388906079,-39.4191419696473));
#4221=CARTESIAN_POINT('Ctrl Pts',(-42.5503748355761,8.36700862108692,-39.4323397961262));
#4222=CARTESIAN_POINT('',(-45.9956235530966,11.9967164175224,-34.9509091648207));
#4223=CARTESIAN_POINT('Ctrl Pts',(-45.9956235530966,11.9967164175224,-34.9509091648207));
#4224=CARTESIAN_POINT('Ctrl Pts',(-45.4258012514223,11.5690248447998,-35.0977120559249));
#4225=CARTESIAN_POINT('Ctrl Pts',(-44.8951162275829,11.1067626745651,-35.2474370494033));
#4226=CARTESIAN_POINT('Ctrl Pts',(-44.4101753971997,10.6233523372768,-35.3925365206858));
#4227=CARTESIAN_POINT('',(-47.9306412116963,13.2296705013803,-38.0774471394407));
#4228=CARTESIAN_POINT('Ctrl Pts',(-47.9306412116963,13.2296705013808,-38.0774471394405));
#4229=CARTESIAN_POINT('Ctrl Pts',(-47.7632903127794,13.1402455191072,-37.8019184590661));
#4230=CARTESIAN_POINT('Ctrl Pts',(-47.5958315674936,13.0466912353526,-37.5274473663496));
#4231=CARTESIAN_POINT('Ctrl Pts',(-47.428488534049,12.9488405522463,-37.2544777051549));
#4232=CARTESIAN_POINT('Ctrl Pts',(-47.2826671315522,12.8635742369889,-37.0166140904282));
#4233=CARTESIAN_POINT('Ctrl Pts',(-47.1369335918619,12.7750463866213,-36.779890233871));
#4234=CARTESIAN_POINT('Ctrl Pts',(-46.991435836554,12.6831743514193,-36.5445836525766));
#4235=CARTESIAN_POINT('Ctrl Pts',(-46.8300486080345,12.5812691838221,-36.28357978398));
#4236=CARTESIAN_POINT('Ctrl Pts',(-46.6686716953409,12.4750753928405,-36.0238669014223));
#4237=CARTESIAN_POINT('Ctrl Pts',(-46.5075561071344,12.364413641386,-35.7659188281746));
#4238=CARTESIAN_POINT('Ctrl Pts',(-46.3464405189279,12.2537518899316,-35.5079707549269));
#4239=CARTESIAN_POINT('Ctrl Pts',(-46.1855862552084,12.1386224734451,-35.2517876355364));
#4240=CARTESIAN_POINT('Ctrl Pts',(-46.0252443246371,12.0188918203447,-34.9978115303812));
#4241=CARTESIAN_POINT('Ctrl Pts',(-46.0153693142588,12.0115179447916,-34.9821698534643));
#4242=CARTESIAN_POINT('Ctrl Pts',(-46.0054957018562,12.0041261570441,-34.9665356930483));
#4243=CARTESIAN_POINT('Ctrl Pts',(-45.9956235530966,11.9967164175221,-34.9509091648208));
#4244=CARTESIAN_POINT('',(-48.4243819770521,13.4818859072566,-37.9888800499069));
#4245=CARTESIAN_POINT('Ctrl Pts',(-48.4243819770521,13.4818859072565,-37.9888800499069));
#4246=CARTESIAN_POINT('Ctrl Pts',(-48.2580851059285,13.4007767278404,-38.0176649127795));
#4247=CARTESIAN_POINT('Ctrl Pts',(-48.0934082026026,13.3166455081424,-38.0472296679588));
#4248=CARTESIAN_POINT('Ctrl Pts',(-47.9306412116962,13.2296699249162,-38.0774485586977));
#4249=CARTESIAN_POINT('',(-50.3106384163435,14.2482398556125,-34.0950046693074));
#4250=CARTESIAN_POINT('Ctrl Pts',(-50.3106384163435,14.2482731979719,-34.094959049476));
#4251=CARTESIAN_POINT('Ctrl Pts',(-50.0058264827858,14.1479139697662,-34.7253949393631));
#4252=CARTESIAN_POINT('Ctrl Pts',(-49.7011753503506,14.0367765637136,-35.3548312733407));
#4253=CARTESIAN_POINT('Ctrl Pts',(-49.3974289237221,13.9144549678065,-35.9818674125965));
#4254=CARTESIAN_POINT('Ctrl Pts',(-49.1048377501244,13.7966256991627,-36.5858753079632));
#4255=CARTESIAN_POINT('Ctrl Pts',(-48.8125736431451,13.6682126265494,-37.1887130644268));
#4256=CARTESIAN_POINT('Ctrl Pts',(-48.5214239975952,13.5287864535661,-37.7888613254792));
#4257=CARTESIAN_POINT('Ctrl Pts',(-48.4989534378136,13.5180257186553,-37.8351800058689));
#4258=CARTESIAN_POINT('Ctrl Pts',(-48.4764895163842,13.5071994054331,-37.881482652829));
#4259=CARTESIAN_POINT('Ctrl Pts',(-48.4540325952879,13.4963073273529,-37.9277685612323));
#4260=CARTESIAN_POINT('Ctrl Pts',(-48.4441480282323,13.4915131048637,-37.9481416196483));
#4261=CARTESIAN_POINT('Ctrl Pts',(-48.4342644774257,13.4867059708602,-37.9685121381002));
#4262=CARTESIAN_POINT('Ctrl Pts',(-48.4243819770521,13.4818859072566,-37.9888800499069));
#4263=CARTESIAN_POINT('',(-51.9212238064647,14.6805063458545,-33.910940294573));
#4264=CARTESIAN_POINT('Ctrl Pts',(-51.9212238064647,14.6806381724406,-33.9111503653279));
#4265=CARTESIAN_POINT('Ctrl Pts',(-51.3790052908124,14.5669258502598,-33.9603781101758));
#4266=CARTESIAN_POINT('Ctrl Pts',(-50.8401453474652,14.4224255058683,-34.0222952367865));
#4267=CARTESIAN_POINT('Ctrl Pts',(-50.3106384163435,14.2481538431379,-34.095122353678));
#4268=CARTESIAN_POINT('',(-53.8869179266173,14.9586446009629,-37.4320077843092));
#4269=CARTESIAN_POINT('Ctrl Pts',(-53.8869179266173,14.9586446009629,-37.4320077843092));
#4270=CARTESIAN_POINT('Ctrl Pts',(-53.669334691192,14.9424540967241,-37.0384238143619));
#4271=CARTESIAN_POINT('Ctrl Pts',(-53.4512145768612,14.9214459186813,-36.6450174356447));
#4272=CARTESIAN_POINT('Ctrl Pts',(-53.2327361696938,14.8955073611472,-36.252246620112));
#4273=CARTESIAN_POINT('Ctrl Pts',(-53.1354144404316,14.8839529686262,-36.0772859204852));
#4274=CARTESIAN_POINT('Ctrl Pts',(-53.0380216158979,14.8714209301848,-35.9024511953318));
#4275=CARTESIAN_POINT('Ctrl Pts',(-52.9405734813426,14.8579045298456,-35.7277821936492));
#4276=CARTESIAN_POINT('Ctrl Pts',(-52.7356922803893,14.8294867838652,-35.3605468946116));
#4277=CARTESIAN_POINT('Ctrl Pts',(-52.5303179209142,14.7966826419485,-34.993598177083));
#4278=CARTESIAN_POINT('Ctrl Pts',(-52.3246199699324,14.7593661541673,-34.6273725593959));
#4279=CARTESIAN_POINT('Ctrl Pts',(-52.2025036153485,14.7372125379938,-34.4099560164807));
#4280=CARTESIAN_POINT('Ctrl Pts',(-52.0802732135072,14.7134695549545,-34.1927941093665));
#4281=CARTESIAN_POINT('Ctrl Pts',(-51.9579642435395,14.6881192697005,-33.9759760299139));
#4282=CARTESIAN_POINT('Ctrl Pts',(-51.9457187106694,14.6855812076807,-33.9542682768402));
#4283=CARTESIAN_POINT('Ctrl Pts',(-51.9334718852782,14.6830268970856,-33.9325630879888));
#4284=CARTESIAN_POINT('Ctrl Pts',(-51.9212238064647,14.6804563113687,-33.9108605626881));
#4285=CARTESIAN_POINT('',(-54.3862565802457,14.9874387076213,-37.4204881855889));
#4286=CARTESIAN_POINT('Ctrl Pts',(-54.3862565802457,14.9874387076214,-37.4204881855888));
#4287=CARTESIAN_POINT('Ctrl Pts',(-54.2203768061754,14.9806458444917,-37.423208824061));
#4288=CARTESIAN_POINT('Ctrl Pts',(-54.0538601915866,14.971066879009,-37.4270435717696));
#4289=CARTESIAN_POINT('Ctrl Pts',(-53.8869179266173,14.9586446009628,-37.4320077843092));
#4290=CARTESIAN_POINT('',(-56.2910545914622,14.9441319948128,-33.7954460020615));
#4291=CARTESIAN_POINT('Ctrl Pts',(-56.2910545914622,14.9440607272369,-33.7953327648501));
#4292=CARTESIAN_POINT('Ctrl Pts',(-56.0593999559219,14.9641329724819,-34.2330588093569));
#4293=CARTESIAN_POINT('Ctrl Pts',(-55.8280379993462,14.9787496162957,-34.6715111722669));
#4294=CARTESIAN_POINT('Ctrl Pts',(-55.5971674951122,14.9879890696175,-35.1101571692219));
#4295=CARTESIAN_POINT('Ctrl Pts',(-55.5219567910757,14.9909990071214,-35.2530549134063));
#4296=CARTESIAN_POINT('Ctrl Pts',(-55.4467982429836,14.993438691486,-35.3959731440426));
#4297=CARTESIAN_POINT('Ctrl Pts',(-55.3716987229732,14.995312016435,-35.5388932779876));
#4298=CARTESIAN_POINT('Ctrl Pts',(-55.1253027640991,15.0014582567442,-36.0078036444044));
#4299=CARTESIAN_POINT('Ctrl Pts',(-54.8792443288301,15.0015102785875,-36.4773025794757));
#4300=CARTESIAN_POINT('Ctrl Pts',(-54.6337482854523,14.9955234728055,-36.946806765274));
#4301=CARTESIAN_POINT('Ctrl Pts',(-54.5622208114121,14.9937791632466,-37.0836010206899));
#4302=CARTESIAN_POINT('Ctrl Pts',(-54.490741078847,14.9915225517622,-37.2203956756872));
#4303=CARTESIAN_POINT('Ctrl Pts',(-54.4193146495315,14.9887558341152,-37.3571761994215));
#4304=CARTESIAN_POINT('Ctrl Pts',(-54.4082942659987,14.9883289572589,-37.3782800659569));
#4305=CARTESIAN_POINT('Ctrl Pts',(-54.3972748574504,14.9878899118104,-37.3993841654309));
#4306=CARTESIAN_POINT('Ctrl Pts',(-54.3862565802457,14.987438707621,-37.420488185589));
#4307=CARTESIAN_POINT('',(-57.9203128878306,14.7128934467904,-33.8970123924414));
#4308=CARTESIAN_POINT('Ctrl Pts',(-57.9203128878306,14.7129797334588,-33.8971309053263));
#4309=CARTESIAN_POINT('Ctrl Pts',(-57.9171077800188,14.7136159008307,-33.8968547781911));
#4310=CARTESIAN_POINT('Ctrl Pts',(-57.9139025757038,14.7142509987913,-33.896579093946));
#4311=CARTESIAN_POINT('Ctrl Pts',(-57.3714849130631,14.821544640186,-33.8500013434906));
#4312=CARTESIAN_POINT('Ctrl Pts',(-56.82949893451,14.8978192955082,-33.8163395918876));
#4313=CARTESIAN_POINT('Ctrl Pts',(-56.2910545914622,14.9443359853111,-33.7957701230218));
#4314=CARTESIAN_POINT('',(-59.9068348509988,14.1747300413455,-37.7358355322561));
#4315=CARTESIAN_POINT('Ctrl Pts',(-59.9068348509988,14.1747300413455,-37.7358355322561));
#4316=CARTESIAN_POINT('Ctrl Pts',(-59.6118364464397,14.2768489845817,-37.1646595539443));
#4317=CARTESIAN_POINT('Ctrl Pts',(-59.31569986806,14.369038734511,-36.5916948165084));
#4318=CARTESIAN_POINT('Ctrl Pts',(-59.0189800324399,14.4515377666408,-36.018126205424));
#4319=CARTESIAN_POINT('Ctrl Pts',(-58.9961804390811,14.4578768925073,-35.9740538869395));
#4320=CARTESIAN_POINT('Ctrl Pts',(-58.973377402055,14.4641588270259,-35.9299779959917));
#4321=CARTESIAN_POINT('Ctrl Pts',(-58.9505711731116,14.470383690747,-35.8858990665338));
#4322=CARTESIAN_POINT('Ctrl Pts',(-58.6204310894957,14.5604940300967,-35.2478180627426));
#4323=CARTESIAN_POINT('Ctrl Pts',(-58.2890649120996,14.6387914739757,-34.6080245202896));
#4324=CARTESIAN_POINT('Ctrl Pts',(-57.9571401959403,14.7055068156943,-33.96797805378));
#4325=CARTESIAN_POINT('Ctrl Pts',(-57.9448655624669,14.7079739605821,-33.9443090246302));
#4326=CARTESIAN_POINT('Ctrl Pts',(-57.9325897825644,14.7104253432122,-33.9206389132799));
#4327=CARTESIAN_POINT('Ctrl Pts',(-57.9203128878306,14.7128609726708,-33.8969677899359));
#4328=CARTESIAN_POINT('',(-60.4115834433517,13.9898093137699,-37.8047813170088));
#4329=CARTESIAN_POINT('Ctrl Pts',(-60.4115834433517,13.9898093137699,-37.8047813170088));
#4330=CARTESIAN_POINT('Ctrl Pts',(-60.2444834065964,14.0544474923188,-37.78086170259));
#4331=CARTESIAN_POINT('Ctrl Pts',(-60.0761695593513,14.1161118210335,-37.7578543225308));
#4332=CARTESIAN_POINT('Ctrl Pts',(-59.9068348509988,14.1747300413455,-37.735835532256));
#4333=CARTESIAN_POINT('',(-62.3431396801248,13.079690349476,-34.5602221724893));
#4334=CARTESIAN_POINT('Ctrl Pts',(-62.3431396801248,13.0796992407311,-34.5602241095974));
#4335=CARTESIAN_POINT('Ctrl Pts',(-62.1793156273224,13.1716720593807,-34.8292492388667));
#4336=CARTESIAN_POINT('Ctrl Pts',(-62.0154681147328,13.2596205393196,-35.1000372393418));
#4337=CARTESIAN_POINT('Ctrl Pts',(-61.8517999462018,13.3436605814973,-35.3721292200878));
#4338=CARTESIAN_POINT('Ctrl Pts',(-61.7034177459513,13.4198516116737,-35.6188088715798));
#4339=CARTESIAN_POINT('Ctrl Pts',(-61.5551829540769,13.4928306065119,-35.8665599340013));
#4340=CARTESIAN_POINT('Ctrl Pts',(-61.407246693012,13.5627171977437,-36.1150241038278));
#4341=CARTESIAN_POINT('Ctrl Pts',(-61.233866038283,13.6446239787948,-36.4062230305218));
#4342=CARTESIAN_POINT('Ctrl Pts',(-61.0605415097064,13.7224476499293,-36.6989970564988));
#4343=CARTESIAN_POINT('Ctrl Pts',(-60.8874664331419,13.7963044335327,-36.9928936022253));
#4344=CARTESIAN_POINT('Ctrl Pts',(-60.7388798696603,13.8597111694029,-37.245206521078));
#4345=CARTESIAN_POINT('Ctrl Pts',(-60.5904771618468,13.9201948367819,-37.498346375592));
#4346=CARTESIAN_POINT('Ctrl Pts',(-60.4423806374461,13.9778572447307,-37.7520148563411));
#4347=CARTESIAN_POINT('Ctrl Pts',(-60.4321140239066,13.9818546218506,-37.7696001188551));
#4348=CARTESIAN_POINT('Ctrl Pts',(-60.4218482803184,13.9858386362194,-37.7871889685435));
#4349=CARTESIAN_POINT('Ctrl Pts',(-60.4115834433517,13.9898093137699,-37.8047813170088));
#4350=CARTESIAN_POINT('',(-63.9954404375481,12.0039852577926,-34.9489193596284));
#4351=CARTESIAN_POINT('Ctrl Pts',(-63.9954404375481,12.0034183187342,-34.9486080540481));
#4352=CARTESIAN_POINT('Ctrl Pts',(-63.4750002159069,12.3934396352263,-34.8146516742164));
#4353=CARTESIAN_POINT('Ctrl Pts',(-62.9217442614143,12.7548528230174,-34.6831604521903));
#4354=CARTESIAN_POINT('Ctrl Pts',(-62.3431396801248,13.079690349476,-34.5602221724893));
#4355=CARTESIAN_POINT('',(-66.0058779882291,10.1916951341871,-39.0005846796466));
#4356=CARTESIAN_POINT('Ctrl Pts',(-66.0058779882291,10.191695134187,-39.0005846796467));
#4357=CARTESIAN_POINT('Ctrl Pts',(-65.8584906799253,10.3508567565518,-38.7048391828308));
#4358=CARTESIAN_POINT('Ctrl Pts',(-65.7097303861857,10.5046071466474,-38.4060335862865));
#4359=CARTESIAN_POINT('Ctrl Pts',(-65.5600107355737,10.6530492277132,-38.1050094219143));
#4360=CARTESIAN_POINT('Ctrl Pts',(-65.4100452010202,10.8017350945735,-37.803490886845));
#4361=CARTESIAN_POINT('Ctrl Pts',(-65.2591171559115,10.9450952432645,-37.4997466231828));
#4362=CARTESIAN_POINT('Ctrl Pts',(-65.107642270061,11.083283834537,-37.1946097030828));
#4363=CARTESIAN_POINT('Ctrl Pts',(-65.0817553347597,11.1069001528564,-37.1424620505905));
#4364=CARTESIAN_POINT('Ctrl Pts',(-65.0558524281362,11.1303655467212,-37.0902736909405));
#4365=CARTESIAN_POINT('Ctrl Pts',(-65.0299356249535,11.1536809321244,-37.0380487412045));
#4366=CARTESIAN_POINT('Ctrl Pts',(-64.8611576499563,11.3055176963614,-36.6979442461167));
#4367=CARTESIAN_POINT('Ctrl Pts',(-64.6911835551047,11.4515267880201,-36.3550683207691));
#4368=CARTESIAN_POINT('Ctrl Pts',(-64.5204356269349,11.5918513456674,-36.0102709145969));
#4369=CARTESIAN_POINT('Ctrl Pts',(-64.3559086612423,11.7270633738856,-35.6780357207396));
#4370=CARTESIAN_POINT('Ctrl Pts',(-64.1906632221133,11.8569978211081,-35.3440165505716));
#4371=CARTESIAN_POINT('Ctrl Pts',(-64.0250771010387,11.9818265978727,-35.0089606317377));
#4372=CARTESIAN_POINT('Ctrl Pts',(-64.0152003111326,11.9892723161149,-34.9889754005138));
#4373=CARTESIAN_POINT('Ctrl Pts',(-64.0053214000491,11.9967005142611,-34.9689846526091));
#4374=CARTESIAN_POINT('Ctrl Pts',(-63.9954404375481,12.0041112215433,-34.948988526178));
#4375=CARTESIAN_POINT('',(-66.5202537643243,9.6064132760254,-39.1486745712167));
#4376=CARTESIAN_POINT('Ctrl Pts',(-66.5202537643243,9.60644331714774,-39.1488505815551));
#4377=CARTESIAN_POINT('Ctrl Pts',(-66.3526835832017,9.80739708808397,-39.0995400403466));
#4378=CARTESIAN_POINT('Ctrl Pts',(-66.1809810533253,10.0026036293452,-39.0499983739705));
#4379=CARTESIAN_POINT('Ctrl Pts',(-66.0058779882291,10.1916951341871,-39.0005846796466));
#4380=CARTESIAN_POINT('Ctrl Pts',(-68.5198562157053,6.49719077037578,-36.3768301030112));
#4381=CARTESIAN_POINT('Ctrl Pts',(-68.4282302207367,6.68785321532722,-36.4964105918748));
#4382=CARTESIAN_POINT('Ctrl Pts',(-68.3338347289784,6.87394134748645,-36.6208676186785));
#4383=CARTESIAN_POINT('Ctrl Pts',(-68.2370124077633,7.05557995019042,-36.749813014129));
#4384=CARTESIAN_POINT('Ctrl Pts',(-68.137078100217,7.24305663694093,-36.88290287031));
#4385=CARTESIAN_POINT('Ctrl Pts',(-68.0345584537012,7.42579282692121,-37.0207742025567));
#4386=CARTESIAN_POINT('Ctrl Pts',(-67.9298302501372,7.6038753585533,-37.1629746019667));
#4387=CARTESIAN_POINT('Ctrl Pts',(-67.8198392096572,7.79090695347191,-37.3123209036841));
#4388=CARTESIAN_POINT('Ctrl Pts',(-67.7074120645623,7.97280510598047,-37.4664423572372));
#4389=CARTESIAN_POINT('Ctrl Pts',(-67.5929853015632,8.14962072321589,-37.6247869266528));
#4390=CARTESIAN_POINT('Ctrl Pts',(-67.573550171628,8.17965246059512,-37.6516813978453));
#4391=CARTESIAN_POINT('Ctrl Pts',(-67.5540573561891,8.20953747198487,-37.6786976349877));
#4392=CARTESIAN_POINT('Ctrl Pts',(-67.5345089939498,8.23927588475565,-37.7058328560465));
#4393=CARTESIAN_POINT('Ctrl Pts',(-67.4093024389245,8.42974934587633,-37.8796329681497));
#4394=CARTESIAN_POINT('Ctrl Pts',(-67.2817480463594,8.61434381484817,-38.0584065212693));
#4395=CARTESIAN_POINT('Ctrl Pts',(-67.1522997057947,8.79323839005894,-38.2415434508496));
#4396=CARTESIAN_POINT('Ctrl Pts',(-67.0157985250915,8.98187982517596,-38.4346583800097));
#4397=CARTESIAN_POINT('Ctrl Pts',(-66.8771913951839,9.16418252209576,-38.6326252928838));
#4398=CARTESIAN_POINT('Ctrl Pts',(-66.737010510025,9.34032669247255,-38.8346788574427));
#4399=CARTESIAN_POINT('Ctrl Pts',(-66.6720850083222,9.42190877565583,-38.9282610104942));
#4400=CARTESIAN_POINT('Ctrl Pts',(-66.6068219161131,9.50216945174362,-39.0227191047156));
#4401=CARTESIAN_POINT('Ctrl Pts',(-66.5412741082887,9.58112541068986,-39.1179735858068));
#4402=CARTESIAN_POINT('Ctrl Pts',(-66.5342708928301,9.58956117094787,-39.1281507019701));
#4403=CARTESIAN_POINT('Ctrl Pts',(-66.5272640924733,9.59798243069863,-39.1383373964041));
#4404=CARTESIAN_POINT('Ctrl Pts',(-66.5202537643243,9.60638921240542,-39.1485335829455));
#4405=CARTESIAN_POINT('Origin',(-55.,0.,0.));
#4406=CARTESIAN_POINT('',(-57.3908251889551,-14.8082394266118,37.4917630973343));
#4407=CARTESIAN_POINT('',(-56.888908296446,-14.8805922411582,37.4631049115644));
#4408=CARTESIAN_POINT('Ctrl Pts',(-57.3908251889551,-14.8082394266117,37.4917630973344));
#4409=CARTESIAN_POINT('Ctrl Pts',(-57.2235132039196,-14.8352523412947,37.4810937215785));
#4410=CARTESIAN_POINT('Ctrl Pts',(-57.056140357994,-14.8593641862952,37.471536834899));
#4411=CARTESIAN_POINT('Ctrl Pts',(-56.888908296446,-14.8805922411582,37.4631049115644));
#4412=CARTESIAN_POINT('',(-59.3072715151382,-14.3681903425239,34.0445330837363));
#4413=CARTESIAN_POINT('Ctrl Pts',(-59.3072715151382,-14.3681554307196,34.0444768512311));
#4414=CARTESIAN_POINT('Ctrl Pts',(-59.1200554105828,-14.4242985355478,34.3765474167385));
#4415=CARTESIAN_POINT('Ctrl Pts',(-58.9330499681766,-14.476396231646,34.7097646383211));
#4416=CARTESIAN_POINT('Ctrl Pts',(-58.7464205849457,-14.5245493446625,35.0436920164034));
#4417=CARTESIAN_POINT('Ctrl Pts',(-58.6245524676695,-14.5559931029964,35.2617450376874));
#4418=CARTESIAN_POINT('Ctrl Pts',(-58.5028447031208,-14.5857558773479,35.4801005360937));
#4419=CARTESIAN_POINT('Ctrl Pts',(-58.381343344301,-14.6138772635881,35.6986335828238));
#4420=CARTESIAN_POINT('Ctrl Pts',(-58.1820967065096,-14.659992728574,36.0569997379863));
#4421=CARTESIAN_POINT('Ctrl Pts',(-57.9830976112038,-14.7017612080627,36.4163980361079));
#4422=CARTESIAN_POINT('Ctrl Pts',(-57.7845130752016,-14.7392818077101,36.7763846778352));
#4423=CARTESIAN_POINT('Ctrl Pts',(-57.6640023288652,-14.7620511308282,36.9948420649965));
#4424=CARTESIAN_POINT('Ctrl Pts',(-57.5436442503001,-14.78325707177,37.2135158375683));
#4425=CARTESIAN_POINT('Ctrl Pts',(-57.4234761646298,-14.802930854277,37.4323044833551));
#4426=CARTESIAN_POINT('Ctrl Pts',(-57.4125913742662,-14.8047128997932,37.4521222954641));
#4427=CARTESIAN_POINT('Ctrl Pts',(-57.4017077071009,-14.8064824183847,37.4719418563667));
#4428=CARTESIAN_POINT('Ctrl Pts',(-57.3908251889551,-14.8082394266118,37.4917630973343));
#4429=CARTESIAN_POINT('',(-60.94669866827,-13.7707490524126,34.2905052520909));
#4430=CARTESIAN_POINT('Ctrl Pts',(-60.94669866827,-13.7708668916955,34.2906763027678));
#4431=CARTESIAN_POINT('Ctrl Pts',(-60.8882154585809,-13.7961218032352,34.2805341281982));
#4432=CARTESIAN_POINT('Ctrl Pts',(-60.8295604182678,-13.8210089187937,34.2705072501723));
#4433=CARTESIAN_POINT('Ctrl Pts',(-60.2927746405028,-14.0447378939995,34.1800931356097));
#4434=CARTESIAN_POINT('Ctrl Pts',(-59.8034617164989,-14.2195318371912,34.1074513407295));
#4435=CARTESIAN_POINT('Ctrl Pts',(-59.3072715151381,-14.3682779794546,34.0446742406962));
#4436=CARTESIAN_POINT('',(-62.9432900678977,-12.7241558815207,38.2493413298224));
#4437=CARTESIAN_POINT('Ctrl Pts',(-62.9432900678977,-12.7241558815205,38.2493413298225));
#4438=CARTESIAN_POINT('Ctrl Pts',(-62.7211124859343,-12.8628543536669,37.8093408132876));
#4439=CARTESIAN_POINT('Ctrl Pts',(-62.4978104758212,-12.9941630693795,37.3669136888534));
#4440=CARTESIAN_POINT('Ctrl Pts',(-62.2738707120724,-13.118315956427,36.923043438016));
#4441=CARTESIAN_POINT('Ctrl Pts',(-62.1758336587282,-13.1726679973801,36.7287245250604));
#4442=CARTESIAN_POINT('Ctrl Pts',(-62.0776743772983,-13.2256492217302,36.5341288001091));
#4443=CARTESIAN_POINT('Ctrl Pts',(-61.9794337011977,-13.2772822025916,36.3393376554338));
#4444=CARTESIAN_POINT('Ctrl Pts',(-61.7231795660058,-13.4119633284065,35.8312381766526));
#4445=CARTESIAN_POINT('Ctrl Pts',(-61.4657882195108,-13.5377709496749,35.3206548985066));
#4446=CARTESIAN_POINT('Ctrl Pts',(-61.2078417716062,-13.6550054042973,34.8087569401297));
#4447=CARTESIAN_POINT('Ctrl Pts',(-61.1322683805293,-13.6893528642403,34.6587805984738));
#4448=CARTESIAN_POINT('Ctrl Pts',(-61.0566473407535,-13.7229647304091,34.5086912674626));
#4449=CARTESIAN_POINT('Ctrl Pts',(-60.9809932916713,-13.7558493334858,34.3585179926466));
#4450=CARTESIAN_POINT('Ctrl Pts',(-60.9695630252512,-13.7608177360874,34.3358289157082));
#4451=CARTESIAN_POINT('Ctrl Pts',(-60.9581314688647,-13.7657697582291,34.3131368619741));
#4452=CARTESIAN_POINT('Ctrl Pts',(-60.94669866827,-13.770705423928,34.2904419227695));
#4453=CARTESIAN_POINT('',(-63.4516359136712,-12.3923144657882,38.3581071187786));
#4454=CARTESIAN_POINT('Ctrl Pts',(-63.4516359136712,-12.392330304779,38.3581334879548));
#4455=CARTESIAN_POINT('Ctrl Pts',(-63.2850069154766,-12.5059721776766,38.3214193025306));
#4456=CARTESIAN_POINT('Ctrl Pts',(-63.1154156757106,-12.6167032816231,38.2850868768943));
#4457=CARTESIAN_POINT('Ctrl Pts',(-62.9432900678977,-12.7241558815207,38.2493413298224));
#4458=CARTESIAN_POINT('',(-65.4052932407205,-10.8041599661713,35.3377614412031));
#4459=CARTESIAN_POINT('Ctrl Pts',(-65.4052932407205,-10.8041599661711,35.3377614412032));
#4460=CARTESIAN_POINT('Ctrl Pts',(-65.2480144721808,-10.9556323353621,35.5727488602526));
#4461=CARTESIAN_POINT('Ctrl Pts',(-65.0898134588577,-11.101388251887,35.8112921665121));
#4462=CARTESIAN_POINT('Ctrl Pts',(-64.9310767019242,-11.241618575281,36.0527156291714));
#4463=CARTESIAN_POINT('Ctrl Pts',(-64.781634787129,-11.3736377020742,36.2800025237335));
#4464=CARTESIAN_POINT('Ctrl Pts',(-64.6317180328319,-11.5007591481682,36.509841573186));
#4465=CARTESIAN_POINT('Ctrl Pts',(-64.4816489433834,-11.6231751363317,36.7416290049059));
#4466=CARTESIAN_POINT('Ctrl Pts',(-64.472315092849,-11.630789046303,36.7560454930139));
#4467=CARTESIAN_POINT('Ctrl Pts',(-64.4629806530108,-11.638384765159,36.7704695064038));
#4468=CARTESIAN_POINT('Ctrl Pts',(-64.4536457014655,-11.6459623439591,36.7849008950746));
#4469=CARTESIAN_POINT('Ctrl Pts',(-64.2918507645701,-11.7772982033724,37.0350281301193));
#4470=CARTESIAN_POINT('Ctrl Pts',(-64.1295090228757,-11.9034987762668,37.2879824512906));
#4471=CARTESIAN_POINT('Ctrl Pts',(-63.9669365754004,-12.0247287733907,37.5431677446239));
#4472=CARTESIAN_POINT('Ctrl Pts',(-63.8043641279252,-12.1459587705146,37.7983530379571));
#4473=CARTESIAN_POINT('Ctrl Pts',(-63.6415609746693,-12.2622177216682,38.0557691384217));
#4474=CARTESIAN_POINT('Ctrl Pts',(-63.478843214651,-12.373715341555,38.3147825012114));
#4475=CARTESIAN_POINT('Ctrl Pts',(-63.4697744772988,-12.3799294304782,38.3292180745476));
#4476=CARTESIAN_POINT('Ctrl Pts',(-63.4607053608169,-12.3861291287824,38.3436596461115));
#4477=CARTESIAN_POINT('Ctrl Pts',(-63.4516359136712,-12.3923144657883,38.3581071187786));
#4478=CARTESIAN_POINT('',(-67.0792646863786,-8.89325736105565,35.8659689901712));
#4479=CARTESIAN_POINT('Ctrl Pts',(-67.0792646863786,-8.89333259450067,35.8663615608496));
#4480=CARTESIAN_POINT('Ctrl Pts',(-66.6235742537866,-9.51226877976522,35.7128917046728));
#4481=CARTESIAN_POINT('Ctrl Pts',(-66.1270774500227,-10.0861259855738,35.5535165105229));
#4482=CARTESIAN_POINT('Ctrl Pts',(-65.5403449923006,-10.6728584432958,35.3777067234003));
#4483=CARTESIAN_POINT('Ctrl Pts',(-65.4732378595674,-10.7387237188882,35.3577679060837));
#4484=CARTESIAN_POINT('Ctrl Pts',(-65.4052932407204,-10.8041599661712,35.3377614412031));
#4485=CARTESIAN_POINT('',(-69.1304218973597,-5.03300874255327,39.9948131394545));
#4486=CARTESIAN_POINT('Ctrl Pts',(-69.1304218973597,-5.03300874255327,39.9948131394545));
#4487=CARTESIAN_POINT('Ctrl Pts',(-69.063476993925,-5.22095988227845,39.8626887187555));
#4488=CARTESIAN_POINT('Ctrl Pts',(-68.9938402294924,-5.40468997936595,39.7247627756054));
#4489=CARTESIAN_POINT('Ctrl Pts',(-68.9219052563641,-5.58410574706194,39.5818599604718));
#4490=CARTESIAN_POINT('Ctrl Pts',(-68.8491194659019,-5.76564357081077,39.4372669495002));
#4491=CARTESIAN_POINT('Ctrl Pts',(-68.7739807807052,-5.94276444177981,39.2875787784073));
#4492=CARTESIAN_POINT('Ctrl Pts',(-68.6968969868073,-6.11542492727593,39.1336444961456));
#4493=CARTESIAN_POINT('Ctrl Pts',(-68.6192524477035,-6.28934142956374,38.9785904206504));
#4494=CARTESIAN_POINT('Ctrl Pts',(-68.5396343976236,-6.45873250600433,38.8192283594385));
#4495=CARTESIAN_POINT('Ctrl Pts',(-68.4584595868007,-6.62360641842597,38.6564187761865));
#4496=CARTESIAN_POINT('Ctrl Pts',(-68.3763637914063,-6.7903509398215,38.4917620052078));
#4497=CARTESIAN_POINT('Ctrl Pts',(-68.2926757098131,-6.95247528442503,38.3235791658016));
#4498=CARTESIAN_POINT('Ctrl Pts',(-68.207826438763,-7.11004049955397,38.1527510236126));
#4499=CARTESIAN_POINT('Ctrl Pts',(-68.1789211977542,-7.16371757257473,38.0945557255274));
#4500=CARTESIAN_POINT('Ctrl Pts',(-68.1498811970433,-7.21686598401592,38.0360533442488));
#4501=CARTESIAN_POINT('Ctrl Pts',(-68.1207234801848,-7.2694894918,37.9772784192998));
#4502=CARTESIAN_POINT('Ctrl Pts',(-68.0241725728031,-7.44374344490727,37.7826550760979));
#4503=CARTESIAN_POINT('Ctrl Pts',(-67.9256712592351,-7.61337602838721,37.5837217810646));
#4504=CARTESIAN_POINT('Ctrl Pts',(-67.8256144393292,-7.77837655682821,37.3813001041381));
#4505=CARTESIAN_POINT('Ctrl Pts',(-67.7251239835063,-7.94409218050746,37.1780011525831));
#4506=CARTESIAN_POINT('Ctrl Pts',(-67.6230645093215,-8.10513557548568,36.971183652641));
#4507=CARTESIAN_POINT('Ctrl Pts',(-67.5198360732725,-8.26154806081975,36.7616720846042));
#4508=CARTESIAN_POINT('Ctrl Pts',(-67.4158996779402,-8.41903325126553,36.5507236483435));
#4509=CARTESIAN_POINT('Ctrl Pts',(-67.3107782318584,-8.57182384915446,36.337044198978));
#4510=CARTESIAN_POINT('Ctrl Pts',(-67.2048800790827,-8.72001392467063,36.1214653414537));
#4511=CARTESIAN_POINT('Ctrl Pts',(-67.1703142521441,-8.76838410271495,36.0510990386854));
#4512=CARTESIAN_POINT('Ctrl Pts',(-67.1356656740281,-8.81626454180512,35.9805302838489));
#4513=CARTESIAN_POINT('Ctrl Pts',(-67.1009485451792,-8.8636596819293,35.9097877330142));
#4514=CARTESIAN_POINT('Ctrl Pts',(-67.0937250818269,-8.87352101174313,35.8950685946421));
#4515=CARTESIAN_POINT('Ctrl Pts',(-67.0864970946273,-8.88336323636541,35.8803388053518));
#4516=CARTESIAN_POINT('Ctrl Pts',(-67.0792646863786,-8.89318637367143,35.865598575583));
#4517=CARTESIAN_POINT('',(-69.6765717074943,-3.09810311558172,40.191019048386));
#4518=CARTESIAN_POINT('Ctrl Pts',(-69.6765717074943,-3.09810311558172,40.191019048386));
#4519=CARTESIAN_POINT('Ctrl Pts',(-69.5387095907931,-3.75119410901446,40.1406758799513));
#4520=CARTESIAN_POINT('Ctrl Pts',(-69.3560058812529,-4.39967050915288,40.0745133959498));
#4521=CARTESIAN_POINT('Ctrl Pts',(-69.1304218973597,-5.03300874255328,39.9948131394545));
#4522=CARTESIAN_POINT('',(-70.,-7.49950864379157E-10,39.8773008075067));
#4523=CARTESIAN_POINT('Ctrl Pts',(-70.,-1.49993401893963E-9,39.8773008075067));
#4524=CARTESIAN_POINT('Ctrl Pts',(-69.999999999997,-0.0294792816387541,
39.8760780984535));
#4525=CARTESIAN_POINT('Ctrl Pts',(-69.9999130969191,-0.058966232061666,
39.874972789778));
#4526=CARTESIAN_POINT('Ctrl Pts',(-69.9994290136288,-0.141049620960781,
39.8722240550137));
#4527=CARTESIAN_POINT('Ctrl Pts',(-69.9988422405902,-0.193647232778729,
39.8708374699014));
#4528=CARTESIAN_POINT('Ctrl Pts',(-69.9975099718035,-0.274789687958684,
39.8692774030025));
#4529=CARTESIAN_POINT('Ctrl Pts',(-69.9969598937457,-0.303329632666695,
39.8688391679007));
#4530=CARTESIAN_POINT('Ctrl Pts',(-69.996215120406,-0.336984026482695,39.8684527827244));
#4531=CARTESIAN_POINT('Ctrl Pts',(-69.9960993174473,-0.34209857298286,39.8683976137348));
#4532=CARTESIAN_POINT('Ctrl Pts',(-69.99591783114,-0.349936886745558,39.8683185071488));
#4533=CARTESIAN_POINT('Ctrl Pts',(-69.9958540228862,-0.352660668917708,
39.8682920251992));
#4534=CARTESIAN_POINT('Ctrl Pts',(-69.9957363098943,-0.357627682184403,
39.8682455704133));
#4535=CARTESIAN_POINT('Ctrl Pts',(-69.9956826439919,-0.359870915304381,
39.868225273476));
#4536=CARTESIAN_POINT('Ctrl Pts',(-69.9955655495661,-0.364719951285305,
39.8681828760846));
#4537=CARTESIAN_POINT('Ctrl Pts',(-69.9955019451368,-0.367325751449867,
39.8681610143949));
#4538=CARTESIAN_POINT('Ctrl Pts',(-69.9953277786707,-0.374385712777631,
39.8681042822398));
#4539=CARTESIAN_POINT('Ctrl Pts',(-69.9952159109834,-0.378839854096722,
39.8680711840597));
#4540=CARTESIAN_POINT('Ctrl Pts',(-69.9946830325335,-0.399686951831156,
39.8679288833545));
#4541=CARTESIAN_POINT('Ctrl Pts',(-69.9942371206956,-0.416079421474531,
39.8678534885383));
#4542=CARTESIAN_POINT('Ctrl Pts',(-69.9874419804616,-0.651666697480203,
39.8672947150347));
#4543=CARTESIAN_POINT('Ctrl Pts',(-69.9763171879499,-0.870547713424904,
39.8733043118315));
#4544=CARTESIAN_POINT('Ctrl Pts',(-69.911443277545,-1.76185286901015,39.9244891476697));
#4545=CARTESIAN_POINT('Ctrl Pts',(-69.8176670707183,-2.42252849483269,40.0246869568087));
#4546=CARTESIAN_POINT('Ctrl Pts',(-69.6810973660929,-3.07660542035827,40.1856754330385));
#4547=CARTESIAN_POINT('Ctrl Pts',(-69.6788400391885,-3.08735740069624,40.1883392910506));
#4548=CARTESIAN_POINT('Ctrl Pts',(-69.6765717074943,-3.09810311558172,40.191019048386));
#4549=CARTESIAN_POINT('',(-70.,-1.83697019872103E-15,50.));
#4550=CARTESIAN_POINT('',(-70.,-1.83697019872103E-15,0.));
#4551=CARTESIAN_POINT('',(-55.,-15.,47.6969600708473));
#4552=CARTESIAN_POINT('Ctrl Pts',(-55.,-15.,47.6969600708473));
#4553=CARTESIAN_POINT('Ctrl Pts',(-55.9481931349731,-15.,47.6969600708473));
#4554=CARTESIAN_POINT('Ctrl Pts',(-56.9267461066356,-14.9086449278522,47.7260134484896));
#4555=CARTESIAN_POINT('Ctrl Pts',(-58.8693846770521,-14.5261111937532,47.8438308124571));
#4556=CARTESIAN_POINT('Ctrl Pts',(-59.8334974925011,-14.2350368430691,47.9324846659459));
#4557=CARTESIAN_POINT('Ctrl Pts',(-62.6023776885807,-13.0843336307883,48.2642478051604));
#4558=CARTESIAN_POINT('Ctrl Pts',(-64.2811768725233,-11.9320265630731,48.5743375864508));
#4559=CARTESIAN_POINT('Ctrl Pts',(-66.931631712011,-9.2815717235854,49.1496781307491));
#4560=CARTESIAN_POINT('Ctrl Pts',(-68.0842445351649,-7.60261209503112,49.453559749504));
#4561=CARTESIAN_POINT('Ctrl Pts',(-69.2351170582063,-4.83329446431482,49.7745199394197));
#4562=CARTESIAN_POINT('Ctrl Pts',(-69.526203628657,-3.86904180029746,49.8595747716897));
#4563=CARTESIAN_POINT('Ctrl Pts',(-69.9086956525388,-1.92636192212412,49.9723504611442));
#4564=CARTESIAN_POINT('Ctrl Pts',(-70.,-0.947910663230004,50.));
#4565=CARTESIAN_POINT('Ctrl Pts',(-70.,1.66533453693773E-15,50.));
#4566=CARTESIAN_POINT('',(-40.,-3.20039487594653E-15,50.));
#4567=CARTESIAN_POINT('Ctrl Pts',(-40.,-8.32667268468867E-16,50.));
#4568=CARTESIAN_POINT('Ctrl Pts',(-40.,-0.947910663230007,50.));
#4569=CARTESIAN_POINT('Ctrl Pts',(-40.0913043474612,-1.92636192212412,49.9723504611442));
#4570=CARTESIAN_POINT('Ctrl Pts',(-40.473796371343,-3.86904180029746,49.8595747716897));
#4571=CARTESIAN_POINT('Ctrl Pts',(-40.7648829417938,-4.83329446431482,49.7745199394197));
#4572=CARTESIAN_POINT('Ctrl Pts',(-41.9157554648351,-7.60261209503112,49.453559749504));
#4573=CARTESIAN_POINT('Ctrl Pts',(-43.068368287989,-9.2815717235854,49.1496781307491));
#4574=CARTESIAN_POINT('Ctrl Pts',(-45.7188231274767,-11.9320265630731,48.5743375864508));
#4575=CARTESIAN_POINT('Ctrl Pts',(-47.3976223114193,-13.0843336307883,48.2642478051604));
#4576=CARTESIAN_POINT('Ctrl Pts',(-50.1665025074989,-14.2350368430691,47.9324846659459));
#4577=CARTESIAN_POINT('Ctrl Pts',(-51.1306153229479,-14.5261111937533,47.8438308124571));
#4578=CARTESIAN_POINT('Ctrl Pts',(-53.0732538933644,-14.9086449278522,47.7260134484896));
#4579=CARTESIAN_POINT('Ctrl Pts',(-54.0518068650269,-15.,47.6969600708473));
#4580=CARTESIAN_POINT('Ctrl Pts',(-55.,-15.,47.6969600708473));
#4581=CARTESIAN_POINT('Ctrl Pts',(-70.,1.94289029309402E-15,50.));
#4582=CARTESIAN_POINT('Ctrl Pts',(-70.,0.947910663230008,50.));
#4583=CARTESIAN_POINT('Ctrl Pts',(-69.9086956525388,1.92636192212413,49.9723504611442));
#4584=CARTESIAN_POINT('Ctrl Pts',(-69.526203628657,3.86904180029747,49.8595747716897));
#4585=CARTESIAN_POINT('Ctrl Pts',(-69.2351170582063,4.83329446431482,49.7745199394197));
#4586=CARTESIAN_POINT('Ctrl Pts',(-68.0842445351649,7.60261209503112,49.453559749504));
#4587=CARTESIAN_POINT('Ctrl Pts',(-66.931631712011,9.2815717235854,49.1496781307491));
#4588=CARTESIAN_POINT('Ctrl Pts',(-64.2811768725233,11.9320265630731,48.5743375864508));
#4589=CARTESIAN_POINT('Ctrl Pts',(-62.6023776885807,13.0843336307883,48.2642478051604));
#4590=CARTESIAN_POINT('Ctrl Pts',(-59.8334974925011,14.2350368430691,47.9324846659459));
#4591=CARTESIAN_POINT('Ctrl Pts',(-58.8693846770521,14.5261111937532,47.8438308124571));
#4592=CARTESIAN_POINT('Ctrl Pts',(-56.9267461066356,14.9086449278522,47.7260134484896));
#4593=CARTESIAN_POINT('Ctrl Pts',(-55.9481931349731,15.,47.6969600708473));
#4594=CARTESIAN_POINT('Ctrl Pts',(-54.0518068650269,15.,47.6969600708473));
#4595=CARTESIAN_POINT('Ctrl Pts',(-53.0732538933644,14.9086449278522,47.7260134484896));
#4596=CARTESIAN_POINT('Ctrl Pts',(-51.1306153229479,14.5261111937532,47.8438308124571));
#4597=CARTESIAN_POINT('Ctrl Pts',(-50.1665025074989,14.2350368430691,47.9324846659459));
#4598=CARTESIAN_POINT('Ctrl Pts',(-47.3976223114193,13.0843336307883,48.2642478051604));
#4599=CARTESIAN_POINT('Ctrl Pts',(-45.7188231274767,11.9320265630731,48.5743375864508));
#4600=CARTESIAN_POINT('Ctrl Pts',(-43.068368287989,9.2815717235854,49.1496781307491));
#4601=CARTESIAN_POINT('Ctrl Pts',(-41.9157554648351,7.60261209503112,49.453559749504));
#4602=CARTESIAN_POINT('Ctrl Pts',(-40.7648829417938,4.83329446431482,49.7745199394197));
#4603=CARTESIAN_POINT('Ctrl Pts',(-40.473796371343,3.86904180029746,49.8595747716897));
#4604=CARTESIAN_POINT('Ctrl Pts',(-40.0913043474612,1.92636192212412,49.9723504611442));
#4605=CARTESIAN_POINT('Ctrl Pts',(-40.,0.947910663230007,50.));
#4606=CARTESIAN_POINT('Ctrl Pts',(-40.,8.32667268468867E-16,50.));
#4607=CARTESIAN_POINT('Ctrl Pts',(-69.806903408676,2.39908554373113,40.2387952555287));
#4608=CARTESIAN_POINT('Ctrl Pts',(-69.8998000682902,1.82573714042344,40.0886335704031));
#4609=CARTESIAN_POINT('Ctrl Pts',(-69.9606530923022,1.23899735829552,39.9819715873736));
#4610=CARTESIAN_POINT('Ctrl Pts',(-69.9953895855144,0.428992828582868,39.9013376455345));
#4611=CARTESIAN_POINT('Ctrl Pts',(-70.0000000000215,0.214699828900606,39.8862058901646));
#4612=CARTESIAN_POINT('Ctrl Pts',(-70.,-1.49994419662569E-9,39.8773008075067));
#4613=CARTESIAN_POINT('Ctrl Pts',(-67.5264171202414,8.25159827728685,36.0194167376469));
#4614=CARTESIAN_POINT('Ctrl Pts',(-67.8454480704912,7.76729031381073,36.7261826328369));
#4615=CARTESIAN_POINT('Ctrl Pts',(-68.1567706169483,7.23358192679157,37.4146498731064));
#4616=CARTESIAN_POINT('Ctrl Pts',(-68.7813216004265,5.97058931190567,38.7978844767642));
#4617=CARTESIAN_POINT('Ctrl Pts',(-69.0955892491862,5.20596785796329,39.4952404560231));
#4618=CARTESIAN_POINT('Ctrl Pts',(-69.3533729601162,4.35668275960118,40.0741259467339));
#4619=CARTESIAN_POINT('',(-64.0379771893448,11.9714107020715,38.4915410254746));
#4620=CARTESIAN_POINT('Ctrl Pts',(-64.0379771893448,11.9714037457165,38.4915222225616));
#4621=CARTESIAN_POINT('Ctrl Pts',(-64.1992818251947,11.8496266243036,38.2350894136019));
#4622=CARTESIAN_POINT('Ctrl Pts',(-64.3602938345026,11.722965915678,37.9803875185182));
#4623=CARTESIAN_POINT('Ctrl Pts',(-64.5206916084698,11.5912218972431,37.727965272865));
#4624=CARTESIAN_POINT('Ctrl Pts',(-64.681089382437,11.4594778788083,37.4755430272119));
#4625=CARTESIAN_POINT('Ctrl Pts',(-64.8408729210634,11.3226510014105,37.2254005951018));
#4626=CARTESIAN_POINT('Ctrl Pts',(-64.9997206155502,11.1805823596001,36.9780476951208));
#4627=CARTESIAN_POINT('Ctrl Pts',(-65.149468822797,11.0466520278707,36.7448642457223));
#4628=CARTESIAN_POINT('Ctrl Pts',(-65.2986483655374,10.9078295690941,36.513750214254));
#4629=CARTESIAN_POINT('Ctrl Pts',(-65.4469194148699,10.7639277978906,36.2852414963101));
#4630=CARTESIAN_POINT('Ctrl Pts',(-65.5971538712912,10.6181204776341,36.0537068630668));
#4631=CARTESIAN_POINT('Ctrl Pts',(-65.7464556144373,10.4670989230034,35.8248472629586));
#4632=CARTESIAN_POINT('Ctrl Pts',(-65.8944711357944,10.3106991493389,35.5991767132808));
#4633=CARTESIAN_POINT('Ctrl Pts',(-65.9153012054842,10.2886891725809,35.5674183325812));
#4634=CARTESIAN_POINT('Ctrl Pts',(-65.9361058020159,10.2665727238905,35.5357230366813));
#4635=CARTESIAN_POINT('Ctrl Pts',(-65.9568839401309,10.2443493850271,35.5040921856551));
#4636=CARTESIAN_POINT('',(-63.5467364796058,12.3269337447792,38.3791995684423));
#4637=CARTESIAN_POINT('Ctrl Pts',(-63.5467364796058,12.3269337447792,38.3791995684423));
#4638=CARTESIAN_POINT('Ctrl Pts',(-63.7134395886039,12.2113520784511,38.416322998815));
#4639=CARTESIAN_POINT('Ctrl Pts',(-63.8773156446209,12.0927164517491,38.4538502504423));
#4640=CARTESIAN_POINT('Ctrl Pts',(-64.0379771893448,11.9714229866329,38.4915742304419));
#4641=CARTESIAN_POINT('',(-61.6667541377973,13.436970287545,34.4226723559521));
#4642=CARTESIAN_POINT('Ctrl Pts',(-61.6667541377973,13.436932403048,34.4225890761015));
#4643=CARTESIAN_POINT('Ctrl Pts',(-61.9239296759205,13.3093587329826,34.9658240213557));
#4644=CARTESIAN_POINT('Ctrl Pts',(-62.1809323133238,13.1726724958401,35.5077535238763));
#4645=CARTESIAN_POINT('Ctrl Pts',(-62.4370416095608,13.0264750185138,36.0470275086634));
#4646=CARTESIAN_POINT('Ctrl Pts',(-62.4935833389269,12.9941987274207,36.1660840370675));
#4647=CARTESIAN_POINT('Ctrl Pts',(-62.5500815266475,12.9614590269846,36.2850110269909));
#4648=CARTESIAN_POINT('Ctrl Pts',(-62.6065284204449,12.9282519117821,36.4037937693693));
#4649=CARTESIAN_POINT('Ctrl Pts',(-62.8218154421053,12.8016008164086,36.8568281369117));
#4650=CARTESIAN_POINT('Ctrl Pts',(-63.0368039678753,12.6678877831373,37.3087060221802));
#4651=CARTESIAN_POINT('Ctrl Pts',(-63.2509622685181,12.5268340930537,37.7584005109213));
#4652=CARTESIAN_POINT('Ctrl Pts',(-63.3497477173107,12.4617698296703,37.9658324514836));
#4653=CARTESIAN_POINT('Ctrl Pts',(-63.4483565167696,12.3951443504856,38.1727995383604));
#4654=CARTESIAN_POINT('Ctrl Pts',(-63.5467364796058,12.3269337447792,38.3791995684423));
#4655=CARTESIAN_POINT('',(-60.0630355052764,14.1196952007386,34.1485059972846));
#4656=CARTESIAN_POINT('Ctrl Pts',(-60.0630355052763,14.1196909127754,34.1485224391582));
#4657=CARTESIAN_POINT('Ctrl Pts',(-60.3012958313353,14.034255580105,34.183848140072));
#4658=CARTESIAN_POINT('Ctrl Pts',(-60.5373642657132,13.9427944587205,34.2212908634755));
#4659=CARTESIAN_POINT('Ctrl Pts',(-61.0741638592125,13.7190597252024,34.3117073051068));
#4660=CARTESIAN_POINT('Ctrl Pts',(-61.3731710609651,13.5827132266087,34.3659949301016));
#4661=CARTESIAN_POINT('Ctrl Pts',(-61.6667541377973,13.4370528489756,34.4228538471731));
#4662=CARTESIAN_POINT('',(-58.1058551575823,14.6749331766832,37.5441419041957));
#4663=CARTESIAN_POINT('Ctrl Pts',(-58.1058551575823,14.6749331766832,37.5441419041957));
#4664=CARTESIAN_POINT('Ctrl Pts',(-58.3016457643681,14.6334953548839,37.2000527346738));
#4665=CARTESIAN_POINT('Ctrl Pts',(-58.4978749689451,14.587878426868,36.8563965238209));
#4666=CARTESIAN_POINT('Ctrl Pts',(-58.6943711422729,14.5379436661974,36.5135926368517));
#4667=CARTESIAN_POINT('Ctrl Pts',(-58.8244722626519,14.5048816060103,36.2866204316956));
#4668=CARTESIAN_POINT('Ctrl Pts',(-58.9546904176398,14.4699277256695,36.0600215914222));
#4669=CARTESIAN_POINT('Ctrl Pts',(-59.0849757909224,14.4330537577742,35.8339141102982));
#4670=CARTESIAN_POINT('Ctrl Pts',(-59.2693804972693,14.3808626863572,35.5138836831753));
#4671=CARTESIAN_POINT('Ctrl Pts',(-59.454178381856,14.3247519840959,35.1943888224182));
#4672=CARTESIAN_POINT('Ctrl Pts',(-59.6391982264924,14.2645785863314,34.8758412751308));
#4673=CARTESIAN_POINT('Ctrl Pts',(-59.7803734460179,14.2186646323137,34.6327807536718));
#4674=CARTESIAN_POINT('Ctrl Pts',(-59.9216778931,14.1703863724476,34.3902714741347));
#4675=CARTESIAN_POINT('Ctrl Pts',(-60.0630355052764,14.1196994887013,34.1484895554113));
#4676=CARTESIAN_POINT('',(-57.6082391180856,14.7714958180574,37.5062550297895));
#4677=CARTESIAN_POINT('Ctrl Pts',(-57.6082391180856,14.7714958180574,37.5062550297895));
#4678=CARTESIAN_POINT('Ctrl Pts',(-57.7075932873318,14.7539526095723,37.5131642621447));
#4679=CARTESIAN_POINT('Ctrl Pts',(-57.8069009435131,14.7353838175177,37.5204632409557));
#4680=CARTESIAN_POINT('Ctrl Pts',(-57.9727427010496,14.7026328247725,37.5333057800188));
#4681=CARTESIAN_POINT('Ctrl Pts',(-58.0393235837827,14.6890141560744,37.5386380513668));
#4682=CARTESIAN_POINT('Ctrl Pts',(-58.1058551575823,14.6749331766833,37.5441419041957));
#4683=CARTESIAN_POINT('',(-55.710043406807,14.9832014623203,33.7784933105558));
#4684=CARTESIAN_POINT('Ctrl Pts',(-55.710043406807,14.9832118088177,33.7784480699113));
#4685=CARTESIAN_POINT('Ctrl Pts',(-56.0065432416601,14.9691510408503,34.3586643848524));
#4686=CARTESIAN_POINT('Ctrl Pts',(-56.3027080292103,14.9462891535286,34.9392996953331));
#4687=CARTESIAN_POINT('Ctrl Pts',(-56.5981435042302,14.9146277589602,35.5194210667157));
#4688=CARTESIAN_POINT('Ctrl Pts',(-56.6184310745472,14.912453569254,35.5592580331921));
#4689=CARTESIAN_POINT('Ctrl Pts',(-56.6387152057352,14.9102379051231,35.5990925760282));
#4690=CARTESIAN_POINT('Ctrl Pts',(-56.6589957701236,14.9079807760284,35.6389243931244));
#4691=CARTESIAN_POINT('Ctrl Pts',(-56.9760241403343,14.8726970460228,36.2615804402967));
#4692=CARTESIAN_POINT('Ctrl Pts',(-57.2926068496505,14.8272277790993,36.8844076324323));
#4693=CARTESIAN_POINT('Ctrl Pts',(-57.6082391180856,14.7714958180574,37.5062550297895));
#4694=CARTESIAN_POINT('',(-54.0870016220797,14.9722375209879,33.783367316736));
#4695=CARTESIAN_POINT('Ctrl Pts',(-54.0870016220797,14.9721886830855,33.783440060007));
#4696=CARTESIAN_POINT('Ctrl Pts',(-54.3933893353835,14.9908720894453,33.7751599237993));
#4697=CARTESIAN_POINT('Ctrl Pts',(-54.6981243547196,15.,33.7711009037313));
#4698=CARTESIAN_POINT('Ctrl Pts',(-55.2351372656638,15.,33.7711009037313));
#4699=CARTESIAN_POINT('Ctrl Pts',(-55.4720081511872,14.994465523456,33.7735608456994));
#4700=CARTESIAN_POINT('Ctrl Pts',(-55.710043406807,14.9831851874176,33.7785644734875));
#4701=CARTESIAN_POINT('',(-52.106960134658,14.7183667686854,37.527135978182));
#4702=CARTESIAN_POINT('Ctrl Pts',(-52.106960134658,14.7183667686851,37.5271359781821));
#4703=CARTESIAN_POINT('Ctrl Pts',(-52.3890508767748,14.7738144807455,36.9914536998361));
#4704=CARTESIAN_POINT('Ctrl Pts',(-52.6720465805171,14.8210221711473,36.4549307879534));
#4705=CARTESIAN_POINT('Ctrl Pts',(-52.9555815095147,14.8600368004807,35.9184173669486));
#4706=CARTESIAN_POINT('Ctrl Pts',(-53.0026683567425,14.8665159877102,35.8293182017071));
#4707=CARTESIAN_POINT('Ctrl Pts',(-53.0497700755229,14.8727693301682,35.7402192836309));
#4708=CARTESIAN_POINT('Ctrl Pts',(-53.0968849907308,14.8787971815041,35.6511244878243));
#4709=CARTESIAN_POINT('Ctrl Pts',(-53.3716961352947,14.9139563390145,35.1314537486903));
#4710=CARTESIAN_POINT('Ctrl Pts',(-53.6473063891557,14.9414852187124,34.611261157116));
#4711=CARTESIAN_POINT('Ctrl Pts',(-53.9233964363622,14.9613673999803,34.0913179408065));
#4712=CARTESIAN_POINT('Ctrl Pts',(-53.9779136101082,14.9652933666771,33.9886491378259));
#4713=CARTESIAN_POINT('Ctrl Pts',(-54.0324494915105,14.9689213426466,33.8859900457903));
#4714=CARTESIAN_POINT('Ctrl Pts',(-54.0870016220797,14.9722514418484,33.783346581838));
#4715=CARTESIAN_POINT('',(-51.6041447909248,14.6105498664149,37.5692439059333));
#4716=CARTESIAN_POINT('Ctrl Pts',(-51.6041447909248,14.6105498664149,37.5692439059333));
#4717=CARTESIAN_POINT('Ctrl Pts',(-51.7670484431483,14.648412727227,37.5545191694609));
#4718=CARTESIAN_POINT('Ctrl Pts',(-51.930348419443,14.6834949305723,37.5408102595245));
#4719=CARTESIAN_POINT('Ctrl Pts',(-52.0982372635102,14.7166501889085,37.527809197125));
#4720=CARTESIAN_POINT('Ctrl Pts',(-52.1025986192788,14.717509469906,37.5274722158813));
#4721=CARTESIAN_POINT('Ctrl Pts',(-52.106960134658,14.7183667686854,37.527135978182));
#4722=CARTESIAN_POINT('',(-49.6831503691587,14.0260973217303,34.1870537060183));
#4723=CARTESIAN_POINT('Ctrl Pts',(-49.6831503691587,14.0260973217301,34.1870537060184));
#4724=CARTESIAN_POINT('Ctrl Pts',(-49.8613594319455,14.0936491278348,34.4956194955183));
#4725=CARTESIAN_POINT('Ctrl Pts',(-50.0394135315657,14.1572669713125,34.8055116275592));
#4726=CARTESIAN_POINT('Ctrl Pts',(-50.2171405316967,14.2170547583402,35.116294723796));
#4727=CARTESIAN_POINT('Ctrl Pts',(-50.3597302973943,14.2650222958419,35.3656349413345));
#4728=CARTESIAN_POINT('Ctrl Pts',(-50.5021095157535,14.3105253891274,35.6155482624551));
#4729=CARTESIAN_POINT('Ctrl Pts',(-50.64418929177,14.3536406308525,35.8658018610219));
#4730=CARTESIAN_POINT('Ctrl Pts',(-50.8336866641437,14.4111451205501,36.1995749051878));
#4731=CARTESIAN_POINT('Ctrl Pts',(-51.0229797873627,14.4644973063555,36.5345335690767));
#4732=CARTESIAN_POINT('Ctrl Pts',(-51.2118986274319,14.5138028877375,36.870240303581));
#4733=CARTESIAN_POINT('Ctrl Pts',(-51.3428460456002,14.5479786141018,37.1029324486787));
#4734=CARTESIAN_POINT('Ctrl Pts',(-51.4736136414409,14.5802111804674,37.3359836437613));
#4735=CARTESIAN_POINT('Ctrl Pts',(-51.6041447909248,14.6105498664152,37.5692439059332));
#4736=CARTESIAN_POINT('',(-48.0398769251938,13.2873308625372,34.4806739826711));
#4737=CARTESIAN_POINT('Ctrl Pts',(-48.0398769251938,13.2874635195567,34.4808725160262));
#4738=CARTESIAN_POINT('Ctrl Pts',(-48.4268836754694,13.4901820149817,34.4027534193749));
#4739=CARTESIAN_POINT('Ctrl Pts',(-48.8241383255274,13.6766727080137,34.3288368906893));
#4740=CARTESIAN_POINT('Ctrl Pts',(-49.3794870819811,13.9081386173389,34.2352960999901));
#4741=CARTESIAN_POINT('Ctrl Pts',(-49.5308271447577,13.9683458098066,34.210765364211));
#4742=CARTESIAN_POINT('Ctrl Pts',(-49.6831503691587,14.0260867672713,34.1870757194437));
#4743=CARTESIAN_POINT('',(-46.0394174095274,12.0294621508745,38.4734752189502));
#4744=CARTESIAN_POINT('Ctrl Pts',(-46.0394174095274,12.0294621508745,38.4734752189502));
#4745=CARTESIAN_POINT('Ctrl Pts',(-46.2354482108063,12.175482826039,38.0830739016284));
#4746=CARTESIAN_POINT('Ctrl Pts',(-46.4326461456333,12.3149222380409,37.690075772169));
#4747=CARTESIAN_POINT('Ctrl Pts',(-46.6305587246923,12.447973608643,37.2953951574942));
#4748=CARTESIAN_POINT('Ctrl Pts',(-46.7666070871558,12.5394353094606,37.0240852105574));
#4749=CARTESIAN_POINT('Ctrl Pts',(-46.9029931485878,12.6278794192892,36.7519799063592));
#4750=CARTESIAN_POINT('Ctrl Pts',(-47.0395699256551,12.713382224131,36.479371598612));
#4751=CARTESIAN_POINT('Ctrl Pts',(-47.2638324336062,12.85377998327,36.0317418910113));
#4752=CARTESIAN_POINT('Ctrl Pts',(-47.4891949639781,12.9866068632805,35.5815890791574));
#4753=CARTESIAN_POINT('Ctrl Pts',(-47.7151491194029,13.1121109301552,35.1299295677906));
#4754=CARTESIAN_POINT('Ctrl Pts',(-47.8232748147351,13.172168309814,34.9137972349813));
#4755=CARTESIAN_POINT('Ctrl Pts',(-47.9315359864891,13.2305495377941,34.6973196004637));
#4756=CARTESIAN_POINT('Ctrl Pts',(-48.0398769251938,13.2872857122752,34.4806064111771));
#4757=CARTESIAN_POINT('',(-45.5295012102875,11.6322385261553,38.5953708317425));
#4758=CARTESIAN_POINT('Ctrl Pts',(-45.5295012102875,11.632267735659,38.5954220392581));
#4759=CARTESIAN_POINT('Ctrl Pts',(-45.695729849111,11.7676040396858,38.5546330534247));
#4760=CARTESIAN_POINT('Ctrl Pts',(-45.8658411387062,11.9001675497582,38.513901629655));
#4761=CARTESIAN_POINT('Ctrl Pts',(-46.0394174095275,12.0294621508744,38.4734752189503));
#4762=CARTESIAN_POINT('',(-43.5652205714582,9.70802860629264,35.6544728867137));
#4763=CARTESIAN_POINT('Ctrl Pts',(-43.5652205714582,9.7080286062927,35.6544728867137));
#4764=CARTESIAN_POINT('Ctrl Pts',(-43.7094854868084,9.87795368101256,35.8621011665193));
#4765=CARTESIAN_POINT('Ctrl Pts',(-43.8552456267483,10.0419769785837,36.0739338293075));
#4766=CARTESIAN_POINT('Ctrl Pts',(-44.0020783970521,10.2002911493957,36.2893167594912));
#4767=CARTESIAN_POINT('Ctrl Pts',(-44.1483076158506,10.357954574765,36.5038143648837));
#4768=CARTESIAN_POINT('Ctrl Pts',(-44.295600665109,10.5099548653828,36.7218328736957));
#4769=CARTESIAN_POINT('Ctrl Pts',(-44.4435401403914,10.6564964108428,36.9426768621195));
#4770=CARTESIAN_POINT('Ctrl Pts',(-44.4790700186953,10.6916905553855,36.995715849975));
#4771=CARTESIAN_POINT('Ctrl Pts',(-44.5146371823406,10.7265699397851,37.0489175939954));
#4772=CARTESIAN_POINT('Ctrl Pts',(-44.550235849222,10.7611375974354,37.1022720576903));
#4773=CARTESIAN_POINT('Ctrl Pts',(-44.7119192581327,10.9181383285462,37.3445994347107));
#4774=CARTESIAN_POINT('Ctrl Pts',(-44.8746470804627,11.0690891482195,37.5906726908167));
#4775=CARTESIAN_POINT('Ctrl Pts',(-45.0379983095333,11.2141957011334,37.8397684226533));
#4776=CARTESIAN_POINT('Ctrl Pts',(-45.1914107350402,11.3504735140776,38.073708385162));
#4777=CARTESIAN_POINT('Ctrl Pts',(-45.3453730150089,11.4815963020048,38.310313599277));
#4778=CARTESIAN_POINT('Ctrl Pts',(-45.499536408145,11.6077661151746,38.5489438806811));
#4779=CARTESIAN_POINT('Ctrl Pts',(-45.5095238630464,11.6159400097245,38.5644035116943));
#4780=CARTESIAN_POINT('Ctrl Pts',(-45.5195121620356,11.62409312874,38.5798716287835));
#4781=CARTESIAN_POINT('Ctrl Pts',(-45.5295012102875,11.632225532489,38.5953480523973));
#4782=CARTESIAN_POINT('',(-41.8776513490085,7.26663373797122,36.2309714245724));
#4783=CARTESIAN_POINT('Ctrl Pts',(-41.8776513490085,7.26663373797123,36.2309714245724));
#4784=CARTESIAN_POINT('Ctrl Pts',(-42.3648549281451,8.14644349032389,36.0545131354881));
#4785=CARTESIAN_POINT('Ctrl Pts',(-42.9371142107108,8.9682020169731,35.8559134665711));
#4786=CARTESIAN_POINT('Ctrl Pts',(-43.5652205714582,9.70802860629267,35.6544728867137));
#4787=CARTESIAN_POINT('',(-40.,1.66533453693773E-15,39.8773008075689));
#4788=CARTESIAN_POINT('Ctrl Pts',(-40.,-1.38700423377788E-13,39.8773008075689));
#4789=CARTESIAN_POINT('Ctrl Pts',(-40.,0.0297299837799317,39.878533915035));
#4790=CARTESIAN_POINT('Ctrl Pts',(-40.0000883872098,0.0594749843642264,
39.8795811927391));
#4791=CARTESIAN_POINT('Ctrl Pts',(-40.0006850064631,0.159762672749862,39.8824824311166));
#4792=CARTESIAN_POINT('Ctrl Pts',(-40.0016020984817,0.230301832506845,39.8834740106207));
#4793=CARTESIAN_POINT('Ctrl Pts',(-40.0032685786393,0.313374688496665,39.8834058687314));
#4794=CARTESIAN_POINT('Ctrl Pts',(-40.0035355972985,0.325902489379205,39.8833624939653));
#4795=CARTESIAN_POINT('Ctrl Pts',(-40.0039063191997,0.342329566923637,39.8832622223404));
#4796=CARTESIAN_POINT('Ctrl Pts',(-40.0039958482066,0.346229251762376,39.8832352113093));
#4797=CARTESIAN_POINT('Ctrl Pts',(-40.004144240549,0.352584850532938,39.8831859627105));
#4798=CARTESIAN_POINT('Ctrl Pts',(-40.0042021863745,0.355040797440148,39.8831656598828));
#4799=CARTESIAN_POINT('Ctrl Pts',(-40.0043148417145,0.359766295641376,39.8831241476192));
#4800=CARTESIAN_POINT('Ctrl Pts',(-40.0043694631558,0.362035849438223,39.8831031238705));
#4801=CARTESIAN_POINT('Ctrl Pts',(-40.0044955937702,0.367227650707407,39.8830525452508));
#4802=CARTESIAN_POINT('Ctrl Pts',(-40.0045674417206,0.370149881231432,39.8830222758371));
#4803=CARTESIAN_POINT('Ctrl Pts',(-40.0047597234872,0.377878506617604,39.8829374571889));
#4804=CARTESIAN_POINT('Ctrl Pts',(-40.0048816130245,0.38268482538734,39.8828798375177));
#4805=CARTESIAN_POINT('Ctrl Pts',(-40.005683380114,0.413711331886028,39.8824764322282));
#4806=CARTESIAN_POINT('Ctrl Pts',(-40.0064296516153,0.439927141738326,39.8819905754523));
#4807=CARTESIAN_POINT('Ctrl Pts',(-40.0172798883117,0.788911533610362,39.8735935566056));
#4808=CARTESIAN_POINT('Ctrl Pts',(-40.037676441454,1.10934585232178,39.8439064824791));
#4809=CARTESIAN_POINT('Ctrl Pts',(-40.1180490419297,1.95040316935675,39.7095844115934));
#4810=CARTESIAN_POINT('Ctrl Pts',(-40.1943171223382,2.45780872349972,39.570174635418));
#4811=CARTESIAN_POINT('Ctrl Pts',(-40.4324940543937,3.64642086059049,39.1187348111055));
#4812=CARTESIAN_POINT('Ctrl Pts',(-40.6152548226885,4.29970594701322,38.7618272718588));
#4813=CARTESIAN_POINT('Ctrl Pts',(-41.1244096414767,5.77161511691739,37.7530394785421));
#4814=CARTESIAN_POINT('Ctrl Pts',(-41.482470649311,6.54898330078837,37.0328598417547));
#4815=CARTESIAN_POINT('Ctrl Pts',(-41.8658964630064,7.24537592563036,36.2548285523976));
#4816=CARTESIAN_POINT('Ctrl Pts',(-41.8717708255426,7.2560144771206,36.2429070070458));
#4817=CARTESIAN_POINT('Ctrl Pts',(-41.8776513490085,7.26663373797128,36.2309714245723));
#4818=CARTESIAN_POINT('',(-41.517813221266,-6.57500111508214,36.3628466513098));
#4819=CARTESIAN_POINT('Ctrl Pts',(-41.517813221266,-6.57500111508195,36.3628466513099));
#4820=CARTESIAN_POINT('Ctrl Pts',(-41.1549853429074,-5.83101443904304,37.175879440211));
#4821=CARTESIAN_POINT('Ctrl Pts',(-40.8169613346617,-4.98177553425244,37.9344700970618));
#4822=CARTESIAN_POINT('Ctrl Pts',(-40.3836401542698,-3.42815076174681,38.9222715591922));
#4823=CARTESIAN_POINT('Ctrl Pts',(-40.2439164481229,-2.78198262258034,39.2456406911924));
#4824=CARTESIAN_POINT('Ctrl Pts',(-40.0803814254646,-1.62252551543412,39.6401984377093));
#4825=CARTESIAN_POINT('Ctrl Pts',(-40.0347609332239,-1.13610060216967,39.7567790400326));
#4826=CARTESIAN_POINT('Ctrl Pts',(-40.004550062604,-0.425840139696757,39.8500402089159));
#4827=CARTESIAN_POINT('Ctrl Pts',(-40.,-0.213306583464372,39.8684535124411));
#4828=CARTESIAN_POINT('Ctrl Pts',(-40.,1.49186218934005E-14,39.8773008075689));
#4829=CARTESIAN_POINT('',(-43.0738223196251,-9.0975978112976,35.8150941687143));
#4830=CARTESIAN_POINT('Ctrl Pts',(-43.0738223196251,-9.09759781129763,35.8150941687143));
#4831=CARTESIAN_POINT('Ctrl Pts',(-42.4833377565121,-8.32352272430505,36.0117214282722));
#4832=CARTESIAN_POINT('Ctrl Pts',(-41.9563332050726,-7.47419614553246,36.2002573913274));
#4833=CARTESIAN_POINT('Ctrl Pts',(-41.517813221266,-6.57500111508213,36.3628466513098));
#4834=CARTESIAN_POINT('',(-44.9819855739135,-11.1641832782401,38.7333403601985));
#4835=CARTESIAN_POINT('Ctrl Pts',(-44.9819855739135,-11.1641711469142,38.7332946435305));
#4836=CARTESIAN_POINT('Ctrl Pts',(-44.8243350004632,-11.0227088684788,38.4870138326127));
#4837=CARTESIAN_POINT('Ctrl Pts',(-44.6673492896959,-10.8758284336686,38.2430104740148));
#4838=CARTESIAN_POINT('Ctrl Pts',(-44.5114254260523,-10.7233211485132,38.0019046810206));
#4839=CARTESIAN_POINT('Ctrl Pts',(-44.3555015624087,-10.5708138633578,37.7607988880264));
#4840=CARTESIAN_POINT('Ctrl Pts',(-44.2006395458888,-10.4126803839541,37.5225908519021));
#4841=CARTESIAN_POINT('Ctrl Pts',(-44.0472363609334,-10.2487424837863,37.2878536523728));
#4842=CARTESIAN_POINT('Ctrl Pts',(-43.9004983000845,-10.0919274243254,37.0633154103668));
#4843=CARTESIAN_POINT('Ctrl Pts',(-43.7548527506206,-9.92954213028742,36.8415826663914));
#4844=CARTESIAN_POINT('Ctrl Pts',(-43.6107383871278,-9.76139808870644,36.6232811659915));
#4845=CARTESIAN_POINT('Ctrl Pts',(-43.4670437734095,-9.59374378612056,36.4056154939946));
#4846=CARTESIAN_POINT('Ctrl Pts',(-43.3248714391389,-9.42036504717397,36.1913612869457));
#4847=CARTESIAN_POINT('Ctrl Pts',(-43.1846562369837,-9.24108642747838,35.9810886814883));
#4848=CARTESIAN_POINT('Ctrl Pts',(-43.155022648057,-9.20319703433308,35.936648907078));
#4849=CARTESIAN_POINT('Ctrl Pts',(-43.1254764766425,-9.16504413155836,35.8923867909004));
#4850=CARTESIAN_POINT('Ctrl Pts',(-43.0960218277064,-9.1266260735216,35.8483074148329));
#4851=CARTESIAN_POINT('Ctrl Pts',(-43.0886164285981,-9.11696712109813,35.8372251108839));
#4852=CARTESIAN_POINT('Ctrl Pts',(-43.0812165679041,-9.1072910424799,35.8261539972798));
#4853=CARTESIAN_POINT('Ctrl Pts',(-43.0738223196251,-9.09759781129779,35.8150941687143));
#4854=CARTESIAN_POINT('',(-45.4716694705671,-11.5849435614455,38.609653426839));
#4855=CARTESIAN_POINT('Ctrl Pts',(-45.4716694705671,-11.5849435614455,38.609653426839));
#4856=CARTESIAN_POINT('Ctrl Pts',(-45.3045033323409,-11.4474535331256,38.6509077266572));
#4857=CARTESIAN_POINT('Ctrl Pts',(-45.1411917254297,-11.307062186272,38.6922305458393));
#4858=CARTESIAN_POINT('Ctrl Pts',(-44.9819855739135,-11.1642011339245,38.7334076490021));
#4859=CARTESIAN_POINT('',(-47.3480594237313,-12.9013931693478,34.6269581537137));
#4860=CARTESIAN_POINT('Ctrl Pts',(-47.3480594237313,-12.9013462124788,34.6268337871879));
#4861=CARTESIAN_POINT('Ctrl Pts',(-47.1312540463084,-12.7727758795947,35.0889903737181));
#4862=CARTESIAN_POINT('Ctrl Pts',(-46.9146555448784,-12.6369457312457,35.5499114285117));
#4863=CARTESIAN_POINT('Ctrl Pts',(-46.6988284519817,-12.4935590216162,36.0085271207525));
#4864=CARTESIAN_POINT('Ctrl Pts',(-46.6108747409325,-12.4351261666035,36.1954218777387));
#4865=CARTESIAN_POINT('Ctrl Pts',(-46.5230491392409,-12.3754389284795,36.3819335194896));
#4866=CARTESIAN_POINT('Ctrl Pts',(-46.4353898530857,-12.3144794631398,36.5679886065796));
#4867=CARTESIAN_POINT('Ctrl Pts',(-46.2473818135169,-12.1837361035444,36.9670319220092));
#4868=CARTESIAN_POINT('Ctrl Pts',(-46.0596993333435,-12.046836620271,37.3649071198461));
#4869=CARTESIAN_POINT('Ctrl Pts',(-45.8728176977084,-11.9035488464013,37.7606880446974));
#4870=CARTESIAN_POINT('Ctrl Pts',(-45.747159434752,-11.8072028747591,38.0268091290891));
#4871=CARTESIAN_POINT('Ctrl Pts',(-45.6218632455697,-11.7079696822343,38.2919829735523));
#4872=CARTESIAN_POINT('Ctrl Pts',(-45.4970736167427,-11.6057911942255,38.5559236934275));
#4873=CARTESIAN_POINT('Ctrl Pts',(-45.4886037448315,-11.5988560128835,38.5738381957023));
#4874=CARTESIAN_POINT('Ctrl Pts',(-45.4801356788349,-11.5919068090676,38.5917481410958));
#4875=CARTESIAN_POINT('Ctrl Pts',(-45.4716694705671,-11.5849435614455,38.609653426839));
#4876=CARTESIAN_POINT('',(-48.947978259199,-13.72490556794,34.3090982598075));
#4877=CARTESIAN_POINT('Ctrl Pts',(-48.947978259199,-13.7249055679401,34.3090982598075));
#4878=CARTESIAN_POINT('Ctrl Pts',(-48.3968299894262,-13.481875749297,34.4063191568947));
#4879=CARTESIAN_POINT('Ctrl Pts',(-47.8614725251306,-13.2059737983801,34.5136945236914));
#4880=CARTESIAN_POINT('Ctrl Pts',(-47.3480594237312,-12.9014652430354,34.6271490428067));
#4881=CARTESIAN_POINT('',(-50.900394639165,-14.4289027956187,37.6393812273407));
#4882=CARTESIAN_POINT('Ctrl Pts',(-50.900394639165,-14.428902795619,37.6393812273406));
#4883=CARTESIAN_POINT('Ctrl Pts',(-50.7130075647647,-14.3756615294156,37.3151121823846));
#4884=CARTESIAN_POINT('Ctrl Pts',(-50.5252420735437,-14.3183753544104,36.9914105722271));
#4885=CARTESIAN_POINT('Ctrl Pts',(-50.337275138357,-14.2568993354252,36.6686917741518));
#4886=CARTESIAN_POINT('Ctrl Pts',(-50.2108289796448,-14.2155441553459,36.451597462749));
#4887=CARTESIAN_POINT('Ctrl Pts',(-50.084291661288,-14.172293983501,36.2349475776534));
#4888=CARTESIAN_POINT('Ctrl Pts',(-49.9577170572837,-14.1271171735545,36.0188640749674));
#4889=CARTESIAN_POINT('Ctrl Pts',(-49.780842095421,-14.0639872384526,35.7169096537198));
#4890=CARTESIAN_POINT('Ctrl Pts',(-49.6036347527443,-13.9970035467489,35.4156177800845));
#4891=CARTESIAN_POINT('Ctrl Pts',(-49.4262744526922,-13.9260168541321,35.1154003257179));
#4892=CARTESIAN_POINT('Ctrl Pts',(-49.2783052102747,-13.8667936394379,34.8649330606642));
#4893=CARTESIAN_POINT('Ctrl Pts',(-49.1302295044175,-13.8047851245898,34.6152133535788));
#4894=CARTESIAN_POINT('Ctrl Pts',(-48.9821515246992,-13.7399303305696,34.3664698705724));
#4895=CARTESIAN_POINT('Ctrl Pts',(-48.970761031569,-13.7349415531216,34.347335959239));
#4896=CARTESIAN_POINT('Ctrl Pts',(-48.9593699253845,-13.7299356258896,34.3282068319186));
#4897=CARTESIAN_POINT('Ctrl Pts',(-48.947978259199,-13.7249125114632,34.309082605827));
#4898=CARTESIAN_POINT('',(-51.3971173774935,-14.5608803582903,37.5885224271194));
#4899=CARTESIAN_POINT('Ctrl Pts',(-51.3971173774936,-14.5608803582902,37.5885224271194));
#4900=CARTESIAN_POINT('Ctrl Pts',(-51.2310003076824,-14.5197770534489,37.6044448487917));
#4901=CARTESIAN_POINT('Ctrl Pts',(-51.0653624998595,-14.4757742130541,37.6214132612367));
#4902=CARTESIAN_POINT('Ctrl Pts',(-50.900394639165,-14.4289027956187,37.6393812273407));
#4903=CARTESIAN_POINT('',(-53.2922372908591,-14.9023937862887,33.8141520893914));
#4904=CARTESIAN_POINT('Ctrl Pts',(-53.2922372908591,-14.9023644360389,33.8141120510001));
#4905=CARTESIAN_POINT('Ctrl Pts',(-52.9867016794985,-14.8673782919324,34.4214421962334));
#4906=CARTESIAN_POINT('Ctrl Pts',(-52.681456042392,-14.8229035194966,35.0288293100764));
#4907=CARTESIAN_POINT('Ctrl Pts',(-52.3769582931352,-14.7688414951118,35.6352701290611));
#4908=CARTESIAN_POINT('Ctrl Pts',(-52.0604615943297,-14.7126491183526,36.2656081781863));
#4909=CARTESIAN_POINT('Ctrl Pts',(-51.7443580168759,-14.6460253061824,36.8957504151696));
#4910=CARTESIAN_POINT('Ctrl Pts',(-51.4292061860847,-14.5687827329422,37.5245011726776));
#4911=CARTESIAN_POINT('Ctrl Pts',(-51.4185090704926,-14.5661609086218,37.5458426940476));
#4912=CARTESIAN_POINT('Ctrl Pts',(-51.4078127932436,-14.5635267867063,37.5671831285426));
#4913=CARTESIAN_POINT('Ctrl Pts',(-51.3971173774935,-14.56088035829,37.5885224271195));
#4914=CARTESIAN_POINT('',(-54.9122193767964,-14.999913263353,33.7712689667263));
#4915=CARTESIAN_POINT('Ctrl Pts',(-54.9122193767964,-14.9997431498739,33.7712149868466));
#4916=CARTESIAN_POINT('Ctrl Pts',(-54.3785674197153,-14.9966201429732,33.7726020942214));
#4917=CARTESIAN_POINT('Ctrl Pts',(-53.8363577104962,-14.9648218056604,33.786772674646));
#4918=CARTESIAN_POINT('Ctrl Pts',(-53.2922372908591,-14.9024677999742,33.814253055786));
#4919=CARTESIAN_POINT('Ctrl Pts',(-56.888908296446,-14.8805922411585,37.4631049115643));
#4920=CARTESIAN_POINT('Ctrl Pts',(-56.6250334418493,-14.9140879108196,36.9674729423269));
#4921=CARTESIAN_POINT('Ctrl Pts',(-56.3603896755774,-14.9405626243044,36.4714012645662));
#4922=CARTESIAN_POINT('Ctrl Pts',(-56.0952593173274,-14.9599935745754,35.975571664585));
#4923=CARTESIAN_POINT('Ctrl Pts',(-56.0429228935764,-14.9638292215152,35.8776954793599));
#4924=CARTESIAN_POINT('Ctrl Pts',(-55.9905675091364,-14.9673905605599,35.7798287075738));
#4925=CARTESIAN_POINT('Ctrl Pts',(-55.938195335583,-14.9706776547747,35.681976562549));
#4926=CARTESIAN_POINT('Ctrl Pts',(-55.6854845865333,-14.9865388265547,35.2098119150361));
#4927=CARTESIAN_POINT('Ctrl Pts',(-55.4320883256073,-14.9960306525671,34.7374371717521));
#4928=CARTESIAN_POINT('Ctrl Pts',(-55.1782504721304,-14.9990852775356,34.2654646377868));
#4929=CARTESIAN_POINT('Ctrl Pts',(-55.1021462900666,-15.0000010973456,34.1239605903722));
#4930=CARTESIAN_POINT('Ctrl Pts',(-55.0260024138981,-15.0003386397555,33.9824926594371));
#4931=CARTESIAN_POINT('Ctrl Pts',(-54.949825417215,-15.0000969839077,33.8410772384075));
#4932=CARTESIAN_POINT('Ctrl Pts',(-54.9372913509365,-15.0000572221613,33.8178089246492));
#4933=CARTESIAN_POINT('Ctrl Pts',(-54.9247559940403,-15.000001761637,33.7945413079971));
#4934=CARTESIAN_POINT('Ctrl Pts',(-54.9122193767964,-14.9999305921368,33.771274465442));
#4935=CARTESIAN_POINT('Origin',(-40.,0.,0.));
#4936=CARTESIAN_POINT('',(-40.,10.4315653208293,38.937112117102));
#4937=CARTESIAN_POINT('Ctrl Pts',(-40.,1.44115214297028E-13,39.8773008075689));
#4938=CARTESIAN_POINT('Ctrl Pts',(-40.,0.696287627213183,39.9061806575562));
#4939=CARTESIAN_POINT('Ctrl Pts',(-40.,1.39301834352419,39.9166231463583));
#4940=CARTESIAN_POINT('Ctrl Pts',(-40.,2.08948570356815,39.9088165225341));
#4941=CARTESIAN_POINT('Ctrl Pts',(-40.,2.79108882977896,39.9009523324881));
#4942=CARTESIAN_POINT('Ctrl Pts',(-40.,3.49242514272457,39.8745689259872));
#4943=CARTESIAN_POINT('Ctrl Pts',(-40.,4.19277930020264,39.829806297745));
#4944=CARTESIAN_POINT('Ctrl Pts',(-40.,4.89343982825639,39.7850240880496));
#4945=CARTESIAN_POINT('Ctrl Pts',(-40.,5.59311779919311,39.7218465448985));
#4946=CARTESIAN_POINT('Ctrl Pts',(-40.,6.29109698147095,39.6403616422918));
#4947=CARTESIAN_POINT('Ctrl Pts',(-40.,6.98550606448148,39.5592935274611));
#4948=CARTESIAN_POINT('Ctrl Pts',(-40.,7.67823414153486,39.4601047851912));
#4949=CARTESIAN_POINT('Ctrl Pts',(-40.,8.36856919331932,39.3428311918797));
#4950=CARTESIAN_POINT('Ctrl Pts',(-40.,9.05890424510377,39.2255575985681));
#4951=CARTESIAN_POINT('Ctrl Pts',(-40.,9.74684672953609,39.0901991330008));
#4952=CARTESIAN_POINT('Ctrl Pts',(-40.,10.4316710963962,38.936741203197));
#4953=CARTESIAN_POINT('',(-40.,28.5047455829988,28.5025566276258));
#4954=CARTESIAN_POINT('Origin',(-40.,0.,0.));
#4955=CARTESIAN_POINT('',(-40.,11.836410816091,-35.0055229248575));
#4956=CARTESIAN_POINT('Ctrl Pts',(-40.,28.5047455829985,28.502556627626));
#4957=CARTESIAN_POINT('Ctrl Pts',(-40.,28.9792335561692,27.9874251005938));
#4958=CARTESIAN_POINT('Ctrl Pts',(-40.,29.4395621114958,27.460089615524));
#4959=CARTESIAN_POINT('Ctrl Pts',(-40.,29.885470357014,26.9212357600695));
#4960=CARTESIAN_POINT('Ctrl Pts',(-40.,30.3346038637268,26.378484366395));
#4961=CARTESIAN_POINT('Ctrl Pts',(-40.,30.769107941436,25.82404699136));
#4962=CARTESIAN_POINT('Ctrl Pts',(-40.,31.1886746427707,25.2585915161426));
#4963=CARTESIAN_POINT('Ctrl Pts',(-40.,31.6095651610278,24.6913519157204));
#4964=CARTESIAN_POINT('Ctrl Pts',(-40.,32.0154241144612,24.113024165628));
#4965=CARTESIAN_POINT('Ctrl Pts',(-40.,32.4058957326022,23.5242557334466));
#4966=CARTESIAN_POINT('Ctrl Pts',(-40.,32.7264935252983,23.0408457978789));
#4967=CARTESIAN_POINT('Ctrl Pts',(-40.,33.036717518126,22.5503969148338));
#4968=CARTESIAN_POINT('Ctrl Pts',(-40.,33.3363467,22.0532569859741));
#4969=CARTESIAN_POINT('Ctrl Pts',(-40.,33.4697867047637,21.8318554720751));
#4970=CARTESIAN_POINT('Ctrl Pts',(-40.,33.6011250701165,21.6091267670944));
#4971=CARTESIAN_POINT('Ctrl Pts',(-40.,33.7303408220002,21.3851011339745));
#4972=CARTESIAN_POINT('Ctrl Pts',(-40.,33.7925526289426,21.2772424616793));
#4973=CARTESIAN_POINT('Ctrl Pts',(-40.,33.8542723991128,21.1690831567698));
#4974=CARTESIAN_POINT('Ctrl Pts',(-40.,33.9154977157431,21.0606265770102));
#4975=CARTESIAN_POINT('Ctrl Pts',(-40.,33.9565360509131,20.9879298934073));
#4976=CARTESIAN_POINT('Ctrl Pts',(-40.,33.997352236819,20.9150996498116));
#4977=CARTESIAN_POINT('Ctrl Pts',(-40.,34.0379455330731,20.8421368545154));
#4978=CARTESIAN_POINT('Ctrl Pts',(-40.,34.0718231081521,20.7812449633977));
#4979=CARTESIAN_POINT('Ctrl Pts',(-40.,34.1055454613752,20.720260664768));
#4980=CARTESIAN_POINT('Ctrl Pts',(-40.,34.1391051856717,20.6591973825581));
#4981=CARTESIAN_POINT('Ctrl Pts',(-40.,34.4772389715293,20.0439492175829));
#4982=CARTESIAN_POINT('Ctrl Pts',(-40.,34.7990468052602,19.4203628539719));
#4983=CARTESIAN_POINT('Ctrl Pts',(-40.,35.1042167986217,18.7890932239787));
#4984=CARTESIAN_POINT('Ctrl Pts',(-40.,35.4115379852661,18.1533736709351));
#4985=CARTESIAN_POINT('Ctrl Pts',(-40.,35.7019861903818,17.5098617392617));
#4986=CARTESIAN_POINT('Ctrl Pts',(-40.,35.9751941397256,16.8592045980946));
#4987=CARTESIAN_POINT('Ctrl Pts',(-40.,36.2445888987779,16.2176287428115));
#4988=CARTESIAN_POINT('Ctrl Pts',(-40.,36.4972213657198,15.5691052915723));
#4989=CARTESIAN_POINT('Ctrl Pts',(-40.,36.7326900485243,14.9142401423786));
#4990=CARTESIAN_POINT('Ctrl Pts',(-40.,36.9731581988298,14.2454709062721));
#4991=CARTESIAN_POINT('Ctrl Pts',(-40.,37.1957263843932,13.5700874187752));
#4992=CARTESIAN_POINT('Ctrl Pts',(-40.,37.3999111324182,12.8887260171192));
#4993=CARTESIAN_POINT('Ctrl Pts',(-40.,37.4509573194244,12.7183856667052));
#4994=CARTESIAN_POINT('Ctrl Pts',(-40.,37.5008542572128,12.5476716706353));
#4995=CARTESIAN_POINT('Ctrl Pts',(-40.,37.5495938161754,12.376593933207));
#4996=CARTESIAN_POINT('Ctrl Pts',(-40.,37.5792855487007,12.2723748034309));
#4997=CARTESIAN_POINT('Ctrl Pts',(-40.,37.6085477566503,12.1680206838155));
#4998=CARTESIAN_POINT('Ctrl Pts',(-40.,37.6373785591879,12.0635338128355));
#4999=CARTESIAN_POINT('Ctrl Pts',(-40.,37.653445220848,12.005305978152));
#5000=CARTESIAN_POINT('Ctrl Pts',(-40.,37.6693754687616,11.9470457370084));
#5001=CARTESIAN_POINT('Ctrl Pts',(-40.,37.6851683687263,11.8887562449423));
#5002=CARTESIAN_POINT('Ctrl Pts',(-40.,37.7805956981839,11.5365466712901));
#5003=CARTESIAN_POINT('Ctrl Pts',(-40.,37.871017625433,11.1832366849358));
#5004=CARTESIAN_POINT('Ctrl Pts',(-40.,37.956392771864,10.8289170927384));
#5005=CARTESIAN_POINT('Ctrl Pts',(-40.,38.1170075911929,10.1623416353088));
#5006=CARTESIAN_POINT('Ctrl Pts',(-40.,38.2597638025464,9.49219383870725));
#5007=CARTESIAN_POINT('Ctrl Pts',(-40.,38.3847426708284,8.81920967800443));
#5008=CARTESIAN_POINT('Ctrl Pts',(-40.,38.5110085037521,8.13929549120016));
#5009=CARTESIAN_POINT('Ctrl Pts',(-40.,38.6191290556386,7.45648577087322));
#5010=CARTESIAN_POINT('Ctrl Pts',(-40.,38.7091363220694,6.77152731496947));
#5011=CARTESIAN_POINT('Ctrl Pts',(-40.,38.7993185521116,6.08523737984374));
#5012=CARTESIAN_POINT('Ctrl Pts',(-40.,38.8713170121554,5.39678986977749));
#5013=CARTESIAN_POINT('Ctrl Pts',(-40.,38.9251116915256,4.7069308649827));
#5014=CARTESIAN_POINT('Ctrl Pts',(-40.,38.9787522762951,4.01904795799424));
#5015=CARTESIAN_POINT('Ctrl Pts',(-40.,39.0142931884633,3.32976116018718));
#5016=CARTESIAN_POINT('Ctrl Pts',(-40.,39.0316630150582,2.63981221808745));
#5017=CARTESIAN_POINT('Ctrl Pts',(-40.,39.045885654072,2.07487308712311));
#5018=CARTESIAN_POINT('Ctrl Pts',(-40.,39.0479244561605,1.50948994271413));
#5019=CARTESIAN_POINT('Ctrl Pts',(-40.,39.0377145392631,0.944074337940644));
#5020=CARTESIAN_POINT('Ctrl Pts',(-40.,39.0253189918881,0.257620570886171));
#5021=CARTESIAN_POINT('Ctrl Pts',(-40.,38.9948705084655,-0.42888175607842));
#5022=CARTESIAN_POINT('Ctrl Pts',(-40.,38.946298241292,-1.11470704023113));
#5023=CARTESIAN_POINT('Ctrl Pts',(-40.,38.9003447932349,-1.76355541411887));
#5024=CARTESIAN_POINT('Ctrl Pts',(-40.,38.8381687887758,-2.41179798903596));
#5025=CARTESIAN_POINT('Ctrl Pts',(-40.,38.7596701555758,-3.05880318239022));
#5026=CARTESIAN_POINT('Ctrl Pts',(-40.,38.7535306071462,-3.10940686244035));
#5027=CARTESIAN_POINT('Ctrl Pts',(-40.,38.7472923595392,-3.15999333209272));
#5028=CARTESIAN_POINT('Ctrl Pts',(-40.,38.7409554871923,-3.21056215211249));
#5029=CARTESIAN_POINT('Ctrl Pts',(-40.,38.6557981740859,-3.89012528737718));
#5030=CARTESIAN_POINT('Ctrl Pts',(-40.,38.5528334062257,-4.56651054599671));
#5031=CARTESIAN_POINT('Ctrl Pts',(-40.,38.4321676460019,-5.23903100675593));
#5032=CARTESIAN_POINT('Ctrl Pts',(-40.,38.3114702461964,-5.91172780806111));
#5033=CARTESIAN_POINT('Ctrl Pts',(-40.,38.1730625054688,-6.58055823852514));
#5034=CARTESIAN_POINT('Ctrl Pts',(-40.,38.0169991883643,-7.24482976704551));
#5035=CARTESIAN_POINT('Ctrl Pts',(-40.,37.8953600450968,-7.76257744231813));
#5036=CARTESIAN_POINT('Ctrl Pts',(-40.,37.7629941325211,-8.27755555843932));
#5037=CARTESIAN_POINT('Ctrl Pts',(-40.,37.6199059425029,-8.78943140295468));
#5038=CARTESIAN_POINT('Ctrl Pts',(-40.,37.4360743252996,-9.44706054965541));
#5039=CARTESIAN_POINT('Ctrl Pts',(-40.,37.2345463710312,-10.099570061707));
#5040=CARTESIAN_POINT('Ctrl Pts',(-40.,37.0157003804035,-10.7463239400353));
#5041=CARTESIAN_POINT('Ctrl Pts',(-40.,36.7963362881217,-11.3946089602103));
#5042=CARTESIAN_POINT('Ctrl Pts',(-40.,36.5595718317013,-12.0371114832384));
#5043=CARTESIAN_POINT('Ctrl Pts',(-40.,36.3057413212563,-12.6731675555771));
#5044=CARTESIAN_POINT('Ctrl Pts',(-40.,36.0531510370041,-13.3061158320896));
#5045=CARTESIAN_POINT('Ctrl Pts',(-40.,35.7836607856791,-13.9326808827667));
#5046=CARTESIAN_POINT('Ctrl Pts',(-40.,35.497557716516,-14.5521792970159));
#5047=CARTESIAN_POINT('Ctrl Pts',(-40.,35.2657621386663,-15.0540858068898));
#5048=CARTESIAN_POINT('Ctrl Pts',(-40.,35.0230611460581,-15.5513533557619));
#5049=CARTESIAN_POINT('Ctrl Pts',(-40.,34.7695887654485,-16.0436017475897));
#5050=CARTESIAN_POINT('Ctrl Pts',(-40.,34.6586945989317,-16.2589604190143));
#5051=CARTESIAN_POINT('Ctrl Pts',(-40.,34.5457385142897,-16.4733581842374));
#5052=CARTESIAN_POINT('Ctrl Pts',(-40.,34.4307307953701,-16.6867621865664));
#5053=CARTESIAN_POINT('Ctrl Pts',(-40.,34.3682596104816,-16.8026813701714));
#5054=CARTESIAN_POINT('Ctrl Pts',(-40.,34.3051830674509,-16.9183073261734));
#5055=CARTESIAN_POINT('Ctrl Pts',(-40.,34.2415027467904,-17.0336347065218));
#5056=CARTESIAN_POINT('Ctrl Pts',(-40.,34.2080196643451,-17.0942737884918));
#5057=CARTESIAN_POINT('Ctrl Pts',(-40.,34.1743696576467,-17.1548303237218));
#5058=CARTESIAN_POINT('Ctrl Pts',(-40.,34.1405529512746,-17.2153035281844));
#5059=CARTESIAN_POINT('Ctrl Pts',(-40.,34.1128195084273,-17.2648982504293));
#5060=CARTESIAN_POINT('Ctrl Pts',(-40.,34.0849778283392,-17.3144299644929));
#5061=CARTESIAN_POINT('Ctrl Pts',(-40.,34.0570313188246,-17.3638926922127));
#5062=CARTESIAN_POINT('Ctrl Pts',(-40.,33.724099621979,-17.9531508914076));
#5063=CARTESIAN_POINT('Ctrl Pts',(-40.,33.3761530127875,-18.5328724857651));
#5064=CARTESIAN_POINT('Ctrl Pts',(-40.,33.0136005960366,-19.1024691501388));
#5065=CARTESIAN_POINT('Ctrl Pts',(-40.,32.6501754657623,-19.6734369120114));
#5066=CARTESIAN_POINT('Ctrl Pts',(-40.,32.2720738820653,-20.2342313481495));
#5067=CARTESIAN_POINT('Ctrl Pts',(-40.,31.8796617632761,-20.7842354054996));
#5068=CARTESIAN_POINT('Ctrl Pts',(-40.,31.4882764952839,-21.3328002307831));
#5069=CARTESIAN_POINT('Ctrl Pts',(-40.,31.0826552166241,-21.8706314549435));
#5070=CARTESIAN_POINT('Ctrl Pts',(-40.,30.6631190601166,-22.3970866817149));
#5071=CARTESIAN_POINT('Ctrl Pts',(-40.,30.245098112702,-22.921640547342));
#5072=CARTESIAN_POINT('Ctrl Pts',(-40.,29.8132623507484,-23.4349008037493));
#5073=CARTESIAN_POINT('Ctrl Pts',(-40.,29.3678917961191,-23.9361964419213));
#5074=CARTESIAN_POINT('Ctrl Pts',(-40.,28.9225212414898,-24.4374920800934));
#5075=CARTESIAN_POINT('Ctrl Pts',(-40.,28.4636156575065,-24.9268234857988));
#5076=CARTESIAN_POINT('Ctrl Pts',(-40.,27.9914210820474,-25.4034783873347));
#5077=CARTESIAN_POINT('Ctrl Pts',(-40.,27.5160984760999,-25.8832908665769));
#5078=CARTESIAN_POINT('Ctrl Pts',(-40.,27.02730958969,-26.350258385365));
#5079=CARTESIAN_POINT('Ctrl Pts',(-40.,26.5256655700527,-26.8039653683686));
#5080=CARTESIAN_POINT('Ctrl Pts',(-40.,26.0016494351662,-27.2779065902262));
#5081=CARTESIAN_POINT('Ctrl Pts',(-40.,25.4636056577824,-27.737378798204));
#5082=CARTESIAN_POINT('Ctrl Pts',(-40.,24.9122067675245,-28.1818522719174));
#5083=CARTESIAN_POINT('Ctrl Pts',(-40.,24.8545423722711,-28.2283345817673));
#5084=CARTESIAN_POINT('Ctrl Pts',(-40.,24.79673189901,-28.274652802023));
#5085=CARTESIAN_POINT('Ctrl Pts',(-40.,24.7387761049962,-28.3208062886588));
#5086=CARTESIAN_POINT('Ctrl Pts',(-40.,24.6784132667803,-28.3688766411456));
#5087=CARTESIAN_POINT('Ctrl Pts',(-40.,24.6178877574416,-28.416772205594));
#5088=CARTESIAN_POINT('Ctrl Pts',(-40.,24.5572278243568,-28.4644708279206));
#5089=CARTESIAN_POINT('Ctrl Pts',(-40.,24.0348160734358,-28.8752579742134));
#5090=CARTESIAN_POINT('Ctrl Pts',(-40.,23.5021397002735,-29.271682034851));
#5091=CARTESIAN_POINT('Ctrl Pts',(-40.,22.9598750141448,-29.6534816264811));
#5092=CARTESIAN_POINT('Ctrl Pts',(-40.,22.4142745991108,-30.0376298496308));
#5093=CARTESIAN_POINT('Ctrl Pts',(-40.,21.8589671435183,-30.4069733729975));
#5094=CARTESIAN_POINT('Ctrl Pts',(-40.,21.2946074486626,-30.7612052598441));
#5095=CARTESIAN_POINT('Ctrl Pts',(-40.,20.7289186442372,-31.1162713894529));
#5096=CARTESIAN_POINT('Ctrl Pts',(-40.,20.1541344903499,-31.456154848747));
#5097=CARTESIAN_POINT('Ctrl Pts',(-40.,19.5708865334045,-31.7805022218531));
#5098=CARTESIAN_POINT('Ctrl Pts',(-40.,18.9607557006652,-32.1197993089555));
#5099=CARTESIAN_POINT('Ctrl Pts',(-40.,18.3413625444242,-32.4420957963743));
#5100=CARTESIAN_POINT('Ctrl Pts',(-40.,17.7134049993675,-32.7469313753081));
#5101=CARTESIAN_POINT('Ctrl Pts',(-40.,17.1195501475511,-33.0352121499898));
#5102=CARTESIAN_POINT('Ctrl Pts',(-40.,16.5180352889818,-33.3078767746828));
#5103=CARTESIAN_POINT('Ctrl Pts',(-40.,15.9094360442692,-33.5644857969364));
#5104=CARTESIAN_POINT('Ctrl Pts',(-40.,15.3058572983003,-33.8189779823962));
#5105=CARTESIAN_POINT('Ctrl Pts',(-40.,14.6953101676422,-34.057678502244));
#5106=CARTESIAN_POINT('Ctrl Pts',(-40.,14.0783482061246,-34.2801082515341));
#5107=CARTESIAN_POINT('Ctrl Pts',(-40.,13.4701546343084,-34.4993767836915));
#5108=CARTESIAN_POINT('Ctrl Pts',(-40.,12.8557269050966,-34.7028338217885));
#5109=CARTESIAN_POINT('Ctrl Pts',(-40.,12.2355932304079,-34.8899696988458));
#5110=CARTESIAN_POINT('Ctrl Pts',(-40.,12.1069105122369,-34.928801896338));
#5111=CARTESIAN_POINT('Ctrl Pts',(-40.,11.9779821020433,-34.9669311327514));
#5112=CARTESIAN_POINT('Ctrl Pts',(-40.,11.8488127304945,-35.0043525704383));
#5113=CARTESIAN_POINT('Ctrl Pts',(-40.,11.8448073684971,-35.0055129570114));
#5114=CARTESIAN_POINT('Ctrl Pts',(-40.,11.8408017748079,-35.0066726630042));
#5115=CARTESIAN_POINT('Ctrl Pts',(-40.,11.836795949603,-35.0078316883694));
#5116=CARTESIAN_POINT('Origin',(-40.,0.,0.));
#5117=CARTESIAN_POINT('',(-40.,-36.2338775337307,-7.25212900606486));
#5118=CARTESIAN_POINT('Origin',(-40.,0.,0.));
#5119=CARTESIAN_POINT('Ctrl Pts',(-40.,-36.2338775337307,-7.25212900606486));
#5120=CARTESIAN_POINT('Ctrl Pts',(-40.,-36.3906730149551,-6.61764135867839));
#5121=CARTESIAN_POINT('Ctrl Pts',(-40.,-36.5302022716999,-5.97946071489698));
#5122=CARTESIAN_POINT('Ctrl Pts',(-40.,-36.6526012863135,-5.33830057918609));
#5123=CARTESIAN_POINT('Ctrl Pts',(-40.,-36.7767384205023,-4.68803568894601));
#5124=CARTESIAN_POINT('Ctrl Pts',(-40.,-36.8832554807358,-4.03470569199094));
#5125=CARTESIAN_POINT('Ctrl Pts',(-40.,-36.9722451321412,-3.37903372232198));
#5126=CARTESIAN_POINT('Ctrl Pts',(-40.,-37.0616821259917,-2.72006575252813));
#5127=CARTESIAN_POINT('Ctrl Pts',(-40.,-37.1334151209419,-2.05873175692811));
#5128=CARTESIAN_POINT('Ctrl Pts',(-40.,-37.1874873946069,-1.39575099059559));
#5129=CARTESIAN_POINT('Ctrl Pts',(-40.,-37.2416367059103,-0.731825664898239));
#5130=CARTESIAN_POINT('Ctrl Pts',(-40.,-37.2780749829707,-0.0662484062786299));
#5131=CARTESIAN_POINT('Ctrl Pts',(-40.,-37.2967940526731,0.600266401801993));
#5132=CARTESIAN_POINT('Ctrl Pts',(-40.,-37.301811813095,0.778929747672952));
#5133=CARTESIAN_POINT('Ctrl Pts',(-40.,-37.3055560877036,0.957660482544055));
#5134=CARTESIAN_POINT('Ctrl Pts',(-40.,-37.3080260829446,1.13644487664215));
#5135=CARTESIAN_POINT('Ctrl Pts',(-40.,-37.3095865684285,1.24939669416439));
#5136=CARTESIAN_POINT('Ctrl Pts',(-40.,-37.3106384303359,1.36236992938798));
#5137=CARTESIAN_POINT('Ctrl Pts',(-40.,-37.3111814129368,1.47536111924336));
#5138=CARTESIAN_POINT('Ctrl Pts',(-40.,-37.3115316937428,1.54825230395271));
#5139=CARTESIAN_POINT('Ctrl Pts',(-40.,-37.3116701455475,1.62114258692893));
#5140=CARTESIAN_POINT('Ctrl Pts',(-40.,-37.3115968798715,1.69402462178821));
#5141=CARTESIAN_POINT('Ctrl Pts',(-40.,-37.3109220702092,2.36530077794729));
#5142=CARTESIAN_POINT('Ctrl Pts',(-40.,-37.2922918600865,3.0360478554526));
#5143=CARTESIAN_POINT('Ctrl Pts',(-40.,-37.2557905528177,3.70553129231644));
#5144=CARTESIAN_POINT('Ctrl Pts',(-40.,-37.2192158108517,4.37636162103486));
#5145=CARTESIAN_POINT('Ctrl Pts',(-40.,-37.1646980311522,5.04592369098286));
#5146=CARTESIAN_POINT('Ctrl Pts',(-40.,-37.0922703442694,5.71348732143448));
#5147=CARTESIAN_POINT('Ctrl Pts',(-40.,-37.0200330745815,6.37929588280387));
#5148=CARTESIAN_POINT('Ctrl Pts',(-40.,-36.9299799511556,7.04311697248943));
#5149=CARTESIAN_POINT('Ctrl Pts',(-40.,-36.8220922167013,7.7042278349271));
#5150=CARTESIAN_POINT('Ctrl Pts',(-40.,-36.7446179533254,8.1789720432117));
#5151=CARTESIAN_POINT('Ctrl Pts',(-40.,-36.6579458683959,8.65231872698103));
#5152=CARTESIAN_POINT('Ctrl Pts',(-40.,-36.5620524851389,9.12399871730385));
#5153=CARTESIAN_POINT('Ctrl Pts',(-40.,-36.4920571402641,9.46829153993469));
#5154=CARTESIAN_POINT('Ctrl Pts',(-40.,-36.4171484274942,9.81169632821086));
#5155=CARTESIAN_POINT('Ctrl Pts',(-40.,-36.3373695473046,10.1541203482716));
#5156=CARTESIAN_POINT('Ctrl Pts',(-40.,-36.3232100151128,10.2148953795053));
#5157=CARTESIAN_POINT('Ctrl Pts',(-40.,-36.3088970588933,10.2756395133633));
#5158=CARTESIAN_POINT('Ctrl Pts',(-40.,-36.2944309076264,10.3363522281705));
#5159=CARTESIAN_POINT('Ctrl Pts',(-40.,-36.2808103955759,10.3935158958523));
#5160=CARTESIAN_POINT('Ctrl Pts',(-40.,-36.267056160792,10.4506429418449));
#5161=CARTESIAN_POINT('Ctrl Pts',(-40.,-36.253169105295,10.507730582725));
#5162=CARTESIAN_POINT('Ctrl Pts',(-40.,-36.095887218869,11.1542932648669));
#5163=CARTESIAN_POINT('Ctrl Pts',(-40.,-35.9215487438088,11.7959001228904));
#5164=CARTESIAN_POINT('Ctrl Pts',(-40.,-35.7306150001466,12.4319527505265));
#5165=CARTESIAN_POINT('Ctrl Pts',(-40.,-35.5377662383963,13.074384828246));
#5166=CARTESIAN_POINT('Ctrl Pts',(-40.,-35.3279875638172,13.7111511076054));
#5167=CARTESIAN_POINT('Ctrl Pts',(-40.,-35.1017004523748,14.3416364306319));
#5168=CARTESIAN_POINT('Ctrl Pts',(-40.,-34.8737652996763,14.9767135565988));
#5169=CARTESIAN_POINT('Ctrl Pts',(-40.,-34.6290802647431,15.6054183358879));
#5170=CARTESIAN_POINT('Ctrl Pts',(-40.,-34.3680232021469,16.227117183704));
#5171=CARTESIAN_POINT('Ctrl Pts',(-40.,-34.1059431925734,16.8512521462561));
#5172=CARTESIAN_POINT('Ctrl Pts',(-40.,-33.8273624582451,17.4683266094027));
#5173=CARTESIAN_POINT('Ctrl Pts',(-40.,-33.5326121068421,18.0776879999065));
#5174=CARTESIAN_POINT('Ctrl Pts',(-40.,-33.238256384724,18.6862335411716));
#5175=CARTESIAN_POINT('Ctrl Pts',(-40.,-32.9277741353758,19.2870870872993));
#5176=CARTESIAN_POINT('Ctrl Pts',(-40.,-32.6014466195946,19.8795806168926));
#5177=CARTESIAN_POINT('Ctrl Pts',(-40.,-32.2766222850277,20.4693449094459));
#5178=CARTESIAN_POINT('Ctrl Pts',(-40.,-31.9360981293032,21.0508264478937));
#5179=CARTESIAN_POINT('Ctrl Pts',(-40.,-31.5801062809778,21.6233420884155));
#5180=CARTESIAN_POINT('Ctrl Pts',(-40.,-31.2892219124793,22.0911501332683));
#5181=CARTESIAN_POINT('Ctrl Pts',(-40.,-30.9880093859564,22.5529715921454));
#5182=CARTESIAN_POINT('Ctrl Pts',(-40.,-30.6765740769005,23.0084186462313));
#5183=CARTESIAN_POINT('Ctrl Pts',(-40.,-30.5867429148227,23.1397889081887));
#5184=CARTESIAN_POINT('Ctrl Pts',(-40.,-30.4960611088427,23.2706287296842));
#5185=CARTESIAN_POINT('Ctrl Pts',(-40.,-30.4045309034524,23.4009285612145));
#5186=CARTESIAN_POINT('Ctrl Pts',(-40.,-30.3324054121608,23.5036043863616));
#5187=CARTESIAN_POINT('Ctrl Pts',(-40.,-30.2597531143912,23.6059449087214));
#5188=CARTESIAN_POINT('Ctrl Pts',(-40.,-30.1865750539313,23.7079454046069));
#5189=CARTESIAN_POINT('Ctrl Pts',(-40.,-30.155652946323,23.7510467151644));
#5190=CARTESIAN_POINT('Ctrl Pts',(-40.,-30.1246401211201,23.7940828858891));
#5191=CARTESIAN_POINT('Ctrl Pts',(-40.,-30.0935412441565,23.8370473895917));
#5192=CARTESIAN_POINT('Ctrl Pts',(-40.,-29.9678362160097,24.0107145658557));
#5193=CARTESIAN_POINT('Ctrl Pts',(-40.,-29.8407028473801,24.1832420697998));
#5194=CARTESIAN_POINT('Ctrl Pts',(-40.,-29.7121535889992,24.354610786565));
#5195=CARTESIAN_POINT('Ctrl Pts',(-40.,-29.3114593334389,24.8887753648396));
#5196=CARTESIAN_POINT('Ctrl Pts',(-40.,-28.8970120311365,25.4116825703924));
#5197=CARTESIAN_POINT('Ctrl Pts',(-40.,-28.4694797715659,25.9230080390344));
#5198=CARTESIAN_POINT('Ctrl Pts',(-40.,-28.0345315304924,26.4432029675416));
#5199=CARTESIAN_POINT('Ctrl Pts',(-40.,-27.5860402667494,26.9514112240611));
#5200=CARTESIAN_POINT('Ctrl Pts',(-40.,-27.1246599209559,27.4472697802328));
#5201=CARTESIAN_POINT('Ctrl Pts',(-40.,-26.6597931290362,27.9468753190364));
#5202=CARTESIAN_POINT('Ctrl Pts',(-40.,-26.181841444756,28.4339441434329));
#5203=CARTESIAN_POINT('Ctrl Pts',(-40.,-25.6914275531678,28.9080782094477));
#5204=CARTESIAN_POINT('Ctrl Pts',(-40.,-25.1988928729367,29.3842626622066));
#5205=CARTESIAN_POINT('Ctrl Pts',(-40.,-24.693787653563,29.8474005773185));
#5206=CARTESIAN_POINT('Ctrl Pts',(-40.,-24.1767007937352,30.2970568458271));
#5207=CARTESIAN_POINT('Ctrl Pts',(-40.,-23.6592786427371,30.7470046819392));
#5208=CARTESIAN_POINT('Ctrl Pts',(-40.,-23.1298589672592,31.1834537066673));
#5209=CARTESIAN_POINT('Ctrl Pts',(-40.,-22.5889949033296,31.6059311851778));
#5210=CARTESIAN_POINT('Ctrl Pts',(-40.,-22.0514070807661,32.0258495397168));
#5211=CARTESIAN_POINT('Ctrl Pts',(-40.,-21.5025127277909,32.431965378301));
#5212=CARTESIAN_POINT('Ctrl Pts',(-40.,-20.9428238968377,32.823773733983));
#5213=CARTESIAN_POINT('Ctrl Pts',(-40.,-20.6074114167406,33.0585781557155));
#5214=CARTESIAN_POINT('Ctrl Pts',(-40.,-20.2681216243102,33.2882433703424));
#5215=CARTESIAN_POINT('Ctrl Pts',(-40.,-19.9250601542882,33.5126529671891));
#5216=CARTESIAN_POINT('Ctrl Pts',(-40.,-19.7964121030299,33.5968065660066));
#5217=CARTESIAN_POINT('Ctrl Pts',(-40.,-19.6672336278807,33.6802210325357));
#5218=CARTESIAN_POINT('Ctrl Pts',(-40.,-19.5375301894774,33.7628900039789));
#5219=CARTESIAN_POINT('Ctrl Pts',(-40.,-19.4644586075823,33.8094635766719));
#5220=CARTESIAN_POINT('Ctrl Pts',(-40.,-19.3912204062523,33.8558005339961));
#5221=CARTESIAN_POINT('Ctrl Pts',(-40.,-19.3178165540755,33.9018997205994));
#5222=CARTESIAN_POINT('Ctrl Pts',(-40.,-19.2621112667521,33.9368838305468));
#5223=CARTESIAN_POINT('Ctrl Pts',(-40.,-19.2063082372066,33.971732428524));
#5224=CARTESIAN_POINT('Ctrl Pts',(-40.,-19.150428293696,34.0064324264292));
#5225=CARTESIAN_POINT('Ctrl Pts',(-40.,-18.5606170643551,34.3726899266487));
#5226=CARTESIAN_POINT('Ctrl Pts',(-40.,-17.9617747329868,34.7226894375868));
#5227=CARTESIAN_POINT('Ctrl Pts',(-40.,-17.3545478892778,35.0560485050583));
#5228=CARTESIAN_POINT('Ctrl Pts',(-40.,-17.1531856934392,35.1665935419325));
#5229=CARTESIAN_POINT('Ctrl Pts',(-40.,-16.950901161105,35.2753084502074));
#5230=CARTESIAN_POINT('Ctrl Pts',(-40.,-16.7477169087134,35.3821784668834));
#5231=CARTESIAN_POINT('Ctrl Pts',(-40.,-16.1441746417107,35.6996271440325));
#5232=CARTESIAN_POINT('Ctrl Pts',(-40.,-15.5326963298887,36.0008006168696));
#5233=CARTESIAN_POINT('Ctrl Pts',(-40.,-14.9140124357707,36.2856480782635));
#5234=CARTESIAN_POINT('Ctrl Pts',(-40.,-14.2868918087195,36.5743798850903));
#5235=CARTESIAN_POINT('Ctrl Pts',(-40.,-13.6523673929721,36.846337607872));
#5236=CARTESIAN_POINT('Ctrl Pts',(-40.,-13.0111676922156,37.1014256179541));
#5237=CARTESIAN_POINT('Ctrl Pts',(-40.,-12.3669914599551,37.3576977793971));
#5238=CARTESIAN_POINT('Ctrl Pts',(-40.,-11.7160774104761,37.5969434163671));
#5239=CARTESIAN_POINT('Ctrl Pts',(-40.,-11.0591377386184,37.8190198097677));
#5240=CARTESIAN_POINT('Ctrl Pts',(-40.,-10.4014692372737,38.041342581688));
#5241=CARTESIAN_POINT('Ctrl Pts',(-40.,-9.7377613010538,38.246458148235));
#5242=CARTESIAN_POINT('Ctrl Pts',(-40.,-9.06870840171177,38.4341751254008));
#5243=CARTESIAN_POINT('Ctrl Pts',(-40.,-8.40140163360961,38.6214021884233));
#5244=CARTESIAN_POINT('Ctrl Pts',(-40.,-7.72877732138813,38.79132148946));
#5245=CARTESIAN_POINT('Ctrl Pts',(-40.,-7.05151113055307,38.9436931328708));
#5246=CARTESIAN_POINT('Ctrl Pts',(-40.,-6.47253409308001,39.0739516396304));
#5247=CARTESIAN_POINT('Ctrl Pts',(-40.,-5.89016435618044,39.1913853974712));
#5248=CARTESIAN_POINT('Ctrl Pts',(-40.,-5.30481994276204,39.2958143065253));
#5249=CARTESIAN_POINT('Ctrl Pts',(-40.,-5.21591685525767,39.3116751437124));
#5250=CARTESIAN_POINT('Ctrl Pts',(-40.,-5.12694514433022,39.3272359308637));
#5251=CARTESIAN_POINT('Ctrl Pts',(-40.,-5.03790627181555,39.3424959789905));
#5252=CARTESIAN_POINT('Ctrl Pts',(-40.,-4.99087320812875,39.3505568045057));
#5253=CARTESIAN_POINT('Ctrl Pts',(-40.,-4.94383192830356,39.3585319153142));
#5254=CARTESIAN_POINT('Ctrl Pts',(-40.,-4.89677967147244,39.3664218130313));
#5255=CARTESIAN_POINT('Ctrl Pts',(-40.,-4.20489968307953,39.4824388270609));
#5256=CARTESIAN_POINT('Ctrl Pts',(-40.,-3.51081622772416,39.5800056857464));
#5257=CARTESIAN_POINT('Ctrl Pts',(-40.,-2.81527131865852,39.6590511605974));
#5258=CARTESIAN_POINT('Ctrl Pts',(-40.,-2.11597791033937,39.7385226351209));
#5259=CARTESIAN_POINT('Ctrl Pts',(-40.,-1.41520682437205,39.7992727245894));
#5260=CARTESIAN_POINT('Ctrl Pts',(-40.,-0.713689416932086,39.8411816563674));
#5261=CARTESIAN_POINT('Ctrl Pts',(-40.,-0.475869532055005,39.8553891118418));
#5262=CARTESIAN_POINT('Ctrl Pts',(-40.,-0.237963712546575,39.8674308112453));
#5263=CARTESIAN_POINT('Ctrl Pts',(-40.,1.44644840727597E-13,39.8773008075689));
#5264=CARTESIAN_POINT('',(-40.,3.06161699786838E-15,25.));
#5265=CARTESIAN_POINT('Origin',(-40.,0.,0.));
#5266=CARTESIAN_POINT('Origin',(-80.,0.,0.));
#5267=CARTESIAN_POINT('Ctrl Pts',(-40.,11.8367959496025,-35.0078316883696));
#5268=CARTESIAN_POINT('Ctrl Pts',(-40.0806537882379,8.88074843093202,-36.00841164003));
#5269=CARTESIAN_POINT('Ctrl Pts',(-40.1613075764758,5.79612187211059,-36.6283090389898));
#5270=CARTESIAN_POINT('Ctrl Pts',(-40.2419613647137,2.6833366615831,-36.8549448596875));
#5271=CARTESIAN_POINT('Origin',(-80.,0.,0.));
#5272=CARTESIAN_POINT('Ctrl Pts',(-47.3480594237313,-12.9013462124788,34.6268337871879));
#5273=CARTESIAN_POINT('Ctrl Pts',(-47.2759142754108,-15.5172413073759,33.6516046743097));
#5274=CARTESIAN_POINT('Ctrl Pts',(-47.2037691270904,-18.0227337527609,32.3799946176257));
#5275=CARTESIAN_POINT('Ctrl Pts',(-47.13162397877,-20.3528472267452,30.8424864707789));
#5276=CARTESIAN_POINT('Ctrl Pts',(-47.0387428593804,-23.3526823203966,28.863067465146));
#5277=CARTESIAN_POINT('Ctrl Pts',(-46.9458617399909,-26.0618354144491,26.4429354828051));
#5278=CARTESIAN_POINT('Ctrl Pts',(-46.8529806206014,-28.365382773948,23.6841473216349));
#5279=CARTESIAN_POINT('Ctrl Pts',(-46.7600995012118,-30.6689301334468,20.9253591604648));
#5280=CARTESIAN_POINT('Ctrl Pts',(-46.6672183818223,-32.566871758392,17.8279148204655));
#5281=CARTESIAN_POINT('Ctrl Pts',(-46.5743372624328,-33.9794117698565,14.5229978330289));
#5282=CARTESIAN_POINT('Ctrl Pts',(-46.4814561430432,-35.3919517813212,11.2180808455921));
#5283=CARTESIAN_POINT('Ctrl Pts',(-46.3885750236537,-36.3190901793052,7.70569121071803));
#5284=CARTESIAN_POINT('Ctrl Pts',(-46.2956939042641,-36.7211658879721,4.1341943280312));
#5285=CARTESIAN_POINT('Ctrl Pts',(-46.2028127848746,-37.1232415966389,0.562697445344548));
#5286=CARTESIAN_POINT('Ctrl Pts',(-46.1099316654851,-37.0002546159887,-3.06790668515483));
#5287=CARTESIAN_POINT('Ctrl Pts',(-46.0170505460955,-36.3578185608236,-6.60409884213147));
#5288=CARTESIAN_POINT('Ctrl Pts',(-45.924169426706,-35.7153825056584,-10.1402909991081));
#5289=CARTESIAN_POINT('Ctrl Pts',(-45.8312883073165,-34.5534973759785,-13.582071182562));
#5290=CARTESIAN_POINT('Ctrl Pts',(-45.738407187927,-32.9211597532641,-16.7840792786415));
#5291=CARTESIAN_POINT('Ctrl Pts',(-45.6455260685374,-31.2888221305497,-19.986087374721));
#5292=CARTESIAN_POINT('Ctrl Pts',(-45.5526449491479,-29.1860320148009,-22.948323383426));
#5293=CARTESIAN_POINT('Ctrl Pts',(-45.4597638297584,-26.7014701450642,-25.5452866879966));
#5294=CARTESIAN_POINT('Ctrl Pts',(-45.3668827103688,-24.2169082753275,-28.1422499925671));
#5295=CARTESIAN_POINT('Ctrl Pts',(-45.2740015909793,-21.350574651603,-30.3739405930032));
#5296=CARTESIAN_POINT('Ctrl Pts',(-45.1811204715898,-18.2239535162772,-32.1462984145789));
#5297=CARTESIAN_POINT('Ctrl Pts',(-45.1146516326839,-15.9864387454642,-33.4146570142622));
#5298=CARTESIAN_POINT('Ctrl Pts',(-45.048182793778,-13.6156225979206,-34.4477769295271));
#5299=CARTESIAN_POINT('Ctrl Pts',(-44.9817139548721,-11.1638258203079,-35.2253035758533));
#5300=CARTESIAN_POINT('Ctrl Pts',(-46.6396321865592,-12.4540856347938,-34.7905590894149));
#5301=CARTESIAN_POINT('Ctrl Pts',(-46.7254126816409,-15.57928184852,-33.6718050402776));
#5302=CARTESIAN_POINT('Ctrl Pts',(-46.8111931767225,-18.552182656193,-32.1295314729731));
#5303=CARTESIAN_POINT('Ctrl Pts',(-46.8969736718041,-21.266879920298,-30.2192402543805));
#5304=CARTESIAN_POINT('Ctrl Pts',(-46.9830079676787,-23.9896092238253,-28.3032970116824));
#5305=CARTESIAN_POINT('Ctrl Pts',(-47.0690422635533,-26.4526048175165,-26.0171551708803));
#5306=CARTESIAN_POINT('Ctrl Pts',(-47.1550765594278,-28.5640649107841,-23.44388091369));
#5307=CARTESIAN_POINT('Ctrl Pts',(-47.2411108553024,-30.6755250040518,-20.8706066564997));
#5308=CARTESIAN_POINT('Ctrl Pts',(-47.3271451511769,-32.435449596896,-18.0101999829211));
#5309=CARTESIAN_POINT('Ctrl Pts',(-47.4131794470515,-33.7848510944856,-14.9661279170263));
#5310=CARTESIAN_POINT('Ctrl Pts',(-47.4992137429261,-35.1342525920753,-11.9220558511313));
#5311=CARTESIAN_POINT('Ctrl Pts',(-47.5852480388006,-36.0731309944102,-8.69431839292028));
#5312=CARTESIAN_POINT('Ctrl Pts',(-47.6712823346752,-36.5578466543402,-5.40117355589277));
#5313=CARTESIAN_POINT('Ctrl Pts',(-47.8433509264243,-37.5272779742001,1.18511611816172));
#5314=CARTESIAN_POINT('Ctrl Pts',(-48.0154195181734,-36.6800583244406,8.03303530748208));
#5315=CARTESIAN_POINT('Ctrl Pts',(-48.1874881099225,-34.1287562645179,14.1819574735179));
#5316=CARTESIAN_POINT('Ctrl Pts',(-48.2735224057971,-32.8531052345565,17.256418556536));
#5317=CARTESIAN_POINT('Ctrl Pts',(-48.3595567016717,-31.1514336020543,20.1561303837328));
#5318=CARTESIAN_POINT('Ctrl Pts',(-48.4455909975462,-29.0977002696179,22.7774628786125));
#5319=CARTESIAN_POINT('Ctrl Pts',(-48.5316252934208,-27.0439669371815,25.3987953734922));
#5320=CARTESIAN_POINT('Ctrl Pts',(-48.6176595892953,-24.6381719048109,27.7417485360548));
#5321=CARTESIAN_POINT('Ctrl Pts',(-48.7036938851699,-21.9610934474358,29.7201552661903));
#5322=CARTESIAN_POINT('Ctrl Pts',(-48.7851220098463,-19.4273425033535,31.5926405145961));
#5323=CARTESIAN_POINT('Ctrl Pts',(-48.8665501345227,-16.6505788941682,33.1385691364908));
#5324=CARTESIAN_POINT('Ctrl Pts',(-48.947978259199,-13.7249125114632,34.309082605827));
#5325=CARTESIAN_POINT('Origin',(-80.,0.,0.));
#5326=CARTESIAN_POINT('Ctrl Pts',(-41.517813221266,-6.57452711253977,36.3590624748126));
#5327=CARTESIAN_POINT('Ctrl Pts',(-41.434034114238,-9.76463736051879,35.7808603083687));
#5328=CARTESIAN_POINT('Ctrl Pts',(-41.35025500721,-12.8793817719985,34.7858960800303));
#5329=CARTESIAN_POINT('Ctrl Pts',(-41.266475900182,-15.8092376889127,33.3994939360042));
#5330=CARTESIAN_POINT('Ctrl Pts',(-41.1257563557173,-20.7303690377739,31.0708241151752));
#5331=CARTESIAN_POINT('Ctrl Pts',(-40.9850368112526,-25.1298887478815,27.637820716684));
#5332=CARTESIAN_POINT('Ctrl Pts',(-40.844317266788,-28.5810543293595,23.4274655311062));
#5333=CARTESIAN_POINT('Ctrl Pts',(-40.7035977223233,-32.0322199108376,19.2171103455283));
#5334=CARTESIAN_POINT('Ctrl Pts',(-40.5628781778587,-34.5350313636861,14.2294033728637));
#5335=CARTESIAN_POINT('Ctrl Pts',(-40.422158633394,-35.8526163094051,8.94696011259109));
#5336=CARTESIAN_POINT('Ctrl Pts',(-40.2814390889293,-37.1702012551241,3.66451685231847));
#5337=CARTESIAN_POINT('Ctrl Pts',(-40.1407195444647,-37.3025596937136,-1.91266269556219));
#5338=CARTESIAN_POINT('Ctrl Pts',(-40.,-36.2338775337307,-7.25212900606486));
#5339=CARTESIAN_POINT('Ctrl Pts',(-40.4004666604395,-3.44290956417131,-36.7917603544997));
#5340=CARTESIAN_POINT('Ctrl Pts',(-40.499479833002,-7.25771297323275,-36.4347776220634));
#5341=CARTESIAN_POINT('Ctrl Pts',(-40.5984930055644,-11.0161798146701,-35.4797253628109));
#5342=CARTESIAN_POINT('Ctrl Pts',(-40.6975061781268,-14.5385343029536,-33.9725195600177));
#5343=CARTESIAN_POINT('Ctrl Pts',(-40.7965193506893,-18.060888791237,-32.4653137572245));
#5344=CARTESIAN_POINT('Ctrl Pts',(-40.8955325232517,-21.3471309263666,-30.4059544108906));
#5345=CARTESIAN_POINT('Ctrl Pts',(-40.9945456958141,-24.2390802409305,-27.8928968916293));
#5346=CARTESIAN_POINT('Ctrl Pts',(-41.0935588683765,-27.1310295554945,-25.379839372368));
#5347=CARTESIAN_POINT('Ctrl Pts',(-41.192572040939,-29.6286860494928,-22.4130836801794));
#5348=CARTESIAN_POINT('Ctrl Pts',(-41.2915852135014,-31.6126962514649,-19.1353852931391));
#5349=CARTESIAN_POINT('Ctrl Pts',(-41.3905983860638,-33.596706453437,-15.8576869060988));
#5350=CARTESIAN_POINT('Ctrl Pts',(-41.4896115586263,-35.067070363383,-12.2690458242068));
#5351=CARTESIAN_POINT('Ctrl Pts',(-41.5886247311887,-35.9526191070749,-8.54150755055219));
#5352=CARTESIAN_POINT('Ctrl Pts',(-41.6876379037511,-36.8381678507667,-4.81396927689758));
#5353=CARTESIAN_POINT('Ctrl Pts',(-41.7866510763136,-37.1389014282045,-0.94753381148035));
#5354=CARTESIAN_POINT('Ctrl Pts',(-41.885664248876,-36.8409651980814,2.87219708525332));
#5355=CARTESIAN_POINT('Ctrl Pts',(-41.9846774214384,-36.5430289679583,6.6919279819869));
#5356=CARTESIAN_POINT('Ctrl Pts',(-42.0836905940008,-35.6464229302744,10.4649543100369));
#5357=CARTESIAN_POINT('Ctrl Pts',(-42.1827037665633,-34.1938424763606,14.0101682279188));
#5358=CARTESIAN_POINT('Ctrl Pts',(-42.2817169391257,-32.7412620224467,17.5553821458007));
#5359=CARTESIAN_POINT('Ctrl Pts',(-42.3807301116881,-30.732707152303,20.8727836535144));
#5360=CARTESIAN_POINT('Ctrl Pts',(-42.4797432842505,-28.2648211034814,23.8034157551994));
#5361=CARTESIAN_POINT('Ctrl Pts',(-42.578756456813,-25.7969350546598,26.7340478568846));
#5362=CARTESIAN_POINT('Ctrl Pts',(-42.6777696293754,-22.8697178271602,29.277910552541));
#5363=CARTESIAN_POINT('Ctrl Pts',(-42.7767828019379,-19.6232676301418,31.3123479486));
#5364=CARTESIAN_POINT('Ctrl Pts',(-42.8757959745003,-16.3768174331233,33.3467853446591));
#5365=CARTESIAN_POINT('Ctrl Pts',(-42.9748091470627,-12.8111342665859,34.8717974411207));
#5366=CARTESIAN_POINT('Ctrl Pts',(-43.0738223196251,-9.09759781129754,35.8150941687143));
#5367=CARTESIAN_POINT('Origin',(-80.,0.,0.));
#5368=CARTESIAN_POINT('Ctrl Pts',(-65.4052932407205,-10.8041599661712,35.3377614412032));
#5369=CARTESIAN_POINT('Ctrl Pts',(-65.3169518921014,-14.0732861001647,34.338259484634));
#5370=CARTESIAN_POINT('Ctrl Pts',(-65.2286105434823,-17.2020715918596,32.8823029698727));
#5371=CARTESIAN_POINT('Ctrl Pts',(-65.1402691948632,-20.0723997941961,31.0254925792145));
#5372=CARTESIAN_POINT('Ctrl Pts',(-65.0519278462441,-22.9427279965327,29.1686821885564));
#5373=CARTESIAN_POINT('Ctrl Pts',(-64.963586497625,-25.5545989095109,26.9110179220014));
#5374=CARTESIAN_POINT('Ctrl Pts',(-64.8752451490059,-27.8054060877515,24.3389367535942));
#5375=CARTESIAN_POINT('Ctrl Pts',(-64.7869038003868,-30.0562132659923,21.766855585187));
#5376=CARTESIAN_POINT('Ctrl Pts',(-64.6985624517677,-31.9459567094955,18.8803575149274));
#5377=CARTESIAN_POINT('Ctrl Pts',(-64.6102211031486,-33.4078130008558,15.7895157901435));
#5378=CARTESIAN_POINT('Ctrl Pts',(-64.5218797545295,-34.869669292216,12.6986740653596));
#5379=CARTESIAN_POINT('Ctrl Pts',(-64.4335384059104,-35.9036384314333,9.40348868605134));
#5380=CARTESIAN_POINT('Ctrl Pts',(-64.3451970572913,-36.4594631647017,6.03116986519783));
#5381=CARTESIAN_POINT('Ctrl Pts',(-64.1685143600531,-37.5711126312384,-0.713467776509101));
#5382=CARTESIAN_POINT('Ctrl Pts',(-63.9918316628149,-36.7701844739797,-7.76663918439702));
#5383=CARTESIAN_POINT('Ctrl Pts',(-63.8151489655767,-34.1687528181092,-14.0878574031343));
#5384=CARTESIAN_POINT('Ctrl Pts',(-63.7268076169577,-32.868036990174,-17.248466512503));
#5385=CARTESIAN_POINT('Ctrl Pts',(-63.6384662683386,-31.1171952875859,-20.226087324584));
#5386=CARTESIAN_POINT('Ctrl Pts',(-63.5501249197195,-28.9959656184252,-22.9081137377695));
#5387=CARTESIAN_POINT('Ctrl Pts',(-63.4617835711004,-26.8747359492645,-25.5901401509549));
#5388=CARTESIAN_POINT('Ctrl Pts',(-63.3734422224813,-24.3831183135313,-27.9765721652448));
#5389=CARTESIAN_POINT('Ctrl Pts',(-63.2851008738622,-21.6105257785307,-29.9755663289475));
#5390=CARTESIAN_POINT('Ctrl Pts',(-63.1977161041224,-18.8679554641698,-31.9529149594236));
#5391=CARTESIAN_POINT('Ctrl Pts',(-63.1103313343826,-15.8504622179139,-33.5511708307663));
#5392=CARTESIAN_POINT('Ctrl Pts',(-63.0229465646428,-12.6740810710779,-34.7110193584659));
#5393=CARTESIAN_POINT('Ctrl Pts',(-64.6139490380743,-11.5139004001215,-35.112504003562));
#5394=CARTESIAN_POINT('Ctrl Pts',(-64.688195104246,-14.2438409115821,-34.2167686312058));
#5395=CARTESIAN_POINT('Ctrl Pts',(-64.7624411704176,-16.8695996739903,-33.003024269551));
#5396=CARTESIAN_POINT('Ctrl Pts',(-64.8366872365893,-19.3186667431617,-31.5011521380805));
#5397=CARTESIAN_POINT('Ctrl Pts',(-64.9348179363559,-22.5555879386575,-29.516134334168));
#5398=CARTESIAN_POINT('Ctrl Pts',(-65.0329486361225,-25.4838500750186,-27.0277920970989));
#5399=CARTESIAN_POINT('Ctrl Pts',(-65.1310793358892,-27.9657692385341,-24.154001909728));
#5400=CARTESIAN_POINT('Ctrl Pts',(-65.2292100356558,-30.4476884020496,-21.280211722357));
#5401=CARTESIAN_POINT('Ctrl Pts',(-65.3273407354224,-32.4832645927196,-18.0209735846841));
#5402=CARTESIAN_POINT('Ctrl Pts',(-65.425471435189,-33.9762897646829,-14.5297040708521));
#5403=CARTESIAN_POINT('Ctrl Pts',(-65.5236021349557,-35.4693149366462,-11.0384345570201));
#5404=CARTESIAN_POINT('Ctrl Pts',(-65.6217328347223,-36.4197890899028,-7.3151336670291));
#5405=CARTESIAN_POINT('Ctrl Pts',(-65.7198635344889,-36.7832242720545,-3.53537726768713));
#5406=CARTESIAN_POINT('Ctrl Pts',(-65.8179942342555,-37.1466594542062,0.244379131654774));
#5407=CARTESIAN_POINT('Ctrl Pts',(-65.9161249340221,-36.923055665253,4.08059104034756));
#5408=CARTESIAN_POINT('Ctrl Pts',(-66.0142556337888,-36.1223840846897,7.79235799020688));
#5409=CARTESIAN_POINT('Ctrl Pts',(-66.1123863335554,-35.3217125041264,11.5041249400662));
#5410=CARTESIAN_POINT('Ctrl Pts',(-66.210517033322,-33.9439731319529,15.0914469310922));
#5411=CARTESIAN_POINT('Ctrl Pts',(-66.3086477330886,-32.0547158905304,18.3853565613718));
#5412=CARTESIAN_POINT('Ctrl Pts',(-66.4067784328552,-30.1654586491078,21.6792661916514));
#5413=CARTESIAN_POINT('Ctrl Pts',(-66.5049091326219,-27.764683538436,24.6797634611847));
#5414=CARTESIAN_POINT('Ctrl Pts',(-66.6030398323885,-24.9650715222923,27.2450218767797));
#5415=CARTESIAN_POINT('Ctrl Pts',(-66.7011705321551,-22.1654595061485,29.8102802923747));
#5416=CARTESIAN_POINT('Ctrl Pts',(-66.7993012319218,-18.9670105845326,31.9402998540315));
#5417=CARTESIAN_POINT('Ctrl Pts',(-66.8974319316884,-15.5209900020564,33.5350340118364));
#5418=CARTESIAN_POINT('Ctrl Pts',(-66.9580428499184,-13.3925381287859,34.5200295521442));
#5419=CARTESIAN_POINT('Ctrl Pts',(-67.0186537681485,-11.1696382338553,35.3008149367273));
#5420=CARTESIAN_POINT('Ctrl Pts',(-67.0792646863786,-8.89318637367117,35.8655985755831));
#5421=CARTESIAN_POINT('Origin',(-80.,0.,0.));
#5422=CARTESIAN_POINT('Ctrl Pts',(-74.6886345335759,-1.92223476351314E-5,
-36.9495876663919));
#5423=CARTESIAN_POINT('Ctrl Pts',(-74.6100888203746,3.04006917756199,-36.949530802444));
#5424=CARTESIAN_POINT('Ctrl Pts',(-74.5315431071734,6.08017123250536,-36.5782998969574));
#5425=CARTESIAN_POINT('Ctrl Pts',(-74.4529973939721,9.02681975103456,-35.836062582006));
#5426=CARTESIAN_POINT('Ctrl Pts',(-74.2970473841304,14.877296457343,-34.362374052692));
#5427=CARTESIAN_POINT('Ctrl Pts',(-74.1410973742888,20.3593715036995,-31.4261472145659));
#5428=CARTESIAN_POINT('Ctrl Pts',(-73.9851473644471,24.8281611278209,-27.3727838615106));
#5429=CARTESIAN_POINT('Ctrl Pts',(-73.8291973546055,29.2969507519423,-23.3194205084553));
#5430=CARTESIAN_POINT('Ctrl Pts',(-73.6732473447638,32.7524549538285,-18.1489206404708));
#5431=CARTESIAN_POINT('Ctrl Pts',(-73.5172973349222,34.7881873181875,-12.4695170664552));
#5432=CARTESIAN_POINT('Ctrl Pts',(-73.3613473250805,36.8239196825464,-6.79011349243955));
#5433=CARTESIAN_POINT('Ctrl Pts',(-73.2053973152388,37.439880209378,-0.60180621239272));
#5434=CARTESIAN_POINT('Ctrl Pts',(-73.0494473053971,36.5636076579209,5.36744781398901));
#5435=CARTESIAN_POINT('Ctrl Pts',(-72.8934972955555,35.6873351064638,11.3367018403707));
#5436=CARTESIAN_POINT('Ctrl Pts',(-72.7375472857138,33.3188294767179,17.0869026130874));
#5437=CARTESIAN_POINT('Ctrl Pts',(-72.5815972758722,29.7367154566237,21.9416183420004));
#5438=CARTESIAN_POINT('Ctrl Pts',(-72.4256472660305,26.1546014365294,26.7963340709135));
#5439=CARTESIAN_POINT('Ctrl Pts',(-72.2696972561889,21.3588790260868,30.755564756023));
#5440=CARTESIAN_POINT('Ctrl Pts',(-72.1137472463472,15.9136801678566,33.3535829213261));
#5441=CARTESIAN_POINT('Ctrl Pts',(-71.9577972365056,10.4684813096264,35.9516010866291));
#5442=CARTESIAN_POINT('Ctrl Pts',(-71.8018472266639,4.37380600360873,37.1884067321258));
#5443=CARTESIAN_POINT('Ctrl Pts',(-71.6458972168223,-1.65337407797284,36.9184749365162));
#5444=CARTESIAN_POINT('Ctrl Pts',(-71.4899472069806,-7.6805541595544,36.6485431409065));
#5445=CARTESIAN_POINT('Ctrl Pts',(-71.333997197139,-13.6402390166998,34.8718739041907));
#5446=CARTESIAN_POINT('Ctrl Pts',(-71.1780471872973,-18.8314147992325,31.7975351344702));
#5447=CARTESIAN_POINT('Ctrl Pts',(-71.0220971774557,-24.0225905817653,28.7231963647497));
#5448=CARTESIAN_POINT('Ctrl Pts',(-70.866147167614,-28.4452572896853,24.3511880620245));
#5449=CARTESIAN_POINT('Ctrl Pts',(-70.7101971577723,-31.5790451089336,19.1956659621753));
#5450=CARTESIAN_POINT('Ctrl Pts',(-70.5542471479307,-34.7128329281819,14.0401438623261));
#5451=CARTESIAN_POINT('Ctrl Pts',(-70.3982971380891,-36.5577418587584,8.10110796535276));
#5452=CARTESIAN_POINT('Ctrl Pts',(-70.2423471282474,-36.8969752568089,2.07750008985536));
#5453=CARTESIAN_POINT('Ctrl Pts',(-70.0863971184058,-37.2362086548593,-3.94610778564208));
#5454=CARTESIAN_POINT('Ctrl Pts',(-69.9304471085641,-36.0697665203837,-10.0542876396636));
#5455=CARTESIAN_POINT('Ctrl Pts',(-69.7744970987224,-33.5343824395578,-15.5291219018629));
#5456=CARTESIAN_POINT('Ctrl Pts',(-69.6185470888807,-30.9989983587319,-21.0039561640622));
#5457=CARTESIAN_POINT('Ctrl Pts',(-69.4625970790391,-27.0946723315559,-25.8454448344393));
#5458=CARTESIAN_POINT('Ctrl Pts',(-69.3066470691975,-22.2817045659557,-29.4823345607461));
#5459=CARTESIAN_POINT('Ctrl Pts',(-69.1506970593558,-17.4687368003555,-33.119224287053));
#5460=CARTESIAN_POINT('Ctrl Pts',(-68.9947470495141,-11.7471272963311,-35.5515150692895));
#5461=CARTESIAN_POINT('Ctrl Pts',(-68.8387970396725,-5.78685549281723,-36.4965691504729));
#5462=CARTESIAN_POINT('Ctrl Pts',(-70.3113654664241,0.000238235170308965,
-36.9501598282293));
#5463=CARTESIAN_POINT('Ctrl Pts',(-70.3946040843856,-3.22135771776934,-36.9493591035285));
#5464=CARTESIAN_POINT('Ctrl Pts',(-70.477842702347,-6.44315878932401,-36.5312185919238));
#5465=CARTESIAN_POINT('Ctrl Pts',(-70.5610813203085,-9.55404342652147,-35.6986502839607));
#5466=CARTESIAN_POINT('Ctrl Pts',(-70.7109054263354,-15.1534337231792,-34.2000814044946));
#5467=CARTESIAN_POINT('Ctrl Pts',(-70.8607295323622,-20.3934807063194,-31.3588633637907));
#5468=CARTESIAN_POINT('Ctrl Pts',(-71.0105536383891,-24.704377683449,-27.4839456813437));
#5469=CARTESIAN_POINT('Ctrl Pts',(-71.1603777444159,-29.0152746605786,-23.6090279988967));
#5470=CARTESIAN_POINT('Ctrl Pts',(-71.3102018504428,-32.3970216316975,-18.7004106747067));
#5471=CARTESIAN_POINT('Ctrl Pts',(-71.4600259564697,-34.4818731887261,-13.291876114021));
#5472=CARTESIAN_POINT('Ctrl Pts',(-71.6098500624965,-36.5667247457546,-7.88334155333526));
#5473=CARTESIAN_POINT('Ctrl Pts',(-71.7596741685233,-37.3546808886927,-1.97488975615377));
#5474=CARTESIAN_POINT('Ctrl Pts',(-71.9094982745502,-36.7600594787098,3.79098084587291));
#5475=CARTESIAN_POINT('Ctrl Pts',(-72.059322380577,-36.165438068727,9.55685144789959));
#5476=CARTESIAN_POINT('Ctrl Pts',(-72.2091464866039,-34.1882391058232,15.1801408547715));
#5477=CARTESIAN_POINT('Ctrl Pts',(-72.3589705926307,-31.0434675001223,20.0493558045335));
#5478=CARTESIAN_POINT('Ctrl Pts',(-72.5087946986576,-27.8986958944214,24.9185707542956));
#5479=CARTESIAN_POINT('Ctrl Pts',(-72.6586188046845,-23.5863516459233,29.0337112469479));
#5480=CARTESIAN_POINT('Ctrl Pts',(-72.8084429107113,-18.5753714180552,31.947286266));
#5481=CARTESIAN_POINT('Ctrl Pts',(-72.9582670167381,-13.5643911901871,34.8608612850521));
#5482=CARTESIAN_POINT('Ctrl Pts',(-73.108091122765,-7.854774982949,36.5728708305041));
#5483=CARTESIAN_POINT('Ctrl Pts',(-73.2579152287918,-2.06740190520391,36.8971459784586));
#5484=CARTESIAN_POINT('Ctrl Pts',(-73.4077393348187,3.71997117254119,37.2214211264132));
#5485=CARTESIAN_POINT('Ctrl Pts',(-73.5575634408455,9.58510112079329,36.1579618768703));
#5486=CARTESIAN_POINT('Ctrl Pts',(-73.7073875468724,14.8901975915833,33.8224118567524));
#5487=CARTESIAN_POINT('Ctrl Pts',(-73.8572116528992,20.1952940623733,31.4868618366345));
#5488=CARTESIAN_POINT('Ctrl Pts',(-74.0070357589261,24.9403570557013,27.8792210459415));
#5489=CARTESIAN_POINT('Ctrl Pts',(-74.1568598649529,28.6093952747362,23.3917941596456));
#5490=CARTESIAN_POINT('Ctrl Pts',(-74.3066839709797,32.2784334937711,18.9043672733497));
#5491=CARTESIAN_POINT('Ctrl Pts',(-74.4565080770066,34.8714469385129,13.5371542914509));
#5492=CARTESIAN_POINT('Ctrl Pts',(-74.6063321830335,36.10646459078,7.87380072361516));
#5493=CARTESIAN_POINT('Ctrl Pts',(-74.7561562890603,37.3414822430471,2.21044715577939));
#5494=CARTESIAN_POINT('Ctrl Pts',(-74.9059803950871,37.2185041028395,-3.74904699799336));
#5495=CARTESIAN_POINT('Ctrl Pts',(-75.055804501114,35.7509023202585,-9.35663005014465));
#5496=CARTESIAN_POINT('Ctrl Pts',(-75.2056286071408,34.2833005376775,-14.9642131022959));
#5497=CARTESIAN_POINT('Ctrl Pts',(-75.3554527131677,31.4710751127232,-20.2198850528257));
#5498=CARTESIAN_POINT('Ctrl Pts',(-75.5052768191945,27.6200369077507,-24.5521296401462));
#5499=CARTESIAN_POINT('Ctrl Pts',(-75.6551009252214,23.7689987027783,-28.8843742274668));
#5500=CARTESIAN_POINT('Ctrl Pts',(-75.8049250312482,18.8791477177877,-32.2931914515781));
#5501=CARTESIAN_POINT('Ctrl Pts',(-75.9547491372751,13.4822160763425,-34.4078973333838));
#5502=CARTESIAN_POINT('Ctrl Pts',(-76.0736212469914,9.20023057196411,-36.085728466611));
#5503=CARTESIAN_POINT('Ctrl Pts',(-76.1924933567078,4.59903719414976,-36.9489149781031));
#5504=CARTESIAN_POINT('Ctrl Pts',(-76.3113654664241,-0.000702001353174997,
-36.9528886493806));
#5505=CARTESIAN_POINT('Origin',(-80.,0.,0.));
#5506=CARTESIAN_POINT('Ctrl Pts',(-43.5652205714582,9.7080286062927,35.6544728867137));
#5507=CARTESIAN_POINT('Ctrl Pts',(-43.6552354967041,13.0689407769827,34.7393610128132));
#5508=CARTESIAN_POINT('Ctrl Pts',(-43.7452504219499,16.2987947992162,33.3459708135354));
#5509=CARTESIAN_POINT('Ctrl Pts',(-43.8352653471958,19.2710274492892,31.5295321429322));
#5510=CARTESIAN_POINT('Ctrl Pts',(-43.9252802724417,22.2432600993623,29.713093472329));
#5511=CARTESIAN_POINT('Ctrl Pts',(-44.0152951976875,24.957871377275,27.4736063304003));
#5512=CARTESIAN_POINT('Ctrl Pts',(-44.1053101229334,27.3041666601004,24.9000575973834));
#5513=CARTESIAN_POINT('Ctrl Pts',(-44.1953250481793,29.6504619429258,22.3265088643665));
#5514=CARTESIAN_POINT('Ctrl Pts',(-44.2853399734251,31.6284412306637,19.4188985402614));
#5515=CARTESIAN_POINT('Ctrl Pts',(-44.375354898671,33.1654720913846,16.2923471050583));
#5516=CARTESIAN_POINT('Ctrl Pts',(-44.4653698239169,34.7025029521054,13.1657956698553));
#5517=CARTESIAN_POINT('Ctrl Pts',(-44.5553847491627,35.7985853858091,9.82030312355428));
#5518=CARTESIAN_POINT('Ctrl Pts',(-44.6453996744086,36.3986420054268,6.38987494067381));
#5519=CARTESIAN_POINT('Ctrl Pts',(-44.8254295249003,37.5987552446622,-0.470981425087215));
#5520=CARTESIAN_POINT('Ctrl Pts',(-45.0054593753921,36.8147652275535,-7.67158033716614));
#5521=CARTESIAN_POINT('Ctrl Pts',(-45.1854892258838,34.1594468888976,-14.110543142444));
#5522=CARTESIAN_POINT('Ctrl Pts',(-45.2755041511297,32.8317877195697,-17.3300245450829));
#5523=CARTESIAN_POINT('Ctrl Pts',(-45.3655190763755,31.036296469855,-20.3590969210215));
#5524=CARTESIAN_POINT('Ctrl Pts',(-45.4555340016214,28.858863472898,-23.0792033875533));
#5525=CARTESIAN_POINT('Ctrl Pts',(-45.5455489268672,26.6814304759411,-25.7993098540851));
#5526=CARTESIAN_POINT('Ctrl Pts',(-45.6355638521131,24.1220557317418,-28.2104504112099));
#5527=CARTESIAN_POINT('Ctrl Pts',(-45.725578777359,21.2745251810402,-30.2156373914478));
#5528=CARTESIAN_POINT('Ctrl Pts',(-45.8155937026048,18.4269946303388,-32.2208243716856));
#5529=CARTESIAN_POINT('Ctrl Pts',(-45.9056086278507,15.2913082731349,-33.8200577750364));
#5530=CARTESIAN_POINT('Ctrl Pts',(-45.9956235530966,11.9967164175224,-34.9509091648207));
#5531=CARTESIAN_POINT('Ctrl Pts',(-44.4101753971997,10.6231778150002,-35.3919420048888));
#5532=CARTESIAN_POINT('Ctrl Pts',(-44.3327249369908,13.4935033878923,-34.5295554191468));
#5533=CARTESIAN_POINT('Ctrl Pts',(-44.2552744767818,16.2591780515814,-33.3183716331583));
#5534=CARTESIAN_POINT('Ctrl Pts',(-44.1778240165729,18.8374975671392,-31.7907740724031));
#5535=CARTESIAN_POINT('Ctrl Pts',(-44.0741077881147,22.2902023695697,-29.745122475549));
#5536=CARTESIAN_POINT('Ctrl Pts',(-43.9703915596565,25.4069290044248,-27.1320558847538));
#5537=CARTESIAN_POINT('Ctrl Pts',(-43.8666753311983,28.02306776208,-24.0887072806039));
#5538=CARTESIAN_POINT('Ctrl Pts',(-43.7629591027401,30.6392065197352,-21.045358676454));
#5539=CARTESIAN_POINT('Ctrl Pts',(-43.6592428742819,32.7547574001908,-17.5717280589492));
#5540=CARTESIAN_POINT('Ctrl Pts',(-43.5555266458237,34.2590636171138,-13.8509555510848));
#5541=CARTESIAN_POINT('Ctrl Pts',(-43.4518104173655,35.7633698340368,-10.1301830432204));
#5542=CARTESIAN_POINT('Ctrl Pts',(-43.3480941889072,36.6564313874273,-6.16226864499622));
#5543=CARTESIAN_POINT('Ctrl Pts',(-43.244377960449,36.8905456093349,-2.15585455630612));
#5544=CARTESIAN_POINT('Ctrl Pts',(-43.1406617319908,37.1246598312425,1.8505595323839));
#5545=CARTESIAN_POINT('Ctrl Pts',(-43.0369455035326,36.6998267216672,5.89547331153997));
#5546=CARTESIAN_POINT('Ctrl Pts',(-42.9332292750744,35.6390261763125,9.76601551830693));
#5547=CARTESIAN_POINT('Ctrl Pts',(-42.8295130466162,34.5782256309576,13.6365577250741));
#5548=CARTESIAN_POINT('Ctrl Pts',(-42.725796818158,32.8814576498234,17.3327283594519));
#5549=CARTESIAN_POINT('Ctrl Pts',(-42.6220805896998,30.6377929609115,20.6602477236044));
#5550=CARTESIAN_POINT('Ctrl Pts',(-42.5183643612416,28.3941282719997,23.9877670877568));
#5551=CARTESIAN_POINT('Ctrl Pts',(-42.4146481327834,25.6035668753104,26.9466351816838));
#5552=CARTESIAN_POINT('Ctrl Pts',(-42.3109319043252,22.4127022879579,29.3806874256198));
#5553=CARTESIAN_POINT('Ctrl Pts',(-42.207215675867,19.2218377006052,31.8147396695558));
#5554=CARTESIAN_POINT('Ctrl Pts',(-42.1034994474087,15.6306699225893,33.7239760635008));
#5555=CARTESIAN_POINT('Ctrl Pts',(-41.9997832189505,11.8285760065571,35.0084161461119));
#5556=CARTESIAN_POINT('Ctrl Pts',(-41.9590725956365,10.3361806936826,35.5125836920197));
#5557=CARTESIAN_POINT('Ctrl Pts',(-41.9183619723225,8.81128769217641,35.9204879858959));
#5558=CARTESIAN_POINT('Ctrl Pts',(-41.8776513490085,7.26662624330138,36.2300215925096));
#5559=CARTESIAN_POINT('Origin',(-80.,0.,0.));
#5560=CARTESIAN_POINT('Ctrl Pts',(-59.3072715151382,-14.3681554307196,34.0444768512311));
#5561=CARTESIAN_POINT('Ctrl Pts',(-59.1460109956607,-20.1156247022008,31.6153365313283));
#5562=CARTESIAN_POINT('Ctrl Pts',(-58.9847504761832,-25.2322012568241,27.7040295891386));
#5563=CARTESIAN_POINT('Ctrl Pts',(-58.8234899567058,-29.0827504914712,22.796532917785));
#5564=CARTESIAN_POINT('Ctrl Pts',(-58.7391677736023,-31.0961801806779,20.2304315915435));
#5565=CARTESIAN_POINT('Ctrl Pts',(-58.6548455904989,-32.7634548353802,17.3919537654979));
#5566=CARTESIAN_POINT('Ctrl Pts',(-58.5705234073954,-34.0344360657517,14.3857354343934));
#5567=CARTESIAN_POINT('Ctrl Pts',(-58.4862012242919,-35.3054172961232,11.3795171032889));
#5568=CARTESIAN_POINT('Ctrl Pts',(-58.4018790411885,-36.1801051021639,8.2055582671254));
#5569=CARTESIAN_POINT('Ctrl Pts',(-58.317556858085,-36.6178716109805,4.97320311227995));
#5570=CARTESIAN_POINT('Ctrl Pts',(-58.1489124918781,-37.4934046286137,-1.49150719741098));
#5571=CARTESIAN_POINT('Ctrl Pts',(-57.9802681256712,-36.6212524573508,-8.1898027818299));
#5572=CARTESIAN_POINT('Ctrl Pts',(-57.8116237594643,-34.1149616199007,-14.2140668767069));
#5573=CARTESIAN_POINT('Ctrl Pts',(-57.7273015763608,-32.8618162011756,-17.2261989241454));
#5574=CARTESIAN_POINT('Ctrl Pts',(-57.6429793932574,-31.2001361159037,-20.0698230991984));
#5575=CARTESIAN_POINT('Ctrl Pts',(-57.5586572101539,-29.1988561522596,-22.647827903778));
#5576=CARTESIAN_POINT('Ctrl Pts',(-57.4743350270504,-27.1975761886156,-25.2258327083576));
#5577=CARTESIAN_POINT('Ctrl Pts',(-57.390012843947,-24.8566963465995,-27.5382181424638));
#5578=CARTESIAN_POINT('Ctrl Pts',(-57.3056906608435,-22.2520038300011,-29.5029673804485));
#5579=CARTESIAN_POINT('Ctrl Pts',(-57.2316869640755,-19.9660469432383,-31.2272907018049));
#5580=CARTESIAN_POINT('Ctrl Pts',(-57.1576832673075,-17.4768923494001,-32.6838525213297));
#5581=CARTESIAN_POINT('Ctrl Pts',(-57.0836795705395,-14.8546046076163,-33.8352626331382));
#5582=CARTESIAN_POINT('Ctrl Pts',(-58.6974702012281,-14.537253637522,-33.9727642589694));
#5583=CARTESIAN_POINT('Ctrl Pts',(-58.7682876963281,-17.0569927265857,-32.8943908817853));
#5584=CARTESIAN_POINT('Ctrl Pts',(-58.839105191428,-19.4575320742509,-31.535792108293));
#5585=CARTESIAN_POINT('Ctrl Pts',(-58.909922686528,-21.6765509445998,-29.9284173553633));
#5586=CARTESIAN_POINT('Ctrl Pts',(-58.997204749653,-24.4114760481171,-27.9473393116888));
#5587=CARTESIAN_POINT('Ctrl Pts',(-59.0844868127779,-26.8706644926007,-25.5883608876714));
#5588=CARTESIAN_POINT('Ctrl Pts',(-59.1717688759028,-28.9691859035122,-22.9407690898481));
#5589=CARTESIAN_POINT('Ctrl Pts',(-59.2590509390277,-31.0677073144238,-20.2931772920249));
#5590=CARTESIAN_POINT('Ctrl Pts',(-59.3463330021526,-32.8055616917633,-17.3569721203958));
#5591=CARTESIAN_POINT('Ctrl Pts',(-59.4336150652776,-34.1049172852823,-14.2401324246617));
#5592=CARTESIAN_POINT('Ctrl Pts',(-59.6081791915274,-36.7036284723201,-8.00645303319377));
#5593=CARTESIAN_POINT('Ctrl Pts',(-59.7827433177773,-37.5483445240754,-1.05023554530601));
#5594=CARTESIAN_POINT('Ctrl Pts',(-59.9573074440271,-36.5240614404785,5.62536694438117));
#5595=CARTESIAN_POINT('Ctrl Pts',(-60.0445895071521,-36.0119198986801,8.96316818922481));
#5596=CARTESIAN_POINT('Ctrl Pts',(-60.131871570277,-35.0325285730436,12.2308156845183));
#5597=CARTESIAN_POINT('Ctrl Pts',(-60.2191536334019,-33.6325407453258,15.305125717571));
#5598=CARTESIAN_POINT('Ctrl Pts',(-60.3064356965268,-32.2325529176081,18.3794357506236));
#5599=CARTESIAN_POINT('Ctrl Pts',(-60.3937177596518,-30.4119685878092,21.2604083214355));
#5600=CARTESIAN_POINT('Ctrl Pts',(-60.4809998227767,-28.233642989254,23.8407949145945));
#5601=CARTESIAN_POINT('Ctrl Pts',(-60.5682818859016,-26.055317390699,26.4211815077536));
#5602=CARTESIAN_POINT('Ctrl Pts',(-60.6555639490265,-23.5192505233877,28.7009821232598));
#5603=CARTESIAN_POINT('Ctrl Pts',(-60.7428460121515,-20.7226961990349,30.59496882877));
#5604=CARTESIAN_POINT('Ctrl Pts',(-60.8107968975243,-18.5455210094311,32.0694765216003));
#5605=CARTESIAN_POINT('Ctrl Pts',(-60.8787477828972,-16.2104658448113,33.3101445848269));
#5606=CARTESIAN_POINT('Ctrl Pts',(-60.94669866827,-13.770705423928,34.2904419227695));
#5607=CARTESIAN_POINT('Origin',(-80.,0.,0.));
#5608=CARTESIAN_POINT('Ctrl Pts',(-61.6667541377973,13.436932403048,34.4225890761015));
#5609=CARTESIAN_POINT('Ctrl Pts',(-61.7382949447438,16.0155854225838,33.4154546630775));
#5610=CARTESIAN_POINT('Ctrl Pts',(-61.8098357516904,18.481111008412,32.1185631119237));
#5611=CARTESIAN_POINT('Ctrl Pts',(-61.881376558637,20.7707599525135,30.5625822552063));
#5612=CARTESIAN_POINT('Ctrl Pts',(-61.9724558737712,23.6857348686096,28.5816475014567));
#5613=CARTESIAN_POINT('Ctrl Pts',(-62.0635351889054,26.3156473382244,26.180778465497));
#5614=CARTESIAN_POINT('Ctrl Pts',(-62.1546145040396,28.5527957915719,23.4577422360408));
#5615=CARTESIAN_POINT('Ctrl Pts',(-62.2456938191737,30.7899442449193,20.7347060065845));
#5616=CARTESIAN_POINT('Ctrl Pts',(-62.3367731343079,32.6343286819994,17.6895025836317));
#5617=CARTESIAN_POINT('Ctrl Pts',(-62.4278524494421,34.0121883297701,14.4452826035516));
#5618=CARTESIAN_POINT('Ctrl Pts',(-62.5189317645763,35.3900479775409,11.2010626234716));
#5619=CARTESIAN_POINT('Ctrl Pts',(-62.6100110797105,36.3013828360023,7.75782608626445));
#5620=CARTESIAN_POINT('Ctrl Pts',(-62.7010903948447,36.7072089549932,4.25729476021633));
#5621=CARTESIAN_POINT('Ctrl Pts',(-62.7921697099789,37.1130350739842,0.756763434168214));
#5622=CARTESIAN_POINT('Ctrl Pts',(-62.8832490251131,37.0133524535048,-2.80106268072084));
#5623=CARTESIAN_POINT('Ctrl Pts',(-62.9743283402473,36.4165827381858,-6.27578678261803));
#5624=CARTESIAN_POINT('Ctrl Pts',(-63.0654076553815,35.8198130228668,-9.75051088451522));
#5625=CARTESIAN_POINT('Ctrl Pts',(-63.1564869705157,34.7259562127083,-13.1421329734206));
#5626=CARTESIAN_POINT('Ctrl Pts',(-63.2475662856499,33.1694989699836,-16.3034153829222));
#5627=CARTESIAN_POINT('Ctrl Pts',(-63.4297249159183,30.0565844845342,-22.6259802019255));
#5628=CARTESIAN_POINT('Ctrl Pts',(-63.6118835461867,25.0932682688199,-28.0271863033141));
#5629=CARTESIAN_POINT('Ctrl Pts',(-63.7940421764551,19.057091325452,-31.6644968671696));
#5630=CARTESIAN_POINT('Ctrl Pts',(-63.8611749301528,16.8325182738342,-33.0049915439547));
#5631=CARTESIAN_POINT('Ctrl Pts',(-63.9283076838504,14.4622273678987,-34.1059107881188));
#5632=CARTESIAN_POINT('Ctrl Pts',(-63.9954404375481,12.0041112215431,-34.9489885261781));
#5633=CARTESIAN_POINT('Ctrl Pts',(-62.3431396801248,13.0796992407306,-34.5602241095976));
#5634=CARTESIAN_POINT('Ctrl Pts',(-62.2600895460735,16.0856066328137,-33.4227321274626));
#5635=CARTESIAN_POINT('Ctrl Pts',(-62.1770394120223,18.9467341887001,-31.8940553107611));
#5636=CARTESIAN_POINT('Ctrl Pts',(-62.093989277971,21.555750595087,-30.0187212725994));
#5637=CARTESIAN_POINT('Ctrl Pts',(-61.9231945901363,26.9212584028134,-26.1620496935249));
#5638=CARTESIAN_POINT('Ctrl Pts',(-61.7523999023015,31.2205136312937,-20.8392622475794));
#5639=CARTESIAN_POINT('Ctrl Pts',(-61.5816052144667,33.870783118317,-14.7845699896886));
#5640=CARTESIAN_POINT('Ctrl Pts',(-61.4962078705493,35.1959178618287,-11.7572238607432));
#5641=CARTESIAN_POINT('Ctrl Pts',(-61.4108105266319,36.1088061699761,-8.5469015288115));
#5642=CARTESIAN_POINT('Ctrl Pts',(-61.3254131827145,36.5764939050731,-5.27511305318642));
#5643=CARTESIAN_POINT('Ctrl Pts',(-61.1546184948798,37.5118693752671,1.26846389806383));
#5644=CARTESIAN_POINT('Ctrl Pts',(-60.983823807045,36.6664425532595,8.05790542408762));
#5645=CARTESIAN_POINT('Ctrl Pts',(-60.8130291192102,34.1380352032842,14.1627353090999));
#5646=CARTESIAN_POINT('Ctrl Pts',(-60.7276317752928,32.8738315282966,17.2151502516061));
#5647=CARTESIAN_POINT('Ctrl Pts',(-60.6422344313754,31.188882721317,20.0964122838593));
#5648=CARTESIAN_POINT('Ctrl Pts',(-60.556837087458,29.1564528625611,22.7036190625515));
#5649=CARTESIAN_POINT('Ctrl Pts',(-60.4714397435406,27.1240230038052,25.3108258412438));
#5650=CARTESIAN_POINT('Ctrl Pts',(-60.3860423996232,24.7441120932728,27.643977366375));
#5651=CARTESIAN_POINT('Ctrl Pts',(-60.3006450557059,22.095698189309,29.6197132879864));
#5652=CARTESIAN_POINT('Ctrl Pts',(-60.2214418722294,19.6393827732196,31.4521423486826));
#5653=CARTESIAN_POINT('Ctrl Pts',(-60.1422386887529,16.9521026185176,32.977124552314));
#5654=CARTESIAN_POINT('Ctrl Pts',(-60.0630355052764,14.1196994887018,34.1484895554111));
#5655=CARTESIAN_POINT('Origin',(-80.,0.,0.));
#5656=CARTESIAN_POINT('Ctrl Pts',(-49.6831503691587,14.0260973217303,34.1870537060183));
#5657=CARTESIAN_POINT('Ctrl Pts',(-49.761829707464,16.8429640986907,33.031225989744));
#5658=CARTESIAN_POINT('Ctrl Pts',(-49.8405090457694,19.5177190461392,31.5264233874917));
#5659=CARTESIAN_POINT('Ctrl Pts',(-49.9191883840747,21.965709001168,29.7167398115732));
#5660=CARTESIAN_POINT('Ctrl Pts',(-50.0037355372485,24.5962672411539,27.7720921088241));
#5661=CARTESIAN_POINT('Ctrl Pts',(-50.0882826904223,26.9649754741673,25.4753923356542));
#5662=CARTESIAN_POINT('Ctrl Pts',(-50.1728298435961,28.9946909512295,22.9085970010467));
#5663=CARTESIAN_POINT('Ctrl Pts',(-50.2573769967699,31.0244064282917,20.3418016664391));
#5664=CARTESIAN_POINT('Ctrl Pts',(-50.3419241499437,32.7151291494026,17.5049107703939));
#5665=CARTESIAN_POINT('Ctrl Pts',(-50.4264713031175,33.9965015575069,14.4952174370378));
#5666=CARTESIAN_POINT('Ctrl Pts',(-50.5955656094651,36.5592463737157,8.47583077032566));
#5667=CARTESIAN_POINT('Ctrl Pts',(-50.7646599158127,37.484589937898,1.76523435437044));
#5668=CARTESIAN_POINT('Ctrl Pts',(-50.9337542221603,36.651112086177,-4.7225615277728));
#5669=CARTESIAN_POINT('Ctrl Pts',(-51.0183013753341,36.2343731603166,-7.96645946884427));
#5670=CARTESIAN_POINT('Ctrl Pts',(-51.1028485285079,35.3779288804803,-11.1546572764628));
#5671=CARTESIAN_POINT('Ctrl Pts',(-51.1873956816817,34.1220684011821,-14.1766756629491));
#5672=CARTESIAN_POINT('Ctrl Pts',(-51.2719428348555,32.866207921884,-17.1986940494355));
#5673=CARTESIAN_POINT('Ctrl Pts',(-51.3564899880293,31.2109312431239,-20.0545330147897));
#5674=CARTESIAN_POINT('Ctrl Pts',(-51.4410371412031,29.2061250624173,-22.6383848579048));
#5675=CARTESIAN_POINT('Ctrl Pts',(-51.601099362957,25.4106840638286,-27.5300583343814));
#5676=CARTESIAN_POINT('Ctrl Pts',(-51.7611615847108,20.3624955727002,-31.4469036962335));
#5677=CARTESIAN_POINT('Ctrl Pts',(-51.9212238064647,14.6804563113685,-33.9108605626882));
#5678=CARTESIAN_POINT('Ctrl Pts',(-50.3106384163435,14.2482731979719,-34.0949590494759));
#5679=CARTESIAN_POINT('Ctrl Pts',(-50.2397535376841,16.7795059474931,-33.0369996983657));
#5680=CARTESIAN_POINT('Ctrl Pts',(-50.1688686590247,19.1937043154152,-31.697323620526));
#5681=CARTESIAN_POINT('Ctrl Pts',(-50.0979837803653,21.428039922455,-30.106869295757));
#5682=CARTESIAN_POINT('Ctrl Pts',(-50.0096517593458,24.2123203435836,-28.1249509021185));
#5683=CARTESIAN_POINT('Ctrl Pts',(-49.9213197383264,26.7173011161572,-25.7536118419172));
#5684=CARTESIAN_POINT('Ctrl Pts',(-49.832987717307,28.8544399059668,-23.0847792864756));
#5685=CARTESIAN_POINT('Ctrl Pts',(-49.7446556962875,30.9915786957765,-20.4159467310338));
#5686=CARTESIAN_POINT('Ctrl Pts',(-49.6563236752681,32.7608755028223,-17.4496206803517));
#5687=CARTESIAN_POINT('Ctrl Pts',(-49.5679916542487,34.0811269519605,-14.2975112698587));
#5688=CARTESIAN_POINT('Ctrl Pts',(-49.3913276122098,36.7216298502368,-7.99329244887265));
#5689=CARTESIAN_POINT('Ctrl Pts',(-49.2146635701709,37.5659513168825,-0.945940188643208));
#5690=CARTESIAN_POINT('Ctrl Pts',(-49.0379995281321,36.4962750653676,5.80475339474159));
#5691=CARTESIAN_POINT('Ctrl Pts',(-48.9496675071126,35.9614369396102,9.18010018643398));
#5692=CARTESIAN_POINT('Ctrl Pts',(-48.8613354860932,34.9480993843126,12.4812823089152));
#5693=CARTESIAN_POINT('Ctrl Pts',(-48.7730034650737,33.5056963839649,15.5808478710347));
#5694=CARTESIAN_POINT('Ctrl Pts',(-48.6846714440543,32.0632933836172,18.6804134331541));
#5695=CARTESIAN_POINT('Ctrl Pts',(-48.5963394230349,30.1918249382194,21.5783624349118));
#5696=CARTESIAN_POINT('Ctrl Pts',(-48.5080074020155,27.9574073129612,24.1642278765659));
#5697=CARTESIAN_POINT('Ctrl Pts',(-48.419675380996,25.722989687703,26.7500933182201));
#5698=CARTESIAN_POINT('Ctrl Pts',(-48.3313433599766,23.1256228825844,29.0238751997708));
#5699=CARTESIAN_POINT('Ctrl Pts',(-48.2430113389572,20.2673331861906,30.8985205178795));
#5700=CARTESIAN_POINT('Ctrl Pts',(-48.1752998677027,18.0762930811337,32.3355417826994));
#5701=CARTESIAN_POINT('Ctrl Pts',(-48.1075883964483,15.7319324330422,33.5380269577464));
#5702=CARTESIAN_POINT('Ctrl Pts',(-48.0398769251938,13.2872857122757,34.4806064111769));
#5703=CARTESIAN_POINT('Origin',(-80.,0.,0.));
#5704=CARTESIAN_POINT('Ctrl Pts',(-53.2922372908591,-14.9023644360389,33.8141120510001));
#5705=CARTESIAN_POINT('Ctrl Pts',(-53.2210326638633,-17.4234509937519,32.7025391472663));
#5706=CARTESIAN_POINT('Ctrl Pts',(-53.1498280368674,-19.8199377223861,31.3087166885349));
#5707=CARTESIAN_POINT('Ctrl Pts',(-53.0786234098716,-22.0320970509505,29.6659613724158));
#5708=CARTESIAN_POINT('Ctrl Pts',(-52.9929261318738,-24.6945087642585,27.6888474551408));
#5709=CARTESIAN_POINT('Ctrl Pts',(-52.907228853876,-27.0899227769419,25.3511550210132));
#5710=CARTESIAN_POINT('Ctrl Pts',(-52.8215315758782,-29.129707156873,22.7372112236711));
#5711=CARTESIAN_POINT('Ctrl Pts',(-52.7358342978804,-31.1694915368041,20.1232674263291));
#5712=CARTESIAN_POINT('Ctrl Pts',(-52.6501370198826,-32.8536462839829,17.2330722657726));
#5713=CARTESIAN_POINT('Ctrl Pts',(-52.5644397418848,-34.1263203252453,14.1702619081327));
#5714=CARTESIAN_POINT('Ctrl Pts',(-52.478742463887,-35.3989943665076,11.1074515504929));
#5715=CARTESIAN_POINT('Ctrl Pts',(-52.3930451858892,-36.2601877018535,7.87202599576956));
#5716=CARTESIAN_POINT('Ctrl Pts',(-52.3073479078914,-36.6695042122384,4.58179231857326));
#5717=CARTESIAN_POINT('Ctrl Pts',(-52.1359533518958,-37.4881372330081,-1.9986750358194));
#5718=CARTESIAN_POINT('Ctrl Pts',(-51.9645587959002,-36.4992629539338,-8.79837488010408));
#5719=CARTESIAN_POINT('Ctrl Pts',(-51.7931642399046,-33.8343490991967,-14.87046874896));
#5720=CARTESIAN_POINT('Ctrl Pts',(-51.7074669619068,-32.5018921718281,-17.906515683388));
#5721=CARTESIAN_POINT('Ctrl Pts',(-51.621769683909,-30.7504253505439,-20.7606611239587));
#5722=CARTESIAN_POINT('Ctrl Pts',(-51.5360724059112,-28.6549976918281,-23.3319644338398));
#5723=CARTESIAN_POINT('Ctrl Pts',(-51.4503751279134,-26.5595700331123,-25.9032677437211));
#5724=CARTESIAN_POINT('Ctrl Pts',(-51.3646778499156,-24.1201815369649,-28.1917289229127));
#5725=CARTESIAN_POINT('Ctrl Pts',(-51.2789805719178,-21.418267944698,-30.1136852358057));
#5726=CARTESIAN_POINT('Ctrl Pts',(-51.2103353218619,-19.2539806008765,-31.6532110501314));
#5727=CARTESIAN_POINT('Ctrl Pts',(-51.141690071806,-16.921248400797,-32.9575751201741));
#5728=CARTESIAN_POINT('Ctrl Pts',(-51.0730448217501,-14.4769514716209,-33.9985091380072));
#5729=CARTESIAN_POINT('Ctrl Pts',(-52.705533072156,-14.823591791753,-33.848990336626));
#5730=CARTESIAN_POINT('Ctrl Pts',(-52.7797266740723,-17.4540566927146,-32.6974656684742));
#5731=CARTESIAN_POINT('Ctrl Pts',(-52.8539202759886,-19.9521874094499,-31.2403715635074));
#5732=CARTESIAN_POINT('Ctrl Pts',(-52.9281138779049,-22.2437582094195,-29.511563110742));
#5733=CARTESIAN_POINT('Ctrl Pts',(-53.0966302572524,-27.4486169068686,-25.5849099557451));
#5734=CARTESIAN_POINT('Ctrl Pts',(-53.2651466365999,-31.5878678357584,-20.2565283125849));
#5735=CARTESIAN_POINT('Ctrl Pts',(-53.4336630159474,-34.1037044863938,-14.2409220116338));
#5736=CARTESIAN_POINT('Ctrl Pts',(-53.5179212056211,-35.3616228117116,-11.2331188611582));
#5737=CARTESIAN_POINT('Ctrl Pts',(-53.6021793952948,-36.2136875674657,-8.05350954623501));
#5738=CARTESIAN_POINT('Ctrl Pts',(-53.6864375849686,-36.6374825630674,-4.82019919060539));
#5739=CARTESIAN_POINT('Ctrl Pts',(-53.7706957746423,-37.0612775586691,-1.58688883497569));
#5740=CARTESIAN_POINT('Ctrl Pts',(-53.854953964316,-37.0568027941182,1.7001225613604));
#5741=CARTESIAN_POINT('Ctrl Pts',(-53.9392121539898,-36.6234621078287,4.93210778660322));
#5742=CARTESIAN_POINT('Ctrl Pts',(-54.0234703436635,-36.1901214215391,8.16409301184596));
#5743=CARTESIAN_POINT('Ctrl Pts',(-54.1077285333372,-35.3279148135109,11.3410520659954));
#5744=CARTESIAN_POINT('Ctrl Pts',(-54.191986723011,-34.0605483121619,14.3449926839054));
#5745=CARTESIAN_POINT('Ctrl Pts',(-54.3605031023584,-31.5258153094638,20.3528739197254));
#5746=CARTESIAN_POINT('Ctrl Pts',(-54.5290194817059,-27.3704427334826,25.6686814105875));
#5747=CARTESIAN_POINT('Ctrl Pts',(-54.6975358610534,-22.1535531709413,29.5794219524621));
#5748=CARTESIAN_POINT('Ctrl Pts',(-54.7690970329677,-19.9381796132563,31.240133969378));
#5749=CARTESIAN_POINT('Ctrl Pts',(-54.8406582048821,-17.5313815220697,32.6474687076879));
#5750=CARTESIAN_POINT('Ctrl Pts',(-54.9122193767964,-14.9999305921368,33.771274465442));
#5751=CARTESIAN_POINT('Origin',(-80.,0.,0.));
#5752=CARTESIAN_POINT('Ctrl Pts',(-55.710043406807,14.983211808818,33.7784480699112));
#5753=CARTESIAN_POINT('Ctrl Pts',(-55.7817091970691,17.5183477697363,32.653655733296));
#5754=CARTESIAN_POINT('Ctrl Pts',(-55.8533749873312,19.927343243273,31.2432242567339));
#5755=CARTESIAN_POINT('Ctrl Pts',(-55.9250407775934,22.147036133096,29.581278004677));
#5756=CARTESIAN_POINT('Ctrl Pts',(-56.0101739528864,24.7838521536122,27.6070199788245));
#5757=CARTESIAN_POINT('Ctrl Pts',(-56.0953071281795,27.1535334053542,25.2778363091852));
#5758=CARTESIAN_POINT('Ctrl Pts',(-56.1804403034726,29.1769343281187,22.6770555788458));
#5759=CARTESIAN_POINT('Ctrl Pts',(-56.2655734787657,31.2003352508832,20.0762748485063));
#5760=CARTESIAN_POINT('Ctrl Pts',(-56.3507066540588,32.8774558446701,17.2038970574668));
#5761=CARTESIAN_POINT('Ctrl Pts',(-56.4358398293518,34.1376816745498,14.1607540803596));
#5762=CARTESIAN_POINT('Ctrl Pts',(-56.606106179938,36.6581333343092,8.07446812614552));
#5763=CARTESIAN_POINT('Ctrl Pts',(-56.7763725305242,37.5110059384402,1.30512142766109));
#5764=CARTESIAN_POINT('Ctrl Pts',(-56.9466388811103,36.5844631929235,-5.21696866524637));
#5765=CARTESIAN_POINT('Ctrl Pts',(-57.0317720564034,36.1211918201652,-8.47801371170016));
#5766=CARTESIAN_POINT('Ctrl Pts',(-57.1169052316965,35.213066609995,-11.6772446067597));
#5767=CARTESIAN_POINT('Ctrl Pts',(-57.2020384069896,33.9015683510434,-14.6998417804329));
#5768=CARTESIAN_POINT('Ctrl Pts',(-57.2871715822827,32.5900700920918,-17.7224389541061));
#5769=CARTESIAN_POINT('Ctrl Pts',(-57.3723047575757,30.875198784359,-20.5684024063929));
#5770=CARTESIAN_POINT('Ctrl Pts',(-57.4574379328688,28.8132002509149,-23.1369396111107));
#5771=CARTESIAN_POINT('Ctrl Pts',(-57.5425711081619,26.7512017174708,-25.7054768158285));
#5772=CARTESIAN_POINT('Ctrl Pts',(-57.627704283455,24.3420759583156,-27.9965877729772));
#5773=CARTESIAN_POINT('Ctrl Pts',(-57.7128374587481,21.6737693415114,-29.9287426121857));
#5774=CARTESIAN_POINT('Ctrl Pts',(-57.7819959351089,19.5061534920327,-31.498340883516));
#5775=CARTESIAN_POINT('Ctrl Pts',(-57.8511544114698,17.1674982710246,-32.8310558086916));
#5776=CARTESIAN_POINT('Ctrl Pts',(-57.9203128878306,14.7128609726703,-33.8969677899361));
#5777=CARTESIAN_POINT('Ctrl Pts',(-56.2910545914622,14.9440607272372,-33.79533276485));
#5778=CARTESIAN_POINT('Ctrl Pts',(-56.1334844361,20.5182030315593,-31.3256171420538));
#5779=CARTESIAN_POINT('Ctrl Pts',(-55.9759142807377,25.4686767296385,-27.4549161637076));
#5780=CARTESIAN_POINT('Ctrl Pts',(-55.8183441253754,29.2052141797421,-22.6395321701473));
#5781=CARTESIAN_POINT('Ctrl Pts',(-55.7339257385018,31.2070682954876,-20.0596848127666));
#5782=CARTESIAN_POINT('Ctrl Pts',(-55.6495073516282,32.8604871879652,-17.2086857883419));
#5783=CARTESIAN_POINT('Ctrl Pts',(-55.5650889647546,34.1157723324324,-14.1918338835815));
#5784=CARTESIAN_POINT('Ctrl Pts',(-55.480670577881,35.3710574768997,-11.1749819788209));
#5785=CARTESIAN_POINT('Ctrl Pts',(-55.3962521910073,36.2282088733566,-7.99227719372456));
#5786=CARTESIAN_POINT('Ctrl Pts',(-55.3118338041337,36.6470688904421,-4.75366868124315));
#5787=CARTESIAN_POINT('Ctrl Pts',(-55.1429970303865,37.4847889246131,1.72354834371953));
#5788=CARTESIAN_POINT('Ctrl Pts',(-54.9741602566392,36.5693434412983,8.42438027822248));
#5789=CARTESIAN_POINT('Ctrl Pts',(-54.805323482892,34.0204553101858,14.4388329873562));
#5790=CARTESIAN_POINT('Ctrl Pts',(-54.7209050960184,32.7460112446295,17.4460593419231));
#5791=CARTESIAN_POINT('Ctrl Pts',(-54.6364867091448,31.0632065171238,20.2816908901476));
#5792=CARTESIAN_POINT('Ctrl Pts',(-54.5520683222711,29.0418788652712,22.8487514162512));
#5793=CARTESIAN_POINT('Ctrl Pts',(-54.4676499353975,27.0205512134186,25.4158119423547));
#5794=CARTESIAN_POINT('Ctrl Pts',(-54.3832315485239,24.660700637219,27.7143014463372));
#5795=CARTESIAN_POINT('Ctrl Pts',(-54.2988131616503,22.0389433693574,29.6624613037445));
#5796=CARTESIAN_POINT('Ctrl Pts',(-54.2282093151267,19.8462202598863,31.2918170006451));
#5797=CARTESIAN_POINT('Ctrl Pts',(-54.1576054686032,17.470295567846,32.6761199832901));
#5798=CARTESIAN_POINT('Ctrl Pts',(-54.0870016220797,14.9722514418484,33.783346581838));
#5799=CARTESIAN_POINT('Ctrl Pts',(-40.,1.44644840727597E-13,39.8773008075689));
#5800=CARTESIAN_POINT('Ctrl Pts',(-39.8592804555353,-5.8763653991372,39.8773008075689));
#5801=CARTESIAN_POINT('Ctrl Pts',(-39.577841366606,-17.623440662538,37.2348152026235));
#5802=CARTESIAN_POINT('Ctrl Pts',(-39.155682733212,-31.8666694742926,26.120635442523));
#5803=CARTESIAN_POINT('Ctrl Pts',(-38.7335240998181,-39.9693985321266,9.9731792794254));
#5804=CARTESIAN_POINT('Ctrl Pts',(-38.4520850108887,-40.25506782487,-2.06405048790607));
#5805=CARTESIAN_POINT('Ctrl Pts',(-38.3113654664241,-39.1017991702101,-7.82613706434325));
#5806=CARTESIAN_POINT('Ctrl Pts',(-40.5628781778586,1.41122086781228E-13,
38.9023672050459));
#5807=CARTESIAN_POINT('Ctrl Pts',(-40.422158633394,-5.73269805023692,38.9023672050459));
#5808=CARTESIAN_POINT('Ctrl Pts',(-40.1407195444647,-17.1925768842475,36.3244859729712));
#5809=CARTESIAN_POINT('Ctrl Pts',(-39.7185609110707,-31.0875824688581,25.4820294010796));
#5810=CARTESIAN_POINT('Ctrl Pts',(-39.2964022776767,-38.992213293596,9.72935165301666));
#5811=CARTESIAN_POINT('Ctrl Pts',(-39.0149631887474,-39.2708984478179,-2.01358789045811));
#5812=CARTESIAN_POINT('Ctrl Pts',(-38.8742436442827,-38.1458252913837,-7.63480104491712));
#5813=CARTESIAN_POINT('Ctrl Pts',(-41.1257563557173,1.37599332834858E-13,
37.927433602523));
#5814=CARTESIAN_POINT('Ctrl Pts',(-40.9850368112526,-5.58903070133667,37.927433602523));
#5815=CARTESIAN_POINT('Ctrl Pts',(-40.7035977223233,-16.7617131059569,35.4141567433188));
#5816=CARTESIAN_POINT('Ctrl Pts',(-40.2814390889293,-30.3084954634236,24.8434233596362));
#5817=CARTESIAN_POINT('Ctrl Pts',(-39.8592804555353,-38.0150280550653,9.48552402660789));
#5818=CARTESIAN_POINT('Ctrl Pts',(-39.577841366606,-38.2867290707657,-1.96312529301015));
#5819=CARTESIAN_POINT('Ctrl Pts',(-39.4371218221414,-37.1898514125572,-7.44346502549099));
#5820=CARTESIAN_POINT('Ctrl Pts',(-41.6886345335759,1.34076578888489E-13,
36.9525));
#5821=CARTESIAN_POINT('Ctrl Pts',(-41.5479149891113,-5.44536335243638,36.9525));
#5822=CARTESIAN_POINT('Ctrl Pts',(-41.266475900182,-16.3308493276664,34.5038275136664));
#5823=CARTESIAN_POINT('Ctrl Pts',(-40.844317266788,-29.529408457989,24.2048173181929));
#5824=CARTESIAN_POINT('Ctrl Pts',(-40.422158633394,-37.0378428165347,9.24169640019913));
#5825=CARTESIAN_POINT('Ctrl Pts',(-40.1407195444647,-37.3025596937136,-1.91266269556219));
#5826=CARTESIAN_POINT('Ctrl Pts',(-40.,-36.2338775337307,-7.25212900606486));
#5827=CARTESIAN_POINT('Ctrl Pts',(-51.3971173774935,-14.56088035829,37.5885224271195));
#5828=CARTESIAN_POINT('Ctrl Pts',(-51.3114200994957,-17.934148773526,36.281800198123));
#5829=CARTESIAN_POINT('Ctrl Pts',(-51.1400255435001,-24.3253388596083,32.7549510742544));
#5830=CARTESIAN_POINT('Ctrl Pts',(-50.8829337095067,-32.1645706602798,25.1046189092215));
#5831=CARTESIAN_POINT('Ctrl Pts',(-50.6258418755133,-37.676135417533,15.646166344105));
#5832=CARTESIAN_POINT('Ctrl Pts',(-50.2830527635221,-41.4339237832594,1.52849495870098));
#5833=CARTESIAN_POINT('Ctrl Pts',(-49.9402636515309,-39.2764638328876,-13.3066366642247));
#5834=CARTESIAN_POINT('Ctrl Pts',(-49.5974745395397,-31.6339968352366,-25.7606050014975));
#5835=CARTESIAN_POINT('Ctrl Pts',(-49.3403827055463,-23.6508541417662,-33.2498229636248));
#5836=CARTESIAN_POINT('Ctrl Pts',(-49.1689881495507,-17.183239520914,-36.643403190948));
#5837=CARTESIAN_POINT('Ctrl Pts',(-49.0832908715529,-13.7837786216027,-37.8803867716942));
#5838=CARTESIAN_POINT('Ctrl Pts',(-52.043316666284,-14.1565845441729,36.544843617721));
#5839=CARTESIAN_POINT('Ctrl Pts',(-51.9576193882862,-17.4361911569206,35.2744036954531));
#5840=CARTESIAN_POINT('Ctrl Pts',(-51.7862248322906,-23.6499241569306,31.8454806792591));
#5841=CARTESIAN_POINT('Ctrl Pts',(-51.5291329982972,-31.2714927033949,24.4075668017762));
#5842=CARTESIAN_POINT('Ctrl Pts',(-51.2720411643038,-36.6300239554093,15.2117365978087));
#5843=CARTESIAN_POINT('Ctrl Pts',(-50.9292520523126,-40.283473979688,1.48605493457495));
#5844=CARTESIAN_POINT('Ctrl Pts',(-50.5864629403214,-38.1859178267239,-12.9371660435653));
#5845=CARTESIAN_POINT('Ctrl Pts',(-50.2436738283302,-30.7556507332442,-25.0453388558416));
#5846=CARTESIAN_POINT('Ctrl Pts',(-49.9865819943368,-22.9941671081166,-32.3266120097845));
#5847=CARTESIAN_POINT('Ctrl Pts',(-49.8151874383412,-16.7061315686244,-35.625966459063));
#5848=CARTESIAN_POINT('Ctrl Pts',(-49.7294901603434,-13.4010597294543,-36.8286040887732));
#5849=CARTESIAN_POINT('Ctrl Pts',(-52.6895159550745,-13.7522887300557,35.5011648083226));
#5850=CARTESIAN_POINT('Ctrl Pts',(-52.6038186770767,-16.9382335403151,34.2670071927832));
#5851=CARTESIAN_POINT('Ctrl Pts',(-52.4324241210811,-22.9745094542528,30.9360102842638));
#5852=CARTESIAN_POINT('Ctrl Pts',(-52.1753322870877,-30.3784147465101,23.7105146943309));
#5853=CARTESIAN_POINT('Ctrl Pts',(-51.9182404530943,-35.5839124932855,14.7773068515124));
#5854=CARTESIAN_POINT('Ctrl Pts',(-51.5754513411031,-39.1330241761166,1.44361491044894));
#5855=CARTESIAN_POINT('Ctrl Pts',(-51.2326622291119,-37.0953718205603,-12.567695422906));
#5856=CARTESIAN_POINT('Ctrl Pts',(-50.8898731171207,-29.8773046312518,-24.3300727101857));
#5857=CARTESIAN_POINT('Ctrl Pts',(-50.6327812831273,-22.3374800744671,-31.4034010559443));
#5858=CARTESIAN_POINT('Ctrl Pts',(-50.4613867271317,-16.2290236163348,-34.608529727178));
#5859=CARTESIAN_POINT('Ctrl Pts',(-50.3756894491339,-13.0183408373058,-35.7768214058521));
#5860=CARTESIAN_POINT('Ctrl Pts',(-53.335715243865,-13.3479929159386,34.4574859989242));
#5861=CARTESIAN_POINT('Ctrl Pts',(-53.2500179658672,-16.4402759237097,33.2596106901133));
#5862=CARTESIAN_POINT('Ctrl Pts',(-53.0786234098716,-22.299094751575,30.0265398892685));
#5863=CARTESIAN_POINT('Ctrl Pts',(-52.8215315758782,-29.4853367896252,23.0134625868857));
#5864=CARTESIAN_POINT('Ctrl Pts',(-52.5644397418848,-34.5378010311617,14.3428771052161));
#5865=CARTESIAN_POINT('Ctrl Pts',(-52.2216506298936,-37.9825743725452,1.40117488632291));
#5866=CARTESIAN_POINT('Ctrl Pts',(-51.8788615179024,-36.0048258143966,-12.1982248022467));
#5867=CARTESIAN_POINT('Ctrl Pts',(-51.5360724059112,-28.9989585292594,-23.6148065645298));
#5868=CARTESIAN_POINT('Ctrl Pts',(-51.2789805719178,-21.6807930408175,-30.4801901021041));
#5869=CARTESIAN_POINT('Ctrl Pts',(-51.1075860159222,-15.7519156640451,-33.5910929952929));
#5870=CARTESIAN_POINT('Ctrl Pts',(-51.0218887379244,-12.6356219451573,-34.725038722931));
#5871=CARTESIAN_POINT('Ctrl Pts',(-51.3971173774935,-14.56088035829,37.5885224271195));
#5872=CARTESIAN_POINT('Ctrl Pts',(-51.3114200994957,-17.934148773526,36.281800198123));
#5873=CARTESIAN_POINT('Ctrl Pts',(-51.1400255435001,-24.3253388596083,32.7549510742544));
#5874=CARTESIAN_POINT('Ctrl Pts',(-50.8829337095067,-32.1645706602798,25.1046189092215));
#5875=CARTESIAN_POINT('Ctrl Pts',(-50.6258418755133,-37.676135417533,15.646166344105));
#5876=CARTESIAN_POINT('Ctrl Pts',(-50.2830527635221,-41.4339237832594,1.52849495870098));
#5877=CARTESIAN_POINT('Ctrl Pts',(-49.9402636515309,-39.2764638328876,-13.3066366642247));
#5878=CARTESIAN_POINT('Ctrl Pts',(-49.5974745395397,-31.6339968352366,-25.7606050014975));
#5879=CARTESIAN_POINT('Ctrl Pts',(-49.3403827055463,-23.6508541417662,-33.2498229636248));
#5880=CARTESIAN_POINT('Ctrl Pts',(-49.1689881495507,-17.183239520914,-36.643403190948));
#5881=CARTESIAN_POINT('Ctrl Pts',(-49.0832908715529,-13.7837786216027,-37.8803867716942));
#5882=CARTESIAN_POINT('Ctrl Pts',(-45.4716694705671,-11.5849435614455,38.609653426839));
#5883=CARTESIAN_POINT('Ctrl Pts',(-45.3787883511776,-15.3403068988528,37.4828452725254));
#5884=CARTESIAN_POINT('Ctrl Pts',(-45.1930261123985,-22.5193376360527,34.1257990806592));
#5885=CARTESIAN_POINT('Ctrl Pts',(-44.9143827542299,-31.3853119416772,26.2056752534899));
#5886=CARTESIAN_POINT('Ctrl Pts',(-44.6357393960613,-37.5965156264303,16.0689790321415));
#5887=CARTESIAN_POINT('Ctrl Pts',(-44.3570960378927,-40.6306687100378,4.57433285563025));
#5888=CARTESIAN_POINT('Ctrl Pts',(-44.0784526797241,-40.2281815221541,-7.30718207446635));
#5889=CARTESIAN_POINT('Ctrl Pts',(-43.7998093215555,-36.4257962939275,-18.5707517631267));
#5890=CARTESIAN_POINT('Ctrl Pts',(-43.5211659633869,-29.5442054464856,-28.26496520497));
#5891=CARTESIAN_POINT('Ctrl Pts',(-43.2425226052183,-20.163842145837,-35.5683957733666));
#5892=CARTESIAN_POINT('Ctrl Pts',(-43.0567603664392,-12.7745107455372,-38.4330662410277));
#5893=CARTESIAN_POINT('Ctrl Pts',(-42.9638792470497,-8.951636566595,-39.3037461044377));
#5894=CARTESIAN_POINT('Ctrl Pts',(-46.1178687593576,-11.2632772834852,37.5376220056003));
#5895=CARTESIAN_POINT('Ctrl Pts',(-46.0249876399681,-14.9143696125164,36.4421006834625));
#5896=CARTESIAN_POINT('Ctrl Pts',(-45.839225401189,-21.8940681661498,33.1782658696018));
#5897=CARTESIAN_POINT('Ctrl Pts',(-45.5605820430204,-30.5138707972854,25.4780513358146));
#5898=CARTESIAN_POINT('Ctrl Pts',(-45.2819386848518,-36.5526148787326,15.6228095149164));
#5899=CARTESIAN_POINT('Ctrl Pts',(-45.0032953266832,-39.5025219991215,4.44732242903492));
#5900=CARTESIAN_POINT('Ctrl Pts',(-44.7246519685146,-39.1112102265489,-7.10429165486224));
#5901=CARTESIAN_POINT('Ctrl Pts',(-44.446008610346,-35.4144016113846,-18.0551182974231));
#5902=CARTESIAN_POINT('Ctrl Pts',(-44.1673652521774,-28.7238842640077,-27.4801632673571));
#5903=CARTESIAN_POINT('Ctrl Pts',(-43.8887218940088,-19.6039751065175,-34.5808075800574));
#5904=CARTESIAN_POINT('Ctrl Pts',(-43.7029596552297,-12.419815075033,-37.3659379203085));
#5905=CARTESIAN_POINT('Ctrl Pts',(-43.6100785358402,-8.7030864031214,-38.2124425817011));
#5906=CARTESIAN_POINT('Ctrl Pts',(-46.7640680481481,-10.941611005525,36.4655905843615));
#5907=CARTESIAN_POINT('Ctrl Pts',(-46.6711869287586,-14.4884323261801,35.4013560943995));
#5908=CARTESIAN_POINT('Ctrl Pts',(-46.4854246899795,-21.268798696247,32.2307326585444));
#5909=CARTESIAN_POINT('Ctrl Pts',(-46.2067813318109,-29.6424296528935,24.7504274181394));
#5910=CARTESIAN_POINT('Ctrl Pts',(-45.9281379736423,-35.5087141310349,15.1766399976913));
#5911=CARTESIAN_POINT('Ctrl Pts',(-45.6494946154737,-38.3743752882053,4.32031200243959));
#5912=CARTESIAN_POINT('Ctrl Pts',(-45.3708512573051,-37.9942389309437,-6.90140123525813));
#5913=CARTESIAN_POINT('Ctrl Pts',(-45.0922078991365,-34.4030069288416,-17.5394848317195));
#5914=CARTESIAN_POINT('Ctrl Pts',(-44.8135645409679,-27.9035630815298,-26.6953613297441));
#5915=CARTESIAN_POINT('Ctrl Pts',(-44.5349211827993,-19.044108067198,-33.5932193867483));
#5916=CARTESIAN_POINT('Ctrl Pts',(-44.3491589440202,-12.0651194045288,-36.2988095995894));
#5917=CARTESIAN_POINT('Ctrl Pts',(-44.2562778246307,-8.45453623964781,-37.1211390589645));
#5918=CARTESIAN_POINT('Ctrl Pts',(-47.4102673369386,-10.6199447275647,35.3935591631228));
#5919=CARTESIAN_POINT('Ctrl Pts',(-47.3173862175491,-14.0624950398437,34.3606115053366));
#5920=CARTESIAN_POINT('Ctrl Pts',(-47.13162397877,-20.6435292263441,31.2831994474869));
#5921=CARTESIAN_POINT('Ctrl Pts',(-46.8529806206014,-28.7709885085016,24.0228035004642));
#5922=CARTESIAN_POINT('Ctrl Pts',(-46.5743372624328,-34.4648133833371,14.7304704804661));
#5923=CARTESIAN_POINT('Ctrl Pts',(-46.2956939042642,-37.2462285772891,4.19330157584428));
#5924=CARTESIAN_POINT('Ctrl Pts',(-46.0170505460955,-36.8772676353384,-6.69851081565403));
#5925=CARTESIAN_POINT('Ctrl Pts',(-45.738407187927,-33.3916122462986,-17.0238513660159));
#5926=CARTESIAN_POINT('Ctrl Pts',(-45.4597638297583,-27.083241899052,-25.9105593921312));
#5927=CARTESIAN_POINT('Ctrl Pts',(-45.1811204715898,-18.4842410278785,-32.6056311934391));
#5928=CARTESIAN_POINT('Ctrl Pts',(-44.9953582328107,-11.7104237340246,-35.2316812788702));
#5929=CARTESIAN_POINT('Ctrl Pts',(-44.9024771134212,-8.20598607617421,-36.029835536228));
#5930=CARTESIAN_POINT('Ctrl Pts',(-45.4716694705671,-11.5849435614455,38.609653426839));
#5931=CARTESIAN_POINT('Ctrl Pts',(-45.3787883511776,-15.3403068988528,37.4828452725254));
#5932=CARTESIAN_POINT('Ctrl Pts',(-45.1930261123985,-22.5193376360527,34.1257990806592));
#5933=CARTESIAN_POINT('Ctrl Pts',(-44.9143827542299,-31.3853119416772,26.2056752534899));
#5934=CARTESIAN_POINT('Ctrl Pts',(-44.6357393960613,-37.5965156264303,16.0689790321415));
#5935=CARTESIAN_POINT('Ctrl Pts',(-44.3570960378927,-40.6306687100378,4.57433285563025));
#5936=CARTESIAN_POINT('Ctrl Pts',(-44.0784526797241,-40.2281815221541,-7.30718207446635));
#5937=CARTESIAN_POINT('Ctrl Pts',(-43.7998093215555,-36.4257962939275,-18.5707517631267));
#5938=CARTESIAN_POINT('Ctrl Pts',(-43.5211659633869,-29.5442054464856,-28.26496520497));
#5939=CARTESIAN_POINT('Ctrl Pts',(-43.2425226052183,-20.163842145837,-35.5683957733666));
#5940=CARTESIAN_POINT('Ctrl Pts',(-43.0567603664392,-12.7745107455372,-38.4330662410277));
#5941=CARTESIAN_POINT('Ctrl Pts',(-42.9638792470497,-8.951636566595,-39.3037461044377));
#5942=CARTESIAN_POINT('Ctrl Pts',(-80.,-38.9363109038278,-10.4345554894764));
#5943=CARTESIAN_POINT('Ctrl Pts',(-79.8440499901584,-37.2322387591363,-16.7932626615429));
#5944=CARTESIAN_POINT('Ctrl Pts',(-79.5321499704751,-30.6514305258226,-28.6540809005887));
#5945=CARTESIAN_POINT('Ctrl Pts',(-79.06429994095,-13.5598365946767,-39.7074594305584));
#5946=CARTESIAN_POINT('Ctrl Pts',(-78.5964499114251,6.71907850332901,-41.4170334698158));
#5947=CARTESIAN_POINT('Ctrl Pts',(-78.1285998819001,25.4186468843998,-33.3832990991893));
#5948=CARTESIAN_POINT('Ctrl Pts',(-77.6607498523752,38.1372899578632,-17.495068189734));
#5949=CARTESIAN_POINT('Ctrl Pts',(-77.1928998228502,41.8837141995506,2.50902233064633));
#5950=CARTESIAN_POINT('Ctrl Pts',(-76.7250497933253,35.7760097989999,21.9229120621339));
#5951=CARTESIAN_POINT('Ctrl Pts',(-76.2571997638003,21.2513698343555,36.1789581557148));
#5952=CARTESIAN_POINT('Ctrl Pts',(-75.7893497342754,1.72688933713761,41.9232130187267));
#5953=CARTESIAN_POINT('Ctrl Pts',(-75.3214997047503,-18.2038583287848,37.804194554168));
#5954=CARTESIAN_POINT('Ctrl Pts',(-74.8536496752254,-33.851797751331,24.7909988483454));
#5955=CARTESIAN_POINT('Ctrl Pts',(-74.3857996457004,-41.5354300979253,5.94522932025491));
#5956=CARTESIAN_POINT('Ctrl Pts',(-73.9179496161755,-39.4470352318201,-14.2992715714559));
#5957=CARTESIAN_POINT('Ctrl Pts',(-73.4500995866505,-28.0779465678914,-31.1795871822797));
#5958=CARTESIAN_POINT('Ctrl Pts',(-72.9822495571255,-10.1029673529103,-40.7242901315755));
#5959=CARTESIAN_POINT('Ctrl Pts',(-72.5143995276006,10.2489337360726,-40.6877999204141));
#5960=CARTESIAN_POINT('Ctrl Pts',(-72.0465494980756,28.1895723102468,-31.0787040891516));
#5961=CARTESIAN_POINT('Ctrl Pts',(-71.5786994685507,39.4980552210718,-14.1577264310701));
#5962=CARTESIAN_POINT('Ctrl Pts',(-71.1108494390257,41.5138476161773,6.09412772241133));
#5963=CARTESIAN_POINT('Ctrl Pts',(-70.6429994095007,33.7626761884151,24.9122345377878));
#5964=CARTESIAN_POINT('Ctrl Pts',(-70.1751493799757,18.0681952226715,37.8692127171615));
#5965=CARTESIAN_POINT('Ctrl Pts',(-69.7072993504508,-1.87723893640301,41.9167828224086));
#5966=CARTESIAN_POINT('Ctrl Pts',(-69.2394493209258,-21.3809033579776,36.102455150452));
#5967=CARTESIAN_POINT('Ctrl Pts',(-68.7715992914009,-35.854522246789,21.7946209564251));
#5968=CARTESIAN_POINT('Ctrl Pts',(-68.303749261876,-41.892171138104,2.3585323210714));
#5969=CARTESIAN_POINT('Ctrl Pts',(-67.8358992323509,-38.074872656168,-17.6310968212522));
#5970=CARTESIAN_POINT('Ctrl Pts',(-67.368049202826,-25.2975754581186,-33.4753524473994));
#5971=CARTESIAN_POINT('Ctrl Pts',(-67.0561491831427,-12.8145494377087,-38.7819622575421));
#5972=CARTESIAN_POINT('Ctrl Pts',(-66.900199173301,-6.31268768362994,-39.812890240115));
#5973=CARTESIAN_POINT('Ctrl Pts',(-80.6461992887905,-37.8552095467509,-10.1448307611109));
#5974=CARTESIAN_POINT('Ctrl Pts',(-80.4902492789488,-36.1984524831603,-16.3269827641488));
#5975=CARTESIAN_POINT('Ctrl Pts',(-80.1783492592656,-29.8003662526904,-27.858474819059));
#5976=CARTESIAN_POINT('Ctrl Pts',(-79.7104992297406,-13.1833356523954,-38.6049464476905));
#5977=CARTESIAN_POINT('Ctrl Pts',(-79.2426492002156,6.53251730326572,-40.2670526408432));
#5978=CARTESIAN_POINT('Ctrl Pts',(-78.7747991706906,24.7128755104846,-32.4563820615433));
#5979=CARTESIAN_POINT('Ctrl Pts',(-78.3069491411657,37.0783741291264,-17.0093020366747));
#5980=CARTESIAN_POINT('Ctrl Pts',(-77.8390991116407,40.7207755643933,2.43935709057524));
#5981=CARTESIAN_POINT('Ctrl Pts',(-77.3712490821158,34.7826570173245,21.3142028795924));
#5982=CARTESIAN_POINT('Ctrl Pts',(-76.9033990525908,20.6613066199844,35.1744171539651));
#5983=CARTESIAN_POINT('Ctrl Pts',(-76.4355490230658,1.67894071636272,40.7591776636691));
#5984=CARTESIAN_POINT('Ctrl Pts',(-75.9676989935408,-17.6984119861178,36.7545274160393));
#5985=CARTESIAN_POINT('Ctrl Pts',(-75.4998489640159,-32.9118724312654,24.102654681266));
#5986=CARTESIAN_POINT('Ctrl Pts',(-75.0319989344909,-40.3821618811044,5.78015473211181));
#5987=CARTESIAN_POINT('Ctrl Pts',(-74.564148904966,-38.3517531588185,-13.9022395583488));
#5988=CARTESIAN_POINT('Ctrl Pts',(-74.096298875441,-27.2983373693349,-30.3138581690941));
#5989=CARTESIAN_POINT('Ctrl Pts',(-73.6284488459161,-9.82244946453839,-39.5935439384914));
#5990=CARTESIAN_POINT('Ctrl Pts',(-73.160598816391,9.96436296104394,-39.5580669105488));
#5991=CARTESIAN_POINT('Ctrl Pts',(-72.6927487868661,27.4068637235165,-30.2157761849143));
#5992=CARTESIAN_POINT('Ctrl Pts',(-72.2248987573412,38.4013565326195,-13.7646245448755));
#5993=CARTESIAN_POINT('Ctrl Pts',(-71.7570487278162,40.3611786561881,5.92491883749225));
#5994=CARTESIAN_POINT('Ctrl Pts',(-71.2891986982912,32.8252254079341,24.2205241537932));
#5995=CARTESIAN_POINT('Ctrl Pts',(-70.8213486687663,17.5665156869957,36.8177402918185));
#5996=CARTESIAN_POINT('Ctrl Pts',(-70.3534986392413,-1.82511572507167,40.7529260074799));
#5997=CARTESIAN_POINT('Ctrl Pts',(-69.8856486097163,-20.7872435299334,35.1000383227929));
#5998=CARTESIAN_POINT('Ctrl Pts',(-69.4177985801914,-34.8589894970611,21.1894738907165));
#5999=CARTESIAN_POINT('Ctrl Pts',(-68.9499485506664,-40.7289976885144,2.29304557017407));
#6000=CARTESIAN_POINT('Ctrl Pts',(-68.4820985211414,-37.0176898994146,-17.1415537120632));
#6001=CARTESIAN_POINT('Ctrl Pts',(-68.0142484916165,-24.5951657402057,-32.5458794665384));
#6002=CARTESIAN_POINT('Ctrl Pts',(-67.7023484719332,-12.4587420572495,-37.7051465281246));
#6003=CARTESIAN_POINT('Ctrl Pts',(-67.5463984620915,-6.13741028669237,-38.707449876901));
#6004=CARTESIAN_POINT('Ctrl Pts',(-81.292398577581,-36.774108189674,-9.85510603274534));
#6005=CARTESIAN_POINT('Ctrl Pts',(-81.1364485677393,-35.1646662071842,-15.8607028667546));
#6006=CARTESIAN_POINT('Ctrl Pts',(-80.8245485480561,-28.9493019795582,-27.0628687375293));
#6007=CARTESIAN_POINT('Ctrl Pts',(-80.356698518531,-12.8068347101142,-37.5024334648225));
#6008=CARTESIAN_POINT('Ctrl Pts',(-79.8888484890061,6.34595610320245,-39.1170718118706));
#6009=CARTESIAN_POINT('Ctrl Pts',(-79.4209984594811,24.0071041365694,-31.5294650238974));
#6010=CARTESIAN_POINT('Ctrl Pts',(-78.9531484299562,36.0194583003896,-16.5235358836154));
#6011=CARTESIAN_POINT('Ctrl Pts',(-78.4852984004312,39.5578369292361,2.36969185050414));
#6012=CARTESIAN_POINT('Ctrl Pts',(-78.0174483709062,33.7893042356491,20.7054936970509));
#6013=CARTESIAN_POINT('Ctrl Pts',(-77.5495983413813,20.0712434056133,34.1698761522153));
#6014=CARTESIAN_POINT('Ctrl Pts',(-77.0817483118563,1.63099209558781,39.5951423086115));
#6015=CARTESIAN_POINT('Ctrl Pts',(-76.6138982823314,-17.1929656434508,35.7048602779106));
#6016=CARTESIAN_POINT('Ctrl Pts',(-76.1460482528064,-31.9719471111997,23.4143105141867));
#6017=CARTESIAN_POINT('Ctrl Pts',(-75.6781982232814,-39.2288936642836,5.61508014396872));
#6018=CARTESIAN_POINT('Ctrl Pts',(-75.2103481937564,-37.2564710858168,-13.5052075452417));
#6019=CARTESIAN_POINT('Ctrl Pts',(-74.7424981642315,-26.5187281707784,-29.4481291559084));
#6020=CARTESIAN_POINT('Ctrl Pts',(-74.2746481347065,-9.54193157616644,-38.4627977454074));
#6021=CARTESIAN_POINT('Ctrl Pts',(-73.8067981051816,9.67979218601525,-38.4283339006834));
#6022=CARTESIAN_POINT('Ctrl Pts',(-73.3389480756566,26.6241551367863,-29.352848280677));
#6023=CARTESIAN_POINT('Ctrl Pts',(-72.8710980461317,37.3046578441671,-13.371522658681));
#6024=CARTESIAN_POINT('Ctrl Pts',(-72.4032480166066,39.2085096961988,5.75570995257318));
#6025=CARTESIAN_POINT('Ctrl Pts',(-71.9353979870817,31.8877746274531,23.5288137697986));
#6026=CARTESIAN_POINT('Ctrl Pts',(-71.4675479575567,17.0648361513199,35.7662678664755));
#6027=CARTESIAN_POINT('Ctrl Pts',(-70.9996979280318,-1.77299251374032,39.5890691925512));
#6028=CARTESIAN_POINT('Ctrl Pts',(-70.5318478985069,-20.1935837018893,34.0976214951339));
#6029=CARTESIAN_POINT('Ctrl Pts',(-70.0639978689818,-33.8634567473332,20.584326825008));
#6030=CARTESIAN_POINT('Ctrl Pts',(-69.596147839457,-39.5658242389247,2.22755881927673));
#6031=CARTESIAN_POINT('Ctrl Pts',(-69.1282978099319,-35.9605071426613,-16.6520106028742));
#6032=CARTESIAN_POINT('Ctrl Pts',(-68.660447780407,-23.8927560222927,-31.6164064856774));
#6033=CARTESIAN_POINT('Ctrl Pts',(-68.3485477607237,-12.1029346767903,-36.628330798707));
#6034=CARTESIAN_POINT('Ctrl Pts',(-68.192597750882,-5.9621328897548,-37.602009513687));
#6035=CARTESIAN_POINT('Ctrl Pts',(-81.9385978663715,-35.6930068325971,-9.56538130437981));
#6036=CARTESIAN_POINT('Ctrl Pts',(-81.7826478565298,-34.1308799312082,-15.3944229693605));
#6037=CARTESIAN_POINT('Ctrl Pts',(-81.4707478368465,-28.098237706426,-26.2672626559995));
#6038=CARTESIAN_POINT('Ctrl Pts',(-81.0028978073216,-12.430333767833,-36.3999204819546));
#6039=CARTESIAN_POINT('Ctrl Pts',(-80.5350477777965,6.15939490313916,-37.9670909828981));
#6040=CARTESIAN_POINT('Ctrl Pts',(-80.0671977482717,23.3013327626542,-30.6025479862514));
#6041=CARTESIAN_POINT('Ctrl Pts',(-79.5993477187466,34.9605424716527,-16.0377697305561));
#6042=CARTESIAN_POINT('Ctrl Pts',(-79.1314976892217,38.3948982940789,2.30002661043305));
#6043=CARTESIAN_POINT('Ctrl Pts',(-78.6636476596967,32.7959514539737,20.0967845145094));
#6044=CARTESIAN_POINT('Ctrl Pts',(-78.1957976301718,19.4811801912422,33.1653351504655));
#6045=CARTESIAN_POINT('Ctrl Pts',(-77.7279476006468,1.58304347481293,38.4311069535539));
#6046=CARTESIAN_POINT('Ctrl Pts',(-77.2600975711218,-16.6875193007838,34.6551931397819));
#6047=CARTESIAN_POINT('Ctrl Pts',(-76.7922475415969,-31.032021791134,22.7259663471073));
#6048=CARTESIAN_POINT('Ctrl Pts',(-76.3243975120719,-38.0756254474627,5.45000555582562));
#6049=CARTESIAN_POINT('Ctrl Pts',(-75.856547482547,-36.1611890128152,-13.1081755321345));
#6050=CARTESIAN_POINT('Ctrl Pts',(-75.388697453022,-25.7391189722219,-28.5824001427228));
#6051=CARTESIAN_POINT('Ctrl Pts',(-74.920847423497,-9.26141368779451,-37.3320515523234));
#6052=CARTESIAN_POINT('Ctrl Pts',(-74.4529973939721,9.3952214109866,-37.2986008908181));
#6053=CARTESIAN_POINT('Ctrl Pts',(-73.9851473644471,25.841446550056,-28.4899203764397));
#6054=CARTESIAN_POINT('Ctrl Pts',(-73.5172973349222,36.2079591557148,-12.9784207724864));
#6055=CARTESIAN_POINT('Ctrl Pts',(-73.0494473053971,38.0558407362096,5.58650106765411));
#6056=CARTESIAN_POINT('Ctrl Pts',(-72.5815972758722,30.9503238469721,22.837103385804));
#6057=CARTESIAN_POINT('Ctrl Pts',(-72.1137472463472,16.5631566156442,34.7147954411325));
#6058=CARTESIAN_POINT('Ctrl Pts',(-71.6458972168222,-1.72086930240899,38.4252123776224));
#6059=CARTESIAN_POINT('Ctrl Pts',(-71.1780471872974,-19.5999238738452,33.0952046674748));
#6060=CARTESIAN_POINT('Ctrl Pts',(-70.7101971577723,-32.8679239976053,19.9791797592994));
#6061=CARTESIAN_POINT('Ctrl Pts',(-70.2423471282475,-38.402650789335,2.16207206837941));
#6062=CARTESIAN_POINT('Ctrl Pts',(-69.7744970987223,-34.903324385908,-16.1624674936851));
#6063=CARTESIAN_POINT('Ctrl Pts',(-69.3066470691975,-23.1903463043798,-30.6869335048164));
#6064=CARTESIAN_POINT('Ctrl Pts',(-68.9947470495141,-11.7471272963311,-35.5515150692895));
#6065=CARTESIAN_POINT('Ctrl Pts',(-68.8387970396725,-5.78685549281722,-36.4965691504729));
#6066=CARTESIAN_POINT('Ctrl Pts',(-69.6765717074943,-3.09791807716907,40.1939084980012));
#6067=CARTESIAN_POINT('Ctrl Pts',(-69.5308642453048,-9.22882379143915,39.7179834201277));
#6068=CARTESIAN_POINT('Ctrl Pts',(-69.2292067732736,-21.6977714178523,35.7892165819296));
#6069=CARTESIAN_POINT('Ctrl Pts',(-68.7715992914009,-35.854522246789,21.7946209564251));
#6070=CARTESIAN_POINT('Ctrl Pts',(-68.303749261876,-41.892171138104,2.3585323210714));
#6071=CARTESIAN_POINT('Ctrl Pts',(-67.8358992323509,-38.074872656168,-17.6310968212522));
#6072=CARTESIAN_POINT('Ctrl Pts',(-67.3900319072008,-25.8979378163254,-32.7308839949322));
#6073=CARTESIAN_POINT('Ctrl Pts',(-67.1001145918922,-14.5544610737012,-38.0078329236396));
#6074=CARTESIAN_POINT('Ctrl Pts',(-66.9661472864252,-9.04462768500068,-39.2810866925089));
#6075=CARTESIAN_POINT('Ctrl Pts',(-78.7500366672045,0.00089028240480904,
-40.3085447362493));
#6076=CARTESIAN_POINT('Ctrl Pts',(-78.6988410819447,2.16217474255595,-40.3101802129031));
#6077=CARTESIAN_POINT('Ctrl Pts',(-78.4916954868432,10.9060238962307,-39.6182322127269));
#6078=CARTESIAN_POINT('Ctrl Pts',(-78.1285998819001,25.4186468843998,-33.3832990991893));
#6079=CARTESIAN_POINT('Ctrl Pts',(-77.6607498523752,38.1372899578632,-17.495068189734));
#6080=CARTESIAN_POINT('Ctrl Pts',(-77.1928998228502,41.8837141995506,2.50902233064633));
#6081=CARTESIAN_POINT('Ctrl Pts',(-76.7250497933253,35.7760097989999,21.9229120621339));
#6082=CARTESIAN_POINT('Ctrl Pts',(-76.2571997638003,21.2513698343555,36.1789581557148));
#6083=CARTESIAN_POINT('Ctrl Pts',(-75.7893497342754,1.72688933713761,41.9232130187267));
#6084=CARTESIAN_POINT('Ctrl Pts',(-75.3214997047503,-18.2038583287848,37.804194554168));
#6085=CARTESIAN_POINT('Ctrl Pts',(-74.8536496752254,-33.851797751331,24.7909988483454));
#6086=CARTESIAN_POINT('Ctrl Pts',(-74.3857996457004,-41.5354300979253,5.94522932025491));
#6087=CARTESIAN_POINT('Ctrl Pts',(-73.9179496161755,-39.4470352318201,-14.2992715714559));
#6088=CARTESIAN_POINT('Ctrl Pts',(-73.4500995866505,-28.0779465678914,-31.1795871822797));
#6089=CARTESIAN_POINT('Ctrl Pts',(-73.0607952703268,-13.1207240551009,-39.1218631717908));
#6090=CARTESIAN_POINT('Ctrl Pts',(-72.8274409638448,-3.2681595155076,-40.3071341619421));
#6091=CARTESIAN_POINT('Ctrl Pts',(-72.7500366672045,-2.09690176045108E-5,
-40.3070730323841));
#6092=CARTESIAN_POINT('Ctrl Pts',(-42.5503748355761,8.36700862108664,-39.4323397961263));
#6093=CARTESIAN_POINT('Ctrl Pts',(-42.4466586071179,12.6498094811425,-38.5235874394628));
#6094=CARTESIAN_POINT('Ctrl Pts',(-42.2392261502015,20.9157053037084,-35.2984694083376));
#6095=CARTESIAN_POINT('Ctrl Pts',(-41.9280774648268,31.1155047624186,-26.7469477893729));
#6096=CARTESIAN_POINT('Ctrl Pts',(-41.6169287794522,38.0388564879216,-15.3791443715306));
#6097=CARTESIAN_POINT('Ctrl Pts',(-41.3057800940776,40.9614896912956,-2.39374787297069));
#6098=CARTESIAN_POINT('Ctrl Pts',(-40.994631408703,39.5711808741446,10.8436367965018));
#6099=CARTESIAN_POINT('Ctrl Pts',(-40.6834827233283,34.0183380479609,22.9397246645296));
#6100=CARTESIAN_POINT('Ctrl Pts',(-40.3723340379537,24.8859469344316,32.6229162686067));
#6101=CARTESIAN_POINT('Ctrl Pts',(-40.0611853525791,13.1334914098723,38.87108321393));
#6102=CARTESIAN_POINT('Ctrl Pts',(-39.8537528956627,4.37815189921908,40.31025));
#6103=CARTESIAN_POINT('Ctrl Pts',(-39.7500366672045,-1.40212325390995E-13,
40.31025));
#6104=CARTESIAN_POINT('Ctrl Pts',(-43.1965741243666,8.13469117331216,-38.3374657549875));
#6105=CARTESIAN_POINT('Ctrl Pts',(-43.0928578959084,12.2985762523293,-37.4539457170319));
#6106=CARTESIAN_POINT('Ctrl Pts',(-42.8854254389919,20.3349621140439,-34.3183759610064));
#6107=CARTESIAN_POINT('Ctrl Pts',(-42.5742767536173,30.2515550547057,-26.0042949575682));
#6108=CARTESIAN_POINT('Ctrl Pts',(-42.2631280682427,36.9826737521632,-14.9521287281685));
#6109=CARTESIAN_POINT('Ctrl Pts',(-41.9519793828681,39.8241574411364,-2.32728333090453));
#6110=CARTESIAN_POINT('Ctrl Pts',(-41.6408306974934,38.4724517867937,10.5425535612332));
#6111=CARTESIAN_POINT('Ctrl Pts',(-41.3296820121188,33.0737885882036,22.3027827742963));
#6112=CARTESIAN_POINT('Ctrl Pts',(-41.0185333267442,24.1949664491614,31.7171119376081));
#6113=CARTESIAN_POINT('Ctrl Pts',(-40.7073846413696,12.7688283214394,37.7917929617686));
#6114=CARTESIAN_POINT('Ctrl Pts',(-40.4999521844531,4.25658861163835,39.191));
#6115=CARTESIAN_POINT('Ctrl Pts',(-40.3962359559949,-1.36303792108417E-13,
39.191));
#6116=CARTESIAN_POINT('Ctrl Pts',(-43.842773413157,7.90237372553768,-37.2425917138487));
#6117=CARTESIAN_POINT('Ctrl Pts',(-43.7390571846988,11.9473430235161,-36.384303994601));
#6118=CARTESIAN_POINT('Ctrl Pts',(-43.5316247277824,19.7542189243793,-33.3382825136752));
#6119=CARTESIAN_POINT('Ctrl Pts',(-43.2204760424078,29.3876053469927,-25.2616421257635));
#6120=CARTESIAN_POINT('Ctrl Pts',(-42.9093273570332,35.9264910164047,-14.5251130848065));
#6121=CARTESIAN_POINT('Ctrl Pts',(-42.5981786716586,38.6868251909771,-2.26081878883837));
#6122=CARTESIAN_POINT('Ctrl Pts',(-42.2870299862839,37.3737226994428,10.2414703259647));
#6123=CARTESIAN_POINT('Ctrl Pts',(-41.9758813009093,32.1292391284464,21.6658408840631));
#6124=CARTESIAN_POINT('Ctrl Pts',(-41.6647326155347,23.5039859638912,30.8113076066095));
#6125=CARTESIAN_POINT('Ctrl Pts',(-41.35358393016,12.4041652330066,36.7125027096071));
#6126=CARTESIAN_POINT('Ctrl Pts',(-41.1461514732436,4.13502532405762,38.07175));
#6127=CARTESIAN_POINT('Ctrl Pts',(-41.0424352447854,-1.3239525882584E-13,
38.07175));
#6128=CARTESIAN_POINT('Ctrl Pts',(-44.4889727019475,7.6700562777632,-36.1477176727099));
#6129=CARTESIAN_POINT('Ctrl Pts',(-44.3852564734893,11.5961097947028,-35.3146622721702));
#6130=CARTESIAN_POINT('Ctrl Pts',(-44.1778240165729,19.1734757347147,-32.358189066344));
#6131=CARTESIAN_POINT('Ctrl Pts',(-43.8666753311983,28.5236556392797,-24.5189892939588));
#6132=CARTESIAN_POINT('Ctrl Pts',(-43.5555266458237,34.8703082806463,-14.0980974414444));
#6133=CARTESIAN_POINT('Ctrl Pts',(-43.244377960449,37.5494929408178,-2.19435424677221));
#6134=CARTESIAN_POINT('Ctrl Pts',(-42.9332292750744,36.2749936120919,9.9403870906961));
#6135=CARTESIAN_POINT('Ctrl Pts',(-42.6220805896998,31.1846896686891,21.0288989938298));
#6136=CARTESIAN_POINT('Ctrl Pts',(-42.3109319043252,22.813005478621,29.9055032756108));
#6137=CARTESIAN_POINT('Ctrl Pts',(-41.9997832189505,12.0395021445738,35.6332124574457));
#6138=CARTESIAN_POINT('Ctrl Pts',(-41.7923507620341,4.0134620364769,36.9525));
#6139=CARTESIAN_POINT('Ctrl Pts',(-41.6886345335759,-1.28486725543262E-13,
36.9525));
#6140=CARTESIAN_POINT('Ctrl Pts',(-42.5503748355761,8.36700862108664,-39.4323397961263));
#6141=CARTESIAN_POINT('Ctrl Pts',(-42.4466586071179,12.6498094811425,-38.5235874394628));
#6142=CARTESIAN_POINT('Ctrl Pts',(-42.2392261502015,20.9157053037084,-35.2984694083376));
#6143=CARTESIAN_POINT('Ctrl Pts',(-41.9280774648268,31.1155047624186,-26.7469477893729));
#6144=CARTESIAN_POINT('Ctrl Pts',(-41.6169287794522,38.0388564879216,-15.3791443715306));
#6145=CARTESIAN_POINT('Ctrl Pts',(-41.3057800940776,40.9614896912956,-2.39374787297069));
#6146=CARTESIAN_POINT('Ctrl Pts',(-40.994631408703,39.5711808741446,10.8436367965018));
#6147=CARTESIAN_POINT('Ctrl Pts',(-40.6834827233283,34.0183380479609,22.9397246645296));
#6148=CARTESIAN_POINT('Ctrl Pts',(-40.3723340379537,24.8859469344316,32.6229162686067));
#6149=CARTESIAN_POINT('Ctrl Pts',(-40.1445064635109,16.280628764171,37.1979146111278));
#6150=CARTESIAN_POINT('Ctrl Pts',(-40.0203951175264,11.2633138346945,38.7142134600202));
#6151=CARTESIAN_POINT('Ctrl Pts',(-40.,10.4316710963962,38.936741203197));
#6152=CARTESIAN_POINT('Ctrl Pts',(-63.466695374349,-11.7858978222407,38.548785552676));
#6153=CARTESIAN_POINT('Ctrl Pts',(-63.3783540257299,-15.3520785067089,37.4584621985108));
#6154=CARTESIAN_POINT('Ctrl Pts',(-63.2016713284917,-22.1782540221188,34.281953377773));
#6155=CARTESIAN_POINT('Ctrl Pts',(-62.9366472826344,-30.7258626659087,26.8935213906897));
#6156=CARTESIAN_POINT('Ctrl Pts',(-62.6716232367771,-36.9102369824077,17.447167923129));
#6157=CARTESIAN_POINT('Ctrl Pts',(-62.3182578423008,-41.421926799782,3.06873653837718));
#6158=CARTESIAN_POINT('Ctrl Pts',(-61.9648924478244,-39.67451516316,-12.3194024370543));
#6159=CARTESIAN_POINT('Ctrl Pts',(-61.611527053348,-32.0347758500685,-25.3121514353833));
#6160=CARTESIAN_POINT('Ctrl Pts',(-61.3465030074907,-23.8807080765094,-33.1219887484768));
#6161=CARTESIAN_POINT('Ctrl Pts',(-61.1698203102525,-17.2186383022203,-36.6379748317333));
#6162=CARTESIAN_POINT('Ctrl Pts',(-61.0814789616334,-13.7118785598183,-37.9064722893505));
#6163=CARTESIAN_POINT('Ctrl Pts',(-64.1128946631395,-11.4586518702175,37.4784441821851));
#6164=CARTESIAN_POINT('Ctrl Pts',(-64.0245533145204,-14.9258143711941,36.4183946272185));
#6165=CARTESIAN_POINT('Ctrl Pts',(-63.8478706172822,-21.5624550425973,33.3300844035524));
#6166=CARTESIAN_POINT('Ctrl Pts',(-63.5828465714249,-29.8727317181021,26.1467988122753));
#6167=CARTESIAN_POINT('Ctrl Pts',(-63.3178225255676,-35.8853913726047,16.9627317636419));
#6168=CARTESIAN_POINT('Ctrl Pts',(-62.9644571310913,-40.2718101031439,2.98353033472975));
#6169=CARTESIAN_POINT('Ctrl Pts',(-62.6110917366149,-38.5729169072234,-11.9773432541499));
#6170=CARTESIAN_POINT('Ctrl Pts',(-62.2577263421385,-31.1453017617115,-24.6093370024772));
#6171=CARTESIAN_POINT('Ctrl Pts',(-61.9927022962812,-23.2176389436056,-32.2023272254961));
#6172=CARTESIAN_POINT('Ctrl Pts',(-61.816019599043,-16.7405474712342,-35.6206888230775));
#6173=CARTESIAN_POINT('Ctrl Pts',(-61.7276782504239,-13.3311560369345,-36.8539653187945));
#6174=CARTESIAN_POINT('Ctrl Pts',(-64.75909395193,-11.1314059181943,36.4081028116941));
#6175=CARTESIAN_POINT('Ctrl Pts',(-64.6707526033109,-14.4995502356793,35.3783270559263));
#6176=CARTESIAN_POINT('Ctrl Pts',(-64.4940699060727,-20.9466560630759,32.3782154293319));
#6177=CARTESIAN_POINT('Ctrl Pts',(-64.2290458602154,-29.0196007702956,25.4000762338609));
#6178=CARTESIAN_POINT('Ctrl Pts',(-63.9640218143581,-34.8605457628017,16.4782956041549));
#6179=CARTESIAN_POINT('Ctrl Pts',(-63.6106564198817,-39.1216934065059,2.89832413108233));
#6180=CARTESIAN_POINT('Ctrl Pts',(-63.2572910254053,-37.4713186512869,-11.6352840712454));
#6181=CARTESIAN_POINT('Ctrl Pts',(-62.903925630929,-30.2558276733546,-23.9065225695711));
#6182=CARTESIAN_POINT('Ctrl Pts',(-62.6389015850717,-22.5545698107019,-31.2826657025154));
#6183=CARTESIAN_POINT('Ctrl Pts',(-62.4622188878335,-16.262456640248,-34.6034028144217));
#6184=CARTESIAN_POINT('Ctrl Pts',(-62.3738775392144,-12.9504335140507,-35.8014583482384));
#6185=CARTESIAN_POINT('Ctrl Pts',(-65.4052932407205,-10.8041599661711,35.3377614412032));
#6186=CARTESIAN_POINT('Ctrl Pts',(-65.3169518921014,-14.0732861001646,34.338259484634));
#6187=CARTESIAN_POINT('Ctrl Pts',(-65.1402691948632,-20.3308570835544,31.4263464551114));
#6188=CARTESIAN_POINT('Ctrl Pts',(-64.8752451490059,-28.1664698224891,24.6533536554465));
#6189=CARTESIAN_POINT('Ctrl Pts',(-64.6102211031486,-33.8357001529988,15.9938594446679));
#6190=CARTESIAN_POINT('Ctrl Pts',(-64.2568557086722,-37.9715767098678,2.8131179274349));
#6191=CARTESIAN_POINT('Ctrl Pts',(-63.9034903141958,-36.3697203953503,-11.293224888341));
#6192=CARTESIAN_POINT('Ctrl Pts',(-63.5501249197195,-29.3663535849977,-23.203708136665));
#6193=CARTESIAN_POINT('Ctrl Pts',(-63.2851008738622,-21.8915006777981,-30.3630041795347));
#6194=CARTESIAN_POINT('Ctrl Pts',(-63.108418176624,-15.7843658092618,-33.5861168057659));
#6195=CARTESIAN_POINT('Ctrl Pts',(-63.0200768280049,-12.5697109911669,-34.7489513776824));
#6196=CARTESIAN_POINT('Ctrl Pts',(-63.4516359136712,-12.3923144657882,38.3581071187786));
#6197=CARTESIAN_POINT('Ctrl Pts',(-63.368314385278,-15.7390519098099,37.2765515391343));
#6198=CARTESIAN_POINT('Ctrl Pts',(-63.1966515082658,-22.340154270131,34.1420090938242));
#6199=CARTESIAN_POINT('Ctrl Pts',(-62.9366472826344,-30.7258626659087,26.8935213906897));
#6200=CARTESIAN_POINT('Ctrl Pts',(-62.6716232367771,-36.9102369824077,17.447167923129));
#6201=CARTESIAN_POINT('Ctrl Pts',(-62.3182578423008,-41.421926799782,3.06873653837718));
#6202=CARTESIAN_POINT('Ctrl Pts',(-61.9648924478244,-39.67451516316,-12.3194024370543));
#6203=CARTESIAN_POINT('Ctrl Pts',(-61.611527053348,-32.0347758500685,-25.3121514353833));
#6204=CARTESIAN_POINT('Ctrl Pts',(-61.3465030074907,-23.8807080765094,-33.1219887484768));
#6205=CARTESIAN_POINT('Ctrl Pts',(-61.1698203102525,-17.2186383022203,-36.6379748317333));
#6206=CARTESIAN_POINT('Ctrl Pts',(-61.0814789616334,-13.7118785598183,-37.9064722893505));
#6207=CARTESIAN_POINT('Ctrl Pts',(-66.5812583493338,7.08756875046452,-39.6822709061608));
#6208=CARTESIAN_POINT('Ctrl Pts',(-66.4863334502385,11.0321897263758,-38.9777302706864));
#6209=CARTESIAN_POINT('Ctrl Pts',(-66.2964836520478,18.709792947298,-36.3845179823866));
#6210=CARTESIAN_POINT('Ctrl Pts',(-66.0117089547617,28.5735049701374,-29.2806137523524));
#6211=CARTESIAN_POINT('Ctrl Pts',(-65.7269342574757,35.9156887483129,-19.59312569296));
#6212=CARTESIAN_POINT('Ctrl Pts',(-65.4421595601897,40.0869406530911,-8.17571720531847));
#6213=CARTESIAN_POINT('Ctrl Pts',(-65.1573848629036,40.7208731962881,3.9633115514502));
#6214=CARTESIAN_POINT('Ctrl Pts',(-64.8726101656176,37.7582202747305,15.7525099800184));
#6215=CARTESIAN_POINT('Ctrl Pts',(-64.5878354683315,31.4640399494289,26.151683418059));
#6216=CARTESIAN_POINT('Ctrl Pts',(-64.3030607710455,22.3907945711125,34.2411124509948));
#6217=CARTESIAN_POINT('Ctrl Pts',(-64.1132109728548,15.025202382188,37.6193561958126));
#6218=CARTESIAN_POINT('Ctrl Pts',(-64.0182860737595,11.1752191271977,38.73023021519));
#6219=CARTESIAN_POINT('Ctrl Pts',(-67.2274576381243,6.89077609043494,-38.580457305111));
#6220=CARTESIAN_POINT('Ctrl Pts',(-67.1325327390289,10.7258711510445,-37.8954788679919));
#6221=CARTESIAN_POINT('Ctrl Pts',(-66.9426829408383,18.1902988792567,-35.3742694289347));
#6222=CARTESIAN_POINT('Ctrl Pts',(-66.6579082435522,27.7801361510944,-28.4676114280721));
#6223=CARTESIAN_POINT('Ctrl Pts',(-66.3731335462662,34.9184576561826,-19.0491051043542));
#6224=CARTESIAN_POINT('Ctrl Pts',(-66.0883588489802,38.973891036034,-7.94871113410698));
#6225=CARTESIAN_POINT('Ctrl Pts',(-65.8035841516941,39.5902218774561,3.85326667566895));
#6226=CARTESIAN_POINT('Ctrl Pts',(-65.5188094544081,36.7098296534247,15.3151275079391));
#6227=CARTESIAN_POINT('Ctrl Pts',(-65.234034757122,30.5904128517701,25.425558631791));
#6228=CARTESIAN_POINT('Ctrl Pts',(-64.949260059836,21.7690942139151,33.2903774614878));
#6229=CARTESIAN_POINT('Ctrl Pts',(-64.7594102616453,14.6080142534549,36.5748212593594));
#6230=CARTESIAN_POINT('Ctrl Pts',(-64.6644853625499,10.8649292131407,37.6548508720117));
#6231=CARTESIAN_POINT('Ctrl Pts',(-67.8736569269148,6.69398343040536,-37.4786437040611));
#6232=CARTESIAN_POINT('Ctrl Pts',(-67.7787320278194,10.4195525757133,-36.8132274652974));
#6233=CARTESIAN_POINT('Ctrl Pts',(-67.5888822296288,17.6708048112153,-34.3640208754827));
#6234=CARTESIAN_POINT('Ctrl Pts',(-67.3041075323427,26.9867673320515,-27.6546091037917));
#6235=CARTESIAN_POINT('Ctrl Pts',(-67.0193328350567,33.9212265640522,-18.5050845157484));
#6236=CARTESIAN_POINT('Ctrl Pts',(-66.7345581377706,37.860841418977,-7.7217050628955));
#6237=CARTESIAN_POINT('Ctrl Pts',(-66.4497834404846,38.4595705586242,3.74322179988773));
#6238=CARTESIAN_POINT('Ctrl Pts',(-66.1650087431986,35.6614390321189,14.8777450358598));
#6239=CARTESIAN_POINT('Ctrl Pts',(-65.8802340459125,29.7167857541114,24.6994338455229));
#6240=CARTESIAN_POINT('Ctrl Pts',(-65.5954593486265,21.1473938567177,32.3396424719808));
#6241=CARTESIAN_POINT('Ctrl Pts',(-65.4056095504358,14.1908261247218,35.5302863229062));
#6242=CARTESIAN_POINT('Ctrl Pts',(-65.3106846513404,10.5546392990837,36.5794715288335));
#6243=CARTESIAN_POINT('Ctrl Pts',(-68.5198562157053,6.49719077037578,-36.3768301030112));
#6244=CARTESIAN_POINT('Ctrl Pts',(-68.4249313166099,10.1132340003821,-35.7309760626029));
#6245=CARTESIAN_POINT('Ctrl Pts',(-68.2350815184192,17.151310743174,-33.3537723220308));
#6246=CARTESIAN_POINT('Ctrl Pts',(-67.9503068211332,26.1933985130085,-26.8416067795114));
#6247=CARTESIAN_POINT('Ctrl Pts',(-67.6655321238472,32.9239954719218,-17.9610639271427));
#6248=CARTESIAN_POINT('Ctrl Pts',(-67.3807574265611,36.74779180192,-7.49469899168402));
#6249=CARTESIAN_POINT('Ctrl Pts',(-67.0959827292751,37.3289192397923,3.63317692410648));
#6250=CARTESIAN_POINT('Ctrl Pts',(-66.8112080319891,34.6130484108131,14.4403625637804));
#6251=CARTESIAN_POINT('Ctrl Pts',(-66.526433334703,28.8431586564526,23.9733090592548));
#6252=CARTESIAN_POINT('Ctrl Pts',(-66.2416586374169,20.5256934995202,31.3889074824737));
#6253=CARTESIAN_POINT('Ctrl Pts',(-66.0518088392263,13.7736379959887,34.485751386453));
#6254=CARTESIAN_POINT('Ctrl Pts',(-65.9568839401309,10.2443493850267,35.5040921856552));
#6255=CARTESIAN_POINT('Ctrl Pts',(-66.5202537643243,9.6063892124057,-39.1485335829455));
#6256=CARTESIAN_POINT('Ctrl Pts',(-66.4456637268988,12.664249450269,-38.397628342666));
#6257=CARTESIAN_POINT('Ctrl Pts',(-66.2761487903779,19.4141294682289,-35.877250619063));
#6258=CARTESIAN_POINT('Ctrl Pts',(-66.0117089547617,28.5735049701374,-29.2806137523524));
#6259=CARTESIAN_POINT('Ctrl Pts',(-65.7269342574757,35.9156887483129,-19.59312569296));
#6260=CARTESIAN_POINT('Ctrl Pts',(-65.4421595601897,40.0869406530911,-8.17571720531847));
#6261=CARTESIAN_POINT('Ctrl Pts',(-65.1573848629036,40.7208731962881,3.9633115514502));
#6262=CARTESIAN_POINT('Ctrl Pts',(-64.8726101656176,37.7582202747305,15.7525099800184));
#6263=CARTESIAN_POINT('Ctrl Pts',(-64.5878354683315,31.4640399494289,26.151683418059));
#6264=CARTESIAN_POINT('Ctrl Pts',(-64.3096244762406,22.5999216754299,34.0546610988379));
#6265=CARTESIAN_POINT('Ctrl Pts',(-64.1263383832451,15.5329318728713,37.3833549662196));
#6266=CARTESIAN_POINT('Ctrl Pts',(-64.0379771893448,11.9714037457165,38.4915222225616));
#6267=CARTESIAN_POINT('Ctrl Pts',(-48.4243819770521,13.4818859072563,-37.988880049907));
#6268=CARTESIAN_POINT('Ctrl Pts',(-48.3360499560327,16.9958981918507,-36.7417910955772));
#6269=CARTESIAN_POINT('Ctrl Pts',(-48.1593859139938,23.6798128663094,-33.2673857642544));
#6270=CARTESIAN_POINT('Ctrl Pts',(-47.8943898509355,31.8776128409501,-25.5069416520984));
#6271=CARTESIAN_POINT('Ctrl Pts',(-47.5410617668578,39.5978803861735,-12.56347696803));
#6272=CARTESIAN_POINT('Ctrl Pts',(-47.18773368278,41.4399646511545,2.81196617914063));
#6273=CARTESIAN_POINT('Ctrl Pts',(-46.8344055987023,37.0183000613777,17.2165641525117));
#6274=CARTESIAN_POINT('Ctrl Pts',(-46.569409535644,30.8937325029365,26.7003919380287));
#6275=CARTESIAN_POINT('Ctrl Pts',(-46.3044134725857,22.3935900019391,34.1415704312928));
#6276=CARTESIAN_POINT('Ctrl Pts',(-46.1277494305469,15.5883000100801,37.3607370250445));
#6277=CARTESIAN_POINT('Ctrl Pts',(-46.0394174095274,12.0294621508745,38.4734752189502));
#6278=CARTESIAN_POINT('Ctrl Pts',(-49.0705812658426,13.1075493352505,-36.9340849544696));
#6279=CARTESIAN_POINT('Ctrl Pts',(-48.9822492448232,16.523991938448,-35.7216225358753));
#6280=CARTESIAN_POINT('Ctrl Pts',(-48.8055852027843,23.0223217678762,-32.3436871636096));
#6281=CARTESIAN_POINT('Ctrl Pts',(-48.540589139726,30.9925025235437,-24.7987186953042));
#6282=CARTESIAN_POINT('Ctrl Pts',(-48.1872610556482,38.498409963087,-12.2146408383492));
#6283=CARTESIAN_POINT('Ctrl Pts',(-47.8339329715705,40.2893471175048,2.73388943325087));
#6284=CARTESIAN_POINT('Ctrl Pts',(-47.4806048874928,35.9904539839235,16.7385309121399));
#6285=CARTESIAN_POINT('Ctrl Pts',(-47.2156088244345,30.0359404995649,25.9590317709089));
#6286=CARTESIAN_POINT('Ctrl Pts',(-46.9506127613762,21.7718120271146,33.1935993146358));
#6287=CARTESIAN_POINT('Ctrl Pts',(-46.7739487193373,15.1554769740959,36.323382880248));
#6288=CARTESIAN_POINT('Ctrl Pts',(-46.6856166983179,11.6954534182974,37.4052249069624));
#6289=CARTESIAN_POINT('Ctrl Pts',(-49.7167805546331,12.7332127632447,-35.8792898590321));
#6290=CARTESIAN_POINT('Ctrl Pts',(-49.6284485336136,16.0520856850452,-34.7014539761734));
#6291=CARTESIAN_POINT('Ctrl Pts',(-49.4517844915748,22.364830669443,-31.4199885629648));
#6292=CARTESIAN_POINT('Ctrl Pts',(-49.1867884285165,30.1073922061372,-24.0904957385101));
#6293=CARTESIAN_POINT('Ctrl Pts',(-48.8334603444388,37.3989395400004,-11.8658047086683));
#6294=CARTESIAN_POINT('Ctrl Pts',(-48.480132260361,39.138729583855,2.65581268736107));
#6295=CARTESIAN_POINT('Ctrl Pts',(-48.1268041762833,34.9626079064693,16.2604976717681));
#6296=CARTESIAN_POINT('Ctrl Pts',(-47.861808113225,29.1781484961933,25.2176716037892));
#6297=CARTESIAN_POINT('Ctrl Pts',(-47.5968120501667,21.1500340522901,32.2456281979787));
#6298=CARTESIAN_POINT('Ctrl Pts',(-47.4201480081278,14.7226539381117,35.2860287354516));
#6299=CARTESIAN_POINT('Ctrl Pts',(-47.3318159871084,11.3614446857203,36.3369745949744));
#6300=CARTESIAN_POINT('Ctrl Pts',(-50.3629798434236,12.3588761912389,-34.8244947635946));
#6301=CARTESIAN_POINT('Ctrl Pts',(-50.2746478224041,15.5801794316424,-33.6812854164714));
#6302=CARTESIAN_POINT('Ctrl Pts',(-50.0979837803653,21.7073395710098,-30.49628996232));
#6303=CARTESIAN_POINT('Ctrl Pts',(-49.832987717307,29.2222818887308,-23.382272781716));
#6304=CARTESIAN_POINT('Ctrl Pts',(-49.4796596332292,36.2994691169139,-11.5169685789874));
#6305=CARTESIAN_POINT('Ctrl Pts',(-49.1263315491515,37.9881120502053,2.57773594147131));
#6306=CARTESIAN_POINT('Ctrl Pts',(-48.7730034650738,33.9347618290152,15.7824644313962));
#6307=CARTESIAN_POINT('Ctrl Pts',(-48.5080074020155,28.3203564928216,24.4763114366694));
#6308=CARTESIAN_POINT('Ctrl Pts',(-48.2430113389572,20.5282560774656,31.2976570813217));
#6309=CARTESIAN_POINT('Ctrl Pts',(-48.0663472969183,14.2898309021275,34.2486745906551));
#6310=CARTESIAN_POINT('Ctrl Pts',(-47.9780152758989,11.0274359531432,35.2687242829866));
#6311=CARTESIAN_POINT('Ctrl Pts',(-48.4243819770521,13.4818859072563,-37.988880049907));
#6312=CARTESIAN_POINT('Ctrl Pts',(-48.3360499560327,16.9958981918507,-36.7417910955772));
#6313=CARTESIAN_POINT('Ctrl Pts',(-48.1593859139938,23.6798128663094,-33.2673857642544));
#6314=CARTESIAN_POINT('Ctrl Pts',(-47.8943898509355,31.8776128409501,-25.5069416520984));
#6315=CARTESIAN_POINT('Ctrl Pts',(-47.5410617668578,39.5978803861735,-12.56347696803));
#6316=CARTESIAN_POINT('Ctrl Pts',(-47.18773368278,41.4399646511545,2.81196617914063));
#6317=CARTESIAN_POINT('Ctrl Pts',(-46.8344055987023,37.0183000613777,17.2165641525117));
#6318=CARTESIAN_POINT('Ctrl Pts',(-46.569409535644,30.8937325029365,26.7003919380287));
#6319=CARTESIAN_POINT('Ctrl Pts',(-46.3044134725857,22.3935900019391,34.1415704312928));
#6320=CARTESIAN_POINT('Ctrl Pts',(-46.1277494305469,15.5883000100801,37.3607370250445));
#6321=CARTESIAN_POINT('Ctrl Pts',(-46.0394174095274,12.0294621508745,38.4734752189502));
#6322=CARTESIAN_POINT('Ctrl Pts',(-57.3908251889551,-14.8082394266118,37.4917630973343));
#6323=CARTESIAN_POINT('Ctrl Pts',(-57.2221808227482,-21.4294335312348,34.8765692656444));
#6324=CARTESIAN_POINT('Ctrl Pts',(-56.9692142734378,-30.2842373541367,28.2615048139566));
#6325=CARTESIAN_POINT('Ctrl Pts',(-56.6319255410239,-37.5593346438699,15.8759015895625));
#6326=CARTESIAN_POINT('Ctrl Pts',(-56.2946368086101,-41.3760056819268,2.02643817837704));
#6327=CARTESIAN_POINT('Ctrl Pts',(-55.9573480761963,-39.4732022417455,-12.5874563934016));
#6328=CARTESIAN_POINT('Ctrl Pts',(-55.6200593437824,-32.2225166689337,-24.9955155398658));
#6329=CARTESIAN_POINT('Ctrl Pts',(-55.3670927944721,-24.5617533929742,-32.563028017656));
#6330=CARTESIAN_POINT('Ctrl Pts',(-55.1984484282651,-18.3034400781628,-36.0911374010948));
#6331=CARTESIAN_POINT('Ctrl Pts',(-55.1141262451617,-14.999565833722,-37.4156288182136));
#6332=CARTESIAN_POINT('Ctrl Pts',(-58.0370244777456,-14.3970754676129,36.4507708969215));
#6333=CARTESIAN_POINT('Ctrl Pts',(-57.8683801115387,-20.834426219699,33.9081902516077));
#6334=CARTESIAN_POINT('Ctrl Pts',(-57.6154135622283,-29.4433685265155,27.4767989571826));
#6335=CARTESIAN_POINT('Ctrl Pts',(-57.2781248298145,-36.5164662592741,15.4350930395257));
#6336=CARTESIAN_POINT('Ctrl Pts',(-56.9408360974006,-40.2271640260329,1.9701723171842));
#6337=CARTESIAN_POINT('Ctrl Pts',(-56.6035473649868,-38.3771936184035,-12.2379544536142));
#6338=CARTESIAN_POINT('Ctrl Pts',(-56.2662586325729,-31.3278297894997,-24.301492784661));
#6339=CARTESIAN_POINT('Ctrl Pts',(-56.0132920832626,-23.8797744301772,-31.658886537294));
#6340=CARTESIAN_POINT('Ctrl Pts',(-55.8446477170556,-17.795228759516,-35.0890348208286));
#6341=CARTESIAN_POINT('Ctrl Pts',(-55.7603255339522,-14.5830895265944,-36.3767505538817));
#6342=CARTESIAN_POINT('Ctrl Pts',(-58.6832237665361,-13.985911508614,35.4097786965087));
#6343=CARTESIAN_POINT('Ctrl Pts',(-58.5145794003291,-20.2394189081632,32.939811237571));
#6344=CARTESIAN_POINT('Ctrl Pts',(-58.2616128510188,-28.6024996988943,26.6920931004087));
#6345=CARTESIAN_POINT('Ctrl Pts',(-57.9243241186049,-35.4735978746783,14.994284489489));
#6346=CARTESIAN_POINT('Ctrl Pts',(-57.5870353861911,-39.078322370139,1.91390645599136));
#6347=CARTESIAN_POINT('Ctrl Pts',(-57.2497466537772,-37.2811849950614,-11.8884525138268));
#6348=CARTESIAN_POINT('Ctrl Pts',(-56.9124579213634,-30.4331429100658,-23.6074700294562));
#6349=CARTESIAN_POINT('Ctrl Pts',(-56.659491372053,-23.1977954673803,-30.7547450569321));
#6350=CARTESIAN_POINT('Ctrl Pts',(-56.4908470058461,-17.2870174408691,-34.0869322405624));
#6351=CARTESIAN_POINT('Ctrl Pts',(-56.4065248227426,-14.1666132194667,-35.3378722895498));
#6352=CARTESIAN_POINT('Ctrl Pts',(-59.3294230553266,-13.5747475496151,34.3687864960958));
#6353=CARTESIAN_POINT('Ctrl Pts',(-59.1607786891196,-19.6444115966275,31.9714322235344));
#6354=CARTESIAN_POINT('Ctrl Pts',(-58.9078121398092,-27.7616308712731,25.9073872436348));
#6355=CARTESIAN_POINT('Ctrl Pts',(-58.5705234073954,-34.4307294900826,14.5534759394523));
#6356=CARTESIAN_POINT('Ctrl Pts',(-58.2332346749815,-37.9294807142451,1.85764059479853));
#6357=CARTESIAN_POINT('Ctrl Pts',(-57.8959459425677,-36.1851763717194,-11.5389505740394));
#6358=CARTESIAN_POINT('Ctrl Pts',(-57.5586572101539,-29.5384560306318,-22.9134472742513));
#6359=CARTESIAN_POINT('Ctrl Pts',(-57.3056906608435,-22.5158165045833,-29.8506035765701));
#6360=CARTESIAN_POINT('Ctrl Pts',(-57.1370462946366,-16.7788061222223,-33.0848296602962));
#6361=CARTESIAN_POINT('Ctrl Pts',(-57.0527241115331,-13.750136912339,-34.2989940252179));
#6362=CARTESIAN_POINT('Ctrl Pts',(-57.3908251889551,-14.8082394266118,37.4917630973343));
#6363=CARTESIAN_POINT('Ctrl Pts',(-57.2221808227482,-21.4294335312348,34.8765692656444));
#6364=CARTESIAN_POINT('Ctrl Pts',(-56.9692142734378,-30.2842373541367,28.2615048139566));
#6365=CARTESIAN_POINT('Ctrl Pts',(-56.6319255410239,-37.5593346438699,15.8759015895625));
#6366=CARTESIAN_POINT('Ctrl Pts',(-56.2946368086101,-41.3760056819268,2.02643817837704));
#6367=CARTESIAN_POINT('Ctrl Pts',(-55.9573480761963,-39.4732022417455,-12.5874563934016));
#6368=CARTESIAN_POINT('Ctrl Pts',(-55.6200593437824,-32.2225166689337,-24.9955155398658));
#6369=CARTESIAN_POINT('Ctrl Pts',(-55.3670927944721,-24.5617533929742,-32.563028017656));
#6370=CARTESIAN_POINT('Ctrl Pts',(-55.1984484282651,-18.3034400781628,-36.0911374010948));
#6371=CARTESIAN_POINT('Ctrl Pts',(-55.1141262451617,-14.999565833722,-37.4156288182136));
#6372=CARTESIAN_POINT('Ctrl Pts',(-60.4115834433517,13.9898093137697,-37.8047813170089));
#6373=CARTESIAN_POINT('Ctrl Pts',(-60.3261860994344,17.370611117274,-36.5537021965645));
#6374=CARTESIAN_POINT('Ctrl Pts',(-60.0699940676822,27.0225459710462,-31.4425332516033));
#6375=CARTESIAN_POINT('Ctrl Pts',(-59.7284046920126,36.4023742951838,-19.82963059858));
#6376=CARTESIAN_POINT('Ctrl Pts',(-59.3014179724257,41.3815713621616,-2.31946270997283));
#6377=CARTESIAN_POINT('Ctrl Pts',(-58.9598285967561,39.5370755065723,12.4932879983364));
#6378=CARTESIAN_POINT('Ctrl Pts',(-58.6182392210866,32.1848576434726,25.0655786780618));
#6379=CARTESIAN_POINT('Ctrl Pts',(-58.3620471893344,24.3963612942715,32.7010502644973));
#6380=CARTESIAN_POINT('Ctrl Pts',(-58.1912525014996,18.0324265475977,36.2317936026935));
#6381=CARTESIAN_POINT('Ctrl Pts',(-58.1058551575823,14.6749331766832,37.5441419041957));
#6382=CARTESIAN_POINT('Ctrl Pts',(-61.0577827321422,13.6013697959191,-36.7550978868872));
#6383=CARTESIAN_POINT('Ctrl Pts',(-60.9723853882249,16.8883006256991,-35.5387560926951));
#6384=CARTESIAN_POINT('Ctrl Pts',(-60.7161933564727,26.2722409102219,-30.5695033065681));
#6385=CARTESIAN_POINT('Ctrl Pts',(-60.3746039808031,35.3916299453004,-19.2790432405889));
#6386=CARTESIAN_POINT('Ctrl Pts',(-59.9476172612162,40.2325751701981,-2.25506076163123));
#6387=CARTESIAN_POINT('Ctrl Pts',(-59.6060278855466,38.4392933851334,12.1464007279241));
#6388=CARTESIAN_POINT('Ctrl Pts',(-59.2644385098771,31.2912164004275,24.3696105574121));
#6389=CARTESIAN_POINT('Ctrl Pts',(-59.0082464781249,23.7189745904279,31.7930764735002));
#6390=CARTESIAN_POINT('Ctrl Pts',(-58.8374517902901,17.5317401610484,35.2257855776921));
#6391=CARTESIAN_POINT('Ctrl Pts',(-58.7520544463727,14.2674705844641,36.5016953595508));
#6392=CARTESIAN_POINT('Ctrl Pts',(-61.7039820209327,13.2129302780685,-35.7054144567655));
#6393=CARTESIAN_POINT('Ctrl Pts',(-61.6185846770153,16.4059901341241,-34.5238099888256));
#6394=CARTESIAN_POINT('Ctrl Pts',(-61.3623926452632,25.5219358493976,-29.6964733615328));
#6395=CARTESIAN_POINT('Ctrl Pts',(-61.0208032695936,34.3808855954171,-18.7284558825978));
#6396=CARTESIAN_POINT('Ctrl Pts',(-60.5938165500066,39.0835789782345,-2.19065881328962));
#6397=CARTESIAN_POINT('Ctrl Pts',(-60.2522271743371,37.3415112636946,11.7995134575118));
#6398=CARTESIAN_POINT('Ctrl Pts',(-59.9106377986676,30.3975751573825,23.6736424367624));
#6399=CARTESIAN_POINT('Ctrl Pts',(-59.6544457669154,23.0415878865842,30.8851026825032));
#6400=CARTESIAN_POINT('Ctrl Pts',(-59.4836510790806,17.0310537744991,34.2197775526906));
#6401=CARTESIAN_POINT('Ctrl Pts',(-59.3982537351632,13.8600079922449,35.4592488149059));
#6402=CARTESIAN_POINT('Ctrl Pts',(-62.3501813097232,12.8244907602179,-34.6557310266439));
#6403=CARTESIAN_POINT('Ctrl Pts',(-62.2647839658058,15.9236796425492,-33.5088638849561));
#6404=CARTESIAN_POINT('Ctrl Pts',(-62.0085919340537,24.7716307885733,-28.8234434164976));
#6405=CARTESIAN_POINT('Ctrl Pts',(-61.6670025583841,33.3701412455338,-18.1778685246067));
#6406=CARTESIAN_POINT('Ctrl Pts',(-61.2400158387971,37.9345827862709,-2.12625686494803));
#6407=CARTESIAN_POINT('Ctrl Pts',(-60.8984264631276,36.2437291422557,11.4526261870995));
#6408=CARTESIAN_POINT('Ctrl Pts',(-60.556837087458,29.5039339143374,22.9776743161127));
#6409=CARTESIAN_POINT('Ctrl Pts',(-60.3006450557059,22.3642011827406,29.9771288915061));
#6410=CARTESIAN_POINT('Ctrl Pts',(-60.1298503678711,16.5303673879498,33.2137695276892));
#6411=CARTESIAN_POINT('Ctrl Pts',(-60.0444530239537,13.4525454000257,34.4168022702611));
#6412=CARTESIAN_POINT('Ctrl Pts',(-60.4115834433517,13.9898093137697,-37.8047813170089));
#6413=CARTESIAN_POINT('Ctrl Pts',(-60.3261860994344,17.370611117274,-36.5537021965645));
#6414=CARTESIAN_POINT('Ctrl Pts',(-60.0699940676822,27.0225459710462,-31.4425332516033));
#6415=CARTESIAN_POINT('Ctrl Pts',(-59.7284046920126,36.4023742951838,-19.82963059858));
#6416=CARTESIAN_POINT('Ctrl Pts',(-59.3014179724257,41.3815713621616,-2.31946270997283));
#6417=CARTESIAN_POINT('Ctrl Pts',(-58.9598285967561,39.5370755065723,12.4932879983364));
#6418=CARTESIAN_POINT('Ctrl Pts',(-58.6182392210866,32.1848576434726,25.0655786780618));
#6419=CARTESIAN_POINT('Ctrl Pts',(-58.3620471893344,24.3963612942715,32.7010502644973));
#6420=CARTESIAN_POINT('Ctrl Pts',(-58.1912525014996,18.0324265475977,36.2317936026935));
#6421=CARTESIAN_POINT('Ctrl Pts',(-58.1058551575823,14.6749331766832,37.5441419041957));
#6422=CARTESIAN_POINT('Ctrl Pts',(-40.2419613647137,2.6833366615831,-36.8549448596875));
#6423=CARTESIAN_POINT('Ctrl Pts',(-40.1611999117106,5.80027712998867,-36.6280065027672));
#6424=CARTESIAN_POINT('Ctrl Pts',(-39.9189155527011,15.0663968956008,-34.7642548049245));
#6425=CARTESIAN_POINT('Ctrl Pts',(-39.5151082876853,28.5740754532314,-25.9327608608578));
#6426=CARTESIAN_POINT('Ctrl Pts',(-39.1113010226695,36.0582245468772,-11.6321553480878));
#6427=CARTESIAN_POINT('Ctrl Pts',(-38.7882552106569,37.3345637158815,0.902255871154602));
#6428=CARTESIAN_POINT('Ctrl Pts',(-38.4652093986443,35.451523847103,13.3653023180646));
#6429=CARTESIAN_POINT('Ctrl Pts',(-38.2229250396348,30.5498844364245,21.708502776028));
#6430=CARTESIAN_POINT('Ctrl Pts',(-38.0614021336285,26.1303666227759,26.1283600022909));
#6431=CARTESIAN_POINT('Ctrl Pts',(-40.8881606535042,2.76461193547463,-37.971240023322));
#6432=CARTESIAN_POINT('Ctrl Pts',(-40.807399200501,5.97596105334271,-37.7374279567479));
#6433=CARTESIAN_POINT('Ctrl Pts',(-40.5651148414916,15.5227412491736,-35.8172252992188));
#6434=CARTESIAN_POINT('Ctrl Pts',(-40.1613075764758,29.4395523208596,-26.71823525619));
#6435=CARTESIAN_POINT('Ctrl Pts',(-39.75750031146,37.150387941075,-11.9844803564998));
#6436=CARTESIAN_POINT('Ctrl Pts',(-39.4344544994474,38.4653859995971,0.929584194915918));
#6437=CARTESIAN_POINT('Ctrl Pts',(-39.1114086874348,36.5253109539529,13.7701224146614));
#6438=CARTESIAN_POINT('Ctrl Pts',(-38.8691243284253,31.4752063538987,22.3660291066435));
#6439=CARTESIAN_POINT('Ctrl Pts',(-38.707601422419,26.9218262761835,26.9197588774026));
#6440=CARTESIAN_POINT('Ctrl Pts',(-41.5343599422947,2.84588720936616,-39.0875351869565));
#6441=CARTESIAN_POINT('Ctrl Pts',(-41.4535984892915,6.15164497669673,-38.8468494107286));
#6442=CARTESIAN_POINT('Ctrl Pts',(-41.211314130282,15.9790856027465,-36.8701957935131));
#6443=CARTESIAN_POINT('Ctrl Pts',(-40.8075068652663,30.3050291884877,-27.5037096515223));
#6444=CARTESIAN_POINT('Ctrl Pts',(-40.4036996002505,38.2425513352727,-12.3368053649119));
#6445=CARTESIAN_POINT('Ctrl Pts',(-40.0806537882379,39.5962082833127,0.956912518677224));
#6446=CARTESIAN_POINT('Ctrl Pts',(-39.7576079762253,37.5990980608028,14.1749425112582));
#6447=CARTESIAN_POINT('Ctrl Pts',(-39.5153236172158,32.400528271373,23.023555437259));
#6448=CARTESIAN_POINT('Ctrl Pts',(-39.3538007112095,27.713285929591,27.7111577525143));
#6449=CARTESIAN_POINT('Ctrl Pts',(-42.1805592310852,2.9271624832577,-40.2038303505911));
#6450=CARTESIAN_POINT('Ctrl Pts',(-42.099797778082,6.32732890005076,-39.9562708647093));
#6451=CARTESIAN_POINT('Ctrl Pts',(-41.8575134190725,16.4354299563194,-37.9231662878075));
#6452=CARTESIAN_POINT('Ctrl Pts',(-41.4537061540568,31.1705060561158,-28.2891840468545));
#6453=CARTESIAN_POINT('Ctrl Pts',(-41.049898889041,39.3347147294705,-12.689130373324));
#6454=CARTESIAN_POINT('Ctrl Pts',(-40.7268530770284,40.7270305670282,0.984240842438534));
#6455=CARTESIAN_POINT('Ctrl Pts',(-40.4038072650158,38.6728851676527,14.5797626078551));
#6456=CARTESIAN_POINT('Ctrl Pts',(-40.1615229060063,33.3258501888473,23.6810817678745));
#6457=CARTESIAN_POINT('Ctrl Pts',(-40.,28.5047455829985,28.502556627626));
#6458=CARTESIAN_POINT('Ctrl Pts',(-42.06880084709,7.60188776880285,-39.5880441898096));
#6459=CARTESIAN_POINT('Ctrl Pts',(-42.0252921887519,9.40574681470302,-39.2424749962867));
#6460=CARTESIAN_POINT('Ctrl Pts',(-41.8202606244075,17.7947981794198,-37.0343938626385));
#6461=CARTESIAN_POINT('Ctrl Pts',(-41.4537061540568,31.1705060561158,-28.2891840468545));
#6462=CARTESIAN_POINT('Ctrl Pts',(-41.049898889041,39.3347147294705,-12.689130373324));
#6463=CARTESIAN_POINT('Ctrl Pts',(-40.7268530770284,40.7270305670282,0.984240842438534));
#6464=CARTESIAN_POINT('Ctrl Pts',(-40.4038072650158,38.6728851676527,14.5797626078551));
#6465=CARTESIAN_POINT('Ctrl Pts',(-40.1615229060063,33.3258501888473,23.6810817678745));
#6466=CARTESIAN_POINT('Ctrl Pts',(-40.,28.5047455829985,28.502556627626));
#6467=CARTESIAN_POINT('Ctrl Pts',(-48.9617967727936,-13.2270087770502,34.5041083794646));
#6468=CARTESIAN_POINT('Ctrl Pts',(-48.875762476919,-16.3356531076808,33.3124222940345));
#6469=CARTESIAN_POINT('Ctrl Pts',(-48.7036938851699,-22.2323768724404,30.0847016986173));
#6470=CARTESIAN_POINT('Ctrl Pts',(-48.4455909975462,-29.449761969552,23.0558422109297));
#6471=CARTESIAN_POINT('Ctrl Pts',(-48.101453814048,-36.2564484995609,11.4569949021423));
#6472=CARTESIAN_POINT('Ctrl Pts',(-47.7573166305497,-37.9508877990799,-2.23884347649874));
#6473=CARTESIAN_POINT('Ctrl Pts',(-47.4131794470515,-34.1953741897404,-15.1497933093421));
#6474=CARTESIAN_POINT('Ctrl Pts',(-47.1550765594278,-28.9156004112075,-23.7310133300785));
#6475=CARTESIAN_POINT('Ctrl Pts',(-46.8969736718041,-21.5266136301344,-30.5894388524843));
#6476=CARTESIAN_POINT('Ctrl Pts',(-46.724905080055,-15.5616876034069,-33.680928141673));
#6477=CARTESIAN_POINT('Ctrl Pts',(-46.6388707841805,-12.4263418606224,-34.8004782181645));
#6478=CARTESIAN_POINT('Ctrl Pts',(-49.607996061584,-13.627640116573,35.5491993287566));
#6479=CARTESIAN_POINT('Ctrl Pts',(-49.5219617657095,-16.8304418159082,34.3214184012694));
#6480=CARTESIAN_POINT('Ctrl Pts',(-49.3498931739604,-22.905770764991,30.9959337499312));
#6481=CARTESIAN_POINT('Ctrl Pts',(-49.0917902863367,-30.3417624048249,23.7541779499077));
#6482=CARTESIAN_POINT('Ctrl Pts',(-48.7476531028384,-37.3546158761426,11.8040144960594));
#6483=CARTESIAN_POINT('Ctrl Pts',(-48.4035159193402,-39.1003778516912,-2.30665554770018));
#6484=CARTESIAN_POINT('Ctrl Pts',(-48.059378735842,-35.2311139248562,-15.6086636472483));
#6485=CARTESIAN_POINT('Ctrl Pts',(-47.8012758482183,-29.7914216888002,-24.4497992490201));
#6486=CARTESIAN_POINT('Ctrl Pts',(-47.5431729605946,-22.1786307414402,-31.5159588290933));
#6487=CARTESIAN_POINT('Ctrl Pts',(-47.3711043688455,-16.0330337599623,-34.7010858799199));
#6488=CARTESIAN_POINT('Ctrl Pts',(-47.285070072971,-12.8027218924877,-35.8545458792343));
#6489=CARTESIAN_POINT('Ctrl Pts',(-50.2541953503745,-14.0282714560957,36.5942902780487));
#6490=CARTESIAN_POINT('Ctrl Pts',(-50.1681610545,-17.3252305241356,35.3304145085043));
#6491=CARTESIAN_POINT('Ctrl Pts',(-49.9960924627509,-23.5791646575417,31.9071658012451));
#6492=CARTESIAN_POINT('Ctrl Pts',(-49.7379895751272,-31.2337628400978,24.4525136888856));
#6493=CARTESIAN_POINT('Ctrl Pts',(-49.3938523916289,-38.4527832527242,12.1510340899765));
#6494=CARTESIAN_POINT('Ctrl Pts',(-49.0497152081307,-40.2498679043025,-2.37446761890162));
#6495=CARTESIAN_POINT('Ctrl Pts',(-48.7055780246325,-36.266853659972,-16.0675339851546));
#6496=CARTESIAN_POINT('Ctrl Pts',(-48.4474751370088,-30.6672429663929,-25.1685851679617));
#6497=CARTESIAN_POINT('Ctrl Pts',(-48.1893722493851,-22.830647852746,-32.4424788057022));
#6498=CARTESIAN_POINT('Ctrl Pts',(-48.017303657636,-16.5043799165177,-35.7212436181668));
#6499=CARTESIAN_POINT('Ctrl Pts',(-47.9312693617614,-13.1791019243529,-36.9086135403041));
#6500=CARTESIAN_POINT('Ctrl Pts',(-50.900394639165,-14.4289027956184,37.6393812273408));
#6501=CARTESIAN_POINT('Ctrl Pts',(-50.8143603432905,-17.8200192323629,36.3394106157393));
#6502=CARTESIAN_POINT('Ctrl Pts',(-50.6422917515414,-24.2525585500924,32.8183978525591));
#6503=CARTESIAN_POINT('Ctrl Pts',(-50.3841888639177,-32.1257632753707,25.1508494278636));
#6504=CARTESIAN_POINT('Ctrl Pts',(-50.0400516804195,-39.5509506293059,12.4980536838937));
#6505=CARTESIAN_POINT('Ctrl Pts',(-49.6959144969212,-41.3993579569138,-2.44227969010306));
#6506=CARTESIAN_POINT('Ctrl Pts',(-49.351777313423,-37.3025933950878,-16.5264043230609));
#6507=CARTESIAN_POINT('Ctrl Pts',(-49.0936744257993,-31.5430642439856,-25.8873710869033));
#6508=CARTESIAN_POINT('Ctrl Pts',(-48.8355715381756,-23.4826649640518,-33.3689987823112));
#6509=CARTESIAN_POINT('Ctrl Pts',(-48.6635029464265,-16.9757260730731,-36.7414013564136));
#6510=CARTESIAN_POINT('Ctrl Pts',(-48.5774686505519,-13.5554819562182,-37.9626812013738));
#6511=CARTESIAN_POINT('Ctrl Pts',(-50.900394639165,-14.4289027956184,37.6393812273408));
#6512=CARTESIAN_POINT('Ctrl Pts',(-50.8143603432905,-17.8200192323629,36.3394106157393));
#6513=CARTESIAN_POINT('Ctrl Pts',(-50.6422917515414,-24.2525585500924,32.8183978525591));
#6514=CARTESIAN_POINT('Ctrl Pts',(-50.3841888639177,-32.1257632753707,25.1508494278636));
#6515=CARTESIAN_POINT('Ctrl Pts',(-50.0400516804195,-39.5509506293059,12.4980536838937));
#6516=CARTESIAN_POINT('Ctrl Pts',(-49.6959144969212,-41.3993579569138,-2.44227969010306));
#6517=CARTESIAN_POINT('Ctrl Pts',(-49.351777313423,-37.3025933950878,-16.5264043230609));
#6518=CARTESIAN_POINT('Ctrl Pts',(-49.0936744257993,-31.5430642439856,-25.8873710869033));
#6519=CARTESIAN_POINT('Ctrl Pts',(-48.8355715381756,-23.4826649640518,-33.3689987823112));
#6520=CARTESIAN_POINT('Ctrl Pts',(-48.6635029464265,-16.9757260730731,-36.7414013564136));
#6521=CARTESIAN_POINT('Ctrl Pts',(-48.5774686505519,-13.5554819562182,-37.9626812013738));
#6522=CARTESIAN_POINT('Ctrl Pts',(-43.0738223196251,-9.09759781129754,35.8150941687143));
#6523=CARTESIAN_POINT('Ctrl Pts',(-42.9748091470627,-12.8111342665859,34.8717974411207));
#6524=CARTESIAN_POINT('Ctrl Pts',(-42.7767828019379,-19.9425005996606,31.8217732481974));
#6525=CARTESIAN_POINT('Ctrl Pts',(-42.4797432842506,-28.7241522821592,24.1901851612283));
#6526=CARTESIAN_POINT('Ctrl Pts',(-42.1827037665633,-34.7498168925905,14.237980638087));
#6527=CARTESIAN_POINT('Ctrl Pts',(-41.885664248876,-37.4396350056422,2.9189016539367));
#6528=CARTESIAN_POINT('Ctrl Pts',(-41.5886247311887,-36.537434273329,-8.6804047423149));
#6529=CARTESIAN_POINT('Ctrl Pts',(-41.2915852135014,-32.126342543491,-19.4463279879908));
#6530=CARTESIAN_POINT('Ctrl Pts',(-40.9945456958141,-24.6333730614963,-28.3465950645566));
#6531=CARTESIAN_POINT('Ctrl Pts',(-40.6975061781268,-14.7746466561073,-34.5246731035585));
#6532=CARTESIAN_POINT('Ctrl Pts',(-40.499479833002,-7.25771297323275,-36.4347776220634));
#6533=CARTESIAN_POINT('Ctrl Pts',(-40.4004666604395,-3.44290956417131,-36.7917603544997));
#6534=CARTESIAN_POINT('Ctrl Pts',(-43.7200216084156,-9.37315389952688,36.899893414999));
#6535=CARTESIAN_POINT('Ctrl Pts',(-43.6210084358532,-13.1991692311452,35.9280252818886));
#6536=CARTESIAN_POINT('Ctrl Pts',(-43.4229820907284,-20.5465366945438,32.7856192588339));
#6537=CARTESIAN_POINT('Ctrl Pts',(-43.1259425730411,-29.5941748095066,24.9228788826735));
#6538=CARTESIAN_POINT('Ctrl Pts',(-42.8289030553537,-35.8023500786275,14.6692331874187));
#6539=CARTESIAN_POINT('Ctrl Pts',(-42.5318635376665,-38.5736397815049,3.00731192864528));
#6540=CARTESIAN_POINT('Ctrl Pts',(-42.2348240199792,-37.6441123955243,-8.94332451791428));
#6541=CARTESIAN_POINT('Ctrl Pts',(-41.9377845022919,-33.099413618298,-20.0353355680073));
#6542=CARTESIAN_POINT('Ctrl Pts',(-41.6407449846046,-25.3794904500107,-29.2051818049938));
#6543=CARTESIAN_POINT('Ctrl Pts',(-41.3437054669173,-15.2221542204087,-35.5703869354009));
#6544=CARTESIAN_POINT('Ctrl Pts',(-41.1456791217925,-7.47754100233202,-37.5383463888179));
#6545=CARTESIAN_POINT('Ctrl Pts',(-41.04666594923,-3.54719145388646,-37.9061417299621));
#6546=CARTESIAN_POINT('Ctrl Pts',(-44.3662208972061,-9.64870998775622,37.9846926612836));
#6547=CARTESIAN_POINT('Ctrl Pts',(-44.2672077246437,-13.5872041957044,36.9842531226564));
#6548=CARTESIAN_POINT('Ctrl Pts',(-44.0691813795188,-21.1505727894269,33.7494652694704));
#6549=CARTESIAN_POINT('Ctrl Pts',(-43.7721418618315,-30.4641973368541,25.6555726041187));
#6550=CARTESIAN_POINT('Ctrl Pts',(-43.4751023441442,-36.8548832646645,15.1004857367503));
#6551=CARTESIAN_POINT('Ctrl Pts',(-43.178062826457,-39.7076445573675,3.09572220335385));
#6552=CARTESIAN_POINT('Ctrl Pts',(-42.8810233087697,-38.7507905177196,-9.20624429351365));
#6553=CARTESIAN_POINT('Ctrl Pts',(-42.5839837910824,-34.0724846931049,-20.6243431480237));
#6554=CARTESIAN_POINT('Ctrl Pts',(-42.2869442733951,-26.1256078385251,-30.063768545431));
#6555=CARTESIAN_POINT('Ctrl Pts',(-41.9899047557078,-15.6696617847101,-36.6161007672434));
#6556=CARTESIAN_POINT('Ctrl Pts',(-41.7918784105829,-7.69736903143129,-38.6419151555724));
#6557=CARTESIAN_POINT('Ctrl Pts',(-41.6928652380205,-3.6514733436016,-39.0205231054245));
#6558=CARTESIAN_POINT('Ctrl Pts',(-45.0124201859966,-9.92426607598557,39.0694919075683));
#6559=CARTESIAN_POINT('Ctrl Pts',(-44.9134070134342,-13.9752391602637,38.0404809634243));
#6560=CARTESIAN_POINT('Ctrl Pts',(-44.7153806683093,-21.7546088843101,34.7133112801069));
#6561=CARTESIAN_POINT('Ctrl Pts',(-44.418341150622,-31.3342198642015,26.3882663255639));
#6562=CARTESIAN_POINT('Ctrl Pts',(-44.1213016329347,-37.9074164507015,15.531738286082));
#6563=CARTESIAN_POINT('Ctrl Pts',(-43.8242621152475,-40.8416493332302,3.18413247806243));
#6564=CARTESIAN_POINT('Ctrl Pts',(-43.5272225975601,-39.857468639915,-9.46916406911303));
#6565=CARTESIAN_POINT('Ctrl Pts',(-43.2301830798729,-35.0455557679118,-21.2133507280402));
#6566=CARTESIAN_POINT('Ctrl Pts',(-42.9331435621856,-26.8717252270396,-30.9223552858682));
#6567=CARTESIAN_POINT('Ctrl Pts',(-42.6361040444983,-16.1171693490115,-37.6618145990858));
#6568=CARTESIAN_POINT('Ctrl Pts',(-42.4380776993734,-7.91719706053056,-39.7454839223268));
#6569=CARTESIAN_POINT('Ctrl Pts',(-42.339064526811,-3.75575523331674,-40.1349044808869));
#6570=CARTESIAN_POINT('Ctrl Pts',(-44.9819855739135,-11.1641711469139,38.7332946435306));
#6571=CARTESIAN_POINT('Ctrl Pts',(-44.8931172720455,-14.768656057889,37.6937458913222));
#6572=CARTESIAN_POINT('Ctrl Pts',(-44.705235797615,-22.0817839196383,34.4289837763253));
#6573=CARTESIAN_POINT('Ctrl Pts',(-44.418341150622,-31.3342198642015,26.3882663255639));
#6574=CARTESIAN_POINT('Ctrl Pts',(-44.1213016329347,-37.9074164507015,15.531738286082));
#6575=CARTESIAN_POINT('Ctrl Pts',(-43.8242621152475,-40.8416493332302,3.18413247806243));
#6576=CARTESIAN_POINT('Ctrl Pts',(-43.5272225975601,-39.857468639915,-9.46916406911303));
#6577=CARTESIAN_POINT('Ctrl Pts',(-43.2301830798729,-35.0455557679118,-21.2133507280402));
#6578=CARTESIAN_POINT('Ctrl Pts',(-42.9331435621856,-26.8717252270396,-30.9223552858682));
#6579=CARTESIAN_POINT('Ctrl Pts',(-42.6716848737906,-17.4054020386904,-36.8545295845753));
#6580=CARTESIAN_POINT('Ctrl Pts',(-42.5092393579581,-10.8306329206366,-38.918926221033));
#6581=CARTESIAN_POINT('Ctrl Pts',(-42.4458070146881,-8.20914479213899,-39.4646589828617));
#6582=CARTESIAN_POINT('Ctrl Pts',(-67.1918240309882,-4.61377082898753,36.663338295736));
#6583=CARTESIAN_POINT('Ctrl Pts',(-67.0936933312216,-8.38137717624335,36.1892169235941));
#6584=CARTESIAN_POINT('Ctrl Pts',(-66.8974319316884,-15.7685616629168,34.0703194156883));
#6585=CARTESIAN_POINT('Ctrl Pts',(-66.6030398323885,-25.3639084277643,27.6802607307179));
#6586=CARTESIAN_POINT('Ctrl Pts',(-66.3086477330886,-32.5662337597795,18.6787689221181));
#6587=CARTESIAN_POINT('Ctrl Pts',(-66.0142556337888,-36.6994518762998,7.91680294904029));
#6588=CARTESIAN_POINT('Ctrl Pts',(-65.7198635344889,-37.3702632431594,-3.59183277703796));
#6589=CARTESIAN_POINT('Ctrl Pts',(-65.425471435189,-34.5188407833895,-14.7617354470113));
#6590=CARTESIAN_POINT('Ctrl Pts',(-65.1310793358892,-28.4121122113797,-24.5394498600299));
#6591=CARTESIAN_POINT('Ctrl Pts',(-64.8366872365893,-19.6273258022964,-32.0044765712371));
#6592=CARTESIAN_POINT('Ctrl Pts',(-64.640425837056,-12.5361652930354,-34.967863312749));
#6593=CARTESIAN_POINT('Ctrl Pts',(-64.5422951372894,-8.84934003357792,-35.8772412152902));
#6594=CARTESIAN_POINT('Ctrl Pts',(-67.8380233197787,-4.75351680017606,37.7738299103089));
#6595=CARTESIAN_POINT('Ctrl Pts',(-67.7398926200121,-8.63523974046797,37.2853479307447));
#6596=CARTESIAN_POINT('Ctrl Pts',(-67.5436312204788,-16.2461738039416,35.1022713812119));
#6597=CARTESIAN_POINT('Ctrl Pts',(-67.249239121179,-26.1321529175221,28.51866494756));
#6598=CARTESIAN_POINT('Ctrl Pts',(-66.9548470218791,-33.5526286487757,19.2445279943346));
#6599=CARTESIAN_POINT('Ctrl Pts',(-66.6604549225792,-37.8110373309388,8.15659407821186));
#6600=CARTESIAN_POINT('Ctrl Pts',(-66.3660628232793,-38.5021668257291,-3.7006253847289));
#6601=CARTESIAN_POINT('Ctrl Pts',(-66.0716707239795,-35.5643779607607,-15.2088519451932));
#6602=CARTESIAN_POINT('Ctrl Pts',(-65.7772786246797,-29.2726833931018,-25.2827224195547));
#6603=CARTESIAN_POINT('Ctrl Pts',(-65.4828865253798,-20.2218156041831,-32.9738564617007));
#6604=CARTESIAN_POINT('Ctrl Pts',(-65.2866251258465,-12.9158717541471,-36.0270008815954));
#6605=CARTESIAN_POINT('Ctrl Pts',(-65.1884944260799,-9.11737667068182,-36.963922826283));
#6606=CARTESIAN_POINT('Ctrl Pts',(-68.4842226085692,-4.8932627713646,38.8843215248817));
#6607=CARTESIAN_POINT('Ctrl Pts',(-68.3860919088026,-8.88910230469259,38.3814789378953));
#6608=CARTESIAN_POINT('Ctrl Pts',(-68.1898305092693,-16.7237859449664,36.1342233467354));
#6609=CARTESIAN_POINT('Ctrl Pts',(-67.8954384099695,-26.9003974072799,29.3570691644021));
#6610=CARTESIAN_POINT('Ctrl Pts',(-67.6010463106696,-34.539023537772,19.8102870665511));
#6611=CARTESIAN_POINT('Ctrl Pts',(-67.3066542113697,-38.9226227855778,8.39638520738348));
#6612=CARTESIAN_POINT('Ctrl Pts',(-67.0122621120699,-39.6340704082988,-3.80941799241986));
#6613=CARTESIAN_POINT('Ctrl Pts',(-66.71787001277,-36.6099151381319,-15.6559684433751));
#6614=CARTESIAN_POINT('Ctrl Pts',(-66.4234779134701,-30.1332545748239,-26.0259949790794));
#6615=CARTESIAN_POINT('Ctrl Pts',(-66.1290858141703,-20.8163054060699,-33.9432363521643));
#6616=CARTESIAN_POINT('Ctrl Pts',(-65.932824414637,-13.2955782152588,-37.0861384504417));
#6617=CARTESIAN_POINT('Ctrl Pts',(-65.8346937148704,-9.38541330778573,-38.0506044372759));
#6618=CARTESIAN_POINT('Ctrl Pts',(-69.1304218973597,-5.03300874255313,39.9948131394545));
#6619=CARTESIAN_POINT('Ctrl Pts',(-69.0322911975931,-9.14296486891721,39.4776099450459));
#6620=CARTESIAN_POINT('Ctrl Pts',(-68.8360297980598,-17.2013980859913,37.166175312259));
#6621=CARTESIAN_POINT('Ctrl Pts',(-68.5416376987599,-27.6686418970377,30.1954733812441));
#6622=CARTESIAN_POINT('Ctrl Pts',(-68.2472455994601,-35.5254184267682,20.3760461387677));
#6623=CARTESIAN_POINT('Ctrl Pts',(-67.9528535001602,-40.0342082402169,8.63617633655507));
#6624=CARTESIAN_POINT('Ctrl Pts',(-67.6584614008604,-40.7659739908685,-3.9182106001108));
#6625=CARTESIAN_POINT('Ctrl Pts',(-67.3640693015605,-37.6554523155031,-16.103084941557));
#6626=CARTESIAN_POINT('Ctrl Pts',(-67.0696772022606,-30.9938257565461,-26.7692675386042));
#6627=CARTESIAN_POINT('Ctrl Pts',(-66.7752851029607,-21.4107952079566,-34.9126162426279));
#6628=CARTESIAN_POINT('Ctrl Pts',(-66.5790237034275,-13.6752846763705,-38.145276019288));
#6629=CARTESIAN_POINT('Ctrl Pts',(-66.4808930036609,-9.65344994488963,-39.1372860482687));
#6630=CARTESIAN_POINT('Ctrl Pts',(-69.1304218973597,-5.03300874255313,39.9948131394545));
#6631=CARTESIAN_POINT('Ctrl Pts',(-69.0322911975931,-9.14296486891721,39.4776099450459));
#6632=CARTESIAN_POINT('Ctrl Pts',(-68.8360297980598,-17.2013980859913,37.166175312259));
#6633=CARTESIAN_POINT('Ctrl Pts',(-68.5416376987599,-27.6686418970377,30.1954733812441));
#6634=CARTESIAN_POINT('Ctrl Pts',(-68.2472455994601,-35.5254184267682,20.3760461387677));
#6635=CARTESIAN_POINT('Ctrl Pts',(-67.9528535001602,-40.0342082402169,8.63617633655507));
#6636=CARTESIAN_POINT('Ctrl Pts',(-67.6584614008604,-40.7659739908685,-3.9182106001108));
#6637=CARTESIAN_POINT('Ctrl Pts',(-67.3640693015605,-37.6554523155031,-16.103084941557));
#6638=CARTESIAN_POINT('Ctrl Pts',(-67.0696772022606,-30.9938257565461,-26.7692675386042));
#6639=CARTESIAN_POINT('Ctrl Pts',(-66.7752851029607,-21.4107952079566,-34.9126162426279));
#6640=CARTESIAN_POINT('Ctrl Pts',(-66.5790237034275,-13.6752846763705,-38.145276019288));
#6641=CARTESIAN_POINT('Ctrl Pts',(-66.4808930036609,-9.65344994488963,-39.1372860482687));
#6642=CARTESIAN_POINT('Ctrl Pts',(-80.,24.3974667176394,27.7533939187926));
#6643=CARTESIAN_POINT('Ctrl Pts',(-79.8501758939731,20.0430858521399,31.5812451197232));
#6644=CARTESIAN_POINT('Ctrl Pts',(-79.5505276819195,9.50458058706713,37.1485610168507));
#6645=CARTESIAN_POINT('Ctrl Pts',(-79.1010553638389,-8.3774518961204,37.4187060941866));
#6646=CARTESIAN_POINT('Ctrl Pts',(-78.6515830457584,-24.434961042653,29.5508563543425));
#6647=CARTESIAN_POINT('Ctrl Pts',(-78.2021107276778,-35.1794797205937,15.2560627355641));
#6648=CARTESIAN_POINT('Ctrl Pts',(-77.7526384095973,-38.2723763007779,-2.35667955088778));
#6649=CARTESIAN_POINT('Ctrl Pts',(-77.3031660915167,-33.0418721602109,-19.4568900248062));
#6650=CARTESIAN_POINT('Ctrl Pts',(-76.8536937734362,-20.625103840568,-32.3255037518712));
#6651=CARTESIAN_POINT('Ctrl Pts',(-76.4042214553556,-3.72274016090257,-38.1637922941898));
#6652=CARTESIAN_POINT('Ctrl Pts',(-75.9547491372751,13.9892967327972,-35.7020086756894));
#6653=CARTESIAN_POINT('Ctrl Pts',(-75.5052768191945,28.6588496877689,-25.4755570033555));
#6654=CARTESIAN_POINT('Ctrl Pts',(-75.055804501114,37.0955259626318,-9.70854115176605));
#6655=CARTESIAN_POINT('Ctrl Pts',(-74.6063321830335,37.4644603832548,8.16994130955213));
#6656=CARTESIAN_POINT('Ctrl Pts',(-74.1568598649529,29.6854200490292,24.2715802552485));
#6657=CARTESIAN_POINT('Ctrl Pts',(-73.7073875468724,15.4502310690454,35.0945026273274));
#6658=CARTESIAN_POINT('Ctrl Pts',(-73.2579152287918,-2.1451587757109,38.284880375956));
#6659=CARTESIAN_POINT('Ctrl Pts',(-72.8084429107113,-19.2740073974252,33.1488517396002));
#6660=CARTESIAN_POINT('Ctrl Pts',(-72.3589705926308,-32.2110401429194,20.8034302616434));
#6661=CARTESIAN_POINT('Ctrl Pts',(-71.9094982745502,-38.1426370316308,3.93356204102777));
#6662=CARTESIAN_POINT('Ctrl Pts',(-71.4600259564697,-35.7787686028165,-13.7917933505168));
#6663=CARTESIAN_POINT('Ctrl Pts',(-71.0105536383891,-25.6335276894596,-28.5176453230867));
#6664=CARTESIAN_POINT('Ctrl Pts',(-70.5610813203085,-9.91338674003907,-37.0412994451986));
#6665=CARTESIAN_POINT('Ctrl Pts',(-70.111609002228,7.96281409048702,-37.5090585998831));
#6666=CARTESIAN_POINT('Ctrl Pts',(-69.6621366841475,24.1071303174221,-29.8190374437665));
#6667=CARTESIAN_POINT('Ctrl Pts',(-69.2126643660669,35.0086797912078,-15.6440270672169));
#6668=CARTESIAN_POINT('Ctrl Pts',(-68.7631920479864,38.2959645170644,1.93378751125769));
#6669=CARTESIAN_POINT('Ctrl Pts',(-68.3137197299059,33.255237551873,19.0900613252924));
#6670=CARTESIAN_POINT('Ctrl Pts',(-67.8642474118253,20.9802802704901,32.0964246845411));
#6671=CARTESIAN_POINT('Ctrl Pts',(-67.5645991997716,9.75749898437769,36.109438480239));
#6672=CARTESIAN_POINT('Ctrl Pts',(-67.4147750937447,3.99378122621798,36.7360445307753));
#6673=CARTESIAN_POINT('Ctrl Pts',(-80.6461992887905,25.1364387661806,28.5940132583125));
#6674=CARTESIAN_POINT('Ctrl Pts',(-80.4963751827636,20.6501685621056,32.5378058016866));
#6675=CARTESIAN_POINT('Ctrl Pts',(-80.1967269707099,9.79246372953583,38.2737494863213));
#6676=CARTESIAN_POINT('Ctrl Pts',(-79.7472546526294,-8.63119556798923,38.55207695667));
#6677=CARTESIAN_POINT('Ctrl Pts',(-79.2977823345488,-25.1750687524693,30.4459188257476));
#6678=CARTESIAN_POINT('Ctrl Pts',(-78.8483100164683,-36.2450269143499,15.7181518558342));
#6679=CARTESIAN_POINT('Ctrl Pts',(-78.3988376983878,-39.4316038814462,-2.42806074532202));
#6680=CARTESIAN_POINT('Ctrl Pts',(-77.9493653803072,-34.0426736057238,-20.0462175171346));
#6681=CARTESIAN_POINT('Ctrl Pts',(-77.4998930622267,-21.2498152260915,-33.3046071974914));
#6682=CARTESIAN_POINT('Ctrl Pts',(-77.0504207441461,-3.8354978072077,-39.3197309864372));
#6683=CARTESIAN_POINT('Ctrl Pts',(-76.6009484260656,14.4130169240747,-36.7833826885509));
#6684=CARTESIAN_POINT('Ctrl Pts',(-76.1514761079849,29.5268942723852,-26.2471832039104));
#6685=CARTESIAN_POINT('Ctrl Pts',(-75.7020037899046,38.2191080594771,-10.0026020321967));
#6686=CARTESIAN_POINT('Ctrl Pts',(-75.2525314718239,38.5992170921096,8.41739971725705));
#6687=CARTESIAN_POINT('Ctrl Pts',(-74.8030591537434,30.5845583046243,25.0067393432855));
#6688=CARTESIAN_POINT('Ctrl Pts',(-74.3535868356629,15.9182013315183,36.1574759597308));
#6689=CARTESIAN_POINT('Ctrl Pts',(-73.9041145175823,-2.21013324184214,39.4444866911117));
#6690=CARTESIAN_POINT('Ctrl Pts',(-73.4546421995018,-19.857795578998,34.1528934772241));
#6691=CARTESIAN_POINT('Ctrl Pts',(-73.0051698814212,-33.1866766135225,21.4335429555165));
#6692=CARTESIAN_POINT('Ctrl Pts',(-72.5556975633407,-39.2979349545765,4.05270524688449));
#6693=CARTESIAN_POINT('Ctrl Pts',(-72.1062252452601,-36.8624675882357,-14.209531384684));
#6694=CARTESIAN_POINT('Ctrl Pts',(-71.6567529271796,-26.4099386458611,-29.3814129850275));
#6695=CARTESIAN_POINT('Ctrl Pts',(-71.207280609099,-10.2136521648084,-38.163239081327));
#6696=CARTESIAN_POINT('Ctrl Pts',(-70.7578082910185,8.20399884580202,-38.6451661389649));
#6697=CARTESIAN_POINT('Ctrl Pts',(-70.3083359729379,24.8373084003062,-30.7222228211817));
#6698=CARTESIAN_POINT('Ctrl Pts',(-69.8588636548574,36.0690536456509,-16.1178671942714));
#6699=CARTESIAN_POINT('Ctrl Pts',(-69.4093913367768,39.4559065584885,1.99235977759894));
#6700=CARTESIAN_POINT('Ctrl Pts',(-68.9599190186963,34.2625015970643,19.6682779855544));
#6701=CARTESIAN_POINT('Ctrl Pts',(-68.5104467006157,21.6157495538335,33.0685895807774));
#6702=CARTESIAN_POINT('Ctrl Pts',(-68.2107984885621,10.0530427429397,37.2031530873429));
#6703=CARTESIAN_POINT('Ctrl Pts',(-68.0609743825352,4.11474840401229,37.8487383360949));
#6704=CARTESIAN_POINT('Ctrl Pts',(-81.292398577581,25.8754108147218,29.4346325978324));
#6705=CARTESIAN_POINT('Ctrl Pts',(-81.1425744715541,21.2572512720713,33.4943664836499));
#6706=CARTESIAN_POINT('Ctrl Pts',(-80.8429262595004,10.0803468720046,39.3989379557918));
#6707=CARTESIAN_POINT('Ctrl Pts',(-80.3934539414199,-8.88493923985805,39.6854478191534));
#6708=CARTESIAN_POINT('Ctrl Pts',(-79.9439816233393,-25.9151764622857,31.3409812971527));
#6709=CARTESIAN_POINT('Ctrl Pts',(-79.4945093052588,-37.3105741081061,16.1802409761043));
#6710=CARTESIAN_POINT('Ctrl Pts',(-79.0450369871782,-40.5908314621146,-2.49944193975625));
#6711=CARTESIAN_POINT('Ctrl Pts',(-78.5955646690977,-35.0434750512367,-20.635545009463));
#6712=CARTESIAN_POINT('Ctrl Pts',(-78.1460923510172,-21.8745266116149,-34.2837106431116));
#6713=CARTESIAN_POINT('Ctrl Pts',(-77.6966200329366,-3.94825545351282,-40.4756696786846));
#6714=CARTESIAN_POINT('Ctrl Pts',(-77.2471477148561,14.8367371153522,-37.8647567014124));
#6715=CARTESIAN_POINT('Ctrl Pts',(-76.7976753967755,30.3949388570015,-27.0188094044653));
#6716=CARTESIAN_POINT('Ctrl Pts',(-76.348203078695,39.3426901563224,-10.2966629126274));
#6717=CARTESIAN_POINT('Ctrl Pts',(-75.8987307606144,39.7339738009644,8.66485812496197));
#6718=CARTESIAN_POINT('Ctrl Pts',(-75.4492584425339,31.4836965602193,25.7418984313225));
#6719=CARTESIAN_POINT('Ctrl Pts',(-74.9997861244533,16.3861715939911,37.2204492921342));
#6720=CARTESIAN_POINT('Ctrl Pts',(-74.5503138063728,-2.27510770797337,40.6040930062673));
#6721=CARTESIAN_POINT('Ctrl Pts',(-74.1008414882922,-20.4415837605708,35.156935214848));
#6722=CARTESIAN_POINT('Ctrl Pts',(-73.6513691702117,-34.1623130841257,22.0636556493896));
#6723=CARTESIAN_POINT('Ctrl Pts',(-73.2018968521311,-40.4532328775222,4.1718484527412));
#6724=CARTESIAN_POINT('Ctrl Pts',(-72.7524245340506,-37.9461665736549,-14.6272694188513));
#6725=CARTESIAN_POINT('Ctrl Pts',(-72.3029522159701,-27.1863496022626,-30.2451806469682));
#6726=CARTESIAN_POINT('Ctrl Pts',(-71.8534798978895,-10.5139175895777,-39.2851787174556));
#6727=CARTESIAN_POINT('Ctrl Pts',(-71.404007579809,8.44518360111702,-39.7812736780467));
#6728=CARTESIAN_POINT('Ctrl Pts',(-70.9545352617284,25.5674864831903,-31.625408198597));
#6729=CARTESIAN_POINT('Ctrl Pts',(-70.5050629436479,37.129427500094,-16.591707321326));
#6730=CARTESIAN_POINT('Ctrl Pts',(-70.0555906255674,40.6158485999126,2.05093204394021));
#6731=CARTESIAN_POINT('Ctrl Pts',(-69.6061183074868,35.2697656422557,20.2464946458165));
#6732=CARTESIAN_POINT('Ctrl Pts',(-69.1566459894063,22.2512188371768,34.0407544770137));
#6733=CARTESIAN_POINT('Ctrl Pts',(-68.8569977773526,10.3485865015018,38.2968676944468));
#6734=CARTESIAN_POINT('Ctrl Pts',(-68.7071736713257,4.23571558180661,38.9614321414144));
#6735=CARTESIAN_POINT('Ctrl Pts',(-81.9385978663715,26.614382863263,30.2752519373523));
#6736=CARTESIAN_POINT('Ctrl Pts',(-81.7887737603446,21.864333982037,34.4509271656133));
#6737=CARTESIAN_POINT('Ctrl Pts',(-81.489125548291,10.3682300144732,40.5241264252624));
#6738=CARTESIAN_POINT('Ctrl Pts',(-81.0396532302103,-9.13868291172687,40.8188186816368));
#6739=CARTESIAN_POINT('Ctrl Pts',(-80.5901809121298,-26.6552841721021,32.2360437685578));
#6740=CARTESIAN_POINT('Ctrl Pts',(-80.1407085940492,-38.3761213018622,16.6423300963744));
#6741=CARTESIAN_POINT('Ctrl Pts',(-79.6912362759687,-41.7500590427829,-2.57082313419049));
#6742=CARTESIAN_POINT('Ctrl Pts',(-79.2417639578882,-36.0442764967496,-21.2248725017913));
#6743=CARTESIAN_POINT('Ctrl Pts',(-78.7922916398076,-22.4992379971384,-35.2628140887319));
#6744=CARTESIAN_POINT('Ctrl Pts',(-78.3428193217271,-4.06101309981795,-41.631608370932));
#6745=CARTESIAN_POINT('Ctrl Pts',(-77.8933470036466,15.2604573066298,-38.946130714274));
#6746=CARTESIAN_POINT('Ctrl Pts',(-77.443874685566,31.2629834416179,-27.7904356050202));
#6747=CARTESIAN_POINT('Ctrl Pts',(-76.9944023674854,40.4662722531677,-10.5907237930581));
#6748=CARTESIAN_POINT('Ctrl Pts',(-76.5449300494049,40.8687305098193,8.9123165326669));
#6749=CARTESIAN_POINT('Ctrl Pts',(-76.0954577313244,32.3828348158144,26.4770575193595));
#6750=CARTESIAN_POINT('Ctrl Pts',(-75.6459854132438,16.854141856464,38.2834226245376));
#6751=CARTESIAN_POINT('Ctrl Pts',(-75.1965130951633,-2.34008217410459,41.7636993214229));
#6752=CARTESIAN_POINT('Ctrl Pts',(-74.7470407770827,-21.0253719421436,36.1609769524719));
#6753=CARTESIAN_POINT('Ctrl Pts',(-74.2975684590022,-35.1379495547288,22.6937683432626));
#6754=CARTESIAN_POINT('Ctrl Pts',(-73.8480961409216,-41.608530800468,4.29099165859793));
#6755=CARTESIAN_POINT('Ctrl Pts',(-73.3986238228411,-39.0298655590741,-15.0450074530186));
#6756=CARTESIAN_POINT('Ctrl Pts',(-72.9491515047606,-27.9627605586642,-31.1089483089089));
#6757=CARTESIAN_POINT('Ctrl Pts',(-72.49967918668,-10.8141830143471,-40.4071183535841));
#6758=CARTESIAN_POINT('Ctrl Pts',(-72.0502068685995,8.68636835643203,-40.9173812171284));
#6759=CARTESIAN_POINT('Ctrl Pts',(-71.6007345505189,26.2976645660744,-32.5285935760122));
#6760=CARTESIAN_POINT('Ctrl Pts',(-71.1512622324384,38.1898013545371,-17.0655474483805));
#6761=CARTESIAN_POINT('Ctrl Pts',(-70.7017899143579,41.7757906413367,2.10950431028146));
#6762=CARTESIAN_POINT('Ctrl Pts',(-70.2523175962773,36.2770296874471,20.8247113060785));
#6763=CARTESIAN_POINT('Ctrl Pts',(-69.8028452781968,22.8866881205202,35.0129193732501));
#6764=CARTESIAN_POINT('Ctrl Pts',(-69.503197066143,10.6441302600639,39.3905823015507));
#6765=CARTESIAN_POINT('Ctrl Pts',(-69.3533729601162,4.35668275960093,40.074125946734));
#6766=CARTESIAN_POINT('Ctrl Pts',(-78.2499633327955,-0.000765789866204875,
-40.3106739646491));
#6767=CARTESIAN_POINT('Ctrl Pts',(-78.1310912230792,5.01693631162941,-40.3063392191619));
#6768=CARTESIAN_POINT('Ctrl Pts',(-77.862395007336,16.3624386967282,-38.1779164773273));
#6769=CARTESIAN_POINT('Ctrl Pts',(-77.443874685566,31.2629834416179,-27.7904356050202));
#6770=CARTESIAN_POINT('Ctrl Pts',(-76.9944023674854,40.4662722531677,-10.5907237930581));
#6771=CARTESIAN_POINT('Ctrl Pts',(-76.5449300494049,40.8687305098193,8.9123165326669));
#6772=CARTESIAN_POINT('Ctrl Pts',(-76.0954577313244,32.3828348158144,26.4770575193595));
#6773=CARTESIAN_POINT('Ctrl Pts',(-75.6459854132438,16.854141856464,38.2834226245376));
#6774=CARTESIAN_POINT('Ctrl Pts',(-75.1965130951633,-2.34008217410459,41.7636993214229));
#6775=CARTESIAN_POINT('Ctrl Pts',(-74.7470407770827,-21.0253719421436,36.1609769524719));
#6776=CARTESIAN_POINT('Ctrl Pts',(-74.2975684590022,-35.1379495547288,22.6937683432626));
#6777=CARTESIAN_POINT('Ctrl Pts',(-73.8480961409216,-41.608530800468,4.29099165859793));
#6778=CARTESIAN_POINT('Ctrl Pts',(-73.3986238228411,-39.0298655590741,-15.0450074530186));
#6779=CARTESIAN_POINT('Ctrl Pts',(-72.9491515047606,-27.9627605586642,-31.1089483089089));
#6780=CARTESIAN_POINT('Ctrl Pts',(-72.5662646747453,-13.3545984292299,-39.0296738133212));
#6781=CARTESIAN_POINT('Ctrl Pts',(-72.333201950757,-3.51407171213587,-40.3068237007783));
#6782=CARTESIAN_POINT('Ctrl Pts',(-72.2499633327955,0.000259882803331501,
-40.3076971846528));
#6783=CARTESIAN_POINT('Ctrl Pts',(-45.9956235530966,11.9967164175221,-34.9509091648208));
#6784=CARTESIAN_POINT('Ctrl Pts',(-45.9056086278507,15.2913082731348,-33.8200577750365));
#6785=CARTESIAN_POINT('Ctrl Pts',(-45.725578777359,21.5626809875427,-30.6215909683347));
#6786=CARTESIAN_POINT('Ctrl Pts',(-45.4555340016214,29.2408052201402,-23.3881692969602));
#6787=CARTESIAN_POINT('Ctrl Pts',(-45.0954743006379,36.4227702189992,-11.2718797932056));
#6788=CARTESIAN_POINT('Ctrl Pts',(-44.7354145996545,37.9907502532166,3.12931803095229));
#6789=CARTESIAN_POINT('Ctrl Pts',(-44.375354898671,33.6064205184016,16.5112882161565));
#6790=CARTESIAN_POINT('Ctrl Pts',(-44.1053101229334,27.6724826551877,25.2341191884717));
#6791=CARTESIAN_POINT('Ctrl Pts',(-43.8352653471958,19.5286488214497,31.9525806142576));
#6792=CARTESIAN_POINT('Ctrl Pts',(-43.6552354967041,13.0689407769827,34.7393610128132));
#6793=CARTESIAN_POINT('Ctrl Pts',(-43.5652205714582,9.7080286062927,35.6544728867137));
#6794=CARTESIAN_POINT('Ctrl Pts',(-46.641822841887,12.3600835740152,-36.0095332114408));
#6795=CARTESIAN_POINT('Ctrl Pts',(-46.5518079166412,15.7544649414172,-34.8444295946619));
#6796=CARTESIAN_POINT('Ctrl Pts',(-46.3717780661495,22.2157905388669,-31.5490847966632));
#6797=CARTESIAN_POINT('Ctrl Pts',(-46.1017332904119,30.12647658859,-24.0965708526229));
#6798=CARTESIAN_POINT('Ctrl Pts',(-45.7416735894284,37.5259752949105,-11.6132924569914));
#6799=CARTESIAN_POINT('Ctrl Pts',(-45.381613888445,39.1414476950923,3.22410158297566));
#6800=CARTESIAN_POINT('Ctrl Pts',(-45.0215541874615,34.6243215038619,17.0113967158773));
#6801=CARTESIAN_POINT('Ctrl Pts',(-44.7515094117239,28.5106512827993,25.998432506967));
#6802=CARTESIAN_POINT('Ctrl Pts',(-44.4814646359863,20.1201498076727,32.9203886340805));
#6803=CARTESIAN_POINT('Ctrl Pts',(-44.3014347854946,13.4647844131275,35.7915775019165));
#6804=CARTESIAN_POINT('Ctrl Pts',(-44.2114198602487,10.0020739622928,36.7344070935591));
#6805=CARTESIAN_POINT('Ctrl Pts',(-47.2880221306775,12.7234507305084,-37.0681572580608));
#6806=CARTESIAN_POINT('Ctrl Pts',(-47.1980072054317,16.2176216096996,-35.8688014142874));
#6807=CARTESIAN_POINT('Ctrl Pts',(-47.0179773549399,22.8689000901911,-32.4765786249917));
#6808=CARTESIAN_POINT('Ctrl Pts',(-46.7479325792024,31.0121479570399,-24.8049724082855));
#6809=CARTESIAN_POINT('Ctrl Pts',(-46.3878728782189,38.6291803708219,-11.9547051207772));
#6810=CARTESIAN_POINT('Ctrl Pts',(-46.0278131772354,40.292145136968,3.31888513499901));
#6811=CARTESIAN_POINT('Ctrl Pts',(-45.667753476252,35.6422224893222,17.5115052155981));
#6812=CARTESIAN_POINT('Ctrl Pts',(-45.3977087005144,29.348819910411,26.7627458254623));
#6813=CARTESIAN_POINT('Ctrl Pts',(-45.1276639247768,20.7116507938958,33.8881966539035));
#6814=CARTESIAN_POINT('Ctrl Pts',(-44.9476340742851,13.8606280492722,36.8437939910199));
#6815=CARTESIAN_POINT('Ctrl Pts',(-44.8576191490392,10.2961193182929,37.8143413004045));
#6816=CARTESIAN_POINT('Ctrl Pts',(-47.934221419468,13.0868178870015,-38.1267813046808));
#6817=CARTESIAN_POINT('Ctrl Pts',(-47.8442064942222,16.680778277982,-36.8931732339129));
#6818=CARTESIAN_POINT('Ctrl Pts',(-47.6641766437304,23.5220096415153,-33.4040724533202));
#6819=CARTESIAN_POINT('Ctrl Pts',(-47.3941318679928,31.8978193254897,-25.5133739639481));
#6820=CARTESIAN_POINT('Ctrl Pts',(-47.0340721670094,39.7323854467332,-12.296117784563));
#6821=CARTESIAN_POINT('Ctrl Pts',(-46.6740124660259,41.4428425788437,3.41366868702238));
#6822=CARTESIAN_POINT('Ctrl Pts',(-46.3139527650425,36.6601234747825,18.0116137153189));
#6823=CARTESIAN_POINT('Ctrl Pts',(-46.0439079893049,30.1869885380226,27.5270591439575));
#6824=CARTESIAN_POINT('Ctrl Pts',(-45.7738632135673,21.3031517801188,34.8560046737264));
#6825=CARTESIAN_POINT('Ctrl Pts',(-45.5938333630755,14.2564716854169,37.8960104801232));
#6826=CARTESIAN_POINT('Ctrl Pts',(-45.5038184378297,10.590164674293,38.8942755072499));
#6827=CARTESIAN_POINT('Ctrl Pts',(-47.9306412116963,13.2296705013803,-38.0774471394407));
#6828=CARTESIAN_POINT('Ctrl Pts',(-47.841819689041,16.771422909987,-36.846837490132));
#6829=CARTESIAN_POINT('Ctrl Pts',(-47.6629832411399,23.5590246622569,-33.3692012731872));
#6830=CARTESIAN_POINT('Ctrl Pts',(-47.3941318679928,31.8978193254897,-25.5133739639481));
#6831=CARTESIAN_POINT('Ctrl Pts',(-47.0340721670094,39.7323854467332,-12.296117784563));
#6832=CARTESIAN_POINT('Ctrl Pts',(-46.6740124660259,41.4428425788437,3.41366868702238));
#6833=CARTESIAN_POINT('Ctrl Pts',(-46.3139527650425,36.6601234747825,18.0116137153189));
#6834=CARTESIAN_POINT('Ctrl Pts',(-46.0439079893049,30.1869885380226,27.5270591439575));
#6835=CARTESIAN_POINT('Ctrl Pts',(-45.7824241377199,21.5847860108153,34.6236634013301));
#6836=CARTESIAN_POINT('Ctrl Pts',(-45.6109552113807,14.924108533944,37.602714673401));
#6837=CARTESIAN_POINT('Ctrl Pts',(-45.5295012102875,11.6322255324895,38.5953480523971));
#6838=CARTESIAN_POINT('Ctrl Pts',(-61.0046922015262,-11.6642633129759,35.0632602251354));
#6839=CARTESIAN_POINT('Ctrl Pts',(-60.9174101384013,-14.8691000932877,33.9971283297942));
#6840=CARTESIAN_POINT('Ctrl Pts',(-60.7428460121515,-20.9831836560764,30.9807827387662));
#6841=CARTESIAN_POINT('Ctrl Pts',(-60.4809998227767,-28.5913842580103,24.1413808922472));
#6842=CARTESIAN_POINT('Ctrl Pts',(-60.2191536334019,-34.0531372474071,15.4984631798118));
#6843=CARTESIAN_POINT('Ctrl Pts',(-59.8700253809022,-37.9707025499531,2.42787319863792));
#6844=CARTESIAN_POINT('Ctrl Pts',(-59.5208971284025,-36.2812704464424,-11.4845617771377));
#6845=CARTESIAN_POINT('Ctrl Pts',(-59.1717688759028,-29.3298529370843,-23.2293824636539));
#6846=CARTESIAN_POINT('Ctrl Pts',(-58.909922686528,-21.9522876036335,-30.3063177357064));
#6847=CARTESIAN_POINT('Ctrl Pts',(-58.7353585602782,-15.9309640785313,-33.5126730623692));
#6848=CARTESIAN_POINT('Ctrl Pts',(-58.6480764971533,-12.7612428303631,-34.6790705999239));
#6849=CARTESIAN_POINT('Ctrl Pts',(-61.6508914903167,-12.0175608358241,36.1252872600311));
#6850=CARTESIAN_POINT('Ctrl Pts',(-61.5636094271918,-15.319468546827,35.0268634189796));
#6851=CARTESIAN_POINT('Ctrl Pts',(-61.389045300942,-21.6187408797301,31.919156085099));
#6852=CARTESIAN_POINT('Ctrl Pts',(-61.1271991115672,-29.4573853900251,24.8725963868321));
#6853=CARTESIAN_POINT('Ctrl Pts',(-60.8653529221924,-35.0845687842222,15.967894339111));
#6854=CARTESIAN_POINT('Ctrl Pts',(-60.5162246696927,-39.1207927692626,2.50141076923735));
#6855=CARTESIAN_POINT('Ctrl Pts',(-60.167096417193,-37.3801896521032,-11.8324163409442));
#6856=CARTESIAN_POINT('Ctrl Pts',(-59.8179681646933,-30.2182214615368,-23.9329745432816));
#6857=CARTESIAN_POINT('Ctrl Pts',(-59.5561219753185,-22.6171979047056,-31.2242622895441));
#6858=CARTESIAN_POINT('Ctrl Pts',(-59.3815578490687,-16.4134952075455,-34.527734541973));
#6859=CARTESIAN_POINT('Ctrl Pts',(-59.2942757859437,-13.1477666389791,-35.7294609596821));
#6860=CARTESIAN_POINT('Ctrl Pts',(-62.2970907791072,-12.3708583586723,37.1873142949268));
#6861=CARTESIAN_POINT('Ctrl Pts',(-62.2098087159823,-15.7698370003663,36.0565985081649));
#6862=CARTESIAN_POINT('Ctrl Pts',(-62.0352445897324,-22.2542981033838,32.8575294314319));
#6863=CARTESIAN_POINT('Ctrl Pts',(-61.7733984003577,-30.32338652204,25.603811881417));
#6864=CARTESIAN_POINT('Ctrl Pts',(-61.5115522109829,-36.1160003210373,16.4373254984102));
#6865=CARTESIAN_POINT('Ctrl Pts',(-61.1624239584832,-40.2708829885721,2.57494833983678));
#6866=CARTESIAN_POINT('Ctrl Pts',(-60.8132957059835,-38.479108857764,-12.1802709047508));
#6867=CARTESIAN_POINT('Ctrl Pts',(-60.4641674534838,-31.1065899859893,-24.6365666229094));
#6868=CARTESIAN_POINT('Ctrl Pts',(-60.202321264109,-23.2821082057777,-32.1422068433819));
#6869=CARTESIAN_POINT('Ctrl Pts',(-60.0277571378592,-16.8960263365597,-35.5427960215767));
#6870=CARTESIAN_POINT('Ctrl Pts',(-59.9404750747342,-13.5342904475952,-36.7798513194403));
#6871=CARTESIAN_POINT('Ctrl Pts',(-62.9432900678977,-12.7241558815205,38.2493413298225));
#6872=CARTESIAN_POINT('Ctrl Pts',(-62.8560080047728,-16.2202054539057,37.0863335973503));
#6873=CARTESIAN_POINT('Ctrl Pts',(-62.681443878523,-22.8898553270375,33.7959027777647));
#6874=CARTESIAN_POINT('Ctrl Pts',(-62.4195976891482,-31.1893876540548,26.3350273760019));
#6875=CARTESIAN_POINT('Ctrl Pts',(-62.1577514997734,-37.1474318578524,16.9067566577094));
#6876=CARTESIAN_POINT('Ctrl Pts',(-61.8086232472737,-41.4209732078816,2.64848591043621));
#6877=CARTESIAN_POINT('Ctrl Pts',(-61.459494994774,-39.5780280634248,-12.5281254685573));
#6878=CARTESIAN_POINT('Ctrl Pts',(-61.1103667422743,-31.9949585104418,-25.3401587025371));
#6879=CARTESIAN_POINT('Ctrl Pts',(-60.8485205528995,-23.9470185068498,-33.0601513972196));
#6880=CARTESIAN_POINT('Ctrl Pts',(-60.6739564266497,-17.3785574655738,-36.5578575011804));
#6881=CARTESIAN_POINT('Ctrl Pts',(-60.5866743635247,-13.9208142562112,-37.8302416791985));
#6882=CARTESIAN_POINT('Ctrl Pts',(-62.9432900678977,-12.7241558815205,38.2493413298225));
#6883=CARTESIAN_POINT('Ctrl Pts',(-62.8560080047728,-16.2202054539057,37.0863335973503));
#6884=CARTESIAN_POINT('Ctrl Pts',(-62.681443878523,-22.8898553270375,33.7959027777647));
#6885=CARTESIAN_POINT('Ctrl Pts',(-62.4195976891482,-31.1893876540548,26.3350273760019));
#6886=CARTESIAN_POINT('Ctrl Pts',(-62.1577514997734,-37.1474318578524,16.9067566577094));
#6887=CARTESIAN_POINT('Ctrl Pts',(-61.8086232472737,-41.4209732078816,2.64848591043621));
#6888=CARTESIAN_POINT('Ctrl Pts',(-61.459494994774,-39.5780280634248,-12.5281254685573));
#6889=CARTESIAN_POINT('Ctrl Pts',(-61.1103667422743,-31.9949585104418,-25.3401587025371));
#6890=CARTESIAN_POINT('Ctrl Pts',(-60.8485205528995,-23.9470185068498,-33.0601513972196));
#6891=CARTESIAN_POINT('Ctrl Pts',(-60.6739564266497,-17.3785574655738,-36.5578575011804));
#6892=CARTESIAN_POINT('Ctrl Pts',(-60.5866743635247,-13.9208142562112,-37.8302416791985));
#6893=CARTESIAN_POINT('Ctrl Pts',(-64.0672801218577,9.34275065141075,-35.7519267524922));
#6894=CARTESIAN_POINT('Ctrl Pts',(-63.9762008067235,12.7526992001706,-34.8608335466419));
#6895=CARTESIAN_POINT('Ctrl Pts',(-63.7029628613209,22.6116101609628,-30.7277893540084));
#6896=CARTESIAN_POINT('Ctrl Pts',(-63.3386456007841,32.5382425923914,-19.9253771512311));
#6897=CARTESIAN_POINT('Ctrl Pts',(-62.9743283402473,36.9136698330254,-6.35888879560981));
#6898=CARTESIAN_POINT('Ctrl Pts',(-62.7010903948447,37.2127176944637,4.31458954905731));
#6899=CARTESIAN_POINT('Ctrl Pts',(-62.4278524494421,34.4787131190795,14.6442991606788));
#6900=CARTESIAN_POINT('Ctrl Pts',(-62.1546145040396,28.9455598078393,23.7799094295374));
#6901=CARTESIAN_POINT('Ctrl Pts',(-61.881376558637,21.0558223989947,30.9825165374163));
#6902=CARTESIAN_POINT('Ctrl Pts',(-61.6992179283686,14.6557476738403,34.1045174804956));
#6903=CARTESIAN_POINT('Ctrl Pts',(-61.6081386132344,11.3001288556621,35.1823015747326));
#6904=CARTESIAN_POINT('Ctrl Pts',(-64.7134794106482,9.62573214566936,-36.8348127282104));
#6905=CARTESIAN_POINT('Ctrl Pts',(-64.622400095514,13.1389642317595,-35.9167293032775));
#6906=CARTESIAN_POINT('Ctrl Pts',(-64.3491621501114,23.2964906067421,-31.6584998129618));
#6907=CARTESIAN_POINT('Ctrl Pts',(-63.9848448895746,33.523789660155,-20.5288945959646));
#6908=CARTESIAN_POINT('Ctrl Pts',(-63.6205276290378,38.0317437105875,-6.55149244311639));
#6909=CARTESIAN_POINT('Ctrl Pts',(-63.3472896836352,38.3398493981245,4.4452736530498));
#6910=CARTESIAN_POINT('Ctrl Pts',(-63.0740517382326,35.523034874266,15.0878586447621));
#6911=CARTESIAN_POINT('Ctrl Pts',(-62.80081379283,29.8222885221326,24.5001763567821));
#6912=CARTESIAN_POINT('Ctrl Pts',(-62.5275758474274,21.6935797691341,31.920942398576));
#6913=CARTESIAN_POINT('Ctrl Pts',(-62.3454172171591,15.0996539206151,35.13750526725));
#6914=CARTESIAN_POINT('Ctrl Pts',(-62.2543379020249,11.6423971520345,36.2479342393025));
#6915=CARTESIAN_POINT('Ctrl Pts',(-65.3596786994387,9.90871363992798,-37.9176987039286));
#6916=CARTESIAN_POINT('Ctrl Pts',(-65.2685993843045,13.5252292633485,-36.9726250599132));
#6917=CARTESIAN_POINT('Ctrl Pts',(-64.9953614389019,23.9813710525214,-32.5892102719152));
#6918=CARTESIAN_POINT('Ctrl Pts',(-64.6310441783651,34.5093367279186,-21.1324120406981));
#6919=CARTESIAN_POINT('Ctrl Pts',(-64.2667269178283,39.1498175881496,-6.74409609062294));
#6920=CARTESIAN_POINT('Ctrl Pts',(-63.9934889724257,39.4669811017854,4.57595775704229));
#6921=CARTESIAN_POINT('Ctrl Pts',(-63.7202510270231,36.5673566294525,15.5314181288455));
#6922=CARTESIAN_POINT('Ctrl Pts',(-63.4470130816205,30.6990172364259,25.2204432840268));
#6923=CARTESIAN_POINT('Ctrl Pts',(-63.1737751362179,22.3313371392734,32.8593682597357));
#6924=CARTESIAN_POINT('Ctrl Pts',(-62.9916165059495,15.5435601673899,36.1704930540045));
#6925=CARTESIAN_POINT('Ctrl Pts',(-62.9005371908153,11.9846654484068,37.3135669038724));
#6926=CARTESIAN_POINT('Ctrl Pts',(-66.0058779882291,10.1916951341866,-39.0005846796468));
#6927=CARTESIAN_POINT('Ctrl Pts',(-65.9147986730949,13.9114942949374,-38.0285208165488));
#6928=CARTESIAN_POINT('Ctrl Pts',(-65.6415607276924,24.6662514983006,-33.5199207308685));
#6929=CARTESIAN_POINT('Ctrl Pts',(-65.2772434671556,35.4948837956822,-21.7359294854316));
#6930=CARTESIAN_POINT('Ctrl Pts',(-64.9129262066188,40.2678914657117,-6.93669973812951));
#6931=CARTESIAN_POINT('Ctrl Pts',(-64.6396882612162,40.5941128054463,4.70664186103478));
#6932=CARTESIAN_POINT('Ctrl Pts',(-64.3664503158136,37.611678384639,15.9749776129288));
#6933=CARTESIAN_POINT('Ctrl Pts',(-64.093212370411,31.5757459507192,25.9407102112715));
#6934=CARTESIAN_POINT('Ctrl Pts',(-63.8199744250084,22.9690945094128,33.7977941208953));
#6935=CARTESIAN_POINT('Ctrl Pts',(-63.63781579474,15.9874664141647,37.203480840759));
#6936=CARTESIAN_POINT('Ctrl Pts',(-63.5467364796058,12.3269337447792,38.3791995684423));
#6937=CARTESIAN_POINT('Ctrl Pts',(-66.0058779882291,10.1916951341866,-39.0005846796468));
#6938=CARTESIAN_POINT('Ctrl Pts',(-65.9147986730949,13.9114942949374,-38.0285208165488));
#6939=CARTESIAN_POINT('Ctrl Pts',(-65.6415607276924,24.6662514983006,-33.5199207308685));
#6940=CARTESIAN_POINT('Ctrl Pts',(-65.2772434671556,35.4948837956822,-21.7359294854316));
#6941=CARTESIAN_POINT('Ctrl Pts',(-64.9129262066188,40.2678914657117,-6.93669973812951));
#6942=CARTESIAN_POINT('Ctrl Pts',(-64.6396882612162,40.5941128054463,4.70664186103478));
#6943=CARTESIAN_POINT('Ctrl Pts',(-64.3664503158136,37.611678384639,15.9749776129288));
#6944=CARTESIAN_POINT('Ctrl Pts',(-64.093212370411,31.5757459507192,25.9407102112715));
#6945=CARTESIAN_POINT('Ctrl Pts',(-63.8199744250084,22.9690945094128,33.7977941208953));
#6946=CARTESIAN_POINT('Ctrl Pts',(-63.63781579474,15.9874664141647,37.203480840759));
#6947=CARTESIAN_POINT('Ctrl Pts',(-63.5467364796058,12.3269337447792,38.3791995684423));
#6948=CARTESIAN_POINT('Ctrl Pts',(-51.9483200602459,13.7126243230216,-34.3140086615609));
#6949=CARTESIAN_POINT('Ctrl Pts',(-51.7792257538983,19.7887823318054,-31.8858437414096));
#6950=CARTESIAN_POINT('Ctrl Pts',(-51.5255842943769,27.9003778856036,-25.7662109454982));
#6951=CARTESIAN_POINT('Ctrl Pts',(-51.1873956816817,34.5214846006441,-14.3428550840813));
#6952=CARTESIAN_POINT('Ctrl Pts',(-50.8492070689865,37.9472617199892,-1.59006385360684));
#6953=CARTESIAN_POINT('Ctrl Pts',(-50.5110184562913,36.0965745916245,11.8311289783032));
#6954=CARTESIAN_POINT('Ctrl Pts',(-50.1728298435961,29.3336837071807,23.1786925624845));
#6955=CARTESIAN_POINT('Ctrl Pts',(-49.9191883840747,22.2275590081405,30.0687918819938));
#6956=CARTESIAN_POINT('Ctrl Pts',(-49.7500940777271,16.4427425142239,33.2539831466506));
#6957=CARTESIAN_POINT('Ctrl Pts',(-49.6655469245533,13.393525069646,34.4398133336806));
#6958=CARTESIAN_POINT('Ctrl Pts',(-52.5945193490364,14.1279644156687,-35.353341702477));
#6959=CARTESIAN_POINT('Ctrl Pts',(-52.4254250426888,20.3881624718466,-32.851630375807));
#6960=CARTESIAN_POINT('Ctrl Pts',(-52.1717835831674,28.7454492054997,-26.5466407297008));
#6961=CARTESIAN_POINT('Ctrl Pts',(-51.8335949704722,35.5671018562904,-14.7772841633819));
#6962=CARTESIAN_POINT('Ctrl Pts',(-51.495406357777,39.0966419427102,-1.63822511382333));
#6963=CARTESIAN_POINT('Ctrl Pts',(-51.1572177450818,37.1898995658935,12.1894806759953));
#6964=CARTESIAN_POINT('Ctrl Pts',(-50.8190291323866,30.2221682613858,23.8807493015566));
#6965=CARTESIAN_POINT('Ctrl Pts',(-50.5653876728652,22.9008069729565,30.9795420427115));
#6966=CARTESIAN_POINT('Ctrl Pts',(-50.3962933665176,16.9407748411042,34.2612091973073));
#6967=CARTESIAN_POINT('Ctrl Pts',(-50.3117462133438,13.7992000019023,35.4829568577648));
#6968=CARTESIAN_POINT('Ctrl Pts',(-53.2407186378268,14.5433045083158,-36.3926747433931));
#6969=CARTESIAN_POINT('Ctrl Pts',(-53.0716243314792,20.9875426118878,-33.8174170102045));
#6970=CARTESIAN_POINT('Ctrl Pts',(-52.8179828719579,29.5905205253959,-27.3270705139035));
#6971=CARTESIAN_POINT('Ctrl Pts',(-52.4797942592627,36.6127191119367,-15.2117132426826));
#6972=CARTESIAN_POINT('Ctrl Pts',(-52.1416056465675,40.2460221654312,-1.68638637403981));
#6973=CARTESIAN_POINT('Ctrl Pts',(-51.8034170338723,38.2832245401625,12.5478323736873));
#6974=CARTESIAN_POINT('Ctrl Pts',(-51.4652284211771,31.1106528155908,24.5828060406286));
#6975=CARTESIAN_POINT('Ctrl Pts',(-51.2115869616557,23.5740549377724,31.8902922034293));
#6976=CARTESIAN_POINT('Ctrl Pts',(-51.0424926553081,17.4388071679845,35.2684352479639));
#6977=CARTESIAN_POINT('Ctrl Pts',(-50.9579455021343,14.2048749341586,36.526100381849));
#6978=CARTESIAN_POINT('Ctrl Pts',(-53.8869179266173,14.9586446009629,-37.4320077843092));
#6979=CARTESIAN_POINT('Ctrl Pts',(-53.7178236202697,21.586922751929,-34.783203644602));
#6980=CARTESIAN_POINT('Ctrl Pts',(-53.4641821607484,30.435591845292,-28.1075002981061));
#6981=CARTESIAN_POINT('Ctrl Pts',(-53.1259935480531,37.6583363675831,-15.6461423219833));
#6982=CARTESIAN_POINT('Ctrl Pts',(-52.787804935358,41.3954023881522,-1.73454763425629));
#6983=CARTESIAN_POINT('Ctrl Pts',(-52.4496163226627,39.3765495144316,12.9061840713794));
#6984=CARTESIAN_POINT('Ctrl Pts',(-52.1114277099676,31.9991373697958,25.2848627797007));
#6985=CARTESIAN_POINT('Ctrl Pts',(-51.8577862504462,24.2473029025884,32.801042364147));
#6986=CARTESIAN_POINT('Ctrl Pts',(-51.6886919440986,17.9368394948649,36.2756612986205));
#6987=CARTESIAN_POINT('Ctrl Pts',(-51.6041447909248,14.6105498664149,37.5692439059333));
#6988=CARTESIAN_POINT('Ctrl Pts',(-53.8869179266173,14.9586446009629,-37.4320077843092));
#6989=CARTESIAN_POINT('Ctrl Pts',(-53.7178236202697,21.586922751929,-34.783203644602));
#6990=CARTESIAN_POINT('Ctrl Pts',(-53.4641821607484,30.435591845292,-28.1075002981061));
#6991=CARTESIAN_POINT('Ctrl Pts',(-53.1259935480531,37.6583363675831,-15.6461423219833));
#6992=CARTESIAN_POINT('Ctrl Pts',(-52.787804935358,41.3954023881522,-1.73454763425629));
#6993=CARTESIAN_POINT('Ctrl Pts',(-52.4496163226627,39.3765495144316,12.9061840713794));
#6994=CARTESIAN_POINT('Ctrl Pts',(-52.1114277099676,31.9991373697958,25.2848627797007));
#6995=CARTESIAN_POINT('Ctrl Pts',(-51.8577862504462,24.2473029025884,32.801042364147));
#6996=CARTESIAN_POINT('Ctrl Pts',(-51.6886919440986,17.9368394948649,36.2756612986205));
#6997=CARTESIAN_POINT('Ctrl Pts',(-51.6041447909248,14.6105498664149,37.5692439059333));
#6998=CARTESIAN_POINT('Ctrl Pts',(-54.9503104300746,-13.6410735431162,34.3425154704966));
#6999=CARTESIAN_POINT('Ctrl Pts',(-54.8660522404008,-16.67128436176,33.1388957570898));
#7000=CARTESIAN_POINT('Ctrl Pts',(-54.6132776713796,-25.2927564454919,28.3265851560185));
#7001=CARTESIAN_POINT('Ctrl Pts',(-54.2762449126847,-33.6035015974544,17.6949701742944));
#7002=CARTESIAN_POINT('Ctrl Pts',(-53.9392121539898,-37.0523280295674,4.9871339576964));
#7003=CARTESIAN_POINT('Ctrl Pts',(-53.6864375849686,-37.0657523232199,-4.87390023131168));
#7004=CARTESIAN_POINT('Ctrl Pts',(-53.3494048262736,-33.6574933002033,-17.5923374910047));
#7005=CARTESIAN_POINT('Ctrl Pts',(-53.0123720675787,-25.3789914424237,-28.2491007773253));
#7006=CARTESIAN_POINT('Ctrl Pts',(-52.7595974985575,-16.7724975698305,-33.0877841436981));
#7007=CARTESIAN_POINT('Ctrl Pts',(-52.6753393088837,-13.7459798442984,-34.3006602614314));
#7008=CARTESIAN_POINT('Ctrl Pts',(-55.5965097188651,-14.0542464424635,35.3827119508525));
#7009=CARTESIAN_POINT('Ctrl Pts',(-55.5122515291913,-17.176238966236,34.1426359391106));
#7010=CARTESIAN_POINT('Ctrl Pts',(-55.2594769601701,-26.0588458210854,29.1845658186496));
#7011=CARTESIAN_POINT('Ctrl Pts',(-54.9224442014752,-34.6213141720556,18.2309310799863));
#7012=CARTESIAN_POINT('Ctrl Pts',(-54.5854114427803,-38.1746017092127,5.13818868152163));
#7013=CARTESIAN_POINT('Ctrl Pts',(-54.3326368737591,-38.1884326097435,-5.02152523189068));
#7014=CARTESIAN_POINT('Ctrl Pts',(-53.9956041150641,-34.6769412232465,-18.125189767219));
#7015=CARTESIAN_POINT('Ctrl Pts',(-53.6585713563692,-26.1476927798686,-29.1047345245689));
#7016=CARTESIAN_POINT('Ctrl Pts',(-53.405796787348,-17.2805178094634,-34.0899762119704));
#7017=CARTESIAN_POINT('Ctrl Pts',(-53.3215385976742,-14.1623302384729,-35.3395889941994));
#7018=CARTESIAN_POINT('Ctrl Pts',(-56.2427090076556,-14.4674193418109,36.4229084312085));
#7019=CARTESIAN_POINT('Ctrl Pts',(-56.1584508179818,-17.6811935707121,35.1463761211313));
#7020=CARTESIAN_POINT('Ctrl Pts',(-55.9056762489606,-26.8249351966788,30.0425464812806));
#7021=CARTESIAN_POINT('Ctrl Pts',(-55.5686434902657,-35.6391267466568,18.7668919856782));
#7022=CARTESIAN_POINT('Ctrl Pts',(-55.2316107315707,-39.296875388858,5.28924340534684));
#7023=CARTESIAN_POINT('Ctrl Pts',(-54.9788361625495,-39.3111128962671,-5.16915023246969));
#7024=CARTESIAN_POINT('Ctrl Pts',(-54.6418034038546,-35.6963891462896,-18.6580420434332));
#7025=CARTESIAN_POINT('Ctrl Pts',(-54.3047706451596,-26.9163941173135,-29.9603682718126));
#7026=CARTESIAN_POINT('Ctrl Pts',(-54.0519960761385,-17.7885380490962,-35.0921682802428));
#7027=CARTESIAN_POINT('Ctrl Pts',(-53.9677378864647,-14.5786806326473,-36.3785177269673));
#7028=CARTESIAN_POINT('Ctrl Pts',(-56.888908296446,-14.8805922411582,37.4631049115644));
#7029=CARTESIAN_POINT('Ctrl Pts',(-56.8046501067723,-18.1861481751881,36.1501163031521));
#7030=CARTESIAN_POINT('Ctrl Pts',(-56.5518755377511,-27.5910245722723,30.9005271439117));
#7031=CARTESIAN_POINT('Ctrl Pts',(-56.2148427790562,-36.656939321258,19.30285289137));
#7032=CARTESIAN_POINT('Ctrl Pts',(-55.8778100203612,-40.4191490685033,5.44029812917208));
#7033=CARTESIAN_POINT('Ctrl Pts',(-55.62503545134,-40.4337931827908,-5.31677523304869));
#7034=CARTESIAN_POINT('Ctrl Pts',(-55.2880026926451,-36.7158370693328,-19.1908943196475));
#7035=CARTESIAN_POINT('Ctrl Pts',(-54.9509699339501,-27.6850954547584,-30.8160020190562));
#7036=CARTESIAN_POINT('Ctrl Pts',(-54.6981953649289,-18.2965582887291,-36.0943603485151));
#7037=CARTESIAN_POINT('Ctrl Pts',(-54.6139371752552,-14.9950310268218,-37.4174464597352));
#7038=CARTESIAN_POINT('Ctrl Pts',(-56.888908296446,-14.8805922411582,37.4631049115644));
#7039=CARTESIAN_POINT('Ctrl Pts',(-56.8046501067723,-18.1861481751881,36.1501163031521));
#7040=CARTESIAN_POINT('Ctrl Pts',(-56.5518755377511,-27.5910245722723,30.9005271439117));
#7041=CARTESIAN_POINT('Ctrl Pts',(-56.2148427790562,-36.656939321258,19.30285289137));
#7042=CARTESIAN_POINT('Ctrl Pts',(-55.8778100203612,-40.4191490685033,5.44029812917208));
#7043=CARTESIAN_POINT('Ctrl Pts',(-55.62503545134,-40.4337931827908,-5.31677523304869));
#7044=CARTESIAN_POINT('Ctrl Pts',(-55.2880026926451,-36.7158370693328,-19.1908943196475));
#7045=CARTESIAN_POINT('Ctrl Pts',(-54.9509699339501,-27.6850954547584,-30.8160020190562));
#7046=CARTESIAN_POINT('Ctrl Pts',(-54.6981953649289,-18.2965582887291,-36.0943603485151));
#7047=CARTESIAN_POINT('Ctrl Pts',(-54.6139371752552,-14.9950310268218,-37.4174464597352));
#7048=CARTESIAN_POINT('Ctrl Pts',(-57.9682369846273,12.9940080216029,-34.5925282652847));
#7049=CARTESIAN_POINT('Ctrl Pts',(-57.8831038093342,16.077975250254,-33.4340961726623));
#7050=CARTESIAN_POINT('Ctrl Pts',(-57.7128374587481,21.9329501991602,-30.287698730126));
#7051=CARTESIAN_POINT('Ctrl Pts',(-57.4574379328688,29.1603274766262,-23.4143658586796));
#7052=CARTESIAN_POINT('Ctrl Pts',(-57.2020384069896,34.3049413998248,-14.8764755018191));
#7053=CARTESIAN_POINT('Ctrl Pts',(-56.8615057058173,37.9374422405057,-2.07955192158102));
#7054=CARTESIAN_POINT('Ctrl Pts',(-56.5209730046449,36.2316970322438,11.4591414753877));
#7055=CARTESIAN_POINT('Ctrl Pts',(-56.1804403034726,29.5232146570963,22.9486526395458));
#7056=CARTESIAN_POINT('Ctrl Pts',(-55.9250407775933,22.4141709018701,29.9362036484639));
#7057=CARTESIAN_POINT('Ctrl Pts',(-55.7547744270072,16.6062693232891,33.1748684125951));
#7058=CARTESIAN_POINT('Ctrl Pts',(-55.6696412517141,13.5410645981299,34.3820712843085));
#7059=CARTESIAN_POINT('Ctrl Pts',(-58.6144362734178,13.3875820281838,-35.6402973542751));
#7060=CARTESIAN_POINT('Ctrl Pts',(-58.5293030981247,16.5649591836509,-34.4467776459389));
#7061=CARTESIAN_POINT('Ctrl Pts',(-58.3590367475386,22.5972747918241,-31.2050793350565));
#7062=CARTESIAN_POINT('Ctrl Pts',(-58.1036372216593,30.0435612640076,-24.1235608789713));
#7063=CARTESIAN_POINT('Ctrl Pts',(-57.8482376957801,35.3439998034985,-15.3270673482547));
#7064=CARTESIAN_POINT('Ctrl Pts',(-57.5077049946078,39.0865250421479,-2.14253922929308));
#7065=CARTESIAN_POINT('Ctrl Pts',(-57.1671722934354,37.3291147144937,11.8062260866137));
#7066=CARTESIAN_POINT('Ctrl Pts',(-56.8266395922631,30.4174398923295,23.6437417259895));
#7067=CARTESIAN_POINT('Ctrl Pts',(-56.5712400663838,23.0930711327589,30.8429378595063));
#7068=CARTESIAN_POINT('Ctrl Pts',(-56.4009737157977,17.109254694782,34.1796981662192));
#7069=CARTESIAN_POINT('Ctrl Pts',(-56.3158405405046,13.9512083381058,35.4234658661355));
#7070=CARTESIAN_POINT('Ctrl Pts',(-59.2606355622083,13.7811560347646,-36.6880664432656));
#7071=CARTESIAN_POINT('Ctrl Pts',(-59.1755023869152,17.0519431170477,-35.4594591192154));
#7072=CARTESIAN_POINT('Ctrl Pts',(-59.0052360363291,23.2615993844879,-32.122459939987));
#7073=CARTESIAN_POINT('Ctrl Pts',(-58.7498365104498,30.9267950513891,-24.8327558992629));
#7074=CARTESIAN_POINT('Ctrl Pts',(-58.4944369845706,36.3830582071723,-15.7776591946903));
#7075=CARTESIAN_POINT('Ctrl Pts',(-58.1539042833982,40.2356078437902,-2.20552653700512));
#7076=CARTESIAN_POINT('Ctrl Pts',(-57.8133715822259,38.4265323967436,12.1533106978397));
#7077=CARTESIAN_POINT('Ctrl Pts',(-57.4728388810536,31.3116651275628,24.3388308124333));
#7078=CARTESIAN_POINT('Ctrl Pts',(-57.2174393551743,23.7719713636477,31.7496720705487));
#7079=CARTESIAN_POINT('Ctrl Pts',(-57.0471730045882,17.6122400662749,35.1845279198434));
#7080=CARTESIAN_POINT('Ctrl Pts',(-56.9620398292951,14.3613520780816,36.4648604479625));
#7081=CARTESIAN_POINT('Ctrl Pts',(-59.9068348509988,14.1747300413455,-37.7358355322561));
#7082=CARTESIAN_POINT('Ctrl Pts',(-59.8217016757057,17.5389270504445,-36.472140592492));
#7083=CARTESIAN_POINT('Ctrl Pts',(-59.6514353251195,23.9259239771517,-33.0398405449175));
#7084=CARTESIAN_POINT('Ctrl Pts',(-59.3960357992403,31.8100288387706,-25.5419509195546));
#7085=CARTESIAN_POINT('Ctrl Pts',(-59.140636273361,37.422116610846,-16.2282510411259));
#7086=CARTESIAN_POINT('Ctrl Pts',(-58.8001035721887,41.3846906454325,-2.26851384471718));
#7087=CARTESIAN_POINT('Ctrl Pts',(-58.4595708710164,39.5239500789935,12.5003953090656));
#7088=CARTESIAN_POINT('Ctrl Pts',(-58.1190381698441,32.205890362796,25.033919898877));
#7089=CARTESIAN_POINT('Ctrl Pts',(-57.8636386439648,24.4508715945365,32.656406281591));
#7090=CARTESIAN_POINT('Ctrl Pts',(-57.6933722933786,18.1152254377678,36.1893576734676));
#7091=CARTESIAN_POINT('Ctrl Pts',(-57.6082391180856,14.7714958180574,37.5062550297895));
#7092=CARTESIAN_POINT('Ctrl Pts',(-59.9068348509988,14.1747300413455,-37.7358355322561));
#7093=CARTESIAN_POINT('Ctrl Pts',(-59.8217016757057,17.5389270504445,-36.472140592492));
#7094=CARTESIAN_POINT('Ctrl Pts',(-59.6514353251195,23.9259239771517,-33.0398405449175));
#7095=CARTESIAN_POINT('Ctrl Pts',(-59.3960357992403,31.8100288387706,-25.5419509195546));
#7096=CARTESIAN_POINT('Ctrl Pts',(-59.140636273361,37.422116610846,-16.2282510411259));
#7097=CARTESIAN_POINT('Ctrl Pts',(-58.8001035721887,41.3846906454325,-2.26851384471718));
#7098=CARTESIAN_POINT('Ctrl Pts',(-58.4595708710164,39.5239500789935,12.5003953090656));
#7099=CARTESIAN_POINT('Ctrl Pts',(-58.1190381698441,32.205890362796,25.033919898877));
#7100=CARTESIAN_POINT('Ctrl Pts',(-57.8636386439648,24.4508715945365,32.656406281591));
#7101=CARTESIAN_POINT('Ctrl Pts',(-57.6933722933786,18.1152254377678,36.1893576734676));
#7102=CARTESIAN_POINT('Ctrl Pts',(-57.6082391180856,14.7714958180574,37.5062550297895));
#7103=CARTESIAN_POINT('Origin',(-93.2499633327955,0.,0.));
#7104=CARTESIAN_POINT('Origin',(-93.2499633327955,0.,0.));
#7105=CARTESIAN_POINT('Origin',(-93.2499633327955,0.,0.));
#7106=CARTESIAN_POINT('Origin',(-93.2499633327955,0.,0.));
#7107=CARTESIAN_POINT('Origin',(-93.2499633327955,0.,0.));
#7108=CARTESIAN_POINT('Origin',(-93.2499633327955,0.,0.));
#7109=CARTESIAN_POINT('Origin',(-93.2499633327955,0.,0.));
#7110=CARTESIAN_POINT('Origin',(-93.2499633327955,0.,0.));
#7111=CARTESIAN_POINT('Origin',(-93.2499633327955,0.,0.));
#7112=CARTESIAN_POINT('Origin',(-93.2499633327955,0.,0.));
#7113=CARTESIAN_POINT('Origin',(-55.,0.,0.));
#7114=CARTESIAN_POINT('',(-30.,-6.12323399573677E-15,50.));
#7115=CARTESIAN_POINT('Origin',(-30.,0.,0.));
#7116=CARTESIAN_POINT('',(-55.,-6.12323399573677E-15,50.));
#7117=CARTESIAN_POINT('',(-55.,-6.12323399573677E-15,50.));
#7118=CARTESIAN_POINT('Origin',(-35.,0.,0.));
#7119=CARTESIAN_POINT('',(-30.,-1.83697019872103E-15,15.));
#7120=CARTESIAN_POINT('',(-35.,2.44929359829471E-15,20.));
#7121=CARTESIAN_POINT('Origin',(-30.,0.,0.));
#7122=CARTESIAN_POINT('Origin',(35.,0.,0.));
#7123=CARTESIAN_POINT('',(27.5,1.83697019872103E-15,15.));
#7124=CARTESIAN_POINT('',(27.5,-1.83697019872103E-15,-15.));
#7125=CARTESIAN_POINT('Origin',(27.5,0.,0.));
#7126=CARTESIAN_POINT('',(35.,1.83697019872103E-15,15.));
#7127=CARTESIAN_POINT('Origin',(27.5,0.,0.));
#7128=CARTESIAN_POINT('Origin',(-93.2499633327955,0.,0.));
#7129=CARTESIAN_POINT('Ctrl Pts',(-54.3862565802457,14.987438707621,-37.420488185589));
#7130=CARTESIAN_POINT('Ctrl Pts',(-54.2174198064985,21.6035851857668,-34.7706272503156));
#7131=CARTESIAN_POINT('Ctrl Pts',(-53.9641646458776,30.4354310787415,-28.1025607623965));
#7132=CARTESIAN_POINT('Ctrl Pts',(-53.6264910983831,37.6500692126154,-15.6623217069261));
#7133=CARTESIAN_POINT('Ctrl Pts',(-53.2888175508887,41.3902207129499,-1.77469563957728));
#7134=CARTESIAN_POINT('Ctrl Pts',(-52.9511440033941,39.3929628119261,12.844732571656));
#7135=CARTESIAN_POINT('Ctrl Pts',(-52.6134704558997,32.0501005680253,25.2179161578078));
#7136=CARTESIAN_POINT('Ctrl Pts',(-52.3602152952788,24.3272536681472,32.7399528152392));
#7137=CARTESIAN_POINT('Ctrl Pts',(-52.1913785215316,18.0358679635594,36.2259922039783));
#7138=CARTESIAN_POINT('Ctrl Pts',(-52.106960134658,14.7183667686851,37.5271359781821));
#7139=CARTESIAN_POINT('Ctrl Pts',(-54.3862565802457,14.987438707621,-37.420488185589));
#7140=CARTESIAN_POINT('Ctrl Pts',(-54.2174198064985,21.6035851857668,-34.7706272503156));
#7141=CARTESIAN_POINT('Ctrl Pts',(-53.9641646458776,30.4354310787415,-28.1025607623965));
#7142=CARTESIAN_POINT('Ctrl Pts',(-53.6264910983831,37.6500692126154,-15.6623217069261));
#7143=CARTESIAN_POINT('Ctrl Pts',(-53.2888175508887,41.3902207129499,-1.77469563957728));
#7144=CARTESIAN_POINT('Ctrl Pts',(-52.9511440033941,39.3929628119261,12.844732571656));
#7145=CARTESIAN_POINT('Ctrl Pts',(-52.6134704558997,32.0501005680253,25.2179161578078));
#7146=CARTESIAN_POINT('Ctrl Pts',(-52.3602152952788,24.3272536681472,32.7399528152392));
#7147=CARTESIAN_POINT('Ctrl Pts',(-52.1913785215316,18.0358679635594,36.2259922039783));
#7148=CARTESIAN_POINT('Ctrl Pts',(-52.106960134658,14.7183667686851,37.5271359781821));
#7149=CARTESIAN_POINT('Ctrl Pts',(-55.0324558690362,14.5712991209525,-36.3814749965931));
#7150=CARTESIAN_POINT('Ctrl Pts',(-54.8636190952889,21.003742398407,-33.8051898107086));
#7151=CARTESIAN_POINT('Ctrl Pts',(-54.6103639346681,29.5903642226719,-27.322268128803));
#7152=CARTESIAN_POINT('Ctrl Pts',(-54.2726903871736,36.6046815018912,-15.2274433925897));
#7153=CARTESIAN_POINT('Ctrl Pts',(-53.9350168396791,40.2409843640567,-1.72541963422885));
#7154=CARTESIAN_POINT('Ctrl Pts',(-53.5973432921846,38.2991821078311,12.4880871295953));
#7155=CARTESIAN_POINT('Ctrl Pts',(-53.2596697446902,31.1602009752229,24.5177182513292));
#7156=CARTESIAN_POINT('Ctrl Pts',(-53.0064145840693,23.6517857991046,31.8308988602661));
#7157=CARTESIAN_POINT('Ctrl Pts',(-52.8375778103221,17.5350860230303,35.2201452599801));
#7158=CARTESIAN_POINT('Ctrl Pts',(-52.7531594234485,14.3096982040929,36.485161618222));
#7159=CARTESIAN_POINT('Ctrl Pts',(-55.6786551578267,14.155159534284,-35.3424618075972));
#7160=CARTESIAN_POINT('Ctrl Pts',(-55.5098183840794,20.4038996110472,-32.8397523711017));
#7161=CARTESIAN_POINT('Ctrl Pts',(-55.2565632234586,28.7452973666022,-26.5419754952095));
#7162=CARTESIAN_POINT('Ctrl Pts',(-54.9188896759641,35.559293791167,-14.7925650782534));
#7163=CARTESIAN_POINT('Ctrl Pts',(-54.5812161284696,39.0917480151636,-1.6761436288804));
#7164=CARTESIAN_POINT('Ctrl Pts',(-54.2435425809751,37.205401403736,12.1314416875346));
#7165=CARTESIAN_POINT('Ctrl Pts',(-53.9058690334807,30.2703013824205,23.8175203448507));
#7166=CARTESIAN_POINT('Ctrl Pts',(-53.6526138728598,22.976317930062,30.9218449052929));
#7167=CARTESIAN_POINT('Ctrl Pts',(-53.4837770991126,17.0343040825012,34.2142983159819));
#7168=CARTESIAN_POINT('Ctrl Pts',(-53.3993587122389,13.9010296395008,35.4431872582619));
#7169=CARTESIAN_POINT('Ctrl Pts',(-56.3248544466172,13.7390199476155,-34.3034486186014));
#7170=CARTESIAN_POINT('Ctrl Pts',(-56.1560176728699,19.8040568236874,-31.8743149314947));
#7171=CARTESIAN_POINT('Ctrl Pts',(-55.9027625122491,27.9002305105326,-25.761682861616));
#7172=CARTESIAN_POINT('Ctrl Pts',(-55.5650889647546,34.5139060804428,-14.357686763917));
#7173=CARTESIAN_POINT('Ctrl Pts',(-55.2274154172601,37.9425116662705,-1.62686762353197));
#7174=CARTESIAN_POINT('Ctrl Pts',(-54.8897418697656,36.1116206996409,11.774796245474));
#7175=CARTESIAN_POINT('Ctrl Pts',(-54.5520683222712,29.3804017896181,23.1173224383721));
#7176=CARTESIAN_POINT('Ctrl Pts',(-54.2988131616503,22.3008500610194,30.0127909503198));
#7177=CARTESIAN_POINT('Ctrl Pts',(-54.129976387903,16.5335221419721,33.2084513719837));
#7178=CARTESIAN_POINT('Ctrl Pts',(-54.0455580010294,13.4923610749086,34.4012128983019));
#7179=CARTESIAN_POINT('Origin',(22.2656797749979,3.59810362502843E-15,0.));
#7180=CARTESIAN_POINT('',(22.2656797749979,37.2320450755296,-14.0929386393943));
#7181=CARTESIAN_POINT('Ctrl Pts',(22.2656797749979,-27.8453800139488,-23.393596792364));
#7182=CARTESIAN_POINT('Ctrl Pts',(22.2656797749979,-27.4454102234537,-23.9172366221981));
#7183=CARTESIAN_POINT('Ctrl Pts',(22.2656797749979,-27.0316065380981,-24.429521523212));
#7184=CARTESIAN_POINT('Ctrl Pts',(22.2656797749979,-26.6044089294229,-24.9298572914693));
#7185=CARTESIAN_POINT('Ctrl Pts',(22.2656797749979,-26.1766499855614,-25.4308504980313));
#7186=CARTESIAN_POINT('Ctrl Pts',(22.2656797749979,-25.73546167377,-25.9198635820695));
#7187=CARTESIAN_POINT('Ctrl Pts',(22.2656797749979,-25.2812388297367,-26.3962772403485));
#7188=CARTESIAN_POINT('Ctrl Pts',(22.2656797749979,-25.2033256747781,-26.4779968008451));
#7189=CARTESIAN_POINT('Ctrl Pts',(22.2656797749979,-25.1250289009385,-26.559345588106));
#7190=CARTESIAN_POINT('Ctrl Pts',(22.2656797749979,-25.0463503699761,-26.6403203949303));
#7191=CARTESIAN_POINT('Ctrl Pts',(22.2656797749979,-24.5917419534483,-27.1081968061795));
#7192=CARTESIAN_POINT('Ctrl Pts',(22.2656797749979,-24.1243915608688,-27.5635902203669));
#7193=CARTESIAN_POINT('Ctrl Pts',(22.2656797749979,-23.6449486535512,-28.0061969447668));
#7194=CARTESIAN_POINT('Ctrl Pts',(22.2656797749979,-23.1491755655824,-28.4638791821351));
#7195=CARTESIAN_POINT('Ctrl Pts',(22.2656797749979,-22.6404719908924,-28.9078893552787));
#7196=CARTESIAN_POINT('Ctrl Pts',(22.2656797749979,-22.1195137661484,-29.3378521747625));
#7197=CARTESIAN_POINT('Ctrl Pts',(22.2656797749979,-21.8915945428229,-29.5259609082866));
#7198=CARTESIAN_POINT('Ctrl Pts',(22.2656797749979,-21.6613291868324,-29.7113803456993));
#7199=CARTESIAN_POINT('Ctrl Pts',(22.2656797749979,-21.4287720293374,-29.8940764140301));
#7200=CARTESIAN_POINT('Ctrl Pts',(22.2656797749979,-21.3311554645166,-29.9707636370286));
#7201=CARTESIAN_POINT('Ctrl Pts',(22.2656797749979,-21.2331350857028,-30.0469710023262));
#7202=CARTESIAN_POINT('Ctrl Pts',(22.2656797749979,-21.1347148454235,-30.1226959006048));
#7203=CARTESIAN_POINT('Ctrl Pts',(22.2656797749979,-21.0720868690675,-30.1708820981338));
#7204=CARTESIAN_POINT('Ctrl Pts',(22.2656797749979,-21.009294663987,-30.2188746499738));
#7205=CARTESIAN_POINT('Ctrl Pts',(22.2656797749979,-20.9463590935835,-30.2666579297679));
#7206=CARTESIAN_POINT('Ctrl Pts',(22.2656797749979,-20.4210208739567,-30.6655163650539));
#7207=CARTESIAN_POINT('Ctrl Pts',(22.2656797749979,-19.8854161052973,-31.0500139815809));
#7208=CARTESIAN_POINT('Ctrl Pts',(22.2656797749979,-19.3402371322222,-31.4198744762707));
#7209=CARTESIAN_POINT('Ctrl Pts',(22.2656797749979,-18.7914840361422,-31.7921597286419));
#7210=CARTESIAN_POINT('Ctrl Pts',(22.2656797749979,-18.2330304417842,-32.1496156079337));
#7211=CARTESIAN_POINT('Ctrl Pts',(22.2656797749979,-17.6655428774916,-32.491925093613));
#7212=CARTESIAN_POINT('Ctrl Pts',(22.2656797749979,-17.0963676346387,-32.8352525899348));
#7213=CARTESIAN_POINT('Ctrl Pts',(22.2656797749979,-16.5181042295016,-33.1633437568761));
#7214=CARTESIAN_POINT('Ctrl Pts',(22.2656797749979,-15.9313910427421,-33.4758390297592));
#7215=CARTESIAN_POINT('Ctrl Pts',(22.2656797749979,-15.3463530801154,-33.7874420444925));
#7216=CARTESIAN_POINT('Ctrl Pts',(22.2656797749979,-14.7529131131597,-34.0835383506512));
#7217=CARTESIAN_POINT('Ctrl Pts',(22.2656797749979,-14.1516761399075,-34.3637280529453));
#7218=CARTESIAN_POINT('Ctrl Pts',(22.2656797749979,-13.7937822952977,-34.5305144853095));
#7219=CARTESIAN_POINT('Ctrl Pts',(22.2656797749979,-13.4331251753527,-34.6916637663406));
#7220=CARTESIAN_POINT('Ctrl Pts',(22.2656797749979,-13.069828566219,-34.8470836485734));
#7221=CARTESIAN_POINT('Ctrl Pts',(22.2656797749979,-12.9458489172423,-34.9001226859847));
#7222=CARTESIAN_POINT('Ctrl Pts',(22.2656797749979,-12.8215618507204,-34.9524944230496));
#7223=CARTESIAN_POINT('Ctrl Pts',(22.2656797749979,-12.6969722221513,-35.0041950279682));
#7224=CARTESIAN_POINT('Ctrl Pts',(22.2656797749979,-12.6350584192482,-35.0298872232148));
#7225=CARTESIAN_POINT('Ctrl Pts',(22.2656797749979,-12.5730685654109,-35.0554141922772));
#7226=CARTESIAN_POINT('Ctrl Pts',(22.2656797749979,-12.511022602215,-35.0807676479558));
#7227=CARTESIAN_POINT('Ctrl Pts',(22.2656797749979,-11.8894902865304,-35.3347405288144));
#7228=CARTESIAN_POINT('Ctrl Pts',(22.2656797749979,-11.2618896007431,-35.5714894585505));
#7229=CARTESIAN_POINT('Ctrl Pts',(22.2656797749979,-10.6289071325539,-35.790726909308));
#7230=CARTESIAN_POINT('Ctrl Pts',(22.2656797749979,-10.3344240287509,-35.8927229806266));
#7231=CARTESIAN_POINT('Ctrl Pts',(22.2656797749979,-10.0387755852131,-35.9909283271722));
#7232=CARTESIAN_POINT('Ctrl Pts',(22.2656797749979,-9.74202847144079,-36.0853110564608));
#7233=CARTESIAN_POINT('Ctrl Pts',(22.2656797749979,-9.11531282173643,-36.2846428469372));
#7234=CARTESIAN_POINT('Ctrl Pts',(22.2656797749979,-8.48369840943185,-36.4669275207326));
#7235=CARTESIAN_POINT('Ctrl Pts',(22.2656797749979,-7.84790762725436,-36.6322656652986));
#7236=CARTESIAN_POINT('Ctrl Pts',(22.2656797749979,-7.17981718247558,-36.8060033753102));
#7237=CARTESIAN_POINT('Ctrl Pts',(22.2656797749979,-6.50711496644188,-36.9610294599617));
#7238=CARTESIAN_POINT('Ctrl Pts',(22.2656797749979,-5.83061213744754,-37.0974061699579));
#7239=CARTESIAN_POINT('Ctrl Pts',(22.2656797749979,-5.17421592629382,-37.2297295718632));
#7240=CARTESIAN_POINT('Ctrl Pts',(22.2656797749979,-4.51424108750692,-37.3444954891904));
#7241=CARTESIAN_POINT('Ctrl Pts',(22.2656797749979,-3.85141077600455,-37.4417098307998));
#7242=CARTESIAN_POINT('Ctrl Pts',(22.2656797749979,-3.18793559491692,-37.5390187525318));
#7243=CARTESIAN_POINT('Ctrl Pts',(22.2656797749979,-2.52159891639704,-37.6187419948607));
#7244=CARTESIAN_POINT('Ctrl Pts',(22.2656797749979,-1.8531154735036,-37.6808343144229));
#7245=CARTESIAN_POINT('Ctrl Pts',(22.2656797749979,-1.1865605060803,-37.7427475068632));
#7246=CARTESIAN_POINT('Ctrl Pts',(22.2656797749979,-0.517870673182487,-37.7871313923296));
#7247=CARTESIAN_POINT('Ctrl Pts',(22.2656797749979,0.152248919613993,-37.8138895525639));
#7248=CARTESIAN_POINT('Ctrl Pts',(22.2656797749979,0.506026123340922,-37.8280160267131));
#7249=CARTESIAN_POINT('Ctrl Pts',(22.2656797749979,0.860201833082546,-37.8372291384695));
#7250=CARTESIAN_POINT('Ctrl Pts',(22.2656797749979,1.21467200922095,-37.8415088192994));
#7251=CARTESIAN_POINT('Ctrl Pts',(22.2656797749979,1.34303674678696,-37.8430586255837));
#7252=CARTESIAN_POINT('Ctrl Pts',(22.2656797749979,1.47144009633045,-37.8439614274604));
#7253=CARTESIAN_POINT('Ctrl Pts',(22.2656797749979,1.59987710044055,-37.8442161389515));
#7254=CARTESIAN_POINT('Ctrl Pts',(22.2656797749979,1.65917036247138,-37.8443337271441));
#7255=CARTESIAN_POINT('Ctrl Pts',(22.2656797749979,1.71846277927158,-37.8443131627879));
#7256=CARTESIAN_POINT('Ctrl Pts',(22.2656797749979,1.77774570149319,-37.84415450589));
#7257=CARTESIAN_POINT('Ctrl Pts',(22.2656797749979,2.45590411198821,-37.8423395732642));
#7258=CARTESIAN_POINT('Ctrl Pts',(22.2656797749979,3.13315133091553,-37.8224588708747));
#7259=CARTESIAN_POINT('Ctrl Pts',(22.2656797749979,3.80874237368999,-37.7846030960226));
#7260=CARTESIAN_POINT('Ctrl Pts',(22.2656797749979,4.48733898986056,-37.7465789081773));
#7261=CARTESIAN_POINT('Ctrl Pts',(22.2656797749979,5.16426512408732,-37.6904194299884));
#7262=CARTESIAN_POINT('Ctrl Pts',(22.2656797749979,5.83878046199158,-37.6161659487573));
#7263=CARTESIAN_POINT('Ctrl Pts',(22.2656797749979,6.51428792963708,-37.5418032497175));
#7264=CARTESIAN_POINT('Ctrl Pts',(22.2656797749979,7.18737797988106,-37.449293334223));
#7265=CARTESIAN_POINT('Ctrl Pts',(22.2656797749979,7.85731462041313,-37.3386260924673));
#7266=CARTESIAN_POINT('Ctrl Pts',(22.2656797749979,8.10582059202122,-37.2975752396347));
#7267=CARTESIAN_POINT('Ctrl Pts',(22.2656797749979,8.35389270544713,-37.2540254954969));
#7268=CARTESIAN_POINT('Ctrl Pts',(22.2656797749979,8.60149345775832,-37.2079745197206));
#7269=CARTESIAN_POINT('Ctrl Pts',(22.2656797749979,9.26354569862501,-37.0848401939067));
#7270=CARTESIAN_POINT('Ctrl Pts',(22.2656797749979,9.92222832396685,-36.9438268680037));
#7271=CARTESIAN_POINT('Ctrl Pts',(22.2656797749979,10.5769206899774,-36.7853046796964));
#7272=CARTESIAN_POINT('Ctrl Pts',(22.2656797749979,11.261853735028,-36.6194602452989));
#7273=CARTESIAN_POINT('Ctrl Pts',(22.2656797749979,11.9424199494237,-36.4344523458828));
#7274=CARTESIAN_POINT('Ctrl Pts',(22.2656797749979,12.617898074793,-36.2306454302977));
#7275=CARTESIAN_POINT('Ctrl Pts',(22.2656797749979,13.208941434491,-36.0523143791607));
#7276=CARTESIAN_POINT('Ctrl Pts',(22.2656797749979,13.7960892868403,-35.8595893401756));
#7277=CARTESIAN_POINT('Ctrl Pts',(22.2656797749979,14.3788469390984,-35.6526781322412));
#7278=CARTESIAN_POINT('Ctrl Pts',(22.2656797749979,14.8887598848243,-35.4716308252986));
#7279=CARTESIAN_POINT('Ctrl Pts',(22.2656797749979,15.3953115356871,-35.2797216849988));
#7280=CARTESIAN_POINT('Ctrl Pts',(22.2656797749979,15.8981611439212,-35.0770695981993));
#7281=CARTESIAN_POINT('Ctrl Pts',(22.2656797749979,15.9603624441052,-35.0520020172019));
#7282=CARTESIAN_POINT('Ctrl Pts',(22.2656797749979,16.0225070863056,-35.0267700340774));
#7283=CARTESIAN_POINT('Ctrl Pts',(22.2656797749979,16.0845944145389,-35.0013738543008));
#7284=CARTESIAN_POINT('Ctrl Pts',(22.2656797749979,16.1306056968848,-34.9825534149059));
#7285=CARTESIAN_POINT('Ctrl Pts',(22.2656797749979,16.1765822930223,-34.9636441015324));
#7286=CARTESIAN_POINT('Ctrl Pts',(22.2656797749979,16.2225161480552,-34.9446492946636));
#7287=CARTESIAN_POINT('Ctrl Pts',(22.2656797749979,16.8521894626357,-34.6842635074856));
#7288=CARTESIAN_POINT('Ctrl Pts',(22.2656797749979,17.4742660939855,-34.4076388096328));
#7289=CARTESIAN_POINT('Ctrl Pts',(22.2656797749979,18.0881389315341,-34.1152256909882));
#7290=CARTESIAN_POINT('Ctrl Pts',(22.2656797749979,18.7070652231273,-33.8204054023781));
#7291=CARTESIAN_POINT('Ctrl Pts',(22.2656797749979,19.317652525369,-33.5095355652617));
#7292=CARTESIAN_POINT('Ctrl Pts',(22.2656797749979,19.9192727854241,-33.1830252890561));
#7293=CARTESIAN_POINT('Ctrl Pts',(22.2656797749979,20.5244937712693,-32.8545608333618));
#7294=CARTESIAN_POINT('Ctrl Pts',(22.2656797749979,21.1206405056205,-32.5102680244482));
#7295=CARTESIAN_POINT('Ctrl Pts',(22.2656797749979,21.7070610910662,-32.1505122756767));
#7296=CARTESIAN_POINT('Ctrl Pts',(22.2656797749979,22.2932830694776,-31.7908783678229));
#7297=CARTESIAN_POINT('Ctrl Pts',(22.2656797749979,22.8697859266864,-31.415791805734));
#7298=CARTESIAN_POINT('Ctrl Pts',(22.2656797749979,23.4358993110576,-31.0255692396735));
#7299=CARTESIAN_POINT('Ctrl Pts',(22.2656797749979,23.9988706373923,-30.6375124976044));
#7300=CARTESIAN_POINT('Ctrl Pts',(22.2656797749979,24.5515679130191,-30.234487083921));
#7301=CARTESIAN_POINT('Ctrl Pts',(22.2656797749979,25.0933066222561,-29.8167596229229));
#7302=CARTESIAN_POINT('Ctrl Pts',(22.2656797749979,25.2837096251313,-29.6699424182422));
#7303=CARTESIAN_POINT('Ctrl Pts',(22.2656797749979,25.4727586723752,-29.5213086983308));
#7304=CARTESIAN_POINT('Ctrl Pts',(22.2656797749979,25.6604231507872,-29.3708687904952));
#7305=CARTESIAN_POINT('Ctrl Pts',(22.2656797749979,26.1961151600048,-28.9414350629354));
#7306=CARTESIAN_POINT('Ctrl Pts',(22.2656797749979,26.7205279072475,-28.4972867817485));
#7307=CARTESIAN_POINT('Ctrl Pts',(22.2656797749979,27.233245263828,-28.0389873734521));
#7308=CARTESIAN_POINT('Ctrl Pts',(22.2656797749979,27.5019853680822,-27.7987703626868));
#7309=CARTESIAN_POINT('Ctrl Pts',(22.2656797749979,27.7675117928909,-27.554664945195));
#7310=CARTESIAN_POINT('Ctrl Pts',(22.2656797749979,28.0297605135114,-27.3067482858638));
#7311=CARTESIAN_POINT('Ctrl Pts',(22.2656797749979,28.1526896013023,-27.1905373518023));
#7312=CARTESIAN_POINT('Ctrl Pts',(22.2656797749979,28.274898448287,-27.0734889497279));
#7313=CARTESIAN_POINT('Ctrl Pts',(22.2656797749979,28.3963802314428,-26.9556108380535));
#7314=CARTESIAN_POINT('Ctrl Pts',(22.2656797749979,28.4510962362408,-26.902517944976));
#7315=CARTESIAN_POINT('Ctrl Pts',(22.2656797749979,28.5056647434557,-26.8492567315464));
#7316=CARTESIAN_POINT('Ctrl Pts',(22.2656797749979,28.5600851196639,-26.7958278990123));
#7317=CARTESIAN_POINT('Ctrl Pts',(22.2656797749979,28.6136838255157,-26.7432057659339));
#7318=CARTESIAN_POINT('Ctrl Pts',(22.2656797749979,28.667142659745,-26.6904172012497));
#7319=CARTESIAN_POINT('Ctrl Pts',(22.2656797749979,28.7204385589979,-26.6374852952599));
#7320=CARTESIAN_POINT('Ctrl Pts',(22.2656797749979,29.207142024108,-26.154105852916));
#7321=CARTESIAN_POINT('Ctrl Pts',(22.2656797749979,29.6805680364732,-25.6584770343193));
#7322=CARTESIAN_POINT('Ctrl Pts',(22.2656797749979,30.1404170705608,-25.1512939313035));
#7323=CARTESIAN_POINT('Ctrl Pts',(22.2656797749979,30.6046320696438,-24.6392954573509));
#7324=CARTESIAN_POINT('Ctrl Pts',(22.2656797749979,31.0550113691113,-24.1155219806762));
#7325=CARTESIAN_POINT('Ctrl Pts',(22.2656797749979,31.4912204492438,-23.5806418207622));
#7326=CARTESIAN_POINT('Ctrl Pts',(22.2656797749979,31.9303425163413,-23.0421897523192));
#7327=CARTESIAN_POINT('Ctrl Pts',(22.2656797749979,32.3551047935491,-22.4924818546659));
#7328=CARTESIAN_POINT('Ctrl Pts',(22.2656797749979,32.7651346618973,-21.9321572365683));
#7329=CARTESIAN_POINT('Ctrl Pts',(22.2656797749979,33.1765148896627,-21.3699872904028));
#7330=CARTESIAN_POINT('Ctrl Pts',(22.2656797749979,33.573065824744,-20.7971302385864));
#7331=CARTESIAN_POINT('Ctrl Pts',(22.2656797749979,33.9543749711584,-20.2141936502263));
#7332=CARTESIAN_POINT('Ctrl Pts',(22.2656797749979,34.334922259738,-19.6324217724723));
#7333=CARTESIAN_POINT('Ctrl Pts',(22.2656797749979,34.7002888898401,-19.0406102253488));
#7334=CARTESIAN_POINT('Ctrl Pts',(22.2656797749979,35.0500244205451,-18.4393306704199));
#7335=CARTESIAN_POINT('Ctrl Pts',(22.2656797749979,35.3980700912629,-17.8409563915407));
#7336=CARTESIAN_POINT('Ctrl Pts',(22.2656797749979,35.730635614515,-17.233205005322));
#7337=CARTESIAN_POINT('Ctrl Pts',(22.2656797749979,36.047232923085,-16.6166135110396));
#7338=CARTESIAN_POINT('Ctrl Pts',(22.2656797749979,36.3602788343315,-16.0069385676032));
#7339=CARTESIAN_POINT('Ctrl Pts',(22.2656797749979,36.6577129704954,-15.3886203533598));
#7340=CARTESIAN_POINT('Ctrl Pts',(22.2656797749979,36.9390168586177,-14.7621577137452));
#7341=CARTESIAN_POINT('Ctrl Pts',(22.2656797749979,37.0387282260142,-14.5401008952782));
#7342=CARTESIAN_POINT('Ctrl Pts',(22.2656797749979,37.1364124970972,-14.3170206271238));
#7343=CARTESIAN_POINT('Ctrl Pts',(22.2656797749979,37.2320450755297,-14.092938639394));
#7344=CARTESIAN_POINT('',(22.2656797749979,-4.87531890740561E-15,39.81));
#7345=CARTESIAN_POINT('Origin',(22.2656797749979,0.,0.));
#7346=CARTESIAN_POINT('',(22.2656797749979,34.5403624853199,19.7937469363101));
#7347=CARTESIAN_POINT('Origin',(22.2656797749979,0.,0.));
#7348=CARTESIAN_POINT('Ctrl Pts',(22.2656797749979,34.5403624853199,19.7937469363101));
#7349=CARTESIAN_POINT('Ctrl Pts',(22.2656797749979,34.1683207252456,20.3859706439054));
#7350=CARTESIAN_POINT('Ctrl Pts',(22.2656797749979,33.7810482472719,20.9678248508523));
#7351=CARTESIAN_POINT('Ctrl Pts',(22.2656797749979,33.3788485337153,21.5386536957978));
#7352=CARTESIAN_POINT('Ctrl Pts',(22.2656797749979,32.9785356947598,22.1068045615882));
#7353=CARTESIAN_POINT('Ctrl Pts',(22.2656797749979,32.563435101665,22.6640336458946));
#7354=CARTESIAN_POINT('Ctrl Pts',(22.2656797749979,32.1338040499815,23.2096642820721));
#7355=CARTESIAN_POINT('Ctrl Pts',(22.2656797749979,32.0328183759963,23.3379159001184));
#7356=CARTESIAN_POINT('Ctrl Pts',(22.2656797749979,31.9310297276827,23.4655265649922));
#7357=CARTESIAN_POINT('Ctrl Pts',(22.2656797749979,31.8284411306158,23.5924872124928));
#7358=CARTESIAN_POINT('Ctrl Pts',(22.2656797749979,31.3897959628457,24.1353416438363));
#7359=CARTESIAN_POINT('Ctrl Pts',(22.2656797749979,30.9365287176774,24.6663153827292));
#7360=CARTESIAN_POINT('Ctrl Pts',(22.2656797749979,30.4692384311748,25.1849607471268));
#7361=CARTESIAN_POINT('Ctrl Pts',(22.2656797749979,29.9906401031108,25.7161569038383));
#7362=CARTESIAN_POINT('Ctrl Pts',(22.2656797749979,29.4973315416909,26.2344212678145));
#7363=CARTESIAN_POINT('Ctrl Pts',(22.2656797749979,28.9899220226766,26.7392280439878));
#7364=CARTESIAN_POINT('Ctrl Pts',(22.2656797749979,28.7679303581078,26.9600810085637));
#7365=CARTESIAN_POINT('Ctrl Pts',(22.2656797749979,28.5432392730407,27.178357494472));
#7366=CARTESIAN_POINT('Ctrl Pts',(22.2656797749979,28.3158980235519,27.3940105107829));
#7367=CARTESIAN_POINT('Ctrl Pts',(22.2656797749979,28.1885117486968,27.5148475100995));
#7368=CARTESIAN_POINT('Ctrl Pts',(22.2656797749979,28.0602933825289,27.6348607841666));
#7369=CARTESIAN_POINT('Ctrl Pts',(22.2656797749979,27.9312514610565,27.7540418056752));
#7370=CARTESIAN_POINT('Ctrl Pts',(22.2656797749979,27.8838174545582,27.7978510831891));
#7371=CARTESIAN_POINT('Ctrl Pts',(22.2656797749979,27.8362732561839,27.8415468735629));
#7372=CARTESIAN_POINT('Ctrl Pts',(22.2656797749979,27.7886284743214,27.8851204563805));
#7373=CARTESIAN_POINT('Ctrl Pts',(22.2656797749979,27.2768052048615,28.3532089384331));
#7374=CARTESIAN_POINT('Ctrl Pts',(22.2656797749979,26.753091952139,28.8074620071012));
#7375=CARTESIAN_POINT('Ctrl Pts',(22.2656797749979,26.2181080985992,29.2474777645885));
#7376=CARTESIAN_POINT('Ctrl Pts',(22.2656797749979,25.6822065876519,29.6882482807785));
#7377=CARTESIAN_POINT('Ctrl Pts',(22.2656797749979,25.1349953905376,30.1147328757073));
#7378=CARTESIAN_POINT('Ctrl Pts',(22.2656797749979,24.5770642903567,30.5264868475684));
#7379=CARTESIAN_POINT('Ctrl Pts',(22.2656797749979,24.0203127002885,30.937370339233));
#7380=CARTESIAN_POINT('Ctrl Pts',(22.2656797749979,23.452886087028,31.3335856733121));
#7381=CARTESIAN_POINT('Ctrl Pts',(22.2656797749979,22.8753437864575,31.7146465640421));
#7382=CARTESIAN_POINT('Ctrl Pts',(22.2656797749979,22.3033717033084,32.0920322399696));
#7383=CARTESIAN_POINT('Ctrl Pts',(22.2656797749979,21.7214777147307,32.4545545642245));
#7384=CARTESIAN_POINT('Ctrl Pts',(22.2656797749979,21.1301848956318,32.8016944884404));
#7385=CARTESIAN_POINT('Ctrl Pts',(22.2656797749979,20.7655871284137,33.0157448492654));
#7386=CARTESIAN_POINT('Ctrl Pts',(22.2656797749979,20.3974154647897,33.2239457499795));
#7387=CARTESIAN_POINT('Ctrl Pts',(22.2656797749979,20.0257896361111,33.4261660536647));
#7388=CARTESIAN_POINT('Ctrl Pts',(22.2656797749979,19.8717665758639,33.5099777470781));
#7389=CARTESIAN_POINT('Ctrl Pts',(22.2656797749979,19.717150154364,33.5927620358065));
#7390=CARTESIAN_POINT('Ctrl Pts',(22.2656797749979,19.5619488089462,33.6745092031889));
#7391=CARTESIAN_POINT('Ctrl Pts',(22.2656797749979,19.4999464446658,33.7071668946366));
#7392=CARTESIAN_POINT('Ctrl Pts',(22.2656797749979,19.4378486489126,33.7396601098123));
#7393=CARTESIAN_POINT('Ctrl Pts',(22.2656797749979,19.3756763298147,33.7719777269001));
#7394=CARTESIAN_POINT('Ctrl Pts',(22.2656797749979,18.7664925539475,34.0886358199257));
#7395=CARTESIAN_POINT('Ctrl Pts',(22.2656797749979,18.1497411798654,34.3886591845195));
#7396=CARTESIAN_POINT('Ctrl Pts',(22.2656797749979,17.5260031326779,34.6716544536097));
#7397=CARTESIAN_POINT('Ctrl Pts',(22.2656797749979,17.2193447101785,34.8107879940204));
#7398=CARTESIAN_POINT('Ctrl Pts',(22.2656797749979,16.910997057261,34.9458049084736));
#7399=CARTESIAN_POINT('Ctrl Pts',(22.2656797749979,16.6010268849236,35.0766544553762));
#7400=CARTESIAN_POINT('Ctrl Pts',(22.2656797749979,15.9746217308178,35.3410825775213));
#7401=CARTESIAN_POINT('Ctrl Pts',(22.2656797749979,15.3415916352617,35.5884948671841));
#7402=CARTESIAN_POINT('Ctrl Pts',(22.2656797749979,14.7026656814983,35.818853014496));
#7403=CARTESIAN_POINT('Ctrl Pts',(22.2656797749979,14.0437445147277,36.0564202291439));
#7404=CARTESIAN_POINT('Ctrl Pts',(22.2656797749979,13.3785522693351,36.2758495052164));
#7405=CARTESIAN_POINT('Ctrl Pts',(22.2656797749979,12.7078710197283,36.4770443360261));
#7406=CARTESIAN_POINT('Ctrl Pts',(22.2656797749979,12.0521331879014,36.6737563541529));
#7407=CARTESIAN_POINT('Ctrl Pts',(22.2656797749979,11.3911477010777,36.8530372936131));
#7408=CARTESIAN_POINT('Ctrl Pts',(22.2656797749979,10.7256362618979,37.0147450583773));
#7409=CARTESIAN_POINT('Ctrl Pts',(22.2656797749979,10.0627148001512,37.1758235034382));
#7410=CARTESIAN_POINT('Ctrl Pts',(22.2656797749979,9.39530207800489,37.3194653105227));
#7411=CARTESIAN_POINT('Ctrl Pts',(22.2656797749979,8.72410942318939,37.4454785982692));
#7412=CARTESIAN_POINT('Ctrl Pts',(22.2656797749979,8.05783081444985,37.5705692968041));
#7413=CARTESIAN_POINT('Ctrl Pts',(22.2656797749979,7.38782697421635,37.6782886583722));
#7414=CARTESIAN_POINT('Ctrl Pts',(22.2656797749979,6.71479854752279,37.7683980861836));
#7415=CARTESIAN_POINT('Ctrl Pts',(22.2656797749979,6.3596232331575,37.8159512697949));
#7416=CARTESIAN_POINT('Ctrl Pts',(22.2656797749979,6.0036057055031,37.8585993053546));
#7417=CARTESIAN_POINT('Ctrl Pts',(22.2656797749979,5.64685012469604,37.8963013439068));
#7418=CARTESIAN_POINT('Ctrl Pts',(22.2656797749979,5.52358918913049,37.9093275971589));
#7419=CARTESIAN_POINT('Ctrl Pts',(22.2656797749979,5.40024015837824,37.921763392206));
#7420=CARTESIAN_POINT('Ctrl Pts',(22.2656797749979,5.27680735937242,37.9336069322252));
#7421=CARTESIAN_POINT('Ctrl Pts',(22.2656797749979,5.2035868039575,37.9406325411822));
#7422=CARTESIAN_POINT('Ctrl Pts',(22.2656797749979,5.13033157770816,37.9474501802263));
#7423=CARTESIAN_POINT('Ctrl Pts',(22.2656797749979,5.05707355775794,37.9540567604076));
#7424=CARTESIAN_POINT('Ctrl Pts',(22.2656797749979,4.38136377385799,38.0149938546625));
#7425=CARTESIAN_POINT('Ctrl Pts',(22.2656797749979,3.70498079589566,38.0580234348054));
#7426=CARTESIAN_POINT('Ctrl Pts',(22.2656797749979,3.02863050389939,38.0830955087077));
#7427=CARTESIAN_POINT('Ctrl Pts',(22.2656797749979,2.35211256702614,38.1081737971483));
#7428=CARTESIAN_POINT('Ctrl Pts',(22.2656797749979,1.67562686326367,38.1152857133195));
#7429=CARTESIAN_POINT('Ctrl Pts',(22.2656797749979,0.99987370290745,38.104329467944));
#7430=CARTESIAN_POINT('Ctrl Pts',(22.2656797749979,0.32719757192812,38.0934231116269));
#7431=CARTESIAN_POINT('Ctrl Pts',(22.2656797749979,-0.34475312690425,38.0646127654229));
#7432=CARTESIAN_POINT('Ctrl Pts',(22.2656797749979,-1.01528673305885,38.017746523856));
#7433=CARTESIAN_POINT('Ctrl Pts',(22.2656797749979,-1.29525050234199,37.9981787504874));
#7434=CARTESIAN_POINT('Ctrl Pts',(22.2656797749979,-1.57496718564893,37.9754627424498));
#7435=CARTESIAN_POINT('Ctrl Pts',(22.2656797749979,-1.85438610673673,37.9495847662609));
#7436=CARTESIAN_POINT('Ctrl Pts',(22.2656797749979,-2.52689589371045,37.8873012523657));
#7437=CARTESIAN_POINT('Ctrl Pts',(22.2656797749979,-3.19768178627013,37.8067046594721));
#7438=CARTESIAN_POINT('Ctrl Pts',(22.2656797749979,-3.86604659336155,37.7080368841975));
#7439=CARTESIAN_POINT('Ctrl Pts',(22.2656797749979,-4.54300558083746,37.6081003876349));
#7440=CARTESIAN_POINT('Ctrl Pts',(22.2656797749979,-5.21748132810977,37.4896249098464));
#7441=CARTESIAN_POINT('Ctrl Pts',(22.2656797749979,-5.8887312415426,37.3528106095929));
#7442=CARTESIAN_POINT('Ctrl Pts',(22.2656797749979,-6.54723475616931,37.2185942830576));
#7443=CARTESIAN_POINT('Ctrl Pts',(22.2656797749979,-7.20263415784476,37.0667286794759));
#7444=CARTESIAN_POINT('Ctrl Pts',(22.2656797749979,-7.8542045985256,36.897357133139));
#7445=CARTESIAN_POINT('Ctrl Pts',(22.2656797749979,-8.35391810225571,36.7674598210943));
#7446=CARTESIAN_POINT('Ctrl Pts',(22.2656797749979,-8.85137901938287,36.6272647148702));
#7447=CARTESIAN_POINT('Ctrl Pts',(22.2656797749979,-9.34624853613274,36.4768193639854));
#7448=CARTESIAN_POINT('Ctrl Pts',(22.2656797749979,-9.41124097876236,36.4570610024268));
#7449=CARTESIAN_POINT('Ctrl Pts',(22.2656797749979,-9.47619226629396,36.4371246901913));
#7450=CARTESIAN_POINT('Ctrl Pts',(22.2656797749979,-9.54107603187336,36.417018532364));
#7451=CARTESIAN_POINT('Ctrl Pts',(22.2656797749979,-10.1789652977538,36.2193496372002));
#7452=CARTESIAN_POINT('Ctrl Pts',(22.2656797749979,-10.8108017131139,36.0051272041657));
#7453=CARTESIAN_POINT('Ctrl Pts',(22.2656797749979,-11.4359407010025,35.7746632965966));
#7454=CARTESIAN_POINT('Ctrl Pts',(22.2656797749979,-12.0634627766951,35.5433208392361));
#7455=CARTESIAN_POINT('Ctrl Pts',(22.2656797749979,-12.6842367129617,35.2956126820183));
#7456=CARTESIAN_POINT('Ctrl Pts',(22.2656797749979,-13.2975964146155,35.0318039804965));
#7457=CARTESIAN_POINT('Ctrl Pts',(22.2656797749979,-13.910057472473,34.7683817896183));
#7458=CARTESIAN_POINT('Ctrl Pts',(22.2656797749979,-14.5151264354707,34.4889060009513));
#7459=CARTESIAN_POINT('Ctrl Pts',(22.2656797749979,-15.1121195134904,34.1935931161679));
#7460=CARTESIAN_POINT('Ctrl Pts',(22.2656797749979,-15.706423109871,33.8996106296935));
#7461=CARTESIAN_POINT('Ctrl Pts',(22.2656797749979,-16.2927238275922,33.5899332103777));
#7462=CARTESIAN_POINT('Ctrl Pts',(22.2656797749979,-16.8703204038422,33.2647304185574));
#7463=CARTESIAN_POINT('Ctrl Pts',(22.2656797749979,-17.4418663311136,32.9429343088766));
#7464=CARTESIAN_POINT('Ctrl Pts',(22.2656797749979,-18.0048898753629,32.6059361636895));
#7465=CARTESIAN_POINT('Ctrl Pts',(22.2656797749979,-18.5586798268457,32.2538604095689));
#7466=CARTESIAN_POINT('Ctrl Pts',(22.2656797749979,-18.7428680196526,32.1367615046341));
#7467=CARTESIAN_POINT('Ctrl Pts',(22.2656797749979,-18.9260345074407,32.0179944009196));
#7468=CARTESIAN_POINT('Ctrl Pts',(22.2656797749979,-19.1081522304344,31.897562751166));
#7469=CARTESIAN_POINT('Ctrl Pts',(22.2656797749979,-19.6646397611518,31.5295661043275));
#7470=CARTESIAN_POINT('Ctrl Pts',(22.2656797749979,-20.2113380541799,31.1460299288868));
#7471=CARTESIAN_POINT('Ctrl Pts',(22.2656797749979,-20.7477023234365,30.747440673814));
#7472=CARTESIAN_POINT('Ctrl Pts',(22.2656797749979,-21.0165737927089,30.5476337798982));
#7473=CARTESIAN_POINT('Ctrl Pts',(22.2656797749979,-21.2828478128186,30.3440437452773));
#7474=CARTESIAN_POINT('Ctrl Pts',(22.2656797749979,-21.5464516651042,30.1367290642195));
#7475=CARTESIAN_POINT('Ctrl Pts',(22.2656797749979,-21.6700159708631,30.0395503074736));
#7476=CARTESIAN_POINT('Ctrl Pts',(22.2656797749979,-21.7929935291737,29.9415531222252));
#7477=CARTESIAN_POINT('Ctrl Pts',(22.2656797749979,-21.915376630334,29.8427434074596));
#7478=CARTESIAN_POINT('Ctrl Pts',(22.2656797749979,-21.975323527808,29.794343458575));
#7479=CARTESIAN_POINT('Ctrl Pts',(22.2656797749979,-22.0351277930472,29.7457485556324));
#7480=CARTESIAN_POINT('Ctrl Pts',(22.2656797749979,-22.094788507308,29.696959385295));
#7481=CARTESIAN_POINT('Ctrl Pts',(22.2656797749979,-22.1447980791684,29.6560626989206));
#7482=CARTESIAN_POINT('Ctrl Pts',(22.2656797749979,-22.1947090050726,29.6150276444669));
#7483=CARTESIAN_POINT('Ctrl Pts',(22.2656797749979,-22.2445019574663,29.5738702557063));
#7484=CARTESIAN_POINT('Ctrl Pts',(22.2656797749979,-22.7506902883414,29.1554698813888));
#7485=CARTESIAN_POINT('Ctrl Pts',(22.2656797749979,-23.2450891600972,28.7241056097376));
#7486=CARTESIAN_POINT('Ctrl Pts',(22.2656797749979,-23.7273018062521,28.2803715579383));
#7487=CARTESIAN_POINT('Ctrl Pts',(22.2656797749979,-24.2123604355272,27.8340186208166));
#7488=CARTESIAN_POINT('Ctrl Pts',(22.2656797749979,-24.6850888956385,27.375149123524));
#7489=CARTESIAN_POINT('Ctrl Pts',(22.2656797749979,-25.1450506499503,26.9043260197554));
#7490=CARTESIAN_POINT('Ctrl Pts',(22.2656797749979,-25.6059859472215,26.4325063841805));
#7491=CARTESIAN_POINT('Ctrl Pts',(22.2656797749979,-26.0541007493242,25.9486821241348));
#7492=CARTESIAN_POINT('Ctrl Pts',(22.2656797749979,-26.488918234233,25.4533832959846));
#7493=CARTESIAN_POINT('Ctrl Pts',(22.2656797749979,-26.9415421100486,24.9378012803919));
#7494=CARTESIAN_POINT('Ctrl Pts',(22.2656797749979,-27.3797579443825,24.4097854611686));
#7495=CARTESIAN_POINT('Ctrl Pts',(22.2656797749979,-27.8029794537851,23.8698982032222));
#7496=CARTESIAN_POINT('Ctrl Pts',(22.2656797749979,-28.2050566112212,23.3569839746486));
#7497=CARTESIAN_POINT('Ctrl Pts',(22.2656797749979,-28.5936001729623,22.8333542912968));
#7498=CARTESIAN_POINT('Ctrl Pts',(22.2656797749979,-28.9680615925993,22.2994665562426));
#7499=CARTESIAN_POINT('Ctrl Pts',(22.2656797749979,-29.3394198818839,21.7700031040346));
#7500=CARTESIAN_POINT('Ctrl Pts',(22.2656797749979,-29.6969286730393,21.2304505536901));
#7501=CARTESIAN_POINT('Ctrl Pts',(22.2656797749979,-30.0400053201091,20.6812366078269));
#7502=CARTESIAN_POINT('Ctrl Pts',(22.2656797749979,-30.378225664952,20.1397968690719));
#7503=CARTESIAN_POINT('Ctrl Pts',(22.2656797749979,-30.7024197046682,19.5889669752562));
#7504=CARTESIAN_POINT('Ctrl Pts',(22.2656797749979,-31.0119800632565,19.0291439209646));
#7505=CARTESIAN_POINT('Ctrl Pts',(22.2656797749979,-31.0716250794954,18.9212791565084));
#7506=CARTESIAN_POINT('Ctrl Pts',(22.2656797749979,-31.1307266791271,18.8130804978345));
#7507=CARTESIAN_POINT('Ctrl Pts',(22.2656797749979,-31.1892802965974,18.7045507452139));
#7508=CARTESIAN_POINT('Ctrl Pts',(-21.7972396265507,32.8869237649792,15.5268048637331));
#7509=CARTESIAN_POINT('Ctrl Pts',(-21.6409881393112,30.3463320781353,20.9079664006011));
#7510=CARTESIAN_POINT('Ctrl Pts',(-21.3284851648321,22.5767516839401,30.3947914371471));
#7511=CARTESIAN_POINT('Ctrl Pts',(-20.8597307031135,5.57963029696631,37.4477211364508));
#7512=CARTESIAN_POINT('Ctrl Pts',(-20.3909762413949,-12.7305896761099,35.6564270503984));
#7513=CARTESIAN_POINT('Ctrl Pts',(-19.9222217796763,-28.0365900529655,25.444709319444));
#7514=CARTESIAN_POINT('Ctrl Pts',(-19.4534673179577,-36.7202667267533,9.22378449518466));
#7515=CARTESIAN_POINT('Ctrl Pts',(-18.9847128562391,-36.7326052517501,-9.17537633748982));
#7516=CARTESIAN_POINT('Ctrl Pts',(-18.5159583945205,-28.0698008119939,-25.4076991149723));
#7517=CARTESIAN_POINT('Ctrl Pts',(-18.0472039328019,-12.7781344262502,-35.6396735118238));
#7518=CARTESIAN_POINT('Ctrl Pts',(-17.5784494710833,5.53131960095564,-37.4549252208247));
#7519=CARTESIAN_POINT('Ctrl Pts',(-17.1096950093646,22.5344460677483,-30.4247466488619));
#7520=CARTESIAN_POINT('Ctrl Pts',(-16.6409405476461,34.2158163672365,-16.2094053153511));
#7521=CARTESIAN_POINT('Ctrl Pts',(-16.1721860859275,37.8167045541703,1.83398087100021));
#7522=CARTESIAN_POINT('Ctrl Pts',(-15.7034316242089,32.4867343344702,19.4442500375508));
#7523=CARTESIAN_POINT('Ctrl Pts',(-15.2346771624903,19.4846331584311,32.4625289678007));
#7524=CARTESIAN_POINT('Ctrl Pts',(-14.7659227007717,1.88100590226863,37.8143959737504));
#7525=CARTESIAN_POINT('Ctrl Pts',(-14.2971682390531,-16.1668439789989,34.235944362514));
#7526=CARTESIAN_POINT('Ctrl Pts',(-13.8284137773345,-30.3967012712485,22.5722678470393));
#7527=CARTESIAN_POINT('Ctrl Pts',(-13.3596593156159,-37.4480167519713,5.57788222691204));
#7528=CARTESIAN_POINT('Ctrl Pts',(-12.8909048538972,-35.6555382313447,-12.733786537857));
#7529=CARTESIAN_POINT('Ctrl Pts',(-12.4221503921787,-25.4425809515292,-28.0382203748407));
#7530=CARTESIAN_POINT('Ctrl Pts',(-11.95339593046,-9.22105598900609,-36.7210954820876));
#7531=CARTESIAN_POINT('Ctrl Pts',(-11.4846414687415,9.17813084418537,-36.731847777514));
#7532=CARTESIAN_POINT('Ctrl Pts',(-11.0158870070228,25.4097930828727,-28.0679379812956));
#7533=CARTESIAN_POINT('Ctrl Pts',(-10.5471325453042,35.6406309062147,-12.7754512860732));
#7534=CARTESIAN_POINT('Ctrl Pts',(-10.0783780835856,37.4545104627245,5.53410995570578));
#7535=CARTESIAN_POINT('Ctrl Pts',(-9.60962362186704,30.4230625501298,22.5367254066002));
#7536=CARTESIAN_POINT('Ctrl Pts',(-9.14086916014843,16.2068471022508,34.2170254989176));
#7537=CARTESIAN_POINT('Ctrl Pts',(-8.67211469842984,-1.83680776705243,37.8165686467609));
#7538=CARTESIAN_POINT('Ctrl Pts',(-8.20336023671123,-19.4466786674916,32.4852799863341));
#7539=CARTESIAN_POINT('Ctrl Pts',(-7.73460577499263,-32.4639854453533,19.4822066510018));
#7540=CARTESIAN_POINT('Ctrl Pts',(-7.26585131327404,-37.8145365070225,1.87817883777512));
#7541=CARTESIAN_POINT('Ctrl Pts',(-6.79709685155542,-34.2347356743871,-16.1694032138754));
#7542=CARTESIAN_POINT('Ctrl Pts',(-6.32834238983683,-22.5699954289705,-30.3983886632847));
#7543=CARTESIAN_POINT('Ctrl Pts',(-5.85958792811822,-5.57508271412981,-37.4484336083436));
#7544=CARTESIAN_POINT('Ctrl Pts',(-5.39083346639963,12.7364519952174,-35.6545862065659));
#7545=CARTESIAN_POINT('Ctrl Pts',(-4.92207900468102,28.0401223034938,-25.4404848262176));
#7546=CARTESIAN_POINT('Ctrl Pts',(-4.45332454296242,36.721784715852,-9.21831081438072));
#7547=CARTESIAN_POINT('Ctrl Pts',(-3.98457008124381,36.7311615472621,9.18087677604013));
#7548=CARTESIAN_POINT('Ctrl Pts',(-3.51581561952522,28.0660383476248,25.4118912806103));
#7549=CARTESIAN_POINT('Ctrl Pts',(-3.04706115780661,12.7727868704595,35.6415858590737));
#7550=CARTESIAN_POINT('Ctrl Pts',(-2.57830669608801,-5.53690992008917,37.4540966454235));
#7551=CARTESIAN_POINT('Ctrl Pts',(-2.10955223436941,-22.5389996747994,30.4213776914738));
#7552=CARTESIAN_POINT('Ctrl Pts',(-1.6407977726508,-34.2182369755445,16.2042891011418));
#7553=CARTESIAN_POINT('Ctrl Pts',(-1.1720433109322,-37.8164312271927,-1.83963480802688));
#7554=CARTESIAN_POINT('Ctrl Pts',(-0.703288849213602,-32.4838261238491,
-19.4491071091565));
#7555=CARTESIAN_POINT('Ctrl Pts',(-0.234534387495003,-19.4797796924846,
-32.465441782304));
#7556=CARTESIAN_POINT('Ctrl Pts',(0.234220074223601,-1.87535193830698,-37.8146768080251));
#7557=CARTESIAN_POINT('Ctrl Pts',(0.702974535942206,16.171962448414,-34.2335268056768));
#7558=CARTESIAN_POINT('Ctrl Pts',(1.1717289976608,30.4000758392621,-22.5677228792587));
#7559=CARTESIAN_POINT('Ctrl Pts',(1.64048345937941,37.4488502791157,-5.57228317301607));
#7560=CARTESIAN_POINT('Ctrl Pts',(2.10923792109801,35.6536339703811,12.7391173828485));
#7561=CARTESIAN_POINT('Ctrl Pts',(2.57799238281661,25.4383885649602,28.0420240746992));
#7562=CARTESIAN_POINT('Ctrl Pts',(3.04674684453522,9.21556558504249,36.722473744775));
#7563=CARTESIAN_POINT('Ctrl Pts',(3.51550130625382,-9.18362265494773,36.7304751115397));
#7564=CARTESIAN_POINT('Ctrl Pts',(3.98425576797242,-25.4139893371722,28.064138557205));
#7565=CARTESIAN_POINT('Ctrl Pts',(4.45301022969102,-35.6425406123157,12.7701223834125));
#7566=CARTESIAN_POINT('Ctrl Pts',(4.92176469140963,-37.4536826190284,-5.53970985350284));
#7567=CARTESIAN_POINT('Ctrl Pts',(5.39051915312822,-30.4196926626918,-22.541273817051));
#7568=CARTESIAN_POINT('Ctrl Pts',(5.85927361484683,-16.2017310095324,-34.2194482609331));
#7569=CARTESIAN_POINT('Ctrl Pts',(6.32802807656544,1.84246183875069,-37.816293596288));
#7570=CARTESIAN_POINT('Ctrl Pts',(6.79678253828402,19.4515354421122,-32.4823720798238));
#7571=CARTESIAN_POINT('Ctrl Pts',(7.26553700000265,32.4668979378289,-19.477352625104));
#7572=CARTESIAN_POINT('Ctrl Pts',(7.73429146172123,37.8148168976893,-1.87252502835771));
#7573=CARTESIAN_POINT('Ctrl Pts',(8.20304592343984,34.2323177456596,16.1745215925742));
#7574=CARTESIAN_POINT('Ctrl Pts',(8.67180038515844,22.5654502034089,30.4017628453461));
#7575=CARTESIAN_POINT('Ctrl Pts',(9.14055484687703,5.56948360079184,37.4492667406025));
#7576=CARTESIAN_POINT('Ctrl Pts',(9.60930930859564,-12.7417826993447,35.652681534942));
#7577=CARTESIAN_POINT('Ctrl Pts',(10.0780637703142,-28.043925689075,25.4362921615406));
#7578=CARTESIAN_POINT('Ctrl Pts',(10.5468182320328,-36.7231625686942,9.21282030419805));
#7579=CARTESIAN_POINT('Ctrl Pts',(11.0155726937514,-36.7297884701118,-9.18636848252329));
#7580=CARTESIAN_POINT('Ctrl Pts',(11.48432715547,-28.0622386107929,-25.4160872517228));
#7581=CARTESIAN_POINT('Ctrl Pts',(11.9530816171886,-12.7674578233483,-35.6434951663339));
#7582=CARTESIAN_POINT('Ctrl Pts',(12.4218360789073,5.54250975273953,-37.4532683833837));
#7583=CARTESIAN_POINT('Ctrl Pts',(12.8905905406259,22.5435478396023,-30.4180074637838));
#7584=CARTESIAN_POINT('Ctrl Pts',(13.3593450023445,34.2206593428522,-16.1991728276185));
#7585=CARTESIAN_POINT('Ctrl Pts',(13.8280994640631,37.8161557778906,1.84528885964599));
#7586=CARTESIAN_POINT('Ctrl Pts',(14.2968539257817,32.4809178077746,19.4539636654485));
#7587=CARTESIAN_POINT('Ctrl Pts',(14.7656083875003,19.4749255395196,32.4683539136898));
#7588=CARTESIAN_POINT('Ctrl Pts',(15.2343628492189,1.86969793121161,37.8149567725521));
#7589=CARTESIAN_POINT('Ctrl Pts',(15.7031173109375,-16.1770803017715,34.2311085010983));
#7590=CARTESIAN_POINT('Ctrl Pts',(16.1718717726561,-30.4034503533266,22.563177388259));
#7591=CARTESIAN_POINT('Ctrl Pts',(16.6406262343747,-37.4496816830114,5.56668402316101));
#7592=CARTESIAN_POINT('Ctrl Pts',(17.1093806960933,-35.6517314539172,-12.7444479947759));
#7593=CARTESIAN_POINT('Ctrl Pts',(17.5781351578119,-25.43419063716,-28.0458270489621));
#7594=CARTESIAN_POINT('Ctrl Pts',(18.0468896195305,-9.21008467891869,-36.7238513779891));
#7595=CARTESIAN_POINT('Ctrl Pts',(18.5156440812491,9.18913318435519,-36.7291012517989));
#7596=CARTESIAN_POINT('Ctrl Pts',(18.9843985429677,25.4181481253761,-28.0603392320624));
#7597=CARTESIAN_POINT('Ctrl Pts',(19.4531530046863,35.6445214631702,-12.7647917796206));
#7598=CARTESIAN_POINT('Ctrl Pts',(19.9219074664049,37.4527136615605,5.5453068700181));
#7599=CARTESIAN_POINT('Ctrl Pts',(20.3906619281235,30.4165957290876,22.5458270729264));
#7600=CARTESIAN_POINT('Ctrl Pts',(20.8594163898421,16.1960795950994,34.2218601079932));
#7601=CARTESIAN_POINT('Ctrl Pts',(21.3281708515607,-1.84705760119942,37.8160345724146));
#7602=CARTESIAN_POINT('Ctrl Pts',(21.7969253132793,-19.4586144654967,32.4794609898182));
#7603=CARTESIAN_POINT('Ctrl Pts',(22.1094282877584,-28.1287262066547,23.8079333751628));
#7604=CARTESIAN_POINT('Ctrl Pts',(22.2656797749979,-31.1892802965974,18.7045507452139));
#7605=CARTESIAN_POINT('Ctrl Pts',(-21.1348264177005,33.9244365197733,16.0166426546571));
#7606=CARTESIAN_POINT('Ctrl Pts',(-20.9785749304609,31.3036945489241,21.5675684349066));
#7607=CARTESIAN_POINT('Ctrl Pts',(-20.6660719559819,23.2890003576471,31.3536826980235));
#7608=CARTESIAN_POINT('Ctrl Pts',(-20.1973174942633,5.75565580915799,38.6291173836247));
#7609=CARTESIAN_POINT('Ctrl Pts',(-19.7285630325447,-13.1322128032653,36.7813117650511));
#7610=CARTESIAN_POINT('Ctrl Pts',(-19.259808570826,-28.9210850573861,26.2474359791222));
#7611=CARTESIAN_POINT('Ctrl Pts',(-18.7910541091074,-37.8787133288347,9.51477535007933));
#7612=CARTESIAN_POINT('Ctrl Pts',(-18.3222996473889,-37.8914411081488,-9.46484001758987));
#7613=CARTESIAN_POINT('Ctrl Pts',(-17.8535451856702,-28.9553435454857,-26.209258181127));
#7614=CARTESIAN_POINT('Ctrl Pts',(-17.3847907239516,-13.1812574895216,-36.7640296878365));
#7615=CARTESIAN_POINT('Ctrl Pts',(-16.916036262233,5.70582101306232,-38.6365487415947));
#7616=CARTESIAN_POINT('Ctrl Pts',(-16.4472818005145,23.2453600889133,-31.3845829331904));
#7617=CARTESIAN_POINT('Ctrl Pts',(-15.9785273387958,35.2952528676033,-16.7207777040393));
#7618=CARTESIAN_POINT('Ctrl Pts',(-15.5097728770773,39.0097414462682,1.89183908112981));
#7619=CARTESIAN_POINT('Ctrl Pts',(-15.0410184153586,33.5116219607648,20.0576749223327));
#7620=CARTESIAN_POINT('Ctrl Pts',(-14.5722639536401,20.0993320451019,33.4866529660699));
#7621=CARTESIAN_POINT('Ctrl Pts',(-14.1035094919214,1.94034765248503,39.0073600350283));
#7622=CARTESIAN_POINT('Ctrl Pts',(-13.6347550302028,-16.676873647716,35.316015858479));
#7623=CARTESIAN_POINT('Ctrl Pts',(-13.1660005684842,-31.3556527833437,23.2843750651937));
#7624=CARTESIAN_POINT('Ctrl Pts',(-12.6972461067656,-38.6294223251884,5.75385259119776));
#7625=CARTESIAN_POINT('Ctrl Pts',(-12.228491645047,-36.7803949056397,-13.1355105192262));
#7626=CARTESIAN_POINT('Ctrl Pts',(-11.7597371833284,-26.2452404657098,-28.9227668124616));
#7627=CARTESIAN_POINT('Ctrl Pts',(-11.2909827216098,-9.51196076531271,-37.8795682296436));
#7628=CARTESIAN_POINT('Ctrl Pts',(-10.8222282598912,9.46768142313462,-37.8906597372057));
#7629=CARTESIAN_POINT('Ctrl Pts',(-10.3534737981726,26.2114182092773,-28.9534219464264));
#7630=CARTESIAN_POINT('Ctrl Pts',(-9.88471933645402,36.7650172859916,-13.1784897019577));
#7631=CARTESIAN_POINT('Ctrl Pts',(-9.41596487473541,38.6361208987553,5.70869939759182));
#7632=CARTESIAN_POINT('Ctrl Pts',(-8.94721041301681,31.3828457047121,23.247711336076));
#7633=CARTESIAN_POINT('Ctrl Pts',(-8.47845595129821,16.7181387847368,35.2965001448268));
#7634=CARTESIAN_POINT('Ctrl Pts',(-8.00970148957961,-1.89475515976209,39.0096012512681));
#7635=CARTESIAN_POINT('Ctrl Pts',(-7.54094702786101,-20.0601801704017,33.5101217310268));
#7636=CARTESIAN_POINT('Ctrl Pts',(-7.0721925661424,-33.488155392403,20.0968289865051));
#7637=CARTESIAN_POINT('Ctrl Pts',(-6.6034381044238,-39.0075050018271,1.93743140009752));
#7638=CARTESIAN_POINT('Ctrl Pts',(-6.1346836427052,-35.3147690388031,-16.6795136210296));
#7639=CARTESIAN_POINT('Ctrl Pts',(-5.66592918098659,-23.2820309571502,-31.3573934090229));
#7640=CARTESIAN_POINT('Ctrl Pts',(-5.197174719268,-5.75096475971967,-38.6298523324959));
#7641=CARTESIAN_POINT('Ctrl Pts',(-4.7284202575494,13.138260066118,-36.7794128464966));
#7642=CARTESIAN_POINT('Ctrl Pts',(-4.25966579583079,28.9247287429335,-26.2430782120865));
#7643=CARTESIAN_POINT('Ctrl Pts',(-3.79091133411219,37.8802792072727,-9.50912898624517));
#7644=CARTESIAN_POINT('Ctrl Pts',(-3.32215687239358,37.8899518578436,9.47051398332057));
#7645=CARTESIAN_POINT('Ctrl Pts',(-2.85340241067498,28.9514623833387,26.2135826007073));
#7646=CARTESIAN_POINT('Ctrl Pts',(-2.38464794895639,13.1757412296775,36.7660023655897));
#7647=CARTESIAN_POINT('Ctrl Pts',(-1.91589348723778,-5.71158769491819,38.6356940263953));
#7648=CARTESIAN_POINT('Ctrl Pts',(-1.44713902551918,-23.2500573526174,31.3811076923359));
#7649=CARTESIAN_POINT('Ctrl Pts',(-0.978384563800575,-35.2977498409741,
16.7155000841134));
#7650=CARTESIAN_POINT('Ctrl Pts',(-0.509630102081974,-39.0094594964037,
-1.89767138788852));
#7651=CARTESIAN_POINT('Ctrl Pts',(-0.0408756403633729,-33.5086220022613,
-20.0626852242551));
#7652=CARTESIAN_POINT('Ctrl Pts',(0.427878821355226,-20.0943254625896,-33.4896576736983));
#7653=CARTESIAN_POINT('Ctrl Pts',(0.89663328307383,-1.9345153179416,-39.0076497290292));
#7654=CARTESIAN_POINT('Ctrl Pts',(1.36538774479243,16.6821535939947,-35.3135220328467));
#7655=CARTESIAN_POINT('Ctrl Pts',(1.83414220651103,31.3591338118271,-23.2796867133107));
#7656=CARTESIAN_POINT('Ctrl Pts',(2.30289666822964,38.630282148348,-5.74807689901625));
#7657=CARTESIAN_POINT('Ctrl Pts',(2.77165112994824,36.778430569278,13.1410095410807));
#7658=CARTESIAN_POINT('Ctrl Pts',(3.24040559166684,26.2409158182286,28.9266905109904));
#7659=CARTESIAN_POINT('Ctrl Pts',(3.70916005338545,9.50629715073868,37.880989973598));
#7660=CARTESIAN_POINT('Ctrl Pts',(4.17791451510404,-9.47334648888898,37.8892437665287));
#7661=CARTESIAN_POINT('Ctrl Pts',(4.64666897682265,-26.2157468465078,28.9495026585569));
#7662=CARTESIAN_POINT('Ctrl Pts',(5.11542343854125,-36.7669872392734,13.1729926837105));
#7663=CARTESIAN_POINT('Ctrl Pts',(5.58417790025985,-38.6352669383448,-5.71447596029777));
#7664=CARTESIAN_POINT('Ctrl Pts',(6.05293236197845,-31.3793695044665,-23.252403239238));
#7665=CARTESIAN_POINT('Ctrl Pts',(6.52168682369705,-16.7128612901345,-35.2989993398498));
#7666=CARTESIAN_POINT('Ctrl Pts',(6.99044128541566,1.90058760544097,-39.0093175235356));
#7667=CARTESIAN_POINT('Ctrl Pts',(7.45919574713425,20.0651901659698,-33.5071220862283));
#7668=CARTESIAN_POINT('Ctrl Pts',(7.92795020885287,33.4911597678443,-20.0918218263762));
#7669=CARTESIAN_POINT('Ctrl Pts',(8.39670467057146,39.0077942382254,-1.9315992249739));
#7670=CARTESIAN_POINT('Ctrl Pts',(8.86545913229007,35.312274829548,16.6847934737302));
#7671=CARTESIAN_POINT('Ctrl Pts',(9.33421359400867,23.2773423393538,31.3608740393781));
#7672=CARTESIAN_POINT('Ctrl Pts',(9.80296805572727,5.74518900622082,38.6307117483122));
#7673=CARTESIAN_POINT('Ctrl Pts',(10.2717225174459,-13.1437589426643,36.7774480865191));
#7674=CARTESIAN_POINT('Ctrl Pts',(10.7404769791645,-28.9286521172701,26.2387532777236));
#7675=CARTESIAN_POINT('Ctrl Pts',(11.2092314408831,-37.8817005284522,9.50346526210109));
#7676=CARTESIAN_POINT('Ctrl Pts',(11.6779859026017,-37.8885354630188,-9.47617894150595));
#7677=CARTESIAN_POINT('Ctrl Pts',(12.1467403643203,-28.9475427728617,-26.2179109458167));
#7678=CARTESIAN_POINT('Ctrl Pts',(12.6154948260389,-13.1702440624226,-36.7679719074481));
#7679=CARTESIAN_POINT('Ctrl Pts',(13.0842492877575,5.71736419042219,-38.6348396344433));
#7680=CARTESIAN_POINT('Ctrl Pts',(13.5530037494761,23.2547490023819,-31.377631141104));
#7681=CARTESIAN_POINT('Ctrl Pts',(14.0217582111947,35.3002486288371,-16.7102224030022));
#7682=CARTESIAN_POINT('Ctrl Pts',(14.4905126729133,39.0091753572598,1.90350381285482));
#7683=CARTESIAN_POINT('Ctrl Pts',(14.9592671346319,33.5056219349777,20.0676949946067));
#7684=CARTESIAN_POINT('Ctrl Pts',(15.4280215963505,20.0893181713849,33.4926616766583));
#7685=CARTESIAN_POINT('Ctrl Pts',(15.8967760580691,1.92868293890367,39.0079385258437));
#7686=CARTESIAN_POINT('Ctrl Pts',(16.3655305197877,-16.6874329047806,35.3110274358833));
#7687=CARTESIAN_POINT('Ctrl Pts',(16.8342849815063,-31.3626147846595,23.2749978217022));
#7688=CARTESIAN_POINT('Ctrl Pts',(17.3030394432249,-38.6311397812748,5.74230110784832));
#7689=CARTESIAN_POINT('Ctrl Pts',(17.7717939049435,-36.7764680324513,-13.1465083225185));
#7690=CARTESIAN_POINT('Ctrl Pts',(18.2405483666621,-26.2365854547021,-28.9306134610324));
#7691=CARTESIAN_POINT('Ctrl Pts',(18.7093028283807,-9.50064333364116,-37.8824110682208));
#7692=CARTESIAN_POINT('Ctrl Pts',(19.1780572900993,9.47903086382202,-37.8878265644244));
#7693=CARTESIAN_POINT('Ctrl Pts',(19.6468117518179,26.2200368356667,-28.9455834727571));
#7694=CARTESIAN_POINT('Ctrl Pts',(20.1155662135365,36.7690305817747,-13.1674939106649));
#7695=CARTESIAN_POINT('Ctrl Pts',(20.5843206752551,38.6342674123221,5.72024955082363));
#7696=CARTESIAN_POINT('Ctrl Pts',(21.0530751369737,31.3761748691697,23.2571001406875));
#7697=CARTESIAN_POINT('Ctrl Pts',(21.5218295986923,16.7070315855519,35.3014872755738));
#7698=CARTESIAN_POINT('Ctrl Pts',(21.9905840604109,-1.90532835445617,39.0090503280079));
#7699=CARTESIAN_POINT('Ctrl Pts',(22.4593385221295,-20.072492517541,33.5041191575018));
#7700=CARTESIAN_POINT('Ctrl Pts',(22.7718414966086,-29.0161279114804,24.5590232222565));
#7701=CARTESIAN_POINT('Ctrl Pts',(22.9280929838481,-32.1732359974048,19.2946396848039));
#7702=CARTESIAN_POINT('Ctrl Pts',(-20.4724132088502,34.9619492745675,16.506480445581));
#7703=CARTESIAN_POINT('Ctrl Pts',(-20.3161617216107,32.2610570197129,22.2271704692121));
#7704=CARTESIAN_POINT('Ctrl Pts',(-20.0036587471316,24.001249031354,32.3125739588999));
#7705=CARTESIAN_POINT('Ctrl Pts',(-19.534904285413,5.93168132134967,39.8105136307986));
#7706=CARTESIAN_POINT('Ctrl Pts',(-19.0661498236944,-13.5338359304208,37.9061964797038));
#7707=CARTESIAN_POINT('Ctrl Pts',(-18.5973953619758,-29.8055800618067,27.0501626388003));
#7708=CARTESIAN_POINT('Ctrl Pts',(-18.1286409002572,-39.037159930916,9.805766204974));
#7709=CARTESIAN_POINT('Ctrl Pts',(-17.6598864385386,-39.0502769645475,-9.75430369768995));
#7710=CARTESIAN_POINT('Ctrl Pts',(-17.19113197682,-29.8408862789774,-27.0108172472816));
#7711=CARTESIAN_POINT('Ctrl Pts',(-16.7223775151014,-13.5843805527929,-37.8883858638493));
#7712=CARTESIAN_POINT('Ctrl Pts',(-16.2536230533828,5.88032242516901,-39.8181722623645));
#7713=CARTESIAN_POINT('Ctrl Pts',(-15.7848685916642,23.9562741100783,-32.344419217519));
#7714=CARTESIAN_POINT('Ctrl Pts',(-15.3161141299456,36.3746893679702,-17.2321500927276));
#7715=CARTESIAN_POINT('Ctrl Pts',(-14.847359668227,40.2027783383661,1.94969729125944));
#7716=CARTESIAN_POINT('Ctrl Pts',(-14.3786052065084,34.5365095870594,20.6710998071146));
#7717=CARTESIAN_POINT('Ctrl Pts',(-13.9098507447898,20.7140309317726,34.5107769643392));
#7718=CARTESIAN_POINT('Ctrl Pts',(-13.4410962830712,1.99968940270145,40.2003240963059));
#7719=CARTESIAN_POINT('Ctrl Pts',(-12.9723418213526,-17.1869033164331,36.3960873544442));
#7720=CARTESIAN_POINT('Ctrl Pts',(-12.503587359634,-32.3146042954389,23.996482283348));
#7721=CARTESIAN_POINT('Ctrl Pts',(-12.0348328979154,-39.8108278984056,5.92982295548353));
#7722=CARTESIAN_POINT('Ctrl Pts',(-11.5660784361968,-37.9052515799348,-13.5372345005953));
#7723=CARTESIAN_POINT('Ctrl Pts',(-11.0973239744782,-27.0478999798905,-29.8073132500826));
#7724=CARTESIAN_POINT('Ctrl Pts',(-10.6285695127596,-9.80286554161936,-39.0380409771995));
#7725=CARTESIAN_POINT('Ctrl Pts',(-10.159815051041,9.75723200208391,-39.0494716968975));
#7726=CARTESIAN_POINT('Ctrl Pts',(-9.69106058932237,27.0130433356819,-29.838905911557));
#7727=CARTESIAN_POINT('Ctrl Pts',(-9.22230612760379,37.8894036657686,-13.5815281178423));
#7728=CARTESIAN_POINT('Ctrl Pts',(-8.75355166588518,39.817731334786,5.88328883947794));
#7729=CARTESIAN_POINT('Ctrl Pts',(-8.28479720416659,32.3426288592944,23.9586972655516));
#7730=CARTESIAN_POINT('Ctrl Pts',(-7.81604274244797,17.2294304672227,36.375974790736));
#7731=CARTESIAN_POINT('Ctrl Pts',(-7.34728828072939,-1.95270255247172,40.2026338557753));
#7732=CARTESIAN_POINT('Ctrl Pts',(-6.87853381901076,-20.6736816733118,34.5349634757196));
#7733=CARTESIAN_POINT('Ctrl Pts',(-6.40977935729218,-34.5123253394526,20.7114513220084));
#7734=CARTESIAN_POINT('Ctrl Pts',(-5.94102489557357,-40.2004734966318,1.99668396241993));
#7735=CARTESIAN_POINT('Ctrl Pts',(-5.47227043385496,-36.3948024032191,-17.1896240281839));
#7736=CARTESIAN_POINT('Ctrl Pts',(-5.00351597213637,-23.9940664853299,-32.3163981547611));
#7737=CARTESIAN_POINT('Ctrl Pts',(-4.53476151041777,-5.92684680530953,-39.8112710566483));
#7738=CARTESIAN_POINT('Ctrl Pts',(-4.06600704869917,13.5400681370186,-37.9042394864273));
#7739=CARTESIAN_POINT('Ctrl Pts',(-3.59725258698056,29.8093351823731,-27.0456715979554));
#7740=CARTESIAN_POINT('Ctrl Pts',(-3.12849812526196,39.0387736986934,-9.79994715810964));
#7741=CARTESIAN_POINT('Ctrl Pts',(-2.65974366354336,39.048742168425,9.76015119060106));
#7742=CARTESIAN_POINT('Ctrl Pts',(-2.19098920182476,29.8368864190526,27.0152739208042));
#7743=CARTESIAN_POINT('Ctrl Pts',(-1.72223474010616,13.5786955888956,37.8904188721059));
#7744=CARTESIAN_POINT('Ctrl Pts',(-1.25348027838755,-5.88626546974719,39.8172914073671));
#7745=CARTESIAN_POINT('Ctrl Pts',(-0.784725816668951,-23.9611150304354,
32.3408376931979));
#7746=CARTESIAN_POINT('Ctrl Pts',(-0.315971354950346,-36.3772627064035,
17.226711067085));
#7747=CARTESIAN_POINT('Ctrl Pts',(0.152783106768255,-40.2024877656148,-1.95570796775019));
#7748=CARTESIAN_POINT('Ctrl Pts',(0.621537568486856,-34.5334178806735,-20.6762633393537));
#7749=CARTESIAN_POINT('Ctrl Pts',(1.09029203020546,-20.7088712326946,-34.5138735650927));
#7750=CARTESIAN_POINT('Ctrl Pts',(1.55904649192406,-1.99367869757618,-40.2006226500331));
#7751=CARTESIAN_POINT('Ctrl Pts',(2.02780095364266,17.1923447395754,-36.3935172600166));
#7752=CARTESIAN_POINT('Ctrl Pts',(2.49655541536126,32.3181917843923,-23.9916505473627));
#7753=CARTESIAN_POINT('Ctrl Pts',(2.96530987707987,39.8117140175802,-5.92387062501645));
#7754=CARTESIAN_POINT('Ctrl Pts',(3.43406433879847,37.903227168175,13.5429016993129));
#7755=CARTESIAN_POINT('Ctrl Pts',(3.90281880051707,27.0434430714969,29.8113569472815));
#7756=CARTESIAN_POINT('Ctrl Pts',(4.37157326223567,9.79702871643489,39.0395062024212));
#7757=CARTESIAN_POINT('Ctrl Pts',(4.84032772395429,-9.76307032283025,39.0480124215177));
#7758=CARTESIAN_POINT('Ctrl Pts',(5.30908218567286,-27.0175043558434,29.8348667599088));
#7759=CARTESIAN_POINT('Ctrl Pts',(5.77783664739149,-37.891433866231,13.5758629840084));
#7760=CARTESIAN_POINT('Ctrl Pts',(6.24659110911008,-39.8168512576612,-5.88924206709269));
#7761=CARTESIAN_POINT('Ctrl Pts',(6.71534557082868,-32.3390463462412,-23.963532661425));
#7762=CARTESIAN_POINT('Ctrl Pts',(7.18410003254729,-17.2239915707366,-36.3785504187665));
#7763=CARTESIAN_POINT('Ctrl Pts',(7.65285449426589,1.95871337213127,-40.2023414507833));
#7764=CARTESIAN_POINT('Ctrl Pts',(8.12160895598449,20.6788448898273,-34.5318720926327));
#7765=CARTESIAN_POINT('Ctrl Pts',(8.5903634177031,34.5154215978598,-20.7062910276485));
#7766=CARTESIAN_POINT('Ctrl Pts',(9.05911787942169,40.2007715787615,-1.99067342159003));
#7767=CARTESIAN_POINT('Ctrl Pts',(9.5278723411403,36.3922319134364,17.1950653548861));
#7768=CARTESIAN_POINT('Ctrl Pts',(9.99662680285889,23.9892344752988,32.3199852334103));
#7769=CARTESIAN_POINT('Ctrl Pts',(10.4653812645775,5.92089441164982,39.8121567560217));
#7770=CARTESIAN_POINT('Ctrl Pts',(10.9341357262961,-13.5457351859839,37.9022146380963));
#7771=CARTESIAN_POINT('Ctrl Pts',(11.4028901880147,-29.8133785454652,27.0412143939065));
#7772=CARTESIAN_POINT('Ctrl Pts',(11.8716446497333,-39.0402384882102,9.79411022000411));
#7773=CARTESIAN_POINT('Ctrl Pts',(12.3403991114519,-39.0472824559258,-9.7659894004886));
#7774=CARTESIAN_POINT('Ctrl Pts',(12.8091535731705,-29.8328469349304,-27.0197346399107));
#7775=CARTESIAN_POINT('Ctrl Pts',(13.2779080348891,-13.573030301497,-37.8924486485623));
#7776=CARTESIAN_POINT('Ctrl Pts',(13.7466624966077,5.89221862810482,-39.8164108855028));
#7777=CARTESIAN_POINT('Ctrl Pts',(14.2154169583263,23.9659501651616,-32.3372548184243));
#7778=CARTESIAN_POINT('Ctrl Pts',(14.6841714200449,36.3798379148219,-17.2212719783859));
#7779=CARTESIAN_POINT('Ctrl Pts',(15.1529258817635,40.2021949366291,1.96171876606368));
#7780=CARTESIAN_POINT('Ctrl Pts',(15.6216803434821,34.5303260621807,20.6814263237648));
#7781=CARTESIAN_POINT('Ctrl Pts',(16.0904348052007,20.7037108032502,34.5169694396268));
#7782=CARTESIAN_POINT('Ctrl Pts',(16.5591892669193,1.98766794659568,40.2009202791352));
#7783=CARTESIAN_POINT('Ctrl Pts',(17.0279437286379,-17.1977855077895,36.3909463706683));
#7784=CARTESIAN_POINT('Ctrl Pts',(17.4966981903565,-32.3217792159925,23.9868182551455));
#7785=CARTESIAN_POINT('Ctrl Pts',(17.9654526520751,-39.8125978795381,5.91791819253558));
#7786=CARTESIAN_POINT('Ctrl Pts',(18.4342071137937,-37.9012046109854,-13.5485686502609));
#7787=CARTESIAN_POINT('Ctrl Pts',(18.9029615755123,-27.0389802722441,-29.8153998731028));
#7788=CARTESIAN_POINT('Ctrl Pts',(19.3717160372309,-9.79120198836362,-39.0409707584525));
#7789=CARTESIAN_POINT('Ctrl Pts',(19.8404704989495,9.76892854328884,-39.0465518770499));
#7790=CARTESIAN_POINT('Ctrl Pts',(20.3092249606681,27.0219255459573,-29.8308277134519));
#7791=CARTESIAN_POINT('Ctrl Pts',(20.7779794223868,37.8935397003792,-13.5701960417092));
#7792=CARTESIAN_POINT('Ctrl Pts',(21.2467338841053,39.8158211630837,5.89519223162909));
#7793=CARTESIAN_POINT('Ctrl Pts',(21.715488345824,32.3357540092518,23.9683732084486));
#7794=CARTESIAN_POINT('Ctrl Pts',(22.1842428075425,17.2179835760044,36.3811144431544));
#7795=CARTESIAN_POINT('Ctrl Pts',(22.6529972692612,-1.96359910771295,40.2020660836012));
#7796=CARTESIAN_POINT('Ctrl Pts',(23.1217517309797,-20.6863705695853,34.5287773251855));
#7797=CARTESIAN_POINT('Ctrl Pts',(23.4342547054588,-29.9035296163061,25.3101130693502));
#7798=CARTESIAN_POINT('Ctrl Pts',(23.5905061926984,-33.1571916982121,19.8847286243939));
#7799=CARTESIAN_POINT('Ctrl Pts',(-19.81,35.9994620293616,16.996318236505));
#7800=CARTESIAN_POINT('Ctrl Pts',(-19.6537485127605,33.2184194905017,22.8867725035176));
#7801=CARTESIAN_POINT('Ctrl Pts',(-19.3412455382814,24.713497705061,33.2714652197762));
#7802=CARTESIAN_POINT('Ctrl Pts',(-18.8724910765628,6.10770683354132,40.9919098779725));
#7803=CARTESIAN_POINT('Ctrl Pts',(-18.4037366148442,-13.9354590575762,39.0310811943565));
#7804=CARTESIAN_POINT('Ctrl Pts',(-17.9349821531256,-30.6900750662274,27.8528892984786));
#7805=CARTESIAN_POINT('Ctrl Pts',(-17.466227691407,-40.1956065329973,10.0967570598686));
#7806=CARTESIAN_POINT('Ctrl Pts',(-16.9974732296884,-40.2091128209462,-10.04376737779));
#7807=CARTESIAN_POINT('Ctrl Pts',(-16.5287187679698,-30.7264290124691,-27.8123763134362));
#7808=CARTESIAN_POINT('Ctrl Pts',(-16.0599643062512,-13.9875036160642,-39.0127420398621));
#7809=CARTESIAN_POINT('Ctrl Pts',(-15.5912098445326,6.05482383727569,-40.9997957831344));
#7810=CARTESIAN_POINT('Ctrl Pts',(-15.122455382814,24.6671881312433,-33.3042555018476));
#7811=CARTESIAN_POINT('Ctrl Pts',(-14.6537009210954,37.454125868337,-17.7435224814158));
#7812=CARTESIAN_POINT('Ctrl Pts',(-14.1849464593768,41.3958152304641,2.00755550138905));
#7813=CARTESIAN_POINT('Ctrl Pts',(-13.7161919976582,35.561397213354,21.2845246918965));
#7814=CARTESIAN_POINT('Ctrl Pts',(-13.2474375359396,21.3287298184433,35.5349009626084));
#7815=CARTESIAN_POINT('Ctrl Pts',(-12.778683074221,2.05903115291784,41.3932881575837));
#7816=CARTESIAN_POINT('Ctrl Pts',(-12.3099286125024,-17.6969329851502,37.4761588504092));
#7817=CARTESIAN_POINT('Ctrl Pts',(-11.8411741507838,-33.2735558075341,24.7085895015023));
#7818=CARTESIAN_POINT('Ctrl Pts',(-11.3724196890652,-40.9922334716228,6.1057933197693));
#7819=CARTESIAN_POINT('Ctrl Pts',(-10.9036652273466,-39.0301082542298,-13.9389584819645));
#7820=CARTESIAN_POINT('Ctrl Pts',(-10.434910765628,-27.8505594940711,-30.6918596877036));
#7821=CARTESIAN_POINT('Ctrl Pts',(-9.96615630390936,-10.093770317926,-40.1965137247555));
#7822=CARTESIAN_POINT('Ctrl Pts',(-9.49740184219076,10.0467825810332,-40.2082836565891));
#7823=CARTESIAN_POINT('Ctrl Pts',(-9.02864738047214,27.8146684620864,-30.7243898766877));
#7824=CARTESIAN_POINT('Ctrl Pts',(-8.55989291875357,39.0137900455457,-13.9845665337268));
#7825=CARTESIAN_POINT('Ctrl Pts',(-8.09113845703495,40.9993417708167,6.05787828136398));
#7826=CARTESIAN_POINT('Ctrl Pts',(-7.62238399531635,33.3024120138767,24.6696831950273));
#7827=CARTESIAN_POINT('Ctrl Pts',(-7.15362953359775,17.7407221497087,37.4554494366451));
#7828=CARTESIAN_POINT('Ctrl Pts',(-6.68487507187915,-2.01064994518137,41.3956664602825));
#7829=CARTESIAN_POINT('Ctrl Pts',(-6.21612061016055,-21.2871831762219,35.5598052204124));
#7830=CARTESIAN_POINT('Ctrl Pts',(-5.74736614844194,-35.5364952865023,21.3260736575116));
#7831=CARTESIAN_POINT('Ctrl Pts',(-5.27861168672334,-41.3934419914365,2.05593652474235));
#7832=CARTESIAN_POINT('Ctrl Pts',(-4.80985722500474,-37.4748357676351,-17.6997344353381));
#7833=CARTESIAN_POINT('Ctrl Pts',(-4.34110276328614,-24.7061020135096,-33.2754029004994));
#7834=CARTESIAN_POINT('Ctrl Pts',(-3.87234830156753,-6.10272885089943,-40.9926897808006));
#7835=CARTESIAN_POINT('Ctrl Pts',(-3.40359383984894,13.9418762079192,-39.029066126358));
#7836=CARTESIAN_POINT('Ctrl Pts',(-2.93483937813033,30.6939416218127,-27.8482649838243));
#7837=CARTESIAN_POINT('Ctrl Pts',(-2.46608491641173,40.1972681901141,-10.0907653299741));
#7838=CARTESIAN_POINT('Ctrl Pts',(-1.99733045469312,40.2075324790064,10.0497883978815));
#7839=CARTESIAN_POINT('Ctrl Pts',(-1.52857599297453,30.7223104547665,27.8169652409012));
#7840=CARTESIAN_POINT('Ctrl Pts',(-1.05982153125593,13.9816499481136,39.0148353786219));
#7841=CARTESIAN_POINT('Ctrl Pts',(-0.591067069537325,-6.06094324457621,
40.9988887883389));
#7842=CARTESIAN_POINT('Ctrl Pts',(-0.122312607818721,-24.6721727082534,
33.3005676940599));
#7843=CARTESIAN_POINT('Ctrl Pts',(0.346441853899883,-37.4567755718331,17.7379220500566));
#7844=CARTESIAN_POINT('Ctrl Pts',(0.815196315618484,-41.3955160348258,-2.01374454761184));
#7845=CARTESIAN_POINT('Ctrl Pts',(1.28395077733709,-35.5582137590858,-21.2898414544523));
#7846=CARTESIAN_POINT('Ctrl Pts',(1.75270523905569,-21.3234170027996,-35.538089456487));
#7847=CARTESIAN_POINT('Ctrl Pts',(2.22145970077429,-2.05284207721081,-41.3935955710372));
#7848=CARTESIAN_POINT('Ctrl Pts',(2.69021416249289,17.7025358851561,-37.4735124871864));
#7849=CARTESIAN_POINT('Ctrl Pts',(3.15896862421149,33.2772497569573,-24.7036143814147));
#7850=CARTESIAN_POINT('Ctrl Pts',(3.6277230859301,40.9931458868125,-6.09966435101662));
#7851=CARTESIAN_POINT('Ctrl Pts',(4.0964775476487,39.0280237670719,13.944793857545));
#7852=CARTESIAN_POINT('Ctrl Pts',(4.5652320093673,27.8459703247653,30.6960233835727));
#7853=CARTESIAN_POINT('Ctrl Pts',(5.0339864710859,10.0877602821311,40.1980224312443));
#7854=CARTESIAN_POINT('Ctrl Pts',(5.50274093280451,-10.0527941567715,40.2067810765067));
#7855=CARTESIAN_POINT('Ctrl Pts',(5.9714953945231,-27.8192618651789,30.7202308612607));
#7856=CARTESIAN_POINT('Ctrl Pts',(6.44024985624171,-39.0158804931887,13.9787332843064));
#7857=CARTESIAN_POINT('Ctrl Pts',(6.90900431796031,-40.9984355769776,-6.06400817388762));
#7858=CARTESIAN_POINT('Ctrl Pts',(7.37775877967891,-33.2987231880159,-24.674662083612));
#7859=CARTESIAN_POINT('Ctrl Pts',(7.84651324139752,-17.7351218513387,-37.4581014976832));
#7860=CARTESIAN_POINT('Ctrl Pts',(8.31526770311611,2.01683913882156,-41.3953653780308));
#7861=CARTESIAN_POINT('Ctrl Pts',(8.78402216483472,21.2924996136847,-35.5566220990372));
#7862=CARTESIAN_POINT('Ctrl Pts',(9.25277662655333,35.5396834278752,-21.3207602289208));
#7863=CARTESIAN_POINT('Ctrl Pts',(9.72153108827192,41.3937489192975,-2.04974761820619));
#7864=CARTESIAN_POINT('Ctrl Pts',(10.1902855499905,37.4721889973248,17.7053372360421));
#7865=CARTESIAN_POINT('Ctrl Pts',(10.6590400117091,24.7011266112437,33.2790964274424));
#7866=CARTESIAN_POINT('Ctrl Pts',(11.1277944734277,6.09659981707884,40.9936017637314));
#7867=CARTESIAN_POINT('Ctrl Pts',(11.5965489351463,-13.9477114293035,39.0269811896734));
#7868=CARTESIAN_POINT('Ctrl Pts',(12.0653033968649,-30.6981049736602,27.8436755100894));
#7869=CARTESIAN_POINT('Ctrl Pts',(12.5340578585835,-40.1987764479683,10.0847551779072));
#7870=CARTESIAN_POINT('Ctrl Pts',(13.0028123203021,-40.2060294488328,-10.0557998594713));
#7871=CARTESIAN_POINT('Ctrl Pts',(13.4715667820207,-30.7181510969992,-27.8215583340046));
#7872=CARTESIAN_POINT('Ctrl Pts',(13.9403212437393,-13.9758165405713,-39.0169253896764));
#7873=CARTESIAN_POINT('Ctrl Pts',(14.4090757054579,6.06707306578748,-40.9979821365625));
#7874=CARTESIAN_POINT('Ctrl Pts',(14.8778301671765,24.6771513279412,-33.2968784957444));
#7875=CARTESIAN_POINT('Ctrl Pts',(15.3465846288951,37.4594272008069,-17.7323215537697));
#7876=CARTESIAN_POINT('Ctrl Pts',(15.8153390906137,41.3952145159983,2.01993371927255));
#7877=CARTESIAN_POINT('Ctrl Pts',(16.2840935523323,35.5550301893838,21.295157652923));
#7878=CARTESIAN_POINT('Ctrl Pts',(16.752848014051,21.3181034351154,35.5412772025954));
#7879=CARTESIAN_POINT('Ctrl Pts',(17.2216024757695,2.04665295428773,41.3939020324268));
#7880=CARTESIAN_POINT('Ctrl Pts',(17.6903569374882,-17.7081381107985,37.4708653054533));
#7881=CARTESIAN_POINT('Ctrl Pts',(18.1591113992068,-33.2809436473254,24.6986386885887));
#7882=CARTESIAN_POINT('Ctrl Pts',(18.6278658609254,-40.9940559778014,6.09353527722288));
#7883=CARTESIAN_POINT('Ctrl Pts',(19.096620322644,-39.0259411895195,-13.9506289780034));
#7884=CARTESIAN_POINT('Ctrl Pts',(19.5653747843626,-27.8413750897861,-30.7001862851732));
#7885=CARTESIAN_POINT('Ctrl Pts',(20.0341292460812,-10.0817606430861,-40.1995304486842));
#7886=CARTESIAN_POINT('Ctrl Pts',(20.5028837077998,10.0588262227557,-40.2052771896754));
#7887=CARTESIAN_POINT('Ctrl Pts',(20.9716381695183,27.8238142562479,-30.7160719541467));
#7888=CARTESIAN_POINT('Ctrl Pts',(21.440392631237,39.0180488189838,-13.9728981727535));
#7889=CARTESIAN_POINT('Ctrl Pts',(21.9091470929555,40.9973749138453,6.07013491243455));
#7890=CARTESIAN_POINT('Ctrl Pts',(22.3779015546742,33.2953331493339,24.6796462762098));
#7891=CARTESIAN_POINT('Ctrl Pts',(22.8466560163927,17.728935566457,37.4607416107349));
#7892=CARTESIAN_POINT('Ctrl Pts',(23.3154104781114,-2.02186986096973,41.3950818391945));
#7893=CARTESIAN_POINT('Ctrl Pts',(23.7841649398299,-21.3002486216295,35.5534354928691));
#7894=CARTESIAN_POINT('Ctrl Pts',(24.096667914309,-30.7909313211318,26.0612029164439));
#7895=CARTESIAN_POINT('Ctrl Pts',(24.2529194015486,-34.1411473990195,20.4748175639839));
#7896=CARTESIAN_POINT('Ctrl Pts',(17.2687789779808,0.000596661371514765,
39.8123733908821));
#7897=CARTESIAN_POINT('Ctrl Pts',(17.4093049644833,-5.85666197999273,39.8080689328993));
#7898=CARTESIAN_POINT('Ctrl Pts',(17.5498309509857,-11.7157825382706,38.4985027455516));
#7899=CARTESIAN_POINT('Ctrl Pts',(17.6903569374882,-17.0111405227053,35.9960003238048));
#7900=CARTESIAN_POINT('Ctrl Pts',(17.8466084247277,-22.8990732896408,33.2134564331651));
#7901=CARTESIAN_POINT('Ctrl Pts',(18.0028599119672,-28.0900084684831,28.9560475608769));
#7902=CARTESIAN_POINT('Ctrl Pts',(18.1591113992068,-31.9709947796502,23.7264925561719));
#7903=CARTESIAN_POINT('Ctrl Pts',(18.3153628864463,-35.8519810908174,18.4969375514668));
#7904=CARTESIAN_POINT('Ctrl Pts',(18.4716143736858,-38.4230185343094,12.2952364143448));
#7905=CARTESIAN_POINT('Ctrl Pts',(18.6278658609254,-39.3805181246751,5.85369180324613));
#7906=CARTESIAN_POINT('Ctrl Pts',(18.7841173481649,-40.3380177150408,-0.587852807852586));
#7907=CARTESIAN_POINT('Ctrl Pts',(18.9403688354044,-39.6819794522801,-7.26924089292805));
#7908=CARTESIAN_POINT('Ctrl Pts',(19.096620322644,-37.4898659709442,-13.4015278199941));
#7909=CARTESIAN_POINT('Ctrl Pts',(19.2528718098835,-35.2977524896083,-19.53381474706));
#7910=CARTESIAN_POINT('Ctrl Pts',(19.409123297123,-31.5695637896972,-25.1170005161166));
#7911=CARTESIAN_POINT('Ctrl Pts',(19.5653747843626,-26.745533698625,-29.4918174278967));
#7912=CARTESIAN_POINT('Ctrl Pts',(19.7216262716021,-21.9215036075528,-33.8666343396768));
#7913=CARTESIAN_POINT('Ctrl Pts',(19.8778777588416,-16.0016321253194,-37.0330823941805));
#7914=CARTESIAN_POINT('Ctrl Pts',(20.0341292460812,-9.68493190656248,-38.6172642115975));
#7915=CARTESIAN_POINT('Ctrl Pts',(20.1903807333207,-3.36823168780561,-40.2014460290146));
#7916=CARTESIAN_POINT('Ctrl Pts',(20.3466322205602,3.34529726747488,-40.203361609345));
#7917=CARTESIAN_POINT('Ctrl Pts',(20.5028837077998,9.66289308403045,-38.6227851935888));
#7918=CARTESIAN_POINT('Ctrl Pts',(20.6591351950393,15.9804889005862,-37.0422087778326));
#7919=CARTESIAN_POINT('Ctrl Pts',(20.8153866822788,21.902151578417,-33.8791403659896));
#7920=CARTESIAN_POINT('Ctrl Pts',(20.9716381695184,26.7286886777884,-29.5070771965026));
#7921=CARTESIAN_POINT('Ctrl Pts',(21.1278896567579,31.5552257771598,-25.1350140270156));
#7922=CARTESIAN_POINT('Ctrl Pts',(21.2841411439974,35.2866372980718,-19.5539560998846));
#7923=CARTESIAN_POINT('Ctrl Pts',(21.440392631237,37.4822307410047,-13.422921622121));
#7924=CARTESIAN_POINT('Ctrl Pts',(21.5966441184765,39.6778241839376,-7.29188714435744));
#7925=CARTESIAN_POINT('Ctrl Pts',(21.752895605716,40.3375995488915,-0.610876115961402));
#7926=CARTESIAN_POINT('Ctrl Pts',(21.9091470929556,39.3838136039498,5.83121462553252));
#7927=CARTESIAN_POINT('Ctrl Pts',(22.027991320303,38.6583680054214,10.7310418860646));
#7928=CARTESIAN_POINT('Ctrl Pts',(22.1468355476505,36.9994675167325,15.492652328432));
#7929=CARTESIAN_POINT('Ctrl Pts',(22.2656797749979,34.5403624853199,19.7937469363101));
#7930=CARTESIAN_POINT('',(-19.81,-29.6105685829721,21.1150574754867));
#7931=CARTESIAN_POINT('Ctrl Pts',(-19.81,-29.6100209813719,21.1156862280957));
#7932=CARTESIAN_POINT('Ctrl Pts',(-19.81,-29.2527624981768,21.6693475723918));
#7933=CARTESIAN_POINT('Ctrl Pts',(-19.81,-28.8808145949053,22.2127848381879));
#7934=CARTESIAN_POINT('Ctrl Pts',(-19.81,-28.4945688220444,22.7453708540293));
#7935=CARTESIAN_POINT('Ctrl Pts',(-19.81,-28.1078154973209,23.2786567222532));
#7936=CARTESIAN_POINT('Ctrl Pts',(-19.81,-27.7067265142443,23.8010632525961));
#7937=CARTESIAN_POINT('Ctrl Pts',(-19.81,-27.2916464421267,24.3119418262943));
#7938=CARTESIAN_POINT('Ctrl Pts',(-19.81,-27.2204474935983,24.399573152673));
#7939=CARTESIAN_POINT('Ctrl Pts',(-19.81,-27.1488367771993,24.4868652402523));
#7940=CARTESIAN_POINT('Ctrl Pts',(-19.81,-27.0768158949447,24.5738147445044));
#7941=CARTESIAN_POINT('Ctrl Pts',(-19.81,-26.660675548448,25.0762134335296));
#7942=CARTESIAN_POINT('Ctrl Pts',(-19.81,-26.2308449662716,25.5671770659723));
#7943=CARTESIAN_POINT('Ctrl Pts',(-19.81,-25.7879475246435,26.0463514863984));
#7944=CARTESIAN_POINT('Ctrl Pts',(-19.81,-25.3299647382996,26.5418468665583));
#7945=CARTESIAN_POINT('Ctrl Pts',(-19.81,-24.8580096614339,27.0247367838993));
#7946=CARTESIAN_POINT('Ctrl Pts',(-19.81,-24.3727262939582,27.4945936231858));
#7947=CARTESIAN_POINT('Ctrl Pts',(-19.81,-24.1604148206875,27.7001559903736));
#7948=CARTESIAN_POINT('Ctrl Pts',(-19.81,-23.9455516717268,27.9032232427048));
#7949=CARTESIAN_POINT('Ctrl Pts',(-19.81,-23.7281883098316,28.1037571129441));
#7950=CARTESIAN_POINT('Ctrl Pts',(-19.81,-23.6369492551098,28.1879319278752));
#7951=CARTESIAN_POINT('Ctrl Pts',(-19.81,-23.5452696630234,28.2716603594166));
#7952=CARTESIAN_POINT('Ctrl Pts',(-19.81,-23.4531532671087,28.3549394935184));
#7953=CARTESIAN_POINT('Ctrl Pts',(-19.81,-23.3945368383224,28.4079325072483));
#7954=CARTESIAN_POINT('Ctrl Pts',(-19.81,-23.335741366448,28.4607454855996));
#7955=CARTESIAN_POINT('Ctrl Pts',(-19.81,-23.2767864121662,28.5133611996323));
#7956=CARTESIAN_POINT('Ctrl Pts',(-19.81,-22.7846742332605,28.9525581084026));
#7957=CARTESIAN_POINT('Ctrl Pts',(-19.81,-22.2811908010874,29.3782520594985));
#7958=CARTESIAN_POINT('Ctrl Pts',(-19.81,-21.7670044089259,29.7901128061748));
#7959=CARTESIAN_POINT('Ctrl Pts',(-19.81,-21.2494471190241,30.2046736252013));
#7960=CARTESIAN_POINT('Ctrl Pts',(-19.81,-20.7210457530907,30.6052195927555));
#7961=CARTESIAN_POINT('Ctrl Pts',(-19.81,-20.1824396454048,30.991381916365));
#7962=CARTESIAN_POINT('Ctrl Pts',(-19.81,-19.6422317839604,31.3786926431293));
#7963=CARTESIAN_POINT('Ctrl Pts',(-19.81,-19.0917580396213,31.7515343645711));
#7964=CARTESIAN_POINT('Ctrl Pts',(-19.81,-18.5316263190254,32.1094981061028));
#7965=CARTESIAN_POINT('Ctrl Pts',(-19.81,-17.9730939464179,32.4664397512796));
#7966=CARTESIAN_POINT('Ctrl Pts',(-19.81,-17.4049582863678,32.8085885407249));
#7967=CARTESIAN_POINT('Ctrl Pts',(-19.81,-16.8277907746945,33.1354979387352));
#7968=CARTESIAN_POINT('Ctrl Pts',(-19.81,-16.4842246000391,33.3300948435535));
#7969=CARTESIAN_POINT('Ctrl Pts',(-19.81,-16.1374575331144,33.5192910586146));
#7970=CARTESIAN_POINT('Ctrl Pts',(-19.81,-15.7876056675309,33.7029848263092));
#7971=CARTESIAN_POINT('Ctrl Pts',(-19.81,-15.6682137989388,33.7656729075553));
#7972=CARTESIAN_POINT('Ctrl Pts',(-19.81,-15.5484626453356,33.8277201167629));
#7973=CARTESIAN_POINT('Ctrl Pts',(-19.81,-15.4283567436302,33.8891222497252));
#7974=CARTESIAN_POINT('Ctrl Pts',(-19.81,-15.3686716438977,33.919635258475));
#7975=CARTESIAN_POINT('Ctrl Pts',(-19.81,-15.3088976522115,33.9499895823616));
#7976=CARTESIAN_POINT('Ctrl Pts',(-19.81,-15.2490539911212,33.9801753816264));
#7977=CARTESIAN_POINT('Ctrl Pts',(-19.81,-14.6495792163558,34.2825570355178));
#7978=CARTESIAN_POINT('Ctrl Pts',(-19.81,-14.0426915024422,34.5682492306053));
#7979=CARTESIAN_POINT('Ctrl Pts',(-19.81,-13.4290525149264,34.836910986471));
#7980=CARTESIAN_POINT('Ctrl Pts',(-19.81,-13.1435687913992,34.9619006953949));
#7981=CARTESIAN_POINT('Ctrl Pts',(-19.81,-12.8566232762495,35.083203842571));
#7982=CARTESIAN_POINT('Ctrl Pts',(-19.81,-12.5682799043092,35.2007833576781));
#7983=CARTESIAN_POINT('Ctrl Pts',(-19.81,-11.9593122530909,35.4491057680887));
#7984=CARTESIAN_POINT('Ctrl Pts',(-19.81,-11.3441115960284,35.6808224103995));
#7985=CARTESIAN_POINT('Ctrl Pts',(-19.81,-10.7234060281757,35.8959763628696));
#7986=CARTESIAN_POINT('Ctrl Pts',(-19.81,-10.0711670514198,36.1220606789642));
#7987=CARTESIAN_POINT('Ctrl Pts',(-19.81,-9.4128493851363,36.3298572143609));
#7988=CARTESIAN_POINT('Ctrl Pts',(-19.81,-8.74926657758813,36.519363803105));
#7989=CARTESIAN_POINT('Ctrl Pts',(-19.81,-8.1054064023233,36.7032379843748));
#7990=CARTESIAN_POINT('Ctrl Pts',(-19.81,-7.45658881874814,36.8698931082929));
#7991=CARTESIAN_POINT('Ctrl Pts',(-19.81,-6.80353518667346,37.0192778112933));
#7992=CARTESIAN_POINT('Ctrl Pts',(-19.81,-6.14984621851106,37.1688078461442));
#7993=CARTESIAN_POINT('Ctrl Pts',(-19.81,-5.491912496371,37.3010339415573));
#7994=CARTESIAN_POINT('Ctrl Pts',(-19.81,-4.83044293492106,37.4158544090522));
#7995=CARTESIAN_POINT('Ctrl Pts',(-19.81,-4.17088167137291,37.5303436267512));
#7996=CARTESIAN_POINT('Ctrl Pts',(-19.81,-3.50780447543184,37.6275275743241));
#7997=CARTESIAN_POINT('Ctrl Pts',(-19.81,-2.84190661285053,37.7072543112723));
#7998=CARTESIAN_POINT('Ctrl Pts',(-19.81,-2.49035812414422,37.749344570843));
#7999=CARTESIAN_POINT('Ctrl Pts',(-19.81,-2.13802339857639,37.786568437024));
#8000=CARTESIAN_POINT('Ctrl Pts',(-19.81,-1.78500456145794,37.8188976671926));
#8001=CARTESIAN_POINT('Ctrl Pts',(-19.81,-1.65716519018615,37.8306051117364));
#8002=CARTESIAN_POINT('Ctrl Pts',(-19.81,-1.52923610585113,37.8416706371025));
#8003=CARTESIAN_POINT('Ctrl Pts',(-19.81,-1.40122216440152,37.8520927682236));
#8004=CARTESIAN_POINT('Ctrl Pts',(-19.81,-1.34212434744369,37.8569041597825));
#8005=CARTESIAN_POINT('Ctrl Pts',(-19.81,-1.28301643587188,37.8615777656169));
#8006=CARTESIAN_POINT('Ctrl Pts',(-19.81,-1.22390705659135,37.8661129607898));
#8007=CARTESIAN_POINT('Ctrl Pts',(-19.81,-0.547733460131148,37.9179927008245));
#8008=CARTESIAN_POINT('Ctrl Pts',(-19.81,0.128962031231555,37.9517912304864));
#8009=CARTESIAN_POINT('Ctrl Pts',(-19.81,0.805429583961923,37.9675399802853));
#8010=CARTESIAN_POINT('Ctrl Pts',(-19.81,1.4849066149398,37.9833587933412));
#8011=CARTESIAN_POINT('Ctrl Pts',(-19.81,2.16415413042365,37.9809669785931));
#8012=CARTESIAN_POINT('Ctrl Pts',(-19.81,2.84243086408389,37.960347081352));
#8013=CARTESIAN_POINT('Ctrl Pts',(-19.81,3.52170521927336,37.9396968559979));
#8014=CARTESIAN_POINT('Ctrl Pts',(-19.81,4.20000640520769,37.9007649797382));
#8015=CARTESIAN_POINT('Ctrl Pts',(-19.81,4.87660153319089,37.84348310427));
#8016=CARTESIAN_POINT('Ctrl Pts',(-19.81,5.12757747311461,37.8222349871292));
#8017=CARTESIAN_POINT('Ctrl Pts',(-19.81,5.37831874525198,37.7984614708607));
#8018=CARTESIAN_POINT('Ctrl Pts',(-19.81,5.62878814927928,37.7721572532768));
#8019=CARTESIAN_POINT('Ctrl Pts',(-19.81,6.29851046374252,37.7018232276547));
#8020=CARTESIAN_POINT('Ctrl Pts',(-19.81,6.96628915715566,37.6133995452158));
#8021=CARTESIAN_POINT('Ctrl Pts',(-19.81,7.63147624079843,37.5072060500453));
#8022=CARTESIAN_POINT('Ctrl Pts',(-19.81,8.32738897173765,37.3961073726216));
#8023=CARTESIAN_POINT('Ctrl Pts',(-19.81,9.02046569184908,37.2655596485765));
#8024=CARTESIAN_POINT('Ctrl Pts',(-19.81,9.70995856475076,37.115869086321));
#8025=CARTESIAN_POINT('Ctrl Pts',(-19.81,10.3132648285397,36.9848898443474));
#8026=CARTESIAN_POINT('Ctrl Pts',(-19.81,10.9138273483889,36.8392533836987));
#8027=CARTESIAN_POINT('Ctrl Pts',(-19.81,11.5111365389251,36.6791277098451));
#8028=CARTESIAN_POINT('Ctrl Pts',(-19.81,12.0337820806444,36.5390177452232));
#8029=CARTESIAN_POINT('Ctrl Pts',(-19.81,12.5539367877039,36.3878139269108));
#8030=CARTESIAN_POINT('Ctrl Pts',(-19.81,13.0712515747199,36.2256077940956));
#8031=CARTESIAN_POINT('Ctrl Pts',(-19.81,13.135241936535,36.2055433586919));
#8032=CARTESIAN_POINT('Ctrl Pts',(-19.81,13.1991888340043,36.1853105529134));
#8033=CARTESIAN_POINT('Ctrl Pts',(-19.81,13.2630915969529,36.1649095296594));
#8034=CARTESIAN_POINT('Ctrl Pts',(-19.81,13.3104481658289,36.1497908959996));
#8035=CARTESIAN_POINT('Ctrl Pts',(-19.81,13.3577771939287,36.1345809221986));
#8036=CARTESIAN_POINT('Ctrl Pts',(-19.81,13.4050703838168,36.1192823404984));
#8037=CARTESIAN_POINT('Ctrl Pts',(-19.81,14.0533812531684,35.9095642642733));
#8038=CARTESIAN_POINT('Ctrl Pts',(-19.81,14.6954049001892,35.6830568370464));
#8039=CARTESIAN_POINT('Ctrl Pts',(-19.81,15.3305004656794,35.4401610742889));
#8040=CARTESIAN_POINT('Ctrl Pts',(-19.81,15.970824232755,35.1952657573211));
#8041=CARTESIAN_POINT('Ctrl Pts',(-19.81,16.6041058195751,34.9337110915888));
#8042=CARTESIAN_POINT('Ctrl Pts',(-19.81,17.2296867664597,34.6558551841745));
#8043=CARTESIAN_POINT('Ctrl Pts',(-19.81,17.8590119901359,34.3763362315049));
#8044=CARTESIAN_POINT('Ctrl Pts',(-19.81,18.4805445746753,34.0803202177875));
#8045=CARTESIAN_POINT('Ctrl Pts',(-19.81,19.0936057496956,33.7681198037581));
#8046=CARTESIAN_POINT('Ctrl Pts',(-19.81,19.7064594199286,33.4560250612068));
#8047=CARTESIAN_POINT('Ctrl Pts',(-19.81,20.3108478685162,33.1277567214607));
#8048=CARTESIAN_POINT('Ctrl Pts',(-19.81,20.9060777888741,32.7835773743697));
#8049=CARTESIAN_POINT('Ctrl Pts',(-19.81,21.4980042553063,32.4413081809462));
#8050=CARTESIAN_POINT('Ctrl Pts',(-19.81,22.0808739991108,32.0833039140034));
#8051=CARTESIAN_POINT('Ctrl Pts',(-19.81,22.6539835537753,31.7097761732342));
#8052=CARTESIAN_POINT('Ctrl Pts',(-19.81,22.8554126778341,31.5784934803835));
#8053=CARTESIAN_POINT('Ctrl Pts',(-19.81,23.0556359081334,31.4452927772399));
#8054=CARTESIAN_POINT('Ctrl Pts',(-19.81,23.2546219101999,31.310181935319));
#8055=CARTESIAN_POINT('Ctrl Pts',(-19.81,23.8226304007792,30.9245060355906));
#8056=CARTESIAN_POINT('Ctrl Pts',(-19.81,24.3805600110258,30.5232688148169));
#8057=CARTESIAN_POINT('Ctrl Pts',(-19.81,24.9279513012516,30.1069989826241));
#8058=CARTESIAN_POINT('Ctrl Pts',(-19.81,25.2148655990201,29.8888117941934));
#8059=CARTESIAN_POINT('Ctrl Pts',(-19.81,25.4988841561608,29.6664939859932));
#8060=CARTESIAN_POINT('Ctrl Pts',(-19.81,25.7799370382818,29.4401174112886));
#8061=CARTESIAN_POINT('Ctrl Pts',(-19.81,25.911680576776,29.3340033918958));
#8062=CARTESIAN_POINT('Ctrl Pts',(-19.81,26.0427724386175,29.226997513527));
#8063=CARTESIAN_POINT('Ctrl Pts',(-19.81,26.1732052078152,29.1191069700047));
#8064=CARTESIAN_POINT('Ctrl Pts',(-19.81,26.2319528439264,29.0705124762309));
#8065=CARTESIAN_POINT('Ctrl Pts',(-19.81,26.2905667712554,29.0217385130291));
#8066=CARTESIAN_POINT('Ctrl Pts',(-19.81,26.3490463028323,28.9727857292949));
#8067=CARTESIAN_POINT('Ctrl Pts',(-19.81,26.4066426232495,28.9245722750958));
#8068=CARTESIAN_POINT('Ctrl Pts',(-19.81,26.4641126884482,28.8761818396024));
#8069=CARTESIAN_POINT('Ctrl Pts',(-19.81,26.5214316795818,28.8276356145915));
#8070=CARTESIAN_POINT('Ctrl Pts',(-19.81,27.0448766276352,28.384304779096));
#8071=CARTESIAN_POINT('Ctrl Pts',(-19.81,27.5560555748064,27.9277118463435));
#8072=CARTESIAN_POINT('Ctrl Pts',(-19.81,28.0546148941855,27.4585260104419));
#8073=CARTESIAN_POINT('Ctrl Pts',(-19.81,28.5579076269588,26.9848856383725));
#8074=CARTESIAN_POINT('Ctrl Pts',(-19.81,29.048340300721,26.4984118588486));
#8075=CARTESIAN_POINT('Ctrl Pts',(-19.81,29.5255265237344,25.9997444067588));
#8076=CARTESIAN_POINT('Ctrl Pts',(-19.81,30.0058992632713,25.4977469924884));
#8077=CARTESIAN_POINT('Ctrl Pts',(-19.81,30.4728483904656,24.9833922254644));
#8078=CARTESIAN_POINT('Ctrl Pts',(-19.81,30.9259518466198,24.4572877047257));
#8079=CARTESIAN_POINT('Ctrl Pts',(-19.81,31.3805473778945,23.9294507154846));
#8080=CARTESIAN_POINT('Ctrl Pts',(-19.81,31.8212062391526,23.3897861452588));
#8081=CARTESIAN_POINT('Ctrl Pts',(-19.81,32.2474691171167,22.83886699482));
#8082=CARTESIAN_POINT('Ctrl Pts',(-19.81,32.6728800937266,22.2890488756803));
#8083=CARTESIAN_POINT('Ctrl Pts',(-19.81,33.0839528844181,21.7280207698932));
#8084=CARTESIAN_POINT('Ctrl Pts',(-19.81,33.4801931936594,21.1563168785127));
#8085=CARTESIAN_POINT('Ctrl Pts',(-19.81,33.8745188170304,20.5873755363662));
#8086=CARTESIAN_POINT('Ctrl Pts',(-19.81,34.2541552499159,20.0078609810625));
#8087=CARTESIAN_POINT('Ctrl Pts',(-19.81,34.6185734333816,19.4182698809734));
#8088=CARTESIAN_POINT('Ctrl Pts',(-19.81,34.9789036466296,18.8352926957964));
#8089=CARTESIAN_POINT('Ctrl Pts',(-19.81,35.3243553604221,18.2424634121971));
#8090=CARTESIAN_POINT('Ctrl Pts',(-19.81,35.6543722270981,17.6402382569193));
#8091=CARTESIAN_POINT('Ctrl Pts',(-19.81,35.7713506231305,17.4267724016001));
#8092=CARTESIAN_POINT('Ctrl Pts',(-19.81,35.8863893038826,17.2121258233108));
#8093=CARTESIAN_POINT('Ctrl Pts',(-19.81,35.9994620293616,16.996318236505));
#8094=CARTESIAN_POINT('Ctrl Pts',(-19.81,-29.6100209813719,21.1156862280957));
#8095=CARTESIAN_POINT('Ctrl Pts',(-19.6911557726526,-32.2342559284761,17.4280221557968));
#8096=CARTESIAN_POINT('Ctrl Pts',(-19.4160600580656,-36.7212513582585,7.75550579647976));
#8097=CARTESIAN_POINT('Ctrl Pts',(-18.9847128562391,-36.7326052517501,-9.17537633748982));
#8098=CARTESIAN_POINT('Ctrl Pts',(-18.5159583945205,-28.0698008119939,-25.4076991149723));
#8099=CARTESIAN_POINT('Ctrl Pts',(-18.0472039328019,-12.7781344262502,-35.6396735118238));
#8100=CARTESIAN_POINT('Ctrl Pts',(-17.5784494710833,5.53131960095564,-37.4549252208247));
#8101=CARTESIAN_POINT('Ctrl Pts',(-17.1096950093646,22.5344460677483,-30.4247466488619));
#8102=CARTESIAN_POINT('Ctrl Pts',(-16.6409405476461,34.2158163672365,-16.2094053153511));
#8103=CARTESIAN_POINT('Ctrl Pts',(-16.1721860859275,37.8167045541703,1.83398087100021));
#8104=CARTESIAN_POINT('Ctrl Pts',(-15.7034316242089,32.4867343344702,19.4442500375508));
#8105=CARTESIAN_POINT('Ctrl Pts',(-15.2346771624903,19.4846331584311,32.4625289678007));
#8106=CARTESIAN_POINT('Ctrl Pts',(-14.9063535039439,7.15475093557395,36.2110683395745));
#8107=CARTESIAN_POINT('Ctrl Pts',(-14.7342813326371,0.602955620365527,36.370604430322));
#8108=CARTESIAN_POINT('Ctrl Pts',(-14.7184606485699,0.000547879018028968,
36.3701600106573));
#8109=CARTESIAN_POINT('Origin',(-19.81,-3.59810362502843E-15,0.));
#8110=CARTESIAN_POINT('',(-19.81,-4.87531890740561E-15,39.81));
#8111=CARTESIAN_POINT('Origin',(-19.81,0.,0.));
#8112=CARTESIAN_POINT('Origin',(-19.81,0.,0.));
#8113=CARTESIAN_POINT('',(-19.81,-29.6105685829722,-21.1150574754865));
#8114=CARTESIAN_POINT('Ctrl Pts',(-19.81,35.9989945552088,-16.997101615121));
#8115=CARTESIAN_POINT('Ctrl Pts',(-19.81,35.6750061880038,-17.6169205051359));
#8116=CARTESIAN_POINT('Ctrl Pts',(-19.81,35.3350139620658,-18.2276082438334));
#8117=CARTESIAN_POINT('Ctrl Pts',(-19.81,34.9792684812263,-18.8284870032837));
#8118=CARTESIAN_POINT('Ctrl Pts',(-19.81,34.6251919504559,-19.4265467904596));
#8119=CARTESIAN_POINT('Ctrl Pts',(-19.81,34.2555094097513,-20.0148898117241));
#8120=CARTESIAN_POINT('Ctrl Pts',(-19.81,33.8704237740182,-20.5928211557695));
#8121=CARTESIAN_POINT('Ctrl Pts',(-19.81,33.7799085324373,-20.7286652132188));
#8122=CARTESIAN_POINT('Ctrl Pts',(-19.81,33.688542091753,-20.8639338994367));
#8123=CARTESIAN_POINT('Ctrl Pts',(-19.81,33.5963267504179,-20.9986179391398));
#8124=CARTESIAN_POINT('Ctrl Pts',(-19.81,33.2020354681203,-21.5744954661401));
#8125=CARTESIAN_POINT('Ctrl Pts',(-19.81,32.7922274120144,-22.1396872097152));
#8126=CARTESIAN_POINT('Ctrl Pts',(-19.81,32.3674642992231,-22.6936994660788));
#8127=CARTESIAN_POINT('Ctrl Pts',(-19.81,31.9324222587182,-23.2611183760906));
#8128=CARTESIAN_POINT('Ctrl Pts',(-19.81,31.4816923535203,-23.8168106785294));
#8129=CARTESIAN_POINT('Ctrl Pts',(-19.81,31.0158403245178,-24.3602039909179));
#8130=CARTESIAN_POINT('Ctrl Pts',(-19.81,30.8120300618292,-24.5979385650878));
#8131=CARTESIAN_POINT('Ctrl Pts',(-19.81,30.6053248738608,-24.8333184577491));
#8132=CARTESIAN_POINT('Ctrl Pts',(-19.81,30.3957701422116,-25.0662929257428));
#8133=CARTESIAN_POINT('Ctrl Pts',(-19.81,30.278350208838,-25.1968356545768));
#8134=CARTESIAN_POINT('Ctrl Pts',(-19.81,30.1600355825272,-25.3266231194842));
#8135=CARTESIAN_POINT('Ctrl Pts',(-19.81,30.0408340974565,-25.4556461441059));
#8136=CARTESIAN_POINT('Ctrl Pts',(-19.81,29.9970172952381,-25.5030732071842));
#8137=CARTESIAN_POINT('Ctrl Pts',(-19.81,29.9530816623532,-25.5503958631051));
#8138=CARTESIAN_POINT('Ctrl Pts',(-19.81,29.9090360866586,-25.5976046581291));
#8139=CARTESIAN_POINT('Ctrl Pts',(-19.81,29.4358772250742,-26.1047443505517));
#8140=CARTESIAN_POINT('Ctrl Pts',(-19.81,28.9497703661742,-26.5990333718633));
#8141=CARTESIAN_POINT('Ctrl Pts',(-19.81,28.4513011342447,-27.0800220480419));
#8142=CARTESIAN_POINT('Ctrl Pts',(-19.81,27.9519768654912,-27.5618357762072));
#8143=CARTESIAN_POINT('Ctrl Pts',(-19.81,27.4402474120028,-28.0303037953802));
#8144=CARTESIAN_POINT('Ctrl Pts',(-19.81,26.9166655029485,-28.4849361051774));
#8145=CARTESIAN_POINT('Ctrl Pts',(-19.81,26.3941904889512,-28.9386072850197));
#8146=CARTESIAN_POINT('Ctrl Pts',(-19.81,25.8599127037671,-29.3785014719333));
#8147=CARTESIAN_POINT('Ctrl Pts',(-19.81,25.3143512327597,-29.8040896225687));
#8148=CARTESIAN_POINT('Ctrl Pts',(-19.81,24.7740515640161,-30.2255730832407));
#8149=CARTESIAN_POINT('Ctrl Pts',(-19.81,24.2226844295159,-30.6330253458415));
#8150=CARTESIAN_POINT('Ctrl Pts',(-19.81,23.660730173548,-31.0258875781142));
#8151=CARTESIAN_POINT('Ctrl Pts',(-19.81,23.3142228635223,-31.2681308459065));
#8152=CARTESIAN_POINT('Ctrl Pts',(-19.81,22.963689784807,-31.5048259514856));
#8153=CARTESIAN_POINT('Ctrl Pts',(-19.81,22.6092399118869,-31.7358326900775));
#8154=CARTESIAN_POINT('Ctrl Pts',(-19.81,22.4623355833217,-31.831575113533));
#8155=CARTESIAN_POINT('Ctrl Pts',(-19.81,22.314758418792,-31.9263403325436));
#8156=CARTESIAN_POINT('Ctrl Pts',(-19.81,22.1665160599518,-32.0201179929459));
#8157=CARTESIAN_POINT('Ctrl Pts',(-19.81,22.1072937272095,-32.057581858548));
#8158=CARTESIAN_POINT('Ctrl Pts',(-19.81,22.0479632411281,-32.0948893189856));
#8159=CARTESIAN_POINT('Ctrl Pts',(-19.81,21.9885445637555,-32.1320276320523));
#8160=CARTESIAN_POINT('Ctrl Pts',(-19.81,21.4063422903263,-32.4959201193119));
#8161=CARTESIAN_POINT('Ctrl Pts',(-19.81,20.8152792370839,-32.8438291984559));
#8162=CARTESIAN_POINT('Ctrl Pts',(-19.81,20.2159033669752,-33.1753167440587));
#8163=CARTESIAN_POINT('Ctrl Pts',(-19.81,19.9212225108922,-33.3382913291072));
#8164=CARTESIAN_POINT('Ctrl Pts',(-19.81,19.6245318230673,-33.4972959406985));
#8165=CARTESIAN_POINT('Ctrl Pts',(-19.81,19.3258937883947,-33.6522747148451));
#8166=CARTESIAN_POINT('Ctrl Pts',(-19.81,18.7223892854371,-33.965464520567));
#8167=CARTESIAN_POINT('Ctrl Pts',(-19.81,18.1109335347729,-34.2622163797611));
#8168=CARTESIAN_POINT('Ctrl Pts',(-19.81,17.492250291898,-34.5424343860037));
#8169=CARTESIAN_POINT('Ctrl Pts',(-19.81,16.854205316906,-34.831421832883));
#8170=CARTESIAN_POINT('Ctrl Pts',(-19.81,16.2084730048334,-35.1028247367782));
#8171=CARTESIAN_POINT('Ctrl Pts',(-19.81,15.555825328136,-35.3564849822027));
#8172=CARTESIAN_POINT('Ctrl Pts',(-19.81,14.9177191962911,-35.6044934618003));
#8173=CARTESIAN_POINT('Ctrl Pts',(-19.81,14.2730018912272,-35.8355410172232));
#8174=CARTESIAN_POINT('Ctrl Pts',(-19.81,13.6223815945485,-36.0494288659606));
#8175=CARTESIAN_POINT('Ctrl Pts',(-19.81,12.9742932350913,-36.2624843542442));
#8176=CARTESIAN_POINT('Ctrl Pts',(-19.81,12.3203472749271,-36.4585134928827));
#8177=CARTESIAN_POINT('Ctrl Pts',(-19.81,11.6612376121789,-36.637268691526));
#8178=CARTESIAN_POINT('Ctrl Pts',(-19.81,11.0069534248355,-36.8147151871365));
#8179=CARTESIAN_POINT('Ctrl Pts',(-19.81,10.3475804236322,-36.975139781786));
#8180=CARTESIAN_POINT('Ctrl Pts',(-19.81,9.68379815949759,-37.11824916184));
#8181=CARTESIAN_POINT('Ctrl Pts',(-19.81,9.33350250008855,-37.1937718103985));
#8182=CARTESIAN_POINT('Ctrl Pts',(-19.81,8.9819789341351,-37.2644713876708));
#8183=CARTESIAN_POINT('Ctrl Pts',(-19.81,8.62932805987756,-37.3302989272812));
#8184=CARTESIAN_POINT('Ctrl Pts',(-19.81,8.507473327968,-37.3530449284315));
#8185=CARTESIAN_POINT('Ctrl Pts',(-19.81,8.38548400465279,-37.3752091850676));
#8186=CARTESIAN_POINT('Ctrl Pts',(-19.81,8.26336426222103,-37.3967895628404));
#8187=CARTESIAN_POINT('Ctrl Pts',(-19.81,8.19094127543891,-37.40958778353));
#8188=CARTESIAN_POINT('Ctrl Pts',(-19.81,8.11846728002116,-37.4221814968369));
#8189=CARTESIAN_POINT('Ctrl Pts',(-19.81,8.04597379833512,-37.4345651017131));
#8190=CARTESIAN_POINT('Ctrl Pts',(-19.81,7.37720927914148,-37.5488059323134));
#8191=CARTESIAN_POINT('Ctrl Pts',(-19.81,6.70635594827635,-37.6452487613048));
#8192=CARTESIAN_POINT('Ctrl Pts',(-19.81,6.03411350617844,-37.7237878735024));
#8193=CARTESIAN_POINT('Ctrl Pts',(-19.81,5.36170438110287,-37.8023464595271));
#8194=CARTESIAN_POINT('Ctrl Pts',(-19.81,4.68790499120798,-37.862992523415));
#8195=CARTESIAN_POINT('Ctrl Pts',(-19.81,4.01340538412473,-37.9055691563268));
#8196=CARTESIAN_POINT('Ctrl Pts',(-19.81,3.34197697914401,-37.947951924864));
#8197=CARTESIAN_POINT('Ctrl Pts',(-19.81,2.66985426530822,-37.9724294752964));
#8198=CARTESIAN_POINT('Ctrl Pts',(-19.81,1.9977147003782,-37.978795624532));
#8199=CARTESIAN_POINT('Ctrl Pts',(-19.81,1.71708170466088,-37.9814536313275));
#8200=CARTESIAN_POINT('Ctrl Pts',(-19.81,1.43644577181266,-37.9809537545975));
#8201=CARTESIAN_POINT('Ctrl Pts',(-19.81,1.15585633065181,-37.9772782924943));
#8202=CARTESIAN_POINT('Ctrl Pts',(-19.81,0.480526303200135,-37.9684320938891));
#8203=CARTESIAN_POINT('Ctrl Pts',(-19.81,-0.194535101646028,-37.9411938367992));
#8204=CARTESIAN_POINT('Ctrl Pts',(-19.81,-0.868613721028409,-37.8957494570802));
#8205=CARTESIAN_POINT('Ctrl Pts',(-19.81,-1.55135988878853,-37.8497207369765));
#8206=CARTESIAN_POINT('Ctrl Pts',(-19.81,-2.23309834751885,-37.7850146489754));
#8207=CARTESIAN_POINT('Ctrl Pts',(-19.81,-2.91307297859286,-37.7017719273057));
#8208=CARTESIAN_POINT('Ctrl Pts',(-19.81,-3.58013514154716,-37.6201099543001));
#8209=CARTESIAN_POINT('Ctrl Pts',(-19.81,-4.24550022651399,-37.5206083858703));
#8210=CARTESIAN_POINT('Ctrl Pts',(-19.81,-4.90843430526478,-37.4033527151944));
#8211=CARTESIAN_POINT('Ctrl Pts',(-19.81,-5.41686335423277,-37.3134249364925));
#8212=CARTESIAN_POINT('Ctrl Pts',(-19.81,-5.92386215608727,-37.213053353303));
#8213=CARTESIAN_POINT('Ctrl Pts',(-19.81,-6.42908919186001,-37.10225853982));
#8214=CARTESIAN_POINT('Ctrl Pts',(-19.81,-6.4954421407499,-37.0877075319052));
#8215=CARTESIAN_POINT('Ctrl Pts',(-19.81,-6.56176815174881,-37.0729758723962));
#8216=CARTESIAN_POINT('Ctrl Pts',(-19.81,-6.62804029886171,-37.058069553541));
#8217=CARTESIAN_POINT('Ctrl Pts',(-19.81,-7.27957696527079,-36.9115221166705));
#8218=CARTESIAN_POINT('Ctrl Pts',(-19.81,-7.92639030148372,-36.7479938958326));
#8219=CARTESIAN_POINT('Ctrl Pts',(-19.81,-8.56781303866955,-36.5677449390088));
#8220=CARTESIAN_POINT('Ctrl Pts',(-19.81,-9.21168080111166,-36.3868088951419));
#8221=CARTESIAN_POINT('Ctrl Pts',(-19.81,-9.85011724875626,-36.1890242721899));
#8222=CARTESIAN_POINT('Ctrl Pts',(-19.81,-10.4824373760707,-35.9746026537973));
#8223=CARTESIAN_POINT('Ctrl Pts',(-19.81,-11.1138308210715,-35.7604952761079));
#8224=CARTESIAN_POINT('Ctrl Pts',(-19.81,-11.7391263043686,-35.5297994685718));
#8225=CARTESIAN_POINT('Ctrl Pts',(-19.81,-12.357625033779,-35.2826769125965));
#8226=CARTESIAN_POINT('Ctrl Pts',(-19.81,-12.9733372376791,-35.0366677191449));
#8227=CARTESIAN_POINT('Ctrl Pts',(-19.81,-13.5823142136565,-34.7743792826198));
#8228=CARTESIAN_POINT('Ctrl Pts',(-19.81,-14.1838434685798,-34.4959251071501));
#8229=CARTESIAN_POINT('Ctrl Pts',(-19.81,-14.7790711508009,-34.2203879955083));
#8230=CARTESIAN_POINT('Ctrl Pts',(-19.81,-15.3670067075169,-33.92902186811));
#8231=CARTESIAN_POINT('Ctrl Pts',(-19.81,-15.9469313040206,-33.6218944496292));
#8232=CARTESIAN_POINT('Ctrl Pts',(-19.81,-16.139813092562,-33.5197444698839));
#8233=CARTESIAN_POINT('Ctrl Pts',(-19.81,-16.331808437262,-33.4158506169314));
#8234=CARTESIAN_POINT('Ctrl Pts',(-19.81,-16.5228900732886,-33.3102143895773));
#8235=CARTESIAN_POINT('Ctrl Pts',(-19.81,-17.1067648567228,-32.9874291620076));
#8236=CARTESIAN_POINT('Ctrl Pts',(-19.81,-17.6821113232797,-32.6483781429651));
#8237=CARTESIAN_POINT('Ctrl Pts',(-19.81,-18.2483478950662,-32.2935031312731));
#8238=CARTESIAN_POINT('Ctrl Pts',(-19.81,-18.5321938501457,-32.1156095764471));
#8239=CARTESIAN_POINT('Ctrl Pts',(-19.81,-18.8137500060956,-31.9337391127317));
#8240=CARTESIAN_POINT('Ctrl Pts',(-19.81,-19.0929392428647,-31.7479442945681));
#8241=CARTESIAN_POINT('Ctrl Pts',(-19.81,-19.2238091976003,-31.6608529735539));
#8242=CARTESIAN_POINT('Ctrl Pts',(-19.81,-19.3541590387567,-31.5728993397416));
#8243=CARTESIAN_POINT('Ctrl Pts',(-19.81,-19.4839806139473,-31.4840886633184));
#8244=CARTESIAN_POINT('Ctrl Pts',(-19.81,-19.5475711541712,-31.4405865036572));
#8245=CARTESIAN_POINT('Ctrl Pts',(-19.81,-19.611034943506,-31.3968787092339));
#8246=CARTESIAN_POINT('Ctrl Pts',(-19.81,-19.674371011742,-31.3529658918324));
#8247=CARTESIAN_POINT('Ctrl Pts',(-19.81,-19.7274612256455,-31.3161568360466));
#8248=CARTESIAN_POINT('Ctrl Pts',(-19.81,-19.7804640577233,-31.2792020372951));
#8249=CARTESIAN_POINT('Ctrl Pts',(-19.81,-19.8333589718371,-31.2421159488182));
#8250=CARTESIAN_POINT('Ctrl Pts',(-19.81,-20.3710822424043,-30.8651032790283));
#8251=CARTESIAN_POINT('Ctrl Pts',(-19.81,-20.8980793812457,-30.4742340467981));
#8252=CARTESIAN_POINT('Ctrl Pts',(-19.81,-21.4139078425295,-30.0700690983608));
#8253=CARTESIAN_POINT('Ctrl Pts',(-19.81,-21.9327808459978,-29.6635186723329));
#8254=CARTESIAN_POINT('Ctrl Pts',(-19.81,-22.4403532935037,-29.2435148066759));
#8255=CARTESIAN_POINT('Ctrl Pts',(-19.81,-22.9361454607654,-28.8105841340074));
#8256=CARTESIAN_POINT('Ctrl Pts',(-19.81,-23.4329871872672,-28.3767369757269));
#8257=CARTESIAN_POINT('Ctrl Pts',(-19.81,-23.9179990435197,-27.9299078848213));
#8258=CARTESIAN_POINT('Ctrl Pts',(-19.81,-24.3906637502482,-27.4705875110725));
#8259=CARTESIAN_POINT('Ctrl Pts',(-19.81,-24.8826848304668,-26.9924572355488));
#8260=CARTESIAN_POINT('Ctrl Pts',(-19.81,-25.3613274602846,-26.5007915132259));
#8261=CARTESIAN_POINT('Ctrl Pts',(-19.81,-25.8259626857375,-25.9961045362095));
#8262=CARTESIAN_POINT('Ctrl Pts',(-19.81,-26.2673848253478,-25.516631622784));
#8263=CARTESIAN_POINT('Ctrl Pts',(-19.81,-26.6961641681021,-25.0254054371333));
#8264=CARTESIAN_POINT('Ctrl Pts',(-19.81,-27.1117176855644,-24.5228385264047));
#8265=CARTESIAN_POINT('Ctrl Pts',(-19.81,-27.5238276443977,-24.0244362263686));
#8266=CARTESIAN_POINT('Ctrl Pts',(-19.81,-27.9229303096529,-23.5148800374016));
#8267=CARTESIAN_POINT('Ctrl Pts',(-19.81,-28.3084110110766,-22.9945501999127));
#8268=CARTESIAN_POINT('Ctrl Pts',(-19.81,-28.6884352741327,-22.4815855759834));
#8269=CARTESIAN_POINT('Ctrl Pts',(-19.81,-29.0552206577522,-21.9581498169805));
#8270=CARTESIAN_POINT('Ctrl Pts',(-19.81,-29.4081302695481,-21.4245905938467));
#8271=CARTESIAN_POINT('Ctrl Pts',(-19.81,-29.4761265583432,-21.3217879332988));
#8272=CARTESIAN_POINT('Ctrl Pts',(-19.81,-29.5436075870297,-21.2186094171893));
#8273=CARTESIAN_POINT('Ctrl Pts',(-19.81,-29.6105685829721,-21.1150574754866));
#8274=CARTESIAN_POINT('Origin',(-19.81,0.,0.));
#8275=CARTESIAN_POINT('Origin',(-30.9015393514301,0.,0.));
#8276=CARTESIAN_POINT('Ctrl Pts',(-19.81,-29.6105685829723,-21.1150574754864));
#8277=CARTESIAN_POINT('Ctrl Pts',(-19.6537485127605,-26.155592497406,-25.9601215466101));
#8278=CARTESIAN_POINT('Ctrl Pts',(-19.3412455382814,-16.8261878971443,-33.9180342614423));
#8279=CARTESIAN_POINT('Ctrl Pts',(-18.8724910765628,1.15259184677387,-37.8435652174773));
#8280=CARTESIAN_POINT('Ctrl Pts',(-18.4037366148442,18.8545428478068,-32.8322234976017));
#8281=CARTESIAN_POINT('Ctrl Pts',(-17.9349821531256,32.1060510411581,-20.0670165597326));
#8282=CARTESIAN_POINT('Ctrl Pts',(-17.466227691407,37.774172131314,-2.56281761712799));
#8283=CARTESIAN_POINT('Ctrl Pts',(-16.9974732296884,34.52206934433,15.5466580007003));
#8284=CARTESIAN_POINT('Ctrl Pts',(-16.5287187679698,23.1168643054851,29.9845867984164));
#8285=CARTESIAN_POINT('Ctrl Pts',(-16.163407475217,9.97406696152167,35.7178521267454));
#8286=CARTESIAN_POINT('Ctrl Pts',(-15.9543476697038,2.01214282145448,36.3677540970087));
#8287=CARTESIAN_POINT('Ctrl Pts',(-15.9015393514301,0.000725480622965624,
36.3662578685879));
#8288=CARTESIAN_POINT('Ctrl Pts',(-21.7972396265507,-32.4130206579446,-23.1134634321137));
#8289=CARTESIAN_POINT('Ctrl Pts',(-21.6409881393112,-28.6310530499817,-28.417082016348));
#8290=CARTESIAN_POINT('Ctrl Pts',(-21.3284851648321,-18.4186796135426,-37.128160579301));
#8291=CARTESIAN_POINT('Ctrl Pts',(-20.8597307031135,1.26167733777127,-41.4252180847934));
#8292=CARTESIAN_POINT('Ctrl Pts',(-20.3909762413949,20.6390054655517,-35.9395847294194));
#8293=CARTESIAN_POINT('Ctrl Pts',(-19.9222217796763,35.1446846664239,-21.9662321063285));
#8294=CARTESIAN_POINT('Ctrl Pts',(-19.4534673179577,41.3492573841732,-2.8053720121499));
#8295=CARTESIAN_POINT('Ctrl Pts',(-18.9847128562391,37.7893637427898,17.018050346675));
#8296=CARTESIAN_POINT('Ctrl Pts',(-18.5159583945205,25.3047285526111,32.8224373197579));
#8297=CARTESIAN_POINT('Ctrl Pts',(-18.0472039328019,6.84425287836567,40.8754265242384));
#8298=CARTESIAN_POINT('Ctrl Pts',(-17.5784494710833,-13.2326625261626,39.2751928563212));
#8299=CARTESIAN_POINT('Ctrl Pts',(-17.1096950093647,-30.1844822832379,28.3996587465696));
#8300=CARTESIAN_POINT('Ctrl Pts',(-16.6409405476461,-40.0079012878969,10.8172065043838));
#8301=CARTESIAN_POINT('Ctrl Pts',(-16.1721860859275,-40.3829673373076,-9.3198567857573));
#8302=CARTESIAN_POINT('Ctrl Pts',(-15.7034316242089,-31.2211221662011,-27.2559255884043));
#8303=CARTESIAN_POINT('Ctrl Pts',(-15.2346771624903,-14.6860350626308,-38.7551836686423));
#8304=CARTESIAN_POINT('Ctrl Pts',(-14.7659227007717,5.31733202534466,-41.1019449555535));
#8305=CARTESIAN_POINT('Ctrl Pts',(-14.2971682390531,24.0649488325176,-33.7419937494987));
#8306=CARTESIAN_POINT('Ctrl Pts',(-13.8284137773345,37.1293417447324,-18.4134700144596));
#8307=CARTESIAN_POINT('Ctrl Pts',(-13.3596593156159,41.4251998613494,1.26361336255134));
#8308=CARTESIAN_POINT('Ctrl Pts',(-12.8909048538973,35.9380049391629,20.6422794299793));
#8309=CARTESIAN_POINT('Ctrl Pts',(-12.4221503921787,21.9636233961663,35.1460260588967));
#8310=CARTESIAN_POINT('Ctrl Pts',(-11.9533959304601,2.80227131128278,41.3496212261251));
#8311=CARTESIAN_POINT('Ctrl Pts',(-11.4846414687414,-17.0208704093452,37.788012259693));
#8312=CARTESIAN_POINT('Ctrl Pts',(-11.0158870070229,-32.8243314449775,25.3023154144772));
#8313=CARTESIAN_POINT('Ctrl Pts',(-10.5471325453042,-40.8759367730612,6.84117628554828));
#8314=CARTESIAN_POINT('Ctrl Pts',(-10.0783780835857,-39.274204177823,-13.2355878714561));
#8315=CARTESIAN_POINT('Ctrl Pts',(-9.60962362186704,-28.3974018312479,-30.186610762246));
#8316=CARTESIAN_POINT('Ctrl Pts',(-9.14086916014845,-10.8142157856419,-40.0087070151954));
#8317=CARTESIAN_POINT('Ctrl Pts',(-8.67211469842984,9.32287575129376,-40.3822719495923));
#8318=CARTESIAN_POINT('Ctrl Pts',(-8.20336023671124,27.258259457803,-31.2190837696217));
#8319=CARTESIAN_POINT('Ctrl Pts',(-7.73460577499264,38.756281465143,-14.6831381890832));
#8320=CARTESIAN_POINT('Ctrl Pts',(-7.26585131327403,41.1015473217834,5.32040485670573));
#8321=CARTESIAN_POINT('Ctrl Pts',(-6.79709685155544,33.7401946425667,24.0674711086625));
#8322=CARTESIAN_POINT('Ctrl Pts',(-6.32834238983683,18.410694288568,37.1307182249047));
#8323=CARTESIAN_POINT('Ctrl Pts',(-5.85958792811824,-1.26671017328508,41.4251052554043));
#8324=CARTESIAN_POINT('Ctrl Pts',(-5.39083346639962,-20.6449659838423,35.93646170132));
#8325=CARTESIAN_POINT('Ctrl Pts',(-4.92207900468103,-35.1476678907355,21.9609959229307));
#8326=CARTESIAN_POINT('Ctrl Pts',(-4.45332454296242,-41.3498305996753,2.79918014114761));
#8327=CARTESIAN_POINT('Ctrl Pts',(-3.98457008124383,-37.7867397279684,-17.0236952749748));
#8328=CARTESIAN_POINT('Ctrl Pts',(-3.51581561952521,-25.2998615014378,-32.8262228727659));
#8329=CARTESIAN_POINT('Ctrl Pts',(-3.04706115780662,-6.83812051165525,-40.8764480838601));
#8330=CARTESIAN_POINT('Ctrl Pts',(-2.57830669608801,13.2385238487799,-39.2732146174682));
#8331=CARTESIAN_POINT('Ctrl Pts',(-2.10955223436941,30.1887335771519,-28.3951450972199));
#8332=CARTESIAN_POINT('Ctrl Pts',(-1.64079777265081,40.0095153396987,-10.8112248319441));
#8333=CARTESIAN_POINT('Ctrl Pts',(-1.17204331093221,40.3815748882788,9.3258945751473));
#8334=CARTESIAN_POINT('Ctrl Pts',(-0.703288849213607,31.2170459417903,27.2605932208487));
#8335=CARTESIAN_POINT('Ctrl Pts',(-0.234534387495002,14.6802408519828,38.7573790214484));
#8336=CARTESIAN_POINT('Ctrl Pts',(0.234220074223601,-5.32347746251166,41.1011494704292));
#8337=CARTESIAN_POINT('Ctrl Pts',(0.702974535942205,-24.0699933508202,33.7383953408561));
#8338=CARTESIAN_POINT('Ctrl Pts',(1.1717289976608,-37.1320944459742,18.407918462979));
#8339=CARTESIAN_POINT('Ctrl Pts',(1.6404834593794,-41.4250104444354,-1.26980697857806));
#8340=CARTESIAN_POINT('Ctrl Pts',(2.10923792109801,-35.9349182490492,-20.6476524214881));
#8341=CARTESIAN_POINT('Ctrl Pts',(2.57799238281661,-21.9583683339421,-35.1493095265805));
#8342=CARTESIAN_POINT('Ctrl Pts',(3.04674684453522,-2.796088951787,-41.3500397419171));
#8343=CARTESIAN_POINT('Ctrl Pts',(3.51550130625381,17.0265200436278,-37.7854669851832));
#8344=CARTESIAN_POINT('Ctrl Pts',(3.98425576797242,32.8281141180459,-25.2974074469497));
#8345=CARTESIAN_POINT('Ctrl Pts',(4.45301022969101,40.8769591657332,-6.83506469957708));
#8346=CARTESIAN_POINT('Ctrl Pts',(4.92176469140962,39.2722248378806,13.2414597521342));
#8347=CARTESIAN_POINT('Ctrl Pts',(5.39051915312822,28.3928882043758,30.1908562233376));
#8348=CARTESIAN_POINT('Ctrl Pts',(5.85927361484682,10.8082338178928,40.0103234406097));
#8349=CARTESIAN_POINT('Ctrl Pts',(6.32802807656543,-9.32891334691667,40.3808776012874));
#8350=CARTESIAN_POINT('Ctrl Pts',(6.79678253828403,-27.2629268315282,31.2150079395012));
#8351=CARTESIAN_POINT('Ctrl Pts',(7.26553700000263,-38.7584763611662,14.6773434328396));
#8352=CARTESIAN_POINT('Ctrl Pts',(7.73429146172124,-41.1007513893689,-5.32655003856548));
#8353=CARTESIAN_POINT('Ctrl Pts',(8.20304592343984,-33.7365958506069,-24.0725154584625));
#8354=CARTESIAN_POINT('Ctrl Pts',(8.67180038515843,-18.4051425344976,-37.1334704595246));
#8355=CARTESIAN_POINT('Ctrl Pts',(9.14055484687704,1.27290377674121,-41.4249154019661));
#8356=CARTESIAN_POINT('Ctrl Pts',(9.60930930859564,20.6503387438077,-35.9333745959403));
#8357=CARTESIAN_POINT('Ctrl Pts',(10.0780637703142,35.1509509658651,-21.9557406222623));
#8358=CARTESIAN_POINT('Ctrl Pts',(10.5468182320329,41.3502486533153,-2.79299774675179));
#8359=CARTESIAN_POINT('Ctrl Pts',(11.0155726937514,37.7841940307548,17.0293447170322));
#8360=CARTESIAN_POINT('Ctrl Pts',(11.4843271554701,25.2949532520124,32.8300051800474));
#8361=CARTESIAN_POINT('Ctrl Pts',(11.9530816171886,6.83200884749348,40.8774700188038));
#8362=CARTESIAN_POINT('Ctrl Pts',(12.4218360789073,-13.2443955779679,39.2712348395152));
#8363=CARTESIAN_POINT('Ctrl Pts',(12.8905905406259,-30.1929787076569,28.3906311514952));
#8364=CARTESIAN_POINT('Ctrl Pts',(13.3593450023445,-40.01113130456,10.8052427460887));
#8365=CARTESIAN_POINT('Ctrl Pts',(13.8280994640631,-40.3801801146513,-9.33193207171343));
#8366=CARTESIAN_POINT('Ctrl Pts',(14.2968539257817,-31.212969712059,-27.2652602797885));
#8367=CARTESIAN_POINT('Ctrl Pts',(14.7656083875003,-14.6744460304542,-38.7595735038736));
#8368=CARTESIAN_POINT('Ctrl Pts',(15.2343628492189,5.32962277729817,-41.10035304044));
#8369=CARTESIAN_POINT('Ctrl Pts',(15.7031173109375,24.0750370566541,-33.7347962461871));
#8370=CARTESIAN_POINT('Ctrl Pts',(16.1718717726561,37.1348469959601,-18.4023663582735));
#8371=CARTESIAN_POINT('Ctrl Pts',(16.6406262343747,41.4248187050276,1.27600028553141));
#8372=CARTESIAN_POINT('Ctrl Pts',(17.1093806960933,35.9318335141931,20.6530255006113));
#8373=CARTESIAN_POINT('Ctrl Pts',(17.5781351578119,21.9531073871962,35.1525911374245));
#8374=CARTESIAN_POINT('Ctrl Pts',(18.0468896195305,2.78991704758082,41.350459420666));
#8375=CARTESIAN_POINT('Ctrl Pts',(18.5156440812491,-17.0321897929364,37.7829167992471));
#8376=CARTESIAN_POINT('Ctrl Pts',(18.9843985429677,-32.8318561254127,25.2925068368278));
#8377=CARTESIAN_POINT('Ctrl Pts',(19.4531530046863,-40.8780584416529,6.82893752553437));
#8378=CARTESIAN_POINT('Ctrl Pts',(19.9219074664049,-39.2700930417643,-13.2473012663081));
#8379=CARTESIAN_POINT('Ctrl Pts',(20.3906619281235,-28.3886694043263,-30.1951595906254));
#8380=CARTESIAN_POINT('Ctrl Pts',(20.8594163898421,-10.801674334683,-40.0118248608787));
#8381=CARTESIAN_POINT('Ctrl Pts',(21.3281708515607,9.33380885430021,-40.3797044980363));
#8382=CARTESIAN_POINT('Ctrl Pts',(21.7969253132793,27.2699970483804,-31.2105002793934));
#8383=CARTESIAN_POINT('Ctrl Pts',(22.1094282877584,34.9260714341609,-20.1850757553844));
#8384=CARTESIAN_POINT('Ctrl Pts',(22.2656797749979,37.2320450755297,-14.092938639394));
#8385=CARTESIAN_POINT('Ctrl Pts',(-21.1348264177005,-31.4788699662871,-22.447328113238));
#8386=CARTESIAN_POINT('Ctrl Pts',(-20.9785749304609,-27.8058995324564,-27.5980951931021));
#8387=CARTESIAN_POINT('Ctrl Pts',(-20.6660719559819,-17.8878490414099,-36.0581184733481));
#8388=CARTESIAN_POINT('Ctrl Pts',(-20.1973174942633,1.22531550743881,-40.2313337956881));
#8389=CARTESIAN_POINT('Ctrl Pts',(-19.7285630325447,20.0441845929701,-34.9037976521468));
#8390=CARTESIAN_POINT('Ctrl Pts',(-19.259808570826,34.1318067913353,-21.3331602574632));
#8391=CARTESIAN_POINT('Ctrl Pts',(-18.7910541091075,40.1575622998868,-2.72452054714258));
#8392=CARTESIAN_POINT('Ctrl Pts',(-18.3222996473888,36.7002656099699,16.5275862313501));
#8393=CARTESIAN_POINT('Ctrl Pts',(-17.8535451856703,24.5754404702358,31.8764871459775));
#8394=CARTESIAN_POINT('Ctrl Pts',(-17.3847907239516,6.64699994018148,39.6973873540431));
#8395=CARTESIAN_POINT('Ctrl Pts',(-16.9160362622331,-12.8512941562802,38.1432727875658));
#8396=CARTESIAN_POINT('Ctrl Pts',(-16.4472818005144,-29.3145585788177,27.5811740659559));
#8397=CARTESIAN_POINT('Ctrl Pts',(-15.9785273387958,-38.8548643940433,10.5054521312104));
#8398=CARTESIAN_POINT('Ctrl Pts',(-15.5097728770773,-39.2191209538611,-9.0512563750014));
#8399=CARTESIAN_POINT('Ctrl Pts',(-15.0410184153586,-30.3213222625248,-26.4704035598077));
#8400=CARTESIAN_POINT('Ctrl Pts',(-14.57226395364,-14.2627801628101,-37.6382503839779));
#8401=CARTESIAN_POINT('Ctrl Pts',(-14.1035094919214,5.16408529645546,-39.9173774721991));
#8402=CARTESIAN_POINT('Ctrl Pts',(-13.6347550302028,23.3713914861094,-32.7695417484455));
#8403=CARTESIAN_POINT('Ctrl Pts',(-13.1660005684842,36.0592655973208,-17.8827895841676));
#8404=CARTESIAN_POINT('Ctrl Pts',(-12.6972461067656,40.2313160974478,1.22719573554055));
#8405=CARTESIAN_POINT('Ctrl Pts',(-12.228491645047,34.9022633918079,20.0473642009917));
#8406=CARTESIAN_POINT('Ctrl Pts',(-11.7597371833284,21.3306267309263,34.1331095245694));
#8407=CARTESIAN_POINT('Ctrl Pts',(-11.2909827216098,2.72150920918584,40.1579156558301));
#8408=CARTESIAN_POINT('Ctrl Pts',(-10.8222282598912,-16.5303250191671,36.6989530769261));
#8409=CARTESIAN_POINT('Ctrl Pts',(-10.3534737981726,-31.8783266820737,24.5730968792965));
#8410=CARTESIAN_POINT('Ctrl Pts',(-9.88471933645402,-39.6978828973777,6.64401201547494));
#8411=CARTESIAN_POINT('Ctrl Pts',(-9.41596487473541,-38.1423126030088,-12.8541351924512));
#8412=CARTESIAN_POINT('Ctrl Pts',(-8.94721041301681,-27.5789821954515,-29.3166257145725));
#8413=CARTESIAN_POINT('Ctrl Pts',(-8.47845595129822,-10.5025476056689,-38.8556469000962));
#8414=CARTESIAN_POINT('Ctrl Pts',(-8.00970148957961,9.05418833325852,-39.2184456073793));
#8415=CARTESIAN_POINT('Ctrl Pts',(-7.54094702786101,26.4726701665549,-30.3193426130024));
#8416=CARTESIAN_POINT('Ctrl Pts',(-7.07219256614241,37.6393165417316,-14.2599667778228));
#8417=CARTESIAN_POINT('Ctrl Pts',(-6.6034381044238,39.9169912983255,5.16706956811173));
#8418=CARTESIAN_POINT('Ctrl Pts',(-6.1346836427052,32.7677944921882,23.3738410696773));
#8419=CARTESIAN_POINT('Ctrl Pts',(-5.6659291809866,17.8800938553331,36.0606024070187));
#8420=CARTESIAN_POINT('Ctrl Pts',(-5.19717471926799,-1.23020329547844,40.2312242180678));
#8421=CARTESIAN_POINT('Ctrl Pts',(-4.7284202575494,-20.049973327756,34.9007646304337));
#8422=CARTESIAN_POINT('Ctrl Pts',(-4.25966579583079,-34.1347040384378,21.3280749820722));
#8423=CARTESIAN_POINT('Ctrl Pts',(-3.79091133411219,-40.1581189951866,2.71850712728317));
#8424=CARTESIAN_POINT('Ctrl Pts',(-3.32215687239359,-36.6977172198577,-16.5330684715213));
#8425=CARTESIAN_POINT('Ctrl Pts',(-2.85340241067498,-24.5707136885939,-31.8801635984792));
#8426=CARTESIAN_POINT('Ctrl Pts',(-2.38464794895639,-6.64104430968658,-39.6983794720821));
#8427=CARTESIAN_POINT('Ctrl Pts',(-1.91589348723778,12.856986554235,-38.1413515620104));
#8428=CARTESIAN_POINT('Ctrl Pts',(-1.44713902551918,29.3186873494658,-27.576790501016));
#8429=CARTESIAN_POINT('Ctrl Pts',(-0.978384563800578,38.8564319285018,-10.4996428519428));
#8430=CARTESIAN_POINT('Ctrl Pts',(-0.509630102081977,39.2177686355328,9.05712015391598));
#8431=CARTESIAN_POINT('Ctrl Pts',(-0.0408756403633747,30.3173635158366,
26.4749366700143));
#8432=CARTESIAN_POINT('Ctrl Pts',(0.42787882135523,14.2571529426424,37.6403824662125));
#8433=CARTESIAN_POINT('Ctrl Pts',(0.896633283073833,-5.17005362071344,39.9166049131386));
#8434=CARTESIAN_POINT('Ctrl Pts',(1.36538774479244,-23.3762906202373,32.7660470467656));
#8435=CARTESIAN_POINT('Ctrl Pts',(1.83414220651104,-36.0619389650813,17.8773980296743));
#8436=CARTESIAN_POINT('Ctrl Pts',(2.30289666822963,-40.2311321395728,-1.23321085013243));
#8437=CARTESIAN_POINT('Ctrl Pts',(2.77165112994824,-34.8992656608115,-20.0525823416525));
#8438=CARTESIAN_POINT('Ctrl Pts',(3.24040559166684,-21.3255231208011,-34.1362983619612));
#8439=CARTESIAN_POINT('Ctrl Pts',(3.70916005338545,-2.71550502670911,-40.1583221099011));
#8440=CARTESIAN_POINT('Ctrl Pts',(4.17791451510405,16.5358118296936,-36.6964811578115));
#8441=CARTESIAN_POINT('Ctrl Pts',(4.64666897682265,31.8820003376364,-24.5683303605192));
#8442=CARTESIAN_POINT('Ctrl Pts',(5.11542343854124,39.6988758244584,-6.63807656681358));
#8443=CARTESIAN_POINT('Ctrl Pts',(5.58417790025985,38.1403903080976,12.8598378441811));
#8444=CARTESIAN_POINT('Ctrl Pts',(6.05293236197845,27.5745986523415,29.3207488205013));
#8445=CARTESIAN_POINT('Ctrl Pts',(6.52168682369706,10.4967380396026,38.8572167397592));
#8446=CARTESIAN_POINT('Ctrl Pts',(6.99044128541566,-9.06005192399038,39.2170914445124));
#8447=CARTESIAN_POINT('Ctrl Pts',(7.45919574713426,-26.4772030254986,30.3153842492412));
#8448=CARTESIAN_POINT('Ctrl Pts',(7.92795020885287,-37.6414481803478,14.2543390277836));
#8449=CARTESIAN_POINT('Ctrl Pts',(8.39670467057146,-39.9162183048658,-5.17303764442044));
#8450=CARTESIAN_POINT('Ctrl Pts',(8.86545913229007,-32.7642994182382,-23.3787400401587));
#8451=CARTESIAN_POINT('Ctrl Pts',(9.33421359400868,-17.8747021040887,-36.0632753216054));
#8452=CARTESIAN_POINT('Ctrl Pts',(9.80296805572726,1.23621839786203,-40.2310398362492));
#8453=CARTESIAN_POINT('Ctrl Pts',(10.2717225174459,20.0551912435466,-34.8977664961393));
#8454=CARTESIAN_POINT('Ctrl Pts',(10.7404769791645,34.137892494589,-21.3229711403747));
#8455=CARTESIAN_POINT('Ctrl Pts',(11.2092314408831,40.1585250004249,-2.71250291091224));
#8456=CARTESIAN_POINT('Ctrl Pts',(11.6779859026017,36.6952448902217,16.5385550953625));
#8457=CARTESIAN_POINT('Ctrl Pts',(12.1467403643203,24.565946896043,31.8838368987971));
#8458=CARTESIAN_POINT('Ctrl Pts',(12.6154948260389,6.63510878508808,39.6993719546263));
#8459=CARTESIAN_POINT('Ctrl Pts',(13.0842492877575,-12.8626890588407,38.1394288417121));
#8460=CARTESIAN_POINT('Ctrl Pts',(13.5530037494761,-29.3228101343357,27.5724066482428));
#8461=CARTESIAN_POINT('Ctrl Pts',(14.0217582111947,-38.8580013208851,10.4938331711741));
#8462=CARTESIAN_POINT('Ctrl Pts',(14.4905126729133,-39.2164140596012,-9.06298364844593));
#8463=CARTESIAN_POINT('Ctrl Pts',(14.9592671346319,-30.3134047639814,-26.4794692232447));
#8464=CARTESIAN_POINT('Ctrl Pts',(15.4280215963505,-14.2515251291996,-37.6425137031508));
#8465=CARTESIAN_POINT('Ctrl Pts',(15.8967760580691,5.1760218261179,-39.9158314364444));
#8466=CARTESIAN_POINT('Ctrl Pts',(16.3655305197877,23.3811889653118,-32.7625516788306));
#8467=CARTESIAN_POINT('Ctrl Pts',(16.8342849815063,36.0646121859451,-17.8720059379003));
#8468=CARTESIAN_POINT('Ctrl Pts',(17.3030394432249,40.2309459261387,1.23922566455849));
#8469=CARTESIAN_POINT('Ctrl Pts',(17.7717939049435,34.8962698287217,20.0578005674027));
#8470=CARTESIAN_POINT('Ctrl Pts',(18.2405483666621,21.3204137957474,34.1394853960278));
#8471=CARTESIAN_POINT('Ctrl Pts',(18.7093028283807,2.70951099819812,40.1587296934121));
#8472=CARTESIAN_POINT('Ctrl Pts',(19.1780572900993,-16.5413181755263,36.6940044688191));
#8473=CARTESIAN_POINT('Ctrl Pts',(19.6468117518179,-31.8856344994923,24.5635709871052));
#8474=CARTESIAN_POINT('Ctrl Pts',(20.1155662135365,-39.6999434189938,6.6321259793325));
#8475=CARTESIAN_POINT('Ctrl Pts',(20.5843206752552,-38.1383199508345,-12.8655110045762));
#8476=CARTESIAN_POINT('Ctrl Pts',(21.0530751369737,-27.5705014390773,-29.3249281637567));
#8477=CARTESIAN_POINT('Ctrl Pts',(21.5218295986923,-10.4903676022039,-38.8586748887516));
#8478=CARTESIAN_POINT('Ctrl Pts',(21.9905840604109,9.06480634172801,-39.2159521503662));
#8479=CARTESIAN_POINT('Ctrl Pts',(22.4593385221295,26.484069477079,-30.3110065009318));
#8480=CARTESIAN_POINT('Ctrl Pts',(22.7718414966086,33.9194940425811,-19.6033372411917));
#8481=CARTESIAN_POINT('Ctrl Pts',(22.9280929838481,36.159008994562,-13.6867769145611));
#8482=CARTESIAN_POINT('Ctrl Pts',(-20.4724132088502,-30.5447192746297,-21.7811927943622));
#8483=CARTESIAN_POINT('Ctrl Pts',(-20.3161617216107,-26.9807460149312,-26.7791083698561));
#8484=CARTESIAN_POINT('Ctrl Pts',(-20.0036587471317,-17.3570184692771,-34.9880763673952));
#8485=CARTESIAN_POINT('Ctrl Pts',(-19.534904285413,1.18895367710636,-39.0374495065827));
#8486=CARTESIAN_POINT('Ctrl Pts',(-19.0661498236944,19.4493637203884,-33.8680105748742));
#8487=CARTESIAN_POINT('Ctrl Pts',(-18.5973953619758,33.1189289162468,-20.7000884085979));
#8488=CARTESIAN_POINT('Ctrl Pts',(-18.1286409002572,38.9658672156003,-2.64366908213529));
#8489=CARTESIAN_POINT('Ctrl Pts',(-17.6598864385386,35.61116747715,16.0371221160252));
#8490=CARTESIAN_POINT('Ctrl Pts',(-17.19113197682,23.8461523878604,30.930536972197));
#8491=CARTESIAN_POINT('Ctrl Pts',(-16.7223775151014,6.44974700199733,38.5193481838478));
#8492=CARTESIAN_POINT('Ctrl Pts',(-16.2536230533828,-12.4699257863979,37.0113527188104));
#8493=CARTESIAN_POINT('Ctrl Pts',(-15.7848685916642,-28.4446348743975,26.7626893853422));
#8494=CARTESIAN_POINT('Ctrl Pts',(-15.3161141299456,-37.7018275001897,10.1936977580371));
#8495=CARTESIAN_POINT('Ctrl Pts',(-14.847359668227,-38.0552745704146,-8.78265596424554));
#8496=CARTESIAN_POINT('Ctrl Pts',(-14.3786052065084,-29.4215223588484,-25.6848815312112));
#8497=CARTESIAN_POINT('Ctrl Pts',(-13.9098507447898,-13.8395252629895,-36.5213170993136));
#8498=CARTESIAN_POINT('Ctrl Pts',(-13.4410962830712,5.01083856756628,-38.7328099888447));
#8499=CARTESIAN_POINT('Ctrl Pts',(-12.9723418213526,22.6778341397013,-31.7970897473924));
#8500=CARTESIAN_POINT('Ctrl Pts',(-12.503587359634,34.9891894499091,-17.3521091538756));
#8501=CARTESIAN_POINT('Ctrl Pts',(-12.0348328979154,39.0374323335463,1.19077810852977));
#8502=CARTESIAN_POINT('Ctrl Pts',(-11.5660784361968,33.866521844453,19.4524489720041));
#8503=CARTESIAN_POINT('Ctrl Pts',(-11.0973239744782,20.6976300656864,33.120192990242));
#8504=CARTESIAN_POINT('Ctrl Pts',(-10.6285695127596,2.6407471070889,38.9662100855352));
#8505=CARTESIAN_POINT('Ctrl Pts',(-10.159815051041,-16.0397796289891,35.609893894159));
#8506=CARTESIAN_POINT('Ctrl Pts',(-9.69106058932239,-30.9323219191698,23.8438783441158));
#8507=CARTESIAN_POINT('Ctrl Pts',(-9.22230612760378,-38.5198290216942,6.4468477454016));
#8508=CARTESIAN_POINT('Ctrl Pts',(-8.75355166588519,-37.0104210281945,-12.4726825134464));
#8509=CARTESIAN_POINT('Ctrl Pts',(-8.28479720416658,-26.7605625596552,-28.4466406668989));
#8510=CARTESIAN_POINT('Ctrl Pts',(-7.81604274244798,-10.1908794256958,-37.7025867849969));
#8511=CARTESIAN_POINT('Ctrl Pts',(-7.34728828072938,8.78550091522325,-38.0546192651663));
#8512=CARTESIAN_POINT('Ctrl Pts',(-6.87853381901077,25.6870808753068,-29.4196014563832));
#8513=CARTESIAN_POINT('Ctrl Pts',(-6.40977935729218,36.5223516183202,-13.8367953665625));
#8514=CARTESIAN_POINT('Ctrl Pts',(-5.94102489557357,38.7324352748676,5.01373427951777));
#8515=CARTESIAN_POINT('Ctrl Pts',(-5.47227043385497,31.7953943418095,22.6802110306919));
#8516=CARTESIAN_POINT('Ctrl Pts',(-5.00351597213637,17.3494934220981,34.9904865891328));
#8517=CARTESIAN_POINT('Ctrl Pts',(-4.53476151041776,-1.19369641767184,39.0373431807313));
#8518=CARTESIAN_POINT('Ctrl Pts',(-4.06600704869917,-19.4549806716697,33.8650675595475));
#8519=CARTESIAN_POINT('Ctrl Pts',(-3.59725258698056,-33.1217401861402,20.6951540412137));
#8520=CARTESIAN_POINT('Ctrl Pts',(-3.12849812526196,-38.966407390698,2.6378341134187));
#8521=CARTESIAN_POINT('Ctrl Pts',(-2.65974366354335,-35.6086947117469,-16.0424416680677));
#8522=CARTESIAN_POINT('Ctrl Pts',(-2.19098920182476,-23.84156587575,-30.9341043241925));
#8523=CARTESIAN_POINT('Ctrl Pts',(-1.72223474010615,-6.44396810771788,-38.5203108603041));
#8524=CARTESIAN_POINT('Ctrl Pts',(-1.25348027838755,12.4754492596901,-37.0094885065526));
#8525=CARTESIAN_POINT('Ctrl Pts',(-0.784725816668945,28.4486411217797,-26.7584359048121));
#8526=CARTESIAN_POINT('Ctrl Pts',(-0.315971354950346,37.7033485173049,-10.1880608719416));
#8527=CARTESIAN_POINT('Ctrl Pts',(0.152783106768255,38.0539623827868,8.78834573268469));
#8528=CARTESIAN_POINT('Ctrl Pts',(0.621537568486857,29.417681089883,25.6892801191798));
#8529=CARTESIAN_POINT('Ctrl Pts',(1.09029203020546,13.8340650333019,36.5233859109766));
#8530=CARTESIAN_POINT('Ctrl Pts',(1.55904649192406,-5.0166297789152,38.732060355848));
#8531=CARTESIAN_POINT('Ctrl Pts',(2.02780095364267,-22.6825878896543,31.7936987526751));
#8532=CARTESIAN_POINT('Ctrl Pts',(2.49655541536126,-34.9917834841883,17.3468775963697));
#8533=CARTESIAN_POINT('Ctrl Pts',(2.96530987707987,-39.0372538347101,-1.19661472168678));
#8534=CARTESIAN_POINT('Ctrl Pts',(3.43406433879847,-33.8636130725738,-19.457512261817));
#8535=CARTESIAN_POINT('Ctrl Pts',(3.90281880051708,-20.6926779076601,-33.1232871973418));
#8536=CARTESIAN_POINT('Ctrl Pts',(4.37157326223568,-2.63492110163124,-38.966604477885));
#8537=CARTESIAN_POINT('Ctrl Pts',(4.84032772395428,16.0451036157594,-35.6074953304398));
#8538=CARTESIAN_POINT('Ctrl Pts',(5.30908218567288,30.9358865572268,-23.8392532740886));
#8539=CARTESIAN_POINT('Ctrl Pts',(5.77783664739148,38.5207924831835,-6.44108843405008));
#8540=CARTESIAN_POINT('Ctrl Pts',(6.24659110911008,37.0085557783146,12.478215936228));
#8541=CARTESIAN_POINT('Ctrl Pts',(6.71534557082868,26.7563091003071,28.4506414176651));
#8542=CARTESIAN_POINT('Ctrl Pts',(7.18410003254729,10.1852422613125,37.7041100389087));
#8543=CARTESIAN_POINT('Ctrl Pts',(7.65285449426589,-8.79119050106411,38.0533052877375));
#8544=CARTESIAN_POINT('Ctrl Pts',(8.1216089559845,-25.691479219469,29.415760558981));
#8545=CARTESIAN_POINT('Ctrl Pts',(8.59036341770309,-36.5244199995295,13.8313346227276));
#8546=CARTESIAN_POINT('Ctrl Pts',(9.0591178794217,-38.7316852203627,-5.01952525027543));
#8547=CARTESIAN_POINT('Ctrl Pts',(9.5278723411403,-31.7920029858695,-22.6849646218548));
#8548=CARTESIAN_POINT('Ctrl Pts',(9.99662680285891,-17.3442616736797,-34.9930801836863));
#8549=CARTESIAN_POINT('Ctrl Pts',(10.4653812645775,1.19953301898285,-39.0371642705323));
#8550=CARTESIAN_POINT('Ctrl Pts',(10.9341357262961,19.4600437432855,-33.8621583963384));
#8551=CARTESIAN_POINT('Ctrl Pts',(11.4028901880147,33.1248340233129,-20.6902016584872));
#8552=CARTESIAN_POINT('Ctrl Pts',(11.8716446497333,38.9668013475344,-2.63200807507262));
#8553=CARTESIAN_POINT('Ctrl Pts',(12.3403991114519,35.6062957496887,16.0477654736926));
#8554=CARTESIAN_POINT('Ctrl Pts',(12.8091535731705,23.8369405400736,30.9376686175468));
#8555=CARTESIAN_POINT('Ctrl Pts',(13.2779080348891,6.4382087226827,38.5212738904487));
#8556=CARTESIAN_POINT('Ctrl Pts',(13.7466624966077,-12.4809825397135,37.0076228439092));
#8557=CARTESIAN_POINT('Ctrl Pts',(14.2154169583263,-28.4526415610145,26.7541821449902));
#8558=CARTESIAN_POINT('Ctrl Pts',(14.6841714200449,-37.7048713372102,10.1824235962597));
#8559=CARTESIAN_POINT('Ctrl Pts',(15.1529258817635,-38.0526480045512,-8.79403522517846));
#8560=CARTESIAN_POINT('Ctrl Pts',(15.6216803434822,-29.4138398159038,-25.6936781667009));
#8561=CARTESIAN_POINT('Ctrl Pts',(16.0904348052007,-13.8286042279452,-36.5254539024279));
#8562=CARTESIAN_POINT('Ctrl Pts',(16.5591892669193,5.02242087493767,-38.7313098324488));
#8563=CARTESIAN_POINT('Ctrl Pts',(17.0279437286379,22.6873408739696,-31.7903071114743));
#8564=CARTESIAN_POINT('Ctrl Pts',(17.4966981903565,34.9943773759301,-17.341645517527));
#8565=CARTESIAN_POINT('Ctrl Pts',(17.9654526520751,39.0370731472497,1.20245104358554));
#8566=CARTESIAN_POINT('Ctrl Pts',(18.4342071137937,33.8607061432502,19.4625756341941));
#8567=CARTESIAN_POINT('Ctrl Pts',(18.9029615755123,20.6877202042986,33.1263796546311));
#8568=CARTESIAN_POINT('Ctrl Pts',(19.371716037231,2.62910494881543,38.9669999661582));
#8569=CARTESIAN_POINT('Ctrl Pts',(19.8404704989495,-16.0504465581162,35.6050921383912));
#8570=CARTESIAN_POINT('Ctrl Pts',(20.3092249606682,-30.9394128735719,23.8346351373827));
#8571=CARTESIAN_POINT('Ctrl Pts',(20.7779794223867,-38.5218283963348,6.4353144331306));
#8572=CARTESIAN_POINT('Ctrl Pts',(21.2467338841054,-37.0065468599046,-12.4837207428444));
#8573=CARTESIAN_POINT('Ctrl Pts',(21.7154883458239,-26.7523334738282,-28.454696736888));
#8574=CARTESIAN_POINT('Ctrl Pts',(22.1842428075426,-10.1790608697248,-37.7055249166245));
#8575=CARTESIAN_POINT('Ctrl Pts',(22.6529972692612,8.79580382915579,-38.0521998026961));
#8576=CARTESIAN_POINT('Ctrl Pts',(23.1217517309798,25.6981419057776,-29.4115127224701));
#8577=CARTESIAN_POINT('Ctrl Pts',(23.4342547054588,32.9129166510012,-19.021598726999));
#8578=CARTESIAN_POINT('Ctrl Pts',(23.5905061926984,35.0859729135943,-13.2806151897281));
#8579=CARTESIAN_POINT('Ctrl Pts',(-19.81,-29.6105685829723,-21.1150574754864));
#8580=CARTESIAN_POINT('Ctrl Pts',(-19.6537485127605,-26.155592497406,-25.9601215466101));
#8581=CARTESIAN_POINT('Ctrl Pts',(-19.3412455382814,-16.8261878971443,-33.9180342614423));
#8582=CARTESIAN_POINT('Ctrl Pts',(-18.8724910765628,1.15259184677387,-37.8435652174773));
#8583=CARTESIAN_POINT('Ctrl Pts',(-18.4037366148442,18.8545428478068,-32.8322234976017));
#8584=CARTESIAN_POINT('Ctrl Pts',(-17.9349821531256,32.1060510411581,-20.0670165597326));
#8585=CARTESIAN_POINT('Ctrl Pts',(-17.466227691407,37.774172131314,-2.56281761712799));
#8586=CARTESIAN_POINT('Ctrl Pts',(-16.9974732296884,34.52206934433,15.5466580007003));
#8587=CARTESIAN_POINT('Ctrl Pts',(-16.5287187679698,23.1168643054851,29.9845867984164));
#8588=CARTESIAN_POINT('Ctrl Pts',(-16.0599643062512,6.25249406381312,37.3413090136525));
#8589=CARTESIAN_POINT('Ctrl Pts',(-15.5912098445326,-12.0885574165155,35.879432650055));
#8590=CARTESIAN_POINT('Ctrl Pts',(-15.122455382814,-27.5747111699773,25.9442047047285));
#8591=CARTESIAN_POINT('Ctrl Pts',(-14.6537009210954,-36.548790606336,9.88194338486377));
#8592=CARTESIAN_POINT('Ctrl Pts',(-14.1849464593768,-36.8914281869682,-8.51405555348965));
#8593=CARTESIAN_POINT('Ctrl Pts',(-13.7161919976582,-28.521722455172,-24.8993595026146));
#8594=CARTESIAN_POINT('Ctrl Pts',(-13.2474375359396,-13.4162703631689,-35.4043838146492));
#8595=CARTESIAN_POINT('Ctrl Pts',(-12.778683074221,4.85759183867713,-37.5482425054903));
#8596=CARTESIAN_POINT('Ctrl Pts',(-12.3099286125024,21.9842767932932,-30.8246377463393));
#8597=CARTESIAN_POINT('Ctrl Pts',(-11.8411741507838,33.9191133024975,-16.8214287235836));
#8598=CARTESIAN_POINT('Ctrl Pts',(-11.3724196890652,37.8435485696447,1.15436048151895));
#8599=CARTESIAN_POINT('Ctrl Pts',(-10.9036652273466,32.830780297098,18.8575337430165));
#8600=CARTESIAN_POINT('Ctrl Pts',(-10.434910765628,20.0646334004465,32.1072764559146));
#8601=CARTESIAN_POINT('Ctrl Pts',(-9.96615630390935,2.55998500499195,37.7745045152403));
#8602=CARTESIAN_POINT('Ctrl Pts',(-9.49740184219077,-15.549234238811,34.520834711392));
#8603=CARTESIAN_POINT('Ctrl Pts',(-9.02864738047215,-29.9863171562659,23.1146598089351));
#8604=CARTESIAN_POINT('Ctrl Pts',(-8.55989291875356,-37.3417751460107,6.24968347532823));
#8605=CARTESIAN_POINT('Ctrl Pts',(-8.09113845703495,-35.8785294533803,-12.0912298344415));
#8606=CARTESIAN_POINT('Ctrl Pts',(-7.62238399531635,-25.9421429238588,-27.5766556192254));
#8607=CARTESIAN_POINT('Ctrl Pts',(-7.15362953359775,-9.8792112457228,-36.5495266698977));
#8608=CARTESIAN_POINT('Ctrl Pts',(-6.68487507187914,8.516813497188,-36.8907929229533));
#8609=CARTESIAN_POINT('Ctrl Pts',(-6.21612061016055,24.9014915840587,-28.5198602997639));
#8610=CARTESIAN_POINT('Ctrl Pts',(-5.74736614844194,35.4053866949089,-13.4136239553021));
#8611=CARTESIAN_POINT('Ctrl Pts',(-5.27861168672334,37.5478792514096,4.86039899092378));
#8612=CARTESIAN_POINT('Ctrl Pts',(-4.80985722500474,30.8229941914309,21.9865809917066));
#8613=CARTESIAN_POINT('Ctrl Pts',(-4.34110276328614,16.8188929888631,33.9203707712468));
#8614=CARTESIAN_POINT('Ctrl Pts',(-3.87234830156753,-1.15718953986521,37.8434621433948));
#8615=CARTESIAN_POINT('Ctrl Pts',(-3.40359383984893,-18.8599880155835,32.8293704886612));
#8616=CARTESIAN_POINT('Ctrl Pts',(-2.93483937813033,-32.1087763338425,20.0622331003552));
#8617=CARTESIAN_POINT('Ctrl Pts',(-2.46608491641173,-37.7746957862093,2.55716109955426));
#8618=CARTESIAN_POINT('Ctrl Pts',(-1.99733045469312,-34.5196722036362,-15.5518148646141));
#8619=CARTESIAN_POINT('Ctrl Pts',(-1.52857599297452,-23.112418062906,-29.9880450499058));
#8620=CARTESIAN_POINT('Ctrl Pts',(-1.05982153125592,-6.24689190574922,-37.3422422485261));
#8621=CARTESIAN_POINT('Ctrl Pts',(-0.591067069537315,12.0939119651452,-35.8776254510948));
#8622=CARTESIAN_POINT('Ctrl Pts',(-0.122312607818714,27.5785948940935,-25.9400813086082));
#8623=CARTESIAN_POINT('Ctrl Pts',(0.346441853899887,36.5502651061081,-9.87647889194026));
#8624=CARTESIAN_POINT('Ctrl Pts',(0.815196315618486,36.8901561300408,8.51957131145338));
#8625=CARTESIAN_POINT('Ctrl Pts',(1.28395077733709,28.5179986639294,24.9036235683453));
#8626=CARTESIAN_POINT('Ctrl Pts',(1.75270523905569,13.4109771239615,35.4063893557407));
#8627=CARTESIAN_POINT('Ctrl Pts',(2.2214597007743,-4.86320593711696,37.5475157985574));
#8628=CARTESIAN_POINT('Ctrl Pts',(2.6902141624929,-21.9888851590714,30.8213504585846));
#8629=CARTESIAN_POINT('Ctrl Pts',(3.1589686242115,-33.9216280032954,16.816357163065));
#8630=CARTESIAN_POINT('Ctrl Pts',(3.6277230859301,-37.8433755298475,-1.16001859324112));
#8631=CARTESIAN_POINT('Ctrl Pts',(4.0964775476487,-32.8279604843361,-18.8624421819815));
#8632=CARTESIAN_POINT('Ctrl Pts',(4.5652320093673,-20.0598326945191,-32.1102760327224));
#8633=CARTESIAN_POINT('Ctrl Pts',(5.03398647108591,-2.55433717655334,-37.7748868458689));
#8634=CARTESIAN_POINT('Ctrl Pts',(5.50274093280451,15.5543954018251,-34.5185095030681));
#8635=CARTESIAN_POINT('Ctrl Pts',(5.97149539452312,29.9897727768172,-23.1101761876581));
#8636=CARTESIAN_POINT('Ctrl Pts',(6.4402498562417,37.3427091419087,-6.24410030128654));
#8637=CARTESIAN_POINT('Ctrl Pts',(6.90900431796032,35.8767212485316,12.0965940282748));
#8638=CARTESIAN_POINT('Ctrl Pts',(7.3777587796789,25.9380195482727,27.580534014829));
#8639=CARTESIAN_POINT('Ctrl Pts',(7.84651324139752,9.87374648302242,36.5510033380582));
#8640=CARTESIAN_POINT('Ctrl Pts',(8.31526770311612,-8.52232907813787,36.8895191309625));
#8641=CARTESIAN_POINT('Ctrl Pts',(8.78402216483472,-24.9057554134393,28.5161368687209));
#8642=CARTESIAN_POINT('Ctrl Pts',(9.25277662655333,-35.4073918187112,13.4083302176716));
#8643=CARTESIAN_POINT('Ctrl Pts',(9.72153108827193,-37.5471521358595,-4.8660128561304));
#8644=CARTESIAN_POINT('Ctrl Pts',(10.1902855499905,-30.8197065535009,-21.991189203551));
#8645=CARTESIAN_POINT('Ctrl Pts',(10.6590400117091,-16.8138212432707,-33.9228850457671));
#8646=CARTESIAN_POINT('Ctrl Pts',(11.1277944734277,1.16284764010365,-37.8432887048154));
#8647=CARTESIAN_POINT('Ctrl Pts',(11.5965489351463,18.8648962430244,-32.8265502965374));
#8648=CARTESIAN_POINT('Ctrl Pts',(12.0653033968649,32.1117755520368,-20.0574321765996));
#8649=CARTESIAN_POINT('Ctrl Pts',(12.5340578585835,37.7750776946439,-2.55151323923306));
#8650=CARTESIAN_POINT('Ctrl Pts',(13.0028123203021,34.5173466091557,15.5569758520229));
#8651=CARTESIAN_POINT('Ctrl Pts',(13.4715667820208,23.1079341841042,29.9915003362965));
#8652=CARTESIAN_POINT('Ctrl Pts',(13.9403212437393,6.24130866027732,37.3431758262712));
#8653=CARTESIAN_POINT('Ctrl Pts',(14.409075705458,-12.0992760205863,35.8758168461062));
#8654=CARTESIAN_POINT('Ctrl Pts',(14.8778301671766,-27.5824729876932,25.9359576417377));
#8655=CARTESIAN_POINT('Ctrl Pts',(15.3465846288952,-36.5517413535353,9.87101402134514));
#8656=CARTESIAN_POINT('Ctrl Pts',(15.8153390906138,-36.8888819495011,-8.52508680191096));
#8657=CARTESIAN_POINT('Ctrl Pts',(16.2840935523324,-28.5142748678262,-24.907887110157));
#8658=CARTESIAN_POINT('Ctrl Pts',(16.752848014051,-13.4056833266907,-35.408394101705));
#8659=CARTESIAN_POINT('Ctrl Pts',(17.2216024757696,4.86881992375741,-37.5467882284532));
#8660=CARTESIAN_POINT('Ctrl Pts',(17.6903569374882,21.9934927826274,-30.8180625441178));
#8661=CARTESIAN_POINT('Ctrl Pts',(18.1591113992068,33.9241425659151,-16.8112850971537));
#8662=CARTESIAN_POINT('Ctrl Pts',(18.6278658609254,37.8432003683608,1.16567642261262));
#8663=CARTESIAN_POINT('Ctrl Pts',(19.096620322644,32.8251424577788,18.8673507009855));
#8664=CARTESIAN_POINT('Ctrl Pts',(19.5653747843626,20.0550266128498,32.1132739132343));
#8665=CARTESIAN_POINT('Ctrl Pts',(20.0341292460812,2.54869889943274,37.7752702389043));
#8666=CARTESIAN_POINT('Ctrl Pts',(20.5028837077998,-15.5595749407061,34.5161798079632));
#8667=CARTESIAN_POINT('Ctrl Pts',(20.9716381695184,-29.9931912476516,23.1056992876601));
#8668=CARTESIAN_POINT('Ctrl Pts',(21.4403926312369,-37.3437133736757,6.2385028869287));
#8669=CARTESIAN_POINT('Ctrl Pts',(21.9091470929556,-35.8747737689748,-12.1019304811126));
#8670=CARTESIAN_POINT('Ctrl Pts',(22.3779015546742,-25.9341655085792,-27.5844653100193));
#8671=CARTESIAN_POINT('Ctrl Pts',(22.8466560163928,-9.86775413724571,-36.5523749444973));
#8672=CARTESIAN_POINT('Ctrl Pts',(23.3154104781114,8.52680131658359,-36.888447455026));
#8673=CARTESIAN_POINT('Ctrl Pts',(23.78416493983,24.9122143344762,-28.5120189440085));
#8674=CARTESIAN_POINT('Ctrl Pts',(24.0966679143091,31.9063392594214,-18.4398602128063));
#8675=CARTESIAN_POINT('Ctrl Pts',(24.2529194015486,34.0129368326266,-12.8744534648952));
#8676=CARTESIAN_POINT('Ctrl Pts',(22.2656797749979,37.2320450755297,-14.092938639394));
#8677=CARTESIAN_POINT('Ctrl Pts',(22.1094282877584,34.9260714341609,-20.1850757553844));
#8678=CARTESIAN_POINT('Ctrl Pts',(21.9531768005188,31.0980342412707,-25.6977880173889));
#8679=CARTESIAN_POINT('Ctrl Pts',(21.7969253132793,26.1946509458122,-29.9823448514982));
#8680=CARTESIAN_POINT('Ctrl Pts',(21.6406738260398,21.2912676503537,-34.2669016856077));
#8681=CARTESIAN_POINT('Ctrl Pts',(21.4844223388002,15.3125382523269,-37.323303091822));
#8682=CARTESIAN_POINT('Ctrl Pts',(21.3281708515607,8.96725968848293,-38.7901905220696));
#8683=CARTESIAN_POINT('Ctrl Pts',(21.1719193643211,2.62198112463897,-40.2570779523172));
#8684=CARTESIAN_POINT('Ctrl Pts',(21.0156678770816,-4.08984660502218,-40.1344514065979));
#8685=CARTESIAN_POINT('Ctrl Pts',(20.8594163898421,-10.3769263147933,-38.4370272553627));
#8686=CARTESIAN_POINT('Ctrl Pts',(20.7031649026026,-16.6640060245643,-36.7396031041275));
#8687=CARTESIAN_POINT('Ctrl Pts',(20.546913415363,-22.5263377144453,-33.4673813473765));
#8688=CARTESIAN_POINT('Ctrl Pts',(20.3906619281235,-27.2710741656254,-29.0066274149481));
#8689=CARTESIAN_POINT('Ctrl Pts',(20.2344104408839,-32.0158106168057,-24.5458734825196));
#8690=CARTESIAN_POINT('Ctrl Pts',(20.0781589536444,-35.642951829285,-18.8965873744138));
#8691=CARTESIAN_POINT('Ctrl Pts',(19.9219074664049,-37.7245166688394,-12.7259045217204));
#8692=CARTESIAN_POINT('Ctrl Pts',(19.7656559791654,-39.8060815083939,-6.55522166902709));
#8693=CARTESIAN_POINT('Ctrl Pts',(19.6094044919258,-40.3420699750234,0.136857928253789));
#8694=CARTESIAN_POINT('Ctrl Pts',(19.4531530046863,-39.2690304889647,6.56015927877648));
#8695=CARTESIAN_POINT('Ctrl Pts',(19.2969015174467,-38.1959910029061,12.983460629299));
#8696=CARTESIAN_POINT('Ctrl Pts',(19.1406500302072,-35.5139235641594,19.1379837330633));
#8697=CARTESIAN_POINT('Ctrl Pts',(18.9843985429677,-31.5396121227067,24.296980278682));
#8698=CARTESIAN_POINT('Ctrl Pts',(18.8281470557282,-27.5653006812539,29.4559768243008));
#8699=CARTESIAN_POINT('Ctrl Pts',(18.6718955684886,-22.2987452370951,33.619446811774));
#8700=CARTESIAN_POINT('Ctrl Pts',(18.5156440812491,-16.3617830415961,36.2957722424137));
#8701=CARTESIAN_POINT('Ctrl Pts',(18.3808363948391,-11.2396037137816,38.6048013963672));
#8702=CARTESIAN_POINT('Ctrl Pts',(18.2460287084292,-5.61840275605992,39.8068648176889));
#8703=CARTESIAN_POINT('Ctrl Pts',(18.1112210220192,0.000757218625692668,
39.8117820141155));
#8704=CARTESIAN_POINT('Origin',(-10.,0.,0.));
#8705=CARTESIAN_POINT('Origin',(22.2656797749979,0.,0.));
#8706=CARTESIAN_POINT('Origin',(27.5,0.,0.));
#8707=CARTESIAN_POINT('Origin',(27.5,-2.75545529808154E-15,-22.5));
#8708=CARTESIAN_POINT('Origin',(120.,0.,0.));
#8709=CARTESIAN_POINT('Origin',(120.,0.,0.));
#8710=CARTESIAN_POINT('Origin',(-25.,0.,0.));
#8711=CARTESIAN_POINT('',(-25.,-5.51091059616309E-15,45.));
#8712=CARTESIAN_POINT('Origin',(22.8885438199983,0.,0.));
#8713=CARTESIAN_POINT('',(22.8885438199983,-5.02787659920836E-15,41.0557280900008));
#8714=CARTESIAN_POINT('Origin',(110.,0.,0.));
#8715=UNCERTAINTY_MEASURE_WITH_UNIT(LENGTH_MEASURE(0.01),#8719,
'DISTANCE_ACCURACY_VALUE',
'Maximum model space distance between geometric entities at asserted c
onnectivities');
#8716=UNCERTAINTY_MEASURE_WITH_UNIT(LENGTH_MEASURE(0.01),#8719,
'DISTANCE_ACCURACY_VALUE',
'Maximum model space distance between geometric entities at asserted c
onnectivities');
#8717=(
GEOMETRIC_REPRESENTATION_CONTEXT(3)
GLOBAL_UNCERTAINTY_ASSIGNED_CONTEXT((#8715))
GLOBAL_UNIT_ASSIGNED_CONTEXT((#8719,#8721,#8722))
REPRESENTATION_CONTEXT('','3D')
);
#8718=(
GEOMETRIC_REPRESENTATION_CONTEXT(3)
GLOBAL_UNCERTAINTY_ASSIGNED_CONTEXT((#8716))
GLOBAL_UNIT_ASSIGNED_CONTEXT((#8719,#8721,#8722))
REPRESENTATION_CONTEXT('','3D')
);
#8719=(
LENGTH_UNIT()
NAMED_UNIT(*)
SI_UNIT(.MILLI.,.METRE.)
);
#8720=(
LENGTH_UNIT()
NAMED_UNIT(*)
SI_UNIT($,.METRE.)
);
#8721=(
NAMED_UNIT(*)
PLANE_ANGLE_UNIT()
SI_UNIT($,.RADIAN.)
);
#8722=(
NAMED_UNIT(*)
SI_UNIT($,.STERADIAN.)
SOLID_ANGLE_UNIT()
);
#8723=SHAPE_DEFINITION_REPRESENTATION(#8724,#8725);
#8724=PRODUCT_DEFINITION_SHAPE('',$,#8727);
#8725=SHAPE_REPRESENTATION('',(#1909),#8717);
#8726=PRODUCT_DEFINITION_CONTEXT('part definition',#8731,'design');
#8727=PRODUCT_DEFINITION('(Unsaved)','(Unsaved)',#8728,#8726);
#8728=PRODUCT_DEFINITION_FORMATION('',$,#8733);
#8729=PRODUCT_RELATED_PRODUCT_CATEGORY('(Unsaved)','(Unsaved)',(#8733));
#8730=APPLICATION_PROTOCOL_DEFINITION('international standard',
'automotive_design',2009,#8731);
#8731=APPLICATION_CONTEXT(
'Core Data for Automotive Mechanical Design Process');
#8732=PRODUCT_CONTEXT('part definition',#8731,'mechanical');
#8733=PRODUCT('(Unsaved)','(Unsaved)',$,(#8732));
#8734=PRESENTATION_STYLE_ASSIGNMENT((#8735));
#8735=SURFACE_STYLE_USAGE(.BOTH.,#8736);
#8736=SURFACE_SIDE_STYLE('',(#8737));
#8737=SURFACE_STYLE_FILL_AREA(#8738);
#8738=FILL_AREA_STYLE('Steel - Satin',(#8739));
#8739=FILL_AREA_STYLE_COLOUR('Steel - Satin',#8740);
#8740=COLOUR_RGB('Steel - Satin',0.627450980392157,0.627450980392157,0.627450980392157);
ENDSEC;
END-ISO-10303-21;
