ISO-10303-21;
HEADER;
/* Generated by software containing ST-Developer
 * from STEP Tools, Inc. (www.steptools.com) 
 */

FILE_DESCRIPTION(
/* description */ (''),
/* implementation_level */ '2;1');

FILE_NAME(
/* name */ 'Untitled.step',
/* time_stamp */ '2024-10-31T13:47:53+03:00',
/* author */ (''),
/* organization */ (''),
/* preprocessor_version */ 'ST-DEVELOPER v20',
/* originating_system */ 'Autodesk Translation Framework v13.14.0.145',

/* authorisation */ '');

FILE_SCHEMA (('AUTOMOTIVE_DESIGN { 1 0 10303 214 3 1 1 }'));
ENDSEC;

DATA;
#10=MECHANICAL_DESIGN_GEOMETRIC_PRESENTATION_REPRESENTATION('',(#13),#6903);
#11=SHAPE_REPRESENTATION_RELATIONSHIP('SRR','None',#6910,#12);
#12=ADVANCED_BREP_SHAPE_REPRESENTATION('',(#14),#6902);
#13=STYLED_ITEM('',(#6919),#14);
#14=MANIFOLD_SOLID_BREP('Body1',#1312);
#15=TOROIDAL_SURFACE('',#1431,22.5,7.5);
#16=TOROIDAL_SURFACE('',#1437,50.,10.);
#17=CONICAL_SURFACE('',#1403,49.5,0.785398163397457);
#18=CONICAL_SURFACE('',#1408,37.5,0.785398163397448);
#19=CONICAL_SURFACE('',#1416,20.,0.785398163397448);
#20=CONICAL_SURFACE('',#1435,45.,0.785398163397448);
#21=CONICAL_SURFACE('',#1436,41.0557280900008,1.10714871779409);
#22=(
BOUNDED_CURVE()
B_SPLINE_CURVE(2,(#4501,#4502,#4503),.UNSPECIFIED.,.F.,.F.)
B_SPLINE_CURVE_WITH_KNOTS((3,3),(2.25257941590005,4.45562451659933),
 .UNSPECIFIED.)
CURVE()
GEOMETRIC_REPRESENTATION_ITEM()
RATIONAL_B_SPLINE_CURVE((1.08921464952063,1.11078535047937,1.08921464952063))
REPRESENTATION_ITEM('')
);
#23=(
BOUNDED_CURVE()
B_SPLINE_CURVE(2,(#4510,#4511,#4512),.UNSPECIFIED.,.F.,.F.)
B_SPLINE_CURVE_WITH_KNOTS((3,3),(1.39133150928965,2.29650424268593),
 .UNSPECIFIED.)
CURVE()
GEOMETRIC_REPRESENTATION_ITEM()
RATIONAL_B_SPLINE_CURVE((1.01053786884919,1.00869679884321,1.))
REPRESENTATION_ITEM('')
);
#24=(
BOUNDED_CURVE()
B_SPLINE_CURVE(2,(#4514,#4515,#4516),.UNSPECIFIED.,.F.,.F.)
B_SPLINE_CURVE_WITH_KNOTS((3,3),(0.,0.905172733396281),.UNSPECIFIED.)
CURVE()
GEOMETRIC_REPRESENTATION_ITEM()
RATIONAL_B_SPLINE_CURVE((1.,1.00869679884321,1.01053786884919))
REPRESENTATION_ITEM('')
);
#25=(
BOUNDED_CURVE()
B_SPLINE_CURVE(2,(#4529,#4530,#4531),.UNSPECIFIED.,.F.,.F.)
B_SPLINE_CURVE_WITH_KNOTS((3,3),(0.,0.141785376208898),.UNSPECIFIED.)
CURVE()
GEOMETRIC_REPRESENTATION_ITEM()
RATIONAL_B_SPLINE_CURVE((1.,1.00005154531654,1.))
REPRESENTATION_ITEM('')
);
#26=(
BOUNDED_CURVE()
B_SPLINE_CURVE(2,(#4548,#4549,#4550),.UNSPECIFIED.,.F.,.F.)
B_SPLINE_CURVE_WITH_KNOTS((3,3),(0.,0.141785376208898),.UNSPECIFIED.)
CURVE()
GEOMETRIC_REPRESENTATION_ITEM()
RATIONAL_B_SPLINE_CURVE((1.,1.00005154531654,1.))
REPRESENTATION_ITEM('')
);
#27=FACE_BOUND('',#161,.T.);
#28=FACE_BOUND('',#180,.T.);
#29=FACE_BOUND('',#186,.T.);
#30=FACE_BOUND('',#188,.T.);
#31=PLANE('',#1371);
#32=PLANE('',#1373);
#33=PLANE('',#1375);
#34=PLANE('',#1378);
#35=PLANE('',#1385);
#36=PLANE('',#1387);
#37=PLANE('',#1389);
#38=PLANE('',#1390);
#39=PLANE('',#1395);
#40=PLANE('',#1398);
#41=PLANE('',#1399);
#42=PLANE('',#1400);
#43=PLANE('',#1401);
#44=PLANE('',#1404);
#45=PLANE('',#1410);
#46=PLANE('',#1412);
#47=PLANE('',#1421);
#48=PLANE('',#1424);
#49=PLANE('',#1433);
#50=B_SPLINE_SURFACE_WITH_KNOTS('',3,3,((#3608,#3609,#3610,#3611,#3612,
#3613,#3614,#3615,#3616,#3617,#3618,#3619),(#3620,#3621,#3622,#3623,#3624,
#3625,#3626,#3627,#3628,#3629,#3630,#3631),(#3632,#3633,#3634,#3635,#3636,
#3637,#3638,#3639,#3640,#3641,#3642,#3643),(#3644,#3645,#3646,#3647,#3648,
#3649,#3650,#3651,#3652,#3653,#3654,#3655)),.UNSPECIFIED.,.F.,.F.,.F.,(4,
4),(4,1,1,1,1,1,1,1,1,4),(-1.73104224784115E-15,0.387719573274295),(52.5083272125533,
52.7795692117915,53.322053210268,53.5932952095062,53.8645372087445,54.1357792079827,
54.6782632064592,54.9495052056974,55.4919892041739,55.7632312034121),
 .UNSPECIFIED.);
#51=B_SPLINE_SURFACE_WITH_KNOTS('',3,3,((#3817,#3818,#3819,#3820,#3821,
#3822,#3823,#3824,#3825,#3826,#3827,#3828,#3829,#3830,#3831,#3832,#3833,
#3834,#3835,#3836,#3837,#3838,#3839,#3840,#3841,#3842,#3843,#3844,#3845,
#3846,#3847,#3848,#3849,#3850,#3851,#3852,#3853,#3854,#3855,#3856,#3857,
#3858,#3859,#3860,#3861,#3862,#3863,#3864,#3865,#3866,#3867,#3868,#3869,
#3870,#3871,#3872,#3873,#3874,#3875,#3876,#3877,#3878,#3879,#3880,#3881,
#3882,#3883,#3884,#3885,#3886,#3887,#3888,#3889,#3890,#3891,#3892,#3893,
#3894,#3895,#3896,#3897,#3898,#3899,#3900,#3901),(#3902,#3903,#3904,#3905,
#3906,#3907,#3908,#3909,#3910,#3911,#3912,#3913,#3914,#3915,#3916,#3917,
#3918,#3919,#3920,#3921,#3922,#3923,#3924,#3925,#3926,#3927,#3928,#3929,
#3930,#3931,#3932,#3933,#3934,#3935,#3936,#3937,#3938,#3939,#3940,#3941,
#3942,#3943,#3944,#3945,#3946,#3947,#3948,#3949,#3950,#3951,#3952,#3953,
#3954,#3955,#3956,#3957,#3958,#3959,#3960,#3961,#3962,#3963,#3964,#3965,
#3966,#3967,#3968,#3969,#3970,#3971,#3972,#3973,#3974,#3975,#3976,#3977,
#3978,#3979,#3980,#3981,#3982,#3983,#3984,#3985,#3986),(#3987,#3988,#3989,
#3990,#3991,#3992,#3993,#3994,#3995,#3996,#3997,#3998,#3999,#4000,#4001,
#4002,#4003,#4004,#4005,#4006,#4007,#4008,#4009,#4010,#4011,#4012,#4013,
#4014,#4015,#4016,#4017,#4018,#4019,#4020,#4021,#4022,#4023,#4024,#4025,
#4026,#4027,#4028,#4029,#4030,#4031,#4032,#4033,#4034,#4035,#4036,#4037,
#4038,#4039,#4040,#4041,#4042,#4043,#4044,#4045,#4046,#4047,#4048,#4049,
#4050,#4051,#4052,#4053,#4054,#4055,#4056,#4057,#4058,#4059,#4060,#4061,
#4062,#4063,#4064,#4065,#4066,#4067,#4068,#4069,#4070,#4071),(#4072,#4073,
#4074,#4075,#4076,#4077,#4078,#4079,#4080,#4081,#4082,#4083,#4084,#4085,
#4086,#4087,#4088,#4089,#4090,#4091,#4092,#4093,#4094,#4095,#4096,#4097,
#4098,#4099,#4100,#4101,#4102,#4103,#4104,#4105,#4106,#4107,#4108,#4109,
#4110,#4111,#4112,#4113,#4114,#4115,#4116,#4117,#4118,#4119,#4120,#4121,
#4122,#4123,#4124,#4125,#4126,#4127,#4128,#4129,#4130,#4131,#4132,#4133,
#4134,#4135,#4136,#4137,#4138,#4139,#4140,#4141,#4142,#4143,#4144,#4145,
#4146,#4147,#4148,#4149,#4150,#4151,#4152,#4153,#4154,#4155,#4156)),
 .UNSPECIFIED.,.F.,.F.,.F.,(4,4),(4,1,1,1,1,1,1,1,1,1,1,1,1,1,1,1,1,1,1,
1,1,1,1,1,1,1,1,1,1,1,1,1,1,1,1,1,1,1,1,1,1,1,1,1,1,1,1,1,1,1,1,1,1,1,1,
1,1,1,1,1,1,1,1,1,1,1,1,1,1,1,1,1,1,1,1,1,1,1,1,1,1,1,4),(-9.2712204841282E-15,
0.387719573274302),(11.845234217129,12.341125595122,12.837016973115,13.332908351108,
13.828799729101,14.3246911070939,14.8205824850869,15.3164738630799,15.8123652410729,
16.3082566190659,16.8041479970588,17.3000393750518,17.7959307530448,18.2918221310378,
18.7877135090307,19.2836048870237,19.7794962650167,20.2753876430097,20.7712790210027,
21.2671703989956,21.7630617769886,22.2589531549816,22.7548445329746,23.2507359109675,
23.7466272889605,24.2425186669535,24.7384100449465,25.2343014229395,25.7301928009324,
26.2260841789254,26.7219755569184,27.2178669349114,27.7137583129044,28.2096496908973,
28.7055410688903,29.2014324468833,29.6973238248763,30.1932152028692,30.6891065808622,
31.1849979588552,31.6808893368482,32.1767807148412,32.6726720928341,33.1685634708271,
33.6644548488201,34.1603462268131,34.6562376048061,35.152128982799,35.648020360792,
36.143911738785,36.639803116778,37.1356944947709,37.6315858727639,38.1274772507569,
38.6233686287499,39.1192600067429,39.6151513847358,40.1110427627288,40.6069341407218,
41.1028255187148,41.5987168967077,42.0946082747007,42.5904996526937,43.0863910306867,
43.5822824086797,44.0781737866726,44.5740651646656,45.0699565426586,45.5658479206516,
46.0617392986446,46.5576306766375,47.0535220546305,47.5494134326235,48.0453048106165,
48.5411961886094,49.0370875666024,49.5329789445954,50.0288703225884,50.5247617005814,
51.0206530785743,51.5165444565673,52.0124358345603,52.5083272125533),
 .UNSPECIFIED.);
#52=B_SPLINE_SURFACE_WITH_KNOTS('',3,3,((#4946,#4947,#4948,#4949,#4950,
#4951,#4952,#4953,#4954,#4955,#4956,#4957,#4958,#4959,#4960,#4961,#4962,
#4963,#4964,#4965,#4966,#4967,#4968,#4969,#4970,#4971,#4972,#4973,#4974,
#4975,#4976,#4977,#4978,#4979,#4980,#4981,#4982,#4983,#4984,#4985,#4986,
#4987,#4988,#4989,#4990,#4991,#4992,#4993,#4994,#4995,#4996,#4997,#4998,
#4999,#5000,#5001,#5002,#5003,#5004,#5005,#5006,#5007,#5008,#5009,#5010,
#5011,#5012,#5013,#5014,#5015,#5016,#5017,#5018,#5019,#5020,#5021,#5022,
#5023,#5024,#5025,#5026,#5027,#5028,#5029,#5030,#5031,#5032,#5033,#5034,
#5035,#5036),(#5037,#5038,#5039,#5040,#5041,#5042,#5043,#5044,#5045,#5046,
#5047,#5048,#5049,#5050,#5051,#5052,#5053,#5054,#5055,#5056,#5057,#5058,
#5059,#5060,#5061,#5062,#5063,#5064,#5065,#5066,#5067,#5068,#5069,#5070,
#5071,#5072,#5073,#5074,#5075,#5076,#5077,#5078,#5079,#5080,#5081,#5082,
#5083,#5084,#5085,#5086,#5087,#5088,#5089,#5090,#5091,#5092,#5093,#5094,
#5095,#5096,#5097,#5098,#5099,#5100,#5101,#5102,#5103,#5104,#5105,#5106,
#5107,#5108,#5109,#5110,#5111,#5112,#5113,#5114,#5115,#5116,#5117,#5118,
#5119,#5120,#5121,#5122,#5123,#5124,#5125,#5126,#5127),(#5128,#5129,#5130,
#5131,#5132,#5133,#5134,#5135,#5136,#5137,#5138,#5139,#5140,#5141,#5142,
#5143,#5144,#5145,#5146,#5147,#5148,#5149,#5150,#5151,#5152,#5153,#5154,
#5155,#5156,#5157,#5158,#5159,#5160,#5161,#5162,#5163,#5164,#5165,#5166,
#5167,#5168,#5169,#5170,#5171,#5172,#5173,#5174,#5175,#5176,#5177,#5178,
#5179,#5180,#5181,#5182,#5183,#5184,#5185,#5186,#5187,#5188,#5189,#5190,
#5191,#5192,#5193,#5194,#5195,#5196,#5197,#5198,#5199,#5200,#5201,#5202,
#5203,#5204,#5205,#5206,#5207,#5208,#5209,#5210,#5211,#5212,#5213,#5214,
#5215,#5216,#5217,#5218),(#5219,#5220,#5221,#5222,#5223,#5224,#5225,#5226,
#5227,#5228,#5229,#5230,#5231,#5232,#5233,#5234,#5235,#5236,#5237,#5238,
#5239,#5240,#5241,#5242,#5243,#5244,#5245,#5246,#5247,#5248,#5249,#5250,
#5251,#5252,#5253,#5254,#5255,#5256,#5257,#5258,#5259,#5260,#5261,#5262,
#5263,#5264,#5265,#5266,#5267,#5268,#5269,#5270,#5271,#5272,#5273,#5274,
#5275,#5276,#5277,#5278,#5279,#5280,#5281,#5282,#5283,#5284,#5285,#5286,
#5287,#5288,#5289,#5290,#5291,#5292,#5293,#5294,#5295,#5296,#5297,#5298,
#5299,#5300,#5301,#5302,#5303,#5304,#5305,#5306,#5307,#5308,#5309)),
 .UNSPECIFIED.,.F.,.F.,.F.,(4,4),(4,1,1,1,1,1,1,1,1,1,1,1,1,1,1,1,1,1,1,
1,1,1,1,1,1,1,1,1,1,1,1,1,1,1,1,1,1,1,1,1,1,1,1,1,1,1,1,1,1,1,1,1,1,1,1,
1,1,1,1,1,1,1,1,1,1,1,1,1,1,1,1,1,1,1,1,1,1,1,1,1,1,1,1,1,1,1,1,1,4),(-9.32359860725978E-15,
0.387719573274297),(14.3990047267599,14.8980728743313,15.3971410219027,
15.8962091694741,16.3952773170455,16.8943454646169,17.3934136121883,17.8924817597597,
18.3915499073311,18.8906180549025,19.3896862024739,19.8887543500453,20.3878224976167,
20.8868906451881,21.3859587927595,21.8850269403309,22.3840950879023,22.8831632354737,
23.3822313830451,23.8812995306165,24.3803676781879,24.8794358257593,25.3785039733307,
25.8775721209021,26.3766402684735,26.8757084160449,27.3747765636163,27.8738447111877,
28.3729128587591,28.8719810063305,29.3710491539019,29.8701173014733,30.3691854490447,
30.8682535966161,31.3673217441875,31.8663898917589,32.3654580393303,32.8645261869017,
33.3635943344731,33.8626624820445,34.3617306296159,34.8607987771873,35.3598669247587,
35.8589350723301,36.3580032199015,36.8570713674729,37.3561395150442,37.8552076626156,
38.354275810187,38.8533439577584,39.3524121053298,39.8514802529012,40.3505484004726,
40.849616548044,41.3486846956154,41.8477528431868,42.3468209907582,42.8458891383296,
43.344957285901,43.8440254334724,44.3430935810438,44.8421617286152,45.3412298761866,
45.840298023758,46.3393661713294,46.8384343189008,47.3375024664722,47.8365706140436,
48.335638761615,48.8347069091864,49.3337750567578,49.8328432043292,50.3319113519006,
50.830979499472,51.3300476470434,51.8291157946148,52.3281839421862,52.8272520897576,
53.326320237329,53.8253883849004,54.3244565324718,54.8235246800432,55.3225928276146,
55.821660975186,56.3207291227574,56.8197972703288,57.3188654179002,57.8179335654716,
58.317001713043),.UNSPECIFIED.);
#53=B_SPLINE_SURFACE_WITH_KNOTS('',3,3,((#5693,#5694,#5695,#5696,#5697,
#5698,#5699,#5700,#5701,#5702,#5703,#5704,#5705,#5706,#5707,#5708,#5709,
#5710,#5711,#5712,#5713,#5714,#5715,#5716,#5717,#5718,#5719,#5720,#5721,
#5722,#5723,#5724,#5725,#5726,#5727,#5728,#5729,#5730,#5731,#5732,#5733,
#5734,#5735,#5736,#5737,#5738,#5739,#5740,#5741,#5742,#5743,#5744,#5745,
#5746,#5747,#5748,#5749,#5750,#5751,#5752,#5753,#5754,#5755,#5756,#5757,
#5758,#5759,#5760,#5761,#5762,#5763,#5764,#5765,#5766,#5767,#5768,#5769,
#5770,#5771,#5772,#5773,#5774,#5775,#5776,#5777,#5778,#5779,#5780,#5781,
#5782,#5783,#5784,#5785,#5786,#5787,#5788,#5789),(#5790,#5791,#5792,#5793,
#5794,#5795,#5796,#5797,#5798,#5799,#5800,#5801,#5802,#5803,#5804,#5805,
#5806,#5807,#5808,#5809,#5810,#5811,#5812,#5813,#5814,#5815,#5816,#5817,
#5818,#5819,#5820,#5821,#5822,#5823,#5824,#5825,#5826,#5827,#5828,#5829,
#5830,#5831,#5832,#5833,#5834,#5835,#5836,#5837,#5838,#5839,#5840,#5841,
#5842,#5843,#5844,#5845,#5846,#5847,#5848,#5849,#5850,#5851,#5852,#5853,
#5854,#5855,#5856,#5857,#5858,#5859,#5860,#5861,#5862,#5863,#5864,#5865,
#5866,#5867,#5868,#5869,#5870,#5871,#5872,#5873,#5874,#5875,#5876,#5877,
#5878,#5879,#5880,#5881,#5882,#5883,#5884,#5885,#5886),(#5887,#5888,#5889,
#5890,#5891,#5892,#5893,#5894,#5895,#5896,#5897,#5898,#5899,#5900,#5901,
#5902,#5903,#5904,#5905,#5906,#5907,#5908,#5909,#5910,#5911,#5912,#5913,
#5914,#5915,#5916,#5917,#5918,#5919,#5920,#5921,#5922,#5923,#5924,#5925,
#5926,#5927,#5928,#5929,#5930,#5931,#5932,#5933,#5934,#5935,#5936,#5937,
#5938,#5939,#5940,#5941,#5942,#5943,#5944,#5945,#5946,#5947,#5948,#5949,
#5950,#5951,#5952,#5953,#5954,#5955,#5956,#5957,#5958,#5959,#5960,#5961,
#5962,#5963,#5964,#5965,#5966,#5967,#5968,#5969,#5970,#5971,#5972,#5973,
#5974,#5975,#5976,#5977,#5978,#5979,#5980,#5981,#5982,#5983),(#5984,#5985,
#5986,#5987,#5988,#5989,#5990,#5991,#5992,#5993,#5994,#5995,#5996,#5997,
#5998,#5999,#6000,#6001,#6002,#6003,#6004,#6005,#6006,#6007,#6008,#6009,
#6010,#6011,#6012,#6013,#6014,#6015,#6016,#6017,#6018,#6019,#6020,#6021,
#6022,#6023,#6024,#6025,#6026,#6027,#6028,#6029,#6030,#6031,#6032,#6033,
#6034,#6035,#6036,#6037,#6038,#6039,#6040,#6041,#6042,#6043,#6044,#6045,
#6046,#6047,#6048,#6049,#6050,#6051,#6052,#6053,#6054,#6055,#6056,#6057,
#6058,#6059,#6060,#6061,#6062,#6063,#6064,#6065,#6066,#6067,#6068,#6069,
#6070,#6071,#6072,#6073,#6074,#6075,#6076,#6077,#6078,#6079,#6080)),
 .UNSPECIFIED.,.F.,.F.,.F.,(4,4),(4,1,1,1,1,1,1,1,1,1,1,1,1,1,1,1,1,1,1,
1,1,1,1,1,1,1,1,1,1,1,1,1,1,1,1,1,1,1,1,1,1,1,1,1,1,1,1,1,1,1,1,1,1,1,1,
1,1,1,1,1,1,1,1,1,1,1,1,1,1,1,1,1,1,1,1,1,1,1,1,1,1,1,1,1,1,1,1,1,1,1,1,
1,1,1,4),(0.,0.397447925310138),(8.29508325674548,8.78596178116968,9.27684030559388,
9.76771883001808,10.2585973544423,10.7494758788665,11.2403544032907,11.7312329277149,
12.2221114521391,12.7129899765633,13.2038685009875,13.6947470254117,14.1856255498359,
14.6765040742601,15.1673825986843,15.6582611231085,16.1491396475327,16.6400181719569,
17.1308966963811,17.6217752208053,18.1126537452295,18.6035322696537,19.0944107940779,
19.5852893185021,20.0761678429263,20.5670463673505,21.0579248917747,21.5488034161989,
22.0396819406231,22.5305604650473,23.0214389894715,23.5123175138957,24.0031960383199,
24.4940745627441,24.9849530871683,25.4758316115925,25.9667101360167,26.4575886604409,
26.9484671848651,27.4393457092892,27.9302242337134,28.4211027581376,28.9119812825618,
29.402859806986,29.8937383314102,30.3846168558344,30.8754953802586,31.3663739046828,
31.857252429107,32.3481309535312,32.8390094779554,33.3298880023796,33.8207665268038,
34.311645051228,34.8025235756522,35.2934021000764,35.7842806245006,36.2751591489248,
36.766037673349,37.2569161977732,37.7477947221974,38.2386732466216,38.7295517710458,
39.22043029547,39.7113088198942,40.2021873443184,40.6930658687426,41.1839443931668,
41.674822917591,42.1657014420152,42.6565799664394,43.1474584908636,43.6383370152878,
44.129215539712,44.6200940641362,45.1109725885604,45.6018511129846,46.0927296374088,
46.583608161833,47.0744866862572,47.5653652106814,48.0562437351056,48.5471222595298,
49.038000783954,49.5288793083782,50.0197578328024,50.5106363572266,51.0015148816508,
51.492393406075,51.9832719304992,52.4741504549234,52.9650289793476,53.4559075037718,
53.946786028196,54.4376645526202),.UNSPECIFIED.);
#54=B_SPLINE_SURFACE_WITH_KNOTS('',3,3,((#6473,#6474,#6475,#6476,#6477,
#6478,#6479,#6480,#6481,#6482,#6483,#6484,#6485,#6486,#6487,#6488,#6489,
#6490,#6491,#6492,#6493,#6494,#6495,#6496,#6497,#6498,#6499,#6500,#6501,
#6502,#6503,#6504,#6505,#6506,#6507,#6508,#6509,#6510,#6511,#6512,#6513,
#6514,#6515,#6516,#6517,#6518,#6519,#6520,#6521,#6522,#6523,#6524,#6525,
#6526,#6527,#6528,#6529,#6530,#6531,#6532,#6533,#6534,#6535,#6536,#6537,
#6538,#6539,#6540,#6541,#6542,#6543,#6544,#6545,#6546,#6547,#6548,#6549,
#6550,#6551,#6552,#6553,#6554,#6555,#6556,#6557,#6558,#6559,#6560,#6561,
#6562,#6563,#6564,#6565,#6566,#6567,#6568,#6569),(#6570,#6571,#6572,#6573,
#6574,#6575,#6576,#6577,#6578,#6579,#6580,#6581,#6582,#6583,#6584,#6585,
#6586,#6587,#6588,#6589,#6590,#6591,#6592,#6593,#6594,#6595,#6596,#6597,
#6598,#6599,#6600,#6601,#6602,#6603,#6604,#6605,#6606,#6607,#6608,#6609,
#6610,#6611,#6612,#6613,#6614,#6615,#6616,#6617,#6618,#6619,#6620,#6621,
#6622,#6623,#6624,#6625,#6626,#6627,#6628,#6629,#6630,#6631,#6632,#6633,
#6634,#6635,#6636,#6637,#6638,#6639,#6640,#6641,#6642,#6643,#6644,#6645,
#6646,#6647,#6648,#6649,#6650,#6651,#6652,#6653,#6654,#6655,#6656,#6657,
#6658,#6659,#6660,#6661,#6662,#6663,#6664,#6665,#6666),(#6667,#6668,#6669,
#6670,#6671,#6672,#6673,#6674,#6675,#6676,#6677,#6678,#6679,#6680,#6681,
#6682,#6683,#6684,#6685,#6686,#6687,#6688,#6689,#6690,#6691,#6692,#6693,
#6694,#6695,#6696,#6697,#6698,#6699,#6700,#6701,#6702,#6703,#6704,#6705,
#6706,#6707,#6708,#6709,#6710,#6711,#6712,#6713,#6714,#6715,#6716,#6717,
#6718,#6719,#6720,#6721,#6722,#6723,#6724,#6725,#6726,#6727,#6728,#6729,
#6730,#6731,#6732,#6733,#6734,#6735,#6736,#6737,#6738,#6739,#6740,#6741,
#6742,#6743,#6744,#6745,#6746,#6747,#6748,#6749,#6750,#6751,#6752,#6753,
#6754,#6755,#6756,#6757,#6758,#6759,#6760,#6761,#6762,#6763),(#6764,#6765,
#6766,#6767,#6768,#6769,#6770,#6771,#6772,#6773,#6774,#6775,#6776,#6777,
#6778,#6779,#6780,#6781,#6782,#6783,#6784,#6785,#6786,#6787,#6788,#6789,
#6790,#6791,#6792,#6793,#6794,#6795,#6796,#6797,#6798,#6799,#6800,#6801,
#6802,#6803,#6804,#6805,#6806,#6807,#6808,#6809,#6810,#6811,#6812,#6813,
#6814,#6815,#6816,#6817,#6818,#6819,#6820,#6821,#6822,#6823,#6824,#6825,
#6826,#6827,#6828,#6829,#6830,#6831,#6832,#6833,#6834,#6835,#6836,#6837,
#6838,#6839,#6840,#6841,#6842,#6843,#6844,#6845,#6846,#6847,#6848,#6849,
#6850,#6851,#6852,#6853,#6854,#6855,#6856,#6857,#6858,#6859,#6860)),
 .UNSPECIFIED.,.F.,.F.,.F.,(4,4),(4,1,1,1,1,1,1,1,1,1,1,1,1,1,1,1,1,1,1,
1,1,1,1,1,1,1,1,1,1,1,1,1,1,1,1,1,1,1,1,1,1,1,1,1,1,1,1,1,1,1,1,1,1,1,1,
1,1,1,1,1,1,1,1,1,1,1,1,1,1,1,1,1,1,1,1,1,1,1,1,1,1,1,1,1,1,1,1,1,1,1,1,
1,1,1,4),(0.,0.397447925310138),(11.6150328478183,12.1059113722425,12.5967898966667,
13.0876684210909,13.5785469455151,14.0694254699393,14.5603039943635,15.0511825187877,
15.5420610432119,16.0329395676361,16.5238180920603,17.0146966164845,17.5055751409087,
17.9964536653329,18.4873321897571,18.9782107141813,19.4690892386055,19.9599677630297,
20.4508462874539,20.9417248118781,21.4326033363023,21.9234818607265,22.4143603851507,
22.9052389095749,23.3961174339991,23.8869959584233,24.3778744828475,24.8687530072717,
25.3596315316959,25.8505100561201,26.3413885805443,26.8322671049685,27.3231456293927,
27.8140241538169,28.3049026782411,28.7957812026653,29.2866597270895,29.7775382515137,
30.2684167759379,30.7592953003621,31.2501738247863,31.7410523492105,32.2319308736347,
32.7228093980589,33.2136879224831,33.7045664469073,34.1954449713315,34.6863234957557,
35.1772020201799,35.6680805446041,36.1589590690283,36.6498375934525,37.1407161178767,
37.6315946423009,38.1224731667251,38.6133516911493,39.1042302155735,39.5951087399977,
40.0859872644219,40.5768657888461,41.0677443132703,41.5586228376945,42.0495013621187,
42.5403798865429,43.0312584109671,43.5221369353913,44.0130154598155,44.5038939842397,
44.9947725086639,45.4856510330881,45.9765295575123,46.4674080819365,46.9582866063607,
47.4491651307849,47.9400436552091,48.4309221796333,48.9218007040575,49.4126792284817,
49.9035577529059,50.3944362773301,50.8853148017543,51.3761933261785,51.8670718506027,
52.3579503750269,52.8488288994511,53.3397074238753,53.8305859482995,54.3214644727237,
54.8123429971479,55.3032215215721,55.7941000459963,56.2849785704205,56.7758570948447,
57.2667356192689,57.7576141436931),.UNSPECIFIED.);
#55=FACE_OUTER_BOUND('',#128,.T.);
#56=FACE_OUTER_BOUND('',#129,.T.);
#57=FACE_OUTER_BOUND('',#130,.T.);
#58=FACE_OUTER_BOUND('',#131,.T.);
#59=FACE_OUTER_BOUND('',#132,.T.);
#60=FACE_OUTER_BOUND('',#133,.T.);
#61=FACE_OUTER_BOUND('',#134,.T.);
#62=FACE_OUTER_BOUND('',#135,.T.);
#63=FACE_OUTER_BOUND('',#136,.T.);
#64=FACE_OUTER_BOUND('',#137,.T.);
#65=FACE_OUTER_BOUND('',#138,.T.);
#66=FACE_OUTER_BOUND('',#139,.T.);
#67=FACE_OUTER_BOUND('',#140,.T.);
#68=FACE_OUTER_BOUND('',#141,.T.);
#69=FACE_OUTER_BOUND('',#142,.T.);
#70=FACE_OUTER_BOUND('',#143,.T.);
#71=FACE_OUTER_BOUND('',#144,.T.);
#72=FACE_OUTER_BOUND('',#145,.T.);
#73=FACE_OUTER_BOUND('',#146,.T.);
#74=FACE_OUTER_BOUND('',#147,.T.);
#75=FACE_OUTER_BOUND('',#148,.T.);
#76=FACE_OUTER_BOUND('',#149,.T.);
#77=FACE_OUTER_BOUND('',#150,.T.);
#78=FACE_OUTER_BOUND('',#151,.T.);
#79=FACE_OUTER_BOUND('',#152,.T.);
#80=FACE_OUTER_BOUND('',#153,.T.);
#81=FACE_OUTER_BOUND('',#154,.T.);
#82=FACE_OUTER_BOUND('',#155,.T.);
#83=FACE_OUTER_BOUND('',#156,.T.);
#84=FACE_OUTER_BOUND('',#157,.T.);
#85=FACE_OUTER_BOUND('',#158,.T.);
#86=FACE_OUTER_BOUND('',#159,.T.);
#87=FACE_OUTER_BOUND('',#160,.T.);
#88=FACE_OUTER_BOUND('',#162,.T.);
#89=FACE_OUTER_BOUND('',#163,.T.);
#90=FACE_OUTER_BOUND('',#164,.T.);
#91=FACE_OUTER_BOUND('',#165,.T.);
#92=FACE_OUTER_BOUND('',#166,.T.);
#93=FACE_OUTER_BOUND('',#167,.T.);
#94=FACE_OUTER_BOUND('',#168,.T.);
#95=FACE_OUTER_BOUND('',#169,.T.);
#96=FACE_OUTER_BOUND('',#170,.T.);
#97=FACE_OUTER_BOUND('',#171,.T.);
#98=FACE_OUTER_BOUND('',#172,.T.);
#99=FACE_OUTER_BOUND('',#173,.T.);
#100=FACE_OUTER_BOUND('',#174,.T.);
#101=FACE_OUTER_BOUND('',#175,.T.);
#102=FACE_OUTER_BOUND('',#176,.T.);
#103=FACE_OUTER_BOUND('',#177,.T.);
#104=FACE_OUTER_BOUND('',#178,.T.);
#105=FACE_OUTER_BOUND('',#179,.T.);
#106=FACE_OUTER_BOUND('',#181,.T.);
#107=FACE_OUTER_BOUND('',#182,.T.);
#108=FACE_OUTER_BOUND('',#183,.T.);
#109=FACE_OUTER_BOUND('',#184,.T.);
#110=FACE_OUTER_BOUND('',#185,.T.);
#111=FACE_OUTER_BOUND('',#187,.T.);
#112=FACE_OUTER_BOUND('',#189,.T.);
#113=FACE_OUTER_BOUND('',#190,.T.);
#114=FACE_OUTER_BOUND('',#191,.T.);
#115=FACE_OUTER_BOUND('',#192,.T.);
#116=FACE_OUTER_BOUND('',#193,.T.);
#117=FACE_OUTER_BOUND('',#194,.T.);
#118=FACE_OUTER_BOUND('',#195,.T.);
#119=FACE_OUTER_BOUND('',#196,.T.);
#120=FACE_OUTER_BOUND('',#197,.T.);
#121=FACE_OUTER_BOUND('',#198,.T.);
#122=FACE_OUTER_BOUND('',#199,.T.);
#123=FACE_OUTER_BOUND('',#200,.T.);
#124=FACE_OUTER_BOUND('',#201,.T.);
#125=FACE_OUTER_BOUND('',#202,.T.);
#126=FACE_OUTER_BOUND('',#203,.T.);
#127=FACE_OUTER_BOUND('',#204,.T.);
#128=EDGE_LOOP('',(#799,#800,#801,#802));
#129=EDGE_LOOP('',(#803,#804,#805,#806));
#130=EDGE_LOOP('',(#807,#808,#809,#810));
#131=EDGE_LOOP('',(#811,#812,#813,#814));
#132=EDGE_LOOP('',(#815,#816,#817,#818));
#133=EDGE_LOOP('',(#819,#820,#821,#822));
#134=EDGE_LOOP('',(#823,#824,#825,#826));
#135=EDGE_LOOP('',(#827,#828,#829,#830));
#136=EDGE_LOOP('',(#831,#832,#833,#834));
#137=EDGE_LOOP('',(#835,#836,#837,#838));
#138=EDGE_LOOP('',(#839,#840,#841,#842));
#139=EDGE_LOOP('',(#843,#844,#845,#846));
#140=EDGE_LOOP('',(#847,#848,#849,#850));
#141=EDGE_LOOP('',(#851,#852,#853,#854));
#142=EDGE_LOOP('',(#855,#856,#857,#858));
#143=EDGE_LOOP('',(#859,#860,#861,#862,#863));
#144=EDGE_LOOP('',(#864,#865,#866,#867));
#145=EDGE_LOOP('',(#868,#869,#870,#871));
#146=EDGE_LOOP('',(#872,#873,#874,#875));
#147=EDGE_LOOP('',(#876,#877,#878,#879));
#148=EDGE_LOOP('',(#880,#881,#882,#883));
#149=EDGE_LOOP('',(#884,#885,#886));
#150=EDGE_LOOP('',(#887,#888,#889,#890,#891,#892));
#151=EDGE_LOOP('',(#893,#894,#895,#896));
#152=EDGE_LOOP('',(#897,#898,#899,#900));
#153=EDGE_LOOP('',(#901,#902,#903,#904));
#154=EDGE_LOOP('',(#905,#906,#907,#908));
#155=EDGE_LOOP('',(#909,#910,#911,#912));
#156=EDGE_LOOP('',(#913,#914,#915,#916,#917,#918,#919,#920,#921,#922));
#157=EDGE_LOOP('',(#923,#924,#925,#926,#927,#928));
#158=EDGE_LOOP('',(#929,#930,#931,#932,#933,#934,#935,#936,#937,#938,#939,
#940,#941,#942,#943,#944));
#159=EDGE_LOOP('',(#945,#946,#947,#948,#949,#950,#951,#952));
#160=EDGE_LOOP('',(#953));
#161=EDGE_LOOP('',(#954));
#162=EDGE_LOOP('',(#955,#956,#957,#958,#959));
#163=EDGE_LOOP('',(#960,#961,#962,#963,#964));
#164=EDGE_LOOP('',(#965,#966,#967,#968,#969,#970,#971));
#165=EDGE_LOOP('',(#972,#973,#974,#975,#976,#977,#978,#979,#980,#981));
#166=EDGE_LOOP('',(#982,#983,#984,#985));
#167=EDGE_LOOP('',(#986,#987,#988,#989,#990,#991));
#168=EDGE_LOOP('',(#992,#993,#994,#995));
#169=EDGE_LOOP('',(#996,#997,#998,#999));
#170=EDGE_LOOP('',(#1000,#1001,#1002,#1003));
#171=EDGE_LOOP('',(#1004,#1005,#1006,#1007));
#172=EDGE_LOOP('',(#1008,#1009,#1010,#1011));
#173=EDGE_LOOP('',(#1012,#1013,#1014,#1015));
#174=EDGE_LOOP('',(#1016,#1017,#1018,#1019,#1020));
#175=EDGE_LOOP('',(#1021,#1022,#1023,#1024));
#176=EDGE_LOOP('',(#1025,#1026,#1027,#1028));
#177=EDGE_LOOP('',(#1029,#1030,#1031,#1032,#1033));
#178=EDGE_LOOP('',(#1034,#1035,#1036,#1037,#1038,#1039));
#179=EDGE_LOOP('',(#1040,#1041,#1042,#1043));
#180=EDGE_LOOP('',(#1044,#1045,#1046,#1047));
#181=EDGE_LOOP('',(#1048,#1049,#1050,#1051,#1052));
#182=EDGE_LOOP('',(#1053,#1054,#1055,#1056,#1057,#1058,#1059));
#183=EDGE_LOOP('',(#1060,#1061,#1062,#1063,#1064,#1065,#1066,#1067));
#184=EDGE_LOOP('',(#1068,#1069,#1070,#1071));
#185=EDGE_LOOP('',(#1072));
#186=EDGE_LOOP('',(#1073));
#187=EDGE_LOOP('',(#1074,#1075,#1076,#1077,#1078));
#188=EDGE_LOOP('',(#1079));
#189=EDGE_LOOP('',(#1080,#1081,#1082,#1083));
#190=EDGE_LOOP('',(#1084,#1085,#1086,#1087,#1088,#1089,#1090,#1091,#1092,
#1093,#1094,#1095,#1096,#1097,#1098,#1099,#1100));
#191=EDGE_LOOP('',(#1101,#1102,#1103,#1104));
#192=EDGE_LOOP('',(#1105,#1106,#1107,#1108));
#193=EDGE_LOOP('',(#1109,#1110,#1111,#1112,#1113));
#194=EDGE_LOOP('',(#1114,#1115,#1116,#1117,#1118));
#195=EDGE_LOOP('',(#1119,#1120,#1121,#1122,#1123,#1124,#1125,#1126,#1127,
#1128,#1129,#1130,#1131,#1132,#1133,#1134,#1135,#1136));
#196=EDGE_LOOP('',(#1137,#1138,#1139,#1140,#1141));
#197=EDGE_LOOP('',(#1142,#1143,#1144,#1145));
#198=EDGE_LOOP('',(#1146,#1147,#1148,#1149,#1150,#1151,#1152,#1153,#1154,
#1155,#1156,#1157,#1158,#1159,#1160,#1161,#1162,#1163));
#199=EDGE_LOOP('',(#1164,#1165,#1166,#1167));
#200=EDGE_LOOP('',(#1168,#1169,#1170,#1171,#1172));
#201=EDGE_LOOP('',(#1173,#1174,#1175,#1176));
#202=EDGE_LOOP('',(#1177,#1178,#1179,#1180,#1181,#1182));
#203=EDGE_LOOP('',(#1183,#1184,#1185,#1186,#1187,#1188,#1189,#1190,#1191,
#1192));
#204=EDGE_LOOP('',(#1193,#1194,#1195,#1196));
#205=CIRCLE('',#1327,39.81);
#206=CIRCLE('',#1335,36.368);
#207=CIRCLE('',#1343,40.31025);
#208=CIRCLE('',#1350,40.31025);
#209=CIRCLE('',#1352,36.9525);
#210=CIRCLE('',#1354,36.9525);
#211=CIRCLE('',#1360,36.9525);
#212=CIRCLE('',#1362,50.);
#213=CIRCLE('',#1363,50.);
#214=CIRCLE('',#1364,50.);
#215=CIRCLE('',#1365,50.);
#216=CIRCLE('',#1367,55.);
#217=CIRCLE('',#1368,55.);
#218=CIRCLE('',#1369,55.);
#219=CIRCLE('',#1370,55.);
#220=CIRCLE('',#1372,60.);
#221=CIRCLE('',#1374,60.);
#222=CIRCLE('',#1376,40.);
#223=CIRCLE('',#1377,40.);
#224=CIRCLE('',#1380,60.);
#225=CIRCLE('',#1381,60.);
#226=CIRCLE('',#1382,60.);
#227=CIRCLE('',#1384,6.);
#228=CIRCLE('',#1386,6.);
#229=CIRCLE('',#1392,60.);
#230=CIRCLE('',#1394,3.5);
#231=CIRCLE('',#1397,3.5);
#232=CIRCLE('',#1402,49.);
#233=CIRCLE('',#1406,40.);
#234=CIRCLE('',#1407,40.);
#235=CIRCLE('',#1409,35.);
#236=CIRCLE('',#1411,22.5);
#237=CIRCLE('',#1413,25.);
#238=CIRCLE('',#1417,15.);
#239=CIRCLE('',#1419,15.);
#240=CIRCLE('',#1420,15.);
#241=CIRCLE('',#1422,39.81);
#242=CIRCLE('',#1423,39.81);
#243=CIRCLE('',#1425,39.81);
#244=CIRCLE('',#1426,39.81);
#245=CIRCLE('',#1427,36.368);
#246=CIRCLE('',#1430,39.81);
#247=CIRCLE('',#1432,7.5);
#248=CIRCLE('',#1434,50.);
#249=B_SPLINE_CURVE_WITH_KNOTS('',3,(#1741,#1742,#1743,#1744,#1745,#1746,
#1747,#1748,#1749,#1750,#1751,#1752,#1753,#1754,#1755,#1756),
 .UNSPECIFIED.,.F.,.F.,(4,3,3,3,3,4),(-4.09293042013064,-3.92702819539359,
-3.4361496709694,-2.9452711465452,-2.454392622121,-2.08103247056473),
 .UNSPECIFIED.);
#250=B_SPLINE_CURVE_WITH_KNOTS('',3,(#1759,#1760,#1761,#1762,#1763,#1764,
#1765,#1766,#1767,#1768),.UNSPECIFIED.,.F.,.F.,(4,3,3,4),(0.,0.490878524424198,
0.981757048848399,1.12969470402388),.UNSPECIFIED.);
#251=B_SPLINE_CURVE_WITH_KNOTS('',3,(#1773,#1774,#1775,#1776,#1777,#1778,
#1779,#1780,#1781,#1782,#1783,#1784,#1785,#1786,#1787,#1788,#1789,#1790,
#1791,#1792,#1793,#1794,#1795,#1796,#1797,#1798,#1799,#1800,#1801,#1802,
#1803,#1804,#1805,#1806,#1807,#1808,#1809,#1810,#1811,#1812,#1813,#1814,
#1815),.UNSPECIFIED.,.F.,.F.,(4,3,3,3,3,3,3,3,3,3,3,3,3,3,4),(-10.3761157273102,
-10.3084490129082,-9.81757048848399,-9.32669196405979,-8.83581343963559,
-8.34493491521139,-7.85405639078719,-7.36317786636299,-6.87229934193879,
-6.38142081751459,-5.89054229309039,-5.39966376866619,-4.90878524424199,
-4.4179067198178,-4.09293042013064),.UNSPECIFIED.);
#252=B_SPLINE_CURVE_WITH_KNOTS('',3,(#1816,#1817,#1818,#1819,#1820,#1821,
#1822,#1823,#1824,#1825,#1826,#1827,#1828,#1829,#1830,#1831,#1832,#1833,
#1834,#1835,#1836,#1837,#1838,#1839,#1840,#1841,#1842,#1843,#1844,#1845,
#1846,#1847,#1848,#1849,#1850,#1851,#1852,#1853,#1854,#1855,#1856,#1857,
#1858),.UNSPECIFIED.,.F.,.F.,(4,3,3,3,3,3,3,3,3,3,3,3,3,3,4),(1.12969470402388,
1.4726355732726,1.9635140976968,2.454392622121,2.94527114654519,3.4361496709694,
3.9270281953936,4.41790671981779,4.90878524424199,5.39966376866619,5.89054229309039,
6.38142081751459,6.87229934193879,7.36317786636299,7.41288001120347),
 .UNSPECIFIED.);
#253=B_SPLINE_CURVE_WITH_KNOTS('',3,(#1863,#1864,#1865,#1866,#1867,#1868,
#1869,#1870,#1871,#1872,#1873,#1874,#1875,#1876,#1877,#1878,#1879,#1880,
#1881,#1882,#1883,#1884,#1885,#1886,#1887,#1888,#1889,#1890,#1891,#1892,
#1893,#1894,#1895,#1896,#1897,#1898,#1899,#1900,#1901,#1902),
 .UNSPECIFIED.,.F.,.F.,(4,3,3,3,3,3,3,3,3,3,3,3,3,4),(-16.6593010344898,
-16.1989913059986,-15.7081127815744,-15.2172342571502,-14.726355732726,
-14.2354772083018,-13.7445986838776,-13.2537201594534,-12.7628416350292,
-12.271963110605,-11.7810845861808,-11.2902060617566,-10.7993275373324,
-10.3761157273102),.UNSPECIFIED.);
#254=B_SPLINE_CURVE_WITH_KNOTS('',3,(#1903,#1904,#1905,#1906,#1907,#1908,
#1909,#1910,#1911,#1912,#1913,#1914,#1915,#1916,#1917,#1918,#1919,#1920,
#1921,#1922,#1923,#1924,#1925,#1926,#1927,#1928,#1929,#1930,#1931,#1932,
#1933,#1934,#1935,#1936,#1937,#1938,#1939,#1940,#1941,#1942),
 .UNSPECIFIED.,.F.,.F.,(4,3,3,3,3,3,3,3,3,3,3,3,3,4),(7.41288001120347,
7.85405639078719,8.34493491521139,8.83581343963558,9.32669196405979,9.81757048848399,
10.3084490129082,10.7993275373324,11.2902060617566,11.7810845861808,12.271963110605,
12.7628416350292,13.2537201594534,13.6960653183831),.UNSPECIFIED.);
#255=B_SPLINE_CURVE_WITH_KNOTS('',3,(#1947,#1948,#1949,#1950,#1951,#1952,
#1953,#1954,#1955,#1956,#1957,#1958,#1959,#1960,#1961,#1962,#1963,#1964,
#1965,#1966,#1967,#1968,#1969,#1970,#1971,#1972,#1973,#1974,#1975,#1976,
#1977,#1978,#1979,#1980,#1981,#1982,#1983,#1984,#1985,#1986,#1987,#1988,
#1989),.UNSPECIFIED.,.F.,.F.,(4,3,3,3,3,3,3,3,3,3,3,3,3,3,4),(-22.9424863416694,
-22.5804121235132,-22.089533599089,-21.5986550746648,-21.1077765502406,
-20.6168980258164,-20.1260195013922,-19.635140976968,-19.1442624525438,
-18.6533839281196,-18.1625054036954,-17.6716268792712,-17.180748354847,
-16.6898698304228,-16.6593010344898),.UNSPECIFIED.);
#256=B_SPLINE_CURVE_WITH_KNOTS('',3,(#1990,#1991,#1992,#1993,#1994,#1995,
#1996,#1997,#1998,#1999,#2000,#2001,#2002,#2003,#2004,#2005,#2006,#2007,
#2008,#2009,#2010,#2011,#2012,#2013,#2014,#2015,#2016,#2017,#2018,#2019,
#2020,#2021,#2022,#2023,#2024,#2025,#2026,#2027,#2028,#2029,#2030,#2031,
#2032),.UNSPECIFIED.,.F.,.F.,(4,3,3,3,3,3,3,3,3,3,3,3,3,3,4),(13.6960653183831,
13.7445986838776,14.2354772083018,14.726355732726,15.2172342571502,15.7081127815744,
16.1989913059986,16.6898698304228,17.180748354847,17.6716268792712,18.1625054036954,
18.6533839281196,19.1442624525438,19.635140976968,19.9792506255626),
 .UNSPECIFIED.);
#257=B_SPLINE_CURVE_WITH_KNOTS('',3,(#2037,#2038,#2039,#2040,#2041,#2042,
#2043,#2044,#2045,#2046,#2047,#2048,#2049,#2050,#2051,#2052,#2053,#2054,
#2055,#2056,#2057,#2058,#2059,#2060,#2061,#2062,#2063,#2064,#2065,#2066,
#2067,#2068,#2069,#2070,#2071,#2072,#2073,#2074,#2075,#2076,#2077,#2078,
#2079),.UNSPECIFIED.,.F.,.F.,(4,3,3,3,3,3,3,3,3,3,3,3,3,3,4),(-29.225671648849,
-28.9618329410278,-28.4709544166036,-27.9800758921794,-27.4891973677552,
-26.998318843331,-26.5074403189068,-26.0165617944826,-25.5256832700584,
-25.0348047456342,-24.54392622121,-24.0530476967858,-23.5621691723616,-23.0712906479374,
-22.9424863416694),.UNSPECIFIED.);
#258=B_SPLINE_CURVE_WITH_KNOTS('',3,(#2080,#2081,#2082,#2083,#2084,#2085,
#2086,#2087,#2088,#2089,#2090,#2091,#2092,#2093,#2094,#2095,#2096,#2097,
#2098,#2099,#2100,#2101,#2102,#2103,#2104,#2105,#2106,#2107,#2108,#2109,
#2110,#2111,#2112,#2113,#2114,#2115,#2116,#2117,#2118,#2119,#2120,#2121,
#2122),.UNSPECIFIED.,.F.,.F.,(4,3,3,3,3,3,3,3,3,3,3,3,3,3,4),(19.9792506255626,
20.1260195013922,20.6168980258164,21.1077765502406,21.5986550746648,22.089533599089,
22.5804121235132,23.0712906479374,23.5621691723616,24.0530476967858,24.54392622121,
25.0348047456342,25.5256832700584,26.0165617944826,26.2624359327422),
 .UNSPECIFIED.);
#259=B_SPLINE_CURVE_WITH_KNOTS('',3,(#2127,#2128,#2129,#2130,#2131,#2132,
#2133,#2134,#2135,#2136,#2137,#2138,#2139,#2140,#2141,#2142,#2143,#2144,
#2145,#2146,#2147,#2148,#2149,#2150,#2151,#2152,#2153,#2154,#2155,#2156,
#2157,#2158,#2159,#2160,#2161,#2162,#2163,#2164,#2165,#2166,#2167,#2168,
#2169),.UNSPECIFIED.,.F.,.F.,(4,3,3,3,3,3,3,3,3,3,3,3,3,3,4),(-35.5088569560286,
-35.3432537585424,-34.8523752341182,-34.361496709694,-33.8706181852698,
-33.3797396608456,-32.8888611364214,-32.3979826119972,-31.907104087573,
-31.4162255631488,-30.9253470387246,-30.4344685143004,-29.9435899898762,
-29.452711465452,-29.225671648849),.UNSPECIFIED.);
#260=B_SPLINE_CURVE_WITH_KNOTS('',3,(#2170,#2171,#2172,#2173,#2174,#2175,
#2176,#2177,#2178,#2179,#2180,#2181,#2182,#2183,#2184,#2185,#2186,#2187,
#2188,#2189,#2190,#2191,#2192,#2193,#2194,#2195,#2196,#2197,#2198,#2199,
#2200,#2201,#2202,#2203,#2204,#2205,#2206,#2207,#2208,#2209,#2210,#2211,
#2212),.UNSPECIFIED.,.F.,.F.,(4,3,3,3,3,3,3,3,3,3,3,3,3,3,4),(26.2624359327422,
26.5074403189068,26.998318843331,27.4891973677552,27.9800758921794,28.4709544166036,
28.9618329410278,29.452711465452,29.9435899898762,30.4344685143004,30.9253470387246,
31.4162255631488,31.907104087573,32.3979826119972,32.5456212399218),
 .UNSPECIFIED.);
#261=B_SPLINE_CURVE_WITH_KNOTS('',3,(#2217,#2218,#2219,#2220,#2221,#2222,
#2223,#2224,#2225,#2226,#2227,#2228,#2229,#2230,#2231,#2232,#2233,#2234,
#2235,#2236,#2237,#2238,#2239,#2240,#2241,#2242,#2243,#2244,#2245,#2246,
#2247,#2248,#2249,#2250,#2251,#2252,#2253,#2254,#2255,#2256,#2257,#2258,
#2259),.UNSPECIFIED.,.F.,.F.,(4,3,3,3,3,3,3,3,3,3,3,3,3,3,4),(-41.7920422632082,
-41.724674576057,-41.2337960516328,-40.7429175272085,-40.2520390027844,
-39.7611604783602,-39.2702819539359,-38.7794034295117,-38.2885249050875,
-37.7976463806634,-37.3067678562392,-36.815889331815,-36.3250108073908,
-35.8341322829666,-35.5088569560286),.UNSPECIFIED.);
#262=B_SPLINE_CURVE_WITH_KNOTS('',3,(#2260,#2261,#2262,#2263,#2264,#2265,
#2266,#2267,#2268,#2269,#2270,#2271,#2272,#2273,#2274,#2275,#2276,#2277,
#2278,#2279,#2280,#2281,#2282,#2283,#2284,#2285,#2286,#2287,#2288,#2289,
#2290,#2291,#2292,#2293,#2294,#2295,#2296,#2297,#2298,#2299,#2300,#2301,
#2302),.UNSPECIFIED.,.F.,.F.,(4,3,3,3,3,3,3,3,3,3,3,3,3,3,4),(32.5456212399218,
32.8888611364214,33.3797396608456,33.8706181852697,34.361496709694,34.8523752341182,
35.3432537585424,35.8341322829666,36.3250108073907,36.8158893318149,37.3067678562391,
37.7976463806633,38.2885249050875,38.7794034295117,38.8288065471014),
 .UNSPECIFIED.);
#263=B_SPLINE_CURVE_WITH_KNOTS('',3,(#2308,#2309,#2310,#2311,#2312,#2313,
#2314,#2315),.UNSPECIFIED.,.F.,.F.,(4,1,1,1,1,4),(53.4070751110265,53.8305859482995,
54.3214644727237,54.8123429971479,55.3032215215721,55.6765816731283),
 .UNSPECIFIED.);
#264=B_SPLINE_CURVE_WITH_KNOTS('',3,(#2318,#2319,#2320,#2321,#2322,#2323),
 .UNSPECIFIED.,.F.,.F.,(4,1,1,4),(53.4070751110265,53.4559075037718,53.946786028196,
54.4376645526202),.UNSPECIFIED.);
#265=B_SPLINE_CURVE_WITH_KNOTS('',3,(#2328,#2329,#2330,#2331,#2332,#2333,
#2334,#2335,#2336,#2337,#2338,#2339,#2340,#2341,#2342,#2343,#2344),
 .UNSPECIFIED.,.F.,.F.,(4,1,1,1,1,1,1,1,1,1,1,1,1,1,4),(47.1238898038469,
47.4491651307849,47.9400436552091,48.4309221796333,48.9218007040575,49.4126792284817,
49.9035577529059,50.3944362773301,50.8853148017543,51.3761933261785,51.8670718506027,
52.3579503750269,52.8488288994511,53.3397074238753,53.4070751110265),
 .UNSPECIFIED.);
#266=B_SPLINE_CURVE_WITH_KNOTS('',3,(#2345,#2346,#2347,#2348,#2349,#2350,
#2351,#2352,#2353,#2354,#2355,#2356,#2357,#2358,#2359,#2360),
 .UNSPECIFIED.,.F.,.F.,(4,1,1,1,1,1,1,1,1,1,1,1,1,4),(47.1238898038469,
47.5653652106814,48.0562437351056,48.5471222595298,49.038000783954,49.5288793083782,
50.0197578328024,50.5106363572266,51.0015148816508,51.492393406075,51.9832719304992,
52.4741504549234,52.9650289793476,53.4070751110265),.UNSPECIFIED.);
#267=B_SPLINE_CURVE_WITH_KNOTS('',3,(#2365,#2366,#2367,#2368,#2369,#2370,
#2371,#2372,#2373,#2374,#2375,#2376,#2377,#2378,#2379,#2380,#2381),
 .UNSPECIFIED.,.F.,.F.,(4,1,1,1,1,1,1,1,1,1,1,1,1,1,4),(40.8407044966673,
41.0677443132703,41.5586228376945,42.0495013621187,42.5403798865429,43.0312584109671,
43.5221369353913,44.0130154598155,44.5038939842397,44.9947725086639,45.4856510330881,
45.9765295575123,46.4674080819365,46.9582866063607,47.1238898038469),
 .UNSPECIFIED.);
#268=B_SPLINE_CURVE_WITH_KNOTS('',3,(#2382,#2383,#2384,#2385,#2386,#2387,
#2388,#2389,#2390,#2391,#2392,#2393,#2394,#2395,#2396,#2397,#2398),
 .UNSPECIFIED.,.F.,.F.,(4,1,1,1,1,1,1,1,1,1,1,1,1,1,4),(40.8407044966673,
41.1839443931668,41.674822917591,42.1657014420152,42.6565799664394,43.1474584908636,
43.6383370152878,44.129215539712,44.6200940641362,45.1109725885604,45.6018511129846,
46.0927296374088,46.583608161833,47.0744866862572,47.1238898038469),
 .UNSPECIFIED.);
#269=B_SPLINE_CURVE_WITH_KNOTS('',3,(#2403,#2404,#2405,#2406,#2407,#2408,
#2409,#2410,#2411,#2412,#2413,#2414,#2415,#2416,#2417,#2418,#2419),
 .UNSPECIFIED.,.F.,.F.,(4,1,1,1,1,1,1,1,1,1,1,1,1,1,4),(34.5575191894877,
34.6863234957557,35.1772020201799,35.6680805446041,36.1589590690283,36.6498375934525,
37.1407161178767,37.6315946423009,38.1224731667251,38.6133516911493,39.1042302155735,
39.5951087399977,40.0859872644219,40.5768657888461,40.8407044966673),
 .UNSPECIFIED.);
#270=B_SPLINE_CURVE_WITH_KNOTS('',3,(#2420,#2421,#2422,#2423,#2424,#2425,
#2426,#2427,#2428,#2429,#2430,#2431,#2432,#2433,#2434,#2435,#2436),
 .UNSPECIFIED.,.F.,.F.,(4,1,1,1,1,1,1,1,1,1,1,1,1,1,4),(34.5575191894877,
34.8025235756522,35.2934021000764,35.7842806245006,36.2751591489248,36.766037673349,
37.2569161977732,37.7477947221974,38.2386732466216,38.7295517710458,39.22043029547,
39.7113088198942,40.2021873443184,40.6930658687426,40.8407044966673),
 .UNSPECIFIED.);
#271=B_SPLINE_CURVE_WITH_KNOTS('',3,(#2441,#2442,#2443,#2444,#2445,#2446,
#2447,#2448,#2449,#2450,#2451,#2452,#2453,#2454,#2455,#2456,#2457),
 .UNSPECIFIED.,.F.,.F.,(4,1,1,1,1,1,1,1,1,1,1,1,1,1,4),(28.2743338823081,
28.3049026782411,28.7957812026653,29.2866597270895,29.7775382515137,30.2684167759379,
30.7592953003621,31.2501738247863,31.7410523492105,32.2319308736347,32.7228093980589,
33.2136879224831,33.7045664469073,34.1954449713315,34.5575191894877),
 .UNSPECIFIED.);
#272=B_SPLINE_CURVE_WITH_KNOTS('',3,(#2458,#2459,#2460,#2461,#2462,#2463,
#2464,#2465,#2466,#2467,#2468,#2469,#2470,#2471,#2472,#2473,#2474),
 .UNSPECIFIED.,.F.,.F.,(4,1,1,1,1,1,1,1,1,1,1,1,1,1,4),(28.2743338823081,
28.4211027581376,28.9119812825618,29.402859806986,29.8937383314102,30.3846168558344,
30.8754953802586,31.3663739046828,31.857252429107,32.3481309535312,32.8390094779554,
33.3298880023796,33.8207665268038,34.311645051228,34.5575191894877),
 .UNSPECIFIED.);
#273=B_SPLINE_CURVE_WITH_KNOTS('',3,(#2479,#2480,#2481,#2482,#2483,#2484,
#2485,#2486,#2487,#2488,#2489,#2490,#2491,#2492,#2493,#2494),
 .UNSPECIFIED.,.F.,.F.,(4,1,1,1,1,1,1,1,1,1,1,1,1,4),(21.9911485751285,
22.4143603851507,22.9052389095749,23.3961174339991,23.8869959584233,24.3778744828475,
24.8687530072717,25.3596315316959,25.8505100561201,26.3413885805443,26.8322671049685,
27.3231456293927,27.8140241538169,28.2743338823081),.UNSPECIFIED.);
#274=B_SPLINE_CURVE_WITH_KNOTS('',3,(#2495,#2496,#2497,#2498,#2499,#2500,
#2501,#2502,#2503,#2504,#2505,#2506,#2507,#2508,#2509,#2510,#2511),
 .UNSPECIFIED.,.F.,.F.,(4,1,1,1,1,1,1,1,1,1,1,1,1,1,4),(21.9911485751285,
22.0396819406231,22.5305604650473,23.0214389894715,23.5123175138957,24.0031960383199,
24.4940745627441,24.9849530871683,25.4758316115925,25.9667101360167,26.4575886604409,
26.9484671848651,27.4393457092892,27.9302242337134,28.2743338823081),
 .UNSPECIFIED.);
#275=B_SPLINE_CURVE_WITH_KNOTS('',3,(#2516,#2517,#2518,#2519,#2520,#2521,
#2522,#2523,#2524,#2525,#2526,#2527,#2528,#2529,#2530,#2531,#2532),
 .UNSPECIFIED.,.F.,.F.,(4,1,1,1,1,1,1,1,1,1,1,1,1,1,4),(15.7079632679489,
16.0329395676361,16.5238180920603,17.0146966164845,17.5055751409087,17.9964536653329,
18.4873321897571,18.9782107141813,19.4690892386055,19.9599677630297,20.4508462874539,
20.9417248118781,21.4326033363023,21.9234818607265,21.9911485751285),
 .UNSPECIFIED.);
#276=B_SPLINE_CURVE_WITH_KNOTS('',3,(#2533,#2534,#2535,#2536,#2537,#2538,
#2539,#2540,#2541,#2542,#2543,#2544,#2545,#2546,#2547,#2548),
 .UNSPECIFIED.,.F.,.F.,(4,1,1,1,1,1,1,1,1,1,1,1,1,4),(15.7079632679489,
16.1491396475327,16.6400181719569,17.1308966963811,17.6217752208053,18.1126537452295,
18.6035322696537,19.0944107940779,19.5852893185021,20.0761678429263,20.5670463673505,
21.0579248917747,21.5488034161989,21.9911485751285),.UNSPECIFIED.);
#277=B_SPLINE_CURVE_WITH_KNOTS('',3,(#2554,#2555,#2556,#2557,#2558,#2559,
#2560,#2561,#2562,#2563),.UNSPECIFIED.,.F.,.F.,(4,1,1,1,1,1,1,4),(53.4070751110265,
53.5932952095062,53.8645372087445,54.1357792079827,54.6782632064592,54.9495052056974,
55.4919892041739,55.7632312034121),.UNSPECIFIED.);
#278=B_SPLINE_CURVE_WITH_KNOTS('',3,(#2566,#2567,#2568,#2569,#2570,#2571,
#2572,#2573,#2574,#2575,#2576,#2577,#2578,#2579,#2580,#2581,#2582,#2583,
#2584),.UNSPECIFIED.,.F.,.F.,(4,3,3,3,3,3,4),(39.0080703842666,39.4263836581405,
39.9254518057119,40.4245199532833,40.9235881008547,41.4226562484261,41.8879020478639),
 .UNSPECIFIED.);
#279=B_SPLINE_CURVE_WITH_KNOTS('',3,(#2590,#2591,#2592,#2593,#2594,#2595,
#2596,#2597,#2598,#2599,#2600,#2601,#2602,#2603,#2604,#2605,#2606,#2607,
#2608,#2609,#2610,#2611,#2612,#2613,#2614,#2615,#2616,#2617,#2618,#2619,
#2620,#2621,#2622,#2623),.UNSPECIFIED.,.F.,.F.,(4,3,3,3,3,3,3,3,3,3,3,4),
(-40.6630929954242,-40.1672016174312,-39.6713102394383,-39.1754188614453,
-38.6795274834523,-38.1836361054593,-37.6877447274664,-37.1918533494734,
-36.6959619714804,-36.2000705934874,-35.7041792154944,-35.2786555867178),
 .UNSPECIFIED.);
#280=B_SPLINE_CURVE_WITH_KNOTS('',3,(#2624,#2625,#2626,#2627,#2628,#2629),
 .UNSPECIFIED.,.F.,.F.,(4,1,1,4),(52.5083272125533,52.7795692117915,53.322053210268,
53.4070751110265),.UNSPECIFIED.);
#281=B_SPLINE_CURVE_WITH_KNOTS('',3,(#2630,#2631,#2632,#2633,#2634,#2635,
#2636,#2637,#2638,#2639,#2640,#2641,#2642,#2643,#2644,#2645,#2646,#2647,
#2648,#2649,#2650,#2651,#2652,#2653,#2654,#2655,#2656,#2657,#2658,#2659,
#2660,#2661,#2662,#2663,#2664,#2665,#2666,#2667,#2668,#2669,#2670,#2671,
#2672),.UNSPECIFIED.,.F.,.F.,(4,3,3,3,3,3,3,3,3,3,3,3,3,3,4),(32.724885077087,
32.9384977397123,33.4375658872837,33.9366340348551,34.4357021824265,34.9347703299979,
35.4338384775693,35.9329066251407,36.4319747727121,36.9310429202835,37.4301110678549,
37.9291792154263,38.4282473629977,38.9273155105691,39.0080703842666),
 .UNSPECIFIED.);
#282=B_SPLINE_CURVE_WITH_KNOTS('',3,(#2677,#2678,#2679,#2680,#2681,#2682,
#2683,#2684,#2685,#2686,#2687,#2688,#2689,#2690,#2691,#2692,#2693,#2694,
#2695,#2696,#2697,#2698,#2699,#2700,#2701,#2702,#2703,#2704,#2705,#2706,
#2707,#2708,#2709,#2710,#2711,#2712,#2713,#2714,#2715,#2716,#2717,#2718,
#2719),.UNSPECIFIED.,.F.,.F.,(4,3,3,3,3,3,3,3,3,3,3,3,3,3,4),(-35.2786555867178,
-35.2082878375015,-34.7123964595085,-34.2165050815155,-33.7206137035225,
-33.2247223255295,-32.7288309475366,-32.2329395695436,-31.7370481915506,
-31.2411568135576,-30.7452654355647,-30.2493740575717,-29.7534826795787,
-29.2575913015857,-28.9954702795383),.UNSPECIFIED.);
#283=B_SPLINE_CURVE_WITH_KNOTS('',3,(#2720,#2721,#2722,#2723,#2724,#2725,
#2726,#2727,#2728,#2729,#2730,#2731,#2732,#2733,#2734,#2735,#2736,#2737,
#2738,#2739,#2740,#2741,#2742,#2743,#2744,#2745,#2746,#2747,#2748,#2749,
#2750,#2751,#2752,#2753,#2754,#2755,#2756,#2757,#2758,#2759,#2760,#2761,
#2762),.UNSPECIFIED.,.F.,.F.,(4,3,3,3,3,3,3,3,3,3,3,3,3,3,4),(26.4416997699074,
26.4506118212841,26.9496799688555,27.4487481164269,27.9478162639983,28.4468844115697,
28.9459525591411,29.4450207067125,29.9440888542839,30.4431570018553,30.9422251494267,
31.4412932969981,31.9403614445695,32.4394295921409,32.724885077087),
 .UNSPECIFIED.);
#284=B_SPLINE_CURVE_WITH_KNOTS('',3,(#2767,#2768,#2769,#2770,#2771,#2772,
#2773,#2774,#2775,#2776,#2777,#2778,#2779,#2780,#2781,#2782,#2783,#2784,
#2785,#2786,#2787,#2788,#2789,#2790,#2791,#2792,#2793,#2794,#2795,#2796,
#2797,#2798,#2799,#2800,#2801,#2802,#2803,#2804,#2805,#2806,#2807,#2808,
#2809),.UNSPECIFIED.,.F.,.F.,(4,3,3,3,3,3,3,3,3,3,3,3,3,3,4),(-28.9954702795383,
-28.7616999235927,-28.2658085455998,-27.7699171676068,-27.2740257896138,
-26.7781344116208,-26.2822430336279,-25.7863516556349,-25.2904602776419,
-24.7945688996489,-24.2986775216559,-23.802786143663,-23.30689476567,-22.811003387677,
-22.7122849723587),.UNSPECIFIED.);
#285=B_SPLINE_CURVE_WITH_KNOTS('',3,(#2810,#2811,#2812,#2813,#2814,#2815,
#2816,#2817,#2818,#2819,#2820,#2821,#2822,#2823,#2824,#2825,#2826,#2827,
#2828,#2829,#2830,#2831,#2832,#2833,#2834,#2835,#2836,#2837,#2838,#2839,
#2840,#2841,#2842,#2843,#2844,#2845,#2846,#2847,#2848,#2849),
 .UNSPECIFIED.,.F.,.F.,(4,3,3,3,3,3,3,3,3,3,3,3,3,4),(20.1585144627278,
20.4617940504273,20.9608621979987,21.4599303455701,21.9589984931415,22.4580666407129,
22.9571347882843,23.4562029358557,23.9552710834271,24.4543392309985,24.9534073785699,
25.4524755261413,25.9515436737127,26.4416997699074),.UNSPECIFIED.);
#286=B_SPLINE_CURVE_WITH_KNOTS('',3,(#2854,#2855,#2856,#2857,#2858,#2859,
#2860,#2861,#2862,#2863,#2864,#2865,#2866,#2867,#2868,#2869,#2870,#2871,
#2872,#2873,#2874,#2875,#2876,#2877,#2878,#2879,#2880,#2881,#2882,#2883,
#2884,#2885,#2886,#2887,#2888,#2889,#2890,#2891,#2892,#2893),
 .UNSPECIFIED.,.F.,.F.,(4,3,3,3,3,3,3,3,3,3,3,3,3,4),(-22.7122849723587,
-22.315112009684,-21.819220631691,-21.3233292536981,-20.8274378757051,-20.3315464977121,
-19.8356551197191,-19.3397637417262,-18.8438723637332,-18.3479809857402,
-17.8520896077472,-17.3561982297542,-16.8603068517613,-16.4290996651791),
 .UNSPECIFIED.);
#287=B_SPLINE_CURVE_WITH_KNOTS('',3,(#2894,#2895,#2896,#2897,#2898,#2899,
#2900,#2901,#2902,#2903,#2904,#2905,#2906,#2907,#2908,#2909,#2910,#2911,
#2912,#2913,#2914,#2915,#2916,#2917,#2918,#2919,#2920,#2921,#2922,#2923,
#2924,#2925,#2926,#2927,#2928,#2929,#2930,#2931,#2932,#2933,#2934,#2935,
#2936),.UNSPECIFIED.,.F.,.F.,(4,3,3,3,3,3,3,3,3,3,3,3,3,3,4),(13.8753291555482,
13.9739081319991,14.4729762795706,14.972044427142,15.4711125747134,15.9701807222847,
16.4692488698561,16.9683170174275,17.4673851649989,17.9664533125703,18.4655214601417,
18.9645896077131,19.4636577552845,19.9627259028559,20.1585144627278),
 .UNSPECIFIED.);
#288=B_SPLINE_CURVE_WITH_KNOTS('',3,(#2941,#2942,#2943,#2944,#2945,#2946,
#2947,#2948,#2949,#2950,#2951,#2952,#2953,#2954,#2955,#2956,#2957,#2958,
#2959,#2960,#2961,#2962,#2963,#2964,#2965,#2966,#2967,#2968,#2969,#2970,
#2971,#2972,#2973,#2974,#2975,#2976,#2977,#2978,#2979,#2980,#2981,#2982,
#2983),.UNSPECIFIED.,.F.,.F.,(4,3,3,3,3,3,3,3,3,3,3,3,3,3,4),(-16.4290996651791,
-16.3644154737683,-15.8685240957753,-15.3726327177823,-14.8767413397893,
-14.3808499617964,-13.8849585838034,-13.3890672058104,-12.8931758278174,
-12.3972844498245,-11.9013930718315,-11.4055016938385,-10.9096103158455,
-10.4137189378525,-10.1459143579995),.UNSPECIFIED.);
#289=B_SPLINE_CURVE_WITH_KNOTS('',3,(#2984,#2985,#2986,#2987,#2988,#2989,
#2990,#2991,#2992,#2993,#2994,#2995,#2996,#2997,#2998,#2999,#3000,#3001,
#3002,#3003,#3004,#3005,#3006,#3007,#3008,#3009,#3010,#3011,#3012,#3013,
#3014,#3015,#3016,#3017,#3018,#3019,#3020,#3021,#3022,#3023),
 .UNSPECIFIED.,.F.,.F.,(4,3,3,3,3,3,3,3,3,3,3,3,3,4),(7.59214384836862,
7.98509036114237,8.48415850871377,8.98322665628517,9.48229480385657,9.98136295142797,
10.4804310989994,10.9794992465708,11.4785673941422,11.9776355417136,12.476703689285,
12.9757718368564,13.4748399844278,13.8753291555482),.UNSPECIFIED.);
#290=B_SPLINE_CURVE_WITH_KNOTS('',3,(#3029,#3030,#3031,#3032,#3033,#3034,
#3035,#3036,#3037,#3038),.UNSPECIFIED.,.F.,.F.,(4,3,3,4),(0.,0.499068147571398,
0.998136295142798,1.30895854118903),.UNSPECIFIED.);
#291=B_SPLINE_CURVE_WITH_KNOTS('',3,(#3041,#3042,#3043,#3044,#3045,#3046,
#3047,#3048,#3049,#3050,#3051,#3052,#3053),.UNSPECIFIED.,.F.,.F.,(4,3,3,
3,4),(-3.86272905081991,-3.47123964595085,-2.97534826795787,-2.47945688996489,
-2.03009493841915),.UNSPECIFIED.);
#292=B_SPLINE_CURVE_WITH_KNOTS('',3,(#3060,#3061,#3062,#3063,#3064,#3065,
#3066),.UNSPECIFIED.,.F.,.F.,(4,3,4),(41.5618408938974,41.7480609923772,
41.8879020478639),.UNSPECIFIED.);
#293=B_SPLINE_CURVE_WITH_KNOTS('',3,(#3072,#3073,#3074,#3075,#3076,#3077,
#3078,#3079,#3080,#3081,#3082,#3083,#3084,#3085,#3086,#3087,#3088,#3089,
#3090,#3091,#3092,#3093,#3094,#3095,#3096,#3097,#3098,#3099,#3100,#3101,
#3102),.UNSPECIFIED.,.F.,.F.,(4,3,3,3,3,3,3,3,3,3,4),(-43.917996986283,
-43.4189288387117,-42.9198606911402,-42.4207925435689,-41.9217243959975,
-41.4226562484261,-40.9235881008547,-40.4245199532833,-39.9254518057119,
-39.4263836581405,-39.0080703842665),.UNSPECIFIED.);
#294=B_SPLINE_CURVE_WITH_KNOTS('',3,(#3105,#3106,#3107,#3108,#3109,#3110,
#3111,#3112,#3113,#3114),.UNSPECIFIED.,.F.,.F.,(4,3,3,4),(40.6630929954242,
40.9343349946624,41.4768189931389,41.5618408938974),.UNSPECIFIED.);
#295=B_SPLINE_CURVE_WITH_KNOTS('',3,(#3115,#3116,#3117,#3118,#3119,#3120,
#3121,#3122,#3123,#3124,#3125,#3126,#3127,#3128,#3129,#3130,#3131,#3132,
#3133,#3134,#3135,#3136,#3137,#3138,#3139,#3140,#3141,#3142,#3143,#3144,
#3145,#3146,#3147,#3148),.UNSPECIFIED.,.F.,.F.,(4,3,3,3,3,3,3,3,3,3,3,4),
(-40.6630929954242,-40.1672016174312,-39.6713102394383,-39.1754188614453,
-38.6795274834523,-38.1836361054593,-37.6877447274664,-37.1918533494734,
-36.6959619714804,-36.2000705934874,-35.7041792154944,-35.2786555867178),
 .UNSPECIFIED.);
#296=B_SPLINE_CURVE_WITH_KNOTS('',3,(#3153,#3154,#3155,#3156,#3157,#3158,
#3159,#3160,#3161,#3162,#3163,#3164,#3165,#3166,#3167,#3168,#3169,#3170,
#3171,#3172,#3173,#3174,#3175,#3176,#3177,#3178,#3179,#3180,#3181,#3182,
#3183,#3184,#3185,#3186,#3187,#3188,#3189,#3190,#3191,#3192,#3193,#3194,
#3195),.UNSPECIFIED.,.F.,.F.,(4,3,3,3,3,3,3,3,3,3,3,3,3,3,4),(-39.0080703842665,
-38.9273155105691,-38.4282473629977,-37.9291792154263,-37.4301110678549,
-36.9310429202835,-36.4319747727121,-35.9329066251407,-35.4338384775693,
-34.9347703299979,-34.4357021824265,-33.9366340348551,-33.4375658872837,
-32.9384977397123,-32.724885077087),.UNSPECIFIED.);
#297=B_SPLINE_CURVE_WITH_KNOTS('',3,(#3196,#3197,#3198,#3199,#3200,#3201,
#3202,#3203,#3204,#3205,#3206,#3207,#3208,#3209,#3210,#3211,#3212,#3213,
#3214,#3215,#3216,#3217,#3218,#3219,#3220,#3221,#3222,#3223,#3224,#3225,
#3226,#3227,#3228,#3229,#3230,#3231,#3232,#3233,#3234,#3235,#3236,#3237,
#3238),.UNSPECIFIED.,.F.,.F.,(4,3,3,3,3,3,3,3,3,3,3,3,3,3,4),(-35.2786555867178,
-35.2082878375015,-34.7123964595085,-34.2165050815155,-33.7206137035225,
-33.2247223255295,-32.7288309475366,-32.2329395695436,-31.7370481915506,
-31.2411568135576,-30.7452654355647,-30.2493740575717,-29.7534826795787,
-29.2575913015857,-28.9954702795383),.UNSPECIFIED.);
#298=B_SPLINE_CURVE_WITH_KNOTS('',3,(#3243,#3244,#3245,#3246,#3247,#3248,
#3249,#3250,#3251,#3252,#3253,#3254,#3255,#3256,#3257,#3258,#3259,#3260,
#3261,#3262,#3263,#3264,#3265,#3266,#3267,#3268,#3269,#3270,#3271,#3272,
#3273,#3274,#3275,#3276,#3277,#3278,#3279,#3280,#3281,#3282,#3283,#3284,
#3285),.UNSPECIFIED.,.F.,.F.,(4,3,3,3,3,3,3,3,3,3,3,3,3,3,4),(-32.724885077087,
-32.4394295921409,-31.9403614445695,-31.4412932969981,-30.9422251494267,
-30.4431570018553,-29.9440888542839,-29.4450207067125,-28.9459525591411,
-28.4468844115697,-27.9478162639983,-27.4487481164269,-26.9496799688555,
-26.4506118212841,-26.4416997699074),.UNSPECIFIED.);
#299=B_SPLINE_CURVE_WITH_KNOTS('',3,(#3286,#3287,#3288,#3289,#3290,#3291,
#3292,#3293,#3294,#3295,#3296,#3297,#3298,#3299,#3300,#3301,#3302,#3303,
#3304,#3305,#3306,#3307,#3308,#3309,#3310,#3311,#3312,#3313,#3314,#3315,
#3316,#3317,#3318,#3319,#3320,#3321,#3322,#3323,#3324,#3325,#3326,#3327,
#3328),.UNSPECIFIED.,.F.,.F.,(4,3,3,3,3,3,3,3,3,3,3,3,3,3,4),(-28.9954702795383,
-28.7616999235927,-28.2658085455998,-27.7699171676068,-27.2740257896138,
-26.7781344116208,-26.2822430336279,-25.7863516556349,-25.2904602776419,
-24.7945688996489,-24.2986775216559,-23.802786143663,-23.30689476567,-22.811003387677,
-22.7122849723587),.UNSPECIFIED.);
#300=B_SPLINE_CURVE_WITH_KNOTS('',3,(#3333,#3334,#3335,#3336,#3337,#3338,
#3339,#3340,#3341,#3342,#3343,#3344,#3345,#3346,#3347,#3348,#3349,#3350,
#3351,#3352,#3353,#3354,#3355,#3356,#3357,#3358,#3359,#3360,#3361,#3362,
#3363,#3364,#3365,#3366,#3367,#3368,#3369,#3370,#3371,#3372),
 .UNSPECIFIED.,.F.,.F.,(4,3,3,3,3,3,3,3,3,3,3,3,3,4),(-26.4416997699074,
-25.9515436737127,-25.4524755261413,-24.9534073785699,-24.4543392309985,
-23.9552710834271,-23.4562029358557,-22.9571347882843,-22.4580666407129,
-21.9589984931415,-21.4599303455701,-20.9608621979987,-20.4617940504273,
-20.1585144627278),.UNSPECIFIED.);
#301=B_SPLINE_CURVE_WITH_KNOTS('',3,(#3373,#3374,#3375,#3376,#3377,#3378,
#3379,#3380,#3381,#3382,#3383,#3384,#3385,#3386,#3387,#3388,#3389,#3390,
#3391,#3392,#3393,#3394,#3395,#3396,#3397,#3398,#3399,#3400,#3401,#3402,
#3403,#3404,#3405,#3406,#3407,#3408,#3409,#3410,#3411,#3412),
 .UNSPECIFIED.,.F.,.F.,(4,3,3,3,3,3,3,3,3,3,3,3,3,4),(-22.7122849723587,
-22.315112009684,-21.819220631691,-21.3233292536981,-20.8274378757051,-20.3315464977121,
-19.8356551197191,-19.3397637417262,-18.8438723637332,-18.3479809857402,
-17.8520896077472,-17.3561982297542,-16.8603068517613,-16.4290996651791),
 .UNSPECIFIED.);
#302=B_SPLINE_CURVE_WITH_KNOTS('',3,(#3417,#3418,#3419,#3420,#3421,#3422,
#3423,#3424,#3425,#3426,#3427,#3428,#3429,#3430,#3431,#3432,#3433,#3434,
#3435,#3436,#3437,#3438,#3439,#3440,#3441,#3442,#3443,#3444,#3445,#3446,
#3447,#3448,#3449,#3450,#3451,#3452,#3453,#3454,#3455,#3456,#3457,#3458,
#3459),.UNSPECIFIED.,.F.,.F.,(4,3,3,3,3,3,3,3,3,3,3,3,3,3,4),(-20.1585144627278,
-19.9627259028559,-19.4636577552845,-18.9645896077131,-18.4655214601417,
-17.9664533125703,-17.4673851649989,-16.9683170174275,-16.4692488698561,
-15.9701807222847,-15.4711125747133,-14.972044427142,-14.4729762795706,
-13.9739081319992,-13.8753291555482),.UNSPECIFIED.);
#303=B_SPLINE_CURVE_WITH_KNOTS('',3,(#3460,#3461,#3462,#3463,#3464,#3465,
#3466,#3467,#3468,#3469,#3470,#3471,#3472,#3473,#3474,#3475,#3476,#3477,
#3478,#3479,#3480,#3481,#3482,#3483,#3484,#3485,#3486,#3487,#3488,#3489,
#3490,#3491,#3492,#3493,#3494,#3495,#3496,#3497,#3498,#3499,#3500,#3501,
#3502),.UNSPECIFIED.,.F.,.F.,(4,3,3,3,3,3,3,3,3,3,3,3,3,3,4),(-16.4290996651791,
-16.3644154737683,-15.8685240957753,-15.3726327177823,-14.8767413397894,
-14.3808499617964,-13.8849585838034,-13.3890672058104,-12.8931758278174,
-12.3972844498245,-11.9013930718315,-11.4055016938385,-10.9096103158455,
-10.4137189378525,-10.1459143579995),.UNSPECIFIED.);
#304=B_SPLINE_CURVE_WITH_KNOTS('',3,(#3508,#3509,#3510,#3511,#3512,#3513,
#3514,#3515,#3516,#3517,#3518,#3519,#3520,#3521,#3522,#3523,#3524,#3525,
#3526,#3527,#3528,#3529,#3530,#3531,#3532),.UNSPECIFIED.,.F.,.F.,(4,3,3,
3,3,3,3,3,4),(-3.8627290508199,-3.47123964595085,-2.97534826795787,-2.47945688996489,
-1.98356551197191,-1.48767413397893,-0.991782755985956,-0.495891377992976,
0.),.UNSPECIFIED.);
#305=B_SPLINE_CURVE_WITH_KNOTS('',3,(#3535,#3536,#3537,#3538,#3539,#3540,
#3541,#3542,#3543,#3544,#3545,#3546,#3547,#3548,#3549,#3550,#3551,#3552,
#3553,#3554,#3555,#3556,#3557,#3558,#3559,#3560,#3561,#3562,#3563,#3564,
#3565,#3566,#3567,#3568,#3569,#3570,#3571),.UNSPECIFIED.,.F.,.F.,(4,3,3,
3,3,3,3,3,3,3,3,3,4),(-7.5921438483686,-7.48602221357098,-6.98695406599958,
-6.48788591842818,-5.98881777085678,-5.48974962328538,-4.99068147571398,
-4.49161332814258,-3.99254518057119,-3.49347703299979,-2.99440888542839,
-2.49534073785699,-2.03009493841915),.UNSPECIFIED.);
#306=B_SPLINE_CURVE_WITH_KNOTS('',3,(#3582,#3583,#3584,#3585,#3586,#3587,
#3588,#3589,#3590,#3591),.UNSPECIFIED.,.F.,.F.,(4,2,2,2,4),(-0.527903665443041,
-0.395846501585807,-0.263789337728573,-0.131894668864287,0.),
 .UNSPECIFIED.);
#307=B_SPLINE_CURVE_WITH_KNOTS('',3,(#3595,#3596,#3597,#3598,#3599,#3600,
#3601,#3602,#3603,#3604),.UNSPECIFIED.,.F.,.F.,(4,2,2,2,4),(1.05533208020736,
1.18722674907165,1.31912141793593,1.45117858179317,1.5832357456504),
 .UNSPECIFIED.);
#308=B_SPLINE_CURVE_WITH_KNOTS('',3,(#3657,#3658,#3659,#3660,#3661,#3662,
#3663,#3664,#3665,#3666,#3667,#3668,#3669,#3670,#3671,#3672,#3673,#3674,
#3675,#3676,#3677,#3678,#3679,#3680,#3681,#3682,#3683,#3684,#3685,#3686,
#3687,#3688,#3689,#3690,#3691,#3692,#3693,#3694,#3695,#3696,#3697,#3698,
#3699,#3700,#3701,#3702,#3703,#3704,#3705,#3706,#3707,#3708,#3709,#3710,
#3711,#3712,#3713,#3714,#3715,#3716,#3717,#3718,#3719,#3720,#3721,#3722,
#3723,#3724,#3725,#3726,#3727,#3728,#3729,#3730,#3731,#3732,#3733,#3734,
#3735,#3736,#3737,#3738,#3739,#3740,#3741,#3742,#3743,#3744,#3745,#3746,
#3747,#3748,#3749,#3750,#3751,#3752,#3753,#3754,#3755,#3756,#3757,#3758,
#3759,#3760,#3761,#3762,#3763,#3764,#3765,#3766,#3767,#3768,#3769,#3770,
#3771,#3772,#3773,#3774,#3775,#3776,#3777,#3778,#3779,#3780,#3781,#3782,
#3783,#3784,#3785,#3786,#3787,#3788,#3789,#3790,#3791,#3792,#3793,#3794,
#3795,#3796,#3797,#3798,#3799,#3800,#3801,#3802,#3803,#3804,#3805,#3806,
#3807,#3808,#3809,#3810,#3811,#3812,#3813,#3814,#3815,#3816),
 .UNSPECIFIED.,.F.,.F.,(4,3,3,3,3,3,3,3,3,3,3,3,3,3,3,3,3,3,3,3,3,3,3,3,
3,3,3,3,3,3,3,3,3,3,3,3,3,3,3,3,3,3,3,3,3,3,3,3,3,3,3,3,3,4),(-7.86370642538057,
-7.65217714439938,-7.4331269857112,-7.222998226741,-7.01442910515402,-6.95481595627717,
-6.92121418586849,-6.89528111720694,-6.77597650964664,-6.56691606679172,
-6.35664965247765,-6.14121851313719,-6.04696738967573,-5.99717761554254,
-5.96664679133247,-5.94749074426286,-5.73980672045637,-5.53123075177691,
-5.322517670596,-5.11495967671645,-4.90871881073429,-4.7050334357535,-4.63320053775395,
-4.50147431262811,-4.46685048139991,-4.43939090915039,-4.42379092301527,
-4.21269087644826,-4.00768699067956,-3.79353886371339,-3.57939073674722,
-3.37314359122945,-3.16716538210648,-2.95965808239032,-2.93533397773274,
-2.91751800900596,-2.71473965117684,-2.51114071537224,-2.30746899063103,
-2.10514368437203,-1.90419781024523,-1.70565239731121,-1.50710698437719,
-1.47260125361461,-1.45576632013206,-1.43917659033865,-1.24180748867828,
-1.04191543014869,-0.841407153066609,-0.641229534381181,-0.488649572588708,
-0.288332746003683,-0.0895632875150298,0.),.UNSPECIFIED.);
#309=B_SPLINE_CURVE_WITH_KNOTS('',3,(#4157,#4158,#4159,#4160,#4161,#4162,
#4163,#4164,#4165,#4166,#4167,#4168,#4169,#4170,#4171,#4172,#4173,#4174,
#4175,#4176,#4177,#4178,#4179,#4180,#4181,#4182,#4183,#4184,#4185,#4186,
#4187,#4188,#4189,#4190,#4191,#4192,#4193,#4194,#4195,#4196,#4197,#4198,
#4199),.UNSPECIFIED.,.F.,.F.,(4,3,3,3,3,3,3,3,3,3,3,3,3,3,4),(-10.1459143579995,
-9.91782755985957,-9.42193618186659,-8.92604480387361,-8.43015342588063,
-7.93426204788766,-7.43837066989467,-6.9424792919017,-6.44658791390872,
-5.95069653591574,-5.45480515792276,-4.95891377992979,-4.46302240193681,
-3.96713102394383,-3.86272905081991),.UNSPECIFIED.);
#310=B_SPLINE_CURVE_WITH_KNOTS('',3,(#4200,#4201,#4202,#4203,#4204,#4205,
#4206,#4207,#4208,#4209,#4210,#4211,#4212,#4213,#4214,#4215,#4216,#4217,
#4218,#4219,#4220,#4221,#4222,#4223,#4224,#4225,#4226,#4227,#4228,#4229,
#4230,#4231,#4232,#4233,#4234,#4235,#4236,#4237,#4238,#4239,#4240,#4241,
#4242,#4243,#4244,#4245,#4246,#4247,#4248,#4249,#4250,#4251,#4252,#4253,
#4254,#4255,#4256,#4257,#4258,#4259,#4260,#4261,#4262,#4263,#4264,#4265,
#4266,#4267,#4268,#4269,#4270,#4271,#4272,#4273,#4274,#4275,#4276,#4277,
#4278,#4279,#4280,#4281,#4282,#4283,#4284,#4285,#4286,#4287,#4288,#4289,
#4290,#4291,#4292,#4293,#4294,#4295,#4296,#4297,#4298,#4299,#4300,#4301,
#4302,#4303,#4304,#4305,#4306,#4307,#4308,#4309,#4310,#4311,#4312,#4313,
#4314,#4315,#4316,#4317,#4318,#4319,#4320,#4321,#4322,#4323,#4324,#4325,
#4326,#4327,#4328,#4329,#4330,#4331,#4332,#4333,#4334,#4335,#4336,#4337,
#4338,#4339,#4340,#4341,#4342,#4343,#4344,#4345,#4346,#4347,#4348,#4349,
#4350,#4351,#4352,#4353),.UNSPECIFIED.,.F.,.F.,(4,3,3,3,3,3,3,3,3,3,3,3,
3,3,3,3,3,3,3,3,3,3,3,3,3,3,3,3,3,3,3,3,3,3,3,3,3,3,3,3,3,3,3,3,3,3,3,3,
3,3,3,4),(0.,0.194285231448009,0.391065144627999,0.59070230239638,0.791372548124224,
0.992350503222516,1.19285877132407,1.35955496794414,1.42206604167667,1.45091016818732,
1.46483970420571,1.66783841604309,1.85964355780436,2.05957225979974,2.26138085015245,
2.46468954820027,2.66797445949726,2.80449378998564,2.92394820416297,2.94439833639251,
3.14904407223321,3.35465544977334,3.56060649237824,3.76012910340432,3.96490488003559,
4.17055522572472,4.36177021332288,4.40508591827172,4.43035685675673,4.44751652414865,
4.65281139031158,4.85987739561424,5.06997682833819,5.27848151979588,5.48937832315296,
5.70027512651004,5.90833994142004,5.94085934086855,5.96407831190536,5.98220854693229,
6.19397617218451,6.4034935547364,6.61375288202729,6.82397381470135,6.87724729809189,
6.90236245240681,6.92357851602475,7.13526488939474,7.34718031793731,7.55829270874365,
7.67634954895003,7.86370642538043),.UNSPECIFIED.);
#311=B_SPLINE_CURVE_WITH_KNOTS('',3,(#4354,#4355,#4356,#4357,#4358,#4359,
#4360,#4361,#4362,#4363,#4364,#4365,#4366,#4367,#4368,#4369,#4370,#4371,
#4372,#4373,#4374,#4375,#4376,#4377,#4378,#4379,#4380,#4381,#4382,#4383,
#4384,#4385,#4386,#4387,#4388,#4389,#4390,#4391,#4392,#4393,#4394,#4395,
#4396),.UNSPECIFIED.,.F.,.F.,(4,3,3,3,3,3,3,3,3,3,3,3,3,3,4),(-10.1459143579995,
-9.91782755985957,-9.42193618186659,-8.92604480387361,-8.43015342588063,
-7.93426204788766,-7.43837066989468,-6.9424792919017,-6.44658791390872,
-5.95069653591574,-5.45480515792276,-4.95891377992979,-4.46302240193681,
-3.96713102394383,-3.8627290508199),.UNSPECIFIED.);
#312=B_SPLINE_CURVE_WITH_KNOTS('',3,(#4432,#4433,#4434,#4435,#4436,#4437,
#4438,#4439,#4440,#4441,#4442,#4443,#4444,#4445,#4446,#4447,#4448,#4449),
 .UNSPECIFIED.,.F.,.F.,(4,2,2,2,2,2,2,2,4),(-1.48415240173978,-1.29788558014148,
-1.11161875854317,-0.925917268377781,-0.740215778212392,-0.554996596286034,
-0.369777414359675,-0.184888707179837,0.),.UNSPECIFIED.);
#313=B_SPLINE_CURVE_WITH_KNOTS('',3,(#4461,#4462,#4463,#4464,#4465,#4466,
#4467,#4468,#4469,#4470),.UNSPECIFIED.,.F.,.F.,(4,2,2,2,4),(-0.907026427031537,
-0.679725911189483,-0.452425395347428,-0.226212697673714,0.),
 .UNSPECIFIED.);
#314=B_SPLINE_CURVE_WITH_KNOTS('',3,(#4474,#4475,#4476,#4477,#4478,#4479,
#4480,#4481,#4482,#4483),.UNSPECIFIED.,.F.,.F.,(4,2,2,2,4),(1.81143968168358,
2.03798507753145,2.26453047337932,2.49149841336064,2.71846635334195),
 .UNSPECIFIED.);
#315=B_SPLINE_CURVE_WITH_KNOTS('',3,(#4555,#4556,#4557,#4558,#4559,#4560,
#4561,#4562,#4563,#4564,#4565,#4566,#4567,#4568,#4569,#4570,#4571,#4572,
#4573,#4574,#4575,#4576,#4577,#4578,#4579,#4580,#4581,#4582,#4583,#4584,
#4585,#4586,#4587,#4588,#4589,#4590,#4591,#4592,#4593,#4594,#4595,#4596,
#4597,#4598,#4599,#4600,#4601,#4602,#4603,#4604,#4605,#4606,#4607,#4608,
#4609,#4610,#4611,#4612,#4613,#4614,#4615,#4616,#4617,#4618,#4619,#4620,
#4621,#4622,#4623,#4624,#4625,#4626,#4627,#4628,#4629,#4630,#4631,#4632,
#4633,#4634,#4635,#4636,#4637,#4638,#4639,#4640,#4641,#4642,#4643,#4644,
#4645,#4646,#4647,#4648,#4649,#4650,#4651,#4652,#4653,#4654,#4655,#4656,
#4657,#4658,#4659,#4660,#4661,#4662,#4663,#4664,#4665,#4666,#4667,#4668,
#4669,#4670,#4671,#4672,#4673,#4674,#4675,#4676,#4677,#4678,#4679,#4680,
#4681,#4682,#4683,#4684,#4685,#4686,#4687,#4688,#4689,#4690,#4691,#4692,
#4693,#4694,#4695,#4696,#4697,#4698,#4699,#4700,#4701,#4702,#4703,#4704,
#4705,#4706,#4707,#4708),.UNSPECIFIED.,.F.,.F.,(4,3,3,3,3,3,3,3,3,3,3,3,
3,3,3,3,3,3,3,3,3,3,3,3,3,3,3,3,3,3,3,3,3,3,3,3,3,3,3,3,3,3,3,3,3,3,3,3,
3,3,3,4),(0.,0.207887231033796,0.417929383585846,0.629799022266837,0.841808961350614,
1.05316807941308,1.26315699356437,1.44717851135926,1.51618658053235,1.55161403631489,
1.57240782827236,1.78582544650815,1.99924306474395,2.20745420910607,2.42640767860413,
2.63560048832071,2.84368899791904,2.98311311881548,3.04411117170767,3.08850701347104,
3.10891376085468,3.32145581191364,3.52821418444011,3.74364807476533,3.95908196509054,
4.16599631723281,4.38001314167171,4.56727786305575,4.60439183111487,4.62048126712916,
4.82374348781299,5.02794960178544,5.24049492952509,5.44370773111649,5.64558394913137,
5.84499200666511,5.87813091274401,5.99528597701365,6.05020241339005,6.09364127790742,
6.10954921830124,6.31493205864587,6.51715723264761,6.71911493560019,6.92004179711499,
6.97508479020374,6.9949830386571,7.19538202135034,7.3951635153222,7.59294276609314,
7.75261194105824,7.87806746877959),.UNSPECIFIED.);
#316=B_SPLINE_CURVE_WITH_KNOTS('',3,(#4715,#4716,#4717,#4718,#4719,#4720,
#4721,#4722,#4723,#4724,#4725,#4726,#4727,#4728,#4729,#4730,#4731,#4732),
 .UNSPECIFIED.,.F.,.F.,(4,2,2,2,2,2,2,2,4),(0.,0.184888707179837,0.369777414359675,
0.554996596286034,0.740215778212393,0.925917268377781,1.11161875854317,
1.29788558014148,1.48415240173978),.UNSPECIFIED.);
#317=B_SPLINE_CURVE_WITH_KNOTS('',3,(#4746,#4747,#4748,#4749,#4750,#4751,
#4752,#4753,#4754,#4755,#4756,#4757,#4758,#4759,#4760,#4761,#4762,#4763,
#4764,#4765,#4766,#4767,#4768,#4769,#4770,#4771,#4772,#4773,#4774,#4775,
#4776,#4777,#4778,#4779,#4780,#4781,#4782,#4783,#4784,#4785,#4786,#4787,
#4788,#4789,#4790,#4791,#4792,#4793,#4794,#4795,#4796,#4797,#4798,#4799,
#4800,#4801,#4802,#4803,#4804,#4805,#4806,#4807,#4808,#4809,#4810,#4811,
#4812,#4813,#4814,#4815,#4816,#4817,#4818,#4819,#4820,#4821,#4822,#4823,
#4824,#4825,#4826,#4827,#4828,#4829,#4830,#4831,#4832,#4833,#4834,#4835,
#4836,#4837,#4838,#4839,#4840,#4841,#4842,#4843,#4844,#4845,#4846,#4847,
#4848,#4849,#4850,#4851,#4852,#4853,#4854,#4855,#4856,#4857,#4858,#4859,
#4860,#4861,#4862,#4863,#4864,#4865,#4866,#4867,#4868,#4869,#4870,#4871,
#4872,#4873,#4874,#4875,#4876,#4877,#4878,#4879,#4880,#4881,#4882,#4883,
#4884,#4885,#4886,#4887,#4888,#4889,#4890,#4891,#4892,#4893,#4894,#4895,
#4896,#4897,#4898,#4899,#4900,#4901,#4902),.UNSPECIFIED.,.F.,.F.,(4,3,3,
3,3,3,3,3,3,3,3,3,3,3,3,3,3,3,3,3,3,3,3,3,3,3,3,3,3,3,3,3,3,3,3,3,3,3,3,
3,3,3,3,3,3,3,3,3,3,3,3,3,4),(-7.90479914216395,-7.70318240281569,-7.49321173013923,
-7.28888935643346,-7.08495490051928,-7.01808875942496,-6.96958245405367,
-6.95203443575011,-6.75005662320255,-6.54596199990957,-6.34138985848839,
-6.1372298760347,-6.02341702140396,-5.81980535206954,-5.60496635689315,
-5.51097429650348,-5.48733925882403,-5.46525455269113,-5.26183159720242,
-5.05649409742999,-4.84984799364651,-4.64266202977707,-4.43599653482532,
-4.23124202463578,-4.10109339065842,-3.97845499535309,-3.96203488743769,
-3.75838761953004,-3.55123960098873,-3.34262497626381,-3.13323455229004,
-2.92385342988894,-2.72760983885999,-2.65401849222413,-2.61738798809361,
-2.59332168317445,-2.38241917385628,-2.17049246972863,-2.13887906577314,
-1.93023554180584,-1.71971594554862,-1.5077646839851,-1.2959195573861,-1.15098795823897,
-1.08758038361211,-1.06089889319617,-1.04071833249038,-0.826654386366419,
-0.612654350488903,-0.399506428052843,-0.188484833661477,-0.136466764209079,
0.),.UNSPECIFIED.);
#318=B_SPLINE_CURVE_WITH_KNOTS('',3,(#4906,#4907,#4908,#4909,#4910,#4911,
#4912,#4913,#4914,#4915,#4916,#4917,#4918,#4919,#4920,#4921,#4922,#4923,
#4924,#4925,#4926,#4927,#4928,#4929,#4930,#4931,#4932,#4933,#4934,#4935,
#4936,#4937,#4938,#4939,#4940,#4941,#4942,#4943,#4944,#4945),
 .UNSPECIFIED.,.F.,.F.,(4,3,3,3,3,3,3,3,3,3,3,3,3,4),(-13.8753291555482,
-13.4748399844278,-12.9757718368564,-12.476703689285,-11.9776355417136,
-11.4785673941422,-10.9794992465708,-10.4804310989994,-9.98136295142797,
-9.48229480385657,-8.98322665628517,-8.48415850871377,-7.98509036114238,
-7.5921438483686),.UNSPECIFIED.);
#319=B_SPLINE_CURVE_WITH_KNOTS('',3,(#5310,#5311,#5312,#5313,#5314,#5315,
#5316,#5317,#5318,#5319,#5320,#5321,#5322,#5323,#5324,#5325,#5326,#5327,
#5328,#5329,#5330,#5331,#5332,#5333,#5334,#5335,#5336,#5337,#5338,#5339,
#5340,#5341,#5342,#5343,#5344,#5345,#5346,#5347,#5348,#5349,#5350,#5351,
#5352),.UNSPECIFIED.,.F.,.F.,(4,3,3,3,3,3,3,3,3,3,3,3,3,3,4),(1.30895854118903,
1.49720444271419,1.99627259028559,2.49534073785699,2.99440888542839,3.49347703299979,
3.99254518057119,4.49161332814258,4.99068147571398,5.48974962328538,5.98881777085678,
6.48788591842817,6.98695406599957,7.48602221357097,7.59214384836862),
 .UNSPECIFIED.);
#320=B_SPLINE_CURVE_WITH_KNOTS('',3,(#5366,#5367,#5368,#5369,#5370,#5371,
#5372,#5373,#5374,#5375,#5376,#5377,#5378,#5379,#5380,#5381,#5382,#5383,
#5384,#5385,#5386,#5387,#5388,#5389,#5390,#5391,#5392,#5393,#5394,#5395,
#5396,#5397,#5398,#5399,#5400,#5401,#5402,#5403,#5404,#5405,#5406,#5407,
#5408,#5409,#5410,#5411,#5412,#5413,#5414,#5415,#5416,#5417,#5418,#5419,
#5420,#5421,#5422,#5423,#5424,#5425,#5426,#5427,#5428,#5429,#5430,#5431,
#5432,#5433,#5434,#5435,#5436,#5437,#5438,#5439,#5440,#5441,#5442,#5443,
#5444,#5445,#5446,#5447,#5448,#5449,#5450,#5451,#5452,#5453,#5454,#5455,
#5456,#5457,#5458,#5459,#5460,#5461,#5462,#5463,#5464,#5465,#5466,#5467,
#5468,#5469,#5470,#5471,#5472,#5473,#5474,#5475,#5476,#5477,#5478,#5479,
#5480,#5481,#5482,#5483,#5484,#5485,#5486,#5487,#5488,#5489,#5490,#5491,
#5492,#5493,#5494,#5495,#5496,#5497,#5498,#5499,#5500,#5501,#5502,#5503,
#5504,#5505,#5506,#5507,#5508,#5509,#5510,#5511,#5512,#5513,#5514,#5515,
#5516,#5517,#5518,#5519,#5520,#5521,#5522,#5523,#5524,#5525,#5526,#5527,
#5528),.UNSPECIFIED.,.F.,.F.,(4,3,3,3,3,3,3,3,3,3,3,3,3,3,3,3,3,3,3,3,3,
3,3,3,3,3,3,3,3,3,3,3,3,3,3,3,3,3,3,3,3,3,3,3,3,3,3,3,3,3,3,3,3,3,4),(-7.96307015424314,
-7.76507342495175,-7.56681652910359,-7.53280938822384,-7.33631445781681,
-7.13312676449346,-7.0442321486645,-7.00691836687529,-6.9831744028592,-6.78497787102317,
-6.58548198829704,-6.38539281517067,-6.18587495051167,-6.06710944069126,
-6.02657918016067,-6.00643799673373,-5.80467795093621,-5.71081291123005,
-5.51257445628384,-5.30426502297673,-5.10214683971116,-4.89983201506277,
-4.69810083864192,-4.59160060754006,-4.55303354284356,-4.53522896161205,
-4.33155603094324,-4.12697699894512,-3.92209705615866,-3.846098989827,-3.64289003489956,
-3.43029472219088,-3.24427382357078,-3.08150553727819,-3.06137148751395,
-3.0464506739626,-2.84191225413306,-2.63569005642353,-2.42823360908002,
-2.22084742241762,-2.01461227625783,-1.94212753323008,-1.73521838367367,
-1.62676723469406,-1.57593075860987,-1.55303375465522,-1.53048246292656,
-1.32454181869524,-1.1166459031092,-0.907361666830691,-0.697388190667132,
-0.487834242698544,-0.279292822199345,-0.0730906933571855,0.),
 .UNSPECIFIED.);
#321=B_SPLINE_CURVE_WITH_KNOTS('',3,(#5533,#5534,#5535,#5536,#5537,#5538,
#5539,#5540,#5541,#5542,#5543,#5544,#5545,#5546,#5547,#5548,#5549,#5550,
#5551,#5552,#5553,#5554,#5555,#5556,#5557,#5558,#5559,#5560,#5561,#5562,
#5563,#5564,#5565,#5566,#5567,#5568,#5569,#5570,#5571,#5572,#5573,#5574,
#5575,#5576,#5577,#5578,#5579,#5580,#5581,#5582,#5583,#5584,#5585,#5586,
#5587,#5588,#5589,#5590,#5591,#5592,#5593,#5594,#5595,#5596,#5597,#5598,
#5599,#5600,#5601,#5602,#5603,#5604,#5605,#5606,#5607,#5608,#5609,#5610,
#5611,#5612,#5613,#5614,#5615,#5616,#5617,#5618,#5619,#5620,#5621,#5622,
#5623,#5624,#5625,#5626,#5627,#5628,#5629,#5630,#5631,#5632,#5633,#5634,
#5635,#5636,#5637,#5638,#5639,#5640,#5641,#5642,#5643,#5644,#5645,#5646,
#5647,#5648,#5649,#5650,#5651,#5652,#5653,#5654,#5655,#5656,#5657,#5658,
#5659,#5660,#5661,#5662,#5663,#5664,#5665,#5666,#5667,#5668,#5669,#5670,
#5671,#5672,#5673,#5674,#5675,#5676,#5677,#5678,#5679,#5680,#5681,#5682,
#5683,#5684,#5685,#5686,#5687,#5688,#5689,#5690,#5691,#5692),
 .UNSPECIFIED.,.F.,.F.,(4,3,3,3,3,3,3,3,3,3,3,3,3,3,3,3,3,3,3,3,3,3,3,3,
3,3,3,3,3,3,3,3,3,3,3,3,3,3,3,3,3,3,3,3,3,3,3,3,3,3,3,3,3,4),(-7.94800355269552,
-7.73852868421576,-7.53003654345954,-7.48103003130829,-7.27148949406522,
-7.05687824773108,-6.96298582745989,-6.91037502461454,-6.89103602891787,
-6.68328719224377,-6.47518200414406,-6.26751676673679,-6.06185439651702,
-5.93504067823579,-5.88248179921373,-5.86148472116314,-5.65574880082709,
-5.5545995233921,-5.3501913758546,-5.13938626725091,-4.93327809748348,-4.72797204091362,
-4.52416910481806,-4.41661678009394,-4.37945688440919,-4.35741356834479,
-4.15409269856928,-3.95072143227202,-3.74827621323213,-3.66375050702511,
-3.46031272817396,-3.25425904113926,-3.05211811806603,-2.89708875729482,
-2.87672836633358,-2.67656003875074,-2.47562865093738,-2.27499165113916,
-2.07525853037564,-1.87761772638272,-1.81188323189637,-1.61102180051928,
-1.51033293798683,-1.46313503367474,-1.44001609074911,-1.42063703282294,
-1.22363218546964,-1.02546463018114,-0.826877638653757,-0.620158228990318,
-0.423766621338684,-0.229002494454679,-0.0369952834703111,0.),
 .UNSPECIFIED.);
#322=B_SPLINE_CURVE_WITH_KNOTS('',3,(#6081,#6082,#6083,#6084,#6085,#6086,
#6087,#6088,#6089,#6090,#6091,#6092,#6093,#6094,#6095,#6096,#6097,#6098,
#6099,#6100,#6101,#6102,#6103,#6104,#6105,#6106,#6107,#6108,#6109,#6110,
#6111,#6112,#6113,#6114),.UNSPECIFIED.,.F.,.F.,(4,3,3,3,3,3,3,3,3,3,3,4),
(38.8288065471014,39.2702819539359,39.7611604783601,40.2520390027843,40.7429175272085,
41.2337960516327,41.7246745760569,42.2155531004811,42.7064316249053,43.1973101493295,
43.6881886737537,44.06154882531),.UNSPECIFIED.);
#323=B_SPLINE_CURVE_WITH_KNOTS('',3,(#6116,#6117,#6118,#6119,#6120,#6121,
#6122,#6123,#6124,#6125,#6126,#6127,#6128,#6129,#6130,#6131,#6132,#6133,
#6134,#6135,#6136,#6137,#6138,#6139,#6140,#6141,#6142,#6143,#6144,#6145,
#6146,#6147,#6148,#6149,#6150,#6151,#6152,#6153,#6154,#6155,#6156,#6157,
#6158,#6159,#6160,#6161,#6162,#6163,#6164,#6165,#6166,#6167,#6168,#6169,
#6170,#6171,#6172,#6173,#6174,#6175,#6176,#6177,#6178,#6179,#6180,#6181,
#6182,#6183,#6184,#6185,#6186,#6187,#6188,#6189,#6190,#6191,#6192,#6193,
#6194,#6195,#6196,#6197,#6198,#6199,#6200,#6201,#6202,#6203,#6204,#6205,
#6206,#6207,#6208,#6209,#6210,#6211,#6212,#6213,#6214,#6215,#6216,#6217,
#6218,#6219,#6220,#6221,#6222,#6223,#6224,#6225,#6226,#6227,#6228,#6229,
#6230,#6231,#6232,#6233,#6234,#6235,#6236,#6237,#6238,#6239,#6240,#6241,
#6242,#6243,#6244,#6245,#6246,#6247,#6248,#6249,#6250,#6251,#6252,#6253,
#6254,#6255,#6256,#6257,#6258,#6259,#6260,#6261,#6262,#6263,#6264,#6265,
#6266,#6267,#6268,#6269,#6270,#6271,#6272,#6273,#6274,#6275,#6276,#6277,
#6278),.UNSPECIFIED.,.F.,.F.,(4,3,3,3,3,3,3,3,3,3,3,3,3,3,3,3,3,3,3,3,3,
3,3,3,3,3,3,3,3,3,3,3,3,3,3,3,3,3,3,3,3,3,3,3,3,3,3,3,3,3,3,3,3,3,4),(-7.96307015424318,
-7.76507342805858,-7.56681652140277,-7.53280938822394,-7.33631443090911,
-7.13312674094922,-7.04423212659177,-7.00691829176187,-6.98317437820196,
-6.78497781982873,-6.58548192654323,-6.38539275499313,-6.18587489944287,
-6.06710940238967,-6.02657900649249,-6.00643794192388,-5.80467789038559,
-5.71081291123004,-5.51257448631539,-5.30426504925434,-5.10214686727339,
-4.89983205063843,-4.69810089946986,-4.5916006607645,-4.55303353027503,
-4.53522895998803,-4.33155603242681,-4.12697700191561,-3.92209707291395,
-3.84609898982699,-3.64289008973228,-3.4302947701695,-3.24427386555207,
-3.08150557401182,-3.06137160117922,-3.04645087119507,-2.84191251270653,
-2.63569036389061,-2.42823391788328,-2.22084769032636,-2.01461243120053,
-1.94212753323007,-1.73521831821793,-1.62676717332931,-1.57593069916277,
-1.55303367179854,-1.53048245620034,-1.324541638962,-1.11664558192605,-0.907361252997611,
-0.697387748261622,-0.487833882960077,-0.279292609804221,-0.0730907108962157,
0.),.UNSPECIFIED.);
#324=B_SPLINE_CURVE_WITH_KNOTS('',3,(#6279,#6280,#6281,#6282,#6283,#6284,
#6285,#6286,#6287,#6288,#6289,#6290,#6291,#6292,#6293),.UNSPECIFIED.,.F.,
 .F.,(4,1,1,1,1,1,1,1,1,1,1,1,4),(10.3761157273102,10.7494758788665,11.2403544032907,
11.7312329277149,12.2221114521391,12.7129899765633,13.2038685009875,13.6947470254117,
14.1856255498359,14.6765040742601,15.1673825986843,15.6582611231085,15.7079632679489),
 .UNSPECIFIED.);
#325=B_SPLINE_CURVE_WITH_KNOTS('',3,(#6299,#6300,#6301,#6302,#6303,#6304,
#6305,#6306,#6307,#6308,#6309,#6310,#6311,#6312,#6313,#6314,#6315,#6316,
#6317,#6318,#6319,#6320,#6321,#6322,#6323,#6324,#6325,#6326,#6327,#6328,
#6329,#6330,#6331,#6332,#6333,#6334,#6335,#6336,#6337,#6338,#6339,#6340,
#6341,#6342,#6343,#6344,#6345,#6346,#6347,#6348,#6349,#6350,#6351,#6352,
#6353,#6354,#6355,#6356,#6357,#6358,#6359,#6360,#6361,#6362,#6363,#6364,
#6365,#6366,#6367,#6368,#6369,#6370,#6371,#6372,#6373,#6374,#6375,#6376,
#6377,#6378,#6379,#6380,#6381,#6382,#6383,#6384,#6385,#6386,#6387,#6388,
#6389,#6390,#6391,#6392,#6393,#6394,#6395,#6396,#6397,#6398,#6399,#6400,
#6401,#6402,#6403,#6404,#6405,#6406,#6407,#6408,#6409,#6410,#6411,#6412,
#6413,#6414,#6415,#6416,#6417,#6418,#6419,#6420,#6421,#6422,#6423,#6424,
#6425,#6426,#6427,#6428,#6429,#6430,#6431,#6432,#6433,#6434,#6435,#6436,
#6437,#6438,#6439,#6440,#6441,#6442,#6443,#6444,#6445,#6446,#6447,#6448,
#6449,#6450,#6451,#6452,#6453,#6454,#6455,#6456,#6457,#6458),
 .UNSPECIFIED.,.F.,.F.,(4,3,3,3,3,3,3,3,3,3,3,3,3,3,3,3,3,3,3,3,3,3,3,3,
3,3,3,3,3,3,3,3,3,3,3,3,3,3,3,3,3,3,3,3,3,3,3,3,3,3,3,3,3,4),(-7.94800355269551,
-7.73852869554705,-7.5300365721118,-7.48103003130815,-7.27148949787107,
-7.05687825106119,-6.96298583058187,-6.91037503210359,-6.89103603687119,
-6.68328720344049,-6.47518201320506,-6.26751677439359,-6.06185441423424,
-5.93504069152369,-5.88248182153689,-5.86148472656845,-5.65574880368035,
-5.55459952339203,-5.35019138029724,-5.13938627113822,-4.93327807895208,
-4.72797197210836,-4.52416895287665,-4.41661664714521,-4.37945310002866,
-4.35741329689771,-4.15409241892104,-3.95072112739229,-3.74827584728234,
-3.66375050702507,-3.46031270081201,-3.25425901719756,-3.05211821723939,
-2.89708884407151,-2.87672838165384,-2.67656000944832,-2.47562861981734,
-2.27499170059302,-2.07525871191394,-1.87761811016184,-1.81188323189635,
-1.61102176446573,-1.51033290418662,-1.46313500093079,-1.44001603814613,
-1.42063702215022,-1.22363229993303,-1.02546480901973,-0.826877810629474,
-0.620158357972105,-0.423766569118514,-0.229002215988067,-0.0369947315805977,
0.),.UNSPECIFIED.);
#326=B_SPLINE_CURVE_WITH_KNOTS('',3,(#6461,#6462,#6463,#6464,#6465,#6466,
#6467,#6468,#6469,#6470,#6471,#6472),.UNSPECIFIED.,.F.,.F.,(4,1,1,1,1,1,
1,1,1,4),(11.6150328478183,12.1059113722425,12.5967898966667,13.0876684210909,
13.5785469455151,14.0694254699393,14.5603039943635,15.0511825187877,15.5420610432119,
15.7079632679489),.UNSPECIFIED.);
#327=B_SPLINE_CURVE_WITH_KNOTS('',3,(#6861,#6862,#6863,#6864,#6865,#6866,
#6867,#6868,#6869,#6870,#6871,#6872,#6873,#6874,#6875,#6876,#6877,#6878,
#6879,#6880,#6881,#6882,#6883,#6884,#6885,#6886,#6887,#6888),
 .UNSPECIFIED.,.F.,.F.,(4,3,3,3,3,3,3,3,3,4),(-46.1425812958747,-45.6517027714505,
-45.1608242470263,-44.6699457226021,-44.1790671981779,-43.6881886737537,
-43.1973101493295,-42.7064316249053,-42.2155531004811,-41.7920422632082),
 .UNSPECIFIED.);
#328=LINE('',#1739,#399);
#329=LINE('',#1772,#400);
#330=LINE('',#1862,#401);
#331=LINE('',#1946,#402);
#332=LINE('',#2036,#403);
#333=LINE('',#2126,#404);
#334=LINE('',#2216,#405);
#335=LINE('',#2306,#406);
#336=LINE('',#2327,#407);
#337=LINE('',#2364,#408);
#338=LINE('',#2402,#409);
#339=LINE('',#2440,#410);
#340=LINE('',#2478,#411);
#341=LINE('',#2515,#412);
#342=LINE('',#2552,#413);
#343=LINE('',#2588,#414);
#344=LINE('',#2676,#415);
#345=LINE('',#2766,#416);
#346=LINE('',#2853,#417);
#347=LINE('',#2940,#418);
#348=LINE('',#3027,#419);
#349=LINE('',#3057,#420);
#350=LINE('',#3070,#421);
#351=LINE('',#3152,#422);
#352=LINE('',#3242,#423);
#353=LINE('',#3332,#424);
#354=LINE('',#3416,#425);
#355=LINE('',#3506,#426);
#356=LINE('',#3576,#427);
#357=LINE('',#3580,#428);
#358=LINE('',#3606,#429);
#359=LINE('',#3656,#430);
#360=LINE('',#4401,#431);
#361=LINE('',#4405,#432);
#362=LINE('',#4409,#433);
#363=LINE('',#4416,#434);
#364=LINE('',#4419,#435);
#365=LINE('',#4422,#436);
#366=LINE('',#4427,#437);
#367=LINE('',#4430,#438);
#368=LINE('',#4451,#439);
#369=LINE('',#4452,#440);
#370=LINE('',#4455,#441);
#371=LINE('',#4459,#442);
#372=LINE('',#4485,#443);
#373=LINE('',#4491,#444);
#374=LINE('',#4492,#445);
#375=LINE('',#4495,#446);
#376=LINE('',#4499,#447);
#377=LINE('',#4504,#448);
#378=LINE('',#4506,#449);
#379=LINE('',#4508,#450);
#380=LINE('',#4519,#451);
#381=LINE('',#4525,#452);
#382=LINE('',#4526,#453);
#383=LINE('',#4533,#454);
#384=LINE('',#4534,#455);
#385=LINE('',#4539,#456);
#386=LINE('',#4540,#457);
#387=LINE('',#4542,#458);
#388=LINE('',#4545,#459);
#389=LINE('',#4547,#460);
#390=LINE('',#4552,#461);
#391=LINE('',#4712,#462);
#392=LINE('',#4714,#463);
#393=LINE('',#4735,#464);
#394=LINE('',#4740,#465);
#395=LINE('',#5356,#466);
#396=LINE('',#5362,#467);
#397=LINE('',#6896,#468);
#398=LINE('',#6898,#469);
#399=VECTOR('',#1442,40.);
#400=VECTOR('',#1447,40.);
#401=VECTOR('',#1450,40.);
#402=VECTOR('',#1453,40.);
#403=VECTOR('',#1456,40.);
#404=VECTOR('',#1459,40.);
#405=VECTOR('',#1462,40.);
#406=VECTOR('',#1465,36.368);
#407=VECTOR('',#1470,36.368);
#408=VECTOR('',#1473,36.368);
#409=VECTOR('',#1476,36.368);
#410=VECTOR('',#1479,36.368);
#411=VECTOR('',#1482,36.368);
#412=VECTOR('',#1485,36.368);
#413=VECTOR('',#1488,40.31025);
#414=VECTOR('',#1493,40.31025);
#415=VECTOR('',#1496,40.31025);
#416=VECTOR('',#1499,40.31025);
#417=VECTOR('',#1502,40.31025);
#418=VECTOR('',#1505,40.31025);
#419=VECTOR('',#1508,40.31025);
#420=VECTOR('',#1513,40.);
#421=VECTOR('',#1518,40.);
#422=VECTOR('',#1523,40.);
#423=VECTOR('',#1526,40.);
#424=VECTOR('',#1529,40.);
#425=VECTOR('',#1532,40.);
#426=VECTOR('',#1535,40.);
#427=VECTOR('',#1542,50.);
#428=VECTOR('',#1545,10.);
#429=VECTOR('',#1548,10.);
#430=VECTOR('',#1551,10.);
#431=VECTOR('',#1556,50.);
#432=VECTOR('',#1559,10.);
#433=VECTOR('',#1562,10.);
#434=VECTOR('',#1571,10.);
#435=VECTOR('',#1574,10.);
#436=VECTOR('',#1577,10.);
#437=VECTOR('',#1582,10.);
#438=VECTOR('',#1585,10.);
#439=VECTOR('',#1586,10.);
#440=VECTOR('',#1587,10.);
#441=VECTOR('',#1590,60.);
#442=VECTOR('',#1593,10.);
#443=VECTOR('',#1596,10.);
#444=VECTOR('',#1603,10.);
#445=VECTOR('',#1604,10.);
#446=VECTOR('',#1607,10.);
#447=VECTOR('',#1610,10.);
#448=VECTOR('',#1611,10.);
#449=VECTOR('',#1614,10.);
#450=VECTOR('',#1617,10.);
#451=VECTOR('',#1624,10.);
#452=VECTOR('',#1631,10.);
#453=VECTOR('',#1632,10.);
#454=VECTOR('',#1635,10.);
#455=VECTOR('',#1636,10.);
#456=VECTOR('',#1641,10.);
#457=VECTOR('',#1642,10.);
#458=VECTOR('',#1645,10.);
#459=VECTOR('',#1648,10.);
#460=VECTOR('',#1649,10.);
#461=VECTOR('',#1652,10.);
#462=VECTOR('',#1661,10.);
#463=VECTOR('',#1662,10.);
#464=VECTOR('',#1665,40.);
#465=VECTOR('',#1672,37.5);
#466=VECTOR('',#1689,20.);
#467=VECTOR('',#1696,15.);
#468=VECTOR('',#1729,45.);
#469=VECTOR('',#1732,50.);
#470=VERTEX_POINT('',#1737);
#471=VERTEX_POINT('',#1738);
#472=VERTEX_POINT('',#1740);
#473=VERTEX_POINT('',#1757);
#474=VERTEX_POINT('',#1770);
#475=VERTEX_POINT('',#1771);
#476=VERTEX_POINT('',#1860);
#477=VERTEX_POINT('',#1861);
#478=VERTEX_POINT('',#1944);
#479=VERTEX_POINT('',#1945);
#480=VERTEX_POINT('',#2034);
#481=VERTEX_POINT('',#2035);
#482=VERTEX_POINT('',#2124);
#483=VERTEX_POINT('',#2125);
#484=VERTEX_POINT('',#2214);
#485=VERTEX_POINT('',#2215);
#486=VERTEX_POINT('',#2304);
#487=VERTEX_POINT('',#2305);
#488=VERTEX_POINT('',#2307);
#489=VERTEX_POINT('',#2316);
#490=VERTEX_POINT('',#2325);
#491=VERTEX_POINT('',#2326);
#492=VERTEX_POINT('',#2362);
#493=VERTEX_POINT('',#2363);
#494=VERTEX_POINT('',#2400);
#495=VERTEX_POINT('',#2401);
#496=VERTEX_POINT('',#2438);
#497=VERTEX_POINT('',#2439);
#498=VERTEX_POINT('',#2476);
#499=VERTEX_POINT('',#2477);
#500=VERTEX_POINT('',#2513);
#501=VERTEX_POINT('',#2514);
#502=VERTEX_POINT('',#2550);
#503=VERTEX_POINT('',#2551);
#504=VERTEX_POINT('',#2553);
#505=VERTEX_POINT('',#2564);
#506=VERTEX_POINT('',#2586);
#507=VERTEX_POINT('',#2587);
#508=VERTEX_POINT('',#2589);
#509=VERTEX_POINT('',#2674);
#510=VERTEX_POINT('',#2675);
#511=VERTEX_POINT('',#2764);
#512=VERTEX_POINT('',#2765);
#513=VERTEX_POINT('',#2851);
#514=VERTEX_POINT('',#2852);
#515=VERTEX_POINT('',#2938);
#516=VERTEX_POINT('',#2939);
#517=VERTEX_POINT('',#3025);
#518=VERTEX_POINT('',#3026);
#519=VERTEX_POINT('',#3028);
#520=VERTEX_POINT('',#3039);
#521=VERTEX_POINT('',#3055);
#522=VERTEX_POINT('',#3056);
#523=VERTEX_POINT('',#3058);
#524=VERTEX_POINT('',#3068);
#525=VERTEX_POINT('',#3069);
#526=VERTEX_POINT('',#3071);
#527=VERTEX_POINT('',#3104);
#528=VERTEX_POINT('',#3150);
#529=VERTEX_POINT('',#3151);
#530=VERTEX_POINT('',#3240);
#531=VERTEX_POINT('',#3241);
#532=VERTEX_POINT('',#3330);
#533=VERTEX_POINT('',#3331);
#534=VERTEX_POINT('',#3414);
#535=VERTEX_POINT('',#3415);
#536=VERTEX_POINT('',#3504);
#537=VERTEX_POINT('',#3505);
#538=VERTEX_POINT('',#3507);
#539=VERTEX_POINT('',#3533);
#540=VERTEX_POINT('',#3573);
#541=VERTEX_POINT('',#3575);
#542=VERTEX_POINT('',#3577);
#543=VERTEX_POINT('',#3579);
#544=VERTEX_POINT('',#3581);
#545=VERTEX_POINT('',#3592);
#546=VERTEX_POINT('',#3594);
#547=VERTEX_POINT('',#3605);
#548=VERTEX_POINT('',#4398);
#549=VERTEX_POINT('',#4400);
#550=VERTEX_POINT('',#4402);
#551=VERTEX_POINT('',#4404);
#552=VERTEX_POINT('',#4406);
#553=VERTEX_POINT('',#4408);
#554=VERTEX_POINT('',#4412);
#555=VERTEX_POINT('',#4415);
#556=VERTEX_POINT('',#4417);
#557=VERTEX_POINT('',#4421);
#558=VERTEX_POINT('',#4423);
#559=VERTEX_POINT('',#4425);
#560=VERTEX_POINT('',#4429);
#561=VERTEX_POINT('',#4431);
#562=VERTEX_POINT('',#4450);
#563=VERTEX_POINT('',#4454);
#564=VERTEX_POINT('',#4456);
#565=VERTEX_POINT('',#4458);
#566=VERTEX_POINT('',#4460);
#567=VERTEX_POINT('',#4471);
#568=VERTEX_POINT('',#4473);
#569=VERTEX_POINT('',#4484);
#570=VERTEX_POINT('',#4488);
#571=VERTEX_POINT('',#4489);
#572=VERTEX_POINT('',#4494);
#573=VERTEX_POINT('',#4496);
#574=VERTEX_POINT('',#4498);
#575=VERTEX_POINT('',#4500);
#576=VERTEX_POINT('',#4518);
#577=VERTEX_POINT('',#4522);
#578=VERTEX_POINT('',#4523);
#579=VERTEX_POINT('',#4528);
#580=VERTEX_POINT('',#4532);
#581=VERTEX_POINT('',#4536);
#582=VERTEX_POINT('',#4537);
#583=VERTEX_POINT('',#4544);
#584=VERTEX_POINT('',#4546);
#585=VERTEX_POINT('',#4711);
#586=VERTEX_POINT('',#4713);
#587=VERTEX_POINT('',#4734);
#588=VERTEX_POINT('',#4739);
#589=VERTEX_POINT('',#4743);
#590=VERTEX_POINT('',#4903);
#591=VERTEX_POINT('',#5355);
#592=VERTEX_POINT('',#5359);
#593=VERTEX_POINT('',#5360);
#594=VERTEX_POINT('',#5365);
#595=VERTEX_POINT('',#5529);
#596=VERTEX_POINT('',#5531);
#597=VERTEX_POINT('',#6115);
#598=VERTEX_POINT('',#6295);
#599=VERTEX_POINT('',#6298);
#600=EDGE_CURVE('',#470,#471,#328,.T.);
#601=EDGE_CURVE('',#470,#472,#249,.T.);
#602=EDGE_CURVE('',#472,#473,#205,.F.);
#603=EDGE_CURVE('',#473,#471,#250,.T.);
#604=EDGE_CURVE('',#474,#475,#329,.T.);
#605=EDGE_CURVE('',#474,#470,#251,.T.);
#606=EDGE_CURVE('',#471,#475,#252,.T.);
#607=EDGE_CURVE('',#476,#477,#330,.T.);
#608=EDGE_CURVE('',#476,#474,#253,.T.);
#609=EDGE_CURVE('',#475,#477,#254,.T.);
#610=EDGE_CURVE('',#478,#479,#331,.T.);
#611=EDGE_CURVE('',#478,#476,#255,.T.);
#612=EDGE_CURVE('',#477,#479,#256,.T.);
#613=EDGE_CURVE('',#480,#481,#332,.T.);
#614=EDGE_CURVE('',#480,#478,#257,.T.);
#615=EDGE_CURVE('',#479,#481,#258,.T.);
#616=EDGE_CURVE('',#482,#483,#333,.T.);
#617=EDGE_CURVE('',#482,#480,#259,.T.);
#618=EDGE_CURVE('',#481,#483,#260,.T.);
#619=EDGE_CURVE('',#484,#485,#334,.T.);
#620=EDGE_CURVE('',#484,#482,#261,.T.);
#621=EDGE_CURVE('',#483,#485,#262,.T.);
#622=EDGE_CURVE('',#486,#487,#335,.T.);
#623=EDGE_CURVE('',#486,#488,#263,.T.);
#624=EDGE_CURVE('',#489,#488,#206,.T.);
#625=EDGE_CURVE('',#487,#489,#264,.T.);
#626=EDGE_CURVE('',#490,#491,#336,.T.);
#627=EDGE_CURVE('',#490,#486,#265,.T.);
#628=EDGE_CURVE('',#491,#487,#266,.T.);
#629=EDGE_CURVE('',#492,#493,#337,.T.);
#630=EDGE_CURVE('',#492,#490,#267,.T.);
#631=EDGE_CURVE('',#493,#491,#268,.T.);
#632=EDGE_CURVE('',#494,#495,#338,.T.);
#633=EDGE_CURVE('',#494,#492,#269,.T.);
#634=EDGE_CURVE('',#495,#493,#270,.T.);
#635=EDGE_CURVE('',#496,#497,#339,.T.);
#636=EDGE_CURVE('',#496,#494,#271,.T.);
#637=EDGE_CURVE('',#497,#495,#272,.T.);
#638=EDGE_CURVE('',#498,#499,#340,.T.);
#639=EDGE_CURVE('',#498,#496,#273,.T.);
#640=EDGE_CURVE('',#499,#497,#274,.T.);
#641=EDGE_CURVE('',#500,#501,#341,.T.);
#642=EDGE_CURVE('',#500,#498,#275,.T.);
#643=EDGE_CURVE('',#501,#499,#276,.T.);
#644=EDGE_CURVE('',#502,#503,#342,.T.);
#645=EDGE_CURVE('',#503,#504,#277,.T.);
#646=EDGE_CURVE('',#505,#504,#207,.T.);
#647=EDGE_CURVE('',#502,#505,#278,.T.);
#648=EDGE_CURVE('',#506,#507,#343,.T.);
#649=EDGE_CURVE('',#507,#508,#279,.F.);
#650=EDGE_CURVE('',#508,#503,#280,.T.);
#651=EDGE_CURVE('',#506,#502,#281,.T.);
#652=EDGE_CURVE('',#509,#510,#344,.T.);
#653=EDGE_CURVE('',#510,#507,#282,.F.);
#654=EDGE_CURVE('',#509,#506,#283,.T.);
#655=EDGE_CURVE('',#511,#512,#345,.T.);
#656=EDGE_CURVE('',#512,#510,#284,.F.);
#657=EDGE_CURVE('',#511,#509,#285,.T.);
#658=EDGE_CURVE('',#513,#514,#346,.T.);
#659=EDGE_CURVE('',#514,#512,#286,.F.);
#660=EDGE_CURVE('',#513,#511,#287,.T.);
#661=EDGE_CURVE('',#515,#516,#347,.T.);
#662=EDGE_CURVE('',#516,#514,#288,.F.);
#663=EDGE_CURVE('',#515,#513,#289,.T.);
#664=EDGE_CURVE('',#517,#518,#348,.T.);
#665=EDGE_CURVE('',#519,#517,#290,.T.);
#666=EDGE_CURVE('',#520,#519,#208,.T.);
#667=EDGE_CURVE('',#520,#518,#291,.F.);
#668=EDGE_CURVE('',#521,#522,#349,.T.);
#669=EDGE_CURVE('',#522,#523,#209,.T.);
#670=EDGE_CURVE('',#523,#521,#292,.F.);
#671=EDGE_CURVE('',#524,#525,#350,.T.);
#672=EDGE_CURVE('',#525,#526,#293,.F.);
#673=EDGE_CURVE('',#526,#522,#210,.T.);
#674=EDGE_CURVE('',#521,#527,#294,.F.);
#675=EDGE_CURVE('',#527,#524,#295,.T.);
#676=EDGE_CURVE('',#528,#529,#351,.T.);
#677=EDGE_CURVE('',#529,#525,#296,.F.);
#678=EDGE_CURVE('',#524,#528,#297,.T.);
#679=EDGE_CURVE('',#530,#531,#352,.T.);
#680=EDGE_CURVE('',#531,#529,#298,.F.);
#681=EDGE_CURVE('',#528,#530,#299,.T.);
#682=EDGE_CURVE('',#532,#533,#353,.T.);
#683=EDGE_CURVE('',#533,#531,#300,.F.);
#684=EDGE_CURVE('',#530,#532,#301,.T.);
#685=EDGE_CURVE('',#534,#535,#354,.T.);
#686=EDGE_CURVE('',#535,#533,#302,.F.);
#687=EDGE_CURVE('',#532,#534,#303,.T.);
#688=EDGE_CURVE('',#536,#537,#355,.T.);
#689=EDGE_CURVE('',#536,#538,#304,.T.);
#690=EDGE_CURVE('',#539,#538,#211,.T.);
#691=EDGE_CURVE('',#539,#537,#305,.F.);
#692=EDGE_CURVE('',#540,#540,#212,.T.);
#693=EDGE_CURVE('',#540,#541,#356,.T.);
#694=EDGE_CURVE('',#542,#541,#213,.T.);
#695=EDGE_CURVE('',#542,#543,#357,.T.);
#696=EDGE_CURVE('',#544,#543,#306,.T.);
#697=EDGE_CURVE('',#544,#545,#214,.T.);
#698=EDGE_CURVE('',#546,#545,#307,.T.);
#699=EDGE_CURVE('',#546,#547,#358,.T.);
#700=EDGE_CURVE('',#541,#547,#215,.T.);
#701=EDGE_CURVE('',#527,#508,#359,.T.);
#702=EDGE_CURVE('',#504,#523,#308,.T.);
#703=EDGE_CURVE('',#518,#516,#309,.F.);
#704=EDGE_CURVE('',#538,#520,#310,.T.);
#705=EDGE_CURVE('',#534,#536,#311,.T.);
#706=EDGE_CURVE('',#548,#548,#216,.F.);
#707=EDGE_CURVE('',#548,#549,#360,.T.);
#708=EDGE_CURVE('',#550,#549,#217,.T.);
#709=EDGE_CURVE('',#551,#550,#361,.F.);
#710=EDGE_CURVE('',#552,#551,#218,.F.);
#711=EDGE_CURVE('',#553,#552,#362,.F.);
#712=EDGE_CURVE('',#549,#553,#219,.T.);
#713=EDGE_CURVE('',#554,#554,#220,.T.);
#714=EDGE_CURVE('',#555,#553,#363,.T.);
#715=EDGE_CURVE('',#556,#555,#221,.T.);
#716=EDGE_CURVE('',#550,#556,#364,.T.);
#717=EDGE_CURVE('',#557,#551,#365,.T.);
#718=EDGE_CURVE('',#558,#557,#222,.T.);
#719=EDGE_CURVE('',#559,#558,#223,.T.);
#720=EDGE_CURVE('',#559,#552,#366,.T.);
#721=EDGE_CURVE('',#560,#556,#367,.T.);
#722=EDGE_CURVE('',#561,#560,#312,.T.);
#723=EDGE_CURVE('',#562,#561,#368,.T.);
#724=EDGE_CURVE('',#557,#562,#369,.T.);
#725=EDGE_CURVE('',#554,#563,#370,.T.);
#726=EDGE_CURVE('',#563,#564,#224,.F.);
#727=EDGE_CURVE('',#564,#565,#371,.T.);
#728=EDGE_CURVE('',#566,#565,#313,.T.);
#729=EDGE_CURVE('',#566,#567,#225,.T.);
#730=EDGE_CURVE('',#568,#567,#314,.T.);
#731=EDGE_CURVE('',#568,#569,#372,.T.);
#732=EDGE_CURVE('',#569,#563,#226,.F.);
#733=EDGE_CURVE('',#570,#571,#227,.T.);
#734=EDGE_CURVE('',#570,#568,#373,.T.);
#735=EDGE_CURVE('',#567,#571,#374,.T.);
#736=EDGE_CURVE('',#572,#571,#375,.T.);
#737=EDGE_CURVE('',#572,#573,#228,.T.);
#738=EDGE_CURVE('',#574,#573,#376,.T.);
#739=EDGE_CURVE('',#575,#574,#22,.T.);
#740=EDGE_CURVE('',#570,#575,#377,.T.);
#741=EDGE_CURVE('',#572,#566,#378,.T.);
#742=EDGE_CURVE('',#565,#573,#379,.T.);
#743=EDGE_CURVE('',#574,#564,#23,.T.);
#744=EDGE_CURVE('',#569,#575,#24,.T.);
#745=EDGE_CURVE('',#555,#576,#380,.T.);
#746=EDGE_CURVE('',#560,#576,#229,.T.);
#747=EDGE_CURVE('',#577,#578,#230,.T.);
#748=EDGE_CURVE('',#577,#544,#381,.T.);
#749=EDGE_CURVE('',#543,#578,#382,.T.);
#750=EDGE_CURVE('',#579,#542,#25,.T.);
#751=EDGE_CURVE('',#580,#579,#383,.T.);
#752=EDGE_CURVE('',#580,#578,#384,.T.);
#753=EDGE_CURVE('',#581,#582,#231,.T.);
#754=EDGE_CURVE('',#581,#546,#385,.T.);
#755=EDGE_CURVE('',#545,#582,#386,.T.);
#756=EDGE_CURVE('',#577,#582,#387,.T.);
#757=EDGE_CURVE('',#581,#583,#388,.T.);
#758=EDGE_CURVE('',#584,#583,#389,.T.);
#759=EDGE_CURVE('',#547,#584,#26,.T.);
#760=EDGE_CURVE('',#583,#580,#390,.T.);
#761=EDGE_CURVE('',#584,#579,#232,.T.);
#762=EDGE_CURVE('',#519,#539,#315,.T.);
#763=EDGE_CURVE('',#585,#559,#391,.T.);
#764=EDGE_CURVE('',#586,#585,#392,.T.);
#765=EDGE_CURVE('',#576,#586,#316,.T.);
#766=EDGE_CURVE('',#558,#587,#393,.T.);
#767=EDGE_CURVE('',#587,#587,#233,.T.);
#768=EDGE_CURVE('',#585,#562,#234,.T.);
#769=EDGE_CURVE('',#587,#588,#394,.T.);
#770=EDGE_CURVE('',#588,#588,#235,.T.);
#771=EDGE_CURVE('',#589,#589,#236,.T.);
#772=EDGE_CURVE('',#526,#505,#317,.T.);
#773=EDGE_CURVE('',#590,#590,#237,.T.);
#774=EDGE_CURVE('',#537,#535,#318,.F.);
#775=EDGE_CURVE('',#517,#515,#319,.T.);
#776=EDGE_CURVE('',#590,#591,#395,.T.);
#777=EDGE_CURVE('',#591,#591,#238,.T.);
#778=EDGE_CURVE('',#592,#593,#239,.T.);
#779=EDGE_CURVE('',#592,#591,#396,.T.);
#780=EDGE_CURVE('',#593,#592,#240,.T.);
#781=EDGE_CURVE('',#488,#594,#320,.T.);
#782=EDGE_CURVE('',#595,#594,#241,.T.);
#783=EDGE_CURVE('',#596,#595,#242,.T.);
#784=EDGE_CURVE('',#596,#489,#321,.T.);
#785=EDGE_CURVE('',#485,#596,#322,.T.);
#786=EDGE_CURVE('',#597,#473,#323,.T.);
#787=EDGE_CURVE('',#597,#501,#324,.T.);
#788=EDGE_CURVE('',#473,#598,#243,.F.);
#789=EDGE_CURVE('',#598,#472,#244,.F.);
#790=EDGE_CURVE('',#472,#599,#325,.T.);
#791=EDGE_CURVE('',#599,#597,#245,.T.);
#792=EDGE_CURVE('',#599,#500,#326,.T.);
#793=EDGE_CURVE('',#594,#484,#327,.T.);
#794=EDGE_CURVE('',#594,#596,#246,.T.);
#795=EDGE_CURVE('',#589,#593,#247,.T.);
#796=EDGE_CURVE('',#561,#586,#248,.T.);
#797=EDGE_CURVE('',#598,#540,#397,.T.);
#798=EDGE_CURVE('',#563,#595,#398,.T.);
#799=ORIENTED_EDGE('',*,*,#600,.F.);
#800=ORIENTED_EDGE('',*,*,#601,.T.);
#801=ORIENTED_EDGE('',*,*,#602,.T.);
#802=ORIENTED_EDGE('',*,*,#603,.T.);
#803=ORIENTED_EDGE('',*,*,#604,.F.);
#804=ORIENTED_EDGE('',*,*,#605,.T.);
#805=ORIENTED_EDGE('',*,*,#600,.T.);
#806=ORIENTED_EDGE('',*,*,#606,.T.);
#807=ORIENTED_EDGE('',*,*,#607,.F.);
#808=ORIENTED_EDGE('',*,*,#608,.T.);
#809=ORIENTED_EDGE('',*,*,#604,.T.);
#810=ORIENTED_EDGE('',*,*,#609,.T.);
#811=ORIENTED_EDGE('',*,*,#610,.F.);
#812=ORIENTED_EDGE('',*,*,#611,.T.);
#813=ORIENTED_EDGE('',*,*,#607,.T.);
#814=ORIENTED_EDGE('',*,*,#612,.T.);
#815=ORIENTED_EDGE('',*,*,#613,.F.);
#816=ORIENTED_EDGE('',*,*,#614,.T.);
#817=ORIENTED_EDGE('',*,*,#610,.T.);
#818=ORIENTED_EDGE('',*,*,#615,.T.);
#819=ORIENTED_EDGE('',*,*,#616,.F.);
#820=ORIENTED_EDGE('',*,*,#617,.T.);
#821=ORIENTED_EDGE('',*,*,#613,.T.);
#822=ORIENTED_EDGE('',*,*,#618,.T.);
#823=ORIENTED_EDGE('',*,*,#619,.F.);
#824=ORIENTED_EDGE('',*,*,#620,.T.);
#825=ORIENTED_EDGE('',*,*,#616,.T.);
#826=ORIENTED_EDGE('',*,*,#621,.T.);
#827=ORIENTED_EDGE('',*,*,#622,.F.);
#828=ORIENTED_EDGE('',*,*,#623,.T.);
#829=ORIENTED_EDGE('',*,*,#624,.F.);
#830=ORIENTED_EDGE('',*,*,#625,.F.);
#831=ORIENTED_EDGE('',*,*,#626,.F.);
#832=ORIENTED_EDGE('',*,*,#627,.T.);
#833=ORIENTED_EDGE('',*,*,#622,.T.);
#834=ORIENTED_EDGE('',*,*,#628,.F.);
#835=ORIENTED_EDGE('',*,*,#629,.F.);
#836=ORIENTED_EDGE('',*,*,#630,.T.);
#837=ORIENTED_EDGE('',*,*,#626,.T.);
#838=ORIENTED_EDGE('',*,*,#631,.F.);
#839=ORIENTED_EDGE('',*,*,#632,.F.);
#840=ORIENTED_EDGE('',*,*,#633,.T.);
#841=ORIENTED_EDGE('',*,*,#629,.T.);
#842=ORIENTED_EDGE('',*,*,#634,.F.);
#843=ORIENTED_EDGE('',*,*,#635,.F.);
#844=ORIENTED_EDGE('',*,*,#636,.T.);
#845=ORIENTED_EDGE('',*,*,#632,.T.);
#846=ORIENTED_EDGE('',*,*,#637,.F.);
#847=ORIENTED_EDGE('',*,*,#638,.F.);
#848=ORIENTED_EDGE('',*,*,#639,.T.);
#849=ORIENTED_EDGE('',*,*,#635,.T.);
#850=ORIENTED_EDGE('',*,*,#640,.F.);
#851=ORIENTED_EDGE('',*,*,#641,.F.);
#852=ORIENTED_EDGE('',*,*,#642,.T.);
#853=ORIENTED_EDGE('',*,*,#638,.T.);
#854=ORIENTED_EDGE('',*,*,#643,.F.);
#855=ORIENTED_EDGE('',*,*,#644,.T.);
#856=ORIENTED_EDGE('',*,*,#645,.T.);
#857=ORIENTED_EDGE('',*,*,#646,.F.);
#858=ORIENTED_EDGE('',*,*,#647,.F.);
#859=ORIENTED_EDGE('',*,*,#648,.T.);
#860=ORIENTED_EDGE('',*,*,#649,.T.);
#861=ORIENTED_EDGE('',*,*,#650,.T.);
#862=ORIENTED_EDGE('',*,*,#644,.F.);
#863=ORIENTED_EDGE('',*,*,#651,.F.);
#864=ORIENTED_EDGE('',*,*,#652,.T.);
#865=ORIENTED_EDGE('',*,*,#653,.T.);
#866=ORIENTED_EDGE('',*,*,#648,.F.);
#867=ORIENTED_EDGE('',*,*,#654,.F.);
#868=ORIENTED_EDGE('',*,*,#655,.T.);
#869=ORIENTED_EDGE('',*,*,#656,.T.);
#870=ORIENTED_EDGE('',*,*,#652,.F.);
#871=ORIENTED_EDGE('',*,*,#657,.F.);
#872=ORIENTED_EDGE('',*,*,#658,.T.);
#873=ORIENTED_EDGE('',*,*,#659,.T.);
#874=ORIENTED_EDGE('',*,*,#655,.F.);
#875=ORIENTED_EDGE('',*,*,#660,.F.);
#876=ORIENTED_EDGE('',*,*,#661,.T.);
#877=ORIENTED_EDGE('',*,*,#662,.T.);
#878=ORIENTED_EDGE('',*,*,#658,.F.);
#879=ORIENTED_EDGE('',*,*,#663,.F.);
#880=ORIENTED_EDGE('',*,*,#664,.F.);
#881=ORIENTED_EDGE('',*,*,#665,.F.);
#882=ORIENTED_EDGE('',*,*,#666,.F.);
#883=ORIENTED_EDGE('',*,*,#667,.T.);
#884=ORIENTED_EDGE('',*,*,#668,.T.);
#885=ORIENTED_EDGE('',*,*,#669,.T.);
#886=ORIENTED_EDGE('',*,*,#670,.T.);
#887=ORIENTED_EDGE('',*,*,#671,.T.);
#888=ORIENTED_EDGE('',*,*,#672,.T.);
#889=ORIENTED_EDGE('',*,*,#673,.T.);
#890=ORIENTED_EDGE('',*,*,#668,.F.);
#891=ORIENTED_EDGE('',*,*,#674,.T.);
#892=ORIENTED_EDGE('',*,*,#675,.T.);
#893=ORIENTED_EDGE('',*,*,#676,.T.);
#894=ORIENTED_EDGE('',*,*,#677,.T.);
#895=ORIENTED_EDGE('',*,*,#671,.F.);
#896=ORIENTED_EDGE('',*,*,#678,.T.);
#897=ORIENTED_EDGE('',*,*,#679,.T.);
#898=ORIENTED_EDGE('',*,*,#680,.T.);
#899=ORIENTED_EDGE('',*,*,#676,.F.);
#900=ORIENTED_EDGE('',*,*,#681,.T.);
#901=ORIENTED_EDGE('',*,*,#682,.T.);
#902=ORIENTED_EDGE('',*,*,#683,.T.);
#903=ORIENTED_EDGE('',*,*,#679,.F.);
#904=ORIENTED_EDGE('',*,*,#684,.T.);
#905=ORIENTED_EDGE('',*,*,#685,.T.);
#906=ORIENTED_EDGE('',*,*,#686,.T.);
#907=ORIENTED_EDGE('',*,*,#682,.F.);
#908=ORIENTED_EDGE('',*,*,#687,.T.);
#909=ORIENTED_EDGE('',*,*,#688,.F.);
#910=ORIENTED_EDGE('',*,*,#689,.T.);
#911=ORIENTED_EDGE('',*,*,#690,.F.);
#912=ORIENTED_EDGE('',*,*,#691,.T.);
#913=ORIENTED_EDGE('',*,*,#692,.F.);
#914=ORIENTED_EDGE('',*,*,#693,.T.);
#915=ORIENTED_EDGE('',*,*,#694,.F.);
#916=ORIENTED_EDGE('',*,*,#695,.T.);
#917=ORIENTED_EDGE('',*,*,#696,.F.);
#918=ORIENTED_EDGE('',*,*,#697,.T.);
#919=ORIENTED_EDGE('',*,*,#698,.F.);
#920=ORIENTED_EDGE('',*,*,#699,.T.);
#921=ORIENTED_EDGE('',*,*,#700,.F.);
#922=ORIENTED_EDGE('',*,*,#693,.F.);
#923=ORIENTED_EDGE('',*,*,#650,.F.);
#924=ORIENTED_EDGE('',*,*,#701,.F.);
#925=ORIENTED_EDGE('',*,*,#674,.F.);
#926=ORIENTED_EDGE('',*,*,#670,.F.);
#927=ORIENTED_EDGE('',*,*,#702,.F.);
#928=ORIENTED_EDGE('',*,*,#645,.F.);
#929=ORIENTED_EDGE('',*,*,#701,.T.);
#930=ORIENTED_EDGE('',*,*,#649,.F.);
#931=ORIENTED_EDGE('',*,*,#653,.F.);
#932=ORIENTED_EDGE('',*,*,#656,.F.);
#933=ORIENTED_EDGE('',*,*,#659,.F.);
#934=ORIENTED_EDGE('',*,*,#662,.F.);
#935=ORIENTED_EDGE('',*,*,#703,.F.);
#936=ORIENTED_EDGE('',*,*,#667,.F.);
#937=ORIENTED_EDGE('',*,*,#704,.F.);
#938=ORIENTED_EDGE('',*,*,#689,.F.);
#939=ORIENTED_EDGE('',*,*,#705,.F.);
#940=ORIENTED_EDGE('',*,*,#687,.F.);
#941=ORIENTED_EDGE('',*,*,#684,.F.);
#942=ORIENTED_EDGE('',*,*,#681,.F.);
#943=ORIENTED_EDGE('',*,*,#678,.F.);
#944=ORIENTED_EDGE('',*,*,#675,.F.);
#945=ORIENTED_EDGE('',*,*,#706,.T.);
#946=ORIENTED_EDGE('',*,*,#707,.T.);
#947=ORIENTED_EDGE('',*,*,#708,.F.);
#948=ORIENTED_EDGE('',*,*,#709,.F.);
#949=ORIENTED_EDGE('',*,*,#710,.F.);
#950=ORIENTED_EDGE('',*,*,#711,.F.);
#951=ORIENTED_EDGE('',*,*,#712,.F.);
#952=ORIENTED_EDGE('',*,*,#707,.F.);
#953=ORIENTED_EDGE('',*,*,#713,.F.);
#954=ORIENTED_EDGE('',*,*,#706,.F.);
#955=ORIENTED_EDGE('',*,*,#714,.F.);
#956=ORIENTED_EDGE('',*,*,#715,.F.);
#957=ORIENTED_EDGE('',*,*,#716,.F.);
#958=ORIENTED_EDGE('',*,*,#708,.T.);
#959=ORIENTED_EDGE('',*,*,#712,.T.);
#960=ORIENTED_EDGE('',*,*,#710,.T.);
#961=ORIENTED_EDGE('',*,*,#717,.F.);
#962=ORIENTED_EDGE('',*,*,#718,.F.);
#963=ORIENTED_EDGE('',*,*,#719,.F.);
#964=ORIENTED_EDGE('',*,*,#720,.T.);
#965=ORIENTED_EDGE('',*,*,#709,.T.);
#966=ORIENTED_EDGE('',*,*,#716,.T.);
#967=ORIENTED_EDGE('',*,*,#721,.F.);
#968=ORIENTED_EDGE('',*,*,#722,.F.);
#969=ORIENTED_EDGE('',*,*,#723,.F.);
#970=ORIENTED_EDGE('',*,*,#724,.F.);
#971=ORIENTED_EDGE('',*,*,#717,.T.);
#972=ORIENTED_EDGE('',*,*,#713,.T.);
#973=ORIENTED_EDGE('',*,*,#725,.T.);
#974=ORIENTED_EDGE('',*,*,#726,.T.);
#975=ORIENTED_EDGE('',*,*,#727,.T.);
#976=ORIENTED_EDGE('',*,*,#728,.F.);
#977=ORIENTED_EDGE('',*,*,#729,.T.);
#978=ORIENTED_EDGE('',*,*,#730,.F.);
#979=ORIENTED_EDGE('',*,*,#731,.T.);
#980=ORIENTED_EDGE('',*,*,#732,.T.);
#981=ORIENTED_EDGE('',*,*,#725,.F.);
#982=ORIENTED_EDGE('',*,*,#733,.F.);
#983=ORIENTED_EDGE('',*,*,#734,.T.);
#984=ORIENTED_EDGE('',*,*,#730,.T.);
#985=ORIENTED_EDGE('',*,*,#735,.T.);
#986=ORIENTED_EDGE('',*,*,#733,.T.);
#987=ORIENTED_EDGE('',*,*,#736,.F.);
#988=ORIENTED_EDGE('',*,*,#737,.T.);
#989=ORIENTED_EDGE('',*,*,#738,.F.);
#990=ORIENTED_EDGE('',*,*,#739,.F.);
#991=ORIENTED_EDGE('',*,*,#740,.F.);
#992=ORIENTED_EDGE('',*,*,#735,.F.);
#993=ORIENTED_EDGE('',*,*,#729,.F.);
#994=ORIENTED_EDGE('',*,*,#741,.F.);
#995=ORIENTED_EDGE('',*,*,#736,.T.);
#996=ORIENTED_EDGE('',*,*,#737,.F.);
#997=ORIENTED_EDGE('',*,*,#741,.T.);
#998=ORIENTED_EDGE('',*,*,#728,.T.);
#999=ORIENTED_EDGE('',*,*,#742,.T.);
#1000=ORIENTED_EDGE('',*,*,#742,.F.);
#1001=ORIENTED_EDGE('',*,*,#727,.F.);
#1002=ORIENTED_EDGE('',*,*,#743,.F.);
#1003=ORIENTED_EDGE('',*,*,#738,.T.);
#1004=ORIENTED_EDGE('',*,*,#734,.F.);
#1005=ORIENTED_EDGE('',*,*,#740,.T.);
#1006=ORIENTED_EDGE('',*,*,#744,.F.);
#1007=ORIENTED_EDGE('',*,*,#731,.F.);
#1008=ORIENTED_EDGE('',*,*,#715,.T.);
#1009=ORIENTED_EDGE('',*,*,#745,.T.);
#1010=ORIENTED_EDGE('',*,*,#746,.F.);
#1011=ORIENTED_EDGE('',*,*,#721,.T.);
#1012=ORIENTED_EDGE('',*,*,#747,.F.);
#1013=ORIENTED_EDGE('',*,*,#748,.T.);
#1014=ORIENTED_EDGE('',*,*,#696,.T.);
#1015=ORIENTED_EDGE('',*,*,#749,.T.);
#1016=ORIENTED_EDGE('',*,*,#749,.F.);
#1017=ORIENTED_EDGE('',*,*,#695,.F.);
#1018=ORIENTED_EDGE('',*,*,#750,.F.);
#1019=ORIENTED_EDGE('',*,*,#751,.F.);
#1020=ORIENTED_EDGE('',*,*,#752,.T.);
#1021=ORIENTED_EDGE('',*,*,#753,.F.);
#1022=ORIENTED_EDGE('',*,*,#754,.T.);
#1023=ORIENTED_EDGE('',*,*,#698,.T.);
#1024=ORIENTED_EDGE('',*,*,#755,.T.);
#1025=ORIENTED_EDGE('',*,*,#748,.F.);
#1026=ORIENTED_EDGE('',*,*,#756,.T.);
#1027=ORIENTED_EDGE('',*,*,#755,.F.);
#1028=ORIENTED_EDGE('',*,*,#697,.F.);
#1029=ORIENTED_EDGE('',*,*,#754,.F.);
#1030=ORIENTED_EDGE('',*,*,#757,.T.);
#1031=ORIENTED_EDGE('',*,*,#758,.F.);
#1032=ORIENTED_EDGE('',*,*,#759,.F.);
#1033=ORIENTED_EDGE('',*,*,#699,.F.);
#1034=ORIENTED_EDGE('',*,*,#747,.T.);
#1035=ORIENTED_EDGE('',*,*,#752,.F.);
#1036=ORIENTED_EDGE('',*,*,#760,.F.);
#1037=ORIENTED_EDGE('',*,*,#757,.F.);
#1038=ORIENTED_EDGE('',*,*,#753,.T.);
#1039=ORIENTED_EDGE('',*,*,#756,.F.);
#1040=ORIENTED_EDGE('',*,*,#758,.T.);
#1041=ORIENTED_EDGE('',*,*,#760,.T.);
#1042=ORIENTED_EDGE('',*,*,#751,.T.);
#1043=ORIENTED_EDGE('',*,*,#761,.F.);
#1044=ORIENTED_EDGE('',*,*,#762,.T.);
#1045=ORIENTED_EDGE('',*,*,#690,.T.);
#1046=ORIENTED_EDGE('',*,*,#704,.T.);
#1047=ORIENTED_EDGE('',*,*,#666,.T.);
#1048=ORIENTED_EDGE('',*,*,#759,.T.);
#1049=ORIENTED_EDGE('',*,*,#761,.T.);
#1050=ORIENTED_EDGE('',*,*,#750,.T.);
#1051=ORIENTED_EDGE('',*,*,#694,.T.);
#1052=ORIENTED_EDGE('',*,*,#700,.T.);
#1053=ORIENTED_EDGE('',*,*,#711,.T.);
#1054=ORIENTED_EDGE('',*,*,#720,.F.);
#1055=ORIENTED_EDGE('',*,*,#763,.F.);
#1056=ORIENTED_EDGE('',*,*,#764,.F.);
#1057=ORIENTED_EDGE('',*,*,#765,.F.);
#1058=ORIENTED_EDGE('',*,*,#745,.F.);
#1059=ORIENTED_EDGE('',*,*,#714,.T.);
#1060=ORIENTED_EDGE('',*,*,#763,.T.);
#1061=ORIENTED_EDGE('',*,*,#719,.T.);
#1062=ORIENTED_EDGE('',*,*,#766,.T.);
#1063=ORIENTED_EDGE('',*,*,#767,.F.);
#1064=ORIENTED_EDGE('',*,*,#766,.F.);
#1065=ORIENTED_EDGE('',*,*,#718,.T.);
#1066=ORIENTED_EDGE('',*,*,#724,.T.);
#1067=ORIENTED_EDGE('',*,*,#768,.F.);
#1068=ORIENTED_EDGE('',*,*,#767,.T.);
#1069=ORIENTED_EDGE('',*,*,#769,.T.);
#1070=ORIENTED_EDGE('',*,*,#770,.T.);
#1071=ORIENTED_EDGE('',*,*,#769,.F.);
#1072=ORIENTED_EDGE('',*,*,#770,.F.);
#1073=ORIENTED_EDGE('',*,*,#771,.F.);
#1074=ORIENTED_EDGE('',*,*,#673,.F.);
#1075=ORIENTED_EDGE('',*,*,#772,.T.);
#1076=ORIENTED_EDGE('',*,*,#646,.T.);
#1077=ORIENTED_EDGE('',*,*,#702,.T.);
#1078=ORIENTED_EDGE('',*,*,#669,.F.);
#1079=ORIENTED_EDGE('',*,*,#773,.F.);
#1080=ORIENTED_EDGE('',*,*,#688,.T.);
#1081=ORIENTED_EDGE('',*,*,#774,.T.);
#1082=ORIENTED_EDGE('',*,*,#685,.F.);
#1083=ORIENTED_EDGE('',*,*,#705,.T.);
#1084=ORIENTED_EDGE('',*,*,#665,.T.);
#1085=ORIENTED_EDGE('',*,*,#775,.T.);
#1086=ORIENTED_EDGE('',*,*,#663,.T.);
#1087=ORIENTED_EDGE('',*,*,#660,.T.);
#1088=ORIENTED_EDGE('',*,*,#657,.T.);
#1089=ORIENTED_EDGE('',*,*,#654,.T.);
#1090=ORIENTED_EDGE('',*,*,#651,.T.);
#1091=ORIENTED_EDGE('',*,*,#647,.T.);
#1092=ORIENTED_EDGE('',*,*,#772,.F.);
#1093=ORIENTED_EDGE('',*,*,#672,.F.);
#1094=ORIENTED_EDGE('',*,*,#677,.F.);
#1095=ORIENTED_EDGE('',*,*,#680,.F.);
#1096=ORIENTED_EDGE('',*,*,#683,.F.);
#1097=ORIENTED_EDGE('',*,*,#686,.F.);
#1098=ORIENTED_EDGE('',*,*,#774,.F.);
#1099=ORIENTED_EDGE('',*,*,#691,.F.);
#1100=ORIENTED_EDGE('',*,*,#762,.F.);
#1101=ORIENTED_EDGE('',*,*,#664,.T.);
#1102=ORIENTED_EDGE('',*,*,#703,.T.);
#1103=ORIENTED_EDGE('',*,*,#661,.F.);
#1104=ORIENTED_EDGE('',*,*,#775,.F.);
#1105=ORIENTED_EDGE('',*,*,#773,.T.);
#1106=ORIENTED_EDGE('',*,*,#776,.T.);
#1107=ORIENTED_EDGE('',*,*,#777,.T.);
#1108=ORIENTED_EDGE('',*,*,#776,.F.);
#1109=ORIENTED_EDGE('',*,*,#778,.F.);
#1110=ORIENTED_EDGE('',*,*,#779,.T.);
#1111=ORIENTED_EDGE('',*,*,#777,.F.);
#1112=ORIENTED_EDGE('',*,*,#779,.F.);
#1113=ORIENTED_EDGE('',*,*,#780,.F.);
#1114=ORIENTED_EDGE('',*,*,#624,.T.);
#1115=ORIENTED_EDGE('',*,*,#781,.T.);
#1116=ORIENTED_EDGE('',*,*,#782,.F.);
#1117=ORIENTED_EDGE('',*,*,#783,.F.);
#1118=ORIENTED_EDGE('',*,*,#784,.T.);
#1119=ORIENTED_EDGE('',*,*,#784,.F.);
#1120=ORIENTED_EDGE('',*,*,#785,.F.);
#1121=ORIENTED_EDGE('',*,*,#621,.F.);
#1122=ORIENTED_EDGE('',*,*,#618,.F.);
#1123=ORIENTED_EDGE('',*,*,#615,.F.);
#1124=ORIENTED_EDGE('',*,*,#612,.F.);
#1125=ORIENTED_EDGE('',*,*,#609,.F.);
#1126=ORIENTED_EDGE('',*,*,#606,.F.);
#1127=ORIENTED_EDGE('',*,*,#603,.F.);
#1128=ORIENTED_EDGE('',*,*,#786,.F.);
#1129=ORIENTED_EDGE('',*,*,#787,.T.);
#1130=ORIENTED_EDGE('',*,*,#643,.T.);
#1131=ORIENTED_EDGE('',*,*,#640,.T.);
#1132=ORIENTED_EDGE('',*,*,#637,.T.);
#1133=ORIENTED_EDGE('',*,*,#634,.T.);
#1134=ORIENTED_EDGE('',*,*,#631,.T.);
#1135=ORIENTED_EDGE('',*,*,#628,.T.);
#1136=ORIENTED_EDGE('',*,*,#625,.T.);
#1137=ORIENTED_EDGE('',*,*,#788,.T.);
#1138=ORIENTED_EDGE('',*,*,#789,.T.);
#1139=ORIENTED_EDGE('',*,*,#790,.T.);
#1140=ORIENTED_EDGE('',*,*,#791,.T.);
#1141=ORIENTED_EDGE('',*,*,#786,.T.);
#1142=ORIENTED_EDGE('',*,*,#641,.T.);
#1143=ORIENTED_EDGE('',*,*,#787,.F.);
#1144=ORIENTED_EDGE('',*,*,#791,.F.);
#1145=ORIENTED_EDGE('',*,*,#792,.T.);
#1146=ORIENTED_EDGE('',*,*,#781,.F.);
#1147=ORIENTED_EDGE('',*,*,#623,.F.);
#1148=ORIENTED_EDGE('',*,*,#627,.F.);
#1149=ORIENTED_EDGE('',*,*,#630,.F.);
#1150=ORIENTED_EDGE('',*,*,#633,.F.);
#1151=ORIENTED_EDGE('',*,*,#636,.F.);
#1152=ORIENTED_EDGE('',*,*,#639,.F.);
#1153=ORIENTED_EDGE('',*,*,#642,.F.);
#1154=ORIENTED_EDGE('',*,*,#792,.F.);
#1155=ORIENTED_EDGE('',*,*,#790,.F.);
#1156=ORIENTED_EDGE('',*,*,#601,.F.);
#1157=ORIENTED_EDGE('',*,*,#605,.F.);
#1158=ORIENTED_EDGE('',*,*,#608,.F.);
#1159=ORIENTED_EDGE('',*,*,#611,.F.);
#1160=ORIENTED_EDGE('',*,*,#614,.F.);
#1161=ORIENTED_EDGE('',*,*,#617,.F.);
#1162=ORIENTED_EDGE('',*,*,#620,.F.);
#1163=ORIENTED_EDGE('',*,*,#793,.F.);
#1164=ORIENTED_EDGE('',*,*,#619,.T.);
#1165=ORIENTED_EDGE('',*,*,#785,.T.);
#1166=ORIENTED_EDGE('',*,*,#794,.F.);
#1167=ORIENTED_EDGE('',*,*,#793,.T.);
#1168=ORIENTED_EDGE('',*,*,#771,.T.);
#1169=ORIENTED_EDGE('',*,*,#795,.T.);
#1170=ORIENTED_EDGE('',*,*,#780,.T.);
#1171=ORIENTED_EDGE('',*,*,#778,.T.);
#1172=ORIENTED_EDGE('',*,*,#795,.F.);
#1173=ORIENTED_EDGE('',*,*,#764,.T.);
#1174=ORIENTED_EDGE('',*,*,#768,.T.);
#1175=ORIENTED_EDGE('',*,*,#723,.T.);
#1176=ORIENTED_EDGE('',*,*,#796,.T.);
#1177=ORIENTED_EDGE('',*,*,#788,.F.);
#1178=ORIENTED_EDGE('',*,*,#602,.F.);
#1179=ORIENTED_EDGE('',*,*,#789,.F.);
#1180=ORIENTED_EDGE('',*,*,#797,.T.);
#1181=ORIENTED_EDGE('',*,*,#692,.T.);
#1182=ORIENTED_EDGE('',*,*,#797,.F.);
#1183=ORIENTED_EDGE('',*,*,#743,.T.);
#1184=ORIENTED_EDGE('',*,*,#726,.F.);
#1185=ORIENTED_EDGE('',*,*,#798,.T.);
#1186=ORIENTED_EDGE('',*,*,#782,.T.);
#1187=ORIENTED_EDGE('',*,*,#794,.T.);
#1188=ORIENTED_EDGE('',*,*,#783,.T.);
#1189=ORIENTED_EDGE('',*,*,#798,.F.);
#1190=ORIENTED_EDGE('',*,*,#732,.F.);
#1191=ORIENTED_EDGE('',*,*,#744,.T.);
#1192=ORIENTED_EDGE('',*,*,#739,.T.);
#1193=ORIENTED_EDGE('',*,*,#765,.T.);
#1194=ORIENTED_EDGE('',*,*,#796,.F.);
#1195=ORIENTED_EDGE('',*,*,#722,.T.);
#1196=ORIENTED_EDGE('',*,*,#746,.T.);
#1197=CYLINDRICAL_SURFACE('',#1326,39.81);
#1198=CYLINDRICAL_SURFACE('',#1328,39.81);
#1199=CYLINDRICAL_SURFACE('',#1329,39.81);
#1200=CYLINDRICAL_SURFACE('',#1330,39.81);
#1201=CYLINDRICAL_SURFACE('',#1331,39.81);
#1202=CYLINDRICAL_SURFACE('',#1332,39.81);
#1203=CYLINDRICAL_SURFACE('',#1333,39.81);
#1204=CYLINDRICAL_SURFACE('',#1334,36.368);
#1205=CYLINDRICAL_SURFACE('',#1336,36.368);
#1206=CYLINDRICAL_SURFACE('',#1337,36.368);
#1207=CYLINDRICAL_SURFACE('',#1338,36.368);
#1208=CYLINDRICAL_SURFACE('',#1339,36.368);
#1209=CYLINDRICAL_SURFACE('',#1340,36.368);
#1210=CYLINDRICAL_SURFACE('',#1341,36.368);
#1211=CYLINDRICAL_SURFACE('',#1342,40.31025);
#1212=CYLINDRICAL_SURFACE('',#1344,40.31025);
#1213=CYLINDRICAL_SURFACE('',#1345,40.31025);
#1214=CYLINDRICAL_SURFACE('',#1346,40.31025);
#1215=CYLINDRICAL_SURFACE('',#1347,40.31025);
#1216=CYLINDRICAL_SURFACE('',#1348,40.31025);
#1217=CYLINDRICAL_SURFACE('',#1349,40.31025);
#1218=CYLINDRICAL_SURFACE('',#1351,36.9525);
#1219=CYLINDRICAL_SURFACE('',#1353,36.9525);
#1220=CYLINDRICAL_SURFACE('',#1355,36.9525);
#1221=CYLINDRICAL_SURFACE('',#1356,36.9525);
#1222=CYLINDRICAL_SURFACE('',#1357,36.9525);
#1223=CYLINDRICAL_SURFACE('',#1358,36.9525);
#1224=CYLINDRICAL_SURFACE('',#1359,36.9525);
#1225=CYLINDRICAL_SURFACE('',#1361,50.);
#1226=CYLINDRICAL_SURFACE('',#1366,55.);
#1227=CYLINDRICAL_SURFACE('',#1379,60.);
#1228=CYLINDRICAL_SURFACE('',#1383,6.);
#1229=CYLINDRICAL_SURFACE('',#1388,6.);
#1230=CYLINDRICAL_SURFACE('',#1391,60.);
#1231=CYLINDRICAL_SURFACE('',#1393,3.5);
#1232=CYLINDRICAL_SURFACE('',#1396,3.5);
#1233=CYLINDRICAL_SURFACE('',#1405,40.);
#1234=CYLINDRICAL_SURFACE('',#1414,36.9525);
#1235=CYLINDRICAL_SURFACE('',#1415,40.31025);
#1236=CYLINDRICAL_SURFACE('',#1418,15.);
#1237=CYLINDRICAL_SURFACE('',#1428,36.368);
#1238=CYLINDRICAL_SURFACE('',#1429,39.81);
#1239=ADVANCED_FACE('',(#55),#1197,.T.);
#1240=ADVANCED_FACE('',(#56),#1198,.T.);
#1241=ADVANCED_FACE('',(#57),#1199,.T.);
#1242=ADVANCED_FACE('',(#58),#1200,.T.);
#1243=ADVANCED_FACE('',(#59),#1201,.T.);
#1244=ADVANCED_FACE('',(#60),#1202,.T.);
#1245=ADVANCED_FACE('',(#61),#1203,.T.);
#1246=ADVANCED_FACE('',(#62),#1204,.T.);
#1247=ADVANCED_FACE('',(#63),#1205,.T.);
#1248=ADVANCED_FACE('',(#64),#1206,.T.);
#1249=ADVANCED_FACE('',(#65),#1207,.T.);
#1250=ADVANCED_FACE('',(#66),#1208,.T.);
#1251=ADVANCED_FACE('',(#67),#1209,.T.);
#1252=ADVANCED_FACE('',(#68),#1210,.T.);
#1253=ADVANCED_FACE('',(#69),#1211,.F.);
#1254=ADVANCED_FACE('',(#70),#1212,.F.);
#1255=ADVANCED_FACE('',(#71),#1213,.F.);
#1256=ADVANCED_FACE('',(#72),#1214,.F.);
#1257=ADVANCED_FACE('',(#73),#1215,.F.);
#1258=ADVANCED_FACE('',(#74),#1216,.F.);
#1259=ADVANCED_FACE('',(#75),#1217,.F.);
#1260=ADVANCED_FACE('',(#76),#1218,.F.);
#1261=ADVANCED_FACE('',(#77),#1219,.F.);
#1262=ADVANCED_FACE('',(#78),#1220,.F.);
#1263=ADVANCED_FACE('',(#79),#1221,.F.);
#1264=ADVANCED_FACE('',(#80),#1222,.F.);
#1265=ADVANCED_FACE('',(#81),#1223,.F.);
#1266=ADVANCED_FACE('',(#82),#1224,.F.);
#1267=ADVANCED_FACE('',(#83),#1225,.T.);
#1268=ADVANCED_FACE('',(#84),#50,.F.);
#1269=ADVANCED_FACE('',(#85),#51,.F.);
#1270=ADVANCED_FACE('',(#86),#1226,.T.);
#1271=ADVANCED_FACE('',(#87,#27),#31,.F.);
#1272=ADVANCED_FACE('',(#88),#32,.F.);
#1273=ADVANCED_FACE('',(#89),#33,.F.);
#1274=ADVANCED_FACE('',(#90),#34,.F.);
#1275=ADVANCED_FACE('',(#91),#1227,.T.);
#1276=ADVANCED_FACE('',(#92),#1228,.F.);
#1277=ADVANCED_FACE('',(#93),#35,.F.);
#1278=ADVANCED_FACE('',(#94),#36,.F.);
#1279=ADVANCED_FACE('',(#95),#1229,.F.);
#1280=ADVANCED_FACE('',(#96),#37,.F.);
#1281=ADVANCED_FACE('',(#97),#38,.F.);
#1282=ADVANCED_FACE('',(#98),#1230,.T.);
#1283=ADVANCED_FACE('',(#99),#1231,.F.);
#1284=ADVANCED_FACE('',(#100),#39,.F.);
#1285=ADVANCED_FACE('',(#101),#1232,.F.);
#1286=ADVANCED_FACE('',(#102),#40,.F.);
#1287=ADVANCED_FACE('',(#103),#41,.F.);
#1288=ADVANCED_FACE('',(#104),#42,.F.);
#1289=ADVANCED_FACE('',(#105,#28),#43,.T.);
#1290=ADVANCED_FACE('',(#106),#17,.T.);
#1291=ADVANCED_FACE('',(#107),#44,.F.);
#1292=ADVANCED_FACE('',(#108),#1233,.F.);
#1293=ADVANCED_FACE('',(#109),#18,.F.);
#1294=ADVANCED_FACE('',(#110,#29),#45,.T.);
#1295=ADVANCED_FACE('',(#111,#30),#46,.T.);
#1296=ADVANCED_FACE('',(#112),#1234,.F.);
#1297=ADVANCED_FACE('',(#113),#52,.F.);
#1298=ADVANCED_FACE('',(#114),#1235,.F.);
#1299=ADVANCED_FACE('',(#115),#19,.F.);
#1300=ADVANCED_FACE('',(#116),#1236,.F.);
#1301=ADVANCED_FACE('',(#117),#47,.F.);
#1302=ADVANCED_FACE('',(#118),#53,.F.);
#1303=ADVANCED_FACE('',(#119),#48,.T.);
#1304=ADVANCED_FACE('',(#120),#1237,.T.);
#1305=ADVANCED_FACE('',(#121),#54,.F.);
#1306=ADVANCED_FACE('',(#122),#1238,.T.);
#1307=ADVANCED_FACE('',(#123),#15,.T.);
#1308=ADVANCED_FACE('',(#124),#49,.T.);
#1309=ADVANCED_FACE('',(#125),#20,.T.);
#1310=ADVANCED_FACE('',(#126),#21,.T.);
#1311=ADVANCED_FACE('',(#127),#16,.T.);
#1312=CLOSED_SHELL('',(#1239,#1240,#1241,#1242,#1243,#1244,#1245,#1246,
#1247,#1248,#1249,#1250,#1251,#1252,#1253,#1254,#1255,#1256,#1257,#1258,
#1259,#1260,#1261,#1262,#1263,#1264,#1265,#1266,#1267,#1268,#1269,#1270,
#1271,#1272,#1273,#1274,#1275,#1276,#1277,#1278,#1279,#1280,#1281,#1282,
#1283,#1284,#1285,#1286,#1287,#1288,#1289,#1290,#1291,#1292,#1293,#1294,
#1295,#1296,#1297,#1298,#1299,#1300,#1301,#1302,#1303,#1304,#1305,#1306,
#1307,#1308,#1309,#1310,#1311));
#1313=DERIVED_UNIT_ELEMENT(#1315,1.);
#1314=DERIVED_UNIT_ELEMENT(#6905,-3.);
#1315=(
MASS_UNIT()
NAMED_UNIT(*)
SI_UNIT(.KILO.,.GRAM.)
);
#1316=DERIVED_UNIT((#1313,#1314));
#1317=MEASURE_REPRESENTATION_ITEM('density measure',
POSITIVE_RATIO_MEASURE(7850.),#1316);
#1318=PROPERTY_DEFINITION_REPRESENTATION(#1323,#1320);
#1319=PROPERTY_DEFINITION_REPRESENTATION(#1324,#1321);
#1320=REPRESENTATION('material name',(#1322),#6902);
#1321=REPRESENTATION('density',(#1317),#6902);
#1322=DESCRIPTIVE_REPRESENTATION_ITEM('Steel','Steel');
#1323=PROPERTY_DEFINITION('material property','material name',#6912);
#1324=PROPERTY_DEFINITION('material property','density of part',#6912);
#1325=AXIS2_PLACEMENT_3D('',#1735,#1438,#1439);
#1326=AXIS2_PLACEMENT_3D('',#1736,#1440,#1441);
#1327=AXIS2_PLACEMENT_3D('',#1758,#1443,#1444);
#1328=AXIS2_PLACEMENT_3D('',#1769,#1445,#1446);
#1329=AXIS2_PLACEMENT_3D('',#1859,#1448,#1449);
#1330=AXIS2_PLACEMENT_3D('',#1943,#1451,#1452);
#1331=AXIS2_PLACEMENT_3D('',#2033,#1454,#1455);
#1332=AXIS2_PLACEMENT_3D('',#2123,#1457,#1458);
#1333=AXIS2_PLACEMENT_3D('',#2213,#1460,#1461);
#1334=AXIS2_PLACEMENT_3D('',#2303,#1463,#1464);
#1335=AXIS2_PLACEMENT_3D('',#2317,#1466,#1467);
#1336=AXIS2_PLACEMENT_3D('',#2324,#1468,#1469);
#1337=AXIS2_PLACEMENT_3D('',#2361,#1471,#1472);
#1338=AXIS2_PLACEMENT_3D('',#2399,#1474,#1475);
#1339=AXIS2_PLACEMENT_3D('',#2437,#1477,#1478);
#1340=AXIS2_PLACEMENT_3D('',#2475,#1480,#1481);
#1341=AXIS2_PLACEMENT_3D('',#2512,#1483,#1484);
#1342=AXIS2_PLACEMENT_3D('',#2549,#1486,#1487);
#1343=AXIS2_PLACEMENT_3D('',#2565,#1489,#1490);
#1344=AXIS2_PLACEMENT_3D('',#2585,#1491,#1492);
#1345=AXIS2_PLACEMENT_3D('',#2673,#1494,#1495);
#1346=AXIS2_PLACEMENT_3D('',#2763,#1497,#1498);
#1347=AXIS2_PLACEMENT_3D('',#2850,#1500,#1501);
#1348=AXIS2_PLACEMENT_3D('',#2937,#1503,#1504);
#1349=AXIS2_PLACEMENT_3D('',#3024,#1506,#1507);
#1350=AXIS2_PLACEMENT_3D('',#3040,#1509,#1510);
#1351=AXIS2_PLACEMENT_3D('',#3054,#1511,#1512);
#1352=AXIS2_PLACEMENT_3D('',#3059,#1514,#1515);
#1353=AXIS2_PLACEMENT_3D('',#3067,#1516,#1517);
#1354=AXIS2_PLACEMENT_3D('',#3103,#1519,#1520);
#1355=AXIS2_PLACEMENT_3D('',#3149,#1521,#1522);
#1356=AXIS2_PLACEMENT_3D('',#3239,#1524,#1525);
#1357=AXIS2_PLACEMENT_3D('',#3329,#1527,#1528);
#1358=AXIS2_PLACEMENT_3D('',#3413,#1530,#1531);
#1359=AXIS2_PLACEMENT_3D('',#3503,#1533,#1534);
#1360=AXIS2_PLACEMENT_3D('',#3534,#1536,#1537);
#1361=AXIS2_PLACEMENT_3D('',#3572,#1538,#1539);
#1362=AXIS2_PLACEMENT_3D('',#3574,#1540,#1541);
#1363=AXIS2_PLACEMENT_3D('',#3578,#1543,#1544);
#1364=AXIS2_PLACEMENT_3D('',#3593,#1546,#1547);
#1365=AXIS2_PLACEMENT_3D('',#3607,#1549,#1550);
#1366=AXIS2_PLACEMENT_3D('',#4397,#1552,#1553);
#1367=AXIS2_PLACEMENT_3D('',#4399,#1554,#1555);
#1368=AXIS2_PLACEMENT_3D('',#4403,#1557,#1558);
#1369=AXIS2_PLACEMENT_3D('',#4407,#1560,#1561);
#1370=AXIS2_PLACEMENT_3D('',#4410,#1563,#1564);
#1371=AXIS2_PLACEMENT_3D('',#4411,#1565,#1566);
#1372=AXIS2_PLACEMENT_3D('',#4413,#1567,#1568);
#1373=AXIS2_PLACEMENT_3D('',#4414,#1569,#1570);
#1374=AXIS2_PLACEMENT_3D('',#4418,#1572,#1573);
#1375=AXIS2_PLACEMENT_3D('',#4420,#1575,#1576);
#1376=AXIS2_PLACEMENT_3D('',#4424,#1578,#1579);
#1377=AXIS2_PLACEMENT_3D('',#4426,#1580,#1581);
#1378=AXIS2_PLACEMENT_3D('',#4428,#1583,#1584);
#1379=AXIS2_PLACEMENT_3D('',#4453,#1588,#1589);
#1380=AXIS2_PLACEMENT_3D('',#4457,#1591,#1592);
#1381=AXIS2_PLACEMENT_3D('',#4472,#1594,#1595);
#1382=AXIS2_PLACEMENT_3D('',#4486,#1597,#1598);
#1383=AXIS2_PLACEMENT_3D('',#4487,#1599,#1600);
#1384=AXIS2_PLACEMENT_3D('',#4490,#1601,#1602);
#1385=AXIS2_PLACEMENT_3D('',#4493,#1605,#1606);
#1386=AXIS2_PLACEMENT_3D('',#4497,#1608,#1609);
#1387=AXIS2_PLACEMENT_3D('',#4505,#1612,#1613);
#1388=AXIS2_PLACEMENT_3D('',#4507,#1615,#1616);
#1389=AXIS2_PLACEMENT_3D('',#4509,#1618,#1619);
#1390=AXIS2_PLACEMENT_3D('',#4513,#1620,#1621);
#1391=AXIS2_PLACEMENT_3D('',#4517,#1622,#1623);
#1392=AXIS2_PLACEMENT_3D('',#4520,#1625,#1626);
#1393=AXIS2_PLACEMENT_3D('',#4521,#1627,#1628);
#1394=AXIS2_PLACEMENT_3D('',#4524,#1629,#1630);
#1395=AXIS2_PLACEMENT_3D('',#4527,#1633,#1634);
#1396=AXIS2_PLACEMENT_3D('',#4535,#1637,#1638);
#1397=AXIS2_PLACEMENT_3D('',#4538,#1639,#1640);
#1398=AXIS2_PLACEMENT_3D('',#4541,#1643,#1644);
#1399=AXIS2_PLACEMENT_3D('',#4543,#1646,#1647);
#1400=AXIS2_PLACEMENT_3D('',#4551,#1650,#1651);
#1401=AXIS2_PLACEMENT_3D('',#4553,#1653,#1654);
#1402=AXIS2_PLACEMENT_3D('',#4554,#1655,#1656);
#1403=AXIS2_PLACEMENT_3D('',#4709,#1657,#1658);
#1404=AXIS2_PLACEMENT_3D('',#4710,#1659,#1660);
#1405=AXIS2_PLACEMENT_3D('',#4733,#1663,#1664);
#1406=AXIS2_PLACEMENT_3D('',#4736,#1666,#1667);
#1407=AXIS2_PLACEMENT_3D('',#4737,#1668,#1669);
#1408=AXIS2_PLACEMENT_3D('',#4738,#1670,#1671);
#1409=AXIS2_PLACEMENT_3D('',#4741,#1673,#1674);
#1410=AXIS2_PLACEMENT_3D('',#4742,#1675,#1676);
#1411=AXIS2_PLACEMENT_3D('',#4744,#1677,#1678);
#1412=AXIS2_PLACEMENT_3D('',#4745,#1679,#1680);
#1413=AXIS2_PLACEMENT_3D('',#4904,#1681,#1682);
#1414=AXIS2_PLACEMENT_3D('',#4905,#1683,#1684);
#1415=AXIS2_PLACEMENT_3D('',#5353,#1685,#1686);
#1416=AXIS2_PLACEMENT_3D('',#5354,#1687,#1688);
#1417=AXIS2_PLACEMENT_3D('',#5357,#1690,#1691);
#1418=AXIS2_PLACEMENT_3D('',#5358,#1692,#1693);
#1419=AXIS2_PLACEMENT_3D('',#5361,#1694,#1695);
#1420=AXIS2_PLACEMENT_3D('',#5363,#1697,#1698);
#1421=AXIS2_PLACEMENT_3D('',#5364,#1699,#1700);
#1422=AXIS2_PLACEMENT_3D('',#5530,#1701,#1702);
#1423=AXIS2_PLACEMENT_3D('',#5532,#1703,#1704);
#1424=AXIS2_PLACEMENT_3D('',#6294,#1705,#1706);
#1425=AXIS2_PLACEMENT_3D('',#6296,#1707,#1708);
#1426=AXIS2_PLACEMENT_3D('',#6297,#1709,#1710);
#1427=AXIS2_PLACEMENT_3D('',#6459,#1711,#1712);
#1428=AXIS2_PLACEMENT_3D('',#6460,#1713,#1714);
#1429=AXIS2_PLACEMENT_3D('',#6889,#1715,#1716);
#1430=AXIS2_PLACEMENT_3D('',#6890,#1717,#1718);
#1431=AXIS2_PLACEMENT_3D('',#6891,#1719,#1720);
#1432=AXIS2_PLACEMENT_3D('',#6892,#1721,#1722);
#1433=AXIS2_PLACEMENT_3D('',#6893,#1723,#1724);
#1434=AXIS2_PLACEMENT_3D('',#6894,#1725,#1726);
#1435=AXIS2_PLACEMENT_3D('',#6895,#1727,#1728);
#1436=AXIS2_PLACEMENT_3D('',#6897,#1730,#1731);
#1437=AXIS2_PLACEMENT_3D('',#6899,#1733,#1734);
#1438=DIRECTION('axis',(0.,0.,1.));
#1439=DIRECTION('refdir',(1.,0.,0.));
#1440=DIRECTION('center_axis',(1.,0.,0.));
#1441=DIRECTION('ref_axis',(0.,0.,-1.));
#1442=DIRECTION('',(-1.,0.,0.));
#1443=DIRECTION('center_axis',(-1.,0.,0.));
#1444=DIRECTION('ref_axis',(0.,0.,-1.));
#1445=DIRECTION('center_axis',(1.,0.,0.));
#1446=DIRECTION('ref_axis',(0.,0.,-1.));
#1447=DIRECTION('',(-1.,0.,0.));
#1448=DIRECTION('center_axis',(1.,0.,0.));
#1449=DIRECTION('ref_axis',(0.,0.,-1.));
#1450=DIRECTION('',(-1.,0.,0.));
#1451=DIRECTION('center_axis',(1.,0.,0.));
#1452=DIRECTION('ref_axis',(0.,0.,-1.));
#1453=DIRECTION('',(-1.,0.,0.));
#1454=DIRECTION('center_axis',(1.,0.,0.));
#1455=DIRECTION('ref_axis',(0.,0.,-1.));
#1456=DIRECTION('',(-1.,0.,0.));
#1457=DIRECTION('center_axis',(1.,0.,0.));
#1458=DIRECTION('ref_axis',(0.,0.,-1.));
#1459=DIRECTION('',(-1.,0.,0.));
#1460=DIRECTION('center_axis',(1.,0.,0.));
#1461=DIRECTION('ref_axis',(0.,0.,-1.));
#1462=DIRECTION('',(-1.,0.,0.));
#1463=DIRECTION('center_axis',(1.,0.,0.));
#1464=DIRECTION('ref_axis',(0.,-0.906430798648184,0.422354362191295));
#1465=DIRECTION('',(1.,0.,0.));
#1466=DIRECTION('center_axis',(1.,0.,0.));
#1467=DIRECTION('ref_axis',(0.,1.58239321388859E-14,-1.));
#1468=DIRECTION('center_axis',(1.,0.,0.));
#1469=DIRECTION('ref_axis',(0.,1.58239321388859E-14,-1.));
#1470=DIRECTION('',(1.,0.,0.));
#1471=DIRECTION('center_axis',(1.,0.,0.));
#1472=DIRECTION('ref_axis',(0.,1.58239321388859E-14,-1.));
#1473=DIRECTION('',(1.,0.,0.));
#1474=DIRECTION('center_axis',(1.,0.,0.));
#1475=DIRECTION('ref_axis',(0.,1.58239321388859E-14,-1.));
#1476=DIRECTION('',(1.,0.,0.));
#1477=DIRECTION('center_axis',(1.,0.,0.));
#1478=DIRECTION('ref_axis',(0.,1.58239321388859E-14,-1.));
#1479=DIRECTION('',(1.,0.,0.));
#1480=DIRECTION('center_axis',(1.,0.,0.));
#1481=DIRECTION('ref_axis',(0.,1.58239321388859E-14,-1.));
#1482=DIRECTION('',(1.,0.,0.));
#1483=DIRECTION('center_axis',(1.,0.,0.));
#1484=DIRECTION('ref_axis',(0.,1.58239321388859E-14,-1.));
#1485=DIRECTION('',(1.,0.,0.));
#1486=DIRECTION('center_axis',(1.,0.,0.));
#1487=DIRECTION('ref_axis',(0.,0.991446021273988,-0.130517381600994));
#1488=DIRECTION('',(1.,-1.58109073531699E-30,1.22464679914735E-16));
#1489=DIRECTION('center_axis',(-1.,0.,0.));
#1490=DIRECTION('ref_axis',(0.,-1.27881209388759E-14,1.));
#1491=DIRECTION('center_axis',(1.,0.,0.));
#1492=DIRECTION('ref_axis',(0.,-1.27881209388759E-14,1.));
#1493=DIRECTION('',(1.,-1.58109073531699E-30,1.22464679914735E-16));
#1494=DIRECTION('center_axis',(1.,0.,0.));
#1495=DIRECTION('ref_axis',(0.,-1.27881209388759E-14,1.));
#1496=DIRECTION('',(1.,-1.58109073531699E-30,1.22464679914735E-16));
#1497=DIRECTION('center_axis',(1.,0.,0.));
#1498=DIRECTION('ref_axis',(0.,-1.27881209388759E-14,1.));
#1499=DIRECTION('',(1.,-1.58109073531699E-30,1.22464679914735E-16));
#1500=DIRECTION('center_axis',(1.,0.,0.));
#1501=DIRECTION('ref_axis',(0.,-1.27881209388759E-14,1.));
#1502=DIRECTION('',(1.,-1.58109073531699E-30,1.22464679914735E-16));
#1503=DIRECTION('center_axis',(1.,0.,0.));
#1504=DIRECTION('ref_axis',(0.,-1.27881209388759E-14,1.));
#1505=DIRECTION('',(1.,-1.58109073531699E-30,1.22464679914735E-16));
#1506=DIRECTION('center_axis',(1.,0.,0.));
#1507=DIRECTION('ref_axis',(0.,-0.793361726583265,-0.608750499624288));
#1508=DIRECTION('',(1.,-1.58109073531699E-30,1.22464679914735E-16));
#1509=DIRECTION('center_axis',(1.,0.,0.));
#1510=DIRECTION('ref_axis',(0.,-1.27881209388759E-14,1.));
#1511=DIRECTION('center_axis',(1.,0.,0.));
#1512=DIRECTION('ref_axis',(0.,0.162293970559345,-0.98674245227419));
#1513=DIRECTION('',(1.,0.,0.));
#1514=DIRECTION('center_axis',(1.,0.,0.));
#1515=DIRECTION('ref_axis',(0.,0.,1.));
#1516=DIRECTION('center_axis',(1.,0.,0.));
#1517=DIRECTION('ref_axis',(0.,0.,1.));
#1518=DIRECTION('',(1.,0.,0.));
#1519=DIRECTION('center_axis',(1.,0.,0.));
#1520=DIRECTION('ref_axis',(0.,0.,1.));
#1521=DIRECTION('center_axis',(1.,0.,0.));
#1522=DIRECTION('ref_axis',(0.,0.,1.));
#1523=DIRECTION('',(1.,0.,0.));
#1524=DIRECTION('center_axis',(1.,0.,0.));
#1525=DIRECTION('ref_axis',(0.,0.,1.));
#1526=DIRECTION('',(1.,0.,0.));
#1527=DIRECTION('center_axis',(1.,0.,0.));
#1528=DIRECTION('ref_axis',(0.,0.,1.));
#1529=DIRECTION('',(1.,0.,0.));
#1530=DIRECTION('center_axis',(1.,0.,0.));
#1531=DIRECTION('ref_axis',(0.,0.,1.));
#1532=DIRECTION('',(1.,0.,0.));
#1533=DIRECTION('center_axis',(1.,0.,0.));
#1534=DIRECTION('ref_axis',(0.,-0.352812617079992,0.935693997645153));
#1535=DIRECTION('',(1.,0.,0.));
#1536=DIRECTION('center_axis',(1.,0.,0.));
#1537=DIRECTION('ref_axis',(0.,0.,1.));
#1538=DIRECTION('center_axis',(1.,0.,0.));
#1539=DIRECTION('ref_axis',(0.,0.,-1.));
#1540=DIRECTION('center_axis',(1.,0.,0.));
#1541=DIRECTION('ref_axis',(0.,0.,-1.));
#1542=DIRECTION('',(-1.,0.,0.));
#1543=DIRECTION('center_axis',(-1.,0.,0.));
#1544=DIRECTION('ref_axis',(0.,0.,1.));
#1545=DIRECTION('',(1.,0.,0.));
#1546=DIRECTION('center_axis',(1.,0.,0.));
#1547=DIRECTION('ref_axis',(0.,0.,-1.));
#1548=DIRECTION('',(-1.,0.,0.));
#1549=DIRECTION('center_axis',(-1.,0.,0.));
#1550=DIRECTION('ref_axis',(0.,0.,1.));
#1551=DIRECTION('',(-0.499999999999999,-0.677706427768169,-0.539179003450347));
#1552=DIRECTION('center_axis',(1.,0.,0.));
#1553=DIRECTION('ref_axis',(0.,1.,0.));
#1554=DIRECTION('center_axis',(-1.,0.,0.));
#1555=DIRECTION('ref_axis',(0.,1.,0.));
#1556=DIRECTION('',(1.,0.,0.));
#1557=DIRECTION('center_axis',(1.,0.,0.));
#1558=DIRECTION('ref_axis',(0.,1.,0.));
#1559=DIRECTION('',(-1.,0.,0.));
#1560=DIRECTION('center_axis',(-1.,0.,0.));
#1561=DIRECTION('ref_axis',(0.,1.,0.));
#1562=DIRECTION('',(1.,0.,0.));
#1563=DIRECTION('center_axis',(1.,0.,0.));
#1564=DIRECTION('ref_axis',(0.,1.,0.));
#1565=DIRECTION('center_axis',(-1.,0.,0.));
#1566=DIRECTION('ref_axis',(0.,0.,1.));
#1567=DIRECTION('center_axis',(-1.,0.,0.));
#1568=DIRECTION('ref_axis',(0.,0.,-1.));
#1569=DIRECTION('center_axis',(1.,0.,0.));
#1570=DIRECTION('ref_axis',(0.,0.,-1.));
#1571=DIRECTION('',(0.,0.,-1.));
#1572=DIRECTION('center_axis',(1.,0.,0.));
#1573=DIRECTION('ref_axis',(0.,0.,-1.));
#1574=DIRECTION('',(0.,0.,1.));
#1575=DIRECTION('center_axis',(-1.,0.,0.));
#1576=DIRECTION('ref_axis',(0.,-1.,0.));
#1577=DIRECTION('',(0.,0.,1.));
#1578=DIRECTION('center_axis',(1.,0.,0.));
#1579=DIRECTION('ref_axis',(0.,0.,-1.));
#1580=DIRECTION('center_axis',(1.,0.,0.));
#1581=DIRECTION('ref_axis',(0.,0.,-1.));
#1582=DIRECTION('',(0.,0.,1.));
#1583=DIRECTION('center_axis',(0.,-1.,0.));
#1584=DIRECTION('ref_axis',(1.,0.,0.));
#1585=DIRECTION('',(-1.,0.,0.));
#1586=DIRECTION('',(0.,0.,1.));
#1587=DIRECTION('',(1.,0.,0.));
#1588=DIRECTION('center_axis',(1.,0.,0.));
#1589=DIRECTION('ref_axis',(0.,0.,-1.));
#1590=DIRECTION('',(-1.,0.,0.));
#1591=DIRECTION('center_axis',(-1.,0.,0.));
#1592=DIRECTION('ref_axis',(0.,0.,-1.));
#1593=DIRECTION('',(1.,0.,0.));
#1594=DIRECTION('center_axis',(1.,0.,0.));
#1595=DIRECTION('ref_axis',(0.,0.,-1.));
#1596=DIRECTION('',(-1.,0.,0.));
#1597=DIRECTION('center_axis',(-1.,0.,0.));
#1598=DIRECTION('ref_axis',(0.,0.,-1.));
#1599=DIRECTION('center_axis',(0.,1.,0.));
#1600=DIRECTION('ref_axis',(0.707106781186547,0.,-0.707106781186548));
#1601=DIRECTION('center_axis',(0.,-1.,0.));
#1602=DIRECTION('ref_axis',(0.707106781186547,0.,-0.707106781186548));
#1603=DIRECTION('',(0.,-1.,0.));
#1604=DIRECTION('',(0.,1.,0.));
#1605=DIRECTION('center_axis',(0.,1.,0.));
#1606=DIRECTION('ref_axis',(0.,0.,1.));
#1607=DIRECTION('',(0.,0.,-1.));
#1608=DIRECTION('center_axis',(0.,-1.,0.));
#1609=DIRECTION('ref_axis',(0.707106781186547,0.,0.707106781186548));
#1610=DIRECTION('',(1.,0.,0.));
#1611=DIRECTION('',(-1.,0.,0.));
#1612=DIRECTION('center_axis',(1.,0.,0.));
#1613=DIRECTION('ref_axis',(0.,0.,-1.));
#1614=DIRECTION('',(0.,-1.,0.));
#1615=DIRECTION('center_axis',(0.,1.,0.));
#1616=DIRECTION('ref_axis',(0.707106781186547,0.,0.707106781186548));
#1617=DIRECTION('',(0.,1.,0.));
#1618=DIRECTION('center_axis',(0.,0.,1.));
#1619=DIRECTION('ref_axis',(1.,0.,0.));
#1620=DIRECTION('center_axis',(0.,0.,-1.));
#1621=DIRECTION('ref_axis',(-1.,0.,0.));
#1622=DIRECTION('center_axis',(1.,0.,0.));
#1623=DIRECTION('ref_axis',(0.,0.,-1.));
#1624=DIRECTION('',(1.,0.,0.));
#1625=DIRECTION('center_axis',(1.,0.,0.));
#1626=DIRECTION('ref_axis',(0.,0.,-1.));
#1627=DIRECTION('center_axis',(0.,1.,0.));
#1628=DIRECTION('ref_axis',(0.707106781186547,0.,0.707106781186548));
#1629=DIRECTION('center_axis',(0.,-1.,0.));
#1630=DIRECTION('ref_axis',(0.707106781186547,0.,0.707106781186548));
#1631=DIRECTION('',(0.,-1.,0.));
#1632=DIRECTION('',(0.,1.,0.));
#1633=DIRECTION('center_axis',(0.,0.,1.));
#1634=DIRECTION('ref_axis',(1.,0.,0.));
#1635=DIRECTION('',(0.,-1.,0.));
#1636=DIRECTION('',(1.,0.,0.));
#1637=DIRECTION('center_axis',(0.,1.,0.));
#1638=DIRECTION('ref_axis',(0.707106781186547,0.,-0.707106781186548));
#1639=DIRECTION('center_axis',(0.,-1.,0.));
#1640=DIRECTION('ref_axis',(0.707106781186547,0.,-0.707106781186548));
#1641=DIRECTION('',(0.,-1.,0.));
#1642=DIRECTION('',(0.,1.,0.));
#1643=DIRECTION('center_axis',(1.,0.,0.));
#1644=DIRECTION('ref_axis',(0.,0.,-1.));
#1645=DIRECTION('',(0.,0.,-1.));
#1646=DIRECTION('center_axis',(0.,0.,-1.));
#1647=DIRECTION('ref_axis',(-1.,0.,0.));
#1648=DIRECTION('',(-1.,0.,0.));
#1649=DIRECTION('',(0.,1.,0.));
#1650=DIRECTION('center_axis',(0.,1.,0.));
#1651=DIRECTION('ref_axis',(0.,0.,1.));
#1652=DIRECTION('',(0.,0.,1.));
#1653=DIRECTION('center_axis',(-1.,0.,0.));
#1654=DIRECTION('ref_axis',(0.,0.,1.));
#1655=DIRECTION('center_axis',(1.,0.,0.));
#1656=DIRECTION('ref_axis',(0.,0.,1.));
#1657=DIRECTION('center_axis',(1.,0.,0.));
#1658=DIRECTION('ref_axis',(0.,1.,-1.83697019872103E-16));
#1659=DIRECTION('center_axis',(0.,1.,0.));
#1660=DIRECTION('ref_axis',(-1.,0.,0.));
#1661=DIRECTION('',(-1.,0.,0.));
#1662=DIRECTION('',(0.,0.,-1.));
#1663=DIRECTION('center_axis',(-1.,0.,0.));
#1664=DIRECTION('ref_axis',(0.,0.,-1.));
#1665=DIRECTION('',(-1.,0.,0.));
#1666=DIRECTION('center_axis',(1.,0.,0.));
#1667=DIRECTION('ref_axis',(0.,0.,-1.));
#1668=DIRECTION('center_axis',(-1.,0.,0.));
#1669=DIRECTION('ref_axis',(0.,0.,-1.));
#1670=DIRECTION('center_axis',(1.,0.,0.));
#1671=DIRECTION('ref_axis',(0.,0.,-1.));
#1672=DIRECTION('',(-0.707106781186547,8.65956056235493E-17,-0.707106781186547));
#1673=DIRECTION('center_axis',(-1.,0.,0.));
#1674=DIRECTION('ref_axis',(0.,0.,-1.));
#1675=DIRECTION('center_axis',(1.,0.,0.));
#1676=DIRECTION('ref_axis',(0.,0.,-1.));
#1677=DIRECTION('center_axis',(1.,0.,0.));
#1678=DIRECTION('ref_axis',(0.,0.,-1.));
#1679=DIRECTION('center_axis',(-1.,0.,0.));
#1680=DIRECTION('ref_axis',(0.,0.,1.));
#1681=DIRECTION('center_axis',(-1.,0.,0.));
#1682=DIRECTION('ref_axis',(0.,0.,-1.));
#1683=DIRECTION('center_axis',(1.,0.,0.));
#1684=DIRECTION('ref_axis',(0.,0.,1.));
#1685=DIRECTION('center_axis',(1.,0.,0.));
#1686=DIRECTION('ref_axis',(0.,-1.27881209388759E-14,1.));
#1687=DIRECTION('center_axis',(-1.,0.,0.));
#1688=DIRECTION('ref_axis',(0.,0.,-1.));
#1689=DIRECTION('',(0.707106781186547,-8.65956056235493E-17,-0.707106781186547));
#1690=DIRECTION('center_axis',(1.,0.,0.));
#1691=DIRECTION('ref_axis',(0.,0.,-1.));
#1692=DIRECTION('center_axis',(-1.,0.,0.));
#1693=DIRECTION('ref_axis',(0.,0.,-1.));
#1694=DIRECTION('center_axis',(-1.,0.,0.));
#1695=DIRECTION('ref_axis',(0.,0.,-1.));
#1696=DIRECTION('',(-1.,0.,0.));
#1697=DIRECTION('center_axis',(-1.,0.,0.));
#1698=DIRECTION('ref_axis',(0.,0.,-1.));
#1699=DIRECTION('center_axis',(1.,0.,0.));
#1700=DIRECTION('ref_axis',(0.,0.,-1.));
#1701=DIRECTION('center_axis',(1.,0.,0.));
#1702=DIRECTION('ref_axis',(0.,0.,-1.));
#1703=DIRECTION('center_axis',(1.,0.,0.));
#1704=DIRECTION('ref_axis',(0.,0.,-1.));
#1705=DIRECTION('center_axis',(1.,0.,0.));
#1706=DIRECTION('ref_axis',(0.,0.,-1.));
#1707=DIRECTION('center_axis',(-1.,0.,0.));
#1708=DIRECTION('ref_axis',(0.,0.,-1.));
#1709=DIRECTION('center_axis',(-1.,0.,0.));
#1710=DIRECTION('ref_axis',(0.,0.,-1.));
#1711=DIRECTION('center_axis',(-1.,0.,0.));
#1712=DIRECTION('ref_axis',(0.,1.58239321388859E-14,-1.));
#1713=DIRECTION('center_axis',(1.,0.,0.));
#1714=DIRECTION('ref_axis',(0.,1.58239321388859E-14,-1.));
#1715=DIRECTION('center_axis',(1.,0.,0.));
#1716=DIRECTION('ref_axis',(0.,-0.50140303090253,-0.865213846746431));
#1717=DIRECTION('center_axis',(1.,0.,0.));
#1718=DIRECTION('ref_axis',(0.,0.,-1.));
#1719=DIRECTION('center_axis',(-1.,0.,0.));
#1720=DIRECTION('ref_axis',(0.,0.,1.));
#1721=DIRECTION('center_axis',(0.,-1.,1.22464679914735E-16));
#1722=DIRECTION('ref_axis',(0.,-1.22464679914735E-16,-1.));
#1723=DIRECTION('center_axis',(1.,0.,0.));
#1724=DIRECTION('ref_axis',(0.,0.,-1.));
#1725=DIRECTION('center_axis',(1.,0.,0.));
#1726=DIRECTION('ref_axis',(0.,0.,-1.));
#1727=DIRECTION('center_axis',(-1.,0.,0.));
#1728=DIRECTION('ref_axis',(0.,0.,-1.));
#1729=DIRECTION('',(-0.707106781186547,-8.65956056235493E-17,0.707106781186548));
#1730=DIRECTION('center_axis',(1.,0.,0.));
#1731=DIRECTION('ref_axis',(0.,0.,-1.));
#1732=DIRECTION('',(-0.447213595499958,1.09535739652841E-16,-0.894427190999916));
#1733=DIRECTION('center_axis',(1.,0.,0.));
#1734=DIRECTION('ref_axis',(0.,0.,-1.));
#1735=CARTESIAN_POINT('',(0.,0.,0.));
#1736=CARTESIAN_POINT('Origin',(-10.,0.,0.));
#1737=CARTESIAN_POINT('',(-17.8887789779808,0.000794142751792126,39.8080929869249));
#1738=CARTESIAN_POINT('',(-18.7312210220192,0.000548170757786609,39.8087229369489));
#1739=CARTESIAN_POINT('',(-10.,-4.87531890740561E-15,39.81));
#1740=CARTESIAN_POINT('',(-19.81,35.9992282922851,-16.9967099258132));
#1741=CARTESIAN_POINT('Ctrl Pts',(-17.8887789779808,0.000794142751792126,
39.8080929869249));
#1742=CARTESIAN_POINT('Ctrl Pts',(-17.9415872962545,2.20257934783605,39.8097308238538));
#1743=CARTESIAN_POINT('Ctrl Pts',(-17.9943956145282,4.4040991174523,39.6300290318401));
#1744=CARTESIAN_POINT('Ctrl Pts',(-18.0472039328019,6.57484625665188,39.2665560455055));
#1745=CARTESIAN_POINT('Ctrl Pts',(-18.2034554200414,12.9977447697808,38.1910967894116));
#1746=CARTESIAN_POINT('Ctrl Pts',(-18.3597069072809,19.151236661196,35.5067670545848));
#1747=CARTESIAN_POINT('Ctrl Pts',(-18.5159583945205,24.3087551386,31.5305376916575));
#1748=CARTESIAN_POINT('Ctrl Pts',(-18.67220988176,29.466273616004,27.5543083287303));
#1749=CARTESIAN_POINT('Ctrl Pts',(-18.8284613689996,33.6278186793969,22.2861793377026));
#1750=CARTESIAN_POINT('Ctrl Pts',(-18.9847128562391,36.3019068179906,16.348211115718));
#1751=CARTESIAN_POINT('Ctrl Pts',(-19.1409643434786,38.9759949565843,10.4102428937334));
#1752=CARTESIAN_POINT('Ctrl Pts',(-19.2972158307181,40.1626261703787,3.80243544079177));
#1753=CARTESIAN_POINT('Ctrl Pts',(-19.4534673179577,39.7218463243177,-2.69494496804214));
#1754=CARTESIAN_POINT('Ctrl Pts',(-19.5723115453051,39.3865910178826,-7.6368253181889));
#1755=CARTESIAN_POINT('Ctrl Pts',(-19.6911557726526,38.1098686579138,-12.5148229613718));
#1756=CARTESIAN_POINT('Ctrl Pts',(-19.81,35.9989945552086,-16.9971016151213));
#1757=CARTESIAN_POINT('',(-19.81,35.9994620293616,16.9963182365051));
#1758=CARTESIAN_POINT('Origin',(-19.81,0.,0.));
#1759=CARTESIAN_POINT('Ctrl Pts',(-19.81,35.9994620293616,16.996318236505));
#1760=CARTESIAN_POINT('Ctrl Pts',(-19.6537485127605,33.2184194905017,22.8867725035177));
#1761=CARTESIAN_POINT('Ctrl Pts',(-19.4974970255209,28.9659585977813,28.0791188616469));
#1762=CARTESIAN_POINT('Ctrl Pts',(-19.3412455382814,23.7387630061679,31.9620328170776));
#1763=CARTESIAN_POINT('Ctrl Pts',(-19.1849940510419,18.5115674145544,35.8449467725083));
#1764=CARTESIAN_POINT('Ctrl Pts',(-19.0287425638023,12.3096371240479,38.4184283252404));
#1765=CARTESIAN_POINT('Ctrl Pts',(-18.8724910765628,5.86814433027499,39.3783643210038));
#1766=CARTESIAN_POINT('Ctrl Pts',(-18.8254010583816,3.92685072640765,39.6676633497164));
#1767=CARTESIAN_POINT('Ctrl Pts',(-18.7783110402004,1.96379865827037,39.8104107567413));
#1768=CARTESIAN_POINT('Ctrl Pts',(-18.7312210220192,0.000548170757786609,
39.8087229369489));
#1769=CARTESIAN_POINT('Origin',(-10.,0.,0.));
#1770=CARTESIAN_POINT('',(-11.8887789779808,0.00075822793753344,39.811771108879));
#1771=CARTESIAN_POINT('',(-12.7312210220192,0.000599732284070391,39.8123644419343));
#1772=CARTESIAN_POINT('',(-10.,-4.87531890740561E-15,39.81));
#1773=CARTESIAN_POINT('Ctrl Pts',(-11.8887789779808,0.00075822793753344,
39.811771108879));
#1774=CARTESIAN_POINT('Ctrl Pts',(-11.9103179621406,0.89856321264439,39.8125582718115));
#1775=CARTESIAN_POINT('Ctrl Pts',(-11.9318569463003,1.79631607629729,39.7827860382878));
#1776=CARTESIAN_POINT('Ctrl Pts',(-11.9533959304601,2.69197303865875,39.7220872038483));
#1777=CARTESIAN_POINT('Ctrl Pts',(-12.1096474176996,9.18938867291063,39.2817561703823));
#1778=CARTESIAN_POINT('Ctrl Pts',(-12.2658989049391,15.5765060345384,37.2138911146395));
#1779=CARTESIAN_POINT('Ctrl Pts',(-12.4221503921787,21.0991283058518,33.7626674819486));
#1780=CARTESIAN_POINT('Ctrl Pts',(-12.5784018794182,26.6217505771651,30.3114438492576));
#1781=CARTESIAN_POINT('Ctrl Pts',(-12.7346533666577,31.279877758164,25.4768616396185));
#1782=CARTESIAN_POINT('Ctrl Pts',(-12.8909048538973,34.5234738356945,19.8297928568942));
#1783=CARTESIAN_POINT('Ctrl Pts',(-13.0471563411368,37.767069913225,14.18272407417));
#1784=CARTESIAN_POINT('Ctrl Pts',(-13.2034078283763,39.5961348872872,7.72316871836063));
#1785=CARTESIAN_POINT('Ctrl Pts',(-13.3596593156159,39.7946910215488,1.21387714428747));
#1786=CARTESIAN_POINT('Ctrl Pts',(-13.5159108028554,39.9932471558104,-5.29541442978564));
#1787=CARTESIAN_POINT('Ctrl Pts',(-13.6721622900949,38.5612944502714,-11.8544422221226));
#1788=CARTESIAN_POINT('Ctrl Pts',(-13.8284137773345,35.6679192787994,-17.6887100741309));
#1789=CARTESIAN_POINT('Ctrl Pts',(-13.984665264574,32.7745441073275,-23.5229779261392));
#1790=CARTESIAN_POINT('Ctrl Pts',(-14.1409167518135,28.4197464699225,-28.632485837819));
#1791=CARTESIAN_POINT('Ctrl Pts',(-14.2971682390531,23.1177448500246,-32.4138983280013));
#1792=CARTESIAN_POINT('Ctrl Pts',(-14.4534197262926,17.8157432301266,-36.1953108181836));
#1793=CARTESIAN_POINT('Ctrl Pts',(-14.6096712135321,11.5665376277356,-38.6486278868685));
#1794=CARTESIAN_POINT('Ctrl Pts',(-14.7659227007717,5.10804031187757,-39.4841595400591));
#1795=CARTESIAN_POINT('Ctrl Pts',(-14.9221741880112,-1.3504570039805,-40.3196911932498));
#1796=CARTESIAN_POINT('Ctrl Pts',(-15.0784256752507,-8.01824603330563,-39.537437430946));
#1797=CARTESIAN_POINT('Ctrl Pts',(-15.2346771624903,-14.1079883985633,-37.2297675364212));
#1798=CARTESIAN_POINT('Ctrl Pts',(-15.3909286497298,-20.1977307638209,-34.9220976418963));
#1799=CARTESIAN_POINT('Ctrl Pts',(-15.5471801369693,-25.709426465011,-31.0890116151503));
#1800=CARTESIAN_POINT('Ctrl Pts',(-15.7034316242089,-29.9922485107905,-26.1831238013361));
#1801=CARTESIAN_POINT('Ctrl Pts',(-15.8596831114484,-34.2750705565699,-21.2772359875219));
#1802=CARTESIAN_POINT('Ctrl Pts',(-16.0159345986879,-37.3290189469388,-15.2985463866396));
#1803=CARTESIAN_POINT('Ctrl Pts',(-16.1721860859275,-38.7934821338881,-8.95302437117499));
#1804=CARTESIAN_POINT('Ctrl Pts',(-16.328437573167,-40.2579453208374,-2.60750235571031));
#1805=CARTESIAN_POINT('Ctrl Pts',(-16.4846890604065,-40.1329233043672,4.10485207433672));
#1806=CARTESIAN_POINT('Ctrl Pts',(-16.6409405476461,-38.4331757953555,10.3914379963912));
#1807=CARTESIAN_POINT('Ctrl Pts',(-16.7971920348856,-36.7334282863439,16.6780239184457));
#1808=CARTESIAN_POINT('Ctrl Pts',(-16.9534435221252,-33.4589552847909,22.5388413325077));
#1809=CARTESIAN_POINT('Ctrl Pts',(-17.1096950093647,-28.9964154911685,27.2818390578306));
#1810=CARTESIAN_POINT('Ctrl Pts',(-17.2659464966042,-24.5338756975461,32.0248367831534));
#1811=CARTESIAN_POINT('Ctrl Pts',(-17.4221979838437,-18.8832691118543,35.6500148197373));
#1812=CARTESIAN_POINT('Ctrl Pts',(-17.5784494710833,-12.7118132515871,37.7293094493488));
#1813=CARTESIAN_POINT('Ctrl Pts',(-17.6818926400491,-8.62612445209276,39.1058648313206));
#1814=CARTESIAN_POINT('Ctrl Pts',(-17.785335809015,-4.31215590832995,39.8048847226265));
#1815=CARTESIAN_POINT('Ctrl Pts',(-17.8887789779808,0.000794142751792126,
39.8080929869249));
#1816=CARTESIAN_POINT('Ctrl Pts',(-18.7312210220192,0.000548170757786609,
39.8087229369489));
#1817=CARTESIAN_POINT('Ctrl Pts',(-18.6220595529609,-4.55055024932922,39.804810326694));
#1818=CARTESIAN_POINT('Ctrl Pts',(-18.5128980839025,-9.10271493429639,39.0247325380942));
#1819=CARTESIAN_POINT('Ctrl Pts',(-18.4037366148442,-13.3873674104984,37.4948539923129));
#1820=CARTESIAN_POINT('Ctrl Pts',(-18.2474851276047,-19.5203310604599,35.3050172290639));
#1821=CARTESIAN_POINT('Ctrl Pts',(-18.0912336403651,-25.1052030633436,31.5789532637712));
#1822=CARTESIAN_POINT('Ctrl Pts',(-17.9349821531256,-29.4818943092471,26.7565659080232));
#1823=CARTESIAN_POINT('Ctrl Pts',(-17.7787306658861,-33.8585855551507,21.9341785522753));
#1824=CARTESIAN_POINT('Ctrl Pts',(-17.6224791786465,-37.027096044074,16.0154678060719));
#1825=CARTESIAN_POINT('Ctrl Pts',(-17.466227691407,-38.6136023365271,9.69935836002716));
#1826=CARTESIAN_POINT('Ctrl Pts',(-17.3099762041675,-40.2001086289803,3.38324891398243));
#1827=CARTESIAN_POINT('Ctrl Pts',(-17.1537247169279,-40.2046107249633,-3.33025923190375));
#1828=CARTESIAN_POINT('Ctrl Pts',(-16.9974732296884,-38.6264144715419,-9.64844812745452));
#1829=CARTESIAN_POINT('Ctrl Pts',(-16.8412217424489,-37.0482182181206,-15.9666370230053));
#1830=CARTESIAN_POINT('Ctrl Pts',(-16.6849702552093,-33.8873236152949,-21.8895066682208));
#1831=CARTESIAN_POINT('Ctrl Pts',(-16.5287187679698,-29.5170554144812,-26.7176691118995));
#1832=CARTESIAN_POINT('Ctrl Pts',(-16.3724672807302,-25.1467872136675,-31.5458315555781));
#1833=CARTESIAN_POINT('Ctrl Pts',(-16.2162157934907,-19.5671454148659,-35.2792867977201));
#1834=CARTESIAN_POINT('Ctrl Pts',(-16.0599643062512,-13.436936606575,-37.4771900426698));
#1835=CARTESIAN_POINT('Ctrl Pts',(-15.9037128190117,-7.30672779828424,-39.6750932876195));
#1836=CARTESIAN_POINT('Ctrl Pts',(-15.7474613317721,-0.625951980504275,
-40.337444535377));
#1837=CARTESIAN_POINT('Ctrl Pts',(-15.5912098445326,5.81649664404698,-39.3860301123745));
#1838=CARTESIAN_POINT('Ctrl Pts',(-15.4349583572931,12.2589452685982,-38.4346156893721));
#1839=CARTESIAN_POINT('Ctrl Pts',(-15.2787068700535,18.4630666999208,-35.8694355956098));
#1840=CARTESIAN_POINT('Ctrl Pts',(-15.122455382814,23.6962837050977,-31.9933900453234));
#1841=CARTESIAN_POINT('Ctrl Pts',(-14.9662038955745,28.9295007102746,-28.117344495037));
#1842=CARTESIAN_POINT('Ctrl Pts',(-14.8099524083349,33.1918132893058,-22.9304334882264));
#1843=CARTESIAN_POINT('Ctrl Pts',(-14.6537009210954,35.9799178058426,-17.0451316543536));
#1844=CARTESIAN_POINT('Ctrl Pts',(-14.4974494338558,38.7680223223794,-11.1598298204809));
#1845=CARTESIAN_POINT('Ctrl Pts',(-14.3411979466163,40.0819187764217,-4.57613715954593));
#1846=CARTESIAN_POINT('Ctrl Pts',(-14.1849464593768,39.7664640005912,1.92853736933942));
#1847=CARTESIAN_POINT('Ctrl Pts',(-14.0286949721373,39.4510092247607,8.43321189822482));
#1848=CARTESIAN_POINT('Ctrl Pts',(-13.8724434848977,37.5062032190574,14.8588682950607));
#1849=CARTESIAN_POINT('Ctrl Pts',(-13.7161919976582,34.1616889837206,20.4467592052639));
#1850=CARTESIAN_POINT('Ctrl Pts',(-13.5599405104186,30.8171747483838,26.0346501154672));
#1851=CARTESIAN_POINT('Ctrl Pts',(-13.4036890231791,26.0729522834135,30.7847755390378));
#1852=CARTESIAN_POINT('Ctrl Pts',(-13.2474375359396,20.4892246066741,34.1362361166523));
#1853=CARTESIAN_POINT('Ctrl Pts',(-13.0911860487,14.9054969299348,37.4876966942669));
#1854=CARTESIAN_POINT('Ctrl Pts',(-12.9349345614605,8.48226404142627,39.4404924259253));
#1855=CARTESIAN_POINT('Ctrl Pts',(-12.778683074221,1.977986907494,39.7640354072254));
#1856=CARTESIAN_POINT('Ctrl Pts',(-12.7628623901537,1.31941964877657,39.7967945916643));
#1857=CARTESIAN_POINT('Ctrl Pts',(-12.7470417060865,0.660021536701247,39.8128509230949));
#1858=CARTESIAN_POINT('Ctrl Pts',(-12.7312210220192,0.000599732284070391,
39.8123644419343));
#1859=CARTESIAN_POINT('Origin',(-10.,0.,0.));
#1860=CARTESIAN_POINT('',(-5.88877897798083,-0.000389856582487802,39.8128570014418));
#1861=CARTESIAN_POINT('',(-6.73122102201918,-0.000587965679221604,39.812399202771));
#1862=CARTESIAN_POINT('',(-10.,-4.87531890740561E-15,39.81));
#1863=CARTESIAN_POINT('Ctrl Pts',(-5.88877897798083,-0.000389856582487802,
39.8128570014418));
#1864=CARTESIAN_POINT('Ctrl Pts',(-6.03530011526616,6.10653693926523,39.8096905337027));
#1865=CARTESIAN_POINT('Ctrl Pts',(-6.18182125255149,12.2148940732602,38.3820267049027));
#1866=CARTESIAN_POINT('Ctrl Pts',(-6.32834238983683,17.6860436039256,35.6692415439476));
#1867=CARTESIAN_POINT('Ctrl Pts',(-6.48459387707636,23.5205277399009,32.7763025194906));
#1868=CARTESIAN_POINT('Ctrl Pts',(-6.6408453643159,28.6303611912338,28.4218868140766));
#1869=CARTESIAN_POINT('Ctrl Pts',(-6.79709685155543,32.4121700301031,23.1201679193768));
#1870=CARTESIAN_POINT('Ctrl Pts',(-6.95334833879497,36.1939788689723,17.8184490246769));
#1871=CARTESIAN_POINT('Ctrl Pts',(-7.1095998260345,38.6477630953778,11.5694269406913));
#1872=CARTESIAN_POINT('Ctrl Pts',(-7.26585131327403,39.4837775658072,5.1109920577337));
#1873=CARTESIAN_POINT('Ctrl Pts',(-7.42210280051357,40.3197920362366,-1.34744282522393));
#1874=CARTESIAN_POINT('Ctrl Pts',(-7.5783542877531,39.5380367506898,-8.0152905071536));
#1875=CARTESIAN_POINT('Ctrl Pts',(-7.73460577499264,37.230822106693,-14.1052052782082));
#1876=CARTESIAN_POINT('Ctrl Pts',(-7.89085726223218,34.9236074626963,-20.1951200492627));
#1877=CARTESIAN_POINT('Ctrl Pts',(-8.04710874947171,31.0909334602496,-25.7071019094422));
#1878=CARTESIAN_POINT('Ctrl Pts',(-8.20336023671124,26.1853658412748,-29.990290869527));
#1879=CARTESIAN_POINT('Ctrl Pts',(-8.35961172395077,21.2797982223,-34.2734798296118));
#1880=CARTESIAN_POINT('Ctrl Pts',(-8.5158632111903,15.3013369867969,-37.327875889602));
#1881=CARTESIAN_POINT('Ctrl Pts',(-8.67211469842984,8.95592444622282,-38.7928130971977));
#1882=CARTESIAN_POINT('Ctrl Pts',(-8.82836618566937,2.61051190564861,-40.2577503047933));
#1883=CARTESIAN_POINT('Ctrl Pts',(-8.98461767290891,-4.10185193999669,-40.1332286599944));
#1884=CARTESIAN_POINT('Ctrl Pts',(-9.14086916014845,-10.3885648704204,-38.4339517954366));
#1885=CARTESIAN_POINT('Ctrl Pts',(-9.29712064738798,-16.6752778008439,-36.7346749308789));
#1886=CARTESIAN_POINT('Ctrl Pts',(-9.45337213462751,-22.5363398160459,-33.4606428465625));
#1887=CARTESIAN_POINT('Ctrl Pts',(-9.60962362186704,-27.2796712147427,-28.9984563226059));
#1888=CARTESIAN_POINT('Ctrl Pts',(-9.76587510910658,-32.0230026134396,-24.5362697986494));
#1889=CARTESIAN_POINT('Ctrl Pts',(-9.92212659634612,-35.6486033956314,-18.8859288350526));
#1890=CARTESIAN_POINT('Ctrl Pts',(-10.0783780835857,-37.7283592192669,-12.7146309937535));
#1891=CARTESIAN_POINT('Ctrl Pts',(-10.2346295708252,-39.8081150429024,-6.54333315245451));
#1892=CARTESIAN_POINT('Ctrl Pts',(-10.3908810580647,-40.3420259079818,0.148921566546907));
#1893=CARTESIAN_POINT('Ctrl Pts',(-10.5471325453042,-39.2670471191742,6.57190544753575));
#1894=CARTESIAN_POINT('Ctrl Pts',(-10.7033840325438,-38.1920683303666,12.9948893285246));
#1895=CARTESIAN_POINT('Ctrl Pts',(-10.8596355197833,-35.5081998876721,19.1486023715009));
#1896=CARTESIAN_POINT('Ctrl Pts',(-11.0158870070229,-31.5323554937195,24.3064083671916));
#1897=CARTESIAN_POINT('Ctrl Pts',(-11.1721384942624,-27.5565110997668,29.4642143628824));
#1898=CARTESIAN_POINT('Ctrl Pts',(-11.3283899815019,-22.288690754556,33.6261133112877));
#1899=CARTESIAN_POINT('Ctrl Pts',(-11.4846414687414,-16.3509236285126,36.3006642798957));
#1900=CARTESIAN_POINT('Ctrl Pts',(-11.6193539718212,-11.2316669328757,38.6065332476792));
#1901=CARTESIAN_POINT('Ctrl Pts',(-11.754066474901,-5.61443494321592,39.8068479106364));
#1902=CARTESIAN_POINT('Ctrl Pts',(-11.8887789779808,0.00075822793753344,
39.811771108879));
#1903=CARTESIAN_POINT('Ctrl Pts',(-12.7312210220192,0.000599732284070391,
39.8123644419343));
#1904=CARTESIAN_POINT('Ctrl Pts',(-12.5907902188469,-5.85269543686944,39.8080462380042));
#1905=CARTESIAN_POINT('Ctrl Pts',(-12.4503594156746,-11.7078573391478,38.5003103968239));
#1906=CARTESIAN_POINT('Ctrl Pts',(-12.3099286125024,-17.0003760992028,36.0010855101205));
#1907=CARTESIAN_POINT('Ctrl Pts',(-12.1536771252628,-22.8891405926115,33.2203024007736));
#1908=CARTESIAN_POINT('Ctrl Pts',(-11.9974256380233,-28.0813482000728,28.9644459511379));
#1909=CARTESIAN_POINT('Ctrl Pts',(-11.8411741507838,-31.9638982811516,23.7360516960313));
#1910=CARTESIAN_POINT('Ctrl Pts',(-11.6849226635442,-35.8464483622303,18.5076574409246));
#1911=CARTESIAN_POINT('Ctrl Pts',(-11.5286711763047,-38.4193409169265,12.306725380347));
#1912=CARTESIAN_POINT('Ctrl Pts',(-11.3724196890652,-39.3787663247091,5.86546738310255));
#1913=CARTESIAN_POINT('Ctrl Pts',(-11.2161682018256,-40.3381917324918,-0.575790614141933));
#1914=CARTESIAN_POINT('Ctrl Pts',(-11.0599167145861,-39.6841499933608,-7.25737454805322));
#1915=CARTESIAN_POINT('Ctrl Pts',(-10.9036652273466,-37.4938709971022,-13.3903167159654));
#1916=CARTESIAN_POINT('Ctrl Pts',(-10.747413740107,-35.3035920008436,-19.5232588838775));
#1917=CARTESIAN_POINT('Ctrl Pts',(-10.5911622528675,-31.5770757474573,-25.1075592857906));
#1918=CARTESIAN_POINT('Ctrl Pts',(-10.434910765628,-26.7543527580734,-29.4838184929224));
#1919=CARTESIAN_POINT('Ctrl Pts',(-10.2786592783884,-21.9316297686894,-33.8600777000542));
#1920=CARTESIAN_POINT('Ctrl Pts',(-10.1224077911489,-16.0127000433077,-37.0282957124048));
#1921=CARTESIAN_POINT('Ctrl Pts',(-9.96615630390936,-9.6964763641237,-38.6143663738858));
#1922=CARTESIAN_POINT('Ctrl Pts',(-9.80990481666983,-3.38025268493963,-40.2004370353667));
#1923=CARTESIAN_POINT('Ctrl Pts',(-9.6536533294303,3.3332649480468,-40.2043603459779));
#1924=CARTESIAN_POINT('Ctrl Pts',(-9.49740184219076,9.65133807804889,-38.6256730379666));
#1925=CARTESIAN_POINT('Ctrl Pts',(-9.34115035495122,15.969411208051,-37.0469857299553));
#1926=CARTESIAN_POINT('Ctrl Pts',(-9.18489886771168,21.8920398350687,-33.8856878033215));
#1927=CARTESIAN_POINT('Ctrl Pts',(-9.02864738047215,26.7198744124875,-29.5150682828444));
#1928=CARTESIAN_POINT('Ctrl Pts',(-8.87239589323262,31.5477089899062,-25.1444487623674));
#1929=CARTESIAN_POINT('Ctrl Pts',(-8.71614440599309,35.2807495177259,-19.5645076480471));
#1930=CARTESIAN_POINT('Ctrl Pts',(-8.55989291875356,37.4781950691809,-13.4341296217052));
#1931=CARTESIAN_POINT('Ctrl Pts',(-8.40364143151403,39.675640620636,-7.30375159536319));
#1932=CARTESIAN_POINT('Ctrl Pts',(-8.24738994427449,40.3374911957264,-0.62293665699953));
#1933=CARTESIAN_POINT('Ctrl Pts',(-8.09113845703495,39.3855948571149,5.81943829779288));
#1934=CARTESIAN_POINT('Ctrl Pts',(-7.93488696979542,38.4336985185033,12.2618132525852));
#1935=CARTESIAN_POINT('Ctrl Pts',(-7.77863548255588,35.86805526619,18.4657482238064));
#1936=CARTESIAN_POINT('Ctrl Pts',(-7.62238399531635,31.9916186626719,23.6986767496866));
#1937=CARTESIAN_POINT('Ctrl Pts',(-7.46613250807682,28.115182059154,28.9316052755667));
#1938=CARTESIAN_POINT('Ctrl Pts',(-7.30988102083729,22.9279521044313,33.1935273561059));
#1939=CARTESIAN_POINT('Ctrl Pts',(-7.15362953359775,17.0424417779217,35.9811912336484));
#1940=CARTESIAN_POINT('Ctrl Pts',(-7.0128266964049,11.738834324701,38.4932376149817));
#1941=CARTESIAN_POINT('Ctrl Pts',(-6.87202385921204,5.86819910399985,39.8081354420808));
#1942=CARTESIAN_POINT('Ctrl Pts',(-6.73122102201918,-0.000587965679221604,
39.812399202771));
#1943=CARTESIAN_POINT('Origin',(-10.,0.,0.));
#1944=CARTESIAN_POINT('',(0.111221022019182,-0.000945040712754253,39.809387488718));
#1945=CARTESIAN_POINT('',(-0.731221022019187,-0.000892413791963436,39.808723367804));
#1946=CARTESIAN_POINT('',(-10.,-4.87531890740561E-15,39.81));
#1947=CARTESIAN_POINT('Ctrl Pts',(0.111221022019182,-0.000945040712754253,
39.809387488718));
#1948=CARTESIAN_POINT('Ctrl Pts',(-0.00403078115221282,4.80390186314812,
39.8048631699063));
#1949=CARTESIAN_POINT('Ctrl Pts',(-0.119282584323607,9.61034611302518,38.9333526032653));
#1950=CARTESIAN_POINT('Ctrl Pts',(-0.234534387495002,14.1024219812016,37.2318764628453));
#1951=CARTESIAN_POINT('Ctrl Pts',(-0.390785874734538,20.192509215252,34.9251170879152));
#1952=CARTESIAN_POINT('Ctrl Pts',(-0.547037361974073,25.7047775785212,31.0928551543819));
#1953=CARTESIAN_POINT('Ctrl Pts',(-0.703288849213609,29.9883332512372,26.187607746665));
#1954=CARTESIAN_POINT('Ctrl Pts',(-0.859540336453143,34.2718889239532,21.2823603389482));
#1955=CARTESIAN_POINT('Ctrl Pts',(-1.01579182369268,37.326731906116,15.3041274570477));
#1956=CARTESIAN_POINT('Ctrl Pts',(-1.17204331093221,38.792143472434,8.95882444824895));
#1957=CARTESIAN_POINT('Ctrl Pts',(-1.32829479817174,40.2575550387521,2.61352143945015));
#1958=CARTESIAN_POINT('Ctrl Pts',(-1.48454628541128,40.1335351892254,-4.09885169624698));
#1959=CARTESIAN_POINT('Ctrl Pts',(-1.64079777265081,38.4347283040376,-10.3856916416415));
#1960=CARTESIAN_POINT('Ctrl Pts',(-1.79704925989034,36.7359214188498,-16.672531587036));
#1961=CARTESIAN_POINT('Ctrl Pts',(-1.95330074712988,33.4623274980009,-22.5338383421279));
#1962=CARTESIAN_POINT('Ctrl Pts',(-2.10955223436941,29.0004955828477,-27.277503306382));
#1963=CARTESIAN_POINT('Ctrl Pts',(-2.26580372160894,24.5386636676946,-32.021168270636));
#1964=CARTESIAN_POINT('Ctrl Pts',(-2.42205520884848,18.8885937582372,-35.6471914440521));
#1965=CARTESIAN_POINT('Ctrl Pts',(-2.57830669608801,12.7174514101027,-37.7274086084921));
#1966=CARTESIAN_POINT('Ctrl Pts',(-2.73455818332755,6.54630906196814,-39.8076257729322));
#1967=CARTESIAN_POINT('Ctrl Pts',(-2.89080967056708,-0.14590572484349,-40.3420369283961));
#1968=CARTESIAN_POINT('Ctrl Pts',(-3.04706115780662,-6.56896994987983,-39.2675383042791));
#1969=CARTESIAN_POINT('Ctrl Pts',(-3.20331264504615,-12.9920341749161,-38.193039680162));
#1970=CARTESIAN_POINT('Ctrl Pts',(-3.35956413228568,-19.145947838177,-35.5096312764639));
#1971=CARTESIAN_POINT('Ctrl Pts',(-3.51581561952522,-24.3040510408958,-31.5341724749831));
#1972=CARTESIAN_POINT('Ctrl Pts',(-3.67206710676475,-29.4621542436147,-27.5587136735022));
#1973=CARTESIAN_POINT('Ctrl Pts',(-3.82831859400429,-33.6244469857915,-22.2912044742385));
#1974=CARTESIAN_POINT('Ctrl Pts',(-3.98457008124382,-36.2994418354978,-16.3536373052529));
#1975=CARTESIAN_POINT('Ctrl Pts',(-4.14082156848336,-38.974436685204,-10.4160701362673));
#1976=CARTESIAN_POINT('Ctrl Pts',(-4.29707305572289,-40.1621336424397,-3.80844499755974));
#1977=CARTESIAN_POINT('Ctrl Pts',(-4.45332454296242,-39.7222883362342,2.68900353542454));
#1978=CARTESIAN_POINT('Ctrl Pts',(-4.60957603020196,-39.2824430300287,9.18645206840882));
#1979=CARTESIAN_POINT('Ctrl Pts',(-4.7658275174415,-37.2150554603821,15.5737239956697));
#1980=CARTESIAN_POINT('Ctrl Pts',(-4.92207900468103,-33.7642446910766,21.0966042556985));
#1981=CARTESIAN_POINT('Ctrl Pts',(-5.07833049192056,-30.3134339217711,26.6194845157272));
#1982=CARTESIAN_POINT('Ctrl Pts',(-5.23458197916009,-25.4791999528067,31.2779731085236));
#1983=CARTESIAN_POINT('Ctrl Pts',(-5.39083346639963,-19.832373666565,34.5219913306025));
#1984=CARTESIAN_POINT('Ctrl Pts',(-5.54708495363916,-14.1855473803232,37.7660095526814));
#1985=CARTESIAN_POINT('Ctrl Pts',(-5.7033364408787,-7.72612877680418,39.5955574040429));
#1986=CARTESIAN_POINT('Ctrl Pts',(-5.85958792811823,-1.21685206473582,39.7946001579737));
#1987=CARTESIAN_POINT('Ctrl Pts',(-5.86931827807243,-0.811495664767321,
39.806995276163));
#1988=CARTESIAN_POINT('Ctrl Pts',(-5.87904862802663,-0.40594591469956,39.8130672839975));
#1989=CARTESIAN_POINT('Ctrl Pts',(-5.88877897798083,-0.000389856582487802,
39.8128570014418));
#1990=CARTESIAN_POINT('Ctrl Pts',(-6.73122102201918,-0.000587965679221604,
39.812399202771));
#1991=CARTESIAN_POINT('Ctrl Pts',(-6.7157723719725,-0.644501394169068,39.8128670154095));
#1992=CARTESIAN_POINT('Ctrl Pts',(-6.70032372192583,-1.28839257441611,39.7975572727555));
#1993=CARTESIAN_POINT('Ctrl Pts',(-6.68487507187915,-1.93151013453993,39.7663200830312));
#1994=CARTESIAN_POINT('Ctrl Pts',(-6.52862358463961,-8.436161022195,39.4503793803258));
#1995=CARTESIAN_POINT('Ctrl Pts',(-6.37237209740008,-14.8616720992085,37.5050923003691));
#1996=CARTESIAN_POINT('Ctrl Pts',(-6.21612061016055,-20.4493129894286,34.160160166574));
#1997=CARTESIAN_POINT('Ctrl Pts',(-6.05986912292101,-26.0369538796487,30.8152280327788));
#1998=CARTESIAN_POINT('Ctrl Pts',(-5.90361763568148,-30.7867245830755,26.0706508451452));
#1999=CARTESIAN_POINT('Ctrl Pts',(-5.74736614844195,-34.1377677189446,20.4866727292003));
#2000=CARTESIAN_POINT('Ctrl Pts',(-5.59111466120241,-37.4888108548137,14.9026946132552));
#2001=CARTESIAN_POINT('Ctrl Pts',(-5.43486317396288,-39.4411264231251,8.47931556899869));
#2002=CARTESIAN_POINT('Ctrl Pts',(-5.27861168672334,-39.7641831699806,1.97501422019034));
#2003=CARTESIAN_POINT('Ctrl Pts',(-5.12236019948381,-40.087239916836,-4.52928712861794));
#2004=CARTESIAN_POINT('Ctrl Pts',(-4.96610871224427,-38.7810378422355,-11.114510781978));
#2005=CARTESIAN_POINT('Ctrl Pts',(-4.80985722500474,-35.9998145125811,-17.0030673528516));
#2006=CARTESIAN_POINT('Ctrl Pts',(-4.65360573776521,-33.2185911829266,-22.8916239237252));
#2007=CARTESIAN_POINT('Ctrl Pts',(-4.49735425052568,-28.9623465982181,-28.0835134121123));
#2008=CARTESIAN_POINT('Ctrl Pts',(-4.34110276328614,-23.7336621120955,-31.9656726363561));
#2009=CARTESIAN_POINT('Ctrl Pts',(-4.18485127604661,-18.5049776259729,-35.8478318605998));
#2010=CARTESIAN_POINT('Ctrl Pts',(-4.02859978880707,-12.3038532384362,-38.4202608207002));
#2011=CARTESIAN_POINT('Ctrl Pts',(-3.87234830156754,-5.86252353486473,-39.3792046916766));
#2012=CARTESIAN_POINT('Ctrl Pts',(-3.71609681432801,0.578806168706705,-40.3381485626531));
#2013=CARTESIAN_POINT('Ctrl Pts',(-3.55984532708848,7.26034118831289,-39.6836073445055));
#2014=CARTESIAN_POINT('Ctrl Pts',(-3.40359383984894,13.3931196004315,-37.4928698783429));
#2015=CARTESIAN_POINT('Ctrl Pts',(-3.24734235260941,19.5258980125503,-35.3021324121801));
#2016=CARTESIAN_POINT('Ctrl Pts',(-3.09109086536987,25.1099198171815,-31.5751986980022));
#2017=CARTESIAN_POINT('Ctrl Pts',(-2.93483937813034,29.4858184808807,-26.7521485652716));
#2018=CARTESIAN_POINT('Ctrl Pts',(-2.7785878908908,33.8617171445798,-21.9290984325409));
#2019=CARTESIAN_POINT('Ctrl Pts',(-2.62233640365127,37.029492667347,-16.0099318812575));
#2020=CARTESIAN_POINT('Ctrl Pts',(-2.46608491641173,38.6150911435459,-9.6935896509732));
#2021=CARTESIAN_POINT('Ctrl Pts',(-2.3098334291722,40.2006896197449,-3.37724742068888));
#2022=CARTESIAN_POINT('Ctrl Pts',(-2.15358194193266,40.2041110493756,3.33627048859635));
#2023=CARTESIAN_POINT('Ctrl Pts',(-1.99733045469313,38.6249514268177,9.65422558374225));
#2024=CARTESIAN_POINT('Ctrl Pts',(-1.84107896745359,37.0457918042597,15.9721806788881));
#2025=CARTESIAN_POINT('Ctrl Pts',(-1.68482748021406,33.8840511295131,21.8945729598947));
#2026=CARTESIAN_POINT('Ctrl Pts',(-1.52857599297453,29.5130707076976,26.722080790018));
#2027=CARTESIAN_POINT('Ctrl Pts',(-1.372324505735,25.1420902858822,31.5495886201414));
#2028=CARTESIAN_POINT('Ctrl Pts',(-1.21607301849546,19.5618701169979,35.2822119993817));
#2029=CARTESIAN_POINT('Ctrl Pts',(-1.05982153125593,13.4313278337741,37.4791992572879));
#2030=CARTESIAN_POINT('Ctrl Pts',(-0.950288028177015,9.1337701982075,39.0193043457554));
#2031=CARTESIAN_POINT('Ctrl Pts',(-0.840754525098101,4.56577774787308,39.8047796288731));
#2032=CARTESIAN_POINT('Ctrl Pts',(-0.731221022019187,-0.000892413791963436,
39.808723367804));
#2033=CARTESIAN_POINT('Origin',(-10.,0.,0.));
#2034=CARTESIAN_POINT('',(6.11122102201918,-0.000211705606603108,39.8068828785926));
#2035=CARTESIAN_POINT('',(5.26877897798082,-5.04426155380838E-6,39.806810782151));
#2036=CARTESIAN_POINT('',(-10.,-4.87531890740561E-15,39.81));
#2037=CARTESIAN_POINT('Ctrl Pts',(6.11122102201918,-0.000211705606603108,
39.8068828785926));
#2038=CARTESIAN_POINT('Ctrl Pts',(6.02723855296173,3.50164934676707,39.8062122560614));
#2039=CARTESIAN_POINT('Ctrl Pts',(5.94325608390428,7.00368248490118,39.348331274662));
#2040=CARTESIAN_POINT('Ctrl Pts',(5.85927361484683,10.3828183548383,38.435504597844));
#2041=CARTESIAN_POINT('Ctrl Pts',(5.70302212760729,16.6697852800537,36.737167701519));
#2042=CARTESIAN_POINT('Ctrl Pts',(5.54677064036776,22.5313367422148,33.4640119624283));
#2043=CARTESIAN_POINT('Ctrl Pts',(5.39051915312822,27.2753352455461,29.0025346810157));
#2044=CARTESIAN_POINT('Ctrl Pts',(5.23426766588868,32.0193337488775,24.541057399603));
#2045=CARTESIAN_POINT('Ctrl Pts',(5.07801617864915,35.6457792933792,18.8912585758685));
#2046=CARTESIAN_POINT('Ctrl Pts',(4.92176469140961,37.7264577869387,12.7202717553825));
#2047=CARTESIAN_POINT('Ctrl Pts',(4.76551320417008,39.8071362804982,6.54928493489688));
#2048=CARTESIAN_POINT('Ctrl Pts',(4.60926171693054,40.3420477231157,-0.142889882340098));
#2049=CARTESIAN_POINT('Ctrl Pts',(4.45301022969101,39.2680292698099,-6.56603441552065));
#2050=CARTESIAN_POINT('Ctrl Pts',(4.29675874245148,38.1940108165041,-12.9891789487013));
#2051=CARTESIAN_POINT('Ctrl Pts',(4.14050725521195,35.511062467275,-19.1432931978255));
#2052=CARTESIAN_POINT('Ctrl Pts',(3.98425576797242,31.5359892802574,-24.3016935787599));
#2053=CARTESIAN_POINT('Ctrl Pts',(3.82800428073288,27.5609160932399,-29.4600939596942));
#2054=CARTESIAN_POINT('Ctrl Pts',(3.67175279349335,22.2937180684338,-33.6227804724387));
#2055=CARTESIAN_POINT('Ctrl Pts',(3.51550130625382,16.3563508901284,-36.2982191882666));
#2056=CARTESIAN_POINT('Ctrl Pts',(3.35924981901428,10.4189837118229,-38.9736579040945));
#2057=CARTESIAN_POINT('Ctrl Pts',(3.20299833177475,3.81144738001799,-40.1618488230058));
#2058=CARTESIAN_POINT('Ctrl Pts',(3.04674684453522,-2.68603401624362,-39.722489246572));
#2059=CARTESIAN_POINT('Ctrl Pts',(2.89049535729568,-9.18351541250532,-39.2831296701383));
#2060=CARTESIAN_POINT('Ctrl Pts',(2.73424387005614,-15.5709418732237,-37.2162195983594));
#2061=CARTESIAN_POINT('Ctrl Pts',(2.57799238281661,-21.0940800894341,-33.7658217116212));
#2062=CARTESIAN_POINT('Ctrl Pts',(2.42174089557707,-26.6172183056445,-30.315423824883));
#2063=CARTESIAN_POINT('Ctrl Pts',(2.26548940833754,-31.2760682773469,-25.4815381231855));
#2064=CARTESIAN_POINT('Ctrl Pts',(2.109237921098,-34.5205086290958,-19.8349543651851));
#2065=CARTESIAN_POINT('Ctrl Pts',(1.95298643385847,-37.7649489808446,-14.1883706071848));
#2066=CARTESIAN_POINT('Ctrl Pts',(1.79673494661894,-39.59497971264,-7.72908879288157));
#2067=CARTESIAN_POINT('Ctrl Pts',(1.64048345937941,-39.7945090787942,-1.21982697880383));
#2068=CARTESIAN_POINT('Ctrl Pts',(1.48423197213987,-39.9940384449484,5.2894348352741));
#2069=CARTESIAN_POINT('Ctrl Pts',(1.32798048490034,-38.5630664454613,11.8486766491266));
#2070=CARTESIAN_POINT('Ctrl Pts',(1.1717289976608,-35.6705635965254,17.683377035699));
#2071=CARTESIAN_POINT('Ctrl Pts',(1.01547751042127,-32.7780607475895,23.5180774222714));
#2072=CARTESIAN_POINT('Ctrl Pts',(0.859226023181738,-28.4240270492049,28.6282363815637));
#2073=CARTESIAN_POINT('Ctrl Pts',(0.702974535942205,-23.1225908852945,32.4104415494721));
#2074=CARTESIAN_POINT('Ctrl Pts',(0.546723048702674,-17.8211547213841,36.1926467173804));
#2075=CARTESIAN_POINT('Ctrl Pts',(0.390471561463142,-11.5723160919481,38.6468980939047));
#2076=CARTESIAN_POINT('Ctrl Pts',(0.234220074223611,-5.1139437248144,39.4833953740035));
#2077=CARTESIAN_POINT('Ctrl Pts',(0.193220390155468,-3.41929600449553,39.7028884797257));
#2078=CARTESIAN_POINT('Ctrl Pts',(0.152220706087325,-1.71022159546765,39.8109969701907));
#2079=CARTESIAN_POINT('Ctrl Pts',(0.111221022019182,-0.000945040712754253,
39.809387488718));
#2080=CARTESIAN_POINT('Ctrl Pts',(-0.731221022019187,-0.000892413791963436,
39.808723367804));
#2081=CARTESIAN_POINT('Ctrl Pts',(-0.684503037858567,-1.94865833273404,
39.810405442491));
#2082=CARTESIAN_POINT('Ctrl Pts',(-0.637785053697947,-3.89618370436211,
39.6699133322818));
#2083=CARTESIAN_POINT('Ctrl Pts',(-0.591067069537326,-5.8223826230741,39.3851597043396));
#2084=CARTESIAN_POINT('Ctrl Pts',(-0.434815582297792,-12.2646863991353,
38.4327817569126));
#2085=CARTESIAN_POINT('Ctrl Pts',(-0.278564095058257,-18.4684295536944,
35.8666747254863));
#2086=CARTESIAN_POINT('Ctrl Pts',(-0.122312607818723,-23.7010682749038,
31.9898469357726));
#2087=CARTESIAN_POINT('Ctrl Pts',(0.0339388794208118,-28.9337069961133,
28.1130191460588));
#2088=CARTESIAN_POINT('Ctrl Pts',(0.190190366660346,-33.1952412839732,22.9254705980577));
#2089=CARTESIAN_POINT('Ctrl Pts',(0.346441853899881,-35.9824651717353,17.0397518911124));
#2090=CARTESIAN_POINT('Ctrl Pts',(0.502693341139415,-38.7696890594973,11.1540331841671));
#2091=CARTESIAN_POINT('Ctrl Pts',(0.658944828378949,-40.0826025471616,4.5701443182776));
#2092=CARTESIAN_POINT('Ctrl Pts',(0.815196315618484,-39.7661755783703,-1.9344829324739));
#2093=CARTESIAN_POINT('Ctrl Pts',(0.971447802858017,-39.4497486095791,-8.43911018322535));
#2094=CARTESIAN_POINT('Ctrl Pts',(1.12769929009755,-37.5039811843325,-14.8644758188388));
#2095=CARTESIAN_POINT('Ctrl Pts',(1.28395077733708,-34.1586313456614,-20.4518666369847));
#2096=CARTESIAN_POINT('Ctrl Pts',(1.44020226457662,-30.8132815069904,-26.0392574551305));
#2097=CARTESIAN_POINT('Ctrl Pts',(1.59645375181615,-26.068349254895,-30.7886734558087));
#2098=CARTESIAN_POINT('Ctrl Pts',(1.75270523905568,-20.4841206412492,-34.1392991419062));
#2099=CARTESIAN_POINT('Ctrl Pts',(1.90895672629522,-14.8998920276034,-37.4899248280037));
#2100=CARTESIAN_POINT('Ctrl Pts',(2.06520821353475,-8.47636705240708,-39.4417601995205));
#2101=CARTESIAN_POINT('Ctrl Pts',(2.22145970077429,-1.97204157108112,-39.764330704637));
#2102=CARTESIAN_POINT('Ctrl Pts',(2.37771118801382,4.53228391024485,-40.0869012097536));
#2103=CARTESIAN_POINT('Ctrl Pts',(2.53396267525336,11.1174098977005,-38.78020684847));
#2104=CARTESIAN_POINT('Ctrl Pts',(2.69021416249289,17.0057585367285,-35.9985433168662));
#2105=CARTESIAN_POINT('Ctrl Pts',(2.84646564973242,22.8941071757565,-33.2168797852625));
#2106=CARTESIAN_POINT('Ctrl Pts',(3.00271713697196,28.0856784663569,-28.9602470833386));
#2107=CARTESIAN_POINT('Ctrl Pts',(3.15896862421149,31.9674467999663,-23.7312723939771));
#2108=CARTESIAN_POINT('Ctrl Pts',(3.31522011145102,35.8492151335757,-18.5022977046154));
#2109=CARTESIAN_POINT('Ctrl Pts',(3.47147159869056,38.4211805101941,-12.300981027816));
#2110=CARTESIAN_POINT('Ctrl Pts',(3.6277230859301,39.3796428452132,-5.85957965465594));
#2111=CARTESIAN_POINT('Ctrl Pts',(3.78397457316963,40.3381051802323,0.581821718503988));
#2112=CARTESIAN_POINT('Ctrl Pts',(3.94022606040916,39.6830644736521,7.2633077880245));
#2113=CARTESIAN_POINT('Ctrl Pts',(4.0964775476487,37.4918685466443,13.395922410456));
#2114=CARTESIAN_POINT('Ctrl Pts',(4.25272903488823,35.3006726196364,19.5285370328875));
#2115=CARTESIAN_POINT('Ctrl Pts',(4.40898052212776,31.5733214722009,25.1122802082301));
#2116=CARTESIAN_POINT('Ctrl Pts',(4.56523200936729,26.7499442247108,29.4878183038466));
#2117=CARTESIAN_POINT('Ctrl Pts',(4.72148349660683,21.9265669772206,33.8633563994632));
#2118=CARTESIAN_POINT('Ctrl Pts',(4.87773498384637,16.0071636296758,37.0306894153538));
#2119=CARTESIAN_POINT('Ctrl Pts',(5.0339864710859,9.69070288275293,38.6158156975094));
#2120=CARTESIAN_POINT('Ctrl Pts',(5.11225064005087,6.52687666969465,39.4097831237987));
#2121=CARTESIAN_POINT('Ctrl Pts',(5.19051480901585,3.26343403654373,39.8067959261268));
#2122=CARTESIAN_POINT('Ctrl Pts',(5.26877897798082,-5.04426155380838E-6,
39.806810782151));
#2123=CARTESIAN_POINT('Origin',(-10.,0.,0.));
#2124=CARTESIAN_POINT('',(12.1112210220192,0.000790126326488672,39.8081017208097));
#2125=CARTESIAN_POINT('',(11.2687789779808,0.000888710712481413,39.8086927699934));
#2126=CARTESIAN_POINT('',(-10.,-4.87531890740561E-15,39.81));
#2127=CARTESIAN_POINT('Ctrl Pts',(12.1112210220192,0.000790126326488671,
39.8081017208097));
#2128=CARTESIAN_POINT('Ctrl Pts',(12.0585078870757,2.19860437360735,39.8097412196714));
#2129=CARTESIAN_POINT('Ctrl Pts',(12.0057947521322,4.39615424782618,39.6306898040014));
#2130=CARTESIAN_POINT('Ctrl Pts',(11.9530816171886,6.56309884400308,39.2685200157963));
#2131=CARTESIAN_POINT('Ctrl Pts',(11.7968301299491,12.9863236489998,38.1949817392183));
#2132=CARTESIAN_POINT('Ctrl Pts',(11.6405786427096,19.1406384505061,35.5124934596329));
#2133=CARTESIAN_POINT('Ctrl Pts',(11.4843271554701,24.2993359810497,31.5378059093376));
#2134=CARTESIAN_POINT('Ctrl Pts',(11.3280756682305,29.4580335115932,27.5631183590423));
#2135=CARTESIAN_POINT('Ctrl Pts',(11.171824180991,33.621113771174,22.2962315380373));
#2136=CARTESIAN_POINT('Ctrl Pts',(11.0155726937515,36.2969963380578,16.3590643835708));
#2137=CARTESIAN_POINT('Ctrl Pts',(10.8593212065119,38.9728789049416,10.4218972291042));
#2138=CARTESIAN_POINT('Ctrl Pts',(10.7030697192724,40.1615637791285,3.81444974117627));
#2139=CARTESIAN_POINT('Ctrl Pts',(10.5468182320329,39.7226899349802,-2.68306448203942));
#2140=CARTESIAN_POINT('Ctrl Pts',(10.3905667447933,39.2838160908319,-9.18057870525522));
#2141=CARTESIAN_POINT('Ctrl Pts',(10.2343152575538,37.2173835283485,-15.5681596637587));
#2142=CARTESIAN_POINT('Ctrl Pts',(10.0780637703142,33.7673985434306,-21.0915558052902));
#2143=CARTESIAN_POINT('Ctrl Pts',(9.92181228307471,30.3174135585126,-26.6149519468216));
#2144=CARTESIAN_POINT('Ctrl Pts',(9.76556079583518,25.4838761511601,-31.274163271381));
#2145=CARTESIAN_POINT('Ctrl Pts',(9.60930930859564,19.8375349529728,-34.519025734665));
#2146=CARTESIAN_POINT('Ctrl Pts',(9.45305782135611,14.1911937547855,-37.7638881979489));
#2147=CARTESIAN_POINT('Ctrl Pts',(9.29680633411657,7.73204876576335,-39.5944017999575));
#2148=CARTESIAN_POINT('Ctrl Pts',(9.14055484687704,1.22280188604582,-39.7944177772215));
#2149=CARTESIAN_POINT('Ctrl Pts',(8.9843033596375,-5.2864449936717,-39.9944337544856));
#2150=CARTESIAN_POINT('Ctrl Pts',(8.82805187239797,-11.8457937640846,-38.5639521070051));
#2151=CARTESIAN_POINT('Ctrl Pts',(8.67180038515844,-17.6807103686426,-35.6718854497545));
#2152=CARTESIAN_POINT('Ctrl Pts',(8.51554889791891,-23.5156269732007,-32.7798187925039));
#2153=CARTESIAN_POINT('Ctrl Pts',(8.35929741067937,-28.6261114119038,-28.4261671254832));
#2154=CARTESIAN_POINT('Ctrl Pts',(8.20304592343984,-32.4087128877158,-23.1250137219899));
#2155=CARTESIAN_POINT('Ctrl Pts',(8.0467944362003,-36.1913143635276,-17.8238603184968));
#2156=CARTESIAN_POINT('Ctrl Pts',(7.89054294896077,-38.6460328764483,-11.5752051785311));
#2157=CARTESIAN_POINT('Ctrl Pts',(7.73429146172124,-39.4830129615415,-5.11689536331414));
#2158=CARTESIAN_POINT('Ctrl Pts',(7.5780399744817,-40.3199930466347,1.34141445190284));
#2159=CARTESIAN_POINT('Ctrl Pts',(7.42178848724216,-39.5392347039004,8.00937894237117));
#2160=CARTESIAN_POINT('Ctrl Pts',(7.26553700000263,-37.232930610927,14.0996386053823));
#2161=CARTESIAN_POINT('Ctrl Pts',(7.10928551276309,-34.9266265179535,20.1898982683934));
#2162=CARTESIAN_POINT('Ctrl Pts',(6.95303402552356,-31.0947766747408,25.7024531039474));
#2163=CARTESIAN_POINT('Ctrl Pts',(6.79678253828403,-26.1898495056992,29.9863754653554));
#2164=CARTESIAN_POINT('Ctrl Pts',(6.64053105104449,-21.2849223366576,34.2702978267633));
#2165=CARTESIAN_POINT('Ctrl Pts',(6.48427956380496,-15.3069178417871,37.3255877140253));
#2166=CARTESIAN_POINT('Ctrl Pts',(6.32802807656543,-8.96172440021702,38.7914736308767));
#2167=CARTESIAN_POINT('Ctrl Pts',(6.25575905838335,-6.0269625729924,39.4694712477275));
#2168=CARTESIAN_POINT('Ctrl Pts',(6.18349004020127,-3.0136508543412,39.8074599660782));
#2169=CARTESIAN_POINT('Ctrl Pts',(6.11122102201918,-0.000211705606603108,
39.8068828785926));
#2170=CARTESIAN_POINT('Ctrl Pts',(5.26877897798082,-5.04426155380838E-6,
39.806810782151));
#2171=CARTESIAN_POINT('Ctrl Pts',(5.34676629625538,-3.25190007656314,39.8068255856237));
#2172=CARTESIAN_POINT('Ctrl Pts',(5.42475361452994,-6.50379158160669,39.4126461462329));
#2173=CARTESIAN_POINT('Ctrl Pts',(5.5027409328045,-9.65711303502231,38.6242295997553));
#2174=CARTESIAN_POINT('Ctrl Pts',(5.65899242004404,-15.9749500595739,37.0445976714247));
#2175=CARTESIAN_POINT('Ctrl Pts',(5.81524390728357,-21.8971059623764,33.8824142663427));
#2176=CARTESIAN_POINT('Ctrl Pts',(5.9714953945231,-26.7242870184459,29.5110729676427));
#2177=CARTESIAN_POINT('Ctrl Pts',(6.12774688176264,-31.5514680745155,25.1397316689427));
#2178=CARTESIAN_POINT('Ctrl Pts',(6.28399836900217,-35.2836742838521,19.5592324766245));
#2179=CARTESIAN_POINT('Ctrl Pts',(6.44024985624171,-37.4802032358186,13.4285259707663));
#2180=CARTESIAN_POINT('Ctrl Pts',(6.59650134348124,-39.676732187785,7.29781946490828));
#2181=CARTESIAN_POINT('Ctrl Pts',(6.75275283072078,-40.3375838823813,0.616905645510385));
#2182=CARTESIAN_POINT('Ctrl Pts',(6.90900431796031,-39.3847243315192,-5.82532691580935));
#2183=CARTESIAN_POINT('Ctrl Pts',(7.06525580519984,-38.4318647806571,-12.267559477129));
#2184=CARTESIAN_POINT('Ctrl Pts',(7.22150729243937,-35.8652939843365,-18.4711107803705));
#2185=CARTESIAN_POINT('Ctrl Pts',(7.37775877967891,-31.9880750300634,-23.7034596676697));
#2186=CARTESIAN_POINT('Ctrl Pts',(7.53401026691844,-28.1108560757902,-28.935808554969));
#2187=CARTESIAN_POINT('Ctrl Pts',(7.69026175415798,-22.9229889635644,-33.1969550263262));
#2188=CARTESIAN_POINT('Ctrl Pts',(7.84651324139752,-17.0370619090914,-35.9837389087293));
#2189=CARTESIAN_POINT('Ctrl Pts',(8.00276472863705,-11.1511348546185,-38.7705227911325));
#2190=CARTESIAN_POINT('Ctrl Pts',(8.15901621587659,-4.56714785789829,-40.0829440845817));
#2191=CARTESIAN_POINT('Ctrl Pts',(8.31526770311612,1.93745571960567,-39.7660308514739));
#2192=CARTESIAN_POINT('Ctrl Pts',(8.47151919035565,8.44205929710944,-39.4491176183662));
#2193=CARTESIAN_POINT('Ctrl Pts',(8.62777067759519,14.867279455397,-37.5028698587017));
#2194=CARTESIAN_POINT('Ctrl Pts',(8.78402216483472,20.4544201702392,-34.1571023338501));
#2195=CARTESIAN_POINT('Ctrl Pts',(8.94027365207426,26.0415608850815,-30.8113348089984));
#2196=CARTESIAN_POINT('Ctrl Pts',(9.09652513931379,30.7906221564784,-26.0660475189596));
#2197=CARTESIAN_POINT('Ctrl Pts',(9.25277662655333,34.1408303740806,-20.481568438821));
#2198=CARTESIAN_POINT('Ctrl Pts',(9.40902811379286,37.4910385916827,-14.8970893586825));
#2199=CARTESIAN_POINT('Ctrl Pts',(9.56527960103239,39.4423937554901,-8.47341848844439));
#2200=CARTESIAN_POINT('Ctrl Pts',(9.72153108827192,39.764478017065,-1.96906891095058));
#2201=CARTESIAN_POINT('Ctrl Pts',(9.87778257551145,40.08656227864,4.53528066654319));
#2202=CARTESIAN_POINT('Ctrl Pts',(10.034034062751,38.7793756379824,11.1203089512926));
#2203=CARTESIAN_POINT('Ctrl Pts',(10.1902855499905,35.9972719199735,17.0084496255673));
#2204=CARTESIAN_POINT('Ctrl Pts',(10.3465370372301,33.2151682019645,22.8965902998422));
#2205=CARTESIAN_POINT('Ctrl Pts',(10.5027885244696,28.9581474066041,28.0878433636423));
#2206=CARTESIAN_POINT('Ctrl Pts',(10.6590400117091,23.7288825432297,31.9692207849239));
#2207=CARTESIAN_POINT('Ctrl Pts',(10.8152914989487,18.4996176798554,35.8505982062054));
#2208=CARTESIAN_POINT('Ctrl Pts',(10.9715429861882,12.2981087484671,38.4220999849684));
#2209=CARTESIAN_POINT('Ctrl Pts',(11.1277944734277,5.85663574170925,39.3800807786736));
#2210=CARTESIAN_POINT('Ctrl Pts',(11.1747893082788,3.91927203722252,39.6682069910124));
#2211=CARTESIAN_POINT('Ctrl Pts',(11.2217841431298,1.96020141476715,39.8103756569586));
#2212=CARTESIAN_POINT('Ctrl Pts',(11.2687789779808,0.000888710712481413,
39.8086927699934));
#2213=CARTESIAN_POINT('Origin',(-10.,0.,0.));
#2214=CARTESIAN_POINT('',(18.1112210220192,0.000757218625692668,39.8117820141155));
#2215=CARTESIAN_POINT('',(17.2687789779808,0.000596661371514765,39.8123733908821));
#2216=CARTESIAN_POINT('',(-10.,-4.87531890740561E-15,39.81));
#2217=CARTESIAN_POINT('Ctrl Pts',(18.1112210220192,0.000757218625692668,
39.8117820141155));
#2218=CARTESIAN_POINT('Ctrl Pts',(18.0897772211896,0.894594584547164,39.8125641904411));
#2219=CARTESIAN_POINT('Ctrl Pts',(18.0683334203601,1.78838030721285,39.7830548221457));
#2220=CARTESIAN_POINT('Ctrl Pts',(18.0468896195305,2.68009763076357,39.722890936556));
#2221=CARTESIAN_POINT('Ctrl Pts',(17.890638132291,9.17764716078564,39.2845033262523));
#2222=CARTESIAN_POINT('Ctrl Pts',(17.7343866450514,15.5653772739907,37.2185472318385));
#2223=CARTESIAN_POINT('Ctrl Pts',(17.5781351578119,21.0890300184261,33.7689749118294));
#2224=CARTESIAN_POINT('Ctrl Pts',(17.4218836705723,26.6126827628617,30.3194025918203));
#2225=CARTESIAN_POINT('Ctrl Pts',(17.2656321833328,31.2722581385275,25.4862140462157));
#2226=CARTESIAN_POINT('Ctrl Pts',(17.1093806960933,34.5175433581661,19.8401155709001));
#2227=CARTESIAN_POINT('Ctrl Pts',(16.9531292088537,37.7628285778046,14.1940170955847));
#2228=CARTESIAN_POINT('Ctrl Pts',(16.7968777216142,39.5938236414161,7.73500869055818));
#2229=CARTESIAN_POINT('Ctrl Pts',(16.6406262343747,39.7943258883773,1.22577671407751));
#2230=CARTESIAN_POINT('Ctrl Pts',(16.4843747471351,39.9948281353385,-5.28345526240335));
#2231=CARTESIAN_POINT('Ctrl Pts',(16.3281232598956,38.5648375656493,-11.8429108103384));
#2232=CARTESIAN_POINT('Ctrl Pts',(16.1718717726561,35.6732072909204,-17.6780435656249));
#2233=CARTESIAN_POINT('Ctrl Pts',(16.0156202854165,32.7815770161915,-23.5131763209113));
#2234=CARTESIAN_POINT('Ctrl Pts',(15.859368798177,28.4283070364228,-28.6239862835492));
#2235=CARTESIAN_POINT('Ctrl Pts',(15.7031173109375,23.1274363333124,-32.4069840639103));
#2236=CARTESIAN_POINT('Ctrl Pts',(15.5468658236979,17.8265656302021,-36.1899818442714));
#2237=CARTESIAN_POINT('Ctrl Pts',(15.3906143364584,11.5780942037501,-38.6451674423557));
#2238=CARTESIAN_POINT('Ctrl Pts',(15.2343628492189,5.11984702256532,-39.4826303186368));
#2239=CARTESIAN_POINT('Ctrl Pts',(15.0781113619793,-1.33840015861943,-40.3200931949179));
#2240=CARTESIAN_POINT('Ctrl Pts',(14.9218598747398,-8.00642309453695,-39.5398333493957));
#2241=CARTESIAN_POINT('Ctrl Pts',(14.7656083875003,-14.0968551760965,-37.2339845559537));
#2242=CARTESIAN_POINT('Ctrl Pts',(14.6093569002607,-20.1872872576559,-34.9281357625118));
#2243=CARTESIAN_POINT('Ctrl Pts',(14.4531054130212,-25.7001284848575,-31.0966980211502));
#2244=CARTESIAN_POINT('Ctrl Pts',(14.2968539257817,-29.9844174988903,-26.1920911157902));
#2245=CARTESIAN_POINT('Ctrl Pts',(14.1406024385421,-34.2687065129231,-21.2874842104302));
#2246=CARTESIAN_POINT('Ctrl Pts',(13.9843509513026,-37.3244433137872,-15.3097081410718));
#2247=CARTESIAN_POINT('Ctrl Pts',(13.8280994640631,-38.7908035792041,-8.96462430342561));
#2248=CARTESIAN_POINT('Ctrl Pts',(13.6718479768235,-40.2571638446209,-2.61954046577943));
#2249=CARTESIAN_POINT('Ctrl Pts',(13.515596489584,-40.1341475745905,4.09285114015457));
#2250=CARTESIAN_POINT('Ctrl Pts',(13.3593450023445,-38.4362806734247,10.3799450106893));
#2251=CARTESIAN_POINT('Ctrl Pts',(13.2030935151049,-36.738413772259,16.6670388812241));
#2252=CARTESIAN_POINT('Ctrl Pts',(13.0468420278654,-33.4656962399579,22.5288350163597));
#2253=CARTESIAN_POINT('Ctrl Pts',(12.8905905406259,-29.0045736188592,27.2731670319308));
#2254=CARTESIAN_POINT('Ctrl Pts',(12.7343390533863,-24.5434509977605,32.0174990475019));
#2255=CARTESIAN_POINT('Ctrl Pts',(12.5780875661468,-18.8939232878642,35.6443669435086));
#2256=CARTESIAN_POINT('Ctrl Pts',(12.4218360789073,-12.7230920286724,37.7255067547267));
#2257=CARTESIAN_POINT('Ctrl Pts',(12.3182977266112,-8.63405766387291,39.1045514650074));
#2258=CARTESIAN_POINT('Ctrl Pts',(12.2147593743152,-4.31612379010115,39.8048814416345));
#2259=CARTESIAN_POINT('Ctrl Pts',(12.1112210220192,0.000790126326488671,
39.8081017208097));
#2260=CARTESIAN_POINT('Ctrl Pts',(11.2687789779808,0.000888710712481413,
39.8086927699934));
#2261=CARTESIAN_POINT('Ctrl Pts',(11.3780356303693,-4.55424905508387,39.8047802847862));
#2262=CARTESIAN_POINT('Ctrl Pts',(11.4872922827578,-9.11069527139881,39.0233504684684));
#2263=CARTESIAN_POINT('Ctrl Pts',(11.5965489351463,-13.3987251456325,37.4908670054191));
#2264=CARTESIAN_POINT('Ctrl Pts',(11.7528004223859,-19.5311759440891,35.2992126298121));
#2265=CARTESIAN_POINT('Ctrl Pts',(11.9090519096254,-25.1146404588746,31.5714440699508));
#2266=CARTESIAN_POINT('Ctrl Pts',(12.0653033968649,-29.4898179619854,26.7477397346564));
#2267=CARTESIAN_POINT('Ctrl Pts',(12.2215548841045,-33.8649954650962,21.924035399362));
#2268=CARTESIAN_POINT('Ctrl Pts',(12.377806371344,-37.0318859565322,16.0043952886347));
#2269=CARTESIAN_POINT('Ctrl Pts',(12.5340578585835,-38.6165400357277,9.68781606037457));
#2270=CARTESIAN_POINT('Ctrl Pts',(12.6903093458231,-40.2011941149232,3.37123683211441));
#2271=CARTESIAN_POINT('Ctrl Pts',(12.8465608330626,-40.203611781878,-3.34228151367841));
#2272=CARTESIAN_POINT('Ctrl Pts',(13.0028123203021,-38.6235075567165,-9.66000043233042));
#2273=CARTESIAN_POINT('Ctrl Pts',(13.1590638075417,-37.0434033315549,-15.9777193509824));
#2274=CARTESIAN_POINT('Ctrl Pts',(13.3153152947812,-33.8807772142771,-21.8996388424936));
#2275=CARTESIAN_POINT('Ctrl Pts',(13.4715667820207,-29.5090750629001,-26.7264930975278));
#2276=CARTESIAN_POINT('Ctrl Pts',(13.6278182692603,-25.1373729115232,-31.5533473525619));
#2277=CARTESIAN_POINT('Ctrl Pts',(13.7840697564998,-19.5565947260473,-35.2851363711192));
#2278=CARTESIAN_POINT('Ctrl Pts',(13.9403212437393,-13.4257240322495,-37.4812070048788));
#2279=CARTESIAN_POINT('Ctrl Pts',(14.0965727309789,-7.29485333845171,-39.6772776386385));
#2280=CARTESIAN_POINT('Ctrl Pts',(14.2528242182184,-0.613890136332123,-40.3376298876005));
#2281=CARTESIAN_POINT('Ctrl Pts',(14.4090757054579,5.82827117508663,-39.3842887386118));
#2282=CARTESIAN_POINT('Ctrl Pts',(14.5653271926975,12.2704324865054,-38.4309475896231));
#2283=CARTESIAN_POINT('Ctrl Pts',(14.721578679937,18.4737919072235,-35.8639130426837));
#2284=CARTESIAN_POINT('Ctrl Pts',(14.8778301671765,23.7058509297267,-31.9863029455515));
#2285=CARTESIAN_POINT('Ctrl Pts',(15.0340816544161,28.9379099522299,-28.1086928484193));
#2286=CARTESIAN_POINT('Ctrl Pts',(15.1903331416556,33.1986685765184,-22.9205072010944));
#2287=CARTESIAN_POINT('Ctrl Pts',(15.3465846288951,35.9850124411945,-17.0343718319249));
#2288=CARTESIAN_POINT('Ctrl Pts',(15.5028361161347,38.7713563058707,-11.1482364627555));
#2289=CARTESIAN_POINT('Ctrl Pts',(15.6590876033742,40.0832854109345,-4.56415137174147));
#2290=CARTESIAN_POINT('Ctrl Pts',(15.8153390906137,39.7658859090306,1.94042849604059));
#2291=CARTESIAN_POINT('Ctrl Pts',(15.9715905778533,39.4484864071268,8.44500836382274));
#2292=CARTESIAN_POINT('Ctrl Pts',(16.1278420650928,37.5017582982553,14.8700830083729));
#2293=CARTESIAN_POINT('Ctrl Pts',(16.2840935523323,34.1555731181081,20.4569735889267));
#2294=CARTESIAN_POINT('Ctrl Pts',(16.4403450395719,30.8093879379609,26.0438641694805));
#2295=CARTESIAN_POINT('Ctrl Pts',(16.5965965268114,26.0637456865382,30.7925706860379));
#2296=CARTESIAN_POINT('Ctrl Pts',(16.752848014051,20.4790161473555,34.1423614159552));
#2297=CARTESIAN_POINT('Ctrl Pts',(16.9090995012905,14.8942866081729,37.4921521458725));
#2298=CARTESIAN_POINT('Ctrl Pts',(17.06535098853,8.4704697812303,39.4430270891497));
#2299=CARTESIAN_POINT('Ctrl Pts',(17.2216024757695,1.96609619024463,39.7646251062926));
#2300=CARTESIAN_POINT('Ctrl Pts',(17.2373279765066,1.31148141821008,39.796991453295));
#2301=CARTESIAN_POINT('Ctrl Pts',(17.2530534772437,0.656050697842645,39.8128550794214));
#2302=CARTESIAN_POINT('Ctrl Pts',(17.2687789779808,0.000596661371514765,
39.8123733908821));
#2303=CARTESIAN_POINT('Origin',(-30.9015393514301,0.,0.));
#2304=CARTESIAN_POINT('',(20.0984606485699,0.000691748982352267,36.3696279399486));
#2305=CARTESIAN_POINT('',(21.2815393514301,-0.000232952034564526,36.3701922392509));
#2306=CARTESIAN_POINT('',(-30.9015393514301,-5.79938559506142E-13,36.368));
#2307=CARTESIAN_POINT('',(22.2656797749979,-27.8453800139488,-23.393596792364));
#2308=CARTESIAN_POINT('Ctrl Pts',(20.0984606485699,0.00069174898235172,
36.3696279399486));
#2309=CARTESIAN_POINT('Ctrl Pts',(20.2332683349798,-5.13263178679685,36.3651358877094));
#2310=CARTESIAN_POINT('Ctrl Pts',(20.5243275086293,-16.2198600550106,33.9941920902357));
#2311=CARTESIAN_POINT('Ctrl Pts',(20.9716381695184,-29.9931912476516,23.1056992876601));
#2312=CARTESIAN_POINT('Ctrl Pts',(21.4403926312369,-37.3437133736757,6.2385028869287));
#2313=CARTESIAN_POINT('Ctrl Pts',(21.8717398330635,-35.9919971983953,-10.638338316002));
#2314=CARTESIAN_POINT('Ctrl Pts',(22.1468355476505,-30.7533256889905,-19.9252648437482));
#2315=CARTESIAN_POINT('Ctrl Pts',(22.2656797749979,-27.8453800139488,-23.393596792364));
#2316=CARTESIAN_POINT('',(22.2656797749979,-31.1892802965974,18.7045507452139));
#2317=CARTESIAN_POINT('Origin',(22.2656797749979,0.,0.));
#2318=CARTESIAN_POINT('Ctrl Pts',(21.2815393514301,-0.000232952034563277,
36.3701922392509));
#2319=CARTESIAN_POINT('Ctrl Pts',(21.297083184807,-0.592110969101572,36.3706242187729));
#2320=CARTESIAN_POINT('Ctrl Pts',(21.4688785054234,-7.13357975644279,36.214136756403));
#2321=CARTESIAN_POINT('Ctrl Pts',(21.7969253132793,-19.4586144654967,32.4794609898182));
#2322=CARTESIAN_POINT('Ctrl Pts',(22.1094282877584,-28.1287262066547,23.8079333751628));
#2323=CARTESIAN_POINT('Ctrl Pts',(22.2656797749979,-31.1892802965974,18.7045507452139));
#2324=CARTESIAN_POINT('Origin',(-30.9015393514301,0.,0.));
#2325=CARTESIAN_POINT('',(14.0984606485699,0.000721811460428319,36.3662658473351));
#2326=CARTESIAN_POINT('',(15.2815393514301,0.000545073618364034,36.3701681858729));
#2327=CARTESIAN_POINT('',(-30.9015393514301,-5.79938559506142E-13,36.368));
#2328=CARTESIAN_POINT('Ctrl Pts',(14.0984606485699,0.000721811460429322,
36.3662658473351));
#2329=CARTESIAN_POINT('Ctrl Pts',(14.2019990008659,-3.94294875655365,36.3633239957137));
#2330=CARTESIAN_POINT('Ctrl Pts',(14.4617888404015,-13.8404175301343,34.7580437210496));
#2331=CARTESIAN_POINT('Ctrl Pts',(14.8778301671766,-27.5824729876932,25.9359576417377));
#2332=CARTESIAN_POINT('Ctrl Pts',(15.3465846288952,-36.5517413535353,9.87101402134514));
#2333=CARTESIAN_POINT('Ctrl Pts',(15.8153390906138,-36.8888819495011,-8.52508680191096));
#2334=CARTESIAN_POINT('Ctrl Pts',(16.2840935523324,-28.5142748678262,-24.907887110157));
#2335=CARTESIAN_POINT('Ctrl Pts',(16.752848014051,-13.4056833266907,-35.408394101705));
#2336=CARTESIAN_POINT('Ctrl Pts',(17.2216024757696,4.86881992375741,-37.5467882284532));
#2337=CARTESIAN_POINT('Ctrl Pts',(17.6903569374882,21.9934927826274,-30.8180625441178));
#2338=CARTESIAN_POINT('Ctrl Pts',(18.1591113992068,33.9241425659151,-16.8112850971537));
#2339=CARTESIAN_POINT('Ctrl Pts',(18.6278658609254,37.8432003683608,1.16567642261262));
#2340=CARTESIAN_POINT('Ctrl Pts',(19.096620322644,32.8251424577788,18.8673507009855));
#2341=CARTESIAN_POINT('Ctrl Pts',(19.5653747843626,20.0550266128498,32.1132739132343));
#2342=CARTESIAN_POINT('Ctrl Pts',(19.8993215596712,7.58329105654612,36.1469537374958));
#2343=CARTESIAN_POINT('Ctrl Pts',(20.0770168477403,0.817247321045454,36.3703424887707));
#2344=CARTESIAN_POINT('Ctrl Pts',(20.0984606485699,0.00069174898235172,
36.3696279399486));
#2345=CARTESIAN_POINT('Ctrl Pts',(15.2815393514301,0.000545073618364103,
36.3701681858729));
#2346=CARTESIAN_POINT('Ctrl Pts',(15.4220653379326,-5.35029095424227,36.3662358942899));
#2347=CARTESIAN_POINT('Ctrl Pts',(15.7188428116746,-16.6543382502328,33.8396795669766));
#2348=CARTESIAN_POINT('Ctrl Pts',(16.1718717726561,-30.4034503533266,22.563177388259));
#2349=CARTESIAN_POINT('Ctrl Pts',(16.6406262343747,-37.4496816830114,5.56668402316101));
#2350=CARTESIAN_POINT('Ctrl Pts',(17.1093806960933,-35.6517314539172,-12.7444479947759));
#2351=CARTESIAN_POINT('Ctrl Pts',(17.5781351578119,-25.43419063716,-28.0458270489621));
#2352=CARTESIAN_POINT('Ctrl Pts',(18.0468896195305,-9.21008467891869,-36.7238513779891));
#2353=CARTESIAN_POINT('Ctrl Pts',(18.5156440812491,9.18913318435519,-36.7291012517989));
#2354=CARTESIAN_POINT('Ctrl Pts',(18.9843985429677,25.4181481253761,-28.0603392320624));
#2355=CARTESIAN_POINT('Ctrl Pts',(19.4531530046863,35.6445214631702,-12.7647917796206));
#2356=CARTESIAN_POINT('Ctrl Pts',(19.9219074664049,37.4527136615605,5.5453068700181));
#2357=CARTESIAN_POINT('Ctrl Pts',(20.3906619281235,30.4165957290876,22.5458270729264));
#2358=CARTESIAN_POINT('Ctrl Pts',(20.8438725564652,16.6676299511409,33.834684460994));
#2359=CARTESIAN_POINT('Ctrl Pts',(21.1408316975675,5.35763245576444,36.3662818251603));
#2360=CARTESIAN_POINT('Ctrl Pts',(21.2815393514301,-0.000232952034563277,
36.3701922392509));
#2361=CARTESIAN_POINT('Origin',(-30.9015393514301,0.,0.));
#2362=CARTESIAN_POINT('',(8.09846064856988,-0.000193401394197289,36.3651523870549));
#2363=CARTESIAN_POINT('',(9.28153935143014,0.000811872172050698,36.3668057939995));
#2364=CARTESIAN_POINT('',(-30.9015393514301,-5.79938559506142E-13,36.368));
#2365=CARTESIAN_POINT('Ctrl Pts',(8.09846064856988,-0.000193401394196768,
36.3651523870549));
#2366=CARTESIAN_POINT('Ctrl Pts',(8.17072966675196,-2.75308852727161,36.3656795791593));
#2367=CARTESIAN_POINT('Ctrl Pts',(8.39925017217357,-11.4575984091538,35.3893364678115));
#2368=CARTESIAN_POINT('Ctrl Pts',(8.78402216483472,-24.9057554134393,28.5161368687209));
#2369=CARTESIAN_POINT('Ctrl Pts',(9.25277662655333,-35.4073918187112,13.4083302176716));
#2370=CARTESIAN_POINT('Ctrl Pts',(9.72153108827193,-37.5471521358595,-4.8660128561304));
#2371=CARTESIAN_POINT('Ctrl Pts',(10.1902855499905,-30.8197065535009,-21.991189203551));
#2372=CARTESIAN_POINT('Ctrl Pts',(10.6590400117091,-16.8138212432707,-33.9228850457671));
#2373=CARTESIAN_POINT('Ctrl Pts',(11.1277944734277,1.16284764010365,-37.8432887048154));
#2374=CARTESIAN_POINT('Ctrl Pts',(11.5965489351463,18.8648962430244,-32.8265502965374));
#2375=CARTESIAN_POINT('Ctrl Pts',(12.0653033968649,32.1117755520368,-20.0574321765996));
#2376=CARTESIAN_POINT('Ctrl Pts',(12.5340578585835,37.7750776946439,-2.55151323923306));
#2377=CARTESIAN_POINT('Ctrl Pts',(13.0028123203021,34.5173466091557,15.5569758520229));
#2378=CARTESIAN_POINT('Ctrl Pts',(13.4715667820208,23.1079341841042,29.9915003362965));
#2379=CARTESIAN_POINT('Ctrl Pts',(13.8367828914433,9.96680411290384,35.7193398332093));
#2380=CARTESIAN_POINT('Ctrl Pts',(14.0457475136264,2.00851152623336,36.3677635939967));
#2381=CARTESIAN_POINT('Ctrl Pts',(14.0984606485699,0.000721811460429322,
36.3662658473351));
#2382=CARTESIAN_POINT('Ctrl Pts',(9.28153935143014,0.000811872172050698,
36.3668057939995));
#2383=CARTESIAN_POINT('Ctrl Pts',(9.39079600381864,-4.160485547232,36.3632315849561));
#2384=CARTESIAN_POINT('Ctrl Pts',(9.65630414344668,-14.2758943535202,34.6284405504048));
#2385=CARTESIAN_POINT('Ctrl Pts',(10.0780637703142,-28.043925689075,25.4362921615406));
#2386=CARTESIAN_POINT('Ctrl Pts',(10.5468182320328,-36.7231625686942,9.21282030419805));
#2387=CARTESIAN_POINT('Ctrl Pts',(11.0155726937514,-36.7297884701118,-9.18636848252329));
#2388=CARTESIAN_POINT('Ctrl Pts',(11.48432715547,-28.0622386107929,-25.4160872517228));
#2389=CARTESIAN_POINT('Ctrl Pts',(11.9530816171886,-12.7674578233483,-35.6434951663339));
#2390=CARTESIAN_POINT('Ctrl Pts',(12.4218360789073,5.54250975273953,-37.4532683833837));
#2391=CARTESIAN_POINT('Ctrl Pts',(12.8905905406259,22.5435478396023,-30.4180074637838));
#2392=CARTESIAN_POINT('Ctrl Pts',(13.3593450023445,34.2206593428522,-16.1991728276185));
#2393=CARTESIAN_POINT('Ctrl Pts',(13.8280994640631,37.8161557778906,1.84528885964599));
#2394=CARTESIAN_POINT('Ctrl Pts',(14.2968539257817,32.4809178077746,19.4539636654485));
#2395=CARTESIAN_POINT('Ctrl Pts',(14.7656083875003,19.4749255395196,32.4683539136898));
#2396=CARTESIAN_POINT('Ctrl Pts',(15.0938368627164,7.14749724684273,36.2121205277007));
#2397=CARTESIAN_POINT('Ctrl Pts',(15.265813850693,0.59932810296741,36.3706082272896));
#2398=CARTESIAN_POINT('Ctrl Pts',(15.2815393514301,0.000545073618364103,
36.3701681858729));
#2399=CARTESIAN_POINT('Origin',(-30.9015393514301,0.,0.));
#2400=CARTESIAN_POINT('',(2.09846064856987,-0.000863331842077936,36.367440446865));
#2401=CARTESIAN_POINT('',(3.28153935143013,-4.60813128544402E-6,36.3650865241212));
#2402=CARTESIAN_POINT('',(-30.9015393514301,-5.79938559506142E-13,36.368));
#2403=CARTESIAN_POINT('Ctrl Pts',(2.09846064856987,-0.000863331842079068,
36.367440446865));
#2404=CARTESIAN_POINT('Ctrl Pts',(2.13946033263802,-1.56235465923032,36.3689107714618));
#2405=CARTESIAN_POINT('Ctrl Pts',(2.33671150394569,-9.07386540183682,35.8937658139308));
#2406=CARTESIAN_POINT('Ctrl Pts',(2.6902141624929,-21.9888851590714,30.8213504585846));
#2407=CARTESIAN_POINT('Ctrl Pts',(3.1589686242115,-33.9216280032954,16.816357163065));
#2408=CARTESIAN_POINT('Ctrl Pts',(3.6277230859301,-37.8433755298475,-1.16001859324112));
#2409=CARTESIAN_POINT('Ctrl Pts',(4.0964775476487,-32.8279604843361,-18.8624421819815));
#2410=CARTESIAN_POINT('Ctrl Pts',(4.5652320093673,-20.0598326945191,-32.1102760327224));
#2411=CARTESIAN_POINT('Ctrl Pts',(5.03398647108591,-2.55433717655334,-37.7748868458689));
#2412=CARTESIAN_POINT('Ctrl Pts',(5.50274093280451,15.5543954018251,-34.5185095030681));
#2413=CARTESIAN_POINT('Ctrl Pts',(5.97149539452312,29.9897727768172,-23.1101761876581));
#2414=CARTESIAN_POINT('Ctrl Pts',(6.4402498562417,37.3427091419087,-6.24410030128654));
#2415=CARTESIAN_POINT('Ctrl Pts',(6.90900431796032,35.8767212485316,12.0965940282748));
#2416=CARTESIAN_POINT('Ctrl Pts',(7.3777587796789,25.9380195482727,27.580534014829));
#2417=CARTESIAN_POINT('Ctrl Pts',(7.77424422321544,12.3504146260372,35.1680042125769));
#2418=CARTESIAN_POINT('Ctrl Pts',(8.01447817951243,3.19889433416787,36.3645397470093));
#2419=CARTESIAN_POINT('Ctrl Pts',(8.09846064856988,-0.000193401394196768,
36.3651523870549));
#2420=CARTESIAN_POINT('Ctrl Pts',(3.28153935143013,-4.60813128599913E-6,
36.3650865241213));
#2421=CARTESIAN_POINT('Ctrl Pts',(3.35952666970469,-2.97073855776064,36.3651000476755));
#2422=CARTESIAN_POINT('Ctrl Pts',(3.59376547521879,-11.8934766704677,35.2835264768343));
#2423=CARTESIAN_POINT('Ctrl Pts',(3.98425576797242,-25.4139893371722,28.064138557205));
#2424=CARTESIAN_POINT('Ctrl Pts',(4.45301022969102,-35.6425406123157,12.7701223834125));
#2425=CARTESIAN_POINT('Ctrl Pts',(4.92176469140963,-37.4536826190284,-5.53970985350284));
#2426=CARTESIAN_POINT('Ctrl Pts',(5.39051915312822,-30.4196926626918,-22.541273817051));
#2427=CARTESIAN_POINT('Ctrl Pts',(5.85927361484683,-16.2017310095324,-34.2194482609331));
#2428=CARTESIAN_POINT('Ctrl Pts',(6.32802807656544,1.84246183875069,-37.816293596288));
#2429=CARTESIAN_POINT('Ctrl Pts',(6.79678253828402,19.4515354421122,-32.4823720798238));
#2430=CARTESIAN_POINT('Ctrl Pts',(7.26553700000265,32.4668979378289,-19.477352625104));
#2431=CARTESIAN_POINT('Ctrl Pts',(7.73429146172123,37.8148168976893,-1.87252502835771));
#2432=CARTESIAN_POINT('Ctrl Pts',(8.20304592343984,34.2323177456596,16.1745215925742));
#2433=CARTESIAN_POINT('Ctrl Pts',(8.67180038515844,22.5654502034089,30.4017628453461));
#2434=CARTESIAN_POINT('Ctrl Pts',(9.03129819448854,9.53088038046328,35.8066441179449));
#2435=CARTESIAN_POINT('Ctrl Pts',(9.2345445165791,1.79072105129959,36.3683431773994));
#2436=CARTESIAN_POINT('Ctrl Pts',(9.28153935143014,0.000811872172050698,
36.3668057939995));
#2437=CARTESIAN_POINT('Origin',(-30.9015393514301,0.,0.));
#2438=CARTESIAN_POINT('',(-3.90153935143013,-0.000356149313959747,36.3706099831307));
#2439=CARTESIAN_POINT('',(-2.71846064856987,-0.000815255081472177,36.3668337463023));
#2440=CARTESIAN_POINT('',(-30.9015393514301,-5.79938559506142E-13,36.368));
#2441=CARTESIAN_POINT('Ctrl Pts',(-3.90153935143013,-0.00035614931395804,
36.3706099831307));
#2442=CARTESIAN_POINT('Ctrl Pts',(-3.89180900147593,-0.370847551514495,
36.370802084512));
#2443=CARTESIAN_POINT('Ctrl Pts',(-3.7258271642822,-6.69064975757816,36.2761801830035));
#2444=CARTESIAN_POINT('Ctrl Pts',(-3.40359383984893,-18.8599880155835,32.8293704886612));
#2445=CARTESIAN_POINT('Ctrl Pts',(-2.93483937813033,-32.1087763338425,20.0622331003552));
#2446=CARTESIAN_POINT('Ctrl Pts',(-2.46608491641173,-37.7746957862093,2.55716109955426));
#2447=CARTESIAN_POINT('Ctrl Pts',(-1.99733045469312,-34.5196722036362,-15.5518148646141));
#2448=CARTESIAN_POINT('Ctrl Pts',(-1.52857599297452,-23.112418062906,-29.9880450499058));
#2449=CARTESIAN_POINT('Ctrl Pts',(-1.05982153125592,-6.24689190574922,-37.3422422485261));
#2450=CARTESIAN_POINT('Ctrl Pts',(-0.591067069537315,12.0939119651452,-35.8776254510948));
#2451=CARTESIAN_POINT('Ctrl Pts',(-0.122312607818714,27.5785948940935,-25.9400813086082));
#2452=CARTESIAN_POINT('Ctrl Pts',(0.346441853899887,36.5502651061081,-9.87647889194026));
#2453=CARTESIAN_POINT('Ctrl Pts',(0.815196315618486,36.8901561300408,8.51957131145338));
#2454=CARTESIAN_POINT('Ctrl Pts',(1.28395077733709,28.5179986639294,24.9036235683453));
#2455=CARTESIAN_POINT('Ctrl Pts',(1.71170555498755,14.7323151824377,34.4877632640633));
#2456=CARTESIAN_POINT('Ctrl Pts',(1.98320884539848,4.38855320168238,36.3633073037717));
#2457=CARTESIAN_POINT('Ctrl Pts',(2.09846064856987,-0.000863331842079068,
36.367440446865));
#2458=CARTESIAN_POINT('Ctrl Pts',(-2.71846064856987,-0.000815255081470512,
36.3668337463023));
#2459=CARTESIAN_POINT('Ctrl Pts',(-2.67174266440925,-1.78017599208433,36.3683703876541));
#2460=CARTESIAN_POINT('Ctrl Pts',(-2.4687731930091,-9.50977546608901,35.8107664883699));
#2461=CARTESIAN_POINT('Ctrl Pts',(-2.10955223436941,-22.5389996747994,30.4213776914738));
#2462=CARTESIAN_POINT('Ctrl Pts',(-1.6407977726508,-34.2182369755445,16.2042891011418));
#2463=CARTESIAN_POINT('Ctrl Pts',(-1.1720433109322,-37.8164312271927,-1.83963480802688));
#2464=CARTESIAN_POINT('Ctrl Pts',(-0.703288849213602,-32.4838261238491,
-19.4491071091565));
#2465=CARTESIAN_POINT('Ctrl Pts',(-0.234534387495003,-19.4797796924846,
-32.465441782304));
#2466=CARTESIAN_POINT('Ctrl Pts',(0.234220074223601,-1.87535193830698,-37.8146768080251));
#2467=CARTESIAN_POINT('Ctrl Pts',(0.702974535942206,16.171962448414,-34.2335268056768));
#2468=CARTESIAN_POINT('Ctrl Pts',(1.1717289976608,30.4000758392621,-22.5677228792587));
#2469=CARTESIAN_POINT('Ctrl Pts',(1.64048345937941,37.4488502791157,-5.57228317301607));
#2470=CARTESIAN_POINT('Ctrl Pts',(2.10923792109801,35.6536339703811,12.7391173828485));
#2471=CARTESIAN_POINT('Ctrl Pts',(2.57799238281661,25.4383885649602,28.0420240746992));
#2472=CARTESIAN_POINT('Ctrl Pts',(2.96875952626065,11.9145787409028,35.2782955097465));
#2473=CARTESIAN_POINT('Ctrl Pts',(3.20327518246516,2.98127528362272,36.3650729525591));
#2474=CARTESIAN_POINT('Ctrl Pts',(3.28153935143013,-4.60813128599913E-6,
36.3650865241213));
#2475=CARTESIAN_POINT('Origin',(-30.9015393514301,0.,0.));
#2476=CARTESIAN_POINT('',(-9.90153935143013,0.000692671028139503,36.3696179775863));
#2477=CARTESIAN_POINT('',(-8.71846064856987,-0.000537129761830624,36.3701917660481));
#2478=CARTESIAN_POINT('',(-30.9015393514301,-5.79938559506142E-13,36.368));
#2479=CARTESIAN_POINT('Ctrl Pts',(-9.90153935143013,0.000692671028141301,
36.3696179775863));
#2480=CARTESIAN_POINT('Ctrl Pts',(-9.76682684835034,-5.12900703378242,36.3651204424522));
#2481=CARTESIAN_POINT('Ctrl Pts',(-9.47586285803103,-16.2126094718315,33.9967278695146));
#2482=CARTESIAN_POINT('Ctrl Pts',(-9.02864738047215,-29.9863171562659,23.1146598089351));
#2483=CARTESIAN_POINT('Ctrl Pts',(-8.55989291875356,-37.3417751460107,6.24968347532823));
#2484=CARTESIAN_POINT('Ctrl Pts',(-8.09113845703495,-35.8785294533803,-12.0912298344415));
#2485=CARTESIAN_POINT('Ctrl Pts',(-7.62238399531635,-25.9421429238588,-27.5766556192254));
#2486=CARTESIAN_POINT('Ctrl Pts',(-7.15362953359775,-9.8792112457228,-36.5495266698977));
#2487=CARTESIAN_POINT('Ctrl Pts',(-6.68487507187914,8.516813497188,-36.8907929229533));
#2488=CARTESIAN_POINT('Ctrl Pts',(-6.21612061016055,24.9014915840587,-28.5198602997639));
#2489=CARTESIAN_POINT('Ctrl Pts',(-5.74736614844194,35.4053866949089,-13.4136239553021));
#2490=CARTESIAN_POINT('Ctrl Pts',(-5.27861168672334,37.5478792514096,4.86039899092378));
#2491=CARTESIAN_POINT('Ctrl Pts',(-4.80985722500474,30.8229941914309,21.9865809917066));
#2492=CARTESIAN_POINT('Ctrl Pts',(-4.35083311324034,17.1095884736494,33.6726505673493));
#2493=CARTESIAN_POINT('Ctrl Pts',(-4.04806048871546,5.57856155255462,36.3677172903717));
#2494=CARTESIAN_POINT('Ctrl Pts',(-3.90153935143013,-0.00035614931395804,
36.3706099831307));
#2495=CARTESIAN_POINT('Ctrl Pts',(-8.71846064856987,-0.000537129761830069,
36.3701917660481));
#2496=CARTESIAN_POINT('Ctrl Pts',(-8.70301199852319,-0.588777360038614,
36.3706191312839));
#2497=CARTESIAN_POINT('Ctrl Pts',(-8.53131186123698,-7.12639962776994,36.2151746748934));
#2498=CARTESIAN_POINT('Ctrl Pts',(-8.20336023671123,-19.4466786674916,32.4852799863341));
#2499=CARTESIAN_POINT('Ctrl Pts',(-7.73460577499263,-32.4639854453533,19.4822066510018));
#2500=CARTESIAN_POINT('Ctrl Pts',(-7.26585131327404,-37.8145365070225,1.87817883777512));
#2501=CARTESIAN_POINT('Ctrl Pts',(-6.79709685155542,-34.2347356743871,-16.1694032138754));
#2502=CARTESIAN_POINT('Ctrl Pts',(-6.32834238983683,-22.5699954289705,-30.3983886632847));
#2503=CARTESIAN_POINT('Ctrl Pts',(-5.85958792811822,-5.57508271412981,-37.4484336083436));
#2504=CARTESIAN_POINT('Ctrl Pts',(-5.39083346639963,12.7364519952174,-35.6545862065659));
#2505=CARTESIAN_POINT('Ctrl Pts',(-4.92207900468102,28.0401223034938,-25.4404848262176));
#2506=CARTESIAN_POINT('Ctrl Pts',(-4.45332454296242,36.721784715852,-9.21831081438072));
#2507=CARTESIAN_POINT('Ctrl Pts',(-3.98457008124381,36.7311615472621,9.18087677604013));
#2508=CARTESIAN_POINT('Ctrl Pts',(-3.51581561952522,28.0660383476248,25.4118912806103));
#2509=CARTESIAN_POINT('Ctrl Pts',(-3.09377914196723,14.2969747739839,34.6220527168558));
#2510=CARTESIAN_POINT('Ctrl Pts',(-2.82799415164879,4.17101746130728,36.3632309857538));
#2511=CARTESIAN_POINT('Ctrl Pts',(-2.71846064856987,-0.000815255081470512,
36.3668337463023));
#2512=CARTESIAN_POINT('Origin',(-30.9015393514301,0.,0.));
#2513=CARTESIAN_POINT('',(-15.9015393514301,0.000725480622965108,36.3662578685879));
#2514=CARTESIAN_POINT('',(-14.7184606485699,0.000547879018029107,36.3701600106573));
#2515=CARTESIAN_POINT('',(-30.9015393514301,-5.79938559506142E-13,36.368));
#2516=CARTESIAN_POINT('Ctrl Pts',(-15.9015393514301,0.000725480622965624,
36.3662578685879));
#2517=CARTESIAN_POINT('Ctrl Pts',(-15.7980961824643,-3.93932394057127,36.3633269930289));
#2518=CARTESIAN_POINT('Ctrl Pts',(-15.5384015262589,-13.8331759813175,34.7601629207924));
#2519=CARTESIAN_POINT('Ctrl Pts',(-15.122455382814,-27.5747111699773,25.9442047047285));
#2520=CARTESIAN_POINT('Ctrl Pts',(-14.6537009210954,-36.548790606336,9.88194338486377));
#2521=CARTESIAN_POINT('Ctrl Pts',(-14.1849464593768,-36.8914281869682,-8.51405555348965));
#2522=CARTESIAN_POINT('Ctrl Pts',(-13.7161919976582,-28.521722455172,-24.8993595026146));
#2523=CARTESIAN_POINT('Ctrl Pts',(-13.2474375359396,-13.4162703631689,-35.4043838146492));
#2524=CARTESIAN_POINT('Ctrl Pts',(-12.778683074221,4.85759183867713,-37.5482425054903));
#2525=CARTESIAN_POINT('Ctrl Pts',(-12.3099286125024,21.9842767932932,-30.8246377463393));
#2526=CARTESIAN_POINT('Ctrl Pts',(-11.8411741507838,33.9191133024975,-16.8214287235836));
#2527=CARTESIAN_POINT('Ctrl Pts',(-11.3724196890652,37.8435485696447,1.15436048151895));
#2528=CARTESIAN_POINT('Ctrl Pts',(-10.9036652273466,32.830780297098,18.8575337430165));
#2529=CARTESIAN_POINT('Ctrl Pts',(-10.434910765628,20.0646334004465,32.1072764559146));
#2530=CARTESIAN_POINT('Ctrl Pts',(-10.1008688069891,7.59053979104733,36.1458341990224));
#2531=CARTESIAN_POINT('Ctrl Pts',(-9.92307833558987,0.820872818825653,36.3703370818698));
#2532=CARTESIAN_POINT('Ctrl Pts',(-9.90153935143013,0.000692671028141301,
36.3696179775863));
#2533=CARTESIAN_POINT('Ctrl Pts',(-14.7184606485699,0.000547879018028968,
36.3701600106573));
#2534=CARTESIAN_POINT('Ctrl Pts',(-14.5780298453976,-5.34666736116724,36.3662151616111));
#2535=CARTESIAN_POINT('Ctrl Pts',(-14.2813475549858,-16.647108370974,33.842289781526));
#2536=CARTESIAN_POINT('Ctrl Pts',(-13.8284137773345,-30.3967012712485,22.5722678470393));
#2537=CARTESIAN_POINT('Ctrl Pts',(-13.3596593156159,-37.4480167519713,5.57788222691204));
#2538=CARTESIAN_POINT('Ctrl Pts',(-12.8909048538972,-35.6555382313447,-12.733786537857));
#2539=CARTESIAN_POINT('Ctrl Pts',(-12.4221503921787,-25.4425809515292,-28.0382203748407));
#2540=CARTESIAN_POINT('Ctrl Pts',(-11.95339593046,-9.22105598900609,-36.7210954820876));
#2541=CARTESIAN_POINT('Ctrl Pts',(-11.4846414687415,9.17813084418537,-36.731847777514));
#2542=CARTESIAN_POINT('Ctrl Pts',(-11.0158870070228,25.4097930828727,-28.0679379812956));
#2543=CARTESIAN_POINT('Ctrl Pts',(-10.5471325453042,35.6406309062147,-12.7754512860732));
#2544=CARTESIAN_POINT('Ctrl Pts',(-10.0783780835856,37.4545104627245,5.53410995570578));
#2545=CARTESIAN_POINT('Ctrl Pts',(-9.60962362186704,30.4230625501298,22.5367254066002));
#2546=CARTESIAN_POINT('Ctrl Pts',(-9.15631781019511,16.6753681625886,33.8320801100144));
#2547=CARTESIAN_POINT('Ctrl Pts',(-8.85926348576273,5.3608305705669,36.3662966530418));
#2548=CARTESIAN_POINT('Ctrl Pts',(-8.71846064856987,-0.000537129761830069,
36.3701917660481));
#2549=CARTESIAN_POINT('Origin',(-93.2499633327955,0.,0.));
#2550=CARTESIAN_POINT('',(-42.7500366672044,-0.00092261920839831,-40.31170423821));
#2551=CARTESIAN_POINT('',(-42.2499633327955,-0.00125582118602505,-40.3162231198939));
#2552=CARTESIAN_POINT('',(-93.2499633327955,5.20428933939857E-13,-40.31025));
#2553=CARTESIAN_POINT('',(-40.,28.5047455829988,28.5025566276258));
#2554=CARTESIAN_POINT('Ctrl Pts',(-42.2499633327955,-0.00125582118602474,
-40.3162231198939));
#2555=CARTESIAN_POINT('Ctrl Pts',(-42.1906876344433,2.50187536777086,-40.3150378238574));
#2556=CARTESIAN_POINT('Ctrl Pts',(-42.0450729261853,8.65267318261285,-39.7358715823388));
#2557=CARTESIAN_POINT('Ctrl Pts',(-41.8131192080215,18.0177663096473,-36.6109279752961));
#2558=CARTESIAN_POINT('Ctrl Pts',(-41.4677631683984,30.2474518120632,-28.3979766606221));
#2559=CARTESIAN_POINT('Ctrl Pts',(-41.1224071287752,38.3929298870416,-15.6824659416294));
#2560=CARTESIAN_POINT('Ctrl Pts',(-40.6907120792463,41.4038473543188,2.48026127286942));
#2561=CARTESIAN_POINT('Ctrl Pts',(-40.3453560396231,37.7784499872566,17.1417322720306));
#2562=CARTESIAN_POINT('Ctrl Pts',(-40.0863390099058,31.0817757306913,25.9253285677227));
#2563=CARTESIAN_POINT('Ctrl Pts',(-40.,28.5047455829986,28.502556627626));
#2564=CARTESIAN_POINT('',(-40.,10.431961103043,38.9402289815877));
#2565=CARTESIAN_POINT('Origin',(-40.,0.,0.));
#2566=CARTESIAN_POINT('Ctrl Pts',(-42.7500366672044,-0.00092261920839831,
-40.31170423821));
#2567=CARTESIAN_POINT('Ctrl Pts',(-42.6168834166085,5.61915202072997,-40.3061742978251));
#2568=CARTESIAN_POINT('Ctrl Pts',(-42.4837301660125,11.241486374853,-39.120347994642));
#2569=CARTESIAN_POINT('Ctrl Pts',(-42.3505769154165,16.3762291695252,-36.8376923186757));
#2570=CARTESIAN_POINT('Ctrl Pts',(-42.1917185901651,22.5022278763342,-34.1143727137348));
#2571=CARTESIAN_POINT('Ctrl Pts',(-42.0328602649137,27.9342056141239,-29.8298640984568));
#2572=CARTESIAN_POINT('Ctrl Pts',(-41.8740019396623,32.0096046597747,-24.5067670388863));
#2573=CARTESIAN_POINT('Ctrl Pts',(-41.7151436144109,36.0850037054254,-19.1836699793157));
#2574=CARTESIAN_POINT('Ctrl Pts',(-41.5562852891595,38.8038240589373,-12.8219844754527));
#2575=CARTESIAN_POINT('Ctrl Pts',(-41.3974269639081,39.8344753000343,-6.19762335708553));
#2576=CARTESIAN_POINT('Ctrl Pts',(-41.2385686386567,40.8651265411313,0.426737761281835));
#2577=CARTESIAN_POINT('Ctrl Pts',(-41.0797103134053,40.2076086698133,7.31377449415336));
#2578=CARTESIAN_POINT('Ctrl Pts',(-40.9208519881539,37.9420663035672,13.6234106584158));
#2579=CARTESIAN_POINT('Ctrl Pts',(-40.7619936629025,35.6765239373211,19.9330468226781));
#2580=CARTESIAN_POINT('Ctrl Pts',(-40.6031353376511,31.802957076147,25.6652824183313));
#2581=CARTESIAN_POINT('Ctrl Pts',(-40.4442770123996,26.7939349894423,30.1210635675876));
#2582=CARTESIAN_POINT('Ctrl Pts',(-40.2961846749331,22.1243793456465,34.2748719662878));
#2583=CARTESIAN_POINT('Ctrl Pts',(-40.1480923374665,16.4680553095976,37.3193764721228));
#2584=CARTESIAN_POINT('Ctrl Pts',(-40.,10.431961103043,38.9402289815877));
#2585=CARTESIAN_POINT('Origin',(-93.2499633327955,0.,0.));
#2586=CARTESIAN_POINT('',(-48.7500366672044,0.000437931996994933,-40.3070846909463));
#2587=CARTESIAN_POINT('',(-48.2499633327956,-0.000824228407174239,-40.3120512147165));
#2588=CARTESIAN_POINT('',(-93.2499633327955,5.20428933939857E-13,-40.31025));
#2589=CARTESIAN_POINT('',(-43.1082043566083,-31.5447045901457,-25.0967700587733));
#2590=CARTESIAN_POINT('Ctrl Pts',(-43.1082043566083,-31.5447045901458,-25.0967700587733));
#2591=CARTESIAN_POINT('Ctrl Pts',(-43.2660514846968,-35.6931285526851,-19.882521049577));
#2592=CARTESIAN_POINT('Ctrl Pts',(-43.4238986127853,-38.5219123135475,-13.6225669338208));
#2593=CARTESIAN_POINT('Ctrl Pts',(-43.5817457408737,-39.6897057000261,-7.0651107429852));
#2594=CARTESIAN_POINT('Ctrl Pts',(-43.7395928689622,-40.8574990865047,-0.507654552149621));
#2595=CARTESIAN_POINT('Ctrl Pts',(-43.8974399970506,-40.3643020985995,6.34730371376528));
#2596=CARTESIAN_POINT('Ctrl Pts',(-44.0552871251391,-38.2704349554394,12.6714012440726));
#2597=CARTESIAN_POINT('Ctrl Pts',(-44.2131342532276,-36.1765678122793,18.9954987743798));
#2598=CARTESIAN_POINT('Ctrl Pts',(-44.370981381316,-32.4820305138643,24.7887355690795));
#2599=CARTESIAN_POINT('Ctrl Pts',(-44.5288285094045,-27.6315220768915,29.3544287376508));
#2600=CARTESIAN_POINT('Ctrl Pts',(-44.686675637493,-22.7810136399186,33.9201219062223));
#2601=CARTESIAN_POINT('Ctrl Pts',(-44.8445227655815,-16.7745340643879,37.2582714486654));
#2602=CARTESIAN_POINT('Ctrl Pts',(-45.0023698936699,-10.3357508545306,38.9662189509538));
#2603=CARTESIAN_POINT('Ctrl Pts',(-45.1602170217584,-3.89696764467325,40.6741664532421));
#2604=CARTESIAN_POINT('Ctrl Pts',(-45.3180641498469,2.97411919951062,40.7519119153756));
#2605=CARTESIAN_POINT('Ctrl Pts',(-45.4759112779353,9.44993043311174,39.1903715223738));
#2606=CARTESIAN_POINT('Ctrl Pts',(-45.6337584060238,15.9257416667128,37.6288311293719));
#2607=CARTESIAN_POINT('Ctrl Pts',(-45.7916055341123,22.0062772897311,34.4280048812346));
#2608=CARTESIAN_POINT('Ctrl Pts',(-45.9494526622007,26.9590667963394,29.9733074294227));
#2609=CARTESIAN_POINT('Ctrl Pts',(-46.1072997902892,31.9118563029478,25.5186099776107));
#2610=CARTESIAN_POINT('Ctrl Pts',(-46.2651469183777,35.7368996931462,19.8100413221241));
#2611=CARTESIAN_POINT('Ctrl Pts',(-46.4229940464662,37.9734707517164,13.5352983999914));
#2612=CARTESIAN_POINT('Ctrl Pts',(-46.5808411745546,40.2100418102866,7.26055547785871));
#2613=CARTESIAN_POINT('Ctrl Pts',(-46.7386883026431,40.8581405372285,0.41963828908001));
#2614=CARTESIAN_POINT('Ctrl Pts',(-46.8965354307316,39.8396902747207,-6.16346560357772));
#2615=CARTESIAN_POINT('Ctrl Pts',(-47.05438255882,38.8212400122129,-12.7465694962354));
#2616=CARTESIAN_POINT('Ctrl Pts',(-47.2122296869085,36.1362407602554,-19.071860092772));
#2617=CARTESIAN_POINT('Ctrl Pts',(-47.3700768149969,32.1081192613708,-24.3774061640416));
#2618=CARTESIAN_POINT('Ctrl Pts',(-47.5279239430854,28.0799977624862,-29.6829522353111));
#2619=CARTESIAN_POINT('Ctrl Pts',(-47.6857710711739,22.7087540166747,-33.9687537813135));
#2620=CARTESIAN_POINT('Ctrl Pts',(-47.8436181992624,16.6413790850683,-36.718573255292));
#2621=CARTESIAN_POINT('Ctrl Pts',(-47.9790665771067,11.4349739878578,-39.0781891167004));
#2622=CARTESIAN_POINT('Ctrl Pts',(-48.1145149549512,5.71598454675832,-40.3068107363916));
#2623=CARTESIAN_POINT('Ctrl Pts',(-48.2499633327956,-0.000824228407174239,
-40.3120512147165));
#2624=CARTESIAN_POINT('Ctrl Pts',(-43.1082043566083,-31.5447045901458,-25.0967700587733));
#2625=CARTESIAN_POINT('Ctrl Pts',(-43.0218653467025,-29.2756052284244,-27.9488529715768));
#2626=CARTESIAN_POINT('Ctrl Pts',(-42.7628483169852,-21.3066095833187,-35.5931248394711));
#2627=CARTESIAN_POINT('Ctrl Pts',(-42.4767679757142,-9.57784605199446,-39.9598630420138));
#2628=CARTESIAN_POINT('Ctrl Pts',(-42.2770266443491,-1.14410223395468,-40.3167642866252));
#2629=CARTESIAN_POINT('Ctrl Pts',(-42.2499633327955,-0.00125582118602474,
-40.3162231198939));
#2630=CARTESIAN_POINT('Ctrl Pts',(-48.7500366672044,0.000437931996994933,
-40.3070846909463));
#2631=CARTESIAN_POINT('Ctrl Pts',(-48.6820416448768,2.87128809849549,-40.3081785257692));
#2632=CARTESIAN_POINT('Ctrl Pts',(-48.6140466225491,5.74191118239646,-40.0057596094141));
#2633=CARTESIAN_POINT('Ctrl Pts',(-48.5460516002214,8.54618013214785,-39.3974515427438));
#2634=CARTESIAN_POINT('Ctrl Pts',(-48.38719327497,15.0978577941559,-37.976247498682));
#2635=CARTESIAN_POINT('Ctrl Pts',(-48.2283349497186,21.2873477503118,-34.8853767335079));
#2636=CARTESIAN_POINT('Ctrl Pts',(-48.0694766244672,26.3597113185703,-30.5018360453227));
#2637=CARTESIAN_POINT('Ctrl Pts',(-47.9106182992158,31.432074886829,-26.1182953571374));
#2638=CARTESIAN_POINT('Ctrl Pts',(-47.7517599739644,35.3873120671903,-20.4420847459408));
#2639=CARTESIAN_POINT('Ctrl Pts',(-47.592901648713,37.7429983633939,-14.1655376710203));
#2640=CARTESIAN_POINT('Ctrl Pts',(-47.4340433234615,40.0986846595974,-7.88899059609996));
#2641=CARTESIAN_POINT('Ctrl Pts',(-47.2751849982101,40.8548200716432,-1.01210705745563));
#2642=CARTESIAN_POINT('Ctrl Pts',(-47.1163266729587,39.9191779650703,5.62633214120578));
#2643=CARTESIAN_POINT('Ctrl Pts',(-46.9574683477073,38.9835358584972,12.2647713398673));
#2644=CARTESIAN_POINT('Ctrl Pts',(-46.7986100224559,36.3561162333053,18.6647661985458));
#2645=CARTESIAN_POINT('Ctrl Pts',(-46.6397516972045,32.3573882458285,24.0457025107315));
#2646=CARTESIAN_POINT('Ctrl Pts',(-46.4808933719531,28.3586602583516,29.4266388229172));
#2647=CARTESIAN_POINT('Ctrl Pts',(-46.3220350467017,22.9886239085899,33.7885165886101));
#2648=CARTESIAN_POINT('Ctrl Pts',(-46.1631767214503,16.9022682797481,36.5993129603419));
#2649=CARTESIAN_POINT('Ctrl Pts',(-46.0043183961989,10.8159126509064,39.4101093320738));
#2650=CARTESIAN_POINT('Ctrl Pts',(-45.8454600709475,4.0132377429847,40.6698243098447));
#2651=CARTESIAN_POINT('Ctrl Pts',(-45.6866017456961,-2.67602699517436,40.2248090552536));
#2652=CARTESIAN_POINT('Ctrl Pts',(-45.5277434204447,-9.36529173333342,39.7797938006626));
#2653=CARTESIAN_POINT('Ctrl Pts',(-45.3688850951933,-15.9411463017298,37.6300483137096));
#2654=CARTESIAN_POINT('Ctrl Pts',(-45.2100267699418,-21.6015266002978,34.0377794617054));
#2655=CARTESIAN_POINT('Ctrl Pts',(-45.0511684446904,-27.261906898866,30.4455106097011));
#2656=CARTESIAN_POINT('Ctrl Pts',(-44.892310119439,-32.0068129276058,25.4107183926456));
#2657=CARTESIAN_POINT('Ctrl Pts',(-44.7334517941877,-35.2575036669335,19.5475015429718));
#2658=CARTESIAN_POINT('Ctrl Pts',(-44.5745934689362,-38.5081944062611,13.6842846932982));
#2659=CARTESIAN_POINT('Ctrl Pts',(-44.4157351436848,-40.2646698561767,6.99264321100647));
#2660=CARTESIAN_POINT('Ctrl Pts',(-44.2568768184334,-40.3126903911399,0.288764208759648));
#2661=CARTESIAN_POINT('Ctrl Pts',(-44.098018493182,-40.3607109261032,-6.41511479348727));
#2662=CARTESIAN_POINT('Ctrl Pts',(-43.9391601679306,-38.7002765461142,-13.1312313156893));
#2663=CARTESIAN_POINT('Ctrl Pts',(-43.7803018426792,-35.5339130813133,-19.0404144070375));
#2664=CARTESIAN_POINT('Ctrl Pts',(-43.6214435174278,-32.3675496165125,-24.9495974983858));
#2665=CARTESIAN_POINT('Ctrl Pts',(-43.4625851921764,-27.6952570668998,-30.0518471588805));
#2666=CARTESIAN_POINT('Ctrl Pts',(-43.303726866925,-22.086918187369,-33.7248347047026));
#2667=CARTESIAN_POINT('Ctrl Pts',(-43.1448685416736,-16.4785793078382,-37.3978222505247));
#2668=CARTESIAN_POINT('Ctrl Pts',(-42.9860102164222,-9.93419409838937,-39.6415476816744));
#2669=CARTESIAN_POINT('Ctrl Pts',(-42.8271518911707,-3.25199165575077,-40.1823450999473));
#2670=CARTESIAN_POINT('Ctrl Pts',(-42.8014468165153,-2.17073568519393,-40.2698522418499));
#2671=CARTESIAN_POINT('Ctrl Pts',(-42.7757417418599,-1.08587125953165,-40.312771786541));
#2672=CARTESIAN_POINT('Ctrl Pts',(-42.7500366672044,-0.00092261920839831,
-40.31170423821));
#2673=CARTESIAN_POINT('Origin',(-93.2499633327955,0.,0.));
#2674=CARTESIAN_POINT('',(-54.7500366672045,0.000127153954709857,-40.3136910423517));
#2675=CARTESIAN_POINT('',(-54.2499633327955,-0.000172697964417632,-40.3069329817393));
#2676=CARTESIAN_POINT('',(-93.2499633327955,5.20428933939857E-13,-40.31025));
#2677=CARTESIAN_POINT('Ctrl Pts',(-48.2499633327956,-0.000824228407174239,
-40.3120512147165));
#2678=CARTESIAN_POINT('Ctrl Pts',(-48.2723620830396,-0.946198207674691,
-40.312917819153));
#2679=CARTESIAN_POINT('Ctrl Pts',(-48.2947608332837,-1.89151255360732,-40.2803293692602));
#2680=CARTESIAN_POINT('Ctrl Pts',(-48.3171595835278,-2.83443939495921,-40.2138680728355));
#2681=CARTESIAN_POINT('Ctrl Pts',(-48.4750067116162,-9.47937682597849,-39.7455060144459));
#2682=CARTESIAN_POINT('Ctrl Pts',(-48.6328538397047,-16.0057455706158,-37.5949444957121));
#2683=CARTESIAN_POINT('Ctrl Pts',(-48.7907009677932,-21.6274120382146,-34.0212318291143));
#2684=CARTESIAN_POINT('Ctrl Pts',(-48.9485480958816,-27.2490785058134,-30.4475191625164));
#2685=CARTESIAN_POINT('Ctrl Pts',(-49.1063952239701,-31.9660426963737,-25.4506553480544));
#2686=CARTESIAN_POINT('Ctrl Pts',(-49.2642423520586,-35.2101220303336,-19.6325368386579));
#2687=CARTESIAN_POINT('Ctrl Pts',(-49.4220894801471,-38.4542013642936,-13.8144183292612));
#2688=CARTESIAN_POINT('Ctrl Pts',(-49.5799366082355,-40.2253958416532,-7.17504512492996));
#2689=CARTESIAN_POINT('Ctrl Pts',(-49.737783736324,-40.3103562621626,-0.514163978771335));
#2690=CARTESIAN_POINT('Ctrl Pts',(-49.8956308644125,-40.3953166826721,6.146717167387));
#2691=CARTESIAN_POINT('Ctrl Pts',(-50.0534779925009,-38.7940430463317,12.8291062553727));
#2692=CARTESIAN_POINT('Ctrl Pts',(-50.2113251205894,-35.6994168052218,18.7280759111159));
#2693=CARTESIAN_POINT('Ctrl Pts',(-50.3691722486778,-32.604790564112,24.6270455668592));
#2694=CARTESIAN_POINT('Ctrl Pts',(-50.5270193767663,-28.0168117182326,29.7425957903599));
#2695=CARTESIAN_POINT('Ctrl Pts',(-50.6848665048548,-22.4881256320036,33.4585324642235));
#2696=CARTESIAN_POINT('Ctrl Pts',(-50.8427136329432,-16.9594395457746,37.1744691380871));
#2697=CARTESIAN_POINT('Ctrl Pts',(-51.0005607610317,-10.4900462191958,39.4907922623136));
#2698=CARTESIAN_POINT('Ctrl Pts',(-51.1584078891202,-3.85921687404254,40.1284890397596));
#2699=CARTESIAN_POINT('Ctrl Pts',(-51.3162550172087,2.77161247111064,40.7661858172056));
#2700=CARTESIAN_POINT('Ctrl Pts',(-51.4741021452971,9.5638778348383,39.725256247871));
#2701=CARTESIAN_POINT('Ctrl Pts',(-51.6319492733856,15.6994163904691,37.1310855419684));
#2702=CARTESIAN_POINT('Ctrl Pts',(-51.7897964014741,21.8349549460998,34.5369148360658));
#2703=CARTESIAN_POINT('Ctrl Pts',(-51.9476435295625,27.3137666936337,30.3895029935951));
#2704=CARTESIAN_POINT('Ctrl Pts',(-52.105490657651,31.4759009721157,25.1884268268906));
#2705=CARTESIAN_POINT('Ctrl Pts',(-52.2633377857395,35.6380352505976,19.9873506601861));
#2706=CARTESIAN_POINT('Ctrl Pts',(-52.4211849138279,38.4834920600277,13.7326101692478));
#2707=CARTESIAN_POINT('Ctrl Pts',(-52.5790320419164,39.6695216916918,7.17762056391595));
#2708=CARTESIAN_POINT('Ctrl Pts',(-52.7368791700048,40.8555513233558,0.622630958584084));
#2709=CARTESIAN_POINT('Ctrl Pts',(-52.8947262980933,40.3821537772537,-6.23260776114137));
#2710=CARTESIAN_POINT('Ctrl Pts',(-53.0525734261818,38.3063521903867,-12.5623473139234));
#2711=CARTESIAN_POINT('Ctrl Pts',(-53.2104205542703,36.2305506035196,-18.8920868667057));
#2712=CARTESIAN_POINT('Ctrl Pts',(-53.3682676823588,32.5523449758876,-24.6963272525444));
#2713=CARTESIAN_POINT('Ctrl Pts',(-53.5261148104473,27.7147938322423,-29.2759182775172));
#2714=CARTESIAN_POINT('Ctrl Pts',(-53.6839619385357,22.8772426885971,-33.8555093024898));
#2715=CARTESIAN_POINT('Ctrl Pts',(-53.8418090666241,16.8803460289386,-37.2104509665965));
#2716=CARTESIAN_POINT('Ctrl Pts',(-53.9996561947126,10.4464604752608,-38.9366235274227));
#2717=CARTESIAN_POINT('Ctrl Pts',(-54.0830919074069,7.04560147284765,-39.8490534182293));
#2718=CARTESIAN_POINT('Ctrl Pts',(-54.1665276201012,3.52264659580175,-40.3064008322007));
#2719=CARTESIAN_POINT('Ctrl Pts',(-54.2499633327955,-0.000172697964417632,
-40.3069329817393));
#2720=CARTESIAN_POINT('Ctrl Pts',(-54.7500366672045,0.000127153954709857,
-40.3136910423517));
#2721=CARTESIAN_POINT('Ctrl Pts',(-54.7471998731451,0.119844256168083,-40.313712578686));
#2722=CARTESIAN_POINT('Ctrl Pts',(-54.7443630790857,0.23956116977515,-40.3131904652791));
#2723=CARTESIAN_POINT('Ctrl Pts',(-54.7415262850263,0.359273228013954,-40.3121235570193));
#2724=CARTESIAN_POINT('Ctrl Pts',(-54.5826679597749,7.06305809433302,-40.2523775000935));
#2725=CARTESIAN_POINT('Ctrl Pts',(-54.4238096345234,13.7516169363953,-38.4842008581261));
#2726=CARTESIAN_POINT('Ctrl Pts',(-54.264951309272,19.6091391066067,-35.2232600198576));
#2727=CARTESIAN_POINT('Ctrl Pts',(-54.1060929840206,25.4666612768181,-31.962319181589));
#2728=CARTESIAN_POINT('Ctrl Pts',(-53.9472346587693,30.4931467751787,-27.2086141470191));
#2729=CARTESIAN_POINT('Ctrl Pts',(-53.7883763335179,34.0755098105089,-21.5419593835534));
#2730=CARTESIAN_POINT('Ctrl Pts',(-53.6295180082664,37.6578728458391,-15.8753046200876));
#2731=CARTESIAN_POINT('Ctrl Pts',(-53.470659683015,39.796113418139,-9.2957001277258));
#2732=CARTESIAN_POINT('Ctrl Pts',(-53.3118013577636,40.2294280468388,-2.60566727595602));
#2733=CARTESIAN_POINT('Ctrl Pts',(-53.1529430325122,40.6627426755386,4.08436557581381));
#2734=CARTESIAN_POINT('Ctrl Pts',(-52.9940847072608,39.3911313606382,10.8848267869915));
#2735=CARTESIAN_POINT('Ctrl Pts',(-52.8352263820094,36.5696938889237,16.9662568588099));
#2736=CARTESIAN_POINT('Ctrl Pts',(-52.676368056758,33.7482564172092,23.0476869306283));
#2737=CARTESIAN_POINT('Ctrl Pts',(-52.5175097315066,29.3769927886806,28.4100858630871));
#2738=CARTESIAN_POINT('Ctrl Pts',(-52.3586514062552,23.9890706850127,32.3993961455816));
#2739=CARTESIAN_POINT('Ctrl Pts',(-52.1997930810038,18.6011485813448,36.3887064280759));
#2740=CARTESIAN_POINT('Ctrl Pts',(-52.0409347557523,12.1965680025375,39.004928060606));
#2741=CARTESIAN_POINT('Ctrl Pts',(-51.8820764305009,5.5565024648883,39.9289577034796));
#2742=CARTESIAN_POINT('Ctrl Pts',(-51.7232181052496,-1.08356307276092,40.8529873463533));
#2743=CARTESIAN_POINT('Ctrl Pts',(-51.5643597799982,-7.95911356925212,40.0848249995706));
#2744=CARTESIAN_POINT('Ctrl Pts',(-51.4055014547468,-14.2315308057053,37.7181642429109));
#2745=CARTESIAN_POINT('Ctrl Pts',(-51.2466431294954,-20.5039480421587,35.351503486251));
#2746=CARTESIAN_POINT('Ctrl Pts',(-51.0877848042439,-26.1732320185742,31.3863443197139));
#2747=CARTESIAN_POINT('Ctrl Pts',(-50.9289264789925,-30.5478941285702,26.3063214311399));
#2748=CARTESIAN_POINT('Ctrl Pts',(-50.7700681537411,-34.9225562385662,21.226298542566));
#2749=CARTESIAN_POINT('Ctrl Pts',(-50.6112098284897,-38.002596482143,15.0314119319552));
#2750=CARTESIAN_POINT('Ctrl Pts',(-50.4523515032383,-39.4123390695441,8.47725851883543));
#2751=CARTESIAN_POINT('Ctrl Pts',(-50.2934931779869,-40.8220816569452,1.92310510571558));
#2752=CARTESIAN_POINT('Ctrl Pts',(-50.1346348527354,-40.5615265881708,-4.99031510991317));
#2753=CARTESIAN_POINT('Ctrl Pts',(-49.975776527484,-38.6624540424205,-11.4197648990406));
#2754=CARTESIAN_POINT('Ctrl Pts',(-49.8169182022326,-36.7633814966703,-17.849214688168));
#2755=CARTESIAN_POINT('Ctrl Pts',(-49.6580598769813,-33.2257914739443,-23.7946940507939));
#2756=CARTESIAN_POINT('Ctrl Pts',(-49.4992015517299,-28.4811675983085,-28.5310265353209));
#2757=CARTESIAN_POINT('Ctrl Pts',(-49.3403432264785,-23.7365437226726,-33.267359019848));
#2758=CARTESIAN_POINT('Ctrl Pts',(-49.181484901227,-17.7848859941269,-36.7945446262761));
#2759=CARTESIAN_POINT('Ctrl Pts',(-49.0226265759756,-11.3521244459238,-38.6823687680155));
#2760=CARTESIAN_POINT('Ctrl Pts',(-48.9317632730519,-7.6727330116667,-39.7621606932175));
#2761=CARTESIAN_POINT('Ctrl Pts',(-48.8408999701282,-3.83594478246201,-40.3056229744639));
#2762=CARTESIAN_POINT('Ctrl Pts',(-48.7500366672044,0.000437931996994933,
-40.3070846909463));
#2763=CARTESIAN_POINT('Origin',(-93.2499633327955,0.,0.));
#2764=CARTESIAN_POINT('',(-60.7500366672044,-0.00063089770237723,-40.307431439982));
#2765=CARTESIAN_POINT('',(-60.2499633327955,0.000982510914780569,-40.3109106992804));
#2766=CARTESIAN_POINT('',(-93.2499633327955,5.20428933939857E-13,-40.31025));
#2767=CARTESIAN_POINT('Ctrl Pts',(-54.2499633327955,-0.000172697964417632,
-40.3069329817393));
#2768=CARTESIAN_POINT('Ctrl Pts',(-54.3243747481897,-3.1419684753603,-40.3074075746813));
#2769=CARTESIAN_POINT('Ctrl Pts',(-54.3987861635839,-6.28365641240187,-39.9445400204923));
#2770=CARTESIAN_POINT('Ctrl Pts',(-54.473197578978,-9.33853118853802,-39.2171011601105));
#2771=CARTESIAN_POINT('Ctrl Pts',(-54.6310447070665,-15.8187628509617,-37.6740027744263));
#2772=CARTESIAN_POINT('Ctrl Pts',(-54.7888918351549,-21.9083517281117,-34.4904025455119));
#2773=CARTESIAN_POINT('Ctrl Pts',(-54.9467389632434,-26.8737759504621,-30.0497812693278));
#2774=CARTESIAN_POINT('Ctrl Pts',(-55.1045860913319,-31.8392001728125,-25.6091599931436));
#2775=CARTESIAN_POINT('Ctrl Pts',(-55.2624332194204,-35.6804597403633,-19.9115176696898));
#2776=CARTESIAN_POINT('Ctrl Pts',(-55.4202803475088,-37.9348554536114,-13.643164218033));
#2777=CARTESIAN_POINT('Ctrl Pts',(-55.5781274755973,-40.1892511668596,-7.374810766376));
#2778=CARTESIAN_POINT('Ctrl Pts',(-55.7359746036858,-40.856783025805,-0.53574618651598));
#2779=CARTESIAN_POINT('Ctrl Pts',(-55.8938217317742,-39.8570434319889,6.05022950210091));
#2780=CARTESIAN_POINT('Ctrl Pts',(-56.0516688598627,-38.8573038381729,12.6362051907177));
#2781=CARTESIAN_POINT('Ctrl Pts',(-56.2095159879512,-36.1902927915954,18.9690919880914));
#2782=CARTESIAN_POINT('Ctrl Pts',(-56.3673631160396,-32.1772653011319,24.2860615561306));
#2783=CARTESIAN_POINT('Ctrl Pts',(-56.5252102441281,-28.1642378106684,29.6030311241699));
#2784=CARTESIAN_POINT('Ctrl Pts',(-56.6830573722166,-22.8051938763189,33.9040834628748));
#2785=CARTESIAN_POINT('Ctrl Pts',(-56.8409045003051,-16.7456575235026,36.6711350011542));
#2786=CARTESIAN_POINT('Ctrl Pts',(-56.9987516283935,-10.6861211706865,39.4381865394335));
#2787=CARTESIAN_POINT('Ctrl Pts',(-57.156598756482,-3.92609239940355,40.6712372772875));
#2788=CARTESIAN_POINT('Ctrl Pts',(-57.3144458845704,2.72014903487194,40.2217599987324));
#2789=CARTESIAN_POINT('Ctrl Pts',(-57.4722930126589,9.36639046914743,39.7722827201774));
#2790=CARTESIAN_POINT('Ctrl Pts',(-57.6301401407474,15.8988445664155,37.6402774252134));
#2791=CARTESIAN_POINT('Ctrl Pts',(-57.7879872688359,21.5306440950543,34.0825549661336));
#2792=CARTESIAN_POINT('Ctrl Pts',(-57.9458343969243,27.1624436236931,30.5248325070537));
#2793=CARTESIAN_POINT('Ctrl Pts',(-58.1036815250128,31.8935885837026,25.541392883858));
#2794=CARTESIAN_POINT('Ctrl Pts',(-58.2615286531012,35.1541885661089,19.7325166774524));
#2795=CARTESIAN_POINT('Ctrl Pts',(-58.4193757811897,38.4147885485151,13.9236404710468));
#2796=CARTESIAN_POINT('Ctrl Pts',(-58.5772229092782,40.2048435533181,7.28932768143147));
#2797=CARTESIAN_POINT('Ctrl Pts',(-58.7350700373667,40.3087323752088,0.628714936397986));
#2798=CARTESIAN_POINT('Ctrl Pts',(-58.8929171654551,40.4126211970994,-6.0318978086355));
#2799=CARTESIAN_POINT('Ctrl Pts',(-59.0507642935436,38.8303438360776,-12.7188105090871));
#2800=CARTESIAN_POINT('Ctrl Pts',(-59.208611421632,35.7524936263157,-18.6265506110958));
#2801=CARTESIAN_POINT('Ctrl Pts',(-59.3664585497205,32.6746434165537,-24.5342907131047));
#2802=CARTESIAN_POINT('Ctrl Pts',(-59.524305677809,28.1012203580516,-29.6628582166706));
#2803=CARTESIAN_POINT('Ctrl Pts',(-59.6821528058975,22.5831164567082,-33.394491151539));
#2804=CARTESIAN_POINT('Ctrl Pts',(-59.8399999339859,17.0650125553648,-37.1261240864074));
#2805=CARTESIAN_POINT('Ctrl Pts',(-59.9978470620744,10.6022278111802,-39.4608224525783));
#2806=CARTESIAN_POINT('Ctrl Pts',(-60.1556941901628,3.97323742880362,-40.1173599891844));
#2807=CARTESIAN_POINT('Ctrl Pts',(-60.1871172377071,2.65358668521286,-40.2480586624968));
#2808=CARTESIAN_POINT('Ctrl Pts',(-60.2185402852513,1.32734922486827,-40.31225195024));
#2809=CARTESIAN_POINT('Ctrl Pts',(-60.2499633327955,0.000982510914780569,
-40.3109106992804));
#2810=CARTESIAN_POINT('Ctrl Pts',(-60.7500366672044,-0.00063089770237723,
-40.307431439982));
#2811=CARTESIAN_POINT('Ctrl Pts',(-60.6534997761619,4.07519872399599,-40.3051698288232));
#2812=CARTESIAN_POINT('Ctrl Pts',(-60.5569628851194,8.15169515361867,-39.6905995921669));
#2813=CARTESIAN_POINT('Ctrl Pts',(-60.4604259940769,12.039763224826,-38.4738935437899));
#2814=CARTESIAN_POINT('Ctrl Pts',(-60.3015676688255,18.4378559703599,-36.4717171417829));
#2815=CARTESIAN_POINT('Ctrl Pts',(-60.1427093435741,24.325702717544,-32.8390144698593));
#2816=CARTESIAN_POINT('Ctrl Pts',(-59.9838510183227,28.985156526032,-28.0188701429978));
#2817=CARTESIAN_POINT('Ctrl Pts',(-59.8249926930713,33.64461033452,-23.1987258161364));
#2818=CARTESIAN_POINT('Ctrl Pts',(-59.6661343678199,37.0756712043117,-17.1911398343371));
#2819=CARTESIAN_POINT('Ctrl Pts',(-59.5072760425685,38.8598489858528,-10.728863859956));
#2820=CARTESIAN_POINT('Ctrl Pts',(-59.3484177173171,40.6440267673938,-4.26658788557492));
#2821=CARTESIAN_POINT('Ctrl Pts',(-59.1895593920657,40.7813214606842,2.65037808138799));
#2822=CARTESIAN_POINT('Ctrl Pts',(-59.0307010668143,39.2549870857168,9.17836433298199));
#2823=CARTESIAN_POINT('Ctrl Pts',(-58.8718427415629,37.7286527107495,15.706350584576));
#2824=CARTESIAN_POINT('Ctrl Pts',(-58.7129844163114,34.5386892675245,21.8453571208013));
#2825=CARTESIAN_POINT('Ctrl Pts',(-58.55412609106,30.074179995626,26.84660277427));
#2826=CARTESIAN_POINT('Ctrl Pts',(-58.3952677658086,25.6096707237275,31.8478484277386));
#2827=CARTESIAN_POINT('Ctrl Pts',(-58.2364094405573,19.8706156231555,35.7113331984507));
#2828=CARTESIAN_POINT('Ctrl Pts',(-58.0775511153059,13.5570133586044,37.9658237329756));
#2829=CARTESIAN_POINT('Ctrl Pts',(-57.9186927900545,7.24341109405318,40.2203142675005));
#2830=CARTESIAN_POINT('Ctrl Pts',(-57.759834464803,0.355261665522913,40.8658105658381));
#2831=CARTESIAN_POINT('Ctrl Pts',(-57.6009761395516,-6.267280002928,39.8235807568035));
#2832=CARTESIAN_POINT('Ctrl Pts',(-57.4421178143002,-12.8898216713787,38.7813509477689));
#2833=CARTESIAN_POINT('Ctrl Pts',(-57.2832594890488,-19.2467555797501,36.0513950313621));
#2834=CARTESIAN_POINT('Ctrl Pts',(-57.1244011637974,-24.5627197269058,31.966688639054));
#2835=CARTESIAN_POINT('Ctrl Pts',(-56.965542838546,-29.8786838740614,27.881982246746));
#2836=CARTESIAN_POINT('Ctrl Pts',(-56.8066845132946,-34.1536782600014,22.4425253785368));
#2837=CARTESIAN_POINT('Ctrl Pts',(-56.6478261880431,-36.8662772651255,16.3117743835439));
#2838=CARTESIAN_POINT('Ctrl Pts',(-56.4889678627917,-39.5788762702497,10.181023388551));
#2839=CARTESIAN_POINT('Ctrl Pts',(-56.3301095375404,-40.7290798945581,3.35897826677437));
#2840=CARTESIAN_POINT('Ctrl Pts',(-56.171251212289,-40.1765965766292,-3.32226887044616));
#2841=CARTESIAN_POINT('Ctrl Pts',(-56.0123928870375,-39.6241132587004,-10.0035160076668));
#2842=CARTESIAN_POINT('Ctrl Pts',(-55.8535345617861,-37.3689429985342,-16.5439651603315));
#2843=CARTESIAN_POINT('Ctrl Pts',(-55.6946762365347,-33.6861513152992,-22.14587077745));
#2844=CARTESIAN_POINT('Ctrl Pts',(-55.5358179112833,-30.0033596320643,-27.7477763945685));
#2845=CARTESIAN_POINT('Ctrl Pts',(-55.3769595860319,-24.8929465257606,-32.4111384761408));
#2846=CARTESIAN_POINT('Ctrl Pts',(-55.2181012607805,-18.9782345273207,-35.567161780985));
#2847=CARTESIAN_POINT('Ctrl Pts',(-55.0620797295885,-13.1691438101933,-38.6668267668784));
#2848=CARTESIAN_POINT('Ctrl Pts',(-54.9060581983965,-6.58422306891814,-40.3125065602248));
#2849=CARTESIAN_POINT('Ctrl Pts',(-54.7500366672045,0.000127153954709857,
-40.3136910423517));
#2850=CARTESIAN_POINT('Origin',(-93.2499633327955,0.,0.));
#2851=CARTESIAN_POINT('',(-66.7500366672045,0.00101210034761934,-40.3109603775329));
#2852=CARTESIAN_POINT('',(-66.2499633327955,-0.000777684085823461,-40.3122614893796));
#2853=CARTESIAN_POINT('',(-93.2499633327955,5.20428933939857E-13,-40.31025));
#2854=CARTESIAN_POINT('Ctrl Pts',(-60.2499633327955,0.000982510914780569,
-40.3109106992804));
#2855=CARTESIAN_POINT('Ctrl Pts',(-60.3763874133398,-5.33537743444306,-40.3055144556756));
#2856=CARTESIAN_POINT('Ctrl Pts',(-60.502811493884,-10.673829591761,-39.2393188514229));
#2857=CARTESIAN_POINT('Ctrl Pts',(-60.6292355744283,-15.5938348038697,-37.1755498180871));
#2858=CARTESIAN_POINT('Ctrl Pts',(-60.7870827025168,-21.736720633598,-34.5988254033427));
#2859=CARTESIAN_POINT('Ctrl Pts',(-60.9449298306052,-27.2272962724856,-30.4669998668126));
#2860=CARTESIAN_POINT('Ctrl Pts',(-61.1027769586937,-31.4041940341076,-25.2777725528888));
#2861=CARTESIAN_POINT('Ctrl Pts',(-61.2606240867821,-35.5810917957295,-20.088545238965));
#2862=CARTESIAN_POINT('Ctrl Pts',(-61.4184712148706,-38.4443116800856,-13.8419161476474));
#2863=CARTESIAN_POINT('Ctrl Pts',(-61.5763183429591,-39.6489643285392,-7.29032343875686));
#2864=CARTESIAN_POINT('Ctrl Pts',(-61.7341654710475,-40.8536169769927,-0.738730729866263));
#2865=CARTESIAN_POINT('Ctrl Pts',(-61.892012599136,-40.3997023895435,6.11782559659737));
#2866=CARTESIAN_POINT('Ctrl Pts',(-62.0498597272245,-38.3418968807133,12.4534385515089));
#2867=CARTESIAN_POINT('Ctrl Pts',(-62.2077068553129,-36.284091371883,18.7890515064204));
#2868=CARTESIAN_POINT('Ctrl Pts',(-62.3655539834014,-32.6223949416715,24.6037210897799));
#2869=CARTESIAN_POINT('Ctrl Pts',(-62.5234011114899,-27.7978774989038,29.1970408555969));
#2870=CARTESIAN_POINT('Ctrl Pts',(-62.6812482395784,-22.9733600561361,33.7903606214139));
#2871=CARTESIAN_POINT('Ctrl Pts',(-62.8390953676668,-16.9860216008121,37.1623305696886));
#2872=CARTESIAN_POINT('Ctrl Pts',(-62.9969424957553,-10.5570674204062,38.9067798159711));
#2873=CARTESIAN_POINT('Ctrl Pts',(-63.1547896238438,-4.12811324000022,40.6512290622535));
#2874=CARTESIAN_POINT('Ctrl Pts',(-63.3126367519323,2.74245666548765,40.7681576065438));
#2875=CARTESIAN_POINT('Ctrl Pts',(-63.4704838800207,9.22704730025579,39.2434808125668));
#2876=CARTESIAN_POINT('Ctrl Pts',(-63.6283310081092,15.711637935024,37.7188040185898));
#2877=CARTESIAN_POINT('Ctrl Pts',(-63.7861781361976,21.8102492990722,34.5525218863456));
#2878=CARTESIAN_POINT('Ctrl Pts',(-63.9440252642861,26.7882727186434,30.1260291595));
#2879=CARTESIAN_POINT('Ctrl Pts',(-64.1018723923746,31.7662961382144,25.6995364326545));
#2880=CARTESIAN_POINT('Ctrl Pts',(-64.2597195204631,35.6237316133084,20.0128331112075));
#2881=CARTESIAN_POINT('Ctrl Pts',(-64.4175666485515,37.8959314742658,13.7509114557985));
#2882=CARTESIAN_POINT('Ctrl Pts',(-64.57541377664,40.1681313352231,7.48898980038955));
#2883=CARTESIAN_POINT('Ctrl Pts',(-64.7332609047284,40.8550955820439,0.651849811018465));
#2884=CARTESIAN_POINT('Ctrl Pts',(-64.8911080328169,39.8740758866005,-5.93694031948096));
#2885=CARTESIAN_POINT('Ctrl Pts',(-65.0489551609054,38.8930561911571,-12.5257304499804));
#2886=CARTESIAN_POINT('Ctrl Pts',(-65.2068022889938,36.2440525534495,-18.8661707216082));
#2887=CARTESIAN_POINT('Ctrl Pts',(-65.3646494170823,32.2461508986024,-24.1945229420218));
#2888=CARTESIAN_POINT('Ctrl Pts',(-65.5224965451708,28.2482492437554,-29.5228751624354));
#2889=CARTESIAN_POINT('Ctrl Pts',(-65.6803436732593,22.9014495717688,-33.8391393316348));
#2890=CARTESIAN_POINT('Ctrl Pts',(-65.8381908013477,16.8498010245575,-36.6233995363658));
#2891=CARTESIAN_POINT('Ctrl Pts',(-65.9754483118303,11.5875309790716,-39.0444801658656));
#2892=CARTESIAN_POINT('Ctrl Pts',(-66.1127058223129,5.79230061256328,-40.307160245389));
#2893=CARTESIAN_POINT('Ctrl Pts',(-66.2499633327955,-0.000777684085823461,
-40.3122614893796));
#2894=CARTESIAN_POINT('Ctrl Pts',(-66.7500366672045,0.00101210034761934,
-40.3109603775329));
#2895=CARTESIAN_POINT('Ctrl Pts',(-66.7186580044303,1.32549988874822,-40.3123251648385));
#2896=CARTESIAN_POINT('Ctrl Pts',(-66.6872793416561,2.64985637565495,-40.2483318393329));
#2897=CARTESIAN_POINT('Ctrl Pts',(-66.6559006788819,3.96765225338958,-40.1180024244118));
#2898=CARTESIAN_POINT('Ctrl Pts',(-66.4970423536304,10.6391553593847,-39.4581937915731));
#2899=CARTESIAN_POINT('Ctrl Pts',(-66.338184028379,17.142509088394,-37.098181440716));
#2900=CARTESIAN_POINT('Ctrl Pts',(-66.1793257031276,22.6844924577912,-33.3258185925116));
#2901=CARTESIAN_POINT('Ctrl Pts',(-66.0204673778761,28.2264758271883,-29.5534557443071));
#2902=CARTESIAN_POINT('Ctrl Pts',(-65.8616090526247,32.8070888369734,-24.3687423987554));
#2903=CARTESIAN_POINT('Ctrl Pts',(-65.7027507273733,35.8676292383957,-18.4040635661215));
#2904=CARTESIAN_POINT('Ctrl Pts',(-65.543892402122,38.9281696398181,-12.4393847334875));
#2905=CARTESIAN_POINT('Ctrl Pts',(-65.3850340768706,40.4686374328778,-5.69474041377145));
#2906=CARTESIAN_POINT('Ctrl Pts',(-65.2261757516192,40.3011401197299,1.00721793997108));
#2907=CARTESIAN_POINT('Ctrl Pts',(-65.0673174263678,40.133642806582,7.70917629371352));
#2908=CARTESIAN_POINT('Ctrl Pts',(-64.9084591011163,38.2581803872265,14.3684486814824));
#2909=CARTESIAN_POINT('Ctrl Pts',(-64.7496007758649,34.9035050109655,20.1727965557152));
#2910=CARTESIAN_POINT('Ctrl Pts',(-64.5907424506135,31.5488296347044,25.9771444299481));
#2911=CARTESIAN_POINT('Ctrl Pts',(-64.4318841253621,26.7149413015377,30.9265677906449));
#2912=CARTESIAN_POINT('Ctrl Pts',(-64.2730258001107,20.9914345212253,34.4173801976539));
#2913=CARTESIAN_POINT('Ctrl Pts',(-64.1141674748593,15.2679277409129,37.9081926046629));
#2914=CARTESIAN_POINT('Ctrl Pts',(-63.9553091496079,8.65480251345493,39.9403940579841));
#2915=CARTESIAN_POINT('Ctrl Pts',(-63.7964508243565,1.95866876810819,40.2661147813591));
#2916=CARTESIAN_POINT('Ctrl Pts',(-63.637592499105,-4.73746497723846,40.5918355047341));
#2917=CARTESIAN_POINT('Ctrl Pts',(-63.4787341738537,-11.5166072404739,39.2110754981628));
#2918=CARTESIAN_POINT('Ctrl Pts',(-63.3198758486023,-17.5518988176204,36.2922475306334));
#2919=CARTESIAN_POINT('Ctrl Pts',(-63.1610175233509,-23.5871903947669,33.3734195631041));
#2920=CARTESIAN_POINT('Ctrl Pts',(-63.0021591980994,-28.8786312858247,28.9165236346167));
#2921=CARTESIAN_POINT('Ctrl Pts',(-62.843300872848,-32.7808188080977,23.4651720897039));
#2922=CARTESIAN_POINT('Ctrl Pts',(-62.6844425475966,-36.6830063303707,18.013820544791));
#2923=CARTESIAN_POINT('Ctrl Pts',(-62.5255842223452,-39.195940483859,11.5680133834527));
#2924=CARTESIAN_POINT('Ctrl Pts',(-62.3667258970938,-40.0131160127177,4.91395257217048));
#2925=CARTESIAN_POINT('Ctrl Pts',(-62.2078675718424,-40.8302915415765,-1.74010823911176));
#2926=CARTESIAN_POINT('Ctrl Pts',(-62.049009246591,-39.9517084458058,-8.60242270033793));
#2927=CARTESIAN_POINT('Ctrl Pts',(-61.8901509213396,-37.4845284415915,-14.8359870059349));
#2928=CARTESIAN_POINT('Ctrl Pts',(-61.7312925960882,-35.0173484373772,-21.0695513115318));
#2929=CARTESIAN_POINT('Ctrl Pts',(-61.5724342708368,-30.9615715247195,-26.6743654614996));
#2930=CARTESIAN_POINT('Ctrl Pts',(-61.4135759455854,-25.8118851344596,-30.9668043029018));
#2931=CARTESIAN_POINT('Ctrl Pts',(-61.254717620334,-20.6621987441996,-35.2592431443041));
#2932=CARTESIAN_POINT('Ctrl Pts',(-61.0958592950826,-14.4186028763375,-38.2393066771409));
#2933=CARTESIAN_POINT('Ctrl Pts',(-60.9370009698312,-7.84263557046463,-39.5435133775141));
#2934=CARTESIAN_POINT('Ctrl Pts',(-60.8746795356223,-5.26282923570526,-40.0551644473808));
#2935=CARTESIAN_POINT('Ctrl Pts',(-60.8123581014134,-2.63186901685336,-40.3088914709559));
#2936=CARTESIAN_POINT('Ctrl Pts',(-60.7500366672044,-0.00063089770237723,
-40.307431439982));
#2937=CARTESIAN_POINT('Origin',(-93.2499633327955,0.,0.));
#2938=CARTESIAN_POINT('',(-72.7500366672044,-0.00103420745897642,-40.3106384955151));
#2939=CARTESIAN_POINT('',(-72.2499633327955,-0.000240848536991266,-40.3069756460043));
#2940=CARTESIAN_POINT('',(-93.2499633327955,5.20428933939857E-13,-40.31025));
#2941=CARTESIAN_POINT('Ctrl Pts',(-66.2499633327955,-0.000777684085823461,
-40.3122614893796));
#2942=CARTESIAN_POINT('Ctrl Pts',(-66.2705529504014,-0.86978125605383,-40.3130267128104));
#2943=CARTESIAN_POINT('Ctrl Pts',(-66.2911425680072,-1.73873640178835,-40.2854936883663));
#2944=CARTESIAN_POINT('Ctrl Pts',(-66.3117321856131,-2.60583685616156,-40.229327640995));
#2945=CARTESIAN_POINT('Ctrl Pts',(-66.4695793137016,-9.25332876723294,-39.7987393006308));
#2946=CARTESIAN_POINT('Ctrl Pts',(-66.6274264417901,-15.7918151669394,-37.6853063796398));
#2947=CARTESIAN_POINT('Ctrl Pts',(-66.7852735698785,-21.4337022022293,-34.1436025936576));
#2948=CARTESIAN_POINT('Ctrl Pts',(-66.943120697967,-27.0755892375191,-30.6018988076755));
#2949=CARTESIAN_POINT('Ctrl Pts',(-67.1009678260555,-31.8208769083923,-25.6319241567021));
#2950=CARTESIAN_POINT('Ctrl Pts',(-67.2588149541439,-35.0979712446163,-19.8323372974417));
#2951=CARTESIAN_POINT('Ctrl Pts',(-67.4166620822324,-38.3750655808403,-14.0327504381813));
#2952=CARTESIAN_POINT('Ctrl Pts',(-67.5745092103209,-40.183966582415,-7.40355137063382));
#2953=CARTESIAN_POINT('Ctrl Pts',(-67.7323563384093,-40.3067829481193,-0.743260748826544));
#2954=CARTESIAN_POINT('Ctrl Pts',(-67.8902034664978,-40.4295993138236,5.91702987298064));
#2955=CARTESIAN_POINT('Ctrl Pts',(-68.0480505945863,-38.8663310436576,12.6084120490476));
#2956=CARTESIAN_POINT('Ctrl Pts',(-68.2058977226747,-35.8052817303868,18.5248748545015));
#2957=CARTESIAN_POINT('Ctrl Pts',(-68.3637448507632,-32.744232417116,24.4413376599555));
#2958=CARTESIAN_POINT('Ctrl Pts',(-68.5215919788517,-28.1854020607405,29.5828810947963));
#2959=CARTESIAN_POINT('Ctrl Pts',(-68.6794391069401,-22.677924902148,33.3301801720322));
#2960=CARTESIAN_POINT('Ctrl Pts',(-68.8372862350286,-17.1704477435555,37.077479249268));
#2961=CARTESIAN_POINT('Ctrl Pts',(-68.9951333631171,-10.714323782746,39.4305339688989));
#2962=CARTESIAN_POINT('Ctrl Pts',(-69.1529804912056,-4.0872258992626,40.1059069541625));
#2963=CARTESIAN_POINT('Ctrl Pts',(-69.3108276192941,2.53987198422096,40.7812799394262));
#2964=CARTESIAN_POINT('Ctrl Pts',(-69.4686747473825,9.33794379037847,39.7789711903226));
#2965=CARTESIAN_POINT('Ctrl Pts',(-69.626521875471,15.4881272872913,37.2197138798685));
#2966=CARTESIAN_POINT('Ctrl Pts',(-69.7843690035594,21.638310784204,34.6604565694144));
#2967=CARTESIAN_POINT('Ctrl Pts',(-69.9422161316479,27.140605971872,30.5442506976099));
#2968=CARTESIAN_POINT('Ctrl Pts',(-70.1000632597363,31.3322334846226,25.3669141409666));
#2969=CARTESIAN_POINT('Ctrl Pts',(-70.2579103878248,35.5238609973733,20.1895775843233));
#2970=CARTESIAN_POINT('Ctrl Pts',(-70.4157575159133,38.4048208352066,13.9511103428411));
#2971=CARTESIAN_POINT('Ctrl Pts',(-70.5736046440018,39.6280867724024,7.40296744019487));
#2972=CARTESIAN_POINT('Ctrl Pts',(-70.7314517720902,40.8513527095983,0.854824537548616));
#2973=CARTESIAN_POINT('Ctrl Pts',(-70.8892989001787,40.4169247461568,-6.00299402626179));
#2974=CARTESIAN_POINT('Ctrl Pts',(-71.0471460282671,38.3771319332985,-12.3444292193538));
#2975=CARTESIAN_POINT('Ctrl Pts',(-71.2049931563556,36.3373391204402,-18.6858644124459));
#2976=CARTESIAN_POINT('Ctrl Pts',(-71.3628402844441,32.6921814581652,-24.5109162348195));
#2977=CARTESIAN_POINT('Ctrl Pts',(-71.5206874125326,27.8807366779907,-29.1179276468657));
#2978=CARTESIAN_POINT('Ctrl Pts',(-71.6785345406211,23.0692918978161,-33.7249390589119));
#2979=CARTESIAN_POINT('Ctrl Pts',(-71.8363816687095,17.0915599997418,-37.1139100606305));
#2980=CARTESIAN_POINT('Ctrl Pts',(-71.994228796798,10.6675891103391,-38.8766219049772));
#2981=CARTESIAN_POINT('Ctrl Pts',(-72.0794736421305,7.19834382523742,-39.8285688954408));
#2982=CARTESIAN_POINT('Ctrl Pts',(-72.164718487463,3.59895266734909,-40.3062164151583));
#2983=CARTESIAN_POINT('Ctrl Pts',(-72.2499633327955,-0.000240848536991266,
-40.3069756460043));
#2984=CARTESIAN_POINT('Ctrl Pts',(-72.7500366672044,-0.00103420745897642,
-40.3106384955151));
#2985=CARTESIAN_POINT('Ctrl Pts',(-72.6249579074471,5.2786394952542,-40.3051758918231));
#2986=CARTESIAN_POINT('Ctrl Pts',(-72.4998791476898,10.5604071904726,-39.2624094225955));
#2987=CARTESIAN_POINT('Ctrl Pts',(-72.3748003879325,15.4366095851069,-37.2412065933355));
#2988=CARTESIAN_POINT('Ctrl Pts',(-72.2159420626811,21.6297102162725,-34.6741448710048));
#2989=CARTESIAN_POINT('Ctrl Pts',(-72.0570837374296,27.1686062114279,-30.5287982168708));
#2990=CARTESIAN_POINT('Ctrl Pts',(-71.8982254121782,31.3777126030241,-25.3107790076019));
#2991=CARTESIAN_POINT('Ctrl Pts',(-71.7393670869268,35.5868189946202,-20.0927597983331));
#2992=CARTESIAN_POINT('Ctrl Pts',(-71.5805087616754,38.4661357826571,-13.8020680339294));
#2993=CARTESIAN_POINT('Ctrl Pts',(-71.421650436424,39.6644695917914,-7.20598607601579));
#2994=CARTESIAN_POINT('Ctrl Pts',(-71.2627921111726,40.8628034009257,-0.609904118102068));
#2995=CARTESIAN_POINT('Ctrl Pts',(-71.1039337859212,40.3801542311573,6.29156803332167));
#2996=CARTESIAN_POINT('Ctrl Pts',(-70.9450754606698,38.2753913356965,12.65665046011));
#2997=CARTESIAN_POINT('Ctrl Pts',(-70.7862171354184,36.1706284402357,19.0217328868983));
#2998=CARTESIAN_POINT('Ctrl Pts',(-70.627358810167,32.4437518190825,24.8504255890511));
#2999=CARTESIAN_POINT('Ctrl Pts',(-70.4685004849156,27.5493325741545,29.4317967118366));
#3000=CARTESIAN_POINT('Ctrl Pts',(-70.3096421596642,22.6549133292266,34.0131678346221));
#3001=CARTESIAN_POINT('Ctrl Pts',(-70.1507838344127,16.592951460524,37.3472173780401));
#3002=CARTESIAN_POINT('Ctrl Pts',(-69.9919255091614,10.1028309202878,39.0272877654877));
#3003=CARTESIAN_POINT('Ctrl Pts',(-69.83306718391,3.61271038005182,40.7073581529353));
#3004=CARTESIAN_POINT('Ctrl Pts',(-69.6742088586585,-3.3055688317177,40.7334493844124));
#3005=CARTESIAN_POINT('Ctrl Pts',(-69.5153505334071,-9.80817683173849,39.102379085566));
#3006=CARTESIAN_POINT('Ctrl Pts',(-69.3564922081557,-16.3107848317594,37.4713087867196));
#3007=CARTESIAN_POINT('Ctrl Pts',(-69.1976338829043,-22.3977216200316,34.1830769575497));
#3008=CARTESIAN_POINT('Ctrl Pts',(-69.0387755576529,-27.3265570305184,29.6387527368867));
#3009=CARTESIAN_POINT('Ctrl Pts',(-68.8799172324015,-32.2553924410052,25.0944285162236));
#3010=CARTESIAN_POINT('Ctrl Pts',(-68.7210589071501,-36.0261264737068,19.2940119040674));
#3011=CARTESIAN_POINT('Ctrl Pts',(-68.5622005818987,-38.1788386821639,12.9449858942924));
#3012=CARTESIAN_POINT('Ctrl Pts',(-68.4033422566473,-40.331550890621,6.59595988451735));
#3013=CARTESIAN_POINT('Ctrl Pts',(-68.2444839313958,-40.8662412748337,-0.301675522876511));
#3014=CARTESIAN_POINT('Ctrl Pts',(-68.0856256061444,-39.7176930786844,-6.90660838900431));
#3015=CARTESIAN_POINT('Ctrl Pts',(-67.926767280893,-38.569144882535,-13.511541255132));
#3016=CARTESIAN_POINT('Ctrl Pts',(-67.7679089556417,-35.7373581060236,-19.8237715799937));
#3017=CARTESIAN_POINT('Ctrl Pts',(-67.6090506303903,-31.567728799277,-25.0733899060972));
#3018=CARTESIAN_POINT('Ctrl Pts',(-67.4501923051389,-27.3980994925304,-30.3230082322008));
#3019=CARTESIAN_POINT('Ctrl Pts',(-67.2913339798874,-21.8906276555487,-34.5100145595462));
#3020=CARTESIAN_POINT('Ctrl Pts',(-67.132475654636,-15.7170654955673,-37.1237152658087));
#3021=CARTESIAN_POINT('Ctrl Pts',(-67.0049959921588,-10.7629428885785,-39.2211419088469));
#3022=CARTESIAN_POINT('Ctrl Pts',(-66.8775163296817,-5.37988183498066,-40.3054157618708));
#3023=CARTESIAN_POINT('Ctrl Pts',(-66.7500366672045,0.00101210034761934,
-40.3109603775329));
#3024=CARTESIAN_POINT('Origin',(-93.2499633327955,0.,0.));
#3025=CARTESIAN_POINT('',(-78.7500366672044,0.000829962010224781,-40.3076613515584));
#3026=CARTESIAN_POINT('',(-78.2499633327955,0.000998565518106183,-40.3106729978819));
#3027=CARTESIAN_POINT('',(-93.2499633327955,5.20428933939857E-13,-40.31025));
#3028=CARTESIAN_POINT('',(-80.,-38.9363109038278,-10.4345554894765));
#3029=CARTESIAN_POINT('Ctrl Pts',(-80.,-38.9363109038278,-10.4345554894764));
#3030=CARTESIAN_POINT('Ctrl Pts',(-79.8411416747486,-37.2004594775398,-16.9118463414888));
#3031=CARTESIAN_POINT('Ctrl Pts',(-79.6822833494972,-33.8178681412269,-22.9443177221612));
#3032=CARTESIAN_POINT('Ctrl Pts',(-79.5234250242458,-29.1958701267956,-27.7992582407983));
#3033=CARTESIAN_POINT('Ctrl Pts',(-79.3645666989944,-24.5738721123644,-32.6541987594353));
#3034=CARTESIAN_POINT('Ctrl Pts',(-79.205708373743,-18.7124674198148,-36.3316084160369));
#3035=CARTESIAN_POINT('Ctrl Pts',(-79.0468500484916,-12.3293653743613,-38.3820865501689));
#3036=CARTESIAN_POINT('Ctrl Pts',(-78.9479122547292,-8.35393611852735,-39.6591350298626));
#3037=CARTESIAN_POINT('Ctrl Pts',(-78.8489744609668,-4.17614758663253,-40.3051189981973));
#3038=CARTESIAN_POINT('Ctrl Pts',(-78.7500366672044,0.000829962010224781,
-40.3076613515584));
#3039=CARTESIAN_POINT('',(-80.,-38.9387621867918,10.4357936243867));
#3040=CARTESIAN_POINT('Origin',(-80.,0.,0.));
#3041=CARTESIAN_POINT('Ctrl Pts',(-78.2499633327955,0.000998565518106183,
-40.3106729978819));
#3042=CARTESIAN_POINT('Ctrl Pts',(-78.3745782807016,-5.25908108932035,-40.3053353971496));
#3043=CARTESIAN_POINT('Ctrl Pts',(-78.4991932286076,-10.5211964659619,-39.2702147020558));
#3044=CARTESIAN_POINT('Ctrl Pts',(-78.6238081765136,-15.3822861868249,-37.2635754507653));
#3045=CARTESIAN_POINT('Ctrl Pts',(-78.7816553046021,-21.5397260823758,-34.72180780372));
#3046=CARTESIAN_POINT('Ctrl Pts',(-78.9395024326906,-27.0537301400813,-30.6212624396359));
#3047=CARTESIAN_POINT('Ctrl Pts',(-79.0973495607791,-31.2600368361698,-25.4558546858966));
#3048=CARTESIAN_POINT('Ctrl Pts',(-79.2551966888675,-35.4663435322584,-20.2904469321572));
#3049=CARTESIAN_POINT('Ctrl Pts',(-79.413043816956,-38.3649528667298,-14.0601767887625));
#3050=CARTESIAN_POINT('Ctrl Pts',(-79.5708909450444,-39.6068554992485,-7.51554407305162));
#3051=CARTESIAN_POINT('Ctrl Pts',(-79.7139272966963,-40.7322305619024,-1.58499343273858));
#3052=CARTESIAN_POINT('Ctrl Pts',(-79.8569636483481,-40.4972103696699,4.60369424003101));
#3053=CARTESIAN_POINT('Ctrl Pts',(-80.,-38.9387621867918,10.4357936243867));
#3054=CARTESIAN_POINT('Origin',(-80.,0.,0.));
#3055=CARTESIAN_POINT('',(-40.3113654664241,-0.00115121420502795,-36.9579755729096));
#3056=CARTESIAN_POINT('',(-40.,4.52537608454926E-15,-36.9525));
#3057=CARTESIAN_POINT('',(-80.,4.52537608454926E-15,-36.9525));
#3058=CARTESIAN_POINT('',(-40.,11.8358823302026,-35.004429115763));
#3059=CARTESIAN_POINT('Origin',(-40.,0.,0.));
#3060=CARTESIAN_POINT('Ctrl Pts',(-40.3113654664241,-0.00115121420502795,
-36.9579755729096));
#3061=CARTESIAN_POINT('Ctrl Pts',(-40.2520897680719,2.29347497292955,-36.9568890092741));
#3062=CARTESIAN_POINT('Ctrl Pts',(-40.1928140697196,4.5887314431181,-36.7407650033846));
#3063=CARTESIAN_POINT('Ctrl Pts',(-40.1335383713674,6.8427263476014,-36.3146183633622));
#3064=CARTESIAN_POINT('Ctrl Pts',(-40.0890255809116,8.53535259513241,-35.9946056664549));
#3065=CARTESIAN_POINT('Ctrl Pts',(-40.0445127904558,10.2047106856278,-35.5561573370534));
#3066=CARTESIAN_POINT('Ctrl Pts',(-40.,11.8358823302026,-35.004429115763));
#3067=CARTESIAN_POINT('Origin',(-80.,0.,0.));
#3068=CARTESIAN_POINT('',(-46.3113654664241,-0.000755572099829795,-36.9541511777231));
#3069=CARTESIAN_POINT('',(-44.6886345335759,-0.00084576717606161,-36.953833103552));
#3070=CARTESIAN_POINT('',(-80.,4.52537608454926E-15,-36.9525));
#3071=CARTESIAN_POINT('',(-40.,-36.2338775337307,-7.25212900606486));
#3072=CARTESIAN_POINT('Ctrl Pts',(-40.,-36.2338775337307,-7.2521290060646));
#3073=CARTESIAN_POINT('Ctrl Pts',(-40.1588583252514,-37.4403130633992,-1.22440429270212));
#3074=CARTESIAN_POINT('Ctrl Pts',(-40.3177166505028,-37.1128768698388,5.10715263673194));
#3075=CARTESIAN_POINT('Ctrl Pts',(-40.4765749757542,-35.2884470996093,10.9749340064332));
#3076=CARTESIAN_POINT('Ctrl Pts',(-40.6354333010056,-33.4640173293797,16.8427153761349));
#3077=CARTESIAN_POINT('Ctrl Pts',(-40.7942916262571,-30.1425939824811,22.2467211861037));
#3078=CARTESIAN_POINT('Ctrl Pts',(-40.9531499515085,-25.7312342363272,26.5259769059656));
#3079=CARTESIAN_POINT('Ctrl Pts',(-41.1120082767599,-21.3198744901735,30.8052326258273));
#3080=CARTESIAN_POINT('Ctrl Pts',(-41.2708666020113,-15.8185783447649,33.9597382555818));
#3081=CARTESIAN_POINT('Ctrl Pts',(-41.4297249272627,-9.8975553961326,35.6055614911136));
#3082=CARTESIAN_POINT('Ctrl Pts',(-41.5885832525141,-3.97653244750031,37.2513847266454));
#3083=CARTESIAN_POINT('Ctrl Pts',(-41.7474415777655,2.36421730435534,37.3885255679544));
#3084=CARTESIAN_POINT('Ctrl Pts',(-41.9062999030169,8.35092050720234,35.9998478942978));
#3085=CARTESIAN_POINT('Ctrl Pts',(-42.0651582282683,14.3376237100494,34.6111702206411));
#3086=CARTESIAN_POINT('Ctrl Pts',(-42.2240165535197,19.9702803638878,31.6966740320186));
#3087=CARTESIAN_POINT('Ctrl Pts',(-42.3828748787711,24.5620625696284,27.6120490813448));
#3088=CARTESIAN_POINT('Ctrl Pts',(-42.5417332040225,29.1538447753691,23.5274241306711));
#3089=CARTESIAN_POINT('Ctrl Pts',(-42.7005915292739,32.7047525330123,18.2726704179461));
#3090=CARTESIAN_POINT('Ctrl Pts',(-42.8594498545253,34.7815804933625,12.4886122600358));
#3091=CARTESIAN_POINT('Ctrl Pts',(-43.0183081797767,36.8584084537127,6.70455410212562));
#3092=CARTESIAN_POINT('Ctrl Pts',(-43.1771665050281,37.46115661677,0.391191499030183));
#3093=CARTESIAN_POINT('Ctrl Pts',(-43.3360248302795,36.5163562251417,-5.68137575685297));
#3094=CARTESIAN_POINT('Ctrl Pts',(-43.4948831555309,35.5715558335135,-11.7539430127363));
#3095=CARTESIAN_POINT('Ctrl Pts',(-43.6537414807824,33.0792068871996,-17.5857149214073));
#3096=CARTESIAN_POINT('Ctrl Pts',(-43.8125998060338,29.3432790962677,-22.4654103858062));
#3097=CARTESIAN_POINT('Ctrl Pts',(-43.9714581312852,25.6073513053358,-27.3451058502049));
#3098=CARTESIAN_POINT('Ctrl Pts',(-44.1303164565365,20.627844669786,-31.2727248703316));
#3099=CARTESIAN_POINT('Ctrl Pts',(-44.2891747817879,15.0121273965525,-33.7691982909028));
#3100=CARTESIAN_POINT('Ctrl Pts',(-44.4223280323839,10.3050967251941,-35.861714062106));
#3101=CARTESIAN_POINT('Ctrl Pts',(-44.5554812829799,5.15108973638262,-36.9487637943298));
#3102=CARTESIAN_POINT('Ctrl Pts',(-44.6886345335759,-0.00084576717606161,
-36.953833103552));
#3103=CARTESIAN_POINT('Origin',(-40.,0.,0.));
#3104=CARTESIAN_POINT('',(-41.1696064902369,-28.9171041203505,-23.006267527411));
#3105=CARTESIAN_POINT('Ctrl Pts',(-41.1696064902369,-28.9171041203505,-23.006267527411));
#3106=CARTESIAN_POINT('Ctrl Pts',(-41.0832674803311,-26.8370154539691,-25.6207785720056));
#3107=CARTESIAN_POINT('Ctrl Pts',(-40.9969284704253,-24.4019498352099,-27.9566191766356));
#3108=CARTESIAN_POINT('Ctrl Pts',(-40.9105894605195,-21.6969436669192,-29.9165477802563));
#3109=CARTESIAN_POINT('Ctrl Pts',(-40.7379114407079,-16.2869313303374,-33.8364049874981));
#3110=CARTESIAN_POINT('Ctrl Pts',(-40.5652334208963,-9.79715679562904,-36.252614190703));
#3111=CARTESIAN_POINT('Ctrl Pts',(-40.3925554010848,-3.13971999674317,-36.8245108528795));
#3112=CARTESIAN_POINT('Ctrl Pts',(-40.3654920895312,-2.0963197629845,-36.9141425127851));
#3113=CARTESIAN_POINT('Ctrl Pts',(-40.3384287779777,-1.04880118084684,-36.9584716617117));
#3114=CARTESIAN_POINT('Ctrl Pts',(-40.3113654664241,-0.00115121420502795,
-36.9579755729096));
#3115=CARTESIAN_POINT('Ctrl Pts',(-41.1696064902369,-28.9171041203505,-23.006267527411));
#3116=CARTESIAN_POINT('Ctrl Pts',(-41.3274536183253,-32.7199740225648,-18.226353324142));
#3117=CARTESIAN_POINT('Ctrl Pts',(-41.4853007464138,-35.3131266803447,-12.4878388157357));
#3118=CARTESIAN_POINT('Ctrl Pts',(-41.6431478745023,-36.3836455958525,-6.47660346264685));
#3119=CARTESIAN_POINT('Ctrl Pts',(-41.8009950025907,-37.4541645113604,-0.465368109557965));
#3120=CARTESIAN_POINT('Ctrl Pts',(-41.9588421306792,-37.0020496845963,5.81858808821358));
#3121=CARTESIAN_POINT('Ctrl Pts',(-42.1166892587677,-35.0825968008354,11.6159030140371));
#3122=CARTESIAN_POINT('Ctrl Pts',(-42.2745363868561,-33.1631439170745,17.4132179398607));
#3123=CARTESIAN_POINT('Ctrl Pts',(-42.4323835149446,-29.7763529763167,22.7238915937363));
#3124=CARTESIAN_POINT('Ctrl Pts',(-42.5902306430331,-25.3298806022372,26.9092731483442));
#3125=CARTESIAN_POINT('Ctrl Pts',(-42.7480777711215,-20.8834082281577,31.0946547029521));
#3126=CARTESIAN_POINT('Ctrl Pts',(-42.90592489921,-15.3772544207565,34.1547441582924));
#3127=CARTESIAN_POINT('Ctrl Pts',(-43.0637720272985,-9.47480686555033,35.7204236090105));
#3128=CARTESIAN_POINT('Ctrl Pts',(-43.2216191553869,-3.57235931034403,37.2861030597287));
#3129=CARTESIAN_POINT('Ctrl Pts',(-43.3794662834754,2.72638199266719,37.3573725058247));
#3130=CARTESIAN_POINT('Ctrl Pts',(-43.5373134115639,8.66277322342484,35.9259047929625));
#3131=CARTESIAN_POINT('Ctrl Pts',(-43.6951605396523,14.5991644541823,34.4944370801003));
#3132=CARTESIAN_POINT('Ctrl Pts',(-43.8530076677408,20.1732056126863,31.5602322082801));
#3133=CARTESIAN_POINT('Ctrl Pts',(-44.0108547958293,24.7134392813672,27.476600685576));
#3134=CARTESIAN_POINT('Ctrl Pts',(-44.1687019239178,29.2536729500481,23.392969162872));
#3135=CARTESIAN_POINT('Ctrl Pts',(-44.3265490520063,32.760099128906,18.1599109892841));
#3136=CARTESIAN_POINT('Ctrl Pts',(-44.4843961800947,34.810369024077,12.4078395476506));
#3137=CARTESIAN_POINT('Ctrl Pts',(-44.6422433081832,36.8606389192479,6.65576810601706));
#3138=CARTESIAN_POINT('Ctrl Pts',(-44.8000904362716,37.4547525307319,0.384683396337894));
#3139=CARTESIAN_POINT('Ctrl Pts',(-44.9579375643601,36.521136804575,-5.65006326470824));
#3140=CARTESIAN_POINT('Ctrl Pts',(-45.1157846924485,35.587521078418,-11.6848099257543));
#3141=CARTESIAN_POINT('Ctrl Pts',(-45.2736318205371,33.12617601462,-17.4832185381673));
#3142=CARTESIAN_POINT('Ctrl Pts',(-45.4314789486255,29.4335876608506,-22.3468249707394));
#3143=CARTESIAN_POINT('Ctrl Pts',(-45.589326076714,25.7409993070813,-27.2104314033114));
#3144=CARTESIAN_POINT('Ctrl Pts',(-45.7471732048024,20.8171676633405,-31.1392356560425));
#3145=CARTESIAN_POINT('Ctrl Pts',(-45.9050203328909,15.2551909412863,-33.6600015682407));
#3146=CARTESIAN_POINT('Ctrl Pts',(-46.0404687107353,10.4824672703918,-35.8230669205692));
#3147=CARTESIAN_POINT('Ctrl Pts',(-46.1759170885797,5.23985633837729,-36.9493472190451));
#3148=CARTESIAN_POINT('Ctrl Pts',(-46.3113654664241,-0.000755572099829795,
-36.9541511777231));
#3149=CARTESIAN_POINT('Origin',(-80.,0.,0.));
#3150=CARTESIAN_POINT('',(-52.3113654664241,-0.000158312625950785,-36.9494592816398));
#3151=CARTESIAN_POINT('',(-50.6886345335759,0.000401453280695642,-36.949598353823));
#3152=CARTESIAN_POINT('',(-80.,4.52537608454926E-15,-36.9525));
#3153=CARTESIAN_POINT('Ctrl Pts',(-44.6886345335759,-0.00084576717606161,
-36.953833103552));
#3154=CARTESIAN_POINT('Ctrl Pts',(-44.7143396082314,-0.995420711056129,
-36.9548117275917));
#3155=CARTESIAN_POINT('Ctrl Pts',(-44.7400446828868,-1.98991845516046,-36.9154672810751));
#3156=CARTESIAN_POINT('Ctrl Pts',(-44.7657497575422,-2.9811083200707,-36.8352492804139));
#3157=CARTESIAN_POINT('Ctrl Pts',(-44.9246080827936,-9.1066988525433,-36.3394990283383));
#3158=CARTESIAN_POINT('Ctrl Pts',(-45.083466408045,-15.1059520065714,-34.2826707031714));
#3159=CARTESIAN_POINT('Ctrl Pts',(-45.2423247332964,-20.2471293112485,-30.9156344707741));
#3160=CARTESIAN_POINT('Ctrl Pts',(-45.4011830585478,-25.3883066159256,-27.5485982383768));
#3161=CARTESIAN_POINT('Ctrl Pts',(-45.5600413837992,-29.6714080712517,-22.8713540987492));
#3162=CARTESIAN_POINT('Ctrl Pts',(-45.7188997090507,-32.5740208293729,-17.4543922048624));
#3163=CARTESIAN_POINT('Ctrl Pts',(-45.8777580343021,-35.4766335874941,-12.0374303109756));
#3164=CARTESIAN_POINT('Ctrl Pts',(-46.0366163595535,-36.9987576484103,-5.88075066282971));
#3165=CARTESIAN_POINT('Ctrl Pts',(-46.1954746848049,-36.9547371122382,0.264710822289658));
#3166=CARTESIAN_POINT('Ctrl Pts',(-46.3543330100563,-36.9107165760661,6.41017230740876));
#3167=CARTESIAN_POINT('Ctrl Pts',(-46.5131913353077,-35.3005514428058,12.5444156295013));
#3168=CARTESIAN_POINT('Ctrl Pts',(-46.6720496605591,-32.3206356758482,17.9192401626551));
#3169=CARTESIAN_POINT('Ctrl Pts',(-46.8309079858105,-29.3407199088906,23.294064695809));
#3170=CARTESIAN_POINT('Ctrl Pts',(-46.9897663110619,-24.9910535082356,27.909470440024));
#3171=CARTESIAN_POINT('Ctrl Pts',(-47.1486246363133,-19.8021697135968,31.2025116579198));
#3172=CARTESIAN_POINT('Ctrl Pts',(-47.3074829615647,-14.613285918958,34.4955528758157));
#3173=CARTESIAN_POINT('Ctrl Pts',(-47.4663412868161,-8.5851847303355,36.4662295673925));
#3174=CARTESIAN_POINT('Ctrl Pts',(-47.6251996120675,-2.45312017512123,36.8741760870811));
#3175=CARTESIAN_POINT('Ctrl Pts',(-47.7840579373189,3.67894438009296,37.2821226067696));
#3176=CARTESIAN_POINT('Ctrl Pts',(-47.9429162625703,9.91497230189889,36.12733895457));
#3177=CARTESIAN_POINT('Ctrl Pts',(-48.1017745878217,15.4943486732876,33.5506753782732));
#3178=CARTESIAN_POINT('Ctrl Pts',(-48.2606329130731,21.0737250446764,30.9740118019763));
#3179=CARTESIAN_POINT('Ctrl Pts',(-48.4194912383246,25.996449865648,26.9754683015821));
#3180=CARTESIAN_POINT('Ctrl Pts',(-48.578349563576,29.6620931190944,22.042751459686));
#3181=CARTESIAN_POINT('Ctrl Pts',(-48.7372078888274,33.3277363725408,17.1100346177899));
#3182=CARTESIAN_POINT('Ctrl Pts',(-48.8960662140788,35.736298058462,11.2431444343919));
#3183=CARTESIAN_POINT('Ctrl Pts',(-49.0549245393302,36.5940033553317,5.1576717695352));
#3184=CARTESIAN_POINT('Ctrl Pts',(-49.2137828645816,37.4517086522013,-0.927800895321474));
#3185=CARTESIAN_POINT('Ctrl Pts',(-49.372641189833,36.7585575600194,-7.23185604163682));
#3186=CARTESIAN_POINT('Ctrl Pts',(-49.5314995150844,34.5990944492606,-12.9855813543302));
#3187=CARTESIAN_POINT('Ctrl Pts',(-49.6903578403358,32.4396313385019,-18.7393066670235));
#3188=CARTESIAN_POINT('Ctrl Pts',(-49.8492161655873,28.8138562091663,-23.9427021460949));
#3189=CARTESIAN_POINT('Ctrl Pts',(-50.0080744908387,24.1640087198534,-27.9611040979599));
#3190=CARTESIAN_POINT('Ctrl Pts',(-50.1669328160901,19.5141612305405,-31.9795060498249));
#3191=CARTESIAN_POINT('Ctrl Pts',(-50.3257911413415,13.8402413812504,-34.8129144744835));
#3192=CARTESIAN_POINT('Ctrl Pts',(-50.4846494665929,7.83430321898756,-36.1157355296293));
#3193=CARTESIAN_POINT('Ctrl Pts',(-50.5526444889205,5.26362334561313,-36.6733729502267));
#3194=CARTESIAN_POINT('Ctrl Pts',(-50.6206395112482,2.63211648301976,-36.9506010747511));
#3195=CARTESIAN_POINT('Ctrl Pts',(-50.6886345335759,0.000401453280695642,
-36.949598353823));
#3196=CARTESIAN_POINT('Ctrl Pts',(-46.3113654664241,-0.000755572099829795,
-36.9541511777231));
#3197=CARTESIAN_POINT('Ctrl Pts',(-46.3337642166682,-0.867382099319976,
-36.9549455960271));
#3198=CARTESIAN_POINT('Ctrl Pts',(-46.3561629669123,-1.73395396052323,-36.9250716881584));
#3199=CARTESIAN_POINT('Ctrl Pts',(-46.3785617171563,-2.59833719072023,-36.8641464630324));
#3200=CARTESIAN_POINT('Ctrl Pts',(-46.5364088452448,-8.6897668003044,-36.4347978739604));
#3201=CARTESIAN_POINT('Ctrl Pts',(-46.6942559733332,-14.6725042191051,-34.4633731241509));
#3202=CARTESIAN_POINT('Ctrl Pts',(-46.8521031014217,-19.8258989547851,-31.1873424046079));
#3203=CARTESIAN_POINT('Ctrl Pts',(-47.0099502295102,-24.9792936904651,-27.9113116850649));
#3204=CARTESIAN_POINT('Ctrl Pts',(-47.1677973575987,-29.3033457430244,-23.3306749957884));
#3205=CARTESIAN_POINT('Ctrl Pts',(-47.3256444856871,-32.2772008192929,-17.9971922161362));
#3206=CARTESIAN_POINT('Ctrl Pts',(-47.4834916137756,-35.2510558955615,-12.6637094364839));
#3207=CARTESIAN_POINT('Ctrl Pts',(-47.641338741864,-36.8747139955393,-6.57738056645596));
#3208=CARTESIAN_POINT('Ctrl Pts',(-47.7991858699525,-36.9525974107718,-0.47133531609351));
#3209=CARTESIAN_POINT('Ctrl Pts',(-47.957032998041,-37.0304808260044,5.63470993426885));
#3210=CARTESIAN_POINT('Ctrl Pts',(-48.1148801261295,-35.5625895564918,11.7604715649657));
#3211=CARTESIAN_POINT('Ctrl Pts',(-48.2727272542179,-32.7257384783017,17.1680707786608));
#3212=CARTESIAN_POINT('Ctrl Pts',(-48.4305743823064,-29.8888874001115,22.5756699923559));
#3213=CARTESIAN_POINT('Ctrl Pts',(-48.5884215103949,-25.6830765132439,27.2651067890493));
#3214=CARTESIAN_POINT('Ctrl Pts',(-48.7462686384833,-20.6149171095842,30.6715145870894));
#3215=CARTESIAN_POINT('Ctrl Pts',(-48.9041157665718,-15.5467577059243,34.0779223851295));
#3216=CARTESIAN_POINT('Ctrl Pts',(-49.0619628946602,-9.61624978547225,36.2013011845162));
#3217=CARTESIAN_POINT('Ctrl Pts',(-49.2198100227487,-3.53775309103904,36.7858793046859));
#3218=CARTESIAN_POINT('Ctrl Pts',(-49.3776571508372,2.54074360339408,37.3704574248557));
#3219=CARTESIAN_POINT('Ctrl Pts',(-49.5355042789257,8.76722907180834,36.4162348658084));
#3220=CARTESIAN_POINT('Ctrl Pts',(-49.6933514070141,14.3916915466614,34.038152541589));
#3221=CARTESIAN_POINT('Ctrl Pts',(-49.8511985351026,20.0161540215145,31.6600702173695));
#3222=CARTESIAN_POINT('Ctrl Pts',(-50.0090456631911,25.0385935028063,27.8581281279779));
#3223=CARTESIAN_POINT('Ctrl Pts',(-50.1668927912795,28.854031683557,23.0902895000819));
#3224=CARTESIAN_POINT('Ctrl Pts',(-50.324739919368,32.6694698643077,18.3224508721858));
#3225=CARTESIAN_POINT('Ctrl Pts',(-50.4825870474565,35.2779067445172,12.5887157057852));
#3226=CARTESIAN_POINT('Ctrl Pts',(-50.6404341755449,36.3651428684327,6.57974147736875));
#3227=CARTESIAN_POINT('Ctrl Pts',(-50.7982813036334,37.4523789923482,0.570767248952265));
#3228=CARTESIAN_POINT('Ctrl Pts',(-50.9561284317219,37.0184143599696,-5.71344604148017));
#3229=CARTESIAN_POINT('Ctrl Pts',(-51.1139755598103,35.1155222137115,-11.5159330224386));
#3230=CARTESIAN_POINT('Ctrl Pts',(-51.2718226878988,33.2126300674533,-17.3184200033971));
#3231=CARTESIAN_POINT('Ctrl Pts',(-51.4296698159873,29.8408104073155,-22.6391806748815));
#3232=CARTESIAN_POINT('Ctrl Pts',(-51.5875169440758,25.4062160141884,-26.8373024268008));
#3233=CARTESIAN_POINT('Ctrl Pts',(-51.7453640721642,20.9716216210614,-31.0354241787201));
#3234=CARTESIAN_POINT('Ctrl Pts',(-51.9032112002527,15.4742524949451,-34.1109070110742));
#3235=CARTESIAN_POINT('Ctrl Pts',(-52.0610583283411,9.57629463255809,-35.6932934153742));
#3236=CARTESIAN_POINT('Ctrl Pts',(-52.1444940410355,6.45871926930255,-36.5297200200227));
#3237=CARTESIAN_POINT('Ctrl Pts',(-52.2279297537298,3.22921833358424,-36.9489714589192));
#3238=CARTESIAN_POINT('Ctrl Pts',(-52.3113654664241,-0.000158312625950785,
-36.9494592816398));
#3239=CARTESIAN_POINT('Origin',(-80.,0.,0.));
#3240=CARTESIAN_POINT('',(-58.3113654664241,0.000900670042178755,-36.9531056645681));
#3241=CARTESIAN_POINT('',(-56.6886345335759,0.000116562325714475,-36.955654411533));
#3242=CARTESIAN_POINT('',(-80.,4.52537608454926E-15,-36.9525));
#3243=CARTESIAN_POINT('Ctrl Pts',(-50.6886345335759,0.000401453280695642,
-36.949598353823));
#3244=CARTESIAN_POINT('Ctrl Pts',(-50.7794978364996,-3.5164195105199,-36.9482583949213));
#3245=CARTESIAN_POINT('Ctrl Pts',(-50.8703611394233,-7.03361221063172,-36.4500652567553));
#3246=CARTESIAN_POINT('Ctrl Pts',(-50.9612244423471,-10.4065189024628,-35.4602174856294));
#3247=CARTESIAN_POINT('Ctrl Pts',(-51.1200827675985,-16.3034463864147,-33.7296447008507));
#3248=CARTESIAN_POINT('Ctrl Pts',(-51.2789410928499,-21.7593448790833,-30.4962654456603));
#3249=CARTESIAN_POINT('Ctrl Pts',(-51.4377994181013,-26.1087526293313,-26.1544584329405));
#3250=CARTESIAN_POINT('Ctrl Pts',(-51.5966577433527,-30.4581603795792,-21.8126514202208));
#3251=CARTESIAN_POINT('Ctrl Pts',(-51.7555160686041,-33.7010773874066,-16.3624166499718));
#3252=CARTESIAN_POINT('Ctrl Pts',(-51.9143743938555,-35.4419616103235,-10.468525063273));
#3253=CARTESIAN_POINT('Ctrl Pts',(-52.0732327191069,-37.1828458332404,-4.57463347657392));
#3254=CARTESIAN_POINT('Ctrl Pts',(-52.2320910443583,-37.4216972712466,1.76291492657485));
#3255=CARTESIAN_POINT('Ctrl Pts',(-52.3909493696097,-36.1293829600989,7.77112261564433));
#3256=CARTESIAN_POINT('Ctrl Pts',(-52.5498076948611,-34.8370686489512,13.7793303047136));
#3257=CARTESIAN_POINT('Ctrl Pts',(-52.7086660201125,-32.0135885886497,19.4581972797036));
#3258=CARTESIAN_POINT('Ctrl Pts',(-52.867524345364,-28.0033256500764,24.1150660857772));
#3259=CARTESIAN_POINT('Ctrl Pts',(-53.0263826706154,-23.9930627115031,28.7719348918507));
#3260=CARTESIAN_POINT('Ctrl Pts',(-53.1852409958668,-18.7960168946579,32.4068055290077));
#3261=CARTESIAN_POINT('Ctrl Pts',(-53.3440993211182,-13.0460774145,34.5763289532106));
#3262=CARTESIAN_POINT('Ctrl Pts',(-53.5029576463696,-7.29613793434185,36.7458523774135));
#3263=CARTESIAN_POINT('Ctrl Pts',(-53.661815971621,-0.993304790870931,37.4500285886622));
#3264=CARTESIAN_POINT('Ctrl Pts',(-53.8206742968724,5.09365874272139,36.6029684642946));
#3265=CARTESIAN_POINT('Ctrl Pts',(-53.9795326221238,11.1806222763135,35.755908339927));
#3266=CARTESIAN_POINT('Ctrl Pts',(-54.1383909473752,17.0517162000271,33.3576118799431));
#3267=CARTESIAN_POINT('Ctrl Pts',(-54.2972492726266,21.9908369332349,29.7006018585745));
#3268=CARTESIAN_POINT('Ctrl Pts',(-54.456107597878,26.9299576664427,26.0435918372058));
#3269=CARTESIAN_POINT('Ctrl Pts',(-54.6149659231294,30.9371052091447,21.1278682544524));
#3270=CARTESIAN_POINT('Ctrl Pts',(-54.7738242483808,33.5235235065636,15.5530071526516));
#3271=CARTESIAN_POINT('Ctrl Pts',(-54.9326825736323,36.1099418039824,9.97814605085076));
#3272=CARTESIAN_POINT('Ctrl Pts',(-55.0915408988837,37.2756308561182,3.7441474300025));
#3273=CARTESIAN_POINT('Ctrl Pts',(-55.2503992241351,36.8784103274182,-2.38862125674648));
#3274=CARTESIAN_POINT('Ctrl Pts',(-55.4092575493865,36.4811897987182,-8.52138994349546));
#3275=CARTESIAN_POINT('Ctrl Pts',(-55.5681158746379,34.5210596891825,-14.5529286961452));
#3276=CARTESIAN_POINT('Ctrl Pts',(-55.7269741998893,31.2370991564882,-19.7475643073599));
#3277=CARTESIAN_POINT('Ctrl Pts',(-55.8858325251407,27.9531386237939,-24.9421999185747));
#3278=CARTESIAN_POINT('Ctrl Pts',(-56.0446908503921,23.3453476679411,-29.2999323883545));
#3279=CARTESIAN_POINT('Ctrl Pts',(-56.2035491756435,17.975743460705,-32.2892444448692));
#3280=CARTESIAN_POINT('Ctrl Pts',(-56.362407500895,12.606139253469,-35.2785565013838));
#3281=CARTESIAN_POINT('Ctrl Pts',(-56.5212658261463,6.47472179484972,-36.8994481446333));
#3282=CARTESIAN_POINT('Ctrl Pts',(-56.6801241513977,0.329346604354611,-36.9542174940804));
#3283=CARTESIAN_POINT('Ctrl Pts',(-56.6829609454571,0.219606281928518,-36.9551955313655));
#3284=CARTESIAN_POINT('Ctrl Pts',(-56.6857977395165,0.109861508575036,-36.9556741539409));
#3285=CARTESIAN_POINT('Ctrl Pts',(-56.6886345335759,0.000116562325714475,
-36.955654411533));
#3286=CARTESIAN_POINT('Ctrl Pts',(-52.3113654664241,-0.000158312625950785,
-36.9494592816398));
#3287=CARTESIAN_POINT('Ctrl Pts',(-52.3857768818182,-2.88024981451993,-36.9498943420944));
#3288=CARTESIAN_POINT('Ctrl Pts',(-52.4601882972124,-5.76024245891009,-36.6172528105691));
#3289=CARTESIAN_POINT('Ctrl Pts',(-52.5345997126066,-8.56065327663439,-35.950407914091));
#3290=CARTESIAN_POINT('Ctrl Pts',(-52.692446840695,-14.5010967247825,-34.535846032262));
#3291=CARTESIAN_POINT('Ctrl Pts',(-52.8502939687835,-20.083437022421,-31.6174322923581));
#3292=CARTESIAN_POINT('Ctrl Pts',(-53.0081410968719,-24.6352529644309,-27.5467044326154));
#3293=CARTESIAN_POINT('Ctrl Pts',(-53.1659882249604,-29.1870689064409,-23.4759765728726));
#3294=CARTESIAN_POINT('Ctrl Pts',(-53.3238353530489,-32.7083604928221,-18.252934593291));
#3295=CARTESIAN_POINT('Ctrl Pts',(-53.4816824811374,-34.7749702904244,-12.5067203941145));
#3296=CARTESIAN_POINT('Ctrl Pts',(-53.6395296092259,-36.8415800880268,-6.76050619493806));
#3297=CARTESIAN_POINT('Ctrl Pts',(-53.7973767373143,-37.4535080968503,-0.491119776166814));
#3298=CARTESIAN_POINT('Ctrl Pts',(-53.9552238654028,-36.5370444842334,5.5462594669193));
#3299=CARTESIAN_POINT('Ctrl Pts',(-54.1130709934912,-35.6205808716166,11.5836387100054));
#3300=CARTESIAN_POINT('Ctrl Pts',(-54.2709181215797,-33.1757256375594,17.3890107774064));
#3301=CARTESIAN_POINT('Ctrl Pts',(-54.4287652496682,-29.496973996442,22.2630891560563));
#3302=CARTESIAN_POINT('Ctrl Pts',(-54.5866123777567,-25.8182223553246,27.1371675347062));
#3303=CARTESIAN_POINT('Ctrl Pts',(-54.7444595058451,-20.905574307147,31.0799522246049));
#3304=CARTESIAN_POINT('Ctrl Pts',(-54.9023066339336,-15.3507832285146,33.6165148102567));
#3305=CARTESIAN_POINT('Ctrl Pts',(-55.060153762022,-9.79599214988226,36.1530773959084));
#3306=CARTESIAN_POINT('Ctrl Pts',(-55.2180008901105,-3.59905804079508,37.2834178773132));
#3307=CARTESIAN_POINT('Ctrl Pts',(-55.375848018199,2.49356695160921,36.8713810098712));
#3308=CARTESIAN_POINT('Ctrl Pts',(-55.5336951462875,8.58619194401351,36.4593441424292));
#3309=CARTESIAN_POINT('Ctrl Pts',(-55.6915422743759,14.5745078197349,34.5049299261403));
#3310=CARTESIAN_POINT('Ctrl Pts',(-55.8493894024644,19.7371915560557,31.2435574670475));
#3311=CARTESIAN_POINT('Ctrl Pts',(-56.0072365305528,24.8998752923765,27.9821850079546));
#3312=CARTESIAN_POINT('Ctrl Pts',(-56.1650836586413,29.2369268892966,23.4138543060577));
#3313=CARTESIAN_POINT('Ctrl Pts',(-56.3229307867298,32.2259264824489,18.0888439670694));
#3314=CARTESIAN_POINT('Ctrl Pts',(-56.4807779148183,35.2149260756012,12.7638336280812));
#3315=CARTESIAN_POINT('Ctrl Pts',(-56.6386250429067,36.8558736649857,6.68214365200157));
#3316=CARTESIAN_POINT('Ctrl Pts',(-56.7964721709952,36.9511087898215,0.57634444557517));
#3317=CARTESIAN_POINT('Ctrl Pts',(-56.9543192990837,37.0463439146573,-5.52945476085124));
#3318=CARTESIAN_POINT('Ctrl Pts',(-57.1121664271722,35.5958665749445,-11.6593631976245));
#3319=CARTESIAN_POINT('Ctrl Pts',(-57.2700135552606,32.7743941237385,-17.075002299825));
#3320=CARTESIAN_POINT('Ctrl Pts',(-57.4278606833491,29.9529216725324,-22.4906414020255));
#3321=CARTESIAN_POINT('Ctrl Pts',(-57.5857078114375,25.7604541098331,-27.1920111696533));
#3322=CARTESIAN_POINT('Ctrl Pts',(-57.743554939526,20.7019954196888,-30.6128077666907));
#3323=CARTESIAN_POINT('Ctrl Pts',(-57.9014020676145,15.6435367295445,-34.033604363728));
#3324=CARTESIAN_POINT('Ctrl Pts',(-58.0592491957029,9.71908691195524,-36.1738277901749));
#3325=CARTESIAN_POINT('Ctrl Pts',(-58.2170963237914,3.64227599897981,-36.7756772781199));
#3326=CARTESIAN_POINT('Ctrl Pts',(-58.2485193713356,2.43254909074818,-36.895489056156));
#3327=CARTESIAN_POINT('Ctrl Pts',(-58.2799424188798,1.21678412393723,-36.9543351924447));
#3328=CARTESIAN_POINT('Ctrl Pts',(-58.3113654664241,0.000900670042178755,
-36.9531056645681));
#3329=CARTESIAN_POINT('Origin',(-80.,0.,0.));
#3330=CARTESIAN_POINT('',(-64.3113654664241,-0.000712904811983329,-36.9543439369961));
#3331=CARTESIAN_POINT('',(-62.6886345335759,-0.000578345393021314,-36.9499162194711));
#3332=CARTESIAN_POINT('',(-80.,4.52537608454926E-15,-36.9525));
#3333=CARTESIAN_POINT('Ctrl Pts',(-56.6886345335759,0.000116562325714475,
-36.955654411533));
#3334=CARTESIAN_POINT('Ctrl Pts',(-56.8446560647679,-6.03577261252944,-36.9545685940103));
#3335=CARTESIAN_POINT('Ctrl Pts',(-57.00067759596,-12.0721847829319,-35.4459700970118));
#3336=CARTESIAN_POINT('Ctrl Pts',(-57.156699127152,-17.3973917643981,-32.6044999897506));
#3337=CARTESIAN_POINT('Ctrl Pts',(-57.3155574524034,-22.8194220202846,-29.7113660803292));
#3338=CARTESIAN_POINT('Ctrl Pts',(-57.4744157776547,-27.5041496096865,-25.4364512058418));
#3339=CARTESIAN_POINT('Ctrl Pts',(-57.6332741029061,-30.8801733176699,-20.3011712877919));
#3340=CARTESIAN_POINT('Ctrl Pts',(-57.7921324281576,-34.2561970256533,-15.1658913697419));
#3341=CARTESIAN_POINT('Ctrl Pts',(-57.950990753409,-36.3235168522182,-9.1702464081294));
#3342=CARTESIAN_POINT('Ctrl Pts',(-58.1098490786604,-36.8299795957081,-3.04553160635698));
#3343=CARTESIAN_POINT('Ctrl Pts',(-58.2687074039118,-37.336442339198,3.07918319541527));
#3344=CARTESIAN_POINT('Ctrl Pts',(-58.4275657291632,-36.282047999613,9.33296783734741));
#3345=CARTESIAN_POINT('Ctrl Pts',(-58.5864240544146,-33.7954021778469,14.9530415442203));
#3346=CARTESIAN_POINT('Ctrl Pts',(-58.745282379666,-31.3087563560807,20.5731152510932));
#3347=CARTESIAN_POINT('Ctrl Pts',(-58.9041407049174,-27.3898590521333,25.5594780229069));
#3348=CARTESIAN_POINT('Ctrl Pts',(-59.0629990301688,-22.5167023451476,29.3039378801829));
#3349=CARTESIAN_POINT('Ctrl Pts',(-59.2218573554202,-17.6435456381618,33.048397737459));
#3350=CARTESIAN_POINT('Ctrl Pts',(-59.3807156806716,-11.8161295281378,35.5509546801975));
#3351=CARTESIAN_POINT('Ctrl Pts',(-59.539574005923,-5.74523016622786,36.5063691720042));
#3352=CARTESIAN_POINT('Ctrl Pts',(-59.6984323311745,0.325669195682056,37.4617836638109));
#3353=CARTESIAN_POINT('Ctrl Pts',(-59.8572906564259,6.64005180947782,36.8700557046859));
#3354=CARTESIAN_POINT('Ctrl Pts',(-60.0161489816773,12.4277457007543,34.8033589841983));
#3355=CARTESIAN_POINT('Ctrl Pts',(-60.1750073069287,18.2154395920306,32.7366622637108));
#3356=CARTESIAN_POINT('Ctrl Pts',(-60.3338656321801,23.4764447607876,29.1949967818609));
#3357=CARTESIAN_POINT('Ctrl Pts',(-60.4927239574315,27.5690708018027,24.6103432505681));
#3358=CARTESIAN_POINT('Ctrl Pts',(-60.6515822826829,31.6616968428179,20.0256897192751));
#3359=CARTESIAN_POINT('Ctrl Pts',(-60.8104406079343,34.5859437560911,14.3980481385391));
#3360=CARTESIAN_POINT('Ctrl Pts',(-60.9692989331857,35.9851380302765,8.41382794734633));
#3361=CARTESIAN_POINT('Ctrl Pts',(-61.1281572584371,37.3843323044618,2.42960775615355));
#3362=CARTESIAN_POINT('Ctrl Pts',(-61.2870155836885,37.2584739395593,-3.91119104549603));
#3363=CARTESIAN_POINT('Ctrl Pts',(-61.4458739089399,35.6229140144188,-9.83517447262231));
#3364=CARTESIAN_POINT('Ctrl Pts',(-61.6047322341913,33.9873540892782,-15.7591578997486));
#3365=CARTESIAN_POINT('Ctrl Pts',(-61.7635905594427,30.8420926038997,-21.2663259523516));
#3366=CARTESIAN_POINT('Ctrl Pts',(-61.9224488846941,26.5707604524457,-25.6849634760173));
#3367=CARTESIAN_POINT('Ctrl Pts',(-62.0813072099456,22.2994283009916,-30.1036009996831));
#3368=CARTESIAN_POINT('Ctrl Pts',(-62.240165535197,16.902025483462,-33.4337079944117));
#3369=CARTESIAN_POINT('Ctrl Pts',(-62.3990238604484,11.036878971611,-35.2691077623408));
#3370=CARTESIAN_POINT('Ctrl Pts',(-62.4955607514909,7.47267792097751,-36.3844650288587));
#3371=CARTESIAN_POINT('Ctrl Pts',(-62.5920976425334,3.7357441556041,-36.9478429952578));
#3372=CARTESIAN_POINT('Ctrl Pts',(-62.6886345335759,-0.000578345393021314,
-36.9499162194711));
#3373=CARTESIAN_POINT('Ctrl Pts',(-58.3113654664241,0.000900670042178755,
-36.9531056645681));
#3374=CARTESIAN_POINT('Ctrl Pts',(-58.4377895469683,-4.89095291262803,-36.9481589154955));
#3375=CARTESIAN_POINT('Ctrl Pts',(-58.5642136275126,-9.78472443087184,-35.9707749234303));
#3376=CARTESIAN_POINT('Ctrl Pts',(-58.6906377080568,-14.2949046604771,-34.0789130470008));
#3377=CARTESIAN_POINT('Ctrl Pts',(-58.8484848361453,-19.9261023985966,-31.7168237784936));
#3378=CARTESIAN_POINT('Ctrl Pts',(-59.0063319642338,-24.9593258664738,-27.929169692036));
#3379=CARTESIAN_POINT('Ctrl Pts',(-59.1641790923222,-28.788297766582,-23.172192935063));
#3380=CARTESIAN_POINT('Ctrl Pts',(-59.3220262204107,-32.6172696666901,-18.4152161780901));
#3381=CARTESIAN_POINT('Ctrl Pts',(-59.4798733484991,-35.2419899990291,-12.6889167506017));
#3382=CARTESIAN_POINT('Ctrl Pts',(-59.6377204765876,-36.3462978857819,-6.68305646505945));
#3383=CARTESIAN_POINT('Ctrl Pts',(-59.7955676046761,-37.4506057725348,-0.677196179517195));
#3384=CARTESIAN_POINT('Ctrl Pts',(-59.9534147327646,-37.0345012137014,5.60822496407897));
#3385=CARTESIAN_POINT('Ctrl Pts',(-60.111261860853,-35.1481061140667,11.4160961064402));
#3386=CARTESIAN_POINT('Ctrl Pts',(-60.2691089889415,-33.261711014432,17.2239672488015));
#3387=CARTESIAN_POINT('Ctrl Pts',(-60.42695611703,-29.9050253739958,22.5542883899279));
#3388=CARTESIAN_POINT('Ctrl Pts',(-60.5848032451184,-25.4823790048001,26.7649953105338));
#3389=CARTESIAN_POINT('Ctrl Pts',(-60.7426503732069,-21.0597326356043,30.9757022311397));
#3390=CARTESIAN_POINT('Ctrl Pts',(-60.9004975012954,-15.571125537649,34.0667949312251));
#3391=CARTESIAN_POINT('Ctrl Pts',(-61.0583446293839,-9.67768827661858,35.6659356156231));
#3392=CARTESIAN_POINT('Ctrl Pts',(-61.2161917574723,-3.7842510155881,37.2650763000211));
#3393=CARTESIAN_POINT('Ctrl Pts',(-61.3740388855608,2.51401640851743,37.3722649687315));
#3394=CARTESIAN_POINT('Ctrl Pts',(-61.5318860136492,8.45845573675957,35.9745902028981));
#3395=CARTESIAN_POINT('Ctrl Pts',(-61.6897331417377,14.4028950650016,34.5769154370647));
#3396=CARTESIAN_POINT('Ctrl Pts',(-61.8475802698262,19.9935062973803,31.6743772366875));
#3397=CARTESIAN_POINT('Ctrl Pts',(-62.0054273979147,24.5568719528078,27.6166010510086));
#3398=CARTESIAN_POINT('Ctrl Pts',(-62.1632745260031,29.1202376082354,23.5588248653298));
#3399=CARTESIAN_POINT('Ctrl Pts',(-62.3211216540916,32.6563576867119,18.3458106943493));
#3400=CARTESIAN_POINT('Ctrl Pts',(-62.47896878218,34.7392885879598,12.6054925377638));
#3401=CARTESIAN_POINT('Ctrl Pts',(-62.6368159102685,36.8222194892076,6.86517438117836));
#3402=CARTESIAN_POINT('Ctrl Pts',(-62.794663038357,37.4519612132269,0.597552238987835));
#3403=CARTESIAN_POINT('Ctrl Pts',(-62.9525101664454,36.5526581750201,-5.4424070095229));
#3404=CARTESIAN_POINT('Ctrl Pts',(-63.1103572945339,35.6533551368134,-11.4823662580336));
#3405=CARTESIAN_POINT('Ctrl Pts',(-63.2682044226224,33.2250073363808,-17.2946626128646));
#3406=CARTESIAN_POINT('Ctrl Pts',(-63.4260515507108,29.5601215839795,-22.1791754954399));
#3407=CARTESIAN_POINT('Ctrl Pts',(-63.5838986787993,25.8952358315781,-27.0636883780153));
#3408=CARTESIAN_POINT('Ctrl Pts',(-63.7417458068878,20.9938121272081,-31.0204177883351));
#3409=CARTESIAN_POINT('Ctrl Pts',(-63.8995929349763,15.446251818333,-33.5727555985774));
#3410=CARTESIAN_POINT('Ctrl Pts',(-64.0368504454589,10.6223166193248,-35.7921658468789));
#3411=CARTESIAN_POINT('Ctrl Pts',(-64.1741079559415,5.3098154535319,-36.9496676147565));
#3412=CARTESIAN_POINT('Ctrl Pts',(-64.3113654664241,-0.00071290481198333,
-36.9543439369961));
#3413=CARTESIAN_POINT('Origin',(-80.,0.,0.));
#3414=CARTESIAN_POINT('',(-70.3113654664241,-0.000220786414455443,-36.9494983920709));
#3415=CARTESIAN_POINT('',(-68.6886345335759,0.000927794743746242,-36.9531512047378));
#3416=CARTESIAN_POINT('',(-80.,4.52537608454926E-15,-36.9525));
#3417=CARTESIAN_POINT('Ctrl Pts',(-62.6886345335759,-0.000578345393021314,
-36.9499162194711));
#3418=CARTESIAN_POINT('Ctrl Pts',(-62.7509559677848,-2.41264045361403,-36.9512546332632));
#3419=CARTESIAN_POINT('Ctrl Pts',(-62.8132774019937,-4.82444780998403,-36.718662480184));
#3420=CARTESIAN_POINT('Ctrl Pts',(-62.8755988362026,-7.18936228174209,-36.2496307535326));
#3421=CARTESIAN_POINT('Ctrl Pts',(-63.034457161454,-13.2175668170717,-35.0540614356658));
#3422=CARTESIAN_POINT('Ctrl Pts',(-63.1933154867055,-18.9410856815583,-32.3222302588026));
#3423=CARTESIAN_POINT('Ctrl Pts',(-63.3521738119569,-23.6618151817743,-28.3873415819296));
#3424=CARTESIAN_POINT('Ctrl Pts',(-63.5110321372083,-28.3825446819902,-24.4524529050567));
#3425=CARTESIAN_POINT('Ctrl Pts',(-63.6698904624596,-32.1004848179354,-19.3145067281741));
#3426=CARTESIAN_POINT('Ctrl Pts',(-63.828748787711,-34.3621544703372,-13.6001838201651));
#3427=CARTESIAN_POINT('Ctrl Pts',(-63.9876071129624,-36.623824122739,-7.88586091215603));
#3428=CARTESIAN_POINT('Ctrl Pts',(-64.1464654382139,-37.4292232915972,-1.59516127302056));
#3429=CARTESIAN_POINT('Ctrl Pts',(-64.3053237634653,-36.6801165822577,4.50463176048598));
#3430=CARTESIAN_POINT('Ctrl Pts',(-64.4641820887167,-35.9310098729182,10.6044247939925));
#3431=CARTESIAN_POINT('Ctrl Pts',(-64.6230404139681,-33.6273972853809,16.5133112218701));
#3432=CARTESIAN_POINT('Ctrl Pts',(-64.7818987392195,-30.0502529010916,21.5105778715038));
#3433=CARTESIAN_POINT('Ctrl Pts',(-64.9407570644709,-26.4731085168024,26.5078445211373));
#3434=CARTESIAN_POINT('Ctrl Pts',(-65.0996153897223,-21.6224323357613,30.5934913925269));
#3435=CARTESIAN_POINT('Ctrl Pts',(-65.2584737149737,-16.0898664994167,33.2691877841426));
#3436=CARTESIAN_POINT('Ctrl Pts',(-65.4173320402251,-10.5573006630722,35.9448841757583));
#3437=CARTESIAN_POINT('Ctrl Pts',(-65.5761903654765,-4.34284517142424,37.2106300876002));
#3438=CARTESIAN_POINT('Ctrl Pts',(-65.7350486907279,1.79551621866691,36.912041142344));
#3439=CARTESIAN_POINT('Ctrl Pts',(-65.8939070159793,7.93387760875811,36.6134521970878));
#3440=CARTESIAN_POINT('Ctrl Pts',(-66.0527653412308,13.9961448972925,34.7505283947335));
#3441=CARTESIAN_POINT('Ctrl Pts',(-66.2116236664822,19.2428968846777,31.5504925361119));
#3442=CARTESIAN_POINT('Ctrl Pts',(-66.3704819917336,24.4896488720629,28.3504566774903));
#3443=CARTESIAN_POINT('Ctrl Pts',(-66.529340316985,28.9208855582988,23.8133087626015));
#3444=CARTESIAN_POINT('Ctrl Pts',(-66.6881986422364,31.9961242839651,18.4924495562559));
#3445=CARTESIAN_POINT('Ctrl Pts',(-66.8470569674878,35.0713630096313,13.1715903499104));
#3446=CARTESIAN_POINT('Ctrl Pts',(-67.0059152927392,36.7906037747278,7.06701985210813));
#3447=CARTESIAN_POINT('Ctrl Pts',(-67.1647736179906,36.9441489515525,0.923319029943278));
#3448=CARTESIAN_POINT('Ctrl Pts',(-67.323631943242,37.0976941283771,-5.22038179222149));
#3449=CARTESIAN_POINT('Ctrl Pts',(-67.4824902684934,35.68554371693,-11.4032129387488));
#3450=CARTESIAN_POINT('Ctrl Pts',(-67.6413485937448,32.8799392073187,-16.8710479078423));
#3451=CARTESIAN_POINT('Ctrl Pts',(-67.8002069189962,30.0743346977075,-22.3388828769358));
#3452=CARTESIAN_POINT('Ctrl Pts',(-67.9590652442476,25.8752760899319,-27.0917216685956));
#3453=CARTESIAN_POINT('Ctrl Pts',(-68.117923569499,20.7949270358416,-30.5498554719899));
#3454=CARTESIAN_POINT('Ctrl Pts',(-68.2767818947505,15.7145779817511,-34.0079892753842));
#3455=CARTESIAN_POINT('Ctrl Pts',(-68.4356402200018,9.75293848134575,-36.171418090513));
#3456=CARTESIAN_POINT('Ctrl Pts',(-68.5944985452532,3.63715605567774,-36.7762661999883));
#3457=CARTESIAN_POINT('Ctrl Pts',(-68.6258772080275,2.42912950729367,-36.8957394779975));
#3458=CARTESIAN_POINT('Ctrl Pts',(-68.6572558708017,1.21508883321122,-36.9544023084376));
#3459=CARTESIAN_POINT('Ctrl Pts',(-68.6886345335759,0.000927794743746242,
-36.9531512047378));
#3460=CARTESIAN_POINT('Ctrl Pts',(-64.3113654664241,-0.00071290481198333,
-36.9543439369961));
#3461=CARTESIAN_POINT('Ctrl Pts',(-64.33195508403,-0.797330501903152,-36.9550454190963));
#3462=CARTESIAN_POINT('Ctrl Pts',(-64.3525447016358,-1.59390370655337,-36.9298058315033));
#3463=CARTESIAN_POINT('Ctrl Pts',(-64.3731343192417,-2.38877671131575,-36.8783182851475));
#3464=CARTESIAN_POINT('Ctrl Pts',(-64.5309814473301,-8.48254801870936,-36.4835969513103));
#3465=CARTESIAN_POINT('Ctrl Pts',(-64.6888285754186,-14.4763937201166,-34.5462080734711));
#3466=CARTESIAN_POINT('Ctrl Pts',(-64.8466757035071,-19.6483246972638,-31.2995199692915));
#3467=CARTESIAN_POINT('Ctrl Pts',(-65.0045228315955,-24.820255674411,-28.0528318651119));
#3468=CARTESIAN_POINT('Ctrl Pts',(-65.162369959684,-29.1702719272981,-23.4968445345919));
#3469=CARTESIAN_POINT('Ctrl Pts',(-65.3202170877725,-32.1743919329869,-18.1803497617533));
#3470=CARTESIAN_POINT('Ctrl Pts',(-65.4780642158609,-35.1785119386756,-12.8638549889146));
#3471=CARTESIAN_POINT('Ctrl Pts',(-65.6359113439494,-36.8367356971661,-6.78685277375729));
#3472=CARTESIAN_POINT('Ctrl Pts',(-65.7937584720379,-36.9493217454712,-0.681348858442161));
#3473=CARTESIAN_POINT('Ctrl Pts',(-65.9516056001263,-37.0619077937762,5.42415505687297));
#3474=CARTESIAN_POINT('Ctrl Pts',(-66.1094527282148,-35.6288561318959,11.5581606723459));
#3475=CARTESIAN_POINT('Ctrl Pts',(-66.2672998563033,-32.8227851016086,16.9817958970973));
#3476=CARTESIAN_POINT('Ctrl Pts',(-66.4251469843918,-30.0167140713213,22.4054311218488));
#3477=CARTESIAN_POINT('Ctrl Pts',(-66.5829941124802,-25.8376236726271,27.1186959558787));
#3478=CARTESIAN_POINT('Ctrl Pts',(-66.7408412405687,-20.788906542297,30.5538537420884));
#3479=CARTESIAN_POINT('Ctrl Pts',(-66.8986883686571,-15.7401894119669,33.9890115282981));
#3480=CARTESIAN_POINT('Ctrl Pts',(-67.0565354967456,-9.82184555000082,36.1460622666874));
#3481=CARTESIAN_POINT('Ctrl Pts',(-67.2143826248341,-3.74676949516552,36.7651782542577));
#3482=CARTESIAN_POINT('Ctrl Pts',(-67.3722297529226,2.3283065596698,37.384294241828));
#3483=CARTESIAN_POINT('Ctrl Pts',(-67.530076881011,8.56011480737434,36.4654754785791));
#3484=CARTESIAN_POINT('Ctrl Pts',(-67.6879240090995,14.1980023339878,34.1193983452308));
#3485=CARTESIAN_POINT('Ctrl Pts',(-67.845771137188,19.8358898606011,31.7733212118825));
#3486=CARTESIAN_POINT('Ctrl Pts',(-68.0036182652764,24.8798566661234,27.9999857084346));
#3487=CARTESIAN_POINT('Ctrl Pts',(-68.1614653933649,28.7223313633758,23.2539092363373));
#3488=CARTESIAN_POINT('Ctrl Pts',(-68.3193125214533,32.5648060606282,18.50783276424));
#3489=CARTESIAN_POINT('Ctrl Pts',(-68.4771596495418,35.2057886496107,12.7890153234931));
#3490=CARTESIAN_POINT('Ctrl Pts',(-68.6350067776303,36.3271593814775,6.78631748336468));
#3491=CARTESIAN_POINT('Ctrl Pts',(-68.7928539057188,37.4485301133442,0.783619643236291));
#3492=CARTESIAN_POINT('Ctrl Pts',(-68.9507010338072,37.050288988095,-5.50295859627362));
#3493=CARTESIAN_POINT('Ctrl Pts',(-69.1085481618957,35.1804061687837,-11.3161669979267));
#3494=CARTESIAN_POINT('Ctrl Pts',(-69.2663952899841,33.3105233494723,-17.1293753995796));
#3495=CARTESIAN_POINT('Ctrl Pts',(-69.4242424180726,29.9689988360988,-22.4692139633757));
#3496=CARTESIAN_POINT('Ctrl Pts',(-69.5820895461611,25.5583362071298,-26.6924720479481));
#3497=CARTESIAN_POINT('Ctrl Pts',(-69.7399366742496,21.1476735781607,-30.9157301325206));
#3498=CARTESIAN_POINT('Ctrl Pts',(-69.8977838023381,15.667872833596,-34.0224077378694));
#3499=CARTESIAN_POINT('Ctrl Pts',(-70.0556309304266,9.77900376702716,-35.6382897884204));
#3500=CARTESIAN_POINT('Ctrl Pts',(-70.1408757757591,6.59873853925703,-36.5109418103033));
#3501=CARTESIAN_POINT('Ctrl Pts',(-70.2261206210916,3.29916828697954,-36.9488024033872));
#3502=CARTESIAN_POINT('Ctrl Pts',(-70.3113654664241,-0.000220786414455443,
-36.9494983920709));
#3503=CARTESIAN_POINT('Origin',(-80.,0.,0.));
#3504=CARTESIAN_POINT('',(-76.3113654664241,0.000915387334361475,-36.9528877631429));
#3505=CARTESIAN_POINT('',(-74.6886345335759,-0.000948060385621531,-36.952856134743));
#3506=CARTESIAN_POINT('',(-80.,4.52537608454926E-15,-36.9525));
#3507=CARTESIAN_POINT('',(-80.,24.3974667176394,27.7533939187927));
#3508=CARTESIAN_POINT('Ctrl Pts',(-76.3113654664241,0.000915387334361475,
-36.9528877631429));
#3509=CARTESIAN_POINT('Ctrl Pts',(-76.4359804143301,-4.82101187546889,-36.9479947721279));
#3510=CARTESIAN_POINT('Ctrl Pts',(-76.5605953622361,-9.64480528918731,-35.9990972216177));
#3511=CARTESIAN_POINT('Ctrl Pts',(-76.6852103101422,-14.1009775508375,-34.1596063493629));
#3512=CARTESIAN_POINT('Ctrl Pts',(-76.8430574382306,-19.7455170349723,-31.8295620311699));
#3513=CARTESIAN_POINT('Ctrl Pts',(-77.0009045663191,-24.8002173889112,-28.0705825516003));
#3514=CARTESIAN_POINT('Ctrl Pts',(-77.1587516944076,-28.6561485276962,-23.3354412408901));
#3515=CARTESIAN_POINT('Ctrl Pts',(-77.3165988224961,-32.5120796664813,-18.6002999301799));
#3516=CARTESIAN_POINT('Ctrl Pts',(-77.4744459505845,-35.1692415901126,-12.8889967883292));
#3517=CARTESIAN_POINT('Ctrl Pts',(-77.632293078673,-36.30769662396,-6.88951674473465));
#3518=CARTESIAN_POINT('Ctrl Pts',(-77.7901402067614,-37.4461516578073,-0.890036701140108));
#3519=CARTESIAN_POINT('Ctrl Pts',(-77.9479873348499,-37.0658998018709,5.39762024419823));
#3520=CARTESIAN_POINT('Ctrl Pts',(-78.1058344629384,-35.2124835100031,11.2161327116077));
#3521=CARTESIAN_POINT('Ctrl Pts',(-78.2636815910268,-33.3590672181353,17.0346451790172));
#3522=CARTESIAN_POINT('Ctrl Pts',(-78.4215287191153,-30.0324864903362,22.3840131684977));
#3523=CARTESIAN_POINT('Ctrl Pts',(-78.5793758472038,-25.6339658803621,26.6197600654142));
#3524=CARTESIAN_POINT('Ctrl Pts',(-78.7372229752923,-21.235445270388,30.8555069623307));
#3525=CARTESIAN_POINT('Ctrl Pts',(-78.8950701033807,-15.7649847782389,33.9776327666831));
#3526=CARTESIAN_POINT('Ctrl Pts',(-79.0529172314692,-9.88046893016071,35.6103093898611));
#3527=CARTESIAN_POINT('Ctrl Pts',(-79.2107643595577,-3.99595308208252,37.2429860130392));
#3528=CARTESIAN_POINT('Ctrl Pts',(-79.3686114876461,2.3026181219247,37.3862134550428));
#3529=CARTESIAN_POINT('Ctrl Pts',(-79.5264586157346,8.25408400899087,36.0220232139935));
#3530=CARTESIAN_POINT('Ctrl Pts',(-79.684305743823,14.205549896057,34.6578329729442));
#3531=CARTESIAN_POINT('Ctrl Pts',(-79.8421528719115,19.8099104661821,31.786225048842));
#3532=CARTESIAN_POINT('Ctrl Pts',(-80.,24.3974667176394,27.7533939187927));
#3533=CARTESIAN_POINT('',(-80.,24.3990587845721,-27.7557940771402));
#3534=CARTESIAN_POINT('Origin',(-80.,0.,0.));
#3535=CARTESIAN_POINT('Ctrl Pts',(-74.6886345335759,-0.00094806038562153,
-36.952856134743));
#3536=CARTESIAN_POINT('Ctrl Pts',(-74.72241409907,-1.30803931704721,-36.9542085140615));
#3537=CARTESIAN_POINT('Ctrl Pts',(-74.756193664564,-2.61499056841981,-36.8862062862832));
#3538=CARTESIAN_POINT('Ctrl Pts',(-74.7899732300581,-3.9144408087164,-36.7477864950227));
#3539=CARTESIAN_POINT('Ctrl Pts',(-74.9488315553095,-10.0254871144271,-36.096826783147));
#3540=CARTESIAN_POINT('Ctrl Pts',(-75.107689880561,-15.9706390498343,-33.8884933740703));
#3541=CARTESIAN_POINT('Ctrl Pts',(-75.2665482058124,-21.024760380314,-30.3921389416441));
#3542=CARTESIAN_POINT('Ctrl Pts',(-75.4254065310638,-26.0788817107936,-26.895784509218));
#3543=CARTESIAN_POINT('Ctrl Pts',(-75.5842648563152,-30.2419724363458,-22.1114090534423));
#3544=CARTESIAN_POINT('Ctrl Pts',(-75.7431231815665,-33.0062553895922,-16.6225681532995));
#3545=CARTESIAN_POINT('Ctrl Pts',(-75.9019815068179,-35.7705383428386,-11.1337272531567));
#3546=CARTESIAN_POINT('Ctrl Pts',(-76.0608398320694,-37.1360135237793,-4.9404209086468));
#3547=CARTESIAN_POINT('Ctrl Pts',(-76.2196981573208,-36.9361335734583,1.20194711914899));
#3548=CARTESIAN_POINT('Ctrl Pts',(-76.3785564825722,-36.7362536231373,7.34431514694477));
#3549=CARTESIAN_POINT('Ctrl Pts',(-76.5374148078236,-34.9710185415547,13.4357448580264));
#3550=CARTESIAN_POINT('Ctrl Pts',(-76.696273133075,-31.8557337435808,18.733257264422));
#3551=CARTESIAN_POINT('Ctrl Pts',(-76.8551314583264,-28.7404489456068,24.0307696708176));
#3552=CARTESIAN_POINT('Ctrl Pts',(-77.0139897835778,-24.2751144312415,28.5343647725272));
#3553=CARTESIAN_POINT('Ctrl Pts',(-77.1728481088292,-19.0043761488355,31.6947358966722));
#3554=CARTESIAN_POINT('Ctrl Pts',(-77.3317064340806,-13.7336378664294,34.8551070208173));
#3555=CARTESIAN_POINT('Ctrl Pts',(-77.490564759332,-7.65749581598248,36.6722541673978));
#3556=CARTESIAN_POINT('Ctrl Pts',(-77.6494230845834,-1.51705490839318,36.9245347511049));
#3557=CARTESIAN_POINT('Ctrl Pts',(-77.8082814098348,4.62338599919608,37.176815334812));
#3558=CARTESIAN_POINT('Ctrl Pts',(-77.9671397350862,10.8281257639277,35.8642293556458));
#3559=CARTESIAN_POINT('Ctrl Pts',(-78.1259980603377,16.3403485945623,33.1468806938501));
#3560=CARTESIAN_POINT('Ctrl Pts',(-78.2848563855891,21.8525714251968,30.4295320320545));
#3561=CARTESIAN_POINT('Ctrl Pts',(-78.4437147108405,26.6722773217342,26.3074206876295));
#3562=CARTESIAN_POINT('Ctrl Pts',(-78.6025730360919,30.2116354788591,21.2833123395901));
#3563=CARTESIAN_POINT('Ctrl Pts',(-78.7614313613433,33.7509936359839,16.2592039915506));
#3564=CARTESIAN_POINT('Ctrl Pts',(-78.9202896865947,36.0100040536962,10.3330986398967));
#3565=CARTESIAN_POINT('Ctrl Pts',(-79.0791480118461,36.713065676407,4.22783472212442));
#3566=CARTESIAN_POINT('Ctrl Pts',(-79.2380063370975,37.4161272991178,-1.87742919564786));
#3567=CARTESIAN_POINT('Ctrl Pts',(-79.396864662349,36.5632401268271,-8.1618516795385));
#3568=CARTESIAN_POINT('Ctrl Pts',(-79.5557229876004,34.2585649029142,-13.8589647137783));
#3569=CARTESIAN_POINT('Ctrl Pts',(-79.7038153250669,32.1100798268545,-19.1699786925325));
#3570=CARTESIAN_POINT('Ctrl Pts',(-79.8519076625334,28.6999170294898,-23.9705908620775));
#3571=CARTESIAN_POINT('Ctrl Pts',(-80.,24.3990587845721,-27.7557940771402));
#3572=CARTESIAN_POINT('Origin',(-55.,0.,0.));
#3573=CARTESIAN_POINT('',(-30.,-6.12323399573677E-15,50.));
#3574=CARTESIAN_POINT('Origin',(-30.,0.,0.));
#3575=CARTESIAN_POINT('',(-79.,-6.12323399573677E-15,50.));
#3576=CARTESIAN_POINT('',(-55.,-6.12323399573677E-15,50.));
#3577=CARTESIAN_POINT('',(-79.,-49.749371855331,5.));
#3578=CARTESIAN_POINT('Origin',(-79.,0.,0.));
#3579=CARTESIAN_POINT('',(-48.5,-49.749371855331,5.));
#3580=CARTESIAN_POINT('',(-55.,-49.749371855331,5.));
#3581=CARTESIAN_POINT('',(-45.,-49.9774949352206,1.5));
#3582=CARTESIAN_POINT('Ctrl Pts',(-45.,-49.9774949352206,1.5));
#3583=CARTESIAN_POINT('Ctrl Pts',(-45.,-49.9642892188349,1.93999241585564));
#3584=CARTESIAN_POINT('Ctrl Pts',(-45.0880197192415,-49.9438006827793,2.40901074597878));
#3585=CARTESIAN_POINT('Ctrl Pts',(-45.4455251182191,-49.8947298533035,3.27146638148691));
#3586=CARTESIAN_POINT('Ctrl Pts',(-45.7149972205182,-49.8664760817967,3.66492797528018));
#3587=CARTESIAN_POINT('Ctrl Pts',(-46.3363343791875,-49.8169446099447,4.28589835538261));
#3588=CARTESIAN_POINT('Ctrl Pts',(-46.729586192521,-49.7924067853555,4.55503978166707));
#3589=CARTESIAN_POINT('Ctrl Pts',(-47.5915847204287,-49.7584510557564,4.91209828106));
#3590=CARTESIAN_POINT('Ctrl Pts',(-48.0603511037857,-49.749371855331,5.));
#3591=CARTESIAN_POINT('Ctrl Pts',(-48.5,-49.749371855331,5.));
#3592=CARTESIAN_POINT('',(-45.,-49.9774949352206,-1.5));
#3593=CARTESIAN_POINT('Origin',(-45.,0.,0.));
#3594=CARTESIAN_POINT('',(-48.5,-49.749371855331,-5.));
#3595=CARTESIAN_POINT('Ctrl Pts',(-48.5,-49.749371855331,-5.));
#3596=CARTESIAN_POINT('Ctrl Pts',(-48.0603511037857,-49.749371855331,-5.));
#3597=CARTESIAN_POINT('Ctrl Pts',(-47.5915847204287,-49.7584510557564,-4.91209828106));
#3598=CARTESIAN_POINT('Ctrl Pts',(-46.729586192521,-49.7924067853555,-4.55503978166707));
#3599=CARTESIAN_POINT('Ctrl Pts',(-46.3363343791875,-49.8169446099447,-4.28589835538261));
#3600=CARTESIAN_POINT('Ctrl Pts',(-45.7149972205182,-49.8664760817967,-3.66492797528017));
#3601=CARTESIAN_POINT('Ctrl Pts',(-45.4455251182191,-49.8947298533035,-3.27146638148691));
#3602=CARTESIAN_POINT('Ctrl Pts',(-45.0880197192415,-49.9438006827793,-2.40901074597877));
#3603=CARTESIAN_POINT('Ctrl Pts',(-45.,-49.9642892188349,-1.93999241585563));
#3604=CARTESIAN_POINT('Ctrl Pts',(-45.,-49.9774949352206,-1.5));
#3605=CARTESIAN_POINT('',(-79.,-49.749371855331,-5.));
#3606=CARTESIAN_POINT('',(-55.,-49.749371855331,-5.));
#3607=CARTESIAN_POINT('Origin',(-79.,0.,0.));
#3608=CARTESIAN_POINT('Ctrl Pts',(-41.1696064902368,-28.9171041203505,-23.006267527411));
#3609=CARTESIAN_POINT('Ctrl Pts',(-41.0832674803311,-26.837015453969,-25.6207785720057));
#3610=CARTESIAN_POINT('Ctrl Pts',(-40.8242504506137,-19.5318185976913,-32.6283003858957));
#3611=CARTESIAN_POINT('Ctrl Pts',(-40.4788944109905,-6.55226952827486,-37.4607187923054));
#3612=CARTESIAN_POINT('Ctrl Pts',(-40.1335383713674,6.93026633367411,-36.7601995756301));
#3613=CARTESIAN_POINT('Ctrl Pts',(-39.87452134165,16.5169283136979,-33.5613228895164));
#3614=CARTESIAN_POINT('Ctrl Pts',(-39.5291653020269,27.7279094792333,-26.0324913031211));
#3615=CARTESIAN_POINT('Ctrl Pts',(-39.1838092624037,35.1948881897509,-14.3761530307567));
#3616=CARTESIAN_POINT('Ctrl Pts',(-38.7521142128748,37.9550032401303,2.27366128182552));
#3617=CARTESIAN_POINT('Ctrl Pts',(-38.4067581732517,34.6315930353718,15.7138658723825));
#3618=CARTESIAN_POINT('Ctrl Pts',(-38.1477411435343,28.4927361573885,23.7658090410943));
#3619=CARTESIAN_POINT('Ctrl Pts',(-38.0614021336285,26.1303666227759,26.1283600022909));
#3620=CARTESIAN_POINT('Ctrl Pts',(-41.8158057790273,-29.7929709436156,-23.7031017045317));
#3621=CARTESIAN_POINT('Ctrl Pts',(-41.7294667691216,-27.6498787121208,-26.3968033718627));
#3622=CARTESIAN_POINT('Ctrl Pts',(-41.4704497394042,-20.1234155929004,-33.6165752037542));
#3623=CARTESIAN_POINT('Ctrl Pts',(-41.125093699781,-6.75073046243418,-38.5953621725446));
#3624=CARTESIAN_POINT('Ctrl Pts',(-40.7797376601579,7.14017636936763,-37.8736250103104));
#3625=CARTESIAN_POINT('Ctrl Pts',(-40.5207206304405,17.017207645681,-34.5778579181096));
#3626=CARTESIAN_POINT('Ctrl Pts',(-40.1753645908174,28.5677569235099,-26.8209864222881));
#3627=CARTESIAN_POINT('Ctrl Pts',(-39.8300085511942,36.2609020888478,-14.8115906677142));
#3628=CARTESIAN_POINT('Ctrl Pts',(-39.3983135016653,39.1046179448598,2.34252794550683));
#3629=CARTESIAN_POINT('Ctrl Pts',(-39.0529574620421,35.6805453526667,16.1898213389319));
#3630=CARTESIAN_POINT('Ctrl Pts',(-38.7939404323248,29.3557493484894,24.4856488833038));
#3631=CARTESIAN_POINT('Ctrl Pts',(-38.707601422419,26.9218262761835,26.9197588774026));
#3632=CARTESIAN_POINT('Ctrl Pts',(-42.4620050678178,-30.6688377668807,-24.3999358816525));
#3633=CARTESIAN_POINT('Ctrl Pts',(-42.375666057912,-28.4627419702726,-27.1728281717198));
#3634=CARTESIAN_POINT('Ctrl Pts',(-42.1166490281947,-20.7150125881096,-34.6048500216126));
#3635=CARTESIAN_POINT('Ctrl Pts',(-41.7712929885715,-6.94919139659346,-39.7300055527838));
#3636=CARTESIAN_POINT('Ctrl Pts',(-41.4259369489484,7.35008640506115,-38.9870504449908));
#3637=CARTESIAN_POINT('Ctrl Pts',(-41.166919919231,17.5174869776642,-35.5943929467029));
#3638=CARTESIAN_POINT('Ctrl Pts',(-40.8215638796079,29.4076043677866,-27.6094815414551));
#3639=CARTESIAN_POINT('Ctrl Pts',(-40.4762078399847,37.3269159879447,-15.2470283046718));
#3640=CARTESIAN_POINT('Ctrl Pts',(-40.0445127904558,40.2542326495893,2.41139460918811));
#3641=CARTESIAN_POINT('Ctrl Pts',(-39.6991567508326,36.7294976699617,16.6657768054812));
#3642=CARTESIAN_POINT('Ctrl Pts',(-39.4401397211153,30.2187625395904,25.2054887255133));
#3643=CARTESIAN_POINT('Ctrl Pts',(-39.3538007112095,27.713285929591,27.7111577525143));
#3644=CARTESIAN_POINT('Ctrl Pts',(-43.1082043566083,-31.5447045901458,-25.0967700587733));
#3645=CARTESIAN_POINT('Ctrl Pts',(-43.0218653467025,-29.2756052284244,-27.9488529715768));
#3646=CARTESIAN_POINT('Ctrl Pts',(-42.7628483169852,-21.3066095833187,-35.5931248394711));
#3647=CARTESIAN_POINT('Ctrl Pts',(-42.417492277362,-7.14765233075278,-40.8646489330229));
#3648=CARTESIAN_POINT('Ctrl Pts',(-42.0721362377389,7.55999644075467,-40.1004758796711));
#3649=CARTESIAN_POINT('Ctrl Pts',(-41.8131192080215,18.0177663096473,-36.6109279752961));
#3650=CARTESIAN_POINT('Ctrl Pts',(-41.4677631683984,30.2474518120632,-28.3979766606221));
#3651=CARTESIAN_POINT('Ctrl Pts',(-41.1224071287752,38.3929298870416,-15.6824659416294));
#3652=CARTESIAN_POINT('Ctrl Pts',(-40.6907120792463,41.4038473543188,2.48026127286942));
#3653=CARTESIAN_POINT('Ctrl Pts',(-40.3453560396231,37.7784499872566,17.1417322720306));
#3654=CARTESIAN_POINT('Ctrl Pts',(-40.0863390099058,31.0817757306913,25.9253285677227));
#3655=CARTESIAN_POINT('Ctrl Pts',(-40.,28.5047455829986,28.502556627626));
#3656=CARTESIAN_POINT('',(-41.1696064902369,-28.9171041203506,-23.006267527411));
#3657=CARTESIAN_POINT('Ctrl Pts',(-40.,28.5047455829986,28.502556627626));
#3658=CARTESIAN_POINT('Ctrl Pts',(-40.,28.9832085990285,27.9831095646606));
#3659=CARTESIAN_POINT('Ctrl Pts',(-40.,29.4478054404372,27.4514553998855));
#3660=CARTESIAN_POINT('Ctrl Pts',(-40.,29.898044426841,26.9082154174849));
#3661=CARTESIAN_POINT('Ctrl Pts',(-40.,30.3642915627546,26.3456606553326));
#3662=CARTESIAN_POINT('Ctrl Pts',(-40.,30.8151423138981,25.7706813349218));
#3663=CARTESIAN_POINT('Ctrl Pts',(-40.,31.250004723258,25.1839307407547));
#3664=CARTESIAN_POINT('Ctrl Pts',(-40.,31.667156205589,24.6210771235023));
#3665=CARTESIAN_POINT('Ctrl Pts',(-40.,32.069595153531,24.0473909567952));
#3666=CARTESIAN_POINT('Ctrl Pts',(-40.,32.4567540705091,23.4634225141507));
#3667=CARTESIAN_POINT('Ctrl Pts',(-40.,32.8410393802612,22.8837884568528));
#3668=CARTESIAN_POINT('Ctrl Pts',(-40.,33.2102708716515,22.2940238103038));
#3669=CARTESIAN_POINT('Ctrl Pts',(-40.,33.5638463661697,21.6946469638163));
#3670=CARTESIAN_POINT('Ctrl Pts',(-40.,33.6649051827075,21.5233332961405));
#3671=CARTESIAN_POINT('Ctrl Pts',(-40.,33.7646847070825,21.351234275994));
#3672=CARTESIAN_POINT('Ctrl Pts',(-40.,33.8631701218037,21.1783617752388));
#3673=CARTESIAN_POINT('Ctrl Pts',(-40.,33.9186827789342,21.0809198150371));
#3674=CARTESIAN_POINT('Ctrl Pts',(-40.,33.9737842694359,20.9832321053705));
#3675=CARTESIAN_POINT('Ctrl Pts',(-40.,34.0284718907222,20.8853007601462));
#3676=CARTESIAN_POINT('Ctrl Pts',(-40.,34.0706785310422,20.8097196146015));
#3677=CARTESIAN_POINT('Ctrl Pts',(-40.,34.1126400785597,20.7339906860677));
#3678=CARTESIAN_POINT('Ctrl Pts',(-40.,34.1543433905612,20.6581367789509));
#3679=CARTESIAN_POINT('Ctrl Pts',(-40.,34.3461987138641,20.3091722680945));
#3680=CARTESIAN_POINT('Ctrl Pts',(-40.,34.5326413349293,19.9574701048673));
#3681=CARTESIAN_POINT('Ctrl Pts',(-40.,34.7135758064377,19.6031361382639));
#3682=CARTESIAN_POINT('Ctrl Pts',(-40.,35.0306317987818,18.9822278808925));
#3683=CARTESIAN_POINT('Ctrl Pts',(-40.,35.3307769972858,18.3532394042095));
#3684=CARTESIAN_POINT('Ctrl Pts',(-40.,35.6139374102029,17.716890605827));
#3685=CARTESIAN_POINT('Ctrl Pts',(-40.,35.8987312424874,17.0768710102415));
#3686=CARTESIAN_POINT('Ctrl Pts',(-40.,36.1663438825513,16.4294054889198));
#3687=CARTESIAN_POINT('Ctrl Pts',(-40.,36.4166505086187,15.7752087271934));
#3688=CARTESIAN_POINT('Ctrl Pts',(-40.,36.6731053581204,15.1049430825763));
#3689=CARTESIAN_POINT('Ctrl Pts',(-40.,36.9113938832876,14.4276110076146));
#3690=CARTESIAN_POINT('Ctrl Pts',(-40.,37.1313266159686,13.7439693593124));
#3691=CARTESIAN_POINT('Ctrl Pts',(-40.,37.2275471865166,13.4448761381802));
#3692=CARTESIAN_POINT('Ctrl Pts',(-40.,37.3202536157008,13.1445751170785));
#3693=CARTESIAN_POINT('Ctrl Pts',(-40.,37.4094266120936,12.8431293417494));
#3694=CARTESIAN_POINT('Ctrl Pts',(-40.,37.4565337784182,12.6838854355143));
#3695=CARTESIAN_POINT('Ctrl Pts',(-40.,37.5026548478626,12.5243220652192));
#3696=CARTESIAN_POINT('Ctrl Pts',(-40.,37.547786738671,12.3644485196803));
#3697=CARTESIAN_POINT('Ctrl Pts',(-40.,37.5754613736444,12.2664149133893));
#3698=CARTESIAN_POINT('Ctrl Pts',(-40.,37.602764066606,12.168264678791));
#3699=CARTESIAN_POINT('Ctrl Pts',(-40.,37.6296940762485,12.0699999579559));
#3700=CARTESIAN_POINT('Ctrl Pts',(-40.,37.6465908533793,12.0083454279423));
#3701=CARTESIAN_POINT('Ctrl Pts',(-40.,37.6633386024987,11.9466542333183));
#3702=CARTESIAN_POINT('Ctrl Pts',(-40.,37.6799358825556,11.884932146712));
#3703=CARTESIAN_POINT('Ctrl Pts',(-40.,37.8598785342911,11.2157600958416));
#3704=CARTESIAN_POINT('Ctrl Pts',(-40.,38.0221923654164,10.5427630740082));
#3705=CARTESIAN_POINT('Ctrl Pts',(-40.,38.1668355896644,9.86664570106296));
#3706=CARTESIAN_POINT('Ctrl Pts',(-40.,38.3121000161594,9.1876245928508));
#3707=CARTESIAN_POINT('Ctrl Pts',(-40.,38.4395418176296,8.50545582350914));
#3708=CARTESIAN_POINT('Ctrl Pts',(-40.,38.5490682963373,7.82083787032036));
#3709=CARTESIAN_POINT('Ctrl Pts',(-40.,38.6586667749479,7.135769866818));
#3710=CARTESIAN_POINT('Ctrl Pts',(-40.,38.750326432207,6.4482490010085));
#3711=CARTESIAN_POINT('Ctrl Pts',(-40.,38.8239029637147,5.7589667175929));
#3712=CARTESIAN_POINT('Ctrl Pts',(-40.,38.8970722983339,5.07349915057231));
#3713=CARTESIAN_POINT('Ctrl Pts',(-40.,38.9523581231856,4.38628916187017));
#3714=CARTESIAN_POINT('Ctrl Pts',(-40.,38.9895671815897,3.69801522637755));
#3715=CARTESIAN_POINT('Ctrl Pts',(-40.,39.0265401176073,3.01410896078066));
#3716=CARTESIAN_POINT('Ctrl Pts',(-40.,39.0456649936283,2.32915178467692));
#3717=CARTESIAN_POINT('Ctrl Pts',(-40.,39.0467012139935,1.64381427888389));
#3718=CARTESIAN_POINT('Ctrl Pts',(-40.,39.0477245947509,0.966968658637444));
#3719=CARTESIAN_POINT('Ctrl Pts',(-40.,39.0311047709365,0.289751691302375));
#3720=CARTESIAN_POINT('Ctrl Pts',(-40.,38.9965603664368,-0.387179855579349));
#3721=CARTESIAN_POINT('Ctrl Pts',(-40.,38.9843777309132,-0.625910568397665));
#3722=CARTESIAN_POINT('Ctrl Pts',(-40.,38.9699653043889,-0.864605656438824));
#3723=CARTESIAN_POINT('Ctrl Pts',(-40.,38.9533092585317,-1.10323584989816));
#3724=CARTESIAN_POINT('Ctrl Pts',(-40.,38.9227656203466,-1.54083276525085));
#3725=CARTESIAN_POINT('Ctrl Pts',(-40.,38.8846776253719,-1.97821169504819));
#3726=CARTESIAN_POINT('Ctrl Pts',(-40.,38.83905646474,-2.41516726561821));
#3727=CARTESIAN_POINT('Ctrl Pts',(-40.,38.8270650836415,-2.53001968710969));
#3728=CARTESIAN_POINT('Ctrl Pts',(-40.,38.8145532059357,-2.64484283821849));
#3729=CARTESIAN_POINT('Ctrl Pts',(-40.,38.8015209464662,-2.75963294236378));
#3730=CARTESIAN_POINT('Ctrl Pts',(-40.,38.7911852829135,-2.85067102354937));
#3731=CARTESIAN_POINT('Ctrl Pts',(-40.,38.7805223085817,-2.94168831844868));
#3732=CARTESIAN_POINT('Ctrl Pts',(-40.,38.7695320644704,-3.03268293366789));
#3733=CARTESIAN_POINT('Ctrl Pts',(-40.,38.7632884254872,-3.084377647733));
#3734=CARTESIAN_POINT('Ctrl Pts',(-40.,38.756939706511,-3.13606043668895));
#3735=CARTESIAN_POINT('Ctrl Pts',(-40.,38.7504869945483,-3.18772301121035));
#3736=CARTESIAN_POINT('Ctrl Pts',(-40.,38.6631684684935,-3.88682439455661));
#3737=CARTESIAN_POINT('Ctrl Pts',(-40.,38.5567589388601,-4.58266598559783));
#3738=CARTESIAN_POINT('Ctrl Pts',(-40.,38.4315424458932,-5.27444738593516));
#3739=CARTESIAN_POINT('Ctrl Pts',(-40.,38.309941962909,-5.94625147825044));
#3740=CARTESIAN_POINT('Ctrl Pts',(-40.,38.1706046375123,-6.6142269667008));
#3741=CARTESIAN_POINT('Ctrl Pts',(-40.,38.0137370791103,-7.27763608867697));
#3742=CARTESIAN_POINT('Ctrl Pts',(-40.,37.8498724104597,-7.97063671327861));
#3743=CARTESIAN_POINT('Ctrl Pts',(-40.,37.6668790150577,-8.65865516347653));
#3744=CARTESIAN_POINT('Ctrl Pts',(-40.,37.4649333915668,-9.34083664232578));
#3745=CARTESIAN_POINT('Ctrl Pts',(-40.,37.2629877680759,-10.023018121175));
#3746=CARTESIAN_POINT('Ctrl Pts',(-40.,37.0420897586067,-10.6993632081541));
#3747=CARTESIAN_POINT('Ctrl Pts',(-40.,36.802357962344,-11.3689943598445));
#3748=CARTESIAN_POINT('Ctrl Pts',(-40.,36.5714710553721,-12.0139195130201));
#3749=CARTESIAN_POINT('Ctrl Pts',(-40.,36.3231137720665,-12.652617183028));
#3750=CARTESIAN_POINT('Ctrl Pts',(-40.,36.0576641639965,-13.2844818729047));
#3751=CARTESIAN_POINT('Ctrl Pts',(-40.,35.7925606894957,-13.9155226415035));
#3752=CARTESIAN_POINT('Ctrl Pts',(-40.,35.5104091552395,-14.5397486125362));
#3753=CARTESIAN_POINT('Ctrl Pts',(-40.,35.2115447311213,-15.1565253733513));
#3754=CARTESIAN_POINT('Ctrl Pts',(-40.,34.910461670471,-15.7778808104598));
#3755=CARTESIAN_POINT('Ctrl Pts',(-40.,34.5924164330909,-16.3916764684756));
#3756=CARTESIAN_POINT('Ctrl Pts',(-40.,34.2577134057793,-16.9972257209237));
#3757=CARTESIAN_POINT('Ctrl Pts',(-40.,34.2184793572582,-17.0682084931539));
#3758=CARTESIAN_POINT('Ctrl Pts',(-40.,34.1790163793999,-17.1390779074362));
#3759=CARTESIAN_POINT('Ctrl Pts',(-40.,34.1393249306238,-17.2098328195753));
#3760=CARTESIAN_POINT('Ctrl Pts',(-40.,34.1102532907805,-17.2616566099956));
#3761=CARTESIAN_POINT('Ctrl Pts',(-40.,34.0810630572747,-17.3134118641711));
#3762=CARTESIAN_POINT('Ctrl Pts',(-40.,34.0517584142978,-17.3650913662594));
#3763=CARTESIAN_POINT('Ctrl Pts',(-40.,33.7182178995639,-17.9532987619723));
#3764=CARTESIAN_POINT('Ctrl Pts',(-40.,33.3697039163659,-18.5319731196665));
#3765=CARTESIAN_POINT('Ctrl Pts',(-40.,33.0066804710631,-19.1005935709699));
#3766=CARTESIAN_POINT('Ctrl Pts',(-40.,32.6421879881028,-19.6715150440577));
#3767=CARTESIAN_POINT('Ctrl Pts',(-40.,32.2630681146389,-20.2323014585247));
#3768=CARTESIAN_POINT('Ctrl Pts',(-40.,31.8697440511885,-20.782400740216));
#3769=CARTESIAN_POINT('Ctrl Pts',(-40.,31.4762793699091,-21.3326966886609));
#3770=CARTESIAN_POINT('Ctrl Pts',(-40.,31.0686000574694,-21.8722982296303));
#3771=CARTESIAN_POINT('Ctrl Pts',(-40.,30.647087495121,-22.4006222571408));
#3772=CARTESIAN_POINT('Ctrl Pts',(-40.,30.2283614378957,-22.9254536779277));
#3773=CARTESIAN_POINT('Ctrl Pts',(-40.,29.7959841083479,-23.4391565168656));
#3774=CARTESIAN_POINT('Ctrl Pts',(-40.,29.3502921894134,-23.9411240492829));
#3775=CARTESIAN_POINT('Ctrl Pts',(-40.,28.9076389499472,-24.4396692211644));
#3776=CARTESIAN_POINT('Ctrl Pts',(-40.,28.4518517620372,-24.9266388640751));
#3777=CARTESIAN_POINT('Ctrl Pts',(-40.,27.983228193235,-25.4013992108949));
#3778=CARTESIAN_POINT('Ctrl Pts',(-40.,27.5202027124542,-25.8704881609102));
#3779=CARTESIAN_POINT('Ctrl Pts',(-40.,27.0446454048153,-26.3276580199035));
#3780=CARTESIAN_POINT('Ctrl Pts',(-40.,26.556816099618,-26.7722548777168));
#3781=CARTESIAN_POINT('Ctrl Pts',(-40.,26.0689867944206,-27.2168517355301));
#3782=CARTESIAN_POINT('Ctrl Pts',(-40.,25.5688852570615,-27.6488759238831));
#3783=CARTESIAN_POINT('Ctrl Pts',(-40.,25.0567478277935,-28.0676262435614));
#3784=CARTESIAN_POINT('Ctrl Pts',(-40.,24.9677421137525,-28.1404019656194));
#3785=CARTESIAN_POINT('Ctrl Pts',(-40.,24.8783728161913,-28.2127766423544));
#3786=CARTESIAN_POINT('Ctrl Pts',(-40.,24.7886431731455,-28.2847479549138));
#3787=CARTESIAN_POINT('Ctrl Pts',(-40.,24.7448651531267,-28.3198618978099));
#3788=CARTESIAN_POINT('Ctrl Pts',(-40.,24.7010013581938,-28.3548798253672));
#3789=CARTESIAN_POINT('Ctrl Pts',(-40.,24.6570521634608,-28.3898014645503));
#3790=CARTESIAN_POINT('Ctrl Pts',(-40.,24.6137430962753,-28.4242144640783));
#3791=CARTESIAN_POINT('Ctrl Pts',(-40.,24.5703575626383,-28.4585288133436));
#3792=CARTESIAN_POINT('Ctrl Pts',(-40.,24.5269002447196,-28.4927410179906));
#3793=CARTESIAN_POINT('Ctrl Pts',(-40.,24.0098856878218,-28.8997658569165));
#3794=CARTESIAN_POINT('Ctrl Pts',(-40.,23.4825230420146,-29.2924878954108));
#3795=CARTESIAN_POINT('Ctrl Pts',(-40.,22.9455468468643,-29.6706700629764));
#3796=CARTESIAN_POINT('Ctrl Pts',(-40.,22.4017065186314,-30.0536865095119));
#3797=CARTESIAN_POINT('Ctrl Pts',(-40.,21.84800490158,-30.4217892619622));
#3798=CARTESIAN_POINT('Ctrl Pts',(-40.,21.2851704438706,-30.7746912647481));
#3799=CARTESIAN_POINT('Ctrl Pts',(-40.,20.7206009045509,-31.1286811784942));
#3800=CARTESIAN_POINT('Ctrl Pts',(-40.,20.146841676419,-31.4673766996718));
#3801=CARTESIAN_POINT('Ctrl Pts',(-40.,19.5645998015908,-31.7904436653331));
#3802=CARTESIAN_POINT('Ctrl Pts',(-40.,18.9833181024102,-32.112977860944));
#3803=CARTESIAN_POINT('Ctrl Pts',(-40.,18.3935812456463,-32.4199351935708));
#3804=CARTESIAN_POINT('Ctrl Pts',(-40.,17.7960716701408,-32.7109358927815));
#3805=CARTESIAN_POINT('Ctrl Pts',(-40.,17.3406361983833,-32.9327432849303));
#3806=CARTESIAN_POINT('Ctrl Pts',(-40.,16.8806844241889,-33.145279198861));
#3807=CARTESIAN_POINT('Ctrl Pts',(-40.,16.4165128076362,-33.3483559286597));
#3808=CARTESIAN_POINT('Ctrl Pts',(-40.,15.8071183358696,-33.6149681730767));
#3809=CARTESIAN_POINT('Ctrl Pts',(-40.,15.1904505342852,-33.8652782237007));
#3810=CARTESIAN_POINT('Ctrl Pts',(-40.,14.5671200510642,-34.099020776596));
#3811=CARTESIAN_POINT('Ctrl Pts',(-40.,13.9486045487896,-34.3309577609064));
#3812=CARTESIAN_POINT('Ctrl Pts',(-40.,13.3235284810408,-34.5465822596255));
#3813=CARTESIAN_POINT('Ctrl Pts',(-40.,12.6924853193816,-34.7455839915836));
#3814=CARTESIAN_POINT('Ctrl Pts',(-40.,12.4081443519522,-34.8352519389175));
#3815=CARTESIAN_POINT('Ctrl Pts',(-40.,12.1225918795972,-34.9215442655284));
#3816=CARTESIAN_POINT('Ctrl Pts',(-40.,11.8358823302029,-35.0044291157629));
#3817=CARTESIAN_POINT('Ctrl Pts',(-80.,24.3974667176394,27.7533939187926));
#3818=CARTESIAN_POINT('Ctrl Pts',(-79.8421528719115,19.8099104661821,31.7862250488419));
#3819=CARTESIAN_POINT('Ctrl Pts',(-79.5264586157345,8.60118932593188,37.5294408970464));
#3820=CARTESIAN_POINT('Ctrl Pts',(-79.0529172314692,-10.2945242860897,37.0997585710354));
#3821=CARTESIAN_POINT('Ctrl Pts',(-78.5793758472038,-26.7059057625371,27.7333811579783));
#3822=CARTESIAN_POINT('Ctrl Pts',(-78.1058344629383,-36.6856479459343,11.6852771895365));
#3823=CARTESIAN_POINT('Ctrl Pts',(-77.6322930786729,-37.8264035137437,-7.1776936464784));
#3824=CARTESIAN_POINT('Ctrl Pts',(-77.1587516944076,-29.85491774285,-24.3116030720306));
#3825=CARTESIAN_POINT('Ctrl Pts',(-76.6852103101421,-14.6908166810333,-35.5885415107394));
#3826=CARTESIAN_POINT('Ctrl Pts',(-76.2116689258768,4.01231916195852,-38.291868981189));
#3827=CARTESIAN_POINT('Ctrl Pts',(-75.7381275416112,21.7489129284772,-31.7702818125784));
#3828=CARTESIAN_POINT('Ctrl Pts',(-75.264586157346,34.2459396130395,-17.594918951086));
#3829=CARTESIAN_POINT('Ctrl Pts',(-74.7910447730804,38.4927887609069,0.819242154120601));
#3830=CARTESIAN_POINT('Ctrl Pts',(-74.3175033888153,33.4663261806542,19.0360376195047));
#3831=CARTESIAN_POINT('Ctrl Pts',(-73.8439620045496,20.3774903352503,32.6668594547266));
#3832=CARTESIAN_POINT('Ctrl Pts',(-73.3704206202844,2.37950821748938,38.427902966677));
#3833=CARTESIAN_POINT('Ctrl Pts',(-72.8968792360189,-16.1917205033713,34.9312750461597));
#3834=CARTESIAN_POINT('Ctrl Pts',(-72.4233378517535,-30.8622000270533,23.0193484714316));
#3835=CARTESIAN_POINT('Ctrl Pts',(-71.9497964674881,-38.0976622005414,5.56182738113698));
#3836=CARTESIAN_POINT('Ctrl Pts',(-71.4762550832226,-36.1550111874734,-13.2355943800128));
#3837=CARTESIAN_POINT('Ctrl Pts',(-71.0027136989574,-25.502251121759,-28.8444271656909));
#3838=CARTESIAN_POINT('Ctrl Pts',(-70.5291723146918,-8.70574007668728,-37.5043448304776));
#3839=CARTESIAN_POINT('Ctrl Pts',(-70.0556309304266,10.1880720890312,-37.129085343218));
#3840=CARTESIAN_POINT('Ctrl Pts',(-69.582089546161,26.6274743227252,-27.8090525271719));
#3841=CARTESIAN_POINT('Ctrl Pts',(-69.1085481618956,36.6520478628458,-11.7895368357835));
#3842=CARTESIAN_POINT('Ctrl Pts',(-68.6350067776303,37.8467712385932,7.07019788274618));
#3843=CARTESIAN_POINT('Ctrl Pts',(-68.1614653933648,29.9238234716456,24.2266502049868));
#3844=CARTESIAN_POINT('Ctrl Pts',(-67.6879240090995,14.7919230550789,35.5466567153302));
#3845=CARTESIAN_POINT('Ctrl Pts',(-67.2143826248341,-3.90350168803479,38.3031130050767));
#3846=CARTESIAN_POINT('Ctrl Pts',(-66.7408412405686,-21.6585332739328,31.8319607899086));
#3847=CARTESIAN_POINT('Ctrl Pts',(-66.2672998563033,-34.1958044700155,17.6921662878187));
#3848=CARTESIAN_POINT('Ctrl Pts',(-65.7937584720378,-38.4949594556565,-0.709850558599949));
#3849=CARTESIAN_POINT('Ctrl Pts',(-65.3202170877724,-33.5202881801851,-18.9408572040719));
#3850=CARTESIAN_POINT('Ctrl Pts',(-64.846675703507,-20.4702394215238,-32.6088191956319));
#3851=CARTESIAN_POINT('Ctrl Pts',(-64.3731343192416,-2.48870231730195,-38.4209858291495));
#3852=CARTESIAN_POINT('Ctrl Pts',(-63.8995929349762,16.092388422838,-34.9771471986548));
#3853=CARTESIAN_POINT('Ctrl Pts',(-63.4260515507108,30.796659535948,-23.1069589676956));
#3854=CARTESIAN_POINT('Ctrl Pts',(-62.9525101664454,38.081702937246,-5.67006990320272));
#3855=CARTESIAN_POINT('Ctrl Pts',(-62.47896878218,36.1924777651883,13.1327965233688));
#3856=CARTESIAN_POINT('Ctrl Pts',(-62.0054273979147,25.5841175297589,28.7718390363102));
#3857=CARTESIAN_POINT('Ctrl Pts',(-61.5318860136491,8.81228383262282,37.4794536374419));
#3858=CARTESIAN_POINT('Ctrl Pts',(-61.0583446293839,-10.0825184396936,37.1578876313105));
#3859=CARTESIAN_POINT('Ctrl Pts',(-60.5848032451183,-26.5483397335597,27.8846095310541));
#3860=CARTESIAN_POINT('Ctrl Pts',(-60.111261860853,-36.618396654868,11.8936461076752));
#3861=CARTESIAN_POINT('Ctrl Pts',(-59.6377204765875,-37.8667103313681,-6.96261732311334));
#3862=CARTESIAN_POINT('Ctrl Pts',(-59.1641790923222,-29.992549334351,-24.1415156055784));
#3863=CARTESIAN_POINT('Ctrl Pts',(-58.6906377080567,-14.8928789307194,-35.504477864951));
#3864=CARTESIAN_POINT('Ctrl Pts',(-58.2170963237914,3.79463709436568,-38.3140512166218));
#3865=CARTESIAN_POINT('Ctrl Pts',(-57.7435549395259,21.5679865471339,-31.893380937281));
#3866=CARTESIAN_POINT('Ctrl Pts',(-57.2700135552606,34.1453892352315,-17.7892716343978));
#3867=CARTESIAN_POINT('Ctrl Pts',(-56.7964721709951,38.4968212543701,0.600453675921998));
#3868=CARTESIAN_POINT('Ctrl Pts',(-56.3229307867298,33.5739784862166,18.8455236041608));
#3869=CARTESIAN_POINT('Ctrl Pts',(-55.8493894024643,20.5628236954564,32.5505157098514));
#3870=CARTESIAN_POINT('Ctrl Pts',(-55.375848018199,2.5978760682921,38.413758358718));
#3871=CARTESIAN_POINT('Ctrl Pts',(-54.9023066339335,-15.9929262589695,35.0227369145035));
#3872=CARTESIAN_POINT('Ctrl Pts',(-54.4287652496682,-30.7308704035021,23.1943828448074));
#3873=CARTESIAN_POINT('Ctrl Pts',(-53.9552238654027,-38.0654361056737,5.77826664260442));
#3874=CARTESIAN_POINT('Ctrl Pts',(-53.4816824811374,-36.2296520792031,-13.0298926137094));
#3875=CARTESIAN_POINT('Ctrl Pts',(-53.0081410968719,-25.6657773200597,-28.6990185524541));
#3876=CARTESIAN_POINT('Ctrl Pts',(-52.5345997126065,-8.91875642714385,-37.4542597721657));
#3877=CARTESIAN_POINT('Ctrl Pts',(-52.0610583283411,9.9768833688288,-37.1863898434282));
#3878=CARTESIAN_POINT('Ctrl Pts',(-51.5875169440757,26.4689907471777,-27.9599413463659));
#3879=CARTESIAN_POINT('Ctrl Pts',(-51.1139755598103,36.584449727591,-11.9976593319127));
#3880=CARTESIAN_POINT('Ctrl Pts',(-50.6404341755449,37.8863436247267,6.85498053938468));
#3881=CARTESIAN_POINT('Ctrl Pts',(-50.1668927912795,30.0610329840981,24.0561860385863));
#3882=CARTESIAN_POINT('Ctrl Pts',(-49.6933514070141,14.9937145402226,35.4620123067611));
#3883=CARTESIAN_POINT('Ctrl Pts',(-49.2198100227487,-3.68574186502027,38.3246799839029));
#3884=CARTESIAN_POINT('Ctrl Pts',(-48.7462686384832,-21.4772656263762,31.9545435857427));
#3885=CARTESIAN_POINT('Ctrl Pts',(-48.2727272542179,-34.0946982869791,17.8862331956625));
#3886=CARTESIAN_POINT('Ctrl Pts',(-47.7991858699524,-38.4983720955169,-0.491051696428068));
#3887=CARTESIAN_POINT('Ctrl Pts',(-47.3256444856871,-33.6273977955836,-18.7500383065118));
#3888=CARTESIAN_POINT('Ctrl Pts',(-46.8521031014216,-20.6552416379057,-32.4919483743413));
#3889=CARTESIAN_POINT('Ctrl Pts',(-46.3785617171563,-2.70702938150361,-38.4062226237698));
#3890=CARTESIAN_POINT('Ctrl Pts',(-45.9050203328908,15.8933360195994,-35.0680399087736));
#3891=CARTESIAN_POINT('Ctrl Pts',(-45.4314789486256,30.664830950822,-23.2816271505803));
#3892=CARTESIAN_POINT('Ctrl Pts',(-44.95793756436,38.0488661422159,-5.88640131334117));
#3893=CARTESIAN_POINT('Ctrl Pts',(-44.4843961800947,36.2665253077639,12.9268528156961));
#3894=CARTESIAN_POINT('Ctrl Pts',(-44.0108547958292,25.7472467711902,28.6260273364598));
#3895=CARTESIAN_POINT('Ctrl Pts',(-43.5373134115638,9.02512329567828,37.4286419519205));
#3896=CARTESIAN_POINT('Ctrl Pts',(-43.0637720272984,-9.87110061335494,37.2148336136326));
#3897=CARTESIAN_POINT('Ctrl Pts',(-42.590230643033,-26.3895620355589,28.0345652476119));
#3898=CARTESIAN_POINT('Ctrl Pts',(-42.1166892587676,-36.5499348578321,12.1025442859851));
#3899=CARTESIAN_POINT('Ctrl Pts',(-41.6431478745022,-37.9062793381244,-6.74932430732949));
#3900=CARTESIAN_POINT('Ctrl Pts',(-41.3274536183253,-32.7199740225648,-18.2263533241419));
#3901=CARTESIAN_POINT('Ctrl Pts',(-41.1696064902368,-28.9171041203505,-23.0062675274109));
#3902=CARTESIAN_POINT('Ctrl Pts',(-80.6461992887905,25.1364387661806,28.5940132583125));
#3903=CARTESIAN_POINT('Ctrl Pts',(-80.488352160702,20.4099305538426,32.7489943441783));
#3904=CARTESIAN_POINT('Ctrl Pts',(-80.172657904525,8.86170975494345,38.6661657931704));
#3905=CARTESIAN_POINT('Ctrl Pts',(-79.6991165202598,-10.6063339419237,38.2234688688673));
#3906=CARTESIAN_POINT('Ctrl Pts',(-79.2255751359942,-27.5147978544042,28.5733943332998));
#3907=CARTESIAN_POINT('Ctrl Pts',(-78.7520337517289,-37.7968152949226,12.0392111992622));
#3908=CARTESIAN_POINT('Ctrl Pts',(-78.2784923674634,-38.9721230762296,-7.39509797944155));
#3909=CARTESIAN_POINT('Ctrl Pts',(-77.8049509831981,-30.7591898944957,-25.0479744065377));
#3910=CARTESIAN_POINT('Ctrl Pts',(-77.3314095989327,-15.1357851289123,-36.666478729761));
#3911=CARTESIAN_POINT('Ctrl Pts',(-76.8578682146673,4.13384783314509,-39.4516869734006));
#3912=CARTESIAN_POINT('Ctrl Pts',(-76.3843268304018,22.407663237528,-32.7325682050749));
#3913=CARTESIAN_POINT('Ctrl Pts',(-75.9107854461365,35.2832109184153,-18.1278494168462));
#3914=CARTESIAN_POINT('Ctrl Pts',(-75.4372440618709,39.6586923890957,0.844056085004861));
#3915=CARTESIAN_POINT('Ctrl Pts',(-74.9637026776057,34.4799838649164,19.6126179619884));
#3916=CARTESIAN_POINT('Ctrl Pts',(-74.4901612933401,20.9947017839406,33.6563021837627));
#3917=CARTESIAN_POINT('Ctrl Pts',(-74.0166199090748,2.45158086676683,39.5918412765465));
#3918=CARTESIAN_POINT('Ctrl Pts',(-73.5430785248095,-16.6821496535885,35.9893043972298));
#3919=CARTESIAN_POINT('Ctrl Pts',(-73.0695371405439,-31.7969816353418,23.7165788557534));
#3920=CARTESIAN_POINT('Ctrl Pts',(-72.5959957562786,-39.2515978860284,5.73028892761794));
#3921=CARTESIAN_POINT('Ctrl Pts',(-72.1224543720132,-37.2501061410377,-13.636485767871));
#3922=CARTESIAN_POINT('Ctrl Pts',(-71.6489129877478,-26.2746858573799,-29.7180926850794));
#3923=CARTESIAN_POINT('Ctrl Pts',(-71.1753716034824,-8.96942723130018,-38.6403095947429));
#3924=CARTESIAN_POINT('Ctrl Pts',(-70.701830219217,10.4966574265767,-38.2536839162617));
#3925=CARTESIAN_POINT('Ctrl Pts',(-70.2282888349515,27.4339908137802,-28.6513577038457));
#3926=CARTESIAN_POINT('Ctrl Pts',(-69.7547474506862,37.7621975028023,-12.1466287538797));
#3927=CARTESIAN_POINT('Ctrl Pts',(-69.2812060664208,38.9931077167421,7.28434628895044));
#3928=CARTESIAN_POINT('Ctrl Pts',(-68.8076646821553,30.8301827009438,24.9604484119263));
#3929=CARTESIAN_POINT('Ctrl Pts',(-68.33412329789,15.2399539022312,36.6233252906265));
#3930=CARTESIAN_POINT('Ctrl Pts',(-67.8605819136245,-4.02173439933532,39.4632715662278));
#3931=CARTESIAN_POINT('Ctrl Pts',(-67.3870405293591,-22.3145460840769,32.7961153698182));
#3932=CARTESIAN_POINT('Ctrl Pts',(-66.9134991450938,-35.2315572378409,18.2280422669174));
#3933=CARTESIAN_POINT('Ctrl Pts',(-66.4399577608283,-39.6609288317676,-0.731351140095463));
#3934=CARTESIAN_POINT('Ctrl Pts',(-65.9664163765629,-34.535580313212,-19.5145546379575));
#3935=CARTESIAN_POINT('Ctrl Pts',(-65.4928749922976,-21.0902601365645,-33.5965039499709));
#3936=CARTESIAN_POINT('Ctrl Pts',(-65.0193336080321,-2.56408233404344,-39.5847146266403));
#3937=CARTESIAN_POINT('Ctrl Pts',(-64.5457922237668,16.5798089151528,-36.036565966048));
#3938=CARTESIAN_POINT('Ctrl Pts',(-64.0722508395013,31.7294559958794,-23.8068429762091));
#3939=CARTESIAN_POINT('Ctrl Pts',(-63.598709455236,39.2351552344523,-5.84180999491938));
#3940=CARTESIAN_POINT('Ctrl Pts',(-63.1251680709704,37.288707539593,13.5305742788328));
#3941=CARTESIAN_POINT('Ctrl Pts',(-62.6516266867052,26.3590319075461,29.6433059422406));
#3942=CARTESIAN_POINT('Ctrl Pts',(-62.1780853024397,9.07919807874049,38.6146644752393));
#3943=CARTESIAN_POINT('Ctrl Pts',(-61.7045439181743,-10.3879066749585,38.2833585935281));
#3944=CARTESIAN_POINT('Ctrl Pts',(-61.2310025339089,-27.3524593261932,28.7292032450825));
#3945=CARTESIAN_POINT('Ctrl Pts',(-60.7574611496435,-37.7275270372768,12.2538913794705));
#3946=CARTESIAN_POINT('Ctrl Pts',(-60.2839197653781,-39.0136507423927,-7.17350723418551));
#3947=CARTESIAN_POINT('Ctrl Pts',(-59.8103783811127,-30.9009901933584,-24.8727351804799));
#3948=CARTESIAN_POINT('Ctrl Pts',(-59.3368369968473,-15.3439676187164,-36.5798688899249));
#3949=CARTESIAN_POINT('Ctrl Pts',(-58.8632956125819,3.90957241857568,-39.4745410839977));
#3950=CARTESIAN_POINT('Ctrl Pts',(-58.3897542283165,22.2212567979391,-32.8593958649328));
#3951=CARTESIAN_POINT('Ctrl Pts',(-57.9162128440511,35.1796149818397,-18.3280888261115));
#3952=CARTESIAN_POINT('Ctrl Pts',(-57.4426714597856,39.6628470222871,0.618640747886715));
#3953=CARTESIAN_POINT('Ctrl Pts',(-56.9691300755203,34.5908968387151,19.4163334896613));
#3954=CARTESIAN_POINT('Ctrl Pts',(-56.4955886912548,21.1856486848655,33.5364345166507));
#3955=CARTESIAN_POINT('Ctrl Pts',(-56.0220473069894,2.67656283615452,39.5772682441925));
#3956=CARTESIAN_POINT('Ctrl Pts',(-55.548505922724,-16.4773341533028,36.0835365435289));
#3957=CARTESIAN_POINT('Ctrl Pts',(-55.0749645384587,-31.6616741840073,23.8969148250267));
#3958=CARTESIAN_POINT('Ctrl Pts',(-54.6014231541932,-39.2183956986993,5.95328389285096));
#3959=CARTESIAN_POINT('Ctrl Pts',(-54.1278817699278,-37.3270078221068,-13.4245535245515));
#3960=CARTESIAN_POINT('Ctrl Pts',(-53.6543403856625,-26.4431650817938,-29.5682798071686));
#3961=CARTESIAN_POINT('Ctrl Pts',(-53.180799001397,-9.18889560936644,-38.5887075158908));
#3962=CARTESIAN_POINT('Ctrl Pts',(-52.7072576171316,10.279072035646,-38.3127241058532));
#3963=CARTESIAN_POINT('Ctrl Pts',(-52.2337162328662,27.2707069475371,-28.8068167770383));
#3964=CARTESIAN_POINT('Ctrl Pts',(-51.7601748486008,37.6925518954445,-12.3610550482308));
#3965=CARTESIAN_POINT('Ctrl Pts',(-51.2866334643354,39.0338787063038,7.06261025235963));
#3966=CARTESIAN_POINT('Ctrl Pts',(-50.81309208007,30.9715481364546,24.784821076099));
#3967=CARTESIAN_POINT('Ctrl Pts',(-50.3395506958047,15.4478574263371,36.5361170973529));
#3968=CARTESIAN_POINT('Ctrl Pts',(-49.8660093115391,-3.79737887421924,39.4854917847819));
#3969=CARTESIAN_POINT('Ctrl Pts',(-49.3924679272739,-22.1277880417019,32.9224110617821));
#3970=CARTESIAN_POINT('Ctrl Pts',(-48.9189265430083,-35.1273886613165,18.4279872448945));
#3971=CARTESIAN_POINT('Ctrl Pts',(-48.445385158743,-39.6644448366822,-0.505925104485086));
#3972=CARTESIAN_POINT('Ctrl Pts',(-47.9718437744776,-34.6459341593672,-19.317956048872));
#3973=CARTESIAN_POINT('Ctrl Pts',(-47.4983023902122,-21.2808658636882,-33.476093241887));
#3974=CARTESIAN_POINT('Ctrl Pts',(-47.0247610059467,-2.78902228144945,-39.5695042602398));
#3975=CARTESIAN_POINT('Ctrl Pts',(-46.5512196216814,16.3747274366872,-36.1302117149545));
#3976=CARTESIAN_POINT('Ctrl Pts',(-46.0776782374159,31.5936344699806,-23.9868016634898));
#3977=CARTESIAN_POINT('Ctrl Pts',(-45.6041368531506,39.2013238495341,-6.06469384212696));
#3978=CARTESIAN_POINT('Ctrl Pts',(-45.1305954688851,37.3649978996242,13.3183927660098));
#3979=CARTESIAN_POINT('Ctrl Pts',(-44.6570540846197,26.5271021517099,29.4930777686724));
#3980=CARTESIAN_POINT('Ctrl Pts',(-44.1835127003544,9.29848421168367,38.5623137604501));
#3981=CARTESIAN_POINT('Ctrl Pts',(-43.7099713160889,-10.1700852385224,38.3420294061247));
#3982=CARTESIAN_POINT('Ctrl Pts',(-43.2364299318236,-27.1888724288556,28.883700953001));
#3983=CARTESIAN_POINT('Ctrl Pts',(-42.7628885475581,-37.6569916087863,12.4691168505501));
#3984=CARTESIAN_POINT('Ctrl Pts',(-42.2893471632928,-39.0544182502195,-6.95375381090785));
#3985=CARTESIAN_POINT('Ctrl Pts',(-41.9736529071158,-33.7110255326049,-18.7784092326203));
#3986=CARTESIAN_POINT('Ctrl Pts',(-41.8158057790273,-29.7929709436156,-23.7031017045317));
#3987=CARTESIAN_POINT('Ctrl Pts',(-81.292398577581,25.8754108147218,29.4346325978324));
#3988=CARTESIAN_POINT('Ctrl Pts',(-81.1345514494925,21.0099506415031,33.7117636395147));
#3989=CARTESIAN_POINT('Ctrl Pts',(-80.8188571933156,9.12223018395501,39.8028906892944));
#3990=CARTESIAN_POINT('Ctrl Pts',(-80.3453158090502,-10.9181435977577,39.3471791666992));
#3991=CARTESIAN_POINT('Ctrl Pts',(-79.8717744247848,-28.3236899462714,29.4134075086213));
#3992=CARTESIAN_POINT('Ctrl Pts',(-79.3982330405193,-38.9079826439109,12.3931452089879));
#3993=CARTESIAN_POINT('Ctrl Pts',(-78.924691656254,-40.1178426387155,-7.61250231240472));
#3994=CARTESIAN_POINT('Ctrl Pts',(-78.4511502719886,-31.6634620461414,-25.7843457410447));
#3995=CARTESIAN_POINT('Ctrl Pts',(-77.9776088877232,-15.5807535767912,-37.7444159487826));
#3996=CARTESIAN_POINT('Ctrl Pts',(-77.5040675034578,4.25537650433167,-40.6115049656121));
#3997=CARTESIAN_POINT('Ctrl Pts',(-77.0305261191923,23.0664135465788,-33.6948545975715));
#3998=CARTESIAN_POINT('Ctrl Pts',(-76.556984734927,36.3204822237909,-18.6607798826064));
#3999=CARTESIAN_POINT('Ctrl Pts',(-76.0834433506615,40.8245960172846,0.86887001588907));
#4000=CARTESIAN_POINT('Ctrl Pts',(-75.6099019663962,35.4936415491786,20.1891983044722));
#4001=CARTESIAN_POINT('Ctrl Pts',(-75.1363605821307,21.611913232631,34.6457449127987));
#4002=CARTESIAN_POINT('Ctrl Pts',(-74.6628191978654,2.52365351604429,40.7557795864161));
#4003=CARTESIAN_POINT('Ctrl Pts',(-74.1892778136,-17.1725788038057,37.0473337482999));
#4004=CARTESIAN_POINT('Ctrl Pts',(-73.7157364293345,-32.7317632436303,24.4138092400752));
#4005=CARTESIAN_POINT('Ctrl Pts',(-73.2421950450691,-40.4055335715154,5.89875047409892));
#4006=CARTESIAN_POINT('Ctrl Pts',(-72.7686536608037,-38.3452010946019,-14.0373771557292));
#4007=CARTESIAN_POINT('Ctrl Pts',(-72.2951122765383,-27.0471205930008,-30.5917582044678));
#4008=CARTESIAN_POINT('Ctrl Pts',(-71.8215708922729,-9.23311438591305,-39.7762743590082));
#4009=CARTESIAN_POINT('Ctrl Pts',(-71.3480295080075,10.8052427641222,-39.3782824893055));
#4010=CARTESIAN_POINT('Ctrl Pts',(-70.8744881237421,28.2405073048352,-29.4936628805195));
#4011=CARTESIAN_POINT('Ctrl Pts',(-70.4009467394767,38.8723471427588,-12.5037206719759));
#4012=CARTESIAN_POINT('Ctrl Pts',(-69.9274053552113,40.139444194891,7.49849469515474));
#4013=CARTESIAN_POINT('Ctrl Pts',(-69.4538639709458,31.736541930242,25.6942466188658));
#4014=CARTESIAN_POINT('Ctrl Pts',(-68.9803225866805,15.6879847493836,37.6999938659227));
#4015=CARTESIAN_POINT('Ctrl Pts',(-68.506781202415,-4.13996711063586,40.6234301273788));
#4016=CARTESIAN_POINT('Ctrl Pts',(-68.0332398181497,-22.970558894221,33.7602699497277));
#4017=CARTESIAN_POINT('Ctrl Pts',(-67.5596984338842,-36.2673100056662,18.763918246016));
#4018=CARTESIAN_POINT('Ctrl Pts',(-67.0861570496189,-40.8268982078787,-0.752851721590997));
#4019=CARTESIAN_POINT('Ctrl Pts',(-66.6126156653534,-35.5508724462388,-20.0882520718431));
#4020=CARTESIAN_POINT('Ctrl Pts',(-66.1390742810881,-21.7102808516052,-34.58418870431));
#4021=CARTESIAN_POINT('Ctrl Pts',(-65.6655328968226,-2.63946235078496,-40.748443424131));
#4022=CARTESIAN_POINT('Ctrl Pts',(-65.1919915125573,17.0672294074676,-37.0959847334412));
#4023=CARTESIAN_POINT('Ctrl Pts',(-64.7184501282918,32.6622524558107,-24.5067269847226));
#4024=CARTESIAN_POINT('Ctrl Pts',(-64.2449087440265,40.3886075316585,-6.01355008663604));
#4025=CARTESIAN_POINT('Ctrl Pts',(-63.771367359761,38.3849373139977,13.9283520342967));
#4026=CARTESIAN_POINT('Ctrl Pts',(-63.2978259754957,27.1339462853334,30.5147728481709));
#4027=CARTESIAN_POINT('Ctrl Pts',(-62.8242845912302,9.34611232485816,39.7498753130368));
#4028=CARTESIAN_POINT('Ctrl Pts',(-62.3507432069649,-10.6932949102234,39.4088295557457));
#4029=CARTESIAN_POINT('Ctrl Pts',(-61.8772018226994,-28.1565789188266,29.5737969591109));
#4030=CARTESIAN_POINT('Ctrl Pts',(-61.403660438434,-38.8366574196857,12.6141366512658));
#4031=CARTESIAN_POINT('Ctrl Pts',(-60.9301190541686,-40.1605911534173,-7.38439714525771));
#4032=CARTESIAN_POINT('Ctrl Pts',(-60.4565776699032,-31.8094310523659,-25.6039547553813));
#4033=CARTESIAN_POINT('Ctrl Pts',(-59.9830362856378,-15.7950563067134,-37.6552599148989));
#4034=CARTESIAN_POINT('Ctrl Pts',(-59.5094949013724,4.02450774278563,-40.6350309513735));
#4035=CARTESIAN_POINT('Ctrl Pts',(-59.0359535171069,22.8745270487444,-33.8254107925846));
#4036=CARTESIAN_POINT('Ctrl Pts',(-58.5624121328416,36.2138407284477,-18.8669060178252));
#4037=CARTESIAN_POINT('Ctrl Pts',(-58.0888707485762,40.8288727902042,0.636827819851415));
#4038=CARTESIAN_POINT('Ctrl Pts',(-57.6153293643108,35.6078151912136,19.9871433751618));
#4039=CARTESIAN_POINT('Ctrl Pts',(-57.1417879800454,21.8084736742746,34.5223533234501));
#4040=CARTESIAN_POINT('Ctrl Pts',(-56.66824659578,2.75524960401695,40.740778129667));
#4041=CARTESIAN_POINT('Ctrl Pts',(-56.1947052115146,-16.9617420476362,37.1443361725542));
#4042=CARTESIAN_POINT('Ctrl Pts',(-55.7211638272492,-32.5924779645126,24.5994468052459));
#4043=CARTESIAN_POINT('Ctrl Pts',(-55.2476224429838,-40.3713552917249,6.12830114309751));
#4044=CARTESIAN_POINT('Ctrl Pts',(-54.7740810587184,-38.4243635650105,-13.8192144353937));
#4045=CARTESIAN_POINT('Ctrl Pts',(-54.3005396744529,-27.2205528435278,-30.4375410618831));
#4046=CARTESIAN_POINT('Ctrl Pts',(-53.8269982901876,-9.45903479158906,-39.7231552596157));
#4047=CARTESIAN_POINT('Ctrl Pts',(-53.3534569059221,10.5812607024632,-39.4390583682782));
#4048=CARTESIAN_POINT('Ctrl Pts',(-52.8799155216568,28.0724231478964,-29.6536922077107));
#4049=CARTESIAN_POINT('Ctrl Pts',(-52.4063741373913,38.8006540632981,-12.7244507645489));
#4050=CARTESIAN_POINT('Ctrl Pts',(-51.9328327531259,40.1814137878808,7.27023996533462));
#4051=CARTESIAN_POINT('Ctrl Pts',(-51.4592913688605,31.8820632888111,25.5134561136117));
#4052=CARTESIAN_POINT('Ctrl Pts',(-50.9857499845951,15.9020003124515,37.6102218879447));
#4053=CARTESIAN_POINT('Ctrl Pts',(-50.5122086003298,-3.90901588341817,40.6463035856611));
#4054=CARTESIAN_POINT('Ctrl Pts',(-50.0386672160643,-22.7783104570276,33.8902785378214));
#4055=CARTESIAN_POINT('Ctrl Pts',(-49.5651258317989,-36.1600790356539,18.9697412941265));
#4056=CARTESIAN_POINT('Ctrl Pts',(-49.0915844475335,-40.8305175778475,-0.520798512542098));
#4057=CARTESIAN_POINT('Ctrl Pts',(-48.6180430632681,-35.6644705231506,-19.8858737912321));
#4058=CARTESIAN_POINT('Ctrl Pts',(-48.1445016790027,-21.9064900894707,-34.4602381094328));
#4059=CARTESIAN_POINT('Ctrl Pts',(-47.6709602947373,-2.87101518139527,-40.7327858967098));
#4060=CARTESIAN_POINT('Ctrl Pts',(-47.1974189104719,16.856118853775,-37.1923835211353));
#4061=CARTESIAN_POINT('Ctrl Pts',(-46.7238775262064,32.5224379891392,-24.6919761763993));
#4062=CARTESIAN_POINT('Ctrl Pts',(-46.2503361419412,40.3537815568524,-6.24298637091279));
#4063=CARTESIAN_POINT('Ctrl Pts',(-45.7767947576756,38.4634704914844,13.7099327163236));
#4064=CARTESIAN_POINT('Ctrl Pts',(-45.3032533734103,27.3069575322297,30.3601282008849));
#4065=CARTESIAN_POINT('Ctrl Pts',(-44.8297119891448,9.57184512768903,39.6959855689797));
#4066=CARTESIAN_POINT('Ctrl Pts',(-44.3561706048795,-10.4690698636897,39.4692251986167));
#4067=CARTESIAN_POINT('Ctrl Pts',(-43.8826292206141,-27.9881828221525,29.7328366583901));
#4068=CARTESIAN_POINT('Ctrl Pts',(-43.4090878363486,-38.7640483597403,12.8356894151152));
#4069=CARTESIAN_POINT('Ctrl Pts',(-42.9355464520833,-40.2025571623148,-7.15818331448619));
#4070=CARTESIAN_POINT('Ctrl Pts',(-42.6198521959063,-34.702077042645,-19.3304651410987));
#4071=CARTESIAN_POINT('Ctrl Pts',(-42.4620050678178,-30.6688377668807,-24.3999358816525));
#4072=CARTESIAN_POINT('Ctrl Pts',(-81.9385978663715,26.614382863263,30.2752519373524));
#4073=CARTESIAN_POINT('Ctrl Pts',(-81.780750738283,21.6099707291636,34.6745329348511));
#4074=CARTESIAN_POINT('Ctrl Pts',(-81.4650564821061,9.38275061296657,40.9396155854183));
#4075=CARTESIAN_POINT('Ctrl Pts',(-80.9915150978406,-11.2299532535918,40.4708894645311));
#4076=CARTESIAN_POINT('Ctrl Pts',(-80.5179737135753,-29.1325820381385,30.2534206839429));
#4077=CARTESIAN_POINT('Ctrl Pts',(-80.0444323293099,-40.0191499928992,12.7470792187136));
#4078=CARTESIAN_POINT('Ctrl Pts',(-79.5708909450445,-41.2635622012014,-7.82990664536787));
#4079=CARTESIAN_POINT('Ctrl Pts',(-79.0973495607791,-32.567734197787,-26.5207170755518));
#4080=CARTESIAN_POINT('Ctrl Pts',(-78.6238081765136,-16.0257220246702,-38.8223531678043));
#4081=CARTESIAN_POINT('Ctrl Pts',(-78.1502667922483,4.37690517551824,-41.7713229578237));
#4082=CARTESIAN_POINT('Ctrl Pts',(-77.6767254079829,23.7251638556296,-34.6571409900681));
#4083=CARTESIAN_POINT('Ctrl Pts',(-77.2031840237174,37.3577535291667,-19.1937103483666));
#4084=CARTESIAN_POINT('Ctrl Pts',(-76.7296426394521,41.9904996454734,0.893683946773304));
#4085=CARTESIAN_POINT('Ctrl Pts',(-76.2561012551867,36.5072992334408,20.765778646956));
#4086=CARTESIAN_POINT('Ctrl Pts',(-75.7825598709212,22.2291246813213,35.6351876418348));
#4087=CARTESIAN_POINT('Ctrl Pts',(-75.3090184866558,2.59572616532173,41.9197178962857));
#4088=CARTESIAN_POINT('Ctrl Pts',(-74.8354771023905,-17.6630079540228,38.1053630993699));
#4089=CARTESIAN_POINT('Ctrl Pts',(-74.361935718125,-33.6665448519188,25.1110396243969));
#4090=CARTESIAN_POINT('Ctrl Pts',(-73.8883943338597,-41.5594692570024,6.0672120205799));
#4091=CARTESIAN_POINT('Ctrl Pts',(-73.4148529495942,-39.4402960481661,-14.4382685435874));
#4092=CARTESIAN_POINT('Ctrl Pts',(-72.9413115653288,-27.8195553286216,-31.4654237238562));
#4093=CARTESIAN_POINT('Ctrl Pts',(-72.4677701810634,-9.49680154052595,-40.9122391232736));
#4094=CARTESIAN_POINT('Ctrl Pts',(-71.994228796798,11.1138281016676,-40.5028810623492));
#4095=CARTESIAN_POINT('Ctrl Pts',(-71.5206874125327,29.0470237958903,-30.3359680571933));
#4096=CARTESIAN_POINT('Ctrl Pts',(-71.0471460282671,39.9824967827153,-12.8608125900722));
#4097=CARTESIAN_POINT('Ctrl Pts',(-70.5736046440019,41.2857806730399,7.71264310135903));
#4098=CARTESIAN_POINT('Ctrl Pts',(-70.1000632597363,32.6429011595401,26.4280448258054));
#4099=CARTESIAN_POINT('Ctrl Pts',(-69.626521875471,16.136015596536,38.776662441219));
#4100=CARTESIAN_POINT('Ctrl Pts',(-69.1529804912056,-4.25819982193641,41.7835886885299));
#4101=CARTESIAN_POINT('Ctrl Pts',(-68.6794391069402,-23.6265717043651,34.7244245296372));
#4102=CARTESIAN_POINT('Ctrl Pts',(-68.2058977226748,-37.3030627734916,19.2997942251146));
#4103=CARTESIAN_POINT('Ctrl Pts',(-67.7323563384094,-41.9928675839898,-0.774352303086505));
#4104=CARTESIAN_POINT('Ctrl Pts',(-67.258814954144,-36.5661645792657,-20.6619495057287));
#4105=CARTESIAN_POINT('Ctrl Pts',(-66.7852735698786,-22.3303015666459,-35.5718734586489));
#4106=CARTESIAN_POINT('Ctrl Pts',(-66.3117321856131,-2.71484236752645,-41.9121722216218));
#4107=CARTESIAN_POINT('Ctrl Pts',(-65.8381908013478,17.5546498997823,-38.1554035008343));
#4108=CARTESIAN_POINT('Ctrl Pts',(-65.3646494170824,33.595048915742,-25.2066109932361));
#4109=CARTESIAN_POINT('Ctrl Pts',(-64.8911080328169,41.5420598288648,-6.18529017835268));
#4110=CARTESIAN_POINT('Ctrl Pts',(-64.4175666485516,39.4811670884024,14.3261297897607));
#4111=CARTESIAN_POINT('Ctrl Pts',(-63.9440252642861,27.9088606631207,31.3862397541013));
#4112=CARTESIAN_POINT('Ctrl Pts',(-63.4704838800208,9.61302657097584,40.8850861508341));
#4113=CARTESIAN_POINT('Ctrl Pts',(-62.9969424957553,-10.9986831454884,40.5343005179633));
#4114=CARTESIAN_POINT('Ctrl Pts',(-62.52340111149,-28.9606985114601,30.4183906731393));
#4115=CARTESIAN_POINT('Ctrl Pts',(-62.0498597272245,-39.9457878020945,12.9743819230611));
#4116=CARTESIAN_POINT('Ctrl Pts',(-61.5763183429591,-41.3075315644419,-7.5952870563299));
#4117=CARTESIAN_POINT('Ctrl Pts',(-61.1027769586937,-32.7178719113733,-26.3351743302827));
#4118=CARTESIAN_POINT('Ctrl Pts',(-60.6292355744284,-16.2461449947104,-38.7306509398727));
#4119=CARTESIAN_POINT('Ctrl Pts',(-60.1556941901629,4.13944306699563,-41.7955208187493));
#4120=CARTESIAN_POINT('Ctrl Pts',(-59.6821528058975,23.5277972995496,-34.7914257202365));
#4121=CARTESIAN_POINT('Ctrl Pts',(-59.208611421632,37.2480664750558,-19.4057232095389));
#4122=CARTESIAN_POINT('Ctrl Pts',(-58.7350700373668,41.9948985581213,0.655014891816113));
#4123=CARTESIAN_POINT('Ctrl Pts',(-58.2615286531012,36.6247335437121,20.5579532606623));
#4124=CARTESIAN_POINT('Ctrl Pts',(-57.787987268836,22.4312986636837,35.5082721302495));
#4125=CARTESIAN_POINT('Ctrl Pts',(-57.3144458845704,2.83393637187936,41.9042880151415));
#4126=CARTESIAN_POINT('Ctrl Pts',(-56.8409045003051,-17.4461499419695,38.2051358015796));
#4127=CARTESIAN_POINT('Ctrl Pts',(-56.3673631160397,-33.5232817450179,25.3019787854652));
#4128=CARTESIAN_POINT('Ctrl Pts',(-55.8938217317742,-41.5243148847505,6.30331839334405));
#4129=CARTESIAN_POINT('Ctrl Pts',(-55.4202803475089,-39.5217193079143,-14.2138753462359));
#4130=CARTESIAN_POINT('Ctrl Pts',(-54.9467389632434,-27.9979406052619,-31.3068023165975));
#4131=CARTESIAN_POINT('Ctrl Pts',(-54.4731975789782,-9.72917397381167,-40.8576030033408));
#4132=CARTESIAN_POINT('Ctrl Pts',(-53.9996561947125,10.8834493692803,-40.5653926307032));
#4133=CARTESIAN_POINT('Ctrl Pts',(-53.5261148104473,28.8741393482558,-30.5005676383831));
#4134=CARTESIAN_POINT('Ctrl Pts',(-53.0525734261818,39.9087562311516,-13.0878464808669));
#4135=CARTESIAN_POINT('Ctrl Pts',(-52.5790320419164,41.3289488694579,7.47786967830955));
#4136=CARTESIAN_POINT('Ctrl Pts',(-52.105490657651,32.7925784411676,26.2420911511244));
#4137=CARTESIAN_POINT('Ctrl Pts',(-51.6319492733856,16.356143198566,38.6843266785365));
#4138=CARTESIAN_POINT('Ctrl Pts',(-51.1584078891202,-4.02065289261713,41.8071153865402));
#4139=CARTESIAN_POINT('Ctrl Pts',(-50.6848665048548,-23.4288328723533,34.8581460138607));
#4140=CARTESIAN_POINT('Ctrl Pts',(-50.2113251205894,-37.1927694099913,19.5114953433585));
#4141=CARTESIAN_POINT('Ctrl Pts',(-49.737783736324,-41.9965903190127,-0.535671920599126));
#4142=CARTESIAN_POINT('Ctrl Pts',(-49.2642423520587,-36.6830068869341,-20.4537915335923));
#4143=CARTESIAN_POINT('Ctrl Pts',(-48.7907009677932,-22.5321143152532,-35.4443829769785));
#4144=CARTESIAN_POINT('Ctrl Pts',(-48.3171595835278,-2.95300808134108,-41.8960675331797));
#4145=CARTESIAN_POINT('Ctrl Pts',(-47.8436181992624,17.3375102708628,-38.2545553273162));
#4146=CARTESIAN_POINT('Ctrl Pts',(-47.370076814997,33.4512415082979,-25.3971506893088));
#4147=CARTESIAN_POINT('Ctrl Pts',(-46.8965354307316,41.5062392641705,-6.42127889969861));
#4148=CARTESIAN_POINT('Ctrl Pts',(-46.4229940464662,39.5619430833447,14.1014726666373));
#4149=CARTESIAN_POINT('Ctrl Pts',(-45.9494526622008,28.0868129127494,31.2271786330974));
#4150=CARTESIAN_POINT('Ctrl Pts',(-45.4759112779354,9.84520604369442,40.8296573775093));
#4151=CARTESIAN_POINT('Ctrl Pts',(-45.00236989367,-10.7680544888572,40.5964209911086));
#4152=CARTESIAN_POINT('Ctrl Pts',(-44.5288285094046,-28.7874932154493,30.5819723637793));
#4153=CARTESIAN_POINT('Ctrl Pts',(-44.0552871251391,-39.8711051106944,13.2022619796802));
#4154=CARTESIAN_POINT('Ctrl Pts',(-43.5817457408738,-41.3506960744099,-7.36261281806454));
#4155=CARTESIAN_POINT('Ctrl Pts',(-43.2660514846968,-35.6931285526851,-19.8825210495771));
#4156=CARTESIAN_POINT('Ctrl Pts',(-43.1082043566084,-31.5447045901458,-25.0967700587733));
#4157=CARTESIAN_POINT('Ctrl Pts',(-72.2499633327955,-0.000240848536991266,
-40.3069756460043));
#4158=CARTESIAN_POINT('Ctrl Pts',(-72.3225656155515,-3.06564221461854,-40.3076222762181));
#4159=CARTESIAN_POINT('Ctrl Pts',(-72.3951678983074,-6.13090021556686,-39.9623446985568));
#4160=CARTESIAN_POINT('Ctrl Pts',(-72.4677701810634,-9.11548889817633,-39.2695435465499));
#4161=CARTESIAN_POINT('Ctrl Pts',(-72.6256173091519,-15.6043861365578,-37.763300656801));
#4162=CARTESIAN_POINT('Ctrl Pts',(-72.7834644372403,-21.7119707325897,-34.6143621903286));
#4163=CARTESIAN_POINT('Ctrl Pts',(-72.9413115653288,-26.7025531505297,-30.2020337603809));
#4164=CARTESIAN_POINT('Ctrl Pts',(-73.0991586934173,-31.6931355684697,-25.7897053304332));
#4165=CARTESIAN_POINT('Ctrl Pts',(-73.2570058215057,-35.5667158083179,-20.1139869370103));
#4166=CARTESIAN_POINT('Ctrl Pts',(-73.4148529495942,-37.856701463048,-13.858547646271));
#4167=CARTESIAN_POINT('Ctrl Pts',(-73.5727000776826,-40.1466871177781,-7.60310835553161));
#4168=CARTESIAN_POINT('Ctrl Pts',(-73.7305472057711,-40.8530781873902,-0.767948167475833));
#4169=CARTESIAN_POINT('Ctrl Pts',(-73.8883943338596,-39.890786321349,5.82360319385489));
#4170=CARTESIAN_POINT('Ctrl Pts',(-74.0462414619481,-38.9284944553078,12.4151545551856));
#4171=CARTESIAN_POINT('Ctrl Pts',(-74.2040885900365,-36.2975196536133,18.7630970897912));
#4172=CARTESIAN_POINT('Ctrl Pts',(-74.361935718125,-32.3147761031167,24.1027889362562));
#4173=CARTESIAN_POINT('Ctrl Pts',(-74.5197828462134,-28.3320325526201,29.4424807827212));
#4174=CARTESIAN_POINT('Ctrl Pts',(-74.677629974302,-22.9975202533214,33.7739219410456));
#4175=CARTESIAN_POINT('Ctrl Pts',(-74.8354771023904,-16.9538084171145,36.5753683196937));
#4176=CARTESIAN_POINT('Ctrl Pts',(-74.9933242304789,-10.9100965809078,39.3768146983418));
#4177=CARTESIAN_POINT('Ctrl Pts',(-75.1511713585673,-4.15718520779302,40.6482662973137));
#4178=CARTESIAN_POINT('Ctrl Pts',(-75.3090184866558,2.49150356476428,40.2365703877245));
#4179=CARTESIAN_POINT('Ctrl Pts',(-75.4668656147443,9.14019233732159,39.8248744781353));
#4180=CARTESIAN_POINT('Ctrl Pts',(-75.6247127428327,15.6846585093214,37.730031059985));
#4181=CARTESIAN_POINT('Ctrl Pts',(-75.7825598709212,21.3365873540079,34.2043745184301));
#4182=CARTESIAN_POINT('Ctrl Pts',(-75.9404069990097,26.9885161986944,30.6787179768752));
#4183=CARTESIAN_POINT('Ctrl Pts',(-76.0982541270981,31.7479077160676,25.7222483119155));
#4184=CARTESIAN_POINT('Ctrl Pts',(-76.2561012551866,35.0414702100929,19.931997696072));
#4185=CARTESIAN_POINT('Ctrl Pts',(-76.4139483832751,38.3350327041183,14.1417470802284));
#4186=CARTESIAN_POINT('Ctrl Pts',(-76.5717955113635,40.1627661747958,7.51771551350082));
#4187=CARTESIAN_POINT('Ctrl Pts',(-76.729642639452,40.3045085574168,0.857800680947049));
#4188=CARTESIAN_POINT('Ctrl Pts',(-76.8874897675405,40.4462509400377,-5.80211415160667));
#4189=CARTESIAN_POINT('Ctrl Pts',(-77.0453368956289,38.9020022346022,-12.4979122499866));
#4190=CARTESIAN_POINT('Ctrl Pts',(-77.2031840237174,35.8577796029616,-18.4230497394601));
#4191=CARTESIAN_POINT('Ctrl Pts',(-77.3610311518058,32.8135569713209,-24.3481872289337));
#4192=CARTESIAN_POINT('Ctrl Pts',(-77.5188782798943,28.2693604134753,-29.5026641095008));
#4193=CARTESIAN_POINT('Ctrl Pts',(-77.6767254079828,22.772552354534,-33.2655995444103));
#4194=CARTESIAN_POINT('Ctrl Pts',(-77.8345725360713,17.2757442955925,-37.0285349793199));
#4195=CARTESIAN_POINT('Ctrl Pts',(-77.9924196641598,10.8263247355554,-39.3999289685718));
#4196=CARTESIAN_POINT('Ctrl Pts',(-78.1502667922482,4.20117708883871,-40.0941309981945));
#4197=CARTESIAN_POINT('Ctrl Pts',(-78.1834989724307,2.80635855145275,-40.2402840971505));
#4198=CARTESIAN_POINT('Ctrl Pts',(-78.2167311526131,1.40375094635908,-40.3120964235002));
#4199=CARTESIAN_POINT('Ctrl Pts',(-78.2499633327955,0.000998565518106183,
-40.3106729978819));
#4200=CARTESIAN_POINT('Ctrl Pts',(-80.,24.3974667176394,27.7533939187926));
#4201=CARTESIAN_POINT('Ctrl Pts',(-80.,23.9306756543156,28.2022975269425));
#4202=CARTESIAN_POINT('Ctrl Pts',(-80.,23.4524629320958,28.6380986436548));
#4203=CARTESIAN_POINT('Ctrl Pts',(-80.,22.9635404305699,29.0606106472973));
#4204=CARTESIAN_POINT('Ctrl Pts',(-80.,22.4683400147433,29.4885478341571));
#4205=CARTESIAN_POINT('Ctrl Pts',(-80.,21.9621527562112,29.9028527180924));
#4206=CARTESIAN_POINT('Ctrl Pts',(-80.,21.4456728001483,30.3033037145779));
#4207=CARTESIAN_POINT('Ctrl Pts',(-80.,20.9216935544698,30.7095692600391));
#4208=CARTESIAN_POINT('Ctrl Pts',(-80.,20.3871202610677,31.101575991998));
#4209=CARTESIAN_POINT('Ctrl Pts',(-80.,19.8426353285692,31.4790597501299));
#4210=CARTESIAN_POINT('Ctrl Pts',(-80.,19.2953327801811,31.8584969217936));
#4211=CARTESIAN_POINT('Ctrl Pts',(-80.,18.7380153838876,32.2232607020184));
#4212=CARTESIAN_POINT('Ctrl Pts',(-80.,18.1713386078683,32.5730455233043));
#4213=CARTESIAN_POINT('Ctrl Pts',(-80.,17.6037928851183,32.9233667074514));
#4214=CARTESIAN_POINT('Ctrl Pts',(-80.,17.026858667974,33.2586632261883));
#4215=CARTESIAN_POINT('Ctrl Pts',(-80.,16.4411625178171,33.5785867304804));
#4216=CARTESIAN_POINT('Ctrl Pts',(-80.,15.8568351439802,33.8977625711303));
#4217=CARTESIAN_POINT('Ctrl Pts',(-80.,15.2637863372039,34.2016374108182));
#4218=CARTESIAN_POINT('Ctrl Pts',(-80.,14.6626125049028,34.4898204075276));
#4219=CARTESIAN_POINT('Ctrl Pts',(-80.,14.1628157020032,34.7294065848802));
#4220=CARTESIAN_POINT('Ctrl Pts',(-80.,13.6574025322341,34.9581462599616));
#4221=CARTESIAN_POINT('Ctrl Pts',(-80.,13.1467051205416,35.1757892541844));
#4222=CARTESIAN_POINT('Ctrl Pts',(-80.,12.9551935911569,35.2574053770179));
#4223=CARTESIAN_POINT('Ctrl Pts',(-80.,12.7629388820753,35.337460785878));
#4224=CARTESIAN_POINT('Ctrl Pts',(-80.,12.5699582343346,35.4159413941831));
#4225=CARTESIAN_POINT('Ctrl Pts',(-80.,12.4809122799913,35.4521542515125));
#4226=CARTESIAN_POINT('Ctrl Pts',(-80.,12.3917117624873,35.4880318073786));
#4227=CARTESIAN_POINT('Ctrl Pts',(-80.,12.3023583666266,35.5235726417111));
#4228=CARTESIAN_POINT('Ctrl Pts',(-80.,12.2592074206082,35.5407361821559));
#4229=CARTESIAN_POINT('Ctrl Pts',(-80.,12.2160222686323,35.557820604849));
#4230=CARTESIAN_POINT('Ctrl Pts',(-80.,12.1728119592962,35.574822318703));
#4231=CARTESIAN_POINT('Ctrl Pts',(-80.,11.5430970052773,35.8225926684725));
#4232=CARTESIAN_POINT('Ctrl Pts',(-80.,10.9075223513517,36.0530077399207));
#4233=CARTESIAN_POINT('Ctrl Pts',(-80.,10.2667840682156,36.265806874503));
#4234=CARTESIAN_POINT('Ctrl Pts',(-80.,9.66137679190123,36.4668720330245));
#4235=CARTESIAN_POINT('Ctrl Pts',(-80.,9.05135904854325,36.6522102885404));
#4236=CARTESIAN_POINT('Ctrl Pts',(-80.,8.43729166816046,36.8215680871012));
#4237=CARTESIAN_POINT('Ctrl Pts',(-80.,7.79721657335177,36.9980987292316));
#4238=CARTESIAN_POINT('Ctrl Pts',(-80.,7.15274143445589,37.1572674145619));
#4239=CARTESIAN_POINT('Ctrl Pts',(-80.,6.50458905013959,37.2991906594541));
#4240=CARTESIAN_POINT('Ctrl Pts',(-80.,5.85034222260986,37.4424483793518));
#4241=CARTESIAN_POINT('Ctrl Pts',(-80.,5.19234825926982,37.5681349256569));
#4242=CARTESIAN_POINT('Ctrl Pts',(-80.,4.53133044819996,37.6763211801709));
#4243=CARTESIAN_POINT('Ctrl Pts',(-80.,3.86539908065931,37.7853116176614));
#4244=CARTESIAN_POINT('Ctrl Pts',(-80.,3.19639829828686,37.8765407211696));
#4245=CARTESIAN_POINT('Ctrl Pts',(-80.,2.52505384883293,37.9500300427007));
#4246=CARTESIAN_POINT('Ctrl Pts',(-80.,1.85378794546824,38.0235107661138));
#4247=CARTESIAN_POINT('Ctrl Pts',(-80.,1.18017845276409,38.0792558961161));
#4248=CARTESIAN_POINT('Ctrl Pts',(-80.,0.504944045509569,38.1172353502989));
#4249=CARTESIAN_POINT('Ctrl Pts',(-80.,0.0514792575281686,38.1427410783153));
#4250=CARTESIAN_POINT('Ctrl Pts',(-80.,-0.402718503307757,38.1602333943612));
#4251=CARTESIAN_POINT('Ctrl Pts',(-80.,-0.857431674929304,38.169689977624));
#4252=CARTESIAN_POINT('Ctrl Pts',(-80.,-1.25530570009816,38.1779644879789));
#4253=CARTESIAN_POINT('Ctrl Pts',(-80.,-1.65357436312544,38.1800864843341));
#4254=CARTESIAN_POINT('Ctrl Pts',(-80.,-2.05209128750322,38.1760342811751));
#4255=CARTESIAN_POINT('Ctrl Pts',(-80.,-2.12031583872939,38.1753405597167));
#4256=CARTESIAN_POINT('Ctrl Pts',(-80.,-2.18855137853101,38.1744657842637));
#4257=CARTESIAN_POINT('Ctrl Pts',(-80.,-2.25677051687529,38.1734103220513));
#4258=CARTESIAN_POINT('Ctrl Pts',(-80.,-2.93944364623134,38.1628482465268));
#4259=CARTESIAN_POINT('Ctrl Pts',(-80.,-3.62097987038676,38.1341929697776));
#4260=CARTESIAN_POINT('Ctrl Pts',(-80.,-4.3006295875992,38.0875744100962));
#4261=CARTESIAN_POINT('Ctrl Pts',(-80.,-4.98348630106418,38.0407358760039));
#4262=CARTESIAN_POINT('Ctrl Pts',(-80.,-5.66443912601683,37.9757641909719));
#4263=CARTESIAN_POINT('Ctrl Pts',(-80.,-6.34274195828749,37.8927400643335));
#4264=CARTESIAN_POINT('Ctrl Pts',(-80.,-7.02216533057019,37.809578783829));
#4265=CARTESIAN_POINT('Ctrl Pts',(-80.,-7.69893042505611,37.7083054027324));
#4266=CARTESIAN_POINT('Ctrl Pts',(-80.,-8.37229451321793,37.5889492896251));
#4267=CARTESIAN_POINT('Ctrl Pts',(-80.,-9.02464062102072,37.4733186862163));
#4268=CARTESIAN_POINT('Ctrl Pts',(-80.,-9.67379515364774,37.340716352808));
#4269=CARTESIAN_POINT('Ctrl Pts',(-80.,-10.3190827320608,37.1911223349474));
#4270=CARTESIAN_POINT('Ctrl Pts',(-80.,-10.9813598761925,37.0375897050903));
#4271=CARTESIAN_POINT('Ctrl Pts',(-80.,-11.6395642431549,36.8661591164303));
#4272=CARTESIAN_POINT('Ctrl Pts',(-80.,-12.293088982782,36.6772095658886));
#4273=CARTESIAN_POINT('Ctrl Pts',(-80.,-12.9494048363057,36.4874530379147));
#4274=CARTESIAN_POINT('Ctrl Pts',(-80.,-13.60100143428,36.2800274386257));
#4275=CARTESIAN_POINT('Ctrl Pts',(-80.,-14.2472504092385,36.055266044946));
#4276=CARTESIAN_POINT('Ctrl Pts',(-80.,-14.8481367793436,35.8462814844728));
#4277=CARTESIAN_POINT('Ctrl Pts',(-80.,-15.4444000548721,35.6223088306297));
#4278=CARTESIAN_POINT('Ctrl Pts',(-80.,-16.035519625407,35.3835787456879));
#4279=CARTESIAN_POINT('Ctrl Pts',(-80.,-16.1694252424739,35.3294995019443));
#4280=CARTESIAN_POINT('Ctrl Pts',(-80.,-16.3030668373279,35.2746628350987));
#4281=CARTESIAN_POINT('Ctrl Pts',(-80.,-16.436438226393,35.2190711812514));
#4282=CARTESIAN_POINT('Ctrl Pts',(-80.,-16.5142488073984,35.1866382965433));
#4283=CARTESIAN_POINT('Ctrl Pts',(-80.,-16.5919674173362,35.1539484348319));
#4284=CARTESIAN_POINT('Ctrl Pts',(-80.,-16.6695928198289,35.1210020659638));
#4285=CARTESIAN_POINT('Ctrl Pts',(-80.,-16.722302618823,35.0986305686851));
#4286=CARTESIAN_POINT('Ctrl Pts',(-80.,-16.7749705365739,35.0761403085749));
#4287=CARTESIAN_POINT('Ctrl Pts',(-80.,-16.8275800333683,35.0535384356266));
#4288=CARTESIAN_POINT('Ctrl Pts',(-80.,-17.4569896458407,34.7831340987608));
#4289=CARTESIAN_POINT('Ctrl Pts',(-80.,-18.0785678075417,34.4965349206994));
#4290=CARTESIAN_POINT('Ctrl Pts',(-80.,-18.6917345780689,34.1942255170826));
#4291=CARTESIAN_POINT('Ctrl Pts',(-80.,-19.3101913185148,33.8893080014021));
#4292=CARTESIAN_POINT('Ctrl Pts',(-80.,-19.920091322009,33.5684078894993));
#4293=CARTESIAN_POINT('Ctrl Pts',(-80.,-20.5208327394969,33.2319697233833));
#4294=CARTESIAN_POINT('Ctrl Pts',(-80.,-21.1303747589293,32.8906028836438));
#4295=CARTESIAN_POINT('Ctrl Pts',(-80.,-21.7304883540866,32.5332393189882));
#4296=CARTESIAN_POINT('Ctrl Pts',(-80.,-22.3205311820631,32.1602908878905));
#4297=CARTESIAN_POINT('Ctrl Pts',(-80.,-22.9060953418469,31.7901732890589));
#4298=CARTESIAN_POINT('Ctrl Pts',(-80.,-23.4817414450698,31.4047062501516));
#4299=CARTESIAN_POINT('Ctrl Pts',(-80.,-24.0468218347793,31.0042439145145));
#4300=CARTESIAN_POINT('Ctrl Pts',(-80.,-24.6183852226164,30.5991871943979));
#4301=CARTESIAN_POINT('Ctrl Pts',(-80.,-25.179139574444,30.178789012578));
#4302=CARTESIAN_POINT('Ctrl Pts',(-80.,-25.7283873605986,29.7433688063851));
#4303=CARTESIAN_POINT('Ctrl Pts',(-80.,-26.2776351467531,29.3079486001923));
#4304=CARTESIAN_POINT('Ctrl Pts',(-80.,-26.8153768334371,28.8575061621181));
#4305=CARTESIAN_POINT('Ctrl Pts',(-80.,-27.3408804982865,28.3923167502972));
#4306=CARTESIAN_POINT('Ctrl Pts',(-80.,-27.8593275350407,27.9333740478575));
#4307=CARTESIAN_POINT('Ctrl Pts',(-80.,-28.3658631326522,27.4600772232395));
#4308=CARTESIAN_POINT('Ctrl Pts',(-80.,-28.8600743455362,26.9729961824132));
#4309=CARTESIAN_POINT('Ctrl Pts',(-80.,-28.937316871384,26.8968680636955));
#4310=CARTESIAN_POINT('Ctrl Pts',(-80.,-29.0142582582239,26.8204031574349));
#4311=CARTESIAN_POINT('Ctrl Pts',(-80.,-29.0908968400438,26.7436035671031));
#4312=CARTESIAN_POINT('Ctrl Pts',(-80.,-29.1456170698683,26.6887683766078));
#4313=CARTESIAN_POINT('Ctrl Pts',(-80.,-29.2001829287953,26.6337625633588));
#4314=CARTESIAN_POINT('Ctrl Pts',(-80.,-29.2545938025323,26.5785868873106));
#4315=CARTESIAN_POINT('Ctrl Pts',(-80.,-29.297079833774,26.5355036700166));
#4316=CARTESIAN_POINT('Ctrl Pts',(-80.,-29.3394653084732,26.4923230242226));
#4317=CARTESIAN_POINT('Ctrl Pts',(-80.,-29.38174746226,26.4490480323276));
#4318=CARTESIAN_POINT('Ctrl Pts',(-80.,-29.8756181310452,25.9435806595775));
#4319=CARTESIAN_POINT('Ctrl Pts',(-80.,-30.35550845642,25.4251307669663));
#4320=CARTESIAN_POINT('Ctrl Pts',(-80.,-30.8210926382576,24.8944314521215));
#4321=CARTESIAN_POINT('Ctrl Pts',(-80.,-31.2817295227672,24.3693713479817));
#4322=CARTESIAN_POINT('Ctrl Pts',(-80.,-31.7283628994569,23.832320308067));
#4323=CARTESIAN_POINT('Ctrl Pts',(-80.,-32.1606452150886,23.283944954112));
#4324=CARTESIAN_POINT('Ctrl Pts',(-80.,-32.594458332537,22.7336276886845));
#4325=CARTESIAN_POINT('Ctrl Pts',(-80.,-33.0138188678769,22.1719054127698));
#4326=CARTESIAN_POINT('Ctrl Pts',(-80.,-33.4183391596687,21.5994138393738));
#4327=CARTESIAN_POINT('Ctrl Pts',(-80.,-33.822785583624,21.0270268063798));
#4328=CARTESIAN_POINT('Ctrl Pts',(-80.,-34.2123974670374,20.4438740337809));
#4329=CARTESIAN_POINT('Ctrl Pts',(-80.,-34.5867466937084,19.85055843642));
#4330=CARTESIAN_POINT('Ctrl Pts',(-80.,-34.6816130186535,19.7002023885265));
#4331=CARTESIAN_POINT('Ctrl Pts',(-80.,-34.7754989600496,19.5491935374554));
#4332=CARTESIAN_POINT('Ctrl Pts',(-80.,-34.8683971017184,19.397541408738));
#4333=CARTESIAN_POINT('Ctrl Pts',(-80.,-34.9121928330108,19.3260468044335));
#4334=CARTESIAN_POINT('Ctrl Pts',(-80.,-34.9557690191992,19.2544092275653));
#4335=CARTESIAN_POINT('Ctrl Pts',(-80.,-34.9991248686248,19.182629668057));
#4336=CARTESIAN_POINT('Ctrl Pts',(-80.,-35.0357497863175,19.1219937793859));
#4337=CARTESIAN_POINT('Ctrl Pts',(-80.,-35.0722176398425,19.0612562382273));
#4338=CARTESIAN_POINT('Ctrl Pts',(-80.,-35.1085201246728,19.0004308914555));
#4339=CARTESIAN_POINT('Ctrl Pts',(-80.,-35.4707334690723,18.3935371104523));
#4340=CARTESIAN_POINT('Ctrl Pts',(-80.,-35.8166801668035,17.7775864158824));
#4341=CARTESIAN_POINT('Ctrl Pts',(-80.,-36.1460052359474,17.1532516217506));
#4342=CARTESIAN_POINT('Ctrl Pts',(-80.,-36.4756866511771,16.5282412663545));
#4343=CARTESIAN_POINT('Ctrl Pts',(-80.,-36.7887107322346,15.8948282787614));
#4344=CARTESIAN_POINT('Ctrl Pts',(-80.,-37.0846815605762,15.253653779061));
#4345=CARTESIAN_POINT('Ctrl Pts',(-80.,-37.3795308295031,14.6149089623823));
#4346=CARTESIAN_POINT('Ctrl Pts',(-80.,-37.6574560968905,13.9684609493158));
#4347=CARTESIAN_POINT('Ctrl Pts',(-80.,-37.9180225022729,13.3149158303975));
#4348=CARTESIAN_POINT('Ctrl Pts',(-80.,-38.063734681297,12.9494447589123));
#4349=CARTESIAN_POINT('Ctrl Pts',(-80.,-38.2040176071576,12.5817538202262));
#4350=CARTESIAN_POINT('Ctrl Pts',(-80.,-38.338788825233,12.2119458953799));
#4351=CARTESIAN_POINT('Ctrl Pts',(-80.,-38.5526715143442,11.6250586166989));
#4352=CARTESIAN_POINT('Ctrl Pts',(-80.,-38.7526740482882,11.0328399530796));
#4353=CARTESIAN_POINT('Ctrl Pts',(-80.,-38.9387621867917,10.435793624387));
#4354=CARTESIAN_POINT('Ctrl Pts',(-70.3113654664241,-0.000220786414455443,
-36.9494983920709));
#4355=CARTESIAN_POINT('Ctrl Pts',(-70.38396774918,-2.8102813536431,-36.9500911594929));
#4356=CARTESIAN_POINT('Ctrl Pts',(-70.4565700319359,-5.62021049772041,-36.6335744003925));
#4357=CARTESIAN_POINT('Ctrl Pts',(-70.5291723146919,-8.35618988991287,-35.9984819718033));
#4358=CARTESIAN_POINT('Ctrl Pts',(-70.6870194427804,-14.3045770917112,-34.6177056088821));
#4359=CARTESIAN_POINT('Ctrl Pts',(-70.8448665708689,-19.9034141067351,-31.7310663872866));
#4360=CARTESIAN_POINT('Ctrl Pts',(-71.0027136989574,-24.4782926251995,-27.6862746455425));
#4361=CARTESIAN_POINT('Ctrl Pts',(-71.1605608270458,-29.0531711436639,-23.6414829037983));
#4362=CARTESIAN_POINT('Ctrl Pts',(-71.3184079551342,-32.6040911655687,-18.4385386419056));
#4363=CARTESIAN_POINT('Ctrl Pts',(-71.4762550832227,-34.7033263453658,-12.7041628841009));
#4364=CARTESIAN_POINT('Ctrl Pts',(-71.6341022113112,-36.8025615251629,-6.9697871262962));
#4365=CARTESIAN_POINT('Ctrl Pts',(-71.7919493393997,-37.4501118628522,-0.703979872579578));
#4366=CARTESIAN_POINT('Ctrl Pts',(-71.9497964674881,-36.5679766694488,5.33851060266118));
#4367=CARTESIAN_POINT('Ctrl Pts',(-72.1076435955766,-35.6858414760455,11.3810010779019));
#4368=CARTESIAN_POINT('Ctrl Pts',(-72.2654907236651,-33.2740207515494,17.2001747746667));
#4369=CARTESIAN_POINT('Ctrl Pts',(-72.4233378517535,-29.6230304686878,22.0950827188372));
#4370=CARTESIAN_POINT('Ctrl Pts',(-72.581184979842,-25.9720401858261,26.9899906630077));
#4371=CARTESIAN_POINT('Ctrl Pts',(-72.7390321079305,-21.0818803445987,30.9606328545837));
#4372=CARTESIAN_POINT('Ctrl Pts',(-72.8968792360189,-15.5415956371749,33.528725270458));
#4373=CARTESIAN_POINT('Ctrl Pts',(-73.0547263641074,-10.0013109297511,36.0968176863322));
#4374=CARTESIAN_POINT('Ctrl Pts',(-73.2125734921959,-3.81090135613084,37.2623603265046));
#4375=CARTESIAN_POINT('Ctrl Pts',(-73.3704206202844,2.28396711697279,36.8849577279325));
#4376=CARTESIAN_POINT('Ctrl Pts',(-73.5282677483728,8.37883559007637,36.5075551293603));
#4377=CARTESIAN_POINT('Ctrl Pts',(-73.6861148764612,14.3781629626633,34.5872072920435));
#4378=CARTESIAN_POINT('Ctrl Pts',(-73.8439620045497,19.5592992898574,31.3552297341815));
#4379=CARTESIAN_POINT('Ctrl Pts',(-74.0018091326382,24.7404356170516,28.1232521763194));
#4380=CARTESIAN_POINT('Ctrl Pts',(-74.1596562607267,29.103380898853,23.5796448979121));
#4381=CARTESIAN_POINT('Ctrl Pts',(-74.3175033888152,32.1225973031291,18.2717086811444));
#4382=CARTESIAN_POINT('Ctrl Pts',(-74.4753505169037,35.1418137074052,12.9637724643767));
#4383=CARTESIAN_POINT('Ctrl Pts',(-74.6331976449921,36.8173012341561,6.89150730924861));
#4384=CARTESIAN_POINT('Ctrl Pts',(-74.7910447730805,36.9472368062203,0.786347880816809));
#4385=CARTESIAN_POINT('Ctrl Pts',(-74.948891901169,37.0771723782845,-5.31881154761495));
#4386=CARTESIAN_POINT('Ctrl Pts',(-75.1067390292575,35.6615559956621,-11.4568652493505));
#4387=CARTESIAN_POINT('Ctrl Pts',(-75.264586157346,32.8709100235905,-16.8884525771336));
#4388=CARTESIAN_POINT('Ctrl Pts',(-75.4224332854344,30.0802640515188,-22.3200399049168));
#4389=CARTESIAN_POINT('Ctrl Pts',(-75.5802804135229,25.914588489998,-27.0451608587476));
#4390=CARTESIAN_POINT('Ctrl Pts',(-75.7381275416113,20.8756517481512,-30.4946525304315));
#4391=CARTESIAN_POINT('Ctrl Pts',(-75.8959746696998,15.8367150063043,-33.9441442021153));
#4392=CARTESIAN_POINT('Ctrl Pts',(-76.0538217977883,9.92451708413143,-36.1180065916522));
#4393=CARTESIAN_POINT('Ctrl Pts',(-76.2116689258768,3.85122881587966,-36.7543832080124));
#4394=CARTESIAN_POINT('Ctrl Pts',(-76.2449011060592,2.57259541611759,-36.8883620940072));
#4395=CARTESIAN_POINT('Ctrl Pts',(-76.2781332862417,1.28682175985824,-36.9541926207204));
#4396=CARTESIAN_POINT('Ctrl Pts',(-76.3113654664241,0.000915387334361475,
-36.9528877631429));
#4397=CARTESIAN_POINT('Origin',(75.,0.,0.));
#4398=CARTESIAN_POINT('',(70.,-55.,6.73555739531044E-15));
#4399=CARTESIAN_POINT('Origin',(70.,0.,0.));
#4400=CARTESIAN_POINT('',(80.,-55.,-6.73555739531044E-15));
#4401=CARTESIAN_POINT('',(75.,-55.,-6.73555739531044E-15));
#4402=CARTESIAN_POINT('',(80.,-5.,54.7722557505166));
#4403=CARTESIAN_POINT('Origin',(80.,0.,0.));
#4404=CARTESIAN_POINT('',(75.,-5.,54.7722557505166));
#4405=CARTESIAN_POINT('',(75.,-5.,54.7722557505166));
#4406=CARTESIAN_POINT('',(75.,5.,54.7722557505166));
#4407=CARTESIAN_POINT('Origin',(75.,0.,0.));
#4408=CARTESIAN_POINT('',(80.,5.,54.7722557505166));
#4409=CARTESIAN_POINT('',(75.,5.,54.7722557505166));
#4410=CARTESIAN_POINT('Origin',(80.,0.,0.));
#4411=CARTESIAN_POINT('Origin',(70.,70.,0.));
#4412=CARTESIAN_POINT('',(70.,7.34788079488412E-15,60.));
#4413=CARTESIAN_POINT('Origin',(70.,0.,0.));
#4414=CARTESIAN_POINT('Origin',(80.,50.,0.));
#4415=CARTESIAN_POINT('',(80.,5.,59.791303715507));
#4416=CARTESIAN_POINT('',(80.,5.,0.));
#4417=CARTESIAN_POINT('',(80.,-5.,59.791303715507));
#4418=CARTESIAN_POINT('Origin',(80.,0.,0.));
#4419=CARTESIAN_POINT('',(80.,-5.,0.));
#4420=CARTESIAN_POINT('Origin',(75.,5.,0.));
#4421=CARTESIAN_POINT('',(75.,-5.,39.6862696659689));
#4422=CARTESIAN_POINT('',(75.,-5.,0.));
#4423=CARTESIAN_POINT('',(75.,4.89858719658941E-15,40.));
#4424=CARTESIAN_POINT('Origin',(75.,0.,0.));
#4425=CARTESIAN_POINT('',(75.,5.,39.6862696659689));
#4426=CARTESIAN_POINT('Origin',(75.,0.,0.));
#4427=CARTESIAN_POINT('',(75.,5.,0.));
#4428=CARTESIAN_POINT('Origin',(75.,-5.,0.));
#4429=CARTESIAN_POINT('',(110.,-5.,59.791303715507));
#4430=CARTESIAN_POINT('',(60.,-5.,59.791303715507));
#4431=CARTESIAN_POINT('',(120.,-5.,49.749371855331));
#4432=CARTESIAN_POINT('Ctrl Pts',(120.,-5.,49.749371855331));
#4433=CARTESIAN_POINT('Ctrl Pts',(120.,-5.,50.3702612606587));
#4434=CARTESIAN_POINT('Ctrl Pts',(119.938983388136,-5.,51.0483937306553));
#4435=CARTESIAN_POINT('Ctrl Pts',(119.675623829508,-5.,52.3766131912929));
#4436=CARTESIAN_POINT('Ctrl Pts',(119.473267894163,-5.,53.0266976065229));
#4437=CARTESIAN_POINT('Ctrl Pts',(118.999742684966,-5.,54.1726085678658));
#4438=CARTESIAN_POINT('Ctrl Pts',(118.685280643765,-5.,54.7741790866327));
#4439=CARTESIAN_POINT('Ctrl Pts',(117.936653172461,-5.,55.8975114838874));
#4440=CARTESIAN_POINT('Ctrl Pts',(117.502474779622,-5.,56.4192647235069));
#4441=CARTESIAN_POINT('Ctrl Pts',(116.629172341819,-5.,57.2944980363785));
#4442=CARTESIAN_POINT('Ctrl Pts',(116.109823697769,-5.,57.7288327078247));
#4443=CARTESIAN_POINT('Ctrl Pts',(114.991150938831,-5.,58.4780504329851));
#4444=CARTESIAN_POINT('Ctrl Pts',(114.391820452105,-5.,58.7929239727297));
#4445=CARTESIAN_POINT('Ctrl Pts',(113.2523655213,-5.,59.2658307175708));
#4446=CARTESIAN_POINT('Ctrl Pts',(112.607382048652,-5.,59.4676207767129));
#4447=CARTESIAN_POINT('Ctrl Pts',(111.289347536055,-5.,59.730359296112));
#4448=CARTESIAN_POINT('Ctrl Pts',(110.616295690599,-5.,59.791303715507));
#4449=CARTESIAN_POINT('Ctrl Pts',(110.,-5.,59.791303715507));
#4450=CARTESIAN_POINT('',(120.,-5.,39.6862696659689));
#4451=CARTESIAN_POINT('',(120.,-5.,0.));
#4452=CARTESIAN_POINT('',(120.,-5.,39.6862696659689));
#4453=CARTESIAN_POINT('Origin',(60.,0.,0.));
#4454=CARTESIAN_POINT('',(32.3606797749979,-7.34788079488412E-15,60.));
#4455=CARTESIAN_POINT('',(60.,-7.34788079488412E-15,60.));
#4456=CARTESIAN_POINT('',(32.3606797749979,-59.1607978309962,10.));
#4457=CARTESIAN_POINT('Origin',(32.3606797749979,0.,0.));
#4458=CARTESIAN_POINT('',(54.,-59.1607978309962,10.));
#4459=CARTESIAN_POINT('',(60.,-59.1607978309962,10.));
#4460=CARTESIAN_POINT('',(60.,-59.8665181883831,4.));
#4461=CARTESIAN_POINT('Ctrl Pts',(60.,-59.8665181883831,4.));
#4462=CARTESIAN_POINT('Ctrl Pts',(60.,-59.8160069626404,4.7559828036604));
#4463=CARTESIAN_POINT('Ctrl Pts',(59.8484920788871,-59.7463738340889,5.5609347997288));
#4464=CARTESIAN_POINT('Ctrl Pts',(59.2343431693196,-59.5901692761385,7.04023492775436));
#4465=CARTESIAN_POINT('Ctrl Pts',(58.771758174827,-59.5043922264365,7.71469007853091));
#4466=CARTESIAN_POINT('Ctrl Pts',(57.7067470475659,-59.3569227512754,8.77736280737652));
#4467=CARTESIAN_POINT('Ctrl Pts',(57.0337661658483,-59.2854018356526,9.2378023746309));
#4468=CARTESIAN_POINT('Ctrl Pts',(55.5574574534803,-59.1869071066932,9.84915688737236));
#4469=CARTESIAN_POINT('Ctrl Pts',(54.7540423255791,-59.1607978309962,10.));
#4470=CARTESIAN_POINT('Ctrl Pts',(54.,-59.1607978309962,10.));
#4471=CARTESIAN_POINT('',(60.,-59.8665181883831,-4.));
#4472=CARTESIAN_POINT('Origin',(60.,0.,0.));
#4473=CARTESIAN_POINT('',(54.,-59.1607978309962,-10.));
#4474=CARTESIAN_POINT('Ctrl Pts',(54.,-59.1607978309962,-10.));
#4475=CARTESIAN_POINT('Ctrl Pts',(54.7551513194929,-59.1607978309962,-10.));
#4476=CARTESIAN_POINT('Ctrl Pts',(55.5596692384319,-59.1869847129936,-9.84871677804585));
#4477=CARTESIAN_POINT('Ctrl Pts',(57.0376584526455,-59.2857317636296,-9.23571275625377));
#4478=CARTESIAN_POINT('Ctrl Pts',(57.71121750839,-59.3574228399317,-8.77406386584862));
#4479=CARTESIAN_POINT('Ctrl Pts',(58.7750550568005,-59.5049689337262,-7.71022631743811));
#4480=CARTESIAN_POINT('Ctrl Pts',(59.2364306162929,-59.5906174831831,-7.03635058467853));
#4481=CARTESIAN_POINT('Ctrl Pts',(59.8489310615888,-59.7465685488058,-5.55872900881635));
#4482=CARTESIAN_POINT('Ctrl Pts',(60.,-59.8160808683872,-4.75487668372617));
#4483=CARTESIAN_POINT('Ctrl Pts',(60.,-59.8665181883831,-4.));
#4484=CARTESIAN_POINT('',(32.3606797749979,-59.1607978309962,-10.));
#4485=CARTESIAN_POINT('',(60.,-59.1607978309962,-10.));
#4486=CARTESIAN_POINT('Origin',(32.3606797749979,0.,0.));
#4487=CARTESIAN_POINT('Origin',(54.,-70.,-4.));
#4488=CARTESIAN_POINT('',(54.,-50.,-10.));
#4489=CARTESIAN_POINT('',(60.,-50.,-4.));
#4490=CARTESIAN_POINT('Origin',(54.,-50.,-4.));
#4491=CARTESIAN_POINT('',(54.,-70.,-10.));
#4492=CARTESIAN_POINT('',(60.,-70.,-4.));
#4493=CARTESIAN_POINT('Origin',(40.,-50.,0.));
#4494=CARTESIAN_POINT('',(60.,-50.,4.));
#4495=CARTESIAN_POINT('',(60.,-50.,10.));
#4496=CARTESIAN_POINT('',(54.,-50.,10.));
#4497=CARTESIAN_POINT('Origin',(54.,-50.,4.));
#4498=CARTESIAN_POINT('',(27.8557773429618,-50.,10.));
#4499=CARTESIAN_POINT('',(20.,-50.,10.));
#4500=CARTESIAN_POINT('',(27.8557773429618,-50.,-10.));
#4501=CARTESIAN_POINT('Ctrl Pts',(27.8557773429618,-50.,-10.));
#4502=CARTESIAN_POINT('Ctrl Pts',(26.8751966672709,-50.,3.33066907387547E-15));
#4503=CARTESIAN_POINT('Ctrl Pts',(27.8557773429618,-50.,10.));
#4504=CARTESIAN_POINT('',(60.,-50.,-10.));
#4505=CARTESIAN_POINT('Origin',(60.,-70.,10.));
#4506=CARTESIAN_POINT('',(60.,-70.,4.));
#4507=CARTESIAN_POINT('Origin',(54.,-70.,4.));
#4508=CARTESIAN_POINT('',(54.,-70.,10.));
#4509=CARTESIAN_POINT('Origin',(20.,-70.,10.));
#4510=CARTESIAN_POINT('Ctrl Pts',(27.8557773429618,-50.,10.));
#4511=CARTESIAN_POINT('Ctrl Pts',(29.9192023643692,-54.2085777795967,10.));
#4512=CARTESIAN_POINT('Ctrl Pts',(32.3606797749979,-59.1607978309962,10.));
#4513=CARTESIAN_POINT('Origin',(60.,-70.,-10.));
#4514=CARTESIAN_POINT('Ctrl Pts',(32.3606797749979,-59.1607978309962,-10.));
#4515=CARTESIAN_POINT('Ctrl Pts',(29.9192023643692,-54.2085777795967,-10.));
#4516=CARTESIAN_POINT('Ctrl Pts',(27.8557773429618,-50.,-10.));
#4517=CARTESIAN_POINT('Origin',(60.,0.,0.));
#4518=CARTESIAN_POINT('',(110.,5.,59.791303715507));
#4519=CARTESIAN_POINT('',(60.,5.,59.791303715507));
#4520=CARTESIAN_POINT('Origin',(110.,0.,0.));
#4521=CARTESIAN_POINT('Origin',(-48.5,-50.,1.5));
#4522=CARTESIAN_POINT('',(-45.,-45.,1.5));
#4523=CARTESIAN_POINT('',(-48.5,-45.,5.));
#4524=CARTESIAN_POINT('Origin',(-48.5,-45.,1.5));
#4525=CARTESIAN_POINT('',(-45.,-50.,1.5));
#4526=CARTESIAN_POINT('',(-48.5,-50.,5.));
#4527=CARTESIAN_POINT('Origin',(-100.,-50.,5.));
#4528=CARTESIAN_POINT('',(-80.,-48.7442304278158,5.));
#4529=CARTESIAN_POINT('Ctrl Pts',(-80.,-48.7442304278158,5.));
#4530=CARTESIAN_POINT('Ctrl Pts',(-79.5051025728341,-49.2417246690479,5.));
#4531=CARTESIAN_POINT('Ctrl Pts',(-79.,-49.749371855331,5.));
#4532=CARTESIAN_POINT('',(-80.,-45.,5.));
#4533=CARTESIAN_POINT('',(-80.,-25.,5.));
#4534=CARTESIAN_POINT('',(-100.,-45.,5.));
#4535=CARTESIAN_POINT('Origin',(-48.5,-50.,-1.5));
#4536=CARTESIAN_POINT('',(-48.5,-45.,-5.));
#4537=CARTESIAN_POINT('',(-45.,-45.,-1.5));
#4538=CARTESIAN_POINT('Origin',(-48.5,-45.,-1.5));
#4539=CARTESIAN_POINT('',(-48.5,-50.,-5.));
#4540=CARTESIAN_POINT('',(-45.,-50.,-1.5));
#4541=CARTESIAN_POINT('Origin',(-45.,-50.,5.));
#4542=CARTESIAN_POINT('',(-45.,-45.,5.));
#4543=CARTESIAN_POINT('Origin',(-45.,-50.,-5.));
#4544=CARTESIAN_POINT('',(-80.,-45.,-5.));
#4545=CARTESIAN_POINT('',(-45.,-45.,-5.));
#4546=CARTESIAN_POINT('',(-80.,-48.7442304278158,-5.));
#4547=CARTESIAN_POINT('',(-80.,-25.,-5.));
#4548=CARTESIAN_POINT('Ctrl Pts',(-79.,-49.749371855331,-5.));
#4549=CARTESIAN_POINT('Ctrl Pts',(-79.5051025728341,-49.2417246690479,-5.));
#4550=CARTESIAN_POINT('Ctrl Pts',(-80.,-48.7442304278158,-5.));
#4551=CARTESIAN_POINT('Origin',(-72.5,-45.,0.));
#4552=CARTESIAN_POINT('',(-80.,-45.,-25.));
#4553=CARTESIAN_POINT('Origin',(-80.,0.,-50.));
#4554=CARTESIAN_POINT('Origin',(-80.,0.,0.));
#4555=CARTESIAN_POINT('Ctrl Pts',(-80.,-38.9363109038278,-10.4345554894764));
#4556=CARTESIAN_POINT('Ctrl Pts',(-80.,-38.7296446053887,-11.0959774805511));
#4557=CARTESIAN_POINT('Ctrl Pts',(-80.,-38.5058585471862,-11.7510781361798));
#4558=CARTESIAN_POINT('Ctrl Pts',(-80.,-38.2654404251647,-12.3993155094045));
#4559=CARTESIAN_POINT('Ctrl Pts',(-80.,-38.0225301722801,-13.0542723942488));
#4560=CARTESIAN_POINT('Ctrl Pts',(-80.,-37.7626410809084,-13.7022233654247));
#4561=CARTESIAN_POINT('Ctrl Pts',(-80.,-37.4862249943685,-14.3425956000193));
#4562=CARTESIAN_POINT('Ctrl Pts',(-80.,-37.2074039307427,-14.9885394370844));
#4563=CARTESIAN_POINT('Ctrl Pts',(-80.,-36.91176683387,-15.626772498));
#4564=CARTESIAN_POINT('Ctrl Pts',(-80.,-36.5997285136548,-16.2566867541156));
#4565=CARTESIAN_POINT('Ctrl Pts',(-80.,-36.2874835611808,-16.8870181404271));
#4566=CARTESIAN_POINT('Ctrl Pts',(-80.,-35.9588153958888,-17.5090200922133));
#4567=CARTESIAN_POINT('Ctrl Pts',(-80.,-35.6140944231665,-18.1220572932936));
#4568=CARTESIAN_POINT('Ctrl Pts',(-80.,-35.2704316633587,-18.7332126132741));
#4569=CARTESIAN_POINT('Ctrl Pts',(-80.,-34.9108142238771,-19.3354585065426));
#4570=CARTESIAN_POINT('Ctrl Pts',(-80.,-34.5355682408651,-19.9281339146172));
#4571=CARTESIAN_POINT('Ctrl Pts',(-80.,-34.1627549114253,-20.516967112478));
#4572=CARTESIAN_POINT('Ctrl Pts',(-80.,-33.7745147313307,-21.0963538479827));
#4573=CARTESIAN_POINT('Ctrl Pts',(-80.,-33.3711313545255,-21.6656093858741));
#4574=CARTESIAN_POINT('Ctrl Pts',(-80.,-33.0176306873453,-22.1644703306022));
#4575=CARTESIAN_POINT('Ctrl Pts',(-80.,-32.6524998577649,-22.6555504344875));
#4576=CARTESIAN_POINT('Ctrl Pts',(-80.,-32.2759091989107,-23.1383625008173));
#4577=CARTESIAN_POINT('Ctrl Pts',(-80.,-32.1346877018403,-23.319417025691));
#4578=CARTESIAN_POINT('Ctrl Pts',(-80.,-31.9918544831187,-23.4993085934497));
#4579=CARTESIAN_POINT('Ctrl Pts',(-80.,-31.8474178859937,-23.67801052809));
#4580=CARTESIAN_POINT('Ctrl Pts',(-80.,-31.7732668306266,-23.7697527687234));
#4581=CARTESIAN_POINT('Ctrl Pts',(-80.,-31.6986931827437,-23.8611814601681));
#4582=CARTESIAN_POINT('Ctrl Pts',(-80.,-31.6236980374417,-23.9522929349761));
#4583=CARTESIAN_POINT('Ctrl Pts',(-80.,-31.5796803846133,-24.0057699067273));
#4584=CARTESIAN_POINT('Ctrl Pts',(-80.,-31.5355151755635,-24.0591403799117));
#4585=CARTESIAN_POINT('Ctrl Pts',(-80.,-31.4912196030152,-24.1123833301654));
#4586=CARTESIAN_POINT('Ctrl Pts',(-80.,-31.0365908555986,-24.6588437186429));
#4587=CARTESIAN_POINT('Ctrl Pts',(-80.,-30.5678961599354,-25.1922865523255));
#4588=CARTESIAN_POINT('Ctrl Pts',(-80.,-30.0855607828456,-25.7120991314453));
#4589=CARTESIAN_POINT('Ctrl Pts',(-80.,-29.6032254057558,-26.2319117105651));
#4590=CARTESIAN_POINT('Ctrl Pts',(-80.,-29.1072490485044,-26.7380944464571));
#4591=CARTESIAN_POINT('Ctrl Pts',(-80.,-28.5980124732465,-27.2299996699775));
#4592=CARTESIAN_POINT('Ctrl Pts',(-80.,-28.101199084727,-27.709904517354));
#4593=CARTESIAN_POINT('Ctrl Pts',(-80.,-27.5917641432799,-28.1762201870305));
#4594=CARTESIAN_POINT('Ctrl Pts',(-80.,-27.070377383215,-28.6286297648239));
#4595=CARTESIAN_POINT('Ctrl Pts',(-80.,-26.5220904967647,-29.104380700229));
#4596=CARTESIAN_POINT('Ctrl Pts',(-80.,-25.9605865099911,-29.56475425719));
#4597=CARTESIAN_POINT('Ctrl Pts',(-80.,-25.3866074937023,-30.0093326333988));
#4598=CARTESIAN_POINT('Ctrl Pts',(-80.,-24.8382157125121,-30.4340922860846));
#4599=CARTESIAN_POINT('Ctrl Pts',(-80.,-24.2784357018625,-30.8444335003993));
#4600=CARTESIAN_POINT('Ctrl Pts',(-80.,-23.7078891299364,-31.2399454245343));
#4601=CARTESIAN_POINT('Ctrl Pts',(-80.,-23.1403543950219,-31.6333694955295));
#4602=CARTESIAN_POINT('Ctrl Pts',(-80.,-22.5621660429216,-32.0121206045681));
#4603=CARTESIAN_POINT('Ctrl Pts',(-80.,-21.9739177210349,-32.375746482377));
#4604=CARTESIAN_POINT('Ctrl Pts',(-80.,-21.5797777211561,-32.6193842423213));
#4605=CARTESIAN_POINT('Ctrl Pts',(-80.,-21.1811211211929,-32.8562308285557));
#4606=CARTESIAN_POINT('Ctrl Pts',(-80.,-20.7781233020963,-33.0861374545666));
#4607=CARTESIAN_POINT('Ctrl Pts',(-80.,-20.6018117562415,-33.1867216034464));
#4608=CARTESIAN_POINT('Ctrl Pts',(-80.,-20.4246692474331,-33.2859772650816));
#4609=CARTESIAN_POINT('Ctrl Pts',(-80.,-20.2467103567116,-33.383891337654));
#4610=CARTESIAN_POINT('Ctrl Pts',(-80.,-20.117187619866,-33.4551555414478));
#4611=CARTESIAN_POINT('Ctrl Pts',(-80.,-19.9872324216696,-33.5257090602667));
#4612=CARTESIAN_POINT('Ctrl Pts',(-80.,-19.8568503681737,-33.5955467092725));
#4613=CARTESIAN_POINT('Ctrl Pts',(-80.,-19.7969196736904,-33.6276478972334));
#4614=CARTESIAN_POINT('Ctrl Pts',(-80.,-19.736895763675,-33.6595994046322));
#4615=CARTESIAN_POINT('Ctrl Pts',(-80.,-19.6768020470617,-33.6913887155656));
#4616=CARTESIAN_POINT('Ctrl Pts',(-80.,-19.0509089762737,-34.0224833883482));
#4617=CARTESIAN_POINT('Ctrl Pts',(-80.,-18.4169644352702,-34.3362476126149));
#4618=CARTESIAN_POINT('Ctrl Pts',(-80.,-17.7756837796647,-34.6323585748224));
#4619=CARTESIAN_POINT('Ctrl Pts',(-80.,-17.1518536057058,-34.9204117874843));
#4620=CARTESIAN_POINT('Ctrl Pts',(-80.,-16.5210805757209,-35.1917594202773));
#4621=CARTESIAN_POINT('Ctrl Pts',(-80.,-15.88399711151,-35.4460582268209));
#4622=CARTESIAN_POINT('Ctrl Pts',(-80.,-15.2201818208414,-35.7110273331709));
#4623=CARTESIAN_POINT('Ctrl Pts',(-80.,-14.5495150808836,-35.9574874823247));
#4624=CARTESIAN_POINT('Ctrl Pts',(-80.,-13.8726900800092,-36.1849943081062));
#4625=CARTESIAN_POINT('Ctrl Pts',(-80.,-13.1958650791347,-36.4125011338876));
#4626=CARTESIAN_POINT('Ctrl Pts',(-80.,-12.5128813075326,-36.6210548915966));
#4627=CARTESIAN_POINT('Ctrl Pts',(-80.,-11.8244168716826,-36.8101502383862));
#4628=CARTESIAN_POINT('Ctrl Pts',(-80.,-11.1631784170372,-36.9917676297586));
#4629=CARTESIAN_POINT('Ctrl Pts',(-80.,-10.496883607116,-37.1554346614024));
#4630=CARTESIAN_POINT('Ctrl Pts',(-80.,-9.82627034430848,-37.3011112578577));
#4631=CARTESIAN_POINT('Ctrl Pts',(-80.,-9.13263783671906,-37.4517883000524));
#4632=CARTESIAN_POINT('Ctrl Pts',(-80.,-8.43438476828421,-37.5832189637276));
#4633=CARTESIAN_POINT('Ctrl Pts',(-80.,-7.73232976026605,-37.6953002726822));
#4634=CARTESIAN_POINT('Ctrl Pts',(-80.,-7.11803162825017,-37.7933714180176));
#4635=CARTESIAN_POINT('Ctrl Pts',(-80.,-6.5008224303788,-37.8766273239172));
#4636=CARTESIAN_POINT('Ctrl Pts',(-80.,-5.88125702019137,-37.944961562564));
#4637=CARTESIAN_POINT('Ctrl Pts',(-80.,-5.75846544111398,-37.9585047154427));
#4638=CARTESIAN_POINT('Ctrl Pts',(-80.,-5.6355813393571,-37.9714616469351));
#4639=CARTESIAN_POINT('Ctrl Pts',(-80.,-5.51260907876894,-37.9838313654147));
#4640=CARTESIAN_POINT('Ctrl Pts',(-80.,-5.45929884486688,-37.9891938153062));
#4641=CARTESIAN_POINT('Ctrl Pts',(-80.,-5.40597211042532,-37.9944458797736));
#4642=CARTESIAN_POINT('Ctrl Pts',(-80.,-5.3526437292675,-37.9995861392217));
#4643=CARTESIAN_POINT('Ctrl Pts',(-80.,-4.6789317874701,-38.0645244347214));
#4644=CARTESIAN_POINT('Ctrl Pts',(-80.,-4.00437689899263,-38.1116822192813));
#4645=CARTESIAN_POINT('Ctrl Pts',(-80.,-3.3296950224884,-38.1411395299872));
#4646=CARTESIAN_POINT('Ctrl Pts',(-80.,-2.65188011076962,-38.1707336322611));
#4647=CARTESIAN_POINT('Ctrl Pts',(-80.,-1.97393655849244,-38.1824624989377));
#4648=CARTESIAN_POINT('Ctrl Pts',(-80.,-1.29658362658074,-38.1763550660236));
#4649=CARTESIAN_POINT('Ctrl Pts',(-80.,-0.591569471480562,-38.1699982224153));
#4650=CARTESIAN_POINT('Ctrl Pts',(-80.,0.112805386971704,-38.1443189287211));
#4651=CARTESIAN_POINT('Ctrl Pts',(-80.,0.815729375497961,-38.099290029008));
#4652=CARTESIAN_POINT('Ctrl Pts',(-80.,1.48778909345703,-38.0562382764214));
#4653=CARTESIAN_POINT('Ctrl Pts',(-80.,2.15852298563581,-37.9954984193762));
#4654=CARTESIAN_POINT('Ctrl Pts',(-80.,2.82721410101389,-37.9169948969698));
#4655=CARTESIAN_POINT('Ctrl Pts',(-80.,3.49150706058891,-37.8390077126972));
#4656=CARTESIAN_POINT('Ctrl Pts',(-80.,4.15378445610015,-37.7434897021667));
#4657=CARTESIAN_POINT('Ctrl Pts',(-80.,4.81332931344541,-37.630317478414));
#4658=CARTESIAN_POINT('Ctrl Pts',(-80.,5.46481050401281,-37.5185289105123));
#4659=CARTESIAN_POINT('Ctrl Pts',(-80.,6.11362594621787,-37.3895150729999));
#4660=CARTESIAN_POINT('Ctrl Pts',(-80.,6.75906488366742,-37.243110089051));
#4661=CARTESIAN_POINT('Ctrl Pts',(-80.,6.86632805343272,-37.2187795726587));
#4662=CARTESIAN_POINT('Ctrl Pts',(-80.,6.97349791899361,-37.1939686446517));
#4663=CARTESIAN_POINT('Ctrl Pts',(-80.,7.08057115305882,-37.1686764189092));
#4664=CARTESIAN_POINT('Ctrl Pts',(-80.,7.45910421593664,-37.079261508069));
#4665=CARTESIAN_POINT('Ctrl Pts',(-80.,7.83642981091667,-36.9838316170563));
#4666=CARTESIAN_POINT('Ctrl Pts',(-80.,8.21241571921922,-36.8824348193155));
#4667=CARTESIAN_POINT('Ctrl Pts',(-80.,8.38865911373604,-36.8349050703745));
#4668=CARTESIAN_POINT('Ctrl Pts',(-80.,8.56460809731453,-36.786064166935));
#4669=CARTESIAN_POINT('Ctrl Pts',(-80.,8.74024879501136,-36.735916714375));
#4670=CARTESIAN_POINT('Ctrl Pts',(-80.,8.87918046965058,-36.6962501128731));
#4671=CARTESIAN_POINT('Ctrl Pts',(-80.,9.0179192528433,-36.655766025456));
#4672=CARTESIAN_POINT('Ctrl Pts',(-80.,9.15645819991622,-36.6144666362082));
#4673=CARTESIAN_POINT('Ctrl Pts',(-80.,9.20719316586766,-36.599342202599));
#4674=CARTESIAN_POINT('Ctrl Pts',(-80.,9.2578989721812,-36.5841091157873));
#4675=CARTESIAN_POINT('Ctrl Pts',(-80.,9.30856697706458,-36.5687700637209));
#4676=CARTESIAN_POINT('Ctrl Pts',(-80.,9.96272700657954,-36.3707319768536));
#4677=CARTESIAN_POINT('Ctrl Pts',(-80.,10.610988094508,-36.154916277092));
#4678=CARTESIAN_POINT('Ctrl Pts',(-80.,11.2526904729106,-35.9217392355587));
#4679=CARTESIAN_POINT('Ctrl Pts',(-80.,11.884526973526,-35.6921471833788));
#4680=CARTESIAN_POINT('Ctrl Pts',(-80.,12.5100052645567,-35.4457231471368));
#4681=CARTESIAN_POINT('Ctrl Pts',(-80.,13.1284756767795,-35.1828152345538));
#4682=CARTESIAN_POINT('Ctrl Pts',(-80.,13.7461280754644,-34.9202550544209));
#4683=CARTESIAN_POINT('Ctrl Pts',(-80.,14.3567915301126,-34.6412543221778));
#4684=CARTESIAN_POINT('Ctrl Pts',(-80.,14.9597930680552,-34.3461148055291));
#4685=CARTESIAN_POINT('Ctrl Pts',(-80.,15.5597167388837,-34.0524817530521));
#4686=CARTESIAN_POINT('Ctrl Pts',(-80.,16.1520568908186,-33.7428739823927));
#4687=CARTESIAN_POINT('Ctrl Pts',(-80.,16.7361193016148,-33.4175480343991));
#4688=CARTESIAN_POINT('Ctrl Pts',(-80.,16.8961205229472,-33.3284264815515));
#4689=CARTESIAN_POINT('Ctrl Pts',(-80.,17.0555003307106,-33.2381251176074));
#4690=CARTESIAN_POINT('Ctrl Pts',(-80.,17.2142439788215,-33.1466487210499));
#4691=CARTESIAN_POINT('Ctrl Pts',(-80.,17.2716304030192,-33.1135796605905));
#4692=CARTESIAN_POINT('Ctrl Pts',(-80.,17.3289357045375,-33.0803558619664));
#4693=CARTESIAN_POINT('Ctrl Pts',(-80.,17.3861525935261,-33.0469813898392));
#4694=CARTESIAN_POINT('Ctrl Pts',(-80.,17.962394586537,-32.7108608374252));
#4695=CARTESIAN_POINT('Ctrl Pts',(-80.,18.5292135372438,-32.3597298669433));
#4696=CARTESIAN_POINT('Ctrl Pts',(-80.,19.0859750596519,-31.9939270204355));
#4697=CARTESIAN_POINT('Ctrl Pts',(-80.,19.6410210346258,-31.6292513210266));
#4698=CARTESIAN_POINT('Ctrl Pts',(-80.,20.1860718511006,-31.2499937593436));
#4699=CARTESIAN_POINT('Ctrl Pts',(-80.,20.7204690231929,-30.8564477437296));
#4700=CARTESIAN_POINT('Ctrl Pts',(-80.,21.2495103783717,-30.4668459114247));
#4701=CARTESIAN_POINT('Ctrl Pts',(-80.,21.7681108911446,-30.0632403033151));
#4702=CARTESIAN_POINT('Ctrl Pts',(-80.,22.2755970466822,-29.6458785341361));
#4703=CARTESIAN_POINT('Ctrl Pts',(-80.,22.6852957155013,-29.3089381873252));
#4704=CARTESIAN_POINT('Ctrl Pts',(-80.,23.0877500372021,-28.9630315260009));
#4705=CARTESIAN_POINT('Ctrl Pts',(-80.,23.4825866866665,-28.6082727938157));
#4706=CARTESIAN_POINT('Ctrl Pts',(-80.,23.7928183906451,-28.3295311771588));
#4707=CARTESIAN_POINT('Ctrl Pts',(-80.,24.0983468926261,-28.0453243025044));
#4708=CARTESIAN_POINT('Ctrl Pts',(-80.,24.3990587845721,-27.7557940771402));
#4709=CARTESIAN_POINT('Origin',(-79.5,0.,0.));
#4710=CARTESIAN_POINT('Origin',(125.,5.,0.));
#4711=CARTESIAN_POINT('',(120.,5.,39.6862696659689));
#4712=CARTESIAN_POINT('',(120.,5.,39.6862696659689));
#4713=CARTESIAN_POINT('',(120.,5.,49.749371855331));
#4714=CARTESIAN_POINT('',(120.,5.,0.));
#4715=CARTESIAN_POINT('Ctrl Pts',(110.,5.,59.791303715507));
#4716=CARTESIAN_POINT('Ctrl Pts',(110.616295690599,5.,59.791303715507));
#4717=CARTESIAN_POINT('Ctrl Pts',(111.289347536055,5.,59.730359296112));
#4718=CARTESIAN_POINT('Ctrl Pts',(112.607382048652,5.,59.4676207767129));
#4719=CARTESIAN_POINT('Ctrl Pts',(113.2523655213,5.,59.2658307175708));
#4720=CARTESIAN_POINT('Ctrl Pts',(114.391820452105,5.,58.7929239727297));
#4721=CARTESIAN_POINT('Ctrl Pts',(114.991150938831,5.,58.4780504329851));
#4722=CARTESIAN_POINT('Ctrl Pts',(116.109823697769,5.,57.7288327078247));
#4723=CARTESIAN_POINT('Ctrl Pts',(116.629172341819,5.,57.2944980363785));
#4724=CARTESIAN_POINT('Ctrl Pts',(117.502474779622,5.,56.4192647235069));
#4725=CARTESIAN_POINT('Ctrl Pts',(117.936653172461,5.,55.8975114838874));
#4726=CARTESIAN_POINT('Ctrl Pts',(118.685280643765,5.,54.7741790866327));
#4727=CARTESIAN_POINT('Ctrl Pts',(118.999742684966,5.,54.1726085678658));
#4728=CARTESIAN_POINT('Ctrl Pts',(119.473267894163,5.,53.0266976065229));
#4729=CARTESIAN_POINT('Ctrl Pts',(119.675623829508,5.,52.3766131912929));
#4730=CARTESIAN_POINT('Ctrl Pts',(119.938983388136,5.,51.0483937306553));
#4731=CARTESIAN_POINT('Ctrl Pts',(120.,5.,50.3702612606587));
#4732=CARTESIAN_POINT('Ctrl Pts',(120.,5.,49.749371855331));
#4733=CARTESIAN_POINT('Origin',(120.,0.,0.));
#4734=CARTESIAN_POINT('',(40.,-4.89858719658941E-15,40.));
#4735=CARTESIAN_POINT('',(120.,4.89858719658941E-15,40.));
#4736=CARTESIAN_POINT('Origin',(40.,0.,0.));
#4737=CARTESIAN_POINT('Origin',(120.,0.,0.));
#4738=CARTESIAN_POINT('Origin',(37.5,0.,0.));
#4739=CARTESIAN_POINT('',(35.,4.28626379701574E-15,35.));
#4740=CARTESIAN_POINT('',(37.5,-4.59242549680258E-15,37.5));
#4741=CARTESIAN_POINT('Origin',(35.,0.,0.));
#4742=CARTESIAN_POINT('Origin',(35.,0.,0.));
#4743=CARTESIAN_POINT('',(35.,-2.75545529808154E-15,-22.5));
#4744=CARTESIAN_POINT('Origin',(35.,0.,0.));
#4745=CARTESIAN_POINT('Origin',(-40.,0.,0.));
#4746=CARTESIAN_POINT('Ctrl Pts',(-40.,-36.2338775337423,-7.25212900601766));
#4747=CARTESIAN_POINT('Ctrl Pts',(-40.,-36.3937037366365,-6.60537725862185));
#4748=CARTESIAN_POINT('Ctrl Pts',(-40.,-36.5356196896417,-5.9545025566652));
#4749=CARTESIAN_POINT('Ctrl Pts',(-40.,-36.659740227417,-5.30026302119874));
#4750=CARTESIAN_POINT('Ctrl Pts',(-40.,-36.7890036650358,-4.61891525316372));
#4751=CARTESIAN_POINT('Ctrl Pts',(-40.,-36.8989668338486,-3.93391764686868));
#4752=CARTESIAN_POINT('Ctrl Pts',(-40.,-36.9897034291981,-3.24610766022707));
#4753=CARTESIAN_POINT('Ctrl Pts',(-40.,-37.0779991721581,-2.57680005008435));
#4754=CARTESIAN_POINT('Ctrl Pts',(-40.,-37.1480886211791,-1.90482878988797));
#4755=CARTESIAN_POINT('Ctrl Pts',(-40.,-37.199987363078,-1.23095533191238));
#4756=CARTESIAN_POINT('Ctrl Pts',(-40.,-37.2517875722271,-0.558361261499148));
#4757=CARTESIAN_POINT('Ctrl Pts',(-40.,-37.2854660966457,0.116128268869303));
#4758=CARTESIAN_POINT('Ctrl Pts',(-40.,-37.300986727214,0.791758975186155));
#4759=CARTESIAN_POINT('Ctrl Pts',(-40.,-37.3060756400649,1.0132851411973));
#4760=CARTESIAN_POINT('Ctrl Pts',(-40.,-37.3092120615107,1.23493398207455));
#4761=CARTESIAN_POINT('Ctrl Pts',(-40.,-37.3103934966867,1.45667884233696));
#4762=CARTESIAN_POINT('Ctrl Pts',(-40.,-37.3112505381502,1.61753789193025));
#4763=CARTESIAN_POINT('Ctrl Pts',(-40.,-37.311078775081,1.77844746981967));
#4764=CARTESIAN_POINT('Ctrl Pts',(-40.,-37.3098770558049,1.9393973754892));
#4765=CARTESIAN_POINT('Ctrl Pts',(-40.,-37.3094423124928,1.99762386520072));
#4766=CARTESIAN_POINT('Ctrl Pts',(-40.,-37.3088727408109,2.05585807378707));
#4767=CARTESIAN_POINT('Ctrl Pts',(-40.,-37.3081683778549,2.11409168825542));
#4768=CARTESIAN_POINT('Ctrl Pts',(-40.,-37.3000611553388,2.7843609952271));
#4769=CARTESIAN_POINT('Ctrl Pts',(-40.,-37.2741144233945,3.4535575420921));
#4770=CARTESIAN_POINT('Ctrl Pts',(-40.,-37.2304828504221,4.12094322925396));
#4771=CARTESIAN_POINT('Ctrl Pts',(-40.,-37.1863940005769,4.79532339356217));
#4772=CARTESIAN_POINT('Ctrl Pts',(-40.,-37.1242477713147,5.46785498689906));
#4773=CARTESIAN_POINT('Ctrl Pts',(-40.,-37.0441526835251,6.13779128133328));
#4774=CARTESIAN_POINT('Ctrl Pts',(-40.,-36.9638701980677,6.80929501894737));
#4775=CARTESIAN_POINT('Ctrl Pts',(-40.,-36.8655547963489,7.47819177612564));
#4776=CARTESIAN_POINT('Ctrl Pts',(-40.,-36.7492639038198,8.14373739950899));
#4777=CARTESIAN_POINT('Ctrl Pts',(-40.,-36.6332073068006,8.80794212380879));
#4778=CARTESIAN_POINT('Ctrl Pts',(-40.,-36.4992475754885,9.46880968327575));
#4779=CARTESIAN_POINT('Ctrl Pts',(-40.,-36.3473900477353,10.1256010261276));
#4780=CARTESIAN_POINT('Ctrl Pts',(-40.,-36.2627341885261,10.4917418179141));
#4781=CARTESIAN_POINT('Ctrl Pts',(-40.,-36.1725152778536,10.8566158072931));
#4782=CARTESIAN_POINT('Ctrl Pts',(-40.,-36.0767272366149,11.2200941988843));
#4783=CARTESIAN_POINT('Ctrl Pts',(-40.,-35.9053620332539,11.870358550121));
#4784=CARTESIAN_POINT('Ctrl Pts',(-40.,-35.7161755123612,12.5161570975275));
#4785=CARTESIAN_POINT('Ctrl Pts',(-40.,-35.5095558173319,13.1568769006214));
#4786=CARTESIAN_POINT('Ctrl Pts',(-40.,-35.2915429312883,13.832926555026));
#4787=CARTESIAN_POINT('Ctrl Pts',(-40.,-35.054121581741,14.5033226138344));
#4788=CARTESIAN_POINT('Ctrl Pts',(-40.,-34.7976887114233,15.1673246264919));
#4789=CARTESIAN_POINT('Ctrl Pts',(-40.,-34.6854993306592,15.4578255070296));
#4790=CARTESIAN_POINT('Ctrl Pts',(-40.,-34.5696702666344,15.7471022092322));
#4791=CARTESIAN_POINT('Ctrl Pts',(-40.,-34.4502312998166,16.0350910594941));
#4792=CARTESIAN_POINT('Ctrl Pts',(-40.,-34.420197438771,16.1075081051359));
#4793=CARTESIAN_POINT('Ctrl Pts',(-40.,-34.3899353097438,16.1798437129307));
#4794=CARTESIAN_POINT('Ctrl Pts',(-40.,-34.3594453659943,16.2520968588186));
#4795=CARTESIAN_POINT('Ctrl Pts',(-40.,-34.3309553988172,16.3196105863511));
#4796=CARTESIAN_POINT('Ctrl Pts',(-40.,-34.3022645224329,16.3870569064079));
#4797=CARTESIAN_POINT('Ctrl Pts',(-40.,-34.2733852106328,16.4544069634183));
#4798=CARTESIAN_POINT('Ctrl Pts',(-40.,-34.0073769185817,17.0747705565283));
#4799=CARTESIAN_POINT('Ctrl Pts',(-40.,-33.7252176413887,17.6873713373061));
#4800=CARTESIAN_POINT('Ctrl Pts',(-40.,-33.4274244866328,18.2916365441368));
#4801=CARTESIAN_POINT('Ctrl Pts',(-40.,-33.1268286089453,18.901588879516));
#4802=CARTESIAN_POINT('Ctrl Pts',(-40.,-32.8103030542268,19.5030484102631));
#4803=CARTESIAN_POINT('Ctrl Pts',(-40.,-32.47832661117,20.0954196320947));
#4804=CARTESIAN_POINT('Ctrl Pts',(-40.,-32.1442345014403,20.6915660014653));
#4805=CARTESIAN_POINT('Ctrl Pts',(-40.,-31.7944937758459,21.2785082837323));
#4806=CARTESIAN_POINT('Ctrl Pts',(-40.,-31.4295412487945,21.855626695918));
#4807=CARTESIAN_POINT('Ctrl Pts',(-40.,-31.0636352883175,22.4342528219678));
#4808=CARTESIAN_POINT('Ctrl Pts',(-40.,-30.6824377440727,23.0030041161726));
#4809=CARTESIAN_POINT('Ctrl Pts',(-40.,-30.2863403471994,23.5612365793534));
#4810=CARTESIAN_POINT('Ctrl Pts',(-40.,-29.8912379809721,24.1180667146907));
#4811=CARTESIAN_POINT('Ctrl Pts',(-40.,-29.4813102950633,24.664431219187));
#4812=CARTESIAN_POINT('Ctrl Pts',(-40.,-29.0569011479739,25.1996653466554));
#4813=CARTESIAN_POINT('Ctrl Pts',(-40.,-28.6364164073909,25.7299502964102));
#4814=CARTESIAN_POINT('Ctrl Pts',(-40.,-28.2017165142488,26.2493101290935));
#4815=CARTESIAN_POINT('Ctrl Pts',(-40.,-27.7530955028642,26.7570673918065));
#4816=CARTESIAN_POINT('Ctrl Pts',(-40.,-27.4679373798456,27.0798144417884));
#4817=CARTESIAN_POINT('Ctrl Pts',(-40.,-27.1771539281418,27.397873082027));
#4818=CARTESIAN_POINT('Ctrl Pts',(-40.,-26.88081278207,27.7110616817629));
#4819=CARTESIAN_POINT('Ctrl Pts',(-40.,-26.6015720285826,28.0061777050799));
#4820=CARTESIAN_POINT('Ctrl Pts',(-40.,-26.3173963894018,28.2969694673778));
#4821=CARTESIAN_POINT('Ctrl Pts',(-40.,-26.0284074366824,28.5833528946175));
#4822=CARTESIAN_POINT('Ctrl Pts',(-40.,-25.9897145805161,28.6216968958477));
#4823=CARTESIAN_POINT('Ctrl Pts',(-40.,-25.9509358866925,28.6599613854424));
#4824=CARTESIAN_POINT('Ctrl Pts',(-40.,-25.9120812029647,28.6981368525191));
#4825=CARTESIAN_POINT('Ctrl Pts',(-40.,-25.4301933720603,29.1716008279881));
#4826=CARTESIAN_POINT('Ctrl Pts',(-40.,-24.9362415236496,29.6317504286286));
#4827=CARTESIAN_POINT('Ctrl Pts',(-40.,-24.4309433470566,30.0783427854183));
#4828=CARTESIAN_POINT('Ctrl Pts',(-40.,-23.916958960577,30.5326121834572));
#4829=CARTESIAN_POINT('Ctrl Pts',(-40.,-23.3912345645836,30.9728545462266));
#4830=CARTESIAN_POINT('Ctrl Pts',(-40.,-22.8544795816029,31.3987857738413));
#4831=CARTESIAN_POINT('Ctrl Pts',(-40.,-22.3139243779747,31.8277325908717));
#4832=CARTESIAN_POINT('Ctrl Pts',(-40.,-21.7621815109815,32.2421652041287));
#4833=CARTESIAN_POINT('Ctrl Pts',(-40.,-21.1999338159653,32.6417601930459));
#4834=CARTESIAN_POINT('Ctrl Pts',(-40.,-20.6355952256437,33.0428412019038));
#4835=CARTESIAN_POINT('Ctrl Pts',(-40.,-20.0606731678676,33.4289743135435));
#4836=CARTESIAN_POINT('Ctrl Pts',(-40.,-19.4758214663072,33.7997947406428));
#4837=CARTESIAN_POINT('Ctrl Pts',(-40.,-18.8909957451164,34.1705986951017));
#4838=CARTESIAN_POINT('Ctrl Pts',(-40.,-18.2962408752501,34.5260915982203));
#4839=CARTESIAN_POINT('Ctrl Pts',(-40.,-17.6921796747527,34.8658668555215));
#4840=CARTESIAN_POINT('Ctrl Pts',(-40.,-17.1260200428457,35.1843230557316));
#4841=CARTESIAN_POINT('Ctrl Pts',(-40.,-16.551684752225,35.4889719409233));
#4842=CARTESIAN_POINT('Ctrl Pts',(-40.,-15.9696664739233,35.7794421248143));
#4843=CARTESIAN_POINT('Ctrl Pts',(-40.,-15.7514096195601,35.8883684437735));
#4844=CARTESIAN_POINT('Ctrl Pts',(-40.,-15.5320721715106,35.9953005096881));
#4845=CARTESIAN_POINT('Ctrl Pts',(-40.,-15.3116795320409,36.100217360205));
#4846=CARTESIAN_POINT('Ctrl Pts',(-40.,-15.2019778638491,36.1524403089878));
#4847=CARTESIAN_POINT('Ctrl Pts',(-40.,-15.0920147563082,36.2041639547466));
#4848=CARTESIAN_POINT('Ctrl Pts',(-40.,-14.9817933169069,36.2553856400283));
#4849=CARTESIAN_POINT('Ctrl Pts',(-40.,-14.9093776395303,36.2890383763399));
#4850=CARTESIAN_POINT('Ctrl Pts',(-40.,-14.8368451277989,36.3224768396909));
#4851=CARTESIAN_POINT('Ctrl Pts',(-40.,-14.7642269409117,36.355686522177));
#4852=CARTESIAN_POINT('Ctrl Pts',(-40.,-14.1278451661403,36.6467160505366));
#4853=CARTESIAN_POINT('Ctrl Pts',(-40.,-13.4845243702071,36.9203503665968));
#4854=CARTESIAN_POINT('Ctrl Pts',(-40.,-12.8349693000676,37.1762927953674));
#4855=CARTESIAN_POINT('Ctrl Pts',(-40.,-12.182259829663,37.4334781439493));
#4856=CARTESIAN_POINT('Ctrl Pts',(-40.,-11.523255014347,37.6727996459585));
#4857=CARTESIAN_POINT('Ctrl Pts',(-40.,-10.8586354086354,37.8939168098816));
#4858=CARTESIAN_POINT('Ctrl Pts',(-40.,-10.7594931690645,37.9269011676263));
#4859=CARTESIAN_POINT('Ctrl Pts',(-40.,-10.6602259323006,37.9594803645615));
#4860=CARTESIAN_POINT('Ctrl Pts',(-40.,-10.5608358999475,37.9916531894379));
#4861=CARTESIAN_POINT('Ctrl Pts',(-40.,-9.90487722410965,38.2039888040291));
#4862=CARTESIAN_POINT('Ctrl Pts',(-40.,-9.24357183979798,38.3986274789384));
#4863=CARTESIAN_POINT('Ctrl Pts',(-40.,-8.57766607216187,38.575648454609));
#4864=CARTESIAN_POINT('Ctrl Pts',(-40.,-7.90577264032892,38.7542611602353));
#4865=CARTESIAN_POINT('Ctrl Pts',(-40.,-7.22919531377323,38.9149380309946));
#4866=CARTESIAN_POINT('Ctrl Pts',(-40.,-6.54867915328894,39.0577121778724));
#4867=CARTESIAN_POINT('Ctrl Pts',(-40.,-5.86353505604879,39.2014572785064));
#4868=CARTESIAN_POINT('Ctrl Pts',(-40.,-5.17439792917818,39.3270554368927));
#4869=CARTESIAN_POINT('Ctrl Pts',(-40.,-4.48201279708103,39.4344900326997));
#4870=CARTESIAN_POINT('Ctrl Pts',(-40.,-3.78997437804844,39.5418708304452));
#4871=CARTESIAN_POINT('Ctrl Pts',(-40.,-3.09469074075336,39.631106306218));
#4872=CARTESIAN_POINT('Ctrl Pts',(-40.,-2.39689735295595,39.7021285377439));
#4873=CARTESIAN_POINT('Ctrl Pts',(-40.,-1.91950939888134,39.7507176450568));
#4874=CARTESIAN_POINT('Ctrl Pts',(-40.,-1.44094658967551,39.7907810389826));
#4875=CARTESIAN_POINT('Ctrl Pts',(-40.,-0.961443860956028,39.8222829100237));
#4876=CARTESIAN_POINT('Ctrl Pts',(-40.,-0.751661417141256,39.8360649786042));
#4877=CARTESIAN_POINT('Ctrl Pts',(-40.,-0.541699069094337,39.8482081697392));
#4878=CARTESIAN_POINT('Ctrl Pts',(-40.,-0.331576524329482,39.8587087885496));
#4879=CARTESIAN_POINT('Ctrl Pts',(-40.,-0.243158339320733,39.8631273798898));
#4880=CARTESIAN_POINT('Ctrl Pts',(-40.,-0.154711789173079,39.8672551205314));
#4881=CARTESIAN_POINT('Ctrl Pts',(-40.,-0.066238344455727,39.8710917125837));
#4882=CARTESIAN_POINT('Ctrl Pts',(-40.,0.000678596619763078,39.8739935212011));
#4883=CARTESIAN_POINT('Ctrl Pts',(-40.,0.0676108741699104,39.8767287472972));
#4884=CARTESIAN_POINT('Ctrl Pts',(-40.,0.13454352519906,39.8792967795348));
#4885=CARTESIAN_POINT('Ctrl Pts',(-40.,0.844527138277027,39.9065370095058));
#4886=CARTESIAN_POINT('Ctrl Pts',(-40.,1.55495568724744,39.9149873784724));
#4887=CARTESIAN_POINT('Ctrl Pts',(-40.,2.26504856006856,39.9046517240004));
#4888=CARTESIAN_POINT('Ctrl Pts',(-40.,2.97492942983487,39.8943191553084));
#4889=CARTESIAN_POINT('Ctrl Pts',(-40.,3.684475297505,39.865211825447));
#4890=CARTESIAN_POINT('Ctrl Pts',(-40.,4.39291256079004,39.8172820565835));
#4891=CARTESIAN_POINT('Ctrl Pts',(-40.,5.0985289417701,39.7695431362876));
#4892=CARTESIAN_POINT('Ctrl Pts',(-40.,5.80304599829401,39.7031313939869));
#4893=CARTESIAN_POINT('Ctrl Pts',(-40.,6.50569854446575,39.6179481621924));
#4894=CARTESIAN_POINT('Ctrl Pts',(-40.,7.20134154629136,39.5336147040792));
#4895=CARTESIAN_POINT('Ctrl Pts',(-40.,7.89515749512019,39.4308823835034));
#4896=CARTESIAN_POINT('Ctrl Pts',(-40.,8.58639633716499,39.3096049585101));
#4897=CARTESIAN_POINT('Ctrl Pts',(-40.,8.75679079464878,39.2797093569035));
#4898=CARTESIAN_POINT('Ctrl Pts',(-40.,8.92702859982386,39.2486866177066));
#4899=CARTESIAN_POINT('Ctrl Pts',(-40.,9.0970983985629,39.2165340749277));
#4900=CARTESIAN_POINT('Ctrl Pts',(-40.,9.54326788097409,39.1321835113579));
#4901=CARTESIAN_POINT('Ctrl Pts',(-40.,9.98828127142691,39.0400576634722));
#4902=CARTESIAN_POINT('Ctrl Pts',(-40.,10.4319611030428,38.9402289815877));
#4903=CARTESIAN_POINT('',(-40.,3.06161699786838E-15,25.));
#4904=CARTESIAN_POINT('Origin',(-40.,0.,0.));
#4905=CARTESIAN_POINT('Origin',(-80.,0.,0.));
#4906=CARTESIAN_POINT('Ctrl Pts',(-68.6886345335759,0.000927794743746242,
-36.9531512047378));
#4907=CARTESIAN_POINT('Ctrl Pts',(-68.8161141960531,-4.93175020018834,-36.9480684426549));
#4908=CARTESIAN_POINT('Ctrl Pts',(-68.9435938585303,-9.86641479748225,-35.9541120778626));
#4909=CARTESIAN_POINT('Ctrl Pts',(-69.0710735210075,-14.4078705223847,-34.0313961922784));
#4910=CARTESIAN_POINT('Ctrl Pts',(-69.2299318462589,-20.0671893238485,-31.6354106712717));
#4911=CARTESIAN_POINT('Ctrl Pts',(-69.3887901715103,-25.1159015758457,-27.7971722254364));
#4912=CARTESIAN_POINT('Ctrl Pts',(-69.5476484967617,-28.9382104664517,-22.9848348870338));
#4913=CARTESIAN_POINT('Ctrl Pts',(-69.7065068220131,-32.7605193570577,-18.1724975486313));
#4914=CARTESIAN_POINT('Ctrl Pts',(-69.8653651472645,-35.3564248862727,-12.3860613176616));
#4915=CARTESIAN_POINT('Ctrl Pts',(-70.0242234725159,-36.4093016910112,-6.33130398582697));
#4916=CARTESIAN_POINT('Ctrl Pts',(-70.1830817977673,-37.4621784957497,-0.276546653992319));
#4917=CARTESIAN_POINT('Ctrl Pts',(-70.3419401230187,-36.9720265760117,6.04653177870709));
#4918=CARTESIAN_POINT('Ctrl Pts',(-70.5007984482701,-34.9986302839268,11.8666986996816));
#4919=CARTESIAN_POINT('Ctrl Pts',(-70.6596567735216,-33.025233991842,17.6868656206561));
#4920=CARTESIAN_POINT('Ctrl Pts',(-70.818515098773,-29.5685933274104,23.0041210299057));
#4921=CARTESIAN_POINT('Ctrl Pts',(-70.9773734240244,-25.050318434399,27.1699136202282));
#4922=CARTESIAN_POINT('Ctrl Pts',(-71.1362317492758,-20.5320435413875,31.3357062105508));
#4923=CARTESIAN_POINT('Ctrl Pts',(-71.2950900745272,-14.9521344197963,34.3500359819464));
#4924=CARTESIAN_POINT('Ctrl Pts',(-71.4539483997786,-8.99117853089033,35.8452419213321));
#4925=CARTESIAN_POINT('Ctrl Pts',(-71.61280672503,-3.03022264198441,37.3404478607178));
#4926=CARTESIAN_POINT('Ctrl Pts',(-71.7716650502814,3.31178001423616,37.3165299680935));
#4927=CARTESIAN_POINT('Ctrl Pts',(-71.9305233755328,9.26128861969193,35.7764055334359));
#4928=CARTESIAN_POINT('Ctrl Pts',(-72.0893817007842,15.2107972251477,34.2362810987783));
#4929=CARTESIAN_POINT('Ctrl Pts',(-72.2482400260356,20.7678117798387,31.1799501220874));
#4930=CARTESIAN_POINT('Ctrl Pts',(-72.407098351287,25.2545372937763,26.9801965503598));
#4931=CARTESIAN_POINT('Ctrl Pts',(-72.5659566765384,29.7412628077138,22.7804429786323));
#4932=CARTESIAN_POINT('Ctrl Pts',(-72.7248150017899,33.1576992808978,17.4372668118681));
#4933=CARTESIAN_POINT('Ctrl Pts',(-72.8836733270413,35.0871403261534,11.6023809360451));
#4934=CARTESIAN_POINT('Ctrl Pts',(-73.0425316522927,37.0165813714091,5.76749506022216));
#4935=CARTESIAN_POINT('Ctrl Pts',(-73.201389977544,37.4590269887363,-0.559100524659686));
#4936=CARTESIAN_POINT('Ctrl Pts',(-73.3602483027954,36.3605115966949,-6.60574420833333));
#4937=CARTESIAN_POINT('Ctrl Pts',(-73.5191066280469,35.2619962046536,-12.6523878920071));
#4938=CARTESIAN_POINT('Ctrl Pts',(-73.6779649532983,32.6225198032436,-18.4190796744726));
#4939=CARTESIAN_POINT('Ctrl Pts',(-73.8368232785497,28.7640221770701,-23.2024500289236));
#4940=CARTESIAN_POINT('Ctrl Pts',(-73.9956816038011,24.9055245508967,-27.9858203833745));
#4941=CARTESIAN_POINT('Ctrl Pts',(-74.1545399290525,19.8280056999598,-31.7858693098109));
#4942=CARTESIAN_POINT('Ctrl Pts',(-74.3133982543039,14.1507759364842,-34.1391007656919));
#4943=CARTESIAN_POINT('Ctrl Pts',(-74.4384770140612,9.68074985161162,-35.9919421037692));
#4944=CARTESIAN_POINT('Ctrl Pts',(-74.5635557738185,4.83894111171128,-36.947848553224));
#4945=CARTESIAN_POINT('Ctrl Pts',(-74.6886345335759,-0.00094806038562153,
-36.952856134743));
#4946=CARTESIAN_POINT('Ctrl Pts',(-80.,-38.9363109038279,-10.4345554894764));
#4947=CARTESIAN_POINT('Ctrl Pts',(-79.8411416747486,-37.2004594775399,-16.9118463414889));
#4948=CARTESIAN_POINT('Ctrl Pts',(-79.5234250242457,-30.435276804914,-28.9767891028337));
#4949=CARTESIAN_POINT('Ctrl Pts',(-79.0468500484916,-12.8510627272653,-40.0090180726386));
#4950=CARTESIAN_POINT('Ctrl Pts',(-78.5702750727372,7.86333546780703,-41.279657907626));
#4951=CARTESIAN_POINT('Ctrl Pts',(-78.0937000969831,26.6618316467818,-32.4813017504474));
#4952=CARTESIAN_POINT('Ctrl Pts',(-77.6171251212288,38.9552332098127,-15.7589587469419));
#4953=CARTESIAN_POINT('Ctrl Pts',(-77.1405501454746,41.7463917352303,4.80744201873726));
#4954=CARTESIAN_POINT('Ctrl Pts',(-76.6639751697204,34.3535543339243,24.2012141520036));
#4955=CARTESIAN_POINT('Ctrl Pts',(-76.1874001939661,18.5805850125606,37.6912355704414));
#4956=CARTESIAN_POINT('Ctrl Pts',(-75.710825218212,-1.72504608963353,41.9868043925796));
#4957=CARTESIAN_POINT('Ctrl Pts',(-75.2342502424577,-21.6098283172793,36.040008714443));
#4958=CARTESIAN_POINT('Ctrl Pts',(-74.7576752667035,-36.2230818677314,21.3015435674012));
#4959=CARTESIAN_POINT('Ctrl Pts',(-74.2811002909493,-41.9999901240631,1.36673094218259));
#4960=CARTESIAN_POINT('Ctrl Pts',(-73.804525315195,-37.5313361023448,-18.901483149458));
#4961=CARTESIAN_POINT('Ctrl Pts',(-73.3279503394409,-23.9072055628938,-34.5588300718188));
#4962=CARTESIAN_POINT('Ctrl Pts',(-72.8513753636866,-4.45110158040971,-41.7858218967212));
#4963=CARTESIAN_POINT('Ctrl Pts',(-72.3748003879324,16.090814221117,-38.8194915251389));
#4964=CARTESIAN_POINT('Ctrl Pts',(-71.8982254121782,32.7075022065833,-26.3834515627369));
#4965=CARTESIAN_POINT('Ctrl Pts',(-71.421650436424,41.3454525706941,-7.51137626952577));
#4966=CARTESIAN_POINT('Ctrl Pts',(-70.9450754606698,39.8975050613891,13.1930401847454));
#4967=CARTESIAN_POINT('Ctrl Pts',(-70.4685004849155,28.7168751979292,30.679118291204));
#4968=CARTESIAN_POINT('Ctrl Pts',(-69.9919255091613,10.5309895918214,40.6812669214583));
#4969=CARTESIAN_POINT('Ctrl Pts',(-69.5153505334071,-10.2238480434874,40.7595406158895));
#4970=CARTESIAN_POINT('Ctrl Pts',(-69.0387755576529,-28.4846584083038,30.8948451283799));
#4971=CARTESIAN_POINT('Ctrl Pts',(-68.5622005818987,-39.7968605064084,13.4935952919112));
#4972=CARTESIAN_POINT('Ctrl Pts',(-68.0856256061443,-41.4009316590465,-7.19931093027034));
#4973=CARTESIAN_POINT('Ctrl Pts',(-67.6090506303903,-32.9055713295121,-26.1360019048555));
#4974=CARTESIAN_POINT('Ctrl Pts',(-67.1324756546359,-16.383155818567,-38.6970208868916));
#4975=CARTESIAN_POINT('Ctrl Pts',(-66.6559006788819,4.13580163037552,-41.8182061424302));
#4976=CARTESIAN_POINT('Ctrl Pts',(-66.1793257031275,23.6458628174034,-34.738169089859));
#4977=CARTESIAN_POINT('Ctrl Pts',(-65.7027507273733,37.3877018467584,-19.1840290532037));
#4978=CARTESIAN_POINT('Ctrl Pts',(-65.2261757516192,42.0091052259375,1.04990390594451));
#4979=CARTESIAN_POINT('Ctrl Pts',(-64.7496007758648,36.3827179678712,21.0277210692513));
#4980=CARTESIAN_POINT('Ctrl Pts',(-64.2730258001107,21.881052968371,35.8759911513418));
#4981=CARTESIAN_POINT('Ctrl Pts',(-63.7964508243564,2.04167728599687,41.9725955113054));
#4982=CARTESIAN_POINT('Ctrl Pts',(-63.3198758486022,-18.295749503709,37.8303154915917));
#4983=CARTESIAN_POINT('Ctrl Pts',(-62.843300872848,-34.1700721768826,24.4596277061294));
#4984=CARTESIAN_POINT('Ctrl Pts',(-62.3667258970938,-41.7088746373473,5.12220622211442));
#4985=CARTESIAN_POINT('Ctrl Pts',(-61.8901509213395,-39.0731253500352,-15.464737161564));
#4986=CARTESIAN_POINT('Ctrl Pts',(-61.4135759455853,-26.9057946120617,-32.2791796114674));
#4987=CARTESIAN_POINT('Ctrl Pts',(-60.9370009698311,-8.17500700847547,-41.2193702099777));
#4988=CARTESIAN_POINT('Ctrl Pts',(-60.4604259940768,12.5500092231758,-40.1044198137066));
#4989=CARTESIAN_POINT('Ctrl Pts',(-59.9838510183227,30.2135494647282,-29.2063117979358));
#4990=CARTESIAN_POINT('Ctrl Pts',(-59.5072760425684,40.5067320741036,-11.1835538525377));
#4991=CARTESIAN_POINT('Ctrl Pts',(-59.0307010668143,40.9186161539746,9.56734404835081));
#4992=CARTESIAN_POINT('Ctrl Pts',(-58.5541260910599,31.3487258242997,27.9843636570265));
#4993=CARTESIAN_POINT('Ctrl Pts',(-58.0775511153059,14.1315605225834,39.574817969163));
#4994=CARTESIAN_POINT('Ctrl Pts',(-57.6009761395515,-6.53288776300707,41.5113068641758));
#4995=CARTESIAN_POINT('Ctrl Pts',(-57.1244011637974,-25.6036894881215,33.3214391149554));
#4996=CARTESIAN_POINT('Ctrl Pts',(-56.6478261880431,-38.4286726459415,17.0030685103275));
#4997=CARTESIAN_POINT('Ctrl Pts',(-56.1712512122889,-41.8792835188665,-3.46306685500218));
#4998=CARTESIAN_POINT('Ctrl Pts',(-55.6946762365347,-35.1137727383683,-23.0844143129959));
#4999=CARTESIAN_POINT('Ctrl Pts',(-55.2181012607805,-19.7825334194572,-37.0745005577132));
#5000=CARTESIAN_POINT('Ctrl Pts',(-54.7415262850263,0.374499252270651,-42.020554142061));
#5001=CARTESIAN_POINT('Ctrl Pts',(-54.264951309272,20.4401757784577,-36.7160242161588));
#5002=CARTESIAN_POINT('Ctrl Pts',(-53.7883763335178,35.5196322735392,-22.4549091124494));
#5003=CARTESIAN_POINT('Ctrl Pts',(-53.3118013577635,41.9343539904391,-2.71609563536405));
#5004=CARTESIAN_POINT('Ctrl Pts',(-52.8352263820093,38.1195200457379,17.6852879981694));
#5005=CARTESIAN_POINT('Ctrl Pts',(-52.3586514062552,25.0057291601522,33.772484795546));
#5006=CARTESIAN_POINT('Ctrl Pts',(-51.8820764305009,5.79198742373019,41.6211496931361));
#5007=CARTESIAN_POINT('Ctrl Pts',(-51.4055014547468,-14.8346640657436,39.316662652788));
#5008=CARTESIAN_POINT('Ctrl Pts',(-50.9289264789924,-31.8425159949896,27.4211851531769));
#5009=CARTESIAN_POINT('Ctrl Pts',(-50.4523515032383,-41.0826367257198,8.83652532134447));
#5010=CARTESIAN_POINT('Ctrl Pts',(-49.975776527484,-40.3009715193964,-11.903735325542));
#5011=CARTESIAN_POINT('Ctrl Pts',(-49.4992015517298,-29.6882014512183,-29.74017341342));
#5012=CARTESIAN_POINT('Ctrl Pts',(-49.0226265759756,-11.8332282655812,-40.3217302327043));
#5013=CARTESIAN_POINT('Ctrl Pts',(-48.5460516002214,8.90836783800001,-41.0671182638563));
#5014=CARTESIAN_POINT('Ctrl Pts',(-48.0694766244671,27.4768377064678,-31.7945059683338));
#5015=CARTESIAN_POINT('Ctrl Pts',(-47.5929016487129,39.3425492475515,-14.7658741347446));
#5016=CARTESIAN_POINT('Ctrl Pts',(-47.1163266729586,41.6109554836893,5.86477648118872));
#5017=CARTESIAN_POINT('Ctrl Pts',(-46.6397516972045,33.7286966081134,25.0647610572245));
#5018=CARTESIAN_POINT('Ctrl Pts',(-46.1631767214502,17.6185875588283,38.1503943543029));
#5019=CARTESIAN_POINT('Ctrl Pts',(-45.6866017456961,-2.78943716493714,41.9295392876157));
#5020=CARTESIAN_POINT('Ctrl Pts',(-45.2100267699417,-22.5170008701265,35.4803028267565));
#5021=CARTESIAN_POINT('Ctrl Pts',(-44.7334517941876,-36.7517189563456,20.3759261755902));
#5022=CARTESIAN_POINT('Ctrl Pts',(-44.2568768184333,-42.0211453060923,0.30100172871461));
#5023=CARTESIAN_POINT('Ctrl Pts',(-43.7803018426792,-37.0398421661252,-19.8473478378913));
#5024=CARTESIAN_POINT('Ctrl Pts',(-43.3037268669249,-23.0229645172872,-35.1540968193751));
#5025=CARTESIAN_POINT('Ctrl Pts',(-42.8271518911707,-3.38980888894051,-41.8852731128241));
#5026=CARTESIAN_POINT('Ctrl Pts',(-42.3505769154165,17.0702501385445,-38.3988813290129));
#5027=CARTESIAN_POINT('Ctrl Pts',(-41.8740019396623,33.3661833519138,-25.5453554831788));
#5028=CARTESIAN_POINT('Ctrl Pts',(-41.397426963908,41.5226444124493,-6.4602989715894));
#5029=CARTESIAN_POINT('Ctrl Pts',(-40.9208519881538,39.5500907984954,14.2008112270249));
#5030=CARTESIAN_POINT('Ctrl Pts',(-40.4442770123996,27.9293902149729,31.3975180139845));
#5031=CARTESIAN_POINT('Ctrl Pts',(-39.9677020366454,9.49595827826687,40.9354981225631));
#5032=CARTESIAN_POINT('Ctrl Pts',(-39.4911270608911,-11.2547791022693,40.4866910108621));
#5033=CARTESIAN_POINT('Ctrl Pts',(-39.0145520851369,-29.2583206444215,30.163256014977));
#5034=CARTESIAN_POINT('Ctrl Pts',(-38.5379771093827,-40.1280105546568,12.4781068206355));
#5035=CARTESIAN_POINT('Ctrl Pts',(-38.2202604588799,-40.8423890038263,-1.33566181286515));
#5036=CARTESIAN_POINT('Ctrl Pts',(-38.0614021336285,-39.5263287153527,-7.91110569695492));
#5037=CARTESIAN_POINT('Ctrl Pts',(-80.6461992887905,-37.8552095467509,-10.1448307611109));
#5038=CARTESIAN_POINT('Ctrl Pts',(-80.4873409635391,-36.1675555816266,-16.4422738625856));
#5039=CARTESIAN_POINT('Ctrl Pts',(-80.1696243130362,-29.5902142323946,-28.1722227405971));
#5040=CARTESIAN_POINT('Ctrl Pts',(-79.693049337282,-12.4942415227952,-38.898132045442));
#5041=CARTESIAN_POINT('Ctrl Pts',(-79.2164743615278,7.64500295381015,-40.133491433513));
#5042=CARTESIAN_POINT('Ctrl Pts',(-78.7398993857735,25.9215421404984,-31.579429472697));
#5043=CARTESIAN_POINT('Ctrl Pts',(-78.2633244100194,37.8736064580539,-15.3213972191043));
#5044=CARTESIAN_POINT('Ctrl Pts',(-77.7867494342651,40.587265980623,4.67395910857243));
#5045=CARTESIAN_POINT('Ctrl Pts',(-77.3101744585109,33.3996972953734,23.5292458824039));
#5046=CARTESIAN_POINT('Ctrl Pts',(-76.8335994827566,18.0646785179268,36.6447048391207));
#5047=CARTESIAN_POINT('Ctrl Pts',(-76.3570245070025,-1.67714864826756,40.8210033663791));
#5048=CARTESIAN_POINT('Ctrl Pts',(-75.8804495312482,-21.0098121838116,35.0393257677076));
#5049=CARTESIAN_POINT('Ctrl Pts',(-75.403874555494,-35.2173157318116,20.7100872346368));
#5050=CARTESIAN_POINT('Ctrl Pts',(-74.9272995797398,-40.833822984282,1.3287824400761));
#5051=CARTESIAN_POINT('Ctrl Pts',(-74.4507246039856,-36.4892451221958,-18.3766666321942));
#5052=CARTESIAN_POINT('Ctrl Pts',(-73.9741496282314,-23.2434007036764,-33.5992733695437));
#5053=CARTESIAN_POINT('Ctrl Pts',(-73.4975746524771,-4.32751277994644,-40.6256013285554));
#5054=CARTESIAN_POINT('Ctrl Pts',(-73.0209996767229,15.6440384304189,-37.7416337621751));
#5055=CARTESIAN_POINT('Ctrl Pts',(-72.5444247009687,31.7993492716667,-25.6508915274705));
#5056=CARTESIAN_POINT('Ctrl Pts',(-72.0678497252145,40.1974592491506,-7.30281621619773));
#5057=CARTESIAN_POINT('Ctrl Pts',(-71.5912747494603,38.7897152922866,12.8267236715316));
#5058=CARTESIAN_POINT('Ctrl Pts',(-71.1146997737059,27.9195255767961,29.8272852426015));
#5059=CARTESIAN_POINT('Ctrl Pts',(-70.6381247979519,10.2385872846998,39.5517153061286));
#5060=CARTESIAN_POINT('Ctrl Pts',(-70.1615498221975,-9.93997379505989,39.627815661707));
#5061=CARTESIAN_POINT('Ctrl Pts',(-69.6849748464434,-27.6937564931955,30.0370222319717));
#5062=CARTESIAN_POINT('Ctrl Pts',(-69.208399870689,-38.6918652230301,13.1189335984096));
#5063=CARTESIAN_POINT('Ctrl Pts',(-68.731824894935,-40.2513979111936,-6.99941564907743));
#5064=CARTESIAN_POINT('Ctrl Pts',(-68.2552499191807,-31.9919188289556,-25.4103125297708));
#5065=CARTESIAN_POINT('Ctrl Pts',(-67.7786749434265,-15.9282629029952,-37.6225636302967));
#5066=CARTESIAN_POINT('Ctrl Pts',(-67.3020999676723,4.02096741389715,-40.657086396834));
#5067=CARTESIAN_POINT('Ctrl Pts',(-66.825524991918,22.989314372321,-33.7736328799911));
#5068=CARTESIAN_POINT('Ctrl Pts',(-66.3489500161638,36.3495989996665,-18.6513673972279));
#5069=CARTESIAN_POINT('Ctrl Pts',(-65.8723750404096,40.8426849972331,1.02075238873166));
#5070=CARTESIAN_POINT('Ctrl Pts',(-65.3958000646553,35.3725193934257,20.4438676620718));
#5071=CARTESIAN_POINT('Ctrl Pts',(-64.9192250889013,21.2735060408563,34.8798622983542));
#5072=CARTESIAN_POINT('Ctrl Pts',(-64.4426501131469,1.98498829740583,40.807189007351));
#5073=CARTESIAN_POINT('Ctrl Pts',(-63.9660751373928,-17.7877517207127,36.7799230823666));
#5074=CARTESIAN_POINT('Ctrl Pts',(-63.4895001616384,-33.2213096838696,23.7804843540021));
#5075=CARTESIAN_POINT('Ctrl Pts',(-63.0129251858843,-40.5507905783834,4.97998360344793));
#5076=CARTESIAN_POINT('Ctrl Pts',(-62.53635021013,-37.9882252179837,-15.0353449581398));
#5077=CARTESIAN_POINT('Ctrl Pts',(-62.0597752343758,-26.1587312567227,-31.3829194349581));
#5078=CARTESIAN_POINT('Ctrl Pts',(-61.5832002586216,-7.94802065651198,-40.0748776774948));
#5079=CARTESIAN_POINT('Ctrl Pts',(-61.1066252828674,12.201547037428,-38.9908848721845));
#5080=CARTESIAN_POINT('Ctrl Pts',(-60.6300503071131,29.3746433493259,-28.3953725336087));
#5081=CARTESIAN_POINT('Ctrl Pts',(-60.153475331359,39.3820265742879,-10.873032517407));
#5082=CARTESIAN_POINT('Ctrl Pts',(-59.6769003556047,39.7824743257712,9.30169821816825));
#5083=CARTESIAN_POINT('Ctrl Pts',(-59.2003253798505,30.478300526048,27.2073528713546));
#5084=CARTESIAN_POINT('Ctrl Pts',(-58.7237504040963,13.7391851561467,38.4759878946289));
#5085=CARTESIAN_POINT('Ctrl Pts',(-58.2471754283421,-6.35149631470928,40.3587084504292));
#5086=CARTESIAN_POINT('Ctrl Pts',(-57.7706004525878,-24.8927802414762,32.3962396748771));
#5087=CARTESIAN_POINT('Ctrl Pts',(-57.2940254768336,-37.3616663173037,16.5309631666448));
#5088=CARTESIAN_POINT('Ctrl Pts',(-56.8174505010794,-40.7164679055053,-3.36691171884051));
#5089=CARTESIAN_POINT('Ctrl Pts',(-56.3408755253252,-34.1388075586083,-22.443454985782));
#5090=CARTESIAN_POINT('Ctrl Pts',(-55.8643005495709,-19.233253756599,-36.0450940234143));
#5091=CARTESIAN_POINT('Ctrl Pts',(-55.3877255738167,0.364100946923907,-40.8538160240016));
#5092=CARTESIAN_POINT('Ctrl Pts',(-54.9111505980625,19.8726360896679,-35.6965710968173));
#5093=CARTESIAN_POINT('Ctrl Pts',(-54.4345756223083,34.5333980422417,-21.8314285578979));
#5094=CARTESIAN_POINT('Ctrl Pts',(-53.9580006465541,40.7700092963773,-2.64068082052462));
#5095=CARTESIAN_POINT('Ctrl Pts',(-53.4814256707999,37.0610976144408,17.1942402226793));
#5096=CARTESIAN_POINT('Ctrl Pts',(-53.0048506950456,24.3114228146817,32.8347616703503));
#5097=CARTESIAN_POINT('Ctrl Pts',(-52.5282757192914,5.63116773335344,40.4655013953943));
#5098=CARTESIAN_POINT('Ctrl Pts',(-52.0517007435372,-14.4227664030999,38.2250004905803));
#5099=CARTESIAN_POINT('Ctrl Pts',(-51.5751257677829,-30.9583801727758,26.6598115203491));
#5100=CARTESIAN_POINT('Ctrl Pts',(-51.0985507920287,-39.9419407202308,8.59117132413744));
#5101=CARTESIAN_POINT('Ctrl Pts',(-50.6219758162745,-39.1819791446756,-11.5732175102688));
#5102=CARTESIAN_POINT('Ctrl Pts',(-50.1454008405203,-28.863882091396,-28.9144110057701));
#5103=CARTESIAN_POINT('Ctrl Pts',(-49.6688258647661,-11.5046681416362,-39.2021614738165));
#5104=CARTESIAN_POINT('Ctrl Pts',(-49.1922508890119,8.66101906932002,-39.9268531422849));
#5105=CARTESIAN_POINT('Ctrl Pts',(-48.7156759132576,26.7139188309221,-30.911703187278));
#5106=CARTESIAN_POINT('Ctrl Pts',(-48.2391009375034,38.2501683209802,-14.3558864858138));
#5107=CARTESIAN_POINT('Ctrl Pts',(-47.7625259617492,40.4555902372539,5.70193573779046));
#5108=CARTESIAN_POINT('Ctrl Pts',(-47.285950985995,32.7921893009489,24.3688156385455));
#5109=CARTESIAN_POINT('Ctrl Pts',(-46.8093760102407,17.1293917804538,37.0911146703255));
#5110=CARTESIAN_POINT('Ctrl Pts',(-46.3328010344866,-2.71198595719574,40.7653282780668));
#5111=CARTESIAN_POINT('Ctrl Pts',(-45.8562260587323,-21.8917962826112,34.495160612584));
#5112=CARTESIAN_POINT('Ctrl Pts',(-45.3796510829781,-35.7312747407455,19.8101704342581));
#5113=CARTESIAN_POINT('Ctrl Pts',(-44.9030761072239,-40.854390773837,0.292644147581699));
#5114=CARTESIAN_POINT('Ctrl Pts',(-44.4265011314696,-36.0113979529428,-19.296268544968));
#5115=CARTESIAN_POINT('Ctrl Pts',(-43.9499261557154,-22.3837113983912,-34.1780120055849));
#5116=CARTESIAN_POINT('Ctrl Pts',(-43.4733511799612,-3.29568782546542,-40.7222911930511));
#5117=CARTESIAN_POINT('Ctrl Pts',(-42.996776204207,16.5962794371083,-37.3327021828281));
#5118=CARTESIAN_POINT('Ctrl Pts',(-42.5202012284528,32.4397415482378,-24.8360659321453));
#5119=CARTESIAN_POINT('Ctrl Pts',(-42.0436262526986,40.3697312015753,-6.28092301574811));
#5120=CARTESIAN_POINT('Ctrl Pts',(-41.5670512769443,38.4519472958821,13.8065130530903));
#5121=CARTESIAN_POINT('Ctrl Pts',(-41.0904763011901,27.1539058158906,30.5257379571217));
#5122=CARTESIAN_POINT('Ctrl Pts',(-40.6139013254359,9.2322945375818,39.7988875514632));
#5123=CARTESIAN_POINT('Ctrl Pts',(-40.1373263496816,-10.9422801346316,39.3625419690202));
#5124=CARTESIAN_POINT('Ctrl Pts',(-39.6607513739275,-28.4459373081418,29.3257463420088));
#5125=CARTESIAN_POINT('Ctrl Pts',(-39.1841763981732,-39.0138205951973,12.1316410691456));
#5126=CARTESIAN_POINT('Ctrl Pts',(-38.8664597476704,-39.7083636903506,-1.29857597281085));
#5127=CARTESIAN_POINT('Ctrl Pts',(-38.707601422419,-38.4288449881453,-7.69144679999156));
#5128=CARTESIAN_POINT('Ctrl Pts',(-81.292398577581,-36.774108189674,-9.85510603274534));
#5129=CARTESIAN_POINT('Ctrl Pts',(-81.1335402523296,-35.1346516857133,-15.9727013836823));
#5130=CARTESIAN_POINT('Ctrl Pts',(-80.8158236018268,-28.7451516598752,-27.3676563783605));
#5131=CARTESIAN_POINT('Ctrl Pts',(-80.3392486260725,-12.137420318325,-37.7872460182454));
#5132=CARTESIAN_POINT('Ctrl Pts',(-79.8626736503183,7.42667043981326,-38.9873249594001));
#5133=CARTESIAN_POINT('Ctrl Pts',(-79.3860986745641,25.181252634215,-30.6775571949465));
#5134=CARTESIAN_POINT('Ctrl Pts',(-78.9095236988099,36.7919797062951,-14.8838356912667));
#5135=CARTESIAN_POINT('Ctrl Pts',(-78.4329487230556,39.4281402260157,4.54047619840759));
#5136=CARTESIAN_POINT('Ctrl Pts',(-77.9563737473015,32.4458402568225,22.8572776128042));
#5137=CARTESIAN_POINT('Ctrl Pts',(-77.4797987715472,17.5487720232931,35.5981741078001));
#5138=CARTESIAN_POINT('Ctrl Pts',(-77.0032237957929,-1.6292512069016,39.6552023401787));
#5139=CARTESIAN_POINT('Ctrl Pts',(-76.5266488200388,-20.4097960503439,34.0386428209721));
#5140=CARTESIAN_POINT('Ctrl Pts',(-76.0500738442845,-34.2115495958918,20.1186309018724));
#5141=CARTESIAN_POINT('Ctrl Pts',(-75.5734988685304,-39.667655844501,1.29083393796962));
#5142=CARTESIAN_POINT('Ctrl Pts',(-75.096923892776,-35.4471541420468,-17.8518501149304));
#5143=CARTESIAN_POINT('Ctrl Pts',(-74.620348917022,-22.5795958444589,-32.6397166672687));
#5144=CARTESIAN_POINT('Ctrl Pts',(-74.1437739412676,-4.20392397948319,-39.4653807603895));
#5145=CARTESIAN_POINT('Ctrl Pts',(-73.6671989655135,15.1972626397209,-36.6637759992113));
#5146=CARTESIAN_POINT('Ctrl Pts',(-73.1906239897592,30.8911963367502,-24.9183314922042));
#5147=CARTESIAN_POINT('Ctrl Pts',(-72.7140490140049,39.049465927607,-7.09425616286968));
#5148=CARTESIAN_POINT('Ctrl Pts',(-72.2374740382509,37.6819255231842,12.4604071583178));
#5149=CARTESIAN_POINT('Ctrl Pts',(-71.7608990624964,27.1221759556629,28.9754521939989));
#5150=CARTESIAN_POINT('Ctrl Pts',(-71.2843240867425,9.94618497757831,38.4221636907989));
#5151=CARTESIAN_POINT('Ctrl Pts',(-70.807749110988,-9.65609954663244,38.4960907075245));
#5152=CARTESIAN_POINT('Ctrl Pts',(-70.3311741352339,-26.9028545780871,29.1791993355634));
#5153=CARTESIAN_POINT('Ctrl Pts',(-69.8545991594797,-37.5868699396519,12.7442719049081));
#5154=CARTESIAN_POINT('Ctrl Pts',(-69.3780241837254,-39.1018641633406,-6.79952036788456));
#5155=CARTESIAN_POINT('Ctrl Pts',(-68.9014492079713,-31.0782663283991,-24.684623154686));
#5156=CARTESIAN_POINT('Ctrl Pts',(-68.424874232217,-15.4733699874233,-36.5481063737018));
#5157=CARTESIAN_POINT('Ctrl Pts',(-67.9482992564628,3.90613319741874,-39.4959666512379));
#5158=CARTESIAN_POINT('Ctrl Pts',(-67.4717242807086,22.3327659272387,-32.8090966701233));
#5159=CARTESIAN_POINT('Ctrl Pts',(-66.9951493049543,35.3114961525746,-18.1187057412521));
#5160=CARTESIAN_POINT('Ctrl Pts',(-66.5185743292001,39.6762647685287,0.991600871518836));
#5161=CARTESIAN_POINT('Ctrl Pts',(-66.0419993534459,34.3623208189802,19.8600142548922));
#5162=CARTESIAN_POINT('Ctrl Pts',(-65.5654243776917,20.6659591133417,33.8837334453666));
#5163=CARTESIAN_POINT('Ctrl Pts',(-65.0888494019375,1.92829930881476,39.6417825033966));
#5164=CARTESIAN_POINT('Ctrl Pts',(-64.6122744261832,-17.2797539377164,35.7295306731415));
#5165=CARTESIAN_POINT('Ctrl Pts',(-64.135699450429,-32.2725471908566,23.1013410018749));
#5166=CARTESIAN_POINT('Ctrl Pts',(-63.6591244746748,-39.3927065194194,4.8377609847814));
#5167=CARTESIAN_POINT('Ctrl Pts',(-63.1825494989206,-36.9033250859322,-14.6059527547156));
#5168=CARTESIAN_POINT('Ctrl Pts',(-62.7059745231664,-25.4116679013838,-30.4866592584487));
#5169=CARTESIAN_POINT('Ctrl Pts',(-62.2293995474122,-7.72103430454851,-38.9303851450119));
#5170=CARTESIAN_POINT('Ctrl Pts',(-61.7528245716578,11.8530848516802,-37.8773499306624));
#5171=CARTESIAN_POINT('Ctrl Pts',(-61.2762495959037,28.5357372339235,-27.5844332692816));
#5172=CARTESIAN_POINT('Ctrl Pts',(-60.7996746201494,38.2573210744724,-10.5625111822763));
#5173=CARTESIAN_POINT('Ctrl Pts',(-60.3230996443953,38.6463324975677,9.03605238798568));
#5174=CARTESIAN_POINT('Ctrl Pts',(-59.8465246686409,29.6078752277964,26.4303420856828));
#5175=CARTESIAN_POINT('Ctrl Pts',(-59.3699496928869,13.3468097897101,37.3771578200948));
#5176=CARTESIAN_POINT('Ctrl Pts',(-58.8933747171325,-6.17010486641147,39.2061100366826));
#5177=CARTESIAN_POINT('Ctrl Pts',(-58.4167997413784,-24.181870994831,31.4710402347988));
#5178=CARTESIAN_POINT('Ctrl Pts',(-57.9402247656241,-36.2946599886658,16.0588578229622));
#5179=CARTESIAN_POINT('Ctrl Pts',(-57.4636497898699,-39.5536522921442,-3.27075658267883));
#5180=CARTESIAN_POINT('Ctrl Pts',(-56.9870748141156,-33.1638423788483,-21.8024956585682));
#5181=CARTESIAN_POINT('Ctrl Pts',(-56.5104998383615,-18.6839740937408,-35.0156874891154));
#5182=CARTESIAN_POINT('Ctrl Pts',(-56.0339248626072,0.353702641577141,-39.6870779059422));
#5183=CARTESIAN_POINT('Ctrl Pts',(-55.5573498868531,19.3050964008781,-34.6771179774757));
#5184=CARTESIAN_POINT('Ctrl Pts',(-55.0807749110988,33.5471638109442,-21.2079480033464));
#5185=CARTESIAN_POINT('Ctrl Pts',(-54.6041999353446,39.6056646023156,-2.56526600568518));
#5186=CARTESIAN_POINT('Ctrl Pts',(-54.1276249595904,36.0026751831437,16.7031924471891));
#5187=CARTESIAN_POINT('Ctrl Pts',(-53.6510499838361,23.6171164692112,31.8970385451548));
#5188=CARTESIAN_POINT('Ctrl Pts',(-53.1744750080819,5.47034804297667,39.3098530976526));
#5189=CARTESIAN_POINT('Ctrl Pts',(-52.6979000323277,-14.0108687404562,37.1333383283725));
#5190=CARTESIAN_POINT('Ctrl Pts',(-52.2213250565734,-30.074244350562,25.8984378875214));
#5191=CARTESIAN_POINT('Ctrl Pts',(-51.7447500808193,-38.8012447147418,8.34581732693039));
#5192=CARTESIAN_POINT('Ctrl Pts',(-51.268175105065,-38.0629867699549,-11.2426996949957));
#5193=CARTESIAN_POINT('Ctrl Pts',(-50.7916001293108,-28.0395627315737,-28.0886485981201));
#5194=CARTESIAN_POINT('Ctrl Pts',(-50.3150251535566,-11.1761080176913,-38.0825927149287));
#5195=CARTESIAN_POINT('Ctrl Pts',(-49.8384501778023,8.41367030064007,-38.7865880207135));
#5196=CARTESIAN_POINT('Ctrl Pts',(-49.3618752020482,25.9509999553764,-30.0289004062221));
#5197=CARTESIAN_POINT('Ctrl Pts',(-48.8853002262939,37.1577873944088,-13.945898836883));
#5198=CARTESIAN_POINT('Ctrl Pts',(-48.4087252505397,39.3002249908185,5.53909499439216));
#5199=CARTESIAN_POINT('Ctrl Pts',(-47.9321502747855,31.8556819937842,23.6728702198667));
#5200=CARTESIAN_POINT('Ctrl Pts',(-47.4555752990313,16.6401960020793,36.0318349863479));
#5201=CARTESIAN_POINT('Ctrl Pts',(-46.979000323277,-2.63453474945441,39.601117268518));
#5202=CARTESIAN_POINT('Ctrl Pts',(-46.5024253475228,-21.2665916950959,33.5100183984115));
#5203=CARTESIAN_POINT('Ctrl Pts',(-46.0258503717686,-34.7108305251455,19.244414692926));
#5204=CARTESIAN_POINT('Ctrl Pts',(-45.5492753960144,-39.6876362415817,0.284286566448755));
#5205=CARTESIAN_POINT('Ctrl Pts',(-45.0727004202602,-34.9829537397604,-18.7451892520447));
#5206=CARTESIAN_POINT('Ctrl Pts',(-44.5961254445059,-21.7444582794953,-33.2019271917947));
#5207=CARTESIAN_POINT('Ctrl Pts',(-44.1195504687518,-3.20156676199033,-39.5593092732781));
#5208=CARTESIAN_POINT('Ctrl Pts',(-43.6429754929975,16.1223087356722,-36.2665230366432));
#5209=CARTESIAN_POINT('Ctrl Pts',(-43.1664005172433,31.5132997445617,-24.1267763811117));
#5210=CARTESIAN_POINT('Ctrl Pts',(-42.6898255414891,39.2168179907012,-6.10154705990679));
#5211=CARTESIAN_POINT('Ctrl Pts',(-42.2132505657349,37.3538037932687,13.4122148791556));
#5212=CARTESIAN_POINT('Ctrl Pts',(-41.7366755899806,26.3784214168082,29.6539579002589));
#5213=CARTESIAN_POINT('Ctrl Pts',(-41.2601006142264,8.9686307968967,38.6622769803632));
#5214=CARTESIAN_POINT('Ctrl Pts',(-40.7835256384722,-10.629781166994,38.2383929271783));
#5215=CARTESIAN_POINT('Ctrl Pts',(-40.306950662718,-27.6335539718621,28.4882366690407));
#5216=CARTESIAN_POINT('Ctrl Pts',(-39.8303756869637,-37.8996306357379,11.7851753176557));
#5217=CARTESIAN_POINT('Ctrl Pts',(-39.5126590364609,-38.5743383768749,-1.26149013275651));
#5218=CARTESIAN_POINT('Ctrl Pts',(-39.3538007112095,-37.331361260938,-7.47178790302821));
#5219=CARTESIAN_POINT('Ctrl Pts',(-81.9385978663715,-35.693006832597,-9.5653813043798));
#5220=CARTESIAN_POINT('Ctrl Pts',(-81.7797395411201,-34.1017477898001,-15.503128904779));
#5221=CARTESIAN_POINT('Ctrl Pts',(-81.4620228906173,-27.9000890873557,-26.5630900161239));
#5222=CARTESIAN_POINT('Ctrl Pts',(-80.985447914863,-11.7805991138549,-36.6763599910488));
#5223=CARTESIAN_POINT('Ctrl Pts',(-80.5088729391089,7.20833792581637,-37.8411584852871));
#5224=CARTESIAN_POINT('Ctrl Pts',(-80.0322979633545,24.4409631279315,-29.7756849171961));
#5225=CARTESIAN_POINT('Ctrl Pts',(-79.5557229876004,35.7103529545363,-14.4462741634291));
#5226=CARTESIAN_POINT('Ctrl Pts',(-79.0791480118461,38.2690144714084,4.40699328824276));
#5227=CARTESIAN_POINT('Ctrl Pts',(-78.602573036092,31.4919832182716,22.1853093432045));
#5228=CARTESIAN_POINT('Ctrl Pts',(-78.1259980603377,17.0328655286594,34.5516433764795));
#5229=CARTESIAN_POINT('Ctrl Pts',(-77.6494230845834,-1.58135376553563,38.4894013139782));
#5230=CARTESIAN_POINT('Ctrl Pts',(-77.1728481088293,-19.8097799168762,33.0379598742367));
#5231=CARTESIAN_POINT('Ctrl Pts',(-76.696273133075,-33.2057834599721,19.5271745691081));
#5232=CARTESIAN_POINT('Ctrl Pts',(-76.2196981573209,-38.5014887047199,1.25288543586313));
#5233=CARTESIAN_POINT('Ctrl Pts',(-75.7431231815665,-34.4050631618978,-17.3270335976667));
#5234=CARTESIAN_POINT('Ctrl Pts',(-75.2665482058125,-21.9157909852415,-31.6801599649936));
#5235=CARTESIAN_POINT('Ctrl Pts',(-74.7899732300581,-4.08033517901994,-38.3051601922237));
#5236=CARTESIAN_POINT('Ctrl Pts',(-74.3133982543039,14.7504868490228,-35.5859182362474));
#5237=CARTESIAN_POINT('Ctrl Pts',(-73.8368232785498,29.9830434018337,-24.1857714569379));
#5238=CARTESIAN_POINT('Ctrl Pts',(-73.3602483027954,37.9014726060634,-6.88569610954162));
#5239=CARTESIAN_POINT('Ctrl Pts',(-72.8836733270414,36.5741357540818,12.094090645104));
#5240=CARTESIAN_POINT('Ctrl Pts',(-72.407098351287,26.3248263345297,28.1236191453964));
#5241=CARTESIAN_POINT('Ctrl Pts',(-71.9305233755328,9.65378267045677,37.2926120754692));
#5242=CARTESIAN_POINT('Ctrl Pts',(-71.4539483997786,-9.37222529820497,37.364365753342));
#5243=CARTESIAN_POINT('Ctrl Pts',(-70.9773734240244,-26.1119526629788,28.3213764391552));
#5244=CARTESIAN_POINT('Ctrl Pts',(-70.5007984482702,-36.4818746562736,12.3696102114065));
#5245=CARTESIAN_POINT('Ctrl Pts',(-70.0242234725159,-37.9523304154877,-6.59962508669168));
#5246=CARTESIAN_POINT('Ctrl Pts',(-69.5476484967617,-30.1646138278426,-23.9589337796012));
#5247=CARTESIAN_POINT('Ctrl Pts',(-69.0710735210075,-15.0184770718514,-35.4736491171069));
#5248=CARTESIAN_POINT('Ctrl Pts',(-68.5944985452533,3.79129898094036,-38.3348469056418));
#5249=CARTESIAN_POINT('Ctrl Pts',(-68.1179235694991,21.6762174821564,-31.8445604602554));
#5250=CARTESIAN_POINT('Ctrl Pts',(-67.6413485937448,34.2733933054828,-17.5860440852763));
#5251=CARTESIAN_POINT('Ctrl Pts',(-67.1647736179907,38.5098445398243,0.962449354306032));
#5252=CARTESIAN_POINT('Ctrl Pts',(-66.6881986422364,33.3521222445347,19.2761608477126));
#5253=CARTESIAN_POINT('Ctrl Pts',(-66.2116236664822,20.0584121858269,32.8876045923792));
#5254=CARTESIAN_POINT('Ctrl Pts',(-65.7350486907279,1.87161032022375,38.476375999442));
#5255=CARTESIAN_POINT('Ctrl Pts',(-65.2584737149738,-16.7717561547201,34.6791382639164));
#5256=CARTESIAN_POINT('Ctrl Pts',(-64.7818987392195,-31.3237846978436,22.4221976497477));
#5257=CARTESIAN_POINT('Ctrl Pts',(-64.3053237634653,-38.2346224604555,4.6955383661149));
#5258=CARTESIAN_POINT('Ctrl Pts',(-63.828748787711,-35.8184249538807,-14.1765605512914));
#5259=CARTESIAN_POINT('Ctrl Pts',(-63.3521738119569,-24.6646045460449,-29.5903990819393));
#5260=CARTESIAN_POINT('Ctrl Pts',(-62.8755988362026,-7.49404795258498,-37.785892612529));
#5261=CARTESIAN_POINT('Ctrl Pts',(-62.3990238604484,11.5046226659324,-36.7638149891402));
#5262=CARTESIAN_POINT('Ctrl Pts',(-61.9224488846942,27.6968311185212,-26.7734940049545));
#5263=CARTESIAN_POINT('Ctrl Pts',(-61.4458739089399,37.1326155746567,-10.2519898471456));
#5264=CARTESIAN_POINT('Ctrl Pts',(-60.9692989331858,37.5101906693643,8.77040655780312));
#5265=CARTESIAN_POINT('Ctrl Pts',(-60.4927239574315,28.7374499295447,25.653331300011));
#5266=CARTESIAN_POINT('Ctrl Pts',(-60.0161489816773,12.9544344232735,36.2783277455608));
#5267=CARTESIAN_POINT('Ctrl Pts',(-59.5395740059231,-5.9887134181137,38.0535116229359));
#5268=CARTESIAN_POINT('Ctrl Pts',(-59.0629990301689,-23.4709617481858,30.5458407947206));
#5269=CARTESIAN_POINT('Ctrl Pts',(-58.5864240544146,-35.2276536600281,15.5867524792795));
#5270=CARTESIAN_POINT('Ctrl Pts',(-58.1098490786604,-38.3908366787829,-3.17460144651715));
#5271=CARTESIAN_POINT('Ctrl Pts',(-57.6332741029061,-32.1888771990883,-21.1615363313544));
#5272=CARTESIAN_POINT('Ctrl Pts',(-57.156699127152,-18.1346944308827,-33.9862809548165));
#5273=CARTESIAN_POINT('Ctrl Pts',(-56.6801241513977,0.343304336230381,-38.5203397878828));
#5274=CARTESIAN_POINT('Ctrl Pts',(-56.2035491756436,18.7375567120883,-33.6576648581342));
#5275=CARTESIAN_POINT('Ctrl Pts',(-55.7269741998893,32.5609295796467,-20.5844674487948));
#5276=CARTESIAN_POINT('Ctrl Pts',(-55.2503992241351,38.441319908254,-2.48985119084575));
#5277=CARTESIAN_POINT('Ctrl Pts',(-54.7738242483808,34.9442527518466,16.212144671699));
#5278=CARTESIAN_POINT('Ctrl Pts',(-54.2972492726267,22.9228101237407,30.9593154199592));
#5279=CARTESIAN_POINT('Ctrl Pts',(-53.8206742968725,5.30952835259989,38.1542047999108));
#5280=CARTESIAN_POINT('Ctrl Pts',(-53.3440993211182,-13.5989710778125,36.0416761661648));
#5281=CARTESIAN_POINT('Ctrl Pts',(-52.867524345364,-29.1901085283482,25.1370642546937));
#5282=CARTESIAN_POINT('Ctrl Pts',(-52.3909493696097,-37.6605487092527,8.10046332972335));
#5283=CARTESIAN_POINT('Ctrl Pts',(-51.9143743938556,-36.9439943952342,-10.9121818797226));
#5284=CARTESIAN_POINT('Ctrl Pts',(-51.4377994181013,-27.2152433717513,-27.2628861904702));
#5285=CARTESIAN_POINT('Ctrl Pts',(-50.9612244423471,-10.8475478937464,-36.963023956041));
#5286=CARTESIAN_POINT('Ctrl Pts',(-50.4846494665929,8.16632153196009,-37.6463228991422));
#5287=CARTESIAN_POINT('Ctrl Pts',(-50.0080744908387,25.1880810798308,-29.1460976251661));
#5288=CARTESIAN_POINT('Ctrl Pts',(-49.5314995150844,36.0654064678374,-13.5359111879522));
#5289=CARTESIAN_POINT('Ctrl Pts',(-49.0549245393302,38.1448597443832,5.37625425099387));
#5290=CARTESIAN_POINT('Ctrl Pts',(-48.578349563576,30.9191746866196,22.9769248011879));
#5291=CARTESIAN_POINT('Ctrl Pts',(-48.1017745878217,16.1510002237049,34.9725553023704));
#5292=CARTESIAN_POINT('Ctrl Pts',(-47.6251996120676,-2.55708354171305,38.4369062589692));
#5293=CARTESIAN_POINT('Ctrl Pts',(-47.1486246363133,-20.6413871075805,32.5248761842389));
#5294=CARTESIAN_POINT('Ctrl Pts',(-46.6720496605591,-33.6903863095455,18.678658951594));
#5295=CARTESIAN_POINT('Ctrl Pts',(-46.1954746848049,-38.5208817093264,0.27592898531583));
#5296=CARTESIAN_POINT('Ctrl Pts',(-45.7188997090507,-33.9545095265779,-18.1941099591215));
#5297=CARTESIAN_POINT('Ctrl Pts',(-45.2423247332964,-21.1052051605994,-32.2258423780045));
#5298=CARTESIAN_POINT('Ctrl Pts',(-44.7657497575423,-3.10744569851524,-38.3963273535051));
#5299=CARTESIAN_POINT('Ctrl Pts',(-44.2891747817879,15.648338034236,-35.2003438904583));
#5300=CARTESIAN_POINT('Ctrl Pts',(-43.8125998060339,30.5868579408857,-23.4174868300782));
#5301=CARTESIAN_POINT('Ctrl Pts',(-43.3360248302795,38.0639047798272,-5.92217110406552));
#5302=CARTESIAN_POINT('Ctrl Pts',(-42.8594498545254,36.2556602906554,13.0179167052211));
#5303=CARTESIAN_POINT('Ctrl Pts',(-42.3828748787711,25.6029370177259,28.7821778433961));
#5304=CARTESIAN_POINT('Ctrl Pts',(-41.9062999030169,8.70496705621163,37.5256664092634));
#5305=CARTESIAN_POINT('Ctrl Pts',(-41.4297249272627,-10.3172821993563,37.1142438853363));
#5306=CARTESIAN_POINT('Ctrl Pts',(-40.9531499515085,-26.8211706355824,27.6507269960726));
#5307=CARTESIAN_POINT('Ctrl Pts',(-40.4765749757542,-36.7854406762784,11.4387095661657));
#5308=CARTESIAN_POINT('Ctrl Pts',(-40.1588583252514,-37.4403130633992,-1.22440429270221));
#5309=CARTESIAN_POINT('Ctrl Pts',(-40.,-36.2338775337306,-7.25212900606485));
#5310=CARTESIAN_POINT('Ctrl Pts',(-78.7500366672044,0.000829962010224781,
-40.3076613515584));
#5311=CARTESIAN_POINT('Ctrl Pts',(-78.6901161357154,2.53056814612224,-40.3092010984926));
#5312=CARTESIAN_POINT('Ctrl Pts',(-78.6301956042263,5.06000886326009,-40.0747277961187));
#5313=CARTESIAN_POINT('Ctrl Pts',(-78.5702750727373,7.54401846512408,-39.6014919089316));
#5314=CARTESIAN_POINT('Ctrl Pts',(-78.4114167474859,14.1295008607986,-38.3468725218997));
#5315=CARTESIAN_POINT('Ctrl Pts',(-78.2525584222345,20.3956662537902,-35.4140871361735));
#5316=CARTESIAN_POINT('Ctrl Pts',(-78.0937000969831,25.5776492107912,-31.1606372760595));
#5317=CARTESIAN_POINT('Ctrl Pts',(-77.9348417717317,30.7596321677921,-26.9071874159455));
#5318=CARTESIAN_POINT('Ctrl Pts',(-77.7759834464803,34.8574326888023,-21.3330730814437));
#5319=CARTESIAN_POINT('Ctrl Pts',(-77.6171251212289,37.371526036877,-15.1182824532463));
#5320=CARTESIAN_POINT('Ctrl Pts',(-77.4582667959775,39.8856193849518,-8.90349182504883));
#5321=CARTESIAN_POINT('Ctrl Pts',(-77.2994084707261,40.816005560091,-2.04802490315579));
#5322=CARTESIAN_POINT('Ctrl Pts',(-77.1405501454747,40.0490590807763,4.61200391333511));
#5323=CARTESIAN_POINT('Ctrl Pts',(-76.9816918202233,39.2821126014615,11.272032729826));
#5324=CARTESIAN_POINT('Ctrl Pts',(-76.8228334949718,36.8178334676929,17.7366234409148));
#5325=CARTESIAN_POINT('Ctrl Pts',(-76.6639751697204,32.9568656805812,23.2172556995322));
#5326=CARTESIAN_POINT('Ctrl Pts',(-76.505116844469,29.0958978934696,28.6978879581495));
#5327=CARTESIAN_POINT('Ctrl Pts',(-76.3462585192176,23.8382414530151,33.1945617642954));
#5328=CARTESIAN_POINT('Ctrl Pts',(-76.1874001939662,17.8251413824221,36.1588268043914));
#5329=CARTESIAN_POINT('Ctrl Pts',(-76.0285418687148,11.8120413118292,39.1230918444874));
#5330=CARTESIAN_POINT('Ctrl Pts',(-75.8696835434634,5.04349761109785,40.5549481185334));
#5331=CARTESIAN_POINT('Ctrl Pts',(-75.710825218212,-1.65490461054208,40.2797436425337));
#5332=CARTESIAN_POINT('Ctrl Pts',(-75.5519668929606,-8.35330683218206,40.004539166534));
#5333=CARTESIAN_POINT('Ctrl Pts',(-75.3931085677092,-14.9815675747306,38.0222739404884));
#5334=CARTESIAN_POINT('Ctrl Pts',(-75.2342502424578,-20.7312402044136,34.5747304696254));
#5335=CARTESIAN_POINT('Ctrl Pts',(-75.0753919172063,-26.4809128340966,31.1271869987623));
#5336=CARTESIAN_POINT('Ctrl Pts',(-74.916533591955,-31.351997350914,26.2143652830817));
#5337=CARTESIAN_POINT('Ctrl Pts',(-74.7576752667036,-34.7503576520446,20.4354856543716));
#5338=CARTESIAN_POINT('Ctrl Pts',(-74.5988169414522,-38.1487179531752,14.6566060256616));
#5339=CARTESIAN_POINT('Ctrl Pts',(-74.4399586162008,-40.0743540386191,8.01166848392208));
#5340=CARTESIAN_POINT('Ctrl Pts',(-74.2811002909494,-40.2923964110547,1.31116403111226));
#5341=CARTESIAN_POINT('Ctrl Pts',(-74.1222419656979,-40.5104387834902,-5.38934042169752));
#5342=CARTESIAN_POINT('Ctrl Pts',(-73.9633836404465,-39.0208874429175,-12.1454117855776));
#5343=CARTESIAN_POINT('Ctrl Pts',(-73.8045253151951,-36.0054233493894,-18.1330052879111));
#5344=CARTESIAN_POINT('Ctrl Pts',(-73.6456669899437,-32.9899592558612,-24.1205987902448));
#5345=CARTESIAN_POINT('Ctrl Pts',(-73.4868086646923,-28.4485824093775,-29.3397144310318));
#5346=CARTESIAN_POINT('Ctrl Pts',(-73.3279503394409,-22.9352099890549,-33.153770888909));
#5347=CARTESIAN_POINT('Ctrl Pts',(-73.1690920141895,-17.4218375687324,-36.9678273467862));
#5348=CARTESIAN_POINT('Ctrl Pts',(-73.0102336889381,-10.936469574571,-39.3768246217537));
#5349=CARTESIAN_POINT('Ctrl Pts',(-72.8513753636867,-4.27013294390259,-40.0869348639737));
#5350=CARTESIAN_POINT('Ctrl Pts',(-72.8175957981926,-2.85260600935348,-40.2379323983939));
#5351=CARTESIAN_POINT('Ctrl Pts',(-72.7838162326985,-1.42689647195674,-40.3121137610162));
#5352=CARTESIAN_POINT('Ctrl Pts',(-72.7500366672044,-0.00103420745897642,
-40.3106384955151));
#5353=CARTESIAN_POINT('Origin',(-93.2499633327955,0.,0.));
#5354=CARTESIAN_POINT('Origin',(-35.,0.,0.));
#5355=CARTESIAN_POINT('',(-30.,-1.83697019872103E-15,15.));
#5356=CARTESIAN_POINT('',(-35.,2.44929359829471E-15,20.));
#5357=CARTESIAN_POINT('Origin',(-30.,0.,0.));
#5358=CARTESIAN_POINT('Origin',(35.,0.,0.));
#5359=CARTESIAN_POINT('',(27.5,1.83697019872103E-15,15.));
#5360=CARTESIAN_POINT('',(27.5,-1.83697019872103E-15,-15.));
#5361=CARTESIAN_POINT('Origin',(27.5,0.,0.));
#5362=CARTESIAN_POINT('',(35.,1.83697019872103E-15,15.));
#5363=CARTESIAN_POINT('Origin',(27.5,0.,0.));
#5364=CARTESIAN_POINT('Origin',(22.2656797749979,3.59810362502843E-15,0.));
#5365=CARTESIAN_POINT('',(22.2656797749979,37.2320450755296,-14.0929386393943));
#5366=CARTESIAN_POINT('Ctrl Pts',(22.2656797749979,-27.8453800139488,-23.393596792364));
#5367=CARTESIAN_POINT('Ctrl Pts',(22.2656797749979,-27.4454102234537,-23.9172366221981));
#5368=CARTESIAN_POINT('Ctrl Pts',(22.2656797749979,-27.0316065380981,-24.429521523212));
#5369=CARTESIAN_POINT('Ctrl Pts',(22.2656797749979,-26.6044089294229,-24.9298572914693));
#5370=CARTESIAN_POINT('Ctrl Pts',(22.2656797749979,-26.1766499855614,-25.4308504980313));
#5371=CARTESIAN_POINT('Ctrl Pts',(22.2656797749979,-25.73546167377,-25.9198635820695));
#5372=CARTESIAN_POINT('Ctrl Pts',(22.2656797749979,-25.2812388297367,-26.3962772403485));
#5373=CARTESIAN_POINT('Ctrl Pts',(22.2656797749979,-25.2033256747781,-26.4779968008451));
#5374=CARTESIAN_POINT('Ctrl Pts',(22.2656797749979,-25.1250289009385,-26.559345588106));
#5375=CARTESIAN_POINT('Ctrl Pts',(22.2656797749979,-25.0463503699761,-26.6403203949303));
#5376=CARTESIAN_POINT('Ctrl Pts',(22.2656797749979,-24.5917419534483,-27.1081968061795));
#5377=CARTESIAN_POINT('Ctrl Pts',(22.2656797749979,-24.1243915608688,-27.5635902203669));
#5378=CARTESIAN_POINT('Ctrl Pts',(22.2656797749979,-23.6449486535512,-28.0061969447668));
#5379=CARTESIAN_POINT('Ctrl Pts',(22.2656797749979,-23.1491755655824,-28.4638791821351));
#5380=CARTESIAN_POINT('Ctrl Pts',(22.2656797749979,-22.6404719908924,-28.9078893552787));
#5381=CARTESIAN_POINT('Ctrl Pts',(22.2656797749979,-22.1195137661484,-29.3378521747625));
#5382=CARTESIAN_POINT('Ctrl Pts',(22.2656797749979,-21.8915945428229,-29.5259609082866));
#5383=CARTESIAN_POINT('Ctrl Pts',(22.2656797749979,-21.6613291868324,-29.7113803456993));
#5384=CARTESIAN_POINT('Ctrl Pts',(22.2656797749979,-21.4287720293374,-29.8940764140301));
#5385=CARTESIAN_POINT('Ctrl Pts',(22.2656797749979,-21.3311554645166,-29.9707636370286));
#5386=CARTESIAN_POINT('Ctrl Pts',(22.2656797749979,-21.2331350857028,-30.0469710023262));
#5387=CARTESIAN_POINT('Ctrl Pts',(22.2656797749979,-21.1347148454235,-30.1226959006048));
#5388=CARTESIAN_POINT('Ctrl Pts',(22.2656797749979,-21.0720868690675,-30.1708820981338));
#5389=CARTESIAN_POINT('Ctrl Pts',(22.2656797749979,-21.009294663987,-30.2188746499738));
#5390=CARTESIAN_POINT('Ctrl Pts',(22.2656797749979,-20.9463590935835,-30.2666579297679));
#5391=CARTESIAN_POINT('Ctrl Pts',(22.2656797749979,-20.4210208739567,-30.6655163650539));
#5392=CARTESIAN_POINT('Ctrl Pts',(22.2656797749979,-19.8854161052973,-31.0500139815809));
#5393=CARTESIAN_POINT('Ctrl Pts',(22.2656797749979,-19.3402371322222,-31.4198744762707));
#5394=CARTESIAN_POINT('Ctrl Pts',(22.2656797749979,-18.7914840361422,-31.7921597286419));
#5395=CARTESIAN_POINT('Ctrl Pts',(22.2656797749979,-18.2330304417842,-32.1496156079337));
#5396=CARTESIAN_POINT('Ctrl Pts',(22.2656797749979,-17.6655428774916,-32.491925093613));
#5397=CARTESIAN_POINT('Ctrl Pts',(22.2656797749979,-17.0963676346387,-32.8352525899348));
#5398=CARTESIAN_POINT('Ctrl Pts',(22.2656797749979,-16.5181042295016,-33.1633437568761));
#5399=CARTESIAN_POINT('Ctrl Pts',(22.2656797749979,-15.9313910427421,-33.4758390297592));
#5400=CARTESIAN_POINT('Ctrl Pts',(22.2656797749979,-15.3463530801154,-33.7874420444925));
#5401=CARTESIAN_POINT('Ctrl Pts',(22.2656797749979,-14.7529131131597,-34.0835383506512));
#5402=CARTESIAN_POINT('Ctrl Pts',(22.2656797749979,-14.1516761399075,-34.3637280529453));
#5403=CARTESIAN_POINT('Ctrl Pts',(22.2656797749979,-13.7937822952977,-34.5305144853095));
#5404=CARTESIAN_POINT('Ctrl Pts',(22.2656797749979,-13.4331251753527,-34.6916637663406));
#5405=CARTESIAN_POINT('Ctrl Pts',(22.2656797749979,-13.069828566219,-34.8470836485734));
#5406=CARTESIAN_POINT('Ctrl Pts',(22.2656797749979,-12.9458489172423,-34.9001226859847));
#5407=CARTESIAN_POINT('Ctrl Pts',(22.2656797749979,-12.8215618507204,-34.9524944230496));
#5408=CARTESIAN_POINT('Ctrl Pts',(22.2656797749979,-12.6969722221513,-35.0041950279682));
#5409=CARTESIAN_POINT('Ctrl Pts',(22.2656797749979,-12.6350584192482,-35.0298872232148));
#5410=CARTESIAN_POINT('Ctrl Pts',(22.2656797749979,-12.5730685654109,-35.0554141922772));
#5411=CARTESIAN_POINT('Ctrl Pts',(22.2656797749979,-12.511022602215,-35.0807676479558));
#5412=CARTESIAN_POINT('Ctrl Pts',(22.2656797749979,-11.8894902865304,-35.3347405288144));
#5413=CARTESIAN_POINT('Ctrl Pts',(22.2656797749979,-11.2618896007431,-35.5714894585505));
#5414=CARTESIAN_POINT('Ctrl Pts',(22.2656797749979,-10.6289071325539,-35.790726909308));
#5415=CARTESIAN_POINT('Ctrl Pts',(22.2656797749979,-10.3344240287509,-35.8927229806266));
#5416=CARTESIAN_POINT('Ctrl Pts',(22.2656797749979,-10.0387755852131,-35.9909283271722));
#5417=CARTESIAN_POINT('Ctrl Pts',(22.2656797749979,-9.74202847144079,-36.0853110564608));
#5418=CARTESIAN_POINT('Ctrl Pts',(22.2656797749979,-9.11531282173643,-36.2846428469372));
#5419=CARTESIAN_POINT('Ctrl Pts',(22.2656797749979,-8.48369840943185,-36.4669275207326));
#5420=CARTESIAN_POINT('Ctrl Pts',(22.2656797749979,-7.84790762725436,-36.6322656652986));
#5421=CARTESIAN_POINT('Ctrl Pts',(22.2656797749979,-7.17981718247558,-36.8060033753102));
#5422=CARTESIAN_POINT('Ctrl Pts',(22.2656797749979,-6.50711496644188,-36.9610294599617));
#5423=CARTESIAN_POINT('Ctrl Pts',(22.2656797749979,-5.83061213744754,-37.0974061699579));
#5424=CARTESIAN_POINT('Ctrl Pts',(22.2656797749979,-5.17421592629382,-37.2297295718632));
#5425=CARTESIAN_POINT('Ctrl Pts',(22.2656797749979,-4.51424108750692,-37.3444954891904));
#5426=CARTESIAN_POINT('Ctrl Pts',(22.2656797749979,-3.85141077600455,-37.4417098307998));
#5427=CARTESIAN_POINT('Ctrl Pts',(22.2656797749979,-3.18793559491692,-37.5390187525318));
#5428=CARTESIAN_POINT('Ctrl Pts',(22.2656797749979,-2.52159891639704,-37.6187419948607));
#5429=CARTESIAN_POINT('Ctrl Pts',(22.2656797749979,-1.8531154735036,-37.6808343144229));
#5430=CARTESIAN_POINT('Ctrl Pts',(22.2656797749979,-1.1865605060803,-37.7427475068632));
#5431=CARTESIAN_POINT('Ctrl Pts',(22.2656797749979,-0.517870673182487,-37.7871313923296));
#5432=CARTESIAN_POINT('Ctrl Pts',(22.2656797749979,0.152248919613993,-37.8138895525639));
#5433=CARTESIAN_POINT('Ctrl Pts',(22.2656797749979,0.506026123340922,-37.8280160267131));
#5434=CARTESIAN_POINT('Ctrl Pts',(22.2656797749979,0.860201833082546,-37.8372291384695));
#5435=CARTESIAN_POINT('Ctrl Pts',(22.2656797749979,1.21467200922095,-37.8415088192994));
#5436=CARTESIAN_POINT('Ctrl Pts',(22.2656797749979,1.34303674678696,-37.8430586255837));
#5437=CARTESIAN_POINT('Ctrl Pts',(22.2656797749979,1.47144009633045,-37.8439614274604));
#5438=CARTESIAN_POINT('Ctrl Pts',(22.2656797749979,1.59987710044055,-37.8442161389515));
#5439=CARTESIAN_POINT('Ctrl Pts',(22.2656797749979,1.65917036247138,-37.8443337271441));
#5440=CARTESIAN_POINT('Ctrl Pts',(22.2656797749979,1.71846277927158,-37.8443131627879));
#5441=CARTESIAN_POINT('Ctrl Pts',(22.2656797749979,1.77774570149319,-37.84415450589));
#5442=CARTESIAN_POINT('Ctrl Pts',(22.2656797749979,2.45590411198821,-37.8423395732642));
#5443=CARTESIAN_POINT('Ctrl Pts',(22.2656797749979,3.13315133091553,-37.8224588708747));
#5444=CARTESIAN_POINT('Ctrl Pts',(22.2656797749979,3.80874237368999,-37.7846030960226));
#5445=CARTESIAN_POINT('Ctrl Pts',(22.2656797749979,4.48733898986056,-37.7465789081773));
#5446=CARTESIAN_POINT('Ctrl Pts',(22.2656797749979,5.16426512408732,-37.6904194299884));
#5447=CARTESIAN_POINT('Ctrl Pts',(22.2656797749979,5.83878046199158,-37.6161659487573));
#5448=CARTESIAN_POINT('Ctrl Pts',(22.2656797749979,6.51428792963708,-37.5418032497175));
#5449=CARTESIAN_POINT('Ctrl Pts',(22.2656797749979,7.18737797988106,-37.449293334223));
#5450=CARTESIAN_POINT('Ctrl Pts',(22.2656797749979,7.85731462041313,-37.3386260924673));
#5451=CARTESIAN_POINT('Ctrl Pts',(22.2656797749979,8.10582059202122,-37.2975752396347));
#5452=CARTESIAN_POINT('Ctrl Pts',(22.2656797749979,8.35389270544713,-37.2540254954969));
#5453=CARTESIAN_POINT('Ctrl Pts',(22.2656797749979,8.60149345775832,-37.2079745197206));
#5454=CARTESIAN_POINT('Ctrl Pts',(22.2656797749979,9.26354569862501,-37.0848401939067));
#5455=CARTESIAN_POINT('Ctrl Pts',(22.2656797749979,9.92222832396685,-36.9438268680037));
#5456=CARTESIAN_POINT('Ctrl Pts',(22.2656797749979,10.5769206899774,-36.7853046796964));
#5457=CARTESIAN_POINT('Ctrl Pts',(22.2656797749979,11.261853735028,-36.6194602452989));
#5458=CARTESIAN_POINT('Ctrl Pts',(22.2656797749979,11.9424199494237,-36.4344523458828));
#5459=CARTESIAN_POINT('Ctrl Pts',(22.2656797749979,12.617898074793,-36.2306454302977));
#5460=CARTESIAN_POINT('Ctrl Pts',(22.2656797749979,13.208941434491,-36.0523143791607));
#5461=CARTESIAN_POINT('Ctrl Pts',(22.2656797749979,13.7960892868403,-35.8595893401756));
#5462=CARTESIAN_POINT('Ctrl Pts',(22.2656797749979,14.3788469390984,-35.6526781322412));
#5463=CARTESIAN_POINT('Ctrl Pts',(22.2656797749979,14.8887598848243,-35.4716308252986));
#5464=CARTESIAN_POINT('Ctrl Pts',(22.2656797749979,15.3953115356871,-35.2797216849988));
#5465=CARTESIAN_POINT('Ctrl Pts',(22.2656797749979,15.8981611439212,-35.0770695981993));
#5466=CARTESIAN_POINT('Ctrl Pts',(22.2656797749979,15.9603624441052,-35.0520020172019));
#5467=CARTESIAN_POINT('Ctrl Pts',(22.2656797749979,16.0225070863056,-35.0267700340774));
#5468=CARTESIAN_POINT('Ctrl Pts',(22.2656797749979,16.0845944145389,-35.0013738543008));
#5469=CARTESIAN_POINT('Ctrl Pts',(22.2656797749979,16.1306056968848,-34.9825534149059));
#5470=CARTESIAN_POINT('Ctrl Pts',(22.2656797749979,16.1765822930223,-34.9636441015324));
#5471=CARTESIAN_POINT('Ctrl Pts',(22.2656797749979,16.2225161480552,-34.9446492946636));
#5472=CARTESIAN_POINT('Ctrl Pts',(22.2656797749979,16.8521894626357,-34.6842635074856));
#5473=CARTESIAN_POINT('Ctrl Pts',(22.2656797749979,17.4742660939855,-34.4076388096328));
#5474=CARTESIAN_POINT('Ctrl Pts',(22.2656797749979,18.0881389315341,-34.1152256909882));
#5475=CARTESIAN_POINT('Ctrl Pts',(22.2656797749979,18.7070652231273,-33.8204054023781));
#5476=CARTESIAN_POINT('Ctrl Pts',(22.2656797749979,19.317652525369,-33.5095355652617));
#5477=CARTESIAN_POINT('Ctrl Pts',(22.2656797749979,19.9192727854241,-33.1830252890561));
#5478=CARTESIAN_POINT('Ctrl Pts',(22.2656797749979,20.5244937712693,-32.8545608333618));
#5479=CARTESIAN_POINT('Ctrl Pts',(22.2656797749979,21.1206405056205,-32.5102680244482));
#5480=CARTESIAN_POINT('Ctrl Pts',(22.2656797749979,21.7070610910662,-32.1505122756767));
#5481=CARTESIAN_POINT('Ctrl Pts',(22.2656797749979,22.2932830694776,-31.7908783678229));
#5482=CARTESIAN_POINT('Ctrl Pts',(22.2656797749979,22.8697859266864,-31.415791805734));
#5483=CARTESIAN_POINT('Ctrl Pts',(22.2656797749979,23.4358993110576,-31.0255692396735));
#5484=CARTESIAN_POINT('Ctrl Pts',(22.2656797749979,23.9988706373923,-30.6375124976044));
#5485=CARTESIAN_POINT('Ctrl Pts',(22.2656797749979,24.5515679130191,-30.234487083921));
#5486=CARTESIAN_POINT('Ctrl Pts',(22.2656797749979,25.0933066222561,-29.8167596229229));
#5487=CARTESIAN_POINT('Ctrl Pts',(22.2656797749979,25.2837096251313,-29.6699424182422));
#5488=CARTESIAN_POINT('Ctrl Pts',(22.2656797749979,25.4727586723752,-29.5213086983308));
#5489=CARTESIAN_POINT('Ctrl Pts',(22.2656797749979,25.6604231507872,-29.3708687904952));
#5490=CARTESIAN_POINT('Ctrl Pts',(22.2656797749979,26.1961151600048,-28.9414350629354));
#5491=CARTESIAN_POINT('Ctrl Pts',(22.2656797749979,26.7205279072475,-28.4972867817485));
#5492=CARTESIAN_POINT('Ctrl Pts',(22.2656797749979,27.233245263828,-28.0389873734521));
#5493=CARTESIAN_POINT('Ctrl Pts',(22.2656797749979,27.5019853680822,-27.7987703626868));
#5494=CARTESIAN_POINT('Ctrl Pts',(22.2656797749979,27.7675117928909,-27.554664945195));
#5495=CARTESIAN_POINT('Ctrl Pts',(22.2656797749979,28.0297605135114,-27.3067482858638));
#5496=CARTESIAN_POINT('Ctrl Pts',(22.2656797749979,28.1526896013023,-27.1905373518023));
#5497=CARTESIAN_POINT('Ctrl Pts',(22.2656797749979,28.274898448287,-27.0734889497279));
#5498=CARTESIAN_POINT('Ctrl Pts',(22.2656797749979,28.3963802314428,-26.9556108380535));
#5499=CARTESIAN_POINT('Ctrl Pts',(22.2656797749979,28.4510962362408,-26.902517944976));
#5500=CARTESIAN_POINT('Ctrl Pts',(22.2656797749979,28.5056647434557,-26.8492567315464));
#5501=CARTESIAN_POINT('Ctrl Pts',(22.2656797749979,28.5600851196639,-26.7958278990123));
#5502=CARTESIAN_POINT('Ctrl Pts',(22.2656797749979,28.6136838255157,-26.7432057659339));
#5503=CARTESIAN_POINT('Ctrl Pts',(22.2656797749979,28.667142659745,-26.6904172012497));
#5504=CARTESIAN_POINT('Ctrl Pts',(22.2656797749979,28.7204385589979,-26.6374852952599));
#5505=CARTESIAN_POINT('Ctrl Pts',(22.2656797749979,29.207142024108,-26.154105852916));
#5506=CARTESIAN_POINT('Ctrl Pts',(22.2656797749979,29.6805680364732,-25.6584770343193));
#5507=CARTESIAN_POINT('Ctrl Pts',(22.2656797749979,30.1404170705608,-25.1512939313035));
#5508=CARTESIAN_POINT('Ctrl Pts',(22.2656797749979,30.6046320696438,-24.6392954573509));
#5509=CARTESIAN_POINT('Ctrl Pts',(22.2656797749979,31.0550113691113,-24.1155219806762));
#5510=CARTESIAN_POINT('Ctrl Pts',(22.2656797749979,31.4912204492438,-23.5806418207622));
#5511=CARTESIAN_POINT('Ctrl Pts',(22.2656797749979,31.9303425163413,-23.0421897523192));
#5512=CARTESIAN_POINT('Ctrl Pts',(22.2656797749979,32.3551047935491,-22.4924818546659));
#5513=CARTESIAN_POINT('Ctrl Pts',(22.2656797749979,32.7651346618973,-21.9321572365683));
#5514=CARTESIAN_POINT('Ctrl Pts',(22.2656797749979,33.1765148896627,-21.3699872904028));
#5515=CARTESIAN_POINT('Ctrl Pts',(22.2656797749979,33.573065824744,-20.7971302385864));
#5516=CARTESIAN_POINT('Ctrl Pts',(22.2656797749979,33.9543749711584,-20.2141936502263));
#5517=CARTESIAN_POINT('Ctrl Pts',(22.2656797749979,34.334922259738,-19.6324217724723));
#5518=CARTESIAN_POINT('Ctrl Pts',(22.2656797749979,34.7002888898401,-19.0406102253488));
#5519=CARTESIAN_POINT('Ctrl Pts',(22.2656797749979,35.0500244205451,-18.4393306704199));
#5520=CARTESIAN_POINT('Ctrl Pts',(22.2656797749979,35.3980700912629,-17.8409563915407));
#5521=CARTESIAN_POINT('Ctrl Pts',(22.2656797749979,35.730635614515,-17.233205005322));
#5522=CARTESIAN_POINT('Ctrl Pts',(22.2656797749979,36.047232923085,-16.6166135110396));
#5523=CARTESIAN_POINT('Ctrl Pts',(22.2656797749979,36.3602788343315,-16.0069385676032));
#5524=CARTESIAN_POINT('Ctrl Pts',(22.2656797749979,36.6577129704954,-15.3886203533598));
#5525=CARTESIAN_POINT('Ctrl Pts',(22.2656797749979,36.9390168586177,-14.7621577137452));
#5526=CARTESIAN_POINT('Ctrl Pts',(22.2656797749979,37.0387282260142,-14.5401008952782));
#5527=CARTESIAN_POINT('Ctrl Pts',(22.2656797749979,37.1364124970972,-14.3170206271238));
#5528=CARTESIAN_POINT('Ctrl Pts',(22.2656797749979,37.2320450755297,-14.092938639394));
#5529=CARTESIAN_POINT('',(22.2656797749979,-4.87531890740561E-15,39.81));
#5530=CARTESIAN_POINT('Origin',(22.2656797749979,0.,0.));
#5531=CARTESIAN_POINT('',(22.2656797749979,34.5403624853199,19.7937469363101));
#5532=CARTESIAN_POINT('Origin',(22.2656797749979,0.,0.));
#5533=CARTESIAN_POINT('Ctrl Pts',(22.2656797749979,34.5403624853199,19.7937469363101));
#5534=CARTESIAN_POINT('Ctrl Pts',(22.2656797749979,34.1683207252456,20.3859706439054));
#5535=CARTESIAN_POINT('Ctrl Pts',(22.2656797749979,33.7810482472719,20.9678248508523));
#5536=CARTESIAN_POINT('Ctrl Pts',(22.2656797749979,33.3788485337153,21.5386536957978));
#5537=CARTESIAN_POINT('Ctrl Pts',(22.2656797749979,32.9785356947598,22.1068045615882));
#5538=CARTESIAN_POINT('Ctrl Pts',(22.2656797749979,32.563435101665,22.6640336458946));
#5539=CARTESIAN_POINT('Ctrl Pts',(22.2656797749979,32.1338040499815,23.2096642820721));
#5540=CARTESIAN_POINT('Ctrl Pts',(22.2656797749979,32.0328183759963,23.3379159001184));
#5541=CARTESIAN_POINT('Ctrl Pts',(22.2656797749979,31.9310297276827,23.4655265649922));
#5542=CARTESIAN_POINT('Ctrl Pts',(22.2656797749979,31.8284411306158,23.5924872124928));
#5543=CARTESIAN_POINT('Ctrl Pts',(22.2656797749979,31.3897959628457,24.1353416438363));
#5544=CARTESIAN_POINT('Ctrl Pts',(22.2656797749979,30.9365287176774,24.6663153827292));
#5545=CARTESIAN_POINT('Ctrl Pts',(22.2656797749979,30.4692384311748,25.1849607471268));
#5546=CARTESIAN_POINT('Ctrl Pts',(22.2656797749979,29.9906401031108,25.7161569038383));
#5547=CARTESIAN_POINT('Ctrl Pts',(22.2656797749979,29.4973315416909,26.2344212678145));
#5548=CARTESIAN_POINT('Ctrl Pts',(22.2656797749979,28.9899220226766,26.7392280439878));
#5549=CARTESIAN_POINT('Ctrl Pts',(22.2656797749979,28.7679303581078,26.9600810085637));
#5550=CARTESIAN_POINT('Ctrl Pts',(22.2656797749979,28.5432392730407,27.178357494472));
#5551=CARTESIAN_POINT('Ctrl Pts',(22.2656797749979,28.3158980235519,27.3940105107829));
#5552=CARTESIAN_POINT('Ctrl Pts',(22.2656797749979,28.1885117486968,27.5148475100995));
#5553=CARTESIAN_POINT('Ctrl Pts',(22.2656797749979,28.0602933825289,27.6348607841666));
#5554=CARTESIAN_POINT('Ctrl Pts',(22.2656797749979,27.9312514610565,27.7540418056752));
#5555=CARTESIAN_POINT('Ctrl Pts',(22.2656797749979,27.8838174545582,27.7978510831891));
#5556=CARTESIAN_POINT('Ctrl Pts',(22.2656797749979,27.8362732561839,27.8415468735629));
#5557=CARTESIAN_POINT('Ctrl Pts',(22.2656797749979,27.7886284743214,27.8851204563805));
#5558=CARTESIAN_POINT('Ctrl Pts',(22.2656797749979,27.2768052048615,28.3532089384331));
#5559=CARTESIAN_POINT('Ctrl Pts',(22.2656797749979,26.753091952139,28.8074620071012));
#5560=CARTESIAN_POINT('Ctrl Pts',(22.2656797749979,26.2181080985992,29.2474777645885));
#5561=CARTESIAN_POINT('Ctrl Pts',(22.2656797749979,25.6822065876519,29.6882482807785));
#5562=CARTESIAN_POINT('Ctrl Pts',(22.2656797749979,25.1349953905376,30.1147328757073));
#5563=CARTESIAN_POINT('Ctrl Pts',(22.2656797749979,24.5770642903567,30.5264868475684));
#5564=CARTESIAN_POINT('Ctrl Pts',(22.2656797749979,24.0203127002885,30.937370339233));
#5565=CARTESIAN_POINT('Ctrl Pts',(22.2656797749979,23.452886087028,31.3335856733121));
#5566=CARTESIAN_POINT('Ctrl Pts',(22.2656797749979,22.8753437864575,31.7146465640421));
#5567=CARTESIAN_POINT('Ctrl Pts',(22.2656797749979,22.3033717033084,32.0920322399696));
#5568=CARTESIAN_POINT('Ctrl Pts',(22.2656797749979,21.7214777147307,32.4545545642245));
#5569=CARTESIAN_POINT('Ctrl Pts',(22.2656797749979,21.1301848956318,32.8016944884404));
#5570=CARTESIAN_POINT('Ctrl Pts',(22.2656797749979,20.7655871284137,33.0157448492654));
#5571=CARTESIAN_POINT('Ctrl Pts',(22.2656797749979,20.3974154647897,33.2239457499795));
#5572=CARTESIAN_POINT('Ctrl Pts',(22.2656797749979,20.0257896361111,33.4261660536647));
#5573=CARTESIAN_POINT('Ctrl Pts',(22.2656797749979,19.8717665758639,33.5099777470781));
#5574=CARTESIAN_POINT('Ctrl Pts',(22.2656797749979,19.717150154364,33.5927620358065));
#5575=CARTESIAN_POINT('Ctrl Pts',(22.2656797749979,19.5619488089462,33.6745092031889));
#5576=CARTESIAN_POINT('Ctrl Pts',(22.2656797749979,19.4999464446658,33.7071668946366));
#5577=CARTESIAN_POINT('Ctrl Pts',(22.2656797749979,19.4378486489126,33.7396601098123));
#5578=CARTESIAN_POINT('Ctrl Pts',(22.2656797749979,19.3756763298147,33.7719777269001));
#5579=CARTESIAN_POINT('Ctrl Pts',(22.2656797749979,18.7664925539475,34.0886358199257));
#5580=CARTESIAN_POINT('Ctrl Pts',(22.2656797749979,18.1497411798654,34.3886591845195));
#5581=CARTESIAN_POINT('Ctrl Pts',(22.2656797749979,17.5260031326779,34.6716544536097));
#5582=CARTESIAN_POINT('Ctrl Pts',(22.2656797749979,17.2193447101785,34.8107879940204));
#5583=CARTESIAN_POINT('Ctrl Pts',(22.2656797749979,16.910997057261,34.9458049084736));
#5584=CARTESIAN_POINT('Ctrl Pts',(22.2656797749979,16.6010268849236,35.0766544553762));
#5585=CARTESIAN_POINT('Ctrl Pts',(22.2656797749979,15.9746217308178,35.3410825775213));
#5586=CARTESIAN_POINT('Ctrl Pts',(22.2656797749979,15.3415916352617,35.5884948671841));
#5587=CARTESIAN_POINT('Ctrl Pts',(22.2656797749979,14.7026656814983,35.818853014496));
#5588=CARTESIAN_POINT('Ctrl Pts',(22.2656797749979,14.0437445147277,36.0564202291439));
#5589=CARTESIAN_POINT('Ctrl Pts',(22.2656797749979,13.3785522693351,36.2758495052164));
#5590=CARTESIAN_POINT('Ctrl Pts',(22.2656797749979,12.7078710197283,36.4770443360261));
#5591=CARTESIAN_POINT('Ctrl Pts',(22.2656797749979,12.0521331879014,36.6737563541529));
#5592=CARTESIAN_POINT('Ctrl Pts',(22.2656797749979,11.3911477010777,36.8530372936131));
#5593=CARTESIAN_POINT('Ctrl Pts',(22.2656797749979,10.7256362618979,37.0147450583773));
#5594=CARTESIAN_POINT('Ctrl Pts',(22.2656797749979,10.0627148001512,37.1758235034382));
#5595=CARTESIAN_POINT('Ctrl Pts',(22.2656797749979,9.39530207800489,37.3194653105227));
#5596=CARTESIAN_POINT('Ctrl Pts',(22.2656797749979,8.72410942318939,37.4454785982692));
#5597=CARTESIAN_POINT('Ctrl Pts',(22.2656797749979,8.05783081444985,37.5705692968041));
#5598=CARTESIAN_POINT('Ctrl Pts',(22.2656797749979,7.38782697421635,37.6782886583722));
#5599=CARTESIAN_POINT('Ctrl Pts',(22.2656797749979,6.71479854752279,37.7683980861836));
#5600=CARTESIAN_POINT('Ctrl Pts',(22.2656797749979,6.3596232331575,37.8159512697949));
#5601=CARTESIAN_POINT('Ctrl Pts',(22.2656797749979,6.0036057055031,37.8585993053546));
#5602=CARTESIAN_POINT('Ctrl Pts',(22.2656797749979,5.64685012469604,37.8963013439068));
#5603=CARTESIAN_POINT('Ctrl Pts',(22.2656797749979,5.52358918913049,37.9093275971589));
#5604=CARTESIAN_POINT('Ctrl Pts',(22.2656797749979,5.40024015837824,37.921763392206));
#5605=CARTESIAN_POINT('Ctrl Pts',(22.2656797749979,5.27680735937242,37.9336069322252));
#5606=CARTESIAN_POINT('Ctrl Pts',(22.2656797749979,5.2035868039575,37.9406325411822));
#5607=CARTESIAN_POINT('Ctrl Pts',(22.2656797749979,5.13033157770816,37.9474501802263));
#5608=CARTESIAN_POINT('Ctrl Pts',(22.2656797749979,5.05707355775794,37.9540567604076));
#5609=CARTESIAN_POINT('Ctrl Pts',(22.2656797749979,4.38136377385799,38.0149938546625));
#5610=CARTESIAN_POINT('Ctrl Pts',(22.2656797749979,3.70498079589566,38.0580234348054));
#5611=CARTESIAN_POINT('Ctrl Pts',(22.2656797749979,3.02863050389939,38.0830955087077));
#5612=CARTESIAN_POINT('Ctrl Pts',(22.2656797749979,2.35211256702614,38.1081737971483));
#5613=CARTESIAN_POINT('Ctrl Pts',(22.2656797749979,1.67562686326367,38.1152857133195));
#5614=CARTESIAN_POINT('Ctrl Pts',(22.2656797749979,0.99987370290745,38.104329467944));
#5615=CARTESIAN_POINT('Ctrl Pts',(22.2656797749979,0.32719757192812,38.0934231116269));
#5616=CARTESIAN_POINT('Ctrl Pts',(22.2656797749979,-0.34475312690425,38.0646127654229));
#5617=CARTESIAN_POINT('Ctrl Pts',(22.2656797749979,-1.01528673305885,38.017746523856));
#5618=CARTESIAN_POINT('Ctrl Pts',(22.2656797749979,-1.29525050234199,37.9981787504874));
#5619=CARTESIAN_POINT('Ctrl Pts',(22.2656797749979,-1.57496718564893,37.9754627424498));
#5620=CARTESIAN_POINT('Ctrl Pts',(22.2656797749979,-1.85438610673673,37.9495847662609));
#5621=CARTESIAN_POINT('Ctrl Pts',(22.2656797749979,-2.52689589371045,37.8873012523657));
#5622=CARTESIAN_POINT('Ctrl Pts',(22.2656797749979,-3.19768178627013,37.8067046594721));
#5623=CARTESIAN_POINT('Ctrl Pts',(22.2656797749979,-3.86604659336155,37.7080368841975));
#5624=CARTESIAN_POINT('Ctrl Pts',(22.2656797749979,-4.54300558083746,37.6081003876349));
#5625=CARTESIAN_POINT('Ctrl Pts',(22.2656797749979,-5.21748132810977,37.4896249098464));
#5626=CARTESIAN_POINT('Ctrl Pts',(22.2656797749979,-5.8887312415426,37.3528106095929));
#5627=CARTESIAN_POINT('Ctrl Pts',(22.2656797749979,-6.54723475616931,37.2185942830576));
#5628=CARTESIAN_POINT('Ctrl Pts',(22.2656797749979,-7.20263415784476,37.0667286794759));
#5629=CARTESIAN_POINT('Ctrl Pts',(22.2656797749979,-7.8542045985256,36.897357133139));
#5630=CARTESIAN_POINT('Ctrl Pts',(22.2656797749979,-8.35391810225571,36.7674598210943));
#5631=CARTESIAN_POINT('Ctrl Pts',(22.2656797749979,-8.85137901938287,36.6272647148702));
#5632=CARTESIAN_POINT('Ctrl Pts',(22.2656797749979,-9.34624853613274,36.4768193639854));
#5633=CARTESIAN_POINT('Ctrl Pts',(22.2656797749979,-9.41124097876236,36.4570610024268));
#5634=CARTESIAN_POINT('Ctrl Pts',(22.2656797749979,-9.47619226629396,36.4371246901913));
#5635=CARTESIAN_POINT('Ctrl Pts',(22.2656797749979,-9.54107603187336,36.417018532364));
#5636=CARTESIAN_POINT('Ctrl Pts',(22.2656797749979,-10.1789652977538,36.2193496372002));
#5637=CARTESIAN_POINT('Ctrl Pts',(22.2656797749979,-10.8108017131139,36.0051272041657));
#5638=CARTESIAN_POINT('Ctrl Pts',(22.2656797749979,-11.4359407010025,35.7746632965966));
#5639=CARTESIAN_POINT('Ctrl Pts',(22.2656797749979,-12.0634627766951,35.5433208392361));
#5640=CARTESIAN_POINT('Ctrl Pts',(22.2656797749979,-12.6842367129617,35.2956126820183));
#5641=CARTESIAN_POINT('Ctrl Pts',(22.2656797749979,-13.2975964146155,35.0318039804965));
#5642=CARTESIAN_POINT('Ctrl Pts',(22.2656797749979,-13.910057472473,34.7683817896183));
#5643=CARTESIAN_POINT('Ctrl Pts',(22.2656797749979,-14.5151264354707,34.4889060009513));
#5644=CARTESIAN_POINT('Ctrl Pts',(22.2656797749979,-15.1121195134904,34.1935931161679));
#5645=CARTESIAN_POINT('Ctrl Pts',(22.2656797749979,-15.706423109871,33.8996106296935));
#5646=CARTESIAN_POINT('Ctrl Pts',(22.2656797749979,-16.2927238275922,33.5899332103777));
#5647=CARTESIAN_POINT('Ctrl Pts',(22.2656797749979,-16.8703204038422,33.2647304185574));
#5648=CARTESIAN_POINT('Ctrl Pts',(22.2656797749979,-17.4418663311136,32.9429343088766));
#5649=CARTESIAN_POINT('Ctrl Pts',(22.2656797749979,-18.0048898753629,32.6059361636895));
#5650=CARTESIAN_POINT('Ctrl Pts',(22.2656797749979,-18.5586798268457,32.2538604095689));
#5651=CARTESIAN_POINT('Ctrl Pts',(22.2656797749979,-18.7428680196526,32.1367615046341));
#5652=CARTESIAN_POINT('Ctrl Pts',(22.2656797749979,-18.9260345074407,32.0179944009196));
#5653=CARTESIAN_POINT('Ctrl Pts',(22.2656797749979,-19.1081522304344,31.897562751166));
#5654=CARTESIAN_POINT('Ctrl Pts',(22.2656797749979,-19.6646397611518,31.5295661043275));
#5655=CARTESIAN_POINT('Ctrl Pts',(22.2656797749979,-20.2113380541799,31.1460299288868));
#5656=CARTESIAN_POINT('Ctrl Pts',(22.2656797749979,-20.7477023234365,30.747440673814));
#5657=CARTESIAN_POINT('Ctrl Pts',(22.2656797749979,-21.0165737927089,30.5476337798982));
#5658=CARTESIAN_POINT('Ctrl Pts',(22.2656797749979,-21.2828478128186,30.3440437452773));
#5659=CARTESIAN_POINT('Ctrl Pts',(22.2656797749979,-21.5464516651042,30.1367290642195));
#5660=CARTESIAN_POINT('Ctrl Pts',(22.2656797749979,-21.6700159708631,30.0395503074736));
#5661=CARTESIAN_POINT('Ctrl Pts',(22.2656797749979,-21.7929935291737,29.9415531222252));
#5662=CARTESIAN_POINT('Ctrl Pts',(22.2656797749979,-21.915376630334,29.8427434074596));
#5663=CARTESIAN_POINT('Ctrl Pts',(22.2656797749979,-21.975323527808,29.794343458575));
#5664=CARTESIAN_POINT('Ctrl Pts',(22.2656797749979,-22.0351277930472,29.7457485556324));
#5665=CARTESIAN_POINT('Ctrl Pts',(22.2656797749979,-22.094788507308,29.696959385295));
#5666=CARTESIAN_POINT('Ctrl Pts',(22.2656797749979,-22.1447980791684,29.6560626989206));
#5667=CARTESIAN_POINT('Ctrl Pts',(22.2656797749979,-22.1947090050726,29.6150276444669));
#5668=CARTESIAN_POINT('Ctrl Pts',(22.2656797749979,-22.2445019574663,29.5738702557063));
#5669=CARTESIAN_POINT('Ctrl Pts',(22.2656797749979,-22.7506902883414,29.1554698813888));
#5670=CARTESIAN_POINT('Ctrl Pts',(22.2656797749979,-23.2450891600972,28.7241056097376));
#5671=CARTESIAN_POINT('Ctrl Pts',(22.2656797749979,-23.7273018062521,28.2803715579383));
#5672=CARTESIAN_POINT('Ctrl Pts',(22.2656797749979,-24.2123604355272,27.8340186208166));
#5673=CARTESIAN_POINT('Ctrl Pts',(22.2656797749979,-24.6850888956385,27.375149123524));
#5674=CARTESIAN_POINT('Ctrl Pts',(22.2656797749979,-25.1450506499503,26.9043260197554));
#5675=CARTESIAN_POINT('Ctrl Pts',(22.2656797749979,-25.6059859472215,26.4325063841805));
#5676=CARTESIAN_POINT('Ctrl Pts',(22.2656797749979,-26.0541007493242,25.9486821241348));
#5677=CARTESIAN_POINT('Ctrl Pts',(22.2656797749979,-26.488918234233,25.4533832959846));
#5678=CARTESIAN_POINT('Ctrl Pts',(22.2656797749979,-26.9415421100486,24.9378012803919));
#5679=CARTESIAN_POINT('Ctrl Pts',(22.2656797749979,-27.3797579443825,24.4097854611686));
#5680=CARTESIAN_POINT('Ctrl Pts',(22.2656797749979,-27.8029794537851,23.8698982032222));
#5681=CARTESIAN_POINT('Ctrl Pts',(22.2656797749979,-28.2050566112212,23.3569839746486));
#5682=CARTESIAN_POINT('Ctrl Pts',(22.2656797749979,-28.5936001729623,22.8333542912968));
#5683=CARTESIAN_POINT('Ctrl Pts',(22.2656797749979,-28.9680615925993,22.2994665562426));
#5684=CARTESIAN_POINT('Ctrl Pts',(22.2656797749979,-29.3394198818839,21.7700031040346));
#5685=CARTESIAN_POINT('Ctrl Pts',(22.2656797749979,-29.6969286730393,21.2304505536901));
#5686=CARTESIAN_POINT('Ctrl Pts',(22.2656797749979,-30.0400053201091,20.6812366078269));
#5687=CARTESIAN_POINT('Ctrl Pts',(22.2656797749979,-30.378225664952,20.1397968690719));
#5688=CARTESIAN_POINT('Ctrl Pts',(22.2656797749979,-30.7024197046682,19.5889669752562));
#5689=CARTESIAN_POINT('Ctrl Pts',(22.2656797749979,-31.0119800632565,19.0291439209646));
#5690=CARTESIAN_POINT('Ctrl Pts',(22.2656797749979,-31.0716250794954,18.9212791565084));
#5691=CARTESIAN_POINT('Ctrl Pts',(22.2656797749979,-31.1307266791271,18.8130804978345));
#5692=CARTESIAN_POINT('Ctrl Pts',(22.2656797749979,-31.1892802965974,18.7045507452139));
#5693=CARTESIAN_POINT('Ctrl Pts',(-21.7972396265507,32.8869237649792,15.5268048637331));
#5694=CARTESIAN_POINT('Ctrl Pts',(-21.6409881393112,30.3463320781353,20.9079664006011));
#5695=CARTESIAN_POINT('Ctrl Pts',(-21.3284851648321,22.5767516839401,30.3947914371471));
#5696=CARTESIAN_POINT('Ctrl Pts',(-20.8597307031135,5.57963029696631,37.4477211364508));
#5697=CARTESIAN_POINT('Ctrl Pts',(-20.3909762413949,-12.7305896761099,35.6564270503984));
#5698=CARTESIAN_POINT('Ctrl Pts',(-19.9222217796763,-28.0365900529655,25.444709319444));
#5699=CARTESIAN_POINT('Ctrl Pts',(-19.4534673179577,-36.7202667267533,9.22378449518466));
#5700=CARTESIAN_POINT('Ctrl Pts',(-18.9847128562391,-36.7326052517501,-9.17537633748982));
#5701=CARTESIAN_POINT('Ctrl Pts',(-18.5159583945205,-28.0698008119939,-25.4076991149723));
#5702=CARTESIAN_POINT('Ctrl Pts',(-18.0472039328019,-12.7781344262502,-35.6396735118238));
#5703=CARTESIAN_POINT('Ctrl Pts',(-17.5784494710833,5.53131960095564,-37.4549252208247));
#5704=CARTESIAN_POINT('Ctrl Pts',(-17.1096950093646,22.5344460677483,-30.4247466488619));
#5705=CARTESIAN_POINT('Ctrl Pts',(-16.6409405476461,34.2158163672365,-16.2094053153511));
#5706=CARTESIAN_POINT('Ctrl Pts',(-16.1721860859275,37.8167045541703,1.83398087100021));
#5707=CARTESIAN_POINT('Ctrl Pts',(-15.7034316242089,32.4867343344702,19.4442500375508));
#5708=CARTESIAN_POINT('Ctrl Pts',(-15.2346771624903,19.4846331584311,32.4625289678007));
#5709=CARTESIAN_POINT('Ctrl Pts',(-14.7659227007717,1.88100590226863,37.8143959737504));
#5710=CARTESIAN_POINT('Ctrl Pts',(-14.2971682390531,-16.1668439789989,34.235944362514));
#5711=CARTESIAN_POINT('Ctrl Pts',(-13.8284137773345,-30.3967012712485,22.5722678470393));
#5712=CARTESIAN_POINT('Ctrl Pts',(-13.3596593156159,-37.4480167519713,5.57788222691204));
#5713=CARTESIAN_POINT('Ctrl Pts',(-12.8909048538972,-35.6555382313447,-12.733786537857));
#5714=CARTESIAN_POINT('Ctrl Pts',(-12.4221503921787,-25.4425809515292,-28.0382203748407));
#5715=CARTESIAN_POINT('Ctrl Pts',(-11.95339593046,-9.22105598900609,-36.7210954820876));
#5716=CARTESIAN_POINT('Ctrl Pts',(-11.4846414687415,9.17813084418537,-36.731847777514));
#5717=CARTESIAN_POINT('Ctrl Pts',(-11.0158870070228,25.4097930828727,-28.0679379812956));
#5718=CARTESIAN_POINT('Ctrl Pts',(-10.5471325453042,35.6406309062147,-12.7754512860732));
#5719=CARTESIAN_POINT('Ctrl Pts',(-10.0783780835856,37.4545104627245,5.53410995570578));
#5720=CARTESIAN_POINT('Ctrl Pts',(-9.60962362186704,30.4230625501298,22.5367254066002));
#5721=CARTESIAN_POINT('Ctrl Pts',(-9.14086916014843,16.2068471022508,34.2170254989176));
#5722=CARTESIAN_POINT('Ctrl Pts',(-8.67211469842984,-1.83680776705243,37.8165686467609));
#5723=CARTESIAN_POINT('Ctrl Pts',(-8.20336023671123,-19.4466786674916,32.4852799863341));
#5724=CARTESIAN_POINT('Ctrl Pts',(-7.73460577499263,-32.4639854453533,19.4822066510018));
#5725=CARTESIAN_POINT('Ctrl Pts',(-7.26585131327404,-37.8145365070225,1.87817883777512));
#5726=CARTESIAN_POINT('Ctrl Pts',(-6.79709685155542,-34.2347356743871,-16.1694032138754));
#5727=CARTESIAN_POINT('Ctrl Pts',(-6.32834238983683,-22.5699954289705,-30.3983886632847));
#5728=CARTESIAN_POINT('Ctrl Pts',(-5.85958792811822,-5.57508271412981,-37.4484336083436));
#5729=CARTESIAN_POINT('Ctrl Pts',(-5.39083346639963,12.7364519952174,-35.6545862065659));
#5730=CARTESIAN_POINT('Ctrl Pts',(-4.92207900468102,28.0401223034938,-25.4404848262176));
#5731=CARTESIAN_POINT('Ctrl Pts',(-4.45332454296242,36.721784715852,-9.21831081438072));
#5732=CARTESIAN_POINT('Ctrl Pts',(-3.98457008124381,36.7311615472621,9.18087677604013));
#5733=CARTESIAN_POINT('Ctrl Pts',(-3.51581561952522,28.0660383476248,25.4118912806103));
#5734=CARTESIAN_POINT('Ctrl Pts',(-3.04706115780661,12.7727868704595,35.6415858590737));
#5735=CARTESIAN_POINT('Ctrl Pts',(-2.57830669608801,-5.53690992008917,37.4540966454235));
#5736=CARTESIAN_POINT('Ctrl Pts',(-2.10955223436941,-22.5389996747994,30.4213776914738));
#5737=CARTESIAN_POINT('Ctrl Pts',(-1.6407977726508,-34.2182369755445,16.2042891011418));
#5738=CARTESIAN_POINT('Ctrl Pts',(-1.1720433109322,-37.8164312271927,-1.83963480802688));
#5739=CARTESIAN_POINT('Ctrl Pts',(-0.703288849213602,-32.4838261238491,
-19.4491071091565));
#5740=CARTESIAN_POINT('Ctrl Pts',(-0.234534387495003,-19.4797796924846,
-32.465441782304));
#5741=CARTESIAN_POINT('Ctrl Pts',(0.234220074223601,-1.87535193830698,-37.8146768080251));
#5742=CARTESIAN_POINT('Ctrl Pts',(0.702974535942206,16.171962448414,-34.2335268056768));
#5743=CARTESIAN_POINT('Ctrl Pts',(1.1717289976608,30.4000758392621,-22.5677228792587));
#5744=CARTESIAN_POINT('Ctrl Pts',(1.64048345937941,37.4488502791157,-5.57228317301607));
#5745=CARTESIAN_POINT('Ctrl Pts',(2.10923792109801,35.6536339703811,12.7391173828485));
#5746=CARTESIAN_POINT('Ctrl Pts',(2.57799238281661,25.4383885649602,28.0420240746992));
#5747=CARTESIAN_POINT('Ctrl Pts',(3.04674684453522,9.21556558504249,36.722473744775));
#5748=CARTESIAN_POINT('Ctrl Pts',(3.51550130625382,-9.18362265494773,36.7304751115397));
#5749=CARTESIAN_POINT('Ctrl Pts',(3.98425576797242,-25.4139893371722,28.064138557205));
#5750=CARTESIAN_POINT('Ctrl Pts',(4.45301022969102,-35.6425406123157,12.7701223834125));
#5751=CARTESIAN_POINT('Ctrl Pts',(4.92176469140963,-37.4536826190284,-5.53970985350284));
#5752=CARTESIAN_POINT('Ctrl Pts',(5.39051915312822,-30.4196926626918,-22.541273817051));
#5753=CARTESIAN_POINT('Ctrl Pts',(5.85927361484683,-16.2017310095324,-34.2194482609331));
#5754=CARTESIAN_POINT('Ctrl Pts',(6.32802807656544,1.84246183875069,-37.816293596288));
#5755=CARTESIAN_POINT('Ctrl Pts',(6.79678253828402,19.4515354421122,-32.4823720798238));
#5756=CARTESIAN_POINT('Ctrl Pts',(7.26553700000265,32.4668979378289,-19.477352625104));
#5757=CARTESIAN_POINT('Ctrl Pts',(7.73429146172123,37.8148168976893,-1.87252502835771));
#5758=CARTESIAN_POINT('Ctrl Pts',(8.20304592343984,34.2323177456596,16.1745215925742));
#5759=CARTESIAN_POINT('Ctrl Pts',(8.67180038515844,22.5654502034089,30.4017628453461));
#5760=CARTESIAN_POINT('Ctrl Pts',(9.14055484687703,5.56948360079184,37.4492667406025));
#5761=CARTESIAN_POINT('Ctrl Pts',(9.60930930859564,-12.7417826993447,35.652681534942));
#5762=CARTESIAN_POINT('Ctrl Pts',(10.0780637703142,-28.043925689075,25.4362921615406));
#5763=CARTESIAN_POINT('Ctrl Pts',(10.5468182320328,-36.7231625686942,9.21282030419805));
#5764=CARTESIAN_POINT('Ctrl Pts',(11.0155726937514,-36.7297884701118,-9.18636848252329));
#5765=CARTESIAN_POINT('Ctrl Pts',(11.48432715547,-28.0622386107929,-25.4160872517228));
#5766=CARTESIAN_POINT('Ctrl Pts',(11.9530816171886,-12.7674578233483,-35.6434951663339));
#5767=CARTESIAN_POINT('Ctrl Pts',(12.4218360789073,5.54250975273953,-37.4532683833837));
#5768=CARTESIAN_POINT('Ctrl Pts',(12.8905905406259,22.5435478396023,-30.4180074637838));
#5769=CARTESIAN_POINT('Ctrl Pts',(13.3593450023445,34.2206593428522,-16.1991728276185));
#5770=CARTESIAN_POINT('Ctrl Pts',(13.8280994640631,37.8161557778906,1.84528885964599));
#5771=CARTESIAN_POINT('Ctrl Pts',(14.2968539257817,32.4809178077746,19.4539636654485));
#5772=CARTESIAN_POINT('Ctrl Pts',(14.7656083875003,19.4749255395196,32.4683539136898));
#5773=CARTESIAN_POINT('Ctrl Pts',(15.2343628492189,1.86969793121161,37.8149567725521));
#5774=CARTESIAN_POINT('Ctrl Pts',(15.7031173109375,-16.1770803017715,34.2311085010983));
#5775=CARTESIAN_POINT('Ctrl Pts',(16.1718717726561,-30.4034503533266,22.563177388259));
#5776=CARTESIAN_POINT('Ctrl Pts',(16.6406262343747,-37.4496816830114,5.56668402316101));
#5777=CARTESIAN_POINT('Ctrl Pts',(17.1093806960933,-35.6517314539172,-12.7444479947759));
#5778=CARTESIAN_POINT('Ctrl Pts',(17.5781351578119,-25.43419063716,-28.0458270489621));
#5779=CARTESIAN_POINT('Ctrl Pts',(18.0468896195305,-9.21008467891869,-36.7238513779891));
#5780=CARTESIAN_POINT('Ctrl Pts',(18.5156440812491,9.18913318435519,-36.7291012517989));
#5781=CARTESIAN_POINT('Ctrl Pts',(18.9843985429677,25.4181481253761,-28.0603392320624));
#5782=CARTESIAN_POINT('Ctrl Pts',(19.4531530046863,35.6445214631702,-12.7647917796206));
#5783=CARTESIAN_POINT('Ctrl Pts',(19.9219074664049,37.4527136615605,5.5453068700181));
#5784=CARTESIAN_POINT('Ctrl Pts',(20.3906619281235,30.4165957290876,22.5458270729264));
#5785=CARTESIAN_POINT('Ctrl Pts',(20.8594163898421,16.1960795950994,34.2218601079932));
#5786=CARTESIAN_POINT('Ctrl Pts',(21.3281708515607,-1.84705760119942,37.8160345724146));
#5787=CARTESIAN_POINT('Ctrl Pts',(21.7969253132793,-19.4586144654967,32.4794609898182));
#5788=CARTESIAN_POINT('Ctrl Pts',(22.1094282877584,-28.1287262066547,23.8079333751628));
#5789=CARTESIAN_POINT('Ctrl Pts',(22.2656797749979,-31.1892802965974,18.7045507452139));
#5790=CARTESIAN_POINT('Ctrl Pts',(-21.1348264177005,33.9244365197733,16.0166426546571));
#5791=CARTESIAN_POINT('Ctrl Pts',(-20.9785749304609,31.3036945489241,21.5675684349066));
#5792=CARTESIAN_POINT('Ctrl Pts',(-20.6660719559819,23.2890003576471,31.3536826980235));
#5793=CARTESIAN_POINT('Ctrl Pts',(-20.1973174942633,5.75565580915799,38.6291173836247));
#5794=CARTESIAN_POINT('Ctrl Pts',(-19.7285630325447,-13.1322128032653,36.7813117650511));
#5795=CARTESIAN_POINT('Ctrl Pts',(-19.259808570826,-28.9210850573861,26.2474359791222));
#5796=CARTESIAN_POINT('Ctrl Pts',(-18.7910541091074,-37.8787133288347,9.51477535007933));
#5797=CARTESIAN_POINT('Ctrl Pts',(-18.3222996473889,-37.8914411081488,-9.46484001758987));
#5798=CARTESIAN_POINT('Ctrl Pts',(-17.8535451856702,-28.9553435454857,-26.209258181127));
#5799=CARTESIAN_POINT('Ctrl Pts',(-17.3847907239516,-13.1812574895216,-36.7640296878365));
#5800=CARTESIAN_POINT('Ctrl Pts',(-16.916036262233,5.70582101306232,-38.6365487415947));
#5801=CARTESIAN_POINT('Ctrl Pts',(-16.4472818005145,23.2453600889133,-31.3845829331904));
#5802=CARTESIAN_POINT('Ctrl Pts',(-15.9785273387958,35.2952528676033,-16.7207777040393));
#5803=CARTESIAN_POINT('Ctrl Pts',(-15.5097728770773,39.0097414462682,1.89183908112981));
#5804=CARTESIAN_POINT('Ctrl Pts',(-15.0410184153586,33.5116219607648,20.0576749223327));
#5805=CARTESIAN_POINT('Ctrl Pts',(-14.5722639536401,20.0993320451019,33.4866529660699));
#5806=CARTESIAN_POINT('Ctrl Pts',(-14.1035094919214,1.94034765248503,39.0073600350283));
#5807=CARTESIAN_POINT('Ctrl Pts',(-13.6347550302028,-16.676873647716,35.316015858479));
#5808=CARTESIAN_POINT('Ctrl Pts',(-13.1660005684842,-31.3556527833437,23.2843750651937));
#5809=CARTESIAN_POINT('Ctrl Pts',(-12.6972461067656,-38.6294223251884,5.75385259119776));
#5810=CARTESIAN_POINT('Ctrl Pts',(-12.228491645047,-36.7803949056397,-13.1355105192262));
#5811=CARTESIAN_POINT('Ctrl Pts',(-11.7597371833284,-26.2452404657098,-28.9227668124616));
#5812=CARTESIAN_POINT('Ctrl Pts',(-11.2909827216098,-9.51196076531271,-37.8795682296436));
#5813=CARTESIAN_POINT('Ctrl Pts',(-10.8222282598912,9.46768142313462,-37.8906597372057));
#5814=CARTESIAN_POINT('Ctrl Pts',(-10.3534737981726,26.2114182092773,-28.9534219464264));
#5815=CARTESIAN_POINT('Ctrl Pts',(-9.88471933645402,36.7650172859916,-13.1784897019577));
#5816=CARTESIAN_POINT('Ctrl Pts',(-9.41596487473541,38.6361208987553,5.70869939759182));
#5817=CARTESIAN_POINT('Ctrl Pts',(-8.94721041301681,31.3828457047121,23.247711336076));
#5818=CARTESIAN_POINT('Ctrl Pts',(-8.47845595129821,16.7181387847368,35.2965001448268));
#5819=CARTESIAN_POINT('Ctrl Pts',(-8.00970148957961,-1.89475515976209,39.0096012512681));
#5820=CARTESIAN_POINT('Ctrl Pts',(-7.54094702786101,-20.0601801704017,33.5101217310268));
#5821=CARTESIAN_POINT('Ctrl Pts',(-7.0721925661424,-33.488155392403,20.0968289865051));
#5822=CARTESIAN_POINT('Ctrl Pts',(-6.6034381044238,-39.0075050018271,1.93743140009752));
#5823=CARTESIAN_POINT('Ctrl Pts',(-6.1346836427052,-35.3147690388031,-16.6795136210296));
#5824=CARTESIAN_POINT('Ctrl Pts',(-5.66592918098659,-23.2820309571502,-31.3573934090229));
#5825=CARTESIAN_POINT('Ctrl Pts',(-5.197174719268,-5.75096475971967,-38.6298523324959));
#5826=CARTESIAN_POINT('Ctrl Pts',(-4.7284202575494,13.138260066118,-36.7794128464966));
#5827=CARTESIAN_POINT('Ctrl Pts',(-4.25966579583079,28.9247287429335,-26.2430782120865));
#5828=CARTESIAN_POINT('Ctrl Pts',(-3.79091133411219,37.8802792072727,-9.50912898624517));
#5829=CARTESIAN_POINT('Ctrl Pts',(-3.32215687239358,37.8899518578436,9.47051398332057));
#5830=CARTESIAN_POINT('Ctrl Pts',(-2.85340241067498,28.9514623833387,26.2135826007073));
#5831=CARTESIAN_POINT('Ctrl Pts',(-2.38464794895639,13.1757412296775,36.7660023655897));
#5832=CARTESIAN_POINT('Ctrl Pts',(-1.91589348723778,-5.71158769491819,38.6356940263953));
#5833=CARTESIAN_POINT('Ctrl Pts',(-1.44713902551918,-23.2500573526174,31.3811076923359));
#5834=CARTESIAN_POINT('Ctrl Pts',(-0.978384563800575,-35.2977498409741,
16.7155000841134));
#5835=CARTESIAN_POINT('Ctrl Pts',(-0.509630102081974,-39.0094594964037,
-1.89767138788852));
#5836=CARTESIAN_POINT('Ctrl Pts',(-0.0408756403633729,-33.5086220022613,
-20.0626852242551));
#5837=CARTESIAN_POINT('Ctrl Pts',(0.427878821355226,-20.0943254625896,-33.4896576736983));
#5838=CARTESIAN_POINT('Ctrl Pts',(0.89663328307383,-1.9345153179416,-39.0076497290292));
#5839=CARTESIAN_POINT('Ctrl Pts',(1.36538774479243,16.6821535939947,-35.3135220328467));
#5840=CARTESIAN_POINT('Ctrl Pts',(1.83414220651103,31.3591338118271,-23.2796867133107));
#5841=CARTESIAN_POINT('Ctrl Pts',(2.30289666822964,38.630282148348,-5.74807689901625));
#5842=CARTESIAN_POINT('Ctrl Pts',(2.77165112994824,36.778430569278,13.1410095410807));
#5843=CARTESIAN_POINT('Ctrl Pts',(3.24040559166684,26.2409158182286,28.9266905109904));
#5844=CARTESIAN_POINT('Ctrl Pts',(3.70916005338545,9.50629715073868,37.880989973598));
#5845=CARTESIAN_POINT('Ctrl Pts',(4.17791451510404,-9.47334648888898,37.8892437665287));
#5846=CARTESIAN_POINT('Ctrl Pts',(4.64666897682265,-26.2157468465078,28.9495026585569));
#5847=CARTESIAN_POINT('Ctrl Pts',(5.11542343854125,-36.7669872392734,13.1729926837105));
#5848=CARTESIAN_POINT('Ctrl Pts',(5.58417790025985,-38.6352669383448,-5.71447596029777));
#5849=CARTESIAN_POINT('Ctrl Pts',(6.05293236197845,-31.3793695044665,-23.252403239238));
#5850=CARTESIAN_POINT('Ctrl Pts',(6.52168682369705,-16.7128612901345,-35.2989993398498));
#5851=CARTESIAN_POINT('Ctrl Pts',(6.99044128541566,1.90058760544097,-39.0093175235356));
#5852=CARTESIAN_POINT('Ctrl Pts',(7.45919574713425,20.0651901659698,-33.5071220862283));
#5853=CARTESIAN_POINT('Ctrl Pts',(7.92795020885287,33.4911597678443,-20.0918218263762));
#5854=CARTESIAN_POINT('Ctrl Pts',(8.39670467057146,39.0077942382254,-1.9315992249739));
#5855=CARTESIAN_POINT('Ctrl Pts',(8.86545913229007,35.312274829548,16.6847934737302));
#5856=CARTESIAN_POINT('Ctrl Pts',(9.33421359400867,23.2773423393538,31.3608740393781));
#5857=CARTESIAN_POINT('Ctrl Pts',(9.80296805572727,5.74518900622082,38.6307117483122));
#5858=CARTESIAN_POINT('Ctrl Pts',(10.2717225174459,-13.1437589426643,36.7774480865191));
#5859=CARTESIAN_POINT('Ctrl Pts',(10.7404769791645,-28.9286521172701,26.2387532777236));
#5860=CARTESIAN_POINT('Ctrl Pts',(11.2092314408831,-37.8817005284522,9.50346526210109));
#5861=CARTESIAN_POINT('Ctrl Pts',(11.6779859026017,-37.8885354630188,-9.47617894150595));
#5862=CARTESIAN_POINT('Ctrl Pts',(12.1467403643203,-28.9475427728617,-26.2179109458167));
#5863=CARTESIAN_POINT('Ctrl Pts',(12.6154948260389,-13.1702440624226,-36.7679719074481));
#5864=CARTESIAN_POINT('Ctrl Pts',(13.0842492877575,5.71736419042219,-38.6348396344433));
#5865=CARTESIAN_POINT('Ctrl Pts',(13.5530037494761,23.2547490023819,-31.377631141104));
#5866=CARTESIAN_POINT('Ctrl Pts',(14.0217582111947,35.3002486288371,-16.7102224030022));
#5867=CARTESIAN_POINT('Ctrl Pts',(14.4905126729133,39.0091753572598,1.90350381285482));
#5868=CARTESIAN_POINT('Ctrl Pts',(14.9592671346319,33.5056219349777,20.0676949946067));
#5869=CARTESIAN_POINT('Ctrl Pts',(15.4280215963505,20.0893181713849,33.4926616766583));
#5870=CARTESIAN_POINT('Ctrl Pts',(15.8967760580691,1.92868293890367,39.0079385258437));
#5871=CARTESIAN_POINT('Ctrl Pts',(16.3655305197877,-16.6874329047806,35.3110274358833));
#5872=CARTESIAN_POINT('Ctrl Pts',(16.8342849815063,-31.3626147846595,23.2749978217022));
#5873=CARTESIAN_POINT('Ctrl Pts',(17.3030394432249,-38.6311397812748,5.74230110784832));
#5874=CARTESIAN_POINT('Ctrl Pts',(17.7717939049435,-36.7764680324513,-13.1465083225185));
#5875=CARTESIAN_POINT('Ctrl Pts',(18.2405483666621,-26.2365854547021,-28.9306134610324));
#5876=CARTESIAN_POINT('Ctrl Pts',(18.7093028283807,-9.50064333364116,-37.8824110682208));
#5877=CARTESIAN_POINT('Ctrl Pts',(19.1780572900993,9.47903086382202,-37.8878265644244));
#5878=CARTESIAN_POINT('Ctrl Pts',(19.6468117518179,26.2200368356667,-28.9455834727571));
#5879=CARTESIAN_POINT('Ctrl Pts',(20.1155662135365,36.7690305817747,-13.1674939106649));
#5880=CARTESIAN_POINT('Ctrl Pts',(20.5843206752551,38.6342674123221,5.72024955082363));
#5881=CARTESIAN_POINT('Ctrl Pts',(21.0530751369737,31.3761748691697,23.2571001406875));
#5882=CARTESIAN_POINT('Ctrl Pts',(21.5218295986923,16.7070315855519,35.3014872755738));
#5883=CARTESIAN_POINT('Ctrl Pts',(21.9905840604109,-1.90532835445617,39.0090503280079));
#5884=CARTESIAN_POINT('Ctrl Pts',(22.4593385221295,-20.072492517541,33.5041191575018));
#5885=CARTESIAN_POINT('Ctrl Pts',(22.7718414966086,-29.0161279114804,24.5590232222565));
#5886=CARTESIAN_POINT('Ctrl Pts',(22.9280929838481,-32.1732359974048,19.2946396848039));
#5887=CARTESIAN_POINT('Ctrl Pts',(-20.4724132088502,34.9619492745675,16.506480445581));
#5888=CARTESIAN_POINT('Ctrl Pts',(-20.3161617216107,32.2610570197129,22.2271704692121));
#5889=CARTESIAN_POINT('Ctrl Pts',(-20.0036587471316,24.001249031354,32.3125739588999));
#5890=CARTESIAN_POINT('Ctrl Pts',(-19.534904285413,5.93168132134967,39.8105136307986));
#5891=CARTESIAN_POINT('Ctrl Pts',(-19.0661498236944,-13.5338359304208,37.9061964797038));
#5892=CARTESIAN_POINT('Ctrl Pts',(-18.5973953619758,-29.8055800618067,27.0501626388003));
#5893=CARTESIAN_POINT('Ctrl Pts',(-18.1286409002572,-39.037159930916,9.805766204974));
#5894=CARTESIAN_POINT('Ctrl Pts',(-17.6598864385386,-39.0502769645475,-9.75430369768995));
#5895=CARTESIAN_POINT('Ctrl Pts',(-17.19113197682,-29.8408862789774,-27.0108172472816));
#5896=CARTESIAN_POINT('Ctrl Pts',(-16.7223775151014,-13.5843805527929,-37.8883858638493));
#5897=CARTESIAN_POINT('Ctrl Pts',(-16.2536230533828,5.88032242516901,-39.8181722623645));
#5898=CARTESIAN_POINT('Ctrl Pts',(-15.7848685916642,23.9562741100783,-32.344419217519));
#5899=CARTESIAN_POINT('Ctrl Pts',(-15.3161141299456,36.3746893679702,-17.2321500927276));
#5900=CARTESIAN_POINT('Ctrl Pts',(-14.847359668227,40.2027783383661,1.94969729125944));
#5901=CARTESIAN_POINT('Ctrl Pts',(-14.3786052065084,34.5365095870594,20.6710998071146));
#5902=CARTESIAN_POINT('Ctrl Pts',(-13.9098507447898,20.7140309317726,34.5107769643392));
#5903=CARTESIAN_POINT('Ctrl Pts',(-13.4410962830712,1.99968940270145,40.2003240963059));
#5904=CARTESIAN_POINT('Ctrl Pts',(-12.9723418213526,-17.1869033164331,36.3960873544442));
#5905=CARTESIAN_POINT('Ctrl Pts',(-12.503587359634,-32.3146042954389,23.996482283348));
#5906=CARTESIAN_POINT('Ctrl Pts',(-12.0348328979154,-39.8108278984056,5.92982295548353));
#5907=CARTESIAN_POINT('Ctrl Pts',(-11.5660784361968,-37.9052515799348,-13.5372345005953));
#5908=CARTESIAN_POINT('Ctrl Pts',(-11.0973239744782,-27.0478999798905,-29.8073132500826));
#5909=CARTESIAN_POINT('Ctrl Pts',(-10.6285695127596,-9.80286554161936,-39.0380409771995));
#5910=CARTESIAN_POINT('Ctrl Pts',(-10.159815051041,9.75723200208391,-39.0494716968975));
#5911=CARTESIAN_POINT('Ctrl Pts',(-9.69106058932237,27.0130433356819,-29.838905911557));
#5912=CARTESIAN_POINT('Ctrl Pts',(-9.22230612760379,37.8894036657686,-13.5815281178423));
#5913=CARTESIAN_POINT('Ctrl Pts',(-8.75355166588518,39.817731334786,5.88328883947794));
#5914=CARTESIAN_POINT('Ctrl Pts',(-8.28479720416659,32.3426288592944,23.9586972655516));
#5915=CARTESIAN_POINT('Ctrl Pts',(-7.81604274244797,17.2294304672227,36.375974790736));
#5916=CARTESIAN_POINT('Ctrl Pts',(-7.34728828072939,-1.95270255247172,40.2026338557753));
#5917=CARTESIAN_POINT('Ctrl Pts',(-6.87853381901076,-20.6736816733118,34.5349634757196));
#5918=CARTESIAN_POINT('Ctrl Pts',(-6.40977935729218,-34.5123253394526,20.7114513220084));
#5919=CARTESIAN_POINT('Ctrl Pts',(-5.94102489557357,-40.2004734966318,1.99668396241993));
#5920=CARTESIAN_POINT('Ctrl Pts',(-5.47227043385496,-36.3948024032191,-17.1896240281839));
#5921=CARTESIAN_POINT('Ctrl Pts',(-5.00351597213637,-23.9940664853299,-32.3163981547611));
#5922=CARTESIAN_POINT('Ctrl Pts',(-4.53476151041777,-5.92684680530953,-39.8112710566483));
#5923=CARTESIAN_POINT('Ctrl Pts',(-4.06600704869917,13.5400681370186,-37.9042394864273));
#5924=CARTESIAN_POINT('Ctrl Pts',(-3.59725258698056,29.8093351823731,-27.0456715979554));
#5925=CARTESIAN_POINT('Ctrl Pts',(-3.12849812526196,39.0387736986934,-9.79994715810964));
#5926=CARTESIAN_POINT('Ctrl Pts',(-2.65974366354336,39.048742168425,9.76015119060106));
#5927=CARTESIAN_POINT('Ctrl Pts',(-2.19098920182476,29.8368864190526,27.0152739208042));
#5928=CARTESIAN_POINT('Ctrl Pts',(-1.72223474010616,13.5786955888956,37.8904188721059));
#5929=CARTESIAN_POINT('Ctrl Pts',(-1.25348027838755,-5.88626546974719,39.8172914073671));
#5930=CARTESIAN_POINT('Ctrl Pts',(-0.784725816668951,-23.9611150304354,
32.3408376931979));
#5931=CARTESIAN_POINT('Ctrl Pts',(-0.315971354950346,-36.3772627064035,
17.226711067085));
#5932=CARTESIAN_POINT('Ctrl Pts',(0.152783106768255,-40.2024877656148,-1.95570796775019));
#5933=CARTESIAN_POINT('Ctrl Pts',(0.621537568486856,-34.5334178806735,-20.6762633393537));
#5934=CARTESIAN_POINT('Ctrl Pts',(1.09029203020546,-20.7088712326946,-34.5138735650927));
#5935=CARTESIAN_POINT('Ctrl Pts',(1.55904649192406,-1.99367869757618,-40.2006226500331));
#5936=CARTESIAN_POINT('Ctrl Pts',(2.02780095364266,17.1923447395754,-36.3935172600166));
#5937=CARTESIAN_POINT('Ctrl Pts',(2.49655541536126,32.3181917843923,-23.9916505473627));
#5938=CARTESIAN_POINT('Ctrl Pts',(2.96530987707987,39.8117140175802,-5.92387062501645));
#5939=CARTESIAN_POINT('Ctrl Pts',(3.43406433879847,37.903227168175,13.5429016993129));
#5940=CARTESIAN_POINT('Ctrl Pts',(3.90281880051707,27.0434430714969,29.8113569472815));
#5941=CARTESIAN_POINT('Ctrl Pts',(4.37157326223567,9.79702871643489,39.0395062024212));
#5942=CARTESIAN_POINT('Ctrl Pts',(4.84032772395429,-9.76307032283025,39.0480124215177));
#5943=CARTESIAN_POINT('Ctrl Pts',(5.30908218567286,-27.0175043558434,29.8348667599088));
#5944=CARTESIAN_POINT('Ctrl Pts',(5.77783664739149,-37.891433866231,13.5758629840084));
#5945=CARTESIAN_POINT('Ctrl Pts',(6.24659110911008,-39.8168512576612,-5.88924206709269));
#5946=CARTESIAN_POINT('Ctrl Pts',(6.71534557082868,-32.3390463462412,-23.963532661425));
#5947=CARTESIAN_POINT('Ctrl Pts',(7.18410003254729,-17.2239915707366,-36.3785504187665));
#5948=CARTESIAN_POINT('Ctrl Pts',(7.65285449426589,1.95871337213127,-40.2023414507833));
#5949=CARTESIAN_POINT('Ctrl Pts',(8.12160895598449,20.6788448898273,-34.5318720926327));
#5950=CARTESIAN_POINT('Ctrl Pts',(8.5903634177031,34.5154215978598,-20.7062910276485));
#5951=CARTESIAN_POINT('Ctrl Pts',(9.05911787942169,40.2007715787615,-1.99067342159003));
#5952=CARTESIAN_POINT('Ctrl Pts',(9.5278723411403,36.3922319134364,17.1950653548861));
#5953=CARTESIAN_POINT('Ctrl Pts',(9.99662680285889,23.9892344752988,32.3199852334103));
#5954=CARTESIAN_POINT('Ctrl Pts',(10.4653812645775,5.92089441164982,39.8121567560217));
#5955=CARTESIAN_POINT('Ctrl Pts',(10.9341357262961,-13.5457351859839,37.9022146380963));
#5956=CARTESIAN_POINT('Ctrl Pts',(11.4028901880147,-29.8133785454652,27.0412143939065));
#5957=CARTESIAN_POINT('Ctrl Pts',(11.8716446497333,-39.0402384882102,9.79411022000411));
#5958=CARTESIAN_POINT('Ctrl Pts',(12.3403991114519,-39.0472824559258,-9.7659894004886));
#5959=CARTESIAN_POINT('Ctrl Pts',(12.8091535731705,-29.8328469349304,-27.0197346399107));
#5960=CARTESIAN_POINT('Ctrl Pts',(13.2779080348891,-13.573030301497,-37.8924486485623));
#5961=CARTESIAN_POINT('Ctrl Pts',(13.7466624966077,5.89221862810482,-39.8164108855028));
#5962=CARTESIAN_POINT('Ctrl Pts',(14.2154169583263,23.9659501651616,-32.3372548184243));
#5963=CARTESIAN_POINT('Ctrl Pts',(14.6841714200449,36.3798379148219,-17.2212719783859));
#5964=CARTESIAN_POINT('Ctrl Pts',(15.1529258817635,40.2021949366291,1.96171876606368));
#5965=CARTESIAN_POINT('Ctrl Pts',(15.6216803434821,34.5303260621807,20.6814263237648));
#5966=CARTESIAN_POINT('Ctrl Pts',(16.0904348052007,20.7037108032502,34.5169694396268));
#5967=CARTESIAN_POINT('Ctrl Pts',(16.5591892669193,1.98766794659568,40.2009202791352));
#5968=CARTESIAN_POINT('Ctrl Pts',(17.0279437286379,-17.1977855077895,36.3909463706683));
#5969=CARTESIAN_POINT('Ctrl Pts',(17.4966981903565,-32.3217792159925,23.9868182551455));
#5970=CARTESIAN_POINT('Ctrl Pts',(17.9654526520751,-39.8125978795381,5.91791819253558));
#5971=CARTESIAN_POINT('Ctrl Pts',(18.4342071137937,-37.9012046109854,-13.5485686502609));
#5972=CARTESIAN_POINT('Ctrl Pts',(18.9029615755123,-27.0389802722441,-29.8153998731028));
#5973=CARTESIAN_POINT('Ctrl Pts',(19.3717160372309,-9.79120198836362,-39.0409707584525));
#5974=CARTESIAN_POINT('Ctrl Pts',(19.8404704989495,9.76892854328884,-39.0465518770499));
#5975=CARTESIAN_POINT('Ctrl Pts',(20.3092249606681,27.0219255459573,-29.8308277134519));
#5976=CARTESIAN_POINT('Ctrl Pts',(20.7779794223868,37.8935397003792,-13.5701960417092));
#5977=CARTESIAN_POINT('Ctrl Pts',(21.2467338841053,39.8158211630837,5.89519223162909));
#5978=CARTESIAN_POINT('Ctrl Pts',(21.715488345824,32.3357540092518,23.9683732084486));
#5979=CARTESIAN_POINT('Ctrl Pts',(22.1842428075425,17.2179835760044,36.3811144431544));
#5980=CARTESIAN_POINT('Ctrl Pts',(22.6529972692612,-1.96359910771295,40.2020660836012));
#5981=CARTESIAN_POINT('Ctrl Pts',(23.1217517309797,-20.6863705695853,34.5287773251855));
#5982=CARTESIAN_POINT('Ctrl Pts',(23.4342547054588,-29.9035296163061,25.3101130693502));
#5983=CARTESIAN_POINT('Ctrl Pts',(23.5905061926984,-33.1571916982121,19.8847286243939));
#5984=CARTESIAN_POINT('Ctrl Pts',(-19.81,35.9994620293616,16.996318236505));
#5985=CARTESIAN_POINT('Ctrl Pts',(-19.6537485127605,33.2184194905017,22.8867725035176));
#5986=CARTESIAN_POINT('Ctrl Pts',(-19.3412455382814,24.713497705061,33.2714652197762));
#5987=CARTESIAN_POINT('Ctrl Pts',(-18.8724910765628,6.10770683354132,40.9919098779725));
#5988=CARTESIAN_POINT('Ctrl Pts',(-18.4037366148442,-13.9354590575762,39.0310811943565));
#5989=CARTESIAN_POINT('Ctrl Pts',(-17.9349821531256,-30.6900750662274,27.8528892984786));
#5990=CARTESIAN_POINT('Ctrl Pts',(-17.466227691407,-40.1956065329973,10.0967570598686));
#5991=CARTESIAN_POINT('Ctrl Pts',(-16.9974732296884,-40.2091128209462,-10.04376737779));
#5992=CARTESIAN_POINT('Ctrl Pts',(-16.5287187679698,-30.7264290124691,-27.8123763134362));
#5993=CARTESIAN_POINT('Ctrl Pts',(-16.0599643062512,-13.9875036160642,-39.0127420398621));
#5994=CARTESIAN_POINT('Ctrl Pts',(-15.5912098445326,6.05482383727569,-40.9997957831344));
#5995=CARTESIAN_POINT('Ctrl Pts',(-15.122455382814,24.6671881312433,-33.3042555018476));
#5996=CARTESIAN_POINT('Ctrl Pts',(-14.6537009210954,37.454125868337,-17.7435224814158));
#5997=CARTESIAN_POINT('Ctrl Pts',(-14.1849464593768,41.3958152304641,2.00755550138905));
#5998=CARTESIAN_POINT('Ctrl Pts',(-13.7161919976582,35.561397213354,21.2845246918965));
#5999=CARTESIAN_POINT('Ctrl Pts',(-13.2474375359396,21.3287298184433,35.5349009626084));
#6000=CARTESIAN_POINT('Ctrl Pts',(-12.778683074221,2.05903115291784,41.3932881575837));
#6001=CARTESIAN_POINT('Ctrl Pts',(-12.3099286125024,-17.6969329851502,37.4761588504092));
#6002=CARTESIAN_POINT('Ctrl Pts',(-11.8411741507838,-33.2735558075341,24.7085895015023));
#6003=CARTESIAN_POINT('Ctrl Pts',(-11.3724196890652,-40.9922334716228,6.1057933197693));
#6004=CARTESIAN_POINT('Ctrl Pts',(-10.9036652273466,-39.0301082542298,-13.9389584819645));
#6005=CARTESIAN_POINT('Ctrl Pts',(-10.434910765628,-27.8505594940711,-30.6918596877036));
#6006=CARTESIAN_POINT('Ctrl Pts',(-9.96615630390936,-10.093770317926,-40.1965137247555));
#6007=CARTESIAN_POINT('Ctrl Pts',(-9.49740184219076,10.0467825810332,-40.2082836565891));
#6008=CARTESIAN_POINT('Ctrl Pts',(-9.02864738047214,27.8146684620864,-30.7243898766877));
#6009=CARTESIAN_POINT('Ctrl Pts',(-8.55989291875357,39.0137900455457,-13.9845665337268));
#6010=CARTESIAN_POINT('Ctrl Pts',(-8.09113845703495,40.9993417708167,6.05787828136398));
#6011=CARTESIAN_POINT('Ctrl Pts',(-7.62238399531635,33.3024120138767,24.6696831950273));
#6012=CARTESIAN_POINT('Ctrl Pts',(-7.15362953359775,17.7407221497087,37.4554494366451));
#6013=CARTESIAN_POINT('Ctrl Pts',(-6.68487507187915,-2.01064994518137,41.3956664602825));
#6014=CARTESIAN_POINT('Ctrl Pts',(-6.21612061016055,-21.2871831762219,35.5598052204124));
#6015=CARTESIAN_POINT('Ctrl Pts',(-5.74736614844194,-35.5364952865023,21.3260736575116));
#6016=CARTESIAN_POINT('Ctrl Pts',(-5.27861168672334,-41.3934419914365,2.05593652474235));
#6017=CARTESIAN_POINT('Ctrl Pts',(-4.80985722500474,-37.4748357676351,-17.6997344353381));
#6018=CARTESIAN_POINT('Ctrl Pts',(-4.34110276328614,-24.7061020135096,-33.2754029004994));
#6019=CARTESIAN_POINT('Ctrl Pts',(-3.87234830156753,-6.10272885089943,-40.9926897808006));
#6020=CARTESIAN_POINT('Ctrl Pts',(-3.40359383984894,13.9418762079192,-39.029066126358));
#6021=CARTESIAN_POINT('Ctrl Pts',(-2.93483937813033,30.6939416218127,-27.8482649838243));
#6022=CARTESIAN_POINT('Ctrl Pts',(-2.46608491641173,40.1972681901141,-10.0907653299741));
#6023=CARTESIAN_POINT('Ctrl Pts',(-1.99733045469312,40.2075324790064,10.0497883978815));
#6024=CARTESIAN_POINT('Ctrl Pts',(-1.52857599297453,30.7223104547665,27.8169652409012));
#6025=CARTESIAN_POINT('Ctrl Pts',(-1.05982153125593,13.9816499481136,39.0148353786219));
#6026=CARTESIAN_POINT('Ctrl Pts',(-0.591067069537325,-6.06094324457621,
40.9988887883389));
#6027=CARTESIAN_POINT('Ctrl Pts',(-0.122312607818721,-24.6721727082534,
33.3005676940599));
#6028=CARTESIAN_POINT('Ctrl Pts',(0.346441853899883,-37.4567755718331,17.7379220500566));
#6029=CARTESIAN_POINT('Ctrl Pts',(0.815196315618484,-41.3955160348258,-2.01374454761184));
#6030=CARTESIAN_POINT('Ctrl Pts',(1.28395077733709,-35.5582137590858,-21.2898414544523));
#6031=CARTESIAN_POINT('Ctrl Pts',(1.75270523905569,-21.3234170027996,-35.538089456487));
#6032=CARTESIAN_POINT('Ctrl Pts',(2.22145970077429,-2.05284207721081,-41.3935955710372));
#6033=CARTESIAN_POINT('Ctrl Pts',(2.69021416249289,17.7025358851561,-37.4735124871864));
#6034=CARTESIAN_POINT('Ctrl Pts',(3.15896862421149,33.2772497569573,-24.7036143814147));
#6035=CARTESIAN_POINT('Ctrl Pts',(3.6277230859301,40.9931458868125,-6.09966435101662));
#6036=CARTESIAN_POINT('Ctrl Pts',(4.0964775476487,39.0280237670719,13.944793857545));
#6037=CARTESIAN_POINT('Ctrl Pts',(4.5652320093673,27.8459703247653,30.6960233835727));
#6038=CARTESIAN_POINT('Ctrl Pts',(5.0339864710859,10.0877602821311,40.1980224312443));
#6039=CARTESIAN_POINT('Ctrl Pts',(5.50274093280451,-10.0527941567715,40.2067810765067));
#6040=CARTESIAN_POINT('Ctrl Pts',(5.9714953945231,-27.8192618651789,30.7202308612607));
#6041=CARTESIAN_POINT('Ctrl Pts',(6.44024985624171,-39.0158804931887,13.9787332843064));
#6042=CARTESIAN_POINT('Ctrl Pts',(6.90900431796031,-40.9984355769776,-6.06400817388762));
#6043=CARTESIAN_POINT('Ctrl Pts',(7.37775877967891,-33.2987231880159,-24.674662083612));
#6044=CARTESIAN_POINT('Ctrl Pts',(7.84651324139752,-17.7351218513387,-37.4581014976832));
#6045=CARTESIAN_POINT('Ctrl Pts',(8.31526770311611,2.01683913882156,-41.3953653780308));
#6046=CARTESIAN_POINT('Ctrl Pts',(8.78402216483472,21.2924996136847,-35.5566220990372));
#6047=CARTESIAN_POINT('Ctrl Pts',(9.25277662655333,35.5396834278752,-21.3207602289208));
#6048=CARTESIAN_POINT('Ctrl Pts',(9.72153108827192,41.3937489192975,-2.04974761820619));
#6049=CARTESIAN_POINT('Ctrl Pts',(10.1902855499905,37.4721889973248,17.7053372360421));
#6050=CARTESIAN_POINT('Ctrl Pts',(10.6590400117091,24.7011266112437,33.2790964274424));
#6051=CARTESIAN_POINT('Ctrl Pts',(11.1277944734277,6.09659981707884,40.9936017637314));
#6052=CARTESIAN_POINT('Ctrl Pts',(11.5965489351463,-13.9477114293035,39.0269811896734));
#6053=CARTESIAN_POINT('Ctrl Pts',(12.0653033968649,-30.6981049736602,27.8436755100894));
#6054=CARTESIAN_POINT('Ctrl Pts',(12.5340578585835,-40.1987764479683,10.0847551779072));
#6055=CARTESIAN_POINT('Ctrl Pts',(13.0028123203021,-40.2060294488328,-10.0557998594713));
#6056=CARTESIAN_POINT('Ctrl Pts',(13.4715667820207,-30.7181510969992,-27.8215583340046));
#6057=CARTESIAN_POINT('Ctrl Pts',(13.9403212437393,-13.9758165405713,-39.0169253896764));
#6058=CARTESIAN_POINT('Ctrl Pts',(14.4090757054579,6.06707306578748,-40.9979821365625));
#6059=CARTESIAN_POINT('Ctrl Pts',(14.8778301671765,24.6771513279412,-33.2968784957444));
#6060=CARTESIAN_POINT('Ctrl Pts',(15.3465846288951,37.4594272008069,-17.7323215537697));
#6061=CARTESIAN_POINT('Ctrl Pts',(15.8153390906137,41.3952145159983,2.01993371927255));
#6062=CARTESIAN_POINT('Ctrl Pts',(16.2840935523323,35.5550301893838,21.295157652923));
#6063=CARTESIAN_POINT('Ctrl Pts',(16.752848014051,21.3181034351154,35.5412772025954));
#6064=CARTESIAN_POINT('Ctrl Pts',(17.2216024757695,2.04665295428773,41.3939020324268));
#6065=CARTESIAN_POINT('Ctrl Pts',(17.6903569374882,-17.7081381107985,37.4708653054533));
#6066=CARTESIAN_POINT('Ctrl Pts',(18.1591113992068,-33.2809436473254,24.6986386885887));
#6067=CARTESIAN_POINT('Ctrl Pts',(18.6278658609254,-40.9940559778014,6.09353527722288));
#6068=CARTESIAN_POINT('Ctrl Pts',(19.096620322644,-39.0259411895195,-13.9506289780034));
#6069=CARTESIAN_POINT('Ctrl Pts',(19.5653747843626,-27.8413750897861,-30.7001862851732));
#6070=CARTESIAN_POINT('Ctrl Pts',(20.0341292460812,-10.0817606430861,-40.1995304486842));
#6071=CARTESIAN_POINT('Ctrl Pts',(20.5028837077998,10.0588262227557,-40.2052771896754));
#6072=CARTESIAN_POINT('Ctrl Pts',(20.9716381695183,27.8238142562479,-30.7160719541467));
#6073=CARTESIAN_POINT('Ctrl Pts',(21.440392631237,39.0180488189838,-13.9728981727535));
#6074=CARTESIAN_POINT('Ctrl Pts',(21.9091470929555,40.9973749138453,6.07013491243455));
#6075=CARTESIAN_POINT('Ctrl Pts',(22.3779015546742,33.2953331493339,24.6796462762098));
#6076=CARTESIAN_POINT('Ctrl Pts',(22.8466560163927,17.728935566457,37.4607416107349));
#6077=CARTESIAN_POINT('Ctrl Pts',(23.3154104781114,-2.02186986096973,41.3950818391945));
#6078=CARTESIAN_POINT('Ctrl Pts',(23.7841649398299,-21.3002486216295,35.5534354928691));
#6079=CARTESIAN_POINT('Ctrl Pts',(24.096667914309,-30.7909313211318,26.0612029164439));
#6080=CARTESIAN_POINT('Ctrl Pts',(24.2529194015486,-34.1411473990195,20.4748175639839));
#6081=CARTESIAN_POINT('Ctrl Pts',(17.2687789779808,0.000596661371514765,
39.8123733908821));
#6082=CARTESIAN_POINT('Ctrl Pts',(17.4093049644833,-5.85666197999273,39.8080689328993));
#6083=CARTESIAN_POINT('Ctrl Pts',(17.5498309509857,-11.7157825382706,38.4985027455516));
#6084=CARTESIAN_POINT('Ctrl Pts',(17.6903569374882,-17.0111405227053,35.9960003238048));
#6085=CARTESIAN_POINT('Ctrl Pts',(17.8466084247277,-22.8990732896408,33.2134564331651));
#6086=CARTESIAN_POINT('Ctrl Pts',(18.0028599119672,-28.0900084684831,28.9560475608769));
#6087=CARTESIAN_POINT('Ctrl Pts',(18.1591113992068,-31.9709947796502,23.7264925561719));
#6088=CARTESIAN_POINT('Ctrl Pts',(18.3153628864463,-35.8519810908174,18.4969375514668));
#6089=CARTESIAN_POINT('Ctrl Pts',(18.4716143736858,-38.4230185343094,12.2952364143448));
#6090=CARTESIAN_POINT('Ctrl Pts',(18.6278658609254,-39.3805181246751,5.85369180324613));
#6091=CARTESIAN_POINT('Ctrl Pts',(18.7841173481649,-40.3380177150408,-0.587852807852586));
#6092=CARTESIAN_POINT('Ctrl Pts',(18.9403688354044,-39.6819794522801,-7.26924089292805));
#6093=CARTESIAN_POINT('Ctrl Pts',(19.096620322644,-37.4898659709442,-13.4015278199941));
#6094=CARTESIAN_POINT('Ctrl Pts',(19.2528718098835,-35.2977524896083,-19.53381474706));
#6095=CARTESIAN_POINT('Ctrl Pts',(19.409123297123,-31.5695637896972,-25.1170005161166));
#6096=CARTESIAN_POINT('Ctrl Pts',(19.5653747843626,-26.745533698625,-29.4918174278967));
#6097=CARTESIAN_POINT('Ctrl Pts',(19.7216262716021,-21.9215036075528,-33.8666343396768));
#6098=CARTESIAN_POINT('Ctrl Pts',(19.8778777588416,-16.0016321253194,-37.0330823941805));
#6099=CARTESIAN_POINT('Ctrl Pts',(20.0341292460812,-9.68493190656248,-38.6172642115975));
#6100=CARTESIAN_POINT('Ctrl Pts',(20.1903807333207,-3.36823168780561,-40.2014460290146));
#6101=CARTESIAN_POINT('Ctrl Pts',(20.3466322205602,3.34529726747488,-40.203361609345));
#6102=CARTESIAN_POINT('Ctrl Pts',(20.5028837077998,9.66289308403045,-38.6227851935888));
#6103=CARTESIAN_POINT('Ctrl Pts',(20.6591351950393,15.9804889005862,-37.0422087778326));
#6104=CARTESIAN_POINT('Ctrl Pts',(20.8153866822788,21.902151578417,-33.8791403659896));
#6105=CARTESIAN_POINT('Ctrl Pts',(20.9716381695184,26.7286886777884,-29.5070771965026));
#6106=CARTESIAN_POINT('Ctrl Pts',(21.1278896567579,31.5552257771598,-25.1350140270156));
#6107=CARTESIAN_POINT('Ctrl Pts',(21.2841411439974,35.2866372980718,-19.5539560998846));
#6108=CARTESIAN_POINT('Ctrl Pts',(21.440392631237,37.4822307410047,-13.422921622121));
#6109=CARTESIAN_POINT('Ctrl Pts',(21.5966441184765,39.6778241839376,-7.29188714435744));
#6110=CARTESIAN_POINT('Ctrl Pts',(21.752895605716,40.3375995488915,-0.610876115961402));
#6111=CARTESIAN_POINT('Ctrl Pts',(21.9091470929556,39.3838136039498,5.83121462553252));
#6112=CARTESIAN_POINT('Ctrl Pts',(22.027991320303,38.6583680054214,10.7310418860646));
#6113=CARTESIAN_POINT('Ctrl Pts',(22.1468355476505,36.9994675167325,15.492652328432));
#6114=CARTESIAN_POINT('Ctrl Pts',(22.2656797749979,34.5403624853199,19.7937469363101));
#6115=CARTESIAN_POINT('',(-19.81,-29.6105685829721,21.1150574754867));
#6116=CARTESIAN_POINT('Ctrl Pts',(-19.81,-29.6100209813719,21.1156862280957));
#6117=CARTESIAN_POINT('Ctrl Pts',(-19.81,-29.2527624981768,21.6693475723918));
#6118=CARTESIAN_POINT('Ctrl Pts',(-19.81,-28.8808145949053,22.2127848381879));
#6119=CARTESIAN_POINT('Ctrl Pts',(-19.81,-28.4945688220444,22.7453708540293));
#6120=CARTESIAN_POINT('Ctrl Pts',(-19.81,-28.1078154973209,23.2786567222532));
#6121=CARTESIAN_POINT('Ctrl Pts',(-19.81,-27.7067265142443,23.8010632525961));
#6122=CARTESIAN_POINT('Ctrl Pts',(-19.81,-27.2916464421267,24.3119418262943));
#6123=CARTESIAN_POINT('Ctrl Pts',(-19.81,-27.2204474935983,24.399573152673));
#6124=CARTESIAN_POINT('Ctrl Pts',(-19.81,-27.1488367771993,24.4868652402523));
#6125=CARTESIAN_POINT('Ctrl Pts',(-19.81,-27.0768158949447,24.5738147445044));
#6126=CARTESIAN_POINT('Ctrl Pts',(-19.81,-26.660675548448,25.0762134335296));
#6127=CARTESIAN_POINT('Ctrl Pts',(-19.81,-26.2308449662716,25.5671770659723));
#6128=CARTESIAN_POINT('Ctrl Pts',(-19.81,-25.7879475246435,26.0463514863984));
#6129=CARTESIAN_POINT('Ctrl Pts',(-19.81,-25.3299647382996,26.5418468665583));
#6130=CARTESIAN_POINT('Ctrl Pts',(-19.81,-24.8580096614339,27.0247367838993));
#6131=CARTESIAN_POINT('Ctrl Pts',(-19.81,-24.3727262939582,27.4945936231858));
#6132=CARTESIAN_POINT('Ctrl Pts',(-19.81,-24.1604148206875,27.7001559903736));
#6133=CARTESIAN_POINT('Ctrl Pts',(-19.81,-23.9455516717268,27.9032232427048));
#6134=CARTESIAN_POINT('Ctrl Pts',(-19.81,-23.7281883098316,28.1037571129441));
#6135=CARTESIAN_POINT('Ctrl Pts',(-19.81,-23.6369492551098,28.1879319278752));
#6136=CARTESIAN_POINT('Ctrl Pts',(-19.81,-23.5452696630234,28.2716603594166));
#6137=CARTESIAN_POINT('Ctrl Pts',(-19.81,-23.4531532671087,28.3549394935184));
#6138=CARTESIAN_POINT('Ctrl Pts',(-19.81,-23.3945368383224,28.4079325072483));
#6139=CARTESIAN_POINT('Ctrl Pts',(-19.81,-23.335741366448,28.4607454855996));
#6140=CARTESIAN_POINT('Ctrl Pts',(-19.81,-23.2767864121662,28.5133611996323));
#6141=CARTESIAN_POINT('Ctrl Pts',(-19.81,-22.7846742332605,28.9525581084026));
#6142=CARTESIAN_POINT('Ctrl Pts',(-19.81,-22.2811908010874,29.3782520594985));
#6143=CARTESIAN_POINT('Ctrl Pts',(-19.81,-21.7670044089259,29.7901128061748));
#6144=CARTESIAN_POINT('Ctrl Pts',(-19.81,-21.2494471190241,30.2046736252013));
#6145=CARTESIAN_POINT('Ctrl Pts',(-19.81,-20.7210457530907,30.6052195927555));
#6146=CARTESIAN_POINT('Ctrl Pts',(-19.81,-20.1824396454048,30.991381916365));
#6147=CARTESIAN_POINT('Ctrl Pts',(-19.81,-19.6422317839604,31.3786926431293));
#6148=CARTESIAN_POINT('Ctrl Pts',(-19.81,-19.0917580396213,31.7515343645711));
#6149=CARTESIAN_POINT('Ctrl Pts',(-19.81,-18.5316263190254,32.1094981061028));
#6150=CARTESIAN_POINT('Ctrl Pts',(-19.81,-17.9730939464179,32.4664397512796));
#6151=CARTESIAN_POINT('Ctrl Pts',(-19.81,-17.4049582863678,32.8085885407249));
#6152=CARTESIAN_POINT('Ctrl Pts',(-19.81,-16.8277907746945,33.1354979387352));
#6153=CARTESIAN_POINT('Ctrl Pts',(-19.81,-16.4842246000391,33.3300948435535));
#6154=CARTESIAN_POINT('Ctrl Pts',(-19.81,-16.1374575331144,33.5192910586146));
#6155=CARTESIAN_POINT('Ctrl Pts',(-19.81,-15.7876056675309,33.7029848263092));
#6156=CARTESIAN_POINT('Ctrl Pts',(-19.81,-15.6682137989388,33.7656729075553));
#6157=CARTESIAN_POINT('Ctrl Pts',(-19.81,-15.5484626453356,33.8277201167629));
#6158=CARTESIAN_POINT('Ctrl Pts',(-19.81,-15.4283567436302,33.8891222497252));
#6159=CARTESIAN_POINT('Ctrl Pts',(-19.81,-15.3686716438977,33.919635258475));
#6160=CARTESIAN_POINT('Ctrl Pts',(-19.81,-15.3088976522115,33.9499895823616));
#6161=CARTESIAN_POINT('Ctrl Pts',(-19.81,-15.2490539911212,33.9801753816264));
#6162=CARTESIAN_POINT('Ctrl Pts',(-19.81,-14.6495792163558,34.2825570355178));
#6163=CARTESIAN_POINT('Ctrl Pts',(-19.81,-14.0426915024422,34.5682492306053));
#6164=CARTESIAN_POINT('Ctrl Pts',(-19.81,-13.4290525149264,34.836910986471));
#6165=CARTESIAN_POINT('Ctrl Pts',(-19.81,-13.1435687913992,34.9619006953949));
#6166=CARTESIAN_POINT('Ctrl Pts',(-19.81,-12.8566232762495,35.083203842571));
#6167=CARTESIAN_POINT('Ctrl Pts',(-19.81,-12.5682799043092,35.2007833576781));
#6168=CARTESIAN_POINT('Ctrl Pts',(-19.81,-11.9593122530909,35.4491057680887));
#6169=CARTESIAN_POINT('Ctrl Pts',(-19.81,-11.3441115960284,35.6808224103995));
#6170=CARTESIAN_POINT('Ctrl Pts',(-19.81,-10.7234060281757,35.8959763628696));
#6171=CARTESIAN_POINT('Ctrl Pts',(-19.81,-10.0711670514198,36.1220606789642));
#6172=CARTESIAN_POINT('Ctrl Pts',(-19.81,-9.4128493851363,36.3298572143609));
#6173=CARTESIAN_POINT('Ctrl Pts',(-19.81,-8.74926657758813,36.519363803105));
#6174=CARTESIAN_POINT('Ctrl Pts',(-19.81,-8.1054064023233,36.7032379843748));
#6175=CARTESIAN_POINT('Ctrl Pts',(-19.81,-7.45658881874814,36.8698931082929));
#6176=CARTESIAN_POINT('Ctrl Pts',(-19.81,-6.80353518667346,37.0192778112933));
#6177=CARTESIAN_POINT('Ctrl Pts',(-19.81,-6.14984621851106,37.1688078461442));
#6178=CARTESIAN_POINT('Ctrl Pts',(-19.81,-5.491912496371,37.3010339415573));
#6179=CARTESIAN_POINT('Ctrl Pts',(-19.81,-4.83044293492106,37.4158544090522));
#6180=CARTESIAN_POINT('Ctrl Pts',(-19.81,-4.17088167137291,37.5303436267512));
#6181=CARTESIAN_POINT('Ctrl Pts',(-19.81,-3.50780447543184,37.6275275743241));
#6182=CARTESIAN_POINT('Ctrl Pts',(-19.81,-2.84190661285053,37.7072543112723));
#6183=CARTESIAN_POINT('Ctrl Pts',(-19.81,-2.49035812414422,37.749344570843));
#6184=CARTESIAN_POINT('Ctrl Pts',(-19.81,-2.13802339857639,37.786568437024));
#6185=CARTESIAN_POINT('Ctrl Pts',(-19.81,-1.78500456145794,37.8188976671926));
#6186=CARTESIAN_POINT('Ctrl Pts',(-19.81,-1.65716519018615,37.8306051117364));
#6187=CARTESIAN_POINT('Ctrl Pts',(-19.81,-1.52923610585113,37.8416706371025));
#6188=CARTESIAN_POINT('Ctrl Pts',(-19.81,-1.40122216440152,37.8520927682236));
#6189=CARTESIAN_POINT('Ctrl Pts',(-19.81,-1.34212434744369,37.8569041597825));
#6190=CARTESIAN_POINT('Ctrl Pts',(-19.81,-1.28301643587188,37.8615777656169));
#6191=CARTESIAN_POINT('Ctrl Pts',(-19.81,-1.22390705659135,37.8661129607898));
#6192=CARTESIAN_POINT('Ctrl Pts',(-19.81,-0.547733460131148,37.9179927008245));
#6193=CARTESIAN_POINT('Ctrl Pts',(-19.81,0.128962031231555,37.9517912304864));
#6194=CARTESIAN_POINT('Ctrl Pts',(-19.81,0.805429583961923,37.9675399802853));
#6195=CARTESIAN_POINT('Ctrl Pts',(-19.81,1.4849066149398,37.9833587933412));
#6196=CARTESIAN_POINT('Ctrl Pts',(-19.81,2.16415413042365,37.9809669785931));
#6197=CARTESIAN_POINT('Ctrl Pts',(-19.81,2.84243086408389,37.960347081352));
#6198=CARTESIAN_POINT('Ctrl Pts',(-19.81,3.52170521927336,37.9396968559979));
#6199=CARTESIAN_POINT('Ctrl Pts',(-19.81,4.20000640520769,37.9007649797382));
#6200=CARTESIAN_POINT('Ctrl Pts',(-19.81,4.87660153319089,37.84348310427));
#6201=CARTESIAN_POINT('Ctrl Pts',(-19.81,5.12757747311461,37.8222349871292));
#6202=CARTESIAN_POINT('Ctrl Pts',(-19.81,5.37831874525198,37.7984614708607));
#6203=CARTESIAN_POINT('Ctrl Pts',(-19.81,5.62878814927928,37.7721572532768));
#6204=CARTESIAN_POINT('Ctrl Pts',(-19.81,6.29851046374252,37.7018232276547));
#6205=CARTESIAN_POINT('Ctrl Pts',(-19.81,6.96628915715566,37.6133995452158));
#6206=CARTESIAN_POINT('Ctrl Pts',(-19.81,7.63147624079843,37.5072060500453));
#6207=CARTESIAN_POINT('Ctrl Pts',(-19.81,8.32738897173765,37.3961073726216));
#6208=CARTESIAN_POINT('Ctrl Pts',(-19.81,9.02046569184908,37.2655596485765));
#6209=CARTESIAN_POINT('Ctrl Pts',(-19.81,9.70995856475076,37.115869086321));
#6210=CARTESIAN_POINT('Ctrl Pts',(-19.81,10.3132648285397,36.9848898443474));
#6211=CARTESIAN_POINT('Ctrl Pts',(-19.81,10.9138273483889,36.8392533836987));
#6212=CARTESIAN_POINT('Ctrl Pts',(-19.81,11.5111365389251,36.6791277098451));
#6213=CARTESIAN_POINT('Ctrl Pts',(-19.81,12.0337820806444,36.5390177452232));
#6214=CARTESIAN_POINT('Ctrl Pts',(-19.81,12.5539367877039,36.3878139269108));
#6215=CARTESIAN_POINT('Ctrl Pts',(-19.81,13.0712515747199,36.2256077940956));
#6216=CARTESIAN_POINT('Ctrl Pts',(-19.81,13.135241936535,36.2055433586919));
#6217=CARTESIAN_POINT('Ctrl Pts',(-19.81,13.1991888340043,36.1853105529134));
#6218=CARTESIAN_POINT('Ctrl Pts',(-19.81,13.2630915969529,36.1649095296594));
#6219=CARTESIAN_POINT('Ctrl Pts',(-19.81,13.3104481658289,36.1497908959996));
#6220=CARTESIAN_POINT('Ctrl Pts',(-19.81,13.3577771939287,36.1345809221986));
#6221=CARTESIAN_POINT('Ctrl Pts',(-19.81,13.4050703838168,36.1192823404984));
#6222=CARTESIAN_POINT('Ctrl Pts',(-19.81,14.0533812531684,35.9095642642733));
#6223=CARTESIAN_POINT('Ctrl Pts',(-19.81,14.6954049001892,35.6830568370464));
#6224=CARTESIAN_POINT('Ctrl Pts',(-19.81,15.3305004656794,35.4401610742889));
#6225=CARTESIAN_POINT('Ctrl Pts',(-19.81,15.970824232755,35.1952657573211));
#6226=CARTESIAN_POINT('Ctrl Pts',(-19.81,16.6041058195751,34.9337110915888));
#6227=CARTESIAN_POINT('Ctrl Pts',(-19.81,17.2296867664597,34.6558551841745));
#6228=CARTESIAN_POINT('Ctrl Pts',(-19.81,17.8590119901359,34.3763362315049));
#6229=CARTESIAN_POINT('Ctrl Pts',(-19.81,18.4805445746753,34.0803202177875));
#6230=CARTESIAN_POINT('Ctrl Pts',(-19.81,19.0936057496956,33.7681198037581));
#6231=CARTESIAN_POINT('Ctrl Pts',(-19.81,19.7064594199286,33.4560250612068));
#6232=CARTESIAN_POINT('Ctrl Pts',(-19.81,20.3108478685162,33.1277567214607));
#6233=CARTESIAN_POINT('Ctrl Pts',(-19.81,20.9060777888741,32.7835773743697));
#6234=CARTESIAN_POINT('Ctrl Pts',(-19.81,21.4980042553063,32.4413081809462));
#6235=CARTESIAN_POINT('Ctrl Pts',(-19.81,22.0808739991108,32.0833039140034));
#6236=CARTESIAN_POINT('Ctrl Pts',(-19.81,22.6539835537753,31.7097761732342));
#6237=CARTESIAN_POINT('Ctrl Pts',(-19.81,22.8554126778341,31.5784934803835));
#6238=CARTESIAN_POINT('Ctrl Pts',(-19.81,23.0556359081334,31.4452927772399));
#6239=CARTESIAN_POINT('Ctrl Pts',(-19.81,23.2546219101999,31.310181935319));
#6240=CARTESIAN_POINT('Ctrl Pts',(-19.81,23.8226304007792,30.9245060355906));
#6241=CARTESIAN_POINT('Ctrl Pts',(-19.81,24.3805600110258,30.5232688148169));
#6242=CARTESIAN_POINT('Ctrl Pts',(-19.81,24.9279513012516,30.1069989826241));
#6243=CARTESIAN_POINT('Ctrl Pts',(-19.81,25.2148655990201,29.8888117941934));
#6244=CARTESIAN_POINT('Ctrl Pts',(-19.81,25.4988841561608,29.6664939859932));
#6245=CARTESIAN_POINT('Ctrl Pts',(-19.81,25.7799370382818,29.4401174112886));
#6246=CARTESIAN_POINT('Ctrl Pts',(-19.81,25.911680576776,29.3340033918958));
#6247=CARTESIAN_POINT('Ctrl Pts',(-19.81,26.0427724386175,29.226997513527));
#6248=CARTESIAN_POINT('Ctrl Pts',(-19.81,26.1732052078152,29.1191069700047));
#6249=CARTESIAN_POINT('Ctrl Pts',(-19.81,26.2319528439264,29.0705124762309));
#6250=CARTESIAN_POINT('Ctrl Pts',(-19.81,26.2905667712554,29.0217385130291));
#6251=CARTESIAN_POINT('Ctrl Pts',(-19.81,26.3490463028323,28.9727857292949));
#6252=CARTESIAN_POINT('Ctrl Pts',(-19.81,26.4066426232495,28.9245722750958));
#6253=CARTESIAN_POINT('Ctrl Pts',(-19.81,26.4641126884482,28.8761818396024));
#6254=CARTESIAN_POINT('Ctrl Pts',(-19.81,26.5214316795818,28.8276356145915));
#6255=CARTESIAN_POINT('Ctrl Pts',(-19.81,27.0448766276352,28.384304779096));
#6256=CARTESIAN_POINT('Ctrl Pts',(-19.81,27.5560555748064,27.9277118463435));
#6257=CARTESIAN_POINT('Ctrl Pts',(-19.81,28.0546148941855,27.4585260104419));
#6258=CARTESIAN_POINT('Ctrl Pts',(-19.81,28.5579076269588,26.9848856383725));
#6259=CARTESIAN_POINT('Ctrl Pts',(-19.81,29.048340300721,26.4984118588486));
#6260=CARTESIAN_POINT('Ctrl Pts',(-19.81,29.5255265237344,25.9997444067588));
#6261=CARTESIAN_POINT('Ctrl Pts',(-19.81,30.0058992632713,25.4977469924884));
#6262=CARTESIAN_POINT('Ctrl Pts',(-19.81,30.4728483904656,24.9833922254644));
#6263=CARTESIAN_POINT('Ctrl Pts',(-19.81,30.9259518466198,24.4572877047257));
#6264=CARTESIAN_POINT('Ctrl Pts',(-19.81,31.3805473778945,23.9294507154846));
#6265=CARTESIAN_POINT('Ctrl Pts',(-19.81,31.8212062391526,23.3897861452588));
#6266=CARTESIAN_POINT('Ctrl Pts',(-19.81,32.2474691171167,22.83886699482));
#6267=CARTESIAN_POINT('Ctrl Pts',(-19.81,32.6728800937266,22.2890488756803));
#6268=CARTESIAN_POINT('Ctrl Pts',(-19.81,33.0839528844181,21.7280207698932));
#6269=CARTESIAN_POINT('Ctrl Pts',(-19.81,33.4801931936594,21.1563168785127));
#6270=CARTESIAN_POINT('Ctrl Pts',(-19.81,33.8745188170304,20.5873755363662));
#6271=CARTESIAN_POINT('Ctrl Pts',(-19.81,34.2541552499159,20.0078609810625));
#6272=CARTESIAN_POINT('Ctrl Pts',(-19.81,34.6185734333816,19.4182698809734));
#6273=CARTESIAN_POINT('Ctrl Pts',(-19.81,34.9789036466296,18.8352926957964));
#6274=CARTESIAN_POINT('Ctrl Pts',(-19.81,35.3243553604221,18.2424634121971));
#6275=CARTESIAN_POINT('Ctrl Pts',(-19.81,35.6543722270981,17.6402382569193));
#6276=CARTESIAN_POINT('Ctrl Pts',(-19.81,35.7713506231305,17.4267724016001));
#6277=CARTESIAN_POINT('Ctrl Pts',(-19.81,35.8863893038826,17.2121258233108));
#6278=CARTESIAN_POINT('Ctrl Pts',(-19.81,35.9994620293616,16.996318236505));
#6279=CARTESIAN_POINT('Ctrl Pts',(-19.81,-29.6100209813719,21.1156862280957));
#6280=CARTESIAN_POINT('Ctrl Pts',(-19.6911557726526,-32.2342559284761,17.4280221557968));
#6281=CARTESIAN_POINT('Ctrl Pts',(-19.4160600580656,-36.7212513582585,7.75550579647976));
#6282=CARTESIAN_POINT('Ctrl Pts',(-18.9847128562391,-36.7326052517501,-9.17537633748982));
#6283=CARTESIAN_POINT('Ctrl Pts',(-18.5159583945205,-28.0698008119939,-25.4076991149723));
#6284=CARTESIAN_POINT('Ctrl Pts',(-18.0472039328019,-12.7781344262502,-35.6396735118238));
#6285=CARTESIAN_POINT('Ctrl Pts',(-17.5784494710833,5.53131960095564,-37.4549252208247));
#6286=CARTESIAN_POINT('Ctrl Pts',(-17.1096950093646,22.5344460677483,-30.4247466488619));
#6287=CARTESIAN_POINT('Ctrl Pts',(-16.6409405476461,34.2158163672365,-16.2094053153511));
#6288=CARTESIAN_POINT('Ctrl Pts',(-16.1721860859275,37.8167045541703,1.83398087100021));
#6289=CARTESIAN_POINT('Ctrl Pts',(-15.7034316242089,32.4867343344702,19.4442500375508));
#6290=CARTESIAN_POINT('Ctrl Pts',(-15.2346771624903,19.4846331584311,32.4625289678007));
#6291=CARTESIAN_POINT('Ctrl Pts',(-14.9063535039439,7.15475093557395,36.2110683395745));
#6292=CARTESIAN_POINT('Ctrl Pts',(-14.7342813326371,0.602955620365527,36.370604430322));
#6293=CARTESIAN_POINT('Ctrl Pts',(-14.7184606485699,0.000547879018028968,
36.3701600106573));
#6294=CARTESIAN_POINT('Origin',(-19.81,-3.59810362502843E-15,0.));
#6295=CARTESIAN_POINT('',(-19.81,-4.87531890740561E-15,39.81));
#6296=CARTESIAN_POINT('Origin',(-19.81,0.,0.));
#6297=CARTESIAN_POINT('Origin',(-19.81,0.,0.));
#6298=CARTESIAN_POINT('',(-19.81,-29.6105685829722,-21.1150574754865));
#6299=CARTESIAN_POINT('Ctrl Pts',(-19.81,35.9989945552088,-16.997101615121));
#6300=CARTESIAN_POINT('Ctrl Pts',(-19.81,35.6750061880038,-17.6169205051359));
#6301=CARTESIAN_POINT('Ctrl Pts',(-19.81,35.3350139620658,-18.2276082438334));
#6302=CARTESIAN_POINT('Ctrl Pts',(-19.81,34.9792684812263,-18.8284870032837));
#6303=CARTESIAN_POINT('Ctrl Pts',(-19.81,34.6251919504559,-19.4265467904596));
#6304=CARTESIAN_POINT('Ctrl Pts',(-19.81,34.2555094097513,-20.0148898117241));
#6305=CARTESIAN_POINT('Ctrl Pts',(-19.81,33.8704237740182,-20.5928211557695));
#6306=CARTESIAN_POINT('Ctrl Pts',(-19.81,33.7799085324373,-20.7286652132188));
#6307=CARTESIAN_POINT('Ctrl Pts',(-19.81,33.688542091753,-20.8639338994367));
#6308=CARTESIAN_POINT('Ctrl Pts',(-19.81,33.5963267504179,-20.9986179391398));
#6309=CARTESIAN_POINT('Ctrl Pts',(-19.81,33.2020354681203,-21.5744954661401));
#6310=CARTESIAN_POINT('Ctrl Pts',(-19.81,32.7922274120144,-22.1396872097152));
#6311=CARTESIAN_POINT('Ctrl Pts',(-19.81,32.3674642992231,-22.6936994660788));
#6312=CARTESIAN_POINT('Ctrl Pts',(-19.81,31.9324222587182,-23.2611183760906));
#6313=CARTESIAN_POINT('Ctrl Pts',(-19.81,31.4816923535203,-23.8168106785294));
#6314=CARTESIAN_POINT('Ctrl Pts',(-19.81,31.0158403245178,-24.3602039909179));
#6315=CARTESIAN_POINT('Ctrl Pts',(-19.81,30.8120300618292,-24.5979385650878));
#6316=CARTESIAN_POINT('Ctrl Pts',(-19.81,30.6053248738608,-24.8333184577491));
#6317=CARTESIAN_POINT('Ctrl Pts',(-19.81,30.3957701422116,-25.0662929257428));
#6318=CARTESIAN_POINT('Ctrl Pts',(-19.81,30.278350208838,-25.1968356545768));
#6319=CARTESIAN_POINT('Ctrl Pts',(-19.81,30.1600355825272,-25.3266231194842));
#6320=CARTESIAN_POINT('Ctrl Pts',(-19.81,30.0408340974565,-25.4556461441059));
#6321=CARTESIAN_POINT('Ctrl Pts',(-19.81,29.9970172952381,-25.5030732071842));
#6322=CARTESIAN_POINT('Ctrl Pts',(-19.81,29.9530816623532,-25.5503958631051));
#6323=CARTESIAN_POINT('Ctrl Pts',(-19.81,29.9090360866586,-25.5976046581291));
#6324=CARTESIAN_POINT('Ctrl Pts',(-19.81,29.4358772250742,-26.1047443505517));
#6325=CARTESIAN_POINT('Ctrl Pts',(-19.81,28.9497703661742,-26.5990333718633));
#6326=CARTESIAN_POINT('Ctrl Pts',(-19.81,28.4513011342447,-27.0800220480419));
#6327=CARTESIAN_POINT('Ctrl Pts',(-19.81,27.9519768654912,-27.5618357762072));
#6328=CARTESIAN_POINT('Ctrl Pts',(-19.81,27.4402474120028,-28.0303037953802));
#6329=CARTESIAN_POINT('Ctrl Pts',(-19.81,26.9166655029485,-28.4849361051774));
#6330=CARTESIAN_POINT('Ctrl Pts',(-19.81,26.3941904889512,-28.9386072850197));
#6331=CARTESIAN_POINT('Ctrl Pts',(-19.81,25.8599127037671,-29.3785014719333));
#6332=CARTESIAN_POINT('Ctrl Pts',(-19.81,25.3143512327597,-29.8040896225687));
#6333=CARTESIAN_POINT('Ctrl Pts',(-19.81,24.7740515640161,-30.2255730832407));
#6334=CARTESIAN_POINT('Ctrl Pts',(-19.81,24.2226844295159,-30.6330253458415));
#6335=CARTESIAN_POINT('Ctrl Pts',(-19.81,23.660730173548,-31.0258875781142));
#6336=CARTESIAN_POINT('Ctrl Pts',(-19.81,23.3142228635223,-31.2681308459065));
#6337=CARTESIAN_POINT('Ctrl Pts',(-19.81,22.963689784807,-31.5048259514856));
#6338=CARTESIAN_POINT('Ctrl Pts',(-19.81,22.6092399118869,-31.7358326900775));
#6339=CARTESIAN_POINT('Ctrl Pts',(-19.81,22.4623355833217,-31.831575113533));
#6340=CARTESIAN_POINT('Ctrl Pts',(-19.81,22.314758418792,-31.9263403325436));
#6341=CARTESIAN_POINT('Ctrl Pts',(-19.81,22.1665160599518,-32.0201179929459));
#6342=CARTESIAN_POINT('Ctrl Pts',(-19.81,22.1072937272095,-32.057581858548));
#6343=CARTESIAN_POINT('Ctrl Pts',(-19.81,22.0479632411281,-32.0948893189856));
#6344=CARTESIAN_POINT('Ctrl Pts',(-19.81,21.9885445637555,-32.1320276320523));
#6345=CARTESIAN_POINT('Ctrl Pts',(-19.81,21.4063422903263,-32.4959201193119));
#6346=CARTESIAN_POINT('Ctrl Pts',(-19.81,20.8152792370839,-32.8438291984559));
#6347=CARTESIAN_POINT('Ctrl Pts',(-19.81,20.2159033669752,-33.1753167440587));
#6348=CARTESIAN_POINT('Ctrl Pts',(-19.81,19.9212225108922,-33.3382913291072));
#6349=CARTESIAN_POINT('Ctrl Pts',(-19.81,19.6245318230673,-33.4972959406985));
#6350=CARTESIAN_POINT('Ctrl Pts',(-19.81,19.3258937883947,-33.6522747148451));
#6351=CARTESIAN_POINT('Ctrl Pts',(-19.81,18.7223892854371,-33.965464520567));
#6352=CARTESIAN_POINT('Ctrl Pts',(-19.81,18.1109335347729,-34.2622163797611));
#6353=CARTESIAN_POINT('Ctrl Pts',(-19.81,17.492250291898,-34.5424343860037));
#6354=CARTESIAN_POINT('Ctrl Pts',(-19.81,16.854205316906,-34.831421832883));
#6355=CARTESIAN_POINT('Ctrl Pts',(-19.81,16.2084730048334,-35.1028247367782));
#6356=CARTESIAN_POINT('Ctrl Pts',(-19.81,15.555825328136,-35.3564849822027));
#6357=CARTESIAN_POINT('Ctrl Pts',(-19.81,14.9177191962911,-35.6044934618003));
#6358=CARTESIAN_POINT('Ctrl Pts',(-19.81,14.2730018912272,-35.8355410172232));
#6359=CARTESIAN_POINT('Ctrl Pts',(-19.81,13.6223815945485,-36.0494288659606));
#6360=CARTESIAN_POINT('Ctrl Pts',(-19.81,12.9742932350913,-36.2624843542442));
#6361=CARTESIAN_POINT('Ctrl Pts',(-19.81,12.3203472749271,-36.4585134928827));
#6362=CARTESIAN_POINT('Ctrl Pts',(-19.81,11.6612376121789,-36.637268691526));
#6363=CARTESIAN_POINT('Ctrl Pts',(-19.81,11.0069534248355,-36.8147151871365));
#6364=CARTESIAN_POINT('Ctrl Pts',(-19.81,10.3475804236322,-36.975139781786));
#6365=CARTESIAN_POINT('Ctrl Pts',(-19.81,9.68379815949759,-37.11824916184));
#6366=CARTESIAN_POINT('Ctrl Pts',(-19.81,9.33350250008855,-37.1937718103985));
#6367=CARTESIAN_POINT('Ctrl Pts',(-19.81,8.9819789341351,-37.2644713876708));
#6368=CARTESIAN_POINT('Ctrl Pts',(-19.81,8.62932805987756,-37.3302989272812));
#6369=CARTESIAN_POINT('Ctrl Pts',(-19.81,8.507473327968,-37.3530449284315));
#6370=CARTESIAN_POINT('Ctrl Pts',(-19.81,8.38548400465279,-37.3752091850676));
#6371=CARTESIAN_POINT('Ctrl Pts',(-19.81,8.26336426222103,-37.3967895628404));
#6372=CARTESIAN_POINT('Ctrl Pts',(-19.81,8.19094127543891,-37.40958778353));
#6373=CARTESIAN_POINT('Ctrl Pts',(-19.81,8.11846728002116,-37.4221814968369));
#6374=CARTESIAN_POINT('Ctrl Pts',(-19.81,8.04597379833512,-37.4345651017131));
#6375=CARTESIAN_POINT('Ctrl Pts',(-19.81,7.37720927914148,-37.5488059323134));
#6376=CARTESIAN_POINT('Ctrl Pts',(-19.81,6.70635594827635,-37.6452487613048));
#6377=CARTESIAN_POINT('Ctrl Pts',(-19.81,6.03411350617844,-37.7237878735024));
#6378=CARTESIAN_POINT('Ctrl Pts',(-19.81,5.36170438110287,-37.8023464595271));
#6379=CARTESIAN_POINT('Ctrl Pts',(-19.81,4.68790499120798,-37.862992523415));
#6380=CARTESIAN_POINT('Ctrl Pts',(-19.81,4.01340538412473,-37.9055691563268));
#6381=CARTESIAN_POINT('Ctrl Pts',(-19.81,3.34197697914401,-37.947951924864));
#6382=CARTESIAN_POINT('Ctrl Pts',(-19.81,2.66985426530822,-37.9724294752964));
#6383=CARTESIAN_POINT('Ctrl Pts',(-19.81,1.9977147003782,-37.978795624532));
#6384=CARTESIAN_POINT('Ctrl Pts',(-19.81,1.71708170466088,-37.9814536313275));
#6385=CARTESIAN_POINT('Ctrl Pts',(-19.81,1.43644577181266,-37.9809537545975));
#6386=CARTESIAN_POINT('Ctrl Pts',(-19.81,1.15585633065181,-37.9772782924943));
#6387=CARTESIAN_POINT('Ctrl Pts',(-19.81,0.480526303200135,-37.9684320938891));
#6388=CARTESIAN_POINT('Ctrl Pts',(-19.81,-0.194535101646028,-37.9411938367992));
#6389=CARTESIAN_POINT('Ctrl Pts',(-19.81,-0.868613721028409,-37.8957494570802));
#6390=CARTESIAN_POINT('Ctrl Pts',(-19.81,-1.55135988878853,-37.8497207369765));
#6391=CARTESIAN_POINT('Ctrl Pts',(-19.81,-2.23309834751885,-37.7850146489754));
#6392=CARTESIAN_POINT('Ctrl Pts',(-19.81,-2.91307297859286,-37.7017719273057));
#6393=CARTESIAN_POINT('Ctrl Pts',(-19.81,-3.58013514154716,-37.6201099543001));
#6394=CARTESIAN_POINT('Ctrl Pts',(-19.81,-4.24550022651399,-37.5206083858703));
#6395=CARTESIAN_POINT('Ctrl Pts',(-19.81,-4.90843430526478,-37.4033527151944));
#6396=CARTESIAN_POINT('Ctrl Pts',(-19.81,-5.41686335423277,-37.3134249364925));
#6397=CARTESIAN_POINT('Ctrl Pts',(-19.81,-5.92386215608727,-37.213053353303));
#6398=CARTESIAN_POINT('Ctrl Pts',(-19.81,-6.42908919186001,-37.10225853982));
#6399=CARTESIAN_POINT('Ctrl Pts',(-19.81,-6.4954421407499,-37.0877075319052));
#6400=CARTESIAN_POINT('Ctrl Pts',(-19.81,-6.56176815174881,-37.0729758723962));
#6401=CARTESIAN_POINT('Ctrl Pts',(-19.81,-6.62804029886171,-37.058069553541));
#6402=CARTESIAN_POINT('Ctrl Pts',(-19.81,-7.27957696527079,-36.9115221166705));
#6403=CARTESIAN_POINT('Ctrl Pts',(-19.81,-7.92639030148372,-36.7479938958326));
#6404=CARTESIAN_POINT('Ctrl Pts',(-19.81,-8.56781303866955,-36.5677449390088));
#6405=CARTESIAN_POINT('Ctrl Pts',(-19.81,-9.21168080111166,-36.3868088951419));
#6406=CARTESIAN_POINT('Ctrl Pts',(-19.81,-9.85011724875626,-36.1890242721899));
#6407=CARTESIAN_POINT('Ctrl Pts',(-19.81,-10.4824373760707,-35.9746026537973));
#6408=CARTESIAN_POINT('Ctrl Pts',(-19.81,-11.1138308210715,-35.7604952761079));
#6409=CARTESIAN_POINT('Ctrl Pts',(-19.81,-11.7391263043686,-35.5297994685718));
#6410=CARTESIAN_POINT('Ctrl Pts',(-19.81,-12.357625033779,-35.2826769125965));
#6411=CARTESIAN_POINT('Ctrl Pts',(-19.81,-12.9733372376791,-35.0366677191449));
#6412=CARTESIAN_POINT('Ctrl Pts',(-19.81,-13.5823142136565,-34.7743792826198));
#6413=CARTESIAN_POINT('Ctrl Pts',(-19.81,-14.1838434685798,-34.4959251071501));
#6414=CARTESIAN_POINT('Ctrl Pts',(-19.81,-14.7790711508009,-34.2203879955083));
#6415=CARTESIAN_POINT('Ctrl Pts',(-19.81,-15.3670067075169,-33.92902186811));
#6416=CARTESIAN_POINT('Ctrl Pts',(-19.81,-15.9469313040206,-33.6218944496292));
#6417=CARTESIAN_POINT('Ctrl Pts',(-19.81,-16.139813092562,-33.5197444698839));
#6418=CARTESIAN_POINT('Ctrl Pts',(-19.81,-16.331808437262,-33.4158506169314));
#6419=CARTESIAN_POINT('Ctrl Pts',(-19.81,-16.5228900732886,-33.3102143895773));
#6420=CARTESIAN_POINT('Ctrl Pts',(-19.81,-17.1067648567228,-32.9874291620076));
#6421=CARTESIAN_POINT('Ctrl Pts',(-19.81,-17.6821113232797,-32.6483781429651));
#6422=CARTESIAN_POINT('Ctrl Pts',(-19.81,-18.2483478950662,-32.2935031312731));
#6423=CARTESIAN_POINT('Ctrl Pts',(-19.81,-18.5321938501457,-32.1156095764471));
#6424=CARTESIAN_POINT('Ctrl Pts',(-19.81,-18.8137500060956,-31.9337391127317));
#6425=CARTESIAN_POINT('Ctrl Pts',(-19.81,-19.0929392428647,-31.7479442945681));
#6426=CARTESIAN_POINT('Ctrl Pts',(-19.81,-19.2238091976003,-31.6608529735539));
#6427=CARTESIAN_POINT('Ctrl Pts',(-19.81,-19.3541590387567,-31.5728993397416));
#6428=CARTESIAN_POINT('Ctrl Pts',(-19.81,-19.4839806139473,-31.4840886633184));
#6429=CARTESIAN_POINT('Ctrl Pts',(-19.81,-19.5475711541712,-31.4405865036572));
#6430=CARTESIAN_POINT('Ctrl Pts',(-19.81,-19.611034943506,-31.3968787092339));
#6431=CARTESIAN_POINT('Ctrl Pts',(-19.81,-19.674371011742,-31.3529658918324));
#6432=CARTESIAN_POINT('Ctrl Pts',(-19.81,-19.7274612256455,-31.3161568360466));
#6433=CARTESIAN_POINT('Ctrl Pts',(-19.81,-19.7804640577233,-31.2792020372951));
#6434=CARTESIAN_POINT('Ctrl Pts',(-19.81,-19.8333589718371,-31.2421159488182));
#6435=CARTESIAN_POINT('Ctrl Pts',(-19.81,-20.3710822424043,-30.8651032790283));
#6436=CARTESIAN_POINT('Ctrl Pts',(-19.81,-20.8980793812457,-30.4742340467981));
#6437=CARTESIAN_POINT('Ctrl Pts',(-19.81,-21.4139078425295,-30.0700690983608));
#6438=CARTESIAN_POINT('Ctrl Pts',(-19.81,-21.9327808459978,-29.6635186723329));
#6439=CARTESIAN_POINT('Ctrl Pts',(-19.81,-22.4403532935037,-29.2435148066759));
#6440=CARTESIAN_POINT('Ctrl Pts',(-19.81,-22.9361454607654,-28.8105841340074));
#6441=CARTESIAN_POINT('Ctrl Pts',(-19.81,-23.4329871872672,-28.3767369757269));
#6442=CARTESIAN_POINT('Ctrl Pts',(-19.81,-23.9179990435197,-27.9299078848213));
#6443=CARTESIAN_POINT('Ctrl Pts',(-19.81,-24.3906637502482,-27.4705875110725));
#6444=CARTESIAN_POINT('Ctrl Pts',(-19.81,-24.8826848304668,-26.9924572355488));
#6445=CARTESIAN_POINT('Ctrl Pts',(-19.81,-25.3613274602846,-26.5007915132259));
#6446=CARTESIAN_POINT('Ctrl Pts',(-19.81,-25.8259626857375,-25.9961045362095));
#6447=CARTESIAN_POINT('Ctrl Pts',(-19.81,-26.2673848253478,-25.516631622784));
#6448=CARTESIAN_POINT('Ctrl Pts',(-19.81,-26.6961641681021,-25.0254054371333));
#6449=CARTESIAN_POINT('Ctrl Pts',(-19.81,-27.1117176855644,-24.5228385264047));
#6450=CARTESIAN_POINT('Ctrl Pts',(-19.81,-27.5238276443977,-24.0244362263686));
#6451=CARTESIAN_POINT('Ctrl Pts',(-19.81,-27.9229303096529,-23.5148800374016));
#6452=CARTESIAN_POINT('Ctrl Pts',(-19.81,-28.3084110110766,-22.9945501999127));
#6453=CARTESIAN_POINT('Ctrl Pts',(-19.81,-28.6884352741327,-22.4815855759834));
#6454=CARTESIAN_POINT('Ctrl Pts',(-19.81,-29.0552206577522,-21.9581498169805));
#6455=CARTESIAN_POINT('Ctrl Pts',(-19.81,-29.4081302695481,-21.4245905938467));
#6456=CARTESIAN_POINT('Ctrl Pts',(-19.81,-29.4761265583432,-21.3217879332988));
#6457=CARTESIAN_POINT('Ctrl Pts',(-19.81,-29.5436075870297,-21.2186094171893));
#6458=CARTESIAN_POINT('Ctrl Pts',(-19.81,-29.6105685829721,-21.1150574754866));
#6459=CARTESIAN_POINT('Origin',(-19.81,0.,0.));
#6460=CARTESIAN_POINT('Origin',(-30.9015393514301,0.,0.));
#6461=CARTESIAN_POINT('Ctrl Pts',(-19.81,-29.6105685829723,-21.1150574754864));
#6462=CARTESIAN_POINT('Ctrl Pts',(-19.6537485127605,-26.155592497406,-25.9601215466101));
#6463=CARTESIAN_POINT('Ctrl Pts',(-19.3412455382814,-16.8261878971443,-33.9180342614423));
#6464=CARTESIAN_POINT('Ctrl Pts',(-18.8724910765628,1.15259184677387,-37.8435652174773));
#6465=CARTESIAN_POINT('Ctrl Pts',(-18.4037366148442,18.8545428478068,-32.8322234976017));
#6466=CARTESIAN_POINT('Ctrl Pts',(-17.9349821531256,32.1060510411581,-20.0670165597326));
#6467=CARTESIAN_POINT('Ctrl Pts',(-17.466227691407,37.774172131314,-2.56281761712799));
#6468=CARTESIAN_POINT('Ctrl Pts',(-16.9974732296884,34.52206934433,15.5466580007003));
#6469=CARTESIAN_POINT('Ctrl Pts',(-16.5287187679698,23.1168643054851,29.9845867984164));
#6470=CARTESIAN_POINT('Ctrl Pts',(-16.163407475217,9.97406696152167,35.7178521267454));
#6471=CARTESIAN_POINT('Ctrl Pts',(-15.9543476697038,2.01214282145448,36.3677540970087));
#6472=CARTESIAN_POINT('Ctrl Pts',(-15.9015393514301,0.000725480622965624,
36.3662578685879));
#6473=CARTESIAN_POINT('Ctrl Pts',(-21.7972396265507,-32.4130206579446,-23.1134634321137));
#6474=CARTESIAN_POINT('Ctrl Pts',(-21.6409881393112,-28.6310530499817,-28.417082016348));
#6475=CARTESIAN_POINT('Ctrl Pts',(-21.3284851648321,-18.4186796135426,-37.128160579301));
#6476=CARTESIAN_POINT('Ctrl Pts',(-20.8597307031135,1.26167733777127,-41.4252180847934));
#6477=CARTESIAN_POINT('Ctrl Pts',(-20.3909762413949,20.6390054655517,-35.9395847294194));
#6478=CARTESIAN_POINT('Ctrl Pts',(-19.9222217796763,35.1446846664239,-21.9662321063285));
#6479=CARTESIAN_POINT('Ctrl Pts',(-19.4534673179577,41.3492573841732,-2.8053720121499));
#6480=CARTESIAN_POINT('Ctrl Pts',(-18.9847128562391,37.7893637427898,17.018050346675));
#6481=CARTESIAN_POINT('Ctrl Pts',(-18.5159583945205,25.3047285526111,32.8224373197579));
#6482=CARTESIAN_POINT('Ctrl Pts',(-18.0472039328019,6.84425287836567,40.8754265242384));
#6483=CARTESIAN_POINT('Ctrl Pts',(-17.5784494710833,-13.2326625261626,39.2751928563212));
#6484=CARTESIAN_POINT('Ctrl Pts',(-17.1096950093647,-30.1844822832379,28.3996587465696));
#6485=CARTESIAN_POINT('Ctrl Pts',(-16.6409405476461,-40.0079012878969,10.8172065043838));
#6486=CARTESIAN_POINT('Ctrl Pts',(-16.1721860859275,-40.3829673373076,-9.3198567857573));
#6487=CARTESIAN_POINT('Ctrl Pts',(-15.7034316242089,-31.2211221662011,-27.2559255884043));
#6488=CARTESIAN_POINT('Ctrl Pts',(-15.2346771624903,-14.6860350626308,-38.7551836686423));
#6489=CARTESIAN_POINT('Ctrl Pts',(-14.7659227007717,5.31733202534466,-41.1019449555535));
#6490=CARTESIAN_POINT('Ctrl Pts',(-14.2971682390531,24.0649488325176,-33.7419937494987));
#6491=CARTESIAN_POINT('Ctrl Pts',(-13.8284137773345,37.1293417447324,-18.4134700144596));
#6492=CARTESIAN_POINT('Ctrl Pts',(-13.3596593156159,41.4251998613494,1.26361336255134));
#6493=CARTESIAN_POINT('Ctrl Pts',(-12.8909048538973,35.9380049391629,20.6422794299793));
#6494=CARTESIAN_POINT('Ctrl Pts',(-12.4221503921787,21.9636233961663,35.1460260588967));
#6495=CARTESIAN_POINT('Ctrl Pts',(-11.9533959304601,2.80227131128278,41.3496212261251));
#6496=CARTESIAN_POINT('Ctrl Pts',(-11.4846414687414,-17.0208704093452,37.788012259693));
#6497=CARTESIAN_POINT('Ctrl Pts',(-11.0158870070229,-32.8243314449775,25.3023154144772));
#6498=CARTESIAN_POINT('Ctrl Pts',(-10.5471325453042,-40.8759367730612,6.84117628554828));
#6499=CARTESIAN_POINT('Ctrl Pts',(-10.0783780835857,-39.274204177823,-13.2355878714561));
#6500=CARTESIAN_POINT('Ctrl Pts',(-9.60962362186704,-28.3974018312479,-30.186610762246));
#6501=CARTESIAN_POINT('Ctrl Pts',(-9.14086916014845,-10.8142157856419,-40.0087070151954));
#6502=CARTESIAN_POINT('Ctrl Pts',(-8.67211469842984,9.32287575129376,-40.3822719495923));
#6503=CARTESIAN_POINT('Ctrl Pts',(-8.20336023671124,27.258259457803,-31.2190837696217));
#6504=CARTESIAN_POINT('Ctrl Pts',(-7.73460577499264,38.756281465143,-14.6831381890832));
#6505=CARTESIAN_POINT('Ctrl Pts',(-7.26585131327403,41.1015473217834,5.32040485670573));
#6506=CARTESIAN_POINT('Ctrl Pts',(-6.79709685155544,33.7401946425667,24.0674711086625));
#6507=CARTESIAN_POINT('Ctrl Pts',(-6.32834238983683,18.410694288568,37.1307182249047));
#6508=CARTESIAN_POINT('Ctrl Pts',(-5.85958792811824,-1.26671017328508,41.4251052554043));
#6509=CARTESIAN_POINT('Ctrl Pts',(-5.39083346639962,-20.6449659838423,35.93646170132));
#6510=CARTESIAN_POINT('Ctrl Pts',(-4.92207900468103,-35.1476678907355,21.9609959229307));
#6511=CARTESIAN_POINT('Ctrl Pts',(-4.45332454296242,-41.3498305996753,2.79918014114761));
#6512=CARTESIAN_POINT('Ctrl Pts',(-3.98457008124383,-37.7867397279684,-17.0236952749748));
#6513=CARTESIAN_POINT('Ctrl Pts',(-3.51581561952521,-25.2998615014378,-32.8262228727659));
#6514=CARTESIAN_POINT('Ctrl Pts',(-3.04706115780662,-6.83812051165525,-40.8764480838601));
#6515=CARTESIAN_POINT('Ctrl Pts',(-2.57830669608801,13.2385238487799,-39.2732146174682));
#6516=CARTESIAN_POINT('Ctrl Pts',(-2.10955223436941,30.1887335771519,-28.3951450972199));
#6517=CARTESIAN_POINT('Ctrl Pts',(-1.64079777265081,40.0095153396987,-10.8112248319441));
#6518=CARTESIAN_POINT('Ctrl Pts',(-1.17204331093221,40.3815748882788,9.3258945751473));
#6519=CARTESIAN_POINT('Ctrl Pts',(-0.703288849213607,31.2170459417903,27.2605932208487));
#6520=CARTESIAN_POINT('Ctrl Pts',(-0.234534387495002,14.6802408519828,38.7573790214484));
#6521=CARTESIAN_POINT('Ctrl Pts',(0.234220074223601,-5.32347746251166,41.1011494704292));
#6522=CARTESIAN_POINT('Ctrl Pts',(0.702974535942205,-24.0699933508202,33.7383953408561));
#6523=CARTESIAN_POINT('Ctrl Pts',(1.1717289976608,-37.1320944459742,18.407918462979));
#6524=CARTESIAN_POINT('Ctrl Pts',(1.6404834593794,-41.4250104444354,-1.26980697857806));
#6525=CARTESIAN_POINT('Ctrl Pts',(2.10923792109801,-35.9349182490492,-20.6476524214881));
#6526=CARTESIAN_POINT('Ctrl Pts',(2.57799238281661,-21.9583683339421,-35.1493095265805));
#6527=CARTESIAN_POINT('Ctrl Pts',(3.04674684453522,-2.796088951787,-41.3500397419171));
#6528=CARTESIAN_POINT('Ctrl Pts',(3.51550130625381,17.0265200436278,-37.7854669851832));
#6529=CARTESIAN_POINT('Ctrl Pts',(3.98425576797242,32.8281141180459,-25.2974074469497));
#6530=CARTESIAN_POINT('Ctrl Pts',(4.45301022969101,40.8769591657332,-6.83506469957708));
#6531=CARTESIAN_POINT('Ctrl Pts',(4.92176469140962,39.2722248378806,13.2414597521342));
#6532=CARTESIAN_POINT('Ctrl Pts',(5.39051915312822,28.3928882043758,30.1908562233376));
#6533=CARTESIAN_POINT('Ctrl Pts',(5.85927361484682,10.8082338178928,40.0103234406097));
#6534=CARTESIAN_POINT('Ctrl Pts',(6.32802807656543,-9.32891334691667,40.3808776012874));
#6535=CARTESIAN_POINT('Ctrl Pts',(6.79678253828403,-27.2629268315282,31.2150079395012));
#6536=CARTESIAN_POINT('Ctrl Pts',(7.26553700000263,-38.7584763611662,14.6773434328396));
#6537=CARTESIAN_POINT('Ctrl Pts',(7.73429146172124,-41.1007513893689,-5.32655003856548));
#6538=CARTESIAN_POINT('Ctrl Pts',(8.20304592343984,-33.7365958506069,-24.0725154584625));
#6539=CARTESIAN_POINT('Ctrl Pts',(8.67180038515843,-18.4051425344976,-37.1334704595246));
#6540=CARTESIAN_POINT('Ctrl Pts',(9.14055484687704,1.27290377674121,-41.4249154019661));
#6541=CARTESIAN_POINT('Ctrl Pts',(9.60930930859564,20.6503387438077,-35.9333745959403));
#6542=CARTESIAN_POINT('Ctrl Pts',(10.0780637703142,35.1509509658651,-21.9557406222623));
#6543=CARTESIAN_POINT('Ctrl Pts',(10.5468182320329,41.3502486533153,-2.79299774675179));
#6544=CARTESIAN_POINT('Ctrl Pts',(11.0155726937514,37.7841940307548,17.0293447170322));
#6545=CARTESIAN_POINT('Ctrl Pts',(11.4843271554701,25.2949532520124,32.8300051800474));
#6546=CARTESIAN_POINT('Ctrl Pts',(11.9530816171886,6.83200884749348,40.8774700188038));
#6547=CARTESIAN_POINT('Ctrl Pts',(12.4218360789073,-13.2443955779679,39.2712348395152));
#6548=CARTESIAN_POINT('Ctrl Pts',(12.8905905406259,-30.1929787076569,28.3906311514952));
#6549=CARTESIAN_POINT('Ctrl Pts',(13.3593450023445,-40.01113130456,10.8052427460887));
#6550=CARTESIAN_POINT('Ctrl Pts',(13.8280994640631,-40.3801801146513,-9.33193207171343));
#6551=CARTESIAN_POINT('Ctrl Pts',(14.2968539257817,-31.212969712059,-27.2652602797885));
#6552=CARTESIAN_POINT('Ctrl Pts',(14.7656083875003,-14.6744460304542,-38.7595735038736));
#6553=CARTESIAN_POINT('Ctrl Pts',(15.2343628492189,5.32962277729817,-41.10035304044));
#6554=CARTESIAN_POINT('Ctrl Pts',(15.7031173109375,24.0750370566541,-33.7347962461871));
#6555=CARTESIAN_POINT('Ctrl Pts',(16.1718717726561,37.1348469959601,-18.4023663582735));
#6556=CARTESIAN_POINT('Ctrl Pts',(16.6406262343747,41.4248187050276,1.27600028553141));
#6557=CARTESIAN_POINT('Ctrl Pts',(17.1093806960933,35.9318335141931,20.6530255006113));
#6558=CARTESIAN_POINT('Ctrl Pts',(17.5781351578119,21.9531073871962,35.1525911374245));
#6559=CARTESIAN_POINT('Ctrl Pts',(18.0468896195305,2.78991704758082,41.350459420666));
#6560=CARTESIAN_POINT('Ctrl Pts',(18.5156440812491,-17.0321897929364,37.7829167992471));
#6561=CARTESIAN_POINT('Ctrl Pts',(18.9843985429677,-32.8318561254127,25.2925068368278));
#6562=CARTESIAN_POINT('Ctrl Pts',(19.4531530046863,-40.8780584416529,6.82893752553437));
#6563=CARTESIAN_POINT('Ctrl Pts',(19.9219074664049,-39.2700930417643,-13.2473012663081));
#6564=CARTESIAN_POINT('Ctrl Pts',(20.3906619281235,-28.3886694043263,-30.1951595906254));
#6565=CARTESIAN_POINT('Ctrl Pts',(20.8594163898421,-10.801674334683,-40.0118248608787));
#6566=CARTESIAN_POINT('Ctrl Pts',(21.3281708515607,9.33380885430021,-40.3797044980363));
#6567=CARTESIAN_POINT('Ctrl Pts',(21.7969253132793,27.2699970483804,-31.2105002793934));
#6568=CARTESIAN_POINT('Ctrl Pts',(22.1094282877584,34.9260714341609,-20.1850757553844));
#6569=CARTESIAN_POINT('Ctrl Pts',(22.2656797749979,37.2320450755297,-14.092938639394));
#6570=CARTESIAN_POINT('Ctrl Pts',(-21.1348264177005,-31.4788699662871,-22.447328113238));
#6571=CARTESIAN_POINT('Ctrl Pts',(-20.9785749304609,-27.8058995324564,-27.5980951931021));
#6572=CARTESIAN_POINT('Ctrl Pts',(-20.6660719559819,-17.8878490414099,-36.0581184733481));
#6573=CARTESIAN_POINT('Ctrl Pts',(-20.1973174942633,1.22531550743881,-40.2313337956881));
#6574=CARTESIAN_POINT('Ctrl Pts',(-19.7285630325447,20.0441845929701,-34.9037976521468));
#6575=CARTESIAN_POINT('Ctrl Pts',(-19.259808570826,34.1318067913353,-21.3331602574632));
#6576=CARTESIAN_POINT('Ctrl Pts',(-18.7910541091075,40.1575622998868,-2.72452054714258));
#6577=CARTESIAN_POINT('Ctrl Pts',(-18.3222996473888,36.7002656099699,16.5275862313501));
#6578=CARTESIAN_POINT('Ctrl Pts',(-17.8535451856703,24.5754404702358,31.8764871459775));
#6579=CARTESIAN_POINT('Ctrl Pts',(-17.3847907239516,6.64699994018148,39.6973873540431));
#6580=CARTESIAN_POINT('Ctrl Pts',(-16.9160362622331,-12.8512941562802,38.1432727875658));
#6581=CARTESIAN_POINT('Ctrl Pts',(-16.4472818005144,-29.3145585788177,27.5811740659559));
#6582=CARTESIAN_POINT('Ctrl Pts',(-15.9785273387958,-38.8548643940433,10.5054521312104));
#6583=CARTESIAN_POINT('Ctrl Pts',(-15.5097728770773,-39.2191209538611,-9.0512563750014));
#6584=CARTESIAN_POINT('Ctrl Pts',(-15.0410184153586,-30.3213222625248,-26.4704035598077));
#6585=CARTESIAN_POINT('Ctrl Pts',(-14.57226395364,-14.2627801628101,-37.6382503839779));
#6586=CARTESIAN_POINT('Ctrl Pts',(-14.1035094919214,5.16408529645546,-39.9173774721991));
#6587=CARTESIAN_POINT('Ctrl Pts',(-13.6347550302028,23.3713914861094,-32.7695417484455));
#6588=CARTESIAN_POINT('Ctrl Pts',(-13.1660005684842,36.0592655973208,-17.8827895841676));
#6589=CARTESIAN_POINT('Ctrl Pts',(-12.6972461067656,40.2313160974478,1.22719573554055));
#6590=CARTESIAN_POINT('Ctrl Pts',(-12.228491645047,34.9022633918079,20.0473642009917));
#6591=CARTESIAN_POINT('Ctrl Pts',(-11.7597371833284,21.3306267309263,34.1331095245694));
#6592=CARTESIAN_POINT('Ctrl Pts',(-11.2909827216098,2.72150920918584,40.1579156558301));
#6593=CARTESIAN_POINT('Ctrl Pts',(-10.8222282598912,-16.5303250191671,36.6989530769261));
#6594=CARTESIAN_POINT('Ctrl Pts',(-10.3534737981726,-31.8783266820737,24.5730968792965));
#6595=CARTESIAN_POINT('Ctrl Pts',(-9.88471933645402,-39.6978828973777,6.64401201547494));
#6596=CARTESIAN_POINT('Ctrl Pts',(-9.41596487473541,-38.1423126030088,-12.8541351924512));
#6597=CARTESIAN_POINT('Ctrl Pts',(-8.94721041301681,-27.5789821954515,-29.3166257145725));
#6598=CARTESIAN_POINT('Ctrl Pts',(-8.47845595129822,-10.5025476056689,-38.8556469000962));
#6599=CARTESIAN_POINT('Ctrl Pts',(-8.00970148957961,9.05418833325852,-39.2184456073793));
#6600=CARTESIAN_POINT('Ctrl Pts',(-7.54094702786101,26.4726701665549,-30.3193426130024));
#6601=CARTESIAN_POINT('Ctrl Pts',(-7.07219256614241,37.6393165417316,-14.2599667778228));
#6602=CARTESIAN_POINT('Ctrl Pts',(-6.6034381044238,39.9169912983255,5.16706956811173));
#6603=CARTESIAN_POINT('Ctrl Pts',(-6.1346836427052,32.7677944921882,23.3738410696773));
#6604=CARTESIAN_POINT('Ctrl Pts',(-5.6659291809866,17.8800938553331,36.0606024070187));
#6605=CARTESIAN_POINT('Ctrl Pts',(-5.19717471926799,-1.23020329547844,40.2312242180678));
#6606=CARTESIAN_POINT('Ctrl Pts',(-4.7284202575494,-20.049973327756,34.9007646304337));
#6607=CARTESIAN_POINT('Ctrl Pts',(-4.25966579583079,-34.1347040384378,21.3280749820722));
#6608=CARTESIAN_POINT('Ctrl Pts',(-3.79091133411219,-40.1581189951866,2.71850712728317));
#6609=CARTESIAN_POINT('Ctrl Pts',(-3.32215687239359,-36.6977172198577,-16.5330684715213));
#6610=CARTESIAN_POINT('Ctrl Pts',(-2.85340241067498,-24.5707136885939,-31.8801635984792));
#6611=CARTESIAN_POINT('Ctrl Pts',(-2.38464794895639,-6.64104430968658,-39.6983794720821));
#6612=CARTESIAN_POINT('Ctrl Pts',(-1.91589348723778,12.856986554235,-38.1413515620104));
#6613=CARTESIAN_POINT('Ctrl Pts',(-1.44713902551918,29.3186873494658,-27.576790501016));
#6614=CARTESIAN_POINT('Ctrl Pts',(-0.978384563800578,38.8564319285018,-10.4996428519428));
#6615=CARTESIAN_POINT('Ctrl Pts',(-0.509630102081977,39.2177686355328,9.05712015391598));
#6616=CARTESIAN_POINT('Ctrl Pts',(-0.0408756403633747,30.3173635158366,
26.4749366700143));
#6617=CARTESIAN_POINT('Ctrl Pts',(0.42787882135523,14.2571529426424,37.6403824662125));
#6618=CARTESIAN_POINT('Ctrl Pts',(0.896633283073833,-5.17005362071344,39.9166049131386));
#6619=CARTESIAN_POINT('Ctrl Pts',(1.36538774479244,-23.3762906202373,32.7660470467656));
#6620=CARTESIAN_POINT('Ctrl Pts',(1.83414220651104,-36.0619389650813,17.8773980296743));
#6621=CARTESIAN_POINT('Ctrl Pts',(2.30289666822963,-40.2311321395728,-1.23321085013243));
#6622=CARTESIAN_POINT('Ctrl Pts',(2.77165112994824,-34.8992656608115,-20.0525823416525));
#6623=CARTESIAN_POINT('Ctrl Pts',(3.24040559166684,-21.3255231208011,-34.1362983619612));
#6624=CARTESIAN_POINT('Ctrl Pts',(3.70916005338545,-2.71550502670911,-40.1583221099011));
#6625=CARTESIAN_POINT('Ctrl Pts',(4.17791451510405,16.5358118296936,-36.6964811578115));
#6626=CARTESIAN_POINT('Ctrl Pts',(4.64666897682265,31.8820003376364,-24.5683303605192));
#6627=CARTESIAN_POINT('Ctrl Pts',(5.11542343854124,39.6988758244584,-6.63807656681358));
#6628=CARTESIAN_POINT('Ctrl Pts',(5.58417790025985,38.1403903080976,12.8598378441811));
#6629=CARTESIAN_POINT('Ctrl Pts',(6.05293236197845,27.5745986523415,29.3207488205013));
#6630=CARTESIAN_POINT('Ctrl Pts',(6.52168682369706,10.4967380396026,38.8572167397592));
#6631=CARTESIAN_POINT('Ctrl Pts',(6.99044128541566,-9.06005192399038,39.2170914445124));
#6632=CARTESIAN_POINT('Ctrl Pts',(7.45919574713426,-26.4772030254986,30.3153842492412));
#6633=CARTESIAN_POINT('Ctrl Pts',(7.92795020885287,-37.6414481803478,14.2543390277836));
#6634=CARTESIAN_POINT('Ctrl Pts',(8.39670467057146,-39.9162183048658,-5.17303764442044));
#6635=CARTESIAN_POINT('Ctrl Pts',(8.86545913229007,-32.7642994182382,-23.3787400401587));
#6636=CARTESIAN_POINT('Ctrl Pts',(9.33421359400868,-17.8747021040887,-36.0632753216054));
#6637=CARTESIAN_POINT('Ctrl Pts',(9.80296805572726,1.23621839786203,-40.2310398362492));
#6638=CARTESIAN_POINT('Ctrl Pts',(10.2717225174459,20.0551912435466,-34.8977664961393));
#6639=CARTESIAN_POINT('Ctrl Pts',(10.7404769791645,34.137892494589,-21.3229711403747));
#6640=CARTESIAN_POINT('Ctrl Pts',(11.2092314408831,40.1585250004249,-2.71250291091224));
#6641=CARTESIAN_POINT('Ctrl Pts',(11.6779859026017,36.6952448902217,16.5385550953625));
#6642=CARTESIAN_POINT('Ctrl Pts',(12.1467403643203,24.565946896043,31.8838368987971));
#6643=CARTESIAN_POINT('Ctrl Pts',(12.6154948260389,6.63510878508808,39.6993719546263));
#6644=CARTESIAN_POINT('Ctrl Pts',(13.0842492877575,-12.8626890588407,38.1394288417121));
#6645=CARTESIAN_POINT('Ctrl Pts',(13.5530037494761,-29.3228101343357,27.5724066482428));
#6646=CARTESIAN_POINT('Ctrl Pts',(14.0217582111947,-38.8580013208851,10.4938331711741));
#6647=CARTESIAN_POINT('Ctrl Pts',(14.4905126729133,-39.2164140596012,-9.06298364844593));
#6648=CARTESIAN_POINT('Ctrl Pts',(14.9592671346319,-30.3134047639814,-26.4794692232447));
#6649=CARTESIAN_POINT('Ctrl Pts',(15.4280215963505,-14.2515251291996,-37.6425137031508));
#6650=CARTESIAN_POINT('Ctrl Pts',(15.8967760580691,5.1760218261179,-39.9158314364444));
#6651=CARTESIAN_POINT('Ctrl Pts',(16.3655305197877,23.3811889653118,-32.7625516788306));
#6652=CARTESIAN_POINT('Ctrl Pts',(16.8342849815063,36.0646121859451,-17.8720059379003));
#6653=CARTESIAN_POINT('Ctrl Pts',(17.3030394432249,40.2309459261387,1.23922566455849));
#6654=CARTESIAN_POINT('Ctrl Pts',(17.7717939049435,34.8962698287217,20.0578005674027));
#6655=CARTESIAN_POINT('Ctrl Pts',(18.2405483666621,21.3204137957474,34.1394853960278));
#6656=CARTESIAN_POINT('Ctrl Pts',(18.7093028283807,2.70951099819812,40.1587296934121));
#6657=CARTESIAN_POINT('Ctrl Pts',(19.1780572900993,-16.5413181755263,36.6940044688191));
#6658=CARTESIAN_POINT('Ctrl Pts',(19.6468117518179,-31.8856344994923,24.5635709871052));
#6659=CARTESIAN_POINT('Ctrl Pts',(20.1155662135365,-39.6999434189938,6.6321259793325));
#6660=CARTESIAN_POINT('Ctrl Pts',(20.5843206752552,-38.1383199508345,-12.8655110045762));
#6661=CARTESIAN_POINT('Ctrl Pts',(21.0530751369737,-27.5705014390773,-29.3249281637567));
#6662=CARTESIAN_POINT('Ctrl Pts',(21.5218295986923,-10.4903676022039,-38.8586748887516));
#6663=CARTESIAN_POINT('Ctrl Pts',(21.9905840604109,9.06480634172801,-39.2159521503662));
#6664=CARTESIAN_POINT('Ctrl Pts',(22.4593385221295,26.484069477079,-30.3110065009318));
#6665=CARTESIAN_POINT('Ctrl Pts',(22.7718414966086,33.9194940425811,-19.6033372411917));
#6666=CARTESIAN_POINT('Ctrl Pts',(22.9280929838481,36.159008994562,-13.6867769145611));
#6667=CARTESIAN_POINT('Ctrl Pts',(-20.4724132088502,-30.5447192746297,-21.7811927943622));
#6668=CARTESIAN_POINT('Ctrl Pts',(-20.3161617216107,-26.9807460149312,-26.7791083698561));
#6669=CARTESIAN_POINT('Ctrl Pts',(-20.0036587471317,-17.3570184692771,-34.9880763673952));
#6670=CARTESIAN_POINT('Ctrl Pts',(-19.534904285413,1.18895367710636,-39.0374495065827));
#6671=CARTESIAN_POINT('Ctrl Pts',(-19.0661498236944,19.4493637203884,-33.8680105748742));
#6672=CARTESIAN_POINT('Ctrl Pts',(-18.5973953619758,33.1189289162468,-20.7000884085979));
#6673=CARTESIAN_POINT('Ctrl Pts',(-18.1286409002572,38.9658672156003,-2.64366908213529));
#6674=CARTESIAN_POINT('Ctrl Pts',(-17.6598864385386,35.61116747715,16.0371221160252));
#6675=CARTESIAN_POINT('Ctrl Pts',(-17.19113197682,23.8461523878604,30.930536972197));
#6676=CARTESIAN_POINT('Ctrl Pts',(-16.7223775151014,6.44974700199733,38.5193481838478));
#6677=CARTESIAN_POINT('Ctrl Pts',(-16.2536230533828,-12.4699257863979,37.0113527188104));
#6678=CARTESIAN_POINT('Ctrl Pts',(-15.7848685916642,-28.4446348743975,26.7626893853422));
#6679=CARTESIAN_POINT('Ctrl Pts',(-15.3161141299456,-37.7018275001897,10.1936977580371));
#6680=CARTESIAN_POINT('Ctrl Pts',(-14.847359668227,-38.0552745704146,-8.78265596424554));
#6681=CARTESIAN_POINT('Ctrl Pts',(-14.3786052065084,-29.4215223588484,-25.6848815312112));
#6682=CARTESIAN_POINT('Ctrl Pts',(-13.9098507447898,-13.8395252629895,-36.5213170993136));
#6683=CARTESIAN_POINT('Ctrl Pts',(-13.4410962830712,5.01083856756628,-38.7328099888447));
#6684=CARTESIAN_POINT('Ctrl Pts',(-12.9723418213526,22.6778341397013,-31.7970897473924));
#6685=CARTESIAN_POINT('Ctrl Pts',(-12.503587359634,34.9891894499091,-17.3521091538756));
#6686=CARTESIAN_POINT('Ctrl Pts',(-12.0348328979154,39.0374323335463,1.19077810852977));
#6687=CARTESIAN_POINT('Ctrl Pts',(-11.5660784361968,33.866521844453,19.4524489720041));
#6688=CARTESIAN_POINT('Ctrl Pts',(-11.0973239744782,20.6976300656864,33.120192990242));
#6689=CARTESIAN_POINT('Ctrl Pts',(-10.6285695127596,2.6407471070889,38.9662100855352));
#6690=CARTESIAN_POINT('Ctrl Pts',(-10.159815051041,-16.0397796289891,35.609893894159));
#6691=CARTESIAN_POINT('Ctrl Pts',(-9.69106058932239,-30.9323219191698,23.8438783441158));
#6692=CARTESIAN_POINT('Ctrl Pts',(-9.22230612760378,-38.5198290216942,6.4468477454016));
#6693=CARTESIAN_POINT('Ctrl Pts',(-8.75355166588519,-37.0104210281945,-12.4726825134464));
#6694=CARTESIAN_POINT('Ctrl Pts',(-8.28479720416658,-26.7605625596552,-28.4466406668989));
#6695=CARTESIAN_POINT('Ctrl Pts',(-7.81604274244798,-10.1908794256958,-37.7025867849969));
#6696=CARTESIAN_POINT('Ctrl Pts',(-7.34728828072938,8.78550091522325,-38.0546192651663));
#6697=CARTESIAN_POINT('Ctrl Pts',(-6.87853381901077,25.6870808753068,-29.4196014563832));
#6698=CARTESIAN_POINT('Ctrl Pts',(-6.40977935729218,36.5223516183202,-13.8367953665625));
#6699=CARTESIAN_POINT('Ctrl Pts',(-5.94102489557357,38.7324352748676,5.01373427951777));
#6700=CARTESIAN_POINT('Ctrl Pts',(-5.47227043385497,31.7953943418095,22.6802110306919));
#6701=CARTESIAN_POINT('Ctrl Pts',(-5.00351597213637,17.3494934220981,34.9904865891328));
#6702=CARTESIAN_POINT('Ctrl Pts',(-4.53476151041776,-1.19369641767184,39.0373431807313));
#6703=CARTESIAN_POINT('Ctrl Pts',(-4.06600704869917,-19.4549806716697,33.8650675595475));
#6704=CARTESIAN_POINT('Ctrl Pts',(-3.59725258698056,-33.1217401861402,20.6951540412137));
#6705=CARTESIAN_POINT('Ctrl Pts',(-3.12849812526196,-38.966407390698,2.6378341134187));
#6706=CARTESIAN_POINT('Ctrl Pts',(-2.65974366354335,-35.6086947117469,-16.0424416680677));
#6707=CARTESIAN_POINT('Ctrl Pts',(-2.19098920182476,-23.84156587575,-30.9341043241925));
#6708=CARTESIAN_POINT('Ctrl Pts',(-1.72223474010615,-6.44396810771788,-38.5203108603041));
#6709=CARTESIAN_POINT('Ctrl Pts',(-1.25348027838755,12.4754492596901,-37.0094885065526));
#6710=CARTESIAN_POINT('Ctrl Pts',(-0.784725816668945,28.4486411217797,-26.7584359048121));
#6711=CARTESIAN_POINT('Ctrl Pts',(-0.315971354950346,37.7033485173049,-10.1880608719416));
#6712=CARTESIAN_POINT('Ctrl Pts',(0.152783106768255,38.0539623827868,8.78834573268469));
#6713=CARTESIAN_POINT('Ctrl Pts',(0.621537568486857,29.417681089883,25.6892801191798));
#6714=CARTESIAN_POINT('Ctrl Pts',(1.09029203020546,13.8340650333019,36.5233859109766));
#6715=CARTESIAN_POINT('Ctrl Pts',(1.55904649192406,-5.0166297789152,38.732060355848));
#6716=CARTESIAN_POINT('Ctrl Pts',(2.02780095364267,-22.6825878896543,31.7936987526751));
#6717=CARTESIAN_POINT('Ctrl Pts',(2.49655541536126,-34.9917834841883,17.3468775963697));
#6718=CARTESIAN_POINT('Ctrl Pts',(2.96530987707987,-39.0372538347101,-1.19661472168678));
#6719=CARTESIAN_POINT('Ctrl Pts',(3.43406433879847,-33.8636130725738,-19.457512261817));
#6720=CARTESIAN_POINT('Ctrl Pts',(3.90281880051708,-20.6926779076601,-33.1232871973418));
#6721=CARTESIAN_POINT('Ctrl Pts',(4.37157326223568,-2.63492110163124,-38.966604477885));
#6722=CARTESIAN_POINT('Ctrl Pts',(4.84032772395428,16.0451036157594,-35.6074953304398));
#6723=CARTESIAN_POINT('Ctrl Pts',(5.30908218567288,30.9358865572268,-23.8392532740886));
#6724=CARTESIAN_POINT('Ctrl Pts',(5.77783664739148,38.5207924831835,-6.44108843405008));
#6725=CARTESIAN_POINT('Ctrl Pts',(6.24659110911008,37.0085557783146,12.478215936228));
#6726=CARTESIAN_POINT('Ctrl Pts',(6.71534557082868,26.7563091003071,28.4506414176651));
#6727=CARTESIAN_POINT('Ctrl Pts',(7.18410003254729,10.1852422613125,37.7041100389087));
#6728=CARTESIAN_POINT('Ctrl Pts',(7.65285449426589,-8.79119050106411,38.0533052877375));
#6729=CARTESIAN_POINT('Ctrl Pts',(8.1216089559845,-25.691479219469,29.415760558981));
#6730=CARTESIAN_POINT('Ctrl Pts',(8.59036341770309,-36.5244199995295,13.8313346227276));
#6731=CARTESIAN_POINT('Ctrl Pts',(9.0591178794217,-38.7316852203627,-5.01952525027543));
#6732=CARTESIAN_POINT('Ctrl Pts',(9.5278723411403,-31.7920029858695,-22.6849646218548));
#6733=CARTESIAN_POINT('Ctrl Pts',(9.99662680285891,-17.3442616736797,-34.9930801836863));
#6734=CARTESIAN_POINT('Ctrl Pts',(10.4653812645775,1.19953301898285,-39.0371642705323));
#6735=CARTESIAN_POINT('Ctrl Pts',(10.9341357262961,19.4600437432855,-33.8621583963384));
#6736=CARTESIAN_POINT('Ctrl Pts',(11.4028901880147,33.1248340233129,-20.6902016584872));
#6737=CARTESIAN_POINT('Ctrl Pts',(11.8716446497333,38.9668013475344,-2.63200807507262));
#6738=CARTESIAN_POINT('Ctrl Pts',(12.3403991114519,35.6062957496887,16.0477654736926));
#6739=CARTESIAN_POINT('Ctrl Pts',(12.8091535731705,23.8369405400736,30.9376686175468));
#6740=CARTESIAN_POINT('Ctrl Pts',(13.2779080348891,6.4382087226827,38.5212738904487));
#6741=CARTESIAN_POINT('Ctrl Pts',(13.7466624966077,-12.4809825397135,37.0076228439092));
#6742=CARTESIAN_POINT('Ctrl Pts',(14.2154169583263,-28.4526415610145,26.7541821449902));
#6743=CARTESIAN_POINT('Ctrl Pts',(14.6841714200449,-37.7048713372102,10.1824235962597));
#6744=CARTESIAN_POINT('Ctrl Pts',(15.1529258817635,-38.0526480045512,-8.79403522517846));
#6745=CARTESIAN_POINT('Ctrl Pts',(15.6216803434822,-29.4138398159038,-25.6936781667009));
#6746=CARTESIAN_POINT('Ctrl Pts',(16.0904348052007,-13.8286042279452,-36.5254539024279));
#6747=CARTESIAN_POINT('Ctrl Pts',(16.5591892669193,5.02242087493767,-38.7313098324488));
#6748=CARTESIAN_POINT('Ctrl Pts',(17.0279437286379,22.6873408739696,-31.7903071114743));
#6749=CARTESIAN_POINT('Ctrl Pts',(17.4966981903565,34.9943773759301,-17.341645517527));
#6750=CARTESIAN_POINT('Ctrl Pts',(17.9654526520751,39.0370731472497,1.20245104358554));
#6751=CARTESIAN_POINT('Ctrl Pts',(18.4342071137937,33.8607061432502,19.4625756341941));
#6752=CARTESIAN_POINT('Ctrl Pts',(18.9029615755123,20.6877202042986,33.1263796546311));
#6753=CARTESIAN_POINT('Ctrl Pts',(19.371716037231,2.62910494881543,38.9669999661582));
#6754=CARTESIAN_POINT('Ctrl Pts',(19.8404704989495,-16.0504465581162,35.6050921383912));
#6755=CARTESIAN_POINT('Ctrl Pts',(20.3092249606682,-30.9394128735719,23.8346351373827));
#6756=CARTESIAN_POINT('Ctrl Pts',(20.7779794223867,-38.5218283963348,6.4353144331306));
#6757=CARTESIAN_POINT('Ctrl Pts',(21.2467338841054,-37.0065468599046,-12.4837207428444));
#6758=CARTESIAN_POINT('Ctrl Pts',(21.7154883458239,-26.7523334738282,-28.454696736888));
#6759=CARTESIAN_POINT('Ctrl Pts',(22.1842428075426,-10.1790608697248,-37.7055249166245));
#6760=CARTESIAN_POINT('Ctrl Pts',(22.6529972692612,8.79580382915579,-38.0521998026961));
#6761=CARTESIAN_POINT('Ctrl Pts',(23.1217517309798,25.6981419057776,-29.4115127224701));
#6762=CARTESIAN_POINT('Ctrl Pts',(23.4342547054588,32.9129166510012,-19.021598726999));
#6763=CARTESIAN_POINT('Ctrl Pts',(23.5905061926984,35.0859729135943,-13.2806151897281));
#6764=CARTESIAN_POINT('Ctrl Pts',(-19.81,-29.6105685829723,-21.1150574754864));
#6765=CARTESIAN_POINT('Ctrl Pts',(-19.6537485127605,-26.155592497406,-25.9601215466101));
#6766=CARTESIAN_POINT('Ctrl Pts',(-19.3412455382814,-16.8261878971443,-33.9180342614423));
#6767=CARTESIAN_POINT('Ctrl Pts',(-18.8724910765628,1.15259184677387,-37.8435652174773));
#6768=CARTESIAN_POINT('Ctrl Pts',(-18.4037366148442,18.8545428478068,-32.8322234976017));
#6769=CARTESIAN_POINT('Ctrl Pts',(-17.9349821531256,32.1060510411581,-20.0670165597326));
#6770=CARTESIAN_POINT('Ctrl Pts',(-17.466227691407,37.774172131314,-2.56281761712799));
#6771=CARTESIAN_POINT('Ctrl Pts',(-16.9974732296884,34.52206934433,15.5466580007003));
#6772=CARTESIAN_POINT('Ctrl Pts',(-16.5287187679698,23.1168643054851,29.9845867984164));
#6773=CARTESIAN_POINT('Ctrl Pts',(-16.0599643062512,6.25249406381312,37.3413090136525));
#6774=CARTESIAN_POINT('Ctrl Pts',(-15.5912098445326,-12.0885574165155,35.879432650055));
#6775=CARTESIAN_POINT('Ctrl Pts',(-15.122455382814,-27.5747111699773,25.9442047047285));
#6776=CARTESIAN_POINT('Ctrl Pts',(-14.6537009210954,-36.548790606336,9.88194338486377));
#6777=CARTESIAN_POINT('Ctrl Pts',(-14.1849464593768,-36.8914281869682,-8.51405555348965));
#6778=CARTESIAN_POINT('Ctrl Pts',(-13.7161919976582,-28.521722455172,-24.8993595026146));
#6779=CARTESIAN_POINT('Ctrl Pts',(-13.2474375359396,-13.4162703631689,-35.4043838146492));
#6780=CARTESIAN_POINT('Ctrl Pts',(-12.778683074221,4.85759183867713,-37.5482425054903));
#6781=CARTESIAN_POINT('Ctrl Pts',(-12.3099286125024,21.9842767932932,-30.8246377463393));
#6782=CARTESIAN_POINT('Ctrl Pts',(-11.8411741507838,33.9191133024975,-16.8214287235836));
#6783=CARTESIAN_POINT('Ctrl Pts',(-11.3724196890652,37.8435485696447,1.15436048151895));
#6784=CARTESIAN_POINT('Ctrl Pts',(-10.9036652273466,32.830780297098,18.8575337430165));
#6785=CARTESIAN_POINT('Ctrl Pts',(-10.434910765628,20.0646334004465,32.1072764559146));
#6786=CARTESIAN_POINT('Ctrl Pts',(-9.96615630390935,2.55998500499195,37.7745045152403));
#6787=CARTESIAN_POINT('Ctrl Pts',(-9.49740184219077,-15.549234238811,34.520834711392));
#6788=CARTESIAN_POINT('Ctrl Pts',(-9.02864738047215,-29.9863171562659,23.1146598089351));
#6789=CARTESIAN_POINT('Ctrl Pts',(-8.55989291875356,-37.3417751460107,6.24968347532823));
#6790=CARTESIAN_POINT('Ctrl Pts',(-8.09113845703495,-35.8785294533803,-12.0912298344415));
#6791=CARTESIAN_POINT('Ctrl Pts',(-7.62238399531635,-25.9421429238588,-27.5766556192254));
#6792=CARTESIAN_POINT('Ctrl Pts',(-7.15362953359775,-9.8792112457228,-36.5495266698977));
#6793=CARTESIAN_POINT('Ctrl Pts',(-6.68487507187914,8.516813497188,-36.8907929229533));
#6794=CARTESIAN_POINT('Ctrl Pts',(-6.21612061016055,24.9014915840587,-28.5198602997639));
#6795=CARTESIAN_POINT('Ctrl Pts',(-5.74736614844194,35.4053866949089,-13.4136239553021));
#6796=CARTESIAN_POINT('Ctrl Pts',(-5.27861168672334,37.5478792514096,4.86039899092378));
#6797=CARTESIAN_POINT('Ctrl Pts',(-4.80985722500474,30.8229941914309,21.9865809917066));
#6798=CARTESIAN_POINT('Ctrl Pts',(-4.34110276328614,16.8188929888631,33.9203707712468));
#6799=CARTESIAN_POINT('Ctrl Pts',(-3.87234830156753,-1.15718953986521,37.8434621433948));
#6800=CARTESIAN_POINT('Ctrl Pts',(-3.40359383984893,-18.8599880155835,32.8293704886612));
#6801=CARTESIAN_POINT('Ctrl Pts',(-2.93483937813033,-32.1087763338425,20.0622331003552));
#6802=CARTESIAN_POINT('Ctrl Pts',(-2.46608491641173,-37.7746957862093,2.55716109955426));
#6803=CARTESIAN_POINT('Ctrl Pts',(-1.99733045469312,-34.5196722036362,-15.5518148646141));
#6804=CARTESIAN_POINT('Ctrl Pts',(-1.52857599297452,-23.112418062906,-29.9880450499058));
#6805=CARTESIAN_POINT('Ctrl Pts',(-1.05982153125592,-6.24689190574922,-37.3422422485261));
#6806=CARTESIAN_POINT('Ctrl Pts',(-0.591067069537315,12.0939119651452,-35.8776254510948));
#6807=CARTESIAN_POINT('Ctrl Pts',(-0.122312607818714,27.5785948940935,-25.9400813086082));
#6808=CARTESIAN_POINT('Ctrl Pts',(0.346441853899887,36.5502651061081,-9.87647889194026));
#6809=CARTESIAN_POINT('Ctrl Pts',(0.815196315618486,36.8901561300408,8.51957131145338));
#6810=CARTESIAN_POINT('Ctrl Pts',(1.28395077733709,28.5179986639294,24.9036235683453));
#6811=CARTESIAN_POINT('Ctrl Pts',(1.75270523905569,13.4109771239615,35.4063893557407));
#6812=CARTESIAN_POINT('Ctrl Pts',(2.2214597007743,-4.86320593711696,37.5475157985574));
#6813=CARTESIAN_POINT('Ctrl Pts',(2.6902141624929,-21.9888851590714,30.8213504585846));
#6814=CARTESIAN_POINT('Ctrl Pts',(3.1589686242115,-33.9216280032954,16.816357163065));
#6815=CARTESIAN_POINT('Ctrl Pts',(3.6277230859301,-37.8433755298475,-1.16001859324112));
#6816=CARTESIAN_POINT('Ctrl Pts',(4.0964775476487,-32.8279604843361,-18.8624421819815));
#6817=CARTESIAN_POINT('Ctrl Pts',(4.5652320093673,-20.0598326945191,-32.1102760327224));
#6818=CARTESIAN_POINT('Ctrl Pts',(5.03398647108591,-2.55433717655334,-37.7748868458689));
#6819=CARTESIAN_POINT('Ctrl Pts',(5.50274093280451,15.5543954018251,-34.5185095030681));
#6820=CARTESIAN_POINT('Ctrl Pts',(5.97149539452312,29.9897727768172,-23.1101761876581));
#6821=CARTESIAN_POINT('Ctrl Pts',(6.4402498562417,37.3427091419087,-6.24410030128654));
#6822=CARTESIAN_POINT('Ctrl Pts',(6.90900431796032,35.8767212485316,12.0965940282748));
#6823=CARTESIAN_POINT('Ctrl Pts',(7.3777587796789,25.9380195482727,27.580534014829));
#6824=CARTESIAN_POINT('Ctrl Pts',(7.84651324139752,9.87374648302242,36.5510033380582));
#6825=CARTESIAN_POINT('Ctrl Pts',(8.31526770311612,-8.52232907813787,36.8895191309625));
#6826=CARTESIAN_POINT('Ctrl Pts',(8.78402216483472,-24.9057554134393,28.5161368687209));
#6827=CARTESIAN_POINT('Ctrl Pts',(9.25277662655333,-35.4073918187112,13.4083302176716));
#6828=CARTESIAN_POINT('Ctrl Pts',(9.72153108827193,-37.5471521358595,-4.8660128561304));
#6829=CARTESIAN_POINT('Ctrl Pts',(10.1902855499905,-30.8197065535009,-21.991189203551));
#6830=CARTESIAN_POINT('Ctrl Pts',(10.6590400117091,-16.8138212432707,-33.9228850457671));
#6831=CARTESIAN_POINT('Ctrl Pts',(11.1277944734277,1.16284764010365,-37.8432887048154));
#6832=CARTESIAN_POINT('Ctrl Pts',(11.5965489351463,18.8648962430244,-32.8265502965374));
#6833=CARTESIAN_POINT('Ctrl Pts',(12.0653033968649,32.1117755520368,-20.0574321765996));
#6834=CARTESIAN_POINT('Ctrl Pts',(12.5340578585835,37.7750776946439,-2.55151323923306));
#6835=CARTESIAN_POINT('Ctrl Pts',(13.0028123203021,34.5173466091557,15.5569758520229));
#6836=CARTESIAN_POINT('Ctrl Pts',(13.4715667820208,23.1079341841042,29.9915003362965));
#6837=CARTESIAN_POINT('Ctrl Pts',(13.9403212437393,6.24130866027732,37.3431758262712));
#6838=CARTESIAN_POINT('Ctrl Pts',(14.409075705458,-12.0992760205863,35.8758168461062));
#6839=CARTESIAN_POINT('Ctrl Pts',(14.8778301671766,-27.5824729876932,25.9359576417377));
#6840=CARTESIAN_POINT('Ctrl Pts',(15.3465846288952,-36.5517413535353,9.87101402134514));
#6841=CARTESIAN_POINT('Ctrl Pts',(15.8153390906138,-36.8888819495011,-8.52508680191096));
#6842=CARTESIAN_POINT('Ctrl Pts',(16.2840935523324,-28.5142748678262,-24.907887110157));
#6843=CARTESIAN_POINT('Ctrl Pts',(16.752848014051,-13.4056833266907,-35.408394101705));
#6844=CARTESIAN_POINT('Ctrl Pts',(17.2216024757696,4.86881992375741,-37.5467882284532));
#6845=CARTESIAN_POINT('Ctrl Pts',(17.6903569374882,21.9934927826274,-30.8180625441178));
#6846=CARTESIAN_POINT('Ctrl Pts',(18.1591113992068,33.9241425659151,-16.8112850971537));
#6847=CARTESIAN_POINT('Ctrl Pts',(18.6278658609254,37.8432003683608,1.16567642261262));
#6848=CARTESIAN_POINT('Ctrl Pts',(19.096620322644,32.8251424577788,18.8673507009855));
#6849=CARTESIAN_POINT('Ctrl Pts',(19.5653747843626,20.0550266128498,32.1132739132343));
#6850=CARTESIAN_POINT('Ctrl Pts',(20.0341292460812,2.54869889943274,37.7752702389043));
#6851=CARTESIAN_POINT('Ctrl Pts',(20.5028837077998,-15.5595749407061,34.5161798079632));
#6852=CARTESIAN_POINT('Ctrl Pts',(20.9716381695184,-29.9931912476516,23.1056992876601));
#6853=CARTESIAN_POINT('Ctrl Pts',(21.4403926312369,-37.3437133736757,6.2385028869287));
#6854=CARTESIAN_POINT('Ctrl Pts',(21.9091470929556,-35.8747737689748,-12.1019304811126));
#6855=CARTESIAN_POINT('Ctrl Pts',(22.3779015546742,-25.9341655085792,-27.5844653100193));
#6856=CARTESIAN_POINT('Ctrl Pts',(22.8466560163928,-9.86775413724571,-36.5523749444973));
#6857=CARTESIAN_POINT('Ctrl Pts',(23.3154104781114,8.52680131658359,-36.888447455026));
#6858=CARTESIAN_POINT('Ctrl Pts',(23.78416493983,24.9122143344762,-28.5120189440085));
#6859=CARTESIAN_POINT('Ctrl Pts',(24.0966679143091,31.9063392594214,-18.4398602128063));
#6860=CARTESIAN_POINT('Ctrl Pts',(24.2529194015486,34.0129368326266,-12.8744534648952));
#6861=CARTESIAN_POINT('Ctrl Pts',(22.2656797749979,37.2320450755297,-14.092938639394));
#6862=CARTESIAN_POINT('Ctrl Pts',(22.1094282877584,34.9260714341609,-20.1850757553844));
#6863=CARTESIAN_POINT('Ctrl Pts',(21.9531768005188,31.0980342412707,-25.6977880173889));
#6864=CARTESIAN_POINT('Ctrl Pts',(21.7969253132793,26.1946509458122,-29.9823448514982));
#6865=CARTESIAN_POINT('Ctrl Pts',(21.6406738260398,21.2912676503537,-34.2669016856077));
#6866=CARTESIAN_POINT('Ctrl Pts',(21.4844223388002,15.3125382523269,-37.323303091822));
#6867=CARTESIAN_POINT('Ctrl Pts',(21.3281708515607,8.96725968848293,-38.7901905220696));
#6868=CARTESIAN_POINT('Ctrl Pts',(21.1719193643211,2.62198112463897,-40.2570779523172));
#6869=CARTESIAN_POINT('Ctrl Pts',(21.0156678770816,-4.08984660502218,-40.1344514065979));
#6870=CARTESIAN_POINT('Ctrl Pts',(20.8594163898421,-10.3769263147933,-38.4370272553627));
#6871=CARTESIAN_POINT('Ctrl Pts',(20.7031649026026,-16.6640060245643,-36.7396031041275));
#6872=CARTESIAN_POINT('Ctrl Pts',(20.546913415363,-22.5263377144453,-33.4673813473765));
#6873=CARTESIAN_POINT('Ctrl Pts',(20.3906619281235,-27.2710741656254,-29.0066274149481));
#6874=CARTESIAN_POINT('Ctrl Pts',(20.2344104408839,-32.0158106168057,-24.5458734825196));
#6875=CARTESIAN_POINT('Ctrl Pts',(20.0781589536444,-35.642951829285,-18.8965873744138));
#6876=CARTESIAN_POINT('Ctrl Pts',(19.9219074664049,-37.7245166688394,-12.7259045217204));
#6877=CARTESIAN_POINT('Ctrl Pts',(19.7656559791654,-39.8060815083939,-6.55522166902709));
#6878=CARTESIAN_POINT('Ctrl Pts',(19.6094044919258,-40.3420699750234,0.136857928253789));
#6879=CARTESIAN_POINT('Ctrl Pts',(19.4531530046863,-39.2690304889647,6.56015927877648));
#6880=CARTESIAN_POINT('Ctrl Pts',(19.2969015174467,-38.1959910029061,12.983460629299));
#6881=CARTESIAN_POINT('Ctrl Pts',(19.1406500302072,-35.5139235641594,19.1379837330633));
#6882=CARTESIAN_POINT('Ctrl Pts',(18.9843985429677,-31.5396121227067,24.296980278682));
#6883=CARTESIAN_POINT('Ctrl Pts',(18.8281470557282,-27.5653006812539,29.4559768243008));
#6884=CARTESIAN_POINT('Ctrl Pts',(18.6718955684886,-22.2987452370951,33.619446811774));
#6885=CARTESIAN_POINT('Ctrl Pts',(18.5156440812491,-16.3617830415961,36.2957722424137));
#6886=CARTESIAN_POINT('Ctrl Pts',(18.3808363948391,-11.2396037137816,38.6048013963672));
#6887=CARTESIAN_POINT('Ctrl Pts',(18.2460287084292,-5.61840275605992,39.8068648176889));
#6888=CARTESIAN_POINT('Ctrl Pts',(18.1112210220192,0.000757218625692668,
39.8117820141155));
#6889=CARTESIAN_POINT('Origin',(-10.,0.,0.));
#6890=CARTESIAN_POINT('Origin',(22.2656797749979,0.,0.));
#6891=CARTESIAN_POINT('Origin',(27.5,0.,0.));
#6892=CARTESIAN_POINT('Origin',(27.5,-2.75545529808154E-15,-22.5));
#6893=CARTESIAN_POINT('Origin',(120.,0.,0.));
#6894=CARTESIAN_POINT('Origin',(120.,0.,0.));
#6895=CARTESIAN_POINT('Origin',(-25.,0.,0.));
#6896=CARTESIAN_POINT('',(-25.,-5.51091059616309E-15,45.));
#6897=CARTESIAN_POINT('Origin',(22.8885438199983,0.,0.));
#6898=CARTESIAN_POINT('',(22.8885438199983,-5.02787659920836E-15,41.0557280900008));
#6899=CARTESIAN_POINT('Origin',(110.,0.,0.));
#6900=UNCERTAINTY_MEASURE_WITH_UNIT(LENGTH_MEASURE(0.01),#6904,
'DISTANCE_ACCURACY_VALUE',
'Maximum model space distance between geometric entities at asserted c
onnectivities');
#6901=UNCERTAINTY_MEASURE_WITH_UNIT(LENGTH_MEASURE(0.01),#6904,
'DISTANCE_ACCURACY_VALUE',
'Maximum model space distance between geometric entities at asserted c
onnectivities');
#6902=(
GEOMETRIC_REPRESENTATION_CONTEXT(3)
GLOBAL_UNCERTAINTY_ASSIGNED_CONTEXT((#6900))
GLOBAL_UNIT_ASSIGNED_CONTEXT((#6904,#6906,#6907))
REPRESENTATION_CONTEXT('','3D')
);
#6903=(
GEOMETRIC_REPRESENTATION_CONTEXT(3)
GLOBAL_UNCERTAINTY_ASSIGNED_CONTEXT((#6901))
GLOBAL_UNIT_ASSIGNED_CONTEXT((#6904,#6906,#6907))
REPRESENTATION_CONTEXT('','3D')
);
#6904=(
LENGTH_UNIT()
NAMED_UNIT(*)
SI_UNIT(.MILLI.,.METRE.)
);
#6905=(
LENGTH_UNIT()
NAMED_UNIT(*)
SI_UNIT($,.METRE.)
);
#6906=(
NAMED_UNIT(*)
PLANE_ANGLE_UNIT()
SI_UNIT($,.RADIAN.)
);
#6907=(
NAMED_UNIT(*)
SI_UNIT($,.STERADIAN.)
SOLID_ANGLE_UNIT()
);
#6908=SHAPE_DEFINITION_REPRESENTATION(#6909,#6910);
#6909=PRODUCT_DEFINITION_SHAPE('',$,#6912);
#6910=SHAPE_REPRESENTATION('',(#1325),#6902);
#6911=PRODUCT_DEFINITION_CONTEXT('part definition',#6916,'design');
#6912=PRODUCT_DEFINITION('(Unsaved)','(Unsaved)',#6913,#6911);
#6913=PRODUCT_DEFINITION_FORMATION('',$,#6918);
#6914=PRODUCT_RELATED_PRODUCT_CATEGORY('(Unsaved)','(Unsaved)',(#6918));
#6915=APPLICATION_PROTOCOL_DEFINITION('international standard',
'automotive_design',2009,#6916);
#6916=APPLICATION_CONTEXT(
'Core Data for Automotive Mechanical Design Process');
#6917=PRODUCT_CONTEXT('part definition',#6916,'mechanical');
#6918=PRODUCT('(Unsaved)','(Unsaved)',$,(#6917));
#6919=PRESENTATION_STYLE_ASSIGNMENT((#6920));
#6920=SURFACE_STYLE_USAGE(.BOTH.,#6921);
#6921=SURFACE_SIDE_STYLE('',(#6922));
#6922=SURFACE_STYLE_FILL_AREA(#6923);
#6923=FILL_AREA_STYLE('Steel - Satin',(#6924));
#6924=FILL_AREA_STYLE_COLOUR('Steel - Satin',#6925);
#6925=COLOUR_RGB('Steel - Satin',0.627450980392157,0.627450980392157,0.627450980392157);
ENDSEC;
END-ISO-10303-21;
