ISO-10303-21;
HEADER;
/* Generated by software containing ST-Developer
 * from STEP Tools, Inc. (www.steptools.com) 
 */

FILE_DESCRIPTION(
/* description */ (''),
/* implementation_level */ '2;1');

FILE_NAME(
/* name */ 'Untitled.step',
/* time_stamp */ '2024-10-31T13:49:15+03:00',
/* author */ (''),
/* organization */ (''),
/* preprocessor_version */ 'ST-DEVELOPER v20',
/* originating_system */ 'Autodesk Translation Framework v13.14.0.145',

/* authorisation */ '');

FILE_SCHEMA (('AUTOMOTIVE_DESIGN { 1 0 10303 214 3 1 1 }'));
ENDSEC;

DATA;
#10=MECHANICAL_DESIGN_GEOMETRIC_PRESENTATION_REPRESENTATION('',(#13),#3636);
#11=SHAPE_REPRESENTATION_RELATIONSHIP('SRR','None',#3643,#12);
#12=ADVANCED_BREP_SHAPE_REPRESENTATION('',(#14),#3635);
#13=STYLED_ITEM('',(#3652),#14);
#14=MANIFOLD_SOLID_BREP('Body1',#811);
#15=TOROIDAL_SURFACE('',#896,22.5,7.5);
#16=TOROIDAL_SURFACE('',#902,50.,10.);
#17=B_SPLINE_SURFACE_WITH_KNOTS('',3,3,((#2426,#2427,#2428,#2429,#2430,
#2431,#2432,#2433,#2434,#2435,#2436,#2437,#2438,#2439,#2440,#2441,#2442,
#2443,#2444,#2445,#2446,#2447,#2448,#2449,#2450,#2451,#2452,#2453,#2454,
#2455,#2456,#2457,#2458,#2459,#2460,#2461,#2462,#2463,#2464,#2465,#2466,
#2467,#2468,#2469,#2470,#2471,#2472,#2473,#2474,#2475,#2476,#2477,#2478,
#2479,#2480,#2481,#2482,#2483,#2484,#2485,#2486,#2487,#2488,#2489,#2490,
#2491,#2492,#2493,#2494,#2495,#2496,#2497,#2498,#2499,#2500,#2501,#2502,
#2503,#2504,#2505,#2506,#2507,#2508,#2509,#2510,#2511,#2512,#2513,#2514,
#2515,#2516,#2517,#2518,#2519,#2520,#2521,#2522),(#2523,#2524,#2525,#2526,
#2527,#2528,#2529,#2530,#2531,#2532,#2533,#2534,#2535,#2536,#2537,#2538,
#2539,#2540,#2541,#2542,#2543,#2544,#2545,#2546,#2547,#2548,#2549,#2550,
#2551,#2552,#2553,#2554,#2555,#2556,#2557,#2558,#2559,#2560,#2561,#2562,
#2563,#2564,#2565,#2566,#2567,#2568,#2569,#2570,#2571,#2572,#2573,#2574,
#2575,#2576,#2577,#2578,#2579,#2580,#2581,#2582,#2583,#2584,#2585,#2586,
#2587,#2588,#2589,#2590,#2591,#2592,#2593,#2594,#2595,#2596,#2597,#2598,
#2599,#2600,#2601,#2602,#2603,#2604,#2605,#2606,#2607,#2608,#2609,#2610,
#2611,#2612,#2613,#2614,#2615,#2616,#2617,#2618,#2619),(#2620,#2621,#2622,
#2623,#2624,#2625,#2626,#2627,#2628,#2629,#2630,#2631,#2632,#2633,#2634,
#2635,#2636,#2637,#2638,#2639,#2640,#2641,#2642,#2643,#2644,#2645,#2646,
#2647,#2648,#2649,#2650,#2651,#2652,#2653,#2654,#2655,#2656,#2657,#2658,
#2659,#2660,#2661,#2662,#2663,#2664,#2665,#2666,#2667,#2668,#2669,#2670,
#2671,#2672,#2673,#2674,#2675,#2676,#2677,#2678,#2679,#2680,#2681,#2682,
#2683,#2684,#2685,#2686,#2687,#2688,#2689,#2690,#2691,#2692,#2693,#2694,
#2695,#2696,#2697,#2698,#2699,#2700,#2701,#2702,#2703,#2704,#2705,#2706,
#2707,#2708,#2709,#2710,#2711,#2712,#2713,#2714,#2715,#2716),(#2717,#2718,
#2719,#2720,#2721,#2722,#2723,#2724,#2725,#2726,#2727,#2728,#2729,#2730,
#2731,#2732,#2733,#2734,#2735,#2736,#2737,#2738,#2739,#2740,#2741,#2742,
#2743,#2744,#2745,#2746,#2747,#2748,#2749,#2750,#2751,#2752,#2753,#2754,
#2755,#2756,#2757,#2758,#2759,#2760,#2761,#2762,#2763,#2764,#2765,#2766,
#2767,#2768,#2769,#2770,#2771,#2772,#2773,#2774,#2775,#2776,#2777,#2778,
#2779,#2780,#2781,#2782,#2783,#2784,#2785,#2786,#2787,#2788,#2789,#2790,
#2791,#2792,#2793,#2794,#2795,#2796,#2797,#2798,#2799,#2800,#2801,#2802,
#2803,#2804,#2805,#2806,#2807,#2808,#2809,#2810,#2811,#2812,#2813)),
 .UNSPECIFIED.,.F.,.F.,.F.,(4,4),(4,1,1,1,1,1,1,1,1,1,1,1,1,1,1,1,1,1,1,
1,1,1,1,1,1,1,1,1,1,1,1,1,1,1,1,1,1,1,1,1,1,1,1,1,1,1,1,1,1,1,1,1,1,1,1,
1,1,1,1,1,1,1,1,1,1,1,1,1,1,1,1,1,1,1,1,1,1,1,1,1,1,1,1,1,1,1,1,1,1,1,1,
1,1,1,4),(0.,0.397447925310138),(8.29508325674548,8.78596178116968,9.27684030559388,
9.76771883001808,10.2585973544423,10.7494758788665,11.2403544032907,11.7312329277149,
12.2221114521391,12.7129899765633,13.2038685009875,13.6947470254117,14.1856255498359,
14.6765040742601,15.1673825986843,15.6582611231085,16.1491396475327,16.6400181719569,
17.1308966963811,17.6217752208053,18.1126537452295,18.6035322696537,19.0944107940779,
19.5852893185021,20.0761678429263,20.5670463673505,21.0579248917747,21.5488034161989,
22.0396819406231,22.5305604650473,23.0214389894715,23.5123175138957,24.0031960383199,
24.4940745627441,24.9849530871683,25.4758316115925,25.9667101360167,26.4575886604408,
26.948467184865,27.4393457092892,27.9302242337134,28.4211027581376,28.9119812825618,
29.402859806986,29.8937383314102,30.3846168558344,30.8754953802586,31.3663739046828,
31.857252429107,32.3481309535312,32.8390094779554,33.3298880023796,33.8207665268038,
34.311645051228,34.8025235756522,35.2934021000764,35.7842806245006,36.2751591489248,
36.766037673349,37.2569161977732,37.7477947221974,38.2386732466216,38.7295517710458,
39.22043029547,39.7113088198942,40.2021873443184,40.6930658687426,41.1839443931668,
41.674822917591,42.1657014420152,42.6565799664394,43.1474584908636,43.6383370152878,
44.129215539712,44.6200940641362,45.1109725885604,45.6018511129846,46.0927296374088,
46.583608161833,47.0744866862572,47.5653652106814,48.0562437351056,48.5471222595298,
49.038000783954,49.5288793083782,50.0197578328024,50.5106363572266,51.0015148816508,
51.492393406075,51.9832719304992,52.4741504549234,52.9650289793476,53.4559075037718,
53.946786028196,54.4376645526202),.UNSPECIFIED.);
#18=B_SPLINE_SURFACE_WITH_KNOTS('',3,3,((#3206,#3207,#3208,#3209,#3210,
#3211,#3212,#3213,#3214,#3215,#3216,#3217,#3218,#3219,#3220,#3221,#3222,
#3223,#3224,#3225,#3226,#3227,#3228,#3229,#3230,#3231,#3232,#3233,#3234,
#3235,#3236,#3237,#3238,#3239,#3240,#3241,#3242,#3243,#3244,#3245,#3246,
#3247,#3248,#3249,#3250,#3251,#3252,#3253,#3254,#3255,#3256,#3257,#3258,
#3259,#3260,#3261,#3262,#3263,#3264,#3265,#3266,#3267,#3268,#3269,#3270,
#3271,#3272,#3273,#3274,#3275,#3276,#3277,#3278,#3279,#3280,#3281,#3282,
#3283,#3284,#3285,#3286,#3287,#3288,#3289,#3290,#3291,#3292,#3293,#3294,
#3295,#3296,#3297,#3298,#3299,#3300,#3301,#3302),(#3303,#3304,#3305,#3306,
#3307,#3308,#3309,#3310,#3311,#3312,#3313,#3314,#3315,#3316,#3317,#3318,
#3319,#3320,#3321,#3322,#3323,#3324,#3325,#3326,#3327,#3328,#3329,#3330,
#3331,#3332,#3333,#3334,#3335,#3336,#3337,#3338,#3339,#3340,#3341,#3342,
#3343,#3344,#3345,#3346,#3347,#3348,#3349,#3350,#3351,#3352,#3353,#3354,
#3355,#3356,#3357,#3358,#3359,#3360,#3361,#3362,#3363,#3364,#3365,#3366,
#3367,#3368,#3369,#3370,#3371,#3372,#3373,#3374,#3375,#3376,#3377,#3378,
#3379,#3380,#3381,#3382,#3383,#3384,#3385,#3386,#3387,#3388,#3389,#3390,
#3391,#3392,#3393,#3394,#3395,#3396,#3397,#3398,#3399),(#3400,#3401,#3402,
#3403,#3404,#3405,#3406,#3407,#3408,#3409,#3410,#3411,#3412,#3413,#3414,
#3415,#3416,#3417,#3418,#3419,#3420,#3421,#3422,#3423,#3424,#3425,#3426,
#3427,#3428,#3429,#3430,#3431,#3432,#3433,#3434,#3435,#3436,#3437,#3438,
#3439,#3440,#3441,#3442,#3443,#3444,#3445,#3446,#3447,#3448,#3449,#3450,
#3451,#3452,#3453,#3454,#3455,#3456,#3457,#3458,#3459,#3460,#3461,#3462,
#3463,#3464,#3465,#3466,#3467,#3468,#3469,#3470,#3471,#3472,#3473,#3474,
#3475,#3476,#3477,#3478,#3479,#3480,#3481,#3482,#3483,#3484,#3485,#3486,
#3487,#3488,#3489,#3490,#3491,#3492,#3493,#3494,#3495,#3496),(#3497,#3498,
#3499,#3500,#3501,#3502,#3503,#3504,#3505,#3506,#3507,#3508,#3509,#3510,
#3511,#3512,#3513,#3514,#3515,#3516,#3517,#3518,#3519,#3520,#3521,#3522,
#3523,#3524,#3525,#3526,#3527,#3528,#3529,#3530,#3531,#3532,#3533,#3534,
#3535,#3536,#3537,#3538,#3539,#3540,#3541,#3542,#3543,#3544,#3545,#3546,
#3547,#3548,#3549,#3550,#3551,#3552,#3553,#3554,#3555,#3556,#3557,#3558,
#3559,#3560,#3561,#3562,#3563,#3564,#3565,#3566,#3567,#3568,#3569,#3570,
#3571,#3572,#3573,#3574,#3575,#3576,#3577,#3578,#3579,#3580,#3581,#3582,
#3583,#3584,#3585,#3586,#3587,#3588,#3589,#3590,#3591,#3592,#3593)),
 .UNSPECIFIED.,.F.,.F.,.F.,(4,4),(4,1,1,1,1,1,1,1,1,1,1,1,1,1,1,1,1,1,1,
1,1,1,1,1,1,1,1,1,1,1,1,1,1,1,1,1,1,1,1,1,1,1,1,1,1,1,1,1,1,1,1,1,1,1,1,
1,1,1,1,1,1,1,1,1,1,1,1,1,1,1,1,1,1,1,1,1,1,1,1,1,1,1,1,1,1,1,1,1,1,1,1,
1,1,1,4),(0.,0.397447925310138),(11.6150328478183,12.1059113722425,12.5967898966667,
13.0876684210909,13.5785469455151,14.0694254699393,14.5603039943635,15.0511825187877,
15.5420610432119,16.0329395676361,16.5238180920603,17.0146966164845,17.5055751409087,
17.9964536653329,18.4873321897571,18.9782107141813,19.4690892386055,19.9599677630297,
20.4508462874539,20.9417248118781,21.4326033363023,21.9234818607265,22.4143603851507,
22.9052389095749,23.3961174339991,23.8869959584233,24.3778744828475,24.8687530072717,
25.3596315316959,25.8505100561201,26.3413885805443,26.8322671049685,27.3231456293927,
27.8140241538169,28.3049026782411,28.7957812026653,29.2866597270895,29.7775382515137,
30.2684167759379,30.7592953003621,31.2501738247863,31.7410523492105,32.2319308736347,
32.7228093980589,33.2136879224831,33.7045664469073,34.1954449713315,34.6863234957557,
35.1772020201799,35.6680805446041,36.1589590690283,36.6498375934525,37.1407161178767,
37.6315946423009,38.1224731667251,38.6133516911493,39.1042302155735,39.5951087399977,
40.0859872644219,40.5768657888461,41.0677443132703,41.5586228376945,42.0495013621187,
42.5403798865429,43.0312584109671,43.5221369353913,44.0130154598155,44.5038939842397,
44.9947725086639,45.4856510330881,45.9765295575123,46.4674080819365,46.9582866063607,
47.4491651307849,47.9400436552091,48.4309221796333,48.9218007040575,49.4126792284817,
49.9035577529059,50.3944362773301,50.8853148017543,51.3761933261785,51.8670718506027,
52.3579503750269,52.8488288994511,53.3397074238753,53.8305859482995,54.3214644727237,
54.8123429971479,55.3032215215721,55.7941000459963,56.2849785704205,56.7758570948447,
57.2667356192689,57.7576141436931),.UNSPECIFIED.);
#19=CONICAL_SURFACE('',#875,37.5,0.785398163397448);
#20=CONICAL_SURFACE('',#881,20.,0.785398163397448);
#21=CONICAL_SURFACE('',#900,45.,0.785398163397448);
#22=CONICAL_SURFACE('',#901,41.0557280900008,1.10714871779409);
#23=(
BOUNDED_CURVE()
B_SPLINE_CURVE(2,(#2029,#2030,#2031),.UNSPECIFIED.,.F.,.F.)
B_SPLINE_CURVE_WITH_KNOTS((3,3),(2.25257941590005,4.45562451659933),
 .UNSPECIFIED.)
CURVE()
GEOMETRIC_REPRESENTATION_ITEM()
RATIONAL_B_SPLINE_CURVE((1.08921464952063,1.11078535047937,1.08921464952063))
REPRESENTATION_ITEM('')
);
#24=(
BOUNDED_CURVE()
B_SPLINE_CURVE(2,(#2038,#2039,#2040),.UNSPECIFIED.,.F.,.F.)
B_SPLINE_CURVE_WITH_KNOTS((3,3),(1.39133150928965,2.29650424268593),
 .UNSPECIFIED.)
CURVE()
GEOMETRIC_REPRESENTATION_ITEM()
RATIONAL_B_SPLINE_CURVE((1.01053786884919,1.00869679884321,1.))
REPRESENTATION_ITEM('')
);
#25=(
BOUNDED_CURVE()
B_SPLINE_CURVE(2,(#2042,#2043,#2044),.UNSPECIFIED.,.F.,.F.)
B_SPLINE_CURVE_WITH_KNOTS((3,3),(0.,0.905172733396281),.UNSPECIFIED.)
CURVE()
GEOMETRIC_REPRESENTATION_ITEM()
RATIONAL_B_SPLINE_CURVE((1.,1.00869679884321,1.01053786884919))
REPRESENTATION_ITEM('')
);
#26=FACE_BOUND('',#106,.T.);
#27=FACE_BOUND('',#122,.T.);
#28=FACE_BOUND('',#124,.T.);
#29=PLANE('',#849);
#30=PLANE('',#851);
#31=PLANE('',#853);
#32=PLANE('',#856);
#33=PLANE('',#863);
#34=PLANE('',#865);
#35=PLANE('',#867);
#36=PLANE('',#868);
#37=PLANE('',#871);
#38=PLANE('',#877);
#39=PLANE('',#879);
#40=PLANE('',#886);
#41=PLANE('',#889);
#42=PLANE('',#898);
#43=FACE_OUTER_BOUND('',#89,.T.);
#44=FACE_OUTER_BOUND('',#90,.T.);
#45=FACE_OUTER_BOUND('',#91,.T.);
#46=FACE_OUTER_BOUND('',#92,.T.);
#47=FACE_OUTER_BOUND('',#93,.T.);
#48=FACE_OUTER_BOUND('',#94,.T.);
#49=FACE_OUTER_BOUND('',#95,.T.);
#50=FACE_OUTER_BOUND('',#96,.T.);
#51=FACE_OUTER_BOUND('',#97,.T.);
#52=FACE_OUTER_BOUND('',#98,.T.);
#53=FACE_OUTER_BOUND('',#99,.T.);
#54=FACE_OUTER_BOUND('',#100,.T.);
#55=FACE_OUTER_BOUND('',#101,.T.);
#56=FACE_OUTER_BOUND('',#102,.T.);
#57=FACE_OUTER_BOUND('',#103,.T.);
#58=FACE_OUTER_BOUND('',#104,.T.);
#59=FACE_OUTER_BOUND('',#105,.T.);
#60=FACE_OUTER_BOUND('',#107,.T.);
#61=FACE_OUTER_BOUND('',#108,.T.);
#62=FACE_OUTER_BOUND('',#109,.T.);
#63=FACE_OUTER_BOUND('',#110,.T.);
#64=FACE_OUTER_BOUND('',#111,.T.);
#65=FACE_OUTER_BOUND('',#112,.T.);
#66=FACE_OUTER_BOUND('',#113,.T.);
#67=FACE_OUTER_BOUND('',#114,.T.);
#68=FACE_OUTER_BOUND('',#115,.T.);
#69=FACE_OUTER_BOUND('',#116,.T.);
#70=FACE_OUTER_BOUND('',#117,.T.);
#71=FACE_OUTER_BOUND('',#118,.T.);
#72=FACE_OUTER_BOUND('',#119,.T.);
#73=FACE_OUTER_BOUND('',#120,.T.);
#74=FACE_OUTER_BOUND('',#121,.T.);
#75=FACE_OUTER_BOUND('',#123,.T.);
#76=FACE_OUTER_BOUND('',#125,.T.);
#77=FACE_OUTER_BOUND('',#126,.T.);
#78=FACE_OUTER_BOUND('',#127,.T.);
#79=FACE_OUTER_BOUND('',#128,.T.);
#80=FACE_OUTER_BOUND('',#129,.T.);
#81=FACE_OUTER_BOUND('',#130,.T.);
#82=FACE_OUTER_BOUND('',#131,.T.);
#83=FACE_OUTER_BOUND('',#132,.T.);
#84=FACE_OUTER_BOUND('',#133,.T.);
#85=FACE_OUTER_BOUND('',#134,.T.);
#86=FACE_OUTER_BOUND('',#135,.T.);
#87=FACE_OUTER_BOUND('',#136,.T.);
#88=FACE_OUTER_BOUND('',#137,.T.);
#89=EDGE_LOOP('',(#499,#500,#501,#502));
#90=EDGE_LOOP('',(#503,#504,#505,#506));
#91=EDGE_LOOP('',(#507,#508,#509,#510));
#92=EDGE_LOOP('',(#511,#512,#513,#514));
#93=EDGE_LOOP('',(#515,#516,#517,#518));
#94=EDGE_LOOP('',(#519,#520,#521,#522));
#95=EDGE_LOOP('',(#523,#524,#525,#526));
#96=EDGE_LOOP('',(#527,#528,#529,#530));
#97=EDGE_LOOP('',(#531,#532,#533,#534));
#98=EDGE_LOOP('',(#535,#536,#537,#538));
#99=EDGE_LOOP('',(#539,#540,#541,#542));
#100=EDGE_LOOP('',(#543,#544,#545,#546));
#101=EDGE_LOOP('',(#547,#548,#549,#550));
#102=EDGE_LOOP('',(#551,#552,#553,#554));
#103=EDGE_LOOP('',(#555,#556,#557,#558));
#104=EDGE_LOOP('',(#559,#560,#561,#562,#563,#564,#565,#566));
#105=EDGE_LOOP('',(#567));
#106=EDGE_LOOP('',(#568));
#107=EDGE_LOOP('',(#569,#570,#571,#572,#573));
#108=EDGE_LOOP('',(#574,#575,#576,#577,#578));
#109=EDGE_LOOP('',(#579,#580,#581,#582,#583,#584,#585));
#110=EDGE_LOOP('',(#586,#587,#588,#589,#590,#591,#592,#593,#594,#595));
#111=EDGE_LOOP('',(#596,#597,#598,#599));
#112=EDGE_LOOP('',(#600,#601,#602,#603,#604,#605));
#113=EDGE_LOOP('',(#606,#607,#608,#609));
#114=EDGE_LOOP('',(#610,#611,#612,#613));
#115=EDGE_LOOP('',(#614,#615,#616,#617));
#116=EDGE_LOOP('',(#618,#619,#620,#621));
#117=EDGE_LOOP('',(#622,#623,#624,#625));
#118=EDGE_LOOP('',(#626,#627,#628,#629,#630,#631,#632));
#119=EDGE_LOOP('',(#633,#634,#635,#636,#637,#638,#639,#640));
#120=EDGE_LOOP('',(#641,#642,#643,#644));
#121=EDGE_LOOP('',(#645));
#122=EDGE_LOOP('',(#646));
#123=EDGE_LOOP('',(#647));
#124=EDGE_LOOP('',(#648));
#125=EDGE_LOOP('',(#649,#650,#651,#652));
#126=EDGE_LOOP('',(#653,#654,#655,#656,#657));
#127=EDGE_LOOP('',(#658,#659,#660,#661,#662));
#128=EDGE_LOOP('',(#663,#664,#665,#666,#667,#668,#669,#670,#671,#672,#673,
#674,#675,#676,#677,#678,#679,#680));
#129=EDGE_LOOP('',(#681,#682,#683,#684,#685));
#130=EDGE_LOOP('',(#686,#687,#688,#689));
#131=EDGE_LOOP('',(#690,#691,#692,#693,#694,#695,#696,#697,#698,#699,#700,
#701,#702,#703,#704,#705,#706,#707));
#132=EDGE_LOOP('',(#708,#709,#710,#711));
#133=EDGE_LOOP('',(#712,#713,#714,#715,#716));
#134=EDGE_LOOP('',(#717,#718,#719,#720));
#135=EDGE_LOOP('',(#721,#722,#723,#724,#725,#726));
#136=EDGE_LOOP('',(#727,#728,#729,#730,#731,#732,#733,#734,#735,#736));
#137=EDGE_LOOP('',(#737,#738,#739,#740));
#138=CIRCLE('',#826,39.81);
#139=CIRCLE('',#834,36.368);
#140=CIRCLE('',#842,50.);
#141=CIRCLE('',#843,50.);
#142=CIRCLE('',#845,55.);
#143=CIRCLE('',#846,55.);
#144=CIRCLE('',#847,55.);
#145=CIRCLE('',#848,55.);
#146=CIRCLE('',#850,60.);
#147=CIRCLE('',#852,60.);
#148=CIRCLE('',#854,40.);
#149=CIRCLE('',#855,40.);
#150=CIRCLE('',#858,60.);
#151=CIRCLE('',#859,60.);
#152=CIRCLE('',#860,60.);
#153=CIRCLE('',#862,6.);
#154=CIRCLE('',#864,6.);
#155=CIRCLE('',#870,60.);
#156=CIRCLE('',#873,40.);
#157=CIRCLE('',#874,40.);
#158=CIRCLE('',#876,35.);
#159=CIRCLE('',#878,22.5);
#160=CIRCLE('',#880,25.);
#161=CIRCLE('',#882,15.);
#162=CIRCLE('',#884,15.);
#163=CIRCLE('',#885,15.);
#164=CIRCLE('',#887,39.81);
#165=CIRCLE('',#888,39.81);
#166=CIRCLE('',#890,39.81);
#167=CIRCLE('',#891,39.81);
#168=CIRCLE('',#892,36.368);
#169=CIRCLE('',#895,39.81);
#170=CIRCLE('',#897,7.5);
#171=CIRCLE('',#899,50.);
#172=B_SPLINE_CURVE_WITH_KNOTS('',3,(#1111,#1112,#1113,#1114,#1115,#1116,
#1117,#1118,#1119,#1120,#1121,#1122,#1123,#1124,#1125,#1126),
 .UNSPECIFIED.,.F.,.F.,(4,3,3,3,3,4),(-4.09293042013064,-3.92702819539359,
-3.4361496709694,-2.9452711465452,-2.454392622121,-2.08103247056473),
 .UNSPECIFIED.);
#173=B_SPLINE_CURVE_WITH_KNOTS('',3,(#1129,#1130,#1131,#1132,#1133,#1134,
#1135,#1136,#1137,#1138),.UNSPECIFIED.,.F.,.F.,(4,3,3,4),(0.,0.490878524424201,
0.981757048848401,1.12969470402388),.UNSPECIFIED.);
#174=B_SPLINE_CURVE_WITH_KNOTS('',3,(#1143,#1144,#1145,#1146,#1147,#1148,
#1149,#1150,#1151,#1152,#1153,#1154,#1155,#1156,#1157,#1158,#1159,#1160,
#1161,#1162,#1163,#1164,#1165,#1166,#1167,#1168,#1169,#1170,#1171,#1172,
#1173,#1174,#1175,#1176,#1177,#1178,#1179,#1180,#1181,#1182,#1183,#1184,
#1185),.UNSPECIFIED.,.F.,.F.,(4,3,3,3,3,3,3,3,3,3,3,3,3,3,4),(-10.3761157273102,
-10.3084490129082,-9.81757048848399,-9.32669196405979,-8.83581343963559,
-8.34493491521139,-7.85405639078719,-7.36317786636299,-6.87229934193879,
-6.38142081751459,-5.89054229309039,-5.39966376866619,-4.90878524424199,
-4.4179067198178,-4.09293042013064),.UNSPECIFIED.);
#175=B_SPLINE_CURVE_WITH_KNOTS('',3,(#1186,#1187,#1188,#1189,#1190,#1191,
#1192,#1193,#1194,#1195,#1196,#1197,#1198,#1199,#1200,#1201,#1202,#1203,
#1204,#1205,#1206,#1207,#1208,#1209,#1210,#1211,#1212,#1213,#1214,#1215,
#1216,#1217,#1218,#1219,#1220,#1221,#1222,#1223,#1224,#1225,#1226,#1227,
#1228),.UNSPECIFIED.,.F.,.F.,(4,3,3,3,3,3,3,3,3,3,3,3,3,3,4),(1.12969470402388,
1.4726355732726,1.9635140976968,2.454392622121,2.9452711465452,3.4361496709694,
3.9270281953936,4.4179067198178,4.90878524424199,5.39966376866619,5.89054229309039,
6.38142081751459,6.87229934193879,7.36317786636299,7.41288001120347),
 .UNSPECIFIED.);
#176=B_SPLINE_CURVE_WITH_KNOTS('',3,(#1233,#1234,#1235,#1236,#1237,#1238,
#1239,#1240,#1241,#1242,#1243,#1244,#1245,#1246,#1247,#1248,#1249,#1250,
#1251,#1252,#1253,#1254,#1255,#1256,#1257,#1258,#1259,#1260,#1261,#1262,
#1263,#1264,#1265,#1266,#1267,#1268,#1269,#1270,#1271,#1272),
 .UNSPECIFIED.,.F.,.F.,(4,3,3,3,3,3,3,3,3,3,3,3,3,4),(-16.6593010344898,
-16.1989913059986,-15.7081127815744,-15.2172342571502,-14.726355732726,
-14.2354772083018,-13.7445986838776,-13.2537201594534,-12.7628416350292,
-12.271963110605,-11.7810845861808,-11.2902060617566,-10.7993275373324,
-10.3761157273102),.UNSPECIFIED.);
#177=B_SPLINE_CURVE_WITH_KNOTS('',3,(#1273,#1274,#1275,#1276,#1277,#1278,
#1279,#1280,#1281,#1282,#1283,#1284,#1285,#1286,#1287,#1288,#1289,#1290,
#1291,#1292,#1293,#1294,#1295,#1296,#1297,#1298,#1299,#1300,#1301,#1302,
#1303,#1304,#1305,#1306,#1307,#1308,#1309,#1310,#1311,#1312),
 .UNSPECIFIED.,.F.,.F.,(4,3,3,3,3,3,3,3,3,3,3,3,3,4),(7.41288001120347,
7.85405639078719,8.34493491521139,8.83581343963558,9.32669196405979,9.81757048848399,
10.3084490129082,10.7993275373324,11.2902060617566,11.7810845861808,12.271963110605,
12.7628416350292,13.2537201594534,13.6960653183831),.UNSPECIFIED.);
#178=B_SPLINE_CURVE_WITH_KNOTS('',3,(#1317,#1318,#1319,#1320,#1321,#1322,
#1323,#1324,#1325,#1326,#1327,#1328,#1329,#1330,#1331,#1332,#1333,#1334,
#1335,#1336,#1337,#1338,#1339,#1340,#1341,#1342,#1343,#1344,#1345,#1346,
#1347,#1348,#1349,#1350,#1351,#1352,#1353,#1354,#1355,#1356,#1357,#1358,
#1359),.UNSPECIFIED.,.F.,.F.,(4,3,3,3,3,3,3,3,3,3,3,3,3,3,4),(-22.9424863416694,
-22.5804121235132,-22.089533599089,-21.5986550746648,-21.1077765502406,
-20.6168980258164,-20.1260195013922,-19.635140976968,-19.1442624525438,
-18.6533839281196,-18.1625054036954,-17.6716268792712,-17.180748354847,
-16.6898698304228,-16.6593010344898),.UNSPECIFIED.);
#179=B_SPLINE_CURVE_WITH_KNOTS('',3,(#1360,#1361,#1362,#1363,#1364,#1365,
#1366,#1367,#1368,#1369,#1370,#1371,#1372,#1373,#1374,#1375,#1376,#1377,
#1378,#1379,#1380,#1381,#1382,#1383,#1384,#1385,#1386,#1387,#1388,#1389,
#1390,#1391,#1392,#1393,#1394,#1395,#1396,#1397,#1398,#1399,#1400,#1401,
#1402),.UNSPECIFIED.,.F.,.F.,(4,3,3,3,3,3,3,3,3,3,3,3,3,3,4),(13.6960653183831,
13.7445986838776,14.2354772083018,14.726355732726,15.2172342571502,15.7081127815744,
16.1989913059986,16.6898698304228,17.180748354847,17.6716268792712,18.1625054036954,
18.6533839281196,19.1442624525438,19.635140976968,19.9792506255626),
 .UNSPECIFIED.);
#180=B_SPLINE_CURVE_WITH_KNOTS('',3,(#1407,#1408,#1409,#1410,#1411,#1412,
#1413,#1414,#1415,#1416,#1417,#1418,#1419,#1420,#1421,#1422,#1423,#1424,
#1425,#1426,#1427,#1428,#1429,#1430,#1431,#1432,#1433,#1434,#1435,#1436,
#1437,#1438,#1439,#1440,#1441,#1442,#1443,#1444,#1445,#1446,#1447,#1448,
#1449),.UNSPECIFIED.,.F.,.F.,(4,3,3,3,3,3,3,3,3,3,3,3,3,3,4),(-29.225671648849,
-28.9618329410278,-28.4709544166036,-27.9800758921794,-27.4891973677552,
-26.998318843331,-26.5074403189068,-26.0165617944826,-25.5256832700584,
-25.0348047456342,-24.54392622121,-24.0530476967858,-23.5621691723616,-23.0712906479374,
-22.9424863416694),.UNSPECIFIED.);
#181=B_SPLINE_CURVE_WITH_KNOTS('',3,(#1450,#1451,#1452,#1453,#1454,#1455,
#1456,#1457,#1458,#1459,#1460,#1461,#1462,#1463,#1464,#1465,#1466,#1467,
#1468,#1469,#1470,#1471,#1472,#1473,#1474,#1475,#1476,#1477,#1478,#1479,
#1480,#1481,#1482,#1483,#1484,#1485,#1486,#1487,#1488,#1489,#1490,#1491,
#1492),.UNSPECIFIED.,.F.,.F.,(4,3,3,3,3,3,3,3,3,3,3,3,3,3,4),(19.9792506255626,
20.1260195013922,20.6168980258164,21.1077765502406,21.5986550746648,22.089533599089,
22.5804121235132,23.0712906479374,23.5621691723616,24.0530476967858,24.54392622121,
25.0348047456342,25.5256832700584,26.0165617944826,26.2624359327422),
 .UNSPECIFIED.);
#182=B_SPLINE_CURVE_WITH_KNOTS('',3,(#1497,#1498,#1499,#1500,#1501,#1502,
#1503,#1504,#1505,#1506,#1507,#1508,#1509,#1510,#1511,#1512,#1513,#1514,
#1515,#1516,#1517,#1518,#1519,#1520,#1521,#1522,#1523,#1524,#1525,#1526,
#1527,#1528,#1529,#1530,#1531,#1532,#1533,#1534,#1535,#1536,#1537,#1538,
#1539),.UNSPECIFIED.,.F.,.F.,(4,3,3,3,3,3,3,3,3,3,3,3,3,3,4),(-35.5088569560286,
-35.3432537585424,-34.8523752341182,-34.361496709694,-33.8706181852698,
-33.3797396608456,-32.8888611364214,-32.3979826119972,-31.907104087573,
-31.4162255631488,-30.9253470387246,-30.4344685143004,-29.9435899898762,
-29.452711465452,-29.225671648849),.UNSPECIFIED.);
#183=B_SPLINE_CURVE_WITH_KNOTS('',3,(#1540,#1541,#1542,#1543,#1544,#1545,
#1546,#1547,#1548,#1549,#1550,#1551,#1552,#1553,#1554,#1555,#1556,#1557,
#1558,#1559,#1560,#1561,#1562,#1563,#1564,#1565,#1566,#1567,#1568,#1569,
#1570,#1571,#1572,#1573,#1574,#1575,#1576,#1577,#1578,#1579,#1580,#1581,
#1582),.UNSPECIFIED.,.F.,.F.,(4,3,3,3,3,3,3,3,3,3,3,3,3,3,4),(26.2624359327422,
26.5074403189068,26.998318843331,27.4891973677552,27.9800758921794,28.4709544166036,
28.9618329410278,29.452711465452,29.9435899898762,30.4344685143004,30.9253470387246,
31.4162255631488,31.907104087573,32.3979826119972,32.5456212399218),
 .UNSPECIFIED.);
#184=B_SPLINE_CURVE_WITH_KNOTS('',3,(#1587,#1588,#1589,#1590,#1591,#1592,
#1593,#1594,#1595,#1596,#1597,#1598,#1599,#1600,#1601,#1602,#1603,#1604,
#1605,#1606,#1607,#1608,#1609,#1610,#1611,#1612,#1613,#1614,#1615,#1616,
#1617,#1618,#1619,#1620,#1621,#1622,#1623,#1624,#1625,#1626,#1627,#1628,
#1629),.UNSPECIFIED.,.F.,.F.,(4,3,3,3,3,3,3,3,3,3,3,3,3,3,4),(-41.7920422632082,
-41.724674576057,-41.2337960516328,-40.7429175272085,-40.2520390027844,
-39.7611604783602,-39.2702819539359,-38.7794034295117,-38.2885249050875,
-37.7976463806634,-37.3067678562392,-36.815889331815,-36.3250108073908,
-35.8341322829666,-35.5088569560286),.UNSPECIFIED.);
#185=B_SPLINE_CURVE_WITH_KNOTS('',3,(#1630,#1631,#1632,#1633,#1634,#1635,
#1636,#1637,#1638,#1639,#1640,#1641,#1642,#1643,#1644,#1645,#1646,#1647,
#1648,#1649,#1650,#1651,#1652,#1653,#1654,#1655,#1656,#1657,#1658,#1659,
#1660,#1661,#1662,#1663,#1664,#1665,#1666,#1667,#1668,#1669,#1670,#1671,
#1672),.UNSPECIFIED.,.F.,.F.,(4,3,3,3,3,3,3,3,3,3,3,3,3,3,4),(32.5456212399218,
32.8888611364214,33.3797396608456,33.8706181852698,34.361496709694,34.8523752341181,
35.3432537585423,35.8341322829666,36.3250108073907,36.8158893318149,37.3067678562391,
37.7976463806633,38.2885249050875,38.7794034295117,38.8288065471014),
 .UNSPECIFIED.);
#186=B_SPLINE_CURVE_WITH_KNOTS('',3,(#1678,#1679,#1680,#1681,#1682,#1683,
#1684,#1685),.UNSPECIFIED.,.F.,.F.,(4,1,1,1,1,4),(53.4070751110265,53.8305859482995,
54.3214644727237,54.8123429971479,55.3032215215721,55.6765816731283),
 .UNSPECIFIED.);
#187=B_SPLINE_CURVE_WITH_KNOTS('',3,(#1688,#1689,#1690,#1691,#1692,#1693),
 .UNSPECIFIED.,.F.,.F.,(4,1,1,4),(53.4070751110265,53.4559075037718,53.946786028196,
54.4376645526202),.UNSPECIFIED.);
#188=B_SPLINE_CURVE_WITH_KNOTS('',3,(#1698,#1699,#1700,#1701,#1702,#1703,
#1704,#1705,#1706,#1707,#1708,#1709,#1710,#1711,#1712,#1713,#1714),
 .UNSPECIFIED.,.F.,.F.,(4,1,1,1,1,1,1,1,1,1,1,1,1,1,4),(47.1238898038469,
47.4491651307849,47.9400436552091,48.4309221796333,48.9218007040575,49.4126792284817,
49.9035577529059,50.3944362773301,50.8853148017543,51.3761933261785,51.8670718506027,
52.3579503750269,52.8488288994511,53.3397074238753,53.4070751110265),
 .UNSPECIFIED.);
#189=B_SPLINE_CURVE_WITH_KNOTS('',3,(#1715,#1716,#1717,#1718,#1719,#1720,
#1721,#1722,#1723,#1724,#1725,#1726,#1727,#1728,#1729,#1730),
 .UNSPECIFIED.,.F.,.F.,(4,1,1,1,1,1,1,1,1,1,1,1,1,4),(47.1238898038469,
47.5653652106814,48.0562437351056,48.5471222595298,49.038000783954,49.5288793083782,
50.0197578328024,50.5106363572266,51.0015148816508,51.492393406075,51.9832719304992,
52.4741504549234,52.9650289793476,53.4070751110265),.UNSPECIFIED.);
#190=B_SPLINE_CURVE_WITH_KNOTS('',3,(#1735,#1736,#1737,#1738,#1739,#1740,
#1741,#1742,#1743,#1744,#1745,#1746,#1747,#1748,#1749,#1750,#1751),
 .UNSPECIFIED.,.F.,.F.,(4,1,1,1,1,1,1,1,1,1,1,1,1,1,4),(40.8407044966673,
41.0677443132703,41.5586228376945,42.0495013621187,42.5403798865429,43.0312584109671,
43.5221369353913,44.0130154598155,44.5038939842397,44.9947725086639,45.4856510330881,
45.9765295575123,46.4674080819365,46.9582866063607,47.1238898038469),
 .UNSPECIFIED.);
#191=B_SPLINE_CURVE_WITH_KNOTS('',3,(#1752,#1753,#1754,#1755,#1756,#1757,
#1758,#1759,#1760,#1761,#1762,#1763,#1764,#1765,#1766,#1767,#1768),
 .UNSPECIFIED.,.F.,.F.,(4,1,1,1,1,1,1,1,1,1,1,1,1,1,4),(40.8407044966673,
41.1839443931668,41.674822917591,42.1657014420152,42.6565799664394,43.1474584908636,
43.6383370152878,44.129215539712,44.6200940641362,45.1109725885604,45.6018511129846,
46.0927296374088,46.583608161833,47.0744866862572,47.1238898038469),
 .UNSPECIFIED.);
#192=B_SPLINE_CURVE_WITH_KNOTS('',3,(#1773,#1774,#1775,#1776,#1777,#1778,
#1779,#1780,#1781,#1782,#1783,#1784,#1785,#1786,#1787,#1788,#1789),
 .UNSPECIFIED.,.F.,.F.,(4,1,1,1,1,1,1,1,1,1,1,1,1,1,4),(34.5575191894877,
34.6863234957557,35.1772020201799,35.6680805446041,36.1589590690283,36.6498375934525,
37.1407161178767,37.6315946423009,38.1224731667251,38.6133516911493,39.1042302155735,
39.5951087399977,40.0859872644219,40.5768657888461,40.8407044966673),
 .UNSPECIFIED.);
#193=B_SPLINE_CURVE_WITH_KNOTS('',3,(#1790,#1791,#1792,#1793,#1794,#1795,
#1796,#1797,#1798,#1799,#1800,#1801,#1802,#1803,#1804,#1805,#1806),
 .UNSPECIFIED.,.F.,.F.,(4,1,1,1,1,1,1,1,1,1,1,1,1,1,4),(34.5575191894877,
34.8025235756522,35.2934021000764,35.7842806245006,36.2751591489248,36.766037673349,
37.2569161977732,37.7477947221974,38.2386732466216,38.7295517710458,39.22043029547,
39.7113088198942,40.2021873443184,40.6930658687426,40.8407044966673),
 .UNSPECIFIED.);
#194=B_SPLINE_CURVE_WITH_KNOTS('',3,(#1811,#1812,#1813,#1814,#1815,#1816,
#1817,#1818,#1819,#1820,#1821,#1822,#1823,#1824,#1825,#1826,#1827),
 .UNSPECIFIED.,.F.,.F.,(4,1,1,1,1,1,1,1,1,1,1,1,1,1,4),(28.2743338823081,
28.3049026782411,28.7957812026653,29.2866597270895,29.7775382515137,30.2684167759379,
30.7592953003621,31.2501738247863,31.7410523492105,32.2319308736347,32.7228093980589,
33.2136879224831,33.7045664469073,34.1954449713315,34.5575191894877),
 .UNSPECIFIED.);
#195=B_SPLINE_CURVE_WITH_KNOTS('',3,(#1828,#1829,#1830,#1831,#1832,#1833,
#1834,#1835,#1836,#1837,#1838,#1839,#1840,#1841,#1842,#1843,#1844),
 .UNSPECIFIED.,.F.,.F.,(4,1,1,1,1,1,1,1,1,1,1,1,1,1,4),(28.2743338823081,
28.4211027581376,28.9119812825618,29.402859806986,29.8937383314102,30.3846168558344,
30.8754953802586,31.3663739046828,31.857252429107,32.3481309535312,32.8390094779554,
33.3298880023796,33.8207665268038,34.311645051228,34.5575191894877),
 .UNSPECIFIED.);
#196=B_SPLINE_CURVE_WITH_KNOTS('',3,(#1849,#1850,#1851,#1852,#1853,#1854,
#1855,#1856,#1857,#1858,#1859,#1860,#1861,#1862,#1863,#1864),
 .UNSPECIFIED.,.F.,.F.,(4,1,1,1,1,1,1,1,1,1,1,1,1,4),(21.9911485751285,
22.4143603851507,22.9052389095749,23.3961174339991,23.8869959584233,24.3778744828475,
24.8687530072717,25.3596315316959,25.8505100561201,26.3413885805443,26.8322671049685,
27.3231456293927,27.8140241538169,28.2743338823081),.UNSPECIFIED.);
#197=B_SPLINE_CURVE_WITH_KNOTS('',3,(#1865,#1866,#1867,#1868,#1869,#1870,
#1871,#1872,#1873,#1874,#1875,#1876,#1877,#1878,#1879,#1880,#1881),
 .UNSPECIFIED.,.F.,.F.,(4,1,1,1,1,1,1,1,1,1,1,1,1,1,4),(21.9911485751285,
22.0396819406231,22.5305604650473,23.0214389894715,23.5123175138957,24.0031960383199,
24.4940745627441,24.9849530871683,25.4758316115925,25.9667101360167,26.4575886604408,
26.948467184865,27.4393457092892,27.9302242337134,28.2743338823081),
 .UNSPECIFIED.);
#198=B_SPLINE_CURVE_WITH_KNOTS('',3,(#1886,#1887,#1888,#1889,#1890,#1891,
#1892,#1893,#1894,#1895,#1896,#1897,#1898,#1899,#1900,#1901,#1902),
 .UNSPECIFIED.,.F.,.F.,(4,1,1,1,1,1,1,1,1,1,1,1,1,1,4),(15.7079632679489,
16.0329395676361,16.5238180920603,17.0146966164845,17.5055751409087,17.9964536653329,
18.4873321897571,18.9782107141813,19.4690892386055,19.9599677630297,20.4508462874539,
20.9417248118781,21.4326033363023,21.9234818607265,21.9911485751285),
 .UNSPECIFIED.);
#199=B_SPLINE_CURVE_WITH_KNOTS('',3,(#1903,#1904,#1905,#1906,#1907,#1908,
#1909,#1910,#1911,#1912,#1913,#1914,#1915,#1916,#1917,#1918),
 .UNSPECIFIED.,.F.,.F.,(4,1,1,1,1,1,1,1,1,1,1,1,1,4),(15.7079632679489,
16.1491396475327,16.6400181719569,17.1308966963811,17.6217752208053,18.1126537452295,
18.6035322696537,19.0944107940779,19.5852893185021,20.0761678429263,20.5670463673505,
21.0579248917747,21.5488034161989,21.9911485751285),.UNSPECIFIED.);
#200=B_SPLINE_CURVE_WITH_KNOTS('',3,(#1960,#1961,#1962,#1963,#1964,#1965,
#1966,#1967,#1968,#1969,#1970,#1971,#1972,#1973,#1974,#1975,#1976,#1977),
 .UNSPECIFIED.,.F.,.F.,(4,2,2,2,2,2,2,2,4),(-1.48415240173978,-1.29788558014148,
-1.11161875854317,-0.925917268377781,-0.740215778212392,-0.554996596286034,
-0.369777414359675,-0.184888707179837,0.),.UNSPECIFIED.);
#201=B_SPLINE_CURVE_WITH_KNOTS('',3,(#1989,#1990,#1991,#1992,#1993,#1994,
#1995,#1996,#1997,#1998),.UNSPECIFIED.,.F.,.F.,(4,2,2,2,4),(-0.907026427031537,
-0.679725911189483,-0.452425395347428,-0.226212697673714,0.),
 .UNSPECIFIED.);
#202=B_SPLINE_CURVE_WITH_KNOTS('',3,(#2002,#2003,#2004,#2005,#2006,#2007,
#2008,#2009,#2010,#2011),.UNSPECIFIED.,.F.,.F.,(4,2,2,2,4),(1.81143968168358,
2.03798507753145,2.26453047337932,2.49149841336064,2.71846635334195),
 .UNSPECIFIED.);
#203=B_SPLINE_CURVE_WITH_KNOTS('',3,(#2054,#2055,#2056,#2057,#2058,#2059,
#2060,#2061,#2062,#2063,#2064,#2065,#2066,#2067,#2068,#2069,#2070,#2071),
 .UNSPECIFIED.,.F.,.F.,(4,2,2,2,2,2,2,2,4),(0.,0.184888707179837,0.369777414359675,
0.554996596286034,0.740215778212393,0.925917268377781,1.11161875854317,
1.29788558014148,1.48415240173978),.UNSPECIFIED.);
#204=B_SPLINE_CURVE_WITH_KNOTS('',3,(#2099,#2100,#2101,#2102,#2103,#2104,
#2105,#2106,#2107,#2108,#2109,#2110,#2111,#2112,#2113,#2114,#2115,#2116,
#2117,#2118,#2119,#2120,#2121,#2122,#2123,#2124,#2125,#2126,#2127,#2128,
#2129,#2130,#2131,#2132,#2133,#2134,#2135,#2136,#2137,#2138,#2139,#2140,
#2141,#2142,#2143,#2144,#2145,#2146,#2147,#2148,#2149,#2150,#2151,#2152,
#2153,#2154,#2155,#2156,#2157,#2158,#2159,#2160,#2161,#2162,#2163,#2164,
#2165,#2166,#2167,#2168,#2169,#2170,#2171,#2172,#2173,#2174,#2175,#2176,
#2177,#2178,#2179,#2180,#2181,#2182,#2183,#2184,#2185,#2186,#2187,#2188,
#2189,#2190,#2191,#2192,#2193,#2194,#2195,#2196,#2197,#2198,#2199,#2200,
#2201,#2202,#2203,#2204,#2205,#2206,#2207,#2208,#2209,#2210,#2211,#2212,
#2213,#2214,#2215,#2216,#2217,#2218,#2219,#2220,#2221,#2222,#2223,#2224,
#2225,#2226,#2227,#2228,#2229,#2230,#2231,#2232,#2233,#2234,#2235,#2236,
#2237,#2238,#2239,#2240,#2241,#2242,#2243,#2244,#2245,#2246,#2247,#2248,
#2249,#2250,#2251,#2252,#2253,#2254,#2255,#2256,#2257,#2258,#2259,#2260,
#2261),.UNSPECIFIED.,.F.,.F.,(4,3,3,3,3,3,3,3,3,3,3,3,3,3,3,3,3,3,3,3,3,
3,3,3,3,3,3,3,3,3,3,3,3,3,3,3,3,3,3,3,3,3,3,3,3,3,3,3,3,3,3,3,3,3,4),(-7.96307015424314,
-7.76507342495175,-7.56681652910359,-7.53280938822384,-7.33631445781681,
-7.13312676449346,-7.0442321486645,-7.00691836687529,-6.9831744028592,-6.78497787102317,
-6.58548198829704,-6.38539281517067,-6.18587495051167,-6.06710944069126,
-6.02657918016067,-6.00643799673373,-5.80467795093621,-5.71081291123005,
-5.51257445628384,-5.30426502297673,-5.10214683971116,-4.89983201506277,
-4.69810083864192,-4.59160060754006,-4.55303354284356,-4.53522896161205,
-4.33155603094324,-4.12697699894512,-3.92209705615866,-3.846098989827,-3.64289003489956,
-3.43029472219088,-3.24427382357078,-3.08150553727819,-3.06137148751395,
-3.0464506739626,-2.84191225413306,-2.63569005642353,-2.42823360908002,
-2.22084742241762,-2.01461227625783,-1.94212753323008,-1.73521838367367,
-1.62676723469406,-1.57593075860987,-1.55303375465522,-1.53048246292656,
-1.32454181869524,-1.1166459031092,-0.907361666830691,-0.697388190667132,
-0.487834242698544,-0.279292822199345,-0.0730906933571855,0.),
 .UNSPECIFIED.);
#205=B_SPLINE_CURVE_WITH_KNOTS('',3,(#2266,#2267,#2268,#2269,#2270,#2271,
#2272,#2273,#2274,#2275,#2276,#2277,#2278,#2279,#2280,#2281,#2282,#2283,
#2284,#2285,#2286,#2287,#2288,#2289,#2290,#2291,#2292,#2293,#2294,#2295,
#2296,#2297,#2298,#2299,#2300,#2301,#2302,#2303,#2304,#2305,#2306,#2307,
#2308,#2309,#2310,#2311,#2312,#2313,#2314,#2315,#2316,#2317,#2318,#2319,
#2320,#2321,#2322,#2323,#2324,#2325,#2326,#2327,#2328,#2329,#2330,#2331,
#2332,#2333,#2334,#2335,#2336,#2337,#2338,#2339,#2340,#2341,#2342,#2343,
#2344,#2345,#2346,#2347,#2348,#2349,#2350,#2351,#2352,#2353,#2354,#2355,
#2356,#2357,#2358,#2359,#2360,#2361,#2362,#2363,#2364,#2365,#2366,#2367,
#2368,#2369,#2370,#2371,#2372,#2373,#2374,#2375,#2376,#2377,#2378,#2379,
#2380,#2381,#2382,#2383,#2384,#2385,#2386,#2387,#2388,#2389,#2390,#2391,
#2392,#2393,#2394,#2395,#2396,#2397,#2398,#2399,#2400,#2401,#2402,#2403,
#2404,#2405,#2406,#2407,#2408,#2409,#2410,#2411,#2412,#2413,#2414,#2415,
#2416,#2417,#2418,#2419,#2420,#2421,#2422,#2423,#2424,#2425),
 .UNSPECIFIED.,.F.,.F.,(4,3,3,3,3,3,3,3,3,3,3,3,3,3,3,3,3,3,3,3,3,3,3,3,
3,3,3,3,3,3,3,3,3,3,3,3,3,3,3,3,3,3,3,3,3,3,3,3,3,3,3,3,3,4),(-7.94800355269552,
-7.7385286842878,-7.53003654359911,-7.48103003130823,-7.27148949399082,
-7.05687824766599,-6.96298582739887,-6.91037502450996,-6.89103603147766,
-6.68328719483363,-6.4751820067294,-6.2675167693167,-6.06185439913356,-5.9350406801982,
-5.88248180259639,-5.86148472234393,-5.65574880202529,-5.55459952339213,
-5.35019137580645,-5.13938626720878,-4.93327809744019,-4.72797204087992,
-4.52416910481739,-4.41661678009336,-4.37945688452692,-4.35741356757079,
-4.15409269780303,-3.95072143156865,-3.74827621254897,-3.66375050702514,
-3.46031272812464,-3.2542590410961,-3.052118118025,-2.89708875725892,-2.87672836539994,
-2.67656003782111,-2.47562864995723,-2.27499165016881,-2.07525852938195,
-1.8776177253616,-1.81188323189637,-1.61102180051914,-1.5103329379867,-1.46313503367461,
-1.44001609074748,-1.42063703167863,-1.22363218431542,-1.02546462902939,
-0.826877637523757,-0.620158228142818,-0.423766620511444,-0.229002493504877,
-0.0369952825605873,0.),.UNSPECIFIED.);
#206=B_SPLINE_CURVE_WITH_KNOTS('',3,(#2814,#2815,#2816,#2817,#2818,#2819,
#2820,#2821,#2822,#2823,#2824,#2825,#2826,#2827,#2828,#2829,#2830,#2831,
#2832,#2833,#2834,#2835,#2836,#2837,#2838,#2839,#2840,#2841,#2842,#2843,
#2844,#2845,#2846,#2847),.UNSPECIFIED.,.F.,.F.,(4,3,3,3,3,3,3,3,3,3,3,4),
(38.8288065471014,39.2702819539359,39.7611604783601,40.2520390027843,40.7429175272085,
41.2337960516327,41.7246745760569,42.2155531004811,42.7064316249053,43.1973101493295,
43.6881886737537,44.06154882531),.UNSPECIFIED.);
#207=B_SPLINE_CURVE_WITH_KNOTS('',3,(#2849,#2850,#2851,#2852,#2853,#2854,
#2855,#2856,#2857,#2858,#2859,#2860,#2861,#2862,#2863,#2864,#2865,#2866,
#2867,#2868,#2869,#2870,#2871,#2872,#2873,#2874,#2875,#2876,#2877,#2878,
#2879,#2880,#2881,#2882,#2883,#2884,#2885,#2886,#2887,#2888,#2889,#2890,
#2891,#2892,#2893,#2894,#2895,#2896,#2897,#2898,#2899,#2900,#2901,#2902,
#2903,#2904,#2905,#2906,#2907,#2908,#2909,#2910,#2911,#2912,#2913,#2914,
#2915,#2916,#2917,#2918,#2919,#2920,#2921,#2922,#2923,#2924,#2925,#2926,
#2927,#2928,#2929,#2930,#2931,#2932,#2933,#2934,#2935,#2936,#2937,#2938,
#2939,#2940,#2941,#2942,#2943,#2944,#2945,#2946,#2947,#2948,#2949,#2950,
#2951,#2952,#2953,#2954,#2955,#2956,#2957,#2958,#2959,#2960,#2961,#2962,
#2963,#2964,#2965,#2966,#2967,#2968,#2969,#2970,#2971,#2972,#2973,#2974,
#2975,#2976,#2977,#2978,#2979,#2980,#2981,#2982,#2983,#2984,#2985,#2986,
#2987,#2988,#2989,#2990,#2991,#2992,#2993,#2994,#2995,#2996,#2997,#2998,
#2999,#3000,#3001,#3002,#3003,#3004,#3005,#3006,#3007,#3008,#3009,#3010,
#3011),.UNSPECIFIED.,.F.,.F.,(4,3,3,3,3,3,3,3,3,3,3,3,3,3,3,3,3,3,3,3,3,
3,3,3,3,3,3,3,3,3,3,3,3,3,3,3,3,3,3,3,3,3,3,3,3,3,3,3,3,3,3,3,3,3,4),(-7.96307015424318,
-7.76507342803463,-7.56681652137903,-7.53280938822395,-7.33631443091951,
-7.13312674095833,-7.04423212660031,-7.00691829178551,-6.9831743781214,
-6.78497781974451,-6.58548192644468,-6.3853927549032,-6.18587489935459,
-6.06710940232346,-6.02657900619677,-6.00643794216789,-5.80467789063776,
-5.71081291123005,-5.51257448632448,-5.30426504926229,-5.10214686728248,
-4.89983205063812,-4.69810089947591,-4.59160066076979,-4.55303353027231,
-4.53522895998672,-4.33155603243657,-4.12697700191409,-3.92209707290985,
-3.84609898982699,-3.64289008973489,-3.43029477017179,-3.24427386555408,
-3.08150557401358,-3.06137160107065,-3.04645087134915,-2.84191251284455,
-2.63569036405279,-2.42823391804565,-2.22084769049399,-2.01461243137593,
-1.94212753323009,-1.73521831819854,-1.62676717331114,-1.57593069914516,
-1.5530336717744,-1.5304824561108,-1.32454163886833,-1.11664558182357,-0.907361252901231,
-0.697387748179607,-0.487833882876041,-0.279292609727327,-0.0730907108209248,
0.),.UNSPECIFIED.);
#208=B_SPLINE_CURVE_WITH_KNOTS('',3,(#3012,#3013,#3014,#3015,#3016,#3017,
#3018,#3019,#3020,#3021,#3022,#3023,#3024,#3025,#3026),.UNSPECIFIED.,.F.,
 .F.,(4,1,1,1,1,1,1,1,1,1,1,1,4),(10.3761157273102,10.7494758788665,11.2403544032907,
11.7312329277149,12.2221114521391,12.7129899765633,13.2038685009875,13.6947470254117,
14.1856255498359,14.6765040742601,15.1673825986843,15.6582611231085,15.7079632679489),
 .UNSPECIFIED.);
#209=B_SPLINE_CURVE_WITH_KNOTS('',3,(#3032,#3033,#3034,#3035,#3036,#3037,
#3038,#3039,#3040,#3041,#3042,#3043,#3044,#3045,#3046,#3047,#3048,#3049,
#3050,#3051,#3052,#3053,#3054,#3055,#3056,#3057,#3058,#3059,#3060,#3061,
#3062,#3063,#3064,#3065,#3066,#3067,#3068,#3069,#3070,#3071,#3072,#3073,
#3074,#3075,#3076,#3077,#3078,#3079,#3080,#3081,#3082,#3083,#3084,#3085,
#3086,#3087,#3088,#3089,#3090,#3091,#3092,#3093,#3094,#3095,#3096,#3097,
#3098,#3099,#3100,#3101,#3102,#3103,#3104,#3105,#3106,#3107,#3108,#3109,
#3110,#3111,#3112,#3113,#3114,#3115,#3116,#3117,#3118,#3119,#3120,#3121,
#3122,#3123,#3124,#3125,#3126,#3127,#3128,#3129,#3130,#3131,#3132,#3133,
#3134,#3135,#3136,#3137,#3138,#3139,#3140,#3141,#3142,#3143,#3144,#3145,
#3146,#3147,#3148,#3149,#3150,#3151,#3152,#3153,#3154,#3155,#3156,#3157,
#3158,#3159,#3160,#3161,#3162,#3163,#3164,#3165,#3166,#3167,#3168,#3169,
#3170,#3171,#3172,#3173,#3174,#3175,#3176,#3177,#3178,#3179,#3180,#3181,
#3182,#3183,#3184,#3185,#3186,#3187,#3188,#3189,#3190,#3191),
 .UNSPECIFIED.,.F.,.F.,(4,3,3,3,3,3,3,3,3,3,3,3,3,3,3,3,3,3,3,3,3,3,3,3,
3,3,3,3,3,3,3,3,3,3,3,3,3,3,3,3,3,3,3,3,3,3,3,3,3,3,3,3,3,4),(-7.94800355269551,
-7.73852869554705,-7.5300365721118,-7.48103003130815,-7.27148949787107,
-7.05687825106119,-6.96298583058187,-6.91037503210359,-6.89103603687119,
-6.68328720344049,-6.47518201320506,-6.26751677439359,-6.06185441423424,
-5.93504069152369,-5.88248182153689,-5.86148472656845,-5.65574880368035,
-5.55459952339203,-5.35019138029724,-5.13938627113822,-4.93327807895208,
-4.72797197210836,-4.52416895287665,-4.41661664714521,-4.37945310002866,
-4.35741329689771,-4.15409241892104,-3.95072112739229,-3.74827584728234,
-3.66375050702507,-3.46031270081201,-3.25425901719756,-3.05211821723939,
-2.89708884407151,-2.87672838165384,-2.67656000944832,-2.47562861981734,
-2.27499170059302,-2.07525871191394,-1.87761811016184,-1.81188323189635,
-1.61102176446573,-1.51033290418662,-1.46313500093079,-1.44001603814613,
-1.42063702215022,-1.22363229993303,-1.02546480901973,-0.826877810629474,
-0.620158357972105,-0.423766569118514,-0.229002215988067,-0.0369947315805977,
0.),.UNSPECIFIED.);
#210=B_SPLINE_CURVE_WITH_KNOTS('',3,(#3194,#3195,#3196,#3197,#3198,#3199,
#3200,#3201,#3202,#3203,#3204,#3205),.UNSPECIFIED.,.F.,.F.,(4,1,1,1,1,1,
1,1,1,4),(11.6150328478183,12.1059113722425,12.5967898966667,13.0876684210909,
13.5785469455151,14.0694254699393,14.5603039943635,15.0511825187877,15.5420610432119,
15.7079632679489),.UNSPECIFIED.);
#211=B_SPLINE_CURVE_WITH_KNOTS('',3,(#3594,#3595,#3596,#3597,#3598,#3599,
#3600,#3601,#3602,#3603,#3604,#3605,#3606,#3607,#3608,#3609,#3610,#3611,
#3612,#3613,#3614,#3615,#3616,#3617,#3618,#3619,#3620,#3621),
 .UNSPECIFIED.,.F.,.F.,(4,3,3,3,3,3,3,3,3,4),(-46.1425812958747,-45.6517027714505,
-45.1608242470263,-44.6699457226021,-44.1790671981779,-43.6881886737537,
-43.1973101493295,-42.7064316249053,-42.2155531004811,-41.7920422632082),
 .UNSPECIFIED.);
#212=LINE('',#1109,#256);
#213=LINE('',#1142,#257);
#214=LINE('',#1232,#258);
#215=LINE('',#1316,#259);
#216=LINE('',#1406,#260);
#217=LINE('',#1496,#261);
#218=LINE('',#1586,#262);
#219=LINE('',#1676,#263);
#220=LINE('',#1697,#264);
#221=LINE('',#1734,#265);
#222=LINE('',#1772,#266);
#223=LINE('',#1810,#267);
#224=LINE('',#1848,#268);
#225=LINE('',#1885,#269);
#226=LINE('',#1923,#270);
#227=LINE('',#1929,#271);
#228=LINE('',#1933,#272);
#229=LINE('',#1937,#273);
#230=LINE('',#1944,#274);
#231=LINE('',#1947,#275);
#232=LINE('',#1950,#276);
#233=LINE('',#1955,#277);
#234=LINE('',#1958,#278);
#235=LINE('',#1979,#279);
#236=LINE('',#1980,#280);
#237=LINE('',#1983,#281);
#238=LINE('',#1987,#282);
#239=LINE('',#2013,#283);
#240=LINE('',#2019,#284);
#241=LINE('',#2020,#285);
#242=LINE('',#2023,#286);
#243=LINE('',#2027,#287);
#244=LINE('',#2032,#288);
#245=LINE('',#2034,#289);
#246=LINE('',#2036,#290);
#247=LINE('',#2047,#291);
#248=LINE('',#2051,#292);
#249=LINE('',#2053,#293);
#250=LINE('',#2074,#294);
#251=LINE('',#2079,#295);
#252=LINE('',#2089,#296);
#253=LINE('',#2095,#297);
#254=LINE('',#3629,#298);
#255=LINE('',#3631,#299);
#256=VECTOR('',#907,40.);
#257=VECTOR('',#912,40.);
#258=VECTOR('',#915,40.);
#259=VECTOR('',#918,40.);
#260=VECTOR('',#921,40.);
#261=VECTOR('',#924,40.);
#262=VECTOR('',#927,40.);
#263=VECTOR('',#930,36.368);
#264=VECTOR('',#935,36.368);
#265=VECTOR('',#938,36.368);
#266=VECTOR('',#941,36.368);
#267=VECTOR('',#944,36.368);
#268=VECTOR('',#947,36.368);
#269=VECTOR('',#950,36.368);
#270=VECTOR('',#955,50.);
#271=VECTOR('',#962,50.);
#272=VECTOR('',#965,10.);
#273=VECTOR('',#968,10.);
#274=VECTOR('',#977,10.);
#275=VECTOR('',#980,10.);
#276=VECTOR('',#983,10.);
#277=VECTOR('',#988,10.);
#278=VECTOR('',#991,10.);
#279=VECTOR('',#992,10.);
#280=VECTOR('',#993,10.);
#281=VECTOR('',#996,60.);
#282=VECTOR('',#999,10.);
#283=VECTOR('',#1002,10.);
#284=VECTOR('',#1009,10.);
#285=VECTOR('',#1010,10.);
#286=VECTOR('',#1013,10.);
#287=VECTOR('',#1016,10.);
#288=VECTOR('',#1017,10.);
#289=VECTOR('',#1020,10.);
#290=VECTOR('',#1023,10.);
#291=VECTOR('',#1030,10.);
#292=VECTOR('',#1035,10.);
#293=VECTOR('',#1036,10.);
#294=VECTOR('',#1039,40.);
#295=VECTOR('',#1046,37.5);
#296=VECTOR('',#1059,20.);
#297=VECTOR('',#1066,15.);
#298=VECTOR('',#1099,45.);
#299=VECTOR('',#1102,50.);
#300=VERTEX_POINT('',#1107);
#301=VERTEX_POINT('',#1108);
#302=VERTEX_POINT('',#1110);
#303=VERTEX_POINT('',#1127);
#304=VERTEX_POINT('',#1140);
#305=VERTEX_POINT('',#1141);
#306=VERTEX_POINT('',#1230);
#307=VERTEX_POINT('',#1231);
#308=VERTEX_POINT('',#1314);
#309=VERTEX_POINT('',#1315);
#310=VERTEX_POINT('',#1404);
#311=VERTEX_POINT('',#1405);
#312=VERTEX_POINT('',#1494);
#313=VERTEX_POINT('',#1495);
#314=VERTEX_POINT('',#1584);
#315=VERTEX_POINT('',#1585);
#316=VERTEX_POINT('',#1674);
#317=VERTEX_POINT('',#1675);
#318=VERTEX_POINT('',#1677);
#319=VERTEX_POINT('',#1686);
#320=VERTEX_POINT('',#1695);
#321=VERTEX_POINT('',#1696);
#322=VERTEX_POINT('',#1732);
#323=VERTEX_POINT('',#1733);
#324=VERTEX_POINT('',#1770);
#325=VERTEX_POINT('',#1771);
#326=VERTEX_POINT('',#1808);
#327=VERTEX_POINT('',#1809);
#328=VERTEX_POINT('',#1846);
#329=VERTEX_POINT('',#1847);
#330=VERTEX_POINT('',#1883);
#331=VERTEX_POINT('',#1884);
#332=VERTEX_POINT('',#1920);
#333=VERTEX_POINT('',#1922);
#334=VERTEX_POINT('',#1926);
#335=VERTEX_POINT('',#1928);
#336=VERTEX_POINT('',#1930);
#337=VERTEX_POINT('',#1932);
#338=VERTEX_POINT('',#1934);
#339=VERTEX_POINT('',#1936);
#340=VERTEX_POINT('',#1940);
#341=VERTEX_POINT('',#1943);
#342=VERTEX_POINT('',#1945);
#343=VERTEX_POINT('',#1949);
#344=VERTEX_POINT('',#1951);
#345=VERTEX_POINT('',#1953);
#346=VERTEX_POINT('',#1957);
#347=VERTEX_POINT('',#1959);
#348=VERTEX_POINT('',#1978);
#349=VERTEX_POINT('',#1982);
#350=VERTEX_POINT('',#1984);
#351=VERTEX_POINT('',#1986);
#352=VERTEX_POINT('',#1988);
#353=VERTEX_POINT('',#1999);
#354=VERTEX_POINT('',#2001);
#355=VERTEX_POINT('',#2012);
#356=VERTEX_POINT('',#2016);
#357=VERTEX_POINT('',#2017);
#358=VERTEX_POINT('',#2022);
#359=VERTEX_POINT('',#2024);
#360=VERTEX_POINT('',#2026);
#361=VERTEX_POINT('',#2028);
#362=VERTEX_POINT('',#2046);
#363=VERTEX_POINT('',#2050);
#364=VERTEX_POINT('',#2052);
#365=VERTEX_POINT('',#2073);
#366=VERTEX_POINT('',#2078);
#367=VERTEX_POINT('',#2082);
#368=VERTEX_POINT('',#2085);
#369=VERTEX_POINT('',#2088);
#370=VERTEX_POINT('',#2092);
#371=VERTEX_POINT('',#2093);
#372=VERTEX_POINT('',#2098);
#373=VERTEX_POINT('',#2262);
#374=VERTEX_POINT('',#2264);
#375=VERTEX_POINT('',#2848);
#376=VERTEX_POINT('',#3028);
#377=VERTEX_POINT('',#3031);
#378=EDGE_CURVE('',#300,#301,#212,.T.);
#379=EDGE_CURVE('',#300,#302,#172,.T.);
#380=EDGE_CURVE('',#302,#303,#138,.F.);
#381=EDGE_CURVE('',#303,#301,#173,.T.);
#382=EDGE_CURVE('',#304,#305,#213,.T.);
#383=EDGE_CURVE('',#304,#300,#174,.T.);
#384=EDGE_CURVE('',#301,#305,#175,.T.);
#385=EDGE_CURVE('',#306,#307,#214,.T.);
#386=EDGE_CURVE('',#306,#304,#176,.T.);
#387=EDGE_CURVE('',#305,#307,#177,.T.);
#388=EDGE_CURVE('',#308,#309,#215,.T.);
#389=EDGE_CURVE('',#308,#306,#178,.T.);
#390=EDGE_CURVE('',#307,#309,#179,.T.);
#391=EDGE_CURVE('',#310,#311,#216,.T.);
#392=EDGE_CURVE('',#310,#308,#180,.T.);
#393=EDGE_CURVE('',#309,#311,#181,.T.);
#394=EDGE_CURVE('',#312,#313,#217,.T.);
#395=EDGE_CURVE('',#312,#310,#182,.T.);
#396=EDGE_CURVE('',#311,#313,#183,.T.);
#397=EDGE_CURVE('',#314,#315,#218,.T.);
#398=EDGE_CURVE('',#314,#312,#184,.T.);
#399=EDGE_CURVE('',#313,#315,#185,.T.);
#400=EDGE_CURVE('',#316,#317,#219,.T.);
#401=EDGE_CURVE('',#316,#318,#186,.T.);
#402=EDGE_CURVE('',#319,#318,#139,.T.);
#403=EDGE_CURVE('',#317,#319,#187,.T.);
#404=EDGE_CURVE('',#320,#321,#220,.T.);
#405=EDGE_CURVE('',#320,#316,#188,.T.);
#406=EDGE_CURVE('',#321,#317,#189,.T.);
#407=EDGE_CURVE('',#322,#323,#221,.T.);
#408=EDGE_CURVE('',#322,#320,#190,.T.);
#409=EDGE_CURVE('',#323,#321,#191,.T.);
#410=EDGE_CURVE('',#324,#325,#222,.T.);
#411=EDGE_CURVE('',#324,#322,#192,.T.);
#412=EDGE_CURVE('',#325,#323,#193,.T.);
#413=EDGE_CURVE('',#326,#327,#223,.T.);
#414=EDGE_CURVE('',#326,#324,#194,.T.);
#415=EDGE_CURVE('',#327,#325,#195,.T.);
#416=EDGE_CURVE('',#328,#329,#224,.T.);
#417=EDGE_CURVE('',#328,#326,#196,.T.);
#418=EDGE_CURVE('',#329,#327,#197,.T.);
#419=EDGE_CURVE('',#330,#331,#225,.T.);
#420=EDGE_CURVE('',#330,#328,#198,.T.);
#421=EDGE_CURVE('',#331,#329,#199,.T.);
#422=EDGE_CURVE('',#332,#332,#140,.T.);
#423=EDGE_CURVE('',#332,#333,#226,.T.);
#424=EDGE_CURVE('',#333,#333,#141,.T.);
#425=EDGE_CURVE('',#334,#334,#142,.F.);
#426=EDGE_CURVE('',#334,#335,#227,.T.);
#427=EDGE_CURVE('',#336,#335,#143,.T.);
#428=EDGE_CURVE('',#337,#336,#228,.F.);
#429=EDGE_CURVE('',#338,#337,#144,.F.);
#430=EDGE_CURVE('',#339,#338,#229,.F.);
#431=EDGE_CURVE('',#335,#339,#145,.T.);
#432=EDGE_CURVE('',#340,#340,#146,.T.);
#433=EDGE_CURVE('',#341,#339,#230,.T.);
#434=EDGE_CURVE('',#342,#341,#147,.T.);
#435=EDGE_CURVE('',#336,#342,#231,.T.);
#436=EDGE_CURVE('',#343,#337,#232,.T.);
#437=EDGE_CURVE('',#344,#343,#148,.T.);
#438=EDGE_CURVE('',#345,#344,#149,.T.);
#439=EDGE_CURVE('',#345,#338,#233,.T.);
#440=EDGE_CURVE('',#346,#342,#234,.T.);
#441=EDGE_CURVE('',#347,#346,#200,.T.);
#442=EDGE_CURVE('',#348,#347,#235,.T.);
#443=EDGE_CURVE('',#343,#348,#236,.T.);
#444=EDGE_CURVE('',#340,#349,#237,.T.);
#445=EDGE_CURVE('',#349,#350,#150,.F.);
#446=EDGE_CURVE('',#350,#351,#238,.T.);
#447=EDGE_CURVE('',#352,#351,#201,.T.);
#448=EDGE_CURVE('',#352,#353,#151,.T.);
#449=EDGE_CURVE('',#354,#353,#202,.T.);
#450=EDGE_CURVE('',#354,#355,#239,.T.);
#451=EDGE_CURVE('',#355,#349,#152,.F.);
#452=EDGE_CURVE('',#356,#357,#153,.T.);
#453=EDGE_CURVE('',#356,#354,#240,.T.);
#454=EDGE_CURVE('',#353,#357,#241,.T.);
#455=EDGE_CURVE('',#358,#357,#242,.T.);
#456=EDGE_CURVE('',#358,#359,#154,.T.);
#457=EDGE_CURVE('',#360,#359,#243,.T.);
#458=EDGE_CURVE('',#361,#360,#23,.T.);
#459=EDGE_CURVE('',#356,#361,#244,.T.);
#460=EDGE_CURVE('',#358,#352,#245,.T.);
#461=EDGE_CURVE('',#351,#359,#246,.T.);
#462=EDGE_CURVE('',#360,#350,#24,.T.);
#463=EDGE_CURVE('',#355,#361,#25,.T.);
#464=EDGE_CURVE('',#341,#362,#247,.T.);
#465=EDGE_CURVE('',#346,#362,#155,.T.);
#466=EDGE_CURVE('',#363,#345,#248,.T.);
#467=EDGE_CURVE('',#364,#363,#249,.T.);
#468=EDGE_CURVE('',#362,#364,#203,.T.);
#469=EDGE_CURVE('',#344,#365,#250,.T.);
#470=EDGE_CURVE('',#365,#365,#156,.T.);
#471=EDGE_CURVE('',#363,#348,#157,.T.);
#472=EDGE_CURVE('',#365,#366,#251,.T.);
#473=EDGE_CURVE('',#366,#366,#158,.T.);
#474=EDGE_CURVE('',#367,#367,#159,.T.);
#475=EDGE_CURVE('',#368,#368,#160,.T.);
#476=EDGE_CURVE('',#368,#369,#252,.T.);
#477=EDGE_CURVE('',#369,#369,#161,.T.);
#478=EDGE_CURVE('',#370,#371,#162,.T.);
#479=EDGE_CURVE('',#370,#369,#253,.T.);
#480=EDGE_CURVE('',#371,#370,#163,.T.);
#481=EDGE_CURVE('',#318,#372,#204,.T.);
#482=EDGE_CURVE('',#373,#372,#164,.T.);
#483=EDGE_CURVE('',#374,#373,#165,.T.);
#484=EDGE_CURVE('',#374,#319,#205,.T.);
#485=EDGE_CURVE('',#315,#374,#206,.T.);
#486=EDGE_CURVE('',#375,#303,#207,.T.);
#487=EDGE_CURVE('',#375,#331,#208,.T.);
#488=EDGE_CURVE('',#303,#376,#166,.F.);
#489=EDGE_CURVE('',#376,#302,#167,.F.);
#490=EDGE_CURVE('',#302,#377,#209,.T.);
#491=EDGE_CURVE('',#377,#375,#168,.T.);
#492=EDGE_CURVE('',#377,#330,#210,.T.);
#493=EDGE_CURVE('',#372,#314,#211,.T.);
#494=EDGE_CURVE('',#372,#374,#169,.T.);
#495=EDGE_CURVE('',#367,#371,#170,.T.);
#496=EDGE_CURVE('',#347,#364,#171,.T.);
#497=EDGE_CURVE('',#376,#332,#254,.T.);
#498=EDGE_CURVE('',#349,#373,#255,.T.);
#499=ORIENTED_EDGE('',*,*,#378,.F.);
#500=ORIENTED_EDGE('',*,*,#379,.T.);
#501=ORIENTED_EDGE('',*,*,#380,.T.);
#502=ORIENTED_EDGE('',*,*,#381,.T.);
#503=ORIENTED_EDGE('',*,*,#382,.F.);
#504=ORIENTED_EDGE('',*,*,#383,.T.);
#505=ORIENTED_EDGE('',*,*,#378,.T.);
#506=ORIENTED_EDGE('',*,*,#384,.T.);
#507=ORIENTED_EDGE('',*,*,#385,.F.);
#508=ORIENTED_EDGE('',*,*,#386,.T.);
#509=ORIENTED_EDGE('',*,*,#382,.T.);
#510=ORIENTED_EDGE('',*,*,#387,.T.);
#511=ORIENTED_EDGE('',*,*,#388,.F.);
#512=ORIENTED_EDGE('',*,*,#389,.T.);
#513=ORIENTED_EDGE('',*,*,#385,.T.);
#514=ORIENTED_EDGE('',*,*,#390,.T.);
#515=ORIENTED_EDGE('',*,*,#391,.F.);
#516=ORIENTED_EDGE('',*,*,#392,.T.);
#517=ORIENTED_EDGE('',*,*,#388,.T.);
#518=ORIENTED_EDGE('',*,*,#393,.T.);
#519=ORIENTED_EDGE('',*,*,#394,.F.);
#520=ORIENTED_EDGE('',*,*,#395,.T.);
#521=ORIENTED_EDGE('',*,*,#391,.T.);
#522=ORIENTED_EDGE('',*,*,#396,.T.);
#523=ORIENTED_EDGE('',*,*,#397,.F.);
#524=ORIENTED_EDGE('',*,*,#398,.T.);
#525=ORIENTED_EDGE('',*,*,#394,.T.);
#526=ORIENTED_EDGE('',*,*,#399,.T.);
#527=ORIENTED_EDGE('',*,*,#400,.F.);
#528=ORIENTED_EDGE('',*,*,#401,.T.);
#529=ORIENTED_EDGE('',*,*,#402,.F.);
#530=ORIENTED_EDGE('',*,*,#403,.F.);
#531=ORIENTED_EDGE('',*,*,#404,.F.);
#532=ORIENTED_EDGE('',*,*,#405,.T.);
#533=ORIENTED_EDGE('',*,*,#400,.T.);
#534=ORIENTED_EDGE('',*,*,#406,.F.);
#535=ORIENTED_EDGE('',*,*,#407,.F.);
#536=ORIENTED_EDGE('',*,*,#408,.T.);
#537=ORIENTED_EDGE('',*,*,#404,.T.);
#538=ORIENTED_EDGE('',*,*,#409,.F.);
#539=ORIENTED_EDGE('',*,*,#410,.F.);
#540=ORIENTED_EDGE('',*,*,#411,.T.);
#541=ORIENTED_EDGE('',*,*,#407,.T.);
#542=ORIENTED_EDGE('',*,*,#412,.F.);
#543=ORIENTED_EDGE('',*,*,#413,.F.);
#544=ORIENTED_EDGE('',*,*,#414,.T.);
#545=ORIENTED_EDGE('',*,*,#410,.T.);
#546=ORIENTED_EDGE('',*,*,#415,.F.);
#547=ORIENTED_EDGE('',*,*,#416,.F.);
#548=ORIENTED_EDGE('',*,*,#417,.T.);
#549=ORIENTED_EDGE('',*,*,#413,.T.);
#550=ORIENTED_EDGE('',*,*,#418,.F.);
#551=ORIENTED_EDGE('',*,*,#419,.F.);
#552=ORIENTED_EDGE('',*,*,#420,.T.);
#553=ORIENTED_EDGE('',*,*,#416,.T.);
#554=ORIENTED_EDGE('',*,*,#421,.F.);
#555=ORIENTED_EDGE('',*,*,#422,.F.);
#556=ORIENTED_EDGE('',*,*,#423,.T.);
#557=ORIENTED_EDGE('',*,*,#424,.F.);
#558=ORIENTED_EDGE('',*,*,#423,.F.);
#559=ORIENTED_EDGE('',*,*,#425,.T.);
#560=ORIENTED_EDGE('',*,*,#426,.T.);
#561=ORIENTED_EDGE('',*,*,#427,.F.);
#562=ORIENTED_EDGE('',*,*,#428,.F.);
#563=ORIENTED_EDGE('',*,*,#429,.F.);
#564=ORIENTED_EDGE('',*,*,#430,.F.);
#565=ORIENTED_EDGE('',*,*,#431,.F.);
#566=ORIENTED_EDGE('',*,*,#426,.F.);
#567=ORIENTED_EDGE('',*,*,#432,.F.);
#568=ORIENTED_EDGE('',*,*,#425,.F.);
#569=ORIENTED_EDGE('',*,*,#433,.F.);
#570=ORIENTED_EDGE('',*,*,#434,.F.);
#571=ORIENTED_EDGE('',*,*,#435,.F.);
#572=ORIENTED_EDGE('',*,*,#427,.T.);
#573=ORIENTED_EDGE('',*,*,#431,.T.);
#574=ORIENTED_EDGE('',*,*,#429,.T.);
#575=ORIENTED_EDGE('',*,*,#436,.F.);
#576=ORIENTED_EDGE('',*,*,#437,.F.);
#577=ORIENTED_EDGE('',*,*,#438,.F.);
#578=ORIENTED_EDGE('',*,*,#439,.T.);
#579=ORIENTED_EDGE('',*,*,#428,.T.);
#580=ORIENTED_EDGE('',*,*,#435,.T.);
#581=ORIENTED_EDGE('',*,*,#440,.F.);
#582=ORIENTED_EDGE('',*,*,#441,.F.);
#583=ORIENTED_EDGE('',*,*,#442,.F.);
#584=ORIENTED_EDGE('',*,*,#443,.F.);
#585=ORIENTED_EDGE('',*,*,#436,.T.);
#586=ORIENTED_EDGE('',*,*,#432,.T.);
#587=ORIENTED_EDGE('',*,*,#444,.T.);
#588=ORIENTED_EDGE('',*,*,#445,.T.);
#589=ORIENTED_EDGE('',*,*,#446,.T.);
#590=ORIENTED_EDGE('',*,*,#447,.F.);
#591=ORIENTED_EDGE('',*,*,#448,.T.);
#592=ORIENTED_EDGE('',*,*,#449,.F.);
#593=ORIENTED_EDGE('',*,*,#450,.T.);
#594=ORIENTED_EDGE('',*,*,#451,.T.);
#595=ORIENTED_EDGE('',*,*,#444,.F.);
#596=ORIENTED_EDGE('',*,*,#452,.F.);
#597=ORIENTED_EDGE('',*,*,#453,.T.);
#598=ORIENTED_EDGE('',*,*,#449,.T.);
#599=ORIENTED_EDGE('',*,*,#454,.T.);
#600=ORIENTED_EDGE('',*,*,#452,.T.);
#601=ORIENTED_EDGE('',*,*,#455,.F.);
#602=ORIENTED_EDGE('',*,*,#456,.T.);
#603=ORIENTED_EDGE('',*,*,#457,.F.);
#604=ORIENTED_EDGE('',*,*,#458,.F.);
#605=ORIENTED_EDGE('',*,*,#459,.F.);
#606=ORIENTED_EDGE('',*,*,#454,.F.);
#607=ORIENTED_EDGE('',*,*,#448,.F.);
#608=ORIENTED_EDGE('',*,*,#460,.F.);
#609=ORIENTED_EDGE('',*,*,#455,.T.);
#610=ORIENTED_EDGE('',*,*,#456,.F.);
#611=ORIENTED_EDGE('',*,*,#460,.T.);
#612=ORIENTED_EDGE('',*,*,#447,.T.);
#613=ORIENTED_EDGE('',*,*,#461,.T.);
#614=ORIENTED_EDGE('',*,*,#461,.F.);
#615=ORIENTED_EDGE('',*,*,#446,.F.);
#616=ORIENTED_EDGE('',*,*,#462,.F.);
#617=ORIENTED_EDGE('',*,*,#457,.T.);
#618=ORIENTED_EDGE('',*,*,#453,.F.);
#619=ORIENTED_EDGE('',*,*,#459,.T.);
#620=ORIENTED_EDGE('',*,*,#463,.F.);
#621=ORIENTED_EDGE('',*,*,#450,.F.);
#622=ORIENTED_EDGE('',*,*,#434,.T.);
#623=ORIENTED_EDGE('',*,*,#464,.T.);
#624=ORIENTED_EDGE('',*,*,#465,.F.);
#625=ORIENTED_EDGE('',*,*,#440,.T.);
#626=ORIENTED_EDGE('',*,*,#430,.T.);
#627=ORIENTED_EDGE('',*,*,#439,.F.);
#628=ORIENTED_EDGE('',*,*,#466,.F.);
#629=ORIENTED_EDGE('',*,*,#467,.F.);
#630=ORIENTED_EDGE('',*,*,#468,.F.);
#631=ORIENTED_EDGE('',*,*,#464,.F.);
#632=ORIENTED_EDGE('',*,*,#433,.T.);
#633=ORIENTED_EDGE('',*,*,#466,.T.);
#634=ORIENTED_EDGE('',*,*,#438,.T.);
#635=ORIENTED_EDGE('',*,*,#469,.T.);
#636=ORIENTED_EDGE('',*,*,#470,.F.);
#637=ORIENTED_EDGE('',*,*,#469,.F.);
#638=ORIENTED_EDGE('',*,*,#437,.T.);
#639=ORIENTED_EDGE('',*,*,#443,.T.);
#640=ORIENTED_EDGE('',*,*,#471,.F.);
#641=ORIENTED_EDGE('',*,*,#470,.T.);
#642=ORIENTED_EDGE('',*,*,#472,.T.);
#643=ORIENTED_EDGE('',*,*,#473,.T.);
#644=ORIENTED_EDGE('',*,*,#472,.F.);
#645=ORIENTED_EDGE('',*,*,#473,.F.);
#646=ORIENTED_EDGE('',*,*,#474,.F.);
#647=ORIENTED_EDGE('',*,*,#424,.T.);
#648=ORIENTED_EDGE('',*,*,#475,.F.);
#649=ORIENTED_EDGE('',*,*,#475,.T.);
#650=ORIENTED_EDGE('',*,*,#476,.T.);
#651=ORIENTED_EDGE('',*,*,#477,.T.);
#652=ORIENTED_EDGE('',*,*,#476,.F.);
#653=ORIENTED_EDGE('',*,*,#478,.F.);
#654=ORIENTED_EDGE('',*,*,#479,.T.);
#655=ORIENTED_EDGE('',*,*,#477,.F.);
#656=ORIENTED_EDGE('',*,*,#479,.F.);
#657=ORIENTED_EDGE('',*,*,#480,.F.);
#658=ORIENTED_EDGE('',*,*,#402,.T.);
#659=ORIENTED_EDGE('',*,*,#481,.T.);
#660=ORIENTED_EDGE('',*,*,#482,.F.);
#661=ORIENTED_EDGE('',*,*,#483,.F.);
#662=ORIENTED_EDGE('',*,*,#484,.T.);
#663=ORIENTED_EDGE('',*,*,#484,.F.);
#664=ORIENTED_EDGE('',*,*,#485,.F.);
#665=ORIENTED_EDGE('',*,*,#399,.F.);
#666=ORIENTED_EDGE('',*,*,#396,.F.);
#667=ORIENTED_EDGE('',*,*,#393,.F.);
#668=ORIENTED_EDGE('',*,*,#390,.F.);
#669=ORIENTED_EDGE('',*,*,#387,.F.);
#670=ORIENTED_EDGE('',*,*,#384,.F.);
#671=ORIENTED_EDGE('',*,*,#381,.F.);
#672=ORIENTED_EDGE('',*,*,#486,.F.);
#673=ORIENTED_EDGE('',*,*,#487,.T.);
#674=ORIENTED_EDGE('',*,*,#421,.T.);
#675=ORIENTED_EDGE('',*,*,#418,.T.);
#676=ORIENTED_EDGE('',*,*,#415,.T.);
#677=ORIENTED_EDGE('',*,*,#412,.T.);
#678=ORIENTED_EDGE('',*,*,#409,.T.);
#679=ORIENTED_EDGE('',*,*,#406,.T.);
#680=ORIENTED_EDGE('',*,*,#403,.T.);
#681=ORIENTED_EDGE('',*,*,#488,.T.);
#682=ORIENTED_EDGE('',*,*,#489,.T.);
#683=ORIENTED_EDGE('',*,*,#490,.T.);
#684=ORIENTED_EDGE('',*,*,#491,.T.);
#685=ORIENTED_EDGE('',*,*,#486,.T.);
#686=ORIENTED_EDGE('',*,*,#419,.T.);
#687=ORIENTED_EDGE('',*,*,#487,.F.);
#688=ORIENTED_EDGE('',*,*,#491,.F.);
#689=ORIENTED_EDGE('',*,*,#492,.T.);
#690=ORIENTED_EDGE('',*,*,#481,.F.);
#691=ORIENTED_EDGE('',*,*,#401,.F.);
#692=ORIENTED_EDGE('',*,*,#405,.F.);
#693=ORIENTED_EDGE('',*,*,#408,.F.);
#694=ORIENTED_EDGE('',*,*,#411,.F.);
#695=ORIENTED_EDGE('',*,*,#414,.F.);
#696=ORIENTED_EDGE('',*,*,#417,.F.);
#697=ORIENTED_EDGE('',*,*,#420,.F.);
#698=ORIENTED_EDGE('',*,*,#492,.F.);
#699=ORIENTED_EDGE('',*,*,#490,.F.);
#700=ORIENTED_EDGE('',*,*,#379,.F.);
#701=ORIENTED_EDGE('',*,*,#383,.F.);
#702=ORIENTED_EDGE('',*,*,#386,.F.);
#703=ORIENTED_EDGE('',*,*,#389,.F.);
#704=ORIENTED_EDGE('',*,*,#392,.F.);
#705=ORIENTED_EDGE('',*,*,#395,.F.);
#706=ORIENTED_EDGE('',*,*,#398,.F.);
#707=ORIENTED_EDGE('',*,*,#493,.F.);
#708=ORIENTED_EDGE('',*,*,#397,.T.);
#709=ORIENTED_EDGE('',*,*,#485,.T.);
#710=ORIENTED_EDGE('',*,*,#494,.F.);
#711=ORIENTED_EDGE('',*,*,#493,.T.);
#712=ORIENTED_EDGE('',*,*,#474,.T.);
#713=ORIENTED_EDGE('',*,*,#495,.T.);
#714=ORIENTED_EDGE('',*,*,#480,.T.);
#715=ORIENTED_EDGE('',*,*,#478,.T.);
#716=ORIENTED_EDGE('',*,*,#495,.F.);
#717=ORIENTED_EDGE('',*,*,#467,.T.);
#718=ORIENTED_EDGE('',*,*,#471,.T.);
#719=ORIENTED_EDGE('',*,*,#442,.T.);
#720=ORIENTED_EDGE('',*,*,#496,.T.);
#721=ORIENTED_EDGE('',*,*,#488,.F.);
#722=ORIENTED_EDGE('',*,*,#380,.F.);
#723=ORIENTED_EDGE('',*,*,#489,.F.);
#724=ORIENTED_EDGE('',*,*,#497,.T.);
#725=ORIENTED_EDGE('',*,*,#422,.T.);
#726=ORIENTED_EDGE('',*,*,#497,.F.);
#727=ORIENTED_EDGE('',*,*,#462,.T.);
#728=ORIENTED_EDGE('',*,*,#445,.F.);
#729=ORIENTED_EDGE('',*,*,#498,.T.);
#730=ORIENTED_EDGE('',*,*,#482,.T.);
#731=ORIENTED_EDGE('',*,*,#494,.T.);
#732=ORIENTED_EDGE('',*,*,#483,.T.);
#733=ORIENTED_EDGE('',*,*,#498,.F.);
#734=ORIENTED_EDGE('',*,*,#451,.F.);
#735=ORIENTED_EDGE('',*,*,#463,.T.);
#736=ORIENTED_EDGE('',*,*,#458,.T.);
#737=ORIENTED_EDGE('',*,*,#468,.T.);
#738=ORIENTED_EDGE('',*,*,#496,.F.);
#739=ORIENTED_EDGE('',*,*,#441,.T.);
#740=ORIENTED_EDGE('',*,*,#465,.T.);
#741=CYLINDRICAL_SURFACE('',#825,39.81);
#742=CYLINDRICAL_SURFACE('',#827,39.81);
#743=CYLINDRICAL_SURFACE('',#828,39.81);
#744=CYLINDRICAL_SURFACE('',#829,39.81);
#745=CYLINDRICAL_SURFACE('',#830,39.81);
#746=CYLINDRICAL_SURFACE('',#831,39.81);
#747=CYLINDRICAL_SURFACE('',#832,39.81);
#748=CYLINDRICAL_SURFACE('',#833,36.368);
#749=CYLINDRICAL_SURFACE('',#835,36.368);
#750=CYLINDRICAL_SURFACE('',#836,36.368);
#751=CYLINDRICAL_SURFACE('',#837,36.368);
#752=CYLINDRICAL_SURFACE('',#838,36.368);
#753=CYLINDRICAL_SURFACE('',#839,36.368);
#754=CYLINDRICAL_SURFACE('',#840,36.368);
#755=CYLINDRICAL_SURFACE('',#841,50.);
#756=CYLINDRICAL_SURFACE('',#844,55.);
#757=CYLINDRICAL_SURFACE('',#857,60.);
#758=CYLINDRICAL_SURFACE('',#861,6.);
#759=CYLINDRICAL_SURFACE('',#866,6.);
#760=CYLINDRICAL_SURFACE('',#869,60.);
#761=CYLINDRICAL_SURFACE('',#872,40.);
#762=CYLINDRICAL_SURFACE('',#883,15.);
#763=CYLINDRICAL_SURFACE('',#893,36.368);
#764=CYLINDRICAL_SURFACE('',#894,39.81);
#765=ADVANCED_FACE('',(#43),#741,.T.);
#766=ADVANCED_FACE('',(#44),#742,.T.);
#767=ADVANCED_FACE('',(#45),#743,.T.);
#768=ADVANCED_FACE('',(#46),#744,.T.);
#769=ADVANCED_FACE('',(#47),#745,.T.);
#770=ADVANCED_FACE('',(#48),#746,.T.);
#771=ADVANCED_FACE('',(#49),#747,.T.);
#772=ADVANCED_FACE('',(#50),#748,.T.);
#773=ADVANCED_FACE('',(#51),#749,.T.);
#774=ADVANCED_FACE('',(#52),#750,.T.);
#775=ADVANCED_FACE('',(#53),#751,.T.);
#776=ADVANCED_FACE('',(#54),#752,.T.);
#777=ADVANCED_FACE('',(#55),#753,.T.);
#778=ADVANCED_FACE('',(#56),#754,.T.);
#779=ADVANCED_FACE('',(#57),#755,.T.);
#780=ADVANCED_FACE('',(#58),#756,.T.);
#781=ADVANCED_FACE('',(#59,#26),#29,.F.);
#782=ADVANCED_FACE('',(#60),#30,.F.);
#783=ADVANCED_FACE('',(#61),#31,.F.);
#784=ADVANCED_FACE('',(#62),#32,.F.);
#785=ADVANCED_FACE('',(#63),#757,.T.);
#786=ADVANCED_FACE('',(#64),#758,.F.);
#787=ADVANCED_FACE('',(#65),#33,.F.);
#788=ADVANCED_FACE('',(#66),#34,.F.);
#789=ADVANCED_FACE('',(#67),#759,.F.);
#790=ADVANCED_FACE('',(#68),#35,.F.);
#791=ADVANCED_FACE('',(#69),#36,.F.);
#792=ADVANCED_FACE('',(#70),#760,.T.);
#793=ADVANCED_FACE('',(#71),#37,.F.);
#794=ADVANCED_FACE('',(#72),#761,.F.);
#795=ADVANCED_FACE('',(#73),#19,.F.);
#796=ADVANCED_FACE('',(#74,#27),#38,.T.);
#797=ADVANCED_FACE('',(#75,#28),#39,.T.);
#798=ADVANCED_FACE('',(#76),#20,.F.);
#799=ADVANCED_FACE('',(#77),#762,.F.);
#800=ADVANCED_FACE('',(#78),#40,.F.);
#801=ADVANCED_FACE('',(#79),#17,.F.);
#802=ADVANCED_FACE('',(#80),#41,.T.);
#803=ADVANCED_FACE('',(#81),#763,.T.);
#804=ADVANCED_FACE('',(#82),#18,.F.);
#805=ADVANCED_FACE('',(#83),#764,.T.);
#806=ADVANCED_FACE('',(#84),#15,.T.);
#807=ADVANCED_FACE('',(#85),#42,.T.);
#808=ADVANCED_FACE('',(#86),#21,.T.);
#809=ADVANCED_FACE('',(#87),#22,.T.);
#810=ADVANCED_FACE('',(#88),#16,.T.);
#811=CLOSED_SHELL('',(#765,#766,#767,#768,#769,#770,#771,#772,#773,#774,
#775,#776,#777,#778,#779,#780,#781,#782,#783,#784,#785,#786,#787,#788,#789,
#790,#791,#792,#793,#794,#795,#796,#797,#798,#799,#800,#801,#802,#803,#804,
#805,#806,#807,#808,#809,#810));
#812=DERIVED_UNIT_ELEMENT(#814,1.);
#813=DERIVED_UNIT_ELEMENT(#3638,-3.);
#814=(
MASS_UNIT()
NAMED_UNIT(*)
SI_UNIT(.KILO.,.GRAM.)
);
#815=DERIVED_UNIT((#812,#813));
#816=MEASURE_REPRESENTATION_ITEM('density measure',
POSITIVE_RATIO_MEASURE(7850.),#815);
#817=PROPERTY_DEFINITION_REPRESENTATION(#822,#819);
#818=PROPERTY_DEFINITION_REPRESENTATION(#823,#820);
#819=REPRESENTATION('material name',(#821),#3635);
#820=REPRESENTATION('density',(#816),#3635);
#821=DESCRIPTIVE_REPRESENTATION_ITEM('Steel','Steel');
#822=PROPERTY_DEFINITION('material property','material name',#3645);
#823=PROPERTY_DEFINITION('material property','density of part',#3645);
#824=AXIS2_PLACEMENT_3D('',#1105,#903,#904);
#825=AXIS2_PLACEMENT_3D('',#1106,#905,#906);
#826=AXIS2_PLACEMENT_3D('',#1128,#908,#909);
#827=AXIS2_PLACEMENT_3D('',#1139,#910,#911);
#828=AXIS2_PLACEMENT_3D('',#1229,#913,#914);
#829=AXIS2_PLACEMENT_3D('',#1313,#916,#917);
#830=AXIS2_PLACEMENT_3D('',#1403,#919,#920);
#831=AXIS2_PLACEMENT_3D('',#1493,#922,#923);
#832=AXIS2_PLACEMENT_3D('',#1583,#925,#926);
#833=AXIS2_PLACEMENT_3D('',#1673,#928,#929);
#834=AXIS2_PLACEMENT_3D('',#1687,#931,#932);
#835=AXIS2_PLACEMENT_3D('',#1694,#933,#934);
#836=AXIS2_PLACEMENT_3D('',#1731,#936,#937);
#837=AXIS2_PLACEMENT_3D('',#1769,#939,#940);
#838=AXIS2_PLACEMENT_3D('',#1807,#942,#943);
#839=AXIS2_PLACEMENT_3D('',#1845,#945,#946);
#840=AXIS2_PLACEMENT_3D('',#1882,#948,#949);
#841=AXIS2_PLACEMENT_3D('',#1919,#951,#952);
#842=AXIS2_PLACEMENT_3D('',#1921,#953,#954);
#843=AXIS2_PLACEMENT_3D('',#1924,#956,#957);
#844=AXIS2_PLACEMENT_3D('',#1925,#958,#959);
#845=AXIS2_PLACEMENT_3D('',#1927,#960,#961);
#846=AXIS2_PLACEMENT_3D('',#1931,#963,#964);
#847=AXIS2_PLACEMENT_3D('',#1935,#966,#967);
#848=AXIS2_PLACEMENT_3D('',#1938,#969,#970);
#849=AXIS2_PLACEMENT_3D('',#1939,#971,#972);
#850=AXIS2_PLACEMENT_3D('',#1941,#973,#974);
#851=AXIS2_PLACEMENT_3D('',#1942,#975,#976);
#852=AXIS2_PLACEMENT_3D('',#1946,#978,#979);
#853=AXIS2_PLACEMENT_3D('',#1948,#981,#982);
#854=AXIS2_PLACEMENT_3D('',#1952,#984,#985);
#855=AXIS2_PLACEMENT_3D('',#1954,#986,#987);
#856=AXIS2_PLACEMENT_3D('',#1956,#989,#990);
#857=AXIS2_PLACEMENT_3D('',#1981,#994,#995);
#858=AXIS2_PLACEMENT_3D('',#1985,#997,#998);
#859=AXIS2_PLACEMENT_3D('',#2000,#1000,#1001);
#860=AXIS2_PLACEMENT_3D('',#2014,#1003,#1004);
#861=AXIS2_PLACEMENT_3D('',#2015,#1005,#1006);
#862=AXIS2_PLACEMENT_3D('',#2018,#1007,#1008);
#863=AXIS2_PLACEMENT_3D('',#2021,#1011,#1012);
#864=AXIS2_PLACEMENT_3D('',#2025,#1014,#1015);
#865=AXIS2_PLACEMENT_3D('',#2033,#1018,#1019);
#866=AXIS2_PLACEMENT_3D('',#2035,#1021,#1022);
#867=AXIS2_PLACEMENT_3D('',#2037,#1024,#1025);
#868=AXIS2_PLACEMENT_3D('',#2041,#1026,#1027);
#869=AXIS2_PLACEMENT_3D('',#2045,#1028,#1029);
#870=AXIS2_PLACEMENT_3D('',#2048,#1031,#1032);
#871=AXIS2_PLACEMENT_3D('',#2049,#1033,#1034);
#872=AXIS2_PLACEMENT_3D('',#2072,#1037,#1038);
#873=AXIS2_PLACEMENT_3D('',#2075,#1040,#1041);
#874=AXIS2_PLACEMENT_3D('',#2076,#1042,#1043);
#875=AXIS2_PLACEMENT_3D('',#2077,#1044,#1045);
#876=AXIS2_PLACEMENT_3D('',#2080,#1047,#1048);
#877=AXIS2_PLACEMENT_3D('',#2081,#1049,#1050);
#878=AXIS2_PLACEMENT_3D('',#2083,#1051,#1052);
#879=AXIS2_PLACEMENT_3D('',#2084,#1053,#1054);
#880=AXIS2_PLACEMENT_3D('',#2086,#1055,#1056);
#881=AXIS2_PLACEMENT_3D('',#2087,#1057,#1058);
#882=AXIS2_PLACEMENT_3D('',#2090,#1060,#1061);
#883=AXIS2_PLACEMENT_3D('',#2091,#1062,#1063);
#884=AXIS2_PLACEMENT_3D('',#2094,#1064,#1065);
#885=AXIS2_PLACEMENT_3D('',#2096,#1067,#1068);
#886=AXIS2_PLACEMENT_3D('',#2097,#1069,#1070);
#887=AXIS2_PLACEMENT_3D('',#2263,#1071,#1072);
#888=AXIS2_PLACEMENT_3D('',#2265,#1073,#1074);
#889=AXIS2_PLACEMENT_3D('',#3027,#1075,#1076);
#890=AXIS2_PLACEMENT_3D('',#3029,#1077,#1078);
#891=AXIS2_PLACEMENT_3D('',#3030,#1079,#1080);
#892=AXIS2_PLACEMENT_3D('',#3192,#1081,#1082);
#893=AXIS2_PLACEMENT_3D('',#3193,#1083,#1084);
#894=AXIS2_PLACEMENT_3D('',#3622,#1085,#1086);
#895=AXIS2_PLACEMENT_3D('',#3623,#1087,#1088);
#896=AXIS2_PLACEMENT_3D('',#3624,#1089,#1090);
#897=AXIS2_PLACEMENT_3D('',#3625,#1091,#1092);
#898=AXIS2_PLACEMENT_3D('',#3626,#1093,#1094);
#899=AXIS2_PLACEMENT_3D('',#3627,#1095,#1096);
#900=AXIS2_PLACEMENT_3D('',#3628,#1097,#1098);
#901=AXIS2_PLACEMENT_3D('',#3630,#1100,#1101);
#902=AXIS2_PLACEMENT_3D('',#3632,#1103,#1104);
#903=DIRECTION('axis',(0.,0.,1.));
#904=DIRECTION('refdir',(1.,0.,0.));
#905=DIRECTION('center_axis',(1.,0.,0.));
#906=DIRECTION('ref_axis',(0.,0.,-1.));
#907=DIRECTION('',(-1.,0.,0.));
#908=DIRECTION('center_axis',(-1.,0.,0.));
#909=DIRECTION('ref_axis',(0.,0.,-1.));
#910=DIRECTION('center_axis',(1.,0.,0.));
#911=DIRECTION('ref_axis',(0.,0.,-1.));
#912=DIRECTION('',(-1.,0.,0.));
#913=DIRECTION('center_axis',(1.,0.,0.));
#914=DIRECTION('ref_axis',(0.,0.,-1.));
#915=DIRECTION('',(-1.,0.,0.));
#916=DIRECTION('center_axis',(1.,0.,0.));
#917=DIRECTION('ref_axis',(0.,0.,-1.));
#918=DIRECTION('',(-1.,0.,0.));
#919=DIRECTION('center_axis',(1.,0.,0.));
#920=DIRECTION('ref_axis',(0.,0.,-1.));
#921=DIRECTION('',(-1.,0.,0.));
#922=DIRECTION('center_axis',(1.,0.,0.));
#923=DIRECTION('ref_axis',(0.,0.,-1.));
#924=DIRECTION('',(-1.,0.,0.));
#925=DIRECTION('center_axis',(1.,0.,0.));
#926=DIRECTION('ref_axis',(0.,0.,-1.));
#927=DIRECTION('',(-1.,0.,0.));
#928=DIRECTION('center_axis',(1.,0.,0.));
#929=DIRECTION('ref_axis',(0.,-0.906430798648184,0.422354362191295));
#930=DIRECTION('',(1.,0.,0.));
#931=DIRECTION('center_axis',(1.,0.,0.));
#932=DIRECTION('ref_axis',(0.,1.58239321388859E-14,-1.));
#933=DIRECTION('center_axis',(1.,0.,0.));
#934=DIRECTION('ref_axis',(0.,1.58239321388859E-14,-1.));
#935=DIRECTION('',(1.,0.,0.));
#936=DIRECTION('center_axis',(1.,0.,0.));
#937=DIRECTION('ref_axis',(0.,1.58239321388859E-14,-1.));
#938=DIRECTION('',(1.,0.,0.));
#939=DIRECTION('center_axis',(1.,0.,0.));
#940=DIRECTION('ref_axis',(0.,1.58239321388859E-14,-1.));
#941=DIRECTION('',(1.,0.,0.));
#942=DIRECTION('center_axis',(1.,0.,0.));
#943=DIRECTION('ref_axis',(0.,1.58239321388859E-14,-1.));
#944=DIRECTION('',(1.,0.,0.));
#945=DIRECTION('center_axis',(1.,0.,0.));
#946=DIRECTION('ref_axis',(0.,1.58239321388859E-14,-1.));
#947=DIRECTION('',(1.,0.,0.));
#948=DIRECTION('center_axis',(1.,0.,0.));
#949=DIRECTION('ref_axis',(0.,1.58239321388859E-14,-1.));
#950=DIRECTION('',(1.,0.,0.));
#951=DIRECTION('center_axis',(1.,0.,0.));
#952=DIRECTION('ref_axis',(0.,0.,-1.));
#953=DIRECTION('center_axis',(1.,0.,0.));
#954=DIRECTION('ref_axis',(0.,0.,-1.));
#955=DIRECTION('',(-1.,0.,0.));
#956=DIRECTION('center_axis',(-1.,0.,0.));
#957=DIRECTION('ref_axis',(0.,0.,-1.));
#958=DIRECTION('center_axis',(1.,0.,0.));
#959=DIRECTION('ref_axis',(0.,1.,0.));
#960=DIRECTION('center_axis',(-1.,0.,0.));
#961=DIRECTION('ref_axis',(0.,1.,0.));
#962=DIRECTION('',(1.,0.,0.));
#963=DIRECTION('center_axis',(1.,0.,0.));
#964=DIRECTION('ref_axis',(0.,1.,0.));
#965=DIRECTION('',(-1.,0.,0.));
#966=DIRECTION('center_axis',(-1.,0.,0.));
#967=DIRECTION('ref_axis',(0.,1.,0.));
#968=DIRECTION('',(1.,0.,0.));
#969=DIRECTION('center_axis',(1.,0.,0.));
#970=DIRECTION('ref_axis',(0.,1.,0.));
#971=DIRECTION('center_axis',(-1.,0.,0.));
#972=DIRECTION('ref_axis',(0.,0.,1.));
#973=DIRECTION('center_axis',(-1.,0.,0.));
#974=DIRECTION('ref_axis',(0.,0.,-1.));
#975=DIRECTION('center_axis',(1.,0.,0.));
#976=DIRECTION('ref_axis',(0.,0.,-1.));
#977=DIRECTION('',(0.,0.,-1.));
#978=DIRECTION('center_axis',(1.,0.,0.));
#979=DIRECTION('ref_axis',(0.,0.,-1.));
#980=DIRECTION('',(0.,0.,1.));
#981=DIRECTION('center_axis',(-1.,0.,0.));
#982=DIRECTION('ref_axis',(0.,-1.,0.));
#983=DIRECTION('',(0.,0.,1.));
#984=DIRECTION('center_axis',(1.,0.,0.));
#985=DIRECTION('ref_axis',(0.,0.,-1.));
#986=DIRECTION('center_axis',(1.,0.,0.));
#987=DIRECTION('ref_axis',(0.,0.,-1.));
#988=DIRECTION('',(0.,0.,1.));
#989=DIRECTION('center_axis',(0.,-1.,0.));
#990=DIRECTION('ref_axis',(1.,0.,0.));
#991=DIRECTION('',(-1.,0.,0.));
#992=DIRECTION('',(0.,0.,1.));
#993=DIRECTION('',(1.,0.,0.));
#994=DIRECTION('center_axis',(1.,0.,0.));
#995=DIRECTION('ref_axis',(0.,0.,-1.));
#996=DIRECTION('',(-1.,0.,0.));
#997=DIRECTION('center_axis',(-1.,0.,0.));
#998=DIRECTION('ref_axis',(0.,0.,-1.));
#999=DIRECTION('',(1.,0.,0.));
#1000=DIRECTION('center_axis',(1.,0.,0.));
#1001=DIRECTION('ref_axis',(0.,0.,-1.));
#1002=DIRECTION('',(-1.,0.,0.));
#1003=DIRECTION('center_axis',(-1.,0.,0.));
#1004=DIRECTION('ref_axis',(0.,0.,-1.));
#1005=DIRECTION('center_axis',(0.,1.,0.));
#1006=DIRECTION('ref_axis',(0.707106781186547,0.,-0.707106781186548));
#1007=DIRECTION('center_axis',(0.,-1.,0.));
#1008=DIRECTION('ref_axis',(0.707106781186547,0.,-0.707106781186548));
#1009=DIRECTION('',(0.,-1.,0.));
#1010=DIRECTION('',(0.,1.,0.));
#1011=DIRECTION('center_axis',(0.,1.,0.));
#1012=DIRECTION('ref_axis',(0.,0.,1.));
#1013=DIRECTION('',(0.,0.,-1.));
#1014=DIRECTION('center_axis',(0.,-1.,0.));
#1015=DIRECTION('ref_axis',(0.707106781186547,0.,0.707106781186548));
#1016=DIRECTION('',(1.,0.,0.));
#1017=DIRECTION('',(-1.,0.,0.));
#1018=DIRECTION('center_axis',(1.,0.,0.));
#1019=DIRECTION('ref_axis',(0.,0.,-1.));
#1020=DIRECTION('',(0.,-1.,0.));
#1021=DIRECTION('center_axis',(0.,1.,0.));
#1022=DIRECTION('ref_axis',(0.707106781186547,0.,0.707106781186548));
#1023=DIRECTION('',(0.,1.,0.));
#1024=DIRECTION('center_axis',(0.,0.,1.));
#1025=DIRECTION('ref_axis',(1.,0.,0.));
#1026=DIRECTION('center_axis',(0.,0.,-1.));
#1027=DIRECTION('ref_axis',(-1.,0.,0.));
#1028=DIRECTION('center_axis',(1.,0.,0.));
#1029=DIRECTION('ref_axis',(0.,0.,-1.));
#1030=DIRECTION('',(1.,0.,0.));
#1031=DIRECTION('center_axis',(1.,0.,0.));
#1032=DIRECTION('ref_axis',(0.,0.,-1.));
#1033=DIRECTION('center_axis',(0.,1.,0.));
#1034=DIRECTION('ref_axis',(-1.,0.,0.));
#1035=DIRECTION('',(-1.,0.,0.));
#1036=DIRECTION('',(0.,0.,-1.));
#1037=DIRECTION('center_axis',(-1.,0.,0.));
#1038=DIRECTION('ref_axis',(0.,0.,-1.));
#1039=DIRECTION('',(-1.,0.,0.));
#1040=DIRECTION('center_axis',(1.,0.,0.));
#1041=DIRECTION('ref_axis',(0.,0.,-1.));
#1042=DIRECTION('center_axis',(-1.,0.,0.));
#1043=DIRECTION('ref_axis',(0.,0.,-1.));
#1044=DIRECTION('center_axis',(1.,0.,0.));
#1045=DIRECTION('ref_axis',(0.,0.,-1.));
#1046=DIRECTION('',(-0.707106781186547,8.65956056235493E-17,-0.707106781186547));
#1047=DIRECTION('center_axis',(-1.,0.,0.));
#1048=DIRECTION('ref_axis',(0.,0.,-1.));
#1049=DIRECTION('center_axis',(1.,0.,0.));
#1050=DIRECTION('ref_axis',(0.,0.,-1.));
#1051=DIRECTION('center_axis',(1.,0.,0.));
#1052=DIRECTION('ref_axis',(0.,0.,-1.));
#1053=DIRECTION('center_axis',(-1.,0.,0.));
#1054=DIRECTION('ref_axis',(0.,0.,1.));
#1055=DIRECTION('center_axis',(-1.,0.,0.));
#1056=DIRECTION('ref_axis',(0.,0.,-1.));
#1057=DIRECTION('center_axis',(-1.,0.,0.));
#1058=DIRECTION('ref_axis',(0.,0.,-1.));
#1059=DIRECTION('',(0.707106781186547,-8.65956056235493E-17,-0.707106781186547));
#1060=DIRECTION('center_axis',(1.,0.,0.));
#1061=DIRECTION('ref_axis',(0.,0.,-1.));
#1062=DIRECTION('center_axis',(-1.,0.,0.));
#1063=DIRECTION('ref_axis',(0.,0.,-1.));
#1064=DIRECTION('center_axis',(-1.,0.,0.));
#1065=DIRECTION('ref_axis',(0.,0.,-1.));
#1066=DIRECTION('',(-1.,0.,0.));
#1067=DIRECTION('center_axis',(-1.,0.,0.));
#1068=DIRECTION('ref_axis',(0.,0.,-1.));
#1069=DIRECTION('center_axis',(1.,0.,0.));
#1070=DIRECTION('ref_axis',(0.,0.,-1.));
#1071=DIRECTION('center_axis',(1.,0.,0.));
#1072=DIRECTION('ref_axis',(0.,0.,-1.));
#1073=DIRECTION('center_axis',(1.,0.,0.));
#1074=DIRECTION('ref_axis',(0.,0.,-1.));
#1075=DIRECTION('center_axis',(1.,0.,0.));
#1076=DIRECTION('ref_axis',(0.,0.,-1.));
#1077=DIRECTION('center_axis',(-1.,0.,0.));
#1078=DIRECTION('ref_axis',(0.,0.,-1.));
#1079=DIRECTION('center_axis',(-1.,0.,0.));
#1080=DIRECTION('ref_axis',(0.,0.,-1.));
#1081=DIRECTION('center_axis',(-1.,0.,0.));
#1082=DIRECTION('ref_axis',(0.,1.58239321388859E-14,-1.));
#1083=DIRECTION('center_axis',(1.,0.,0.));
#1084=DIRECTION('ref_axis',(0.,1.58239321388859E-14,-1.));
#1085=DIRECTION('center_axis',(1.,0.,0.));
#1086=DIRECTION('ref_axis',(0.,-0.50140303090253,-0.865213846746431));
#1087=DIRECTION('center_axis',(1.,0.,0.));
#1088=DIRECTION('ref_axis',(0.,0.,-1.));
#1089=DIRECTION('center_axis',(-1.,0.,0.));
#1090=DIRECTION('ref_axis',(0.,0.,1.));
#1091=DIRECTION('center_axis',(0.,-1.,1.22464679914735E-16));
#1092=DIRECTION('ref_axis',(0.,-1.22464679914735E-16,-1.));
#1093=DIRECTION('center_axis',(1.,0.,0.));
#1094=DIRECTION('ref_axis',(0.,0.,-1.));
#1095=DIRECTION('center_axis',(1.,0.,0.));
#1096=DIRECTION('ref_axis',(0.,0.,-1.));
#1097=DIRECTION('center_axis',(-1.,0.,0.));
#1098=DIRECTION('ref_axis',(0.,0.,-1.));
#1099=DIRECTION('',(-0.707106781186547,-8.65956056235493E-17,0.707106781186548));
#1100=DIRECTION('center_axis',(1.,0.,0.));
#1101=DIRECTION('ref_axis',(0.,0.,-1.));
#1102=DIRECTION('',(-0.447213595499958,1.09535739652841E-16,-0.894427190999916));
#1103=DIRECTION('center_axis',(1.,0.,0.));
#1104=DIRECTION('ref_axis',(0.,0.,-1.));
#1105=CARTESIAN_POINT('',(0.,0.,0.));
#1106=CARTESIAN_POINT('Origin',(-10.,0.,0.));
#1107=CARTESIAN_POINT('',(-17.8887789779808,0.000794142751792126,39.8080929869249));
#1108=CARTESIAN_POINT('',(-18.7312210220192,0.000548170757783143,39.8087229369489));
#1109=CARTESIAN_POINT('',(-10.,-4.87531890740561E-15,39.81));
#1110=CARTESIAN_POINT('',(-19.81,35.9992282922851,-16.9967099258132));
#1111=CARTESIAN_POINT('Ctrl Pts',(-17.8887789779808,0.000794142751792126,
39.8080929869249));
#1112=CARTESIAN_POINT('Ctrl Pts',(-17.9415872962545,2.20257934783605,39.8097308238538));
#1113=CARTESIAN_POINT('Ctrl Pts',(-17.9943956145282,4.4040991174523,39.6300290318401));
#1114=CARTESIAN_POINT('Ctrl Pts',(-18.0472039328019,6.57484625665188,39.2665560455055));
#1115=CARTESIAN_POINT('Ctrl Pts',(-18.2034554200414,12.9977447697808,38.1910967894116));
#1116=CARTESIAN_POINT('Ctrl Pts',(-18.3597069072809,19.151236661196,35.5067670545848));
#1117=CARTESIAN_POINT('Ctrl Pts',(-18.5159583945205,24.3087551386,31.5305376916575));
#1118=CARTESIAN_POINT('Ctrl Pts',(-18.67220988176,29.466273616004,27.5543083287303));
#1119=CARTESIAN_POINT('Ctrl Pts',(-18.8284613689996,33.6278186793969,22.2861793377026));
#1120=CARTESIAN_POINT('Ctrl Pts',(-18.9847128562391,36.3019068179906,16.348211115718));
#1121=CARTESIAN_POINT('Ctrl Pts',(-19.1409643434786,38.9759949565843,10.4102428937334));
#1122=CARTESIAN_POINT('Ctrl Pts',(-19.2972158307181,40.1626261703787,3.80243544079177));
#1123=CARTESIAN_POINT('Ctrl Pts',(-19.4534673179577,39.7218463243177,-2.69494496804214));
#1124=CARTESIAN_POINT('Ctrl Pts',(-19.5723115453051,39.3865910178826,-7.6368253181889));
#1125=CARTESIAN_POINT('Ctrl Pts',(-19.6911557726526,38.1098686579138,-12.5148229613718));
#1126=CARTESIAN_POINT('Ctrl Pts',(-19.81,35.9989945552086,-16.9971016151213));
#1127=CARTESIAN_POINT('',(-19.81,35.9994620293616,16.9963182365051));
#1128=CARTESIAN_POINT('Origin',(-19.81,0.,0.));
#1129=CARTESIAN_POINT('Ctrl Pts',(-19.81,35.9994620293616,16.996318236505));
#1130=CARTESIAN_POINT('Ctrl Pts',(-19.6537485127605,33.2184194905017,22.8867725035177));
#1131=CARTESIAN_POINT('Ctrl Pts',(-19.4974970255209,28.9659585977813,28.079118861647));
#1132=CARTESIAN_POINT('Ctrl Pts',(-19.3412455382814,23.7387630061678,31.9620328170777));
#1133=CARTESIAN_POINT('Ctrl Pts',(-19.1849940510419,18.5115674145543,35.8449467725084));
#1134=CARTESIAN_POINT('Ctrl Pts',(-19.0287425638023,12.3096371240478,38.4184283252404));
#1135=CARTESIAN_POINT('Ctrl Pts',(-18.8724910765628,5.86814433027492,39.3783643210038));
#1136=CARTESIAN_POINT('Ctrl Pts',(-18.8254010583816,3.9268507264076,39.6676633497164));
#1137=CARTESIAN_POINT('Ctrl Pts',(-18.7783110402004,1.96379865827034,39.8104107567413));
#1138=CARTESIAN_POINT('Ctrl Pts',(-18.7312210220192,0.000548170757783143,
39.8087229369489));
#1139=CARTESIAN_POINT('Origin',(-10.,0.,0.));
#1140=CARTESIAN_POINT('',(-11.8887789779808,0.00075822793753344,39.811771108879));
#1141=CARTESIAN_POINT('',(-12.7312210220192,0.000599732284075038,39.8123644419343));
#1142=CARTESIAN_POINT('',(-10.,-4.87531890740561E-15,39.81));
#1143=CARTESIAN_POINT('Ctrl Pts',(-11.8887789779808,0.00075822793753344,
39.811771108879));
#1144=CARTESIAN_POINT('Ctrl Pts',(-11.9103179621406,0.89856321264439,39.8125582718115));
#1145=CARTESIAN_POINT('Ctrl Pts',(-11.9318569463003,1.79631607629729,39.7827860382878));
#1146=CARTESIAN_POINT('Ctrl Pts',(-11.9533959304601,2.69197303865875,39.7220872038483));
#1147=CARTESIAN_POINT('Ctrl Pts',(-12.1096474176996,9.18938867291063,39.2817561703823));
#1148=CARTESIAN_POINT('Ctrl Pts',(-12.2658989049391,15.5765060345384,37.2138911146395));
#1149=CARTESIAN_POINT('Ctrl Pts',(-12.4221503921787,21.0991283058518,33.7626674819486));
#1150=CARTESIAN_POINT('Ctrl Pts',(-12.5784018794182,26.6217505771651,30.3114438492576));
#1151=CARTESIAN_POINT('Ctrl Pts',(-12.7346533666577,31.279877758164,25.4768616396185));
#1152=CARTESIAN_POINT('Ctrl Pts',(-12.8909048538973,34.5234738356945,19.8297928568942));
#1153=CARTESIAN_POINT('Ctrl Pts',(-13.0471563411368,37.767069913225,14.18272407417));
#1154=CARTESIAN_POINT('Ctrl Pts',(-13.2034078283763,39.5961348872872,7.72316871836063));
#1155=CARTESIAN_POINT('Ctrl Pts',(-13.3596593156159,39.7946910215488,1.21387714428747));
#1156=CARTESIAN_POINT('Ctrl Pts',(-13.5159108028554,39.9932471558104,-5.29541442978564));
#1157=CARTESIAN_POINT('Ctrl Pts',(-13.6721622900949,38.5612944502714,-11.8544422221226));
#1158=CARTESIAN_POINT('Ctrl Pts',(-13.8284137773345,35.6679192787994,-17.6887100741309));
#1159=CARTESIAN_POINT('Ctrl Pts',(-13.984665264574,32.7745441073275,-23.5229779261392));
#1160=CARTESIAN_POINT('Ctrl Pts',(-14.1409167518135,28.4197464699225,-28.632485837819));
#1161=CARTESIAN_POINT('Ctrl Pts',(-14.2971682390531,23.1177448500246,-32.4138983280013));
#1162=CARTESIAN_POINT('Ctrl Pts',(-14.4534197262926,17.8157432301266,-36.1953108181836));
#1163=CARTESIAN_POINT('Ctrl Pts',(-14.6096712135321,11.5665376277356,-38.6486278868685));
#1164=CARTESIAN_POINT('Ctrl Pts',(-14.7659227007717,5.10804031187757,-39.4841595400591));
#1165=CARTESIAN_POINT('Ctrl Pts',(-14.9221741880112,-1.3504570039805,-40.3196911932498));
#1166=CARTESIAN_POINT('Ctrl Pts',(-15.0784256752507,-8.01824603330563,-39.537437430946));
#1167=CARTESIAN_POINT('Ctrl Pts',(-15.2346771624903,-14.1079883985633,-37.2297675364212));
#1168=CARTESIAN_POINT('Ctrl Pts',(-15.3909286497298,-20.1977307638209,-34.9220976418963));
#1169=CARTESIAN_POINT('Ctrl Pts',(-15.5471801369693,-25.709426465011,-31.0890116151503));
#1170=CARTESIAN_POINT('Ctrl Pts',(-15.7034316242089,-29.9922485107905,-26.1831238013361));
#1171=CARTESIAN_POINT('Ctrl Pts',(-15.8596831114484,-34.2750705565699,-21.2772359875219));
#1172=CARTESIAN_POINT('Ctrl Pts',(-16.0159345986879,-37.3290189469388,-15.2985463866396));
#1173=CARTESIAN_POINT('Ctrl Pts',(-16.1721860859275,-38.7934821338881,-8.95302437117499));
#1174=CARTESIAN_POINT('Ctrl Pts',(-16.328437573167,-40.2579453208374,-2.60750235571031));
#1175=CARTESIAN_POINT('Ctrl Pts',(-16.4846890604065,-40.1329233043672,4.10485207433672));
#1176=CARTESIAN_POINT('Ctrl Pts',(-16.6409405476461,-38.4331757953555,10.3914379963912));
#1177=CARTESIAN_POINT('Ctrl Pts',(-16.7971920348856,-36.7334282863439,16.6780239184457));
#1178=CARTESIAN_POINT('Ctrl Pts',(-16.9534435221252,-33.4589552847909,22.5388413325077));
#1179=CARTESIAN_POINT('Ctrl Pts',(-17.1096950093647,-28.9964154911685,27.2818390578306));
#1180=CARTESIAN_POINT('Ctrl Pts',(-17.2659464966042,-24.5338756975461,32.0248367831534));
#1181=CARTESIAN_POINT('Ctrl Pts',(-17.4221979838437,-18.8832691118543,35.6500148197373));
#1182=CARTESIAN_POINT('Ctrl Pts',(-17.5784494710833,-12.7118132515871,37.7293094493488));
#1183=CARTESIAN_POINT('Ctrl Pts',(-17.6818926400491,-8.62612445209276,39.1058648313206));
#1184=CARTESIAN_POINT('Ctrl Pts',(-17.785335809015,-4.31215590832995,39.8048847226265));
#1185=CARTESIAN_POINT('Ctrl Pts',(-17.8887789779808,0.000794142751792126,
39.8080929869249));
#1186=CARTESIAN_POINT('Ctrl Pts',(-18.7312210220192,0.000548170757783143,
39.8087229369489));
#1187=CARTESIAN_POINT('Ctrl Pts',(-18.6220595529608,-4.55055024932927,39.8048103266939));
#1188=CARTESIAN_POINT('Ctrl Pts',(-18.5128980839025,-9.10271493429648,39.0247325380942));
#1189=CARTESIAN_POINT('Ctrl Pts',(-18.4037366148442,-13.3873674104985,37.4948539923128));
#1190=CARTESIAN_POINT('Ctrl Pts',(-18.2474851276047,-19.52033106046,35.3050172290638));
#1191=CARTESIAN_POINT('Ctrl Pts',(-18.0912336403651,-25.1052030633437,31.5789532637712));
#1192=CARTESIAN_POINT('Ctrl Pts',(-17.9349821531256,-29.4818943092472,26.7565659080232));
#1193=CARTESIAN_POINT('Ctrl Pts',(-17.7787306658861,-33.8585855551507,21.9341785522752));
#1194=CARTESIAN_POINT('Ctrl Pts',(-17.6224791786465,-37.027096044074,16.0154678060719));
#1195=CARTESIAN_POINT('Ctrl Pts',(-17.466227691407,-38.6136023365272,9.69935836002717));
#1196=CARTESIAN_POINT('Ctrl Pts',(-17.3099762041675,-40.2001086289803,3.3832489139824));
#1197=CARTESIAN_POINT('Ctrl Pts',(-17.1537247169279,-40.2046107249632,-3.33025923190383));
#1198=CARTESIAN_POINT('Ctrl Pts',(-16.9974732296884,-38.6264144715419,-9.64844812745465));
#1199=CARTESIAN_POINT('Ctrl Pts',(-16.8412217424488,-37.0482182181205,-15.9666370230055));
#1200=CARTESIAN_POINT('Ctrl Pts',(-16.6849702552093,-33.8873236152948,-21.8895066682209));
#1201=CARTESIAN_POINT('Ctrl Pts',(-16.5287187679698,-29.5170554144811,-26.7176691118996));
#1202=CARTESIAN_POINT('Ctrl Pts',(-16.3724672807303,-25.1467872136674,-31.5458315555782));
#1203=CARTESIAN_POINT('Ctrl Pts',(-16.2162157934907,-19.5671454148658,-35.2792867977201));
#1204=CARTESIAN_POINT('Ctrl Pts',(-16.0599643062512,-13.436936606575,-37.4771900426698));
#1205=CARTESIAN_POINT('Ctrl Pts',(-15.9037128190117,-7.30672779828419,-39.6750932876195));
#1206=CARTESIAN_POINT('Ctrl Pts',(-15.7474613317721,-0.625951980504248,
-40.337444535377));
#1207=CARTESIAN_POINT('Ctrl Pts',(-15.5912098445326,5.81649664404704,-39.3860301123745));
#1208=CARTESIAN_POINT('Ctrl Pts',(-15.4349583572931,12.2589452685983,-38.4346156893721));
#1209=CARTESIAN_POINT('Ctrl Pts',(-15.2787068700535,18.4630666999209,-35.8694355956098));
#1210=CARTESIAN_POINT('Ctrl Pts',(-15.122455382814,23.6962837050977,-31.9933900453234));
#1211=CARTESIAN_POINT('Ctrl Pts',(-14.9662038955744,28.9295007102746,-28.1173444950369));
#1212=CARTESIAN_POINT('Ctrl Pts',(-14.8099524083349,33.1918132893058,-22.9304334882264));
#1213=CARTESIAN_POINT('Ctrl Pts',(-14.6537009210954,35.9799178058426,-17.0451316543536));
#1214=CARTESIAN_POINT('Ctrl Pts',(-14.4974494338558,38.7680223223794,-11.1598298204808));
#1215=CARTESIAN_POINT('Ctrl Pts',(-14.3411979466163,40.0819187764218,-4.57613715954584));
#1216=CARTESIAN_POINT('Ctrl Pts',(-14.1849464593768,39.7664640005912,1.92853736933955));
#1217=CARTESIAN_POINT('Ctrl Pts',(-14.0286949721372,39.4510092247607,8.43321189822495));
#1218=CARTESIAN_POINT('Ctrl Pts',(-13.8724434848977,37.5062032190573,14.8588682950608));
#1219=CARTESIAN_POINT('Ctrl Pts',(-13.7161919976582,34.1616889837205,20.446759205264));
#1220=CARTESIAN_POINT('Ctrl Pts',(-13.5599405104186,30.8171747483837,26.0346501154672));
#1221=CARTESIAN_POINT('Ctrl Pts',(-13.4036890231791,26.0729522834135,30.7847755390378));
#1222=CARTESIAN_POINT('Ctrl Pts',(-13.2474375359396,20.4892246066741,34.1362361166523));
#1223=CARTESIAN_POINT('Ctrl Pts',(-13.0911860487,14.9054969299348,37.4876966942669));
#1224=CARTESIAN_POINT('Ctrl Pts',(-12.9349345614605,8.48226404142628,39.4404924259253));
#1225=CARTESIAN_POINT('Ctrl Pts',(-12.778683074221,1.97798690749401,39.7640354072254));
#1226=CARTESIAN_POINT('Ctrl Pts',(-12.7628623901537,1.31941964877657,39.7967945916643));
#1227=CARTESIAN_POINT('Ctrl Pts',(-12.7470417060865,0.660021536701252,39.812850923095));
#1228=CARTESIAN_POINT('Ctrl Pts',(-12.7312210220192,0.000599732284075038,
39.8123644419343));
#1229=CARTESIAN_POINT('Origin',(-10.,0.,0.));
#1230=CARTESIAN_POINT('',(-5.88877897798083,-0.000389856582487802,39.8128570014418));
#1231=CARTESIAN_POINT('',(-6.73122102201918,-0.000587965679221637,39.812399202771));
#1232=CARTESIAN_POINT('',(-10.,-4.87531890740561E-15,39.81));
#1233=CARTESIAN_POINT('Ctrl Pts',(-5.88877897798083,-0.000389856582487802,
39.8128570014418));
#1234=CARTESIAN_POINT('Ctrl Pts',(-6.03530011526616,6.10653693926523,39.8096905337027));
#1235=CARTESIAN_POINT('Ctrl Pts',(-6.18182125255149,12.2148940732602,38.3820267049027));
#1236=CARTESIAN_POINT('Ctrl Pts',(-6.32834238983683,17.6860436039256,35.6692415439476));
#1237=CARTESIAN_POINT('Ctrl Pts',(-6.48459387707636,23.5205277399009,32.7763025194906));
#1238=CARTESIAN_POINT('Ctrl Pts',(-6.6408453643159,28.6303611912338,28.4218868140766));
#1239=CARTESIAN_POINT('Ctrl Pts',(-6.79709685155543,32.4121700301031,23.1201679193768));
#1240=CARTESIAN_POINT('Ctrl Pts',(-6.95334833879497,36.1939788689723,17.8184490246769));
#1241=CARTESIAN_POINT('Ctrl Pts',(-7.1095998260345,38.6477630953778,11.5694269406913));
#1242=CARTESIAN_POINT('Ctrl Pts',(-7.26585131327403,39.4837775658072,5.1109920577337));
#1243=CARTESIAN_POINT('Ctrl Pts',(-7.42210280051357,40.3197920362366,-1.34744282522393));
#1244=CARTESIAN_POINT('Ctrl Pts',(-7.5783542877531,39.5380367506898,-8.0152905071536));
#1245=CARTESIAN_POINT('Ctrl Pts',(-7.73460577499264,37.230822106693,-14.1052052782082));
#1246=CARTESIAN_POINT('Ctrl Pts',(-7.89085726223218,34.9236074626963,-20.1951200492627));
#1247=CARTESIAN_POINT('Ctrl Pts',(-8.04710874947171,31.0909334602496,-25.7071019094422));
#1248=CARTESIAN_POINT('Ctrl Pts',(-8.20336023671124,26.1853658412748,-29.990290869527));
#1249=CARTESIAN_POINT('Ctrl Pts',(-8.35961172395077,21.2797982223,-34.2734798296118));
#1250=CARTESIAN_POINT('Ctrl Pts',(-8.5158632111903,15.3013369867969,-37.327875889602));
#1251=CARTESIAN_POINT('Ctrl Pts',(-8.67211469842984,8.95592444622282,-38.7928130971977));
#1252=CARTESIAN_POINT('Ctrl Pts',(-8.82836618566937,2.61051190564861,-40.2577503047933));
#1253=CARTESIAN_POINT('Ctrl Pts',(-8.98461767290891,-4.10185193999669,-40.1332286599944));
#1254=CARTESIAN_POINT('Ctrl Pts',(-9.14086916014845,-10.3885648704204,-38.4339517954366));
#1255=CARTESIAN_POINT('Ctrl Pts',(-9.29712064738798,-16.6752778008439,-36.7346749308789));
#1256=CARTESIAN_POINT('Ctrl Pts',(-9.45337213462751,-22.5363398160459,-33.4606428465625));
#1257=CARTESIAN_POINT('Ctrl Pts',(-9.60962362186704,-27.2796712147427,-28.9984563226059));
#1258=CARTESIAN_POINT('Ctrl Pts',(-9.76587510910658,-32.0230026134396,-24.5362697986494));
#1259=CARTESIAN_POINT('Ctrl Pts',(-9.92212659634612,-35.6486033956314,-18.8859288350526));
#1260=CARTESIAN_POINT('Ctrl Pts',(-10.0783780835857,-37.7283592192669,-12.7146309937535));
#1261=CARTESIAN_POINT('Ctrl Pts',(-10.2346295708252,-39.8081150429024,-6.54333315245451));
#1262=CARTESIAN_POINT('Ctrl Pts',(-10.3908810580647,-40.3420259079818,0.148921566546907));
#1263=CARTESIAN_POINT('Ctrl Pts',(-10.5471325453042,-39.2670471191742,6.57190544753575));
#1264=CARTESIAN_POINT('Ctrl Pts',(-10.7033840325438,-38.1920683303666,12.9948893285246));
#1265=CARTESIAN_POINT('Ctrl Pts',(-10.8596355197833,-35.5081998876721,19.1486023715009));
#1266=CARTESIAN_POINT('Ctrl Pts',(-11.0158870070229,-31.5323554937195,24.3064083671916));
#1267=CARTESIAN_POINT('Ctrl Pts',(-11.1721384942624,-27.5565110997668,29.4642143628824));
#1268=CARTESIAN_POINT('Ctrl Pts',(-11.3283899815019,-22.288690754556,33.6261133112877));
#1269=CARTESIAN_POINT('Ctrl Pts',(-11.4846414687414,-16.3509236285126,36.3006642798957));
#1270=CARTESIAN_POINT('Ctrl Pts',(-11.6193539718212,-11.2316669328757,38.6065332476792));
#1271=CARTESIAN_POINT('Ctrl Pts',(-11.754066474901,-5.61443494321592,39.8068479106364));
#1272=CARTESIAN_POINT('Ctrl Pts',(-11.8887789779808,0.00075822793753344,
39.811771108879));
#1273=CARTESIAN_POINT('Ctrl Pts',(-12.7312210220192,0.000599732284075038,
39.8123644419343));
#1274=CARTESIAN_POINT('Ctrl Pts',(-12.5907902188469,-5.85269543686943,39.8080462380042));
#1275=CARTESIAN_POINT('Ctrl Pts',(-12.4503594156746,-11.7078573391478,38.5003103968239));
#1276=CARTESIAN_POINT('Ctrl Pts',(-12.3099286125024,-17.0003760992028,36.0010855101205));
#1277=CARTESIAN_POINT('Ctrl Pts',(-12.1536771252628,-22.8891405926115,33.2203024007736));
#1278=CARTESIAN_POINT('Ctrl Pts',(-11.9974256380233,-28.0813482000728,28.9644459511379));
#1279=CARTESIAN_POINT('Ctrl Pts',(-11.8411741507838,-31.9638982811516,23.7360516960313));
#1280=CARTESIAN_POINT('Ctrl Pts',(-11.6849226635442,-35.8464483622303,18.5076574409246));
#1281=CARTESIAN_POINT('Ctrl Pts',(-11.5286711763047,-38.4193409169265,12.306725380347));
#1282=CARTESIAN_POINT('Ctrl Pts',(-11.3724196890652,-39.3787663247091,5.86546738310255));
#1283=CARTESIAN_POINT('Ctrl Pts',(-11.2161682018256,-40.3381917324918,-0.575790614141942));
#1284=CARTESIAN_POINT('Ctrl Pts',(-11.0599167145861,-39.6841499933608,-7.25737454805322));
#1285=CARTESIAN_POINT('Ctrl Pts',(-10.9036652273466,-37.4938709971022,-13.3903167159654));
#1286=CARTESIAN_POINT('Ctrl Pts',(-10.747413740107,-35.3035920008436,-19.5232588838775));
#1287=CARTESIAN_POINT('Ctrl Pts',(-10.5911622528675,-31.5770757474573,-25.1075592857906));
#1288=CARTESIAN_POINT('Ctrl Pts',(-10.434910765628,-26.7543527580734,-29.4838184929224));
#1289=CARTESIAN_POINT('Ctrl Pts',(-10.2786592783884,-21.9316297686894,-33.8600777000542));
#1290=CARTESIAN_POINT('Ctrl Pts',(-10.1224077911489,-16.0127000433077,-37.0282957124048));
#1291=CARTESIAN_POINT('Ctrl Pts',(-9.96615630390936,-9.6964763641237,-38.6143663738858));
#1292=CARTESIAN_POINT('Ctrl Pts',(-9.80990481666983,-3.38025268493963,-40.2004370353667));
#1293=CARTESIAN_POINT('Ctrl Pts',(-9.6536533294303,3.3332649480468,-40.2043603459779));
#1294=CARTESIAN_POINT('Ctrl Pts',(-9.49740184219076,9.65133807804889,-38.6256730379666));
#1295=CARTESIAN_POINT('Ctrl Pts',(-9.34115035495122,15.969411208051,-37.0469857299553));
#1296=CARTESIAN_POINT('Ctrl Pts',(-9.18489886771168,21.8920398350687,-33.8856878033215));
#1297=CARTESIAN_POINT('Ctrl Pts',(-9.02864738047215,26.7198744124875,-29.5150682828444));
#1298=CARTESIAN_POINT('Ctrl Pts',(-8.87239589323262,31.5477089899062,-25.1444487623674));
#1299=CARTESIAN_POINT('Ctrl Pts',(-8.71614440599309,35.2807495177259,-19.5645076480471));
#1300=CARTESIAN_POINT('Ctrl Pts',(-8.55989291875356,37.4781950691809,-13.4341296217052));
#1301=CARTESIAN_POINT('Ctrl Pts',(-8.40364143151403,39.675640620636,-7.30375159536319));
#1302=CARTESIAN_POINT('Ctrl Pts',(-8.24738994427449,40.3374911957264,-0.62293665699953));
#1303=CARTESIAN_POINT('Ctrl Pts',(-8.09113845703495,39.3855948571149,5.81943829779288));
#1304=CARTESIAN_POINT('Ctrl Pts',(-7.93488696979542,38.4336985185033,12.2618132525852));
#1305=CARTESIAN_POINT('Ctrl Pts',(-7.77863548255588,35.86805526619,18.4657482238064));
#1306=CARTESIAN_POINT('Ctrl Pts',(-7.62238399531635,31.9916186626719,23.6986767496866));
#1307=CARTESIAN_POINT('Ctrl Pts',(-7.46613250807682,28.115182059154,28.9316052755667));
#1308=CARTESIAN_POINT('Ctrl Pts',(-7.30988102083729,22.9279521044313,33.1935273561059));
#1309=CARTESIAN_POINT('Ctrl Pts',(-7.15362953359775,17.0424417779217,35.9811912336484));
#1310=CARTESIAN_POINT('Ctrl Pts',(-7.0128266964049,11.738834324701,38.4932376149817));
#1311=CARTESIAN_POINT('Ctrl Pts',(-6.87202385921204,5.86819910399985,39.8081354420808));
#1312=CARTESIAN_POINT('Ctrl Pts',(-6.73122102201918,-0.000587965679221637,
39.812399202771));
#1313=CARTESIAN_POINT('Origin',(-10.,0.,0.));
#1314=CARTESIAN_POINT('',(0.111221022019182,-0.000945040712754253,39.809387488718));
#1315=CARTESIAN_POINT('',(-0.731221022019187,-0.000892413791959271,39.808723367804));
#1316=CARTESIAN_POINT('',(-10.,-4.87531890740561E-15,39.81));
#1317=CARTESIAN_POINT('Ctrl Pts',(0.111221022019182,-0.000945040712754253,
39.809387488718));
#1318=CARTESIAN_POINT('Ctrl Pts',(-0.00403078115221282,4.80390186314812,
39.8048631699063));
#1319=CARTESIAN_POINT('Ctrl Pts',(-0.119282584323607,9.61034611302518,38.9333526032653));
#1320=CARTESIAN_POINT('Ctrl Pts',(-0.234534387495002,14.1024219812016,37.2318764628453));
#1321=CARTESIAN_POINT('Ctrl Pts',(-0.390785874734538,20.192509215252,34.9251170879152));
#1322=CARTESIAN_POINT('Ctrl Pts',(-0.547037361974073,25.7047775785212,31.0928551543819));
#1323=CARTESIAN_POINT('Ctrl Pts',(-0.703288849213609,29.9883332512372,26.187607746665));
#1324=CARTESIAN_POINT('Ctrl Pts',(-0.859540336453143,34.2718889239532,21.2823603389482));
#1325=CARTESIAN_POINT('Ctrl Pts',(-1.01579182369268,37.326731906116,15.3041274570477));
#1326=CARTESIAN_POINT('Ctrl Pts',(-1.17204331093221,38.792143472434,8.95882444824895));
#1327=CARTESIAN_POINT('Ctrl Pts',(-1.32829479817174,40.2575550387521,2.61352143945015));
#1328=CARTESIAN_POINT('Ctrl Pts',(-1.48454628541128,40.1335351892254,-4.09885169624698));
#1329=CARTESIAN_POINT('Ctrl Pts',(-1.64079777265081,38.4347283040376,-10.3856916416415));
#1330=CARTESIAN_POINT('Ctrl Pts',(-1.79704925989034,36.7359214188498,-16.672531587036));
#1331=CARTESIAN_POINT('Ctrl Pts',(-1.95330074712988,33.4623274980009,-22.5338383421279));
#1332=CARTESIAN_POINT('Ctrl Pts',(-2.10955223436941,29.0004955828477,-27.277503306382));
#1333=CARTESIAN_POINT('Ctrl Pts',(-2.26580372160894,24.5386636676946,-32.021168270636));
#1334=CARTESIAN_POINT('Ctrl Pts',(-2.42205520884848,18.8885937582372,-35.6471914440521));
#1335=CARTESIAN_POINT('Ctrl Pts',(-2.57830669608801,12.7174514101027,-37.7274086084921));
#1336=CARTESIAN_POINT('Ctrl Pts',(-2.73455818332755,6.54630906196814,-39.8076257729322));
#1337=CARTESIAN_POINT('Ctrl Pts',(-2.89080967056708,-0.14590572484349,-40.3420369283961));
#1338=CARTESIAN_POINT('Ctrl Pts',(-3.04706115780662,-6.56896994987983,-39.2675383042791));
#1339=CARTESIAN_POINT('Ctrl Pts',(-3.20331264504615,-12.9920341749161,-38.193039680162));
#1340=CARTESIAN_POINT('Ctrl Pts',(-3.35956413228568,-19.145947838177,-35.5096312764639));
#1341=CARTESIAN_POINT('Ctrl Pts',(-3.51581561952522,-24.3040510408958,-31.5341724749831));
#1342=CARTESIAN_POINT('Ctrl Pts',(-3.67206710676475,-29.4621542436147,-27.5587136735022));
#1343=CARTESIAN_POINT('Ctrl Pts',(-3.82831859400429,-33.6244469857915,-22.2912044742385));
#1344=CARTESIAN_POINT('Ctrl Pts',(-3.98457008124382,-36.2994418354978,-16.3536373052529));
#1345=CARTESIAN_POINT('Ctrl Pts',(-4.14082156848336,-38.974436685204,-10.4160701362673));
#1346=CARTESIAN_POINT('Ctrl Pts',(-4.29707305572289,-40.1621336424397,-3.80844499755974));
#1347=CARTESIAN_POINT('Ctrl Pts',(-4.45332454296242,-39.7222883362342,2.68900353542454));
#1348=CARTESIAN_POINT('Ctrl Pts',(-4.60957603020196,-39.2824430300287,9.18645206840882));
#1349=CARTESIAN_POINT('Ctrl Pts',(-4.7658275174415,-37.2150554603821,15.5737239956697));
#1350=CARTESIAN_POINT('Ctrl Pts',(-4.92207900468103,-33.7642446910766,21.0966042556985));
#1351=CARTESIAN_POINT('Ctrl Pts',(-5.07833049192056,-30.3134339217711,26.6194845157272));
#1352=CARTESIAN_POINT('Ctrl Pts',(-5.23458197916009,-25.4791999528067,31.2779731085236));
#1353=CARTESIAN_POINT('Ctrl Pts',(-5.39083346639963,-19.832373666565,34.5219913306025));
#1354=CARTESIAN_POINT('Ctrl Pts',(-5.54708495363916,-14.1855473803232,37.7660095526814));
#1355=CARTESIAN_POINT('Ctrl Pts',(-5.7033364408787,-7.72612877680418,39.5955574040429));
#1356=CARTESIAN_POINT('Ctrl Pts',(-5.85958792811823,-1.21685206473582,39.7946001579737));
#1357=CARTESIAN_POINT('Ctrl Pts',(-5.86931827807243,-0.811495664767321,
39.806995276163));
#1358=CARTESIAN_POINT('Ctrl Pts',(-5.87904862802663,-0.40594591469956,39.8130672839975));
#1359=CARTESIAN_POINT('Ctrl Pts',(-5.88877897798083,-0.000389856582487802,
39.8128570014418));
#1360=CARTESIAN_POINT('Ctrl Pts',(-6.73122102201918,-0.000587965679221637,
39.812399202771));
#1361=CARTESIAN_POINT('Ctrl Pts',(-6.7157723719725,-0.644501394169068,39.8128670154095));
#1362=CARTESIAN_POINT('Ctrl Pts',(-6.70032372192583,-1.28839257441611,39.7975572727555));
#1363=CARTESIAN_POINT('Ctrl Pts',(-6.68487507187915,-1.93151013453992,39.7663200830312));
#1364=CARTESIAN_POINT('Ctrl Pts',(-6.52862358463961,-8.43616102219499,39.4503793803258));
#1365=CARTESIAN_POINT('Ctrl Pts',(-6.37237209740008,-14.8616720992085,37.5050923003691));
#1366=CARTESIAN_POINT('Ctrl Pts',(-6.21612061016055,-20.4493129894286,34.160160166574));
#1367=CARTESIAN_POINT('Ctrl Pts',(-6.05986912292101,-26.0369538796487,30.8152280327788));
#1368=CARTESIAN_POINT('Ctrl Pts',(-5.90361763568148,-30.7867245830755,26.0706508451452));
#1369=CARTESIAN_POINT('Ctrl Pts',(-5.74736614844195,-34.1377677189446,20.4866727292003));
#1370=CARTESIAN_POINT('Ctrl Pts',(-5.59111466120241,-37.4888108548137,14.9026946132552));
#1371=CARTESIAN_POINT('Ctrl Pts',(-5.43486317396288,-39.4411264231251,8.47931556899869));
#1372=CARTESIAN_POINT('Ctrl Pts',(-5.27861168672334,-39.7641831699806,1.97501422019034));
#1373=CARTESIAN_POINT('Ctrl Pts',(-5.12236019948381,-40.087239916836,-4.52928712861794));
#1374=CARTESIAN_POINT('Ctrl Pts',(-4.96610871224428,-38.7810378422355,-11.114510781978));
#1375=CARTESIAN_POINT('Ctrl Pts',(-4.80985722500474,-35.999814512581,-17.0030673528516));
#1376=CARTESIAN_POINT('Ctrl Pts',(-4.65360573776521,-33.2185911829266,-22.8916239237252));
#1377=CARTESIAN_POINT('Ctrl Pts',(-4.49735425052567,-28.9623465982181,-28.0835134121123));
#1378=CARTESIAN_POINT('Ctrl Pts',(-4.34110276328614,-23.7336621120955,-31.965672636356));
#1379=CARTESIAN_POINT('Ctrl Pts',(-4.18485127604661,-18.5049776259728,-35.8478318605998));
#1380=CARTESIAN_POINT('Ctrl Pts',(-4.02859978880707,-12.3038532384361,-38.4202608207002));
#1381=CARTESIAN_POINT('Ctrl Pts',(-3.87234830156754,-5.86252353486458,-39.3792046916767));
#1382=CARTESIAN_POINT('Ctrl Pts',(-3.716096814328,0.5788061687069,-40.3381485626531));
#1383=CARTESIAN_POINT('Ctrl Pts',(-3.55984532708847,7.26034118831311,-39.6836073445055));
#1384=CARTESIAN_POINT('Ctrl Pts',(-3.40359383984894,13.3931196004318,-37.4928698783428));
#1385=CARTESIAN_POINT('Ctrl Pts',(-3.2473423526094,19.5258980125504,-35.30213241218));
#1386=CARTESIAN_POINT('Ctrl Pts',(-3.09109086536987,25.1099198171816,-31.5751986980022));
#1387=CARTESIAN_POINT('Ctrl Pts',(-2.93483937813033,29.4858184808807,-26.7521485652716));
#1388=CARTESIAN_POINT('Ctrl Pts',(-2.7785878908908,33.8617171445798,-21.929098432541));
#1389=CARTESIAN_POINT('Ctrl Pts',(-2.62233640365127,37.0294926673469,-16.0099318812576));
#1390=CARTESIAN_POINT('Ctrl Pts',(-2.46608491641174,38.6150911435459,-9.69358965097333));
#1391=CARTESIAN_POINT('Ctrl Pts',(-2.3098334291722,40.2006896197448,-3.37724742068902));
#1392=CARTESIAN_POINT('Ctrl Pts',(-2.15358194193267,40.2041110493757,3.3362704885962));
#1393=CARTESIAN_POINT('Ctrl Pts',(-1.99733045469313,38.6249514268177,9.65422558374211));
#1394=CARTESIAN_POINT('Ctrl Pts',(-1.8410789674536,37.0457918042598,15.972180678888));
#1395=CARTESIAN_POINT('Ctrl Pts',(-1.68482748021406,33.8840511295131,21.8945729598946));
#1396=CARTESIAN_POINT('Ctrl Pts',(-1.52857599297453,29.5130707076976,26.722080790018));
#1397=CARTESIAN_POINT('Ctrl Pts',(-1.37232450573499,25.1420902858821,31.5495886201415));
#1398=CARTESIAN_POINT('Ctrl Pts',(-1.21607301849546,19.5618701169978,35.2822119993817));
#1399=CARTESIAN_POINT('Ctrl Pts',(-1.05982153125592,13.431327833774,37.479199257288));
#1400=CARTESIAN_POINT('Ctrl Pts',(-0.950288028177012,9.13377019820742,39.0193043457554));
#1401=CARTESIAN_POINT('Ctrl Pts',(-0.840754525098099,4.56577774787304,39.8047796288731));
#1402=CARTESIAN_POINT('Ctrl Pts',(-0.731221022019187,-0.000892413791959271,
39.808723367804));
#1403=CARTESIAN_POINT('Origin',(-10.,0.,0.));
#1404=CARTESIAN_POINT('',(6.11122102201918,-0.000211705606603108,39.8068828785926));
#1405=CARTESIAN_POINT('',(5.26877897798082,-5.04426155381281E-6,39.806810782151));
#1406=CARTESIAN_POINT('',(-10.,-4.87531890740561E-15,39.81));
#1407=CARTESIAN_POINT('Ctrl Pts',(6.11122102201918,-0.000211705606603108,
39.8068828785926));
#1408=CARTESIAN_POINT('Ctrl Pts',(6.02723855296173,3.50164934676707,39.8062122560614));
#1409=CARTESIAN_POINT('Ctrl Pts',(5.94325608390428,7.00368248490118,39.348331274662));
#1410=CARTESIAN_POINT('Ctrl Pts',(5.85927361484683,10.3828183548383,38.435504597844));
#1411=CARTESIAN_POINT('Ctrl Pts',(5.70302212760729,16.6697852800537,36.737167701519));
#1412=CARTESIAN_POINT('Ctrl Pts',(5.54677064036776,22.5313367422148,33.4640119624283));
#1413=CARTESIAN_POINT('Ctrl Pts',(5.39051915312822,27.2753352455461,29.0025346810157));
#1414=CARTESIAN_POINT('Ctrl Pts',(5.23426766588868,32.0193337488775,24.541057399603));
#1415=CARTESIAN_POINT('Ctrl Pts',(5.07801617864915,35.6457792933792,18.8912585758685));
#1416=CARTESIAN_POINT('Ctrl Pts',(4.92176469140961,37.7264577869387,12.7202717553825));
#1417=CARTESIAN_POINT('Ctrl Pts',(4.76551320417008,39.8071362804982,6.54928493489688));
#1418=CARTESIAN_POINT('Ctrl Pts',(4.60926171693054,40.3420477231157,-0.142889882340098));
#1419=CARTESIAN_POINT('Ctrl Pts',(4.45301022969101,39.2680292698099,-6.56603441552065));
#1420=CARTESIAN_POINT('Ctrl Pts',(4.29675874245148,38.1940108165041,-12.9891789487013));
#1421=CARTESIAN_POINT('Ctrl Pts',(4.14050725521195,35.511062467275,-19.1432931978255));
#1422=CARTESIAN_POINT('Ctrl Pts',(3.98425576797242,31.5359892802574,-24.3016935787599));
#1423=CARTESIAN_POINT('Ctrl Pts',(3.82800428073288,27.5609160932399,-29.4600939596942));
#1424=CARTESIAN_POINT('Ctrl Pts',(3.67175279349335,22.2937180684338,-33.6227804724387));
#1425=CARTESIAN_POINT('Ctrl Pts',(3.51550130625382,16.3563508901284,-36.2982191882666));
#1426=CARTESIAN_POINT('Ctrl Pts',(3.35924981901428,10.4189837118229,-38.9736579040945));
#1427=CARTESIAN_POINT('Ctrl Pts',(3.20299833177475,3.81144738001799,-40.1618488230058));
#1428=CARTESIAN_POINT('Ctrl Pts',(3.04674684453522,-2.68603401624362,-39.722489246572));
#1429=CARTESIAN_POINT('Ctrl Pts',(2.89049535729568,-9.18351541250532,-39.2831296701383));
#1430=CARTESIAN_POINT('Ctrl Pts',(2.73424387005614,-15.5709418732237,-37.2162195983594));
#1431=CARTESIAN_POINT('Ctrl Pts',(2.57799238281661,-21.0940800894341,-33.7658217116212));
#1432=CARTESIAN_POINT('Ctrl Pts',(2.42174089557707,-26.6172183056445,-30.315423824883));
#1433=CARTESIAN_POINT('Ctrl Pts',(2.26548940833754,-31.2760682773469,-25.4815381231855));
#1434=CARTESIAN_POINT('Ctrl Pts',(2.109237921098,-34.5205086290958,-19.8349543651851));
#1435=CARTESIAN_POINT('Ctrl Pts',(1.95298643385847,-37.7649489808446,-14.1883706071848));
#1436=CARTESIAN_POINT('Ctrl Pts',(1.79673494661894,-39.59497971264,-7.72908879288157));
#1437=CARTESIAN_POINT('Ctrl Pts',(1.64048345937941,-39.7945090787942,-1.21982697880383));
#1438=CARTESIAN_POINT('Ctrl Pts',(1.48423197213987,-39.9940384449484,5.2894348352741));
#1439=CARTESIAN_POINT('Ctrl Pts',(1.32798048490034,-38.5630664454613,11.8486766491266));
#1440=CARTESIAN_POINT('Ctrl Pts',(1.1717289976608,-35.6705635965254,17.683377035699));
#1441=CARTESIAN_POINT('Ctrl Pts',(1.01547751042127,-32.7780607475895,23.5180774222714));
#1442=CARTESIAN_POINT('Ctrl Pts',(0.859226023181738,-28.4240270492049,28.6282363815637));
#1443=CARTESIAN_POINT('Ctrl Pts',(0.702974535942205,-23.1225908852945,32.4104415494721));
#1444=CARTESIAN_POINT('Ctrl Pts',(0.546723048702674,-17.8211547213841,36.1926467173804));
#1445=CARTESIAN_POINT('Ctrl Pts',(0.390471561463142,-11.5723160919481,38.6468980939047));
#1446=CARTESIAN_POINT('Ctrl Pts',(0.234220074223611,-5.1139437248144,39.4833953740035));
#1447=CARTESIAN_POINT('Ctrl Pts',(0.193220390155468,-3.41929600449553,39.7028884797257));
#1448=CARTESIAN_POINT('Ctrl Pts',(0.152220706087325,-1.71022159546765,39.8109969701907));
#1449=CARTESIAN_POINT('Ctrl Pts',(0.111221022019182,-0.000945040712754253,
39.809387488718));
#1450=CARTESIAN_POINT('Ctrl Pts',(-0.731221022019187,-0.000892413791959271,
39.808723367804));
#1451=CARTESIAN_POINT('Ctrl Pts',(-0.684503037858565,-1.94865833273409,
39.8104054424909));
#1452=CARTESIAN_POINT('Ctrl Pts',(-0.637785053697944,-3.89618370436221,
39.6699133322817));
#1453=CARTESIAN_POINT('Ctrl Pts',(-0.591067069537322,-5.82238262307424,
39.3851597043396));
#1454=CARTESIAN_POINT('Ctrl Pts',(-0.434815582297789,-12.2646863991354,
38.4327817569125));
#1455=CARTESIAN_POINT('Ctrl Pts',(-0.278564095058256,-18.4684295536944,
35.8666747254863));
#1456=CARTESIAN_POINT('Ctrl Pts',(-0.122312607818723,-23.7010682749038,
31.9898469357726));
#1457=CARTESIAN_POINT('Ctrl Pts',(0.0339388794208104,-28.9337069961133,
28.1130191460589));
#1458=CARTESIAN_POINT('Ctrl Pts',(0.190190366660343,-33.1952412839731,22.9254705980578));
#1459=CARTESIAN_POINT('Ctrl Pts',(0.346441853899876,-35.9824651717352,17.0397518911125));
#1460=CARTESIAN_POINT('Ctrl Pts',(0.50269334113941,-38.7696890594973,11.1540331841673));
#1461=CARTESIAN_POINT('Ctrl Pts',(0.658944828378943,-40.0826025471615,4.57014431827784));
#1462=CARTESIAN_POINT('Ctrl Pts',(0.815196315618476,-39.7661755783704,-1.93448293247361));
#1463=CARTESIAN_POINT('Ctrl Pts',(0.971447802858012,-39.4497486095792,-8.43911018322516));
#1464=CARTESIAN_POINT('Ctrl Pts',(1.12769929009755,-37.5039811843325,-14.8644758188387));
#1465=CARTESIAN_POINT('Ctrl Pts',(1.28395077733708,-34.1586313456614,-20.4518666369847));
#1466=CARTESIAN_POINT('Ctrl Pts',(1.44020226457662,-30.8132815069904,-26.0392574551305));
#1467=CARTESIAN_POINT('Ctrl Pts',(1.59645375181615,-26.068349254895,-30.7886734558087));
#1468=CARTESIAN_POINT('Ctrl Pts',(1.75270523905568,-20.4841206412492,-34.1392991419062));
#1469=CARTESIAN_POINT('Ctrl Pts',(1.90895672629522,-14.8998920276034,-37.4899248280037));
#1470=CARTESIAN_POINT('Ctrl Pts',(2.06520821353475,-8.47636705240708,-39.4417601995205));
#1471=CARTESIAN_POINT('Ctrl Pts',(2.22145970077429,-1.97204157108112,-39.764330704637));
#1472=CARTESIAN_POINT('Ctrl Pts',(2.37771118801382,4.53228391024485,-40.0869012097536));
#1473=CARTESIAN_POINT('Ctrl Pts',(2.53396267525336,11.1174098977005,-38.78020684847));
#1474=CARTESIAN_POINT('Ctrl Pts',(2.69021416249289,17.0057585367285,-35.9985433168662));
#1475=CARTESIAN_POINT('Ctrl Pts',(2.84646564973242,22.8941071757565,-33.2168797852625));
#1476=CARTESIAN_POINT('Ctrl Pts',(3.00271713697196,28.0856784663569,-28.9602470833386));
#1477=CARTESIAN_POINT('Ctrl Pts',(3.15896862421149,31.9674467999663,-23.7312723939771));
#1478=CARTESIAN_POINT('Ctrl Pts',(3.31522011145102,35.8492151335757,-18.5022977046154));
#1479=CARTESIAN_POINT('Ctrl Pts',(3.47147159869056,38.4211805101941,-12.300981027816));
#1480=CARTESIAN_POINT('Ctrl Pts',(3.6277230859301,39.3796428452132,-5.85957965465594));
#1481=CARTESIAN_POINT('Ctrl Pts',(3.78397457316963,40.3381051802323,0.581821718503986));
#1482=CARTESIAN_POINT('Ctrl Pts',(3.94022606040916,39.6830644736521,7.2633077880245));
#1483=CARTESIAN_POINT('Ctrl Pts',(4.0964775476487,37.4918685466443,13.395922410456));
#1484=CARTESIAN_POINT('Ctrl Pts',(4.25272903488823,35.3006726196364,19.5285370328875));
#1485=CARTESIAN_POINT('Ctrl Pts',(4.40898052212776,31.5733214722009,25.1122802082301));
#1486=CARTESIAN_POINT('Ctrl Pts',(4.56523200936729,26.7499442247108,29.4878183038466));
#1487=CARTESIAN_POINT('Ctrl Pts',(4.72148349660683,21.9265669772206,33.8633563994632));
#1488=CARTESIAN_POINT('Ctrl Pts',(4.87773498384636,16.0071636296758,37.0306894153538));
#1489=CARTESIAN_POINT('Ctrl Pts',(5.0339864710859,9.69070288275293,38.6158156975094));
#1490=CARTESIAN_POINT('Ctrl Pts',(5.11225064005087,6.52687666969465,39.4097831237987));
#1491=CARTESIAN_POINT('Ctrl Pts',(5.19051480901585,3.26343403654373,39.8067959261268));
#1492=CARTESIAN_POINT('Ctrl Pts',(5.26877897798082,-5.04426155381281E-6,
39.806810782151));
#1493=CARTESIAN_POINT('Origin',(-10.,0.,0.));
#1494=CARTESIAN_POINT('',(12.1112210220192,0.000790126326488672,39.8081017208097));
#1495=CARTESIAN_POINT('',(11.2687789779808,0.000888710712479386,39.8086927699934));
#1496=CARTESIAN_POINT('',(-10.,-4.87531890740561E-15,39.81));
#1497=CARTESIAN_POINT('Ctrl Pts',(12.1112210220192,0.000790126326488671,
39.8081017208097));
#1498=CARTESIAN_POINT('Ctrl Pts',(12.0585078870757,2.19860437360735,39.8097412196714));
#1499=CARTESIAN_POINT('Ctrl Pts',(12.0057947521322,4.39615424782618,39.6306898040014));
#1500=CARTESIAN_POINT('Ctrl Pts',(11.9530816171886,6.56309884400308,39.2685200157963));
#1501=CARTESIAN_POINT('Ctrl Pts',(11.7968301299491,12.9863236489998,38.1949817392183));
#1502=CARTESIAN_POINT('Ctrl Pts',(11.6405786427096,19.1406384505061,35.5124934596329));
#1503=CARTESIAN_POINT('Ctrl Pts',(11.4843271554701,24.2993359810497,31.5378059093376));
#1504=CARTESIAN_POINT('Ctrl Pts',(11.3280756682305,29.4580335115932,27.5631183590423));
#1505=CARTESIAN_POINT('Ctrl Pts',(11.171824180991,33.621113771174,22.2962315380373));
#1506=CARTESIAN_POINT('Ctrl Pts',(11.0155726937515,36.2969963380578,16.3590643835708));
#1507=CARTESIAN_POINT('Ctrl Pts',(10.8593212065119,38.9728789049416,10.4218972291042));
#1508=CARTESIAN_POINT('Ctrl Pts',(10.7030697192724,40.1615637791285,3.81444974117627));
#1509=CARTESIAN_POINT('Ctrl Pts',(10.5468182320329,39.7226899349802,-2.68306448203942));
#1510=CARTESIAN_POINT('Ctrl Pts',(10.3905667447933,39.2838160908319,-9.18057870525522));
#1511=CARTESIAN_POINT('Ctrl Pts',(10.2343152575538,37.2173835283485,-15.5681596637587));
#1512=CARTESIAN_POINT('Ctrl Pts',(10.0780637703142,33.7673985434306,-21.0915558052902));
#1513=CARTESIAN_POINT('Ctrl Pts',(9.92181228307471,30.3174135585126,-26.6149519468216));
#1514=CARTESIAN_POINT('Ctrl Pts',(9.76556079583518,25.4838761511601,-31.274163271381));
#1515=CARTESIAN_POINT('Ctrl Pts',(9.60930930859564,19.8375349529728,-34.519025734665));
#1516=CARTESIAN_POINT('Ctrl Pts',(9.45305782135611,14.1911937547855,-37.7638881979489));
#1517=CARTESIAN_POINT('Ctrl Pts',(9.29680633411657,7.73204876576335,-39.5944017999575));
#1518=CARTESIAN_POINT('Ctrl Pts',(9.14055484687704,1.22280188604582,-39.7944177772215));
#1519=CARTESIAN_POINT('Ctrl Pts',(8.9843033596375,-5.2864449936717,-39.9944337544856));
#1520=CARTESIAN_POINT('Ctrl Pts',(8.82805187239797,-11.8457937640846,-38.5639521070051));
#1521=CARTESIAN_POINT('Ctrl Pts',(8.67180038515844,-17.6807103686426,-35.6718854497545));
#1522=CARTESIAN_POINT('Ctrl Pts',(8.51554889791891,-23.5156269732007,-32.7798187925039));
#1523=CARTESIAN_POINT('Ctrl Pts',(8.35929741067937,-28.6261114119038,-28.4261671254832));
#1524=CARTESIAN_POINT('Ctrl Pts',(8.20304592343984,-32.4087128877158,-23.1250137219899));
#1525=CARTESIAN_POINT('Ctrl Pts',(8.0467944362003,-36.1913143635276,-17.8238603184968));
#1526=CARTESIAN_POINT('Ctrl Pts',(7.89054294896077,-38.6460328764483,-11.5752051785311));
#1527=CARTESIAN_POINT('Ctrl Pts',(7.73429146172124,-39.4830129615415,-5.11689536331414));
#1528=CARTESIAN_POINT('Ctrl Pts',(7.5780399744817,-40.3199930466347,1.34141445190284));
#1529=CARTESIAN_POINT('Ctrl Pts',(7.42178848724216,-39.5392347039004,8.00937894237117));
#1530=CARTESIAN_POINT('Ctrl Pts',(7.26553700000263,-37.232930610927,14.0996386053823));
#1531=CARTESIAN_POINT('Ctrl Pts',(7.10928551276309,-34.9266265179535,20.1898982683934));
#1532=CARTESIAN_POINT('Ctrl Pts',(6.95303402552356,-31.0947766747408,25.7024531039474));
#1533=CARTESIAN_POINT('Ctrl Pts',(6.79678253828403,-26.1898495056992,29.9863754653554));
#1534=CARTESIAN_POINT('Ctrl Pts',(6.64053105104449,-21.2849223366576,34.2702978267633));
#1535=CARTESIAN_POINT('Ctrl Pts',(6.48427956380496,-15.3069178417871,37.3255877140253));
#1536=CARTESIAN_POINT('Ctrl Pts',(6.32802807656543,-8.96172440021702,38.7914736308767));
#1537=CARTESIAN_POINT('Ctrl Pts',(6.25575905838335,-6.0269625729924,39.4694712477275));
#1538=CARTESIAN_POINT('Ctrl Pts',(6.18349004020127,-3.0136508543412,39.8074599660782));
#1539=CARTESIAN_POINT('Ctrl Pts',(6.11122102201918,-0.000211705606603108,
39.8068828785926));
#1540=CARTESIAN_POINT('Ctrl Pts',(5.26877897798082,-5.04426155381281E-6,
39.806810782151));
#1541=CARTESIAN_POINT('Ctrl Pts',(5.34676629625538,-3.25190007656314,39.8068255856237));
#1542=CARTESIAN_POINT('Ctrl Pts',(5.42475361452994,-6.50379158160669,39.4126461462329));
#1543=CARTESIAN_POINT('Ctrl Pts',(5.5027409328045,-9.65711303502231,38.6242295997553));
#1544=CARTESIAN_POINT('Ctrl Pts',(5.65899242004404,-15.9749500595739,37.0445976714247));
#1545=CARTESIAN_POINT('Ctrl Pts',(5.81524390728357,-21.8971059623764,33.8824142663427));
#1546=CARTESIAN_POINT('Ctrl Pts',(5.9714953945231,-26.7242870184459,29.5110729676427));
#1547=CARTESIAN_POINT('Ctrl Pts',(6.12774688176264,-31.5514680745155,25.1397316689427));
#1548=CARTESIAN_POINT('Ctrl Pts',(6.28399836900217,-35.2836742838521,19.5592324766245));
#1549=CARTESIAN_POINT('Ctrl Pts',(6.44024985624171,-37.4802032358186,13.4285259707663));
#1550=CARTESIAN_POINT('Ctrl Pts',(6.59650134348124,-39.676732187785,7.29781946490828));
#1551=CARTESIAN_POINT('Ctrl Pts',(6.75275283072078,-40.3375838823813,0.616905645510379));
#1552=CARTESIAN_POINT('Ctrl Pts',(6.90900431796031,-39.3847243315192,-5.82532691580935));
#1553=CARTESIAN_POINT('Ctrl Pts',(7.06525580519984,-38.4318647806571,-12.267559477129));
#1554=CARTESIAN_POINT('Ctrl Pts',(7.22150729243937,-35.8652939843365,-18.4711107803705));
#1555=CARTESIAN_POINT('Ctrl Pts',(7.3777587796789,-31.9880750300634,-23.7034596676697));
#1556=CARTESIAN_POINT('Ctrl Pts',(7.53401026691844,-28.1108560757902,-28.935808554969));
#1557=CARTESIAN_POINT('Ctrl Pts',(7.69026175415798,-22.9229889635645,-33.196955026326));
#1558=CARTESIAN_POINT('Ctrl Pts',(7.84651324139751,-17.0370619090917,-35.9837389087292));
#1559=CARTESIAN_POINT('Ctrl Pts',(8.00276472863704,-11.1511348546188,-38.7705227911324));
#1560=CARTESIAN_POINT('Ctrl Pts',(8.15901621587658,-4.56714785789877,-40.0829440845816));
#1561=CARTESIAN_POINT('Ctrl Pts',(8.31526770311611,1.9374557196051,-39.766030851474));
#1562=CARTESIAN_POINT('Ctrl Pts',(8.47151919035564,8.44205929710906,-39.4491176183664));
#1563=CARTESIAN_POINT('Ctrl Pts',(8.62777067759518,14.8672794553969,-37.5028698587018));
#1564=CARTESIAN_POINT('Ctrl Pts',(8.78402216483472,20.4544201702392,-34.1571023338501));
#1565=CARTESIAN_POINT('Ctrl Pts',(8.94027365207425,26.0415608850815,-30.8113348089984));
#1566=CARTESIAN_POINT('Ctrl Pts',(9.09652513931379,30.7906221564784,-26.0660475189595));
#1567=CARTESIAN_POINT('Ctrl Pts',(9.25277662655333,34.1408303740806,-20.481568438821));
#1568=CARTESIAN_POINT('Ctrl Pts',(9.40902811379286,37.4910385916827,-14.8970893586825));
#1569=CARTESIAN_POINT('Ctrl Pts',(9.56527960103239,39.4423937554901,-8.47341848844439));
#1570=CARTESIAN_POINT('Ctrl Pts',(9.72153108827193,39.7644780170651,-1.96906891095058));
#1571=CARTESIAN_POINT('Ctrl Pts',(9.87778257551146,40.08656227864,4.53528066654318));
#1572=CARTESIAN_POINT('Ctrl Pts',(10.034034062751,38.7793756379824,11.1203089512926));
#1573=CARTESIAN_POINT('Ctrl Pts',(10.1902855499905,35.9972719199734,17.0084496255673));
#1574=CARTESIAN_POINT('Ctrl Pts',(10.3465370372301,33.2151682019645,22.8965902998421));
#1575=CARTESIAN_POINT('Ctrl Pts',(10.5027885244696,28.9581474066042,28.0878433636422));
#1576=CARTESIAN_POINT('Ctrl Pts',(10.6590400117091,23.7288825432299,31.9692207849237));
#1577=CARTESIAN_POINT('Ctrl Pts',(10.8152914989487,18.4996176798556,35.8505982062053));
#1578=CARTESIAN_POINT('Ctrl Pts',(10.9715429861882,12.2981087484674,38.4220999849683));
#1579=CARTESIAN_POINT('Ctrl Pts',(11.1277944734277,5.85663574170954,39.3800807786735));
#1580=CARTESIAN_POINT('Ctrl Pts',(11.1747893082788,3.91927203722271,39.6682069910124));
#1581=CARTESIAN_POINT('Ctrl Pts',(11.2217841431298,1.96020141476725,39.8103756569586));
#1582=CARTESIAN_POINT('Ctrl Pts',(11.2687789779808,0.000888710712479386,
39.8086927699934));
#1583=CARTESIAN_POINT('Origin',(-10.,0.,0.));
#1584=CARTESIAN_POINT('',(18.1112210220192,0.000757218625692668,39.8117820141155));
#1585=CARTESIAN_POINT('',(17.2687789779808,0.000596661371518302,39.812373390882));
#1586=CARTESIAN_POINT('',(-10.,-4.87531890740561E-15,39.81));
#1587=CARTESIAN_POINT('Ctrl Pts',(18.1112210220192,0.000757218625692668,
39.8117820141155));
#1588=CARTESIAN_POINT('Ctrl Pts',(18.0897772211896,0.894594584547164,39.8125641904411));
#1589=CARTESIAN_POINT('Ctrl Pts',(18.0683334203601,1.78838030721285,39.7830548221457));
#1590=CARTESIAN_POINT('Ctrl Pts',(18.0468896195305,2.68009763076357,39.722890936556));
#1591=CARTESIAN_POINT('Ctrl Pts',(17.890638132291,9.17764716078564,39.2845033262523));
#1592=CARTESIAN_POINT('Ctrl Pts',(17.7343866450514,15.5653772739907,37.2185472318385));
#1593=CARTESIAN_POINT('Ctrl Pts',(17.5781351578119,21.0890300184261,33.7689749118294));
#1594=CARTESIAN_POINT('Ctrl Pts',(17.4218836705723,26.6126827628617,30.3194025918203));
#1595=CARTESIAN_POINT('Ctrl Pts',(17.2656321833328,31.2722581385275,25.4862140462157));
#1596=CARTESIAN_POINT('Ctrl Pts',(17.1093806960933,34.5175433581661,19.8401155709001));
#1597=CARTESIAN_POINT('Ctrl Pts',(16.9531292088537,37.7628285778046,14.1940170955847));
#1598=CARTESIAN_POINT('Ctrl Pts',(16.7968777216142,39.5938236414161,7.73500869055818));
#1599=CARTESIAN_POINT('Ctrl Pts',(16.6406262343747,39.7943258883773,1.22577671407751));
#1600=CARTESIAN_POINT('Ctrl Pts',(16.4843747471351,39.9948281353385,-5.28345526240335));
#1601=CARTESIAN_POINT('Ctrl Pts',(16.3281232598956,38.5648375656493,-11.8429108103384));
#1602=CARTESIAN_POINT('Ctrl Pts',(16.1718717726561,35.6732072909204,-17.6780435656249));
#1603=CARTESIAN_POINT('Ctrl Pts',(16.0156202854165,32.7815770161915,-23.5131763209113));
#1604=CARTESIAN_POINT('Ctrl Pts',(15.859368798177,28.4283070364228,-28.6239862835492));
#1605=CARTESIAN_POINT('Ctrl Pts',(15.7031173109375,23.1274363333124,-32.4069840639103));
#1606=CARTESIAN_POINT('Ctrl Pts',(15.5468658236979,17.8265656302021,-36.1899818442714));
#1607=CARTESIAN_POINT('Ctrl Pts',(15.3906143364584,11.5780942037501,-38.6451674423557));
#1608=CARTESIAN_POINT('Ctrl Pts',(15.2343628492189,5.11984702256532,-39.4826303186368));
#1609=CARTESIAN_POINT('Ctrl Pts',(15.0781113619793,-1.33840015861943,-40.3200931949179));
#1610=CARTESIAN_POINT('Ctrl Pts',(14.9218598747398,-8.00642309453695,-39.5398333493957));
#1611=CARTESIAN_POINT('Ctrl Pts',(14.7656083875003,-14.0968551760965,-37.2339845559537));
#1612=CARTESIAN_POINT('Ctrl Pts',(14.6093569002607,-20.1872872576559,-34.9281357625118));
#1613=CARTESIAN_POINT('Ctrl Pts',(14.4531054130212,-25.7001284848575,-31.0966980211502));
#1614=CARTESIAN_POINT('Ctrl Pts',(14.2968539257817,-29.9844174988903,-26.1920911157902));
#1615=CARTESIAN_POINT('Ctrl Pts',(14.1406024385421,-34.2687065129231,-21.2874842104302));
#1616=CARTESIAN_POINT('Ctrl Pts',(13.9843509513026,-37.3244433137872,-15.3097081410718));
#1617=CARTESIAN_POINT('Ctrl Pts',(13.8280994640631,-38.7908035792041,-8.96462430342561));
#1618=CARTESIAN_POINT('Ctrl Pts',(13.6718479768235,-40.2571638446209,-2.61954046577943));
#1619=CARTESIAN_POINT('Ctrl Pts',(13.515596489584,-40.1341475745905,4.09285114015457));
#1620=CARTESIAN_POINT('Ctrl Pts',(13.3593450023445,-38.4362806734247,10.3799450106893));
#1621=CARTESIAN_POINT('Ctrl Pts',(13.2030935151049,-36.738413772259,16.6670388812241));
#1622=CARTESIAN_POINT('Ctrl Pts',(13.0468420278654,-33.4656962399579,22.5288350163597));
#1623=CARTESIAN_POINT('Ctrl Pts',(12.8905905406259,-29.0045736188592,27.2731670319308));
#1624=CARTESIAN_POINT('Ctrl Pts',(12.7343390533863,-24.5434509977605,32.0174990475019));
#1625=CARTESIAN_POINT('Ctrl Pts',(12.5780875661468,-18.8939232878642,35.6443669435086));
#1626=CARTESIAN_POINT('Ctrl Pts',(12.4218360789073,-12.7230920286724,37.7255067547267));
#1627=CARTESIAN_POINT('Ctrl Pts',(12.3182977266112,-8.63405766387291,39.1045514650074));
#1628=CARTESIAN_POINT('Ctrl Pts',(12.2147593743152,-4.31612379010115,39.8048814416345));
#1629=CARTESIAN_POINT('Ctrl Pts',(12.1112210220192,0.000790126326488671,
39.8081017208097));
#1630=CARTESIAN_POINT('Ctrl Pts',(11.2687789779808,0.000888710712479386,
39.8086927699934));
#1631=CARTESIAN_POINT('Ctrl Pts',(11.3780356303693,-4.55424905508388,39.8047802847862));
#1632=CARTESIAN_POINT('Ctrl Pts',(11.4872922827578,-9.11069527139881,39.0233504684684));
#1633=CARTESIAN_POINT('Ctrl Pts',(11.5965489351463,-13.3987251456326,37.4908670054191));
#1634=CARTESIAN_POINT('Ctrl Pts',(11.7528004223859,-19.5311759440892,35.299212629812));
#1635=CARTESIAN_POINT('Ctrl Pts',(11.9090519096254,-25.1146404588748,31.5714440699507));
#1636=CARTESIAN_POINT('Ctrl Pts',(12.0653033968649,-29.4898179619856,26.7477397346562));
#1637=CARTESIAN_POINT('Ctrl Pts',(12.2215548841045,-33.8649954650964,21.9240353993617));
#1638=CARTESIAN_POINT('Ctrl Pts',(12.377806371344,-37.0318859565324,16.0043952886342));
#1639=CARTESIAN_POINT('Ctrl Pts',(12.5340578585835,-38.6165400357278,9.68781606037402));
#1640=CARTESIAN_POINT('Ctrl Pts',(12.6903093458231,-40.2011941149232,3.37123683211402));
#1641=CARTESIAN_POINT('Ctrl Pts',(12.8465608330626,-40.203611781878,-3.34228151367859));
#1642=CARTESIAN_POINT('Ctrl Pts',(13.0028123203021,-38.6235075567165,-9.66000043233042));
#1643=CARTESIAN_POINT('Ctrl Pts',(13.1590638075417,-37.043403331555,-15.9777193509822));
#1644=CARTESIAN_POINT('Ctrl Pts',(13.3153152947812,-33.8807772142771,-21.8996388424935));
#1645=CARTESIAN_POINT('Ctrl Pts',(13.4715667820207,-29.5090750629003,-26.7264930975276));
#1646=CARTESIAN_POINT('Ctrl Pts',(13.6278182692603,-25.1373729115234,-31.5533473525618));
#1647=CARTESIAN_POINT('Ctrl Pts',(13.7840697564998,-19.5565947260476,-35.285136371119));
#1648=CARTESIAN_POINT('Ctrl Pts',(13.9403212437393,-13.4257240322498,-37.4812070048787));
#1649=CARTESIAN_POINT('Ctrl Pts',(14.0965727309789,-7.29485333845191,-39.6772776386384));
#1650=CARTESIAN_POINT('Ctrl Pts',(14.2528242182184,-0.61389013633221,-40.3376298876005));
#1651=CARTESIAN_POINT('Ctrl Pts',(14.4090757054579,5.82827117508663,-39.3842887386118));
#1652=CARTESIAN_POINT('Ctrl Pts',(14.5653271926975,12.2704324865054,-38.4309475896231));
#1653=CARTESIAN_POINT('Ctrl Pts',(14.721578679937,18.4737919072235,-35.8639130426837));
#1654=CARTESIAN_POINT('Ctrl Pts',(14.8778301671765,23.7058509297267,-31.9863029455515));
#1655=CARTESIAN_POINT('Ctrl Pts',(15.0340816544161,28.9379099522299,-28.1086928484193));
#1656=CARTESIAN_POINT('Ctrl Pts',(15.1903331416556,33.1986685765184,-22.9205072010944));
#1657=CARTESIAN_POINT('Ctrl Pts',(15.3465846288952,35.9850124411946,-17.0343718319249));
#1658=CARTESIAN_POINT('Ctrl Pts',(15.5028361161347,38.7713563058707,-11.1482364627554));
#1659=CARTESIAN_POINT('Ctrl Pts',(15.6590876033742,40.0832854109345,-4.56415137174147));
#1660=CARTESIAN_POINT('Ctrl Pts',(15.8153390906137,39.7658859090306,1.94042849604058));
#1661=CARTESIAN_POINT('Ctrl Pts',(15.9715905778533,39.4484864071268,8.44500836382264));
#1662=CARTESIAN_POINT('Ctrl Pts',(16.1278420650928,37.5017582982553,14.8700830083727));
#1663=CARTESIAN_POINT('Ctrl Pts',(16.2840935523324,34.1555731181082,20.4569735889265));
#1664=CARTESIAN_POINT('Ctrl Pts',(16.4403450395719,30.8093879379611,26.0438641694803));
#1665=CARTESIAN_POINT('Ctrl Pts',(16.5965965268114,26.0637456865382,30.7925706860379));
#1666=CARTESIAN_POINT('Ctrl Pts',(16.7528480140509,20.4790161473555,34.1423614159552));
#1667=CARTESIAN_POINT('Ctrl Pts',(16.9090995012905,14.8942866081728,37.4921521458726));
#1668=CARTESIAN_POINT('Ctrl Pts',(17.06535098853,8.47046978123041,39.4430270891496));
#1669=CARTESIAN_POINT('Ctrl Pts',(17.2216024757696,1.96609619024464,39.7646251062926));
#1670=CARTESIAN_POINT('Ctrl Pts',(17.2373279765066,1.31148141821008,39.796991453295));
#1671=CARTESIAN_POINT('Ctrl Pts',(17.2530534772437,0.65605069784265,39.8128550794214));
#1672=CARTESIAN_POINT('Ctrl Pts',(17.2687789779808,0.000596661371518302,
39.812373390882));
#1673=CARTESIAN_POINT('Origin',(-30.9015393514301,0.,0.));
#1674=CARTESIAN_POINT('',(20.0984606485699,0.000691748982352267,36.3696279399486));
#1675=CARTESIAN_POINT('',(21.2815393514302,-0.000232952034564526,36.3701922392509));
#1676=CARTESIAN_POINT('',(-30.9015393514301,-5.79938559506142E-13,36.368));
#1677=CARTESIAN_POINT('',(22.2656797749979,-27.8453800139488,-23.393596792364));
#1678=CARTESIAN_POINT('Ctrl Pts',(20.0984606485699,0.00069174898235172,
36.3696279399486));
#1679=CARTESIAN_POINT('Ctrl Pts',(20.2332683349798,-5.13263178679685,36.3651358877094));
#1680=CARTESIAN_POINT('Ctrl Pts',(20.5243275086293,-16.2198600550106,33.9941920902357));
#1681=CARTESIAN_POINT('Ctrl Pts',(20.9716381695184,-29.9931912476516,23.1056992876601));
#1682=CARTESIAN_POINT('Ctrl Pts',(21.4403926312369,-37.3437133736757,6.2385028869287));
#1683=CARTESIAN_POINT('Ctrl Pts',(21.8717398330635,-35.9919971983953,-10.638338316002));
#1684=CARTESIAN_POINT('Ctrl Pts',(22.1468355476505,-30.7533256889905,-19.9252648437482));
#1685=CARTESIAN_POINT('Ctrl Pts',(22.2656797749979,-27.8453800139488,-23.393596792364));
#1686=CARTESIAN_POINT('',(22.2656797749979,-31.1892802965974,18.7045507452139));
#1687=CARTESIAN_POINT('Origin',(22.2656797749979,0.,0.));
#1688=CARTESIAN_POINT('Ctrl Pts',(21.2815393514302,-0.000232952034564665,
36.3701922392509));
#1689=CARTESIAN_POINT('Ctrl Pts',(21.297083184807,-0.592110969101488,36.3706242187729));
#1690=CARTESIAN_POINT('Ctrl Pts',(21.4688785054234,-7.13357975644271,36.214136756403));
#1691=CARTESIAN_POINT('Ctrl Pts',(21.7969253132793,-19.4586144654967,32.4794609898183));
#1692=CARTESIAN_POINT('Ctrl Pts',(22.1094282877584,-28.1287262066547,23.8079333751628));
#1693=CARTESIAN_POINT('Ctrl Pts',(22.2656797749979,-31.1892802965974,18.7045507452139));
#1694=CARTESIAN_POINT('Origin',(-30.9015393514301,0.,0.));
#1695=CARTESIAN_POINT('',(14.0984606485699,0.000721811460428319,36.3662658473351));
#1696=CARTESIAN_POINT('',(15.2815393514301,0.000545073618365977,36.3701681858729));
#1697=CARTESIAN_POINT('',(-30.9015393514301,-5.79938559506142E-13,36.368));
#1698=CARTESIAN_POINT('Ctrl Pts',(14.0984606485699,0.000721811460429322,
36.3662658473351));
#1699=CARTESIAN_POINT('Ctrl Pts',(14.2019990008659,-3.94294875655365,36.3633239957137));
#1700=CARTESIAN_POINT('Ctrl Pts',(14.4617888404015,-13.8404175301343,34.7580437210496));
#1701=CARTESIAN_POINT('Ctrl Pts',(14.8778301671766,-27.5824729876932,25.9359576417377));
#1702=CARTESIAN_POINT('Ctrl Pts',(15.3465846288952,-36.5517413535353,9.87101402134514));
#1703=CARTESIAN_POINT('Ctrl Pts',(15.8153390906138,-36.8888819495011,-8.52508680191096));
#1704=CARTESIAN_POINT('Ctrl Pts',(16.2840935523324,-28.5142748678262,-24.907887110157));
#1705=CARTESIAN_POINT('Ctrl Pts',(16.752848014051,-13.4056833266907,-35.408394101705));
#1706=CARTESIAN_POINT('Ctrl Pts',(17.2216024757696,4.86881992375741,-37.5467882284532));
#1707=CARTESIAN_POINT('Ctrl Pts',(17.6903569374882,21.9934927826274,-30.8180625441178));
#1708=CARTESIAN_POINT('Ctrl Pts',(18.1591113992068,33.9241425659151,-16.8112850971537));
#1709=CARTESIAN_POINT('Ctrl Pts',(18.6278658609254,37.8432003683608,1.16567642261262));
#1710=CARTESIAN_POINT('Ctrl Pts',(19.096620322644,32.8251424577788,18.8673507009855));
#1711=CARTESIAN_POINT('Ctrl Pts',(19.5653747843626,20.0550266128498,32.1132739132343));
#1712=CARTESIAN_POINT('Ctrl Pts',(19.8993215596712,7.58329105654612,36.1469537374958));
#1713=CARTESIAN_POINT('Ctrl Pts',(20.0770168477403,0.817247321045454,36.3703424887707));
#1714=CARTESIAN_POINT('Ctrl Pts',(20.0984606485699,0.00069174898235172,
36.3696279399486));
#1715=CARTESIAN_POINT('Ctrl Pts',(15.2815393514301,0.000545073618365144,
36.3701681858729));
#1716=CARTESIAN_POINT('Ctrl Pts',(15.4220653379326,-5.35029095424235,36.3662358942899));
#1717=CARTESIAN_POINT('Ctrl Pts',(15.7188428116746,-16.654338250233,33.8396795669765));
#1718=CARTESIAN_POINT('Ctrl Pts',(16.1718717726561,-30.4034503533267,22.5631773882589));
#1719=CARTESIAN_POINT('Ctrl Pts',(16.6406262343747,-37.4496816830114,5.56668402316099));
#1720=CARTESIAN_POINT('Ctrl Pts',(17.1093806960933,-35.6517314539173,-12.7444479947758));
#1721=CARTESIAN_POINT('Ctrl Pts',(17.5781351578119,-25.4341906371602,-28.0458270489619));
#1722=CARTESIAN_POINT('Ctrl Pts',(18.0468896195305,-9.21008467891869,-36.7238513779892));
#1723=CARTESIAN_POINT('Ctrl Pts',(18.5156440812491,9.18913318435536,-36.7291012517988));
#1724=CARTESIAN_POINT('Ctrl Pts',(18.9843985429677,25.4181481253763,-28.0603392320623));
#1725=CARTESIAN_POINT('Ctrl Pts',(19.4531530046863,35.6445214631701,-12.7647917796206));
#1726=CARTESIAN_POINT('Ctrl Pts',(19.9219074664049,37.4527136615606,5.54530687001795));
#1727=CARTESIAN_POINT('Ctrl Pts',(20.3906619281235,30.4165957290877,22.5458270729262));
#1728=CARTESIAN_POINT('Ctrl Pts',(20.8438725564652,16.6676299511411,33.834684460994));
#1729=CARTESIAN_POINT('Ctrl Pts',(21.1408316975675,5.35763245576453,36.3662818251603));
#1730=CARTESIAN_POINT('Ctrl Pts',(21.2815393514302,-0.000232952034564665,
36.3701922392509));
#1731=CARTESIAN_POINT('Origin',(-30.9015393514301,0.,0.));
#1732=CARTESIAN_POINT('',(8.09846064856988,-0.000193401394197289,36.3651523870549));
#1733=CARTESIAN_POINT('',(9.28153935143014,0.000811872172055139,36.3668057939995));
#1734=CARTESIAN_POINT('',(-30.9015393514301,-5.79938559506142E-13,36.368));
#1735=CARTESIAN_POINT('Ctrl Pts',(8.09846064856988,-0.000193401394196768,
36.3651523870549));
#1736=CARTESIAN_POINT('Ctrl Pts',(8.17072966675196,-2.75308852727161,36.3656795791593));
#1737=CARTESIAN_POINT('Ctrl Pts',(8.39925017217357,-11.4575984091538,35.3893364678115));
#1738=CARTESIAN_POINT('Ctrl Pts',(8.78402216483472,-24.9057554134393,28.5161368687209));
#1739=CARTESIAN_POINT('Ctrl Pts',(9.25277662655333,-35.4073918187112,13.4083302176716));
#1740=CARTESIAN_POINT('Ctrl Pts',(9.72153108827193,-37.5471521358595,-4.8660128561304));
#1741=CARTESIAN_POINT('Ctrl Pts',(10.1902855499905,-30.8197065535009,-21.991189203551));
#1742=CARTESIAN_POINT('Ctrl Pts',(10.6590400117091,-16.8138212432707,-33.9228850457671));
#1743=CARTESIAN_POINT('Ctrl Pts',(11.1277944734277,1.16284764010365,-37.8432887048154));
#1744=CARTESIAN_POINT('Ctrl Pts',(11.5965489351463,18.8648962430244,-32.8265502965374));
#1745=CARTESIAN_POINT('Ctrl Pts',(12.0653033968649,32.1117755520368,-20.0574321765996));
#1746=CARTESIAN_POINT('Ctrl Pts',(12.5340578585835,37.7750776946439,-2.55151323923306));
#1747=CARTESIAN_POINT('Ctrl Pts',(13.0028123203021,34.5173466091557,15.5569758520229));
#1748=CARTESIAN_POINT('Ctrl Pts',(13.4715667820208,23.1079341841042,29.9915003362965));
#1749=CARTESIAN_POINT('Ctrl Pts',(13.8367828914433,9.96680411290384,35.7193398332093));
#1750=CARTESIAN_POINT('Ctrl Pts',(14.0457475136264,2.00851152623336,36.3677635939967));
#1751=CARTESIAN_POINT('Ctrl Pts',(14.0984606485699,0.000721811460429322,
36.3662658473351));
#1752=CARTESIAN_POINT('Ctrl Pts',(9.28153935143014,0.000811872172054862,
36.3668057939995));
#1753=CARTESIAN_POINT('Ctrl Pts',(9.39079600381864,-4.16048554723199,36.3632315849561));
#1754=CARTESIAN_POINT('Ctrl Pts',(9.65630414344667,-14.2758943535203,34.6284405504048));
#1755=CARTESIAN_POINT('Ctrl Pts',(10.0780637703142,-28.0439256890751,25.4362921615405));
#1756=CARTESIAN_POINT('Ctrl Pts',(10.5468182320328,-36.7231625686941,9.21282030419788));
#1757=CARTESIAN_POINT('Ctrl Pts',(11.0155726937515,-36.7297884701118,-9.18636848252328));
#1758=CARTESIAN_POINT('Ctrl Pts',(11.48432715547,-28.062238610793,-25.4160872517226));
#1759=CARTESIAN_POINT('Ctrl Pts',(11.9530816171887,-12.7674578233485,-35.6434951663339));
#1760=CARTESIAN_POINT('Ctrl Pts',(12.4218360789073,5.54250975273956,-37.4532683833837));
#1761=CARTESIAN_POINT('Ctrl Pts',(12.8905905406259,22.5435478396024,-30.4180074637837));
#1762=CARTESIAN_POINT('Ctrl Pts',(13.3593450023445,34.2206593428522,-16.1991728276183));
#1763=CARTESIAN_POINT('Ctrl Pts',(13.8280994640631,37.8161557778906,1.84528885964596));
#1764=CARTESIAN_POINT('Ctrl Pts',(14.2968539257816,32.4809178077747,19.4539636654484));
#1765=CARTESIAN_POINT('Ctrl Pts',(14.7656083875003,19.4749255395198,32.4683539136897));
#1766=CARTESIAN_POINT('Ctrl Pts',(15.0938368627164,7.14749724684282,36.2121205277007));
#1767=CARTESIAN_POINT('Ctrl Pts',(15.265813850693,0.599328102967411,36.3706082272896));
#1768=CARTESIAN_POINT('Ctrl Pts',(15.2815393514301,0.000545073618365144,
36.3701681858729));
#1769=CARTESIAN_POINT('Origin',(-30.9015393514301,0.,0.));
#1770=CARTESIAN_POINT('',(2.09846064856987,-0.000863331842077936,36.367440446865));
#1771=CARTESIAN_POINT('',(3.28153935143013,-4.60813128544402E-6,36.3650865241212));
#1772=CARTESIAN_POINT('',(-30.9015393514301,-5.79938559506142E-13,36.368));
#1773=CARTESIAN_POINT('Ctrl Pts',(2.09846064856987,-0.000863331842079068,
36.367440446865));
#1774=CARTESIAN_POINT('Ctrl Pts',(2.13946033263802,-1.56235465923032,36.3689107714618));
#1775=CARTESIAN_POINT('Ctrl Pts',(2.33671150394569,-9.07386540183682,35.8937658139308));
#1776=CARTESIAN_POINT('Ctrl Pts',(2.6902141624929,-21.9888851590714,30.8213504585846));
#1777=CARTESIAN_POINT('Ctrl Pts',(3.1589686242115,-33.9216280032954,16.816357163065));
#1778=CARTESIAN_POINT('Ctrl Pts',(3.6277230859301,-37.8433755298475,-1.16001859324112));
#1779=CARTESIAN_POINT('Ctrl Pts',(4.0964775476487,-32.8279604843361,-18.8624421819815));
#1780=CARTESIAN_POINT('Ctrl Pts',(4.5652320093673,-20.0598326945191,-32.1102760327224));
#1781=CARTESIAN_POINT('Ctrl Pts',(5.03398647108591,-2.55433717655334,-37.7748868458689));
#1782=CARTESIAN_POINT('Ctrl Pts',(5.50274093280451,15.5543954018251,-34.5185095030681));
#1783=CARTESIAN_POINT('Ctrl Pts',(5.97149539452312,29.9897727768172,-23.1101761876581));
#1784=CARTESIAN_POINT('Ctrl Pts',(6.4402498562417,37.3427091419087,-6.24410030128654));
#1785=CARTESIAN_POINT('Ctrl Pts',(6.90900431796032,35.8767212485316,12.0965940282748));
#1786=CARTESIAN_POINT('Ctrl Pts',(7.3777587796789,25.9380195482727,27.580534014829));
#1787=CARTESIAN_POINT('Ctrl Pts',(7.77424422321544,12.3504146260372,35.1680042125769));
#1788=CARTESIAN_POINT('Ctrl Pts',(8.01447817951243,3.19889433416787,36.3645397470093));
#1789=CARTESIAN_POINT('Ctrl Pts',(8.09846064856988,-0.000193401394196768,
36.3651523870549));
#1790=CARTESIAN_POINT('Ctrl Pts',(3.28153935143013,-4.60813128599913E-6,
36.3650865241213));
#1791=CARTESIAN_POINT('Ctrl Pts',(3.35952666970469,-2.97073855776064,36.3651000476755));
#1792=CARTESIAN_POINT('Ctrl Pts',(3.59376547521879,-11.8934766704677,35.2835264768344));
#1793=CARTESIAN_POINT('Ctrl Pts',(3.98425576797242,-25.4139893371722,28.064138557205));
#1794=CARTESIAN_POINT('Ctrl Pts',(4.45301022969102,-35.6425406123157,12.7701223834125));
#1795=CARTESIAN_POINT('Ctrl Pts',(4.92176469140963,-37.4536826190284,-5.53970985350283));
#1796=CARTESIAN_POINT('Ctrl Pts',(5.39051915312822,-30.4196926626919,-22.5412738170509));
#1797=CARTESIAN_POINT('Ctrl Pts',(5.85927361484682,-16.2017310095325,-34.2194482609329));
#1798=CARTESIAN_POINT('Ctrl Pts',(6.32802807656542,1.84246183875047,-37.816293596288));
#1799=CARTESIAN_POINT('Ctrl Pts',(6.79678253828403,19.4515354421122,-32.4823720798239));
#1800=CARTESIAN_POINT('Ctrl Pts',(7.26553700000264,32.4668979378289,-19.477352625104));
#1801=CARTESIAN_POINT('Ctrl Pts',(7.73429146172124,37.8148168976893,-1.87252502835772));
#1802=CARTESIAN_POINT('Ctrl Pts',(8.20304592343983,34.2323177456597,16.1745215925742));
#1803=CARTESIAN_POINT('Ctrl Pts',(8.67180038515843,22.565450203409,30.4017628453459));
#1804=CARTESIAN_POINT('Ctrl Pts',(9.03129819448854,9.53088038046345,35.8066441179449));
#1805=CARTESIAN_POINT('Ctrl Pts',(9.23454451657911,1.79072105129968,36.3683431773994));
#1806=CARTESIAN_POINT('Ctrl Pts',(9.28153935143014,0.000811872172054862,
36.3668057939995));
#1807=CARTESIAN_POINT('Origin',(-30.9015393514301,0.,0.));
#1808=CARTESIAN_POINT('',(-3.90153935143013,-0.000356149313959747,36.3706099831307));
#1809=CARTESIAN_POINT('',(-2.71846064856987,-0.000815255081463295,36.3668337463023));
#1810=CARTESIAN_POINT('',(-30.9015393514301,-5.79938559506142E-13,36.368));
#1811=CARTESIAN_POINT('Ctrl Pts',(-3.90153935143013,-0.00035614931395804,
36.3706099831307));
#1812=CARTESIAN_POINT('Ctrl Pts',(-3.89180900147593,-0.370847551514495,
36.370802084512));
#1813=CARTESIAN_POINT('Ctrl Pts',(-3.7258271642822,-6.69064975757816,36.2761801830035));
#1814=CARTESIAN_POINT('Ctrl Pts',(-3.40359383984893,-18.8599880155835,32.8293704886612));
#1815=CARTESIAN_POINT('Ctrl Pts',(-2.93483937813033,-32.1087763338425,20.0622331003552));
#1816=CARTESIAN_POINT('Ctrl Pts',(-2.46608491641173,-37.7746957862093,2.55716109955426));
#1817=CARTESIAN_POINT('Ctrl Pts',(-1.99733045469312,-34.5196722036362,-15.5518148646141));
#1818=CARTESIAN_POINT('Ctrl Pts',(-1.52857599297452,-23.112418062906,-29.9880450499058));
#1819=CARTESIAN_POINT('Ctrl Pts',(-1.05982153125592,-6.24689190574922,-37.3422422485261));
#1820=CARTESIAN_POINT('Ctrl Pts',(-0.591067069537315,12.0939119651452,-35.8776254510948));
#1821=CARTESIAN_POINT('Ctrl Pts',(-0.122312607818714,27.5785948940935,-25.9400813086082));
#1822=CARTESIAN_POINT('Ctrl Pts',(0.346441853899887,36.5502651061081,-9.87647889194026));
#1823=CARTESIAN_POINT('Ctrl Pts',(0.815196315618486,36.8901561300408,8.51957131145338));
#1824=CARTESIAN_POINT('Ctrl Pts',(1.28395077733709,28.5179986639294,24.9036235683453));
#1825=CARTESIAN_POINT('Ctrl Pts',(1.71170555498755,14.7323151824377,34.4877632640633));
#1826=CARTESIAN_POINT('Ctrl Pts',(1.98320884539848,4.38855320168238,36.3633073037717));
#1827=CARTESIAN_POINT('Ctrl Pts',(2.09846064856987,-0.000863331842079068,
36.367440446865));
#1828=CARTESIAN_POINT('Ctrl Pts',(-2.71846064856987,-0.000815255081463295,
36.3668337463023));
#1829=CARTESIAN_POINT('Ctrl Pts',(-2.67174266440925,-1.78017599208437,36.3683703876541));
#1830=CARTESIAN_POINT('Ctrl Pts',(-2.46877319300909,-9.50977546608905,35.8107664883699));
#1831=CARTESIAN_POINT('Ctrl Pts',(-2.10955223436941,-22.5389996747994,30.4213776914738));
#1832=CARTESIAN_POINT('Ctrl Pts',(-1.64079777265081,-34.2182369755445,16.2042891011419));
#1833=CARTESIAN_POINT('Ctrl Pts',(-1.17204331093221,-37.8164312271928,-1.83963480802678));
#1834=CARTESIAN_POINT('Ctrl Pts',(-0.703288849213604,-32.4838261238491,
-19.4491071091565));
#1835=CARTESIAN_POINT('Ctrl Pts',(-0.234534387495002,-19.4797796924846,
-32.465441782304));
#1836=CARTESIAN_POINT('Ctrl Pts',(0.2342200742236,-1.87535193830697,-37.8146768080251));
#1837=CARTESIAN_POINT('Ctrl Pts',(0.702974535942206,16.171962448414,-34.2335268056768));
#1838=CARTESIAN_POINT('Ctrl Pts',(1.1717289976608,30.4000758392621,-22.5677228792587));
#1839=CARTESIAN_POINT('Ctrl Pts',(1.64048345937941,37.4488502791157,-5.57228317301607));
#1840=CARTESIAN_POINT('Ctrl Pts',(2.10923792109801,35.6536339703811,12.7391173828485));
#1841=CARTESIAN_POINT('Ctrl Pts',(2.57799238281661,25.4383885649602,28.0420240746992));
#1842=CARTESIAN_POINT('Ctrl Pts',(2.96875952626065,11.9145787409028,35.2782955097465));
#1843=CARTESIAN_POINT('Ctrl Pts',(3.20327518246516,2.98127528362272,36.3650729525591));
#1844=CARTESIAN_POINT('Ctrl Pts',(3.28153935143013,-4.60813128599913E-6,
36.3650865241213));
#1845=CARTESIAN_POINT('Origin',(-30.9015393514301,0.,0.));
#1846=CARTESIAN_POINT('',(-9.90153935143013,0.000692671028139503,36.3696179775863));
#1847=CARTESIAN_POINT('',(-8.71846064856987,-0.000537129761830624,36.3701917660481));
#1848=CARTESIAN_POINT('',(-30.9015393514301,-5.79938559506142E-13,36.368));
#1849=CARTESIAN_POINT('Ctrl Pts',(-9.90153935143013,0.000692671028141301,
36.3696179775863));
#1850=CARTESIAN_POINT('Ctrl Pts',(-9.76682684835034,-5.12900703378242,36.3651204424522));
#1851=CARTESIAN_POINT('Ctrl Pts',(-9.47586285803103,-16.2126094718315,33.9967278695146));
#1852=CARTESIAN_POINT('Ctrl Pts',(-9.02864738047215,-29.9863171562659,23.1146598089351));
#1853=CARTESIAN_POINT('Ctrl Pts',(-8.55989291875356,-37.3417751460107,6.24968347532823));
#1854=CARTESIAN_POINT('Ctrl Pts',(-8.09113845703495,-35.8785294533803,-12.0912298344415));
#1855=CARTESIAN_POINT('Ctrl Pts',(-7.62238399531635,-25.9421429238588,-27.5766556192254));
#1856=CARTESIAN_POINT('Ctrl Pts',(-7.15362953359775,-9.8792112457228,-36.5495266698977));
#1857=CARTESIAN_POINT('Ctrl Pts',(-6.68487507187914,8.516813497188,-36.8907929229533));
#1858=CARTESIAN_POINT('Ctrl Pts',(-6.21612061016055,24.9014915840587,-28.5198602997639));
#1859=CARTESIAN_POINT('Ctrl Pts',(-5.74736614844194,35.4053866949089,-13.4136239553021));
#1860=CARTESIAN_POINT('Ctrl Pts',(-5.27861168672334,37.5478792514096,4.86039899092378));
#1861=CARTESIAN_POINT('Ctrl Pts',(-4.80985722500474,30.8229941914309,21.9865809917066));
#1862=CARTESIAN_POINT('Ctrl Pts',(-4.35083311324034,17.1095884736494,33.6726505673493));
#1863=CARTESIAN_POINT('Ctrl Pts',(-4.04806048871546,5.57856155255462,36.3677172903717));
#1864=CARTESIAN_POINT('Ctrl Pts',(-3.90153935143013,-0.00035614931395804,
36.3706099831307));
#1865=CARTESIAN_POINT('Ctrl Pts',(-8.71846064856987,-0.00053712976182882,
36.3701917660481));
#1866=CARTESIAN_POINT('Ctrl Pts',(-8.70301199852319,-0.588777360038613,
36.3706191312839));
#1867=CARTESIAN_POINT('Ctrl Pts',(-8.53131186123698,-7.12639962776994,36.2151746748934));
#1868=CARTESIAN_POINT('Ctrl Pts',(-8.20336023671123,-19.4466786674916,32.4852799863341));
#1869=CARTESIAN_POINT('Ctrl Pts',(-7.73460577499263,-32.4639854453533,19.4822066510018));
#1870=CARTESIAN_POINT('Ctrl Pts',(-7.26585131327403,-37.8145365070225,1.87817883777512));
#1871=CARTESIAN_POINT('Ctrl Pts',(-6.79709685155542,-34.2347356743871,-16.1694032138754));
#1872=CARTESIAN_POINT('Ctrl Pts',(-6.32834238983683,-22.5699954289705,-30.3983886632847));
#1873=CARTESIAN_POINT('Ctrl Pts',(-5.85958792811823,-5.57508271412971,-37.4484336083436));
#1874=CARTESIAN_POINT('Ctrl Pts',(-5.39083346639961,12.7364519952175,-35.6545862065658));
#1875=CARTESIAN_POINT('Ctrl Pts',(-4.92207900468102,28.0401223034938,-25.4404848262176));
#1876=CARTESIAN_POINT('Ctrl Pts',(-4.45332454296242,36.721784715852,-9.21831081438079));
#1877=CARTESIAN_POINT('Ctrl Pts',(-3.98457008124382,36.7311615472622,9.18087677604005));
#1878=CARTESIAN_POINT('Ctrl Pts',(-3.51581561952521,28.0660383476248,25.4118912806103));
#1879=CARTESIAN_POINT('Ctrl Pts',(-3.09377914196723,14.2969747739839,34.6220527168558));
#1880=CARTESIAN_POINT('Ctrl Pts',(-2.82799415164878,4.17101746130724,36.3632309857538));
#1881=CARTESIAN_POINT('Ctrl Pts',(-2.71846064856987,-0.000815255081463295,
36.3668337463023));
#1882=CARTESIAN_POINT('Origin',(-30.9015393514301,0.,0.));
#1883=CARTESIAN_POINT('',(-15.9015393514301,0.000725480622965108,36.3662578685879));
#1884=CARTESIAN_POINT('',(-14.7184606485699,0.000547879018029385,36.3701600106573));
#1885=CARTESIAN_POINT('',(-30.9015393514301,-5.79938559506142E-13,36.368));
#1886=CARTESIAN_POINT('Ctrl Pts',(-15.9015393514301,0.000725480622965624,
36.3662578685879));
#1887=CARTESIAN_POINT('Ctrl Pts',(-15.7980961824643,-3.93932394057127,36.3633269930289));
#1888=CARTESIAN_POINT('Ctrl Pts',(-15.5384015262589,-13.8331759813175,34.7601629207924));
#1889=CARTESIAN_POINT('Ctrl Pts',(-15.122455382814,-27.5747111699773,25.9442047047285));
#1890=CARTESIAN_POINT('Ctrl Pts',(-14.6537009210954,-36.548790606336,9.88194338486377));
#1891=CARTESIAN_POINT('Ctrl Pts',(-14.1849464593768,-36.8914281869682,-8.51405555348965));
#1892=CARTESIAN_POINT('Ctrl Pts',(-13.7161919976582,-28.521722455172,-24.8993595026146));
#1893=CARTESIAN_POINT('Ctrl Pts',(-13.2474375359396,-13.4162703631689,-35.4043838146492));
#1894=CARTESIAN_POINT('Ctrl Pts',(-12.778683074221,4.85759183867713,-37.5482425054903));
#1895=CARTESIAN_POINT('Ctrl Pts',(-12.3099286125024,21.9842767932932,-30.8246377463393));
#1896=CARTESIAN_POINT('Ctrl Pts',(-11.8411741507838,33.9191133024975,-16.8214287235836));
#1897=CARTESIAN_POINT('Ctrl Pts',(-11.3724196890652,37.8435485696447,1.15436048151895));
#1898=CARTESIAN_POINT('Ctrl Pts',(-10.9036652273466,32.830780297098,18.8575337430165));
#1899=CARTESIAN_POINT('Ctrl Pts',(-10.434910765628,20.0646334004465,32.1072764559146));
#1900=CARTESIAN_POINT('Ctrl Pts',(-10.1008688069891,7.59053979104733,36.1458341990224));
#1901=CARTESIAN_POINT('Ctrl Pts',(-9.92307833558987,0.820872818825653,36.3703370818698));
#1902=CARTESIAN_POINT('Ctrl Pts',(-9.90153935143013,0.000692671028141301,
36.3696179775863));
#1903=CARTESIAN_POINT('Ctrl Pts',(-14.7184606485699,0.000547879018029593,
36.3701600106573));
#1904=CARTESIAN_POINT('Ctrl Pts',(-14.5780298453976,-5.34666736116724,36.3662151616111));
#1905=CARTESIAN_POINT('Ctrl Pts',(-14.2813475549858,-16.647108370974,33.842289781526));
#1906=CARTESIAN_POINT('Ctrl Pts',(-13.8284137773345,-30.3967012712485,22.5722678470393));
#1907=CARTESIAN_POINT('Ctrl Pts',(-13.3596593156159,-37.4480167519713,5.57788222691202));
#1908=CARTESIAN_POINT('Ctrl Pts',(-12.8909048538972,-35.6555382313447,-12.733786537857));
#1909=CARTESIAN_POINT('Ctrl Pts',(-12.4221503921787,-25.4425809515292,-28.0382203748407));
#1910=CARTESIAN_POINT('Ctrl Pts',(-11.95339593046,-9.22105598900609,-36.7210954820876));
#1911=CARTESIAN_POINT('Ctrl Pts',(-11.4846414687415,9.17813084418537,-36.731847777514));
#1912=CARTESIAN_POINT('Ctrl Pts',(-11.0158870070228,25.4097930828727,-28.0679379812956));
#1913=CARTESIAN_POINT('Ctrl Pts',(-10.5471325453042,35.6406309062147,-12.7754512860732));
#1914=CARTESIAN_POINT('Ctrl Pts',(-10.0783780835856,37.4545104627245,5.53410995570578));
#1915=CARTESIAN_POINT('Ctrl Pts',(-9.60962362186704,30.4230625501298,22.5367254066002));
#1916=CARTESIAN_POINT('Ctrl Pts',(-9.15631781019511,16.6753681625886,33.8320801100144));
#1917=CARTESIAN_POINT('Ctrl Pts',(-8.85926348576273,5.3608305705669,36.3662966530418));
#1918=CARTESIAN_POINT('Ctrl Pts',(-8.71846064856987,-0.00053712976182882,
36.3701917660481));
#1919=CARTESIAN_POINT('Origin',(-55.,0.,0.));
#1920=CARTESIAN_POINT('',(-30.,-6.12323399573677E-15,50.));
#1921=CARTESIAN_POINT('Origin',(-30.,0.,0.));
#1922=CARTESIAN_POINT('',(-40.,-6.12323399573677E-15,50.));
#1923=CARTESIAN_POINT('',(-55.,-6.12323399573677E-15,50.));
#1924=CARTESIAN_POINT('Origin',(-40.,0.,0.));
#1925=CARTESIAN_POINT('Origin',(75.,0.,0.));
#1926=CARTESIAN_POINT('',(70.,-55.,6.73555739531044E-15));
#1927=CARTESIAN_POINT('Origin',(70.,0.,0.));
#1928=CARTESIAN_POINT('',(80.,-55.,-6.73555739531044E-15));
#1929=CARTESIAN_POINT('',(75.,-55.,-6.73555739531044E-15));
#1930=CARTESIAN_POINT('',(80.,-5.,54.7722557505166));
#1931=CARTESIAN_POINT('Origin',(80.,0.,0.));
#1932=CARTESIAN_POINT('',(75.,-5.,54.7722557505166));
#1933=CARTESIAN_POINT('',(75.,-5.,54.7722557505166));
#1934=CARTESIAN_POINT('',(75.,5.,54.7722557505166));
#1935=CARTESIAN_POINT('Origin',(75.,0.,0.));
#1936=CARTESIAN_POINT('',(80.,5.,54.7722557505166));
#1937=CARTESIAN_POINT('',(75.,5.,54.7722557505166));
#1938=CARTESIAN_POINT('Origin',(80.,0.,0.));
#1939=CARTESIAN_POINT('Origin',(70.,70.,0.));
#1940=CARTESIAN_POINT('',(70.,7.34788079488412E-15,60.));
#1941=CARTESIAN_POINT('Origin',(70.,0.,0.));
#1942=CARTESIAN_POINT('Origin',(80.,50.,0.));
#1943=CARTESIAN_POINT('',(80.,5.,59.791303715507));
#1944=CARTESIAN_POINT('',(80.,5.,0.));
#1945=CARTESIAN_POINT('',(80.,-5.,59.791303715507));
#1946=CARTESIAN_POINT('Origin',(80.,0.,0.));
#1947=CARTESIAN_POINT('',(80.,-5.,0.));
#1948=CARTESIAN_POINT('Origin',(75.,5.,0.));
#1949=CARTESIAN_POINT('',(75.,-5.,39.6862696659689));
#1950=CARTESIAN_POINT('',(75.,-5.,0.));
#1951=CARTESIAN_POINT('',(75.,4.89858719658941E-15,40.));
#1952=CARTESIAN_POINT('Origin',(75.,0.,0.));
#1953=CARTESIAN_POINT('',(75.,5.,39.6862696659689));
#1954=CARTESIAN_POINT('Origin',(75.,0.,0.));
#1955=CARTESIAN_POINT('',(75.,5.,0.));
#1956=CARTESIAN_POINT('Origin',(75.,-5.,0.));
#1957=CARTESIAN_POINT('',(110.,-5.,59.791303715507));
#1958=CARTESIAN_POINT('',(60.,-5.,59.791303715507));
#1959=CARTESIAN_POINT('',(120.,-5.,49.749371855331));
#1960=CARTESIAN_POINT('Ctrl Pts',(120.,-5.,49.749371855331));
#1961=CARTESIAN_POINT('Ctrl Pts',(120.,-5.,50.3702612606587));
#1962=CARTESIAN_POINT('Ctrl Pts',(119.938983388136,-5.,51.0483937306553));
#1963=CARTESIAN_POINT('Ctrl Pts',(119.675623829508,-5.,52.3766131912929));
#1964=CARTESIAN_POINT('Ctrl Pts',(119.473267894163,-5.,53.0266976065229));
#1965=CARTESIAN_POINT('Ctrl Pts',(118.999742684966,-5.,54.1726085678658));
#1966=CARTESIAN_POINT('Ctrl Pts',(118.685280643765,-5.,54.7741790866327));
#1967=CARTESIAN_POINT('Ctrl Pts',(117.936653172461,-5.,55.8975114838874));
#1968=CARTESIAN_POINT('Ctrl Pts',(117.502474779622,-5.,56.4192647235069));
#1969=CARTESIAN_POINT('Ctrl Pts',(116.629172341819,-5.,57.2944980363785));
#1970=CARTESIAN_POINT('Ctrl Pts',(116.109823697769,-5.,57.7288327078247));
#1971=CARTESIAN_POINT('Ctrl Pts',(114.991150938831,-5.,58.4780504329851));
#1972=CARTESIAN_POINT('Ctrl Pts',(114.391820452105,-5.,58.7929239727297));
#1973=CARTESIAN_POINT('Ctrl Pts',(113.2523655213,-5.,59.2658307175708));
#1974=CARTESIAN_POINT('Ctrl Pts',(112.607382048652,-5.,59.4676207767129));
#1975=CARTESIAN_POINT('Ctrl Pts',(111.289347536055,-5.,59.730359296112));
#1976=CARTESIAN_POINT('Ctrl Pts',(110.616295690599,-5.,59.791303715507));
#1977=CARTESIAN_POINT('Ctrl Pts',(110.,-5.,59.791303715507));
#1978=CARTESIAN_POINT('',(120.,-5.,39.6862696659689));
#1979=CARTESIAN_POINT('',(120.,-5.,0.));
#1980=CARTESIAN_POINT('',(120.,-5.,39.6862696659689));
#1981=CARTESIAN_POINT('Origin',(60.,0.,0.));
#1982=CARTESIAN_POINT('',(32.3606797749979,-7.34788079488412E-15,60.));
#1983=CARTESIAN_POINT('',(60.,-7.34788079488412E-15,60.));
#1984=CARTESIAN_POINT('',(32.3606797749979,-59.1607978309962,10.));
#1985=CARTESIAN_POINT('Origin',(32.3606797749979,0.,0.));
#1986=CARTESIAN_POINT('',(54.,-59.1607978309962,10.));
#1987=CARTESIAN_POINT('',(60.,-59.1607978309962,10.));
#1988=CARTESIAN_POINT('',(60.,-59.8665181883831,4.));
#1989=CARTESIAN_POINT('Ctrl Pts',(60.,-59.8665181883831,4.));
#1990=CARTESIAN_POINT('Ctrl Pts',(60.,-59.8160069626404,4.7559828036604));
#1991=CARTESIAN_POINT('Ctrl Pts',(59.8484920788871,-59.7463738340889,5.5609347997288));
#1992=CARTESIAN_POINT('Ctrl Pts',(59.2343431693196,-59.5901692761385,7.04023492775436));
#1993=CARTESIAN_POINT('Ctrl Pts',(58.771758174827,-59.5043922264365,7.71469007853091));
#1994=CARTESIAN_POINT('Ctrl Pts',(57.7067470475659,-59.3569227512754,8.77736280737652));
#1995=CARTESIAN_POINT('Ctrl Pts',(57.0337661658483,-59.2854018356526,9.2378023746309));
#1996=CARTESIAN_POINT('Ctrl Pts',(55.5574574534803,-59.1869071066932,9.84915688737236));
#1997=CARTESIAN_POINT('Ctrl Pts',(54.7540423255791,-59.1607978309962,10.));
#1998=CARTESIAN_POINT('Ctrl Pts',(54.,-59.1607978309962,10.));
#1999=CARTESIAN_POINT('',(60.,-59.8665181883831,-4.));
#2000=CARTESIAN_POINT('Origin',(60.,0.,0.));
#2001=CARTESIAN_POINT('',(54.,-59.1607978309962,-10.));
#2002=CARTESIAN_POINT('Ctrl Pts',(54.,-59.1607978309962,-10.));
#2003=CARTESIAN_POINT('Ctrl Pts',(54.7551513194929,-59.1607978309962,-10.));
#2004=CARTESIAN_POINT('Ctrl Pts',(55.5596692384319,-59.1869847129936,-9.84871677804585));
#2005=CARTESIAN_POINT('Ctrl Pts',(57.0376584526455,-59.2857317636296,-9.23571275625377));
#2006=CARTESIAN_POINT('Ctrl Pts',(57.71121750839,-59.3574228399317,-8.77406386584862));
#2007=CARTESIAN_POINT('Ctrl Pts',(58.7750550568005,-59.5049689337262,-7.71022631743811));
#2008=CARTESIAN_POINT('Ctrl Pts',(59.2364306162929,-59.5906174831831,-7.03635058467853));
#2009=CARTESIAN_POINT('Ctrl Pts',(59.8489310615888,-59.7465685488058,-5.55872900881635));
#2010=CARTESIAN_POINT('Ctrl Pts',(60.,-59.8160808683872,-4.75487668372617));
#2011=CARTESIAN_POINT('Ctrl Pts',(60.,-59.8665181883831,-4.));
#2012=CARTESIAN_POINT('',(32.3606797749979,-59.1607978309962,-10.));
#2013=CARTESIAN_POINT('',(60.,-59.1607978309962,-10.));
#2014=CARTESIAN_POINT('Origin',(32.3606797749979,0.,0.));
#2015=CARTESIAN_POINT('Origin',(54.,-70.,-4.));
#2016=CARTESIAN_POINT('',(54.,-50.,-10.));
#2017=CARTESIAN_POINT('',(60.,-50.,-4.));
#2018=CARTESIAN_POINT('Origin',(54.,-50.,-4.));
#2019=CARTESIAN_POINT('',(54.,-70.,-10.));
#2020=CARTESIAN_POINT('',(60.,-70.,-4.));
#2021=CARTESIAN_POINT('Origin',(40.,-50.,0.));
#2022=CARTESIAN_POINT('',(60.,-50.,4.));
#2023=CARTESIAN_POINT('',(60.,-50.,10.));
#2024=CARTESIAN_POINT('',(54.,-50.,10.));
#2025=CARTESIAN_POINT('Origin',(54.,-50.,4.));
#2026=CARTESIAN_POINT('',(27.8557773429618,-50.,10.));
#2027=CARTESIAN_POINT('',(20.,-50.,10.));
#2028=CARTESIAN_POINT('',(27.8557773429618,-50.,-10.));
#2029=CARTESIAN_POINT('Ctrl Pts',(27.8557773429618,-50.,-10.));
#2030=CARTESIAN_POINT('Ctrl Pts',(26.8751966672709,-50.,3.33066907387547E-15));
#2031=CARTESIAN_POINT('Ctrl Pts',(27.8557773429618,-50.,10.));
#2032=CARTESIAN_POINT('',(60.,-50.,-10.));
#2033=CARTESIAN_POINT('Origin',(60.,-70.,10.));
#2034=CARTESIAN_POINT('',(60.,-70.,4.));
#2035=CARTESIAN_POINT('Origin',(54.,-70.,4.));
#2036=CARTESIAN_POINT('',(54.,-70.,10.));
#2037=CARTESIAN_POINT('Origin',(20.,-70.,10.));
#2038=CARTESIAN_POINT('Ctrl Pts',(27.8557773429618,-50.,10.));
#2039=CARTESIAN_POINT('Ctrl Pts',(29.9192023643692,-54.2085777795967,10.));
#2040=CARTESIAN_POINT('Ctrl Pts',(32.3606797749979,-59.1607978309962,10.));
#2041=CARTESIAN_POINT('Origin',(60.,-70.,-10.));
#2042=CARTESIAN_POINT('Ctrl Pts',(32.3606797749979,-59.1607978309962,-10.));
#2043=CARTESIAN_POINT('Ctrl Pts',(29.9192023643692,-54.2085777795967,-10.));
#2044=CARTESIAN_POINT('Ctrl Pts',(27.8557773429618,-50.,-10.));
#2045=CARTESIAN_POINT('Origin',(60.,0.,0.));
#2046=CARTESIAN_POINT('',(110.,5.,59.791303715507));
#2047=CARTESIAN_POINT('',(60.,5.,59.791303715507));
#2048=CARTESIAN_POINT('Origin',(110.,0.,0.));
#2049=CARTESIAN_POINT('Origin',(125.,5.,0.));
#2050=CARTESIAN_POINT('',(120.,5.,39.6862696659689));
#2051=CARTESIAN_POINT('',(120.,5.,39.6862696659689));
#2052=CARTESIAN_POINT('',(120.,5.,49.749371855331));
#2053=CARTESIAN_POINT('',(120.,5.,0.));
#2054=CARTESIAN_POINT('Ctrl Pts',(110.,5.,59.791303715507));
#2055=CARTESIAN_POINT('Ctrl Pts',(110.616295690599,5.,59.791303715507));
#2056=CARTESIAN_POINT('Ctrl Pts',(111.289347536055,5.,59.730359296112));
#2057=CARTESIAN_POINT('Ctrl Pts',(112.607382048652,5.,59.4676207767129));
#2058=CARTESIAN_POINT('Ctrl Pts',(113.2523655213,5.,59.2658307175708));
#2059=CARTESIAN_POINT('Ctrl Pts',(114.391820452105,5.,58.7929239727297));
#2060=CARTESIAN_POINT('Ctrl Pts',(114.991150938831,5.,58.4780504329851));
#2061=CARTESIAN_POINT('Ctrl Pts',(116.109823697769,5.,57.7288327078247));
#2062=CARTESIAN_POINT('Ctrl Pts',(116.629172341819,5.,57.2944980363785));
#2063=CARTESIAN_POINT('Ctrl Pts',(117.502474779622,5.,56.4192647235069));
#2064=CARTESIAN_POINT('Ctrl Pts',(117.936653172461,5.,55.8975114838874));
#2065=CARTESIAN_POINT('Ctrl Pts',(118.685280643765,5.,54.7741790866327));
#2066=CARTESIAN_POINT('Ctrl Pts',(118.999742684966,5.,54.1726085678658));
#2067=CARTESIAN_POINT('Ctrl Pts',(119.473267894163,5.,53.0266976065229));
#2068=CARTESIAN_POINT('Ctrl Pts',(119.675623829508,5.,52.3766131912929));
#2069=CARTESIAN_POINT('Ctrl Pts',(119.938983388136,5.,51.0483937306553));
#2070=CARTESIAN_POINT('Ctrl Pts',(120.,5.,50.3702612606587));
#2071=CARTESIAN_POINT('Ctrl Pts',(120.,5.,49.749371855331));
#2072=CARTESIAN_POINT('Origin',(120.,0.,0.));
#2073=CARTESIAN_POINT('',(40.,-4.89858719658941E-15,40.));
#2074=CARTESIAN_POINT('',(120.,4.89858719658941E-15,40.));
#2075=CARTESIAN_POINT('Origin',(40.,0.,0.));
#2076=CARTESIAN_POINT('Origin',(120.,0.,0.));
#2077=CARTESIAN_POINT('Origin',(37.5,0.,0.));
#2078=CARTESIAN_POINT('',(35.,4.28626379701574E-15,35.));
#2079=CARTESIAN_POINT('',(37.5,-4.59242549680258E-15,37.5));
#2080=CARTESIAN_POINT('Origin',(35.,0.,0.));
#2081=CARTESIAN_POINT('Origin',(35.,0.,0.));
#2082=CARTESIAN_POINT('',(35.,-2.75545529808154E-15,-22.5));
#2083=CARTESIAN_POINT('Origin',(35.,0.,0.));
#2084=CARTESIAN_POINT('Origin',(-40.,0.,0.));
#2085=CARTESIAN_POINT('',(-40.,3.06161699786838E-15,25.));
#2086=CARTESIAN_POINT('Origin',(-40.,0.,0.));
#2087=CARTESIAN_POINT('Origin',(-35.,0.,0.));
#2088=CARTESIAN_POINT('',(-30.,-1.83697019872103E-15,15.));
#2089=CARTESIAN_POINT('',(-35.,2.44929359829471E-15,20.));
#2090=CARTESIAN_POINT('Origin',(-30.,0.,0.));
#2091=CARTESIAN_POINT('Origin',(35.,0.,0.));
#2092=CARTESIAN_POINT('',(27.5,1.83697019872103E-15,15.));
#2093=CARTESIAN_POINT('',(27.5,-1.83697019872103E-15,-15.));
#2094=CARTESIAN_POINT('Origin',(27.5,0.,0.));
#2095=CARTESIAN_POINT('',(35.,1.83697019872103E-15,15.));
#2096=CARTESIAN_POINT('Origin',(27.5,0.,0.));
#2097=CARTESIAN_POINT('Origin',(22.2656797749979,3.59810362502843E-15,0.));
#2098=CARTESIAN_POINT('',(22.2656797749979,37.2320450755296,-14.0929386393943));
#2099=CARTESIAN_POINT('Ctrl Pts',(22.2656797749979,-27.8453800139488,-23.393596792364));
#2100=CARTESIAN_POINT('Ctrl Pts',(22.2656797749979,-27.4454102234537,-23.9172366221981));
#2101=CARTESIAN_POINT('Ctrl Pts',(22.2656797749979,-27.0316065380981,-24.429521523212));
#2102=CARTESIAN_POINT('Ctrl Pts',(22.2656797749979,-26.6044089294229,-24.9298572914693));
#2103=CARTESIAN_POINT('Ctrl Pts',(22.2656797749979,-26.1766499855614,-25.4308504980313));
#2104=CARTESIAN_POINT('Ctrl Pts',(22.2656797749979,-25.73546167377,-25.9198635820695));
#2105=CARTESIAN_POINT('Ctrl Pts',(22.2656797749979,-25.2812388297367,-26.3962772403485));
#2106=CARTESIAN_POINT('Ctrl Pts',(22.2656797749979,-25.2033256747781,-26.4779968008451));
#2107=CARTESIAN_POINT('Ctrl Pts',(22.2656797749979,-25.1250289009385,-26.559345588106));
#2108=CARTESIAN_POINT('Ctrl Pts',(22.2656797749979,-25.0463503699761,-26.6403203949303));
#2109=CARTESIAN_POINT('Ctrl Pts',(22.2656797749979,-24.5917419534483,-27.1081968061795));
#2110=CARTESIAN_POINT('Ctrl Pts',(22.2656797749979,-24.1243915608688,-27.5635902203669));
#2111=CARTESIAN_POINT('Ctrl Pts',(22.2656797749979,-23.6449486535512,-28.0061969447668));
#2112=CARTESIAN_POINT('Ctrl Pts',(22.2656797749979,-23.1491755655824,-28.4638791821351));
#2113=CARTESIAN_POINT('Ctrl Pts',(22.2656797749979,-22.6404719908924,-28.9078893552787));
#2114=CARTESIAN_POINT('Ctrl Pts',(22.2656797749979,-22.1195137661484,-29.3378521747625));
#2115=CARTESIAN_POINT('Ctrl Pts',(22.2656797749979,-21.8915945428229,-29.5259609082866));
#2116=CARTESIAN_POINT('Ctrl Pts',(22.2656797749979,-21.6613291868324,-29.7113803456993));
#2117=CARTESIAN_POINT('Ctrl Pts',(22.2656797749979,-21.4287720293374,-29.8940764140301));
#2118=CARTESIAN_POINT('Ctrl Pts',(22.2656797749979,-21.3311554645166,-29.9707636370286));
#2119=CARTESIAN_POINT('Ctrl Pts',(22.2656797749979,-21.2331350857028,-30.0469710023262));
#2120=CARTESIAN_POINT('Ctrl Pts',(22.2656797749979,-21.1347148454235,-30.1226959006048));
#2121=CARTESIAN_POINT('Ctrl Pts',(22.2656797749979,-21.0720868690675,-30.1708820981338));
#2122=CARTESIAN_POINT('Ctrl Pts',(22.2656797749979,-21.009294663987,-30.2188746499738));
#2123=CARTESIAN_POINT('Ctrl Pts',(22.2656797749979,-20.9463590935835,-30.2666579297679));
#2124=CARTESIAN_POINT('Ctrl Pts',(22.2656797749979,-20.4210208739567,-30.6655163650539));
#2125=CARTESIAN_POINT('Ctrl Pts',(22.2656797749979,-19.8854161052973,-31.0500139815809));
#2126=CARTESIAN_POINT('Ctrl Pts',(22.2656797749979,-19.3402371322222,-31.4198744762707));
#2127=CARTESIAN_POINT('Ctrl Pts',(22.2656797749979,-18.7914840361422,-31.7921597286419));
#2128=CARTESIAN_POINT('Ctrl Pts',(22.2656797749979,-18.2330304417842,-32.1496156079337));
#2129=CARTESIAN_POINT('Ctrl Pts',(22.2656797749979,-17.6655428774916,-32.491925093613));
#2130=CARTESIAN_POINT('Ctrl Pts',(22.2656797749979,-17.0963676346387,-32.8352525899348));
#2131=CARTESIAN_POINT('Ctrl Pts',(22.2656797749979,-16.5181042295016,-33.1633437568761));
#2132=CARTESIAN_POINT('Ctrl Pts',(22.2656797749979,-15.9313910427421,-33.4758390297592));
#2133=CARTESIAN_POINT('Ctrl Pts',(22.2656797749979,-15.3463530801154,-33.7874420444925));
#2134=CARTESIAN_POINT('Ctrl Pts',(22.2656797749979,-14.7529131131597,-34.0835383506512));
#2135=CARTESIAN_POINT('Ctrl Pts',(22.2656797749979,-14.1516761399075,-34.3637280529453));
#2136=CARTESIAN_POINT('Ctrl Pts',(22.2656797749979,-13.7937822952977,-34.5305144853095));
#2137=CARTESIAN_POINT('Ctrl Pts',(22.2656797749979,-13.4331251753527,-34.6916637663406));
#2138=CARTESIAN_POINT('Ctrl Pts',(22.2656797749979,-13.069828566219,-34.8470836485734));
#2139=CARTESIAN_POINT('Ctrl Pts',(22.2656797749979,-12.9458489172423,-34.9001226859847));
#2140=CARTESIAN_POINT('Ctrl Pts',(22.2656797749979,-12.8215618507204,-34.9524944230496));
#2141=CARTESIAN_POINT('Ctrl Pts',(22.2656797749979,-12.6969722221513,-35.0041950279682));
#2142=CARTESIAN_POINT('Ctrl Pts',(22.2656797749979,-12.6350584192482,-35.0298872232148));
#2143=CARTESIAN_POINT('Ctrl Pts',(22.2656797749979,-12.5730685654109,-35.0554141922772));
#2144=CARTESIAN_POINT('Ctrl Pts',(22.2656797749979,-12.511022602215,-35.0807676479558));
#2145=CARTESIAN_POINT('Ctrl Pts',(22.2656797749979,-11.8894902865304,-35.3347405288144));
#2146=CARTESIAN_POINT('Ctrl Pts',(22.2656797749979,-11.2618896007431,-35.5714894585505));
#2147=CARTESIAN_POINT('Ctrl Pts',(22.2656797749979,-10.6289071325539,-35.790726909308));
#2148=CARTESIAN_POINT('Ctrl Pts',(22.2656797749979,-10.3344240287509,-35.8927229806266));
#2149=CARTESIAN_POINT('Ctrl Pts',(22.2656797749979,-10.0387755852131,-35.9909283271722));
#2150=CARTESIAN_POINT('Ctrl Pts',(22.2656797749979,-9.74202847144079,-36.0853110564608));
#2151=CARTESIAN_POINT('Ctrl Pts',(22.2656797749979,-9.11531282173643,-36.2846428469372));
#2152=CARTESIAN_POINT('Ctrl Pts',(22.2656797749979,-8.48369840943185,-36.4669275207326));
#2153=CARTESIAN_POINT('Ctrl Pts',(22.2656797749979,-7.84790762725436,-36.6322656652986));
#2154=CARTESIAN_POINT('Ctrl Pts',(22.2656797749979,-7.17981718247558,-36.8060033753102));
#2155=CARTESIAN_POINT('Ctrl Pts',(22.2656797749979,-6.50711496644188,-36.9610294599617));
#2156=CARTESIAN_POINT('Ctrl Pts',(22.2656797749979,-5.83061213744754,-37.0974061699579));
#2157=CARTESIAN_POINT('Ctrl Pts',(22.2656797749979,-5.17421592629382,-37.2297295718632));
#2158=CARTESIAN_POINT('Ctrl Pts',(22.2656797749979,-4.51424108750692,-37.3444954891904));
#2159=CARTESIAN_POINT('Ctrl Pts',(22.2656797749979,-3.85141077600455,-37.4417098307998));
#2160=CARTESIAN_POINT('Ctrl Pts',(22.2656797749979,-3.18793559491692,-37.5390187525318));
#2161=CARTESIAN_POINT('Ctrl Pts',(22.2656797749979,-2.52159891639704,-37.6187419948607));
#2162=CARTESIAN_POINT('Ctrl Pts',(22.2656797749979,-1.8531154735036,-37.6808343144229));
#2163=CARTESIAN_POINT('Ctrl Pts',(22.2656797749979,-1.1865605060803,-37.7427475068632));
#2164=CARTESIAN_POINT('Ctrl Pts',(22.2656797749979,-0.517870673182487,-37.7871313923296));
#2165=CARTESIAN_POINT('Ctrl Pts',(22.2656797749979,0.152248919613993,-37.8138895525639));
#2166=CARTESIAN_POINT('Ctrl Pts',(22.2656797749979,0.506026123340922,-37.8280160267131));
#2167=CARTESIAN_POINT('Ctrl Pts',(22.2656797749979,0.860201833082546,-37.8372291384695));
#2168=CARTESIAN_POINT('Ctrl Pts',(22.2656797749979,1.21467200922095,-37.8415088192994));
#2169=CARTESIAN_POINT('Ctrl Pts',(22.2656797749979,1.34303674678696,-37.8430586255837));
#2170=CARTESIAN_POINT('Ctrl Pts',(22.2656797749979,1.47144009633045,-37.8439614274604));
#2171=CARTESIAN_POINT('Ctrl Pts',(22.2656797749979,1.59987710044055,-37.8442161389515));
#2172=CARTESIAN_POINT('Ctrl Pts',(22.2656797749979,1.65917036247138,-37.8443337271441));
#2173=CARTESIAN_POINT('Ctrl Pts',(22.2656797749979,1.71846277927158,-37.8443131627879));
#2174=CARTESIAN_POINT('Ctrl Pts',(22.2656797749979,1.77774570149319,-37.84415450589));
#2175=CARTESIAN_POINT('Ctrl Pts',(22.2656797749979,2.45590411198821,-37.8423395732642));
#2176=CARTESIAN_POINT('Ctrl Pts',(22.2656797749979,3.13315133091553,-37.8224588708747));
#2177=CARTESIAN_POINT('Ctrl Pts',(22.2656797749979,3.80874237368999,-37.7846030960226));
#2178=CARTESIAN_POINT('Ctrl Pts',(22.2656797749979,4.48733898986056,-37.7465789081773));
#2179=CARTESIAN_POINT('Ctrl Pts',(22.2656797749979,5.16426512408732,-37.6904194299884));
#2180=CARTESIAN_POINT('Ctrl Pts',(22.2656797749979,5.83878046199158,-37.6161659487573));
#2181=CARTESIAN_POINT('Ctrl Pts',(22.2656797749979,6.51428792963708,-37.5418032497175));
#2182=CARTESIAN_POINT('Ctrl Pts',(22.2656797749979,7.18737797988106,-37.449293334223));
#2183=CARTESIAN_POINT('Ctrl Pts',(22.2656797749979,7.85731462041313,-37.3386260924673));
#2184=CARTESIAN_POINT('Ctrl Pts',(22.2656797749979,8.10582059202122,-37.2975752396347));
#2185=CARTESIAN_POINT('Ctrl Pts',(22.2656797749979,8.35389270544713,-37.2540254954969));
#2186=CARTESIAN_POINT('Ctrl Pts',(22.2656797749979,8.60149345775832,-37.2079745197206));
#2187=CARTESIAN_POINT('Ctrl Pts',(22.2656797749979,9.26354569862501,-37.0848401939067));
#2188=CARTESIAN_POINT('Ctrl Pts',(22.2656797749979,9.92222832396685,-36.9438268680037));
#2189=CARTESIAN_POINT('Ctrl Pts',(22.2656797749979,10.5769206899774,-36.7853046796964));
#2190=CARTESIAN_POINT('Ctrl Pts',(22.2656797749979,11.261853735028,-36.6194602452989));
#2191=CARTESIAN_POINT('Ctrl Pts',(22.2656797749979,11.9424199494237,-36.4344523458828));
#2192=CARTESIAN_POINT('Ctrl Pts',(22.2656797749979,12.617898074793,-36.2306454302977));
#2193=CARTESIAN_POINT('Ctrl Pts',(22.2656797749979,13.208941434491,-36.0523143791607));
#2194=CARTESIAN_POINT('Ctrl Pts',(22.2656797749979,13.7960892868403,-35.8595893401756));
#2195=CARTESIAN_POINT('Ctrl Pts',(22.2656797749979,14.3788469390984,-35.6526781322412));
#2196=CARTESIAN_POINT('Ctrl Pts',(22.2656797749979,14.8887598848243,-35.4716308252986));
#2197=CARTESIAN_POINT('Ctrl Pts',(22.2656797749979,15.3953115356871,-35.2797216849988));
#2198=CARTESIAN_POINT('Ctrl Pts',(22.2656797749979,15.8981611439212,-35.0770695981993));
#2199=CARTESIAN_POINT('Ctrl Pts',(22.2656797749979,15.9603624441052,-35.0520020172019));
#2200=CARTESIAN_POINT('Ctrl Pts',(22.2656797749979,16.0225070863056,-35.0267700340774));
#2201=CARTESIAN_POINT('Ctrl Pts',(22.2656797749979,16.0845944145389,-35.0013738543008));
#2202=CARTESIAN_POINT('Ctrl Pts',(22.2656797749979,16.1306056968848,-34.9825534149059));
#2203=CARTESIAN_POINT('Ctrl Pts',(22.2656797749979,16.1765822930223,-34.9636441015324));
#2204=CARTESIAN_POINT('Ctrl Pts',(22.2656797749979,16.2225161480552,-34.9446492946636));
#2205=CARTESIAN_POINT('Ctrl Pts',(22.2656797749979,16.8521894626357,-34.6842635074856));
#2206=CARTESIAN_POINT('Ctrl Pts',(22.2656797749979,17.4742660939855,-34.4076388096328));
#2207=CARTESIAN_POINT('Ctrl Pts',(22.2656797749979,18.0881389315341,-34.1152256909882));
#2208=CARTESIAN_POINT('Ctrl Pts',(22.2656797749979,18.7070652231273,-33.8204054023781));
#2209=CARTESIAN_POINT('Ctrl Pts',(22.2656797749979,19.317652525369,-33.5095355652617));
#2210=CARTESIAN_POINT('Ctrl Pts',(22.2656797749979,19.9192727854241,-33.1830252890561));
#2211=CARTESIAN_POINT('Ctrl Pts',(22.2656797749979,20.5244937712693,-32.8545608333618));
#2212=CARTESIAN_POINT('Ctrl Pts',(22.2656797749979,21.1206405056205,-32.5102680244482));
#2213=CARTESIAN_POINT('Ctrl Pts',(22.2656797749979,21.7070610910662,-32.1505122756767));
#2214=CARTESIAN_POINT('Ctrl Pts',(22.2656797749979,22.2932830694776,-31.7908783678229));
#2215=CARTESIAN_POINT('Ctrl Pts',(22.2656797749979,22.8697859266864,-31.415791805734));
#2216=CARTESIAN_POINT('Ctrl Pts',(22.2656797749979,23.4358993110576,-31.0255692396735));
#2217=CARTESIAN_POINT('Ctrl Pts',(22.2656797749979,23.9988706373923,-30.6375124976044));
#2218=CARTESIAN_POINT('Ctrl Pts',(22.2656797749979,24.5515679130191,-30.234487083921));
#2219=CARTESIAN_POINT('Ctrl Pts',(22.2656797749979,25.0933066222561,-29.8167596229229));
#2220=CARTESIAN_POINT('Ctrl Pts',(22.2656797749979,25.2837096251313,-29.6699424182422));
#2221=CARTESIAN_POINT('Ctrl Pts',(22.2656797749979,25.4727586723752,-29.5213086983308));
#2222=CARTESIAN_POINT('Ctrl Pts',(22.2656797749979,25.6604231507872,-29.3708687904952));
#2223=CARTESIAN_POINT('Ctrl Pts',(22.2656797749979,26.1961151600048,-28.9414350629354));
#2224=CARTESIAN_POINT('Ctrl Pts',(22.2656797749979,26.7205279072475,-28.4972867817485));
#2225=CARTESIAN_POINT('Ctrl Pts',(22.2656797749979,27.233245263828,-28.0389873734521));
#2226=CARTESIAN_POINT('Ctrl Pts',(22.2656797749979,27.5019853680822,-27.7987703626868));
#2227=CARTESIAN_POINT('Ctrl Pts',(22.2656797749979,27.7675117928909,-27.554664945195));
#2228=CARTESIAN_POINT('Ctrl Pts',(22.2656797749979,28.0297605135114,-27.3067482858638));
#2229=CARTESIAN_POINT('Ctrl Pts',(22.2656797749979,28.1526896013023,-27.1905373518023));
#2230=CARTESIAN_POINT('Ctrl Pts',(22.2656797749979,28.274898448287,-27.0734889497279));
#2231=CARTESIAN_POINT('Ctrl Pts',(22.2656797749979,28.3963802314428,-26.9556108380535));
#2232=CARTESIAN_POINT('Ctrl Pts',(22.2656797749979,28.4510962362408,-26.902517944976));
#2233=CARTESIAN_POINT('Ctrl Pts',(22.2656797749979,28.5056647434557,-26.8492567315464));
#2234=CARTESIAN_POINT('Ctrl Pts',(22.2656797749979,28.5600851196639,-26.7958278990123));
#2235=CARTESIAN_POINT('Ctrl Pts',(22.2656797749979,28.6136838255157,-26.7432057659339));
#2236=CARTESIAN_POINT('Ctrl Pts',(22.2656797749979,28.667142659745,-26.6904172012497));
#2237=CARTESIAN_POINT('Ctrl Pts',(22.2656797749979,28.7204385589979,-26.6374852952599));
#2238=CARTESIAN_POINT('Ctrl Pts',(22.2656797749979,29.207142024108,-26.154105852916));
#2239=CARTESIAN_POINT('Ctrl Pts',(22.2656797749979,29.6805680364732,-25.6584770343193));
#2240=CARTESIAN_POINT('Ctrl Pts',(22.2656797749979,30.1404170705608,-25.1512939313035));
#2241=CARTESIAN_POINT('Ctrl Pts',(22.2656797749979,30.6046320696438,-24.6392954573509));
#2242=CARTESIAN_POINT('Ctrl Pts',(22.2656797749979,31.0550113691113,-24.1155219806762));
#2243=CARTESIAN_POINT('Ctrl Pts',(22.2656797749979,31.4912204492438,-23.5806418207622));
#2244=CARTESIAN_POINT('Ctrl Pts',(22.2656797749979,31.9303425163413,-23.0421897523192));
#2245=CARTESIAN_POINT('Ctrl Pts',(22.2656797749979,32.3551047935491,-22.4924818546659));
#2246=CARTESIAN_POINT('Ctrl Pts',(22.2656797749979,32.7651346618973,-21.9321572365683));
#2247=CARTESIAN_POINT('Ctrl Pts',(22.2656797749979,33.1765148896627,-21.3699872904028));
#2248=CARTESIAN_POINT('Ctrl Pts',(22.2656797749979,33.573065824744,-20.7971302385864));
#2249=CARTESIAN_POINT('Ctrl Pts',(22.2656797749979,33.9543749711584,-20.2141936502263));
#2250=CARTESIAN_POINT('Ctrl Pts',(22.2656797749979,34.334922259738,-19.6324217724723));
#2251=CARTESIAN_POINT('Ctrl Pts',(22.2656797749979,34.7002888898401,-19.0406102253488));
#2252=CARTESIAN_POINT('Ctrl Pts',(22.2656797749979,35.0500244205451,-18.4393306704199));
#2253=CARTESIAN_POINT('Ctrl Pts',(22.2656797749979,35.3980700912629,-17.8409563915407));
#2254=CARTESIAN_POINT('Ctrl Pts',(22.2656797749979,35.730635614515,-17.233205005322));
#2255=CARTESIAN_POINT('Ctrl Pts',(22.2656797749979,36.047232923085,-16.6166135110396));
#2256=CARTESIAN_POINT('Ctrl Pts',(22.2656797749979,36.3602788343315,-16.0069385676032));
#2257=CARTESIAN_POINT('Ctrl Pts',(22.2656797749979,36.6577129704954,-15.3886203533598));
#2258=CARTESIAN_POINT('Ctrl Pts',(22.2656797749979,36.9390168586177,-14.7621577137452));
#2259=CARTESIAN_POINT('Ctrl Pts',(22.2656797749979,37.0387282260142,-14.5401008952782));
#2260=CARTESIAN_POINT('Ctrl Pts',(22.2656797749979,37.1364124970972,-14.3170206271238));
#2261=CARTESIAN_POINT('Ctrl Pts',(22.2656797749979,37.2320450755297,-14.092938639394));
#2262=CARTESIAN_POINT('',(22.2656797749979,-4.87531890740561E-15,39.81));
#2263=CARTESIAN_POINT('Origin',(22.2656797749979,0.,0.));
#2264=CARTESIAN_POINT('',(22.2656797749979,34.5403624853199,19.7937469363101));
#2265=CARTESIAN_POINT('Origin',(22.2656797749979,0.,0.));
#2266=CARTESIAN_POINT('Ctrl Pts',(22.2656797749979,34.5403624853199,19.7937469363101));
#2267=CARTESIAN_POINT('Ctrl Pts',(22.2656797749979,34.1683207253736,20.3859706437017));
#2268=CARTESIAN_POINT('Ctrl Pts',(22.2656797749979,33.7810482475384,20.967824850452));
#2269=CARTESIAN_POINT('Ctrl Pts',(22.2656797749979,33.3788485341303,21.5386536952088));
#2270=CARTESIAN_POINT('Ctrl Pts',(22.2656797749979,32.9785356953146,22.1068045608228));
#2271=CARTESIAN_POINT('Ctrl Pts',(22.2656797749979,32.563435102369,22.6640336449603));
#2272=CARTESIAN_POINT('Ctrl Pts',(22.2656797749979,32.1338040508441,23.2096642809765));
#2273=CARTESIAN_POINT('Ctrl Pts',(22.2656797749979,32.0328183765758,23.3379158993919));
#2274=CARTESIAN_POINT('Ctrl Pts',(22.2656797749979,31.9310297279751,23.4655265646302));
#2275=CARTESIAN_POINT('Ctrl Pts',(22.2656797749979,31.8284411306159,23.5924872124925));
#2276=CARTESIAN_POINT('Ctrl Pts',(22.2656797749979,31.3897959626902,24.1353416440286));
#2277=CARTESIAN_POINT('Ctrl Pts',(22.2656797749979,30.9365287173552,24.6663153831067));
#2278=CARTESIAN_POINT('Ctrl Pts',(22.2656797749979,30.4692384306768,25.1849607476795));
#2279=CARTESIAN_POINT('Ctrl Pts',(22.2656797749979,29.9906401026234,25.716156904359));
#2280=CARTESIAN_POINT('Ctrl Pts',(22.2656797749979,29.4973315412153,26.2344212683044));
#2281=CARTESIAN_POINT('Ctrl Pts',(22.2656797749979,28.9899220222143,26.7392280444478));
#2282=CARTESIAN_POINT('Ctrl Pts',(22.2656797749979,28.7679303576514,26.9600810090105));
#2283=CARTESIAN_POINT('Ctrl Pts',(22.2656797749979,28.5432392725911,27.1783574949052));
#2284=CARTESIAN_POINT('Ctrl Pts',(22.2656797749979,28.3158980231087,27.3940105112033));
#2285=CARTESIAN_POINT('Ctrl Pts',(22.2656797749979,28.1885117481462,27.514847510618));
#2286=CARTESIAN_POINT('Ctrl Pts',(22.2656797749979,28.0602933818697,27.6348607847817));
#2287=CARTESIAN_POINT('Ctrl Pts',(22.2656797749979,27.9312514602872,27.7540418063857));
#2288=CARTESIAN_POINT('Ctrl Pts',(22.2656797749979,27.8838174603228,27.7978510778627));
#2289=CARTESIAN_POINT('Ctrl Pts',(22.2656797749979,27.8362732685114,27.8415468622321));
#2290=CARTESIAN_POINT('Ctrl Pts',(22.2656797749979,27.7886284932402,27.8851204390782));
#2291=CARTESIAN_POINT('Ctrl Pts',(22.2656797749979,27.2768052241476,28.3532089214041));
#2292=CARTESIAN_POINT('Ctrl Pts',(22.2656797749979,26.7530919717879,28.8074619903541));
#2293=CARTESIAN_POINT('Ctrl Pts',(22.2656797749979,26.2181081186067,29.2474777481327));
#2294=CARTESIAN_POINT('Ctrl Pts',(22.2656797749979,25.6822066079294,29.6882482646879));
#2295=CARTESIAN_POINT('Ctrl Pts',(22.2656797749979,25.1349954110771,30.1147328599864));
#2296=CARTESIAN_POINT('Ctrl Pts',(22.2656797749979,24.5770643111506,30.5264868322225));
#2297=CARTESIAN_POINT('Ctrl Pts',(22.2656797749979,24.0203127213338,30.9373703242631));
#2298=CARTESIAN_POINT('Ctrl Pts',(22.2656797749979,23.4528861083163,31.3335856587237));
#2299=CARTESIAN_POINT('Ctrl Pts',(22.2656797749979,22.8753438079821,31.7146465498403));
#2300=CARTESIAN_POINT('Ctrl Pts',(22.2656797749979,22.3033717251837,32.0920322260736));
#2301=CARTESIAN_POINT('Ctrl Pts',(22.2656797749979,21.7214777369549,32.454554550645));
#2302=CARTESIAN_POINT('Ctrl Pts',(22.2656797749979,21.1301849182007,32.8016944751905));
#2303=CARTESIAN_POINT('Ctrl Pts',(22.2656797749979,20.7655871492495,33.0157448373609));
#2304=CARTESIAN_POINT('Ctrl Pts',(22.2656797749979,20.3974154838513,33.2239457393639));
#2305=CARTESIAN_POINT('Ctrl Pts',(22.2656797749979,20.0257896533625,33.4261660442774));
#2306=CARTESIAN_POINT('Ctrl Pts',(22.2656797749979,19.8717665973217,33.5099777355027));
#2307=CARTESIAN_POINT('Ctrl Pts',(22.2656797749979,19.7171501800609,33.5927620220984));
#2308=CARTESIAN_POINT('Ctrl Pts',(22.2656797749979,19.5619488389122,33.6745091874053));
#2309=CARTESIAN_POINT('Ctrl Pts',(22.2656797749979,19.4999464681599,33.7071668823311));
#2310=CARTESIAN_POINT('Ctrl Pts',(22.2656797749979,19.4378486659125,33.7396601009516));
#2311=CARTESIAN_POINT('Ctrl Pts',(22.2656797749979,19.3756763403037,33.7719777214478));
#2312=CARTESIAN_POINT('Ctrl Pts',(22.2656797749979,18.766492564575,34.0886358146377));
#2313=CARTESIAN_POINT('Ctrl Pts',(22.2656797749979,18.1497411906291,34.3886591794006));
#2314=CARTESIAN_POINT('Ctrl Pts',(22.2656797749979,17.5260031435759,34.6716544486653));
#2315=CARTESIAN_POINT('Ctrl Pts',(22.2656797749979,17.2193447174839,34.8107879908216));
#2316=CARTESIAN_POINT('Ctrl Pts',(22.2656797749979,16.9109970609332,34.9458049069234));
#2317=CARTESIAN_POINT('Ctrl Pts',(22.2656797749979,16.6010268849241,35.076654455376));
#2318=CARTESIAN_POINT('Ctrl Pts',(22.2656797749979,15.9746217306707,35.3410825775834));
#2319=CARTESIAN_POINT('Ctrl Pts',(22.2656797749979,15.3415916349637,35.5884948673006));
#2320=CARTESIAN_POINT('Ctrl Pts',(22.2656797749979,14.7026656810469,35.8188530146587));
#2321=CARTESIAN_POINT('Ctrl Pts',(22.2656797749979,14.0437445142923,36.0564202292916));
#2322=CARTESIAN_POINT('Ctrl Pts',(22.2656797749979,13.3785522689161,36.27584950535));
#2323=CARTESIAN_POINT('Ctrl Pts',(22.2656797749979,12.7078710193262,36.4770443361467));
#2324=CARTESIAN_POINT('Ctrl Pts',(22.2656797749979,12.0521331874936,36.6737563542675));
#2325=CARTESIAN_POINT('Ctrl Pts',(22.2656797749979,11.3911477006646,36.8530372937213));
#2326=CARTESIAN_POINT('Ctrl Pts',(22.2656797749979,10.7256362614791,37.0147450584791));
#2327=CARTESIAN_POINT('Ctrl Pts',(22.2656797749979,10.0627147997616,37.175823503525));
#2328=CARTESIAN_POINT('Ctrl Pts',(22.2656797749979,9.39530207764508,37.3194653105963));
#2329=CARTESIAN_POINT('Ctrl Pts',(22.2656797749979,8.72410942285982,37.445478598331));
#2330=CARTESIAN_POINT('Ctrl Pts',(22.2656797749979,8.0578308142271,37.5705692968399));
#2331=CARTESIAN_POINT('Ctrl Pts',(22.2656797749979,7.38782697410103,37.6782886583877));
#2332=CARTESIAN_POINT('Ctrl Pts',(22.2656797749979,6.71479854751657,37.7683980861844));
#2333=CARTESIAN_POINT('Ctrl Pts',(22.2656797749979,6.35962323315159,37.8159512697957));
#2334=CARTESIAN_POINT('Ctrl Pts',(22.2656797749979,6.00360570549684,37.8585993053553));
#2335=CARTESIAN_POINT('Ctrl Pts',(22.2656797749979,5.64685012469008,37.8963013439074));
#2336=CARTESIAN_POINT('Ctrl Pts',(22.2656797749979,5.52358918951698,37.909327597118));
#2337=CARTESIAN_POINT('Ctrl Pts',(22.2656797749979,5.40024015915811,37.9217633921273));
#2338=CARTESIAN_POINT('Ctrl Pts',(22.2656797749979,5.27680736054583,37.9336069321126));
#2339=CARTESIAN_POINT('Ctrl Pts',(22.2656797749979,5.20358680216919,37.940632541356));
#2340=CARTESIAN_POINT('Ctrl Pts',(22.2656797749979,5.13033157295471,37.9474501806699));
#2341=CARTESIAN_POINT('Ctrl Pts',(22.2656797749979,5.05707355004038,37.9540567611037));
#2342=CARTESIAN_POINT('Ctrl Pts',(22.2656797749979,4.38136376616115,38.0149938552198));
#2343=CARTESIAN_POINT('Ctrl Pts',(22.2656797749979,3.70498078822293,38.0580234352252));
#2344=CARTESIAN_POINT('Ctrl Pts',(22.2656797749979,3.02863049625271,38.0830955089912));
#2345=CARTESIAN_POINT('Ctrl Pts',(22.2656797749979,2.35211255958889,38.1081737972886));
#2346=CARTESIAN_POINT('Ctrl Pts',(22.2656797749979,1.67562685603787,38.1152857133275));
#2347=CARTESIAN_POINT('Ctrl Pts',(22.2656797749979,0.999873695895684,38.1043294678303));
#2348=CARTESIAN_POINT('Ctrl Pts',(22.2656797749979,0.327197564988536,38.0934231113899));
#2349=CARTESIAN_POINT('Ctrl Pts',(22.2656797749979,-0.344753133768561,38.0646127650657));
#2350=CARTESIAN_POINT('Ctrl Pts',(22.2656797749979,-1.01528673984674,38.0177465233815));
#2351=CARTESIAN_POINT('Ctrl Pts',(22.2656797749979,-1.29525050686307,37.9981787501202));
#2352=CARTESIAN_POINT('Ctrl Pts',(22.2656797749979,-1.57496718790683,37.9754627422407));
#2353=CARTESIAN_POINT('Ctrl Pts',(22.2656797749979,-1.85438610673619,37.9495847662609));
#2354=CARTESIAN_POINT('Ctrl Pts',(22.2656797749979,-2.52689589387303,37.8873012523507));
#2355=CARTESIAN_POINT('Ctrl Pts',(22.2656797749979,-3.19768178659555,37.806704659433));
#2356=CARTESIAN_POINT('Ctrl Pts',(22.2656797749979,-3.86604659384796,37.7080368841257));
#2357=CARTESIAN_POINT('Ctrl Pts',(22.2656797749979,-4.54300558130245,37.6081003875572));
#2358=CARTESIAN_POINT('Ctrl Pts',(22.2656797749979,-5.21748132855289,37.489624909764));
#2359=CARTESIAN_POINT('Ctrl Pts',(22.2656797749979,-5.88873124196428,37.352810609507));
#2360=CARTESIAN_POINT('Ctrl Pts',(22.2656797749979,-6.54723475658273,37.2185942829655));
#2361=CARTESIAN_POINT('Ctrl Pts',(22.2656797749979,-7.20263415824982,37.0667286793781));
#2362=CARTESIAN_POINT('Ctrl Pts',(22.2656797749979,-7.85420459892223,36.8973571330359));
#2363=CARTESIAN_POINT('Ctrl Pts',(22.2656797749979,-8.35391810263461,36.76745982099));
#2364=CARTESIAN_POINT('Ctrl Pts',(22.2656797749979,-8.8513790197444,36.6272647147654));
#2365=CARTESIAN_POINT('Ctrl Pts',(22.2656797749979,-9.34624853647674,36.4768193638809));
#2366=CARTESIAN_POINT('Ctrl Pts',(22.2656797749979,-9.41124098197187,36.4570610014505));
#2367=CARTESIAN_POINT('Ctrl Pts',(22.2656797749979,-9.47619227236465,36.4371246883276));
#2368=CARTESIAN_POINT('Ctrl Pts',(22.2656797749979,-9.54107604079919,36.417018529598));
#2369=CARTESIAN_POINT('Ctrl Pts',(22.2656797749979,-10.1789653066104,36.2193496342837));
#2370=CARTESIAN_POINT('Ctrl Pts',(22.2656797749979,-10.8108017218983,36.005127201101));
#2371=CARTESIAN_POINT('Ctrl Pts',(22.2656797749979,-11.4359407097122,35.7746632933857));
#2372=CARTESIAN_POINT('Ctrl Pts',(22.2656797749979,-12.0634627855002,35.5433208358155));
#2373=CARTESIAN_POINT('Ctrl Pts',(22.2656797749979,-12.684236721856,35.295612678381));
#2374=CARTESIAN_POINT('Ctrl Pts',(22.2656797749979,-13.2975964235916,35.0318039766358));
#2375=CARTESIAN_POINT('Ctrl Pts',(22.2656797749979,-13.9100574813469,34.7683817856136));
#2376=CARTESIAN_POINT('Ctrl Pts',(22.2656797749979,-14.5151264442397,34.4889059968055));
#2377=CARTESIAN_POINT('Ctrl Pts',(22.2656797749979,-15.1121195221521,34.1935931118833));
#2378=CARTESIAN_POINT('Ctrl Pts',(22.2656797749979,-15.7064231185243,33.8996106252219));
#2379=CARTESIAN_POINT('Ctrl Pts',(22.2656797749979,-16.2927238362321,33.5899332057164));
#2380=CARTESIAN_POINT('Ctrl Pts',(22.2656797749979,-16.870320412463,33.2647304137037));
#2381=CARTESIAN_POINT('Ctrl Pts',(22.2656797749979,-17.441866339728,32.9429343038253));
#2382=CARTESIAN_POINT('Ctrl Pts',(22.2656797749979,-18.0048898839643,32.6059361584375));
#2383=CARTESIAN_POINT('Ctrl Pts',(22.2656797749979,-18.5586798354286,32.2538604041123));
#2384=CARTESIAN_POINT('Ctrl Pts',(22.2656797749979,-18.7428680253425,32.1367615009446));
#2385=CARTESIAN_POINT('Ctrl Pts',(22.2656797749979,-18.9260345102697,32.0179943990488));
#2386=CARTESIAN_POINT('Ctrl Pts',(22.2656797749979,-19.1081522304344,31.897562751166));
#2387=CARTESIAN_POINT('Ctrl Pts',(22.2656797749979,-19.6646397611522,31.5295661043273));
#2388=CARTESIAN_POINT('Ctrl Pts',(22.2656797749979,-20.2113380541804,31.1460299288864));
#2389=CARTESIAN_POINT('Ctrl Pts',(22.2656797749979,-20.7477023234374,30.7474406738134));
#2390=CARTESIAN_POINT('Ctrl Pts',(22.2656797749979,-21.0165737927097,30.5476337798976));
#2391=CARTESIAN_POINT('Ctrl Pts',(22.2656797749979,-21.2828478128199,30.3440437452764));
#2392=CARTESIAN_POINT('Ctrl Pts',(22.2656797749979,-21.5464516651055,30.1367290642185));
#2393=CARTESIAN_POINT('Ctrl Pts',(22.2656797749979,-21.6700159708643,30.0395503074726));
#2394=CARTESIAN_POINT('Ctrl Pts',(22.2656797749979,-21.7929935291748,29.9415531222244));
#2395=CARTESIAN_POINT('Ctrl Pts',(22.2656797749979,-21.915376630335,29.8427434074587));
#2396=CARTESIAN_POINT('Ctrl Pts',(22.2656797749979,-21.9753235278129,29.794343458571));
#2397=CARTESIAN_POINT('Ctrl Pts',(22.2656797749979,-22.0351277930562,29.7457485556251));
#2398=CARTESIAN_POINT('Ctrl Pts',(22.2656797749979,-22.0947885073208,29.6969593852846));
#2399=CARTESIAN_POINT('Ctrl Pts',(22.2656797749979,-22.14479808213,29.6560626964986));
#2400=CARTESIAN_POINT('Ctrl Pts',(22.2656797749979,-22.1947090109699,29.6150276396182));
#2401=CARTESIAN_POINT('Ctrl Pts',(22.2656797749979,-22.2445019662861,29.573870248416));
#2402=CARTESIAN_POINT('Ctrl Pts',(22.2656797749979,-22.7506902970499,29.1554698739267));
#2403=CARTESIAN_POINT('Ctrl Pts',(22.2656797749979,-23.2450891686912,28.7241056021058));
#2404=CARTESIAN_POINT('Ctrl Pts',(22.2656797749979,-23.7273018147276,28.2803715501391));
#2405=CARTESIAN_POINT('Ctrl Pts',(22.2656797749979,-24.2123604438529,27.8340186128772));
#2406=CARTESIAN_POINT('Ctrl Pts',(22.2656797749979,-24.6850889038127,27.3751491154478));
#2407=CARTESIAN_POINT('Ctrl Pts',(22.2656797749979,-25.1450506579703,26.904326011546));
#2408=CARTESIAN_POINT('Ctrl Pts',(22.2656797749979,-25.6059859550423,26.4325063758834));
#2409=CARTESIAN_POINT('Ctrl Pts',(22.2656797749979,-26.0541007569455,25.9486821157564));
#2410=CARTESIAN_POINT('Ctrl Pts',(22.2656797749979,-26.4889182416554,25.4533832875298));
#2411=CARTESIAN_POINT('Ctrl Pts',(22.2656797749979,-26.9415421166949,24.9378012725057));
#2412=CARTESIAN_POINT('Ctrl Pts',(22.2656797749979,-27.3797579502893,24.4097854538878));
#2413=CARTESIAN_POINT('Ctrl Pts',(22.2656797749979,-27.8029794589906,23.8698981965818));
#2414=CARTESIAN_POINT('Ctrl Pts',(22.2656797749979,-28.2050566162684,23.3569839679686));
#2415=CARTESIAN_POINT('Ctrl Pts',(22.2656797749979,-28.5936001778516,22.8333542845815));
#2416=CARTESIAN_POINT('Ctrl Pts',(22.2656797749979,-28.9680615973314,22.2994665494959));
#2417=CARTESIAN_POINT('Ctrl Pts',(22.2656797749979,-29.339419886732,21.770003096869));
#2418=CARTESIAN_POINT('Ctrl Pts',(22.2656797749979,-29.6969286779837,21.2304505460946));
#2419=CARTESIAN_POINT('Ctrl Pts',(22.2656797749979,-30.0400053251285,20.6812365997915));
#2420=CARTESIAN_POINT('Ctrl Pts',(22.2656797749979,-30.378225669762,20.1397968610567));
#2421=CARTESIAN_POINT('Ctrl Pts',(22.2656797749979,-30.7024197092716,19.5889669672672));
#2422=CARTESIAN_POINT('Ctrl Pts',(22.2656797749979,-31.0119800676566,19.0291439130073));
#2423=CARTESIAN_POINT('Ctrl Pts',(22.2656797749979,-31.0716250824021,18.921279151187));
#2424=CARTESIAN_POINT('Ctrl Pts',(22.2656797749979,-31.1307266805669,18.8130804951658));
#2425=CARTESIAN_POINT('Ctrl Pts',(22.2656797749979,-31.1892802965974,18.7045507452139));
#2426=CARTESIAN_POINT('Ctrl Pts',(-21.7972396265507,32.8869237649792,15.5268048637332));
#2427=CARTESIAN_POINT('Ctrl Pts',(-21.6409881393112,30.3463320781352,20.9079664006012));
#2428=CARTESIAN_POINT('Ctrl Pts',(-21.3284851648321,22.5767516839401,30.3947914371471));
#2429=CARTESIAN_POINT('Ctrl Pts',(-20.8597307031135,5.57963029696619,37.4477211364508));
#2430=CARTESIAN_POINT('Ctrl Pts',(-20.3909762413949,-12.7305896761099,35.6564270503983));
#2431=CARTESIAN_POINT('Ctrl Pts',(-19.9222217796763,-28.0365900529656,25.444709319444));
#2432=CARTESIAN_POINT('Ctrl Pts',(-19.4534673179577,-36.7202667267533,9.22378449518459));
#2433=CARTESIAN_POINT('Ctrl Pts',(-18.9847128562391,-36.7326052517501,-9.17537633748981));
#2434=CARTESIAN_POINT('Ctrl Pts',(-18.5159583945205,-28.0698008119939,-25.4076991149724));
#2435=CARTESIAN_POINT('Ctrl Pts',(-18.0472039328019,-12.7781344262502,-35.6396735118238));
#2436=CARTESIAN_POINT('Ctrl Pts',(-17.5784494710833,5.53131960095566,-37.4549252208247));
#2437=CARTESIAN_POINT('Ctrl Pts',(-17.1096950093647,22.5344460677484,-30.4247466488619));
#2438=CARTESIAN_POINT('Ctrl Pts',(-16.640940547646,34.2158163672365,-16.209405315351));
#2439=CARTESIAN_POINT('Ctrl Pts',(-16.1721860859275,37.8167045541703,1.83398087100024));
#2440=CARTESIAN_POINT('Ctrl Pts',(-15.7034316242088,32.4867343344701,19.4442500375508));
#2441=CARTESIAN_POINT('Ctrl Pts',(-15.2346771624903,19.4846331584311,32.4625289678006));
#2442=CARTESIAN_POINT('Ctrl Pts',(-14.7659227007717,1.88100590226863,37.8143959737505));
#2443=CARTESIAN_POINT('Ctrl Pts',(-14.2971682390531,-16.1668439789989,34.235944362514));
#2444=CARTESIAN_POINT('Ctrl Pts',(-13.8284137773345,-30.3967012712485,22.5722678470393));
#2445=CARTESIAN_POINT('Ctrl Pts',(-13.3596593156159,-37.4480167519713,5.57788222691202));
#2446=CARTESIAN_POINT('Ctrl Pts',(-12.8909048538972,-35.6555382313447,-12.733786537857));
#2447=CARTESIAN_POINT('Ctrl Pts',(-12.4221503921787,-25.4425809515292,-28.0382203748407));
#2448=CARTESIAN_POINT('Ctrl Pts',(-11.95339593046,-9.22105598900609,-36.7210954820876));
#2449=CARTESIAN_POINT('Ctrl Pts',(-11.4846414687415,9.17813084418537,-36.731847777514));
#2450=CARTESIAN_POINT('Ctrl Pts',(-11.0158870070228,25.4097930828727,-28.0679379812956));
#2451=CARTESIAN_POINT('Ctrl Pts',(-10.5471325453042,35.6406309062147,-12.7754512860732));
#2452=CARTESIAN_POINT('Ctrl Pts',(-10.0783780835856,37.4545104627245,5.53410995570578));
#2453=CARTESIAN_POINT('Ctrl Pts',(-9.60962362186704,30.4230625501298,22.5367254066002));
#2454=CARTESIAN_POINT('Ctrl Pts',(-9.14086916014843,16.2068471022508,34.2170254989176));
#2455=CARTESIAN_POINT('Ctrl Pts',(-8.67211469842984,-1.83680776705243,37.8165686467609));
#2456=CARTESIAN_POINT('Ctrl Pts',(-8.20336023671123,-19.4466786674916,32.4852799863341));
#2457=CARTESIAN_POINT('Ctrl Pts',(-7.73460577499263,-32.4639854453533,19.4822066510018));
#2458=CARTESIAN_POINT('Ctrl Pts',(-7.26585131327403,-37.8145365070225,1.87817883777512));
#2459=CARTESIAN_POINT('Ctrl Pts',(-6.79709685155542,-34.2347356743871,-16.1694032138754));
#2460=CARTESIAN_POINT('Ctrl Pts',(-6.32834238983683,-22.5699954289705,-30.3983886632847));
#2461=CARTESIAN_POINT('Ctrl Pts',(-5.85958792811823,-5.57508271412971,-37.4484336083436));
#2462=CARTESIAN_POINT('Ctrl Pts',(-5.39083346639961,12.7364519952175,-35.6545862065658));
#2463=CARTESIAN_POINT('Ctrl Pts',(-4.92207900468102,28.0401223034938,-25.4404848262176));
#2464=CARTESIAN_POINT('Ctrl Pts',(-4.45332454296242,36.721784715852,-9.21831081438079));
#2465=CARTESIAN_POINT('Ctrl Pts',(-3.98457008124382,36.7311615472622,9.18087677604005));
#2466=CARTESIAN_POINT('Ctrl Pts',(-3.51581561952521,28.0660383476248,25.4118912806103));
#2467=CARTESIAN_POINT('Ctrl Pts',(-3.04706115780661,12.7727868704594,35.6415858590737));
#2468=CARTESIAN_POINT('Ctrl Pts',(-2.57830669608801,-5.53690992008925,37.4540966454235));
#2469=CARTESIAN_POINT('Ctrl Pts',(-2.10955223436941,-22.5389996747994,30.4213776914738));
#2470=CARTESIAN_POINT('Ctrl Pts',(-1.64079777265081,-34.2182369755445,16.2042891011419));
#2471=CARTESIAN_POINT('Ctrl Pts',(-1.17204331093221,-37.8164312271928,-1.83963480802678));
#2472=CARTESIAN_POINT('Ctrl Pts',(-0.703288849213604,-32.4838261238491,
-19.4491071091565));
#2473=CARTESIAN_POINT('Ctrl Pts',(-0.234534387495002,-19.4797796924846,
-32.465441782304));
#2474=CARTESIAN_POINT('Ctrl Pts',(0.2342200742236,-1.87535193830697,-37.8146768080251));
#2475=CARTESIAN_POINT('Ctrl Pts',(0.702974535942206,16.171962448414,-34.2335268056768));
#2476=CARTESIAN_POINT('Ctrl Pts',(1.1717289976608,30.4000758392621,-22.5677228792587));
#2477=CARTESIAN_POINT('Ctrl Pts',(1.64048345937941,37.4488502791157,-5.57228317301607));
#2478=CARTESIAN_POINT('Ctrl Pts',(2.10923792109801,35.6536339703811,12.7391173828485));
#2479=CARTESIAN_POINT('Ctrl Pts',(2.57799238281661,25.4383885649602,28.0420240746992));
#2480=CARTESIAN_POINT('Ctrl Pts',(3.04674684453522,9.21556558504249,36.722473744775));
#2481=CARTESIAN_POINT('Ctrl Pts',(3.51550130625382,-9.18362265494773,36.7304751115397));
#2482=CARTESIAN_POINT('Ctrl Pts',(3.98425576797242,-25.4139893371722,28.064138557205));
#2483=CARTESIAN_POINT('Ctrl Pts',(4.45301022969102,-35.6425406123157,12.7701223834125));
#2484=CARTESIAN_POINT('Ctrl Pts',(4.92176469140963,-37.4536826190284,-5.53970985350283));
#2485=CARTESIAN_POINT('Ctrl Pts',(5.39051915312822,-30.4196926626919,-22.5412738170509));
#2486=CARTESIAN_POINT('Ctrl Pts',(5.85927361484682,-16.2017310095325,-34.2194482609329));
#2487=CARTESIAN_POINT('Ctrl Pts',(6.32802807656542,1.84246183875047,-37.816293596288));
#2488=CARTESIAN_POINT('Ctrl Pts',(6.79678253828403,19.4515354421122,-32.4823720798239));
#2489=CARTESIAN_POINT('Ctrl Pts',(7.26553700000264,32.4668979378289,-19.477352625104));
#2490=CARTESIAN_POINT('Ctrl Pts',(7.73429146172124,37.8148168976893,-1.87252502835772));
#2491=CARTESIAN_POINT('Ctrl Pts',(8.20304592343983,34.2323177456597,16.1745215925742));
#2492=CARTESIAN_POINT('Ctrl Pts',(8.67180038515843,22.565450203409,30.4017628453459));
#2493=CARTESIAN_POINT('Ctrl Pts',(9.14055484687704,5.56948360079202,37.4492667406025));
#2494=CARTESIAN_POINT('Ctrl Pts',(9.60930930859563,-12.7417826993447,35.6526815349421));
#2495=CARTESIAN_POINT('Ctrl Pts',(10.0780637703142,-28.0439256890751,25.4362921615405));
#2496=CARTESIAN_POINT('Ctrl Pts',(10.5468182320328,-36.7231625686941,9.21282030419788));
#2497=CARTESIAN_POINT('Ctrl Pts',(11.0155726937515,-36.7297884701118,-9.18636848252328));
#2498=CARTESIAN_POINT('Ctrl Pts',(11.48432715547,-28.062238610793,-25.4160872517226));
#2499=CARTESIAN_POINT('Ctrl Pts',(11.9530816171887,-12.7674578233485,-35.6434951663339));
#2500=CARTESIAN_POINT('Ctrl Pts',(12.4218360789073,5.54250975273956,-37.4532683833837));
#2501=CARTESIAN_POINT('Ctrl Pts',(12.8905905406259,22.5435478396024,-30.4180074637837));
#2502=CARTESIAN_POINT('Ctrl Pts',(13.3593450023445,34.2206593428522,-16.1991728276183));
#2503=CARTESIAN_POINT('Ctrl Pts',(13.8280994640631,37.8161557778906,1.84528885964596));
#2504=CARTESIAN_POINT('Ctrl Pts',(14.2968539257816,32.4809178077747,19.4539636654484));
#2505=CARTESIAN_POINT('Ctrl Pts',(14.7656083875003,19.4749255395198,32.4683539136897));
#2506=CARTESIAN_POINT('Ctrl Pts',(15.2343628492188,1.86969793121162,37.8149567725521));
#2507=CARTESIAN_POINT('Ctrl Pts',(15.7031173109375,-16.1770803017717,34.2311085010982));
#2508=CARTESIAN_POINT('Ctrl Pts',(16.1718717726561,-30.4034503533267,22.5631773882589));
#2509=CARTESIAN_POINT('Ctrl Pts',(16.6406262343747,-37.4496816830114,5.56668402316099));
#2510=CARTESIAN_POINT('Ctrl Pts',(17.1093806960933,-35.6517314539173,-12.7444479947758));
#2511=CARTESIAN_POINT('Ctrl Pts',(17.5781351578119,-25.4341906371602,-28.0458270489619));
#2512=CARTESIAN_POINT('Ctrl Pts',(18.0468896195305,-9.21008467891869,-36.7238513779892));
#2513=CARTESIAN_POINT('Ctrl Pts',(18.5156440812491,9.18913318435536,-36.7291012517988));
#2514=CARTESIAN_POINT('Ctrl Pts',(18.9843985429677,25.4181481253763,-28.0603392320623));
#2515=CARTESIAN_POINT('Ctrl Pts',(19.4531530046863,35.6445214631701,-12.7647917796206));
#2516=CARTESIAN_POINT('Ctrl Pts',(19.9219074664049,37.4527136615606,5.54530687001795));
#2517=CARTESIAN_POINT('Ctrl Pts',(20.3906619281235,30.4165957290877,22.5458270729262));
#2518=CARTESIAN_POINT('Ctrl Pts',(20.8594163898421,16.1960795950996,34.2218601079931));
#2519=CARTESIAN_POINT('Ctrl Pts',(21.3281708515607,-1.84705760119924,37.8160345724146));
#2520=CARTESIAN_POINT('Ctrl Pts',(21.7969253132793,-19.4586144654967,32.4794609898183));
#2521=CARTESIAN_POINT('Ctrl Pts',(22.1094282877584,-28.1287262066547,23.8079333751628));
#2522=CARTESIAN_POINT('Ctrl Pts',(22.2656797749979,-31.1892802965974,18.7045507452139));
#2523=CARTESIAN_POINT('Ctrl Pts',(-21.1348264177005,33.9244365197733,16.0166426546571));
#2524=CARTESIAN_POINT('Ctrl Pts',(-20.9785749304609,31.3036945489241,21.5675684349067));
#2525=CARTESIAN_POINT('Ctrl Pts',(-20.6660719559819,23.289000357647,31.3536826980235));
#2526=CARTESIAN_POINT('Ctrl Pts',(-20.1973174942632,5.75565580915788,38.6291173836247));
#2527=CARTESIAN_POINT('Ctrl Pts',(-19.7285630325447,-13.1322128032654,36.7813117650511));
#2528=CARTESIAN_POINT('Ctrl Pts',(-19.259808570826,-28.9210850573862,26.2474359791222));
#2529=CARTESIAN_POINT('Ctrl Pts',(-18.7910541091075,-37.8787133288346,9.51477535007926));
#2530=CARTESIAN_POINT('Ctrl Pts',(-18.3222996473888,-37.8914411081488,-9.46484001758989));
#2531=CARTESIAN_POINT('Ctrl Pts',(-17.8535451856703,-28.9553435454856,-26.209258181127));
#2532=CARTESIAN_POINT('Ctrl Pts',(-17.3847907239516,-13.1812574895215,-36.7640296878365));
#2533=CARTESIAN_POINT('Ctrl Pts',(-16.916036262233,5.70582101306236,-38.6365487415946));
#2534=CARTESIAN_POINT('Ctrl Pts',(-16.4472818005144,23.2453600889134,-31.3845829331904));
#2535=CARTESIAN_POINT('Ctrl Pts',(-15.9785273387958,35.2952528676034,-16.7207777040393));
#2536=CARTESIAN_POINT('Ctrl Pts',(-15.5097728770773,39.0097414462682,1.89183908112985));
#2537=CARTESIAN_POINT('Ctrl Pts',(-15.0410184153586,33.5116219607647,20.0576749223328));
#2538=CARTESIAN_POINT('Ctrl Pts',(-14.57226395364,20.0993320451018,33.4866529660699));
#2539=CARTESIAN_POINT('Ctrl Pts',(-14.1035094919214,1.94034765248505,39.0073600350282));
#2540=CARTESIAN_POINT('Ctrl Pts',(-13.6347550302028,-16.676873647716,35.316015858479));
#2541=CARTESIAN_POINT('Ctrl Pts',(-13.1660005684842,-31.3556527833437,23.2843750651937));
#2542=CARTESIAN_POINT('Ctrl Pts',(-12.6972461067656,-38.6294223251884,5.75385259119776));
#2543=CARTESIAN_POINT('Ctrl Pts',(-12.228491645047,-36.7803949056397,-13.1355105192262));
#2544=CARTESIAN_POINT('Ctrl Pts',(-11.7597371833284,-26.2452404657098,-28.9227668124616));
#2545=CARTESIAN_POINT('Ctrl Pts',(-11.2909827216098,-9.51196076531271,-37.8795682296436));
#2546=CARTESIAN_POINT('Ctrl Pts',(-10.8222282598912,9.46768142313462,-37.8906597372057));
#2547=CARTESIAN_POINT('Ctrl Pts',(-10.3534737981726,26.2114182092773,-28.9534219464264));
#2548=CARTESIAN_POINT('Ctrl Pts',(-9.88471933645402,36.7650172859916,-13.1784897019577));
#2549=CARTESIAN_POINT('Ctrl Pts',(-9.41596487473541,38.6361208987553,5.70869939759182));
#2550=CARTESIAN_POINT('Ctrl Pts',(-8.94721041301681,31.3828457047121,23.247711336076));
#2551=CARTESIAN_POINT('Ctrl Pts',(-8.47845595129821,16.7181387847368,35.2965001448268));
#2552=CARTESIAN_POINT('Ctrl Pts',(-8.00970148957961,-1.89475515976209,39.0096012512681));
#2553=CARTESIAN_POINT('Ctrl Pts',(-7.54094702786101,-20.0601801704017,33.5101217310268));
#2554=CARTESIAN_POINT('Ctrl Pts',(-7.0721925661424,-33.488155392403,20.0968289865051));
#2555=CARTESIAN_POINT('Ctrl Pts',(-6.6034381044238,-39.0075050018271,1.93743140009751));
#2556=CARTESIAN_POINT('Ctrl Pts',(-6.1346836427052,-35.3147690388031,-16.6795136210296));
#2557=CARTESIAN_POINT('Ctrl Pts',(-5.6659291809866,-23.2820309571502,-31.357393409023));
#2558=CARTESIAN_POINT('Ctrl Pts',(-5.19717471926799,-5.75096475971956,-38.629852332496));
#2559=CARTESIAN_POINT('Ctrl Pts',(-4.72842025754939,13.1382600661181,-36.7794128464965));
#2560=CARTESIAN_POINT('Ctrl Pts',(-4.25966579583079,28.9247287429335,-26.2430782120865));
#2561=CARTESIAN_POINT('Ctrl Pts',(-3.79091133411219,37.8802792072726,-9.50912898624527));
#2562=CARTESIAN_POINT('Ctrl Pts',(-3.32215687239359,37.8899518578437,9.47051398332052));
#2563=CARTESIAN_POINT('Ctrl Pts',(-2.85340241067499,28.9514623833387,26.2135826007073));
#2564=CARTESIAN_POINT('Ctrl Pts',(-2.38464794895638,13.1757412296775,36.7660023655898));
#2565=CARTESIAN_POINT('Ctrl Pts',(-1.91589348723778,-5.7115876949183,38.6356940263953));
#2566=CARTESIAN_POINT('Ctrl Pts',(-1.44713902551918,-23.2500573526174,31.3811076923358));
#2567=CARTESIAN_POINT('Ctrl Pts',(-0.978384563800579,-35.297749840974,16.7155000841135));
#2568=CARTESIAN_POINT('Ctrl Pts',(-0.509630102081976,-39.0094594964038,
-1.89767138788843));
#2569=CARTESIAN_POINT('Ctrl Pts',(-0.0408756403633745,-33.5086220022614,
-20.0626852242551));
#2570=CARTESIAN_POINT('Ctrl Pts',(0.427878821355227,-20.0943254625896,-33.4896576736983));
#2571=CARTESIAN_POINT('Ctrl Pts',(0.89663328307383,-1.9345153179416,-39.0076497290292));
#2572=CARTESIAN_POINT('Ctrl Pts',(1.36538774479243,16.6821535939947,-35.3135220328467));
#2573=CARTESIAN_POINT('Ctrl Pts',(1.83414220651103,31.3591338118271,-23.2796867133107));
#2574=CARTESIAN_POINT('Ctrl Pts',(2.30289666822964,38.630282148348,-5.74807689901625));
#2575=CARTESIAN_POINT('Ctrl Pts',(2.77165112994824,36.778430569278,13.1410095410807));
#2576=CARTESIAN_POINT('Ctrl Pts',(3.24040559166684,26.2409158182286,28.9266905109904));
#2577=CARTESIAN_POINT('Ctrl Pts',(3.70916005338545,9.50629715073868,37.880989973598));
#2578=CARTESIAN_POINT('Ctrl Pts',(4.17791451510404,-9.47334648888898,37.8892437665287));
#2579=CARTESIAN_POINT('Ctrl Pts',(4.64666897682265,-26.2157468465078,28.9495026585569));
#2580=CARTESIAN_POINT('Ctrl Pts',(5.11542343854124,-36.7669872392733,13.1729926837105));
#2581=CARTESIAN_POINT('Ctrl Pts',(5.58417790025986,-38.6352669383448,-5.71447596029778));
#2582=CARTESIAN_POINT('Ctrl Pts',(6.05293236197844,-31.3793695044666,-23.2524032392379));
#2583=CARTESIAN_POINT('Ctrl Pts',(6.52168682369706,-16.7128612901346,-35.2989993398497));
#2584=CARTESIAN_POINT('Ctrl Pts',(6.99044128541565,1.90058760544077,-39.0093175235356));
#2585=CARTESIAN_POINT('Ctrl Pts',(7.45919574713426,20.0651901659697,-33.5071220862283));
#2586=CARTESIAN_POINT('Ctrl Pts',(7.92795020885286,33.4911597678443,-20.0918218263762));
#2587=CARTESIAN_POINT('Ctrl Pts',(8.39670467057146,39.0077942382254,-1.93159922497389));
#2588=CARTESIAN_POINT('Ctrl Pts',(8.86545913229006,35.312274829548,16.6847934737301));
#2589=CARTESIAN_POINT('Ctrl Pts',(9.33421359400866,23.277342339354,31.360874039378));
#2590=CARTESIAN_POINT('Ctrl Pts',(9.80296805572727,5.74518900622102,38.6307117483121));
#2591=CARTESIAN_POINT('Ctrl Pts',(10.2717225174459,-13.1437589426643,36.7774480865192));
#2592=CARTESIAN_POINT('Ctrl Pts',(10.7404769791645,-28.9286521172702,26.2387532777234));
#2593=CARTESIAN_POINT('Ctrl Pts',(11.2092314408831,-37.8817005284522,9.50346526210092));
#2594=CARTESIAN_POINT('Ctrl Pts',(11.6779859026017,-37.8885354630188,-9.47617894150594));
#2595=CARTESIAN_POINT('Ctrl Pts',(12.1467403643203,-28.9475427728618,-26.2179109458166));
#2596=CARTESIAN_POINT('Ctrl Pts',(12.6154948260389,-13.1702440624228,-36.7679719074481));
#2597=CARTESIAN_POINT('Ctrl Pts',(13.0842492877575,5.71736419042219,-38.6348396344433));
#2598=CARTESIAN_POINT('Ctrl Pts',(13.5530037494761,23.2547490023821,-31.3776311411039));
#2599=CARTESIAN_POINT('Ctrl Pts',(14.0217582111947,35.3002486288371,-16.710222403002));
#2600=CARTESIAN_POINT('Ctrl Pts',(14.4905126729133,39.0091753572598,1.90350381285481));
#2601=CARTESIAN_POINT('Ctrl Pts',(14.9592671346319,33.5056219349778,20.0676949946065));
#2602=CARTESIAN_POINT('Ctrl Pts',(15.4280215963505,20.0893181713851,33.4926616766582));
#2603=CARTESIAN_POINT('Ctrl Pts',(15.8967760580691,1.92868293890366,39.0079385258437));
#2604=CARTESIAN_POINT('Ctrl Pts',(16.3655305197877,-16.6874329047807,35.3110274358832));
#2605=CARTESIAN_POINT('Ctrl Pts',(16.8342849815063,-31.3626147846596,23.2749978217021));
#2606=CARTESIAN_POINT('Ctrl Pts',(17.3030394432249,-38.6311397812747,5.74230110784829));
#2607=CARTESIAN_POINT('Ctrl Pts',(17.7717939049435,-36.7764680324514,-13.1465083225183));
#2608=CARTESIAN_POINT('Ctrl Pts',(18.2405483666621,-26.2365854547022,-28.9306134610323));
#2609=CARTESIAN_POINT('Ctrl Pts',(18.7093028283807,-9.50064333364119,-37.8824110682208));
#2610=CARTESIAN_POINT('Ctrl Pts',(19.1780572900993,9.47903086382223,-37.8878265644244));
#2611=CARTESIAN_POINT('Ctrl Pts',(19.6468117518179,26.2200368356668,-28.945583472757));
#2612=CARTESIAN_POINT('Ctrl Pts',(20.1155662135365,36.7690305817747,-13.1674939106649));
#2613=CARTESIAN_POINT('Ctrl Pts',(20.5843206752551,38.6342674123221,5.72024955082344));
#2614=CARTESIAN_POINT('Ctrl Pts',(21.0530751369737,31.3761748691698,23.2571001406873));
#2615=CARTESIAN_POINT('Ctrl Pts',(21.5218295986923,16.7070315855522,35.3014872755737));
#2616=CARTESIAN_POINT('Ctrl Pts',(21.9905840604109,-1.90532835445601,39.0090503280079));
#2617=CARTESIAN_POINT('Ctrl Pts',(22.4593385221295,-20.0724925175409,33.5041191575019));
#2618=CARTESIAN_POINT('Ctrl Pts',(22.7718414966086,-29.0161279114804,24.5590232222565));
#2619=CARTESIAN_POINT('Ctrl Pts',(22.9280929838481,-32.1732359974048,19.2946396848039));
#2620=CARTESIAN_POINT('Ctrl Pts',(-20.4724132088502,34.9619492745674,16.5064804455811));
#2621=CARTESIAN_POINT('Ctrl Pts',(-20.3161617216107,32.2610570197129,22.2271704692122));
#2622=CARTESIAN_POINT('Ctrl Pts',(-20.0036587471316,24.001249031354,32.3125739588999));
#2623=CARTESIAN_POINT('Ctrl Pts',(-19.534904285413,5.93168132134956,39.8105136307986));
#2624=CARTESIAN_POINT('Ctrl Pts',(-19.0661498236944,-13.5338359304208,37.9061964797038));
#2625=CARTESIAN_POINT('Ctrl Pts',(-18.5973953619758,-29.8055800618067,27.0501626388003));
#2626=CARTESIAN_POINT('Ctrl Pts',(-18.1286409002572,-39.037159930916,9.80576620497392));
#2627=CARTESIAN_POINT('Ctrl Pts',(-17.6598864385386,-39.0502769645475,-9.75430369768996));
#2628=CARTESIAN_POINT('Ctrl Pts',(-17.19113197682,-29.8408862789774,-27.0108172472816));
#2629=CARTESIAN_POINT('Ctrl Pts',(-16.7223775151014,-13.5843805527928,-37.8883858638493));
#2630=CARTESIAN_POINT('Ctrl Pts',(-16.2536230533828,5.88032242516901,-39.8181722623645));
#2631=CARTESIAN_POINT('Ctrl Pts',(-15.7848685916642,23.9562741100784,-32.344419217519));
#2632=CARTESIAN_POINT('Ctrl Pts',(-15.3161141299456,36.3746893679702,-17.2321500927275));
#2633=CARTESIAN_POINT('Ctrl Pts',(-14.847359668227,40.2027783383662,1.94969729125947));
#2634=CARTESIAN_POINT('Ctrl Pts',(-14.3786052065084,34.5365095870593,20.6710998071147));
#2635=CARTESIAN_POINT('Ctrl Pts',(-13.9098507447898,20.7140309317726,34.5107769643392));
#2636=CARTESIAN_POINT('Ctrl Pts',(-13.4410962830712,1.99968940270143,40.200324096306));
#2637=CARTESIAN_POINT('Ctrl Pts',(-12.9723418213526,-17.1869033164331,36.3960873544441));
#2638=CARTESIAN_POINT('Ctrl Pts',(-12.503587359634,-32.3146042954389,23.996482283348));
#2639=CARTESIAN_POINT('Ctrl Pts',(-12.0348328979154,-39.8108278984056,5.92982295548353));
#2640=CARTESIAN_POINT('Ctrl Pts',(-11.5660784361968,-37.9052515799348,-13.5372345005953));
#2641=CARTESIAN_POINT('Ctrl Pts',(-11.0973239744782,-27.0478999798905,-29.8073132500826));
#2642=CARTESIAN_POINT('Ctrl Pts',(-10.6285695127596,-9.80286554161936,-39.0380409771995));
#2643=CARTESIAN_POINT('Ctrl Pts',(-10.159815051041,9.75723200208391,-39.0494716968975));
#2644=CARTESIAN_POINT('Ctrl Pts',(-9.69106058932237,27.0130433356819,-29.838905911557));
#2645=CARTESIAN_POINT('Ctrl Pts',(-9.22230612760379,37.8894036657686,-13.5815281178423));
#2646=CARTESIAN_POINT('Ctrl Pts',(-8.75355166588518,39.817731334786,5.88328883947793));
#2647=CARTESIAN_POINT('Ctrl Pts',(-8.28479720416659,32.3426288592944,23.9586972655516));
#2648=CARTESIAN_POINT('Ctrl Pts',(-7.81604274244797,17.2294304672227,36.375974790736));
#2649=CARTESIAN_POINT('Ctrl Pts',(-7.34728828072939,-1.95270255247172,40.2026338557753));
#2650=CARTESIAN_POINT('Ctrl Pts',(-6.87853381901076,-20.6736816733118,34.5349634757196));
#2651=CARTESIAN_POINT('Ctrl Pts',(-6.40977935729218,-34.5123253394526,20.7114513220084));
#2652=CARTESIAN_POINT('Ctrl Pts',(-5.94102489557356,-40.2004734966318,1.99668396241993));
#2653=CARTESIAN_POINT('Ctrl Pts',(-5.47227043385497,-36.3948024032191,-17.1896240281839));
#2654=CARTESIAN_POINT('Ctrl Pts',(-5.00351597213636,-23.9940664853299,-32.3163981547612));
#2655=CARTESIAN_POINT('Ctrl Pts',(-4.53476151041777,-5.92684680530942,-39.8112710566483));
#2656=CARTESIAN_POINT('Ctrl Pts',(-4.06600704869916,13.5400681370186,-37.9042394864272));
#2657=CARTESIAN_POINT('Ctrl Pts',(-3.59725258698056,29.8093351823731,-27.0456715979554));
#2658=CARTESIAN_POINT('Ctrl Pts',(-3.12849812526196,39.0387736986933,-9.79994715810975));
#2659=CARTESIAN_POINT('Ctrl Pts',(-2.65974366354336,39.0487421684251,9.76015119060099));
#2660=CARTESIAN_POINT('Ctrl Pts',(-2.19098920182475,29.8368864190525,27.0152739208042));
#2661=CARTESIAN_POINT('Ctrl Pts',(-1.72223474010615,13.5786955888955,37.8904188721059));
#2662=CARTESIAN_POINT('Ctrl Pts',(-1.25348027838755,-5.88626546974728,39.8172914073671));
#2663=CARTESIAN_POINT('Ctrl Pts',(-0.784725816668951,-23.9611150304354,
32.3408376931979));
#2664=CARTESIAN_POINT('Ctrl Pts',(-0.315971354950349,-36.3772627064035,
17.2267110670851));
#2665=CARTESIAN_POINT('Ctrl Pts',(0.152783106768252,-40.2024877656148,-1.95570796775009));
#2666=CARTESIAN_POINT('Ctrl Pts',(0.621537568486855,-34.5334178806736,-20.6762633393537));
#2667=CARTESIAN_POINT('Ctrl Pts',(1.09029203020546,-20.7088712326946,-34.5138735650926));
#2668=CARTESIAN_POINT('Ctrl Pts',(1.55904649192406,-1.99367869757617,-40.2006226500332));
#2669=CARTESIAN_POINT('Ctrl Pts',(2.02780095364266,17.1923447395754,-36.3935172600165));
#2670=CARTESIAN_POINT('Ctrl Pts',(2.49655541536126,32.3181917843923,-23.9916505473627));
#2671=CARTESIAN_POINT('Ctrl Pts',(2.96530987707987,39.8117140175802,-5.92387062501643));
#2672=CARTESIAN_POINT('Ctrl Pts',(3.43406433879847,37.903227168175,13.5429016993128));
#2673=CARTESIAN_POINT('Ctrl Pts',(3.90281880051707,27.0434430714969,29.8113569472815));
#2674=CARTESIAN_POINT('Ctrl Pts',(4.37157326223567,9.79702871643489,39.0395062024212));
#2675=CARTESIAN_POINT('Ctrl Pts',(4.84032772395429,-9.76307032283025,39.0480124215177));
#2676=CARTESIAN_POINT('Ctrl Pts',(5.30908218567286,-27.0175043558434,29.8348667599088));
#2677=CARTESIAN_POINT('Ctrl Pts',(5.77783664739149,-37.891433866231,13.5758629840084));
#2678=CARTESIAN_POINT('Ctrl Pts',(6.24659110911007,-39.8168512576612,-5.8892420670927));
#2679=CARTESIAN_POINT('Ctrl Pts',(6.71534557082869,-32.3390463462412,-23.9635326614249));
#2680=CARTESIAN_POINT('Ctrl Pts',(7.18410003254727,-17.2239915707367,-36.3785504187664));
#2681=CARTESIAN_POINT('Ctrl Pts',(7.65285449426589,1.95871337213106,-40.2023414507833));
#2682=CARTESIAN_POINT('Ctrl Pts',(8.12160895598449,20.6788448898272,-34.5318720926328));
#2683=CARTESIAN_POINT('Ctrl Pts',(8.59036341770309,34.5154215978597,-20.7062910276485));
#2684=CARTESIAN_POINT('Ctrl Pts',(9.0591178794217,40.2007715787615,-1.99067342159003));
#2685=CARTESIAN_POINT('Ctrl Pts',(9.52787234114029,36.3922319134364,17.195065354886));
#2686=CARTESIAN_POINT('Ctrl Pts',(9.99662680285889,23.9892344752989,32.3199852334102));
#2687=CARTESIAN_POINT('Ctrl Pts',(10.4653812645775,5.92089441165003,39.8121567560218));
#2688=CARTESIAN_POINT('Ctrl Pts',(10.9341357262961,-13.5457351859839,37.9022146380963));
#2689=CARTESIAN_POINT('Ctrl Pts',(11.4028901880147,-29.8133785454653,27.0412143939064));
#2690=CARTESIAN_POINT('Ctrl Pts',(11.8716446497333,-39.0402384882103,9.79411022000392));
#2691=CARTESIAN_POINT('Ctrl Pts',(12.3403991114519,-39.0472824559258,-9.76598940048858));
#2692=CARTESIAN_POINT('Ctrl Pts',(12.8091535731705,-29.8328469349306,-27.0197346399105));
#2693=CARTESIAN_POINT('Ctrl Pts',(13.2779080348891,-13.5730303014972,-37.8924486485622));
#2694=CARTESIAN_POINT('Ctrl Pts',(13.7466624966077,5.89221862810482,-39.8164108855029));
#2695=CARTESIAN_POINT('Ctrl Pts',(14.2154169583263,23.9659501651617,-32.3372548184241));
#2696=CARTESIAN_POINT('Ctrl Pts',(14.6841714200449,36.379837914822,-17.2212719783858));
#2697=CARTESIAN_POINT('Ctrl Pts',(15.1529258817635,40.2021949366291,1.96171876606368));
#2698=CARTESIAN_POINT('Ctrl Pts',(15.6216803434821,34.5303260621808,20.6814263237647));
#2699=CARTESIAN_POINT('Ctrl Pts',(16.0904348052007,20.7037108032504,34.5169694396267));
#2700=CARTESIAN_POINT('Ctrl Pts',(16.5591892669193,1.98766794659569,40.2009202791353));
#2701=CARTESIAN_POINT('Ctrl Pts',(17.0279437286379,-17.1977855077897,36.3909463706682));
#2702=CARTESIAN_POINT('Ctrl Pts',(17.4966981903566,-32.3217792159925,23.9868182551453));
#2703=CARTESIAN_POINT('Ctrl Pts',(17.9654526520751,-39.8125978795381,5.91791819253556));
#2704=CARTESIAN_POINT('Ctrl Pts',(18.4342071137937,-37.9012046109855,-13.5485686502607));
#2705=CARTESIAN_POINT('Ctrl Pts',(18.9029615755123,-27.0389802722442,-29.8153998731027));
#2706=CARTESIAN_POINT('Ctrl Pts',(19.3717160372309,-9.79120198836365,-39.0409707584525));
#2707=CARTESIAN_POINT('Ctrl Pts',(19.8404704989495,9.76892854328904,-39.0465518770499));
#2708=CARTESIAN_POINT('Ctrl Pts',(20.3092249606682,27.0219255459574,-29.8308277134517));
#2709=CARTESIAN_POINT('Ctrl Pts',(20.7779794223867,37.8935397003792,-13.5701960417092));
#2710=CARTESIAN_POINT('Ctrl Pts',(21.2467338841054,39.8158211630837,5.8951922316289));
#2711=CARTESIAN_POINT('Ctrl Pts',(21.7154883458239,32.3357540092519,23.9683732084484));
#2712=CARTESIAN_POINT('Ctrl Pts',(22.1842428075426,17.2179835760047,36.3811144431543));
#2713=CARTESIAN_POINT('Ctrl Pts',(22.6529972692611,-1.96359910771277,40.2020660836012));
#2714=CARTESIAN_POINT('Ctrl Pts',(23.1217517309797,-20.6863705695852,34.5287773251855));
#2715=CARTESIAN_POINT('Ctrl Pts',(23.4342547054588,-29.9035296163061,25.3101130693502));
#2716=CARTESIAN_POINT('Ctrl Pts',(23.5905061926984,-33.1571916982121,19.8847286243939));
#2717=CARTESIAN_POINT('Ctrl Pts',(-19.81,35.9994620293616,16.996318236505));
#2718=CARTESIAN_POINT('Ctrl Pts',(-19.6537485127605,33.2184194905017,22.8867725035177));
#2719=CARTESIAN_POINT('Ctrl Pts',(-19.3412455382814,24.7134977050609,33.2714652197763));
#2720=CARTESIAN_POINT('Ctrl Pts',(-18.8724910765628,6.10770683354121,40.9919098779725));
#2721=CARTESIAN_POINT('Ctrl Pts',(-18.4037366148442,-13.9354590575763,39.0310811943565));
#2722=CARTESIAN_POINT('Ctrl Pts',(-17.9349821531256,-30.6900750662274,27.8528892984785));
#2723=CARTESIAN_POINT('Ctrl Pts',(-17.466227691407,-40.1956065329973,10.0967570598686));
#2724=CARTESIAN_POINT('Ctrl Pts',(-16.9974732296884,-40.2091128209462,-10.04376737779));
#2725=CARTESIAN_POINT('Ctrl Pts',(-16.5287187679698,-30.7264290124691,-27.8123763134362));
#2726=CARTESIAN_POINT('Ctrl Pts',(-16.0599643062512,-13.9875036160641,-39.0127420398621));
#2727=CARTESIAN_POINT('Ctrl Pts',(-15.5912098445326,6.0548238372757,-40.9997957831344));
#2728=CARTESIAN_POINT('Ctrl Pts',(-15.122455382814,24.6671881312434,-33.3042555018476));
#2729=CARTESIAN_POINT('Ctrl Pts',(-14.6537009210954,37.4541258683371,-17.7435224814157));
#2730=CARTESIAN_POINT('Ctrl Pts',(-14.1849464593768,41.3958152304641,2.00755550138906));
#2731=CARTESIAN_POINT('Ctrl Pts',(-13.7161919976582,35.561397213354,21.2845246918966));
#2732=CARTESIAN_POINT('Ctrl Pts',(-13.2474375359396,21.3287298184433,35.5349009626084));
#2733=CARTESIAN_POINT('Ctrl Pts',(-12.778683074221,2.05903115291785,41.3932881575837));
#2734=CARTESIAN_POINT('Ctrl Pts',(-12.3099286125023,-17.6969329851502,37.4761588504092));
#2735=CARTESIAN_POINT('Ctrl Pts',(-11.8411741507838,-33.2735558075341,24.7085895015024));
#2736=CARTESIAN_POINT('Ctrl Pts',(-11.3724196890652,-40.9922334716228,6.10579331976929));
#2737=CARTESIAN_POINT('Ctrl Pts',(-10.9036652273466,-39.0301082542298,-13.9389584819645));
#2738=CARTESIAN_POINT('Ctrl Pts',(-10.434910765628,-27.8505594940711,-30.6918596877036));
#2739=CARTESIAN_POINT('Ctrl Pts',(-9.96615630390936,-10.093770317926,-40.1965137247555));
#2740=CARTESIAN_POINT('Ctrl Pts',(-9.49740184219076,10.0467825810332,-40.2082836565891));
#2741=CARTESIAN_POINT('Ctrl Pts',(-9.02864738047214,27.8146684620864,-30.7243898766877));
#2742=CARTESIAN_POINT('Ctrl Pts',(-8.55989291875357,39.0137900455457,-13.9845665337268));
#2743=CARTESIAN_POINT('Ctrl Pts',(-8.09113845703495,40.9993417708167,6.05787828136398));
#2744=CARTESIAN_POINT('Ctrl Pts',(-7.62238399531635,33.3024120138767,24.6696831950273));
#2745=CARTESIAN_POINT('Ctrl Pts',(-7.15362953359775,17.7407221497087,37.4554494366451));
#2746=CARTESIAN_POINT('Ctrl Pts',(-6.68487507187915,-2.01064994518137,41.3956664602825));
#2747=CARTESIAN_POINT('Ctrl Pts',(-6.21612061016055,-21.2871831762219,35.5598052204124));
#2748=CARTESIAN_POINT('Ctrl Pts',(-5.74736614844194,-35.5364952865023,21.3260736575116));
#2749=CARTESIAN_POINT('Ctrl Pts',(-5.27861168672334,-41.3934419914365,2.05593652474235));
#2750=CARTESIAN_POINT('Ctrl Pts',(-4.80985722500474,-37.4748357676351,-17.6997344353381));
#2751=CARTESIAN_POINT('Ctrl Pts',(-4.34110276328614,-24.7061020135096,-33.2754029004994));
#2752=CARTESIAN_POINT('Ctrl Pts',(-3.87234830156754,-6.1027288508993,-40.9926897808007));
#2753=CARTESIAN_POINT('Ctrl Pts',(-3.40359383984893,13.9418762079193,-39.0290661263579));
#2754=CARTESIAN_POINT('Ctrl Pts',(-2.93483937813033,30.6939416218128,-27.8482649838243));
#2755=CARTESIAN_POINT('Ctrl Pts',(-2.46608491641173,40.197268190114,-10.0907653299742));
#2756=CARTESIAN_POINT('Ctrl Pts',(-1.99733045469313,40.2075324790065,10.0497883978814));
#2757=CARTESIAN_POINT('Ctrl Pts',(-1.52857599297453,30.7223104547664,27.8169652409012));
#2758=CARTESIAN_POINT('Ctrl Pts',(-1.05982153125592,13.9816499481135,39.014835378622));
#2759=CARTESIAN_POINT('Ctrl Pts',(-0.591067069537321,-6.06094324457631,
40.9988887883389));
#2760=CARTESIAN_POINT('Ctrl Pts',(-0.122312607818721,-24.6721727082534,
33.30056769406));
#2761=CARTESIAN_POINT('Ctrl Pts',(0.34644185389988,-37.456775571833,17.7379220500566));
#2762=CARTESIAN_POINT('Ctrl Pts',(0.815196315618481,-41.3955160348258,-2.01374454761173));
#2763=CARTESIAN_POINT('Ctrl Pts',(1.28395077733708,-35.5582137590858,-21.2898414544523));
#2764=CARTESIAN_POINT('Ctrl Pts',(1.75270523905568,-21.3234170027996,-35.538089456487));
#2765=CARTESIAN_POINT('Ctrl Pts',(2.22145970077429,-2.05284207721081,-41.3935955710372));
#2766=CARTESIAN_POINT('Ctrl Pts',(2.69021416249289,17.7025358851561,-37.4735124871864));
#2767=CARTESIAN_POINT('Ctrl Pts',(3.15896862421149,33.2772497569573,-24.7036143814147));
#2768=CARTESIAN_POINT('Ctrl Pts',(3.6277230859301,40.9931458868125,-6.09966435101662));
#2769=CARTESIAN_POINT('Ctrl Pts',(4.0964775476487,39.0280237670719,13.944793857545));
#2770=CARTESIAN_POINT('Ctrl Pts',(4.5652320093673,27.8459703247653,30.6960233835727));
#2771=CARTESIAN_POINT('Ctrl Pts',(5.0339864710859,10.0877602821311,40.1980224312443));
#2772=CARTESIAN_POINT('Ctrl Pts',(5.50274093280451,-10.0527941567715,40.2067810765067));
#2773=CARTESIAN_POINT('Ctrl Pts',(5.9714953945231,-27.8192618651789,30.7202308612607));
#2774=CARTESIAN_POINT('Ctrl Pts',(6.44024985624171,-39.0158804931887,13.9787332843064));
#2775=CARTESIAN_POINT('Ctrl Pts',(6.90900431796031,-40.9984355769776,-6.06400817388763));
#2776=CARTESIAN_POINT('Ctrl Pts',(7.3777587796789,-33.2987231880159,-24.6746620836119));
#2777=CARTESIAN_POINT('Ctrl Pts',(7.84651324139751,-17.7351218513388,-37.4581014976831));
#2778=CARTESIAN_POINT('Ctrl Pts',(8.31526770311611,2.01683913882135,-41.3953653780309));
#2779=CARTESIAN_POINT('Ctrl Pts',(8.78402216483472,21.2924996136847,-35.5566220990373));
#2780=CARTESIAN_POINT('Ctrl Pts',(9.25277662655332,35.5396834278752,-21.3207602289207));
#2781=CARTESIAN_POINT('Ctrl Pts',(9.72153108827192,41.3937489192976,-2.04974761820621));
#2782=CARTESIAN_POINT('Ctrl Pts',(10.1902855499905,37.4721889973248,17.705337236042));
#2783=CARTESIAN_POINT('Ctrl Pts',(10.6590400117091,24.7011266112439,33.2790964274423));
#2784=CARTESIAN_POINT('Ctrl Pts',(11.1277944734277,6.09659981707905,40.9936017637314));
#2785=CARTESIAN_POINT('Ctrl Pts',(11.5965489351463,-13.9477114293035,39.0269811896734));
#2786=CARTESIAN_POINT('Ctrl Pts',(12.065303396865,-30.6981049736603,27.8436755100893));
#2787=CARTESIAN_POINT('Ctrl Pts',(12.5340578585835,-40.1987764479683,10.0847551779069));
#2788=CARTESIAN_POINT('Ctrl Pts',(13.0028123203021,-40.2060294488328,-10.0557998594712));
#2789=CARTESIAN_POINT('Ctrl Pts',(13.4715667820207,-30.7181510969993,-27.8215583340045));
#2790=CARTESIAN_POINT('Ctrl Pts',(13.9403212437393,-13.9758165405715,-39.0169253896764));
#2791=CARTESIAN_POINT('Ctrl Pts',(14.409075705458,6.0670730657875,-40.9979821365625));
#2792=CARTESIAN_POINT('Ctrl Pts',(14.8778301671765,24.6771513279413,-33.2968784957444));
#2793=CARTESIAN_POINT('Ctrl Pts',(15.3465846288952,37.4594272008069,-17.7323215537694));
#2794=CARTESIAN_POINT('Ctrl Pts',(15.8153390906137,41.3952145159983,2.01993371927253));
#2795=CARTESIAN_POINT('Ctrl Pts',(16.2840935523324,35.5550301893839,21.2951576529228));
#2796=CARTESIAN_POINT('Ctrl Pts',(16.7528480140509,21.3181034351156,35.5412772025953));
#2797=CARTESIAN_POINT('Ctrl Pts',(17.2216024757696,2.04665295428775,41.3939020324268));
#2798=CARTESIAN_POINT('Ctrl Pts',(17.6903569374882,-17.7081381107988,37.4708653054532));
#2799=CARTESIAN_POINT('Ctrl Pts',(18.1591113992068,-33.2809436473255,24.6986386885885));
#2800=CARTESIAN_POINT('Ctrl Pts',(18.6278658609254,-40.9940559778014,6.09353527722287));
#2801=CARTESIAN_POINT('Ctrl Pts',(19.096620322644,-39.0259411895195,-13.9506289780032));
#2802=CARTESIAN_POINT('Ctrl Pts',(19.5653747843626,-27.8413750897863,-30.700186285173));
#2803=CARTESIAN_POINT('Ctrl Pts',(20.0341292460811,-10.0817606430861,-40.1995304486842));
#2804=CARTESIAN_POINT('Ctrl Pts',(20.5028837077998,10.0588262227559,-40.2052771896753));
#2805=CARTESIAN_POINT('Ctrl Pts',(20.9716381695184,27.823814256248,-30.7160719541465));
#2806=CARTESIAN_POINT('Ctrl Pts',(21.440392631237,39.0180488189838,-13.9728981727535));
#2807=CARTESIAN_POINT('Ctrl Pts',(21.9091470929556,40.9973749138453,6.0701349124344));
#2808=CARTESIAN_POINT('Ctrl Pts',(22.3779015546742,33.2953331493341,24.6796462762095));
#2809=CARTESIAN_POINT('Ctrl Pts',(22.8466560163927,17.7289355664573,37.4607416107349));
#2810=CARTESIAN_POINT('Ctrl Pts',(23.3154104781114,-2.02186986096954,41.3950818391945));
#2811=CARTESIAN_POINT('Ctrl Pts',(23.7841649398299,-21.3002486216295,35.5534354928692));
#2812=CARTESIAN_POINT('Ctrl Pts',(24.096667914309,-30.7909313211318,26.0612029164439));
#2813=CARTESIAN_POINT('Ctrl Pts',(24.2529194015486,-34.1411473990195,20.4748175639839));
#2814=CARTESIAN_POINT('Ctrl Pts',(17.2687789779808,0.000596661371518302,
39.812373390882));
#2815=CARTESIAN_POINT('Ctrl Pts',(17.4093049644833,-5.85666197999292,39.8080689328993));
#2816=CARTESIAN_POINT('Ctrl Pts',(17.5498309509857,-11.715782538271,38.4985027455516));
#2817=CARTESIAN_POINT('Ctrl Pts',(17.6903569374882,-17.0111405227058,35.9960003238045));
#2818=CARTESIAN_POINT('Ctrl Pts',(17.8466084247277,-22.8990732896412,33.2134564331648));
#2819=CARTESIAN_POINT('Ctrl Pts',(18.0028599119672,-28.0900084684833,28.9560475608767));
#2820=CARTESIAN_POINT('Ctrl Pts',(18.1591113992068,-31.9709947796504,23.7264925561717));
#2821=CARTESIAN_POINT('Ctrl Pts',(18.3153628864463,-35.8519810908175,18.4969375514667));
#2822=CARTESIAN_POINT('Ctrl Pts',(18.4716143736858,-38.4230185343094,12.2952364143448));
#2823=CARTESIAN_POINT('Ctrl Pts',(18.6278658609254,-39.3805181246751,5.85369180324613));
#2824=CARTESIAN_POINT('Ctrl Pts',(18.7841173481649,-40.3380177150408,-0.587852807852498));
#2825=CARTESIAN_POINT('Ctrl Pts',(18.9403688354044,-39.6819794522802,-7.26924089292786));
#2826=CARTESIAN_POINT('Ctrl Pts',(19.096620322644,-37.4898659709443,-13.4015278199938));
#2827=CARTESIAN_POINT('Ctrl Pts',(19.2528718098835,-35.2977524896085,-19.5338147470598));
#2828=CARTESIAN_POINT('Ctrl Pts',(19.409123297123,-31.5695637896974,-25.1170005161164));
#2829=CARTESIAN_POINT('Ctrl Pts',(19.5653747843626,-26.7455336986252,-29.4918174278965));
#2830=CARTESIAN_POINT('Ctrl Pts',(19.7216262716021,-21.9215036075529,-33.8666343396767));
#2831=CARTESIAN_POINT('Ctrl Pts',(19.8778777588416,-16.0016321253195,-37.0330823941805));
#2832=CARTESIAN_POINT('Ctrl Pts',(20.0341292460812,-9.68493190656247,-38.6172642115975));
#2833=CARTESIAN_POINT('Ctrl Pts',(20.1903807333207,-3.36823168780542,-40.2014460290146));
#2834=CARTESIAN_POINT('Ctrl Pts',(20.3466322205602,3.34529726747528,-40.203361609345));
#2835=CARTESIAN_POINT('Ctrl Pts',(20.5028837077998,9.662893084031,-38.6227851935886));
#2836=CARTESIAN_POINT('Ctrl Pts',(20.6591351950393,15.9804889005865,-37.0422087778324));
#2837=CARTESIAN_POINT('Ctrl Pts',(20.8153866822788,21.9021515784171,-33.8791403659895));
#2838=CARTESIAN_POINT('Ctrl Pts',(20.9716381695184,26.7286886777884,-29.5070771965026));
#2839=CARTESIAN_POINT('Ctrl Pts',(21.1278896567579,31.5552257771598,-25.1350140270157));
#2840=CARTESIAN_POINT('Ctrl Pts',(21.2841411439974,35.2866372980718,-19.5539560998846));
#2841=CARTESIAN_POINT('Ctrl Pts',(21.440392631237,37.4822307410047,-13.422921622121));
#2842=CARTESIAN_POINT('Ctrl Pts',(21.5966441184765,39.6778241839376,-7.29188714435754));
#2843=CARTESIAN_POINT('Ctrl Pts',(21.752895605716,40.3375995488914,-0.610876115961569));
#2844=CARTESIAN_POINT('Ctrl Pts',(21.9091470929556,39.3838136039498,5.83121462553226));
#2845=CARTESIAN_POINT('Ctrl Pts',(22.027991320303,38.6583680054214,10.7310418860644));
#2846=CARTESIAN_POINT('Ctrl Pts',(22.1468355476505,36.9994675167325,15.4926523284319));
#2847=CARTESIAN_POINT('Ctrl Pts',(22.2656797749979,34.5403624853199,19.7937469363101));
#2848=CARTESIAN_POINT('',(-19.81,-29.6105685829721,21.1150574754867));
#2849=CARTESIAN_POINT('Ctrl Pts',(-19.81,-29.610020981372,21.1156862280957));
#2850=CARTESIAN_POINT('Ctrl Pts',(-19.81,-29.2527624981336,21.6693475724587));
#2851=CARTESIAN_POINT('Ctrl Pts',(-19.81,-28.8808145948154,22.2127848383193));
#2852=CARTESIAN_POINT('Ctrl Pts',(-19.81,-28.4945688219044,22.7453708542224));
#2853=CARTESIAN_POINT('Ctrl Pts',(-19.81,-28.1078154971777,23.2786567224432));
#2854=CARTESIAN_POINT('Ctrl Pts',(-19.81,-27.7067265140981,23.8010632527829));
#2855=CARTESIAN_POINT('Ctrl Pts',(-19.81,-27.2916464419776,24.3119418264778));
#2856=CARTESIAN_POINT('Ctrl Pts',(-19.81,-27.2204474934984,24.3995731527948));
#2857=CARTESIAN_POINT('Ctrl Pts',(-19.81,-27.1488367771491,24.4868652403129));
#2858=CARTESIAN_POINT('Ctrl Pts',(-19.81,-27.0768158949448,24.5738147445043));
#2859=CARTESIAN_POINT('Ctrl Pts',(-19.81,-26.6606755484701,25.0762134335029));
#2860=CARTESIAN_POINT('Ctrl Pts',(-19.81,-26.2308449663172,25.5671770659204));
#2861=CARTESIAN_POINT('Ctrl Pts',(-19.81,-25.7879475247138,26.0463514863223));
#2862=CARTESIAN_POINT('Ctrl Pts',(-19.81,-25.3299647383684,26.5418468664867));
#2863=CARTESIAN_POINT('Ctrl Pts',(-19.81,-24.8580096615011,27.024736783832));
#2864=CARTESIAN_POINT('Ctrl Pts',(-19.81,-24.3727262940234,27.4945936231226));
#2865=CARTESIAN_POINT('Ctrl Pts',(-19.81,-24.160414820752,27.7001559903122));
#2866=CARTESIAN_POINT('Ctrl Pts',(-19.81,-23.9455516717903,27.9032232426453));
#2867=CARTESIAN_POINT('Ctrl Pts',(-19.81,-23.7281883098942,28.1037571128864));
#2868=CARTESIAN_POINT('Ctrl Pts',(-19.81,-23.6369492552096,28.1879319277836));
#2869=CARTESIAN_POINT('Ctrl Pts',(-19.81,-23.5452696631606,28.2716603592914));
#2870=CARTESIAN_POINT('Ctrl Pts',(-19.81,-23.4531532672837,28.3549394933601));
#2871=CARTESIAN_POINT('Ctrl Pts',(-19.81,-23.3945368382406,28.4079325073229));
#2872=CARTESIAN_POINT('Ctrl Pts',(-19.81,-23.3357413661078,28.4607454859056));
#2873=CARTESIAN_POINT('Ctrl Pts',(-19.81,-23.2767864115661,28.5133612001679));
#2874=CARTESIAN_POINT('Ctrl Pts',(-19.81,-22.7846742326421,28.9525581089353));
#2875=CARTESIAN_POINT('Ctrl Pts',(-19.81,-22.2811908004506,29.3782520600277));
#2876=CARTESIAN_POINT('Ctrl Pts',(-19.81,-21.7670044082704,29.7901128066999));
#2877=CARTESIAN_POINT('Ctrl Pts',(-19.81,-21.2494471183223,30.2046736257442));
#2878=CARTESIAN_POINT('Ctrl Pts',(-19.81,-20.7210457523413,30.6052195933142));
#2879=CARTESIAN_POINT('Ctrl Pts',(-19.81,-20.1824396446066,30.9913819169373));
#2880=CARTESIAN_POINT('Ctrl Pts',(-19.81,-19.6422317831754,31.3786926436706));
#2881=CARTESIAN_POINT('Ctrl Pts',(-19.81,-19.0917580388506,31.7515343650826));
#2882=CARTESIAN_POINT('Ctrl Pts',(-19.81,-18.5316263182702,32.1094981065855));
#2883=CARTESIAN_POINT('Ctrl Pts',(-19.81,-17.9730939456586,32.466439751746));
#2884=CARTESIAN_POINT('Ctrl Pts',(-19.81,-17.4049582856049,32.808588541175));
#2885=CARTESIAN_POINT('Ctrl Pts',(-19.81,-16.8277907739284,33.1354979391692));
#2886=CARTESIAN_POINT('Ctrl Pts',(-19.81,-16.4842245993321,33.3300948439433));
#2887=CARTESIAN_POINT('Ctrl Pts',(-19.81,-16.1374575324677,33.5192910589621));
#2888=CARTESIAN_POINT('Ctrl Pts',(-19.81,-15.7876056669459,33.7029848266164));
#2889=CARTESIAN_POINT('Ctrl Pts',(-19.81,-15.6682137976764,33.7656729082154));
#2890=CARTESIAN_POINT('Ctrl Pts',(-19.81,-15.5484626433919,33.8277201177687));
#2891=CARTESIAN_POINT('Ctrl Pts',(-19.81,-15.4283567410011,33.8891222510692));
#2892=CARTESIAN_POINT('Ctrl Pts',(-19.81,-15.3686716428655,33.9196352589967));
#2893=CARTESIAN_POINT('Ctrl Pts',(-19.81,-15.308897652781,33.9499895820694));
#2894=CARTESIAN_POINT('Ctrl Pts',(-19.81,-15.2490539932963,33.9801753805293));
#2895=CARTESIAN_POINT('Ctrl Pts',(-19.81,-14.6495792185731,34.2825570344488));
#2896=CARTESIAN_POINT('Ctrl Pts',(-19.81,-14.0426915047014,34.5682492295662));
#2897=CARTESIAN_POINT('Ctrl Pts',(-19.81,-13.4290525172273,34.8369109854637));
#2898=CARTESIAN_POINT('Ctrl Pts',(-19.81,-13.143568792941,34.9619006947431));
#2899=CARTESIAN_POINT('Ctrl Pts',(-19.81,-12.8566232770242,35.0832038422551));
#2900=CARTESIAN_POINT('Ctrl Pts',(-19.81,-12.5682799043094,35.200783357678));
#2901=CARTESIAN_POINT('Ctrl Pts',(-19.81,-11.9593122531189,35.4491057680772));
#2902=CARTESIAN_POINT('Ctrl Pts',(-19.81,-11.3441115960848,35.6808224103782));
#2903=CARTESIAN_POINT('Ctrl Pts',(-19.81,-10.7234060282611,35.89597636284));
#2904=CARTESIAN_POINT('Ctrl Pts',(-19.81,-10.0711670515021,36.1220606789374));
#2905=CARTESIAN_POINT('Ctrl Pts',(-19.81,-9.4128493852156,36.3298572143367));
#2906=CARTESIAN_POINT('Ctrl Pts',(-19.81,-8.7492665776642,36.5193638030833));
#2907=CARTESIAN_POINT('Ctrl Pts',(-19.81,-8.10540640240335,36.7032379843534));
#2908=CARTESIAN_POINT('Ctrl Pts',(-19.81,-7.4565888188323,36.869893108272));
#2909=CARTESIAN_POINT('Ctrl Pts',(-19.81,-6.80353518676167,37.0192778112732));
#2910=CARTESIAN_POINT('Ctrl Pts',(-19.81,-6.1498462185693,37.1688078461325));
#2911=CARTESIAN_POINT('Ctrl Pts',(-19.81,-5.49191249639868,37.3010339415526));
#2912=CARTESIAN_POINT('Ctrl Pts',(-19.81,-4.83044293491802,37.4158544090527));
#2913=CARTESIAN_POINT('Ctrl Pts',(-19.81,-4.17088167139065,37.530343626748));
#2914=CARTESIAN_POINT('Ctrl Pts',(-19.81,-3.50780447547056,37.6275275743184));
#2915=CARTESIAN_POINT('Ctrl Pts',(-19.81,-2.84190661291043,37.7072543112651));
#2916=CARTESIAN_POINT('Ctrl Pts',(-19.81,-2.49035812420172,37.7493445708367));
#2917=CARTESIAN_POINT('Ctrl Pts',(-19.81,-2.13802339863154,37.7865684370185));
#2918=CARTESIAN_POINT('Ctrl Pts',(-19.81,-1.78500456151065,37.8188976671878));
#2919=CARTESIAN_POINT('Ctrl Pts',(-19.81,-1.65716519021232,37.8306051117342));
#2920=CARTESIAN_POINT('Ctrl Pts',(-19.81,-1.52923610585068,37.8416706371027));
#2921=CARTESIAN_POINT('Ctrl Pts',(-19.81,-1.40122216437447,37.8520927682258));
#2922=CARTESIAN_POINT('Ctrl Pts',(-19.81,-1.34212434742132,37.8569041597843));
#2923=CARTESIAN_POINT('Ctrl Pts',(-19.81,-1.28301643585429,37.8615777656183));
#2924=CARTESIAN_POINT('Ctrl Pts',(-19.81,-1.22390705657846,37.8661129607908));
#2925=CARTESIAN_POINT('Ctrl Pts',(-19.81,-0.547733460154974,37.9179927008225));
#2926=CARTESIAN_POINT('Ctrl Pts',(-19.81,0.12896203117107,37.9517912304833));
#2927=CARTESIAN_POINT('Ctrl Pts',(-19.81,0.805429583864704,37.9675399802831));
#2928=CARTESIAN_POINT('Ctrl Pts',(-19.81,1.48490661488007,37.9833587933415));
#2929=CARTESIAN_POINT('Ctrl Pts',(-19.81,2.16415413040128,37.980966978594));
#2930=CARTESIAN_POINT('Ctrl Pts',(-19.81,2.8424308640989,37.9603470813515));
#2931=CARTESIAN_POINT('Ctrl Pts',(-19.81,3.5217052192969,37.9396968559969));
#2932=CARTESIAN_POINT('Ctrl Pts',(-19.81,4.20000640523985,37.9007649797363));
#2933=CARTESIAN_POINT('Ctrl Pts',(-19.81,4.8766015332315,37.8434831042665));
#2934=CARTESIAN_POINT('Ctrl Pts',(-19.81,5.1275774731417,37.8222349871266));
#2935=CARTESIAN_POINT('Ctrl Pts',(-19.81,5.37831874526545,37.7984614708593));
#2936=CARTESIAN_POINT('Ctrl Pts',(-19.81,5.62878814927927,37.7721572532768));
#2937=CARTESIAN_POINT('Ctrl Pts',(-19.81,6.29851046373388,37.7018232276556));
#2938=CARTESIAN_POINT('Ctrl Pts',(-19.81,6.96628915713838,37.6133995452181));
#2939=CARTESIAN_POINT('Ctrl Pts',(-19.81,7.63147624077263,37.5072060500494));
#2940=CARTESIAN_POINT('Ctrl Pts',(-19.81,8.32738897171297,37.396107372626));
#2941=CARTESIAN_POINT('Ctrl Pts',(-19.81,9.02046569182573,37.2655596485811));
#2942=CARTESIAN_POINT('Ctrl Pts',(-19.81,9.70995856472856,37.1158690863258));
#2943=CARTESIAN_POINT('Ctrl Pts',(-19.81,10.3132648285185,36.9848898443524));
#2944=CARTESIAN_POINT('Ctrl Pts',(-19.81,10.9138273483686,36.8392533837038));
#2945=CARTESIAN_POINT('Ctrl Pts',(-19.81,11.5111365389058,36.6791277098502));
#2946=CARTESIAN_POINT('Ctrl Pts',(-19.81,12.0337820806259,36.5390177452284));
#2947=CARTESIAN_POINT('Ctrl Pts',(-19.81,12.5539367876864,36.3878139269161));
#2948=CARTESIAN_POINT('Ctrl Pts',(-19.81,13.0712515747032,36.2256077941009));
#2949=CARTESIAN_POINT('Ctrl Pts',(-19.81,13.1352419368689,36.2055433585872));
#2950=CARTESIAN_POINT('Ctrl Pts',(-19.81,13.1991888346884,36.185310552697));
#2951=CARTESIAN_POINT('Ctrl Pts',(-19.81,13.2630915979866,36.1649095293294));
#2952=CARTESIAN_POINT('Ctrl Pts',(-19.81,13.3104481660287,36.1497908959343));
#2953=CARTESIAN_POINT('Ctrl Pts',(-19.81,13.3577771932955,36.1345809224013));
#2954=CARTESIAN_POINT('Ctrl Pts',(-19.81,13.4050703823518,36.1192823409723));
#2955=CARTESIAN_POINT('Ctrl Pts',(-19.81,14.0533812517638,35.909564264756));
#2956=CARTESIAN_POINT('Ctrl Pts',(-19.81,14.6954048988443,35.6830568375351));
#2957=CARTESIAN_POINT('Ctrl Pts',(-19.81,15.3305004643937,35.4401610747806));
#2958=CARTESIAN_POINT('Ctrl Pts',(-19.81,15.9708242314037,35.1952657578638));
#2959=CARTESIAN_POINT('Ctrl Pts',(-19.81,16.6041058181603,34.9337110921862));
#2960=CARTESIAN_POINT('Ctrl Pts',(-19.81,17.2296867649837,34.6558551848301));
#2961=CARTESIAN_POINT('Ctrl Pts',(-19.81,17.8590119886716,34.3763362321865));
#2962=CARTESIAN_POINT('Ctrl Pts',(-19.81,18.4805445732231,34.0803202184949));
#2963=CARTESIAN_POINT('Ctrl Pts',(-19.81,19.0936057482561,33.7681198044911));
#2964=CARTESIAN_POINT('Ctrl Pts',(-19.81,19.7064594184868,33.4560250619731));
#2965=CARTESIAN_POINT('Ctrl Pts',(-19.81,20.3108478670731,33.1277567222608));
#2966=CARTESIAN_POINT('Ctrl Pts',(-19.81,20.9060777874307,32.7835773752043));
#2967=CARTESIAN_POINT('Ctrl Pts',(-19.81,21.4980042538554,32.4413081818193));
#2968=CARTESIAN_POINT('Ctrl Pts',(-19.81,22.0808739976535,32.083303914916));
#2969=CARTESIAN_POINT('Ctrl Pts',(-19.81,22.6539835523131,31.7097761741872));
#2970=CARTESIAN_POINT('Ctrl Pts',(-19.81,22.8554126768651,31.5784934810281));
#2971=CARTESIAN_POINT('Ctrl Pts',(-19.81,23.0556359076516,31.445292777567));
#2972=CARTESIAN_POINT('Ctrl Pts',(-19.81,23.2546219101996,31.3101819353192));
#2973=CARTESIAN_POINT('Ctrl Pts',(-19.81,23.8226304008321,30.9245060355547));
#2974=CARTESIAN_POINT('Ctrl Pts',(-19.81,24.3805600111303,30.5232688147417));
#2975=CARTESIAN_POINT('Ctrl Pts',(-19.81,24.9279513014054,30.1069989825071));
#2976=CARTESIAN_POINT('Ctrl Pts',(-19.81,25.2148655991697,29.8888117940774));
#2977=CARTESIAN_POINT('Ctrl Pts',(-19.81,25.4988841563063,29.6664939858782));
#2978=CARTESIAN_POINT('Ctrl Pts',(-19.81,25.7799370384231,29.4401174111748));
#2979=CARTESIAN_POINT('Ctrl Pts',(-19.81,25.9116805769153,29.3340033917826));
#2980=CARTESIAN_POINT('Ctrl Pts',(-19.81,26.0427724387549,29.2269975134143));
#2981=CARTESIAN_POINT('Ctrl Pts',(-19.81,26.1732052079507,29.1191069698926));
#2982=CARTESIAN_POINT('Ctrl Pts',(-19.81,26.2319528440785,29.0705124761046));
#2983=CARTESIAN_POINT('Ctrl Pts',(-19.81,26.290566771424,29.0217385128886));
#2984=CARTESIAN_POINT('Ctrl Pts',(-19.81,26.3490463030172,28.9727857291401));
#2985=CARTESIAN_POINT('Ctrl Pts',(-19.81,26.4066426236012,28.9245722748008));
#2986=CARTESIAN_POINT('Ctrl Pts',(-19.81,26.4641126889659,28.8761818391662));
#2987=CARTESIAN_POINT('Ctrl Pts',(-19.81,26.5214316802646,28.8276356140133));
#2988=CARTESIAN_POINT('Ctrl Pts',(-19.81,27.0448766283177,28.3843047784973));
#2989=CARTESIAN_POINT('Ctrl Pts',(-19.81,27.5560555754882,27.9277118457241));
#2990=CARTESIAN_POINT('Ctrl Pts',(-19.81,28.0546148948658,27.4585260098017));
#2991=CARTESIAN_POINT('Ctrl Pts',(-19.81,28.5579076276488,26.9848856377007));
#2992=CARTESIAN_POINT('Ctrl Pts',(-19.81,29.0483403014194,26.4984118581445));
#2993=CARTESIAN_POINT('Ctrl Pts',(-19.81,29.52552652444,25.9997444060215));
#2994=CARTESIAN_POINT('Ctrl Pts',(-19.81,30.0058992639497,25.4977469917536));
#2995=CARTESIAN_POINT('Ctrl Pts',(-19.81,30.4728483911175,24.9833922247331));
#2996=CARTESIAN_POINT('Ctrl Pts',(-19.81,30.9259518472457,24.457287703999));
#2997=CARTESIAN_POINT('Ctrl Pts',(-19.81,31.3805473784766,23.9294507147831));
#2998=CARTESIAN_POINT('Ctrl Pts',(-19.81,31.8212062396924,23.3897861445844));
#2999=CARTESIAN_POINT('Ctrl Pts',(-19.81,32.2474691176161,22.8388669941744));
#3000=CARTESIAN_POINT('Ctrl Pts',(-19.81,32.6728800942189,22.2890488750206));
#3001=CARTESIAN_POINT('Ctrl Pts',(-19.81,33.083952884903,21.7280207692194));
#3002=CARTESIAN_POINT('Ctrl Pts',(-19.81,33.4801931941361,21.1563168778248));
#3003=CARTESIAN_POINT('Ctrl Pts',(-19.81,33.8745188174818,20.5873755356892));
#3004=CARTESIAN_POINT('Ctrl Pts',(-19.81,34.2541552503427,20.0078609803975));
#3005=CARTESIAN_POINT('Ctrl Pts',(-19.81,34.6185734337848,19.4182698803211));
#3006=CARTESIAN_POINT('Ctrl Pts',(-19.81,34.9789036470188,18.8352926951413));
#3007=CARTESIAN_POINT('Ctrl Pts',(-19.81,35.3243553607974,18.2424634115396));
#3008=CARTESIAN_POINT('Ctrl Pts',(-19.81,35.6543722274596,17.6402382562596));
#3009=CARTESIAN_POINT('Ctrl Pts',(-19.81,35.7713506233675,17.4267724011579));
#3010=CARTESIAN_POINT('Ctrl Pts',(-19.81,35.8863893039991,17.2121258230885));
#3011=CARTESIAN_POINT('Ctrl Pts',(-19.81,35.9994620293616,16.996318236505));
#3012=CARTESIAN_POINT('Ctrl Pts',(-19.81,-29.610020981372,21.1156862280957));
#3013=CARTESIAN_POINT('Ctrl Pts',(-19.6911557726526,-32.2342559284761,17.4280221557968));
#3014=CARTESIAN_POINT('Ctrl Pts',(-19.4160600580656,-36.7212513582585,7.75550579647972));
#3015=CARTESIAN_POINT('Ctrl Pts',(-18.9847128562391,-36.7326052517501,-9.17537633748981));
#3016=CARTESIAN_POINT('Ctrl Pts',(-18.5159583945205,-28.0698008119939,-25.4076991149724));
#3017=CARTESIAN_POINT('Ctrl Pts',(-18.0472039328019,-12.7781344262502,-35.6396735118238));
#3018=CARTESIAN_POINT('Ctrl Pts',(-17.5784494710833,5.53131960095566,-37.4549252208247));
#3019=CARTESIAN_POINT('Ctrl Pts',(-17.1096950093647,22.5344460677484,-30.4247466488619));
#3020=CARTESIAN_POINT('Ctrl Pts',(-16.640940547646,34.2158163672365,-16.209405315351));
#3021=CARTESIAN_POINT('Ctrl Pts',(-16.1721860859275,37.8167045541703,1.83398087100024));
#3022=CARTESIAN_POINT('Ctrl Pts',(-15.7034316242088,32.4867343344701,19.4442500375508));
#3023=CARTESIAN_POINT('Ctrl Pts',(-15.2346771624903,19.4846331584311,32.4625289678006));
#3024=CARTESIAN_POINT('Ctrl Pts',(-14.9063535039439,7.15475093557395,36.2110683395745));
#3025=CARTESIAN_POINT('Ctrl Pts',(-14.7342813326371,0.602955620365527,36.370604430322));
#3026=CARTESIAN_POINT('Ctrl Pts',(-14.7184606485699,0.000547879018029593,
36.3701600106573));
#3027=CARTESIAN_POINT('Origin',(-19.81,-3.59810362502843E-15,0.));
#3028=CARTESIAN_POINT('',(-19.81,-4.87531890740561E-15,39.81));
#3029=CARTESIAN_POINT('Origin',(-19.81,0.,0.));
#3030=CARTESIAN_POINT('Origin',(-19.81,0.,0.));
#3031=CARTESIAN_POINT('',(-19.81,-29.6105685829722,-21.1150574754865));
#3032=CARTESIAN_POINT('Ctrl Pts',(-19.81,35.9989945552088,-16.997101615121));
#3033=CARTESIAN_POINT('Ctrl Pts',(-19.81,35.6750061880038,-17.6169205051359));
#3034=CARTESIAN_POINT('Ctrl Pts',(-19.81,35.3350139620658,-18.2276082438334));
#3035=CARTESIAN_POINT('Ctrl Pts',(-19.81,34.9792684812263,-18.8284870032837));
#3036=CARTESIAN_POINT('Ctrl Pts',(-19.81,34.6251919504559,-19.4265467904596));
#3037=CARTESIAN_POINT('Ctrl Pts',(-19.81,34.2555094097513,-20.0148898117241));
#3038=CARTESIAN_POINT('Ctrl Pts',(-19.81,33.8704237740182,-20.5928211557695));
#3039=CARTESIAN_POINT('Ctrl Pts',(-19.81,33.7799085324373,-20.7286652132188));
#3040=CARTESIAN_POINT('Ctrl Pts',(-19.81,33.688542091753,-20.8639338994367));
#3041=CARTESIAN_POINT('Ctrl Pts',(-19.81,33.5963267504179,-20.9986179391398));
#3042=CARTESIAN_POINT('Ctrl Pts',(-19.81,33.2020354681203,-21.5744954661401));
#3043=CARTESIAN_POINT('Ctrl Pts',(-19.81,32.7922274120144,-22.1396872097152));
#3044=CARTESIAN_POINT('Ctrl Pts',(-19.81,32.3674642992231,-22.6936994660788));
#3045=CARTESIAN_POINT('Ctrl Pts',(-19.81,31.9324222587182,-23.2611183760906));
#3046=CARTESIAN_POINT('Ctrl Pts',(-19.81,31.4816923535203,-23.8168106785294));
#3047=CARTESIAN_POINT('Ctrl Pts',(-19.81,31.0158403245178,-24.3602039909179));
#3048=CARTESIAN_POINT('Ctrl Pts',(-19.81,30.8120300618292,-24.5979385650878));
#3049=CARTESIAN_POINT('Ctrl Pts',(-19.81,30.6053248738608,-24.8333184577491));
#3050=CARTESIAN_POINT('Ctrl Pts',(-19.81,30.3957701422116,-25.0662929257428));
#3051=CARTESIAN_POINT('Ctrl Pts',(-19.81,30.278350208838,-25.1968356545768));
#3052=CARTESIAN_POINT('Ctrl Pts',(-19.81,30.1600355825272,-25.3266231194842));
#3053=CARTESIAN_POINT('Ctrl Pts',(-19.81,30.0408340974565,-25.4556461441059));
#3054=CARTESIAN_POINT('Ctrl Pts',(-19.81,29.9970172952381,-25.5030732071842));
#3055=CARTESIAN_POINT('Ctrl Pts',(-19.81,29.9530816623532,-25.5503958631051));
#3056=CARTESIAN_POINT('Ctrl Pts',(-19.81,29.9090360866586,-25.5976046581291));
#3057=CARTESIAN_POINT('Ctrl Pts',(-19.81,29.4358772250742,-26.1047443505517));
#3058=CARTESIAN_POINT('Ctrl Pts',(-19.81,28.9497703661742,-26.5990333718633));
#3059=CARTESIAN_POINT('Ctrl Pts',(-19.81,28.4513011342447,-27.0800220480419));
#3060=CARTESIAN_POINT('Ctrl Pts',(-19.81,27.9519768654912,-27.5618357762072));
#3061=CARTESIAN_POINT('Ctrl Pts',(-19.81,27.4402474120028,-28.0303037953802));
#3062=CARTESIAN_POINT('Ctrl Pts',(-19.81,26.9166655029485,-28.4849361051774));
#3063=CARTESIAN_POINT('Ctrl Pts',(-19.81,26.3941904889512,-28.9386072850197));
#3064=CARTESIAN_POINT('Ctrl Pts',(-19.81,25.8599127037671,-29.3785014719333));
#3065=CARTESIAN_POINT('Ctrl Pts',(-19.81,25.3143512327597,-29.8040896225687));
#3066=CARTESIAN_POINT('Ctrl Pts',(-19.81,24.7740515640161,-30.2255730832407));
#3067=CARTESIAN_POINT('Ctrl Pts',(-19.81,24.2226844295159,-30.6330253458415));
#3068=CARTESIAN_POINT('Ctrl Pts',(-19.81,23.660730173548,-31.0258875781142));
#3069=CARTESIAN_POINT('Ctrl Pts',(-19.81,23.3142228635223,-31.2681308459065));
#3070=CARTESIAN_POINT('Ctrl Pts',(-19.81,22.963689784807,-31.5048259514856));
#3071=CARTESIAN_POINT('Ctrl Pts',(-19.81,22.6092399118869,-31.7358326900775));
#3072=CARTESIAN_POINT('Ctrl Pts',(-19.81,22.4623355833217,-31.831575113533));
#3073=CARTESIAN_POINT('Ctrl Pts',(-19.81,22.314758418792,-31.9263403325436));
#3074=CARTESIAN_POINT('Ctrl Pts',(-19.81,22.1665160599518,-32.0201179929459));
#3075=CARTESIAN_POINT('Ctrl Pts',(-19.81,22.1072937272095,-32.057581858548));
#3076=CARTESIAN_POINT('Ctrl Pts',(-19.81,22.0479632411281,-32.0948893189856));
#3077=CARTESIAN_POINT('Ctrl Pts',(-19.81,21.9885445637555,-32.1320276320523));
#3078=CARTESIAN_POINT('Ctrl Pts',(-19.81,21.4063422903263,-32.4959201193119));
#3079=CARTESIAN_POINT('Ctrl Pts',(-19.81,20.8152792370839,-32.8438291984559));
#3080=CARTESIAN_POINT('Ctrl Pts',(-19.81,20.2159033669752,-33.1753167440587));
#3081=CARTESIAN_POINT('Ctrl Pts',(-19.81,19.9212225108922,-33.3382913291072));
#3082=CARTESIAN_POINT('Ctrl Pts',(-19.81,19.6245318230673,-33.4972959406985));
#3083=CARTESIAN_POINT('Ctrl Pts',(-19.81,19.3258937883947,-33.6522747148451));
#3084=CARTESIAN_POINT('Ctrl Pts',(-19.81,18.7223892854371,-33.965464520567));
#3085=CARTESIAN_POINT('Ctrl Pts',(-19.81,18.1109335347729,-34.2622163797611));
#3086=CARTESIAN_POINT('Ctrl Pts',(-19.81,17.492250291898,-34.5424343860037));
#3087=CARTESIAN_POINT('Ctrl Pts',(-19.81,16.854205316906,-34.831421832883));
#3088=CARTESIAN_POINT('Ctrl Pts',(-19.81,16.2084730048334,-35.1028247367782));
#3089=CARTESIAN_POINT('Ctrl Pts',(-19.81,15.555825328136,-35.3564849822027));
#3090=CARTESIAN_POINT('Ctrl Pts',(-19.81,14.9177191962911,-35.6044934618003));
#3091=CARTESIAN_POINT('Ctrl Pts',(-19.81,14.2730018912272,-35.8355410172232));
#3092=CARTESIAN_POINT('Ctrl Pts',(-19.81,13.6223815945485,-36.0494288659606));
#3093=CARTESIAN_POINT('Ctrl Pts',(-19.81,12.9742932350913,-36.2624843542442));
#3094=CARTESIAN_POINT('Ctrl Pts',(-19.81,12.3203472749271,-36.4585134928827));
#3095=CARTESIAN_POINT('Ctrl Pts',(-19.81,11.6612376121789,-36.637268691526));
#3096=CARTESIAN_POINT('Ctrl Pts',(-19.81,11.0069534248355,-36.8147151871365));
#3097=CARTESIAN_POINT('Ctrl Pts',(-19.81,10.3475804236322,-36.975139781786));
#3098=CARTESIAN_POINT('Ctrl Pts',(-19.81,9.68379815949759,-37.11824916184));
#3099=CARTESIAN_POINT('Ctrl Pts',(-19.81,9.33350250008855,-37.1937718103985));
#3100=CARTESIAN_POINT('Ctrl Pts',(-19.81,8.9819789341351,-37.2644713876708));
#3101=CARTESIAN_POINT('Ctrl Pts',(-19.81,8.62932805987756,-37.3302989272812));
#3102=CARTESIAN_POINT('Ctrl Pts',(-19.81,8.507473327968,-37.3530449284315));
#3103=CARTESIAN_POINT('Ctrl Pts',(-19.81,8.38548400465279,-37.3752091850676));
#3104=CARTESIAN_POINT('Ctrl Pts',(-19.81,8.26336426222103,-37.3967895628404));
#3105=CARTESIAN_POINT('Ctrl Pts',(-19.81,8.19094127543891,-37.40958778353));
#3106=CARTESIAN_POINT('Ctrl Pts',(-19.81,8.11846728002116,-37.4221814968369));
#3107=CARTESIAN_POINT('Ctrl Pts',(-19.81,8.04597379833512,-37.4345651017131));
#3108=CARTESIAN_POINT('Ctrl Pts',(-19.81,7.37720927914148,-37.5488059323134));
#3109=CARTESIAN_POINT('Ctrl Pts',(-19.81,6.70635594827635,-37.6452487613048));
#3110=CARTESIAN_POINT('Ctrl Pts',(-19.81,6.03411350617844,-37.7237878735024));
#3111=CARTESIAN_POINT('Ctrl Pts',(-19.81,5.36170438110287,-37.8023464595271));
#3112=CARTESIAN_POINT('Ctrl Pts',(-19.81,4.68790499120798,-37.862992523415));
#3113=CARTESIAN_POINT('Ctrl Pts',(-19.81,4.01340538412473,-37.9055691563268));
#3114=CARTESIAN_POINT('Ctrl Pts',(-19.81,3.34197697914401,-37.947951924864));
#3115=CARTESIAN_POINT('Ctrl Pts',(-19.81,2.66985426530822,-37.9724294752964));
#3116=CARTESIAN_POINT('Ctrl Pts',(-19.81,1.9977147003782,-37.978795624532));
#3117=CARTESIAN_POINT('Ctrl Pts',(-19.81,1.71708170466088,-37.9814536313275));
#3118=CARTESIAN_POINT('Ctrl Pts',(-19.81,1.43644577181266,-37.9809537545975));
#3119=CARTESIAN_POINT('Ctrl Pts',(-19.81,1.15585633065181,-37.9772782924943));
#3120=CARTESIAN_POINT('Ctrl Pts',(-19.81,0.480526303200135,-37.9684320938891));
#3121=CARTESIAN_POINT('Ctrl Pts',(-19.81,-0.194535101646028,-37.9411938367992));
#3122=CARTESIAN_POINT('Ctrl Pts',(-19.81,-0.868613721028409,-37.8957494570802));
#3123=CARTESIAN_POINT('Ctrl Pts',(-19.81,-1.55135988878853,-37.8497207369765));
#3124=CARTESIAN_POINT('Ctrl Pts',(-19.81,-2.23309834751885,-37.7850146489754));
#3125=CARTESIAN_POINT('Ctrl Pts',(-19.81,-2.91307297859286,-37.7017719273057));
#3126=CARTESIAN_POINT('Ctrl Pts',(-19.81,-3.58013514154716,-37.6201099543001));
#3127=CARTESIAN_POINT('Ctrl Pts',(-19.81,-4.24550022651399,-37.5206083858703));
#3128=CARTESIAN_POINT('Ctrl Pts',(-19.81,-4.90843430526478,-37.4033527151944));
#3129=CARTESIAN_POINT('Ctrl Pts',(-19.81,-5.41686335423277,-37.3134249364925));
#3130=CARTESIAN_POINT('Ctrl Pts',(-19.81,-5.92386215608727,-37.213053353303));
#3131=CARTESIAN_POINT('Ctrl Pts',(-19.81,-6.42908919186001,-37.10225853982));
#3132=CARTESIAN_POINT('Ctrl Pts',(-19.81,-6.4954421407499,-37.0877075319052));
#3133=CARTESIAN_POINT('Ctrl Pts',(-19.81,-6.56176815174881,-37.0729758723962));
#3134=CARTESIAN_POINT('Ctrl Pts',(-19.81,-6.62804029886171,-37.058069553541));
#3135=CARTESIAN_POINT('Ctrl Pts',(-19.81,-7.27957696527079,-36.9115221166705));
#3136=CARTESIAN_POINT('Ctrl Pts',(-19.81,-7.92639030148372,-36.7479938958326));
#3137=CARTESIAN_POINT('Ctrl Pts',(-19.81,-8.56781303866955,-36.5677449390088));
#3138=CARTESIAN_POINT('Ctrl Pts',(-19.81,-9.21168080111166,-36.3868088951419));
#3139=CARTESIAN_POINT('Ctrl Pts',(-19.81,-9.85011724875626,-36.1890242721899));
#3140=CARTESIAN_POINT('Ctrl Pts',(-19.81,-10.4824373760707,-35.9746026537973));
#3141=CARTESIAN_POINT('Ctrl Pts',(-19.81,-11.1138308210715,-35.7604952761079));
#3142=CARTESIAN_POINT('Ctrl Pts',(-19.81,-11.7391263043686,-35.5297994685718));
#3143=CARTESIAN_POINT('Ctrl Pts',(-19.81,-12.357625033779,-35.2826769125965));
#3144=CARTESIAN_POINT('Ctrl Pts',(-19.81,-12.9733372376791,-35.0366677191449));
#3145=CARTESIAN_POINT('Ctrl Pts',(-19.81,-13.5823142136565,-34.7743792826198));
#3146=CARTESIAN_POINT('Ctrl Pts',(-19.81,-14.1838434685798,-34.4959251071501));
#3147=CARTESIAN_POINT('Ctrl Pts',(-19.81,-14.7790711508009,-34.2203879955083));
#3148=CARTESIAN_POINT('Ctrl Pts',(-19.81,-15.3670067075169,-33.92902186811));
#3149=CARTESIAN_POINT('Ctrl Pts',(-19.81,-15.9469313040206,-33.6218944496292));
#3150=CARTESIAN_POINT('Ctrl Pts',(-19.81,-16.139813092562,-33.5197444698839));
#3151=CARTESIAN_POINT('Ctrl Pts',(-19.81,-16.331808437262,-33.4158506169314));
#3152=CARTESIAN_POINT('Ctrl Pts',(-19.81,-16.5228900732886,-33.3102143895773));
#3153=CARTESIAN_POINT('Ctrl Pts',(-19.81,-17.1067648567228,-32.9874291620076));
#3154=CARTESIAN_POINT('Ctrl Pts',(-19.81,-17.6821113232797,-32.6483781429651));
#3155=CARTESIAN_POINT('Ctrl Pts',(-19.81,-18.2483478950662,-32.2935031312731));
#3156=CARTESIAN_POINT('Ctrl Pts',(-19.81,-18.5321938501457,-32.1156095764471));
#3157=CARTESIAN_POINT('Ctrl Pts',(-19.81,-18.8137500060956,-31.9337391127317));
#3158=CARTESIAN_POINT('Ctrl Pts',(-19.81,-19.0929392428647,-31.7479442945681));
#3159=CARTESIAN_POINT('Ctrl Pts',(-19.81,-19.2238091976003,-31.6608529735539));
#3160=CARTESIAN_POINT('Ctrl Pts',(-19.81,-19.3541590387567,-31.5728993397416));
#3161=CARTESIAN_POINT('Ctrl Pts',(-19.81,-19.4839806139473,-31.4840886633184));
#3162=CARTESIAN_POINT('Ctrl Pts',(-19.81,-19.5475711541712,-31.4405865036572));
#3163=CARTESIAN_POINT('Ctrl Pts',(-19.81,-19.611034943506,-31.3968787092339));
#3164=CARTESIAN_POINT('Ctrl Pts',(-19.81,-19.674371011742,-31.3529658918324));
#3165=CARTESIAN_POINT('Ctrl Pts',(-19.81,-19.7274612256455,-31.3161568360466));
#3166=CARTESIAN_POINT('Ctrl Pts',(-19.81,-19.7804640577233,-31.2792020372951));
#3167=CARTESIAN_POINT('Ctrl Pts',(-19.81,-19.8333589718371,-31.2421159488182));
#3168=CARTESIAN_POINT('Ctrl Pts',(-19.81,-20.3710822424043,-30.8651032790283));
#3169=CARTESIAN_POINT('Ctrl Pts',(-19.81,-20.8980793812457,-30.4742340467981));
#3170=CARTESIAN_POINT('Ctrl Pts',(-19.81,-21.4139078425295,-30.0700690983608));
#3171=CARTESIAN_POINT('Ctrl Pts',(-19.81,-21.9327808459978,-29.6635186723329));
#3172=CARTESIAN_POINT('Ctrl Pts',(-19.81,-22.4403532935037,-29.2435148066759));
#3173=CARTESIAN_POINT('Ctrl Pts',(-19.81,-22.9361454607654,-28.8105841340074));
#3174=CARTESIAN_POINT('Ctrl Pts',(-19.81,-23.4329871872672,-28.3767369757269));
#3175=CARTESIAN_POINT('Ctrl Pts',(-19.81,-23.9179990435197,-27.9299078848213));
#3176=CARTESIAN_POINT('Ctrl Pts',(-19.81,-24.3906637502482,-27.4705875110725));
#3177=CARTESIAN_POINT('Ctrl Pts',(-19.81,-24.8826848304668,-26.9924572355488));
#3178=CARTESIAN_POINT('Ctrl Pts',(-19.81,-25.3613274602846,-26.5007915132259));
#3179=CARTESIAN_POINT('Ctrl Pts',(-19.81,-25.8259626857375,-25.9961045362095));
#3180=CARTESIAN_POINT('Ctrl Pts',(-19.81,-26.2673848253478,-25.516631622784));
#3181=CARTESIAN_POINT('Ctrl Pts',(-19.81,-26.6961641681021,-25.0254054371333));
#3182=CARTESIAN_POINT('Ctrl Pts',(-19.81,-27.1117176855644,-24.5228385264047));
#3183=CARTESIAN_POINT('Ctrl Pts',(-19.81,-27.5238276443977,-24.0244362263686));
#3184=CARTESIAN_POINT('Ctrl Pts',(-19.81,-27.9229303096529,-23.5148800374016));
#3185=CARTESIAN_POINT('Ctrl Pts',(-19.81,-28.3084110110766,-22.9945501999127));
#3186=CARTESIAN_POINT('Ctrl Pts',(-19.81,-28.6884352741327,-22.4815855759834));
#3187=CARTESIAN_POINT('Ctrl Pts',(-19.81,-29.0552206577522,-21.9581498169805));
#3188=CARTESIAN_POINT('Ctrl Pts',(-19.81,-29.4081302695481,-21.4245905938467));
#3189=CARTESIAN_POINT('Ctrl Pts',(-19.81,-29.4761265583432,-21.3217879332988));
#3190=CARTESIAN_POINT('Ctrl Pts',(-19.81,-29.5436075870297,-21.2186094171893));
#3191=CARTESIAN_POINT('Ctrl Pts',(-19.81,-29.6105685829721,-21.1150574754866));
#3192=CARTESIAN_POINT('Origin',(-19.81,0.,0.));
#3193=CARTESIAN_POINT('Origin',(-30.9015393514301,0.,0.));
#3194=CARTESIAN_POINT('Ctrl Pts',(-19.81,-29.6105685829723,-21.1150574754864));
#3195=CARTESIAN_POINT('Ctrl Pts',(-19.6537485127605,-26.155592497406,-25.9601215466101));
#3196=CARTESIAN_POINT('Ctrl Pts',(-19.3412455382814,-16.8261878971443,-33.9180342614423));
#3197=CARTESIAN_POINT('Ctrl Pts',(-18.8724910765628,1.15259184677387,-37.8435652174773));
#3198=CARTESIAN_POINT('Ctrl Pts',(-18.4037366148442,18.8545428478068,-32.8322234976017));
#3199=CARTESIAN_POINT('Ctrl Pts',(-17.9349821531256,32.1060510411581,-20.0670165597326));
#3200=CARTESIAN_POINT('Ctrl Pts',(-17.466227691407,37.774172131314,-2.56281761712799));
#3201=CARTESIAN_POINT('Ctrl Pts',(-16.9974732296884,34.52206934433,15.5466580007003));
#3202=CARTESIAN_POINT('Ctrl Pts',(-16.5287187679698,23.1168643054851,29.9845867984164));
#3203=CARTESIAN_POINT('Ctrl Pts',(-16.163407475217,9.97406696152167,35.7178521267454));
#3204=CARTESIAN_POINT('Ctrl Pts',(-15.9543476697038,2.01214282145448,36.3677540970087));
#3205=CARTESIAN_POINT('Ctrl Pts',(-15.9015393514301,0.000725480622965624,
36.3662578685879));
#3206=CARTESIAN_POINT('Ctrl Pts',(-21.7972396265507,-32.4130206579446,-23.1134634321137));
#3207=CARTESIAN_POINT('Ctrl Pts',(-21.6409881393112,-28.6310530499817,-28.417082016348));
#3208=CARTESIAN_POINT('Ctrl Pts',(-21.3284851648321,-18.4186796135426,-37.128160579301));
#3209=CARTESIAN_POINT('Ctrl Pts',(-20.8597307031135,1.26167733777127,-41.4252180847934));
#3210=CARTESIAN_POINT('Ctrl Pts',(-20.3909762413949,20.6390054655517,-35.9395847294194));
#3211=CARTESIAN_POINT('Ctrl Pts',(-19.9222217796763,35.1446846664239,-21.9662321063285));
#3212=CARTESIAN_POINT('Ctrl Pts',(-19.4534673179577,41.3492573841732,-2.8053720121499));
#3213=CARTESIAN_POINT('Ctrl Pts',(-18.9847128562391,37.7893637427898,17.018050346675));
#3214=CARTESIAN_POINT('Ctrl Pts',(-18.5159583945205,25.3047285526111,32.8224373197579));
#3215=CARTESIAN_POINT('Ctrl Pts',(-18.0472039328019,6.84425287836567,40.8754265242384));
#3216=CARTESIAN_POINT('Ctrl Pts',(-17.5784494710833,-13.2326625261626,39.2751928563212));
#3217=CARTESIAN_POINT('Ctrl Pts',(-17.1096950093647,-30.1844822832379,28.3996587465696));
#3218=CARTESIAN_POINT('Ctrl Pts',(-16.6409405476461,-40.0079012878969,10.8172065043838));
#3219=CARTESIAN_POINT('Ctrl Pts',(-16.1721860859275,-40.3829673373076,-9.3198567857573));
#3220=CARTESIAN_POINT('Ctrl Pts',(-15.7034316242089,-31.2211221662011,-27.2559255884043));
#3221=CARTESIAN_POINT('Ctrl Pts',(-15.2346771624903,-14.6860350626308,-38.7551836686423));
#3222=CARTESIAN_POINT('Ctrl Pts',(-14.7659227007717,5.31733202534466,-41.1019449555535));
#3223=CARTESIAN_POINT('Ctrl Pts',(-14.2971682390531,24.0649488325176,-33.7419937494987));
#3224=CARTESIAN_POINT('Ctrl Pts',(-13.8284137773345,37.1293417447324,-18.4134700144596));
#3225=CARTESIAN_POINT('Ctrl Pts',(-13.3596593156159,41.4251998613494,1.26361336255134));
#3226=CARTESIAN_POINT('Ctrl Pts',(-12.8909048538973,35.9380049391629,20.6422794299793));
#3227=CARTESIAN_POINT('Ctrl Pts',(-12.4221503921787,21.9636233961663,35.1460260588967));
#3228=CARTESIAN_POINT('Ctrl Pts',(-11.9533959304601,2.80227131128278,41.3496212261251));
#3229=CARTESIAN_POINT('Ctrl Pts',(-11.4846414687414,-17.0208704093452,37.788012259693));
#3230=CARTESIAN_POINT('Ctrl Pts',(-11.0158870070229,-32.8243314449775,25.3023154144772));
#3231=CARTESIAN_POINT('Ctrl Pts',(-10.5471325453042,-40.8759367730612,6.84117628554828));
#3232=CARTESIAN_POINT('Ctrl Pts',(-10.0783780835857,-39.274204177823,-13.2355878714561));
#3233=CARTESIAN_POINT('Ctrl Pts',(-9.60962362186704,-28.3974018312479,-30.186610762246));
#3234=CARTESIAN_POINT('Ctrl Pts',(-9.14086916014845,-10.8142157856419,-40.0087070151954));
#3235=CARTESIAN_POINT('Ctrl Pts',(-8.67211469842984,9.32287575129376,-40.3822719495923));
#3236=CARTESIAN_POINT('Ctrl Pts',(-8.20336023671124,27.258259457803,-31.2190837696217));
#3237=CARTESIAN_POINT('Ctrl Pts',(-7.73460577499264,38.756281465143,-14.6831381890832));
#3238=CARTESIAN_POINT('Ctrl Pts',(-7.26585131327403,41.1015473217834,5.32040485670573));
#3239=CARTESIAN_POINT('Ctrl Pts',(-6.79709685155544,33.7401946425667,24.0674711086625));
#3240=CARTESIAN_POINT('Ctrl Pts',(-6.32834238983683,18.410694288568,37.1307182249047));
#3241=CARTESIAN_POINT('Ctrl Pts',(-5.85958792811824,-1.26671017328508,41.4251052554043));
#3242=CARTESIAN_POINT('Ctrl Pts',(-5.39083346639962,-20.6449659838423,35.93646170132));
#3243=CARTESIAN_POINT('Ctrl Pts',(-4.92207900468103,-35.1476678907355,21.9609959229307));
#3244=CARTESIAN_POINT('Ctrl Pts',(-4.45332454296242,-41.3498305996753,2.79918014114761));
#3245=CARTESIAN_POINT('Ctrl Pts',(-3.98457008124383,-37.7867397279684,-17.0236952749748));
#3246=CARTESIAN_POINT('Ctrl Pts',(-3.51581561952521,-25.2998615014378,-32.8262228727659));
#3247=CARTESIAN_POINT('Ctrl Pts',(-3.04706115780662,-6.83812051165525,-40.8764480838601));
#3248=CARTESIAN_POINT('Ctrl Pts',(-2.57830669608801,13.2385238487799,-39.2732146174682));
#3249=CARTESIAN_POINT('Ctrl Pts',(-2.10955223436941,30.1887335771519,-28.3951450972199));
#3250=CARTESIAN_POINT('Ctrl Pts',(-1.64079777265081,40.0095153396987,-10.8112248319441));
#3251=CARTESIAN_POINT('Ctrl Pts',(-1.17204331093221,40.3815748882788,9.3258945751473));
#3252=CARTESIAN_POINT('Ctrl Pts',(-0.703288849213607,31.2170459417903,27.2605932208487));
#3253=CARTESIAN_POINT('Ctrl Pts',(-0.234534387495002,14.6802408519828,38.7573790214484));
#3254=CARTESIAN_POINT('Ctrl Pts',(0.234220074223601,-5.32347746251166,41.1011494704292));
#3255=CARTESIAN_POINT('Ctrl Pts',(0.702974535942205,-24.0699933508202,33.7383953408561));
#3256=CARTESIAN_POINT('Ctrl Pts',(1.1717289976608,-37.1320944459742,18.407918462979));
#3257=CARTESIAN_POINT('Ctrl Pts',(1.6404834593794,-41.4250104444354,-1.26980697857806));
#3258=CARTESIAN_POINT('Ctrl Pts',(2.10923792109801,-35.9349182490492,-20.6476524214881));
#3259=CARTESIAN_POINT('Ctrl Pts',(2.57799238281661,-21.9583683339421,-35.1493095265805));
#3260=CARTESIAN_POINT('Ctrl Pts',(3.04674684453522,-2.796088951787,-41.3500397419171));
#3261=CARTESIAN_POINT('Ctrl Pts',(3.51550130625381,17.0265200436278,-37.7854669851832));
#3262=CARTESIAN_POINT('Ctrl Pts',(3.98425576797242,32.8281141180459,-25.2974074469497));
#3263=CARTESIAN_POINT('Ctrl Pts',(4.45301022969101,40.8769591657332,-6.83506469957708));
#3264=CARTESIAN_POINT('Ctrl Pts',(4.92176469140962,39.2722248378806,13.2414597521342));
#3265=CARTESIAN_POINT('Ctrl Pts',(5.39051915312822,28.3928882043758,30.1908562233376));
#3266=CARTESIAN_POINT('Ctrl Pts',(5.85927361484682,10.8082338178928,40.0103234406097));
#3267=CARTESIAN_POINT('Ctrl Pts',(6.32802807656543,-9.32891334691667,40.3808776012874));
#3268=CARTESIAN_POINT('Ctrl Pts',(6.79678253828403,-27.2629268315282,31.2150079395012));
#3269=CARTESIAN_POINT('Ctrl Pts',(7.26553700000263,-38.7584763611662,14.6773434328396));
#3270=CARTESIAN_POINT('Ctrl Pts',(7.73429146172124,-41.1007513893689,-5.32655003856548));
#3271=CARTESIAN_POINT('Ctrl Pts',(8.20304592343984,-33.7365958506069,-24.0725154584625));
#3272=CARTESIAN_POINT('Ctrl Pts',(8.67180038515843,-18.4051425344976,-37.1334704595246));
#3273=CARTESIAN_POINT('Ctrl Pts',(9.14055484687704,1.27290377674121,-41.4249154019661));
#3274=CARTESIAN_POINT('Ctrl Pts',(9.60930930859564,20.6503387438077,-35.9333745959403));
#3275=CARTESIAN_POINT('Ctrl Pts',(10.0780637703142,35.1509509658651,-21.9557406222623));
#3276=CARTESIAN_POINT('Ctrl Pts',(10.5468182320329,41.3502486533153,-2.79299774675179));
#3277=CARTESIAN_POINT('Ctrl Pts',(11.0155726937514,37.7841940307548,17.0293447170322));
#3278=CARTESIAN_POINT('Ctrl Pts',(11.4843271554701,25.2949532520124,32.8300051800474));
#3279=CARTESIAN_POINT('Ctrl Pts',(11.9530816171886,6.83200884749348,40.8774700188038));
#3280=CARTESIAN_POINT('Ctrl Pts',(12.4218360789073,-13.2443955779679,39.2712348395152));
#3281=CARTESIAN_POINT('Ctrl Pts',(12.8905905406259,-30.1929787076569,28.3906311514952));
#3282=CARTESIAN_POINT('Ctrl Pts',(13.3593450023445,-40.01113130456,10.8052427460887));
#3283=CARTESIAN_POINT('Ctrl Pts',(13.8280994640631,-40.3801801146513,-9.33193207171343));
#3284=CARTESIAN_POINT('Ctrl Pts',(14.2968539257817,-31.212969712059,-27.2652602797885));
#3285=CARTESIAN_POINT('Ctrl Pts',(14.7656083875003,-14.6744460304542,-38.7595735038736));
#3286=CARTESIAN_POINT('Ctrl Pts',(15.2343628492189,5.32962277729817,-41.10035304044));
#3287=CARTESIAN_POINT('Ctrl Pts',(15.7031173109375,24.0750370566541,-33.7347962461871));
#3288=CARTESIAN_POINT('Ctrl Pts',(16.1718717726561,37.1348469959601,-18.4023663582735));
#3289=CARTESIAN_POINT('Ctrl Pts',(16.6406262343747,41.4248187050276,1.27600028553141));
#3290=CARTESIAN_POINT('Ctrl Pts',(17.1093806960933,35.9318335141931,20.6530255006113));
#3291=CARTESIAN_POINT('Ctrl Pts',(17.5781351578119,21.9531073871962,35.1525911374245));
#3292=CARTESIAN_POINT('Ctrl Pts',(18.0468896195305,2.78991704758082,41.350459420666));
#3293=CARTESIAN_POINT('Ctrl Pts',(18.5156440812491,-17.0321897929364,37.7829167992471));
#3294=CARTESIAN_POINT('Ctrl Pts',(18.9843985429677,-32.8318561254127,25.2925068368278));
#3295=CARTESIAN_POINT('Ctrl Pts',(19.4531530046863,-40.8780584416529,6.82893752553437));
#3296=CARTESIAN_POINT('Ctrl Pts',(19.9219074664049,-39.2700930417643,-13.2473012663081));
#3297=CARTESIAN_POINT('Ctrl Pts',(20.3906619281235,-28.3886694043263,-30.1951595906254));
#3298=CARTESIAN_POINT('Ctrl Pts',(20.8594163898421,-10.801674334683,-40.0118248608787));
#3299=CARTESIAN_POINT('Ctrl Pts',(21.3281708515607,9.33380885430021,-40.3797044980363));
#3300=CARTESIAN_POINT('Ctrl Pts',(21.7969253132793,27.2699970483804,-31.2105002793934));
#3301=CARTESIAN_POINT('Ctrl Pts',(22.1094282877584,34.9260714341609,-20.1850757553844));
#3302=CARTESIAN_POINT('Ctrl Pts',(22.2656797749979,37.2320450755297,-14.092938639394));
#3303=CARTESIAN_POINT('Ctrl Pts',(-21.1348264177005,-31.4788699662871,-22.447328113238));
#3304=CARTESIAN_POINT('Ctrl Pts',(-20.9785749304609,-27.8058995324564,-27.5980951931021));
#3305=CARTESIAN_POINT('Ctrl Pts',(-20.6660719559819,-17.8878490414099,-36.0581184733481));
#3306=CARTESIAN_POINT('Ctrl Pts',(-20.1973174942633,1.22531550743881,-40.2313337956881));
#3307=CARTESIAN_POINT('Ctrl Pts',(-19.7285630325447,20.0441845929701,-34.9037976521468));
#3308=CARTESIAN_POINT('Ctrl Pts',(-19.259808570826,34.1318067913353,-21.3331602574632));
#3309=CARTESIAN_POINT('Ctrl Pts',(-18.7910541091075,40.1575622998868,-2.72452054714258));
#3310=CARTESIAN_POINT('Ctrl Pts',(-18.3222996473888,36.7002656099699,16.5275862313501));
#3311=CARTESIAN_POINT('Ctrl Pts',(-17.8535451856703,24.5754404702358,31.8764871459775));
#3312=CARTESIAN_POINT('Ctrl Pts',(-17.3847907239516,6.64699994018148,39.6973873540431));
#3313=CARTESIAN_POINT('Ctrl Pts',(-16.9160362622331,-12.8512941562802,38.1432727875658));
#3314=CARTESIAN_POINT('Ctrl Pts',(-16.4472818005144,-29.3145585788177,27.5811740659559));
#3315=CARTESIAN_POINT('Ctrl Pts',(-15.9785273387958,-38.8548643940433,10.5054521312104));
#3316=CARTESIAN_POINT('Ctrl Pts',(-15.5097728770773,-39.2191209538611,-9.0512563750014));
#3317=CARTESIAN_POINT('Ctrl Pts',(-15.0410184153586,-30.3213222625248,-26.4704035598077));
#3318=CARTESIAN_POINT('Ctrl Pts',(-14.57226395364,-14.2627801628101,-37.6382503839779));
#3319=CARTESIAN_POINT('Ctrl Pts',(-14.1035094919214,5.16408529645546,-39.9173774721991));
#3320=CARTESIAN_POINT('Ctrl Pts',(-13.6347550302028,23.3713914861094,-32.7695417484455));
#3321=CARTESIAN_POINT('Ctrl Pts',(-13.1660005684842,36.0592655973208,-17.8827895841676));
#3322=CARTESIAN_POINT('Ctrl Pts',(-12.6972461067656,40.2313160974478,1.22719573554055));
#3323=CARTESIAN_POINT('Ctrl Pts',(-12.228491645047,34.9022633918079,20.0473642009917));
#3324=CARTESIAN_POINT('Ctrl Pts',(-11.7597371833284,21.3306267309263,34.1331095245694));
#3325=CARTESIAN_POINT('Ctrl Pts',(-11.2909827216098,2.72150920918584,40.1579156558301));
#3326=CARTESIAN_POINT('Ctrl Pts',(-10.8222282598912,-16.5303250191671,36.6989530769261));
#3327=CARTESIAN_POINT('Ctrl Pts',(-10.3534737981726,-31.8783266820737,24.5730968792965));
#3328=CARTESIAN_POINT('Ctrl Pts',(-9.88471933645402,-39.6978828973777,6.64401201547494));
#3329=CARTESIAN_POINT('Ctrl Pts',(-9.41596487473541,-38.1423126030088,-12.8541351924512));
#3330=CARTESIAN_POINT('Ctrl Pts',(-8.94721041301681,-27.5789821954515,-29.3166257145725));
#3331=CARTESIAN_POINT('Ctrl Pts',(-8.47845595129822,-10.5025476056689,-38.8556469000962));
#3332=CARTESIAN_POINT('Ctrl Pts',(-8.00970148957961,9.05418833325852,-39.2184456073793));
#3333=CARTESIAN_POINT('Ctrl Pts',(-7.54094702786101,26.4726701665549,-30.3193426130024));
#3334=CARTESIAN_POINT('Ctrl Pts',(-7.07219256614241,37.6393165417316,-14.2599667778228));
#3335=CARTESIAN_POINT('Ctrl Pts',(-6.6034381044238,39.9169912983255,5.16706956811173));
#3336=CARTESIAN_POINT('Ctrl Pts',(-6.1346836427052,32.7677944921882,23.3738410696773));
#3337=CARTESIAN_POINT('Ctrl Pts',(-5.6659291809866,17.8800938553331,36.0606024070187));
#3338=CARTESIAN_POINT('Ctrl Pts',(-5.19717471926799,-1.23020329547844,40.2312242180678));
#3339=CARTESIAN_POINT('Ctrl Pts',(-4.7284202575494,-20.049973327756,34.9007646304337));
#3340=CARTESIAN_POINT('Ctrl Pts',(-4.25966579583079,-34.1347040384378,21.3280749820722));
#3341=CARTESIAN_POINT('Ctrl Pts',(-3.79091133411219,-40.1581189951866,2.71850712728317));
#3342=CARTESIAN_POINT('Ctrl Pts',(-3.32215687239359,-36.6977172198577,-16.5330684715213));
#3343=CARTESIAN_POINT('Ctrl Pts',(-2.85340241067498,-24.5707136885939,-31.8801635984792));
#3344=CARTESIAN_POINT('Ctrl Pts',(-2.38464794895639,-6.64104430968658,-39.6983794720821));
#3345=CARTESIAN_POINT('Ctrl Pts',(-1.91589348723778,12.856986554235,-38.1413515620104));
#3346=CARTESIAN_POINT('Ctrl Pts',(-1.44713902551918,29.3186873494658,-27.576790501016));
#3347=CARTESIAN_POINT('Ctrl Pts',(-0.978384563800578,38.8564319285018,-10.4996428519428));
#3348=CARTESIAN_POINT('Ctrl Pts',(-0.509630102081977,39.2177686355328,9.05712015391598));
#3349=CARTESIAN_POINT('Ctrl Pts',(-0.0408756403633747,30.3173635158366,
26.4749366700143));
#3350=CARTESIAN_POINT('Ctrl Pts',(0.42787882135523,14.2571529426424,37.6403824662125));
#3351=CARTESIAN_POINT('Ctrl Pts',(0.896633283073833,-5.17005362071344,39.9166049131386));
#3352=CARTESIAN_POINT('Ctrl Pts',(1.36538774479244,-23.3762906202373,32.7660470467656));
#3353=CARTESIAN_POINT('Ctrl Pts',(1.83414220651104,-36.0619389650813,17.8773980296743));
#3354=CARTESIAN_POINT('Ctrl Pts',(2.30289666822963,-40.2311321395728,-1.23321085013243));
#3355=CARTESIAN_POINT('Ctrl Pts',(2.77165112994824,-34.8992656608115,-20.0525823416525));
#3356=CARTESIAN_POINT('Ctrl Pts',(3.24040559166684,-21.3255231208011,-34.1362983619612));
#3357=CARTESIAN_POINT('Ctrl Pts',(3.70916005338545,-2.71550502670911,-40.1583221099011));
#3358=CARTESIAN_POINT('Ctrl Pts',(4.17791451510405,16.5358118296936,-36.6964811578115));
#3359=CARTESIAN_POINT('Ctrl Pts',(4.64666897682265,31.8820003376364,-24.5683303605192));
#3360=CARTESIAN_POINT('Ctrl Pts',(5.11542343854124,39.6988758244584,-6.63807656681358));
#3361=CARTESIAN_POINT('Ctrl Pts',(5.58417790025985,38.1403903080976,12.8598378441811));
#3362=CARTESIAN_POINT('Ctrl Pts',(6.05293236197845,27.5745986523415,29.3207488205013));
#3363=CARTESIAN_POINT('Ctrl Pts',(6.52168682369706,10.4967380396026,38.8572167397592));
#3364=CARTESIAN_POINT('Ctrl Pts',(6.99044128541566,-9.06005192399038,39.2170914445124));
#3365=CARTESIAN_POINT('Ctrl Pts',(7.45919574713426,-26.4772030254986,30.3153842492412));
#3366=CARTESIAN_POINT('Ctrl Pts',(7.92795020885287,-37.6414481803478,14.2543390277836));
#3367=CARTESIAN_POINT('Ctrl Pts',(8.39670467057146,-39.9162183048658,-5.17303764442044));
#3368=CARTESIAN_POINT('Ctrl Pts',(8.86545913229007,-32.7642994182382,-23.3787400401587));
#3369=CARTESIAN_POINT('Ctrl Pts',(9.33421359400868,-17.8747021040887,-36.0632753216054));
#3370=CARTESIAN_POINT('Ctrl Pts',(9.80296805572726,1.23621839786203,-40.2310398362492));
#3371=CARTESIAN_POINT('Ctrl Pts',(10.2717225174459,20.0551912435466,-34.8977664961393));
#3372=CARTESIAN_POINT('Ctrl Pts',(10.7404769791645,34.137892494589,-21.3229711403747));
#3373=CARTESIAN_POINT('Ctrl Pts',(11.2092314408831,40.1585250004249,-2.71250291091224));
#3374=CARTESIAN_POINT('Ctrl Pts',(11.6779859026017,36.6952448902217,16.5385550953625));
#3375=CARTESIAN_POINT('Ctrl Pts',(12.1467403643203,24.565946896043,31.8838368987971));
#3376=CARTESIAN_POINT('Ctrl Pts',(12.6154948260389,6.63510878508808,39.6993719546263));
#3377=CARTESIAN_POINT('Ctrl Pts',(13.0842492877575,-12.8626890588407,38.1394288417121));
#3378=CARTESIAN_POINT('Ctrl Pts',(13.5530037494761,-29.3228101343357,27.5724066482428));
#3379=CARTESIAN_POINT('Ctrl Pts',(14.0217582111947,-38.8580013208851,10.4938331711741));
#3380=CARTESIAN_POINT('Ctrl Pts',(14.4905126729133,-39.2164140596012,-9.06298364844593));
#3381=CARTESIAN_POINT('Ctrl Pts',(14.9592671346319,-30.3134047639814,-26.4794692232447));
#3382=CARTESIAN_POINT('Ctrl Pts',(15.4280215963505,-14.2515251291996,-37.6425137031508));
#3383=CARTESIAN_POINT('Ctrl Pts',(15.8967760580691,5.1760218261179,-39.9158314364444));
#3384=CARTESIAN_POINT('Ctrl Pts',(16.3655305197877,23.3811889653118,-32.7625516788306));
#3385=CARTESIAN_POINT('Ctrl Pts',(16.8342849815063,36.0646121859451,-17.8720059379003));
#3386=CARTESIAN_POINT('Ctrl Pts',(17.3030394432249,40.2309459261387,1.23922566455849));
#3387=CARTESIAN_POINT('Ctrl Pts',(17.7717939049435,34.8962698287217,20.0578005674027));
#3388=CARTESIAN_POINT('Ctrl Pts',(18.2405483666621,21.3204137957474,34.1394853960278));
#3389=CARTESIAN_POINT('Ctrl Pts',(18.7093028283807,2.70951099819812,40.1587296934121));
#3390=CARTESIAN_POINT('Ctrl Pts',(19.1780572900993,-16.5413181755263,36.6940044688191));
#3391=CARTESIAN_POINT('Ctrl Pts',(19.6468117518179,-31.8856344994923,24.5635709871052));
#3392=CARTESIAN_POINT('Ctrl Pts',(20.1155662135365,-39.6999434189938,6.6321259793325));
#3393=CARTESIAN_POINT('Ctrl Pts',(20.5843206752552,-38.1383199508345,-12.8655110045762));
#3394=CARTESIAN_POINT('Ctrl Pts',(21.0530751369737,-27.5705014390773,-29.3249281637567));
#3395=CARTESIAN_POINT('Ctrl Pts',(21.5218295986923,-10.4903676022039,-38.8586748887516));
#3396=CARTESIAN_POINT('Ctrl Pts',(21.9905840604109,9.06480634172801,-39.2159521503662));
#3397=CARTESIAN_POINT('Ctrl Pts',(22.4593385221295,26.484069477079,-30.3110065009318));
#3398=CARTESIAN_POINT('Ctrl Pts',(22.7718414966086,33.9194940425811,-19.6033372411917));
#3399=CARTESIAN_POINT('Ctrl Pts',(22.9280929838481,36.159008994562,-13.6867769145611));
#3400=CARTESIAN_POINT('Ctrl Pts',(-20.4724132088502,-30.5447192746297,-21.7811927943622));
#3401=CARTESIAN_POINT('Ctrl Pts',(-20.3161617216107,-26.9807460149312,-26.7791083698561));
#3402=CARTESIAN_POINT('Ctrl Pts',(-20.0036587471317,-17.3570184692771,-34.9880763673952));
#3403=CARTESIAN_POINT('Ctrl Pts',(-19.534904285413,1.18895367710636,-39.0374495065827));
#3404=CARTESIAN_POINT('Ctrl Pts',(-19.0661498236944,19.4493637203884,-33.8680105748742));
#3405=CARTESIAN_POINT('Ctrl Pts',(-18.5973953619758,33.1189289162468,-20.7000884085979));
#3406=CARTESIAN_POINT('Ctrl Pts',(-18.1286409002572,38.9658672156003,-2.64366908213529));
#3407=CARTESIAN_POINT('Ctrl Pts',(-17.6598864385386,35.61116747715,16.0371221160252));
#3408=CARTESIAN_POINT('Ctrl Pts',(-17.19113197682,23.8461523878604,30.930536972197));
#3409=CARTESIAN_POINT('Ctrl Pts',(-16.7223775151014,6.44974700199733,38.5193481838478));
#3410=CARTESIAN_POINT('Ctrl Pts',(-16.2536230533828,-12.4699257863979,37.0113527188104));
#3411=CARTESIAN_POINT('Ctrl Pts',(-15.7848685916642,-28.4446348743975,26.7626893853422));
#3412=CARTESIAN_POINT('Ctrl Pts',(-15.3161141299456,-37.7018275001897,10.1936977580371));
#3413=CARTESIAN_POINT('Ctrl Pts',(-14.847359668227,-38.0552745704146,-8.78265596424554));
#3414=CARTESIAN_POINT('Ctrl Pts',(-14.3786052065084,-29.4215223588484,-25.6848815312112));
#3415=CARTESIAN_POINT('Ctrl Pts',(-13.9098507447898,-13.8395252629895,-36.5213170993136));
#3416=CARTESIAN_POINT('Ctrl Pts',(-13.4410962830712,5.01083856756628,-38.7328099888447));
#3417=CARTESIAN_POINT('Ctrl Pts',(-12.9723418213526,22.6778341397013,-31.7970897473924));
#3418=CARTESIAN_POINT('Ctrl Pts',(-12.503587359634,34.9891894499091,-17.3521091538756));
#3419=CARTESIAN_POINT('Ctrl Pts',(-12.0348328979154,39.0374323335463,1.19077810852977));
#3420=CARTESIAN_POINT('Ctrl Pts',(-11.5660784361968,33.866521844453,19.4524489720041));
#3421=CARTESIAN_POINT('Ctrl Pts',(-11.0973239744782,20.6976300656864,33.120192990242));
#3422=CARTESIAN_POINT('Ctrl Pts',(-10.6285695127596,2.6407471070889,38.9662100855352));
#3423=CARTESIAN_POINT('Ctrl Pts',(-10.159815051041,-16.0397796289891,35.609893894159));
#3424=CARTESIAN_POINT('Ctrl Pts',(-9.69106058932239,-30.9323219191698,23.8438783441158));
#3425=CARTESIAN_POINT('Ctrl Pts',(-9.22230612760378,-38.5198290216942,6.4468477454016));
#3426=CARTESIAN_POINT('Ctrl Pts',(-8.75355166588519,-37.0104210281945,-12.4726825134464));
#3427=CARTESIAN_POINT('Ctrl Pts',(-8.28479720416658,-26.7605625596552,-28.4466406668989));
#3428=CARTESIAN_POINT('Ctrl Pts',(-7.81604274244798,-10.1908794256958,-37.7025867849969));
#3429=CARTESIAN_POINT('Ctrl Pts',(-7.34728828072938,8.78550091522325,-38.0546192651663));
#3430=CARTESIAN_POINT('Ctrl Pts',(-6.87853381901077,25.6870808753068,-29.4196014563832));
#3431=CARTESIAN_POINT('Ctrl Pts',(-6.40977935729218,36.5223516183202,-13.8367953665625));
#3432=CARTESIAN_POINT('Ctrl Pts',(-5.94102489557357,38.7324352748676,5.01373427951777));
#3433=CARTESIAN_POINT('Ctrl Pts',(-5.47227043385497,31.7953943418095,22.6802110306919));
#3434=CARTESIAN_POINT('Ctrl Pts',(-5.00351597213637,17.3494934220981,34.9904865891328));
#3435=CARTESIAN_POINT('Ctrl Pts',(-4.53476151041776,-1.19369641767184,39.0373431807313));
#3436=CARTESIAN_POINT('Ctrl Pts',(-4.06600704869917,-19.4549806716697,33.8650675595475));
#3437=CARTESIAN_POINT('Ctrl Pts',(-3.59725258698056,-33.1217401861402,20.6951540412137));
#3438=CARTESIAN_POINT('Ctrl Pts',(-3.12849812526196,-38.966407390698,2.6378341134187));
#3439=CARTESIAN_POINT('Ctrl Pts',(-2.65974366354335,-35.6086947117469,-16.0424416680677));
#3440=CARTESIAN_POINT('Ctrl Pts',(-2.19098920182476,-23.84156587575,-30.9341043241925));
#3441=CARTESIAN_POINT('Ctrl Pts',(-1.72223474010615,-6.44396810771788,-38.5203108603041));
#3442=CARTESIAN_POINT('Ctrl Pts',(-1.25348027838755,12.4754492596901,-37.0094885065526));
#3443=CARTESIAN_POINT('Ctrl Pts',(-0.784725816668945,28.4486411217797,-26.7584359048121));
#3444=CARTESIAN_POINT('Ctrl Pts',(-0.315971354950346,37.7033485173049,-10.1880608719416));
#3445=CARTESIAN_POINT('Ctrl Pts',(0.152783106768255,38.0539623827868,8.78834573268469));
#3446=CARTESIAN_POINT('Ctrl Pts',(0.621537568486857,29.417681089883,25.6892801191798));
#3447=CARTESIAN_POINT('Ctrl Pts',(1.09029203020546,13.8340650333019,36.5233859109766));
#3448=CARTESIAN_POINT('Ctrl Pts',(1.55904649192406,-5.0166297789152,38.732060355848));
#3449=CARTESIAN_POINT('Ctrl Pts',(2.02780095364267,-22.6825878896543,31.7936987526751));
#3450=CARTESIAN_POINT('Ctrl Pts',(2.49655541536126,-34.9917834841883,17.3468775963697));
#3451=CARTESIAN_POINT('Ctrl Pts',(2.96530987707987,-39.0372538347101,-1.19661472168678));
#3452=CARTESIAN_POINT('Ctrl Pts',(3.43406433879847,-33.8636130725738,-19.457512261817));
#3453=CARTESIAN_POINT('Ctrl Pts',(3.90281880051708,-20.6926779076601,-33.1232871973418));
#3454=CARTESIAN_POINT('Ctrl Pts',(4.37157326223568,-2.63492110163124,-38.966604477885));
#3455=CARTESIAN_POINT('Ctrl Pts',(4.84032772395428,16.0451036157594,-35.6074953304398));
#3456=CARTESIAN_POINT('Ctrl Pts',(5.30908218567288,30.9358865572268,-23.8392532740886));
#3457=CARTESIAN_POINT('Ctrl Pts',(5.77783664739148,38.5207924831835,-6.44108843405008));
#3458=CARTESIAN_POINT('Ctrl Pts',(6.24659110911008,37.0085557783146,12.478215936228));
#3459=CARTESIAN_POINT('Ctrl Pts',(6.71534557082868,26.7563091003071,28.4506414176651));
#3460=CARTESIAN_POINT('Ctrl Pts',(7.18410003254729,10.1852422613125,37.7041100389087));
#3461=CARTESIAN_POINT('Ctrl Pts',(7.65285449426589,-8.79119050106411,38.0533052877375));
#3462=CARTESIAN_POINT('Ctrl Pts',(8.1216089559845,-25.691479219469,29.415760558981));
#3463=CARTESIAN_POINT('Ctrl Pts',(8.59036341770309,-36.5244199995295,13.8313346227276));
#3464=CARTESIAN_POINT('Ctrl Pts',(9.0591178794217,-38.7316852203627,-5.01952525027543));
#3465=CARTESIAN_POINT('Ctrl Pts',(9.5278723411403,-31.7920029858695,-22.6849646218548));
#3466=CARTESIAN_POINT('Ctrl Pts',(9.99662680285891,-17.3442616736797,-34.9930801836863));
#3467=CARTESIAN_POINT('Ctrl Pts',(10.4653812645775,1.19953301898285,-39.0371642705323));
#3468=CARTESIAN_POINT('Ctrl Pts',(10.9341357262961,19.4600437432855,-33.8621583963384));
#3469=CARTESIAN_POINT('Ctrl Pts',(11.4028901880147,33.1248340233129,-20.6902016584872));
#3470=CARTESIAN_POINT('Ctrl Pts',(11.8716446497333,38.9668013475344,-2.63200807507262));
#3471=CARTESIAN_POINT('Ctrl Pts',(12.3403991114519,35.6062957496887,16.0477654736926));
#3472=CARTESIAN_POINT('Ctrl Pts',(12.8091535731705,23.8369405400736,30.9376686175468));
#3473=CARTESIAN_POINT('Ctrl Pts',(13.2779080348891,6.4382087226827,38.5212738904487));
#3474=CARTESIAN_POINT('Ctrl Pts',(13.7466624966077,-12.4809825397135,37.0076228439092));
#3475=CARTESIAN_POINT('Ctrl Pts',(14.2154169583263,-28.4526415610145,26.7541821449902));
#3476=CARTESIAN_POINT('Ctrl Pts',(14.6841714200449,-37.7048713372102,10.1824235962597));
#3477=CARTESIAN_POINT('Ctrl Pts',(15.1529258817635,-38.0526480045512,-8.79403522517846));
#3478=CARTESIAN_POINT('Ctrl Pts',(15.6216803434822,-29.4138398159038,-25.6936781667009));
#3479=CARTESIAN_POINT('Ctrl Pts',(16.0904348052007,-13.8286042279452,-36.5254539024279));
#3480=CARTESIAN_POINT('Ctrl Pts',(16.5591892669193,5.02242087493767,-38.7313098324488));
#3481=CARTESIAN_POINT('Ctrl Pts',(17.0279437286379,22.6873408739696,-31.7903071114743));
#3482=CARTESIAN_POINT('Ctrl Pts',(17.4966981903565,34.9943773759301,-17.341645517527));
#3483=CARTESIAN_POINT('Ctrl Pts',(17.9654526520751,39.0370731472497,1.20245104358554));
#3484=CARTESIAN_POINT('Ctrl Pts',(18.4342071137937,33.8607061432502,19.4625756341941));
#3485=CARTESIAN_POINT('Ctrl Pts',(18.9029615755123,20.6877202042986,33.1263796546311));
#3486=CARTESIAN_POINT('Ctrl Pts',(19.371716037231,2.62910494881543,38.9669999661582));
#3487=CARTESIAN_POINT('Ctrl Pts',(19.8404704989495,-16.0504465581162,35.6050921383912));
#3488=CARTESIAN_POINT('Ctrl Pts',(20.3092249606682,-30.9394128735719,23.8346351373827));
#3489=CARTESIAN_POINT('Ctrl Pts',(20.7779794223867,-38.5218283963348,6.4353144331306));
#3490=CARTESIAN_POINT('Ctrl Pts',(21.2467338841054,-37.0065468599046,-12.4837207428444));
#3491=CARTESIAN_POINT('Ctrl Pts',(21.7154883458239,-26.7523334738282,-28.454696736888));
#3492=CARTESIAN_POINT('Ctrl Pts',(22.1842428075426,-10.1790608697248,-37.7055249166245));
#3493=CARTESIAN_POINT('Ctrl Pts',(22.6529972692612,8.79580382915579,-38.0521998026961));
#3494=CARTESIAN_POINT('Ctrl Pts',(23.1217517309798,25.6981419057776,-29.4115127224701));
#3495=CARTESIAN_POINT('Ctrl Pts',(23.4342547054588,32.9129166510012,-19.021598726999));
#3496=CARTESIAN_POINT('Ctrl Pts',(23.5905061926984,35.0859729135943,-13.2806151897281));
#3497=CARTESIAN_POINT('Ctrl Pts',(-19.81,-29.6105685829723,-21.1150574754864));
#3498=CARTESIAN_POINT('Ctrl Pts',(-19.6537485127605,-26.155592497406,-25.9601215466101));
#3499=CARTESIAN_POINT('Ctrl Pts',(-19.3412455382814,-16.8261878971443,-33.9180342614423));
#3500=CARTESIAN_POINT('Ctrl Pts',(-18.8724910765628,1.15259184677387,-37.8435652174773));
#3501=CARTESIAN_POINT('Ctrl Pts',(-18.4037366148442,18.8545428478068,-32.8322234976017));
#3502=CARTESIAN_POINT('Ctrl Pts',(-17.9349821531256,32.1060510411581,-20.0670165597326));
#3503=CARTESIAN_POINT('Ctrl Pts',(-17.466227691407,37.774172131314,-2.56281761712799));
#3504=CARTESIAN_POINT('Ctrl Pts',(-16.9974732296884,34.52206934433,15.5466580007003));
#3505=CARTESIAN_POINT('Ctrl Pts',(-16.5287187679698,23.1168643054851,29.9845867984164));
#3506=CARTESIAN_POINT('Ctrl Pts',(-16.0599643062512,6.25249406381312,37.3413090136525));
#3507=CARTESIAN_POINT('Ctrl Pts',(-15.5912098445326,-12.0885574165155,35.879432650055));
#3508=CARTESIAN_POINT('Ctrl Pts',(-15.122455382814,-27.5747111699773,25.9442047047285));
#3509=CARTESIAN_POINT('Ctrl Pts',(-14.6537009210954,-36.548790606336,9.88194338486377));
#3510=CARTESIAN_POINT('Ctrl Pts',(-14.1849464593768,-36.8914281869682,-8.51405555348965));
#3511=CARTESIAN_POINT('Ctrl Pts',(-13.7161919976582,-28.521722455172,-24.8993595026146));
#3512=CARTESIAN_POINT('Ctrl Pts',(-13.2474375359396,-13.4162703631689,-35.4043838146492));
#3513=CARTESIAN_POINT('Ctrl Pts',(-12.778683074221,4.85759183867713,-37.5482425054903));
#3514=CARTESIAN_POINT('Ctrl Pts',(-12.3099286125024,21.9842767932932,-30.8246377463393));
#3515=CARTESIAN_POINT('Ctrl Pts',(-11.8411741507838,33.9191133024975,-16.8214287235836));
#3516=CARTESIAN_POINT('Ctrl Pts',(-11.3724196890652,37.8435485696447,1.15436048151895));
#3517=CARTESIAN_POINT('Ctrl Pts',(-10.9036652273466,32.830780297098,18.8575337430165));
#3518=CARTESIAN_POINT('Ctrl Pts',(-10.434910765628,20.0646334004465,32.1072764559146));
#3519=CARTESIAN_POINT('Ctrl Pts',(-9.96615630390935,2.55998500499195,37.7745045152403));
#3520=CARTESIAN_POINT('Ctrl Pts',(-9.49740184219077,-15.549234238811,34.520834711392));
#3521=CARTESIAN_POINT('Ctrl Pts',(-9.02864738047215,-29.9863171562659,23.1146598089351));
#3522=CARTESIAN_POINT('Ctrl Pts',(-8.55989291875356,-37.3417751460107,6.24968347532823));
#3523=CARTESIAN_POINT('Ctrl Pts',(-8.09113845703495,-35.8785294533803,-12.0912298344415));
#3524=CARTESIAN_POINT('Ctrl Pts',(-7.62238399531635,-25.9421429238588,-27.5766556192254));
#3525=CARTESIAN_POINT('Ctrl Pts',(-7.15362953359775,-9.8792112457228,-36.5495266698977));
#3526=CARTESIAN_POINT('Ctrl Pts',(-6.68487507187914,8.516813497188,-36.8907929229533));
#3527=CARTESIAN_POINT('Ctrl Pts',(-6.21612061016055,24.9014915840587,-28.5198602997639));
#3528=CARTESIAN_POINT('Ctrl Pts',(-5.74736614844194,35.4053866949089,-13.4136239553021));
#3529=CARTESIAN_POINT('Ctrl Pts',(-5.27861168672334,37.5478792514096,4.86039899092378));
#3530=CARTESIAN_POINT('Ctrl Pts',(-4.80985722500474,30.8229941914309,21.9865809917066));
#3531=CARTESIAN_POINT('Ctrl Pts',(-4.34110276328614,16.8188929888631,33.9203707712468));
#3532=CARTESIAN_POINT('Ctrl Pts',(-3.87234830156753,-1.15718953986521,37.8434621433948));
#3533=CARTESIAN_POINT('Ctrl Pts',(-3.40359383984893,-18.8599880155835,32.8293704886612));
#3534=CARTESIAN_POINT('Ctrl Pts',(-2.93483937813033,-32.1087763338425,20.0622331003552));
#3535=CARTESIAN_POINT('Ctrl Pts',(-2.46608491641173,-37.7746957862093,2.55716109955426));
#3536=CARTESIAN_POINT('Ctrl Pts',(-1.99733045469312,-34.5196722036362,-15.5518148646141));
#3537=CARTESIAN_POINT('Ctrl Pts',(-1.52857599297452,-23.112418062906,-29.9880450499058));
#3538=CARTESIAN_POINT('Ctrl Pts',(-1.05982153125592,-6.24689190574922,-37.3422422485261));
#3539=CARTESIAN_POINT('Ctrl Pts',(-0.591067069537315,12.0939119651452,-35.8776254510948));
#3540=CARTESIAN_POINT('Ctrl Pts',(-0.122312607818714,27.5785948940935,-25.9400813086082));
#3541=CARTESIAN_POINT('Ctrl Pts',(0.346441853899887,36.5502651061081,-9.87647889194026));
#3542=CARTESIAN_POINT('Ctrl Pts',(0.815196315618486,36.8901561300408,8.51957131145338));
#3543=CARTESIAN_POINT('Ctrl Pts',(1.28395077733709,28.5179986639294,24.9036235683453));
#3544=CARTESIAN_POINT('Ctrl Pts',(1.75270523905569,13.4109771239615,35.4063893557407));
#3545=CARTESIAN_POINT('Ctrl Pts',(2.2214597007743,-4.86320593711696,37.5475157985574));
#3546=CARTESIAN_POINT('Ctrl Pts',(2.6902141624929,-21.9888851590714,30.8213504585846));
#3547=CARTESIAN_POINT('Ctrl Pts',(3.1589686242115,-33.9216280032954,16.816357163065));
#3548=CARTESIAN_POINT('Ctrl Pts',(3.6277230859301,-37.8433755298475,-1.16001859324112));
#3549=CARTESIAN_POINT('Ctrl Pts',(4.0964775476487,-32.8279604843361,-18.8624421819815));
#3550=CARTESIAN_POINT('Ctrl Pts',(4.5652320093673,-20.0598326945191,-32.1102760327224));
#3551=CARTESIAN_POINT('Ctrl Pts',(5.03398647108591,-2.55433717655334,-37.7748868458689));
#3552=CARTESIAN_POINT('Ctrl Pts',(5.50274093280451,15.5543954018251,-34.5185095030681));
#3553=CARTESIAN_POINT('Ctrl Pts',(5.97149539452312,29.9897727768172,-23.1101761876581));
#3554=CARTESIAN_POINT('Ctrl Pts',(6.4402498562417,37.3427091419087,-6.24410030128654));
#3555=CARTESIAN_POINT('Ctrl Pts',(6.90900431796032,35.8767212485316,12.0965940282748));
#3556=CARTESIAN_POINT('Ctrl Pts',(7.3777587796789,25.9380195482727,27.580534014829));
#3557=CARTESIAN_POINT('Ctrl Pts',(7.84651324139752,9.87374648302242,36.5510033380582));
#3558=CARTESIAN_POINT('Ctrl Pts',(8.31526770311612,-8.52232907813787,36.8895191309625));
#3559=CARTESIAN_POINT('Ctrl Pts',(8.78402216483472,-24.9057554134393,28.5161368687209));
#3560=CARTESIAN_POINT('Ctrl Pts',(9.25277662655333,-35.4073918187112,13.4083302176716));
#3561=CARTESIAN_POINT('Ctrl Pts',(9.72153108827193,-37.5471521358595,-4.8660128561304));
#3562=CARTESIAN_POINT('Ctrl Pts',(10.1902855499905,-30.8197065535009,-21.991189203551));
#3563=CARTESIAN_POINT('Ctrl Pts',(10.6590400117091,-16.8138212432707,-33.9228850457671));
#3564=CARTESIAN_POINT('Ctrl Pts',(11.1277944734277,1.16284764010365,-37.8432887048154));
#3565=CARTESIAN_POINT('Ctrl Pts',(11.5965489351463,18.8648962430244,-32.8265502965374));
#3566=CARTESIAN_POINT('Ctrl Pts',(12.0653033968649,32.1117755520368,-20.0574321765996));
#3567=CARTESIAN_POINT('Ctrl Pts',(12.5340578585835,37.7750776946439,-2.55151323923306));
#3568=CARTESIAN_POINT('Ctrl Pts',(13.0028123203021,34.5173466091557,15.5569758520229));
#3569=CARTESIAN_POINT('Ctrl Pts',(13.4715667820208,23.1079341841042,29.9915003362965));
#3570=CARTESIAN_POINT('Ctrl Pts',(13.9403212437393,6.24130866027732,37.3431758262712));
#3571=CARTESIAN_POINT('Ctrl Pts',(14.409075705458,-12.0992760205863,35.8758168461062));
#3572=CARTESIAN_POINT('Ctrl Pts',(14.8778301671766,-27.5824729876932,25.9359576417377));
#3573=CARTESIAN_POINT('Ctrl Pts',(15.3465846288952,-36.5517413535353,9.87101402134514));
#3574=CARTESIAN_POINT('Ctrl Pts',(15.8153390906138,-36.8888819495011,-8.52508680191096));
#3575=CARTESIAN_POINT('Ctrl Pts',(16.2840935523324,-28.5142748678262,-24.907887110157));
#3576=CARTESIAN_POINT('Ctrl Pts',(16.752848014051,-13.4056833266907,-35.408394101705));
#3577=CARTESIAN_POINT('Ctrl Pts',(17.2216024757696,4.86881992375741,-37.5467882284532));
#3578=CARTESIAN_POINT('Ctrl Pts',(17.6903569374882,21.9934927826274,-30.8180625441178));
#3579=CARTESIAN_POINT('Ctrl Pts',(18.1591113992068,33.9241425659151,-16.8112850971537));
#3580=CARTESIAN_POINT('Ctrl Pts',(18.6278658609254,37.8432003683608,1.16567642261262));
#3581=CARTESIAN_POINT('Ctrl Pts',(19.096620322644,32.8251424577788,18.8673507009855));
#3582=CARTESIAN_POINT('Ctrl Pts',(19.5653747843626,20.0550266128498,32.1132739132343));
#3583=CARTESIAN_POINT('Ctrl Pts',(20.0341292460812,2.54869889943274,37.7752702389043));
#3584=CARTESIAN_POINT('Ctrl Pts',(20.5028837077998,-15.5595749407061,34.5161798079632));
#3585=CARTESIAN_POINT('Ctrl Pts',(20.9716381695184,-29.9931912476516,23.1056992876601));
#3586=CARTESIAN_POINT('Ctrl Pts',(21.4403926312369,-37.3437133736757,6.2385028869287));
#3587=CARTESIAN_POINT('Ctrl Pts',(21.9091470929556,-35.8747737689748,-12.1019304811126));
#3588=CARTESIAN_POINT('Ctrl Pts',(22.3779015546742,-25.9341655085792,-27.5844653100193));
#3589=CARTESIAN_POINT('Ctrl Pts',(22.8466560163928,-9.86775413724571,-36.5523749444973));
#3590=CARTESIAN_POINT('Ctrl Pts',(23.3154104781114,8.52680131658359,-36.888447455026));
#3591=CARTESIAN_POINT('Ctrl Pts',(23.78416493983,24.9122143344762,-28.5120189440085));
#3592=CARTESIAN_POINT('Ctrl Pts',(24.0966679143091,31.9063392594214,-18.4398602128063));
#3593=CARTESIAN_POINT('Ctrl Pts',(24.2529194015486,34.0129368326266,-12.8744534648952));
#3594=CARTESIAN_POINT('Ctrl Pts',(22.2656797749979,37.2320450755297,-14.092938639394));
#3595=CARTESIAN_POINT('Ctrl Pts',(22.1094282877584,34.9260714341609,-20.1850757553844));
#3596=CARTESIAN_POINT('Ctrl Pts',(21.9531768005188,31.0980342412707,-25.6977880173889));
#3597=CARTESIAN_POINT('Ctrl Pts',(21.7969253132793,26.1946509458122,-29.9823448514982));
#3598=CARTESIAN_POINT('Ctrl Pts',(21.6406738260398,21.2912676503537,-34.2669016856077));
#3599=CARTESIAN_POINT('Ctrl Pts',(21.4844223388002,15.3125382523269,-37.323303091822));
#3600=CARTESIAN_POINT('Ctrl Pts',(21.3281708515607,8.96725968848293,-38.7901905220696));
#3601=CARTESIAN_POINT('Ctrl Pts',(21.1719193643211,2.62198112463897,-40.2570779523172));
#3602=CARTESIAN_POINT('Ctrl Pts',(21.0156678770816,-4.08984660502218,-40.1344514065979));
#3603=CARTESIAN_POINT('Ctrl Pts',(20.8594163898421,-10.3769263147933,-38.4370272553627));
#3604=CARTESIAN_POINT('Ctrl Pts',(20.7031649026026,-16.6640060245643,-36.7396031041275));
#3605=CARTESIAN_POINT('Ctrl Pts',(20.546913415363,-22.5263377144453,-33.4673813473765));
#3606=CARTESIAN_POINT('Ctrl Pts',(20.3906619281235,-27.2710741656254,-29.0066274149481));
#3607=CARTESIAN_POINT('Ctrl Pts',(20.2344104408839,-32.0158106168057,-24.5458734825196));
#3608=CARTESIAN_POINT('Ctrl Pts',(20.0781589536444,-35.642951829285,-18.8965873744138));
#3609=CARTESIAN_POINT('Ctrl Pts',(19.9219074664049,-37.7245166688394,-12.7259045217204));
#3610=CARTESIAN_POINT('Ctrl Pts',(19.7656559791654,-39.8060815083939,-6.55522166902709));
#3611=CARTESIAN_POINT('Ctrl Pts',(19.6094044919258,-40.3420699750234,0.136857928253789));
#3612=CARTESIAN_POINT('Ctrl Pts',(19.4531530046863,-39.2690304889647,6.56015927877648));
#3613=CARTESIAN_POINT('Ctrl Pts',(19.2969015174467,-38.1959910029061,12.983460629299));
#3614=CARTESIAN_POINT('Ctrl Pts',(19.1406500302072,-35.5139235641594,19.1379837330633));
#3615=CARTESIAN_POINT('Ctrl Pts',(18.9843985429677,-31.5396121227067,24.296980278682));
#3616=CARTESIAN_POINT('Ctrl Pts',(18.8281470557282,-27.5653006812539,29.4559768243008));
#3617=CARTESIAN_POINT('Ctrl Pts',(18.6718955684886,-22.2987452370951,33.619446811774));
#3618=CARTESIAN_POINT('Ctrl Pts',(18.5156440812491,-16.3617830415961,36.2957722424137));
#3619=CARTESIAN_POINT('Ctrl Pts',(18.3808363948391,-11.2396037137816,38.6048013963672));
#3620=CARTESIAN_POINT('Ctrl Pts',(18.2460287084292,-5.61840275605992,39.8068648176889));
#3621=CARTESIAN_POINT('Ctrl Pts',(18.1112210220192,0.000757218625692668,
39.8117820141155));
#3622=CARTESIAN_POINT('Origin',(-10.,0.,0.));
#3623=CARTESIAN_POINT('Origin',(22.2656797749979,0.,0.));
#3624=CARTESIAN_POINT('Origin',(27.5,0.,0.));
#3625=CARTESIAN_POINT('Origin',(27.5,-2.75545529808154E-15,-22.5));
#3626=CARTESIAN_POINT('Origin',(120.,0.,0.));
#3627=CARTESIAN_POINT('Origin',(120.,0.,0.));
#3628=CARTESIAN_POINT('Origin',(-25.,0.,0.));
#3629=CARTESIAN_POINT('',(-25.,-5.51091059616309E-15,45.));
#3630=CARTESIAN_POINT('Origin',(22.8885438199983,0.,0.));
#3631=CARTESIAN_POINT('',(22.8885438199983,-5.02787659920836E-15,41.0557280900008));
#3632=CARTESIAN_POINT('Origin',(110.,0.,0.));
#3633=UNCERTAINTY_MEASURE_WITH_UNIT(LENGTH_MEASURE(0.01),#3637,
'DISTANCE_ACCURACY_VALUE',
'Maximum model space distance between geometric entities at asserted c
onnectivities');
#3634=UNCERTAINTY_MEASURE_WITH_UNIT(LENGTH_MEASURE(0.01),#3637,
'DISTANCE_ACCURACY_VALUE',
'Maximum model space distance between geometric entities at asserted c
onnectivities');
#3635=(
GEOMETRIC_REPRESENTATION_CONTEXT(3)
GLOBAL_UNCERTAINTY_ASSIGNED_CONTEXT((#3633))
GLOBAL_UNIT_ASSIGNED_CONTEXT((#3637,#3639,#3640))
REPRESENTATION_CONTEXT('','3D')
);
#3636=(
GEOMETRIC_REPRESENTATION_CONTEXT(3)
GLOBAL_UNCERTAINTY_ASSIGNED_CONTEXT((#3634))
GLOBAL_UNIT_ASSIGNED_CONTEXT((#3637,#3639,#3640))
REPRESENTATION_CONTEXT('','3D')
);
#3637=(
LENGTH_UNIT()
NAMED_UNIT(*)
SI_UNIT(.MILLI.,.METRE.)
);
#3638=(
LENGTH_UNIT()
NAMED_UNIT(*)
SI_UNIT($,.METRE.)
);
#3639=(
NAMED_UNIT(*)
PLANE_ANGLE_UNIT()
SI_UNIT($,.RADIAN.)
);
#3640=(
NAMED_UNIT(*)
SI_UNIT($,.STERADIAN.)
SOLID_ANGLE_UNIT()
);
#3641=SHAPE_DEFINITION_REPRESENTATION(#3642,#3643);
#3642=PRODUCT_DEFINITION_SHAPE('',$,#3645);
#3643=SHAPE_REPRESENTATION('',(#824),#3635);
#3644=PRODUCT_DEFINITION_CONTEXT('part definition',#3649,'design');
#3645=PRODUCT_DEFINITION('(Unsaved)','(Unsaved)',#3646,#3644);
#3646=PRODUCT_DEFINITION_FORMATION('',$,#3651);
#3647=PRODUCT_RELATED_PRODUCT_CATEGORY('(Unsaved)','(Unsaved)',(#3651));
#3648=APPLICATION_PROTOCOL_DEFINITION('international standard',
'automotive_design',2009,#3649);
#3649=APPLICATION_CONTEXT(
'Core Data for Automotive Mechanical Design Process');
#3650=PRODUCT_CONTEXT('part definition',#3649,'mechanical');
#3651=PRODUCT('(Unsaved)','(Unsaved)',$,(#3650));
#3652=PRESENTATION_STYLE_ASSIGNMENT((#3653));
#3653=SURFACE_STYLE_USAGE(.BOTH.,#3654);
#3654=SURFACE_SIDE_STYLE('',(#3655));
#3655=SURFACE_STYLE_FILL_AREA(#3656);
#3656=FILL_AREA_STYLE('Steel - Satin',(#3657));
#3657=FILL_AREA_STYLE_COLOUR('Steel - Satin',#3658);
#3658=COLOUR_RGB('Steel - Satin',0.627450980392157,0.627450980392157,0.627450980392157);
ENDSEC;
END-ISO-10303-21;
