ISO-10303-21;
HEADER;
/* Generated by software containing ST-Developer
 * from STEP Tools, Inc. (www.steptools.com) 
 */

FILE_DESCRIPTION(
/* description */ (''),
/* implementation_level */ '2;1');

FILE_NAME(
/* name */ 'rect-bent-tube_01.step',
/* time_stamp */ '2024-09-03T17:05:06+03:00',
/* author */ (''),
/* organization */ (''),
/* preprocessor_version */ 'ST-DEVELOPER v20',
/* originating_system */ 'Autodesk Translation Framework v13.14.0.145',

/* authorisation */ '');

FILE_SCHEMA (('AUTOMOTIVE_DESIGN { 1 0 10303 214 3 1 1 }'));
ENDSEC;

DATA;
#10=MECHANICAL_DESIGN_GEOMETRIC_PRESENTATION_REPRESENTATION('',(#13),#2639);
#11=SHAPE_REPRESENTATION_RELATIONSHIP('SRR','None',#2646,#12);
#12=ADVANCED_BREP_SHAPE_REPRESENTATION('',(#14),#2638);
#13=STYLED_ITEM('',(#2655),#14);
#14=MANIFOLD_SOLID_BREP('Body1',#1475);
#15=FACE_BOUND('',#242,.T.);
#16=FACE_BOUND('',#244,.T.);
#17=TOROIDAL_SURFACE('',#1503,45.,9.99999999999999);
#18=TOROIDAL_SURFACE('',#1509,45.,9.99999999999999);
#19=TOROIDAL_SURFACE('',#1512,75.,9.99999999999999);
#20=TOROIDAL_SURFACE('',#1518,75.,9.99999999999999);
#21=TOROIDAL_SURFACE('',#1531,35.,9.99999999999999);
#22=TOROIDAL_SURFACE('',#1537,35.,9.99999999999999);
#23=TOROIDAL_SURFACE('',#1540,65.,9.99999999999999);
#24=TOROIDAL_SURFACE('',#1546,65.,9.99999999999999);
#25=TOROIDAL_SURFACE('',#1559,35.,9.99999999999999);
#26=TOROIDAL_SURFACE('',#1565,35.,9.99999999999999);
#27=TOROIDAL_SURFACE('',#1568,65.,9.99999999999999);
#28=TOROIDAL_SURFACE('',#1574,65.,9.99999999999999);
#29=TOROIDAL_SURFACE('',#1603,45.,16.);
#30=TOROIDAL_SURFACE('',#1609,45.,16.);
#31=TOROIDAL_SURFACE('',#1612,75.,16.);
#32=TOROIDAL_SURFACE('',#1618,75.,16.);
#33=TOROIDAL_SURFACE('',#1631,35.,16.);
#34=TOROIDAL_SURFACE('',#1637,35.,16.);
#35=TOROIDAL_SURFACE('',#1640,65.,16.);
#36=TOROIDAL_SURFACE('',#1646,65.,16.);
#37=TOROIDAL_SURFACE('',#1659,35.,16.);
#38=TOROIDAL_SURFACE('',#1665,35.,16.);
#39=TOROIDAL_SURFACE('',#1668,65.,16.);
#40=TOROIDAL_SURFACE('',#1674,65.,16.);
#41=PLANE('',#1492);
#42=PLANE('',#1499);
#43=PLANE('',#1523);
#44=PLANE('',#1528);
#45=PLANE('',#1551);
#46=PLANE('',#1556);
#47=PLANE('',#1577);
#48=PLANE('',#1580);
#49=PLANE('',#1583);
#50=PLANE('',#1586);
#51=PLANE('',#1592);
#52=PLANE('',#1599);
#53=PLANE('',#1623);
#54=PLANE('',#1628);
#55=PLANE('',#1651);
#56=PLANE('',#1656);
#57=PLANE('',#1677);
#58=PLANE('',#1680);
#59=PLANE('',#1683);
#60=PLANE('',#1686);
#61=PLANE('',#1689);
#62=PLANE('',#1690);
#63=FACE_OUTER_BOUND('',#153,.T.);
#64=FACE_OUTER_BOUND('',#154,.T.);
#65=FACE_OUTER_BOUND('',#155,.T.);
#66=FACE_OUTER_BOUND('',#156,.T.);
#67=FACE_OUTER_BOUND('',#157,.T.);
#68=FACE_OUTER_BOUND('',#158,.T.);
#69=FACE_OUTER_BOUND('',#159,.T.);
#70=FACE_OUTER_BOUND('',#160,.T.);
#71=FACE_OUTER_BOUND('',#161,.T.);
#72=FACE_OUTER_BOUND('',#162,.T.);
#73=FACE_OUTER_BOUND('',#163,.T.);
#74=FACE_OUTER_BOUND('',#164,.T.);
#75=FACE_OUTER_BOUND('',#165,.T.);
#76=FACE_OUTER_BOUND('',#166,.T.);
#77=FACE_OUTER_BOUND('',#167,.T.);
#78=FACE_OUTER_BOUND('',#168,.T.);
#79=FACE_OUTER_BOUND('',#169,.T.);
#80=FACE_OUTER_BOUND('',#170,.T.);
#81=FACE_OUTER_BOUND('',#171,.T.);
#82=FACE_OUTER_BOUND('',#172,.T.);
#83=FACE_OUTER_BOUND('',#173,.T.);
#84=FACE_OUTER_BOUND('',#174,.T.);
#85=FACE_OUTER_BOUND('',#175,.T.);
#86=FACE_OUTER_BOUND('',#176,.T.);
#87=FACE_OUTER_BOUND('',#177,.T.);
#88=FACE_OUTER_BOUND('',#178,.T.);
#89=FACE_OUTER_BOUND('',#179,.T.);
#90=FACE_OUTER_BOUND('',#180,.T.);
#91=FACE_OUTER_BOUND('',#181,.T.);
#92=FACE_OUTER_BOUND('',#182,.T.);
#93=FACE_OUTER_BOUND('',#183,.T.);
#94=FACE_OUTER_BOUND('',#184,.T.);
#95=FACE_OUTER_BOUND('',#185,.T.);
#96=FACE_OUTER_BOUND('',#186,.T.);
#97=FACE_OUTER_BOUND('',#187,.T.);
#98=FACE_OUTER_BOUND('',#188,.T.);
#99=FACE_OUTER_BOUND('',#189,.T.);
#100=FACE_OUTER_BOUND('',#190,.T.);
#101=FACE_OUTER_BOUND('',#191,.T.);
#102=FACE_OUTER_BOUND('',#192,.T.);
#103=FACE_OUTER_BOUND('',#193,.T.);
#104=FACE_OUTER_BOUND('',#194,.T.);
#105=FACE_OUTER_BOUND('',#195,.T.);
#106=FACE_OUTER_BOUND('',#196,.T.);
#107=FACE_OUTER_BOUND('',#197,.T.);
#108=FACE_OUTER_BOUND('',#198,.T.);
#109=FACE_OUTER_BOUND('',#199,.T.);
#110=FACE_OUTER_BOUND('',#200,.T.);
#111=FACE_OUTER_BOUND('',#201,.T.);
#112=FACE_OUTER_BOUND('',#202,.T.);
#113=FACE_OUTER_BOUND('',#203,.T.);
#114=FACE_OUTER_BOUND('',#204,.T.);
#115=FACE_OUTER_BOUND('',#205,.T.);
#116=FACE_OUTER_BOUND('',#206,.T.);
#117=FACE_OUTER_BOUND('',#207,.T.);
#118=FACE_OUTER_BOUND('',#208,.T.);
#119=FACE_OUTER_BOUND('',#209,.T.);
#120=FACE_OUTER_BOUND('',#210,.T.);
#121=FACE_OUTER_BOUND('',#211,.T.);
#122=FACE_OUTER_BOUND('',#212,.T.);
#123=FACE_OUTER_BOUND('',#213,.T.);
#124=FACE_OUTER_BOUND('',#214,.T.);
#125=FACE_OUTER_BOUND('',#215,.T.);
#126=FACE_OUTER_BOUND('',#216,.T.);
#127=FACE_OUTER_BOUND('',#217,.T.);
#128=FACE_OUTER_BOUND('',#218,.T.);
#129=FACE_OUTER_BOUND('',#219,.T.);
#130=FACE_OUTER_BOUND('',#220,.T.);
#131=FACE_OUTER_BOUND('',#221,.T.);
#132=FACE_OUTER_BOUND('',#222,.T.);
#133=FACE_OUTER_BOUND('',#223,.T.);
#134=FACE_OUTER_BOUND('',#224,.T.);
#135=FACE_OUTER_BOUND('',#225,.T.);
#136=FACE_OUTER_BOUND('',#226,.T.);
#137=FACE_OUTER_BOUND('',#227,.T.);
#138=FACE_OUTER_BOUND('',#228,.T.);
#139=FACE_OUTER_BOUND('',#229,.T.);
#140=FACE_OUTER_BOUND('',#230,.T.);
#141=FACE_OUTER_BOUND('',#231,.T.);
#142=FACE_OUTER_BOUND('',#232,.T.);
#143=FACE_OUTER_BOUND('',#233,.T.);
#144=FACE_OUTER_BOUND('',#234,.T.);
#145=FACE_OUTER_BOUND('',#235,.T.);
#146=FACE_OUTER_BOUND('',#236,.T.);
#147=FACE_OUTER_BOUND('',#237,.T.);
#148=FACE_OUTER_BOUND('',#238,.T.);
#149=FACE_OUTER_BOUND('',#239,.T.);
#150=FACE_OUTER_BOUND('',#240,.T.);
#151=FACE_OUTER_BOUND('',#241,.T.);
#152=FACE_OUTER_BOUND('',#243,.T.);
#153=EDGE_LOOP('',(#909,#910,#911,#912));
#154=EDGE_LOOP('',(#913,#914,#915,#916));
#155=EDGE_LOOP('',(#917,#918,#919,#920));
#156=EDGE_LOOP('',(#921,#922,#923,#924));
#157=EDGE_LOOP('',(#925,#926,#927,#928));
#158=EDGE_LOOP('',(#929,#930,#931,#932));
#159=EDGE_LOOP('',(#933,#934,#935,#936));
#160=EDGE_LOOP('',(#937,#938,#939,#940));
#161=EDGE_LOOP('',(#941,#942,#943,#944));
#162=EDGE_LOOP('',(#945,#946,#947,#948));
#163=EDGE_LOOP('',(#949,#950,#951,#952));
#164=EDGE_LOOP('',(#953,#954,#955,#956));
#165=EDGE_LOOP('',(#957,#958,#959,#960));
#166=EDGE_LOOP('',(#961,#962,#963,#964));
#167=EDGE_LOOP('',(#965,#966,#967,#968));
#168=EDGE_LOOP('',(#969,#970,#971,#972));
#169=EDGE_LOOP('',(#973,#974,#975,#976));
#170=EDGE_LOOP('',(#977,#978,#979,#980));
#171=EDGE_LOOP('',(#981,#982,#983,#984));
#172=EDGE_LOOP('',(#985,#986,#987,#988));
#173=EDGE_LOOP('',(#989,#990,#991,#992));
#174=EDGE_LOOP('',(#993,#994,#995,#996));
#175=EDGE_LOOP('',(#997,#998,#999,#1000));
#176=EDGE_LOOP('',(#1001,#1002,#1003,#1004));
#177=EDGE_LOOP('',(#1005,#1006,#1007,#1008));
#178=EDGE_LOOP('',(#1009,#1010,#1011,#1012));
#179=EDGE_LOOP('',(#1013,#1014,#1015,#1016));
#180=EDGE_LOOP('',(#1017,#1018,#1019,#1020));
#181=EDGE_LOOP('',(#1021,#1022,#1023,#1024));
#182=EDGE_LOOP('',(#1025,#1026,#1027,#1028));
#183=EDGE_LOOP('',(#1029,#1030,#1031,#1032));
#184=EDGE_LOOP('',(#1033,#1034,#1035,#1036));
#185=EDGE_LOOP('',(#1037,#1038,#1039,#1040));
#186=EDGE_LOOP('',(#1041,#1042,#1043,#1044));
#187=EDGE_LOOP('',(#1045,#1046,#1047,#1048));
#188=EDGE_LOOP('',(#1049,#1050,#1051,#1052));
#189=EDGE_LOOP('',(#1053,#1054,#1055,#1056,#1057,#1058,#1059,#1060,#1061,
#1062,#1063,#1064,#1065,#1066,#1067,#1068));
#190=EDGE_LOOP('',(#1069,#1070,#1071,#1072));
#191=EDGE_LOOP('',(#1073,#1074,#1075,#1076));
#192=EDGE_LOOP('',(#1077,#1078,#1079,#1080));
#193=EDGE_LOOP('',(#1081,#1082,#1083,#1084,#1085,#1086,#1087,#1088,#1089,
#1090,#1091,#1092,#1093,#1094,#1095,#1096));
#194=EDGE_LOOP('',(#1097,#1098,#1099,#1100));
#195=EDGE_LOOP('',(#1101,#1102,#1103,#1104));
#196=EDGE_LOOP('',(#1105,#1106,#1107,#1108));
#197=EDGE_LOOP('',(#1109,#1110,#1111,#1112));
#198=EDGE_LOOP('',(#1113,#1114,#1115,#1116));
#199=EDGE_LOOP('',(#1117,#1118,#1119,#1120));
#200=EDGE_LOOP('',(#1121,#1122,#1123,#1124));
#201=EDGE_LOOP('',(#1125,#1126,#1127,#1128));
#202=EDGE_LOOP('',(#1129,#1130,#1131,#1132));
#203=EDGE_LOOP('',(#1133,#1134,#1135,#1136));
#204=EDGE_LOOP('',(#1137,#1138,#1139,#1140));
#205=EDGE_LOOP('',(#1141,#1142,#1143,#1144));
#206=EDGE_LOOP('',(#1145,#1146,#1147,#1148));
#207=EDGE_LOOP('',(#1149,#1150,#1151,#1152));
#208=EDGE_LOOP('',(#1153,#1154,#1155,#1156));
#209=EDGE_LOOP('',(#1157,#1158,#1159,#1160));
#210=EDGE_LOOP('',(#1161,#1162,#1163,#1164));
#211=EDGE_LOOP('',(#1165,#1166,#1167,#1168));
#212=EDGE_LOOP('',(#1169,#1170,#1171,#1172));
#213=EDGE_LOOP('',(#1173,#1174,#1175,#1176));
#214=EDGE_LOOP('',(#1177,#1178,#1179,#1180));
#215=EDGE_LOOP('',(#1181,#1182,#1183,#1184));
#216=EDGE_LOOP('',(#1185,#1186,#1187,#1188));
#217=EDGE_LOOP('',(#1189,#1190,#1191,#1192));
#218=EDGE_LOOP('',(#1193,#1194,#1195,#1196));
#219=EDGE_LOOP('',(#1197,#1198,#1199,#1200));
#220=EDGE_LOOP('',(#1201,#1202,#1203,#1204));
#221=EDGE_LOOP('',(#1205,#1206,#1207,#1208));
#222=EDGE_LOOP('',(#1209,#1210,#1211,#1212));
#223=EDGE_LOOP('',(#1213,#1214,#1215,#1216));
#224=EDGE_LOOP('',(#1217,#1218,#1219,#1220));
#225=EDGE_LOOP('',(#1221,#1222,#1223,#1224));
#226=EDGE_LOOP('',(#1225,#1226,#1227,#1228));
#227=EDGE_LOOP('',(#1229,#1230,#1231,#1232));
#228=EDGE_LOOP('',(#1233,#1234,#1235,#1236));
#229=EDGE_LOOP('',(#1237,#1238,#1239,#1240));
#230=EDGE_LOOP('',(#1241,#1242,#1243,#1244));
#231=EDGE_LOOP('',(#1245,#1246,#1247,#1248));
#232=EDGE_LOOP('',(#1249,#1250,#1251,#1252));
#233=EDGE_LOOP('',(#1253,#1254,#1255,#1256,#1257,#1258,#1259,#1260,#1261,
#1262,#1263,#1264,#1265,#1266,#1267,#1268));
#234=EDGE_LOOP('',(#1269,#1270,#1271,#1272));
#235=EDGE_LOOP('',(#1273,#1274,#1275,#1276));
#236=EDGE_LOOP('',(#1277,#1278,#1279,#1280));
#237=EDGE_LOOP('',(#1281,#1282,#1283,#1284,#1285,#1286,#1287,#1288,#1289,
#1290,#1291,#1292,#1293,#1294,#1295,#1296));
#238=EDGE_LOOP('',(#1297,#1298,#1299,#1300));
#239=EDGE_LOOP('',(#1301,#1302,#1303,#1304));
#240=EDGE_LOOP('',(#1305,#1306,#1307,#1308));
#241=EDGE_LOOP('',(#1309,#1310,#1311,#1312,#1313,#1314,#1315,#1316));
#242=EDGE_LOOP('',(#1317,#1318,#1319,#1320,#1321,#1322,#1323,#1324));
#243=EDGE_LOOP('',(#1325,#1326,#1327,#1328,#1329,#1330,#1331,#1332));
#244=EDGE_LOOP('',(#1333,#1334,#1335,#1336,#1337,#1338,#1339,#1340));
#245=LINE('',#2207,#349);
#246=LINE('',#2210,#350);
#247=LINE('',#2213,#351);
#248=LINE('',#2215,#352);
#249=LINE('',#2216,#353);
#250=LINE('',#2221,#354);
#251=LINE('',#2228,#355);
#252=LINE('',#2231,#356);
#253=LINE('',#2234,#357);
#254=LINE('',#2236,#358);
#255=LINE('',#2237,#359);
#256=LINE('',#2242,#360);
#257=LINE('',#2252,#361);
#258=LINE('',#2266,#362);
#259=LINE('',#2276,#363);
#260=LINE('',#2277,#364);
#261=LINE('',#2280,#365);
#262=LINE('',#2281,#366);
#263=LINE('',#2285,#367);
#264=LINE('',#2290,#368);
#265=LINE('',#2291,#369);
#266=LINE('',#2294,#370);
#267=LINE('',#2295,#371);
#268=LINE('',#2299,#372);
#269=LINE('',#2308,#373);
#270=LINE('',#2322,#374);
#271=LINE('',#2332,#375);
#272=LINE('',#2333,#376);
#273=LINE('',#2336,#377);
#274=LINE('',#2337,#378);
#275=LINE('',#2341,#379);
#276=LINE('',#2346,#380);
#277=LINE('',#2347,#381);
#278=LINE('',#2350,#382);
#279=LINE('',#2351,#383);
#280=LINE('',#2355,#384);
#281=LINE('',#2364,#385);
#282=LINE('',#2378,#386);
#283=LINE('',#2387,#387);
#284=LINE('',#2388,#388);
#285=LINE('',#2389,#389);
#286=LINE('',#2390,#390);
#287=LINE('',#2394,#391);
#288=LINE('',#2397,#392);
#289=LINE('',#2398,#393);
#290=LINE('',#2402,#394);
#291=LINE('',#2405,#395);
#292=LINE('',#2406,#396);
#293=LINE('',#2407,#397);
#294=LINE('',#2411,#398);
#295=LINE('',#2414,#399);
#296=LINE('',#2415,#400);
#297=LINE('',#2423,#401);
#298=LINE('',#2426,#402);
#299=LINE('',#2429,#403);
#300=LINE('',#2431,#404);
#301=LINE('',#2432,#405);
#302=LINE('',#2438,#406);
#303=LINE('',#2444,#407);
#304=LINE('',#2447,#408);
#305=LINE('',#2450,#409);
#306=LINE('',#2452,#410);
#307=LINE('',#2453,#411);
#308=LINE('',#2459,#412);
#309=LINE('',#2468,#413);
#310=LINE('',#2482,#414);
#311=LINE('',#2492,#415);
#312=LINE('',#2493,#416);
#313=LINE('',#2496,#417);
#314=LINE('',#2497,#418);
#315=LINE('',#2501,#419);
#316=LINE('',#2506,#420);
#317=LINE('',#2507,#421);
#318=LINE('',#2510,#422);
#319=LINE('',#2511,#423);
#320=LINE('',#2515,#424);
#321=LINE('',#2524,#425);
#322=LINE('',#2538,#426);
#323=LINE('',#2548,#427);
#324=LINE('',#2549,#428);
#325=LINE('',#2552,#429);
#326=LINE('',#2553,#430);
#327=LINE('',#2557,#431);
#328=LINE('',#2562,#432);
#329=LINE('',#2563,#433);
#330=LINE('',#2566,#434);
#331=LINE('',#2567,#435);
#332=LINE('',#2571,#436);
#333=LINE('',#2580,#437);
#334=LINE('',#2594,#438);
#335=LINE('',#2603,#439);
#336=LINE('',#2604,#440);
#337=LINE('',#2605,#441);
#338=LINE('',#2606,#442);
#339=LINE('',#2610,#443);
#340=LINE('',#2613,#444);
#341=LINE('',#2614,#445);
#342=LINE('',#2618,#446);
#343=LINE('',#2621,#447);
#344=LINE('',#2622,#448);
#345=LINE('',#2623,#449);
#346=LINE('',#2627,#450);
#347=LINE('',#2630,#451);
#348=LINE('',#2631,#452);
#349=VECTOR('',#1697,10.);
#350=VECTOR('',#1700,10.);
#351=VECTOR('',#1703,10.);
#352=VECTOR('',#1704,10.);
#353=VECTOR('',#1705,10.);
#354=VECTOR('',#1710,10.);
#355=VECTOR('',#1717,10.);
#356=VECTOR('',#1720,10.);
#357=VECTOR('',#1723,10.);
#358=VECTOR('',#1724,10.);
#359=VECTOR('',#1725,10.);
#360=VECTOR('',#1730,10.);
#361=VECTOR('',#1743,10.);
#362=VECTOR('',#1762,10.);
#363=VECTOR('',#1775,10.);
#364=VECTOR('',#1776,10.);
#365=VECTOR('',#1779,10.);
#366=VECTOR('',#1780,10.);
#367=VECTOR('',#1785,10.);
#368=VECTOR('',#1790,10.);
#369=VECTOR('',#1791,10.);
#370=VECTOR('',#1794,10.);
#371=VECTOR('',#1795,10.);
#372=VECTOR('',#1800,10.);
#373=VECTOR('',#1811,10.);
#374=VECTOR('',#1830,10.);
#375=VECTOR('',#1843,10.);
#376=VECTOR('',#1844,10.);
#377=VECTOR('',#1847,10.);
#378=VECTOR('',#1848,10.);
#379=VECTOR('',#1853,10.);
#380=VECTOR('',#1858,10.);
#381=VECTOR('',#1859,10.);
#382=VECTOR('',#1862,10.);
#383=VECTOR('',#1863,10.);
#384=VECTOR('',#1868,10.);
#385=VECTOR('',#1879,10.);
#386=VECTOR('',#1898,10.);
#387=VECTOR('',#1909,10.);
#388=VECTOR('',#1910,10.);
#389=VECTOR('',#1911,10.);
#390=VECTOR('',#1912,10.);
#391=VECTOR('',#1917,10.);
#392=VECTOR('',#1920,10.);
#393=VECTOR('',#1921,10.);
#394=VECTOR('',#1926,10.);
#395=VECTOR('',#1929,10.);
#396=VECTOR('',#1930,10.);
#397=VECTOR('',#1931,10.);
#398=VECTOR('',#1936,10.);
#399=VECTOR('',#1939,10.);
#400=VECTOR('',#1940,10.);
#401=VECTOR('',#1949,10.);
#402=VECTOR('',#1952,10.);
#403=VECTOR('',#1955,10.);
#404=VECTOR('',#1956,10.);
#405=VECTOR('',#1957,10.);
#406=VECTOR('',#1964,10.);
#407=VECTOR('',#1969,10.);
#408=VECTOR('',#1972,10.);
#409=VECTOR('',#1975,10.);
#410=VECTOR('',#1976,10.);
#411=VECTOR('',#1977,10.);
#412=VECTOR('',#1984,10.);
#413=VECTOR('',#1995,10.);
#414=VECTOR('',#2014,10.);
#415=VECTOR('',#2027,10.);
#416=VECTOR('',#2028,10.);
#417=VECTOR('',#2031,10.);
#418=VECTOR('',#2032,10.);
#419=VECTOR('',#2037,10.);
#420=VECTOR('',#2042,10.);
#421=VECTOR('',#2043,10.);
#422=VECTOR('',#2046,10.);
#423=VECTOR('',#2047,10.);
#424=VECTOR('',#2052,10.);
#425=VECTOR('',#2063,10.);
#426=VECTOR('',#2082,10.);
#427=VECTOR('',#2095,10.);
#428=VECTOR('',#2096,10.);
#429=VECTOR('',#2099,10.);
#430=VECTOR('',#2100,10.);
#431=VECTOR('',#2105,10.);
#432=VECTOR('',#2110,10.);
#433=VECTOR('',#2111,10.);
#434=VECTOR('',#2114,10.);
#435=VECTOR('',#2115,10.);
#436=VECTOR('',#2120,10.);
#437=VECTOR('',#2131,10.);
#438=VECTOR('',#2150,10.);
#439=VECTOR('',#2161,10.);
#440=VECTOR('',#2162,10.);
#441=VECTOR('',#2163,10.);
#442=VECTOR('',#2164,10.);
#443=VECTOR('',#2169,10.);
#444=VECTOR('',#2172,10.);
#445=VECTOR('',#2173,10.);
#446=VECTOR('',#2178,10.);
#447=VECTOR('',#2181,10.);
#448=VECTOR('',#2182,10.);
#449=VECTOR('',#2183,10.);
#450=VECTOR('',#2188,10.);
#451=VECTOR('',#2191,10.);
#452=VECTOR('',#2192,10.);
#453=CIRCLE('',#1490,9.99999999999999);
#454=CIRCLE('',#1491,9.99999999999999);
#455=CIRCLE('',#1494,9.99999999999999);
#456=CIRCLE('',#1495,9.99999999999999);
#457=CIRCLE('',#1497,9.99999999999999);
#458=CIRCLE('',#1498,9.99999999999999);
#459=CIRCLE('',#1501,9.99999999999999);
#460=CIRCLE('',#1502,9.99999999999999);
#461=CIRCLE('',#1504,9.99999999999999);
#462=CIRCLE('',#1505,35.0000000000001);
#463=CIRCLE('',#1506,45.);
#464=CIRCLE('',#1508,35.0000000000001);
#465=CIRCLE('',#1510,9.99999999999999);
#466=CIRCLE('',#1511,45.);
#467=CIRCLE('',#1513,9.99999999999999);
#468=CIRCLE('',#1514,85.0000000000001);
#469=CIRCLE('',#1515,75.);
#470=CIRCLE('',#1517,85.0000000000001);
#471=CIRCLE('',#1519,9.99999999999999);
#472=CIRCLE('',#1520,75.);
#473=CIRCLE('',#1522,9.99999999999999);
#474=CIRCLE('',#1525,9.99999999999999);
#475=CIRCLE('',#1527,9.99999999999999);
#476=CIRCLE('',#1530,9.99999999999999);
#477=CIRCLE('',#1532,9.99999999999999);
#478=CIRCLE('',#1533,25.);
#479=CIRCLE('',#1534,35.);
#480=CIRCLE('',#1536,25.);
#481=CIRCLE('',#1538,9.99999999999999);
#482=CIRCLE('',#1539,35.);
#483=CIRCLE('',#1541,9.99999999999999);
#484=CIRCLE('',#1542,75.);
#485=CIRCLE('',#1543,65.);
#486=CIRCLE('',#1545,75.);
#487=CIRCLE('',#1547,9.99999999999999);
#488=CIRCLE('',#1548,65.);
#489=CIRCLE('',#1550,9.99999999999999);
#490=CIRCLE('',#1553,9.99999999999999);
#491=CIRCLE('',#1555,9.99999999999999);
#492=CIRCLE('',#1558,9.99999999999999);
#493=CIRCLE('',#1560,9.99999999999999);
#494=CIRCLE('',#1561,25.);
#495=CIRCLE('',#1562,35.);
#496=CIRCLE('',#1564,25.);
#497=CIRCLE('',#1566,9.99999999999999);
#498=CIRCLE('',#1567,35.);
#499=CIRCLE('',#1569,9.99999999999999);
#500=CIRCLE('',#1570,75.);
#501=CIRCLE('',#1571,65.);
#502=CIRCLE('',#1573,75.);
#503=CIRCLE('',#1575,9.99999999999999);
#504=CIRCLE('',#1576,65.);
#505=CIRCLE('',#1579,9.99999999999999);
#506=CIRCLE('',#1582,9.99999999999999);
#507=CIRCLE('',#1585,9.99999999999999);
#508=CIRCLE('',#1588,9.99999999999999);
#509=CIRCLE('',#1590,16.);
#510=CIRCLE('',#1591,16.);
#511=CIRCLE('',#1594,16.);
#512=CIRCLE('',#1595,16.);
#513=CIRCLE('',#1597,16.);
#514=CIRCLE('',#1598,16.);
#515=CIRCLE('',#1601,16.);
#516=CIRCLE('',#1602,16.);
#517=CIRCLE('',#1604,16.);
#518=CIRCLE('',#1605,45.);
#519=CIRCLE('',#1606,29.);
#520=CIRCLE('',#1608,29.);
#521=CIRCLE('',#1610,16.);
#522=CIRCLE('',#1611,45.);
#523=CIRCLE('',#1613,16.);
#524=CIRCLE('',#1614,75.);
#525=CIRCLE('',#1615,91.0000000000001);
#526=CIRCLE('',#1617,91.0000000000001);
#527=CIRCLE('',#1619,16.);
#528=CIRCLE('',#1620,75.);
#529=CIRCLE('',#1622,16.);
#530=CIRCLE('',#1625,16.);
#531=CIRCLE('',#1627,16.);
#532=CIRCLE('',#1630,16.);
#533=CIRCLE('',#1632,16.);
#534=CIRCLE('',#1633,35.);
#535=CIRCLE('',#1634,19.);
#536=CIRCLE('',#1636,19.);
#537=CIRCLE('',#1638,16.);
#538=CIRCLE('',#1639,35.);
#539=CIRCLE('',#1641,16.);
#540=CIRCLE('',#1642,65.);
#541=CIRCLE('',#1643,81.);
#542=CIRCLE('',#1645,81.);
#543=CIRCLE('',#1647,16.);
#544=CIRCLE('',#1648,65.);
#545=CIRCLE('',#1650,16.);
#546=CIRCLE('',#1653,16.);
#547=CIRCLE('',#1655,16.);
#548=CIRCLE('',#1658,16.);
#549=CIRCLE('',#1660,16.);
#550=CIRCLE('',#1661,35.);
#551=CIRCLE('',#1662,19.);
#552=CIRCLE('',#1664,19.);
#553=CIRCLE('',#1666,16.);
#554=CIRCLE('',#1667,35.);
#555=CIRCLE('',#1669,16.);
#556=CIRCLE('',#1670,65.);
#557=CIRCLE('',#1671,81.);
#558=CIRCLE('',#1673,81.);
#559=CIRCLE('',#1675,16.);
#560=CIRCLE('',#1676,65.);
#561=CIRCLE('',#1679,16.);
#562=CIRCLE('',#1682,16.);
#563=CIRCLE('',#1685,16.);
#564=CIRCLE('',#1688,16.);
#565=VERTEX_POINT('',#2203);
#566=VERTEX_POINT('',#2204);
#567=VERTEX_POINT('',#2206);
#568=VERTEX_POINT('',#2208);
#569=VERTEX_POINT('',#2212);
#570=VERTEX_POINT('',#2214);
#571=VERTEX_POINT('',#2218);
#572=VERTEX_POINT('',#2220);
#573=VERTEX_POINT('',#2224);
#574=VERTEX_POINT('',#2225);
#575=VERTEX_POINT('',#2227);
#576=VERTEX_POINT('',#2229);
#577=VERTEX_POINT('',#2233);
#578=VERTEX_POINT('',#2235);
#579=VERTEX_POINT('',#2239);
#580=VERTEX_POINT('',#2241);
#581=VERTEX_POINT('',#2245);
#582=VERTEX_POINT('',#2246);
#583=VERTEX_POINT('',#2251);
#584=VERTEX_POINT('',#2255);
#585=VERTEX_POINT('',#2259);
#586=VERTEX_POINT('',#2260);
#587=VERTEX_POINT('',#2265);
#588=VERTEX_POINT('',#2269);
#589=VERTEX_POINT('',#2273);
#590=VERTEX_POINT('',#2274);
#591=VERTEX_POINT('',#2279);
#592=VERTEX_POINT('',#2283);
#593=VERTEX_POINT('',#2287);
#594=VERTEX_POINT('',#2288);
#595=VERTEX_POINT('',#2293);
#596=VERTEX_POINT('',#2297);
#597=VERTEX_POINT('',#2301);
#598=VERTEX_POINT('',#2302);
#599=VERTEX_POINT('',#2307);
#600=VERTEX_POINT('',#2311);
#601=VERTEX_POINT('',#2315);
#602=VERTEX_POINT('',#2316);
#603=VERTEX_POINT('',#2321);
#604=VERTEX_POINT('',#2325);
#605=VERTEX_POINT('',#2329);
#606=VERTEX_POINT('',#2330);
#607=VERTEX_POINT('',#2335);
#608=VERTEX_POINT('',#2339);
#609=VERTEX_POINT('',#2343);
#610=VERTEX_POINT('',#2344);
#611=VERTEX_POINT('',#2349);
#612=VERTEX_POINT('',#2353);
#613=VERTEX_POINT('',#2357);
#614=VERTEX_POINT('',#2358);
#615=VERTEX_POINT('',#2363);
#616=VERTEX_POINT('',#2367);
#617=VERTEX_POINT('',#2371);
#618=VERTEX_POINT('',#2372);
#619=VERTEX_POINT('',#2377);
#620=VERTEX_POINT('',#2381);
#621=VERTEX_POINT('',#2385);
#622=VERTEX_POINT('',#2386);
#623=VERTEX_POINT('',#2392);
#624=VERTEX_POINT('',#2396);
#625=VERTEX_POINT('',#2400);
#626=VERTEX_POINT('',#2404);
#627=VERTEX_POINT('',#2409);
#628=VERTEX_POINT('',#2413);
#629=VERTEX_POINT('',#2419);
#630=VERTEX_POINT('',#2420);
#631=VERTEX_POINT('',#2422);
#632=VERTEX_POINT('',#2424);
#633=VERTEX_POINT('',#2428);
#634=VERTEX_POINT('',#2430);
#635=VERTEX_POINT('',#2434);
#636=VERTEX_POINT('',#2436);
#637=VERTEX_POINT('',#2440);
#638=VERTEX_POINT('',#2441);
#639=VERTEX_POINT('',#2443);
#640=VERTEX_POINT('',#2445);
#641=VERTEX_POINT('',#2449);
#642=VERTEX_POINT('',#2451);
#643=VERTEX_POINT('',#2455);
#644=VERTEX_POINT('',#2457);
#645=VERTEX_POINT('',#2461);
#646=VERTEX_POINT('',#2462);
#647=VERTEX_POINT('',#2467);
#648=VERTEX_POINT('',#2471);
#649=VERTEX_POINT('',#2475);
#650=VERTEX_POINT('',#2476);
#651=VERTEX_POINT('',#2481);
#652=VERTEX_POINT('',#2485);
#653=VERTEX_POINT('',#2489);
#654=VERTEX_POINT('',#2490);
#655=VERTEX_POINT('',#2495);
#656=VERTEX_POINT('',#2499);
#657=VERTEX_POINT('',#2503);
#658=VERTEX_POINT('',#2504);
#659=VERTEX_POINT('',#2509);
#660=VERTEX_POINT('',#2513);
#661=VERTEX_POINT('',#2517);
#662=VERTEX_POINT('',#2518);
#663=VERTEX_POINT('',#2523);
#664=VERTEX_POINT('',#2527);
#665=VERTEX_POINT('',#2531);
#666=VERTEX_POINT('',#2532);
#667=VERTEX_POINT('',#2537);
#668=VERTEX_POINT('',#2541);
#669=VERTEX_POINT('',#2545);
#670=VERTEX_POINT('',#2546);
#671=VERTEX_POINT('',#2551);
#672=VERTEX_POINT('',#2555);
#673=VERTEX_POINT('',#2559);
#674=VERTEX_POINT('',#2560);
#675=VERTEX_POINT('',#2565);
#676=VERTEX_POINT('',#2569);
#677=VERTEX_POINT('',#2573);
#678=VERTEX_POINT('',#2574);
#679=VERTEX_POINT('',#2579);
#680=VERTEX_POINT('',#2583);
#681=VERTEX_POINT('',#2587);
#682=VERTEX_POINT('',#2588);
#683=VERTEX_POINT('',#2593);
#684=VERTEX_POINT('',#2597);
#685=VERTEX_POINT('',#2601);
#686=VERTEX_POINT('',#2602);
#687=VERTEX_POINT('',#2608);
#688=VERTEX_POINT('',#2612);
#689=VERTEX_POINT('',#2616);
#690=VERTEX_POINT('',#2620);
#691=VERTEX_POINT('',#2625);
#692=VERTEX_POINT('',#2629);
#693=EDGE_CURVE('',#565,#566,#453,.T.);
#694=EDGE_CURVE('',#565,#567,#245,.T.);
#695=EDGE_CURVE('',#568,#567,#454,.T.);
#696=EDGE_CURVE('',#566,#568,#246,.T.);
#697=EDGE_CURVE('',#569,#565,#247,.T.);
#698=EDGE_CURVE('',#569,#570,#248,.T.);
#699=EDGE_CURVE('',#567,#570,#249,.T.);
#700=EDGE_CURVE('',#571,#569,#455,.T.);
#701=EDGE_CURVE('',#571,#572,#250,.T.);
#702=EDGE_CURVE('',#570,#572,#456,.T.);
#703=EDGE_CURVE('',#573,#574,#457,.T.);
#704=EDGE_CURVE('',#573,#575,#251,.T.);
#705=EDGE_CURVE('',#576,#575,#458,.T.);
#706=EDGE_CURVE('',#574,#576,#252,.T.);
#707=EDGE_CURVE('',#577,#573,#253,.T.);
#708=EDGE_CURVE('',#577,#578,#254,.T.);
#709=EDGE_CURVE('',#575,#578,#255,.T.);
#710=EDGE_CURVE('',#579,#577,#459,.T.);
#711=EDGE_CURVE('',#579,#580,#256,.T.);
#712=EDGE_CURVE('',#578,#580,#460,.T.);
#713=EDGE_CURVE('',#581,#582,#461,.T.);
#714=EDGE_CURVE('',#581,#565,#462,.T.);
#715=EDGE_CURVE('',#582,#566,#463,.T.);
#716=EDGE_CURVE('',#583,#581,#257,.T.);
#717=EDGE_CURVE('',#583,#569,#464,.T.);
#718=EDGE_CURVE('',#584,#583,#465,.T.);
#719=EDGE_CURVE('',#584,#571,#466,.T.);
#720=EDGE_CURVE('',#585,#586,#467,.T.);
#721=EDGE_CURVE('',#585,#573,#468,.T.);
#722=EDGE_CURVE('',#586,#574,#469,.T.);
#723=EDGE_CURVE('',#587,#585,#258,.T.);
#724=EDGE_CURVE('',#587,#577,#470,.T.);
#725=EDGE_CURVE('',#588,#587,#471,.T.);
#726=EDGE_CURVE('',#588,#579,#472,.T.);
#727=EDGE_CURVE('',#589,#590,#473,.T.);
#728=EDGE_CURVE('',#589,#581,#259,.T.);
#729=EDGE_CURVE('',#590,#582,#260,.T.);
#730=EDGE_CURVE('',#591,#589,#261,.T.);
#731=EDGE_CURVE('',#591,#583,#262,.T.);
#732=EDGE_CURVE('',#592,#591,#474,.T.);
#733=EDGE_CURVE('',#592,#584,#263,.T.);
#734=EDGE_CURVE('',#593,#594,#475,.T.);
#735=EDGE_CURVE('',#593,#585,#264,.T.);
#736=EDGE_CURVE('',#594,#586,#265,.T.);
#737=EDGE_CURVE('',#595,#593,#266,.T.);
#738=EDGE_CURVE('',#595,#587,#267,.T.);
#739=EDGE_CURVE('',#596,#595,#476,.T.);
#740=EDGE_CURVE('',#596,#588,#268,.T.);
#741=EDGE_CURVE('',#597,#598,#477,.T.);
#742=EDGE_CURVE('',#597,#589,#478,.T.);
#743=EDGE_CURVE('',#598,#590,#479,.T.);
#744=EDGE_CURVE('',#599,#597,#269,.T.);
#745=EDGE_CURVE('',#599,#591,#480,.T.);
#746=EDGE_CURVE('',#600,#599,#481,.T.);
#747=EDGE_CURVE('',#600,#592,#482,.T.);
#748=EDGE_CURVE('',#601,#602,#483,.T.);
#749=EDGE_CURVE('',#601,#593,#484,.T.);
#750=EDGE_CURVE('',#602,#594,#485,.T.);
#751=EDGE_CURVE('',#603,#601,#270,.T.);
#752=EDGE_CURVE('',#603,#595,#486,.T.);
#753=EDGE_CURVE('',#604,#603,#487,.T.);
#754=EDGE_CURVE('',#604,#596,#488,.T.);
#755=EDGE_CURVE('',#605,#606,#489,.T.);
#756=EDGE_CURVE('',#605,#597,#271,.T.);
#757=EDGE_CURVE('',#606,#598,#272,.T.);
#758=EDGE_CURVE('',#607,#605,#273,.T.);
#759=EDGE_CURVE('',#607,#599,#274,.T.);
#760=EDGE_CURVE('',#608,#607,#490,.T.);
#761=EDGE_CURVE('',#608,#600,#275,.T.);
#762=EDGE_CURVE('',#609,#610,#491,.T.);
#763=EDGE_CURVE('',#609,#601,#276,.T.);
#764=EDGE_CURVE('',#610,#602,#277,.T.);
#765=EDGE_CURVE('',#611,#609,#278,.T.);
#766=EDGE_CURVE('',#611,#603,#279,.T.);
#767=EDGE_CURVE('',#612,#611,#492,.T.);
#768=EDGE_CURVE('',#612,#604,#280,.T.);
#769=EDGE_CURVE('',#613,#614,#493,.T.);
#770=EDGE_CURVE('',#613,#605,#494,.T.);
#771=EDGE_CURVE('',#614,#606,#495,.T.);
#772=EDGE_CURVE('',#615,#613,#281,.T.);
#773=EDGE_CURVE('',#615,#607,#496,.T.);
#774=EDGE_CURVE('',#616,#615,#497,.T.);
#775=EDGE_CURVE('',#616,#608,#498,.T.);
#776=EDGE_CURVE('',#617,#618,#499,.T.);
#777=EDGE_CURVE('',#617,#609,#500,.T.);
#778=EDGE_CURVE('',#618,#610,#501,.T.);
#779=EDGE_CURVE('',#619,#617,#282,.T.);
#780=EDGE_CURVE('',#619,#611,#502,.T.);
#781=EDGE_CURVE('',#620,#619,#503,.T.);
#782=EDGE_CURVE('',#620,#612,#504,.T.);
#783=EDGE_CURVE('',#621,#622,#283,.T.);
#784=EDGE_CURVE('',#621,#614,#284,.T.);
#785=EDGE_CURVE('',#580,#568,#285,.T.);
#786=EDGE_CURVE('',#622,#620,#286,.T.);
#787=EDGE_CURVE('',#623,#621,#505,.T.);
#788=EDGE_CURVE('',#623,#613,#287,.T.);
#789=EDGE_CURVE('',#624,#623,#288,.T.);
#790=EDGE_CURVE('',#624,#615,#289,.T.);
#791=EDGE_CURVE('',#625,#624,#506,.T.);
#792=EDGE_CURVE('',#625,#616,#290,.T.);
#793=EDGE_CURVE('',#626,#625,#291,.T.);
#794=EDGE_CURVE('',#626,#618,#292,.T.);
#795=EDGE_CURVE('',#572,#576,#293,.T.);
#796=EDGE_CURVE('',#627,#626,#507,.T.);
#797=EDGE_CURVE('',#627,#617,#294,.T.);
#798=EDGE_CURVE('',#628,#627,#295,.T.);
#799=EDGE_CURVE('',#628,#619,#296,.T.);
#800=EDGE_CURVE('',#622,#628,#508,.T.);
#801=EDGE_CURVE('',#629,#630,#509,.T.);
#802=EDGE_CURVE('',#630,#631,#297,.T.);
#803=EDGE_CURVE('',#632,#631,#510,.T.);
#804=EDGE_CURVE('',#629,#632,#298,.T.);
#805=EDGE_CURVE('',#633,#629,#299,.T.);
#806=EDGE_CURVE('',#634,#632,#300,.T.);
#807=EDGE_CURVE('',#633,#634,#301,.T.);
#808=EDGE_CURVE('',#635,#633,#511,.T.);
#809=EDGE_CURVE('',#636,#634,#512,.T.);
#810=EDGE_CURVE('',#635,#636,#302,.T.);
#811=EDGE_CURVE('',#637,#638,#513,.T.);
#812=EDGE_CURVE('',#638,#639,#303,.T.);
#813=EDGE_CURVE('',#640,#639,#514,.T.);
#814=EDGE_CURVE('',#637,#640,#304,.T.);
#815=EDGE_CURVE('',#641,#637,#305,.T.);
#816=EDGE_CURVE('',#642,#640,#306,.T.);
#817=EDGE_CURVE('',#641,#642,#307,.T.);
#818=EDGE_CURVE('',#643,#641,#515,.T.);
#819=EDGE_CURVE('',#644,#642,#516,.T.);
#820=EDGE_CURVE('',#643,#644,#308,.T.);
#821=EDGE_CURVE('',#645,#646,#517,.T.);
#822=EDGE_CURVE('',#646,#630,#518,.T.);
#823=EDGE_CURVE('',#645,#629,#519,.T.);
#824=EDGE_CURVE('',#647,#645,#309,.T.);
#825=EDGE_CURVE('',#647,#633,#520,.T.);
#826=EDGE_CURVE('',#648,#647,#521,.T.);
#827=EDGE_CURVE('',#648,#635,#522,.T.);
#828=EDGE_CURVE('',#649,#650,#523,.T.);
#829=EDGE_CURVE('',#650,#638,#524,.T.);
#830=EDGE_CURVE('',#649,#637,#525,.T.);
#831=EDGE_CURVE('',#651,#649,#310,.T.);
#832=EDGE_CURVE('',#651,#641,#526,.T.);
#833=EDGE_CURVE('',#652,#651,#527,.T.);
#834=EDGE_CURVE('',#652,#643,#528,.T.);
#835=EDGE_CURVE('',#653,#654,#529,.T.);
#836=EDGE_CURVE('',#654,#646,#311,.T.);
#837=EDGE_CURVE('',#653,#645,#312,.T.);
#838=EDGE_CURVE('',#655,#653,#313,.T.);
#839=EDGE_CURVE('',#655,#647,#314,.T.);
#840=EDGE_CURVE('',#656,#655,#530,.T.);
#841=EDGE_CURVE('',#656,#648,#315,.T.);
#842=EDGE_CURVE('',#657,#658,#531,.T.);
#843=EDGE_CURVE('',#658,#650,#316,.T.);
#844=EDGE_CURVE('',#657,#649,#317,.T.);
#845=EDGE_CURVE('',#659,#657,#318,.T.);
#846=EDGE_CURVE('',#659,#651,#319,.T.);
#847=EDGE_CURVE('',#660,#659,#532,.T.);
#848=EDGE_CURVE('',#660,#652,#320,.T.);
#849=EDGE_CURVE('',#661,#662,#533,.T.);
#850=EDGE_CURVE('',#662,#654,#534,.T.);
#851=EDGE_CURVE('',#661,#653,#535,.T.);
#852=EDGE_CURVE('',#663,#661,#321,.T.);
#853=EDGE_CURVE('',#663,#655,#536,.T.);
#854=EDGE_CURVE('',#664,#663,#537,.T.);
#855=EDGE_CURVE('',#664,#656,#538,.T.);
#856=EDGE_CURVE('',#665,#666,#539,.T.);
#857=EDGE_CURVE('',#666,#658,#540,.T.);
#858=EDGE_CURVE('',#665,#657,#541,.T.);
#859=EDGE_CURVE('',#667,#665,#322,.T.);
#860=EDGE_CURVE('',#667,#659,#542,.T.);
#861=EDGE_CURVE('',#668,#667,#543,.T.);
#862=EDGE_CURVE('',#668,#660,#544,.T.);
#863=EDGE_CURVE('',#669,#670,#545,.T.);
#864=EDGE_CURVE('',#670,#662,#323,.T.);
#865=EDGE_CURVE('',#669,#661,#324,.T.);
#866=EDGE_CURVE('',#671,#669,#325,.T.);
#867=EDGE_CURVE('',#671,#663,#326,.T.);
#868=EDGE_CURVE('',#672,#671,#546,.T.);
#869=EDGE_CURVE('',#672,#664,#327,.T.);
#870=EDGE_CURVE('',#673,#674,#547,.T.);
#871=EDGE_CURVE('',#674,#666,#328,.T.);
#872=EDGE_CURVE('',#673,#665,#329,.T.);
#873=EDGE_CURVE('',#675,#673,#330,.T.);
#874=EDGE_CURVE('',#675,#667,#331,.T.);
#875=EDGE_CURVE('',#676,#675,#548,.T.);
#876=EDGE_CURVE('',#676,#668,#332,.T.);
#877=EDGE_CURVE('',#677,#678,#549,.T.);
#878=EDGE_CURVE('',#678,#670,#550,.T.);
#879=EDGE_CURVE('',#677,#669,#551,.T.);
#880=EDGE_CURVE('',#679,#677,#333,.T.);
#881=EDGE_CURVE('',#679,#671,#552,.T.);
#882=EDGE_CURVE('',#680,#679,#553,.T.);
#883=EDGE_CURVE('',#680,#672,#554,.T.);
#884=EDGE_CURVE('',#681,#682,#555,.T.);
#885=EDGE_CURVE('',#682,#674,#556,.T.);
#886=EDGE_CURVE('',#681,#673,#557,.T.);
#887=EDGE_CURVE('',#683,#681,#334,.T.);
#888=EDGE_CURVE('',#683,#675,#558,.T.);
#889=EDGE_CURVE('',#684,#683,#559,.T.);
#890=EDGE_CURVE('',#684,#676,#560,.T.);
#891=EDGE_CURVE('',#685,#686,#335,.T.);
#892=EDGE_CURVE('',#685,#684,#336,.T.);
#893=EDGE_CURVE('',#631,#644,#337,.T.);
#894=EDGE_CURVE('',#686,#678,#338,.T.);
#895=EDGE_CURVE('',#687,#686,#561,.T.);
#896=EDGE_CURVE('',#687,#677,#339,.T.);
#897=EDGE_CURVE('',#687,#688,#340,.T.);
#898=EDGE_CURVE('',#688,#679,#341,.T.);
#899=EDGE_CURVE('',#689,#688,#562,.T.);
#900=EDGE_CURVE('',#689,#680,#342,.T.);
#901=EDGE_CURVE('',#689,#690,#343,.T.);
#902=EDGE_CURVE('',#639,#636,#344,.T.);
#903=EDGE_CURVE('',#690,#682,#345,.T.);
#904=EDGE_CURVE('',#691,#690,#563,.T.);
#905=EDGE_CURVE('',#691,#681,#346,.T.);
#906=EDGE_CURVE('',#691,#692,#347,.T.);
#907=EDGE_CURVE('',#692,#683,#348,.T.);
#908=EDGE_CURVE('',#685,#692,#564,.T.);
#909=ORIENTED_EDGE('',*,*,#693,.F.);
#910=ORIENTED_EDGE('',*,*,#694,.T.);
#911=ORIENTED_EDGE('',*,*,#695,.F.);
#912=ORIENTED_EDGE('',*,*,#696,.F.);
#913=ORIENTED_EDGE('',*,*,#697,.F.);
#914=ORIENTED_EDGE('',*,*,#698,.T.);
#915=ORIENTED_EDGE('',*,*,#699,.F.);
#916=ORIENTED_EDGE('',*,*,#694,.F.);
#917=ORIENTED_EDGE('',*,*,#700,.F.);
#918=ORIENTED_EDGE('',*,*,#701,.T.);
#919=ORIENTED_EDGE('',*,*,#702,.F.);
#920=ORIENTED_EDGE('',*,*,#698,.F.);
#921=ORIENTED_EDGE('',*,*,#703,.F.);
#922=ORIENTED_EDGE('',*,*,#704,.T.);
#923=ORIENTED_EDGE('',*,*,#705,.F.);
#924=ORIENTED_EDGE('',*,*,#706,.F.);
#925=ORIENTED_EDGE('',*,*,#707,.F.);
#926=ORIENTED_EDGE('',*,*,#708,.T.);
#927=ORIENTED_EDGE('',*,*,#709,.F.);
#928=ORIENTED_EDGE('',*,*,#704,.F.);
#929=ORIENTED_EDGE('',*,*,#710,.F.);
#930=ORIENTED_EDGE('',*,*,#711,.T.);
#931=ORIENTED_EDGE('',*,*,#712,.F.);
#932=ORIENTED_EDGE('',*,*,#708,.F.);
#933=ORIENTED_EDGE('',*,*,#713,.F.);
#934=ORIENTED_EDGE('',*,*,#714,.T.);
#935=ORIENTED_EDGE('',*,*,#693,.T.);
#936=ORIENTED_EDGE('',*,*,#715,.F.);
#937=ORIENTED_EDGE('',*,*,#716,.F.);
#938=ORIENTED_EDGE('',*,*,#717,.T.);
#939=ORIENTED_EDGE('',*,*,#697,.T.);
#940=ORIENTED_EDGE('',*,*,#714,.F.);
#941=ORIENTED_EDGE('',*,*,#718,.F.);
#942=ORIENTED_EDGE('',*,*,#719,.T.);
#943=ORIENTED_EDGE('',*,*,#700,.T.);
#944=ORIENTED_EDGE('',*,*,#717,.F.);
#945=ORIENTED_EDGE('',*,*,#720,.F.);
#946=ORIENTED_EDGE('',*,*,#721,.T.);
#947=ORIENTED_EDGE('',*,*,#703,.T.);
#948=ORIENTED_EDGE('',*,*,#722,.F.);
#949=ORIENTED_EDGE('',*,*,#723,.F.);
#950=ORIENTED_EDGE('',*,*,#724,.T.);
#951=ORIENTED_EDGE('',*,*,#707,.T.);
#952=ORIENTED_EDGE('',*,*,#721,.F.);
#953=ORIENTED_EDGE('',*,*,#725,.F.);
#954=ORIENTED_EDGE('',*,*,#726,.T.);
#955=ORIENTED_EDGE('',*,*,#710,.T.);
#956=ORIENTED_EDGE('',*,*,#724,.F.);
#957=ORIENTED_EDGE('',*,*,#727,.F.);
#958=ORIENTED_EDGE('',*,*,#728,.T.);
#959=ORIENTED_EDGE('',*,*,#713,.T.);
#960=ORIENTED_EDGE('',*,*,#729,.F.);
#961=ORIENTED_EDGE('',*,*,#730,.F.);
#962=ORIENTED_EDGE('',*,*,#731,.T.);
#963=ORIENTED_EDGE('',*,*,#716,.T.);
#964=ORIENTED_EDGE('',*,*,#728,.F.);
#965=ORIENTED_EDGE('',*,*,#732,.F.);
#966=ORIENTED_EDGE('',*,*,#733,.T.);
#967=ORIENTED_EDGE('',*,*,#718,.T.);
#968=ORIENTED_EDGE('',*,*,#731,.F.);
#969=ORIENTED_EDGE('',*,*,#734,.F.);
#970=ORIENTED_EDGE('',*,*,#735,.T.);
#971=ORIENTED_EDGE('',*,*,#720,.T.);
#972=ORIENTED_EDGE('',*,*,#736,.F.);
#973=ORIENTED_EDGE('',*,*,#737,.F.);
#974=ORIENTED_EDGE('',*,*,#738,.T.);
#975=ORIENTED_EDGE('',*,*,#723,.T.);
#976=ORIENTED_EDGE('',*,*,#735,.F.);
#977=ORIENTED_EDGE('',*,*,#739,.F.);
#978=ORIENTED_EDGE('',*,*,#740,.T.);
#979=ORIENTED_EDGE('',*,*,#725,.T.);
#980=ORIENTED_EDGE('',*,*,#738,.F.);
#981=ORIENTED_EDGE('',*,*,#741,.F.);
#982=ORIENTED_EDGE('',*,*,#742,.T.);
#983=ORIENTED_EDGE('',*,*,#727,.T.);
#984=ORIENTED_EDGE('',*,*,#743,.F.);
#985=ORIENTED_EDGE('',*,*,#744,.F.);
#986=ORIENTED_EDGE('',*,*,#745,.T.);
#987=ORIENTED_EDGE('',*,*,#730,.T.);
#988=ORIENTED_EDGE('',*,*,#742,.F.);
#989=ORIENTED_EDGE('',*,*,#746,.F.);
#990=ORIENTED_EDGE('',*,*,#747,.T.);
#991=ORIENTED_EDGE('',*,*,#732,.T.);
#992=ORIENTED_EDGE('',*,*,#745,.F.);
#993=ORIENTED_EDGE('',*,*,#748,.F.);
#994=ORIENTED_EDGE('',*,*,#749,.T.);
#995=ORIENTED_EDGE('',*,*,#734,.T.);
#996=ORIENTED_EDGE('',*,*,#750,.F.);
#997=ORIENTED_EDGE('',*,*,#751,.F.);
#998=ORIENTED_EDGE('',*,*,#752,.T.);
#999=ORIENTED_EDGE('',*,*,#737,.T.);
#1000=ORIENTED_EDGE('',*,*,#749,.F.);
#1001=ORIENTED_EDGE('',*,*,#753,.F.);
#1002=ORIENTED_EDGE('',*,*,#754,.T.);
#1003=ORIENTED_EDGE('',*,*,#739,.T.);
#1004=ORIENTED_EDGE('',*,*,#752,.F.);
#1005=ORIENTED_EDGE('',*,*,#755,.F.);
#1006=ORIENTED_EDGE('',*,*,#756,.T.);
#1007=ORIENTED_EDGE('',*,*,#741,.T.);
#1008=ORIENTED_EDGE('',*,*,#757,.F.);
#1009=ORIENTED_EDGE('',*,*,#758,.F.);
#1010=ORIENTED_EDGE('',*,*,#759,.T.);
#1011=ORIENTED_EDGE('',*,*,#744,.T.);
#1012=ORIENTED_EDGE('',*,*,#756,.F.);
#1013=ORIENTED_EDGE('',*,*,#760,.F.);
#1014=ORIENTED_EDGE('',*,*,#761,.T.);
#1015=ORIENTED_EDGE('',*,*,#746,.T.);
#1016=ORIENTED_EDGE('',*,*,#759,.F.);
#1017=ORIENTED_EDGE('',*,*,#762,.F.);
#1018=ORIENTED_EDGE('',*,*,#763,.T.);
#1019=ORIENTED_EDGE('',*,*,#748,.T.);
#1020=ORIENTED_EDGE('',*,*,#764,.F.);
#1021=ORIENTED_EDGE('',*,*,#765,.F.);
#1022=ORIENTED_EDGE('',*,*,#766,.T.);
#1023=ORIENTED_EDGE('',*,*,#751,.T.);
#1024=ORIENTED_EDGE('',*,*,#763,.F.);
#1025=ORIENTED_EDGE('',*,*,#767,.F.);
#1026=ORIENTED_EDGE('',*,*,#768,.T.);
#1027=ORIENTED_EDGE('',*,*,#753,.T.);
#1028=ORIENTED_EDGE('',*,*,#766,.F.);
#1029=ORIENTED_EDGE('',*,*,#769,.F.);
#1030=ORIENTED_EDGE('',*,*,#770,.T.);
#1031=ORIENTED_EDGE('',*,*,#755,.T.);
#1032=ORIENTED_EDGE('',*,*,#771,.F.);
#1033=ORIENTED_EDGE('',*,*,#772,.F.);
#1034=ORIENTED_EDGE('',*,*,#773,.T.);
#1035=ORIENTED_EDGE('',*,*,#758,.T.);
#1036=ORIENTED_EDGE('',*,*,#770,.F.);
#1037=ORIENTED_EDGE('',*,*,#774,.F.);
#1038=ORIENTED_EDGE('',*,*,#775,.T.);
#1039=ORIENTED_EDGE('',*,*,#760,.T.);
#1040=ORIENTED_EDGE('',*,*,#773,.F.);
#1041=ORIENTED_EDGE('',*,*,#776,.F.);
#1042=ORIENTED_EDGE('',*,*,#777,.T.);
#1043=ORIENTED_EDGE('',*,*,#762,.T.);
#1044=ORIENTED_EDGE('',*,*,#778,.F.);
#1045=ORIENTED_EDGE('',*,*,#779,.F.);
#1046=ORIENTED_EDGE('',*,*,#780,.T.);
#1047=ORIENTED_EDGE('',*,*,#765,.T.);
#1048=ORIENTED_EDGE('',*,*,#777,.F.);
#1049=ORIENTED_EDGE('',*,*,#781,.F.);
#1050=ORIENTED_EDGE('',*,*,#782,.T.);
#1051=ORIENTED_EDGE('',*,*,#767,.T.);
#1052=ORIENTED_EDGE('',*,*,#780,.F.);
#1053=ORIENTED_EDGE('',*,*,#783,.F.);
#1054=ORIENTED_EDGE('',*,*,#784,.T.);
#1055=ORIENTED_EDGE('',*,*,#771,.T.);
#1056=ORIENTED_EDGE('',*,*,#757,.T.);
#1057=ORIENTED_EDGE('',*,*,#743,.T.);
#1058=ORIENTED_EDGE('',*,*,#729,.T.);
#1059=ORIENTED_EDGE('',*,*,#715,.T.);
#1060=ORIENTED_EDGE('',*,*,#696,.T.);
#1061=ORIENTED_EDGE('',*,*,#785,.F.);
#1062=ORIENTED_EDGE('',*,*,#711,.F.);
#1063=ORIENTED_EDGE('',*,*,#726,.F.);
#1064=ORIENTED_EDGE('',*,*,#740,.F.);
#1065=ORIENTED_EDGE('',*,*,#754,.F.);
#1066=ORIENTED_EDGE('',*,*,#768,.F.);
#1067=ORIENTED_EDGE('',*,*,#782,.F.);
#1068=ORIENTED_EDGE('',*,*,#786,.F.);
#1069=ORIENTED_EDGE('',*,*,#787,.F.);
#1070=ORIENTED_EDGE('',*,*,#788,.T.);
#1071=ORIENTED_EDGE('',*,*,#769,.T.);
#1072=ORIENTED_EDGE('',*,*,#784,.F.);
#1073=ORIENTED_EDGE('',*,*,#789,.F.);
#1074=ORIENTED_EDGE('',*,*,#790,.T.);
#1075=ORIENTED_EDGE('',*,*,#772,.T.);
#1076=ORIENTED_EDGE('',*,*,#788,.F.);
#1077=ORIENTED_EDGE('',*,*,#791,.F.);
#1078=ORIENTED_EDGE('',*,*,#792,.T.);
#1079=ORIENTED_EDGE('',*,*,#774,.T.);
#1080=ORIENTED_EDGE('',*,*,#790,.F.);
#1081=ORIENTED_EDGE('',*,*,#793,.F.);
#1082=ORIENTED_EDGE('',*,*,#794,.T.);
#1083=ORIENTED_EDGE('',*,*,#778,.T.);
#1084=ORIENTED_EDGE('',*,*,#764,.T.);
#1085=ORIENTED_EDGE('',*,*,#750,.T.);
#1086=ORIENTED_EDGE('',*,*,#736,.T.);
#1087=ORIENTED_EDGE('',*,*,#722,.T.);
#1088=ORIENTED_EDGE('',*,*,#706,.T.);
#1089=ORIENTED_EDGE('',*,*,#795,.F.);
#1090=ORIENTED_EDGE('',*,*,#701,.F.);
#1091=ORIENTED_EDGE('',*,*,#719,.F.);
#1092=ORIENTED_EDGE('',*,*,#733,.F.);
#1093=ORIENTED_EDGE('',*,*,#747,.F.);
#1094=ORIENTED_EDGE('',*,*,#761,.F.);
#1095=ORIENTED_EDGE('',*,*,#775,.F.);
#1096=ORIENTED_EDGE('',*,*,#792,.F.);
#1097=ORIENTED_EDGE('',*,*,#796,.F.);
#1098=ORIENTED_EDGE('',*,*,#797,.T.);
#1099=ORIENTED_EDGE('',*,*,#776,.T.);
#1100=ORIENTED_EDGE('',*,*,#794,.F.);
#1101=ORIENTED_EDGE('',*,*,#798,.F.);
#1102=ORIENTED_EDGE('',*,*,#799,.T.);
#1103=ORIENTED_EDGE('',*,*,#779,.T.);
#1104=ORIENTED_EDGE('',*,*,#797,.F.);
#1105=ORIENTED_EDGE('',*,*,#800,.F.);
#1106=ORIENTED_EDGE('',*,*,#786,.T.);
#1107=ORIENTED_EDGE('',*,*,#781,.T.);
#1108=ORIENTED_EDGE('',*,*,#799,.F.);
#1109=ORIENTED_EDGE('',*,*,#801,.T.);
#1110=ORIENTED_EDGE('',*,*,#802,.T.);
#1111=ORIENTED_EDGE('',*,*,#803,.F.);
#1112=ORIENTED_EDGE('',*,*,#804,.F.);
#1113=ORIENTED_EDGE('',*,*,#805,.T.);
#1114=ORIENTED_EDGE('',*,*,#804,.T.);
#1115=ORIENTED_EDGE('',*,*,#806,.F.);
#1116=ORIENTED_EDGE('',*,*,#807,.F.);
#1117=ORIENTED_EDGE('',*,*,#808,.T.);
#1118=ORIENTED_EDGE('',*,*,#807,.T.);
#1119=ORIENTED_EDGE('',*,*,#809,.F.);
#1120=ORIENTED_EDGE('',*,*,#810,.F.);
#1121=ORIENTED_EDGE('',*,*,#811,.T.);
#1122=ORIENTED_EDGE('',*,*,#812,.T.);
#1123=ORIENTED_EDGE('',*,*,#813,.F.);
#1124=ORIENTED_EDGE('',*,*,#814,.F.);
#1125=ORIENTED_EDGE('',*,*,#815,.T.);
#1126=ORIENTED_EDGE('',*,*,#814,.T.);
#1127=ORIENTED_EDGE('',*,*,#816,.F.);
#1128=ORIENTED_EDGE('',*,*,#817,.F.);
#1129=ORIENTED_EDGE('',*,*,#818,.T.);
#1130=ORIENTED_EDGE('',*,*,#817,.T.);
#1131=ORIENTED_EDGE('',*,*,#819,.F.);
#1132=ORIENTED_EDGE('',*,*,#820,.F.);
#1133=ORIENTED_EDGE('',*,*,#821,.T.);
#1134=ORIENTED_EDGE('',*,*,#822,.T.);
#1135=ORIENTED_EDGE('',*,*,#801,.F.);
#1136=ORIENTED_EDGE('',*,*,#823,.F.);
#1137=ORIENTED_EDGE('',*,*,#824,.T.);
#1138=ORIENTED_EDGE('',*,*,#823,.T.);
#1139=ORIENTED_EDGE('',*,*,#805,.F.);
#1140=ORIENTED_EDGE('',*,*,#825,.F.);
#1141=ORIENTED_EDGE('',*,*,#826,.T.);
#1142=ORIENTED_EDGE('',*,*,#825,.T.);
#1143=ORIENTED_EDGE('',*,*,#808,.F.);
#1144=ORIENTED_EDGE('',*,*,#827,.F.);
#1145=ORIENTED_EDGE('',*,*,#828,.T.);
#1146=ORIENTED_EDGE('',*,*,#829,.T.);
#1147=ORIENTED_EDGE('',*,*,#811,.F.);
#1148=ORIENTED_EDGE('',*,*,#830,.F.);
#1149=ORIENTED_EDGE('',*,*,#831,.T.);
#1150=ORIENTED_EDGE('',*,*,#830,.T.);
#1151=ORIENTED_EDGE('',*,*,#815,.F.);
#1152=ORIENTED_EDGE('',*,*,#832,.F.);
#1153=ORIENTED_EDGE('',*,*,#833,.T.);
#1154=ORIENTED_EDGE('',*,*,#832,.T.);
#1155=ORIENTED_EDGE('',*,*,#818,.F.);
#1156=ORIENTED_EDGE('',*,*,#834,.F.);
#1157=ORIENTED_EDGE('',*,*,#835,.T.);
#1158=ORIENTED_EDGE('',*,*,#836,.T.);
#1159=ORIENTED_EDGE('',*,*,#821,.F.);
#1160=ORIENTED_EDGE('',*,*,#837,.F.);
#1161=ORIENTED_EDGE('',*,*,#838,.T.);
#1162=ORIENTED_EDGE('',*,*,#837,.T.);
#1163=ORIENTED_EDGE('',*,*,#824,.F.);
#1164=ORIENTED_EDGE('',*,*,#839,.F.);
#1165=ORIENTED_EDGE('',*,*,#840,.T.);
#1166=ORIENTED_EDGE('',*,*,#839,.T.);
#1167=ORIENTED_EDGE('',*,*,#826,.F.);
#1168=ORIENTED_EDGE('',*,*,#841,.F.);
#1169=ORIENTED_EDGE('',*,*,#842,.T.);
#1170=ORIENTED_EDGE('',*,*,#843,.T.);
#1171=ORIENTED_EDGE('',*,*,#828,.F.);
#1172=ORIENTED_EDGE('',*,*,#844,.F.);
#1173=ORIENTED_EDGE('',*,*,#845,.T.);
#1174=ORIENTED_EDGE('',*,*,#844,.T.);
#1175=ORIENTED_EDGE('',*,*,#831,.F.);
#1176=ORIENTED_EDGE('',*,*,#846,.F.);
#1177=ORIENTED_EDGE('',*,*,#847,.T.);
#1178=ORIENTED_EDGE('',*,*,#846,.T.);
#1179=ORIENTED_EDGE('',*,*,#833,.F.);
#1180=ORIENTED_EDGE('',*,*,#848,.F.);
#1181=ORIENTED_EDGE('',*,*,#849,.T.);
#1182=ORIENTED_EDGE('',*,*,#850,.T.);
#1183=ORIENTED_EDGE('',*,*,#835,.F.);
#1184=ORIENTED_EDGE('',*,*,#851,.F.);
#1185=ORIENTED_EDGE('',*,*,#852,.T.);
#1186=ORIENTED_EDGE('',*,*,#851,.T.);
#1187=ORIENTED_EDGE('',*,*,#838,.F.);
#1188=ORIENTED_EDGE('',*,*,#853,.F.);
#1189=ORIENTED_EDGE('',*,*,#854,.T.);
#1190=ORIENTED_EDGE('',*,*,#853,.T.);
#1191=ORIENTED_EDGE('',*,*,#840,.F.);
#1192=ORIENTED_EDGE('',*,*,#855,.F.);
#1193=ORIENTED_EDGE('',*,*,#856,.T.);
#1194=ORIENTED_EDGE('',*,*,#857,.T.);
#1195=ORIENTED_EDGE('',*,*,#842,.F.);
#1196=ORIENTED_EDGE('',*,*,#858,.F.);
#1197=ORIENTED_EDGE('',*,*,#859,.T.);
#1198=ORIENTED_EDGE('',*,*,#858,.T.);
#1199=ORIENTED_EDGE('',*,*,#845,.F.);
#1200=ORIENTED_EDGE('',*,*,#860,.F.);
#1201=ORIENTED_EDGE('',*,*,#861,.T.);
#1202=ORIENTED_EDGE('',*,*,#860,.T.);
#1203=ORIENTED_EDGE('',*,*,#847,.F.);
#1204=ORIENTED_EDGE('',*,*,#862,.F.);
#1205=ORIENTED_EDGE('',*,*,#863,.T.);
#1206=ORIENTED_EDGE('',*,*,#864,.T.);
#1207=ORIENTED_EDGE('',*,*,#849,.F.);
#1208=ORIENTED_EDGE('',*,*,#865,.F.);
#1209=ORIENTED_EDGE('',*,*,#866,.T.);
#1210=ORIENTED_EDGE('',*,*,#865,.T.);
#1211=ORIENTED_EDGE('',*,*,#852,.F.);
#1212=ORIENTED_EDGE('',*,*,#867,.F.);
#1213=ORIENTED_EDGE('',*,*,#868,.T.);
#1214=ORIENTED_EDGE('',*,*,#867,.T.);
#1215=ORIENTED_EDGE('',*,*,#854,.F.);
#1216=ORIENTED_EDGE('',*,*,#869,.F.);
#1217=ORIENTED_EDGE('',*,*,#870,.T.);
#1218=ORIENTED_EDGE('',*,*,#871,.T.);
#1219=ORIENTED_EDGE('',*,*,#856,.F.);
#1220=ORIENTED_EDGE('',*,*,#872,.F.);
#1221=ORIENTED_EDGE('',*,*,#873,.T.);
#1222=ORIENTED_EDGE('',*,*,#872,.T.);
#1223=ORIENTED_EDGE('',*,*,#859,.F.);
#1224=ORIENTED_EDGE('',*,*,#874,.F.);
#1225=ORIENTED_EDGE('',*,*,#875,.T.);
#1226=ORIENTED_EDGE('',*,*,#874,.T.);
#1227=ORIENTED_EDGE('',*,*,#861,.F.);
#1228=ORIENTED_EDGE('',*,*,#876,.F.);
#1229=ORIENTED_EDGE('',*,*,#877,.T.);
#1230=ORIENTED_EDGE('',*,*,#878,.T.);
#1231=ORIENTED_EDGE('',*,*,#863,.F.);
#1232=ORIENTED_EDGE('',*,*,#879,.F.);
#1233=ORIENTED_EDGE('',*,*,#880,.T.);
#1234=ORIENTED_EDGE('',*,*,#879,.T.);
#1235=ORIENTED_EDGE('',*,*,#866,.F.);
#1236=ORIENTED_EDGE('',*,*,#881,.F.);
#1237=ORIENTED_EDGE('',*,*,#882,.T.);
#1238=ORIENTED_EDGE('',*,*,#881,.T.);
#1239=ORIENTED_EDGE('',*,*,#868,.F.);
#1240=ORIENTED_EDGE('',*,*,#883,.F.);
#1241=ORIENTED_EDGE('',*,*,#884,.T.);
#1242=ORIENTED_EDGE('',*,*,#885,.T.);
#1243=ORIENTED_EDGE('',*,*,#870,.F.);
#1244=ORIENTED_EDGE('',*,*,#886,.F.);
#1245=ORIENTED_EDGE('',*,*,#887,.T.);
#1246=ORIENTED_EDGE('',*,*,#886,.T.);
#1247=ORIENTED_EDGE('',*,*,#873,.F.);
#1248=ORIENTED_EDGE('',*,*,#888,.F.);
#1249=ORIENTED_EDGE('',*,*,#889,.T.);
#1250=ORIENTED_EDGE('',*,*,#888,.T.);
#1251=ORIENTED_EDGE('',*,*,#875,.F.);
#1252=ORIENTED_EDGE('',*,*,#890,.F.);
#1253=ORIENTED_EDGE('',*,*,#891,.F.);
#1254=ORIENTED_EDGE('',*,*,#892,.T.);
#1255=ORIENTED_EDGE('',*,*,#890,.T.);
#1256=ORIENTED_EDGE('',*,*,#876,.T.);
#1257=ORIENTED_EDGE('',*,*,#862,.T.);
#1258=ORIENTED_EDGE('',*,*,#848,.T.);
#1259=ORIENTED_EDGE('',*,*,#834,.T.);
#1260=ORIENTED_EDGE('',*,*,#820,.T.);
#1261=ORIENTED_EDGE('',*,*,#893,.F.);
#1262=ORIENTED_EDGE('',*,*,#802,.F.);
#1263=ORIENTED_EDGE('',*,*,#822,.F.);
#1264=ORIENTED_EDGE('',*,*,#836,.F.);
#1265=ORIENTED_EDGE('',*,*,#850,.F.);
#1266=ORIENTED_EDGE('',*,*,#864,.F.);
#1267=ORIENTED_EDGE('',*,*,#878,.F.);
#1268=ORIENTED_EDGE('',*,*,#894,.F.);
#1269=ORIENTED_EDGE('',*,*,#895,.T.);
#1270=ORIENTED_EDGE('',*,*,#894,.T.);
#1271=ORIENTED_EDGE('',*,*,#877,.F.);
#1272=ORIENTED_EDGE('',*,*,#896,.F.);
#1273=ORIENTED_EDGE('',*,*,#897,.F.);
#1274=ORIENTED_EDGE('',*,*,#896,.T.);
#1275=ORIENTED_EDGE('',*,*,#880,.F.);
#1276=ORIENTED_EDGE('',*,*,#898,.F.);
#1277=ORIENTED_EDGE('',*,*,#899,.T.);
#1278=ORIENTED_EDGE('',*,*,#898,.T.);
#1279=ORIENTED_EDGE('',*,*,#882,.F.);
#1280=ORIENTED_EDGE('',*,*,#900,.F.);
#1281=ORIENTED_EDGE('',*,*,#901,.F.);
#1282=ORIENTED_EDGE('',*,*,#900,.T.);
#1283=ORIENTED_EDGE('',*,*,#883,.T.);
#1284=ORIENTED_EDGE('',*,*,#869,.T.);
#1285=ORIENTED_EDGE('',*,*,#855,.T.);
#1286=ORIENTED_EDGE('',*,*,#841,.T.);
#1287=ORIENTED_EDGE('',*,*,#827,.T.);
#1288=ORIENTED_EDGE('',*,*,#810,.T.);
#1289=ORIENTED_EDGE('',*,*,#902,.F.);
#1290=ORIENTED_EDGE('',*,*,#812,.F.);
#1291=ORIENTED_EDGE('',*,*,#829,.F.);
#1292=ORIENTED_EDGE('',*,*,#843,.F.);
#1293=ORIENTED_EDGE('',*,*,#857,.F.);
#1294=ORIENTED_EDGE('',*,*,#871,.F.);
#1295=ORIENTED_EDGE('',*,*,#885,.F.);
#1296=ORIENTED_EDGE('',*,*,#903,.F.);
#1297=ORIENTED_EDGE('',*,*,#904,.T.);
#1298=ORIENTED_EDGE('',*,*,#903,.T.);
#1299=ORIENTED_EDGE('',*,*,#884,.F.);
#1300=ORIENTED_EDGE('',*,*,#905,.F.);
#1301=ORIENTED_EDGE('',*,*,#906,.F.);
#1302=ORIENTED_EDGE('',*,*,#905,.T.);
#1303=ORIENTED_EDGE('',*,*,#887,.F.);
#1304=ORIENTED_EDGE('',*,*,#907,.F.);
#1305=ORIENTED_EDGE('',*,*,#908,.T.);
#1306=ORIENTED_EDGE('',*,*,#907,.T.);
#1307=ORIENTED_EDGE('',*,*,#889,.F.);
#1308=ORIENTED_EDGE('',*,*,#892,.F.);
#1309=ORIENTED_EDGE('',*,*,#819,.T.);
#1310=ORIENTED_EDGE('',*,*,#816,.T.);
#1311=ORIENTED_EDGE('',*,*,#813,.T.);
#1312=ORIENTED_EDGE('',*,*,#902,.T.);
#1313=ORIENTED_EDGE('',*,*,#809,.T.);
#1314=ORIENTED_EDGE('',*,*,#806,.T.);
#1315=ORIENTED_EDGE('',*,*,#803,.T.);
#1316=ORIENTED_EDGE('',*,*,#893,.T.);
#1317=ORIENTED_EDGE('',*,*,#705,.T.);
#1318=ORIENTED_EDGE('',*,*,#709,.T.);
#1319=ORIENTED_EDGE('',*,*,#712,.T.);
#1320=ORIENTED_EDGE('',*,*,#785,.T.);
#1321=ORIENTED_EDGE('',*,*,#695,.T.);
#1322=ORIENTED_EDGE('',*,*,#699,.T.);
#1323=ORIENTED_EDGE('',*,*,#702,.T.);
#1324=ORIENTED_EDGE('',*,*,#795,.T.);
#1325=ORIENTED_EDGE('',*,*,#908,.F.);
#1326=ORIENTED_EDGE('',*,*,#891,.T.);
#1327=ORIENTED_EDGE('',*,*,#895,.F.);
#1328=ORIENTED_EDGE('',*,*,#897,.T.);
#1329=ORIENTED_EDGE('',*,*,#899,.F.);
#1330=ORIENTED_EDGE('',*,*,#901,.T.);
#1331=ORIENTED_EDGE('',*,*,#904,.F.);
#1332=ORIENTED_EDGE('',*,*,#906,.T.);
#1333=ORIENTED_EDGE('',*,*,#783,.T.);
#1334=ORIENTED_EDGE('',*,*,#800,.T.);
#1335=ORIENTED_EDGE('',*,*,#798,.T.);
#1336=ORIENTED_EDGE('',*,*,#796,.T.);
#1337=ORIENTED_EDGE('',*,*,#793,.T.);
#1338=ORIENTED_EDGE('',*,*,#791,.T.);
#1339=ORIENTED_EDGE('',*,*,#789,.T.);
#1340=ORIENTED_EDGE('',*,*,#787,.T.);
#1341=CYLINDRICAL_SURFACE('',#1489,9.99999999999999);
#1342=CYLINDRICAL_SURFACE('',#1493,9.99999999999999);
#1343=CYLINDRICAL_SURFACE('',#1496,9.99999999999999);
#1344=CYLINDRICAL_SURFACE('',#1500,9.99999999999999);
#1345=CYLINDRICAL_SURFACE('',#1507,35.);
#1346=CYLINDRICAL_SURFACE('',#1516,85.);
#1347=CYLINDRICAL_SURFACE('',#1521,9.99999999999999);
#1348=CYLINDRICAL_SURFACE('',#1524,9.99999999999999);
#1349=CYLINDRICAL_SURFACE('',#1526,9.99999999999999);
#1350=CYLINDRICAL_SURFACE('',#1529,9.99999999999999);
#1351=CYLINDRICAL_SURFACE('',#1535,25.);
#1352=CYLINDRICAL_SURFACE('',#1544,75.);
#1353=CYLINDRICAL_SURFACE('',#1549,9.99999999999999);
#1354=CYLINDRICAL_SURFACE('',#1552,9.99999999999999);
#1355=CYLINDRICAL_SURFACE('',#1554,9.99999999999999);
#1356=CYLINDRICAL_SURFACE('',#1557,9.99999999999999);
#1357=CYLINDRICAL_SURFACE('',#1563,25.);
#1358=CYLINDRICAL_SURFACE('',#1572,75.);
#1359=CYLINDRICAL_SURFACE('',#1578,9.99999999999999);
#1360=CYLINDRICAL_SURFACE('',#1581,9.99999999999999);
#1361=CYLINDRICAL_SURFACE('',#1584,9.99999999999999);
#1362=CYLINDRICAL_SURFACE('',#1587,9.99999999999999);
#1363=CYLINDRICAL_SURFACE('',#1589,16.);
#1364=CYLINDRICAL_SURFACE('',#1593,16.);
#1365=CYLINDRICAL_SURFACE('',#1596,16.);
#1366=CYLINDRICAL_SURFACE('',#1600,16.);
#1367=CYLINDRICAL_SURFACE('',#1607,29.);
#1368=CYLINDRICAL_SURFACE('',#1616,91.);
#1369=CYLINDRICAL_SURFACE('',#1621,16.);
#1370=CYLINDRICAL_SURFACE('',#1624,16.);
#1371=CYLINDRICAL_SURFACE('',#1626,16.);
#1372=CYLINDRICAL_SURFACE('',#1629,16.);
#1373=CYLINDRICAL_SURFACE('',#1635,19.);
#1374=CYLINDRICAL_SURFACE('',#1644,81.);
#1375=CYLINDRICAL_SURFACE('',#1649,16.);
#1376=CYLINDRICAL_SURFACE('',#1652,16.);
#1377=CYLINDRICAL_SURFACE('',#1654,16.);
#1378=CYLINDRICAL_SURFACE('',#1657,16.);
#1379=CYLINDRICAL_SURFACE('',#1663,19.);
#1380=CYLINDRICAL_SURFACE('',#1672,81.);
#1381=CYLINDRICAL_SURFACE('',#1678,16.);
#1382=CYLINDRICAL_SURFACE('',#1681,16.);
#1383=CYLINDRICAL_SURFACE('',#1684,16.);
#1384=CYLINDRICAL_SURFACE('',#1687,16.);
#1385=ADVANCED_FACE('',(#63),#1341,.F.);
#1386=ADVANCED_FACE('',(#64),#41,.F.);
#1387=ADVANCED_FACE('',(#65),#1342,.F.);
#1388=ADVANCED_FACE('',(#66),#1343,.F.);
#1389=ADVANCED_FACE('',(#67),#42,.F.);
#1390=ADVANCED_FACE('',(#68),#1344,.F.);
#1391=ADVANCED_FACE('',(#69),#17,.F.);
#1392=ADVANCED_FACE('',(#70),#1345,.T.);
#1393=ADVANCED_FACE('',(#71),#18,.F.);
#1394=ADVANCED_FACE('',(#72),#19,.F.);
#1395=ADVANCED_FACE('',(#73),#1346,.F.);
#1396=ADVANCED_FACE('',(#74),#20,.F.);
#1397=ADVANCED_FACE('',(#75),#1347,.F.);
#1398=ADVANCED_FACE('',(#76),#43,.F.);
#1399=ADVANCED_FACE('',(#77),#1348,.F.);
#1400=ADVANCED_FACE('',(#78),#1349,.F.);
#1401=ADVANCED_FACE('',(#79),#44,.F.);
#1402=ADVANCED_FACE('',(#80),#1350,.F.);
#1403=ADVANCED_FACE('',(#81),#21,.F.);
#1404=ADVANCED_FACE('',(#82),#1351,.T.);
#1405=ADVANCED_FACE('',(#83),#22,.F.);
#1406=ADVANCED_FACE('',(#84),#23,.F.);
#1407=ADVANCED_FACE('',(#85),#1352,.F.);
#1408=ADVANCED_FACE('',(#86),#24,.F.);
#1409=ADVANCED_FACE('',(#87),#1353,.F.);
#1410=ADVANCED_FACE('',(#88),#45,.F.);
#1411=ADVANCED_FACE('',(#89),#1354,.F.);
#1412=ADVANCED_FACE('',(#90),#1355,.F.);
#1413=ADVANCED_FACE('',(#91),#46,.F.);
#1414=ADVANCED_FACE('',(#92),#1356,.F.);
#1415=ADVANCED_FACE('',(#93),#25,.F.);
#1416=ADVANCED_FACE('',(#94),#1357,.T.);
#1417=ADVANCED_FACE('',(#95),#26,.F.);
#1418=ADVANCED_FACE('',(#96),#27,.F.);
#1419=ADVANCED_FACE('',(#97),#1358,.F.);
#1420=ADVANCED_FACE('',(#98),#28,.F.);
#1421=ADVANCED_FACE('',(#99),#47,.F.);
#1422=ADVANCED_FACE('',(#100),#1359,.F.);
#1423=ADVANCED_FACE('',(#101),#48,.F.);
#1424=ADVANCED_FACE('',(#102),#1360,.F.);
#1425=ADVANCED_FACE('',(#103),#49,.F.);
#1426=ADVANCED_FACE('',(#104),#1361,.F.);
#1427=ADVANCED_FACE('',(#105),#50,.F.);
#1428=ADVANCED_FACE('',(#106),#1362,.F.);
#1429=ADVANCED_FACE('',(#107),#1363,.T.);
#1430=ADVANCED_FACE('',(#108),#51,.T.);
#1431=ADVANCED_FACE('',(#109),#1364,.T.);
#1432=ADVANCED_FACE('',(#110),#1365,.T.);
#1433=ADVANCED_FACE('',(#111),#52,.T.);
#1434=ADVANCED_FACE('',(#112),#1366,.T.);
#1435=ADVANCED_FACE('',(#113),#29,.T.);
#1436=ADVANCED_FACE('',(#114),#1367,.F.);
#1437=ADVANCED_FACE('',(#115),#30,.T.);
#1438=ADVANCED_FACE('',(#116),#31,.T.);
#1439=ADVANCED_FACE('',(#117),#1368,.T.);
#1440=ADVANCED_FACE('',(#118),#32,.T.);
#1441=ADVANCED_FACE('',(#119),#1369,.T.);
#1442=ADVANCED_FACE('',(#120),#53,.T.);
#1443=ADVANCED_FACE('',(#121),#1370,.T.);
#1444=ADVANCED_FACE('',(#122),#1371,.T.);
#1445=ADVANCED_FACE('',(#123),#54,.T.);
#1446=ADVANCED_FACE('',(#124),#1372,.T.);
#1447=ADVANCED_FACE('',(#125),#33,.T.);
#1448=ADVANCED_FACE('',(#126),#1373,.F.);
#1449=ADVANCED_FACE('',(#127),#34,.T.);
#1450=ADVANCED_FACE('',(#128),#35,.T.);
#1451=ADVANCED_FACE('',(#129),#1374,.T.);
#1452=ADVANCED_FACE('',(#130),#36,.T.);
#1453=ADVANCED_FACE('',(#131),#1375,.T.);
#1454=ADVANCED_FACE('',(#132),#55,.T.);
#1455=ADVANCED_FACE('',(#133),#1376,.T.);
#1456=ADVANCED_FACE('',(#134),#1377,.T.);
#1457=ADVANCED_FACE('',(#135),#56,.T.);
#1458=ADVANCED_FACE('',(#136),#1378,.T.);
#1459=ADVANCED_FACE('',(#137),#37,.T.);
#1460=ADVANCED_FACE('',(#138),#1379,.F.);
#1461=ADVANCED_FACE('',(#139),#38,.T.);
#1462=ADVANCED_FACE('',(#140),#39,.T.);
#1463=ADVANCED_FACE('',(#141),#1380,.T.);
#1464=ADVANCED_FACE('',(#142),#40,.T.);
#1465=ADVANCED_FACE('',(#143),#57,.T.);
#1466=ADVANCED_FACE('',(#144),#1381,.T.);
#1467=ADVANCED_FACE('',(#145),#58,.T.);
#1468=ADVANCED_FACE('',(#146),#1382,.T.);
#1469=ADVANCED_FACE('',(#147),#59,.T.);
#1470=ADVANCED_FACE('',(#148),#1383,.T.);
#1471=ADVANCED_FACE('',(#149),#60,.T.);
#1472=ADVANCED_FACE('',(#150),#1384,.T.);
#1473=ADVANCED_FACE('',(#151,#15),#61,.T.);
#1474=ADVANCED_FACE('',(#152,#16),#62,.F.);
#1475=CLOSED_SHELL('',(#1385,#1386,#1387,#1388,#1389,#1390,#1391,#1392,
#1393,#1394,#1395,#1396,#1397,#1398,#1399,#1400,#1401,#1402,#1403,#1404,
#1405,#1406,#1407,#1408,#1409,#1410,#1411,#1412,#1413,#1414,#1415,#1416,
#1417,#1418,#1419,#1420,#1421,#1422,#1423,#1424,#1425,#1426,#1427,#1428,
#1429,#1430,#1431,#1432,#1433,#1434,#1435,#1436,#1437,#1438,#1439,#1440,
#1441,#1442,#1443,#1444,#1445,#1446,#1447,#1448,#1449,#1450,#1451,#1452,
#1453,#1454,#1455,#1456,#1457,#1458,#1459,#1460,#1461,#1462,#1463,#1464,
#1465,#1466,#1467,#1468,#1469,#1470,#1471,#1472,#1473,#1474));
#1476=DERIVED_UNIT_ELEMENT(#1478,1.);
#1477=DERIVED_UNIT_ELEMENT(#2641,-3.);
#1478=(
MASS_UNIT()
NAMED_UNIT(*)
SI_UNIT(.KILO.,.GRAM.)
);
#1479=DERIVED_UNIT((#1476,#1477));
#1480=MEASURE_REPRESENTATION_ITEM('density measure',
POSITIVE_RATIO_MEASURE(7850.),#1479);
#1481=PROPERTY_DEFINITION_REPRESENTATION(#1486,#1483);
#1482=PROPERTY_DEFINITION_REPRESENTATION(#1487,#1484);
#1483=REPRESENTATION('material name',(#1485),#2638);
#1484=REPRESENTATION('density',(#1480),#2638);
#1485=DESCRIPTIVE_REPRESENTATION_ITEM('Steel','Steel');
#1486=PROPERTY_DEFINITION('material property','material name',#2648);
#1487=PROPERTY_DEFINITION('material property','density of part',#2648);
#1488=AXIS2_PLACEMENT_3D('',#2201,#1691,#1692);
#1489=AXIS2_PLACEMENT_3D('',#2202,#1693,#1694);
#1490=AXIS2_PLACEMENT_3D('',#2205,#1695,#1696);
#1491=AXIS2_PLACEMENT_3D('',#2209,#1698,#1699);
#1492=AXIS2_PLACEMENT_3D('',#2211,#1701,#1702);
#1493=AXIS2_PLACEMENT_3D('',#2217,#1706,#1707);
#1494=AXIS2_PLACEMENT_3D('',#2219,#1708,#1709);
#1495=AXIS2_PLACEMENT_3D('',#2222,#1711,#1712);
#1496=AXIS2_PLACEMENT_3D('',#2223,#1713,#1714);
#1497=AXIS2_PLACEMENT_3D('',#2226,#1715,#1716);
#1498=AXIS2_PLACEMENT_3D('',#2230,#1718,#1719);
#1499=AXIS2_PLACEMENT_3D('',#2232,#1721,#1722);
#1500=AXIS2_PLACEMENT_3D('',#2238,#1726,#1727);
#1501=AXIS2_PLACEMENT_3D('',#2240,#1728,#1729);
#1502=AXIS2_PLACEMENT_3D('',#2243,#1731,#1732);
#1503=AXIS2_PLACEMENT_3D('',#2244,#1733,#1734);
#1504=AXIS2_PLACEMENT_3D('',#2247,#1735,#1736);
#1505=AXIS2_PLACEMENT_3D('',#2248,#1737,#1738);
#1506=AXIS2_PLACEMENT_3D('',#2249,#1739,#1740);
#1507=AXIS2_PLACEMENT_3D('',#2250,#1741,#1742);
#1508=AXIS2_PLACEMENT_3D('',#2253,#1744,#1745);
#1509=AXIS2_PLACEMENT_3D('',#2254,#1746,#1747);
#1510=AXIS2_PLACEMENT_3D('',#2256,#1748,#1749);
#1511=AXIS2_PLACEMENT_3D('',#2257,#1750,#1751);
#1512=AXIS2_PLACEMENT_3D('',#2258,#1752,#1753);
#1513=AXIS2_PLACEMENT_3D('',#2261,#1754,#1755);
#1514=AXIS2_PLACEMENT_3D('',#2262,#1756,#1757);
#1515=AXIS2_PLACEMENT_3D('',#2263,#1758,#1759);
#1516=AXIS2_PLACEMENT_3D('',#2264,#1760,#1761);
#1517=AXIS2_PLACEMENT_3D('',#2267,#1763,#1764);
#1518=AXIS2_PLACEMENT_3D('',#2268,#1765,#1766);
#1519=AXIS2_PLACEMENT_3D('',#2270,#1767,#1768);
#1520=AXIS2_PLACEMENT_3D('',#2271,#1769,#1770);
#1521=AXIS2_PLACEMENT_3D('',#2272,#1771,#1772);
#1522=AXIS2_PLACEMENT_3D('',#2275,#1773,#1774);
#1523=AXIS2_PLACEMENT_3D('',#2278,#1777,#1778);
#1524=AXIS2_PLACEMENT_3D('',#2282,#1781,#1782);
#1525=AXIS2_PLACEMENT_3D('',#2284,#1783,#1784);
#1526=AXIS2_PLACEMENT_3D('',#2286,#1786,#1787);
#1527=AXIS2_PLACEMENT_3D('',#2289,#1788,#1789);
#1528=AXIS2_PLACEMENT_3D('',#2292,#1792,#1793);
#1529=AXIS2_PLACEMENT_3D('',#2296,#1796,#1797);
#1530=AXIS2_PLACEMENT_3D('',#2298,#1798,#1799);
#1531=AXIS2_PLACEMENT_3D('',#2300,#1801,#1802);
#1532=AXIS2_PLACEMENT_3D('',#2303,#1803,#1804);
#1533=AXIS2_PLACEMENT_3D('',#2304,#1805,#1806);
#1534=AXIS2_PLACEMENT_3D('',#2305,#1807,#1808);
#1535=AXIS2_PLACEMENT_3D('',#2306,#1809,#1810);
#1536=AXIS2_PLACEMENT_3D('',#2309,#1812,#1813);
#1537=AXIS2_PLACEMENT_3D('',#2310,#1814,#1815);
#1538=AXIS2_PLACEMENT_3D('',#2312,#1816,#1817);
#1539=AXIS2_PLACEMENT_3D('',#2313,#1818,#1819);
#1540=AXIS2_PLACEMENT_3D('',#2314,#1820,#1821);
#1541=AXIS2_PLACEMENT_3D('',#2317,#1822,#1823);
#1542=AXIS2_PLACEMENT_3D('',#2318,#1824,#1825);
#1543=AXIS2_PLACEMENT_3D('',#2319,#1826,#1827);
#1544=AXIS2_PLACEMENT_3D('',#2320,#1828,#1829);
#1545=AXIS2_PLACEMENT_3D('',#2323,#1831,#1832);
#1546=AXIS2_PLACEMENT_3D('',#2324,#1833,#1834);
#1547=AXIS2_PLACEMENT_3D('',#2326,#1835,#1836);
#1548=AXIS2_PLACEMENT_3D('',#2327,#1837,#1838);
#1549=AXIS2_PLACEMENT_3D('',#2328,#1839,#1840);
#1550=AXIS2_PLACEMENT_3D('',#2331,#1841,#1842);
#1551=AXIS2_PLACEMENT_3D('',#2334,#1845,#1846);
#1552=AXIS2_PLACEMENT_3D('',#2338,#1849,#1850);
#1553=AXIS2_PLACEMENT_3D('',#2340,#1851,#1852);
#1554=AXIS2_PLACEMENT_3D('',#2342,#1854,#1855);
#1555=AXIS2_PLACEMENT_3D('',#2345,#1856,#1857);
#1556=AXIS2_PLACEMENT_3D('',#2348,#1860,#1861);
#1557=AXIS2_PLACEMENT_3D('',#2352,#1864,#1865);
#1558=AXIS2_PLACEMENT_3D('',#2354,#1866,#1867);
#1559=AXIS2_PLACEMENT_3D('',#2356,#1869,#1870);
#1560=AXIS2_PLACEMENT_3D('',#2359,#1871,#1872);
#1561=AXIS2_PLACEMENT_3D('',#2360,#1873,#1874);
#1562=AXIS2_PLACEMENT_3D('',#2361,#1875,#1876);
#1563=AXIS2_PLACEMENT_3D('',#2362,#1877,#1878);
#1564=AXIS2_PLACEMENT_3D('',#2365,#1880,#1881);
#1565=AXIS2_PLACEMENT_3D('',#2366,#1882,#1883);
#1566=AXIS2_PLACEMENT_3D('',#2368,#1884,#1885);
#1567=AXIS2_PLACEMENT_3D('',#2369,#1886,#1887);
#1568=AXIS2_PLACEMENT_3D('',#2370,#1888,#1889);
#1569=AXIS2_PLACEMENT_3D('',#2373,#1890,#1891);
#1570=AXIS2_PLACEMENT_3D('',#2374,#1892,#1893);
#1571=AXIS2_PLACEMENT_3D('',#2375,#1894,#1895);
#1572=AXIS2_PLACEMENT_3D('',#2376,#1896,#1897);
#1573=AXIS2_PLACEMENT_3D('',#2379,#1899,#1900);
#1574=AXIS2_PLACEMENT_3D('',#2380,#1901,#1902);
#1575=AXIS2_PLACEMENT_3D('',#2382,#1903,#1904);
#1576=AXIS2_PLACEMENT_3D('',#2383,#1905,#1906);
#1577=AXIS2_PLACEMENT_3D('',#2384,#1907,#1908);
#1578=AXIS2_PLACEMENT_3D('',#2391,#1913,#1914);
#1579=AXIS2_PLACEMENT_3D('',#2393,#1915,#1916);
#1580=AXIS2_PLACEMENT_3D('',#2395,#1918,#1919);
#1581=AXIS2_PLACEMENT_3D('',#2399,#1922,#1923);
#1582=AXIS2_PLACEMENT_3D('',#2401,#1924,#1925);
#1583=AXIS2_PLACEMENT_3D('',#2403,#1927,#1928);
#1584=AXIS2_PLACEMENT_3D('',#2408,#1932,#1933);
#1585=AXIS2_PLACEMENT_3D('',#2410,#1934,#1935);
#1586=AXIS2_PLACEMENT_3D('',#2412,#1937,#1938);
#1587=AXIS2_PLACEMENT_3D('',#2416,#1941,#1942);
#1588=AXIS2_PLACEMENT_3D('',#2417,#1943,#1944);
#1589=AXIS2_PLACEMENT_3D('',#2418,#1945,#1946);
#1590=AXIS2_PLACEMENT_3D('',#2421,#1947,#1948);
#1591=AXIS2_PLACEMENT_3D('',#2425,#1950,#1951);
#1592=AXIS2_PLACEMENT_3D('',#2427,#1953,#1954);
#1593=AXIS2_PLACEMENT_3D('',#2433,#1958,#1959);
#1594=AXIS2_PLACEMENT_3D('',#2435,#1960,#1961);
#1595=AXIS2_PLACEMENT_3D('',#2437,#1962,#1963);
#1596=AXIS2_PLACEMENT_3D('',#2439,#1965,#1966);
#1597=AXIS2_PLACEMENT_3D('',#2442,#1967,#1968);
#1598=AXIS2_PLACEMENT_3D('',#2446,#1970,#1971);
#1599=AXIS2_PLACEMENT_3D('',#2448,#1973,#1974);
#1600=AXIS2_PLACEMENT_3D('',#2454,#1978,#1979);
#1601=AXIS2_PLACEMENT_3D('',#2456,#1980,#1981);
#1602=AXIS2_PLACEMENT_3D('',#2458,#1982,#1983);
#1603=AXIS2_PLACEMENT_3D('',#2460,#1985,#1986);
#1604=AXIS2_PLACEMENT_3D('',#2463,#1987,#1988);
#1605=AXIS2_PLACEMENT_3D('',#2464,#1989,#1990);
#1606=AXIS2_PLACEMENT_3D('',#2465,#1991,#1992);
#1607=AXIS2_PLACEMENT_3D('',#2466,#1993,#1994);
#1608=AXIS2_PLACEMENT_3D('',#2469,#1996,#1997);
#1609=AXIS2_PLACEMENT_3D('',#2470,#1998,#1999);
#1610=AXIS2_PLACEMENT_3D('',#2472,#2000,#2001);
#1611=AXIS2_PLACEMENT_3D('',#2473,#2002,#2003);
#1612=AXIS2_PLACEMENT_3D('',#2474,#2004,#2005);
#1613=AXIS2_PLACEMENT_3D('',#2477,#2006,#2007);
#1614=AXIS2_PLACEMENT_3D('',#2478,#2008,#2009);
#1615=AXIS2_PLACEMENT_3D('',#2479,#2010,#2011);
#1616=AXIS2_PLACEMENT_3D('',#2480,#2012,#2013);
#1617=AXIS2_PLACEMENT_3D('',#2483,#2015,#2016);
#1618=AXIS2_PLACEMENT_3D('',#2484,#2017,#2018);
#1619=AXIS2_PLACEMENT_3D('',#2486,#2019,#2020);
#1620=AXIS2_PLACEMENT_3D('',#2487,#2021,#2022);
#1621=AXIS2_PLACEMENT_3D('',#2488,#2023,#2024);
#1622=AXIS2_PLACEMENT_3D('',#2491,#2025,#2026);
#1623=AXIS2_PLACEMENT_3D('',#2494,#2029,#2030);
#1624=AXIS2_PLACEMENT_3D('',#2498,#2033,#2034);
#1625=AXIS2_PLACEMENT_3D('',#2500,#2035,#2036);
#1626=AXIS2_PLACEMENT_3D('',#2502,#2038,#2039);
#1627=AXIS2_PLACEMENT_3D('',#2505,#2040,#2041);
#1628=AXIS2_PLACEMENT_3D('',#2508,#2044,#2045);
#1629=AXIS2_PLACEMENT_3D('',#2512,#2048,#2049);
#1630=AXIS2_PLACEMENT_3D('',#2514,#2050,#2051);
#1631=AXIS2_PLACEMENT_3D('',#2516,#2053,#2054);
#1632=AXIS2_PLACEMENT_3D('',#2519,#2055,#2056);
#1633=AXIS2_PLACEMENT_3D('',#2520,#2057,#2058);
#1634=AXIS2_PLACEMENT_3D('',#2521,#2059,#2060);
#1635=AXIS2_PLACEMENT_3D('',#2522,#2061,#2062);
#1636=AXIS2_PLACEMENT_3D('',#2525,#2064,#2065);
#1637=AXIS2_PLACEMENT_3D('',#2526,#2066,#2067);
#1638=AXIS2_PLACEMENT_3D('',#2528,#2068,#2069);
#1639=AXIS2_PLACEMENT_3D('',#2529,#2070,#2071);
#1640=AXIS2_PLACEMENT_3D('',#2530,#2072,#2073);
#1641=AXIS2_PLACEMENT_3D('',#2533,#2074,#2075);
#1642=AXIS2_PLACEMENT_3D('',#2534,#2076,#2077);
#1643=AXIS2_PLACEMENT_3D('',#2535,#2078,#2079);
#1644=AXIS2_PLACEMENT_3D('',#2536,#2080,#2081);
#1645=AXIS2_PLACEMENT_3D('',#2539,#2083,#2084);
#1646=AXIS2_PLACEMENT_3D('',#2540,#2085,#2086);
#1647=AXIS2_PLACEMENT_3D('',#2542,#2087,#2088);
#1648=AXIS2_PLACEMENT_3D('',#2543,#2089,#2090);
#1649=AXIS2_PLACEMENT_3D('',#2544,#2091,#2092);
#1650=AXIS2_PLACEMENT_3D('',#2547,#2093,#2094);
#1651=AXIS2_PLACEMENT_3D('',#2550,#2097,#2098);
#1652=AXIS2_PLACEMENT_3D('',#2554,#2101,#2102);
#1653=AXIS2_PLACEMENT_3D('',#2556,#2103,#2104);
#1654=AXIS2_PLACEMENT_3D('',#2558,#2106,#2107);
#1655=AXIS2_PLACEMENT_3D('',#2561,#2108,#2109);
#1656=AXIS2_PLACEMENT_3D('',#2564,#2112,#2113);
#1657=AXIS2_PLACEMENT_3D('',#2568,#2116,#2117);
#1658=AXIS2_PLACEMENT_3D('',#2570,#2118,#2119);
#1659=AXIS2_PLACEMENT_3D('',#2572,#2121,#2122);
#1660=AXIS2_PLACEMENT_3D('',#2575,#2123,#2124);
#1661=AXIS2_PLACEMENT_3D('',#2576,#2125,#2126);
#1662=AXIS2_PLACEMENT_3D('',#2577,#2127,#2128);
#1663=AXIS2_PLACEMENT_3D('',#2578,#2129,#2130);
#1664=AXIS2_PLACEMENT_3D('',#2581,#2132,#2133);
#1665=AXIS2_PLACEMENT_3D('',#2582,#2134,#2135);
#1666=AXIS2_PLACEMENT_3D('',#2584,#2136,#2137);
#1667=AXIS2_PLACEMENT_3D('',#2585,#2138,#2139);
#1668=AXIS2_PLACEMENT_3D('',#2586,#2140,#2141);
#1669=AXIS2_PLACEMENT_3D('',#2589,#2142,#2143);
#1670=AXIS2_PLACEMENT_3D('',#2590,#2144,#2145);
#1671=AXIS2_PLACEMENT_3D('',#2591,#2146,#2147);
#1672=AXIS2_PLACEMENT_3D('',#2592,#2148,#2149);
#1673=AXIS2_PLACEMENT_3D('',#2595,#2151,#2152);
#1674=AXIS2_PLACEMENT_3D('',#2596,#2153,#2154);
#1675=AXIS2_PLACEMENT_3D('',#2598,#2155,#2156);
#1676=AXIS2_PLACEMENT_3D('',#2599,#2157,#2158);
#1677=AXIS2_PLACEMENT_3D('',#2600,#2159,#2160);
#1678=AXIS2_PLACEMENT_3D('',#2607,#2165,#2166);
#1679=AXIS2_PLACEMENT_3D('',#2609,#2167,#2168);
#1680=AXIS2_PLACEMENT_3D('',#2611,#2170,#2171);
#1681=AXIS2_PLACEMENT_3D('',#2615,#2174,#2175);
#1682=AXIS2_PLACEMENT_3D('',#2617,#2176,#2177);
#1683=AXIS2_PLACEMENT_3D('',#2619,#2179,#2180);
#1684=AXIS2_PLACEMENT_3D('',#2624,#2184,#2185);
#1685=AXIS2_PLACEMENT_3D('',#2626,#2186,#2187);
#1686=AXIS2_PLACEMENT_3D('',#2628,#2189,#2190);
#1687=AXIS2_PLACEMENT_3D('',#2632,#2193,#2194);
#1688=AXIS2_PLACEMENT_3D('',#2633,#2195,#2196);
#1689=AXIS2_PLACEMENT_3D('',#2634,#2197,#2198);
#1690=AXIS2_PLACEMENT_3D('',#2635,#2199,#2200);
#1691=DIRECTION('axis',(0.,0.,1.));
#1692=DIRECTION('refdir',(1.,0.,0.));
#1693=DIRECTION('center_axis',(-1.,0.,0.));
#1694=DIRECTION('ref_axis',(0.,1.,8.88178419700126E-16));
#1695=DIRECTION('center_axis',(-1.,-1.83697019872103E-16,0.));
#1696=DIRECTION('ref_axis',(-1.83697019872103E-16,1.,8.88178419700126E-16));
#1697=DIRECTION('',(-1.,0.,0.));
#1698=DIRECTION('center_axis',(1.,1.83697019872103E-16,0.));
#1699=DIRECTION('ref_axis',(0.,1.,8.88178419700126E-16));
#1700=DIRECTION('',(-1.,0.,0.));
#1701=DIRECTION('center_axis',(0.,1.,0.));
#1702=DIRECTION('ref_axis',(0.,0.,-1.));
#1703=DIRECTION('',(0.,0.,-1.));
#1704=DIRECTION('',(-1.,0.,0.));
#1705=DIRECTION('',(0.,0.,1.));
#1706=DIRECTION('center_axis',(-1.,0.,0.));
#1707=DIRECTION('ref_axis',(0.,-8.88178419700126E-16,1.));
#1708=DIRECTION('center_axis',(-1.,-1.83697019872103E-16,0.));
#1709=DIRECTION('ref_axis',(1.63155728813627E-31,-8.88178419700126E-16,
1.));
#1710=DIRECTION('',(-1.,0.,0.));
#1711=DIRECTION('center_axis',(1.,1.83697019872103E-16,0.));
#1712=DIRECTION('ref_axis',(0.,-8.88178419700126E-16,1.));
#1713=DIRECTION('center_axis',(-1.,0.,0.));
#1714=DIRECTION('ref_axis',(0.,-1.,-8.88178419700126E-16));
#1715=DIRECTION('center_axis',(-1.,-1.83697019872103E-16,0.));
#1716=DIRECTION('ref_axis',(1.83697019872103E-16,-1.,-8.88178419700126E-16));
#1717=DIRECTION('',(-1.,0.,0.));
#1718=DIRECTION('center_axis',(1.,1.83697019872103E-16,0.));
#1719=DIRECTION('ref_axis',(0.,-1.,-8.88178419700126E-16));
#1720=DIRECTION('',(-1.,0.,0.));
#1721=DIRECTION('center_axis',(0.,-1.,0.));
#1722=DIRECTION('ref_axis',(0.,0.,1.));
#1723=DIRECTION('',(0.,0.,1.));
#1724=DIRECTION('',(-1.,0.,0.));
#1725=DIRECTION('',(0.,0.,-1.));
#1726=DIRECTION('center_axis',(-1.,0.,0.));
#1727=DIRECTION('ref_axis',(0.,1.11022302462516E-15,-1.));
#1728=DIRECTION('center_axis',(-1.,-1.83697019872103E-16,0.));
#1729=DIRECTION('ref_axis',(-2.03944661017034E-31,1.11022302462516E-15,
-1.));
#1730=DIRECTION('',(-1.,0.,0.));
#1731=DIRECTION('center_axis',(1.,1.83697019872103E-16,0.));
#1732=DIRECTION('ref_axis',(0.,1.11022302462516E-15,-1.));
#1733=DIRECTION('center_axis',(0.,0.,-1.));
#1734=DIRECTION('ref_axis',(-1.,0.,0.));
#1735=DIRECTION('center_axis',(3.44509284839767E-16,-1.,0.));
#1736=DIRECTION('ref_axis',(-1.,-3.44509284839767E-16,8.88178419700126E-16));
#1737=DIRECTION('center_axis',(0.,0.,-1.));
#1738=DIRECTION('ref_axis',(1.,-8.88178419700124E-16,0.));
#1739=DIRECTION('center_axis',(0.,0.,-1.));
#1740=DIRECTION('ref_axis',(1.,9.86864910777917E-17,0.));
#1741=DIRECTION('center_axis',(0.,0.,-1.));
#1742=DIRECTION('ref_axis',(1.,7.40148683083438E-17,0.));
#1743=DIRECTION('',(0.,0.,-1.));
#1744=DIRECTION('center_axis',(0.,0.,-1.));
#1745=DIRECTION('ref_axis',(1.,-8.88178419700124E-16,0.));
#1746=DIRECTION('center_axis',(0.,0.,-1.));
#1747=DIRECTION('ref_axis',(-1.,0.,0.));
#1748=DIRECTION('center_axis',(3.44509284839767E-16,-1.,0.));
#1749=DIRECTION('ref_axis',(8.88178419700126E-16,3.05985712181005E-31,1.));
#1750=DIRECTION('center_axis',(0.,0.,-1.));
#1751=DIRECTION('ref_axis',(1.,9.86864910777917E-17,0.));
#1752=DIRECTION('center_axis',(0.,0.,-1.));
#1753=DIRECTION('ref_axis',(-1.,0.,0.));
#1754=DIRECTION('center_axis',(3.44509284839767E-16,-1.,0.));
#1755=DIRECTION('ref_axis',(1.,3.44509284839767E-16,-8.88178419700126E-16));
#1756=DIRECTION('center_axis',(0.,0.,-1.));
#1757=DIRECTION('ref_axis',(1.,-3.1347473636475E-16,0.));
#1758=DIRECTION('center_axis',(0.,0.,-1.));
#1759=DIRECTION('ref_axis',(1.,-2.368475785867E-16,0.));
#1760=DIRECTION('center_axis',(0.,0.,-1.));
#1761=DIRECTION('ref_axis',(1.,7.40148683083438E-17,0.));
#1762=DIRECTION('',(0.,0.,1.));
#1763=DIRECTION('center_axis',(0.,0.,-1.));
#1764=DIRECTION('ref_axis',(1.,-3.1347473636475E-16,0.));
#1765=DIRECTION('center_axis',(0.,0.,-1.));
#1766=DIRECTION('ref_axis',(-1.,0.,0.));
#1767=DIRECTION('center_axis',(3.44509284839767E-16,-1.,0.));
#1768=DIRECTION('ref_axis',(-1.11022302462516E-15,-3.82482140226256E-31,
-1.));
#1769=DIRECTION('center_axis',(0.,0.,-1.));
#1770=DIRECTION('ref_axis',(1.,-2.368475785867E-16,0.));
#1771=DIRECTION('center_axis',(0.,-1.,0.));
#1772=DIRECTION('ref_axis',(-1.,0.,8.88178419700126E-16));
#1773=DIRECTION('center_axis',(3.44509284839767E-16,-1.,0.));
#1774=DIRECTION('ref_axis',(-1.,-3.44509284839767E-16,8.88178419700126E-16));
#1775=DIRECTION('',(0.,-1.,0.));
#1776=DIRECTION('',(0.,-1.,0.));
#1777=DIRECTION('center_axis',(-1.,0.,0.));
#1778=DIRECTION('ref_axis',(0.,0.,-1.));
#1779=DIRECTION('',(0.,0.,-1.));
#1780=DIRECTION('',(0.,-1.,0.));
#1781=DIRECTION('center_axis',(0.,-1.,0.));
#1782=DIRECTION('ref_axis',(8.88178419700126E-16,0.,1.));
#1783=DIRECTION('center_axis',(3.44509284839767E-16,-1.,0.));
#1784=DIRECTION('ref_axis',(8.88178419700126E-16,3.05985712181005E-31,1.));
#1785=DIRECTION('',(0.,-1.,0.));
#1786=DIRECTION('center_axis',(0.,-1.,0.));
#1787=DIRECTION('ref_axis',(1.,0.,-8.88178419700126E-16));
#1788=DIRECTION('center_axis',(3.44509284839767E-16,-1.,0.));
#1789=DIRECTION('ref_axis',(1.,3.44509284839767E-16,-8.88178419700126E-16));
#1790=DIRECTION('',(0.,-1.,0.));
#1791=DIRECTION('',(0.,-1.,0.));
#1792=DIRECTION('center_axis',(1.,0.,0.));
#1793=DIRECTION('ref_axis',(0.,0.,1.));
#1794=DIRECTION('',(0.,0.,1.));
#1795=DIRECTION('',(0.,-1.,0.));
#1796=DIRECTION('center_axis',(0.,-1.,0.));
#1797=DIRECTION('ref_axis',(-1.11022302462516E-15,0.,-1.));
#1798=DIRECTION('center_axis',(3.44509284839767E-16,-1.,0.));
#1799=DIRECTION('ref_axis',(-1.11022302462516E-15,-3.82482140226256E-31,
-1.));
#1800=DIRECTION('',(0.,-1.,0.));
#1801=DIRECTION('center_axis',(0.,0.,-1.));
#1802=DIRECTION('ref_axis',(-1.,0.,0.));
#1803=DIRECTION('center_axis',(1.,2.83276944882399E-16,0.));
#1804=DIRECTION('ref_axis',(2.83276944882399E-16,-1.,8.88178419700126E-16));
#1805=DIRECTION('center_axis',(-4.28850477329429E-16,-4.28850477329429E-16,
-1.));
#1806=DIRECTION('ref_axis',(0.,1.,-4.44089209850063E-16));
#1807=DIRECTION('center_axis',(-3.0632176952102E-16,-3.06321769521021E-16,
-1.));
#1808=DIRECTION('ref_axis',(-1.01506105108586E-15,1.,-2.53765262771464E-16));
#1809=DIRECTION('center_axis',(0.,0.,-1.));
#1810=DIRECTION('ref_axis',(0.,1.,0.));
#1811=DIRECTION('',(0.,0.,-1.));
#1812=DIRECTION('center_axis',(4.28850477329429E-16,4.28850477329429E-16,
-1.));
#1813=DIRECTION('ref_axis',(0.,1.,4.44089209850063E-16));
#1814=DIRECTION('center_axis',(0.,0.,-1.));
#1815=DIRECTION('ref_axis',(-1.,0.,0.));
#1816=DIRECTION('center_axis',(1.,2.83276944882399E-16,0.));
#1817=DIRECTION('ref_axis',(-2.51600469243129E-31,8.88178419700126E-16,
1.));
#1818=DIRECTION('center_axis',(3.0632176952102E-16,3.06321769521021E-16,
-1.));
#1819=DIRECTION('ref_axis',(-1.01506105108586E-15,1.,2.53765262771464E-16));
#1820=DIRECTION('center_axis',(0.,0.,-1.));
#1821=DIRECTION('ref_axis',(-1.,0.,0.));
#1822=DIRECTION('center_axis',(1.,2.83276944882399E-16,0.));
#1823=DIRECTION('ref_axis',(-2.83276944882399E-16,1.,-8.88178419700126E-16));
#1824=DIRECTION('center_axis',(1.4295015910981E-16,1.4295015910981E-16,
-1.));
#1825=DIRECTION('ref_axis',(-2.368475785867E-16,1.,1.48029736616687E-16));
#1826=DIRECTION('center_axis',(1.6494249128055E-16,1.6494249128055E-16,
-1.));
#1827=DIRECTION('ref_axis',(-2.73285667600039E-16,1.,1.36642833800019E-16));
#1828=DIRECTION('center_axis',(0.,0.,-1.));
#1829=DIRECTION('ref_axis',(0.,1.,0.));
#1830=DIRECTION('',(0.,0.,1.));
#1831=DIRECTION('center_axis',(-1.4295015910981E-16,-1.4295015910981E-16,
-1.));
#1832=DIRECTION('ref_axis',(-2.368475785867E-16,1.,-1.48029736616687E-16));
#1833=DIRECTION('center_axis',(0.,0.,-1.));
#1834=DIRECTION('ref_axis',(-1.,0.,0.));
#1835=DIRECTION('center_axis',(1.,2.83276944882399E-16,0.));
#1836=DIRECTION('ref_axis',(3.14500586553911E-31,-1.11022302462516E-15,
-1.));
#1837=DIRECTION('center_axis',(-1.6494249128055E-16,-1.6494249128055E-16,
-1.));
#1838=DIRECTION('ref_axis',(-2.73285667600039E-16,1.,-1.36642833800019E-16));
#1839=DIRECTION('center_axis',(1.,0.,0.));
#1840=DIRECTION('ref_axis',(0.,-1.,8.88178419700126E-16));
#1841=DIRECTION('center_axis',(1.,2.83276944882399E-16,0.));
#1842=DIRECTION('ref_axis',(2.83276944882399E-16,-1.,8.88178419700126E-16));
#1843=DIRECTION('',(1.,0.,0.));
#1844=DIRECTION('',(1.,0.,0.));
#1845=DIRECTION('center_axis',(0.,-1.,0.));
#1846=DIRECTION('ref_axis',(0.,0.,-1.));
#1847=DIRECTION('',(0.,0.,-1.));
#1848=DIRECTION('',(1.,0.,0.));
#1849=DIRECTION('center_axis',(1.,0.,0.));
#1850=DIRECTION('ref_axis',(0.,8.88178419700126E-16,1.));
#1851=DIRECTION('center_axis',(1.,2.83276944882399E-16,0.));
#1852=DIRECTION('ref_axis',(-2.51600469243129E-31,8.88178419700126E-16,
1.));
#1853=DIRECTION('',(1.,0.,0.));
#1854=DIRECTION('center_axis',(1.,0.,0.));
#1855=DIRECTION('ref_axis',(0.,1.,-8.88178419700126E-16));
#1856=DIRECTION('center_axis',(1.,2.83276944882399E-16,0.));
#1857=DIRECTION('ref_axis',(-2.83276944882399E-16,1.,-8.88178419700126E-16));
#1858=DIRECTION('',(1.,0.,0.));
#1859=DIRECTION('',(1.,0.,0.));
#1860=DIRECTION('center_axis',(0.,1.,0.));
#1861=DIRECTION('ref_axis',(0.,0.,1.));
#1862=DIRECTION('',(0.,0.,1.));
#1863=DIRECTION('',(1.,0.,0.));
#1864=DIRECTION('center_axis',(1.,0.,0.));
#1865=DIRECTION('ref_axis',(0.,-1.11022302462516E-15,-1.));
#1866=DIRECTION('center_axis',(1.,2.83276944882399E-16,0.));
#1867=DIRECTION('ref_axis',(3.14500586553911E-31,-1.11022302462516E-15,
-1.));
#1868=DIRECTION('',(1.,0.,0.));
#1869=DIRECTION('center_axis',(0.,0.,-1.));
#1870=DIRECTION('ref_axis',(-1.,0.,0.));
#1871=DIRECTION('center_axis',(0.,1.,0.));
#1872=DIRECTION('ref_axis',(1.,0.,8.88178419700126E-16));
#1873=DIRECTION('center_axis',(0.,0.,-1.));
#1874=DIRECTION('ref_axis',(-1.,0.,0.));
#1875=DIRECTION('center_axis',(0.,0.,-1.));
#1876=DIRECTION('ref_axis',(-1.,-1.01506105108586E-15,0.));
#1877=DIRECTION('center_axis',(0.,0.,-1.));
#1878=DIRECTION('ref_axis',(-1.,0.,0.));
#1879=DIRECTION('',(0.,0.,-1.));
#1880=DIRECTION('center_axis',(0.,0.,-1.));
#1881=DIRECTION('ref_axis',(-1.,0.,0.));
#1882=DIRECTION('center_axis',(0.,0.,-1.));
#1883=DIRECTION('ref_axis',(-1.,0.,0.));
#1884=DIRECTION('center_axis',(0.,1.,0.));
#1885=DIRECTION('ref_axis',(-8.88178419700126E-16,0.,1.));
#1886=DIRECTION('center_axis',(0.,0.,-1.));
#1887=DIRECTION('ref_axis',(-1.,-1.01506105108586E-15,0.));
#1888=DIRECTION('center_axis',(0.,0.,-1.));
#1889=DIRECTION('ref_axis',(-1.,0.,0.));
#1890=DIRECTION('center_axis',(0.,1.,0.));
#1891=DIRECTION('ref_axis',(-1.,0.,-8.88178419700126E-16));
#1892=DIRECTION('center_axis',(0.,0.,-1.));
#1893=DIRECTION('ref_axis',(-1.,-4.736951571734E-16,0.));
#1894=DIRECTION('center_axis',(0.,0.,-1.));
#1895=DIRECTION('ref_axis',(-1.,-5.46571335200077E-16,0.));
#1896=DIRECTION('center_axis',(0.,0.,-1.));
#1897=DIRECTION('ref_axis',(-1.,0.,0.));
#1898=DIRECTION('',(0.,0.,1.));
#1899=DIRECTION('center_axis',(0.,0.,-1.));
#1900=DIRECTION('ref_axis',(-1.,-4.736951571734E-16,0.));
#1901=DIRECTION('center_axis',(0.,0.,-1.));
#1902=DIRECTION('ref_axis',(-1.,0.,0.));
#1903=DIRECTION('center_axis',(0.,1.,0.));
#1904=DIRECTION('ref_axis',(1.11022302462516E-15,0.,-1.));
#1905=DIRECTION('center_axis',(0.,0.,-1.));
#1906=DIRECTION('ref_axis',(-1.,-5.46571335200077E-16,0.));
#1907=DIRECTION('center_axis',(0.,0.,-1.));
#1908=DIRECTION('ref_axis',(-1.,0.,0.));
#1909=DIRECTION('',(-1.,0.,0.));
#1910=DIRECTION('',(0.,1.,0.));
#1911=DIRECTION('',(-1.83697019872103E-16,1.,0.));
#1912=DIRECTION('',(0.,1.,0.));
#1913=DIRECTION('center_axis',(0.,1.,0.));
#1914=DIRECTION('ref_axis',(1.,0.,8.88178419700126E-16));
#1915=DIRECTION('center_axis',(0.,1.,0.));
#1916=DIRECTION('ref_axis',(1.,0.,8.88178419700126E-16));
#1917=DIRECTION('',(0.,1.,0.));
#1918=DIRECTION('center_axis',(1.,0.,0.));
#1919=DIRECTION('ref_axis',(0.,0.,-1.));
#1920=DIRECTION('',(0.,0.,-1.));
#1921=DIRECTION('',(0.,1.,0.));
#1922=DIRECTION('center_axis',(0.,1.,0.));
#1923=DIRECTION('ref_axis',(-8.88178419700126E-16,0.,1.));
#1924=DIRECTION('center_axis',(0.,1.,0.));
#1925=DIRECTION('ref_axis',(-8.88178419700126E-16,0.,1.));
#1926=DIRECTION('',(0.,1.,0.));
#1927=DIRECTION('center_axis',(0.,0.,1.));
#1928=DIRECTION('ref_axis',(1.,0.,0.));
#1929=DIRECTION('',(1.,0.,0.));
#1930=DIRECTION('',(0.,1.,0.));
#1931=DIRECTION('',(1.83697019872103E-16,-1.,0.));
#1932=DIRECTION('center_axis',(0.,1.,0.));
#1933=DIRECTION('ref_axis',(-1.,0.,-8.88178419700126E-16));
#1934=DIRECTION('center_axis',(0.,1.,0.));
#1935=DIRECTION('ref_axis',(-1.,0.,-8.88178419700126E-16));
#1936=DIRECTION('',(0.,1.,0.));
#1937=DIRECTION('center_axis',(-1.,0.,0.));
#1938=DIRECTION('ref_axis',(0.,0.,1.));
#1939=DIRECTION('',(0.,0.,1.));
#1940=DIRECTION('',(0.,1.,0.));
#1941=DIRECTION('center_axis',(0.,1.,0.));
#1942=DIRECTION('ref_axis',(1.11022302462516E-15,0.,-1.));
#1943=DIRECTION('center_axis',(0.,1.,0.));
#1944=DIRECTION('ref_axis',(1.11022302462516E-15,0.,-1.));
#1945=DIRECTION('center_axis',(-1.,0.,0.));
#1946=DIRECTION('ref_axis',(0.,1.,5.55111512312579E-16));
#1947=DIRECTION('center_axis',(-1.,-1.83697019872103E-16,0.));
#1948=DIRECTION('ref_axis',(-1.83697019872103E-16,1.,5.55111512312579E-16));
#1949=DIRECTION('',(-1.,0.,0.));
#1950=DIRECTION('center_axis',(-1.,-1.83697019872103E-16,0.));
#1951=DIRECTION('ref_axis',(-1.83697019872103E-16,1.,5.55111512312579E-16));
#1952=DIRECTION('',(-1.,0.,0.));
#1953=DIRECTION('center_axis',(0.,1.,0.));
#1954=DIRECTION('ref_axis',(0.,0.,-1.));
#1955=DIRECTION('',(0.,0.,-1.));
#1956=DIRECTION('',(0.,0.,-1.));
#1957=DIRECTION('',(-1.,0.,0.));
#1958=DIRECTION('center_axis',(-1.,0.,0.));
#1959=DIRECTION('ref_axis',(0.,-5.55111512312579E-16,1.));
#1960=DIRECTION('center_axis',(-1.,-1.83697019872103E-16,0.));
#1961=DIRECTION('ref_axis',(1.01972330508517E-31,-5.55111512312579E-16,
1.));
#1962=DIRECTION('center_axis',(-1.,-1.83697019872103E-16,0.));
#1963=DIRECTION('ref_axis',(1.01972330508517E-31,-5.55111512312579E-16,
1.));
#1964=DIRECTION('',(-1.,0.,0.));
#1965=DIRECTION('center_axis',(-1.,0.,0.));
#1966=DIRECTION('ref_axis',(0.,-1.,-5.55111512312579E-16));
#1967=DIRECTION('center_axis',(-1.,-1.83697019872103E-16,0.));
#1968=DIRECTION('ref_axis',(1.83697019872103E-16,-1.,-5.55111512312579E-16));
#1969=DIRECTION('',(-1.,0.,0.));
#1970=DIRECTION('center_axis',(-1.,-1.83697019872103E-16,0.));
#1971=DIRECTION('ref_axis',(1.83697019872103E-16,-1.,-5.55111512312579E-16));
#1972=DIRECTION('',(-1.,0.,0.));
#1973=DIRECTION('center_axis',(0.,-1.,0.));
#1974=DIRECTION('ref_axis',(0.,0.,1.));
#1975=DIRECTION('',(0.,0.,1.));
#1976=DIRECTION('',(0.,0.,1.));
#1977=DIRECTION('',(-1.,0.,0.));
#1978=DIRECTION('center_axis',(-1.,0.,0.));
#1979=DIRECTION('ref_axis',(0.,6.93889390390723E-16,-1.));
#1980=DIRECTION('center_axis',(-1.,-1.83697019872103E-16,0.));
#1981=DIRECTION('ref_axis',(-1.27465413135646E-31,6.93889390390723E-16,
-1.));
#1982=DIRECTION('center_axis',(-1.,-1.83697019872103E-16,0.));
#1983=DIRECTION('ref_axis',(-1.27465413135646E-31,6.93889390390723E-16,
-1.));
#1984=DIRECTION('',(-1.,0.,0.));
#1985=DIRECTION('center_axis',(0.,0.,-1.));
#1986=DIRECTION('ref_axis',(-1.,0.,0.));
#1987=DIRECTION('center_axis',(3.44509284839767E-16,-1.,0.));
#1988=DIRECTION('ref_axis',(-1.,-3.44509284839767E-16,5.55111512312579E-16));
#1989=DIRECTION('center_axis',(0.,0.,-1.));
#1990=DIRECTION('ref_axis',(1.,9.86864910777917E-17,0.));
#1991=DIRECTION('center_axis',(0.,0.,-1.));
#1992=DIRECTION('ref_axis',(1.,-2.29701315439687E-15,0.));
#1993=DIRECTION('center_axis',(0.,0.,-1.));
#1994=DIRECTION('ref_axis',(1.,7.40148683083438E-17,0.));
#1995=DIRECTION('',(0.,0.,-1.));
#1996=DIRECTION('center_axis',(0.,0.,-1.));
#1997=DIRECTION('ref_axis',(1.,-2.29701315439687E-15,0.));
#1998=DIRECTION('center_axis',(0.,0.,-1.));
#1999=DIRECTION('ref_axis',(-1.,0.,0.));
#2000=DIRECTION('center_axis',(3.44509284839767E-16,-1.,0.));
#2001=DIRECTION('ref_axis',(5.55111512312579E-16,1.91241070113128E-31,1.));
#2002=DIRECTION('center_axis',(0.,0.,-1.));
#2003=DIRECTION('ref_axis',(1.,9.86864910777917E-17,0.));
#2004=DIRECTION('center_axis',(0.,0.,-1.));
#2005=DIRECTION('ref_axis',(-1.,0.,0.));
#2006=DIRECTION('center_axis',(3.44509284839767E-16,-1.,0.));
#2007=DIRECTION('ref_axis',(1.,3.44509284839767E-16,-5.55111512312579E-16));
#2008=DIRECTION('center_axis',(0.,0.,-1.));
#2009=DIRECTION('ref_axis',(1.,-2.368475785867E-16,0.));
#2010=DIRECTION('center_axis',(0.,0.,-1.));
#2011=DIRECTION('ref_axis',(1.,-1.95204048285742E-16,0.));
#2012=DIRECTION('center_axis',(0.,0.,-1.));
#2013=DIRECTION('ref_axis',(1.,7.40148683083438E-17,0.));
#2014=DIRECTION('',(0.,0.,1.));
#2015=DIRECTION('center_axis',(0.,0.,-1.));
#2016=DIRECTION('ref_axis',(1.,-1.95204048285742E-16,0.));
#2017=DIRECTION('center_axis',(0.,0.,-1.));
#2018=DIRECTION('ref_axis',(-1.,0.,0.));
#2019=DIRECTION('center_axis',(3.44509284839767E-16,-1.,0.));
#2020=DIRECTION('ref_axis',(-6.93889390390723E-16,-2.3905133764141E-31,
-1.));
#2021=DIRECTION('center_axis',(0.,0.,-1.));
#2022=DIRECTION('ref_axis',(1.,-2.368475785867E-16,0.));
#2023=DIRECTION('center_axis',(0.,-1.,0.));
#2024=DIRECTION('ref_axis',(-1.,0.,5.55111512312579E-16));
#2025=DIRECTION('center_axis',(3.44509284839767E-16,-1.,0.));
#2026=DIRECTION('ref_axis',(-1.,-3.44509284839767E-16,5.55111512312579E-16));
#2027=DIRECTION('',(0.,-1.,0.));
#2028=DIRECTION('',(0.,-1.,0.));
#2029=DIRECTION('center_axis',(-1.,0.,0.));
#2030=DIRECTION('ref_axis',(0.,0.,-1.));
#2031=DIRECTION('',(0.,0.,-1.));
#2032=DIRECTION('',(0.,-1.,0.));
#2033=DIRECTION('center_axis',(0.,-1.,0.));
#2034=DIRECTION('ref_axis',(5.55111512312579E-16,0.,1.));
#2035=DIRECTION('center_axis',(3.44509284839767E-16,-1.,0.));
#2036=DIRECTION('ref_axis',(5.55111512312579E-16,1.91241070113128E-31,1.));
#2037=DIRECTION('',(0.,-1.,0.));
#2038=DIRECTION('center_axis',(0.,-1.,0.));
#2039=DIRECTION('ref_axis',(1.,0.,-5.55111512312579E-16));
#2040=DIRECTION('center_axis',(3.44509284839767E-16,-1.,0.));
#2041=DIRECTION('ref_axis',(1.,3.44509284839767E-16,-5.55111512312579E-16));
#2042=DIRECTION('',(0.,-1.,0.));
#2043=DIRECTION('',(0.,-1.,0.));
#2044=DIRECTION('center_axis',(1.,0.,0.));
#2045=DIRECTION('ref_axis',(0.,0.,1.));
#2046=DIRECTION('',(0.,0.,1.));
#2047=DIRECTION('',(0.,-1.,0.));
#2048=DIRECTION('center_axis',(0.,-1.,0.));
#2049=DIRECTION('ref_axis',(-6.93889390390723E-16,0.,-1.));
#2050=DIRECTION('center_axis',(3.44509284839767E-16,-1.,0.));
#2051=DIRECTION('ref_axis',(-6.93889390390723E-16,-2.3905133764141E-31,
-1.));
#2052=DIRECTION('',(0.,-1.,0.));
#2053=DIRECTION('center_axis',(0.,0.,-1.));
#2054=DIRECTION('ref_axis',(-1.,0.,0.));
#2055=DIRECTION('center_axis',(1.,2.83276944882399E-16,0.));
#2056=DIRECTION('ref_axis',(2.83276944882399E-16,-1.,5.55111512312579E-16));
#2057=DIRECTION('center_axis',(-6.12643539042041E-16,-6.12643539042041E-16,
-1.));
#2058=DIRECTION('ref_axis',(-1.01506105108586E-15,1.,-6.34413156928661E-16));
#2059=DIRECTION('center_axis',(-5.64276943854511E-16,-5.6427694385451E-16,
-1.));
#2060=DIRECTION('ref_axis',(-1.86984930463185E-15,1.,-5.84327907697452E-16));
#2061=DIRECTION('center_axis',(0.,0.,-1.));
#2062=DIRECTION('ref_axis',(0.,1.,0.));
#2063=DIRECTION('',(0.,0.,-1.));
#2064=DIRECTION('center_axis',(2.82138471927255E-16,2.82138471927255E-16,
-1.));
#2065=DIRECTION('ref_axis',(-1.86984930463185E-15,1.,2.33731163078981E-16));
#2066=DIRECTION('center_axis',(0.,0.,-1.));
#2067=DIRECTION('ref_axis',(-1.,0.,0.));
#2068=DIRECTION('center_axis',(1.,2.83276944882399E-16,0.));
#2069=DIRECTION('ref_axis',(-1.57250293276955E-31,5.55111512312579E-16,
1.));
#2070=DIRECTION('center_axis',(6.12643539042041E-16,6.12643539042041E-16,
-1.));
#2071=DIRECTION('ref_axis',(-1.01506105108586E-15,1.,6.34413156928661E-16));
#2072=DIRECTION('center_axis',(0.,0.,-1.));
#2073=DIRECTION('ref_axis',(-1.,0.,0.));
#2074=DIRECTION('center_axis',(1.,2.83276944882399E-16,0.));
#2075=DIRECTION('ref_axis',(-2.83276944882399E-16,1.,-5.55111512312579E-16));
#2076=DIRECTION('center_axis',(3.29884982561099E-16,3.29884982561099E-16,
-1.));
#2077=DIRECTION('ref_axis',(-2.73285667600039E-16,1.,3.41607084500048E-16));
#2078=DIRECTION('center_axis',(1.32361258435009E-16,1.32361258435009E-16,
-1.));
#2079=DIRECTION('ref_axis',(-8.77213254024815E-16,1.,1.37064570941377E-16));
#2080=DIRECTION('center_axis',(0.,0.,-1.));
#2081=DIRECTION('ref_axis',(0.,1.,0.));
#2082=DIRECTION('',(0.,0.,1.));
#2083=DIRECTION('center_axis',(-6.61806292175044E-17,-6.61806292175045E-17,
-1.));
#2084=DIRECTION('ref_axis',(-8.77213254024815E-16,1.,-5.48258283765509E-17));
#2085=DIRECTION('center_axis',(0.,0.,-1.));
#2086=DIRECTION('ref_axis',(-1.,0.,0.));
#2087=DIRECTION('center_axis',(1.,2.83276944882399E-16,0.));
#2088=DIRECTION('ref_axis',(1.96562866596194E-31,-6.93889390390723E-16,
-1.));
#2089=DIRECTION('center_axis',(-3.29884982561099E-16,-3.29884982561099E-16,
-1.));
#2090=DIRECTION('ref_axis',(-2.73285667600039E-16,1.,-3.41607084500048E-16));
#2091=DIRECTION('center_axis',(1.,0.,0.));
#2092=DIRECTION('ref_axis',(0.,-1.,5.55111512312579E-16));
#2093=DIRECTION('center_axis',(1.,2.83276944882399E-16,0.));
#2094=DIRECTION('ref_axis',(2.83276944882399E-16,-1.,5.55111512312579E-16));
#2095=DIRECTION('',(1.,0.,0.));
#2096=DIRECTION('',(1.,0.,0.));
#2097=DIRECTION('center_axis',(0.,-1.,0.));
#2098=DIRECTION('ref_axis',(0.,0.,-1.));
#2099=DIRECTION('',(0.,0.,-1.));
#2100=DIRECTION('',(1.,0.,0.));
#2101=DIRECTION('center_axis',(1.,0.,0.));
#2102=DIRECTION('ref_axis',(0.,5.55111512312579E-16,1.));
#2103=DIRECTION('center_axis',(1.,2.83276944882399E-16,0.));
#2104=DIRECTION('ref_axis',(-1.57250293276955E-31,5.55111512312579E-16,
1.));
#2105=DIRECTION('',(1.,0.,0.));
#2106=DIRECTION('center_axis',(1.,0.,0.));
#2107=DIRECTION('ref_axis',(0.,1.,-5.55111512312579E-16));
#2108=DIRECTION('center_axis',(1.,2.83276944882399E-16,0.));
#2109=DIRECTION('ref_axis',(-2.83276944882399E-16,1.,-5.55111512312579E-16));
#2110=DIRECTION('',(1.,0.,0.));
#2111=DIRECTION('',(1.,0.,0.));
#2112=DIRECTION('center_axis',(0.,1.,0.));
#2113=DIRECTION('ref_axis',(0.,0.,1.));
#2114=DIRECTION('',(0.,0.,1.));
#2115=DIRECTION('',(1.,0.,0.));
#2116=DIRECTION('center_axis',(1.,0.,0.));
#2117=DIRECTION('ref_axis',(0.,-6.93889390390723E-16,-1.));
#2118=DIRECTION('center_axis',(1.,2.83276944882399E-16,0.));
#2119=DIRECTION('ref_axis',(1.96562866596194E-31,-6.93889390390723E-16,
-1.));
#2120=DIRECTION('',(1.,0.,0.));
#2121=DIRECTION('center_axis',(0.,0.,-1.));
#2122=DIRECTION('ref_axis',(-1.,0.,0.));
#2123=DIRECTION('center_axis',(0.,1.,0.));
#2124=DIRECTION('ref_axis',(1.,0.,5.55111512312579E-16));
#2125=DIRECTION('center_axis',(0.,0.,-1.));
#2126=DIRECTION('ref_axis',(-1.,-5.07530525542929E-16,0.));
#2127=DIRECTION('center_axis',(0.,0.,-1.));
#2128=DIRECTION('ref_axis',(-1.,-9.34924652315922E-16,0.));
#2129=DIRECTION('center_axis',(0.,0.,-1.));
#2130=DIRECTION('ref_axis',(-1.,0.,0.));
#2131=DIRECTION('',(0.,0.,-1.));
#2132=DIRECTION('center_axis',(0.,0.,-1.));
#2133=DIRECTION('ref_axis',(-1.,-9.34924652315922E-16,0.));
#2134=DIRECTION('center_axis',(0.,0.,-1.));
#2135=DIRECTION('ref_axis',(-1.,0.,0.));
#2136=DIRECTION('center_axis',(0.,1.,0.));
#2137=DIRECTION('ref_axis',(-5.55111512312579E-16,0.,1.));
#2138=DIRECTION('center_axis',(0.,0.,-1.));
#2139=DIRECTION('ref_axis',(-1.,-1.01506105108586E-15,0.));
#2140=DIRECTION('center_axis',(0.,0.,-1.));
#2141=DIRECTION('ref_axis',(-1.,0.,0.));
#2142=DIRECTION('center_axis',(0.,1.,0.));
#2143=DIRECTION('ref_axis',(-1.,0.,-5.55111512312579E-16));
#2144=DIRECTION('center_axis',(0.,0.,-1.));
#2145=DIRECTION('ref_axis',(-1.,-5.46571335200077E-16,0.));
#2146=DIRECTION('center_axis',(0.,0.,-1.));
#2147=DIRECTION('ref_axis',(-1.,-2.19303313506204E-16,0.));
#2148=DIRECTION('center_axis',(0.,0.,-1.));
#2149=DIRECTION('ref_axis',(-1.,0.,0.));
#2150=DIRECTION('',(0.,0.,1.));
#2151=DIRECTION('center_axis',(0.,0.,-1.));
#2152=DIRECTION('ref_axis',(-1.,-2.19303313506204E-16,0.));
#2153=DIRECTION('center_axis',(0.,0.,-1.));
#2154=DIRECTION('ref_axis',(-1.,0.,0.));
#2155=DIRECTION('center_axis',(0.,1.,0.));
#2156=DIRECTION('ref_axis',(6.93889390390723E-16,0.,-1.));
#2157=DIRECTION('center_axis',(0.,0.,-1.));
#2158=DIRECTION('ref_axis',(-1.,-5.46571335200077E-16,0.));
#2159=DIRECTION('center_axis',(0.,0.,-1.));
#2160=DIRECTION('ref_axis',(-1.,0.,0.));
#2161=DIRECTION('',(1.,0.,0.));
#2162=DIRECTION('',(0.,1.,0.));
#2163=DIRECTION('',(1.83697019872103E-16,-1.,0.));
#2164=DIRECTION('',(0.,1.,0.));
#2165=DIRECTION('center_axis',(0.,1.,0.));
#2166=DIRECTION('ref_axis',(1.,0.,5.55111512312579E-16));
#2167=DIRECTION('center_axis',(0.,1.,0.));
#2168=DIRECTION('ref_axis',(1.,0.,5.55111512312579E-16));
#2169=DIRECTION('',(0.,1.,0.));
#2170=DIRECTION('center_axis',(1.,0.,0.));
#2171=DIRECTION('ref_axis',(0.,0.,-1.));
#2172=DIRECTION('',(0.,0.,1.));
#2173=DIRECTION('',(0.,1.,0.));
#2174=DIRECTION('center_axis',(0.,1.,0.));
#2175=DIRECTION('ref_axis',(-5.55111512312579E-16,0.,1.));
#2176=DIRECTION('center_axis',(0.,1.,0.));
#2177=DIRECTION('ref_axis',(-5.55111512312579E-16,0.,1.));
#2178=DIRECTION('',(0.,1.,0.));
#2179=DIRECTION('center_axis',(0.,0.,1.));
#2180=DIRECTION('ref_axis',(1.,0.,0.));
#2181=DIRECTION('',(-1.,0.,0.));
#2182=DIRECTION('',(-1.83697019872103E-16,1.,0.));
#2183=DIRECTION('',(0.,1.,0.));
#2184=DIRECTION('center_axis',(0.,1.,0.));
#2185=DIRECTION('ref_axis',(-1.,0.,-5.55111512312579E-16));
#2186=DIRECTION('center_axis',(0.,1.,0.));
#2187=DIRECTION('ref_axis',(-1.,0.,-5.55111512312579E-16));
#2188=DIRECTION('',(0.,1.,0.));
#2189=DIRECTION('center_axis',(-1.,0.,0.));
#2190=DIRECTION('ref_axis',(0.,0.,1.));
#2191=DIRECTION('',(0.,0.,-1.));
#2192=DIRECTION('',(0.,1.,0.));
#2193=DIRECTION('center_axis',(0.,1.,0.));
#2194=DIRECTION('ref_axis',(6.93889390390723E-16,0.,-1.));
#2195=DIRECTION('center_axis',(0.,1.,0.));
#2196=DIRECTION('ref_axis',(6.93889390390723E-16,0.,-1.));
#2197=DIRECTION('center_axis',(-1.,-1.83697019872103E-16,0.));
#2198=DIRECTION('ref_axis',(0.,0.,1.));
#2199=DIRECTION('center_axis',(0.,1.,0.));
#2200=DIRECTION('ref_axis',(0.,0.,1.));
#2201=CARTESIAN_POINT('',(0.,0.,0.));
#2202=CARTESIAN_POINT('Origin',(140.,-85.,-15.));
#2203=CARTESIAN_POINT('',(140.,-75.,-15.));
#2204=CARTESIAN_POINT('',(140.,-85.,-25.));
#2205=CARTESIAN_POINT('Origin',(140.,-85.,-15.));
#2206=CARTESIAN_POINT('',(50.,-75.,-15.));
#2207=CARTESIAN_POINT('',(140.,-75.,-15.));
#2208=CARTESIAN_POINT('',(50.,-85.,-25.));
#2209=CARTESIAN_POINT('Origin',(50.,-85.,-15.));
#2210=CARTESIAN_POINT('',(140.,-85.,-25.));
#2211=CARTESIAN_POINT('Origin',(140.,-75.,15.));
#2212=CARTESIAN_POINT('',(140.,-75.,15.));
#2213=CARTESIAN_POINT('',(140.,-75.,-15.));
#2214=CARTESIAN_POINT('',(50.,-75.,15.));
#2215=CARTESIAN_POINT('',(140.,-75.,15.));
#2216=CARTESIAN_POINT('',(50.,-75.,7.5));
#2217=CARTESIAN_POINT('Origin',(140.,-85.,15.));
#2218=CARTESIAN_POINT('',(140.,-85.,25.));
#2219=CARTESIAN_POINT('Origin',(140.,-85.,15.));
#2220=CARTESIAN_POINT('',(50.,-85.,25.));
#2221=CARTESIAN_POINT('',(140.,-85.,25.));
#2222=CARTESIAN_POINT('Origin',(50.,-85.,15.));
#2223=CARTESIAN_POINT('Origin',(140.,-115.,15.));
#2224=CARTESIAN_POINT('',(140.,-125.,15.));
#2225=CARTESIAN_POINT('',(140.,-115.,25.));
#2226=CARTESIAN_POINT('Origin',(140.,-115.,15.));
#2227=CARTESIAN_POINT('',(50.,-125.,15.));
#2228=CARTESIAN_POINT('',(140.,-125.,15.));
#2229=CARTESIAN_POINT('',(50.,-115.,25.));
#2230=CARTESIAN_POINT('Origin',(50.,-115.,15.));
#2231=CARTESIAN_POINT('',(140.,-115.,25.));
#2232=CARTESIAN_POINT('Origin',(140.,-125.,-15.));
#2233=CARTESIAN_POINT('',(140.,-125.,-15.));
#2234=CARTESIAN_POINT('',(140.,-125.,15.));
#2235=CARTESIAN_POINT('',(50.,-125.,-15.));
#2236=CARTESIAN_POINT('',(140.,-125.,-15.));
#2237=CARTESIAN_POINT('',(50.,-125.,-7.5));
#2238=CARTESIAN_POINT('Origin',(140.,-115.,-15.));
#2239=CARTESIAN_POINT('',(140.,-115.,-25.));
#2240=CARTESIAN_POINT('Origin',(140.,-115.,-15.));
#2241=CARTESIAN_POINT('',(50.,-115.,-25.));
#2242=CARTESIAN_POINT('',(140.,-115.,-25.));
#2243=CARTESIAN_POINT('Origin',(50.,-115.,-15.));
#2244=CARTESIAN_POINT('Origin',(140.,-40.,-15.));
#2245=CARTESIAN_POINT('',(175.,-40.,-15.));
#2246=CARTESIAN_POINT('',(185.,-40.,-25.));
#2247=CARTESIAN_POINT('Origin',(185.,-40.,-15.));
#2248=CARTESIAN_POINT('Origin',(140.,-40.,-15.));
#2249=CARTESIAN_POINT('Origin',(140.,-40.,-25.));
#2250=CARTESIAN_POINT('Origin',(140.,-40.,0.));
#2251=CARTESIAN_POINT('',(175.,-40.,15.));
#2252=CARTESIAN_POINT('',(175.,-40.,-15.));
#2253=CARTESIAN_POINT('Origin',(140.,-40.,15.));
#2254=CARTESIAN_POINT('Origin',(140.,-40.,15.));
#2255=CARTESIAN_POINT('',(185.,-40.,25.));
#2256=CARTESIAN_POINT('Origin',(185.,-40.,15.));
#2257=CARTESIAN_POINT('Origin',(140.,-40.,25.));
#2258=CARTESIAN_POINT('Origin',(140.,-40.,15.));
#2259=CARTESIAN_POINT('',(225.,-40.,15.));
#2260=CARTESIAN_POINT('',(215.,-40.,25.));
#2261=CARTESIAN_POINT('Origin',(215.,-40.,15.));
#2262=CARTESIAN_POINT('Origin',(140.,-39.9999999999999,15.));
#2263=CARTESIAN_POINT('Origin',(140.,-40.,25.));
#2264=CARTESIAN_POINT('Origin',(140.,-40.,2.22044604925031E-15));
#2265=CARTESIAN_POINT('',(225.,-40.,-15.));
#2266=CARTESIAN_POINT('',(225.,-40.,15.));
#2267=CARTESIAN_POINT('Origin',(140.,-39.9999999999999,-15.));
#2268=CARTESIAN_POINT('Origin',(140.,-40.,-15.));
#2269=CARTESIAN_POINT('',(215.,-40.,-25.));
#2270=CARTESIAN_POINT('Origin',(215.,-40.,-15.));
#2271=CARTESIAN_POINT('Origin',(140.,-40.,-25.));
#2272=CARTESIAN_POINT('Origin',(185.,90.,-15.));
#2273=CARTESIAN_POINT('',(175.,90.,-15.));
#2274=CARTESIAN_POINT('',(185.,90.,-25.));
#2275=CARTESIAN_POINT('Origin',(185.,90.,-15.));
#2276=CARTESIAN_POINT('',(175.,90.,-15.));
#2277=CARTESIAN_POINT('',(185.,90.,-25.));
#2278=CARTESIAN_POINT('Origin',(175.,90.,15.));
#2279=CARTESIAN_POINT('',(175.,90.,15.));
#2280=CARTESIAN_POINT('',(175.,90.,-15.));
#2281=CARTESIAN_POINT('',(175.,90.,15.));
#2282=CARTESIAN_POINT('Origin',(185.,90.,15.));
#2283=CARTESIAN_POINT('',(185.,90.,25.));
#2284=CARTESIAN_POINT('Origin',(185.,90.,15.));
#2285=CARTESIAN_POINT('',(185.,90.,25.));
#2286=CARTESIAN_POINT('Origin',(215.,90.,15.));
#2287=CARTESIAN_POINT('',(225.,90.,15.));
#2288=CARTESIAN_POINT('',(215.,90.,25.));
#2289=CARTESIAN_POINT('Origin',(215.,90.,15.));
#2290=CARTESIAN_POINT('',(225.,90.,15.));
#2291=CARTESIAN_POINT('',(215.,90.,25.));
#2292=CARTESIAN_POINT('Origin',(225.,90.,-15.));
#2293=CARTESIAN_POINT('',(225.,90.,-15.));
#2294=CARTESIAN_POINT('',(225.,90.,15.));
#2295=CARTESIAN_POINT('',(225.,90.,-15.));
#2296=CARTESIAN_POINT('Origin',(215.,90.,-15.));
#2297=CARTESIAN_POINT('',(215.,90.,-25.));
#2298=CARTESIAN_POINT('Origin',(215.,90.,-15.));
#2299=CARTESIAN_POINT('',(215.,90.,-25.));
#2300=CARTESIAN_POINT('Origin',(150.,90.,-15.));
#2301=CARTESIAN_POINT('',(150.,115.,-15.));
#2302=CARTESIAN_POINT('',(150.,125.,-25.));
#2303=CARTESIAN_POINT('Origin',(150.,125.,-15.));
#2304=CARTESIAN_POINT('Origin',(150.,90.,-15.));
#2305=CARTESIAN_POINT('Origin',(150.,90.,-25.));
#2306=CARTESIAN_POINT('Origin',(150.,90.,0.));
#2307=CARTESIAN_POINT('',(150.,115.,15.));
#2308=CARTESIAN_POINT('',(150.,115.,-15.));
#2309=CARTESIAN_POINT('Origin',(150.,90.,15.));
#2310=CARTESIAN_POINT('Origin',(150.,90.,15.));
#2311=CARTESIAN_POINT('',(150.,125.,25.));
#2312=CARTESIAN_POINT('Origin',(150.,125.,15.));
#2313=CARTESIAN_POINT('Origin',(150.,90.,25.));
#2314=CARTESIAN_POINT('Origin',(150.,90.,15.));
#2315=CARTESIAN_POINT('',(150.,165.,15.));
#2316=CARTESIAN_POINT('',(150.,155.,25.));
#2317=CARTESIAN_POINT('Origin',(150.,155.,15.));
#2318=CARTESIAN_POINT('Origin',(150.,90.,15.));
#2319=CARTESIAN_POINT('Origin',(150.,90.,25.));
#2320=CARTESIAN_POINT('Origin',(150.,90.,2.22044604925031E-15));
#2321=CARTESIAN_POINT('',(150.,165.,-15.));
#2322=CARTESIAN_POINT('',(150.,165.,15.));
#2323=CARTESIAN_POINT('Origin',(150.,90.,-15.));
#2324=CARTESIAN_POINT('Origin',(150.,90.,-15.));
#2325=CARTESIAN_POINT('',(150.,155.,-25.));
#2326=CARTESIAN_POINT('Origin',(150.,155.,-15.));
#2327=CARTESIAN_POINT('Origin',(150.,90.,-25.));
#2328=CARTESIAN_POINT('Origin',(50.,125.,-15.));
#2329=CARTESIAN_POINT('',(50.,115.,-15.));
#2330=CARTESIAN_POINT('',(50.,125.,-25.));
#2331=CARTESIAN_POINT('Origin',(50.,125.,-15.));
#2332=CARTESIAN_POINT('',(50.,115.,-15.));
#2333=CARTESIAN_POINT('',(50.,125.,-25.));
#2334=CARTESIAN_POINT('Origin',(50.,115.,15.));
#2335=CARTESIAN_POINT('',(50.,115.,15.));
#2336=CARTESIAN_POINT('',(50.,115.,-15.));
#2337=CARTESIAN_POINT('',(50.,115.,15.));
#2338=CARTESIAN_POINT('Origin',(50.,125.,15.));
#2339=CARTESIAN_POINT('',(50.,125.,25.));
#2340=CARTESIAN_POINT('Origin',(50.,125.,15.));
#2341=CARTESIAN_POINT('',(50.,125.,25.));
#2342=CARTESIAN_POINT('Origin',(50.,155.,15.));
#2343=CARTESIAN_POINT('',(50.,165.,15.));
#2344=CARTESIAN_POINT('',(50.,155.,25.));
#2345=CARTESIAN_POINT('Origin',(50.,155.,15.));
#2346=CARTESIAN_POINT('',(50.,165.,15.));
#2347=CARTESIAN_POINT('',(50.,155.,25.));
#2348=CARTESIAN_POINT('Origin',(50.,165.,-15.));
#2349=CARTESIAN_POINT('',(50.,165.,-15.));
#2350=CARTESIAN_POINT('',(50.,165.,15.));
#2351=CARTESIAN_POINT('',(50.,165.,-15.));
#2352=CARTESIAN_POINT('Origin',(50.,155.,-15.));
#2353=CARTESIAN_POINT('',(50.,155.,-25.));
#2354=CARTESIAN_POINT('Origin',(50.,155.,-15.));
#2355=CARTESIAN_POINT('',(50.,155.,-25.));
#2356=CARTESIAN_POINT('Origin',(50.,90.,-15.));
#2357=CARTESIAN_POINT('',(25.,90.,-15.));
#2358=CARTESIAN_POINT('',(15.,90.,-25.));
#2359=CARTESIAN_POINT('Origin',(15.,90.,-15.));
#2360=CARTESIAN_POINT('Origin',(50.,90.,-15.));
#2361=CARTESIAN_POINT('Origin',(50.,90.,-25.));
#2362=CARTESIAN_POINT('Origin',(50.,90.,0.));
#2363=CARTESIAN_POINT('',(25.,90.,15.));
#2364=CARTESIAN_POINT('',(25.,90.,-15.));
#2365=CARTESIAN_POINT('Origin',(50.,90.,15.));
#2366=CARTESIAN_POINT('Origin',(50.,90.,15.));
#2367=CARTESIAN_POINT('',(15.,90.,25.));
#2368=CARTESIAN_POINT('Origin',(15.,90.,15.));
#2369=CARTESIAN_POINT('Origin',(50.,90.,25.));
#2370=CARTESIAN_POINT('Origin',(50.,90.,15.));
#2371=CARTESIAN_POINT('',(-25.,90.,15.));
#2372=CARTESIAN_POINT('',(-15.,90.,25.));
#2373=CARTESIAN_POINT('Origin',(-15.,90.,15.));
#2374=CARTESIAN_POINT('Origin',(50.,90.,15.));
#2375=CARTESIAN_POINT('Origin',(50.,90.,25.));
#2376=CARTESIAN_POINT('Origin',(50.,90.,2.22044604925031E-15));
#2377=CARTESIAN_POINT('',(-25.,90.,-15.));
#2378=CARTESIAN_POINT('',(-25.,90.,15.));
#2379=CARTESIAN_POINT('Origin',(50.,90.,-15.));
#2380=CARTESIAN_POINT('Origin',(50.,90.,-15.));
#2381=CARTESIAN_POINT('',(-15.,90.,-25.));
#2382=CARTESIAN_POINT('Origin',(-15.,90.,-15.));
#2383=CARTESIAN_POINT('Origin',(50.,90.,-25.));
#2384=CARTESIAN_POINT('Origin',(15.,0.,-25.));
#2385=CARTESIAN_POINT('',(15.,0.,-25.));
#2386=CARTESIAN_POINT('',(-15.,0.,-25.));
#2387=CARTESIAN_POINT('',(7.5,0.,-25.));
#2388=CARTESIAN_POINT('',(15.,0.,-25.));
#2389=CARTESIAN_POINT('',(50.,-50.,-25.));
#2390=CARTESIAN_POINT('',(-15.,0.,-25.));
#2391=CARTESIAN_POINT('Origin',(15.,0.,-15.));
#2392=CARTESIAN_POINT('',(25.,0.,-15.));
#2393=CARTESIAN_POINT('Origin',(15.,0.,-15.));
#2394=CARTESIAN_POINT('',(25.,0.,-15.));
#2395=CARTESIAN_POINT('Origin',(25.,0.,15.));
#2396=CARTESIAN_POINT('',(25.,0.,15.));
#2397=CARTESIAN_POINT('',(25.,0.,7.5));
#2398=CARTESIAN_POINT('',(25.,0.,15.));
#2399=CARTESIAN_POINT('Origin',(15.,0.,15.));
#2400=CARTESIAN_POINT('',(15.,0.,25.));
#2401=CARTESIAN_POINT('Origin',(15.,0.,15.));
#2402=CARTESIAN_POINT('',(15.,0.,25.));
#2403=CARTESIAN_POINT('Origin',(-15.,0.,25.));
#2404=CARTESIAN_POINT('',(-15.,0.,25.));
#2405=CARTESIAN_POINT('',(-7.5,0.,25.));
#2406=CARTESIAN_POINT('',(-15.,0.,25.));
#2407=CARTESIAN_POINT('',(50.,-50.,25.));
#2408=CARTESIAN_POINT('Origin',(-15.,0.,15.));
#2409=CARTESIAN_POINT('',(-25.,0.,15.));
#2410=CARTESIAN_POINT('Origin',(-15.,0.,15.));
#2411=CARTESIAN_POINT('',(-25.,0.,15.));
#2412=CARTESIAN_POINT('Origin',(-25.,0.,-15.));
#2413=CARTESIAN_POINT('',(-25.,0.,-15.));
#2414=CARTESIAN_POINT('',(-25.,0.,-7.5));
#2415=CARTESIAN_POINT('',(-25.,0.,-15.));
#2416=CARTESIAN_POINT('Origin',(-15.,0.,-15.));
#2417=CARTESIAN_POINT('Origin',(-15.,0.,-15.));
#2418=CARTESIAN_POINT('Origin',(140.,-85.,-15.));
#2419=CARTESIAN_POINT('',(140.,-69.,-15.));
#2420=CARTESIAN_POINT('',(140.,-85.,-31.));
#2421=CARTESIAN_POINT('Origin',(140.,-85.,-15.));
#2422=CARTESIAN_POINT('',(50.,-85.,-31.));
#2423=CARTESIAN_POINT('',(140.,-85.,-31.));
#2424=CARTESIAN_POINT('',(50.,-69.,-15.));
#2425=CARTESIAN_POINT('Origin',(50.,-85.,-15.));
#2426=CARTESIAN_POINT('',(140.,-69.,-15.));
#2427=CARTESIAN_POINT('Origin',(140.,-69.,15.));
#2428=CARTESIAN_POINT('',(140.,-69.,15.));
#2429=CARTESIAN_POINT('',(140.,-69.,-15.));
#2430=CARTESIAN_POINT('',(50.,-69.,15.));
#2431=CARTESIAN_POINT('',(50.,-69.,-15.));
#2432=CARTESIAN_POINT('',(140.,-69.,15.));
#2433=CARTESIAN_POINT('Origin',(140.,-85.,15.));
#2434=CARTESIAN_POINT('',(140.,-85.,31.));
#2435=CARTESIAN_POINT('Origin',(140.,-85.,15.));
#2436=CARTESIAN_POINT('',(50.,-85.,31.));
#2437=CARTESIAN_POINT('Origin',(50.,-85.,15.));
#2438=CARTESIAN_POINT('',(140.,-85.,31.));
#2439=CARTESIAN_POINT('Origin',(140.,-115.,15.));
#2440=CARTESIAN_POINT('',(140.,-131.,15.));
#2441=CARTESIAN_POINT('',(140.,-115.,31.));
#2442=CARTESIAN_POINT('Origin',(140.,-115.,15.));
#2443=CARTESIAN_POINT('',(50.,-115.,31.));
#2444=CARTESIAN_POINT('',(140.,-115.,31.));
#2445=CARTESIAN_POINT('',(50.,-131.,15.));
#2446=CARTESIAN_POINT('Origin',(50.,-115.,15.));
#2447=CARTESIAN_POINT('',(140.,-131.,15.));
#2448=CARTESIAN_POINT('Origin',(140.,-131.,-15.));
#2449=CARTESIAN_POINT('',(140.,-131.,-15.));
#2450=CARTESIAN_POINT('',(140.,-131.,15.));
#2451=CARTESIAN_POINT('',(50.,-131.,-15.));
#2452=CARTESIAN_POINT('',(50.,-131.,15.));
#2453=CARTESIAN_POINT('',(140.,-131.,-15.));
#2454=CARTESIAN_POINT('Origin',(140.,-115.,-15.));
#2455=CARTESIAN_POINT('',(140.,-115.,-31.));
#2456=CARTESIAN_POINT('Origin',(140.,-115.,-15.));
#2457=CARTESIAN_POINT('',(50.,-115.,-31.));
#2458=CARTESIAN_POINT('Origin',(50.,-115.,-15.));
#2459=CARTESIAN_POINT('',(140.,-115.,-31.));
#2460=CARTESIAN_POINT('Origin',(140.,-40.,-15.));
#2461=CARTESIAN_POINT('',(169.,-40.,-15.));
#2462=CARTESIAN_POINT('',(185.,-40.,-31.));
#2463=CARTESIAN_POINT('Origin',(185.,-40.,-15.));
#2464=CARTESIAN_POINT('Origin',(140.,-40.,-31.));
#2465=CARTESIAN_POINT('Origin',(140.,-39.9999999999999,-15.));
#2466=CARTESIAN_POINT('Origin',(140.,-40.,-2.22044604925031E-15));
#2467=CARTESIAN_POINT('',(169.,-40.,15.));
#2468=CARTESIAN_POINT('',(169.,-40.,-15.));
#2469=CARTESIAN_POINT('Origin',(140.,-39.9999999999999,15.));
#2470=CARTESIAN_POINT('Origin',(140.,-40.,15.));
#2471=CARTESIAN_POINT('',(185.,-40.,31.));
#2472=CARTESIAN_POINT('Origin',(185.,-40.,15.));
#2473=CARTESIAN_POINT('Origin',(140.,-40.,31.));
#2474=CARTESIAN_POINT('Origin',(140.,-40.,15.));
#2475=CARTESIAN_POINT('',(231.,-40.,15.));
#2476=CARTESIAN_POINT('',(215.,-40.,31.));
#2477=CARTESIAN_POINT('Origin',(215.,-40.,15.));
#2478=CARTESIAN_POINT('Origin',(140.,-40.,31.));
#2479=CARTESIAN_POINT('Origin',(140.,-39.9999999999999,15.));
#2480=CARTESIAN_POINT('Origin',(140.,-40.,4.44089209850063E-15));
#2481=CARTESIAN_POINT('',(231.,-40.,-15.));
#2482=CARTESIAN_POINT('',(231.,-40.,15.));
#2483=CARTESIAN_POINT('Origin',(140.,-39.9999999999999,-15.));
#2484=CARTESIAN_POINT('Origin',(140.,-40.,-15.));
#2485=CARTESIAN_POINT('',(215.,-40.,-31.));
#2486=CARTESIAN_POINT('Origin',(215.,-40.,-15.));
#2487=CARTESIAN_POINT('Origin',(140.,-40.,-31.));
#2488=CARTESIAN_POINT('Origin',(185.,90.,-15.));
#2489=CARTESIAN_POINT('',(169.,90.,-15.));
#2490=CARTESIAN_POINT('',(185.,90.,-31.));
#2491=CARTESIAN_POINT('Origin',(185.,90.,-15.));
#2492=CARTESIAN_POINT('',(185.,90.,-31.));
#2493=CARTESIAN_POINT('',(169.,90.,-15.));
#2494=CARTESIAN_POINT('Origin',(169.,90.,15.));
#2495=CARTESIAN_POINT('',(169.,90.,15.));
#2496=CARTESIAN_POINT('',(169.,90.,-15.));
#2497=CARTESIAN_POINT('',(169.,90.,15.));
#2498=CARTESIAN_POINT('Origin',(185.,90.,15.));
#2499=CARTESIAN_POINT('',(185.,90.,31.));
#2500=CARTESIAN_POINT('Origin',(185.,90.,15.));
#2501=CARTESIAN_POINT('',(185.,90.,31.));
#2502=CARTESIAN_POINT('Origin',(215.,90.,15.));
#2503=CARTESIAN_POINT('',(231.,90.,15.));
#2504=CARTESIAN_POINT('',(215.,90.,31.));
#2505=CARTESIAN_POINT('Origin',(215.,90.,15.));
#2506=CARTESIAN_POINT('',(215.,90.,31.));
#2507=CARTESIAN_POINT('',(231.,90.,15.));
#2508=CARTESIAN_POINT('Origin',(231.,90.,-15.));
#2509=CARTESIAN_POINT('',(231.,90.,-15.));
#2510=CARTESIAN_POINT('',(231.,90.,15.));
#2511=CARTESIAN_POINT('',(231.,90.,-15.));
#2512=CARTESIAN_POINT('Origin',(215.,90.,-15.));
#2513=CARTESIAN_POINT('',(215.,90.,-31.));
#2514=CARTESIAN_POINT('Origin',(215.,90.,-15.));
#2515=CARTESIAN_POINT('',(215.,90.,-31.));
#2516=CARTESIAN_POINT('Origin',(150.,90.,-15.));
#2517=CARTESIAN_POINT('',(150.,109.,-15.));
#2518=CARTESIAN_POINT('',(150.,125.,-31.));
#2519=CARTESIAN_POINT('Origin',(150.,125.,-15.));
#2520=CARTESIAN_POINT('Origin',(150.,90.,-31.));
#2521=CARTESIAN_POINT('Origin',(150.,90.0000000000001,-15.));
#2522=CARTESIAN_POINT('Origin',(150.,90.,-2.22044604925031E-15));
#2523=CARTESIAN_POINT('',(150.,109.,15.));
#2524=CARTESIAN_POINT('',(150.,109.,-15.));
#2525=CARTESIAN_POINT('Origin',(150.,90.0000000000001,15.));
#2526=CARTESIAN_POINT('Origin',(150.,90.,15.));
#2527=CARTESIAN_POINT('',(150.,125.,31.));
#2528=CARTESIAN_POINT('Origin',(150.,125.,15.));
#2529=CARTESIAN_POINT('Origin',(150.,90.,31.));
#2530=CARTESIAN_POINT('Origin',(150.,90.,15.));
#2531=CARTESIAN_POINT('',(150.,171.,15.));
#2532=CARTESIAN_POINT('',(150.,155.,31.));
#2533=CARTESIAN_POINT('Origin',(150.,155.,15.));
#2534=CARTESIAN_POINT('Origin',(150.,90.,31.));
#2535=CARTESIAN_POINT('Origin',(150.,90.,15.));
#2536=CARTESIAN_POINT('Origin',(150.,90.,4.44089209850063E-15));
#2537=CARTESIAN_POINT('',(150.,171.,-15.));
#2538=CARTESIAN_POINT('',(150.,171.,15.));
#2539=CARTESIAN_POINT('Origin',(150.,90.,-15.));
#2540=CARTESIAN_POINT('Origin',(150.,90.,-15.));
#2541=CARTESIAN_POINT('',(150.,155.,-31.));
#2542=CARTESIAN_POINT('Origin',(150.,155.,-15.));
#2543=CARTESIAN_POINT('Origin',(150.,90.,-31.));
#2544=CARTESIAN_POINT('Origin',(50.,125.,-15.));
#2545=CARTESIAN_POINT('',(50.,109.,-15.));
#2546=CARTESIAN_POINT('',(50.,125.,-31.));
#2547=CARTESIAN_POINT('Origin',(50.,125.,-15.));
#2548=CARTESIAN_POINT('',(50.,125.,-31.));
#2549=CARTESIAN_POINT('',(50.,109.,-15.));
#2550=CARTESIAN_POINT('Origin',(50.,109.,15.));
#2551=CARTESIAN_POINT('',(50.,109.,15.));
#2552=CARTESIAN_POINT('',(50.,109.,-15.));
#2553=CARTESIAN_POINT('',(50.,109.,15.));
#2554=CARTESIAN_POINT('Origin',(50.,125.,15.));
#2555=CARTESIAN_POINT('',(50.,125.,31.));
#2556=CARTESIAN_POINT('Origin',(50.,125.,15.));
#2557=CARTESIAN_POINT('',(50.,125.,31.));
#2558=CARTESIAN_POINT('Origin',(50.,155.,15.));
#2559=CARTESIAN_POINT('',(50.,171.,15.));
#2560=CARTESIAN_POINT('',(50.,155.,31.));
#2561=CARTESIAN_POINT('Origin',(50.,155.,15.));
#2562=CARTESIAN_POINT('',(50.,155.,31.));
#2563=CARTESIAN_POINT('',(50.,171.,15.));
#2564=CARTESIAN_POINT('Origin',(50.,171.,-15.));
#2565=CARTESIAN_POINT('',(50.,171.,-15.));
#2566=CARTESIAN_POINT('',(50.,171.,15.));
#2567=CARTESIAN_POINT('',(50.,171.,-15.));
#2568=CARTESIAN_POINT('Origin',(50.,155.,-15.));
#2569=CARTESIAN_POINT('',(50.,155.,-31.));
#2570=CARTESIAN_POINT('Origin',(50.,155.,-15.));
#2571=CARTESIAN_POINT('',(50.,155.,-31.));
#2572=CARTESIAN_POINT('Origin',(50.,90.,-15.));
#2573=CARTESIAN_POINT('',(31.,90.,-15.));
#2574=CARTESIAN_POINT('',(15.,90.,-31.));
#2575=CARTESIAN_POINT('Origin',(15.,90.,-15.));
#2576=CARTESIAN_POINT('Origin',(50.,90.,-31.));
#2577=CARTESIAN_POINT('Origin',(50.,90.,-15.));
#2578=CARTESIAN_POINT('Origin',(50.,90.,-2.22044604925031E-15));
#2579=CARTESIAN_POINT('',(31.,90.,15.));
#2580=CARTESIAN_POINT('',(31.,90.,-15.));
#2581=CARTESIAN_POINT('Origin',(50.,90.,15.));
#2582=CARTESIAN_POINT('Origin',(50.,90.,15.));
#2583=CARTESIAN_POINT('',(15.,90.,31.));
#2584=CARTESIAN_POINT('Origin',(15.,90.,15.));
#2585=CARTESIAN_POINT('Origin',(50.,90.,31.));
#2586=CARTESIAN_POINT('Origin',(50.,90.,15.));
#2587=CARTESIAN_POINT('',(-31.,90.,15.));
#2588=CARTESIAN_POINT('',(-15.,90.,31.));
#2589=CARTESIAN_POINT('Origin',(-15.,90.,15.));
#2590=CARTESIAN_POINT('Origin',(50.,90.,31.));
#2591=CARTESIAN_POINT('Origin',(50.,90.,15.));
#2592=CARTESIAN_POINT('Origin',(50.,90.,4.44089209850063E-15));
#2593=CARTESIAN_POINT('',(-31.,90.,-15.));
#2594=CARTESIAN_POINT('',(-31.,90.,15.));
#2595=CARTESIAN_POINT('Origin',(50.,90.,-15.));
#2596=CARTESIAN_POINT('Origin',(50.,90.,-15.));
#2597=CARTESIAN_POINT('',(-15.,90.,-31.));
#2598=CARTESIAN_POINT('Origin',(-15.,90.,-15.));
#2599=CARTESIAN_POINT('Origin',(50.,90.,-31.));
#2600=CARTESIAN_POINT('Origin',(15.,0.,-31.));
#2601=CARTESIAN_POINT('',(-15.,0.,-31.));
#2602=CARTESIAN_POINT('',(15.,0.,-31.));
#2603=CARTESIAN_POINT('',(-15.,0.,-31.));
#2604=CARTESIAN_POINT('',(-15.,0.,-31.));
#2605=CARTESIAN_POINT('',(50.,-115.,-31.));
#2606=CARTESIAN_POINT('',(15.,0.,-31.));
#2607=CARTESIAN_POINT('Origin',(15.,0.,-15.));
#2608=CARTESIAN_POINT('',(31.,0.,-15.));
#2609=CARTESIAN_POINT('Origin',(15.,0.,-15.));
#2610=CARTESIAN_POINT('',(31.,0.,-15.));
#2611=CARTESIAN_POINT('Origin',(31.,0.,15.));
#2612=CARTESIAN_POINT('',(31.,0.,15.));
#2613=CARTESIAN_POINT('',(31.,0.,-15.));
#2614=CARTESIAN_POINT('',(31.,0.,15.));
#2615=CARTESIAN_POINT('Origin',(15.,0.,15.));
#2616=CARTESIAN_POINT('',(15.,0.,31.));
#2617=CARTESIAN_POINT('Origin',(15.,0.,15.));
#2618=CARTESIAN_POINT('',(15.,0.,31.));
#2619=CARTESIAN_POINT('Origin',(-15.,0.,31.));
#2620=CARTESIAN_POINT('',(-15.,0.,31.));
#2621=CARTESIAN_POINT('',(15.,0.,31.));
#2622=CARTESIAN_POINT('',(50.,-85.,31.));
#2623=CARTESIAN_POINT('',(-15.,0.,31.));
#2624=CARTESIAN_POINT('Origin',(-15.,0.,15.));
#2625=CARTESIAN_POINT('',(-31.,0.,15.));
#2626=CARTESIAN_POINT('Origin',(-15.,0.,15.));
#2627=CARTESIAN_POINT('',(-31.,0.,15.));
#2628=CARTESIAN_POINT('Origin',(-31.,0.,-15.));
#2629=CARTESIAN_POINT('',(-31.,0.,-15.));
#2630=CARTESIAN_POINT('',(-31.,0.,15.));
#2631=CARTESIAN_POINT('',(-31.,0.,-15.));
#2632=CARTESIAN_POINT('Origin',(-15.,0.,-15.));
#2633=CARTESIAN_POINT('Origin',(-15.,0.,-15.));
#2634=CARTESIAN_POINT('Origin',(50.,-100.,-5.55111512312578E-16));
#2635=CARTESIAN_POINT('Origin',(1.15752843214047E-16,0.,-5.55111512312578E-16));
#2636=UNCERTAINTY_MEASURE_WITH_UNIT(LENGTH_MEASURE(0.01),#2640,
'DISTANCE_ACCURACY_VALUE',
'Maximum model space distance between geometric entities at asserted c
onnectivities');
#2637=UNCERTAINTY_MEASURE_WITH_UNIT(LENGTH_MEASURE(0.01),#2640,
'DISTANCE_ACCURACY_VALUE',
'Maximum model space distance between geometric entities at asserted c
onnectivities');
#2638=(
GEOMETRIC_REPRESENTATION_CONTEXT(3)
GLOBAL_UNCERTAINTY_ASSIGNED_CONTEXT((#2636))
GLOBAL_UNIT_ASSIGNED_CONTEXT((#2640,#2642,#2643))
REPRESENTATION_CONTEXT('','3D')
);
#2639=(
GEOMETRIC_REPRESENTATION_CONTEXT(3)
GLOBAL_UNCERTAINTY_ASSIGNED_CONTEXT((#2637))
GLOBAL_UNIT_ASSIGNED_CONTEXT((#2640,#2642,#2643))
REPRESENTATION_CONTEXT('','3D')
);
#2640=(
LENGTH_UNIT()
NAMED_UNIT(*)
SI_UNIT(.MILLI.,.METRE.)
);
#2641=(
LENGTH_UNIT()
NAMED_UNIT(*)
SI_UNIT($,.METRE.)
);
#2642=(
NAMED_UNIT(*)
PLANE_ANGLE_UNIT()
SI_UNIT($,.RADIAN.)
);
#2643=(
NAMED_UNIT(*)
SI_UNIT($,.STERADIAN.)
SOLID_ANGLE_UNIT()
);
#2644=SHAPE_DEFINITION_REPRESENTATION(#2645,#2646);
#2645=PRODUCT_DEFINITION_SHAPE('',$,#2648);
#2646=SHAPE_REPRESENTATION('',(#1488),#2638);
#2647=PRODUCT_DEFINITION_CONTEXT('part definition',#2652,'design');
#2648=PRODUCT_DEFINITION('(Unsaved)','(Unsaved)',#2649,#2647);
#2649=PRODUCT_DEFINITION_FORMATION('',$,#2654);
#2650=PRODUCT_RELATED_PRODUCT_CATEGORY('(Unsaved)','(Unsaved)',(#2654));
#2651=APPLICATION_PROTOCOL_DEFINITION('international standard',
'automotive_design',2009,#2652);
#2652=APPLICATION_CONTEXT(
'Core Data for Automotive Mechanical Design Process');
#2653=PRODUCT_CONTEXT('part definition',#2652,'mechanical');
#2654=PRODUCT('(Unsaved)','(Unsaved)',$,(#2653));
#2655=PRESENTATION_STYLE_ASSIGNMENT((#2656));
#2656=SURFACE_STYLE_USAGE(.BOTH.,#2657);
#2657=SURFACE_SIDE_STYLE('',(#2658));
#2658=SURFACE_STYLE_FILL_AREA(#2659);
#2659=FILL_AREA_STYLE('Steel - Satin',(#2660));
#2660=FILL_AREA_STYLE_COLOUR('Steel - Satin',#2661);
#2661=COLOUR_RGB('Steel - Satin',0.627450980392157,0.627450980392157,0.627450980392157);
ENDSEC;
END-ISO-10303-21;
