ISO-10303-21;
HEADER;
FILE_DESCRIPTION(('Open CASCADE Model'),'2;1');
FILE_NAME('Open CASCADE Shape Model','2024-09-02T21:52:52',(
    'CAD Processor'),('OPEN CASCADE S.A.S'),
  'Open CASCADE STEP processor 7.4','CAD Processor','Unknown');
FILE_SCHEMA((
'AP242_MANAGED_MODEL_BASED_3D_ENGINEERING_MIM_LF. {1 0 10303 442 1 1 4 
}'));
ENDSEC;
DATA;
#1 = APPLICATION_PROTOCOL_DEFINITION('international standard',
  'ap242_managed_model_based_3d_engineering',2013,#2);
#2 = APPLICATION_CONTEXT('Managed model based 3d engineering');
#3 = SHAPE_DEFINITION_REPRESENTATION(#4,#10);
#4 = PRODUCT_DEFINITION_SHAPE('','',#5);
#5 = PRODUCT_DEFINITION('design','',#6,#9);
#6 = PRODUCT_DEFINITION_FORMATION('','',#7);
#7 = PRODUCT('Mirror.1','Mirror.1','',(#8));
#8 = PRODUCT_CONTEXT('',#2,'mechanical');
#9 = PRODUCT_DEFINITION_CONTEXT('part definition',#2,'design');
#10 = ADVANCED_BREP_SHAPE_REPRESENTATION('',(#11,#15),#2025);
#11 = AXIS2_PLACEMENT_3D('',#12,#13,#14);
#12 = CARTESIAN_POINT('',(0.E+000,0.E+000,0.E+000));
#13 = DIRECTION('',(0.E+000,0.E+000,1.));
#14 = DIRECTION('',(1.,0.E+000,-0.E+000));
#15 = MANIFOLD_SOLID_BREP('',#16);
#16 = CLOSED_SHELL('',(#17,#59,#83,#159,#207,#239,#257,#333,#381,#413,
    #431,#461,#493,#511,#587,#635,#667,#685,#761,#809,#841,#859,#901,
    #925,#1001,#1049,#1081,#1099,#1175,#1223,#1255,#1273,#1303,#1335,
    #1353,#1429,#1477,#1509,#1527,#1603,#1651,#1683,#1701,#1743,#1785,
    #1809,#1833,#1869,#1881,#1917,#1929,#1965,#1977,#2013));
#17 = ADVANCED_FACE('',(#18),#54,.T.);
#18 = FACE_BOUND('',#19,.T.);
#19 = EDGE_LOOP('',(#20,#30,#39,#47));
#20 = ORIENTED_EDGE('',*,*,#21,.F.);
#21 = EDGE_CURVE('',#22,#24,#26,.T.);
#22 = VERTEX_POINT('',#23);
#23 = CARTESIAN_POINT('',(-34.61565048657,148.03444818088,6.104962783836
    ));
#24 = VERTEX_POINT('',#25);
#25 = CARTESIAN_POINT('',(-98.35117618481,201.14738626274,
    43.284019441141));
#26 = LINE('',#27,#28);
#27 = CARTESIAN_POINT('',(-34.61565048657,148.03444818088,6.104962783836
    ));
#28 = VECTOR('',#29,1.);
#29 = DIRECTION('',(-0.701047485404,0.584206237837,0.408944366486));
#30 = ORIENTED_EDGE('',*,*,#31,.T.);
#31 = EDGE_CURVE('',#22,#32,#34,.T.);
#32 = VERTEX_POINT('',#33);
#33 = CARTESIAN_POINT('',(-1.299737401583,181.89504172591,
    14.845680150923));
#34 = CIRCLE('',#35,24.15);
#35 = AXIS2_PLACEMENT_3D('',#36,#37,#38);
#36 = CARTESIAN_POINT('',(-17.95769394408,164.9647449534,10.47532146738)
  );
#37 = DIRECTION('',(-0.701047485404,0.584206237837,0.408944366486));
#38 = DIRECTION('',(-0.689770457246,-0.701047485404,-0.180967233273));
#39 = ORIENTED_EDGE('',*,*,#40,.T.);
#40 = EDGE_CURVE('',#32,#41,#43,.T.);
#41 = VERTEX_POINT('',#42);
#42 = CARTESIAN_POINT('',(-65.03526309981,235.00797980777,
    52.024736808228));
#43 = LINE('',#44,#45);
#44 = CARTESIAN_POINT('',(-1.299737401583,181.89504172591,
    14.845680150923));
#45 = VECTOR('',#46,1.);
#46 = DIRECTION('',(-0.701047485404,0.584206237837,0.408944366486));
#47 = ORIENTED_EDGE('',*,*,#48,.F.);
#48 = EDGE_CURVE('',#24,#41,#49,.T.);
#49 = CIRCLE('',#50,24.15);
#50 = AXIS2_PLACEMENT_3D('',#51,#52,#53);
#51 = CARTESIAN_POINT('',(-81.69321964231,218.07768303526,
    47.654378124685));
#52 = DIRECTION('',(-0.701047485404,0.584206237837,0.408944366486));
#53 = DIRECTION('',(-0.689770457246,-0.701047485404,-0.180967233273));
#54 = CYLINDRICAL_SURFACE('',#55,24.15);
#55 = AXIS2_PLACEMENT_3D('',#56,#57,#58);
#56 = CARTESIAN_POINT('',(-49.82545679319,191.52121399433,
    29.064849796032));
#57 = DIRECTION('',(-0.701047485404,0.584206237837,0.408944366486));
#58 = DIRECTION('',(-0.689770457246,-0.701047485404,-0.180967233273));
#59 = ADVANCED_FACE('',(#60),#78,.T.);
#60 = FACE_BOUND('',#61,.T.);
#61 = EDGE_LOOP('',(#62,#63,#70,#71));
#62 = ORIENTED_EDGE('',*,*,#40,.F.);
#63 = ORIENTED_EDGE('',*,*,#64,.T.);
#64 = EDGE_CURVE('',#32,#22,#65,.T.);
#65 = CIRCLE('',#66,24.15);
#66 = AXIS2_PLACEMENT_3D('',#67,#68,#69);
#67 = CARTESIAN_POINT('',(-17.95769394408,164.9647449534,10.47532146738)
  );
#68 = DIRECTION('',(-0.701047485404,0.584206237837,0.408944366486));
#69 = DIRECTION('',(0.689770457246,0.701047485404,0.180967233273));
#70 = ORIENTED_EDGE('',*,*,#21,.T.);
#71 = ORIENTED_EDGE('',*,*,#72,.F.);
#72 = EDGE_CURVE('',#41,#24,#73,.T.);
#73 = CIRCLE('',#74,24.15);
#74 = AXIS2_PLACEMENT_3D('',#75,#76,#77);
#75 = CARTESIAN_POINT('',(-81.69321964231,218.07768303526,
    47.654378124685));
#76 = DIRECTION('',(-0.701047485404,0.584206237837,0.408944366486));
#77 = DIRECTION('',(0.689770457246,0.701047485404,0.180967233273));
#78 = CYLINDRICAL_SURFACE('',#79,24.15);
#79 = AXIS2_PLACEMENT_3D('',#80,#81,#82);
#80 = CARTESIAN_POINT('',(-49.82545679319,191.52121399433,
    29.064849796032));
#81 = DIRECTION('',(-0.701047485404,0.584206237837,0.408944366486));
#82 = DIRECTION('',(-0.689770457246,-0.701047485404,-0.180967233273));
#83 = ADVANCED_FACE('',(#84),#154,.T.);
#84 = FACE_BOUND('',#85,.T.);
#85 = EDGE_LOOP('',(#86,#87,#102,#141));
#86 = ORIENTED_EDGE('',*,*,#48,.T.);
#87 = ORIENTED_EDGE('',*,*,#88,.F.);
#88 = EDGE_CURVE('',#89,#41,#91,.T.);
#89 = VERTEX_POINT('',#90);
#90 = CARTESIAN_POINT('',(-141.8378531205,305.43789415843,
    74.329101653526));
#91 = B_SPLINE_CURVE_WITH_KNOTS('',3,(#92,#93,#94,#95,#96,#97,#98,#99,
    #100,#101),.UNSPECIFIED.,.F.,.F.,(4,2,2,2,4),(1.570796326795E+003,
    1.597694425132E+003,1.624592523468E+003,1.651490621805E+003,
    1.678388720141E+003),.UNSPECIFIED.);
#92 = CARTESIAN_POINT('',(-141.8378531205,305.43789415843,
    74.329101653526));
#93 = CARTESIAN_POINT('',(-135.5096160657,299.10965710362,
    74.329101653526));
#94 = CARTESIAN_POINT('',(-129.1139119846,292.848915327,73.856733588013)
  );
#95 = CARTESIAN_POINT('',(-116.2614788919,280.53477181983,
    71.972720038319));
#96 = CARTESIAN_POINT('',(-109.8047785695,274.48139757708,
    70.561078759657));
#97 = CARTESIAN_POINT('',(-96.9050243707,262.65199725188,66.814840201978
    ));
#98 = CARTESIAN_POINT('',(-90.46199928924,256.87599757517,
    64.480251285364));
#99 = CARTESIAN_POINT('',(-77.66410912822,245.66814697582,
    58.915112819503));
#100 = CARTESIAN_POINT('',(-71.30927261628,240.23632107149,
    55.68457569283));
#101 = CARTESIAN_POINT('',(-65.03526309981,235.00797980777,
    52.024736808228));
#102 = ORIENTED_EDGE('',*,*,#103,.F.);
#103 = EDGE_CURVE('',#104,#89,#106,.T.);
#104 = VERTEX_POINT('',#105);
#105 = CARTESIAN_POINT('',(-175.4378941584,271.83785312056,
    65.670898346474));
#106 = B_SPLINE_CURVE_WITH_KNOTS('',3,(#107,#108,#109,#110,#111,#112,
    #113,#114,#115,#116,#117,#118,#119,#120,#121,#122,#123,#124,#125,
    #126,#127,#128,#129,#130,#131,#132,#133,#134,#135,#136,#137,#138,
    #139,#140),.UNSPECIFIED.,.F.,.F.,(4,2,2,2,2,2,2,2,2,2,2,2,2,2,2,2,4)
  ,(114.26580043357,119.00764184508,123.7494832566,128.49132466811,
    133.23316607962,137.97500749113,142.71684890264,147.45869031416,
    152.20053172567,156.94237313718,161.68421454869,166.4260559602,
    171.16789737172,175.90973878323,180.65158019474,185.39342160625,
    190.13526301776),.UNSPECIFIED.);
#107 = CARTESIAN_POINT('',(-175.4378941584,271.83785312056,
    65.670898346474));
#108 = CARTESIAN_POINT('',(-175.6382451154,271.63750216353,
    67.225909274063));
#109 = CARTESIAN_POINT('',(-175.7302967097,271.54545056923,
    68.808787520641));
#110 = CARTESIAN_POINT('',(-175.6942726991,271.58147457981,
    71.969604587295));
#111 = CARTESIAN_POINT('',(-175.566197985,271.70954929393,73.54746524994
    ));
#112 = CARTESIAN_POINT('',(-175.0948324323,272.1809148466,
    76.637609100803));
#113 = CARTESIAN_POINT('',(-174.7515532492,272.52419402971,
    78.149815879125));
#114 = CARTESIAN_POINT('',(-173.8629604683,273.41278681064,
    81.050534018982));
#115 = CARTESIAN_POINT('',(-173.3176688427,273.95807843625,
    82.438973654545));
#116 = CARTESIAN_POINT('',(-172.0459969558,275.22975032318,
    85.038793112022));
#117 = CARTESIAN_POINT('',(-171.319648139,275.95609913992,
    86.250108648277));
#118 = CARTESIAN_POINT('',(-169.7137667835,277.56198049541,
    88.449119819619));
#119 = CARTESIAN_POINT('',(-168.8342739534,278.44147332559,
    89.436761079822));
#120 = CARTESIAN_POINT('',(-166.9558962492,280.31985102973,
    91.150457198934));
#121 = CARTESIAN_POINT('',(-165.9570578218,281.31868945711,
    91.87646968333));
#122 = CARTESIAN_POINT('',(-163.8783687708,283.39737850815,
    93.038994369407));
#123 = CARTESIAN_POINT('',(-162.7985695468,284.47717773212,
    93.475477825374));
#124 = CARTESIAN_POINT('',(-160.5994520034,286.67629527556,
    94.042155906681));
#125 = CARTESIAN_POINT('',(-159.4801880614,287.7955592175,
    94.172336519788));
#126 = CARTESIAN_POINT('',(-157.2451528795,290.03059439942,
    94.121390875457));
#127 = CARTESIAN_POINT('',(-156.1294369052,291.14631037375,
    93.94026587775));
#128 = CARTESIAN_POINT('',(-153.9443752334,293.33137204554,
    93.273654320321));
#129 = CARTESIAN_POINT('',(-152.8750835659,294.40066371304,
    92.788184243885));
#130 = CARTESIAN_POINT('',(-150.8239660989,296.45178118005,
    91.531524281671));
#131 = CARTESIAN_POINT('',(-149.8421910173,297.43355626162,
    90.760365469288));
#132 = CARTESIAN_POINT('',(-148.0038410491,299.27190622986,
    88.961949839895));
#133 = CARTESIAN_POINT('',(-147.1473116192,300.12843565971,
    87.934737492254));
#134 = CARTESIAN_POINT('',(-145.5923759081,301.68337137087,
    85.663678299755));
#135 = CARTESIAN_POINT('',(-144.8940080756,302.38173920334,
    84.41988761131));
#136 = CARTESIAN_POINT('',(-143.6822419289,303.59350535005,
    81.763460386847));
#137 = CARTESIAN_POINT('',(-143.1688735779,304.106873701,80.350889536228
    ));
#138 = CARTESIAN_POINT('',(-142.3468444891,304.92890278982,
    77.411179288298));
#139 = CARTESIAN_POINT('',(-142.0382040775,305.23754320141,
    75.884112581116));
#140 = CARTESIAN_POINT('',(-141.8378531205,305.43789415843,
    74.329101653526));
#141 = ORIENTED_EDGE('',*,*,#142,.T.);
#142 = EDGE_CURVE('',#104,#24,#143,.T.);
#143 = B_SPLINE_CURVE_WITH_KNOTS('',3,(#144,#145,#146,#147,#148,#149,
    #150,#151,#152,#153),.UNSPECIFIED.,.F.,.F.,(4,2,2,2,4),(
    1.570796326795E+003,1.597694425132E+003,1.624592523468E+003,
    1.651490621805E+003,1.678388720141E+003),.UNSPECIFIED.);
#144 = CARTESIAN_POINT('',(-175.4378941584,271.83785312056,
    65.670898346474));
#145 = CARTESIAN_POINT('',(-169.0862460566,265.48620501881,
    65.670898346474));
#146 = CARTESIAN_POINT('',(-162.6668813372,259.20230189119,
    65.196782775162));
#147 = CARTESIAN_POINT('',(-149.7669012085,246.84260272783,
    63.305799396548));
#148 = CARTESIAN_POINT('',(-143.2863145948,240.76683428156,
    61.888935810323));
#149 = CARTESIAN_POINT('',(-130.3388382976,228.89367158718,
    58.128838200598));
#150 = CARTESIAN_POINT('',(-123.8719775157,223.0963038425,
    55.785612570436));
#151 = CARTESIAN_POINT('',(-111.0267420981,211.84699027105,
    50.199886108788));
#152 = CARTESIAN_POINT('',(-104.6483961357,206.39506955516,
    46.957397745831));
#153 = CARTESIAN_POINT('',(-98.35117618481,201.14738626274,
    43.284019441141));
#154 = TOROIDAL_SURFACE('',#155,250.,24.15);
#155 = AXIS2_PLACEMENT_3D('',#156,#157,#158);
#156 = CARTESIAN_POINT('',(-123.6308715387,323.64487574019,
    -175.0490147049));
#157 = DIRECTION('',(0.693103280084,0.693103280084,0.198029508595));
#158 = DIRECTION('',(-0.140028008403,-0.140028008403,0.98019605882));
#159 = ADVANCED_FACE('',(#160),#202,.T.);
#160 = FACE_BOUND('',#161,.T.);
#161 = EDGE_LOOP('',(#162,#163,#164,#201));
#162 = ORIENTED_EDGE('',*,*,#72,.T.);
#163 = ORIENTED_EDGE('',*,*,#142,.F.);
#164 = ORIENTED_EDGE('',*,*,#165,.F.);
#165 = EDGE_CURVE('',#89,#104,#166,.T.);
#166 = B_SPLINE_CURVE_WITH_KNOTS('',3,(#167,#168,#169,#170,#171,#172,
    #173,#174,#175,#176,#177,#178,#179,#180,#181,#182,#183,#184,#185,
    #186,#187,#188,#189,#190,#191,#192,#193,#194,#195,#196,#197,#198,
    #199,#200),.UNSPECIFIED.,.F.,.F.,(4,2,2,2,2,2,2,2,2,2,2,2,2,2,2,2,4)
  ,(190.13526301776,194.87710442928,199.61894584079,204.3607872523,
    209.10262866381,213.84447007533,218.58631148684,223.32815289835,
    228.06999430986,232.81183572137,237.55367713289,242.2955185444,
    247.03735995591,251.77920136742,256.52104277893,261.26288419045,
    266.00472560196),.UNSPECIFIED.);
#167 = CARTESIAN_POINT('',(-141.8378531205,305.43789415843,
    74.329101653526));
#168 = CARTESIAN_POINT('',(-141.6375021635,305.63824511545,
    72.774090725936));
#169 = CARTESIAN_POINT('',(-141.5454505692,305.73029670976,
    71.191212479359));
#170 = CARTESIAN_POINT('',(-141.5814745798,305.69427269918,
    68.030395412705));
#171 = CARTESIAN_POINT('',(-141.7095492939,305.56619798506,
    66.45253475006));
#172 = CARTESIAN_POINT('',(-142.1809148466,305.09483243238,
    63.362390899197));
#173 = CARTESIAN_POINT('',(-142.5241940297,304.75155324927,
    61.850184120875));
#174 = CARTESIAN_POINT('',(-143.4127868106,303.86296046835,
    58.949465981018));
#175 = CARTESIAN_POINT('',(-143.9580784362,303.31766884274,
    57.561026345455));
#176 = CARTESIAN_POINT('',(-145.2297503231,302.0459969558,
    54.961206887978));
#177 = CARTESIAN_POINT('',(-145.9560991399,301.31964813907,
    53.749891351723));
#178 = CARTESIAN_POINT('',(-147.5619804954,299.71376678357,
    51.550880180381));
#179 = CARTESIAN_POINT('',(-148.4414733255,298.8342739534,
    50.563238920178));
#180 = CARTESIAN_POINT('',(-150.3198510297,296.95589624925,
    48.849542801066));
#181 = CARTESIAN_POINT('',(-151.3186894571,295.95705782187,
    48.123530316669));
#182 = CARTESIAN_POINT('',(-153.3973785081,293.87836877084,
    46.961005630593));
#183 = CARTESIAN_POINT('',(-154.4771777321,292.79856954686,
    46.524522174626));
#184 = CARTESIAN_POINT('',(-156.6762952755,290.59945200343,
    45.957844093319));
#185 = CARTESIAN_POINT('',(-157.7955592175,289.48018806148,
    45.827663480211));
#186 = CARTESIAN_POINT('',(-160.0305943994,287.24515287956,
    45.878609124543));
#187 = CARTESIAN_POINT('',(-161.1463103737,286.12943690524,
    46.05973412225));
#188 = CARTESIAN_POINT('',(-163.3313720455,283.94437523345,
    46.726345679679));
#189 = CARTESIAN_POINT('',(-164.400663713,282.87508356594,
    47.211815756115));
#190 = CARTESIAN_POINT('',(-166.45178118,280.82396609894,48.468475718329
    ));
#191 = CARTESIAN_POINT('',(-167.4335562616,279.84219101736,
    49.239634530711));
#192 = CARTESIAN_POINT('',(-169.2719062298,278.00384104912,
    51.038050160105));
#193 = CARTESIAN_POINT('',(-170.1284356597,277.14731161928,
    52.065262507746));
#194 = CARTESIAN_POINT('',(-171.6833713708,275.59237590812,
    54.336321700245));
#195 = CARTESIAN_POINT('',(-172.3817392033,274.89400807565,
    55.58011238869));
#196 = CARTESIAN_POINT('',(-173.59350535,273.68224192893,58.236539613153
    ));
#197 = CARTESIAN_POINT('',(-174.106873701,273.16887357799,
    59.649110463772));
#198 = CARTESIAN_POINT('',(-174.9289027898,272.34684448917,
    62.588820711702));
#199 = CARTESIAN_POINT('',(-175.2375432014,272.03820407758,
    64.115887418884));
#200 = CARTESIAN_POINT('',(-175.4378941584,271.83785312056,
    65.670898346474));
#201 = ORIENTED_EDGE('',*,*,#88,.T.);
#202 = TOROIDAL_SURFACE('',#203,250.,24.15);
#203 = AXIS2_PLACEMENT_3D('',#204,#205,#206);
#204 = CARTESIAN_POINT('',(-123.6308715387,323.64487574019,
    -175.0490147049));
#205 = DIRECTION('',(0.693103280084,0.693103280084,0.198029508595));
#206 = DIRECTION('',(-0.140028008403,-0.140028008403,0.98019605882));
#207 = ADVANCED_FACE('',(#208),#234,.T.);
#208 = FACE_BOUND('',#209,.T.);
#209 = EDGE_LOOP('',(#210,#218,#219,#227));
#210 = ORIENTED_EDGE('',*,*,#211,.F.);
#211 = EDGE_CURVE('',#104,#212,#214,.T.);
#212 = VERTEX_POINT('',#213);
#213 = CARTESIAN_POINT('',(-178.2213767562,274.62133571837,
    65.670898346474));
#214 = LINE('',#215,#216);
#215 = CARTESIAN_POINT('',(-175.4378941584,271.83785312056,
    65.670898346474));
#216 = VECTOR('',#217,1.);
#217 = DIRECTION('',(-0.707106781187,0.707106781187,0.E+000));
#218 = ORIENTED_EDGE('',*,*,#103,.T.);
#219 = ORIENTED_EDGE('',*,*,#220,.T.);
#220 = EDGE_CURVE('',#89,#221,#223,.T.);
#221 = VERTEX_POINT('',#222);
#222 = CARTESIAN_POINT('',(-144.6213357183,308.22137675624,
    74.329101653526));
#223 = LINE('',#224,#225);
#224 = CARTESIAN_POINT('',(-141.8378531205,305.43789415843,
    74.329101653526));
#225 = VECTOR('',#226,1.);
#226 = DIRECTION('',(-0.707106781187,0.707106781187,0.E+000));
#227 = ORIENTED_EDGE('',*,*,#228,.F.);
#228 = EDGE_CURVE('',#212,#221,#229,.T.);
#229 = CIRCLE('',#230,24.15);
#230 = AXIS2_PLACEMENT_3D('',#231,#232,#233);
#231 = CARTESIAN_POINT('',(-161.4213562373,291.42135623731,70.));
#232 = DIRECTION('',(-0.707106781187,0.707106781187,0.E+000));
#233 = DIRECTION('',(-0.695653023558,-0.695653023558,-0.179258867641));
#234 = CYLINDRICAL_SURFACE('',#235,24.15);
#235 = AXIS2_PLACEMENT_3D('',#236,#237,#238);
#236 = CARTESIAN_POINT('',(-160.0296149384,290.0296149384,70.));
#237 = DIRECTION('',(-0.707106781187,0.707106781187,0.E+000));
#238 = DIRECTION('',(-0.695653023558,-0.695653023558,-0.179258867641));
#239 = ADVANCED_FACE('',(#240),#252,.T.);
#240 = FACE_BOUND('',#241,.T.);
#241 = EDGE_LOOP('',(#242,#243,#244,#245));
#242 = ORIENTED_EDGE('',*,*,#220,.F.);
#243 = ORIENTED_EDGE('',*,*,#165,.T.);
#244 = ORIENTED_EDGE('',*,*,#211,.T.);
#245 = ORIENTED_EDGE('',*,*,#246,.F.);
#246 = EDGE_CURVE('',#221,#212,#247,.T.);
#247 = CIRCLE('',#248,24.15);
#248 = AXIS2_PLACEMENT_3D('',#249,#250,#251);
#249 = CARTESIAN_POINT('',(-161.4213562373,291.42135623731,70.));
#250 = DIRECTION('',(-0.707106781187,0.707106781187,0.E+000));
#251 = DIRECTION('',(0.695653023558,0.695653023558,0.179258867641));
#252 = CYLINDRICAL_SURFACE('',#253,24.15);
#253 = AXIS2_PLACEMENT_3D('',#254,#255,#256);
#254 = CARTESIAN_POINT('',(-160.0296149384,290.0296149384,70.));
#255 = DIRECTION('',(-0.707106781187,0.707106781187,0.E+000));
#256 = DIRECTION('',(-0.695653023558,-0.695653023558,-0.179258867641));
#257 = ADVANCED_FACE('',(#258),#328,.T.);
#258 = FACE_BOUND('',#259,.T.);
#259 = EDGE_LOOP('',(#260,#261,#276,#315));
#260 = ORIENTED_EDGE('',*,*,#228,.T.);
#261 = ORIENTED_EDGE('',*,*,#262,.F.);
#262 = EDGE_CURVE('',#263,#221,#265,.T.);
#263 = VERTEX_POINT('',#264);
#264 = CARTESIAN_POINT('',(-196.2411831339,432.84271247461,
    74.329101653526));
#265 = B_SPLINE_CURVE_WITH_KNOTS('',3,(#266,#267,#268,#269,#270,#271,
    #272,#273,#274,#275),.UNSPECIFIED.,.F.,.F.,(4,2,2,2,4),(0.E+000,
    39.269908169872,78.539816339745,117.80972450961,157.07963267949),
  .UNSPECIFIED.);
#266 = CARTESIAN_POINT('',(-196.2411831339,432.84271247461,
    74.329101653526));
#267 = CARTESIAN_POINT('',(-196.2411831339,421.30775401225,
    74.329101653526));
#268 = CARTESIAN_POINT('',(-195.1051169795,409.77308077446,
    74.329101653526));
#269 = CARTESIAN_POINT('',(-190.6043994577,387.14644583455,
    74.329101653526));
#270 = CARTESIAN_POINT('',(-187.2398593796,376.05504362057,
    74.329101653526));
#271 = CARTESIAN_POINT('',(-178.4113843864,354.74121955707,
    74.329101653526));
#272 = CARTESIAN_POINT('',(-172.9476677729,344.51932473385,
    74.329101653526));
#273 = CARTESIAN_POINT('',(-160.1307086513,325.33738985259,
    74.329101653526));
#274 = CARTESIAN_POINT('',(-152.7777830678,316.37782410569,
    74.329101653526));
#275 = CARTESIAN_POINT('',(-144.6213357183,308.22137675624,
    74.329101653526));
#276 = ORIENTED_EDGE('',*,*,#277,.F.);
#277 = EDGE_CURVE('',#278,#263,#280,.T.);
#278 = VERTEX_POINT('',#279);
#279 = CARTESIAN_POINT('',(-243.758816866,432.84271247461,
    65.670898346474));
#280 = B_SPLINE_CURVE_WITH_KNOTS('',3,(#281,#282,#283,#284,#285,#286,
    #287,#288,#289,#290,#291,#292,#293,#294,#295,#296,#297,#298,#299,
    #300,#301,#302,#303,#304,#305,#306,#307,#308,#309,#310,#311,#312,
    #313,#314),.UNSPECIFIED.,.F.,.F.,(4,2,2,2,2,2,2,2,2,2,2,2,2,2,2,2,4)
  ,(147.3862966597,152.12813807121,156.86997948272,161.61182089423,
    166.35366230575,171.09550371726,175.83734512877,180.57918654028,
    185.3210279518,190.06286936331,194.80471077482,199.54655218633,
    204.28839359784,209.03023500936,213.77207642087,218.51391783238,
    223.25575924389),.UNSPECIFIED.);
#281 = CARTESIAN_POINT('',(-243.758816866,432.84271247461,
    65.670898346474));
#282 = CARTESIAN_POINT('',(-244.0421559066,432.84271247461,
    67.225909274063));
#283 = CARTESIAN_POINT('',(-244.1723365197,432.84271247461,
    68.808787520641));
#284 = CARTESIAN_POINT('',(-244.1213908754,432.84271247461,
    71.969604587295));
#285 = CARTESIAN_POINT('',(-243.9402658777,432.84271247461,
    73.54746524994));
#286 = CARTESIAN_POINT('',(-243.2736543203,432.84271247461,
    76.637609100803));
#287 = CARTESIAN_POINT('',(-242.7881842438,432.84271247461,
    78.149815879125));
#288 = CARTESIAN_POINT('',(-241.5315242816,432.84271247461,
    81.050534018982));
#289 = CARTESIAN_POINT('',(-240.7603654692,432.84271247461,
    82.438973654545));
#290 = CARTESIAN_POINT('',(-238.9619498398,432.84271247461,
    85.038793112022));
#291 = CARTESIAN_POINT('',(-237.9347374922,432.84271247461,
    86.250108648277));
#292 = CARTESIAN_POINT('',(-235.6636782997,432.84271247461,
    88.449119819619));
#293 = CARTESIAN_POINT('',(-234.4198876113,432.84271247461,
    89.436761079822));
#294 = CARTESIAN_POINT('',(-231.7634603868,432.84271247461,
    91.150457198934));
#295 = CARTESIAN_POINT('',(-230.3508895362,432.84271247461,
    91.87646968333));
#296 = CARTESIAN_POINT('',(-227.4111792882,432.84271247461,
    93.038994369407));
#297 = CARTESIAN_POINT('',(-225.8841125811,432.84271247461,
    93.475477825374));
#298 = CARTESIAN_POINT('',(-222.7740907259,432.84271247461,
    94.042155906681));
#299 = CARTESIAN_POINT('',(-221.1912124793,432.84271247461,
    94.172336519789));
#300 = CARTESIAN_POINT('',(-218.0303954127,432.84271247461,
    94.121390875457));
#301 = CARTESIAN_POINT('',(-216.45253475,432.84271247461,93.94026587775)
  );
#302 = CARTESIAN_POINT('',(-213.3623908991,432.84271247461,
    93.273654320321));
#303 = CARTESIAN_POINT('',(-211.8501841208,432.84271247461,
    92.788184243885));
#304 = CARTESIAN_POINT('',(-208.949465981,432.84271247461,
    91.531524281671));
#305 = CARTESIAN_POINT('',(-207.5610263454,432.84271247461,
    90.760365469288));
#306 = CARTESIAN_POINT('',(-204.9612068879,432.84271247461,
    88.961949839895));
#307 = CARTESIAN_POINT('',(-203.7498913517,432.84271247461,
    87.934737492254));
#308 = CARTESIAN_POINT('',(-201.5508801803,432.84271247461,
    85.663678299755));
#309 = CARTESIAN_POINT('',(-200.5632389201,432.84271247461,
    84.41988761131));
#310 = CARTESIAN_POINT('',(-198.849542801,432.84271247461,
    81.763460386847));
#311 = CARTESIAN_POINT('',(-198.1235303166,432.84271247461,
    80.350889536228));
#312 = CARTESIAN_POINT('',(-196.9610056305,432.84271247461,
    77.411179288298));
#313 = CARTESIAN_POINT('',(-196.5245221746,432.84271247461,
    75.884112581116));
#314 = CARTESIAN_POINT('',(-196.2411831339,432.84271247461,
    74.329101653526));
#315 = ORIENTED_EDGE('',*,*,#316,.T.);
#316 = EDGE_CURVE('',#278,#212,#317,.T.);
#317 = B_SPLINE_CURVE_WITH_KNOTS('',3,(#318,#319,#320,#321,#322,#323,
    #324,#325,#326,#327),.UNSPECIFIED.,.F.,.F.,(4,2,2,2,4),(0.E+000,
    39.269908169872,78.539816339745,117.80972450961,157.07963267949),
  .UNSPECIFIED.);
#318 = CARTESIAN_POINT('',(-243.758816866,432.84271247461,
    65.670898346474));
#319 = CARTESIAN_POINT('',(-243.758816866,418.19773215707,
    65.670898346474));
#320 = CARTESIAN_POINT('',(-242.3164478687,403.55311396552,
    65.670898346474));
#321 = CARTESIAN_POINT('',(-236.6022600165,374.82595171103,
    65.670898346474));
#322 = CARTESIAN_POINT('',(-232.3305824563,360.74411798378,
    65.670898346474));
#323 = CARTESIAN_POINT('',(-221.1217997866,333.68372284496,
    65.670898346474));
#324 = CARTESIAN_POINT('',(-214.1849718364,320.70583055497,
    65.670898346474));
#325 = CARTESIAN_POINT('',(-197.9123415812,296.35211834136,
    65.670898346474));
#326 = CARTESIAN_POINT('',(-188.5769416491,284.97690061125,
    65.670898346474));
#327 = CARTESIAN_POINT('',(-178.2213767562,274.62133571837,
    65.670898346474));
#328 = TOROIDAL_SURFACE('',#329,200.,24.15);
#329 = AXIS2_PLACEMENT_3D('',#330,#331,#332);
#330 = CARTESIAN_POINT('',(-20.,432.84271247461,70.));
#331 = DIRECTION('',(0.E+000,0.E+000,1.));
#332 = DIRECTION('',(-1.,0.E+000,0.E+000));
#333 = ADVANCED_FACE('',(#334),#376,.T.);
#334 = FACE_BOUND('',#335,.T.);
#335 = EDGE_LOOP('',(#336,#337,#338,#375));
#336 = ORIENTED_EDGE('',*,*,#246,.T.);
#337 = ORIENTED_EDGE('',*,*,#316,.F.);
#338 = ORIENTED_EDGE('',*,*,#339,.F.);
#339 = EDGE_CURVE('',#263,#278,#340,.T.);
#340 = B_SPLINE_CURVE_WITH_KNOTS('',3,(#341,#342,#343,#344,#345,#346,
    #347,#348,#349,#350,#351,#352,#353,#354,#355,#356,#357,#358,#359,
    #360,#361,#362,#363,#364,#365,#366,#367,#368,#369,#370,#371,#372,
    #373,#374),.UNSPECIFIED.,.F.,.F.,(4,2,2,2,2,2,2,2,2,2,2,2,2,2,2,2,4)
  ,(223.25575924389,227.9976006554,232.73944206692,237.48128347843,
    242.22312488994,246.96496630145,251.70680771296,256.44864912448,
    261.19049053599,265.9323319475,270.67417335901,275.41601477053,
    280.15785618204,284.89969759355,289.64153900506,294.38338041657,
    299.12522182809),.UNSPECIFIED.);
#341 = CARTESIAN_POINT('',(-196.2411831339,432.84271247461,
    74.329101653526));
#342 = CARTESIAN_POINT('',(-195.9578440933,432.84271247461,
    72.774090725937));
#343 = CARTESIAN_POINT('',(-195.8276634802,432.84271247461,
    71.191212479359));
#344 = CARTESIAN_POINT('',(-195.8786091245,432.84271247461,
    68.030395412705));
#345 = CARTESIAN_POINT('',(-196.0597341222,432.84271247461,
    66.45253475006));
#346 = CARTESIAN_POINT('',(-196.7263456796,432.84271247461,
    63.362390899197));
#347 = CARTESIAN_POINT('',(-197.2118157561,432.84271247461,
    61.850184120875));
#348 = CARTESIAN_POINT('',(-198.4684757183,432.84271247461,
    58.949465981018));
#349 = CARTESIAN_POINT('',(-199.2396345307,432.84271247461,
    57.561026345455));
#350 = CARTESIAN_POINT('',(-201.0380501601,432.84271247461,
    54.961206887978));
#351 = CARTESIAN_POINT('',(-202.0652625077,432.84271247461,
    53.749891351723));
#352 = CARTESIAN_POINT('',(-204.3363217002,432.84271247461,
    51.550880180381));
#353 = CARTESIAN_POINT('',(-205.5801123886,432.84271247461,
    50.563238920178));
#354 = CARTESIAN_POINT('',(-208.2365396131,432.84271247461,
    48.849542801066));
#355 = CARTESIAN_POINT('',(-209.6491104637,432.84271247461,
    48.123530316669));
#356 = CARTESIAN_POINT('',(-212.5888207117,432.84271247461,
    46.961005630593));
#357 = CARTESIAN_POINT('',(-214.1158874188,432.84271247461,
    46.524522174626));
#358 = CARTESIAN_POINT('',(-217.225909274,432.84271247461,
    45.957844093319));
#359 = CARTESIAN_POINT('',(-218.8087875206,432.84271247461,
    45.827663480212));
#360 = CARTESIAN_POINT('',(-221.9696045872,432.84271247461,
    45.878609124543));
#361 = CARTESIAN_POINT('',(-223.5474652499,432.84271247461,
    46.05973412225));
#362 = CARTESIAN_POINT('',(-226.6376091008,432.84271247461,
    46.726345679679));
#363 = CARTESIAN_POINT('',(-228.1498158791,432.84271247461,
    47.211815756115));
#364 = CARTESIAN_POINT('',(-231.0505340189,432.84271247461,
    48.468475718329));
#365 = CARTESIAN_POINT('',(-232.4389736545,432.84271247461,
    49.239634530712));
#366 = CARTESIAN_POINT('',(-235.038793112,432.84271247461,
    51.038050160105));
#367 = CARTESIAN_POINT('',(-236.2501086482,432.84271247461,
    52.065262507746));
#368 = CARTESIAN_POINT('',(-238.4491198196,432.84271247461,
    54.336321700245));
#369 = CARTESIAN_POINT('',(-239.4367610798,432.84271247461,
    55.58011238869));
#370 = CARTESIAN_POINT('',(-241.1504571989,432.84271247461,
    58.236539613153));
#371 = CARTESIAN_POINT('',(-241.8764696833,432.84271247461,
    59.649110463772));
#372 = CARTESIAN_POINT('',(-243.0389943694,432.84271247461,
    62.588820711702));
#373 = CARTESIAN_POINT('',(-243.4754778253,432.84271247461,
    64.115887418884));
#374 = CARTESIAN_POINT('',(-243.758816866,432.84271247461,
    65.670898346474));
#375 = ORIENTED_EDGE('',*,*,#262,.T.);
#376 = TOROIDAL_SURFACE('',#377,200.,24.15);
#377 = AXIS2_PLACEMENT_3D('',#378,#379,#380);
#378 = CARTESIAN_POINT('',(-20.,432.84271247461,70.));
#379 = DIRECTION('',(0.E+000,0.E+000,1.));
#380 = DIRECTION('',(-1.,0.E+000,0.E+000));
#381 = ADVANCED_FACE('',(#382),#408,.T.);
#382 = FACE_BOUND('',#383,.T.);
#383 = EDGE_LOOP('',(#384,#392,#393,#401));
#384 = ORIENTED_EDGE('',*,*,#385,.F.);
#385 = EDGE_CURVE('',#278,#386,#388,.T.);
#386 = VERTEX_POINT('',#387);
#387 = CARTESIAN_POINT('',(-243.758816866,480.,65.670898346474));
#388 = LINE('',#389,#390);
#389 = CARTESIAN_POINT('',(-243.758816866,432.84271247461,
    65.670898346474));
#390 = VECTOR('',#391,1.);
#391 = DIRECTION('',(0.E+000,1.,0.E+000));
#392 = ORIENTED_EDGE('',*,*,#277,.T.);
#393 = ORIENTED_EDGE('',*,*,#394,.T.);
#394 = EDGE_CURVE('',#263,#395,#397,.T.);
#395 = VERTEX_POINT('',#396);
#396 = CARTESIAN_POINT('',(-196.2411831339,480.,74.329101653526));
#397 = LINE('',#398,#399);
#398 = CARTESIAN_POINT('',(-196.2411831339,432.84271247461,
    74.329101653526));
#399 = VECTOR('',#400,1.);
#400 = DIRECTION('',(0.E+000,1.,0.E+000));
#401 = ORIENTED_EDGE('',*,*,#402,.F.);
#402 = EDGE_CURVE('',#386,#395,#403,.T.);
#403 = CIRCLE('',#404,24.15);
#404 = AXIS2_PLACEMENT_3D('',#405,#406,#407);
#405 = CARTESIAN_POINT('',(-220.,480.,70.));
#406 = DIRECTION('',(0.E+000,1.,0.E+000));
#407 = DIRECTION('',(-0.983801940622,0.E+000,-0.179258867641));
#408 = CYLINDRICAL_SURFACE('',#409,24.15);
#409 = AXIS2_PLACEMENT_3D('',#410,#411,#412);
#410 = CARTESIAN_POINT('',(-220.,456.42135623731,70.));
#411 = DIRECTION('',(0.E+000,1.,0.E+000));
#412 = DIRECTION('',(-0.983801940622,0.E+000,-0.179258867641));
#413 = ADVANCED_FACE('',(#414),#426,.T.);
#414 = FACE_BOUND('',#415,.T.);
#415 = EDGE_LOOP('',(#416,#417,#418,#419));
#416 = ORIENTED_EDGE('',*,*,#394,.F.);
#417 = ORIENTED_EDGE('',*,*,#339,.T.);
#418 = ORIENTED_EDGE('',*,*,#385,.T.);
#419 = ORIENTED_EDGE('',*,*,#420,.F.);
#420 = EDGE_CURVE('',#395,#386,#421,.T.);
#421 = CIRCLE('',#422,24.15);
#422 = AXIS2_PLACEMENT_3D('',#423,#424,#425);
#423 = CARTESIAN_POINT('',(-220.,480.,70.));
#424 = DIRECTION('',(0.E+000,1.,0.E+000));
#425 = DIRECTION('',(-0.983801940622,0.E+000,-0.179258867641));
#426 = CYLINDRICAL_SURFACE('',#427,24.15);
#427 = AXIS2_PLACEMENT_3D('',#428,#429,#430);
#428 = CARTESIAN_POINT('',(-220.,456.42135623731,70.));
#429 = DIRECTION('',(0.E+000,1.,0.E+000));
#430 = DIRECTION('',(-0.983801940622,0.E+000,-0.179258867641));
#431 = ADVANCED_FACE('',(#432,#436),#456,.T.);
#432 = FACE_BOUND('',#433,.T.);
#433 = EDGE_LOOP('',(#434,#435));
#434 = ORIENTED_EDGE('',*,*,#402,.T.);
#435 = ORIENTED_EDGE('',*,*,#420,.T.);
#436 = FACE_BOUND('',#437,.T.);
#437 = EDGE_LOOP('',(#438,#449));
#438 = ORIENTED_EDGE('',*,*,#439,.F.);
#439 = EDGE_CURVE('',#440,#442,#444,.T.);
#440 = VERTEX_POINT('',#441);
#441 = CARTESIAN_POINT('',(-199.3893493439,480.,73.755473277075));
#442 = VERTEX_POINT('',#443);
#443 = CARTESIAN_POINT('',(-240.610650656,480.,66.244526722925));
#444 = CIRCLE('',#445,20.95);
#445 = AXIS2_PLACEMENT_3D('',#446,#447,#448);
#446 = CARTESIAN_POINT('',(-220.,480.,70.));
#447 = DIRECTION('',(0.E+000,1.,0.E+000));
#448 = DIRECTION('',(-0.983801940622,0.E+000,-0.179258867641));
#449 = ORIENTED_EDGE('',*,*,#450,.F.);
#450 = EDGE_CURVE('',#442,#440,#451,.T.);
#451 = CIRCLE('',#452,20.95);
#452 = AXIS2_PLACEMENT_3D('',#453,#454,#455);
#453 = CARTESIAN_POINT('',(-220.,480.,70.));
#454 = DIRECTION('',(0.E+000,1.,0.E+000));
#455 = DIRECTION('',(-0.983801940622,0.E+000,-0.179258867641));
#456 = PLANE('',#457);
#457 = AXIS2_PLACEMENT_3D('',#458,#459,#460);
#458 = CARTESIAN_POINT('',(-220.,480.,70.));
#459 = DIRECTION('',(0.E+000,1.,0.E+000));
#460 = DIRECTION('',(-0.983801940622,0.E+000,-0.179258867641));
#461 = ADVANCED_FACE('',(#462),#488,.F.);
#462 = FACE_BOUND('',#463,.F.);
#463 = EDGE_LOOP('',(#464,#472,#481,#487));
#464 = ORIENTED_EDGE('',*,*,#465,.F.);
#465 = EDGE_CURVE('',#466,#440,#468,.T.);
#466 = VERTEX_POINT('',#467);
#467 = CARTESIAN_POINT('',(-199.3893493439,432.84271247461,
    73.755473277075));
#468 = LINE('',#469,#470);
#469 = CARTESIAN_POINT('',(-199.3893493439,432.84271247461,
    73.755473277075));
#470 = VECTOR('',#471,1.);
#471 = DIRECTION('',(0.E+000,1.,0.E+000));
#472 = ORIENTED_EDGE('',*,*,#473,.T.);
#473 = EDGE_CURVE('',#466,#474,#476,.T.);
#474 = VERTEX_POINT('',#475);
#475 = CARTESIAN_POINT('',(-240.610650656,432.84271247461,
    66.244526722925));
#476 = CIRCLE('',#477,20.95);
#477 = AXIS2_PLACEMENT_3D('',#478,#479,#480);
#478 = CARTESIAN_POINT('',(-220.,432.84271247461,70.));
#479 = DIRECTION('',(0.E+000,1.,0.E+000));
#480 = DIRECTION('',(0.983801940622,-0.E+000,0.179258867641));
#481 = ORIENTED_EDGE('',*,*,#482,.T.);
#482 = EDGE_CURVE('',#474,#442,#483,.T.);
#483 = LINE('',#484,#485);
#484 = CARTESIAN_POINT('',(-240.610650656,432.84271247461,
    66.244526722925));
#485 = VECTOR('',#486,1.);
#486 = DIRECTION('',(0.E+000,1.,0.E+000));
#487 = ORIENTED_EDGE('',*,*,#439,.F.);
#488 = CYLINDRICAL_SURFACE('',#489,20.95);
#489 = AXIS2_PLACEMENT_3D('',#490,#491,#492);
#490 = CARTESIAN_POINT('',(-220.,456.42135623731,70.));
#491 = DIRECTION('',(0.E+000,1.,0.E+000));
#492 = DIRECTION('',(-0.983801940622,0.E+000,-0.179258867641));
#493 = ADVANCED_FACE('',(#494),#506,.F.);
#494 = FACE_BOUND('',#495,.F.);
#495 = EDGE_LOOP('',(#496,#497,#504,#505));
#496 = ORIENTED_EDGE('',*,*,#482,.F.);
#497 = ORIENTED_EDGE('',*,*,#498,.T.);
#498 = EDGE_CURVE('',#474,#466,#499,.T.);
#499 = CIRCLE('',#500,20.95);
#500 = AXIS2_PLACEMENT_3D('',#501,#502,#503);
#501 = CARTESIAN_POINT('',(-220.,432.84271247461,70.));
#502 = DIRECTION('',(0.E+000,1.,0.E+000));
#503 = DIRECTION('',(-0.983801940622,0.E+000,-0.179258867641));
#504 = ORIENTED_EDGE('',*,*,#465,.T.);
#505 = ORIENTED_EDGE('',*,*,#450,.F.);
#506 = CYLINDRICAL_SURFACE('',#507,20.95);
#507 = AXIS2_PLACEMENT_3D('',#508,#509,#510);
#508 = CARTESIAN_POINT('',(-220.,456.42135623731,70.));
#509 = DIRECTION('',(0.E+000,1.,0.E+000));
#510 = DIRECTION('',(-0.983801940622,0.E+000,-0.179258867641));
#511 = ADVANCED_FACE('',(#512),#582,.F.);
#512 = FACE_BOUND('',#513,.F.);
#513 = EDGE_LOOP('',(#514,#555,#568,#569));
#514 = ORIENTED_EDGE('',*,*,#515,.T.);
#515 = EDGE_CURVE('',#516,#518,#520,.T.);
#516 = VERTEX_POINT('',#517);
#517 = CARTESIAN_POINT('',(-146.8474253937,305.99528708086,
    73.755473277075));
#518 = VERTEX_POINT('',#519);
#519 = CARTESIAN_POINT('',(-175.9952870808,276.84742539375,
    66.244526722925));
#520 = B_SPLINE_CURVE_WITH_KNOTS('',3,(#521,#522,#523,#524,#525,#526,
    #527,#528,#529,#530,#531,#532,#533,#534,#535,#536,#537,#538,#539,
    #540,#541,#542,#543,#544,#545,#546,#547,#548,#549,#550,#551,#552,
    #553,#554),.UNSPECIFIED.,.F.,.F.,(4,2,2,2,2,2,2,2,2,2,2,2,2,2,2,2,4)
  ,(193.67321557596,197.78673845676,201.90026133755,206.01378421835,
    210.12730709914,214.24082997993,218.35435286073,222.46787574152,
    226.58139862232,230.69492150311,234.80844438391,238.9219672647,
    243.03549014549,247.14901302629,251.26253590708,255.37605878788,
    259.48958166867),.UNSPECIFIED.);
#521 = CARTESIAN_POINT('',(-146.8474253937,305.99528708086,
    73.755473277075));
#522 = CARTESIAN_POINT('',(-146.6736219755,306.16909049906,
    72.406509346102));
#523 = CARTESIAN_POINT('',(-146.5937676939,306.24894478066,
    71.033370660148));
#524 = CARTESIAN_POINT('',(-146.6250183366,306.21769413794,
    68.291378215162));
#525 = CARTESIAN_POINT('',(-146.7361224882,306.10658998636,
    66.922592257298));
#526 = CARTESIAN_POINT('',(-147.1450296654,305.69768280919,
    64.241908461208));
#527 = CARTESIAN_POINT('',(-147.4428225799,305.39988989465,
    62.930076908171));
#528 = CARTESIAN_POINT('',(-148.213672218,304.62904025654,
    60.413718935914));
#529 = CARTESIAN_POINT('',(-148.6867098808,304.15600259374,
    59.209254738604));
#530 = CARTESIAN_POINT('',(-149.7898786606,303.05283381398,
    56.953924815865));
#531 = CARTESIAN_POINT('',(-150.4199824995,302.42272997503,
    55.903114857913));
#532 = CARTESIAN_POINT('',(-151.8130762634,301.02963621116,
    53.995484048819));
#533 = CARTESIAN_POINT('',(-152.5760317413,300.26668073322,
    53.138710367608));
#534 = CARTESIAN_POINT('',(-154.2055146772,298.63719779732,
    51.652087854341));
#535 = CARTESIAN_POINT('',(-155.072001843,297.77071063154,
    51.022275781955));
#536 = CARTESIAN_POINT('',(-156.8752538355,295.96745863903,
    50.013791633992));
#537 = CARTESIAN_POINT('',(-157.8119740733,295.03073840126,
    49.635144495172));
#538 = CARTESIAN_POINT('',(-159.7196971596,293.12301531492,
    49.143554192755));
#539 = CARTESIAN_POINT('',(-160.690652836,292.15205963857,
    49.030623184697));
#540 = CARTESIAN_POINT('',(-162.6295342878,290.21317818676,
    49.074818267461));
#541 = CARTESIAN_POINT('',(-163.5974121206,289.24530035396,
    49.231943265472));
#542 = CARTESIAN_POINT('',(-165.492941811,287.34977066353,49.81022534117
    ));
#543 = CARTESIAN_POINT('',(-166.420546798,286.42216567661,
    50.231368119694));
#544 = CARTESIAN_POINT('',(-168.199880584,284.64283189053,
    51.321514132463));
#545 = CARTESIAN_POINT('',(-169.0515653856,283.79114708892,51.9904904107
    ));
#546 = CARTESIAN_POINT('',(-170.6463244678,282.19638800673,
    53.55060666063));
#547 = CARTESIAN_POINT('',(-171.3893593148,281.45335315973,
    54.441708055374));
#548 = CARTESIAN_POINT('',(-172.7382579959,280.10445447862,
    56.411840149902));
#549 = CARTESIAN_POINT('',(-173.3440884759,279.49862399869,
    57.490822134288));
#550 = CARTESIAN_POINT('',(-174.3952893361,278.44742313849,
    59.795259001886));
#551 = CARTESIAN_POINT('',(-174.8406337233,278.00207875124,
    61.020656903355));
#552 = CARTESIAN_POINT('',(-175.5537397031,277.28897277149,
    63.570840327543));
#553 = CARTESIAN_POINT('',(-175.8214836626,277.02122881196,
    64.895562791952));
#554 = CARTESIAN_POINT('',(-175.9952870808,276.84742539375,
    66.244526722925));
#555 = ORIENTED_EDGE('',*,*,#556,.F.);
#556 = EDGE_CURVE('',#474,#518,#557,.T.);
#557 = B_SPLINE_CURVE_WITH_KNOTS('',3,(#558,#559,#560,#561,#562,#563,
    #564,#565,#566,#567),.UNSPECIFIED.,.F.,.F.,(4,2,2,2,4),(0.E+000,
    39.269908169872,78.539816339745,117.80972450961,157.07963267949),
  .UNSPECIFIED.);
#558 = CARTESIAN_POINT('',(-240.610650656,432.84271247461,
    66.244526722925));
#559 = CARTESIAN_POINT('',(-240.610650656,418.40377915368,
    66.244526722925));
#560 = CARTESIAN_POINT('',(-239.1885750147,403.96520286383,
    66.244526722925));
#561 = CARTESIAN_POINT('',(-233.5547827124,375.64221633205,
    66.244526722925));
#562 = CARTESIAN_POINT('',(-229.343205358,361.75850643177,
    66.244526722925));
#563 = CARTESIAN_POINT('',(-218.2921242321,335.07883649876,
    66.244526722925));
#564 = CARTESIAN_POINT('',(-211.4528937204,322.28353617345,
    66.244526722925));
#565 = CARTESIAN_POINT('',(-195.4092106211,298.27246759262,
    66.244526722925));
#566 = CARTESIAN_POINT('',(-186.2051547451,287.05729305809,
    66.244526722925));
#567 = CARTESIAN_POINT('',(-175.9952870808,276.84742539375,
    66.244526722925));
#568 = ORIENTED_EDGE('',*,*,#473,.F.);
#569 = ORIENTED_EDGE('',*,*,#570,.T.);
#570 = EDGE_CURVE('',#466,#516,#571,.T.);
#571 = B_SPLINE_CURVE_WITH_KNOTS('',3,(#572,#573,#574,#575,#576,#577,
    #578,#579,#580,#581),.UNSPECIFIED.,.F.,.F.,(4,2,2,2,4),(0.E+000,
    39.269908169872,78.539816339745,117.80972450961,157.07963267949),
  .UNSPECIFIED.);
#572 = CARTESIAN_POINT('',(-199.3893493439,432.84271247461,
    73.755473277075));
#573 = CARTESIAN_POINT('',(-199.3893493439,421.10170701563,
    73.755473277075));
#574 = CARTESIAN_POINT('',(-198.2329898334,409.36099187614,
    73.755473277075));
#575 = CARTESIAN_POINT('',(-193.6518767618,386.33018121353,
    73.755473277075));
#576 = CARTESIAN_POINT('',(-190.2272364778,375.04065517259,
    73.755473277075));
#577 = CARTESIAN_POINT('',(-181.2410599409,353.34610590327,
    73.755473277075));
#578 = CARTESIAN_POINT('',(-175.6797458889,342.94161911538,
    73.755473277075));
#579 = CARTESIAN_POINT('',(-162.6338396114,323.41704060133,
    73.755473277075));
#580 = CARTESIAN_POINT('',(-155.1495699717,314.29743165885,
    73.755473277075));
#581 = CARTESIAN_POINT('',(-146.8474253937,305.99528708086,
    73.755473277075));
#582 = TOROIDAL_SURFACE('',#583,200.,20.95);
#583 = AXIS2_PLACEMENT_3D('',#584,#585,#586);
#584 = CARTESIAN_POINT('',(-20.,432.84271247461,70.));
#585 = DIRECTION('',(0.E+000,0.E+000,1.));
#586 = DIRECTION('',(-1.,0.E+000,0.E+000));
#587 = ADVANCED_FACE('',(#588),#630,.F.);
#588 = FACE_BOUND('',#589,.F.);
#589 = EDGE_LOOP('',(#590,#627,#628,#629));
#590 = ORIENTED_EDGE('',*,*,#591,.T.);
#591 = EDGE_CURVE('',#518,#516,#592,.T.);
#592 = B_SPLINE_CURVE_WITH_KNOTS('',3,(#593,#594,#595,#596,#597,#598,
    #599,#600,#601,#602,#603,#604,#605,#606,#607,#608,#609,#610,#611,
    #612,#613,#614,#615,#616,#617,#618,#619,#620,#621,#622,#623,#624,
    #625,#626),.UNSPECIFIED.,.F.,.F.,(4,2,2,2,2,2,2,2,2,2,2,2,2,2,2,2,4)
  ,(127.85684948326,131.97037236405,136.08389524485,140.19741812564,
    144.31094100643,148.42446388723,152.53798676802,156.65150964882,
    160.76503252961,164.8785554104,168.9920782912,173.10560117199,
    177.21912405279,181.33264693358,185.44616981438,189.55969269517,
    193.67321557596),.UNSPECIFIED.);
#593 = CARTESIAN_POINT('',(-175.9952870808,276.84742539375,
    66.244526722925));
#594 = CARTESIAN_POINT('',(-176.169090499,276.67362197555,
    67.593490653898));
#595 = CARTESIAN_POINT('',(-176.2489447806,276.59376769395,
    68.966629339852));
#596 = CARTESIAN_POINT('',(-176.2176941379,276.62501833667,
    71.708621784837));
#597 = CARTESIAN_POINT('',(-176.1065899863,276.73612248825,
    73.077407742702));
#598 = CARTESIAN_POINT('',(-175.6976828091,277.14502966542,
    75.758091538792));
#599 = CARTESIAN_POINT('',(-175.3998898946,277.44282257996,
    77.069923091829));
#600 = CARTESIAN_POINT('',(-174.6290402565,278.21367221807,
    79.586281064086));
#601 = CARTESIAN_POINT('',(-174.1560025937,278.68670988087,
    80.790745261396));
#602 = CARTESIAN_POINT('',(-173.0528338139,279.78987866063,
    83.046075184135));
#603 = CARTESIAN_POINT('',(-172.422729975,280.41998249958,
    84.096885142087));
#604 = CARTESIAN_POINT('',(-171.0296362111,281.81307626345,
    86.004515951181));
#605 = CARTESIAN_POINT('',(-170.2666807332,282.57603174139,
    86.861289632392));
#606 = CARTESIAN_POINT('',(-168.6371977973,284.20551467729,
    88.347912145659));
#607 = CARTESIAN_POINT('',(-167.7707106315,285.07200184307,
    88.977724218045));
#608 = CARTESIAN_POINT('',(-165.967458639,286.87525383558,
    89.986208366008));
#609 = CARTESIAN_POINT('',(-165.0307384012,287.81197407335,
    90.364855504828));
#610 = CARTESIAN_POINT('',(-163.1230153149,289.71969715969,
    90.856445807245));
#611 = CARTESIAN_POINT('',(-162.1520596385,290.69065283604,
    90.969376815303));
#612 = CARTESIAN_POINT('',(-160.2131781867,292.62953428785,
    90.925181732539));
#613 = CARTESIAN_POINT('',(-159.2453003539,293.59741212065,
    90.768056734528));
#614 = CARTESIAN_POINT('',(-157.3497706635,295.49294181108,
    90.18977465883));
#615 = CARTESIAN_POINT('',(-156.4221656766,296.420546798,89.768631880306
    ));
#616 = CARTESIAN_POINT('',(-154.6428318905,298.19988058408,
    88.678485867537));
#617 = CARTESIAN_POINT('',(-153.7911470889,299.05156538569,88.0095095893
    ));
#618 = CARTESIAN_POINT('',(-152.1963880067,300.64632446788,
    86.44939333937));
#619 = CARTESIAN_POINT('',(-151.4533531597,301.38935931488,
    85.558291944626));
#620 = CARTESIAN_POINT('',(-150.1044544786,302.73825799599,
    83.588159850098));
#621 = CARTESIAN_POINT('',(-149.4986239986,303.34408847592,
    82.509177865712));
#622 = CARTESIAN_POINT('',(-148.4474231384,304.39528933612,
    80.204740998114));
#623 = CARTESIAN_POINT('',(-148.0020787512,304.84063372337,
    78.979343096645));
#624 = CARTESIAN_POINT('',(-147.2889727714,305.55373970312,
    76.429159672457));
#625 = CARTESIAN_POINT('',(-147.0212288119,305.82148366265,
    75.104437208048));
#626 = CARTESIAN_POINT('',(-146.8474253937,305.99528708086,
    73.755473277075));
#627 = ORIENTED_EDGE('',*,*,#570,.F.);
#628 = ORIENTED_EDGE('',*,*,#498,.F.);
#629 = ORIENTED_EDGE('',*,*,#556,.T.);
#630 = TOROIDAL_SURFACE('',#631,200.,20.95);
#631 = AXIS2_PLACEMENT_3D('',#632,#633,#634);
#632 = CARTESIAN_POINT('',(-20.,432.84271247461,70.));
#633 = DIRECTION('',(0.E+000,0.E+000,1.));
#634 = DIRECTION('',(-1.,0.E+000,0.E+000));
#635 = ADVANCED_FACE('',(#636),#662,.F.);
#636 = FACE_BOUND('',#637,.F.);
#637 = EDGE_LOOP('',(#638,#646,#655,#661));
#638 = ORIENTED_EDGE('',*,*,#639,.F.);
#639 = EDGE_CURVE('',#640,#516,#642,.T.);
#640 = VERTEX_POINT('',#641);
#641 = CARTESIAN_POINT('',(-144.0639427959,303.21180448304,
    73.755473277075));
#642 = LINE('',#643,#644);
#643 = CARTESIAN_POINT('',(-144.0639427959,303.21180448304,
    73.755473277075));
#644 = VECTOR('',#645,1.);
#645 = DIRECTION('',(-0.707106781187,0.707106781187,0.E+000));
#646 = ORIENTED_EDGE('',*,*,#647,.T.);
#647 = EDGE_CURVE('',#640,#648,#650,.T.);
#648 = VERTEX_POINT('',#649);
#649 = CARTESIAN_POINT('',(-173.211804483,274.06394279594,
    66.244526722925));
#650 = CIRCLE('',#651,20.95);
#651 = AXIS2_PLACEMENT_3D('',#652,#653,#654);
#652 = CARTESIAN_POINT('',(-158.6378736394,288.63787363949,70.));
#653 = DIRECTION('',(-0.707106781187,0.707106781187,0.E+000));
#654 = DIRECTION('',(0.695653023558,0.695653023558,0.179258867641));
#655 = ORIENTED_EDGE('',*,*,#656,.T.);
#656 = EDGE_CURVE('',#648,#518,#657,.T.);
#657 = LINE('',#658,#659);
#658 = CARTESIAN_POINT('',(-173.211804483,274.06394279594,
    66.244526722925));
#659 = VECTOR('',#660,1.);
#660 = DIRECTION('',(-0.707106781187,0.707106781187,0.E+000));
#661 = ORIENTED_EDGE('',*,*,#515,.F.);
#662 = CYLINDRICAL_SURFACE('',#663,20.95);
#663 = AXIS2_PLACEMENT_3D('',#664,#665,#666);
#664 = CARTESIAN_POINT('',(-160.0296149384,290.0296149384,70.));
#665 = DIRECTION('',(-0.707106781187,0.707106781187,0.E+000));
#666 = DIRECTION('',(-0.695653023558,-0.695653023558,-0.179258867641));
#667 = ADVANCED_FACE('',(#668),#680,.F.);
#668 = FACE_BOUND('',#669,.F.);
#669 = EDGE_LOOP('',(#670,#671,#678,#679));
#670 = ORIENTED_EDGE('',*,*,#656,.F.);
#671 = ORIENTED_EDGE('',*,*,#672,.T.);
#672 = EDGE_CURVE('',#648,#640,#673,.T.);
#673 = CIRCLE('',#674,20.95);
#674 = AXIS2_PLACEMENT_3D('',#675,#676,#677);
#675 = CARTESIAN_POINT('',(-158.6378736394,288.63787363949,70.));
#676 = DIRECTION('',(-0.707106781187,0.707106781187,0.E+000));
#677 = DIRECTION('',(-0.695653023558,-0.695653023558,-0.179258867641));
#678 = ORIENTED_EDGE('',*,*,#639,.T.);
#679 = ORIENTED_EDGE('',*,*,#591,.F.);
#680 = CYLINDRICAL_SURFACE('',#681,20.95);
#681 = AXIS2_PLACEMENT_3D('',#682,#683,#684);
#682 = CARTESIAN_POINT('',(-160.0296149384,290.0296149384,70.));
#683 = DIRECTION('',(-0.707106781187,0.707106781187,0.E+000));
#684 = DIRECTION('',(-0.695653023558,-0.695653023558,-0.179258867641));
#685 = ADVANCED_FACE('',(#686),#756,.F.);
#686 = FACE_BOUND('',#687,.F.);
#687 = EDGE_LOOP('',(#688,#729,#742,#743));
#688 = ORIENTED_EDGE('',*,*,#689,.T.);
#689 = EDGE_CURVE('',#690,#692,#694,.T.);
#690 = VERTEX_POINT('',#691);
#691 = CARTESIAN_POINT('',(-67.242528563,232.76462785448,51.445641661754
    ));
#692 = VERTEX_POINT('',#693);
#693 = CARTESIAN_POINT('',(-96.14391072162,203.39073821604,
    43.863114587615));
#694 = B_SPLINE_CURVE_WITH_KNOTS('',3,(#695,#696,#697,#698,#699,#700,
    #701,#702,#703,#704,#705,#706,#707,#708,#709,#710,#711,#712,#713,
    #714,#715,#716,#717,#718,#719,#720,#721,#722,#723,#724,#725,#726,
    #727,#728),.UNSPECIFIED.,.F.,.F.,(4,2,2,2,2,2,2,2,2,2,2,2,2,2,2,2,4)
  ,(164.94135653094,169.05487941173,173.16840229253,177.28192517332,
    181.39544805411,185.50897093491,189.6224938157,193.7360166965,
    197.84953957729,201.96306245809,206.07658533888,210.19010821967,
    214.30363110047,218.41715398126,222.53067686206,226.64419974285,
    230.75772262364),.UNSPECIFIED.);
#695 = CARTESIAN_POINT('',(-67.242528563,232.76462785448,51.445641661754
    ));
#696 = CARTESIAN_POINT('',(-67.49066618125,233.32536185732,
    50.219214312134));
#697 = CARTESIAN_POINT('',(-67.83194808842,233.79140865792,
    48.968378470413));
#698 = CARTESIAN_POINT('',(-68.68771864031,234.51626359143,
    46.465836190733));
#699 = CARTESIAN_POINT('',(-69.20218612441,234.77505380087,
    45.214191633064));
#700 = CARTESIAN_POINT('',(-70.38456520931,235.07543989362,
    42.758133069312));
#701 = CARTESIAN_POINT('',(-71.05244757345,235.1170283493,
    41.553779794117));
#702 = CARTESIAN_POINT('',(-72.5159970262,234.98140193221,
    39.238589899523));
#703 = CARTESIAN_POINT('',(-73.31162792567,234.80419041308,
    38.127810527758));
#704 = CARTESIAN_POINT('',(-75.00010436158,234.23776353329,
    36.042460751599));
#705 = CARTESIAN_POINT('',(-75.89290814712,233.84856217866,
    35.067941911588));
#706 = CARTESIAN_POINT('',(-77.74142436366,232.87310230352,
    33.292571076284));
#707 = CARTESIAN_POINT('',(-78.69709108647,232.28686790318,
    32.491762980533));
#708 = CARTESIAN_POINT('',(-80.63460964211,230.93986140863,
    31.094597591644));
#709 = CARTESIAN_POINT('',(-81.61641356598,230.17912262182,
    30.498274846175));
#710 = CARTESIAN_POINT('',(-83.56847670919,228.51233421205,
    29.533007186058));
#711 = CARTESIAN_POINT('',(-84.53868765992,227.60632580372,
    29.164086139556));
#712 = CARTESIAN_POINT('',(-86.43027869884,225.68380922256,
    28.667810903061));
#713 = CARTESIAN_POINT('',(-87.35161201371,224.66734858775,
    28.540468984451));
#714 = CARTESIAN_POINT('',(-89.11003816553,222.56298506926,
    28.532257750602));
#715 = CARTESIAN_POINT('',(-89.94708752192,221.47513422012,
    28.651388638401));
#716 = CARTESIAN_POINT('',(-91.50477345576,219.26979327418,
    29.13155696031));
#717 = CARTESIAN_POINT('',(-92.22537151635,218.15235770878,
    29.49258252131));
#718 = CARTESIAN_POINT('',(-93.52245623533,215.93078935116,
    30.442677799647));
#719 = CARTESIAN_POINT('',(-94.09891082076,214.8267114916,
    31.031724024004));
#720 = CARTESIAN_POINT('',(-95.08554808655,212.67428934843,
    32.415234630042));
#721 = CARTESIAN_POINT('',(-95.49570637036,211.62599828769,
    33.209664801696));
#722 = CARTESIAN_POINT('',(-96.13398026615,209.62543873482,
    34.973423198727));
#723 = CARTESIAN_POINT('',(-96.36208009554,208.67321971048,
    35.942707811701));
#724 = CARTESIAN_POINT('',(-96.62746211345,206.90140312961,
    38.018933753654));
#725 = CARTESIAN_POINT('',(-96.66473773989,206.08184938475,
    39.125823743854));
#726 = CARTESIAN_POINT('',(-96.54702939781,204.60686569344,
    41.434729032141));
#727 = CARTESIAN_POINT('',(-96.39204833987,203.95147221887,
    42.636687237994));
#728 = CARTESIAN_POINT('',(-96.14391072162,203.39073821604,
    43.863114587615));
#729 = ORIENTED_EDGE('',*,*,#730,.F.);
#730 = EDGE_CURVE('',#648,#692,#731,.T.);
#731 = B_SPLINE_CURVE_WITH_KNOTS('',3,(#732,#733,#734,#735,#736,#737,
    #738,#739,#740,#741),.UNSPECIFIED.,.F.,.F.,(4,2,2,2,4),(
    1.570796326795E+003,1.597694425132E+003,1.624592523468E+003,
    1.651490621805E+003,1.678388720141E+003),.UNSPECIFIED.);
#732 = CARTESIAN_POINT('',(-173.211804483,274.06394279594,
    66.244526722925));
#733 = CARTESIAN_POINT('',(-166.8617074237,267.71384573664,
    66.244526722925));
#734 = CARTESIAN_POINT('',(-160.4439102828,261.43147710847,
    65.770526928395));
#735 = CARTESIAN_POINT('',(-147.5470802683,249.07479612523,
    63.880005318984));
#736 = CARTESIAN_POINT('',(-141.0680761832,243.0005113529,62.46348772415
    ));
#737 = CARTESIAN_POINT('',(-128.1237615985,231.13024802874,
    58.70430831249));
#738 = CARTESIAN_POINT('',(-121.6584799935,225.33429597386,
    56.361654886953));
#739 = CARTESIAN_POINT('',(-108.8163813216,214.08772943162,
    50.777292433307));
#740 = CARTESIAN_POINT('',(-102.4395929211,208.63714004899,
    47.535595870684));
#741 = CARTESIAN_POINT('',(-96.14391072162,203.39073821604,
    43.863114587615));
#742 = ORIENTED_EDGE('',*,*,#647,.F.);
#743 = ORIENTED_EDGE('',*,*,#744,.T.);
#744 = EDGE_CURVE('',#640,#690,#745,.T.);
#745 = B_SPLINE_CURVE_WITH_KNOTS('',3,(#746,#747,#748,#749,#750,#751,
    #752,#753,#754,#755),.UNSPECIFIED.,.F.,.F.,(4,2,2,2,4),(
    1.570796326795E+003,1.597694425132E+003,1.624592523468E+003,
    1.651490621805E+003,1.678388720141E+003),.UNSPECIFIED.);
#746 = CARTESIAN_POINT('',(-144.0639427959,303.21180448304,
    73.755473277075));
#747 = CARTESIAN_POINT('',(-137.7341546986,296.88201638578,
    73.755473277075));
#748 = CARTESIAN_POINT('',(-131.3368830391,290.61974010972,
    73.282989434781));
#749 = CARTESIAN_POINT('',(-118.4812998321,278.30257842243,
    71.398514115883));
#750 = CARTESIAN_POINT('',(-112.0230169811,272.24772050574,
    69.986526845829));
#751 = CARTESIAN_POINT('',(-99.1201010698,260.41542081033,
    66.239370090086));
#752 = CARTESIAN_POINT('',(-92.6754968115,254.63800544381,
    63.904208968847));
#753 = CARTESIAN_POINT('',(-79.8744699047,243.42740781525,
    58.337706494984));
#754 = CARTESIAN_POINT('',(-73.51807583081,237.99425057766,
    55.106377567977));
#755 = CARTESIAN_POINT('',(-67.242528563,232.76462785448,51.445641661754
    ));
#756 = TOROIDAL_SURFACE('',#757,250.,20.95);
#757 = AXIS2_PLACEMENT_3D('',#758,#759,#760);
#758 = CARTESIAN_POINT('',(-123.6308715387,323.64487574019,
    -175.0490147049));
#759 = DIRECTION('',(0.693103280084,0.693103280084,0.198029508595));
#760 = DIRECTION('',(-0.140028008403,-0.140028008403,0.98019605882));
#761 = ADVANCED_FACE('',(#762),#804,.F.);
#762 = FACE_BOUND('',#763,.F.);
#763 = EDGE_LOOP('',(#764,#801,#802,#803));
#764 = ORIENTED_EDGE('',*,*,#765,.T.);
#765 = EDGE_CURVE('',#692,#690,#766,.T.);
#766 = B_SPLINE_CURVE_WITH_KNOTS('',3,(#767,#768,#769,#770,#771,#772,
    #773,#774,#775,#776,#777,#778,#779,#780,#781,#782,#783,#784,#785,
    #786,#787,#788,#789,#790,#791,#792,#793,#794,#795,#796,#797,#798,
    #799,#800),.UNSPECIFIED.,.F.,.F.,(4,2,2,2,2,2,2,2,2,2,2,2,2,2,2,2,4)
  ,(99.124990438237,103.23851331903,107.35203619982,111.46555908061,
    115.57908196141,119.6926048422,123.806127723,127.91965060379,
    132.03317348459,136.14669636538,140.26021924617,144.37374212697,
    148.48726500776,152.60078788856,156.71431076935,160.82783365014,
    164.94135653094),.UNSPECIFIED.);
#767 = CARTESIAN_POINT('',(-96.14391072162,203.39073821604,
    43.863114587615));
#768 = CARTESIAN_POINT('',(-95.89577310337,202.8300042132,
    45.089541937235));
#769 = CARTESIAN_POINT('',(-95.5544911962,202.3639574126,46.340377778956
    ));
#770 = CARTESIAN_POINT('',(-94.69872064431,201.63910247909,
    48.842920058636));
#771 = CARTESIAN_POINT('',(-94.18425316021,201.38031226965,
    50.094564616305));
#772 = CARTESIAN_POINT('',(-93.00187407532,201.07992617689,
    52.550623180057));
#773 = CARTESIAN_POINT('',(-92.33399171118,201.03833772122,
    53.754976455253));
#774 = CARTESIAN_POINT('',(-90.87044225842,201.17396413831,
    56.070166349846));
#775 = CARTESIAN_POINT('',(-90.07481135895,201.35117565744,
    57.180945721612));
#776 = CARTESIAN_POINT('',(-88.38633492304,201.91760253723,
    59.266295497771));
#777 = CARTESIAN_POINT('',(-87.49353113751,202.30680389186,
    60.240814337781));
#778 = CARTESIAN_POINT('',(-85.64501492096,203.282263767,62.016185173086
    ));
#779 = CARTESIAN_POINT('',(-84.68934819815,203.86849816734,
    62.816993268837));
#780 = CARTESIAN_POINT('',(-82.75182964252,205.21550466189,
    64.214158657725));
#781 = CARTESIAN_POINT('',(-81.77002571865,205.9762434487,
    64.810481403195));
#782 = CARTESIAN_POINT('',(-79.81796257544,207.64303185847,
    65.775749063311));
#783 = CARTESIAN_POINT('',(-78.8477516247,208.5490402668,66.144670109813
    ));
#784 = CARTESIAN_POINT('',(-76.95616058578,210.47155684796,
    66.640945346308));
#785 = CARTESIAN_POINT('',(-76.03482727092,211.48801748277,
    66.768287264918));
#786 = CARTESIAN_POINT('',(-74.2764011191,213.59238100126,
    66.776498498767));
#787 = CARTESIAN_POINT('',(-73.4393517627,214.6802318504,66.657367610968
    ));
#788 = CARTESIAN_POINT('',(-71.88166582886,216.88557279634,
    66.17719928906));
#789 = CARTESIAN_POINT('',(-71.16106776827,218.00300836174,
    65.816173728059));
#790 = CARTESIAN_POINT('',(-69.86398304929,220.22457671936,
    64.866078449722));
#791 = CARTESIAN_POINT('',(-69.28752846387,221.32865457892,
    64.277032225365));
#792 = CARTESIAN_POINT('',(-68.30089119808,223.48107672209,
    62.893521619327));
#793 = CARTESIAN_POINT('',(-67.89073291426,224.52936778283,
    62.099091447673));
#794 = CARTESIAN_POINT('',(-67.25245901847,226.52992733569,
    60.335333050642));
#795 = CARTESIAN_POINT('',(-67.02435918909,227.48214636004,
    59.366048437668));
#796 = CARTESIAN_POINT('',(-66.75897717117,229.25396294091,
    57.289822495715));
#797 = CARTESIAN_POINT('',(-66.72170154474,230.07351668577,
    56.182932505515));
#798 = CARTESIAN_POINT('',(-66.83940988682,231.54850037707,
    53.874027217228));
#799 = CARTESIAN_POINT('',(-66.99439094476,232.20389385164,
    52.672069011375));
#800 = CARTESIAN_POINT('',(-67.242528563,232.76462785448,51.445641661754
    ));
#801 = ORIENTED_EDGE('',*,*,#744,.F.);
#802 = ORIENTED_EDGE('',*,*,#672,.F.);
#803 = ORIENTED_EDGE('',*,*,#730,.T.);
#804 = TOROIDAL_SURFACE('',#805,250.,20.95);
#805 = AXIS2_PLACEMENT_3D('',#806,#807,#808);
#806 = CARTESIAN_POINT('',(-123.6308715387,323.64487574019,
    -175.0490147049));
#807 = DIRECTION('',(0.693103280084,0.693103280084,0.198029508595));
#808 = DIRECTION('',(-0.140028008403,-0.140028008403,0.98019605882));
#809 = ADVANCED_FACE('',(#810),#836,.F.);
#810 = FACE_BOUND('',#811,.F.);
#811 = EDGE_LOOP('',(#812,#820,#829,#835));
#812 = ORIENTED_EDGE('',*,*,#813,.F.);
#813 = EDGE_CURVE('',#814,#690,#816,.T.);
#814 = VERTEX_POINT('',#815);
#815 = CARTESIAN_POINT('',(-3.507002864771,179.65168977262,
    14.26658500445));
#816 = LINE('',#817,#818);
#817 = CARTESIAN_POINT('',(-3.507002864771,179.65168977262,
    14.26658500445));
#818 = VECTOR('',#819,1.);
#819 = DIRECTION('',(-0.701047485404,0.584206237837,0.408944366486));
#820 = ORIENTED_EDGE('',*,*,#821,.T.);
#821 = EDGE_CURVE('',#814,#822,#824,.T.);
#822 = VERTEX_POINT('',#823);
#823 = CARTESIAN_POINT('',(-32.40838502338,150.27780013417,6.68405793031
    ));
#824 = CIRCLE('',#825,20.95);
#825 = AXIS2_PLACEMENT_3D('',#826,#827,#828);
#826 = CARTESIAN_POINT('',(-17.95769394408,164.9647449534,10.47532146738
    ));
#827 = DIRECTION('',(-0.701047485404,0.584206237837,0.408944366486));
#828 = DIRECTION('',(0.689770457246,0.701047485404,0.180967233273));
#829 = ORIENTED_EDGE('',*,*,#830,.T.);
#830 = EDGE_CURVE('',#822,#692,#831,.T.);
#831 = LINE('',#832,#833);
#832 = CARTESIAN_POINT('',(-32.40838502338,150.27780013417,6.68405793031
    ));
#833 = VECTOR('',#834,1.);
#834 = DIRECTION('',(-0.701047485404,0.584206237837,0.408944366486));
#835 = ORIENTED_EDGE('',*,*,#689,.F.);
#836 = CYLINDRICAL_SURFACE('',#837,20.95);
#837 = AXIS2_PLACEMENT_3D('',#838,#839,#840);
#838 = CARTESIAN_POINT('',(-49.82545679319,191.52121399433,
    29.064849796032));
#839 = DIRECTION('',(-0.701047485404,0.584206237837,0.408944366486));
#840 = DIRECTION('',(-0.689770457246,-0.701047485404,-0.180967233273));
#841 = ADVANCED_FACE('',(#842),#854,.F.);
#842 = FACE_BOUND('',#843,.F.);
#843 = EDGE_LOOP('',(#844,#845,#852,#853));
#844 = ORIENTED_EDGE('',*,*,#830,.F.);
#845 = ORIENTED_EDGE('',*,*,#846,.T.);
#846 = EDGE_CURVE('',#822,#814,#847,.T.);
#847 = CIRCLE('',#848,20.95);
#848 = AXIS2_PLACEMENT_3D('',#849,#850,#851);
#849 = CARTESIAN_POINT('',(-17.95769394408,164.9647449534,10.47532146738
    ));
#850 = DIRECTION('',(-0.701047485404,0.584206237837,0.408944366486));
#851 = DIRECTION('',(-0.689770457246,-0.701047485404,-0.180967233273));
#852 = ORIENTED_EDGE('',*,*,#813,.T.);
#853 = ORIENTED_EDGE('',*,*,#765,.F.);
#854 = CYLINDRICAL_SURFACE('',#855,20.95);
#855 = AXIS2_PLACEMENT_3D('',#856,#857,#858);
#856 = CARTESIAN_POINT('',(-49.82545679319,191.52121399433,
    29.064849796032));
#857 = DIRECTION('',(-0.701047485404,0.584206237837,0.408944366486));
#858 = DIRECTION('',(-0.689770457246,-0.701047485404,-0.180967233273));
#859 = ADVANCED_FACE('',(#860),#896,.T.);
#860 = FACE_BOUND('',#861,.T.);
#861 = EDGE_LOOP('',(#862,#873,#881,#890));
#862 = ORIENTED_EDGE('',*,*,#863,.T.);
#863 = EDGE_CURVE('',#864,#866,#868,.T.);
#864 = VERTEX_POINT('',#865);
#865 = CARTESIAN_POINT('',(-98.35117618481,-201.1473862627,
    43.284019441141));
#866 = VERTEX_POINT('',#867);
#867 = CARTESIAN_POINT('',(-65.03526309981,-235.0079798077,
    52.024736808228));
#868 = CIRCLE('',#869,24.15);
#869 = AXIS2_PLACEMENT_3D('',#870,#871,#872);
#870 = CARTESIAN_POINT('',(-81.69321964231,-218.0776830352,
    47.654378124685));
#871 = DIRECTION('',(0.701047485404,0.584206237837,-0.408944366486));
#872 = DIRECTION('',(-0.689770457246,0.701047485404,-0.180967233273));
#873 = ORIENTED_EDGE('',*,*,#874,.F.);
#874 = EDGE_CURVE('',#875,#866,#877,.T.);
#875 = VERTEX_POINT('',#876);
#876 = CARTESIAN_POINT('',(-1.299737401583,-181.8950417259,
    14.845680150923));
#877 = LINE('',#878,#879);
#878 = CARTESIAN_POINT('',(-1.299737401583,-181.8950417259,
    14.845680150923));
#879 = VECTOR('',#880,1.);
#880 = DIRECTION('',(-0.701047485404,-0.584206237837,0.408944366486));
#881 = ORIENTED_EDGE('',*,*,#882,.F.);
#882 = EDGE_CURVE('',#883,#875,#885,.T.);
#883 = VERTEX_POINT('',#884);
#884 = CARTESIAN_POINT('',(-34.61565048657,-148.0344481808,
    6.104962783836));
#885 = CIRCLE('',#886,24.15);
#886 = AXIS2_PLACEMENT_3D('',#887,#888,#889);
#887 = CARTESIAN_POINT('',(-17.95769394408,-164.9647449534,
    10.47532146738));
#888 = DIRECTION('',(0.701047485404,0.584206237837,-0.408944366486));
#889 = DIRECTION('',(-0.689770457246,0.701047485404,-0.180967233273));
#890 = ORIENTED_EDGE('',*,*,#891,.T.);
#891 = EDGE_CURVE('',#883,#864,#892,.T.);
#892 = LINE('',#893,#894);
#893 = CARTESIAN_POINT('',(-34.61565048657,-148.0344481808,
    6.104962783836));
#894 = VECTOR('',#895,1.);
#895 = DIRECTION('',(-0.701047485404,-0.584206237837,0.408944366486));
#896 = CYLINDRICAL_SURFACE('',#897,24.15);
#897 = AXIS2_PLACEMENT_3D('',#898,#899,#900);
#898 = CARTESIAN_POINT('',(-49.82545679319,-191.5212139943,
    29.064849796032));
#899 = DIRECTION('',(0.701047485404,0.584206237837,-0.408944366486));
#900 = DIRECTION('',(-0.689770457246,0.701047485404,-0.180967233273));
#901 = ADVANCED_FACE('',(#902),#920,.T.);
#902 = FACE_BOUND('',#903,.T.);
#903 = EDGE_LOOP('',(#904,#911,#912,#919));
#904 = ORIENTED_EDGE('',*,*,#905,.T.);
#905 = EDGE_CURVE('',#866,#864,#906,.T.);
#906 = CIRCLE('',#907,24.15);
#907 = AXIS2_PLACEMENT_3D('',#908,#909,#910);
#908 = CARTESIAN_POINT('',(-81.69321964231,-218.0776830352,
    47.654378124685));
#909 = DIRECTION('',(0.701047485404,0.584206237837,-0.408944366486));
#910 = DIRECTION('',(0.689770457246,-0.701047485404,0.180967233273));
#911 = ORIENTED_EDGE('',*,*,#891,.F.);
#912 = ORIENTED_EDGE('',*,*,#913,.F.);
#913 = EDGE_CURVE('',#875,#883,#914,.T.);
#914 = CIRCLE('',#915,24.15);
#915 = AXIS2_PLACEMENT_3D('',#916,#917,#918);
#916 = CARTESIAN_POINT('',(-17.95769394408,-164.9647449534,
    10.47532146738));
#917 = DIRECTION('',(0.701047485404,0.584206237837,-0.408944366486));
#918 = DIRECTION('',(0.689770457246,-0.701047485404,0.180967233273));
#919 = ORIENTED_EDGE('',*,*,#874,.T.);
#920 = CYLINDRICAL_SURFACE('',#921,24.15);
#921 = AXIS2_PLACEMENT_3D('',#922,#923,#924);
#922 = CARTESIAN_POINT('',(-49.82545679319,-191.5212139943,
    29.064849796032));
#923 = DIRECTION('',(0.701047485404,0.584206237837,-0.408944366486));
#924 = DIRECTION('',(-0.689770457246,0.701047485404,-0.180967233273));
#925 = ADVANCED_FACE('',(#926),#996,.T.);
#926 = FACE_BOUND('',#927,.F.);
#927 = EDGE_LOOP('',(#928,#929,#944,#983));
#928 = ORIENTED_EDGE('',*,*,#863,.T.);
#929 = ORIENTED_EDGE('',*,*,#930,.F.);
#930 = EDGE_CURVE('',#931,#866,#933,.T.);
#931 = VERTEX_POINT('',#932);
#932 = CARTESIAN_POINT('',(-141.8378531205,-305.4378941584,
    74.329101653526));
#933 = B_SPLINE_CURVE_WITH_KNOTS('',3,(#934,#935,#936,#937,#938,#939,
    #940,#941,#942,#943),.UNSPECIFIED.,.F.,.F.,(4,2,2,2,4),(
    1.570796326795E+003,1.597694425132E+003,1.624592523468E+003,
    1.651490621805E+003,1.678388720141E+003),.UNSPECIFIED.);
#934 = CARTESIAN_POINT('',(-141.8378531205,-305.4378941584,
    74.329101653526));
#935 = CARTESIAN_POINT('',(-135.5096160657,-299.1096571036,
    74.329101653526));
#936 = CARTESIAN_POINT('',(-129.1139119846,-292.848915327,
    73.856733588013));
#937 = CARTESIAN_POINT('',(-116.2614788919,-280.5347718198,
    71.972720038319));
#938 = CARTESIAN_POINT('',(-109.8047785695,-274.481397577,
    70.561078759657));
#939 = CARTESIAN_POINT('',(-96.9050243707,-262.6519972518,
    66.814840201978));
#940 = CARTESIAN_POINT('',(-90.46199928924,-256.8759975751,
    64.480251285364));
#941 = CARTESIAN_POINT('',(-77.66410912822,-245.6681469758,
    58.915112819503));
#942 = CARTESIAN_POINT('',(-71.30927261628,-240.2363210714,
    55.68457569283));
#943 = CARTESIAN_POINT('',(-65.03526309981,-235.0079798077,
    52.024736808228));
#944 = ORIENTED_EDGE('',*,*,#945,.F.);
#945 = EDGE_CURVE('',#946,#931,#948,.T.);
#946 = VERTEX_POINT('',#947);
#947 = CARTESIAN_POINT('',(-175.4378941584,-271.8378531205,
    65.670898346474));
#948 = B_SPLINE_CURVE_WITH_KNOTS('',3,(#949,#950,#951,#952,#953,#954,
    #955,#956,#957,#958,#959,#960,#961,#962,#963,#964,#965,#966,#967,
    #968,#969,#970,#971,#972,#973,#974,#975,#976,#977,#978,#979,#980,
    #981,#982),.UNSPECIFIED.,.F.,.F.,(4,2,2,2,2,2,2,2,2,2,2,2,2,2,2,2,4)
  ,(114.26580043357,119.00764184508,123.7494832566,128.49132466811,
    133.23316607962,137.97500749113,142.71684890264,147.45869031416,
    152.20053172567,156.94237313718,161.68421454869,166.4260559602,
    171.16789737172,175.90973878323,180.65158019474,185.39342160625,
    190.13526301776),.UNSPECIFIED.);
#949 = CARTESIAN_POINT('',(-175.4378941584,-271.8378531205,
    65.670898346474));
#950 = CARTESIAN_POINT('',(-175.6382451154,-271.6375021635,
    67.225909274063));
#951 = CARTESIAN_POINT('',(-175.7302967097,-271.5454505692,
    68.808787520641));
#952 = CARTESIAN_POINT('',(-175.6942726991,-271.5814745798,
    71.969604587295));
#953 = CARTESIAN_POINT('',(-175.566197985,-271.7095492939,73.54746524994
    ));
#954 = CARTESIAN_POINT('',(-175.0948324323,-272.1809148466,
    76.637609100803));
#955 = CARTESIAN_POINT('',(-174.7515532492,-272.5241940297,
    78.149815879125));
#956 = CARTESIAN_POINT('',(-173.8629604683,-273.4127868106,
    81.050534018982));
#957 = CARTESIAN_POINT('',(-173.3176688427,-273.9580784362,
    82.438973654545));
#958 = CARTESIAN_POINT('',(-172.0459969558,-275.2297503231,
    85.038793112022));
#959 = CARTESIAN_POINT('',(-171.319648139,-275.9560991399,
    86.250108648277));
#960 = CARTESIAN_POINT('',(-169.7137667835,-277.5619804954,
    88.449119819619));
#961 = CARTESIAN_POINT('',(-168.8342739534,-278.4414733255,
    89.436761079822));
#962 = CARTESIAN_POINT('',(-166.9558962492,-280.3198510297,
    91.150457198934));
#963 = CARTESIAN_POINT('',(-165.9570578218,-281.3186894571,
    91.87646968333));
#964 = CARTESIAN_POINT('',(-163.8783687708,-283.3973785081,
    93.038994369407));
#965 = CARTESIAN_POINT('',(-162.7985695468,-284.4771777321,
    93.475477825374));
#966 = CARTESIAN_POINT('',(-160.5994520034,-286.6762952755,
    94.042155906681));
#967 = CARTESIAN_POINT('',(-159.4801880614,-287.7955592175,
    94.172336519788));
#968 = CARTESIAN_POINT('',(-157.2451528795,-290.0305943994,
    94.121390875457));
#969 = CARTESIAN_POINT('',(-156.1294369052,-291.1463103737,
    93.94026587775));
#970 = CARTESIAN_POINT('',(-153.9443752334,-293.3313720455,
    93.273654320321));
#971 = CARTESIAN_POINT('',(-152.8750835659,-294.400663713,
    92.788184243885));
#972 = CARTESIAN_POINT('',(-150.8239660989,-296.45178118,91.531524281671
    ));
#973 = CARTESIAN_POINT('',(-149.8421910173,-297.4335562616,
    90.760365469288));
#974 = CARTESIAN_POINT('',(-148.0038410491,-299.2719062298,
    88.961949839895));
#975 = CARTESIAN_POINT('',(-147.1473116192,-300.1284356597,
    87.934737492254));
#976 = CARTESIAN_POINT('',(-145.5923759081,-301.6833713708,
    85.663678299755));
#977 = CARTESIAN_POINT('',(-144.8940080756,-302.3817392033,
    84.41988761131));
#978 = CARTESIAN_POINT('',(-143.6822419289,-303.59350535,81.763460386847
    ));
#979 = CARTESIAN_POINT('',(-143.1688735779,-304.106873701,
    80.350889536228));
#980 = CARTESIAN_POINT('',(-142.3468444891,-304.9289027898,
    77.411179288298));
#981 = CARTESIAN_POINT('',(-142.0382040775,-305.2375432014,
    75.884112581116));
#982 = CARTESIAN_POINT('',(-141.8378531205,-305.4378941584,
    74.329101653526));
#983 = ORIENTED_EDGE('',*,*,#984,.T.);
#984 = EDGE_CURVE('',#946,#864,#985,.T.);
#985 = B_SPLINE_CURVE_WITH_KNOTS('',3,(#986,#987,#988,#989,#990,#991,
    #992,#993,#994,#995),.UNSPECIFIED.,.F.,.F.,(4,2,2,2,4),(
    1.570796326795E+003,1.597694425132E+003,1.624592523468E+003,
    1.651490621805E+003,1.678388720141E+003),.UNSPECIFIED.);
#986 = CARTESIAN_POINT('',(-175.4378941584,-271.8378531205,
    65.670898346474));
#987 = CARTESIAN_POINT('',(-169.0862460566,-265.4862050188,
    65.670898346474));
#988 = CARTESIAN_POINT('',(-162.6668813372,-259.2023018911,
    65.196782775162));
#989 = CARTESIAN_POINT('',(-149.7669012085,-246.8426027278,
    63.305799396548));
#990 = CARTESIAN_POINT('',(-143.2863145948,-240.7668342815,
    61.888935810323));
#991 = CARTESIAN_POINT('',(-130.3388382976,-228.8936715871,
    58.128838200598));
#992 = CARTESIAN_POINT('',(-123.8719775157,-223.0963038425,
    55.785612570436));
#993 = CARTESIAN_POINT('',(-111.0267420981,-211.846990271,
    50.199886108788));
#994 = CARTESIAN_POINT('',(-104.6483961357,-206.3950695551,
    46.957397745831));
#995 = CARTESIAN_POINT('',(-98.35117618481,-201.1473862627,
    43.284019441141));
#996 = TOROIDAL_SURFACE('',#997,250.,24.15);
#997 = AXIS2_PLACEMENT_3D('',#998,#999,#1000);
#998 = CARTESIAN_POINT('',(-123.6308715387,-323.6448757401,
    -175.0490147049));
#999 = DIRECTION('',(0.693103280084,-0.693103280084,0.198029508595));
#1000 = DIRECTION('',(-0.140028008403,0.140028008403,0.98019605882));
#1001 = ADVANCED_FACE('',(#1002),#1044,.T.);
#1002 = FACE_BOUND('',#1003,.F.);
#1003 = EDGE_LOOP('',(#1004,#1005,#1006,#1043));
#1004 = ORIENTED_EDGE('',*,*,#905,.T.);
#1005 = ORIENTED_EDGE('',*,*,#984,.F.);
#1006 = ORIENTED_EDGE('',*,*,#1007,.F.);
#1007 = EDGE_CURVE('',#931,#946,#1008,.T.);
#1008 = B_SPLINE_CURVE_WITH_KNOTS('',3,(#1009,#1010,#1011,#1012,#1013,
    #1014,#1015,#1016,#1017,#1018,#1019,#1020,#1021,#1022,#1023,#1024,
    #1025,#1026,#1027,#1028,#1029,#1030,#1031,#1032,#1033,#1034,#1035,
    #1036,#1037,#1038,#1039,#1040,#1041,#1042),.UNSPECIFIED.,.F.,.F.,(4,
    2,2,2,2,2,2,2,2,2,2,2,2,2,2,2,4),(190.13526301776,194.87710442928,
    199.61894584079,204.3607872523,209.10262866381,213.84447007533,
    218.58631148684,223.32815289835,228.06999430986,232.81183572137,
    237.55367713289,242.2955185444,247.03735995591,251.77920136742,
    256.52104277893,261.26288419045,266.00472560196),.UNSPECIFIED.);
#1009 = CARTESIAN_POINT('',(-141.8378531205,-305.4378941584,
    74.329101653526));
#1010 = CARTESIAN_POINT('',(-141.6375021635,-305.6382451154,
    72.774090725936));
#1011 = CARTESIAN_POINT('',(-141.5454505692,-305.7302967097,
    71.191212479359));
#1012 = CARTESIAN_POINT('',(-141.5814745798,-305.6942726991,
    68.030395412705));
#1013 = CARTESIAN_POINT('',(-141.7095492939,-305.566197985,
    66.45253475006));
#1014 = CARTESIAN_POINT('',(-142.1809148466,-305.0948324323,
    63.362390899197));
#1015 = CARTESIAN_POINT('',(-142.5241940297,-304.7515532492,
    61.850184120875));
#1016 = CARTESIAN_POINT('',(-143.4127868106,-303.8629604683,
    58.949465981018));
#1017 = CARTESIAN_POINT('',(-143.9580784362,-303.3176688427,
    57.561026345455));
#1018 = CARTESIAN_POINT('',(-145.2297503231,-302.0459969558,
    54.961206887978));
#1019 = CARTESIAN_POINT('',(-145.9560991399,-301.319648139,
    53.749891351723));
#1020 = CARTESIAN_POINT('',(-147.5619804954,-299.7137667835,
    51.550880180381));
#1021 = CARTESIAN_POINT('',(-148.4414733255,-298.8342739534,
    50.563238920178));
#1022 = CARTESIAN_POINT('',(-150.3198510297,-296.9558962492,
    48.849542801066));
#1023 = CARTESIAN_POINT('',(-151.3186894571,-295.9570578218,
    48.123530316669));
#1024 = CARTESIAN_POINT('',(-153.3973785081,-293.8783687708,
    46.961005630593));
#1025 = CARTESIAN_POINT('',(-154.4771777321,-292.7985695468,
    46.524522174626));
#1026 = CARTESIAN_POINT('',(-156.6762952755,-290.5994520034,
    45.957844093319));
#1027 = CARTESIAN_POINT('',(-157.7955592175,-289.4801880614,
    45.827663480211));
#1028 = CARTESIAN_POINT('',(-160.0305943994,-287.2451528795,
    45.878609124543));
#1029 = CARTESIAN_POINT('',(-161.1463103737,-286.1294369052,
    46.05973412225));
#1030 = CARTESIAN_POINT('',(-163.3313720455,-283.9443752334,
    46.726345679679));
#1031 = CARTESIAN_POINT('',(-164.400663713,-282.8750835659,
    47.211815756115));
#1032 = CARTESIAN_POINT('',(-166.45178118,-280.8239660989,
    48.468475718329));
#1033 = CARTESIAN_POINT('',(-167.4335562616,-279.8421910173,
    49.239634530711));
#1034 = CARTESIAN_POINT('',(-169.2719062298,-278.0038410491,
    51.038050160105));
#1035 = CARTESIAN_POINT('',(-170.1284356597,-277.1473116192,
    52.065262507746));
#1036 = CARTESIAN_POINT('',(-171.6833713708,-275.5923759081,
    54.336321700245));
#1037 = CARTESIAN_POINT('',(-172.3817392033,-274.8940080756,
    55.58011238869));
#1038 = CARTESIAN_POINT('',(-173.59350535,-273.6822419289,
    58.236539613153));
#1039 = CARTESIAN_POINT('',(-174.106873701,-273.1688735779,
    59.649110463772));
#1040 = CARTESIAN_POINT('',(-174.9289027898,-272.3468444891,
    62.588820711702));
#1041 = CARTESIAN_POINT('',(-175.2375432014,-272.0382040775,
    64.115887418884));
#1042 = CARTESIAN_POINT('',(-175.4378941584,-271.8378531205,
    65.670898346474));
#1043 = ORIENTED_EDGE('',*,*,#930,.T.);
#1044 = TOROIDAL_SURFACE('',#1045,250.,24.15);
#1045 = AXIS2_PLACEMENT_3D('',#1046,#1047,#1048);
#1046 = CARTESIAN_POINT('',(-123.6308715387,-323.6448757401,
    -175.0490147049));
#1047 = DIRECTION('',(0.693103280084,-0.693103280084,0.198029508595));
#1048 = DIRECTION('',(-0.140028008403,0.140028008403,0.98019605882));
#1049 = ADVANCED_FACE('',(#1050),#1076,.T.);
#1050 = FACE_BOUND('',#1051,.T.);
#1051 = EDGE_LOOP('',(#1052,#1063,#1069,#1070));
#1052 = ORIENTED_EDGE('',*,*,#1053,.T.);
#1053 = EDGE_CURVE('',#1054,#1056,#1058,.T.);
#1054 = VERTEX_POINT('',#1055);
#1055 = CARTESIAN_POINT('',(-178.2213767562,-274.6213357183,
    65.670898346474));
#1056 = VERTEX_POINT('',#1057);
#1057 = CARTESIAN_POINT('',(-144.6213357183,-308.2213767562,
    74.329101653526));
#1058 = CIRCLE('',#1059,24.15);
#1059 = AXIS2_PLACEMENT_3D('',#1060,#1061,#1062);
#1060 = CARTESIAN_POINT('',(-161.4213562373,-291.4213562373,70.));
#1061 = DIRECTION('',(0.707106781187,0.707106781187,0.E+000));
#1062 = DIRECTION('',(-0.695653023558,0.695653023558,-0.179258867641));
#1063 = ORIENTED_EDGE('',*,*,#1064,.F.);
#1064 = EDGE_CURVE('',#931,#1056,#1065,.T.);
#1065 = LINE('',#1066,#1067);
#1066 = CARTESIAN_POINT('',(-141.8378531205,-305.4378941584,
    74.329101653526));
#1067 = VECTOR('',#1068,1.);
#1068 = DIRECTION('',(-0.707106781187,-0.707106781187,0.E+000));
#1069 = ORIENTED_EDGE('',*,*,#945,.F.);
#1070 = ORIENTED_EDGE('',*,*,#1071,.T.);
#1071 = EDGE_CURVE('',#946,#1054,#1072,.T.);
#1072 = LINE('',#1073,#1074);
#1073 = CARTESIAN_POINT('',(-175.4378941584,-271.8378531205,
    65.670898346474));
#1074 = VECTOR('',#1075,1.);
#1075 = DIRECTION('',(-0.707106781187,-0.707106781187,0.E+000));
#1076 = CYLINDRICAL_SURFACE('',#1077,24.15);
#1077 = AXIS2_PLACEMENT_3D('',#1078,#1079,#1080);
#1078 = CARTESIAN_POINT('',(-160.0296149384,-290.0296149384,70.));
#1079 = DIRECTION('',(0.707106781187,0.707106781187,0.E+000));
#1080 = DIRECTION('',(-0.695653023558,0.695653023558,-0.179258867641));
#1081 = ADVANCED_FACE('',(#1082),#1094,.T.);
#1082 = FACE_BOUND('',#1083,.T.);
#1083 = EDGE_LOOP('',(#1084,#1091,#1092,#1093));
#1084 = ORIENTED_EDGE('',*,*,#1085,.T.);
#1085 = EDGE_CURVE('',#1056,#1054,#1086,.T.);
#1086 = CIRCLE('',#1087,24.15);
#1087 = AXIS2_PLACEMENT_3D('',#1088,#1089,#1090);
#1088 = CARTESIAN_POINT('',(-161.4213562373,-291.4213562373,70.));
#1089 = DIRECTION('',(0.707106781187,0.707106781187,0.E+000));
#1090 = DIRECTION('',(0.695653023558,-0.695653023558,0.179258867641));
#1091 = ORIENTED_EDGE('',*,*,#1071,.F.);
#1092 = ORIENTED_EDGE('',*,*,#1007,.F.);
#1093 = ORIENTED_EDGE('',*,*,#1064,.T.);
#1094 = CYLINDRICAL_SURFACE('',#1095,24.15);
#1095 = AXIS2_PLACEMENT_3D('',#1096,#1097,#1098);
#1096 = CARTESIAN_POINT('',(-160.0296149384,-290.0296149384,70.));
#1097 = DIRECTION('',(0.707106781187,0.707106781187,0.E+000));
#1098 = DIRECTION('',(-0.695653023558,0.695653023558,-0.179258867641));
#1099 = ADVANCED_FACE('',(#1100),#1170,.T.);
#1100 = FACE_BOUND('',#1101,.F.);
#1101 = EDGE_LOOP('',(#1102,#1103,#1118,#1157));
#1102 = ORIENTED_EDGE('',*,*,#1053,.T.);
#1103 = ORIENTED_EDGE('',*,*,#1104,.F.);
#1104 = EDGE_CURVE('',#1105,#1056,#1107,.T.);
#1105 = VERTEX_POINT('',#1106);
#1106 = CARTESIAN_POINT('',(-196.2411831339,-432.8427124746,
    74.329101653526));
#1107 = B_SPLINE_CURVE_WITH_KNOTS('',3,(#1108,#1109,#1110,#1111,#1112,
    #1113,#1114,#1115,#1116,#1117),.UNSPECIFIED.,.F.,.F.,(4,2,2,2,4),(
    0.E+000,39.269908169872,78.539816339745,117.80972450961,
    157.07963267949),.UNSPECIFIED.);
#1108 = CARTESIAN_POINT('',(-196.2411831339,-432.8427124746,
    74.329101653526));
#1109 = CARTESIAN_POINT('',(-196.2411831339,-421.3077540122,
    74.329101653526));
#1110 = CARTESIAN_POINT('',(-195.1051169795,-409.7730807744,
    74.329101653526));
#1111 = CARTESIAN_POINT('',(-190.6043994577,-387.1464458345,
    74.329101653526));
#1112 = CARTESIAN_POINT('',(-187.2398593796,-376.0550436205,
    74.329101653526));
#1113 = CARTESIAN_POINT('',(-178.4113843864,-354.741219557,
    74.329101653526));
#1114 = CARTESIAN_POINT('',(-172.9476677729,-344.5193247338,
    74.329101653526));
#1115 = CARTESIAN_POINT('',(-160.1307086513,-325.3373898525,
    74.329101653526));
#1116 = CARTESIAN_POINT('',(-152.7777830678,-316.3778241056,
    74.329101653526));
#1117 = CARTESIAN_POINT('',(-144.6213357183,-308.2213767562,
    74.329101653526));
#1118 = ORIENTED_EDGE('',*,*,#1119,.F.);
#1119 = EDGE_CURVE('',#1120,#1105,#1122,.T.);
#1120 = VERTEX_POINT('',#1121);
#1121 = CARTESIAN_POINT('',(-243.758816866,-432.8427124746,
    65.670898346474));
#1122 = B_SPLINE_CURVE_WITH_KNOTS('',3,(#1123,#1124,#1125,#1126,#1127,
    #1128,#1129,#1130,#1131,#1132,#1133,#1134,#1135,#1136,#1137,#1138,
    #1139,#1140,#1141,#1142,#1143,#1144,#1145,#1146,#1147,#1148,#1149,
    #1150,#1151,#1152,#1153,#1154,#1155,#1156),.UNSPECIFIED.,.F.,.F.,(4,
    2,2,2,2,2,2,2,2,2,2,2,2,2,2,2,4),(147.3862966597,152.12813807121,
    156.86997948272,161.61182089423,166.35366230575,171.09550371726,
    175.83734512877,180.57918654028,185.3210279518,190.06286936331,
    194.80471077482,199.54655218633,204.28839359784,209.03023500936,
    213.77207642087,218.51391783238,223.25575924389),.UNSPECIFIED.);
#1123 = CARTESIAN_POINT('',(-243.758816866,-432.8427124746,
    65.670898346474));
#1124 = CARTESIAN_POINT('',(-244.0421559066,-432.8427124746,
    67.225909274063));
#1125 = CARTESIAN_POINT('',(-244.1723365197,-432.8427124746,
    68.808787520641));
#1126 = CARTESIAN_POINT('',(-244.1213908754,-432.8427124746,
    71.969604587295));
#1127 = CARTESIAN_POINT('',(-243.9402658777,-432.8427124746,
    73.54746524994));
#1128 = CARTESIAN_POINT('',(-243.2736543203,-432.8427124746,
    76.637609100803));
#1129 = CARTESIAN_POINT('',(-242.7881842438,-432.8427124746,
    78.149815879125));
#1130 = CARTESIAN_POINT('',(-241.5315242816,-432.8427124746,
    81.050534018982));
#1131 = CARTESIAN_POINT('',(-240.7603654692,-432.8427124746,
    82.438973654545));
#1132 = CARTESIAN_POINT('',(-238.9619498398,-432.8427124746,
    85.038793112022));
#1133 = CARTESIAN_POINT('',(-237.9347374922,-432.8427124746,
    86.250108648277));
#1134 = CARTESIAN_POINT('',(-235.6636782997,-432.8427124746,
    88.449119819619));
#1135 = CARTESIAN_POINT('',(-234.4198876113,-432.8427124746,
    89.436761079822));
#1136 = CARTESIAN_POINT('',(-231.7634603868,-432.8427124746,
    91.150457198934));
#1137 = CARTESIAN_POINT('',(-230.3508895362,-432.8427124746,
    91.87646968333));
#1138 = CARTESIAN_POINT('',(-227.4111792882,-432.8427124746,
    93.038994369407));
#1139 = CARTESIAN_POINT('',(-225.8841125811,-432.8427124746,
    93.475477825374));
#1140 = CARTESIAN_POINT('',(-222.7740907259,-432.8427124746,
    94.042155906681));
#1141 = CARTESIAN_POINT('',(-221.1912124793,-432.8427124746,
    94.172336519789));
#1142 = CARTESIAN_POINT('',(-218.0303954127,-432.8427124746,
    94.121390875457));
#1143 = CARTESIAN_POINT('',(-216.45253475,-432.8427124746,93.94026587775
    ));
#1144 = CARTESIAN_POINT('',(-213.3623908991,-432.8427124746,
    93.273654320321));
#1145 = CARTESIAN_POINT('',(-211.8501841208,-432.8427124746,
    92.788184243885));
#1146 = CARTESIAN_POINT('',(-208.949465981,-432.8427124746,
    91.531524281671));
#1147 = CARTESIAN_POINT('',(-207.5610263454,-432.8427124746,
    90.760365469288));
#1148 = CARTESIAN_POINT('',(-204.9612068879,-432.8427124746,
    88.961949839895));
#1149 = CARTESIAN_POINT('',(-203.7498913517,-432.8427124746,
    87.934737492254));
#1150 = CARTESIAN_POINT('',(-201.5508801803,-432.8427124746,
    85.663678299755));
#1151 = CARTESIAN_POINT('',(-200.5632389201,-432.8427124746,
    84.41988761131));
#1152 = CARTESIAN_POINT('',(-198.849542801,-432.8427124746,
    81.763460386847));
#1153 = CARTESIAN_POINT('',(-198.1235303166,-432.8427124746,
    80.350889536228));
#1154 = CARTESIAN_POINT('',(-196.9610056305,-432.8427124746,
    77.411179288298));
#1155 = CARTESIAN_POINT('',(-196.5245221746,-432.8427124746,
    75.884112581116));
#1156 = CARTESIAN_POINT('',(-196.2411831339,-432.8427124746,
    74.329101653526));
#1157 = ORIENTED_EDGE('',*,*,#1158,.T.);
#1158 = EDGE_CURVE('',#1120,#1054,#1159,.T.);
#1159 = B_SPLINE_CURVE_WITH_KNOTS('',3,(#1160,#1161,#1162,#1163,#1164,
    #1165,#1166,#1167,#1168,#1169),.UNSPECIFIED.,.F.,.F.,(4,2,2,2,4),(
    0.E+000,39.269908169872,78.539816339745,117.80972450961,
    157.07963267949),.UNSPECIFIED.);
#1160 = CARTESIAN_POINT('',(-243.758816866,-432.8427124746,
    65.670898346474));
#1161 = CARTESIAN_POINT('',(-243.758816866,-418.197732157,
    65.670898346474));
#1162 = CARTESIAN_POINT('',(-242.3164478687,-403.5531139655,
    65.670898346474));
#1163 = CARTESIAN_POINT('',(-236.6022600165,-374.825951711,
    65.670898346474));
#1164 = CARTESIAN_POINT('',(-232.3305824563,-360.7441179837,
    65.670898346474));
#1165 = CARTESIAN_POINT('',(-221.1217997866,-333.6837228449,
    65.670898346474));
#1166 = CARTESIAN_POINT('',(-214.1849718364,-320.7058305549,
    65.670898346474));
#1167 = CARTESIAN_POINT('',(-197.9123415812,-296.3521183413,
    65.670898346474));
#1168 = CARTESIAN_POINT('',(-188.5769416491,-284.9769006112,
    65.670898346474));
#1169 = CARTESIAN_POINT('',(-178.2213767562,-274.6213357183,
    65.670898346474));
#1170 = TOROIDAL_SURFACE('',#1171,200.,24.15);
#1171 = AXIS2_PLACEMENT_3D('',#1172,#1173,#1174);
#1172 = CARTESIAN_POINT('',(-20.,-432.8427124746,70.));
#1173 = DIRECTION('',(0.E+000,0.E+000,1.));
#1174 = DIRECTION('',(-1.,0.E+000,0.E+000));
#1175 = ADVANCED_FACE('',(#1176),#1218,.T.);
#1176 = FACE_BOUND('',#1177,.F.);
#1177 = EDGE_LOOP('',(#1178,#1179,#1180,#1217));
#1178 = ORIENTED_EDGE('',*,*,#1085,.T.);
#1179 = ORIENTED_EDGE('',*,*,#1158,.F.);
#1180 = ORIENTED_EDGE('',*,*,#1181,.F.);
#1181 = EDGE_CURVE('',#1105,#1120,#1182,.T.);
#1182 = B_SPLINE_CURVE_WITH_KNOTS('',3,(#1183,#1184,#1185,#1186,#1187,
    #1188,#1189,#1190,#1191,#1192,#1193,#1194,#1195,#1196,#1197,#1198,
    #1199,#1200,#1201,#1202,#1203,#1204,#1205,#1206,#1207,#1208,#1209,
    #1210,#1211,#1212,#1213,#1214,#1215,#1216),.UNSPECIFIED.,.F.,.F.,(4,
    2,2,2,2,2,2,2,2,2,2,2,2,2,2,2,4),(223.25575924389,227.9976006554,
    232.73944206692,237.48128347843,242.22312488994,246.96496630145,
    251.70680771296,256.44864912448,261.19049053599,265.9323319475,
    270.67417335901,275.41601477053,280.15785618204,284.89969759355,
    289.64153900506,294.38338041657,299.12522182809),.UNSPECIFIED.);
#1183 = CARTESIAN_POINT('',(-196.2411831339,-432.8427124746,
    74.329101653526));
#1184 = CARTESIAN_POINT('',(-195.9578440933,-432.8427124746,
    72.774090725937));
#1185 = CARTESIAN_POINT('',(-195.8276634802,-432.8427124746,
    71.191212479359));
#1186 = CARTESIAN_POINT('',(-195.8786091245,-432.8427124746,
    68.030395412705));
#1187 = CARTESIAN_POINT('',(-196.0597341222,-432.8427124746,
    66.45253475006));
#1188 = CARTESIAN_POINT('',(-196.7263456796,-432.8427124746,
    63.362390899197));
#1189 = CARTESIAN_POINT('',(-197.2118157561,-432.8427124746,
    61.850184120875));
#1190 = CARTESIAN_POINT('',(-198.4684757183,-432.8427124746,
    58.949465981018));
#1191 = CARTESIAN_POINT('',(-199.2396345307,-432.8427124746,
    57.561026345455));
#1192 = CARTESIAN_POINT('',(-201.0380501601,-432.8427124746,
    54.961206887978));
#1193 = CARTESIAN_POINT('',(-202.0652625077,-432.8427124746,
    53.749891351723));
#1194 = CARTESIAN_POINT('',(-204.3363217002,-432.8427124746,
    51.550880180381));
#1195 = CARTESIAN_POINT('',(-205.5801123886,-432.8427124746,
    50.563238920178));
#1196 = CARTESIAN_POINT('',(-208.2365396131,-432.8427124746,
    48.849542801066));
#1197 = CARTESIAN_POINT('',(-209.6491104637,-432.8427124746,
    48.123530316669));
#1198 = CARTESIAN_POINT('',(-212.5888207117,-432.8427124746,
    46.961005630593));
#1199 = CARTESIAN_POINT('',(-214.1158874188,-432.8427124746,
    46.524522174626));
#1200 = CARTESIAN_POINT('',(-217.225909274,-432.8427124746,
    45.957844093319));
#1201 = CARTESIAN_POINT('',(-218.8087875206,-432.8427124746,
    45.827663480212));
#1202 = CARTESIAN_POINT('',(-221.9696045872,-432.8427124746,
    45.878609124543));
#1203 = CARTESIAN_POINT('',(-223.5474652499,-432.8427124746,
    46.05973412225));
#1204 = CARTESIAN_POINT('',(-226.6376091008,-432.8427124746,
    46.726345679679));
#1205 = CARTESIAN_POINT('',(-228.1498158791,-432.8427124746,
    47.211815756115));
#1206 = CARTESIAN_POINT('',(-231.0505340189,-432.8427124746,
    48.468475718329));
#1207 = CARTESIAN_POINT('',(-232.4389736545,-432.8427124746,
    49.239634530712));
#1208 = CARTESIAN_POINT('',(-235.038793112,-432.8427124746,
    51.038050160105));
#1209 = CARTESIAN_POINT('',(-236.2501086482,-432.8427124746,
    52.065262507746));
#1210 = CARTESIAN_POINT('',(-238.4491198196,-432.8427124746,
    54.336321700245));
#1211 = CARTESIAN_POINT('',(-239.4367610798,-432.8427124746,
    55.58011238869));
#1212 = CARTESIAN_POINT('',(-241.1504571989,-432.8427124746,
    58.236539613153));
#1213 = CARTESIAN_POINT('',(-241.8764696833,-432.8427124746,
    59.649110463772));
#1214 = CARTESIAN_POINT('',(-243.0389943694,-432.8427124746,
    62.588820711702));
#1215 = CARTESIAN_POINT('',(-243.4754778253,-432.8427124746,
    64.115887418884));
#1216 = CARTESIAN_POINT('',(-243.758816866,-432.8427124746,
    65.670898346474));
#1217 = ORIENTED_EDGE('',*,*,#1104,.T.);
#1218 = TOROIDAL_SURFACE('',#1219,200.,24.15);
#1219 = AXIS2_PLACEMENT_3D('',#1220,#1221,#1222);
#1220 = CARTESIAN_POINT('',(-20.,-432.8427124746,70.));
#1221 = DIRECTION('',(0.E+000,0.E+000,1.));
#1222 = DIRECTION('',(-1.,0.E+000,0.E+000));
#1223 = ADVANCED_FACE('',(#1224),#1250,.T.);
#1224 = FACE_BOUND('',#1225,.T.);
#1225 = EDGE_LOOP('',(#1226,#1237,#1243,#1244));
#1226 = ORIENTED_EDGE('',*,*,#1227,.T.);
#1227 = EDGE_CURVE('',#1228,#1230,#1232,.T.);
#1228 = VERTEX_POINT('',#1229);
#1229 = CARTESIAN_POINT('',(-243.758816866,-480.,65.670898346474));
#1230 = VERTEX_POINT('',#1231);
#1231 = CARTESIAN_POINT('',(-196.2411831339,-480.,74.329101653526));
#1232 = CIRCLE('',#1233,24.15);
#1233 = AXIS2_PLACEMENT_3D('',#1234,#1235,#1236);
#1234 = CARTESIAN_POINT('',(-220.,-480.,70.));
#1235 = DIRECTION('',(0.E+000,1.,0.E+000));
#1236 = DIRECTION('',(-0.983801940622,0.E+000,-0.179258867641));
#1237 = ORIENTED_EDGE('',*,*,#1238,.T.);
#1238 = EDGE_CURVE('',#1230,#1105,#1239,.T.);
#1239 = LINE('',#1240,#1241);
#1240 = CARTESIAN_POINT('',(-196.2411831339,-480.,74.329101653526));
#1241 = VECTOR('',#1242,1.);
#1242 = DIRECTION('',(0.E+000,1.,0.E+000));
#1243 = ORIENTED_EDGE('',*,*,#1119,.F.);
#1244 = ORIENTED_EDGE('',*,*,#1245,.F.);
#1245 = EDGE_CURVE('',#1228,#1120,#1246,.T.);
#1246 = LINE('',#1247,#1248);
#1247 = CARTESIAN_POINT('',(-243.758816866,-480.,65.670898346474));
#1248 = VECTOR('',#1249,1.);
#1249 = DIRECTION('',(0.E+000,1.,0.E+000));
#1250 = CYLINDRICAL_SURFACE('',#1251,24.15);
#1251 = AXIS2_PLACEMENT_3D('',#1252,#1253,#1254);
#1252 = CARTESIAN_POINT('',(-220.,456.42135623731,70.));
#1253 = DIRECTION('',(0.E+000,1.,0.E+000));
#1254 = DIRECTION('',(-0.983801940622,0.E+000,-0.179258867641));
#1255 = ADVANCED_FACE('',(#1256),#1268,.T.);
#1256 = FACE_BOUND('',#1257,.T.);
#1257 = EDGE_LOOP('',(#1258,#1265,#1266,#1267));
#1258 = ORIENTED_EDGE('',*,*,#1259,.T.);
#1259 = EDGE_CURVE('',#1230,#1228,#1260,.T.);
#1260 = CIRCLE('',#1261,24.15);
#1261 = AXIS2_PLACEMENT_3D('',#1262,#1263,#1264);
#1262 = CARTESIAN_POINT('',(-220.,-480.,70.));
#1263 = DIRECTION('',(0.E+000,1.,0.E+000));
#1264 = DIRECTION('',(-0.983801940622,0.E+000,-0.179258867641));
#1265 = ORIENTED_EDGE('',*,*,#1245,.T.);
#1266 = ORIENTED_EDGE('',*,*,#1181,.F.);
#1267 = ORIENTED_EDGE('',*,*,#1238,.F.);
#1268 = CYLINDRICAL_SURFACE('',#1269,24.15);
#1269 = AXIS2_PLACEMENT_3D('',#1270,#1271,#1272);
#1270 = CARTESIAN_POINT('',(-220.,456.42135623731,70.));
#1271 = DIRECTION('',(0.E+000,1.,0.E+000));
#1272 = DIRECTION('',(-0.983801940622,0.E+000,-0.179258867641));
#1273 = ADVANCED_FACE('',(#1274,#1278),#1298,.F.);
#1274 = FACE_BOUND('',#1275,.F.);
#1275 = EDGE_LOOP('',(#1276,#1277));
#1276 = ORIENTED_EDGE('',*,*,#1227,.T.);
#1277 = ORIENTED_EDGE('',*,*,#1259,.T.);
#1278 = FACE_BOUND('',#1279,.F.);
#1279 = EDGE_LOOP('',(#1280,#1291));
#1280 = ORIENTED_EDGE('',*,*,#1281,.F.);
#1281 = EDGE_CURVE('',#1282,#1284,#1286,.T.);
#1282 = VERTEX_POINT('',#1283);
#1283 = CARTESIAN_POINT('',(-199.3893493439,-480.,73.755473277075));
#1284 = VERTEX_POINT('',#1285);
#1285 = CARTESIAN_POINT('',(-240.610650656,-480.,66.244526722925));
#1286 = CIRCLE('',#1287,20.95);
#1287 = AXIS2_PLACEMENT_3D('',#1288,#1289,#1290);
#1288 = CARTESIAN_POINT('',(-220.,-480.,70.));
#1289 = DIRECTION('',(0.E+000,1.,0.E+000));
#1290 = DIRECTION('',(-0.983801940622,0.E+000,-0.179258867641));
#1291 = ORIENTED_EDGE('',*,*,#1292,.F.);
#1292 = EDGE_CURVE('',#1284,#1282,#1293,.T.);
#1293 = CIRCLE('',#1294,20.95);
#1294 = AXIS2_PLACEMENT_3D('',#1295,#1296,#1297);
#1295 = CARTESIAN_POINT('',(-220.,-480.,70.));
#1296 = DIRECTION('',(0.E+000,1.,0.E+000));
#1297 = DIRECTION('',(-0.983801940622,0.E+000,-0.179258867641));
#1298 = PLANE('',#1299);
#1299 = AXIS2_PLACEMENT_3D('',#1300,#1301,#1302);
#1300 = CARTESIAN_POINT('',(-220.,-480.,70.));
#1301 = DIRECTION('',(0.E+000,1.,0.E+000));
#1302 = DIRECTION('',(-0.983801940622,0.E+000,-0.179258867641));
#1303 = ADVANCED_FACE('',(#1304),#1330,.F.);
#1304 = FACE_BOUND('',#1305,.F.);
#1305 = EDGE_LOOP('',(#1306,#1307,#1315,#1324));
#1306 = ORIENTED_EDGE('',*,*,#1281,.T.);
#1307 = ORIENTED_EDGE('',*,*,#1308,.T.);
#1308 = EDGE_CURVE('',#1284,#1309,#1311,.T.);
#1309 = VERTEX_POINT('',#1310);
#1310 = CARTESIAN_POINT('',(-240.610650656,-432.8427124746,
    66.244526722925));
#1311 = LINE('',#1312,#1313);
#1312 = CARTESIAN_POINT('',(-240.610650656,-480.,66.244526722925));
#1313 = VECTOR('',#1314,1.);
#1314 = DIRECTION('',(0.E+000,1.,0.E+000));
#1315 = ORIENTED_EDGE('',*,*,#1316,.F.);
#1316 = EDGE_CURVE('',#1317,#1309,#1319,.T.);
#1317 = VERTEX_POINT('',#1318);
#1318 = CARTESIAN_POINT('',(-199.3893493439,-432.8427124746,
    73.755473277075));
#1319 = CIRCLE('',#1320,20.95);
#1320 = AXIS2_PLACEMENT_3D('',#1321,#1322,#1323);
#1321 = CARTESIAN_POINT('',(-220.,-432.8427124746,70.));
#1322 = DIRECTION('',(0.E+000,1.,0.E+000));
#1323 = DIRECTION('',(0.983801940622,-0.E+000,0.179258867641));
#1324 = ORIENTED_EDGE('',*,*,#1325,.F.);
#1325 = EDGE_CURVE('',#1282,#1317,#1326,.T.);
#1326 = LINE('',#1327,#1328);
#1327 = CARTESIAN_POINT('',(-199.3893493439,-480.,73.755473277075));
#1328 = VECTOR('',#1329,1.);
#1329 = DIRECTION('',(0.E+000,1.,0.E+000));
#1330 = CYLINDRICAL_SURFACE('',#1331,20.95);
#1331 = AXIS2_PLACEMENT_3D('',#1332,#1333,#1334);
#1332 = CARTESIAN_POINT('',(-220.,456.42135623731,70.));
#1333 = DIRECTION('',(0.E+000,1.,0.E+000));
#1334 = DIRECTION('',(-0.983801940622,0.E+000,-0.179258867641));
#1335 = ADVANCED_FACE('',(#1336),#1348,.F.);
#1336 = FACE_BOUND('',#1337,.F.);
#1337 = EDGE_LOOP('',(#1338,#1339,#1340,#1347));
#1338 = ORIENTED_EDGE('',*,*,#1292,.T.);
#1339 = ORIENTED_EDGE('',*,*,#1325,.T.);
#1340 = ORIENTED_EDGE('',*,*,#1341,.F.);
#1341 = EDGE_CURVE('',#1309,#1317,#1342,.T.);
#1342 = CIRCLE('',#1343,20.95);
#1343 = AXIS2_PLACEMENT_3D('',#1344,#1345,#1346);
#1344 = CARTESIAN_POINT('',(-220.,-432.8427124746,70.));
#1345 = DIRECTION('',(0.E+000,1.,0.E+000));
#1346 = DIRECTION('',(-0.983801940622,0.E+000,-0.179258867641));
#1347 = ORIENTED_EDGE('',*,*,#1308,.F.);
#1348 = CYLINDRICAL_SURFACE('',#1349,20.95);
#1349 = AXIS2_PLACEMENT_3D('',#1350,#1351,#1352);
#1350 = CARTESIAN_POINT('',(-220.,456.42135623731,70.));
#1351 = DIRECTION('',(0.E+000,1.,0.E+000));
#1352 = DIRECTION('',(-0.983801940622,0.E+000,-0.179258867641));
#1353 = ADVANCED_FACE('',(#1354),#1424,.F.);
#1354 = FACE_BOUND('',#1355,.T.);
#1355 = EDGE_LOOP('',(#1356,#1397,#1410,#1411));
#1356 = ORIENTED_EDGE('',*,*,#1357,.T.);
#1357 = EDGE_CURVE('',#1358,#1360,#1362,.T.);
#1358 = VERTEX_POINT('',#1359);
#1359 = CARTESIAN_POINT('',(-146.8474253937,-305.9952870808,
    73.755473277075));
#1360 = VERTEX_POINT('',#1361);
#1361 = CARTESIAN_POINT('',(-175.9952870808,-276.8474253937,
    66.244526722925));
#1362 = B_SPLINE_CURVE_WITH_KNOTS('',3,(#1363,#1364,#1365,#1366,#1367,
    #1368,#1369,#1370,#1371,#1372,#1373,#1374,#1375,#1376,#1377,#1378,
    #1379,#1380,#1381,#1382,#1383,#1384,#1385,#1386,#1387,#1388,#1389,
    #1390,#1391,#1392,#1393,#1394,#1395,#1396),.UNSPECIFIED.,.F.,.F.,(4,
    2,2,2,2,2,2,2,2,2,2,2,2,2,2,2,4),(193.67321557596,197.78673845676,
    201.90026133755,206.01378421835,210.12730709914,214.24082997993,
    218.35435286073,222.46787574152,226.58139862232,230.69492150311,
    234.80844438391,238.9219672647,243.03549014549,247.14901302629,
    251.26253590708,255.37605878788,259.48958166867),.UNSPECIFIED.);
#1363 = CARTESIAN_POINT('',(-146.8474253937,-305.9952870808,
    73.755473277075));
#1364 = CARTESIAN_POINT('',(-146.6736219755,-306.169090499,
    72.406509346102));
#1365 = CARTESIAN_POINT('',(-146.5937676939,-306.2489447806,
    71.033370660148));
#1366 = CARTESIAN_POINT('',(-146.6250183366,-306.2176941379,
    68.291378215162));
#1367 = CARTESIAN_POINT('',(-146.7361224882,-306.1065899863,
    66.922592257298));
#1368 = CARTESIAN_POINT('',(-147.1450296654,-305.6976828091,
    64.241908461208));
#1369 = CARTESIAN_POINT('',(-147.4428225799,-305.3998898946,
    62.930076908171));
#1370 = CARTESIAN_POINT('',(-148.213672218,-304.6290402565,
    60.413718935914));
#1371 = CARTESIAN_POINT('',(-148.6867098808,-304.1560025937,
    59.209254738604));
#1372 = CARTESIAN_POINT('',(-149.7898786606,-303.0528338139,
    56.953924815865));
#1373 = CARTESIAN_POINT('',(-150.4199824995,-302.422729975,
    55.903114857913));
#1374 = CARTESIAN_POINT('',(-151.8130762634,-301.0296362111,
    53.995484048819));
#1375 = CARTESIAN_POINT('',(-152.5760317413,-300.2666807332,
    53.138710367608));
#1376 = CARTESIAN_POINT('',(-154.2055146772,-298.6371977973,
    51.652087854341));
#1377 = CARTESIAN_POINT('',(-155.072001843,-297.7707106315,
    51.022275781955));
#1378 = CARTESIAN_POINT('',(-156.8752538355,-295.967458639,
    50.013791633992));
#1379 = CARTESIAN_POINT('',(-157.8119740733,-295.0307384012,
    49.635144495172));
#1380 = CARTESIAN_POINT('',(-159.7196971596,-293.1230153149,
    49.143554192755));
#1381 = CARTESIAN_POINT('',(-160.690652836,-292.1520596385,
    49.030623184697));
#1382 = CARTESIAN_POINT('',(-162.6295342878,-290.2131781867,
    49.074818267461));
#1383 = CARTESIAN_POINT('',(-163.5974121206,-289.2453003539,
    49.231943265472));
#1384 = CARTESIAN_POINT('',(-165.492941811,-287.3497706635,
    49.81022534117));
#1385 = CARTESIAN_POINT('',(-166.420546798,-286.4221656766,
    50.231368119694));
#1386 = CARTESIAN_POINT('',(-168.199880584,-284.6428318905,
    51.321514132463));
#1387 = CARTESIAN_POINT('',(-169.0515653856,-283.7911470889,
    51.9904904107));
#1388 = CARTESIAN_POINT('',(-170.6463244678,-282.1963880067,
    53.55060666063));
#1389 = CARTESIAN_POINT('',(-171.3893593148,-281.4533531597,
    54.441708055374));
#1390 = CARTESIAN_POINT('',(-172.7382579959,-280.1044544786,
    56.411840149902));
#1391 = CARTESIAN_POINT('',(-173.3440884759,-279.4986239986,
    57.490822134288));
#1392 = CARTESIAN_POINT('',(-174.3952893361,-278.4474231384,
    59.795259001886));
#1393 = CARTESIAN_POINT('',(-174.8406337233,-278.0020787512,
    61.020656903355));
#1394 = CARTESIAN_POINT('',(-175.5537397031,-277.2889727714,
    63.570840327543));
#1395 = CARTESIAN_POINT('',(-175.8214836626,-277.0212288119,
    64.895562791952));
#1396 = CARTESIAN_POINT('',(-175.9952870808,-276.8474253937,
    66.244526722925));
#1397 = ORIENTED_EDGE('',*,*,#1398,.F.);
#1398 = EDGE_CURVE('',#1309,#1360,#1399,.T.);
#1399 = B_SPLINE_CURVE_WITH_KNOTS('',3,(#1400,#1401,#1402,#1403,#1404,
    #1405,#1406,#1407,#1408,#1409),.UNSPECIFIED.,.F.,.F.,(4,2,2,2,4),(
    0.E+000,39.269908169872,78.539816339745,117.80972450961,
    157.07963267949),.UNSPECIFIED.);
#1400 = CARTESIAN_POINT('',(-240.610650656,-432.8427124746,
    66.244526722925));
#1401 = CARTESIAN_POINT('',(-240.610650656,-418.4037791536,
    66.244526722925));
#1402 = CARTESIAN_POINT('',(-239.1885750147,-403.9652028638,
    66.244526722925));
#1403 = CARTESIAN_POINT('',(-233.5547827124,-375.642216332,
    66.244526722925));
#1404 = CARTESIAN_POINT('',(-229.343205358,-361.7585064317,
    66.244526722925));
#1405 = CARTESIAN_POINT('',(-218.2921242321,-335.0788364987,
    66.244526722925));
#1406 = CARTESIAN_POINT('',(-211.4528937204,-322.2835361734,
    66.244526722925));
#1407 = CARTESIAN_POINT('',(-195.4092106211,-298.2724675926,
    66.244526722925));
#1408 = CARTESIAN_POINT('',(-186.2051547451,-287.057293058,
    66.244526722925));
#1409 = CARTESIAN_POINT('',(-175.9952870808,-276.8474253937,
    66.244526722925));
#1410 = ORIENTED_EDGE('',*,*,#1316,.F.);
#1411 = ORIENTED_EDGE('',*,*,#1412,.T.);
#1412 = EDGE_CURVE('',#1317,#1358,#1413,.T.);
#1413 = B_SPLINE_CURVE_WITH_KNOTS('',3,(#1414,#1415,#1416,#1417,#1418,
    #1419,#1420,#1421,#1422,#1423),.UNSPECIFIED.,.F.,.F.,(4,2,2,2,4),(
    0.E+000,39.269908169872,78.539816339745,117.80972450961,
    157.07963267949),.UNSPECIFIED.);
#1414 = CARTESIAN_POINT('',(-199.3893493439,-432.8427124746,
    73.755473277075));
#1415 = CARTESIAN_POINT('',(-199.3893493439,-421.1017070156,
    73.755473277075));
#1416 = CARTESIAN_POINT('',(-198.2329898334,-409.3609918761,
    73.755473277075));
#1417 = CARTESIAN_POINT('',(-193.6518767618,-386.3301812135,
    73.755473277075));
#1418 = CARTESIAN_POINT('',(-190.2272364778,-375.0406551725,
    73.755473277075));
#1419 = CARTESIAN_POINT('',(-181.2410599409,-353.3461059032,
    73.755473277075));
#1420 = CARTESIAN_POINT('',(-175.6797458889,-342.9416191153,
    73.755473277075));
#1421 = CARTESIAN_POINT('',(-162.6338396114,-323.4170406013,
    73.755473277075));
#1422 = CARTESIAN_POINT('',(-155.1495699717,-314.2974316588,
    73.755473277075));
#1423 = CARTESIAN_POINT('',(-146.8474253937,-305.9952870808,
    73.755473277075));
#1424 = TOROIDAL_SURFACE('',#1425,200.,20.95);
#1425 = AXIS2_PLACEMENT_3D('',#1426,#1427,#1428);
#1426 = CARTESIAN_POINT('',(-20.,-432.8427124746,70.));
#1427 = DIRECTION('',(0.E+000,0.E+000,1.));
#1428 = DIRECTION('',(-1.,0.E+000,0.E+000));
#1429 = ADVANCED_FACE('',(#1430),#1472,.F.);
#1430 = FACE_BOUND('',#1431,.T.);
#1431 = EDGE_LOOP('',(#1432,#1469,#1470,#1471));
#1432 = ORIENTED_EDGE('',*,*,#1433,.T.);
#1433 = EDGE_CURVE('',#1360,#1358,#1434,.T.);
#1434 = B_SPLINE_CURVE_WITH_KNOTS('',3,(#1435,#1436,#1437,#1438,#1439,
    #1440,#1441,#1442,#1443,#1444,#1445,#1446,#1447,#1448,#1449,#1450,
    #1451,#1452,#1453,#1454,#1455,#1456,#1457,#1458,#1459,#1460,#1461,
    #1462,#1463,#1464,#1465,#1466,#1467,#1468),.UNSPECIFIED.,.F.,.F.,(4,
    2,2,2,2,2,2,2,2,2,2,2,2,2,2,2,4),(127.85684948326,131.97037236405,
    136.08389524485,140.19741812564,144.31094100643,148.42446388723,
    152.53798676802,156.65150964882,160.76503252961,164.8785554104,
    168.9920782912,173.10560117199,177.21912405279,181.33264693358,
    185.44616981438,189.55969269517,193.67321557596),.UNSPECIFIED.);
#1435 = CARTESIAN_POINT('',(-175.9952870808,-276.8474253937,
    66.244526722925));
#1436 = CARTESIAN_POINT('',(-176.169090499,-276.6736219755,
    67.593490653898));
#1437 = CARTESIAN_POINT('',(-176.2489447806,-276.5937676939,
    68.966629339852));
#1438 = CARTESIAN_POINT('',(-176.2176941379,-276.6250183366,
    71.708621784837));
#1439 = CARTESIAN_POINT('',(-176.1065899863,-276.7361224882,
    73.077407742702));
#1440 = CARTESIAN_POINT('',(-175.6976828091,-277.1450296654,
    75.758091538792));
#1441 = CARTESIAN_POINT('',(-175.3998898946,-277.4428225799,
    77.069923091829));
#1442 = CARTESIAN_POINT('',(-174.6290402565,-278.213672218,
    79.586281064086));
#1443 = CARTESIAN_POINT('',(-174.1560025937,-278.6867098808,
    80.790745261396));
#1444 = CARTESIAN_POINT('',(-173.0528338139,-279.7898786606,
    83.046075184135));
#1445 = CARTESIAN_POINT('',(-172.422729975,-280.4199824995,
    84.096885142087));
#1446 = CARTESIAN_POINT('',(-171.0296362111,-281.8130762634,
    86.004515951181));
#1447 = CARTESIAN_POINT('',(-170.2666807332,-282.5760317413,
    86.861289632392));
#1448 = CARTESIAN_POINT('',(-168.6371977973,-284.2055146772,
    88.347912145659));
#1449 = CARTESIAN_POINT('',(-167.7707106315,-285.072001843,
    88.977724218045));
#1450 = CARTESIAN_POINT('',(-165.967458639,-286.8752538355,
    89.986208366008));
#1451 = CARTESIAN_POINT('',(-165.0307384012,-287.8119740733,
    90.364855504828));
#1452 = CARTESIAN_POINT('',(-163.1230153149,-289.7196971596,
    90.856445807245));
#1453 = CARTESIAN_POINT('',(-162.1520596385,-290.690652836,
    90.969376815303));
#1454 = CARTESIAN_POINT('',(-160.2131781867,-292.6295342878,
    90.925181732539));
#1455 = CARTESIAN_POINT('',(-159.2453003539,-293.5974121206,
    90.768056734528));
#1456 = CARTESIAN_POINT('',(-157.3497706635,-295.492941811,
    90.18977465883));
#1457 = CARTESIAN_POINT('',(-156.4221656766,-296.420546798,
    89.768631880306));
#1458 = CARTESIAN_POINT('',(-154.6428318905,-298.199880584,
    88.678485867537));
#1459 = CARTESIAN_POINT('',(-153.7911470889,-299.0515653856,
    88.0095095893));
#1460 = CARTESIAN_POINT('',(-152.1963880067,-300.6463244678,
    86.44939333937));
#1461 = CARTESIAN_POINT('',(-151.4533531597,-301.3893593148,
    85.558291944626));
#1462 = CARTESIAN_POINT('',(-150.1044544786,-302.7382579959,
    83.588159850098));
#1463 = CARTESIAN_POINT('',(-149.4986239986,-303.3440884759,
    82.509177865712));
#1464 = CARTESIAN_POINT('',(-148.4474231384,-304.3952893361,
    80.204740998114));
#1465 = CARTESIAN_POINT('',(-148.0020787512,-304.8406337233,
    78.979343096645));
#1466 = CARTESIAN_POINT('',(-147.2889727714,-305.5537397031,
    76.429159672457));
#1467 = CARTESIAN_POINT('',(-147.0212288119,-305.8214836626,
    75.104437208048));
#1468 = CARTESIAN_POINT('',(-146.8474253937,-305.9952870808,
    73.755473277075));
#1469 = ORIENTED_EDGE('',*,*,#1412,.F.);
#1470 = ORIENTED_EDGE('',*,*,#1341,.F.);
#1471 = ORIENTED_EDGE('',*,*,#1398,.T.);
#1472 = TOROIDAL_SURFACE('',#1473,200.,20.95);
#1473 = AXIS2_PLACEMENT_3D('',#1474,#1475,#1476);
#1474 = CARTESIAN_POINT('',(-20.,-432.8427124746,70.));
#1475 = DIRECTION('',(0.E+000,0.E+000,1.));
#1476 = DIRECTION('',(-1.,0.E+000,0.E+000));
#1477 = ADVANCED_FACE('',(#1478),#1504,.F.);
#1478 = FACE_BOUND('',#1479,.F.);
#1479 = EDGE_LOOP('',(#1480,#1481,#1489,#1498));
#1480 = ORIENTED_EDGE('',*,*,#1357,.T.);
#1481 = ORIENTED_EDGE('',*,*,#1482,.F.);
#1482 = EDGE_CURVE('',#1483,#1360,#1485,.T.);
#1483 = VERTEX_POINT('',#1484);
#1484 = CARTESIAN_POINT('',(-173.211804483,-274.0639427959,
    66.244526722925));
#1485 = LINE('',#1486,#1487);
#1486 = CARTESIAN_POINT('',(-173.211804483,-274.0639427959,
    66.244526722925));
#1487 = VECTOR('',#1488,1.);
#1488 = DIRECTION('',(-0.707106781187,-0.707106781187,0.E+000));
#1489 = ORIENTED_EDGE('',*,*,#1490,.F.);
#1490 = EDGE_CURVE('',#1491,#1483,#1493,.T.);
#1491 = VERTEX_POINT('',#1492);
#1492 = CARTESIAN_POINT('',(-144.0639427959,-303.211804483,
    73.755473277075));
#1493 = CIRCLE('',#1494,20.95);
#1494 = AXIS2_PLACEMENT_3D('',#1495,#1496,#1497);
#1495 = CARTESIAN_POINT('',(-158.6378736394,-288.6378736394,70.));
#1496 = DIRECTION('',(0.707106781187,0.707106781187,0.E+000));
#1497 = DIRECTION('',(0.695653023558,-0.695653023558,0.179258867641));
#1498 = ORIENTED_EDGE('',*,*,#1499,.T.);
#1499 = EDGE_CURVE('',#1491,#1358,#1500,.T.);
#1500 = LINE('',#1501,#1502);
#1501 = CARTESIAN_POINT('',(-144.0639427959,-303.211804483,
    73.755473277075));
#1502 = VECTOR('',#1503,1.);
#1503 = DIRECTION('',(-0.707106781187,-0.707106781187,0.E+000));
#1504 = CYLINDRICAL_SURFACE('',#1505,20.95);
#1505 = AXIS2_PLACEMENT_3D('',#1506,#1507,#1508);
#1506 = CARTESIAN_POINT('',(-160.0296149384,-290.0296149384,70.));
#1507 = DIRECTION('',(0.707106781187,0.707106781187,0.E+000));
#1508 = DIRECTION('',(-0.695653023558,0.695653023558,-0.179258867641));
#1509 = ADVANCED_FACE('',(#1510),#1522,.F.);
#1510 = FACE_BOUND('',#1511,.F.);
#1511 = EDGE_LOOP('',(#1512,#1513,#1514,#1521));
#1512 = ORIENTED_EDGE('',*,*,#1433,.T.);
#1513 = ORIENTED_EDGE('',*,*,#1499,.F.);
#1514 = ORIENTED_EDGE('',*,*,#1515,.F.);
#1515 = EDGE_CURVE('',#1483,#1491,#1516,.T.);
#1516 = CIRCLE('',#1517,20.95);
#1517 = AXIS2_PLACEMENT_3D('',#1518,#1519,#1520);
#1518 = CARTESIAN_POINT('',(-158.6378736394,-288.6378736394,70.));
#1519 = DIRECTION('',(0.707106781187,0.707106781187,0.E+000));
#1520 = DIRECTION('',(-0.695653023558,0.695653023558,-0.179258867641));
#1521 = ORIENTED_EDGE('',*,*,#1482,.T.);
#1522 = CYLINDRICAL_SURFACE('',#1523,20.95);
#1523 = AXIS2_PLACEMENT_3D('',#1524,#1525,#1526);
#1524 = CARTESIAN_POINT('',(-160.0296149384,-290.0296149384,70.));
#1525 = DIRECTION('',(0.707106781187,0.707106781187,0.E+000));
#1526 = DIRECTION('',(-0.695653023558,0.695653023558,-0.179258867641));
#1527 = ADVANCED_FACE('',(#1528),#1598,.F.);
#1528 = FACE_BOUND('',#1529,.T.);
#1529 = EDGE_LOOP('',(#1530,#1571,#1584,#1585));
#1530 = ORIENTED_EDGE('',*,*,#1531,.T.);
#1531 = EDGE_CURVE('',#1532,#1534,#1536,.T.);
#1532 = VERTEX_POINT('',#1533);
#1533 = CARTESIAN_POINT('',(-67.242528563,-232.7646278544,
    51.445641661754));
#1534 = VERTEX_POINT('',#1535);
#1535 = CARTESIAN_POINT('',(-96.14391072162,-203.390738216,
    43.863114587615));
#1536 = B_SPLINE_CURVE_WITH_KNOTS('',3,(#1537,#1538,#1539,#1540,#1541,
    #1542,#1543,#1544,#1545,#1546,#1547,#1548,#1549,#1550,#1551,#1552,
    #1553,#1554,#1555,#1556,#1557,#1558,#1559,#1560,#1561,#1562,#1563,
    #1564,#1565,#1566,#1567,#1568,#1569,#1570),.UNSPECIFIED.,.F.,.F.,(4,
    2,2,2,2,2,2,2,2,2,2,2,2,2,2,2,4),(164.94135653094,169.05487941173,
    173.16840229253,177.28192517332,181.39544805411,185.50897093491,
    189.6224938157,193.7360166965,197.84953957729,201.96306245809,
    206.07658533888,210.19010821967,214.30363110047,218.41715398126,
    222.53067686206,226.64419974285,230.75772262364),.UNSPECIFIED.);
#1537 = CARTESIAN_POINT('',(-67.242528563,-232.7646278544,
    51.445641661754));
#1538 = CARTESIAN_POINT('',(-67.49066618125,-233.3253618573,
    50.219214312134));
#1539 = CARTESIAN_POINT('',(-67.83194808842,-233.7914086579,
    48.968378470413));
#1540 = CARTESIAN_POINT('',(-68.68771864031,-234.5162635914,
    46.465836190733));
#1541 = CARTESIAN_POINT('',(-69.20218612441,-234.7750538008,
    45.214191633064));
#1542 = CARTESIAN_POINT('',(-70.38456520931,-235.0754398936,
    42.758133069312));
#1543 = CARTESIAN_POINT('',(-71.05244757345,-235.1170283493,
    41.553779794117));
#1544 = CARTESIAN_POINT('',(-72.5159970262,-234.9814019322,
    39.238589899523));
#1545 = CARTESIAN_POINT('',(-73.31162792567,-234.804190413,
    38.127810527758));
#1546 = CARTESIAN_POINT('',(-75.00010436158,-234.2377635332,
    36.042460751599));
#1547 = CARTESIAN_POINT('',(-75.89290814712,-233.8485621786,
    35.067941911588));
#1548 = CARTESIAN_POINT('',(-77.74142436366,-232.8731023035,
    33.292571076284));
#1549 = CARTESIAN_POINT('',(-78.69709108647,-232.2868679031,
    32.491762980533));
#1550 = CARTESIAN_POINT('',(-80.63460964211,-230.9398614086,
    31.094597591644));
#1551 = CARTESIAN_POINT('',(-81.61641356598,-230.1791226218,
    30.498274846175));
#1552 = CARTESIAN_POINT('',(-83.56847670919,-228.512334212,
    29.533007186058));
#1553 = CARTESIAN_POINT('',(-84.53868765992,-227.6063258037,
    29.164086139556));
#1554 = CARTESIAN_POINT('',(-86.43027869884,-225.6838092225,
    28.667810903061));
#1555 = CARTESIAN_POINT('',(-87.35161201371,-224.6673485877,
    28.540468984451));
#1556 = CARTESIAN_POINT('',(-89.11003816553,-222.5629850692,
    28.532257750602));
#1557 = CARTESIAN_POINT('',(-89.94708752192,-221.4751342201,
    28.651388638401));
#1558 = CARTESIAN_POINT('',(-91.50477345576,-219.2697932741,
    29.13155696031));
#1559 = CARTESIAN_POINT('',(-92.22537151635,-218.1523577087,
    29.49258252131));
#1560 = CARTESIAN_POINT('',(-93.52245623533,-215.9307893511,
    30.442677799647));
#1561 = CARTESIAN_POINT('',(-94.09891082076,-214.8267114916,
    31.031724024004));
#1562 = CARTESIAN_POINT('',(-95.08554808655,-212.6742893484,
    32.415234630042));
#1563 = CARTESIAN_POINT('',(-95.49570637036,-211.6259982876,
    33.209664801696));
#1564 = CARTESIAN_POINT('',(-96.13398026615,-209.6254387348,
    34.973423198727));
#1565 = CARTESIAN_POINT('',(-96.36208009554,-208.6732197104,
    35.942707811701));
#1566 = CARTESIAN_POINT('',(-96.62746211345,-206.9014031296,
    38.018933753654));
#1567 = CARTESIAN_POINT('',(-96.66473773989,-206.0818493847,
    39.125823743854));
#1568 = CARTESIAN_POINT('',(-96.54702939781,-204.6068656934,
    41.434729032141));
#1569 = CARTESIAN_POINT('',(-96.39204833987,-203.9514722188,
    42.636687237994));
#1570 = CARTESIAN_POINT('',(-96.14391072162,-203.390738216,
    43.863114587615));
#1571 = ORIENTED_EDGE('',*,*,#1572,.F.);
#1572 = EDGE_CURVE('',#1483,#1534,#1573,.T.);
#1573 = B_SPLINE_CURVE_WITH_KNOTS('',3,(#1574,#1575,#1576,#1577,#1578,
    #1579,#1580,#1581,#1582,#1583),.UNSPECIFIED.,.F.,.F.,(4,2,2,2,4),(
    1.570796326795E+003,1.597694425132E+003,1.624592523468E+003,
    1.651490621805E+003,1.678388720141E+003),.UNSPECIFIED.);
#1574 = CARTESIAN_POINT('',(-173.211804483,-274.0639427959,
    66.244526722925));
#1575 = CARTESIAN_POINT('',(-166.8617074237,-267.7138457366,
    66.244526722925));
#1576 = CARTESIAN_POINT('',(-160.4439102828,-261.4314771084,
    65.770526928395));
#1577 = CARTESIAN_POINT('',(-147.5470802683,-249.0747961252,
    63.880005318984));
#1578 = CARTESIAN_POINT('',(-141.0680761832,-243.0005113529,
    62.46348772415));
#1579 = CARTESIAN_POINT('',(-128.1237615985,-231.1302480287,
    58.70430831249));
#1580 = CARTESIAN_POINT('',(-121.6584799935,-225.3342959738,
    56.361654886953));
#1581 = CARTESIAN_POINT('',(-108.8163813216,-214.0877294316,
    50.777292433307));
#1582 = CARTESIAN_POINT('',(-102.4395929211,-208.6371400489,
    47.535595870684));
#1583 = CARTESIAN_POINT('',(-96.14391072162,-203.390738216,
    43.863114587615));
#1584 = ORIENTED_EDGE('',*,*,#1490,.F.);
#1585 = ORIENTED_EDGE('',*,*,#1586,.T.);
#1586 = EDGE_CURVE('',#1491,#1532,#1587,.T.);
#1587 = B_SPLINE_CURVE_WITH_KNOTS('',3,(#1588,#1589,#1590,#1591,#1592,
    #1593,#1594,#1595,#1596,#1597),.UNSPECIFIED.,.F.,.F.,(4,2,2,2,4),(
    1.570796326795E+003,1.597694425132E+003,1.624592523468E+003,
    1.651490621805E+003,1.678388720141E+003),.UNSPECIFIED.);
#1588 = CARTESIAN_POINT('',(-144.0639427959,-303.211804483,
    73.755473277075));
#1589 = CARTESIAN_POINT('',(-137.7341546986,-296.8820163857,
    73.755473277075));
#1590 = CARTESIAN_POINT('',(-131.3368830391,-290.6197401097,
    73.282989434781));
#1591 = CARTESIAN_POINT('',(-118.4812998321,-278.3025784224,
    71.398514115883));
#1592 = CARTESIAN_POINT('',(-112.0230169811,-272.2477205057,
    69.986526845829));
#1593 = CARTESIAN_POINT('',(-99.1201010698,-260.4154208103,
    66.239370090086));
#1594 = CARTESIAN_POINT('',(-92.6754968115,-254.6380054438,
    63.904208968847));
#1595 = CARTESIAN_POINT('',(-79.8744699047,-243.4274078152,
    58.337706494984));
#1596 = CARTESIAN_POINT('',(-73.51807583081,-237.9942505776,
    55.106377567977));
#1597 = CARTESIAN_POINT('',(-67.242528563,-232.7646278544,
    51.445641661754));
#1598 = TOROIDAL_SURFACE('',#1599,250.,20.95);
#1599 = AXIS2_PLACEMENT_3D('',#1600,#1601,#1602);
#1600 = CARTESIAN_POINT('',(-123.6308715387,-323.6448757401,
    -175.0490147049));
#1601 = DIRECTION('',(0.693103280084,-0.693103280084,0.198029508595));
#1602 = DIRECTION('',(-0.140028008403,0.140028008403,0.98019605882));
#1603 = ADVANCED_FACE('',(#1604),#1646,.F.);
#1604 = FACE_BOUND('',#1605,.T.);
#1605 = EDGE_LOOP('',(#1606,#1643,#1644,#1645));
#1606 = ORIENTED_EDGE('',*,*,#1607,.T.);
#1607 = EDGE_CURVE('',#1534,#1532,#1608,.T.);
#1608 = B_SPLINE_CURVE_WITH_KNOTS('',3,(#1609,#1610,#1611,#1612,#1613,
    #1614,#1615,#1616,#1617,#1618,#1619,#1620,#1621,#1622,#1623,#1624,
    #1625,#1626,#1627,#1628,#1629,#1630,#1631,#1632,#1633,#1634,#1635,
    #1636,#1637,#1638,#1639,#1640,#1641,#1642),.UNSPECIFIED.,.F.,.F.,(4,
    2,2,2,2,2,2,2,2,2,2,2,2,2,2,2,4),(99.124990438237,103.23851331903,
    107.35203619982,111.46555908061,115.57908196141,119.6926048422,
    123.806127723,127.91965060379,132.03317348459,136.14669636538,
    140.26021924617,144.37374212697,148.48726500776,152.60078788856,
    156.71431076935,160.82783365014,164.94135653094),.UNSPECIFIED.);
#1609 = CARTESIAN_POINT('',(-96.14391072162,-203.390738216,
    43.863114587615));
#1610 = CARTESIAN_POINT('',(-95.89577310337,-202.8300042132,
    45.089541937235));
#1611 = CARTESIAN_POINT('',(-95.5544911962,-202.3639574126,
    46.340377778956));
#1612 = CARTESIAN_POINT('',(-94.69872064431,-201.639102479,
    48.842920058636));
#1613 = CARTESIAN_POINT('',(-94.18425316021,-201.3803122696,
    50.094564616305));
#1614 = CARTESIAN_POINT('',(-93.00187407532,-201.0799261768,
    52.550623180057));
#1615 = CARTESIAN_POINT('',(-92.33399171118,-201.0383377212,
    53.754976455253));
#1616 = CARTESIAN_POINT('',(-90.87044225842,-201.1739641383,
    56.070166349846));
#1617 = CARTESIAN_POINT('',(-90.07481135895,-201.3511756574,
    57.180945721612));
#1618 = CARTESIAN_POINT('',(-88.38633492304,-201.9176025372,
    59.266295497771));
#1619 = CARTESIAN_POINT('',(-87.49353113751,-202.3068038918,
    60.240814337781));
#1620 = CARTESIAN_POINT('',(-85.64501492096,-203.282263767,
    62.016185173086));
#1621 = CARTESIAN_POINT('',(-84.68934819815,-203.8684981673,
    62.816993268837));
#1622 = CARTESIAN_POINT('',(-82.75182964252,-205.2155046618,
    64.214158657725));
#1623 = CARTESIAN_POINT('',(-81.77002571865,-205.9762434487,
    64.810481403195));
#1624 = CARTESIAN_POINT('',(-79.81796257544,-207.6430318584,
    65.775749063311));
#1625 = CARTESIAN_POINT('',(-78.8477516247,-208.5490402668,
    66.144670109813));
#1626 = CARTESIAN_POINT('',(-76.95616058578,-210.4715568479,
    66.640945346308));
#1627 = CARTESIAN_POINT('',(-76.03482727092,-211.4880174827,
    66.768287264918));
#1628 = CARTESIAN_POINT('',(-74.2764011191,-213.5923810012,
    66.776498498767));
#1629 = CARTESIAN_POINT('',(-73.4393517627,-214.6802318504,
    66.657367610968));
#1630 = CARTESIAN_POINT('',(-71.88166582886,-216.8855727963,
    66.17719928906));
#1631 = CARTESIAN_POINT('',(-71.16106776827,-218.0030083617,
    65.816173728059));
#1632 = CARTESIAN_POINT('',(-69.86398304929,-220.2245767193,
    64.866078449722));
#1633 = CARTESIAN_POINT('',(-69.28752846387,-221.3286545789,
    64.277032225365));
#1634 = CARTESIAN_POINT('',(-68.30089119808,-223.481076722,
    62.893521619327));
#1635 = CARTESIAN_POINT('',(-67.89073291426,-224.5293677828,
    62.099091447673));
#1636 = CARTESIAN_POINT('',(-67.25245901847,-226.5299273356,
    60.335333050642));
#1637 = CARTESIAN_POINT('',(-67.02435918909,-227.48214636,
    59.366048437668));
#1638 = CARTESIAN_POINT('',(-66.75897717117,-229.2539629409,
    57.289822495715));
#1639 = CARTESIAN_POINT('',(-66.72170154474,-230.0735166857,
    56.182932505515));
#1640 = CARTESIAN_POINT('',(-66.83940988682,-231.548500377,
    53.874027217228));
#1641 = CARTESIAN_POINT('',(-66.99439094476,-232.2038938516,
    52.672069011375));
#1642 = CARTESIAN_POINT('',(-67.242528563,-232.7646278544,
    51.445641661754));
#1643 = ORIENTED_EDGE('',*,*,#1586,.F.);
#1644 = ORIENTED_EDGE('',*,*,#1515,.F.);
#1645 = ORIENTED_EDGE('',*,*,#1572,.T.);
#1646 = TOROIDAL_SURFACE('',#1647,250.,20.95);
#1647 = AXIS2_PLACEMENT_3D('',#1648,#1649,#1650);
#1648 = CARTESIAN_POINT('',(-123.6308715387,-323.6448757401,
    -175.0490147049));
#1649 = DIRECTION('',(0.693103280084,-0.693103280084,0.198029508595));
#1650 = DIRECTION('',(-0.140028008403,0.140028008403,0.98019605882));
#1651 = ADVANCED_FACE('',(#1652),#1678,.F.);
#1652 = FACE_BOUND('',#1653,.F.);
#1653 = EDGE_LOOP('',(#1654,#1655,#1663,#1672));
#1654 = ORIENTED_EDGE('',*,*,#1531,.T.);
#1655 = ORIENTED_EDGE('',*,*,#1656,.F.);
#1656 = EDGE_CURVE('',#1657,#1534,#1659,.T.);
#1657 = VERTEX_POINT('',#1658);
#1658 = CARTESIAN_POINT('',(-32.40838502338,-150.2778001341,
    6.68405793031));
#1659 = LINE('',#1660,#1661);
#1660 = CARTESIAN_POINT('',(-32.40838502338,-150.2778001341,
    6.68405793031));
#1661 = VECTOR('',#1662,1.);
#1662 = DIRECTION('',(-0.701047485404,-0.584206237837,0.408944366486));
#1663 = ORIENTED_EDGE('',*,*,#1664,.F.);
#1664 = EDGE_CURVE('',#1665,#1657,#1667,.T.);
#1665 = VERTEX_POINT('',#1666);
#1666 = CARTESIAN_POINT('',(-3.507002864771,-179.6516897726,
    14.26658500445));
#1667 = CIRCLE('',#1668,20.95);
#1668 = AXIS2_PLACEMENT_3D('',#1669,#1670,#1671);
#1669 = CARTESIAN_POINT('',(-17.95769394408,-164.9647449534,
    10.47532146738));
#1670 = DIRECTION('',(0.701047485404,0.584206237837,-0.408944366486));
#1671 = DIRECTION('',(0.689770457246,-0.701047485404,0.180967233273));
#1672 = ORIENTED_EDGE('',*,*,#1673,.T.);
#1673 = EDGE_CURVE('',#1665,#1532,#1674,.T.);
#1674 = LINE('',#1675,#1676);
#1675 = CARTESIAN_POINT('',(-3.507002864771,-179.6516897726,
    14.26658500445));
#1676 = VECTOR('',#1677,1.);
#1677 = DIRECTION('',(-0.701047485404,-0.584206237837,0.408944366486));
#1678 = CYLINDRICAL_SURFACE('',#1679,20.95);
#1679 = AXIS2_PLACEMENT_3D('',#1680,#1681,#1682);
#1680 = CARTESIAN_POINT('',(-49.82545679319,-191.5212139943,
    29.064849796032));
#1681 = DIRECTION('',(0.701047485404,0.584206237837,-0.408944366486));
#1682 = DIRECTION('',(-0.689770457246,0.701047485404,-0.180967233273));
#1683 = ADVANCED_FACE('',(#1684),#1696,.F.);
#1684 = FACE_BOUND('',#1685,.F.);
#1685 = EDGE_LOOP('',(#1686,#1687,#1688,#1695));
#1686 = ORIENTED_EDGE('',*,*,#1607,.T.);
#1687 = ORIENTED_EDGE('',*,*,#1673,.F.);
#1688 = ORIENTED_EDGE('',*,*,#1689,.F.);
#1689 = EDGE_CURVE('',#1657,#1665,#1690,.T.);
#1690 = CIRCLE('',#1691,20.95);
#1691 = AXIS2_PLACEMENT_3D('',#1692,#1693,#1694);
#1692 = CARTESIAN_POINT('',(-17.95769394408,-164.9647449534,
    10.47532146738));
#1693 = DIRECTION('',(0.701047485404,0.584206237837,-0.408944366486));
#1694 = DIRECTION('',(-0.689770457246,0.701047485404,-0.180967233273));
#1695 = ORIENTED_EDGE('',*,*,#1656,.T.);
#1696 = CYLINDRICAL_SURFACE('',#1697,20.95);
#1697 = AXIS2_PLACEMENT_3D('',#1698,#1699,#1700);
#1698 = CARTESIAN_POINT('',(-49.82545679319,-191.5212139943,
    29.064849796032));
#1699 = DIRECTION('',(0.701047485404,0.584206237837,-0.408944366486));
#1700 = DIRECTION('',(-0.689770457246,0.701047485404,-0.180967233273));
#1701 = ADVANCED_FACE('',(#1702),#1738,.T.);
#1702 = FACE_BOUND('',#1703,.T.);
#1703 = EDGE_LOOP('',(#1704,#1714,#1723,#1731));
#1704 = ORIENTED_EDGE('',*,*,#1705,.F.);
#1705 = EDGE_CURVE('',#1706,#1708,#1710,.T.);
#1706 = VERTEX_POINT('',#1707);
#1707 = CARTESIAN_POINT('',(-24.15,-124.3844827662,0.E+000));
#1708 = VERTEX_POINT('',#1709);
#1709 = CARTESIAN_POINT('',(-24.15,124.38448276621,0.E+000));
#1710 = LINE('',#1711,#1712);
#1711 = CARTESIAN_POINT('',(-24.15,-124.3844827662,0.E+000));
#1712 = VECTOR('',#1713,1.);
#1713 = DIRECTION('',(0.E+000,1.,0.E+000));
#1714 = ORIENTED_EDGE('',*,*,#1715,.T.);
#1715 = EDGE_CURVE('',#1706,#1716,#1718,.T.);
#1716 = VERTEX_POINT('',#1717);
#1717 = CARTESIAN_POINT('',(24.15,-124.3844827662,2.957522019941E-015));
#1718 = CIRCLE('',#1719,24.15);
#1719 = AXIS2_PLACEMENT_3D('',#1720,#1721,#1722);
#1720 = CARTESIAN_POINT('',(0.E+000,-124.3844827662,0.E+000));
#1721 = DIRECTION('',(0.E+000,1.,0.E+000));
#1722 = DIRECTION('',(-1.,0.E+000,0.E+000));
#1723 = ORIENTED_EDGE('',*,*,#1724,.T.);
#1724 = EDGE_CURVE('',#1716,#1725,#1727,.T.);
#1725 = VERTEX_POINT('',#1726);
#1726 = CARTESIAN_POINT('',(24.15,124.38448276621,2.957522019941E-015));
#1727 = LINE('',#1728,#1729);
#1728 = CARTESIAN_POINT('',(24.15,-124.3844827662,2.957522019941E-015));
#1729 = VECTOR('',#1730,1.);
#1730 = DIRECTION('',(0.E+000,1.,0.E+000));
#1731 = ORIENTED_EDGE('',*,*,#1732,.F.);
#1732 = EDGE_CURVE('',#1708,#1725,#1733,.T.);
#1733 = CIRCLE('',#1734,24.15);
#1734 = AXIS2_PLACEMENT_3D('',#1735,#1736,#1737);
#1735 = CARTESIAN_POINT('',(0.E+000,124.38448276621,0.E+000));
#1736 = DIRECTION('',(0.E+000,1.,0.E+000));
#1737 = DIRECTION('',(-1.,0.E+000,0.E+000));
#1738 = CYLINDRICAL_SURFACE('',#1739,24.15);
#1739 = AXIS2_PLACEMENT_3D('',#1740,#1741,#1742);
#1740 = CARTESIAN_POINT('',(0.E+000,62.192241383106,0.E+000));
#1741 = DIRECTION('',(0.E+000,1.,0.E+000));
#1742 = DIRECTION('',(-1.,0.E+000,0.E+000));
#1743 = ADVANCED_FACE('',(#1744),#1780,.F.);
#1744 = FACE_BOUND('',#1745,.F.);
#1745 = EDGE_LOOP('',(#1746,#1756,#1765,#1773));
#1746 = ORIENTED_EDGE('',*,*,#1747,.F.);
#1747 = EDGE_CURVE('',#1748,#1750,#1752,.T.);
#1748 = VERTEX_POINT('',#1749);
#1749 = CARTESIAN_POINT('',(-20.95,-124.3844827662,0.E+000));
#1750 = VERTEX_POINT('',#1751);
#1751 = CARTESIAN_POINT('',(-20.95,124.38448276621,0.E+000));
#1752 = LINE('',#1753,#1754);
#1753 = CARTESIAN_POINT('',(-20.95,-124.3844827662,0.E+000));
#1754 = VECTOR('',#1755,1.);
#1755 = DIRECTION('',(0.E+000,1.,0.E+000));
#1756 = ORIENTED_EDGE('',*,*,#1757,.T.);
#1757 = EDGE_CURVE('',#1748,#1758,#1760,.T.);
#1758 = VERTEX_POINT('',#1759);
#1759 = CARTESIAN_POINT('',(20.95,-124.3844827662,2.117297293693E-014));
#1760 = CIRCLE('',#1761,20.95);
#1761 = AXIS2_PLACEMENT_3D('',#1762,#1763,#1764);
#1762 = CARTESIAN_POINT('',(0.E+000,-124.3844827662,0.E+000));
#1763 = DIRECTION('',(0.E+000,1.,0.E+000));
#1764 = DIRECTION('',(-1.,0.E+000,0.E+000));
#1765 = ORIENTED_EDGE('',*,*,#1766,.T.);
#1766 = EDGE_CURVE('',#1758,#1767,#1769,.T.);
#1767 = VERTEX_POINT('',#1768);
#1768 = CARTESIAN_POINT('',(20.95,124.38448276621,2.565635044214E-015));
#1769 = LINE('',#1770,#1771);
#1770 = CARTESIAN_POINT('',(20.95,-124.3844827662,2.565635044214E-015));
#1771 = VECTOR('',#1772,1.);
#1772 = DIRECTION('',(0.E+000,1.,0.E+000));
#1773 = ORIENTED_EDGE('',*,*,#1774,.F.);
#1774 = EDGE_CURVE('',#1750,#1767,#1775,.T.);
#1775 = CIRCLE('',#1776,20.95);
#1776 = AXIS2_PLACEMENT_3D('',#1777,#1778,#1779);
#1777 = CARTESIAN_POINT('',(0.E+000,124.38448276621,0.E+000));
#1778 = DIRECTION('',(0.E+000,1.,0.E+000));
#1779 = DIRECTION('',(-1.,0.E+000,0.E+000));
#1780 = CYLINDRICAL_SURFACE('',#1781,20.95);
#1781 = AXIS2_PLACEMENT_3D('',#1782,#1783,#1784);
#1782 = CARTESIAN_POINT('',(0.E+000,62.192241383106,0.E+000));
#1783 = DIRECTION('',(0.E+000,1.,0.E+000));
#1784 = DIRECTION('',(-1.,0.E+000,0.E+000));
#1785 = ADVANCED_FACE('',(#1786),#1804,.F.);
#1786 = FACE_BOUND('',#1787,.F.);
#1787 = EDGE_LOOP('',(#1788,#1789,#1796,#1797));
#1788 = ORIENTED_EDGE('',*,*,#1766,.F.);
#1789 = ORIENTED_EDGE('',*,*,#1790,.T.);
#1790 = EDGE_CURVE('',#1758,#1748,#1791,.T.);
#1791 = CIRCLE('',#1792,20.95);
#1792 = AXIS2_PLACEMENT_3D('',#1793,#1794,#1795);
#1793 = CARTESIAN_POINT('',(0.E+000,-124.3844827662,0.E+000));
#1794 = DIRECTION('',(0.E+000,1.,0.E+000));
#1795 = DIRECTION('',(1.,-0.E+000,1.010643099615E-015));
#1796 = ORIENTED_EDGE('',*,*,#1747,.T.);
#1797 = ORIENTED_EDGE('',*,*,#1798,.F.);
#1798 = EDGE_CURVE('',#1767,#1750,#1799,.T.);
#1799 = CIRCLE('',#1800,20.95);
#1800 = AXIS2_PLACEMENT_3D('',#1801,#1802,#1803);
#1801 = CARTESIAN_POINT('',(0.E+000,124.38448276621,0.E+000));
#1802 = DIRECTION('',(0.E+000,1.,0.E+000));
#1803 = DIRECTION('',(1.,-0.E+000,1.010643099615E-015));
#1804 = CYLINDRICAL_SURFACE('',#1805,20.95);
#1805 = AXIS2_PLACEMENT_3D('',#1806,#1807,#1808);
#1806 = CARTESIAN_POINT('',(0.E+000,62.192241383106,0.E+000));
#1807 = DIRECTION('',(0.E+000,1.,0.E+000));
#1808 = DIRECTION('',(-1.,0.E+000,0.E+000));
#1809 = ADVANCED_FACE('',(#1810),#1828,.T.);
#1810 = FACE_BOUND('',#1811,.T.);
#1811 = EDGE_LOOP('',(#1812,#1813,#1820,#1821));
#1812 = ORIENTED_EDGE('',*,*,#1724,.F.);
#1813 = ORIENTED_EDGE('',*,*,#1814,.T.);
#1814 = EDGE_CURVE('',#1716,#1706,#1815,.T.);
#1815 = CIRCLE('',#1816,24.15);
#1816 = AXIS2_PLACEMENT_3D('',#1817,#1818,#1819);
#1817 = CARTESIAN_POINT('',(0.E+000,-124.3844827662,0.E+000));
#1818 = DIRECTION('',(0.E+000,1.,0.E+000));
#1819 = DIRECTION('',(1.,-0.E+000,1.224646799147E-016));
#1820 = ORIENTED_EDGE('',*,*,#1705,.T.);
#1821 = ORIENTED_EDGE('',*,*,#1822,.F.);
#1822 = EDGE_CURVE('',#1725,#1708,#1823,.T.);
#1823 = CIRCLE('',#1824,24.15);
#1824 = AXIS2_PLACEMENT_3D('',#1825,#1826,#1827);
#1825 = CARTESIAN_POINT('',(0.E+000,124.38448276621,0.E+000));
#1826 = DIRECTION('',(0.E+000,1.,0.E+000));
#1827 = DIRECTION('',(1.,-0.E+000,1.224646799147E-016));
#1828 = CYLINDRICAL_SURFACE('',#1829,24.15);
#1829 = AXIS2_PLACEMENT_3D('',#1830,#1831,#1832);
#1830 = CARTESIAN_POINT('',(0.E+000,62.192241383106,0.E+000));
#1831 = DIRECTION('',(0.E+000,1.,0.E+000));
#1832 = DIRECTION('',(-1.,0.E+000,0.E+000));
#1833 = ADVANCED_FACE('',(#1834),#1864,.T.);
#1834 = FACE_BOUND('',#1835,.T.);
#1835 = EDGE_LOOP('',(#1836,#1849,#1850,#1863));
#1836 = ORIENTED_EDGE('',*,*,#1837,.F.);
#1837 = EDGE_CURVE('',#1708,#22,#1838,.T.);
#1838 = B_SPLINE_CURVE_WITH_KNOTS('',3,(#1839,#1840,#1841,#1842,#1843,
    #1844,#1845,#1846,#1847,#1848),.UNSPECIFIED.,.F.,.F.,(4,2,2,2,4),(
    0.E+000,11.836182859546,23.672365719092,35.508548578637,
    47.344731438183),.UNSPECIFIED.);
#1839 = CARTESIAN_POINT('',(-24.15,124.38448276621,1.7763568394E-014));
#1840 = CARTESIAN_POINT('',(-24.15,126.6838380043,1.7763568394E-014));
#1841 = CARTESIAN_POINT('',(-24.38617417236,128.98307321998,
    0.137768267211));
#1842 = CARTESIAN_POINT('',(-25.31774642763,133.45353281372,
    0.681185416122));
#1843 = CARTESIAN_POINT('',(-26.01309588406,135.62452384143,
    1.086805932374));
#1844 = CARTESIAN_POINT('',(-27.82428019211,139.71738422309,
    2.143330112067));
#1845 = CARTESIAN_POINT('',(-28.940020503,141.63903993673,2.79417862675)
  );
#1846 = CARTESIAN_POINT('',(-31.52979463726,145.12601408612,
    4.304880205072));
#1847 = CARTESIAN_POINT('',(-33.00369327885,146.69115050778,
    5.164654412668));
#1848 = CARTESIAN_POINT('',(-34.61565048657,148.03444818088,
    6.104962783836));
#1849 = ORIENTED_EDGE('',*,*,#1732,.T.);
#1850 = ORIENTED_EDGE('',*,*,#1851,.T.);
#1851 = EDGE_CURVE('',#1725,#32,#1852,.T.);
#1852 = B_SPLINE_CURVE_WITH_KNOTS('',3,(#1853,#1854,#1855,#1856,#1857,
    #1858,#1859,#1860,#1861,#1862),.UNSPECIFIED.,.F.,.F.,(4,2,2,2,4),(
    0.E+000,11.836182859546,23.672365719092,35.508548578637,
    47.344731438183),.UNSPECIFIED.);
#1853 = CARTESIAN_POINT('',(24.15,124.38448276621,-4.263256414561E-014)
  );
#1854 = CARTESIAN_POINT('',(24.15,129.97591610114,-4.263256414561E-014)
  );
#1855 = CARTESIAN_POINT('',(23.575685897369,135.56705757281,
    0.335016559868));
#1856 = CARTESIAN_POINT('',(21.310344693995,146.43805148485,
    1.65646559517));
#1857 = CARTESIAN_POINT('',(19.619435840195,151.7173364779,2.64282909322
    ));
#1858 = CARTESIAN_POINT('',(15.215107118846,161.6701074087,5.21202084734
    ));
#1859 = CARTESIAN_POINT('',(12.501917149736,166.3430738288,
    6.794714995987));
#1860 = CARTESIAN_POINT('',(6.204260665696,174.8224871765,
    10.468347945011));
#1861 = CARTESIAN_POINT('',(2.620122877681,178.62849149319,
    12.559094988019));
#1862 = CARTESIAN_POINT('',(-1.299737401583,181.89504172591,
    14.845680150923));
#1863 = ORIENTED_EDGE('',*,*,#31,.F.);
#1864 = TOROIDAL_SURFACE('',#1865,50.,24.15);
#1865 = AXIS2_PLACEMENT_3D('',#1866,#1867,#1868);
#1866 = CARTESIAN_POINT('',(-43.18894504492,124.38448276621,
    25.193551276204));
#1867 = DIRECTION('',(0.503871025524,0.E+000,0.863778900898));
#1868 = DIRECTION('',(0.863778900898,0.E+000,-0.503871025524));
#1869 = ADVANCED_FACE('',(#1870),#1876,.T.);
#1870 = FACE_BOUND('',#1871,.T.);
#1871 = EDGE_LOOP('',(#1872,#1873,#1874,#1875));
#1872 = ORIENTED_EDGE('',*,*,#1851,.F.);
#1873 = ORIENTED_EDGE('',*,*,#1822,.T.);
#1874 = ORIENTED_EDGE('',*,*,#1837,.T.);
#1875 = ORIENTED_EDGE('',*,*,#64,.F.);
#1876 = TOROIDAL_SURFACE('',#1877,50.,24.15);
#1877 = AXIS2_PLACEMENT_3D('',#1878,#1879,#1880);
#1878 = CARTESIAN_POINT('',(-43.18894504492,124.38448276621,
    25.193551276204));
#1879 = DIRECTION('',(0.503871025524,0.E+000,0.863778900898));
#1880 = DIRECTION('',(0.863778900898,0.E+000,-0.503871025524));
#1881 = ADVANCED_FACE('',(#1882),#1912,.F.);
#1882 = FACE_BOUND('',#1883,.F.);
#1883 = EDGE_LOOP('',(#1884,#1897,#1898,#1911));
#1884 = ORIENTED_EDGE('',*,*,#1885,.F.);
#1885 = EDGE_CURVE('',#1767,#814,#1886,.T.);
#1886 = B_SPLINE_CURVE_WITH_KNOTS('',3,(#1887,#1888,#1889,#1890,#1891,
    #1892,#1893,#1894,#1895,#1896),.UNSPECIFIED.,.F.,.F.,(4,2,2,2,4),(
    0.E+000,11.836182859546,23.672365719092,35.508548578637,
    47.344731438183),.UNSPECIFIED.);
#1887 = CARTESIAN_POINT('',(20.95,124.38448276621,-2.13162820728E-014));
#1888 = CARTESIAN_POINT('',(20.95,129.75780740736,-2.13162820728E-014));
#1889 = CARTESIAN_POINT('',(20.398088542852,135.13085157014,
    0.321948350003));
#1890 = CARTESIAN_POINT('',(18.221112984073,145.57779351906,
    1.591850759291));
#1891 = CARTESIAN_POINT('',(16.596162516848,150.65114599267,
    2.539738531839));
#1892 = CARTESIAN_POINT('',(12.363636323917,160.21568268419,
    5.008712144382));
#1893 = CARTESIAN_POINT('',(9.756281528851,164.70636764962,6.52966910817
    ));
#1894 = CARTESIAN_POINT('',(3.704281846452,172.85501898003,
    10.060002256236));
#1895 = CARTESIAN_POINT('',(0.259952863169,176.51255999933,
    12.069194163151));
#1896 = CARTESIAN_POINT('',(-3.507002864771,179.65168977262,
    14.26658500445));
#1897 = ORIENTED_EDGE('',*,*,#1798,.T.);
#1898 = ORIENTED_EDGE('',*,*,#1899,.T.);
#1899 = EDGE_CURVE('',#1750,#822,#1900,.T.);
#1900 = B_SPLINE_CURVE_WITH_KNOTS('',3,(#1901,#1902,#1903,#1904,#1905,
    #1906,#1907,#1908,#1909,#1910),.UNSPECIFIED.,.F.,.F.,(4,2,2,2,4),(
    0.E+000,11.836182859546,23.672365719092,35.508548578637,
    47.344731438183),.UNSPECIFIED.);
#1901 = CARTESIAN_POINT('',(-20.95,124.38448276621,-1.7763568394E-015));
#1902 = CARTESIAN_POINT('',(-20.95,126.90194669809,-1.7763568394E-015));
#1903 = CARTESIAN_POINT('',(-21.20857681784,129.41927922265,
    0.150836477077));
#1904 = CARTESIAN_POINT('',(-22.22851471771,134.31379077951,
    0.745800252001));
#1905 = CARTESIAN_POINT('',(-22.98982256072,136.69071432666,
    1.189896493755));
#1906 = CARTESIAN_POINT('',(-24.97280939718,141.1718089476,
    2.346638815025));
#1907 = CARTESIAN_POINT('',(-26.19438488211,143.27574611591,
    3.059224514567));
#1908 = CARTESIAN_POINT('',(-29.02981581802,147.09348228258,
    4.713225893846));
#1909 = CARTESIAN_POINT('',(-30.64352326434,148.80708200164,
    5.654555237536));
#1910 = CARTESIAN_POINT('',(-32.40838502338,150.27780013417,
    6.68405793031));
#1911 = ORIENTED_EDGE('',*,*,#821,.F.);
#1912 = TOROIDAL_SURFACE('',#1913,50.,20.95);
#1913 = AXIS2_PLACEMENT_3D('',#1914,#1915,#1916);
#1914 = CARTESIAN_POINT('',(-43.18894504492,124.38448276621,
    25.193551276204));
#1915 = DIRECTION('',(0.503871025524,0.E+000,0.863778900898));
#1916 = DIRECTION('',(0.863778900898,0.E+000,-0.503871025524));
#1917 = ADVANCED_FACE('',(#1918),#1924,.F.);
#1918 = FACE_BOUND('',#1919,.F.);
#1919 = EDGE_LOOP('',(#1920,#1921,#1922,#1923));
#1920 = ORIENTED_EDGE('',*,*,#1899,.F.);
#1921 = ORIENTED_EDGE('',*,*,#1774,.T.);
#1922 = ORIENTED_EDGE('',*,*,#1885,.T.);
#1923 = ORIENTED_EDGE('',*,*,#846,.F.);
#1924 = TOROIDAL_SURFACE('',#1925,50.,20.95);
#1925 = AXIS2_PLACEMENT_3D('',#1926,#1927,#1928);
#1926 = CARTESIAN_POINT('',(-43.18894504492,124.38448276621,
    25.193551276204));
#1927 = DIRECTION('',(0.503871025524,0.E+000,0.863778900898));
#1928 = DIRECTION('',(0.863778900898,0.E+000,-0.503871025524));
#1929 = ADVANCED_FACE('',(#1930),#1960,.T.);
#1930 = FACE_BOUND('',#1931,.F.);
#1931 = EDGE_LOOP('',(#1932,#1945,#1946,#1959));
#1932 = ORIENTED_EDGE('',*,*,#1933,.F.);
#1933 = EDGE_CURVE('',#1706,#883,#1934,.T.);
#1934 = B_SPLINE_CURVE_WITH_KNOTS('',3,(#1935,#1936,#1937,#1938,#1939,
    #1940,#1941,#1942,#1943,#1944),.UNSPECIFIED.,.F.,.F.,(4,2,2,2,4),(
    0.E+000,11.836182859546,23.672365719092,35.508548578637,
    47.344731438183),.UNSPECIFIED.);
#1935 = CARTESIAN_POINT('',(-24.15,-124.3844827662,1.7763568394E-014));
#1936 = CARTESIAN_POINT('',(-24.15,-126.6838380043,1.7763568394E-014));
#1937 = CARTESIAN_POINT('',(-24.38617417236,-128.9830732199,
    0.137768267211));
#1938 = CARTESIAN_POINT('',(-25.31774642763,-133.4535328137,
    0.681185416122));
#1939 = CARTESIAN_POINT('',(-26.01309588406,-135.6245238414,
    1.086805932374));
#1940 = CARTESIAN_POINT('',(-27.82428019211,-139.717384223,
    2.143330112067));
#1941 = CARTESIAN_POINT('',(-28.940020503,-141.6390399367,2.79417862675)
  );
#1942 = CARTESIAN_POINT('',(-31.52979463726,-145.1260140861,
    4.304880205072));
#1943 = CARTESIAN_POINT('',(-33.00369327885,-146.6911505077,
    5.164654412668));
#1944 = CARTESIAN_POINT('',(-34.61565048657,-148.0344481808,
    6.104962783836));
#1945 = ORIENTED_EDGE('',*,*,#1715,.T.);
#1946 = ORIENTED_EDGE('',*,*,#1947,.T.);
#1947 = EDGE_CURVE('',#1716,#875,#1948,.T.);
#1948 = B_SPLINE_CURVE_WITH_KNOTS('',3,(#1949,#1950,#1951,#1952,#1953,
    #1954,#1955,#1956,#1957,#1958),.UNSPECIFIED.,.F.,.F.,(4,2,2,2,4),(
    0.E+000,11.836182859546,23.672365719092,35.508548578637,
    47.344731438183),.UNSPECIFIED.);
#1949 = CARTESIAN_POINT('',(24.15,-124.3844827662,-4.263256414561E-014)
  );
#1950 = CARTESIAN_POINT('',(24.15,-129.9759161011,-4.263256414561E-014)
  );
#1951 = CARTESIAN_POINT('',(23.575685897369,-135.5670575728,
    0.335016559868));
#1952 = CARTESIAN_POINT('',(21.310344693995,-146.4380514848,
    1.65646559517));
#1953 = CARTESIAN_POINT('',(19.619435840195,-151.7173364779,
    2.64282909322));
#1954 = CARTESIAN_POINT('',(15.215107118846,-161.6701074087,
    5.21202084734));
#1955 = CARTESIAN_POINT('',(12.501917149736,-166.3430738288,
    6.794714995987));
#1956 = CARTESIAN_POINT('',(6.204260665696,-174.8224871765,
    10.468347945011));
#1957 = CARTESIAN_POINT('',(2.620122877681,-178.6284914931,
    12.559094988019));
#1958 = CARTESIAN_POINT('',(-1.299737401583,-181.8950417259,
    14.845680150923));
#1959 = ORIENTED_EDGE('',*,*,#882,.F.);
#1960 = TOROIDAL_SURFACE('',#1961,50.,24.15);
#1961 = AXIS2_PLACEMENT_3D('',#1962,#1963,#1964);
#1962 = CARTESIAN_POINT('',(-43.18894504492,-124.3844827662,
    25.193551276204));
#1963 = DIRECTION('',(0.503871025524,0.E+000,0.863778900898));
#1964 = DIRECTION('',(0.863778900898,0.E+000,-0.503871025524));
#1965 = ADVANCED_FACE('',(#1966),#1972,.T.);
#1966 = FACE_BOUND('',#1967,.T.);
#1967 = EDGE_LOOP('',(#1968,#1969,#1970,#1971));
#1968 = ORIENTED_EDGE('',*,*,#913,.T.);
#1969 = ORIENTED_EDGE('',*,*,#1933,.F.);
#1970 = ORIENTED_EDGE('',*,*,#1814,.F.);
#1971 = ORIENTED_EDGE('',*,*,#1947,.T.);
#1972 = TOROIDAL_SURFACE('',#1973,50.,24.15);
#1973 = AXIS2_PLACEMENT_3D('',#1974,#1975,#1976);
#1974 = CARTESIAN_POINT('',(-43.18894504492,-124.3844827662,
    25.193551276204));
#1975 = DIRECTION('',(0.503871025524,0.E+000,0.863778900898));
#1976 = DIRECTION('',(0.863778900898,0.E+000,-0.503871025524));
#1977 = ADVANCED_FACE('',(#1978),#2008,.F.);
#1978 = FACE_BOUND('',#1979,.F.);
#1979 = EDGE_LOOP('',(#1980,#1981,#1994,#1995));
#1980 = ORIENTED_EDGE('',*,*,#1664,.T.);
#1981 = ORIENTED_EDGE('',*,*,#1982,.F.);
#1982 = EDGE_CURVE('',#1748,#1657,#1983,.T.);
#1983 = B_SPLINE_CURVE_WITH_KNOTS('',3,(#1984,#1985,#1986,#1987,#1988,
    #1989,#1990,#1991,#1992,#1993),.UNSPECIFIED.,.F.,.F.,(4,2,2,2,4),(
    0.E+000,11.836182859546,23.672365719092,35.508548578637,
    47.344731438183),.UNSPECIFIED.);
#1984 = CARTESIAN_POINT('',(-20.95,-124.3844827662,-1.7763568394E-015));
#1985 = CARTESIAN_POINT('',(-20.95,-126.901946698,-1.7763568394E-015));
#1986 = CARTESIAN_POINT('',(-21.20857681784,-129.4192792226,
    0.150836477077));
#1987 = CARTESIAN_POINT('',(-22.22851471771,-134.3137907795,
    0.745800252001));
#1988 = CARTESIAN_POINT('',(-22.98982256072,-136.6907143266,
    1.189896493755));
#1989 = CARTESIAN_POINT('',(-24.97280939718,-141.1718089476,
    2.346638815025));
#1990 = CARTESIAN_POINT('',(-26.19438488211,-143.2757461159,
    3.059224514567));
#1991 = CARTESIAN_POINT('',(-29.02981581802,-147.0934822825,
    4.713225893846));
#1992 = CARTESIAN_POINT('',(-30.64352326434,-148.8070820016,
    5.654555237536));
#1993 = CARTESIAN_POINT('',(-32.40838502338,-150.2778001341,
    6.68405793031));
#1994 = ORIENTED_EDGE('',*,*,#1790,.F.);
#1995 = ORIENTED_EDGE('',*,*,#1996,.T.);
#1996 = EDGE_CURVE('',#1758,#1665,#1997,.T.);
#1997 = B_SPLINE_CURVE_WITH_KNOTS('',3,(#1998,#1999,#2000,#2001,#2002,
    #2003,#2004,#2005,#2006,#2007),.UNSPECIFIED.,.F.,.F.,(4,2,2,2,4),(
    0.E+000,11.836182859546,23.672365719092,35.508548578637,
    47.344731438183),.UNSPECIFIED.);
#1998 = CARTESIAN_POINT('',(20.95,-124.3844827662,-2.13162820728E-014));
#1999 = CARTESIAN_POINT('',(20.95,-129.7578074073,-2.13162820728E-014));
#2000 = CARTESIAN_POINT('',(20.398088542852,-135.1308515701,
    0.321948350003));
#2001 = CARTESIAN_POINT('',(18.221112984073,-145.577793519,
    1.591850759291));
#2002 = CARTESIAN_POINT('',(16.596162516848,-150.6511459926,
    2.539738531839));
#2003 = CARTESIAN_POINT('',(12.363636323917,-160.2156826841,
    5.008712144382));
#2004 = CARTESIAN_POINT('',(9.756281528851,-164.7063676496,6.52966910817
    ));
#2005 = CARTESIAN_POINT('',(3.704281846452,-172.85501898,10.060002256236
    ));
#2006 = CARTESIAN_POINT('',(0.259952863169,-176.5125599993,
    12.069194163151));
#2007 = CARTESIAN_POINT('',(-3.507002864771,-179.6516897726,
    14.26658500445));
#2008 = TOROIDAL_SURFACE('',#2009,50.,20.95);
#2009 = AXIS2_PLACEMENT_3D('',#2010,#2011,#2012);
#2010 = CARTESIAN_POINT('',(-43.18894504492,-124.3844827662,
    25.193551276204));
#2011 = DIRECTION('',(0.503871025524,0.E+000,0.863778900898));
#2012 = DIRECTION('',(0.863778900898,0.E+000,-0.503871025524));
#2013 = ADVANCED_FACE('',(#2014),#2020,.F.);
#2014 = FACE_BOUND('',#2015,.T.);
#2015 = EDGE_LOOP('',(#2016,#2017,#2018,#2019));
#2016 = ORIENTED_EDGE('',*,*,#1982,.F.);
#2017 = ORIENTED_EDGE('',*,*,#1757,.T.);
#2018 = ORIENTED_EDGE('',*,*,#1996,.T.);
#2019 = ORIENTED_EDGE('',*,*,#1689,.F.);
#2020 = TOROIDAL_SURFACE('',#2021,50.,20.95);
#2021 = AXIS2_PLACEMENT_3D('',#2022,#2023,#2024);
#2022 = CARTESIAN_POINT('',(-43.18894504492,-124.3844827662,
    25.193551276204));
#2023 = DIRECTION('',(0.503871025524,0.E+000,0.863778900898));
#2024 = DIRECTION('',(0.863778900898,0.E+000,-0.503871025524));
#2025 = ( GEOMETRIC_REPRESENTATION_CONTEXT(3) 
GLOBAL_UNCERTAINTY_ASSIGNED_CONTEXT((#2029)) 
GLOBAL_UNIT_ASSIGNED_CONTEXT((#2026,#2027,#2028)) REPRESENTATION_CONTEXT
('Context #1','3D Context with UNIT and UNCERTAINTY') );
#2026 = ( LENGTH_UNIT() NAMED_UNIT(*) SI_UNIT(.MILLI.,.METRE.) );
#2027 = ( NAMED_UNIT(*) PLANE_ANGLE_UNIT() SI_UNIT($,.RADIAN.) );
#2028 = ( NAMED_UNIT(*) SI_UNIT($,.STERADIAN.) SOLID_ANGLE_UNIT() );
#2029 = UNCERTAINTY_MEASURE_WITH_UNIT(LENGTH_MEASURE(2.E-004),#2026,
  'distance_accuracy_value','confusion accuracy');
#2030 = PRODUCT_RELATED_PRODUCT_CATEGORY('part',$,(#7));
#2031 = MECHANICAL_DESIGN_GEOMETRIC_PRESENTATION_REPRESENTATION('',(
    #2032,#2042,#2051,#2060,#2069,#2078,#2087,#2096,#2105,#2114,#2123,
    #2132,#2141,#2150,#2159,#2168,#2177,#2186,#2195,#2204,#2213,#2222,
    #2231,#2240,#2249,#2258,#2267,#2276,#2285,#2294,#2303,#2312,#2321,
    #2330,#2339,#2348,#2357,#2366,#2375,#2384,#2393,#2402,#2411,#2420,
    #2429,#2438,#2447,#2456,#2465,#2474,#2483,#2492,#2501,#2510),#2025);
#2032 = STYLED_ITEM('color',(#2033),#17);
#2033 = PRESENTATION_STYLE_ASSIGNMENT((#2034,#2040));
#2034 = SURFACE_STYLE_USAGE(.BOTH.,#2035);
#2035 = SURFACE_SIDE_STYLE('',(#2036));
#2036 = SURFACE_STYLE_FILL_AREA(#2037);
#2037 = FILL_AREA_STYLE('',(#2038));
#2038 = FILL_AREA_STYLE_COLOUR('',#2039);
#2039 = COLOUR_RGB('',0.823529417451,0.823529417451,1.);
#2040 = CURVE_STYLE('',#2041,POSITIVE_LENGTH_MEASURE(0.1),#2039);
#2041 = DRAUGHTING_PRE_DEFINED_CURVE_FONT('continuous');
#2042 = STYLED_ITEM('color',(#2043),#59);
#2043 = PRESENTATION_STYLE_ASSIGNMENT((#2044,#2049));
#2044 = SURFACE_STYLE_USAGE(.BOTH.,#2045);
#2045 = SURFACE_SIDE_STYLE('',(#2046));
#2046 = SURFACE_STYLE_FILL_AREA(#2047);
#2047 = FILL_AREA_STYLE('',(#2048));
#2048 = FILL_AREA_STYLE_COLOUR('',#2039);
#2049 = CURVE_STYLE('',#2050,POSITIVE_LENGTH_MEASURE(0.1),#2039);
#2050 = DRAUGHTING_PRE_DEFINED_CURVE_FONT('continuous');
#2051 = STYLED_ITEM('color',(#2052),#83);
#2052 = PRESENTATION_STYLE_ASSIGNMENT((#2053,#2058));
#2053 = SURFACE_STYLE_USAGE(.BOTH.,#2054);
#2054 = SURFACE_SIDE_STYLE('',(#2055));
#2055 = SURFACE_STYLE_FILL_AREA(#2056);
#2056 = FILL_AREA_STYLE('',(#2057));
#2057 = FILL_AREA_STYLE_COLOUR('',#2039);
#2058 = CURVE_STYLE('',#2059,POSITIVE_LENGTH_MEASURE(0.1),#2039);
#2059 = DRAUGHTING_PRE_DEFINED_CURVE_FONT('continuous');
#2060 = STYLED_ITEM('color',(#2061),#159);
#2061 = PRESENTATION_STYLE_ASSIGNMENT((#2062,#2067));
#2062 = SURFACE_STYLE_USAGE(.BOTH.,#2063);
#2063 = SURFACE_SIDE_STYLE('',(#2064));
#2064 = SURFACE_STYLE_FILL_AREA(#2065);
#2065 = FILL_AREA_STYLE('',(#2066));
#2066 = FILL_AREA_STYLE_COLOUR('',#2039);
#2067 = CURVE_STYLE('',#2068,POSITIVE_LENGTH_MEASURE(0.1),#2039);
#2068 = DRAUGHTING_PRE_DEFINED_CURVE_FONT('continuous');
#2069 = STYLED_ITEM('color',(#2070),#207);
#2070 = PRESENTATION_STYLE_ASSIGNMENT((#2071,#2076));
#2071 = SURFACE_STYLE_USAGE(.BOTH.,#2072);
#2072 = SURFACE_SIDE_STYLE('',(#2073));
#2073 = SURFACE_STYLE_FILL_AREA(#2074);
#2074 = FILL_AREA_STYLE('',(#2075));
#2075 = FILL_AREA_STYLE_COLOUR('',#2039);
#2076 = CURVE_STYLE('',#2077,POSITIVE_LENGTH_MEASURE(0.1),#2039);
#2077 = DRAUGHTING_PRE_DEFINED_CURVE_FONT('continuous');
#2078 = STYLED_ITEM('color',(#2079),#239);
#2079 = PRESENTATION_STYLE_ASSIGNMENT((#2080,#2085));
#2080 = SURFACE_STYLE_USAGE(.BOTH.,#2081);
#2081 = SURFACE_SIDE_STYLE('',(#2082));
#2082 = SURFACE_STYLE_FILL_AREA(#2083);
#2083 = FILL_AREA_STYLE('',(#2084));
#2084 = FILL_AREA_STYLE_COLOUR('',#2039);
#2085 = CURVE_STYLE('',#2086,POSITIVE_LENGTH_MEASURE(0.1),#2039);
#2086 = DRAUGHTING_PRE_DEFINED_CURVE_FONT('continuous');
#2087 = STYLED_ITEM('color',(#2088),#257);
#2088 = PRESENTATION_STYLE_ASSIGNMENT((#2089,#2094));
#2089 = SURFACE_STYLE_USAGE(.BOTH.,#2090);
#2090 = SURFACE_SIDE_STYLE('',(#2091));
#2091 = SURFACE_STYLE_FILL_AREA(#2092);
#2092 = FILL_AREA_STYLE('',(#2093));
#2093 = FILL_AREA_STYLE_COLOUR('',#2039);
#2094 = CURVE_STYLE('',#2095,POSITIVE_LENGTH_MEASURE(0.1),#2039);
#2095 = DRAUGHTING_PRE_DEFINED_CURVE_FONT('continuous');
#2096 = STYLED_ITEM('color',(#2097),#333);
#2097 = PRESENTATION_STYLE_ASSIGNMENT((#2098,#2103));
#2098 = SURFACE_STYLE_USAGE(.BOTH.,#2099);
#2099 = SURFACE_SIDE_STYLE('',(#2100));
#2100 = SURFACE_STYLE_FILL_AREA(#2101);
#2101 = FILL_AREA_STYLE('',(#2102));
#2102 = FILL_AREA_STYLE_COLOUR('',#2039);
#2103 = CURVE_STYLE('',#2104,POSITIVE_LENGTH_MEASURE(0.1),#2039);
#2104 = DRAUGHTING_PRE_DEFINED_CURVE_FONT('continuous');
#2105 = STYLED_ITEM('color',(#2106),#381);
#2106 = PRESENTATION_STYLE_ASSIGNMENT((#2107,#2112));
#2107 = SURFACE_STYLE_USAGE(.BOTH.,#2108);
#2108 = SURFACE_SIDE_STYLE('',(#2109));
#2109 = SURFACE_STYLE_FILL_AREA(#2110);
#2110 = FILL_AREA_STYLE('',(#2111));
#2111 = FILL_AREA_STYLE_COLOUR('',#2039);
#2112 = CURVE_STYLE('',#2113,POSITIVE_LENGTH_MEASURE(0.1),#2039);
#2113 = DRAUGHTING_PRE_DEFINED_CURVE_FONT('continuous');
#2114 = STYLED_ITEM('color',(#2115),#413);
#2115 = PRESENTATION_STYLE_ASSIGNMENT((#2116,#2121));
#2116 = SURFACE_STYLE_USAGE(.BOTH.,#2117);
#2117 = SURFACE_SIDE_STYLE('',(#2118));
#2118 = SURFACE_STYLE_FILL_AREA(#2119);
#2119 = FILL_AREA_STYLE('',(#2120));
#2120 = FILL_AREA_STYLE_COLOUR('',#2039);
#2121 = CURVE_STYLE('',#2122,POSITIVE_LENGTH_MEASURE(0.1),#2039);
#2122 = DRAUGHTING_PRE_DEFINED_CURVE_FONT('continuous');
#2123 = STYLED_ITEM('color',(#2124),#431);
#2124 = PRESENTATION_STYLE_ASSIGNMENT((#2125,#2130));
#2125 = SURFACE_STYLE_USAGE(.BOTH.,#2126);
#2126 = SURFACE_SIDE_STYLE('',(#2127));
#2127 = SURFACE_STYLE_FILL_AREA(#2128);
#2128 = FILL_AREA_STYLE('',(#2129));
#2129 = FILL_AREA_STYLE_COLOUR('',#2039);
#2130 = CURVE_STYLE('',#2131,POSITIVE_LENGTH_MEASURE(0.1),#2039);
#2131 = DRAUGHTING_PRE_DEFINED_CURVE_FONT('continuous');
#2132 = STYLED_ITEM('color',(#2133),#461);
#2133 = PRESENTATION_STYLE_ASSIGNMENT((#2134,#2139));
#2134 = SURFACE_STYLE_USAGE(.BOTH.,#2135);
#2135 = SURFACE_SIDE_STYLE('',(#2136));
#2136 = SURFACE_STYLE_FILL_AREA(#2137);
#2137 = FILL_AREA_STYLE('',(#2138));
#2138 = FILL_AREA_STYLE_COLOUR('',#2039);
#2139 = CURVE_STYLE('',#2140,POSITIVE_LENGTH_MEASURE(0.1),#2039);
#2140 = DRAUGHTING_PRE_DEFINED_CURVE_FONT('continuous');
#2141 = STYLED_ITEM('color',(#2142),#493);
#2142 = PRESENTATION_STYLE_ASSIGNMENT((#2143,#2148));
#2143 = SURFACE_STYLE_USAGE(.BOTH.,#2144);
#2144 = SURFACE_SIDE_STYLE('',(#2145));
#2145 = SURFACE_STYLE_FILL_AREA(#2146);
#2146 = FILL_AREA_STYLE('',(#2147));
#2147 = FILL_AREA_STYLE_COLOUR('',#2039);
#2148 = CURVE_STYLE('',#2149,POSITIVE_LENGTH_MEASURE(0.1),#2039);
#2149 = DRAUGHTING_PRE_DEFINED_CURVE_FONT('continuous');
#2150 = STYLED_ITEM('color',(#2151),#511);
#2151 = PRESENTATION_STYLE_ASSIGNMENT((#2152,#2157));
#2152 = SURFACE_STYLE_USAGE(.BOTH.,#2153);
#2153 = SURFACE_SIDE_STYLE('',(#2154));
#2154 = SURFACE_STYLE_FILL_AREA(#2155);
#2155 = FILL_AREA_STYLE('',(#2156));
#2156 = FILL_AREA_STYLE_COLOUR('',#2039);
#2157 = CURVE_STYLE('',#2158,POSITIVE_LENGTH_MEASURE(0.1),#2039);
#2158 = DRAUGHTING_PRE_DEFINED_CURVE_FONT('continuous');
#2159 = STYLED_ITEM('color',(#2160),#587);
#2160 = PRESENTATION_STYLE_ASSIGNMENT((#2161,#2166));
#2161 = SURFACE_STYLE_USAGE(.BOTH.,#2162);
#2162 = SURFACE_SIDE_STYLE('',(#2163));
#2163 = SURFACE_STYLE_FILL_AREA(#2164);
#2164 = FILL_AREA_STYLE('',(#2165));
#2165 = FILL_AREA_STYLE_COLOUR('',#2039);
#2166 = CURVE_STYLE('',#2167,POSITIVE_LENGTH_MEASURE(0.1),#2039);
#2167 = DRAUGHTING_PRE_DEFINED_CURVE_FONT('continuous');
#2168 = STYLED_ITEM('color',(#2169),#635);
#2169 = PRESENTATION_STYLE_ASSIGNMENT((#2170,#2175));
#2170 = SURFACE_STYLE_USAGE(.BOTH.,#2171);
#2171 = SURFACE_SIDE_STYLE('',(#2172));
#2172 = SURFACE_STYLE_FILL_AREA(#2173);
#2173 = FILL_AREA_STYLE('',(#2174));
#2174 = FILL_AREA_STYLE_COLOUR('',#2039);
#2175 = CURVE_STYLE('',#2176,POSITIVE_LENGTH_MEASURE(0.1),#2039);
#2176 = DRAUGHTING_PRE_DEFINED_CURVE_FONT('continuous');
#2177 = STYLED_ITEM('color',(#2178),#667);
#2178 = PRESENTATION_STYLE_ASSIGNMENT((#2179,#2184));
#2179 = SURFACE_STYLE_USAGE(.BOTH.,#2180);
#2180 = SURFACE_SIDE_STYLE('',(#2181));
#2181 = SURFACE_STYLE_FILL_AREA(#2182);
#2182 = FILL_AREA_STYLE('',(#2183));
#2183 = FILL_AREA_STYLE_COLOUR('',#2039);
#2184 = CURVE_STYLE('',#2185,POSITIVE_LENGTH_MEASURE(0.1),#2039);
#2185 = DRAUGHTING_PRE_DEFINED_CURVE_FONT('continuous');
#2186 = STYLED_ITEM('color',(#2187),#685);
#2187 = PRESENTATION_STYLE_ASSIGNMENT((#2188,#2193));
#2188 = SURFACE_STYLE_USAGE(.BOTH.,#2189);
#2189 = SURFACE_SIDE_STYLE('',(#2190));
#2190 = SURFACE_STYLE_FILL_AREA(#2191);
#2191 = FILL_AREA_STYLE('',(#2192));
#2192 = FILL_AREA_STYLE_COLOUR('',#2039);
#2193 = CURVE_STYLE('',#2194,POSITIVE_LENGTH_MEASURE(0.1),#2039);
#2194 = DRAUGHTING_PRE_DEFINED_CURVE_FONT('continuous');
#2195 = STYLED_ITEM('color',(#2196),#761);
#2196 = PRESENTATION_STYLE_ASSIGNMENT((#2197,#2202));
#2197 = SURFACE_STYLE_USAGE(.BOTH.,#2198);
#2198 = SURFACE_SIDE_STYLE('',(#2199));
#2199 = SURFACE_STYLE_FILL_AREA(#2200);
#2200 = FILL_AREA_STYLE('',(#2201));
#2201 = FILL_AREA_STYLE_COLOUR('',#2039);
#2202 = CURVE_STYLE('',#2203,POSITIVE_LENGTH_MEASURE(0.1),#2039);
#2203 = DRAUGHTING_PRE_DEFINED_CURVE_FONT('continuous');
#2204 = STYLED_ITEM('color',(#2205),#809);
#2205 = PRESENTATION_STYLE_ASSIGNMENT((#2206,#2211));
#2206 = SURFACE_STYLE_USAGE(.BOTH.,#2207);
#2207 = SURFACE_SIDE_STYLE('',(#2208));
#2208 = SURFACE_STYLE_FILL_AREA(#2209);
#2209 = FILL_AREA_STYLE('',(#2210));
#2210 = FILL_AREA_STYLE_COLOUR('',#2039);
#2211 = CURVE_STYLE('',#2212,POSITIVE_LENGTH_MEASURE(0.1),#2039);
#2212 = DRAUGHTING_PRE_DEFINED_CURVE_FONT('continuous');
#2213 = STYLED_ITEM('color',(#2214),#841);
#2214 = PRESENTATION_STYLE_ASSIGNMENT((#2215,#2220));
#2215 = SURFACE_STYLE_USAGE(.BOTH.,#2216);
#2216 = SURFACE_SIDE_STYLE('',(#2217));
#2217 = SURFACE_STYLE_FILL_AREA(#2218);
#2218 = FILL_AREA_STYLE('',(#2219));
#2219 = FILL_AREA_STYLE_COLOUR('',#2039);
#2220 = CURVE_STYLE('',#2221,POSITIVE_LENGTH_MEASURE(0.1),#2039);
#2221 = DRAUGHTING_PRE_DEFINED_CURVE_FONT('continuous');
#2222 = STYLED_ITEM('color',(#2223),#859);
#2223 = PRESENTATION_STYLE_ASSIGNMENT((#2224,#2229));
#2224 = SURFACE_STYLE_USAGE(.BOTH.,#2225);
#2225 = SURFACE_SIDE_STYLE('',(#2226));
#2226 = SURFACE_STYLE_FILL_AREA(#2227);
#2227 = FILL_AREA_STYLE('',(#2228));
#2228 = FILL_AREA_STYLE_COLOUR('',#2039);
#2229 = CURVE_STYLE('',#2230,POSITIVE_LENGTH_MEASURE(0.1),#2039);
#2230 = DRAUGHTING_PRE_DEFINED_CURVE_FONT('continuous');
#2231 = STYLED_ITEM('color',(#2232),#901);
#2232 = PRESENTATION_STYLE_ASSIGNMENT((#2233,#2238));
#2233 = SURFACE_STYLE_USAGE(.BOTH.,#2234);
#2234 = SURFACE_SIDE_STYLE('',(#2235));
#2235 = SURFACE_STYLE_FILL_AREA(#2236);
#2236 = FILL_AREA_STYLE('',(#2237));
#2237 = FILL_AREA_STYLE_COLOUR('',#2039);
#2238 = CURVE_STYLE('',#2239,POSITIVE_LENGTH_MEASURE(0.1),#2039);
#2239 = DRAUGHTING_PRE_DEFINED_CURVE_FONT('continuous');
#2240 = STYLED_ITEM('color',(#2241),#925);
#2241 = PRESENTATION_STYLE_ASSIGNMENT((#2242,#2247));
#2242 = SURFACE_STYLE_USAGE(.BOTH.,#2243);
#2243 = SURFACE_SIDE_STYLE('',(#2244));
#2244 = SURFACE_STYLE_FILL_AREA(#2245);
#2245 = FILL_AREA_STYLE('',(#2246));
#2246 = FILL_AREA_STYLE_COLOUR('',#2039);
#2247 = CURVE_STYLE('',#2248,POSITIVE_LENGTH_MEASURE(0.1),#2039);
#2248 = DRAUGHTING_PRE_DEFINED_CURVE_FONT('continuous');
#2249 = STYLED_ITEM('color',(#2250),#1001);
#2250 = PRESENTATION_STYLE_ASSIGNMENT((#2251,#2256));
#2251 = SURFACE_STYLE_USAGE(.BOTH.,#2252);
#2252 = SURFACE_SIDE_STYLE('',(#2253));
#2253 = SURFACE_STYLE_FILL_AREA(#2254);
#2254 = FILL_AREA_STYLE('',(#2255));
#2255 = FILL_AREA_STYLE_COLOUR('',#2039);
#2256 = CURVE_STYLE('',#2257,POSITIVE_LENGTH_MEASURE(0.1),#2039);
#2257 = DRAUGHTING_PRE_DEFINED_CURVE_FONT('continuous');
#2258 = STYLED_ITEM('color',(#2259),#1049);
#2259 = PRESENTATION_STYLE_ASSIGNMENT((#2260,#2265));
#2260 = SURFACE_STYLE_USAGE(.BOTH.,#2261);
#2261 = SURFACE_SIDE_STYLE('',(#2262));
#2262 = SURFACE_STYLE_FILL_AREA(#2263);
#2263 = FILL_AREA_STYLE('',(#2264));
#2264 = FILL_AREA_STYLE_COLOUR('',#2039);
#2265 = CURVE_STYLE('',#2266,POSITIVE_LENGTH_MEASURE(0.1),#2039);
#2266 = DRAUGHTING_PRE_DEFINED_CURVE_FONT('continuous');
#2267 = STYLED_ITEM('color',(#2268),#1081);
#2268 = PRESENTATION_STYLE_ASSIGNMENT((#2269,#2274));
#2269 = SURFACE_STYLE_USAGE(.BOTH.,#2270);
#2270 = SURFACE_SIDE_STYLE('',(#2271));
#2271 = SURFACE_STYLE_FILL_AREA(#2272);
#2272 = FILL_AREA_STYLE('',(#2273));
#2273 = FILL_AREA_STYLE_COLOUR('',#2039);
#2274 = CURVE_STYLE('',#2275,POSITIVE_LENGTH_MEASURE(0.1),#2039);
#2275 = DRAUGHTING_PRE_DEFINED_CURVE_FONT('continuous');
#2276 = STYLED_ITEM('color',(#2277),#1099);
#2277 = PRESENTATION_STYLE_ASSIGNMENT((#2278,#2283));
#2278 = SURFACE_STYLE_USAGE(.BOTH.,#2279);
#2279 = SURFACE_SIDE_STYLE('',(#2280));
#2280 = SURFACE_STYLE_FILL_AREA(#2281);
#2281 = FILL_AREA_STYLE('',(#2282));
#2282 = FILL_AREA_STYLE_COLOUR('',#2039);
#2283 = CURVE_STYLE('',#2284,POSITIVE_LENGTH_MEASURE(0.1),#2039);
#2284 = DRAUGHTING_PRE_DEFINED_CURVE_FONT('continuous');
#2285 = STYLED_ITEM('color',(#2286),#1175);
#2286 = PRESENTATION_STYLE_ASSIGNMENT((#2287,#2292));
#2287 = SURFACE_STYLE_USAGE(.BOTH.,#2288);
#2288 = SURFACE_SIDE_STYLE('',(#2289));
#2289 = SURFACE_STYLE_FILL_AREA(#2290);
#2290 = FILL_AREA_STYLE('',(#2291));
#2291 = FILL_AREA_STYLE_COLOUR('',#2039);
#2292 = CURVE_STYLE('',#2293,POSITIVE_LENGTH_MEASURE(0.1),#2039);
#2293 = DRAUGHTING_PRE_DEFINED_CURVE_FONT('continuous');
#2294 = STYLED_ITEM('color',(#2295),#1223);
#2295 = PRESENTATION_STYLE_ASSIGNMENT((#2296,#2301));
#2296 = SURFACE_STYLE_USAGE(.BOTH.,#2297);
#2297 = SURFACE_SIDE_STYLE('',(#2298));
#2298 = SURFACE_STYLE_FILL_AREA(#2299);
#2299 = FILL_AREA_STYLE('',(#2300));
#2300 = FILL_AREA_STYLE_COLOUR('',#2039);
#2301 = CURVE_STYLE('',#2302,POSITIVE_LENGTH_MEASURE(0.1),#2039);
#2302 = DRAUGHTING_PRE_DEFINED_CURVE_FONT('continuous');
#2303 = STYLED_ITEM('color',(#2304),#1255);
#2304 = PRESENTATION_STYLE_ASSIGNMENT((#2305,#2310));
#2305 = SURFACE_STYLE_USAGE(.BOTH.,#2306);
#2306 = SURFACE_SIDE_STYLE('',(#2307));
#2307 = SURFACE_STYLE_FILL_AREA(#2308);
#2308 = FILL_AREA_STYLE('',(#2309));
#2309 = FILL_AREA_STYLE_COLOUR('',#2039);
#2310 = CURVE_STYLE('',#2311,POSITIVE_LENGTH_MEASURE(0.1),#2039);
#2311 = DRAUGHTING_PRE_DEFINED_CURVE_FONT('continuous');
#2312 = STYLED_ITEM('color',(#2313),#1273);
#2313 = PRESENTATION_STYLE_ASSIGNMENT((#2314,#2319));
#2314 = SURFACE_STYLE_USAGE(.BOTH.,#2315);
#2315 = SURFACE_SIDE_STYLE('',(#2316));
#2316 = SURFACE_STYLE_FILL_AREA(#2317);
#2317 = FILL_AREA_STYLE('',(#2318));
#2318 = FILL_AREA_STYLE_COLOUR('',#2039);
#2319 = CURVE_STYLE('',#2320,POSITIVE_LENGTH_MEASURE(0.1),#2039);
#2320 = DRAUGHTING_PRE_DEFINED_CURVE_FONT('continuous');
#2321 = STYLED_ITEM('color',(#2322),#1303);
#2322 = PRESENTATION_STYLE_ASSIGNMENT((#2323,#2328));
#2323 = SURFACE_STYLE_USAGE(.BOTH.,#2324);
#2324 = SURFACE_SIDE_STYLE('',(#2325));
#2325 = SURFACE_STYLE_FILL_AREA(#2326);
#2326 = FILL_AREA_STYLE('',(#2327));
#2327 = FILL_AREA_STYLE_COLOUR('',#2039);
#2328 = CURVE_STYLE('',#2329,POSITIVE_LENGTH_MEASURE(0.1),#2039);
#2329 = DRAUGHTING_PRE_DEFINED_CURVE_FONT('continuous');
#2330 = STYLED_ITEM('color',(#2331),#1335);
#2331 = PRESENTATION_STYLE_ASSIGNMENT((#2332,#2337));
#2332 = SURFACE_STYLE_USAGE(.BOTH.,#2333);
#2333 = SURFACE_SIDE_STYLE('',(#2334));
#2334 = SURFACE_STYLE_FILL_AREA(#2335);
#2335 = FILL_AREA_STYLE('',(#2336));
#2336 = FILL_AREA_STYLE_COLOUR('',#2039);
#2337 = CURVE_STYLE('',#2338,POSITIVE_LENGTH_MEASURE(0.1),#2039);
#2338 = DRAUGHTING_PRE_DEFINED_CURVE_FONT('continuous');
#2339 = STYLED_ITEM('color',(#2340),#1353);
#2340 = PRESENTATION_STYLE_ASSIGNMENT((#2341,#2346));
#2341 = SURFACE_STYLE_USAGE(.BOTH.,#2342);
#2342 = SURFACE_SIDE_STYLE('',(#2343));
#2343 = SURFACE_STYLE_FILL_AREA(#2344);
#2344 = FILL_AREA_STYLE('',(#2345));
#2345 = FILL_AREA_STYLE_COLOUR('',#2039);
#2346 = CURVE_STYLE('',#2347,POSITIVE_LENGTH_MEASURE(0.1),#2039);
#2347 = DRAUGHTING_PRE_DEFINED_CURVE_FONT('continuous');
#2348 = STYLED_ITEM('color',(#2349),#1429);
#2349 = PRESENTATION_STYLE_ASSIGNMENT((#2350,#2355));
#2350 = SURFACE_STYLE_USAGE(.BOTH.,#2351);
#2351 = SURFACE_SIDE_STYLE('',(#2352));
#2352 = SURFACE_STYLE_FILL_AREA(#2353);
#2353 = FILL_AREA_STYLE('',(#2354));
#2354 = FILL_AREA_STYLE_COLOUR('',#2039);
#2355 = CURVE_STYLE('',#2356,POSITIVE_LENGTH_MEASURE(0.1),#2039);
#2356 = DRAUGHTING_PRE_DEFINED_CURVE_FONT('continuous');
#2357 = STYLED_ITEM('color',(#2358),#1477);
#2358 = PRESENTATION_STYLE_ASSIGNMENT((#2359,#2364));
#2359 = SURFACE_STYLE_USAGE(.BOTH.,#2360);
#2360 = SURFACE_SIDE_STYLE('',(#2361));
#2361 = SURFACE_STYLE_FILL_AREA(#2362);
#2362 = FILL_AREA_STYLE('',(#2363));
#2363 = FILL_AREA_STYLE_COLOUR('',#2039);
#2364 = CURVE_STYLE('',#2365,POSITIVE_LENGTH_MEASURE(0.1),#2039);
#2365 = DRAUGHTING_PRE_DEFINED_CURVE_FONT('continuous');
#2366 = STYLED_ITEM('color',(#2367),#1509);
#2367 = PRESENTATION_STYLE_ASSIGNMENT((#2368,#2373));
#2368 = SURFACE_STYLE_USAGE(.BOTH.,#2369);
#2369 = SURFACE_SIDE_STYLE('',(#2370));
#2370 = SURFACE_STYLE_FILL_AREA(#2371);
#2371 = FILL_AREA_STYLE('',(#2372));
#2372 = FILL_AREA_STYLE_COLOUR('',#2039);
#2373 = CURVE_STYLE('',#2374,POSITIVE_LENGTH_MEASURE(0.1),#2039);
#2374 = DRAUGHTING_PRE_DEFINED_CURVE_FONT('continuous');
#2375 = STYLED_ITEM('color',(#2376),#1527);
#2376 = PRESENTATION_STYLE_ASSIGNMENT((#2377,#2382));
#2377 = SURFACE_STYLE_USAGE(.BOTH.,#2378);
#2378 = SURFACE_SIDE_STYLE('',(#2379));
#2379 = SURFACE_STYLE_FILL_AREA(#2380);
#2380 = FILL_AREA_STYLE('',(#2381));
#2381 = FILL_AREA_STYLE_COLOUR('',#2039);
#2382 = CURVE_STYLE('',#2383,POSITIVE_LENGTH_MEASURE(0.1),#2039);
#2383 = DRAUGHTING_PRE_DEFINED_CURVE_FONT('continuous');
#2384 = STYLED_ITEM('color',(#2385),#1603);
#2385 = PRESENTATION_STYLE_ASSIGNMENT((#2386,#2391));
#2386 = SURFACE_STYLE_USAGE(.BOTH.,#2387);
#2387 = SURFACE_SIDE_STYLE('',(#2388));
#2388 = SURFACE_STYLE_FILL_AREA(#2389);
#2389 = FILL_AREA_STYLE('',(#2390));
#2390 = FILL_AREA_STYLE_COLOUR('',#2039);
#2391 = CURVE_STYLE('',#2392,POSITIVE_LENGTH_MEASURE(0.1),#2039);
#2392 = DRAUGHTING_PRE_DEFINED_CURVE_FONT('continuous');
#2393 = STYLED_ITEM('color',(#2394),#1651);
#2394 = PRESENTATION_STYLE_ASSIGNMENT((#2395,#2400));
#2395 = SURFACE_STYLE_USAGE(.BOTH.,#2396);
#2396 = SURFACE_SIDE_STYLE('',(#2397));
#2397 = SURFACE_STYLE_FILL_AREA(#2398);
#2398 = FILL_AREA_STYLE('',(#2399));
#2399 = FILL_AREA_STYLE_COLOUR('',#2039);
#2400 = CURVE_STYLE('',#2401,POSITIVE_LENGTH_MEASURE(0.1),#2039);
#2401 = DRAUGHTING_PRE_DEFINED_CURVE_FONT('continuous');
#2402 = STYLED_ITEM('color',(#2403),#1683);
#2403 = PRESENTATION_STYLE_ASSIGNMENT((#2404,#2409));
#2404 = SURFACE_STYLE_USAGE(.BOTH.,#2405);
#2405 = SURFACE_SIDE_STYLE('',(#2406));
#2406 = SURFACE_STYLE_FILL_AREA(#2407);
#2407 = FILL_AREA_STYLE('',(#2408));
#2408 = FILL_AREA_STYLE_COLOUR('',#2039);
#2409 = CURVE_STYLE('',#2410,POSITIVE_LENGTH_MEASURE(0.1),#2039);
#2410 = DRAUGHTING_PRE_DEFINED_CURVE_FONT('continuous');
#2411 = STYLED_ITEM('color',(#2412),#1701);
#2412 = PRESENTATION_STYLE_ASSIGNMENT((#2413,#2418));
#2413 = SURFACE_STYLE_USAGE(.BOTH.,#2414);
#2414 = SURFACE_SIDE_STYLE('',(#2415));
#2415 = SURFACE_STYLE_FILL_AREA(#2416);
#2416 = FILL_AREA_STYLE('',(#2417));
#2417 = FILL_AREA_STYLE_COLOUR('',#2039);
#2418 = CURVE_STYLE('',#2419,POSITIVE_LENGTH_MEASURE(0.1),#2039);
#2419 = DRAUGHTING_PRE_DEFINED_CURVE_FONT('continuous');
#2420 = STYLED_ITEM('color',(#2421),#1743);
#2421 = PRESENTATION_STYLE_ASSIGNMENT((#2422,#2427));
#2422 = SURFACE_STYLE_USAGE(.BOTH.,#2423);
#2423 = SURFACE_SIDE_STYLE('',(#2424));
#2424 = SURFACE_STYLE_FILL_AREA(#2425);
#2425 = FILL_AREA_STYLE('',(#2426));
#2426 = FILL_AREA_STYLE_COLOUR('',#2039);
#2427 = CURVE_STYLE('',#2428,POSITIVE_LENGTH_MEASURE(0.1),#2039);
#2428 = DRAUGHTING_PRE_DEFINED_CURVE_FONT('continuous');
#2429 = STYLED_ITEM('color',(#2430),#1785);
#2430 = PRESENTATION_STYLE_ASSIGNMENT((#2431,#2436));
#2431 = SURFACE_STYLE_USAGE(.BOTH.,#2432);
#2432 = SURFACE_SIDE_STYLE('',(#2433));
#2433 = SURFACE_STYLE_FILL_AREA(#2434);
#2434 = FILL_AREA_STYLE('',(#2435));
#2435 = FILL_AREA_STYLE_COLOUR('',#2039);
#2436 = CURVE_STYLE('',#2437,POSITIVE_LENGTH_MEASURE(0.1),#2039);
#2437 = DRAUGHTING_PRE_DEFINED_CURVE_FONT('continuous');
#2438 = STYLED_ITEM('color',(#2439),#1809);
#2439 = PRESENTATION_STYLE_ASSIGNMENT((#2440,#2445));
#2440 = SURFACE_STYLE_USAGE(.BOTH.,#2441);
#2441 = SURFACE_SIDE_STYLE('',(#2442));
#2442 = SURFACE_STYLE_FILL_AREA(#2443);
#2443 = FILL_AREA_STYLE('',(#2444));
#2444 = FILL_AREA_STYLE_COLOUR('',#2039);
#2445 = CURVE_STYLE('',#2446,POSITIVE_LENGTH_MEASURE(0.1),#2039);
#2446 = DRAUGHTING_PRE_DEFINED_CURVE_FONT('continuous');
#2447 = STYLED_ITEM('color',(#2448),#1833);
#2448 = PRESENTATION_STYLE_ASSIGNMENT((#2449,#2454));
#2449 = SURFACE_STYLE_USAGE(.BOTH.,#2450);
#2450 = SURFACE_SIDE_STYLE('',(#2451));
#2451 = SURFACE_STYLE_FILL_AREA(#2452);
#2452 = FILL_AREA_STYLE('',(#2453));
#2453 = FILL_AREA_STYLE_COLOUR('',#2039);
#2454 = CURVE_STYLE('',#2455,POSITIVE_LENGTH_MEASURE(0.1),#2039);
#2455 = DRAUGHTING_PRE_DEFINED_CURVE_FONT('continuous');
#2456 = STYLED_ITEM('color',(#2457),#1869);
#2457 = PRESENTATION_STYLE_ASSIGNMENT((#2458,#2463));
#2458 = SURFACE_STYLE_USAGE(.BOTH.,#2459);
#2459 = SURFACE_SIDE_STYLE('',(#2460));
#2460 = SURFACE_STYLE_FILL_AREA(#2461);
#2461 = FILL_AREA_STYLE('',(#2462));
#2462 = FILL_AREA_STYLE_COLOUR('',#2039);
#2463 = CURVE_STYLE('',#2464,POSITIVE_LENGTH_MEASURE(0.1),#2039);
#2464 = DRAUGHTING_PRE_DEFINED_CURVE_FONT('continuous');
#2465 = STYLED_ITEM('color',(#2466),#1881);
#2466 = PRESENTATION_STYLE_ASSIGNMENT((#2467,#2472));
#2467 = SURFACE_STYLE_USAGE(.BOTH.,#2468);
#2468 = SURFACE_SIDE_STYLE('',(#2469));
#2469 = SURFACE_STYLE_FILL_AREA(#2470);
#2470 = FILL_AREA_STYLE('',(#2471));
#2471 = FILL_AREA_STYLE_COLOUR('',#2039);
#2472 = CURVE_STYLE('',#2473,POSITIVE_LENGTH_MEASURE(0.1),#2039);
#2473 = DRAUGHTING_PRE_DEFINED_CURVE_FONT('continuous');
#2474 = STYLED_ITEM('color',(#2475),#1917);
#2475 = PRESENTATION_STYLE_ASSIGNMENT((#2476,#2481));
#2476 = SURFACE_STYLE_USAGE(.BOTH.,#2477);
#2477 = SURFACE_SIDE_STYLE('',(#2478));
#2478 = SURFACE_STYLE_FILL_AREA(#2479);
#2479 = FILL_AREA_STYLE('',(#2480));
#2480 = FILL_AREA_STYLE_COLOUR('',#2039);
#2481 = CURVE_STYLE('',#2482,POSITIVE_LENGTH_MEASURE(0.1),#2039);
#2482 = DRAUGHTING_PRE_DEFINED_CURVE_FONT('continuous');
#2483 = STYLED_ITEM('color',(#2484),#1929);
#2484 = PRESENTATION_STYLE_ASSIGNMENT((#2485,#2490));
#2485 = SURFACE_STYLE_USAGE(.BOTH.,#2486);
#2486 = SURFACE_SIDE_STYLE('',(#2487));
#2487 = SURFACE_STYLE_FILL_AREA(#2488);
#2488 = FILL_AREA_STYLE('',(#2489));
#2489 = FILL_AREA_STYLE_COLOUR('',#2039);
#2490 = CURVE_STYLE('',#2491,POSITIVE_LENGTH_MEASURE(0.1),#2039);
#2491 = DRAUGHTING_PRE_DEFINED_CURVE_FONT('continuous');
#2492 = STYLED_ITEM('color',(#2493),#1965);
#2493 = PRESENTATION_STYLE_ASSIGNMENT((#2494,#2499));
#2494 = SURFACE_STYLE_USAGE(.BOTH.,#2495);
#2495 = SURFACE_SIDE_STYLE('',(#2496));
#2496 = SURFACE_STYLE_FILL_AREA(#2497);
#2497 = FILL_AREA_STYLE('',(#2498));
#2498 = FILL_AREA_STYLE_COLOUR('',#2039);
#2499 = CURVE_STYLE('',#2500,POSITIVE_LENGTH_MEASURE(0.1),#2039);
#2500 = DRAUGHTING_PRE_DEFINED_CURVE_FONT('continuous');
#2501 = STYLED_ITEM('color',(#2502),#1977);
#2502 = PRESENTATION_STYLE_ASSIGNMENT((#2503,#2508));
#2503 = SURFACE_STYLE_USAGE(.BOTH.,#2504);
#2504 = SURFACE_SIDE_STYLE('',(#2505));
#2505 = SURFACE_STYLE_FILL_AREA(#2506);
#2506 = FILL_AREA_STYLE('',(#2507));
#2507 = FILL_AREA_STYLE_COLOUR('',#2039);
#2508 = CURVE_STYLE('',#2509,POSITIVE_LENGTH_MEASURE(0.1),#2039);
#2509 = DRAUGHTING_PRE_DEFINED_CURVE_FONT('continuous');
#2510 = STYLED_ITEM('color',(#2511),#2013);
#2511 = PRESENTATION_STYLE_ASSIGNMENT((#2512,#2517));
#2512 = SURFACE_STYLE_USAGE(.BOTH.,#2513);
#2513 = SURFACE_SIDE_STYLE('',(#2514));
#2514 = SURFACE_STYLE_FILL_AREA(#2515);
#2515 = FILL_AREA_STYLE('',(#2516));
#2516 = FILL_AREA_STYLE_COLOUR('',#2039);
#2517 = CURVE_STYLE('',#2518,POSITIVE_LENGTH_MEASURE(0.1),#2039);
#2518 = DRAUGHTING_PRE_DEFINED_CURVE_FONT('continuous');
ENDSEC;
END-ISO-10303-21;
